#
# A fatal error has been detected by the Java Runtime Environment:
#
#  EXCEPTION_ACCESS_VIOLATION (0xc0000005) at pc=0x00007ffc75ec7518, pid=22288, tid=25476
#
# JRE version: OpenJDK Runtime Environment Corretto-25.0.4.10.1 (25.0.4.1+10) (build 25.0.4.1+10-LTS)
# Java VM: OpenJDK 64-Bit Server VM Corretto-25.0.4.10.1 (25.0.4.1+10-LTS, mixed mode, sharing, tiered, compressed oops, compressed class ptrs, g1 gc, windows-amd64)
# Problematic frame:
# C  0x00007ffc75ec7518
#
# No core dump will be written. Minidumps are not enabled by default on client versions of Windows
#
# If you would like to submit a bug report, please visit:
#   https://github.com/corretto/corretto-25/issues/
# The crash happened outside the Java Virtual Machine in native code.
# See problematic frame for where to report the bug.
#

---------------  S U M M A R Y ------------

Command Line: -javaagent:C:\Program Files\JetBrains\IntelliJ IDEA 2026.2.3\lib\idea_rt.jar=65093 -Dfile.encoding=UTF-8 -Dsun.stdout.encoding=UTF-8 -Dsun.stderr.encoding=UTF-8 com.bwxor.piejfx.Launcher

Host: AMD Ryzen AI 7 350 w/ Radeon 860M              , 16 cores, 31G,  Windows 11 , 64 bit Build 26100 (10.0.26100.9596)
Time: Thu Oct  8 11:31:08 2026 GTB Daylight Time elapsed time: 8.895895 seconds (0d 0h 0m 8s)

---------------  T H R E A D  ---------------

Current thread (0x000001ba7e7d7c90):  JavaThread "JavaFX Application Thread"        [_thread_in_native, id=25476, stack(0x0000008cc9b00000,0x0000008cc9c00000) (1024K)]

Stack: [0x0000008cc9b00000,0x0000008cc9c00000],  sp=0x0000008cc9bfcc30,  free space=1011k
Native frames: (J=compiled Java code, j=interpreted, Vv=VM code, C=native code)
C  0x00007ffc75ec7518  (no source info available)
C  0x000001ba6445d2b3  (no source info available)

The last pc belongs to native method entry point (kind = native) (printed below).
Java frames: (J=compiled Java code, j=interpreted, Vv=VM code)
j  com.sun.javafx.font.directwrite.OS.JFXTextRendererGetGlyphOffsets(J[FI)I+0
j  com.sun.javafx.font.directwrite.JFXTextRenderer.GetGlyphOffsets([FI)I+6
j  com.sun.javafx.font.directwrite.DWGlyphLayout.renderShape([CLcom/sun/javafx/text/TextRun;Lcom/sun/javafx/font/PGFont;I)V+301
j  com.sun.javafx.font.directwrite.DWGlyphLayout.layout(Lcom/sun/javafx/text/TextRun;Lcom/sun/javafx/font/PGFont;Lcom/sun/javafx/font/FontStrike;[C)V+429
J 6961 c1 com.sun.javafx.text.PrismTextLayout.shape(Lcom/sun/javafx/text/TextRun;[CLcom/sun/javafx/text/GlyphLayout;)V (622 bytes) @ 0x000001ba5da247cc [0x000001ba5da226c0+0x000000000000210c]
J 5757 c1 com.sun.javafx.text.PrismTextLayout.layout()V (1706 bytes) @ 0x000001ba5d7f8fb4 [0x000001ba5d7f7d80+0x0000000000001234]
J 6672 c1 com.sun.javafx.scene.control.skin.Utils.computeTextHeight(Ljavafx/scene/text/Font;Ljava/lang/String;DDLjavafx/scene/text/TextBoundsType;)D (110 bytes) @ 0x000001ba5d98f13c [0x000001ba5d98e200+0x0000000000000f3c]
J 6920 c1 javafx.scene.control.skin.LabeledSkinBase.computePrefHeight(DDDDD)D (311 bytes) @ 0x000001ba5da0e8b4 [0x000001ba5da09ac0+0x0000000000004df4]
J 6903 c1 javafx.scene.control.Control.computePrefHeight(D)D (51 bytes) @ 0x000001ba5da04664 [0x000001ba5da02260+0x0000000000002404]
J 5783 c1 javafx.scene.Parent.prefHeight(D)D (89 bytes) @ 0x000001ba5d800e0c [0x000001ba5d800c40+0x00000000000001cc]
J 4375 c1 javafx.scene.layout.Region.prefHeight(D)D (38 bytes) @ 0x000001ba5d6c2fb4 [0x000001ba5d6c2aa0+0x0000000000000514]
j  javafx.scene.control.skin.TableRowSkinBase.computePrefHeight(DDDDD)D+92
J 6903 c1 javafx.scene.control.Control.computePrefHeight(D)D (51 bytes) @ 0x000001ba5da04664 [0x000001ba5da02260+0x0000000000002404]
J 5783 c1 javafx.scene.Parent.prefHeight(D)D (89 bytes) @ 0x000001ba5d801004 [0x000001ba5d800c40+0x00000000000003c4]
J 4375 c1 javafx.scene.layout.Region.prefHeight(D)D (38 bytes) @ 0x000001ba5d6c2fb4 [0x000001ba5d6c2aa0+0x0000000000000514]
j  javafx.scene.control.skin.VirtualFlow.resizeCell(Ljavafx/scene/control/IndexedCell;)V+42
j  javafx.scene.control.skin.VirtualFlow.addTrailingCells(Z)Z+181
j  javafx.scene.control.skin.VirtualFlow.layoutChildren()V+1039
j  javafx.scene.control.skin.VirtualFlow$5.invalidated()V+166
J 6639 c1 javafx.beans.property.IntegerPropertyBase.set(I)V (76 bytes) @ 0x000001ba5d983974 [0x000001ba5d983480+0x00000000000004f4]
j  javafx.scene.control.skin.VirtualFlow.setCellCount(I)V+5
j  javafx.scene.control.skin.TableViewSkinBase.updateItemCount()V+42
j  javafx.scene.control.skin.VirtualContainerBase.checkState()V+8
j  javafx.scene.control.skin.VirtualContainerBase.layoutChildren(DDDD)V+1
j  javafx.scene.control.skin.TableViewSkinBase.layoutChildren(DDDD)V+19
J 7530 c1 javafx.scene.control.Control.layoutChildren()V (91 bytes) @ 0x000001ba5db540bc [0x000001ba5db50300+0x0000000000003dbc]
J 5758 c1 javafx.scene.Parent.layout()V (160 bytes) @ 0x000001ba5d7f0b14 [0x000001ba5d7f0680+0x0000000000000494]
J 5758 c1 javafx.scene.Parent.layout()V (160 bytes) @ 0x000001ba5d7f102c [0x000001ba5d7f0680+0x00000000000009ac]
J 5758 c1 javafx.scene.Parent.layout()V (160 bytes) @ 0x000001ba5d7f102c [0x000001ba5d7f0680+0x00000000000009ac]
J 5758 c1 javafx.scene.Parent.layout()V (160 bytes) @ 0x000001ba5d7f102c [0x000001ba5d7f0680+0x00000000000009ac]
J 5758 c1 javafx.scene.Parent.layout()V (160 bytes) @ 0x000001ba5d7f102c [0x000001ba5d7f0680+0x00000000000009ac]
j  javafx.scene.Scene.doLayoutPass()V+26
j  javafx.scene.Scene$ScenePulseListener.pulse()V+127
J 7258 c1 com.sun.javafx.tk.Toolkit.runPulse(Lcom/sun/javafx/tk/TKPulseListener;)V (7 bytes) @ 0x000001ba5dae0f8c [0x000001ba5dae0e80+0x000000000000010c]
j  com.sun.javafx.tk.Toolkit.firePulse()V+148
j  com.sun.javafx.tk.quantum.QuantumToolkit.pulse(Z)V+93
j  com.sun.javafx.tk.quantum.QuantumToolkit.pulse()V+2
j  com.sun.javafx.tk.quantum.QuantumToolkit.pulseFromQueue()V+1
j  com.sun.javafx.tk.quantum.QuantumToolkit.lambda$runToolkit$0()V+1
j  com.sun.javafx.tk.quantum.QuantumToolkit$$Lambda+0x000000002d108f00.run()V+4
j  com.sun.glass.ui.InvokeLaterDispatcher$Future.run()V+4
v  ~StubRoutines::call_stub 0x000001ba644512ed
j  com.sun.glass.ui.win.WinApplication._runLoop(Ljava/lang/Runnable;)V+0
j  com.sun.glass.ui.win.WinApplication.lambda$runLoop$0(ILjava/lang/Runnable;)V+8
j  com.sun.glass.ui.win.WinApplication$$Lambda+0x000000002d09ba08.run()V+12
j  java.lang.Thread.runWith(Ljava/lang/Object;Ljava/lang/Runnable;)V+5 java.base@25.0.4.1
j  java.lang.Thread.run()V+19 java.base@25.0.4.1
v  ~StubRoutines::call_stub 0x000001ba644512ed

siginfo: EXCEPTION_ACCESS_VIOLATION (0xc0000005), reading address 0x0000000000000000


Registers:
RAX=0x0000000000000000, RBX=0x0000000000000000, RCX=0x0000000000000001, RDX=0x0000000000000000
RSP=0x0000008cc9bfcc30, RBP=0x0000008cc9bfcd20, RSI=0x0000000000000002, RDI=0x000001ba1415df00
R8 =0x0000000000000002, R9 =0x000001ba1c0eadd0, R10=0x0000000000000000, R11=0x0000008cc9bfcbf0
R12=0x0000000000000000, R13=0x000001ba7a86c1e8, R14=0x000001ba7e7d80d8, R15=0x000001ba105fc890
RIP=0x00007ffc75ec7518, EFLAGS=0x0000000000010202

XMM[0]=0x0000000000000000 0x0000000000000000
XMM[1]=0x0000000000000000 0x0000000000000000
XMM[2]=0x0000000000000000 0x0000000000000000
XMM[3]=0x0000000000000000 0x0000000041500000
XMM[4]=0x0000000000000000 0x000000004b000000
XMM[5]=0x000000000000008c 0x0000000000000000
XMM[6]=0x0000000000000000 0x0000000000000000
XMM[7]=0x0000000000000000 0x34d9feeafe8c88fb
XMM[8]=0x0000000000000000 0x02bd4b5ca2c147d2
XMM[9]=0x0000000000000000 0xdeefcb3248506c88
XMM[10]=0x0000000000000000 0x000000006960a156
XMM[11]=0x0000000000000000 0x770386edbf53f375
XMM[12]=0x0000000000000000 0x0000000048506c88
XMM[13]=0x0000000000000000 0x0000000000000000
XMM[14]=0x0000000000000000 0x0000000000000000
XMM[15]=0x0000000000000000 0x0000000000000000
  MXCSR=0x00001faf


Register to memory mapping:

RAX=0x0 is null
RBX=0x0 is null
RCX=0x0000000000000001 is an unknown value
RDX=0x0 is null
RSP=0x0000008cc9bfcc30 is pointing into the stack for thread: 0x000001ba7e7d7c90
RBP=0x0000008cc9bfcd20 is pointing into the stack for thread: 0x000001ba7e7d7c90
RSI=0x0000000000000002 is an unknown value
RDI=0x000001ba1415df00 points into unknown readable memory: 0x0000000000000000 | 00 00 00 00 00 00 00 00
R8 =0x0000000000000002 is an unknown value
R9 =0x000001ba1c0eadd0 points into unknown readable memory: 0x000001ba12ab08e0 | e0 08 ab 12 ba 01 00 00
R10=0x0 is null
R11=0x0000008cc9bfcbf0 is pointing into the stack for thread: 0x000001ba7e7d7c90
R12=0x0 is null
R13={method} {0x000001ba7a86c1f0} 'JFXTextRendererGetGlyphOffsets' '(J[FI)I' in 'com/sun/javafx/font/directwrite/OS'
R14=0x000001ba7e7d80d8 points into unknown readable memory: 0x00007ffc1143edc0 | c0 ed 43 11 fc 7f 00 00
R15=0x000001ba105fc890 points into unknown readable memory: 0x00007ffc75ecccc8 | c8 cc ec 75 fc 7f 00 00

Top of Stack: (sp=0x0000008cc9bfcc30)
0x0000008cc9bfcc30:   0000000000000000 0000000000000002   ................
0x0000008cc9bfcc40:   000001ba7a86c1e8 0000008cc9bfcd20   ...z.... .......
0x0000008cc9bfcc50:   000001ba7e7d7c90 0000008cc9bfcd30   .|}~....0.......
0x0000008cc9bfcc60:   000001ba64458c60 000001ba6445d2b3   `.Ed......Ed....
0x0000008cc9bfcc70:   000001ba7a86c1e8 0000008cc9bfccf8   ...z............
0x0000008cc9bfcc80:   000000060b595776 0000000000000000   vWY.............
0x0000008cc9bfcc90:   0000008c00000000 000001ba64458c60   ........`.Ed....
0x0000008cc9bfcca0:   fffffffffffffff7 0000000000000000   ................
0x0000008cc9bfccb0:   fffffffffffffff7 0000000000000000   ................
0x0000008cc9bfccc0:   0000000000000007 000001ba7a86e8b0   ...........z....
0x0000008cc9bfccd0:   0000000000000000 000000060b92e500   ................
0x0000008cc9bfcce0:   000001ba7a86c1e8 0000000000000000   ...z............
0x0000008cc9bfccf0:   0000008cc9bfcd18 0000008cc9bfcd80   ................
0x0000008cc9bfcd00:   000001ba64458c60 000000060b92e500   `.Ed............
0x0000008cc9bfcd10:   000001ba6445a755 0000000000000000   U.Ed............
0x0000008cc9bfcd20:   000000060e820950 000001ba105fc890   P........._.....
0x0000008cc9bfcd30:   0000000000000000 fffffffffffffff7   ................
0x0000008cc9bfcd40:   000001ba7caabfe6 0000000000000004   ...|............
0x0000008cc9bfcd50:   000001ba7caae240 0000000000000000   @..|............
0x0000008cc9bfcd60:   000000060e820968 000001ba7caae000   h..........|....
0x0000008cc9bfcd70:   fffffffffffffff3 0000008cc9bfcd90   ................
0x0000008cc9bfcd80:   0000008cc9bfcdf0 000001ba64458c60   ........`.Ed....
0x0000008cc9bfcd90:   0000000000000000 000000060e820950   ........P.......
0x0000008cc9bfcda0:   000000060e8209e0 fffffffffffffff7   ................
0x0000008cc9bfcdb0:   000001ba7a8693bd 0000000000000020   ...z.... .......
0x0000008cc9bfcdc0:   000001ba7b097f78 0000000000000000   x..{............
0x0000008cc9bfcdd0:   000000060b92e850 000001ba7a8694b8   P..........z....
0x0000008cc9bfcde0:   fffffffffffffff4 0000008cc9bfced0   ................
0x0000008cc9bfcdf0:   0000008cc9bfcf40 000001ba64458b18   @.........Ed....
0x0000008cc9bfce00:   0000000000000000 0000000000000000   ................
0x0000008cc9bfce10:   000000060e820c58 0000000000000000   X...............
0x0000008cc9bfce20:   0000000000000000 000000060e820c40   ........@.......

Instructions: (pc=0x00007ffc75ec7518)
  0x00007ffc75ec7418:   48 8b 7c 24 68 eb 02 33 c0 48 8b 6c 24 70 0f 28
  0x00007ffc75ec7428:   74 24 20 48 83 c4 30 41 5f 41 5e 41 5d 41 5c 5e
  0x00007ffc75ec7438:   c3 cc cc cc cc cc cc cc 48 89 5c 24 08 48 89 6c
  0x00007ffc75ec7448:   24 10 48 89 74 24 18 57 41 56 41 57 48 83 ec 20
  0x00007ffc75ec7458:   49 8b e9 4d 8b f8 4c 8b f1 4d 85 c9 0f 84 eb 00
  0x00007ffc75ec7468:   00 00 48 8b 01 45 33 c0 49 8b d1 4c 8b 90 e8 05
  0x00007ffc75ec7478:   00 00 41 ff d2 48 8b f8 48 85 c0 0f 84 cc 00 00
  0x00007ffc75ec7488:   00 8b 5c 24 60 85 db 0f 88 c0 00 00 00 49 8b cf
  0x00007ffc75ec7498:   e8 33 a9 ff ff 49 8b 0e 8b f0 48 8b d5 03 f6 4c
  0x00007ffc75ec74a8:   8b 81 58 05 00 00 49 8b ce 41 ff d0 2b c3 3b c6
  0x00007ffc75ec74b8:   0f 4e f0 40 f6 c6 01 0f 85 90 00 00 00 4d 8b 4f
  0x00007ffc75ec74c8:   10 48 b8 a3 8b 2e ba e8 a2 8b 2e 49 8b 4f 18 45
  0x00007ffc75ec74d8:   33 c0 45 8b 57 28 49 2b c9 48 f7 e9 48 c1 fa 04
  0x00007ffc75ec74e8:   48 8b c2 48 c1 e8 3f 48 03 d0 4c 3b d2 72 05 41
  0x00007ffc75ec74f8:   8b d0 eb 0c 49 63 c2 48 6b c8 58 4a 8b 54 09 20
  0x00007ffc75ec7508:   41 8b c8 85 f6 74 29 90 8b c1 41 83 c0 02 ff c1
=>0x00007ffc75ec7518:   f3 0f 10 04 c2 f3 0f 10 4c c2 04 8b c3 ff c3 f3
  0x00007ffc75ec7528:   0f 11 04 87 f3 0f 11 0c 9f ff c3 44 3b c6 72 d8
  0x00007ffc75ec7538:   49 8b 0e 45 33 c9 4c 8b c7 48 8b d5 4c 8b 91 28
  0x00007ffc75ec7548:   06 00 00 49 8b ce 41 ff d2 8b c6 eb 02 33 c0 48
  0x00007ffc75ec7558:   8b 5c 24 40 48 8b 6c 24 48 48 8b 74 24 50 48 83
  0x00007ffc75ec7568:   c4 20 41 5f 41 5e 5f c3 4d 8b 48 10 48 b8 a3 8b
  0x00007ffc75ec7578:   2e ba e8 a2 8b 2e 49 8b 48 18 45 8b 50 28 49 2b
  0x00007ffc75ec7588:   c9 48 f7 e9 48 c1 fa 04 48 8b c2 48 c1 e8 3f 48
  0x00007ffc75ec7598:   03 d0 4c 3b d2 72 03 33 c0 c3 49 63 c2 48 6b c8
  0x00007ffc75ec75a8:   58 42 8b 44 09 40 c3 cc 4d 8b 48 10 48 b8 a3 8b
  0x00007ffc75ec75b8:   2e ba e8 a2 8b 2e 49 8b 48 18 45 8b 50 28 49 2b
  0x00007ffc75ec75c8:   c9 48 f7 e9 48 c1 fa 04 48 8b c2 48 c1 e8 3f 48
  0x00007ffc75ec75d8:   03 d0 4c 3b d2 72 03 33 c0 c3 49 63 c2 48 6b c8
  0x00007ffc75ec75e8:   58 42 8b 44 09 50 c3 cc 41 8b 40 2c c3 cc cc cc
  0x00007ffc75ec75f8:   cc cc cc cc cc cc cc cc 41 ff 40 28 48 b8 a3 8b
  0x00007ffc75ec7608:   2e ba e8 a2 8b 2e 49 8b 48 18 49 2b 48 10 45 8b


Stack slot to memory mapping:

stack at sp + 0 slots: 0x0 is null
stack at sp + 1 slots: 0x0000000000000002 is an unknown value
stack at sp + 2 slots: {method} {0x000001ba7a86c1f0} 'JFXTextRendererGetGlyphOffsets' '(J[FI)I' in 'com/sun/javafx/font/directwrite/OS'
stack at sp + 3 slots: 0x0000008cc9bfcd20 is pointing into the stack for thread: 0x000001ba7e7d7c90
stack at sp + 4 slots: 0x000001ba7e7d7c90 is a thread
stack at sp + 5 slots: 0x0000008cc9bfcd30 is pointing into the stack for thread: 0x000001ba7e7d7c90
stack at sp + 6 slots: 0x000001ba64458c60 is at code_begin+1600 in an Interpreter codelet
return entry points  [0x000001ba64458620, 0x000001ba64459298]  3192 bytes
stack at sp + 7 slots: 0x000001ba6445d2b3 is at code_begin+979 in an Interpreter codelet
native method entry point (kind = native)  [0x000001ba6445cee0, 0x000001ba6445dae0]  3072 bytes

Lock stack of current Java thread (top to bottom):

native method entry point (kind = native)  [0x000001ba6445cee0, 0x000001ba6445dae0]  3072 bytes
[MachCode]
  0x000001ba6445cee0: 488b 4b08 | 0fb7 492e | 584c 8d74 | ccf8 6800 | 0000 0068 | 0000 0000 | 5055 488b | ec41 5548 
  0x000001ba6445cf00: 8b43 084c | 8d68 3848 | 8b40 0868 | 0000 0000 | 5348 8b50 | 1848 8b52 | 7048 8b12 | 5248 8b53 
  0x000001ba6445cf20: 1048 85d2 | 7407 4881 | c2d0 0000 | 0052 488b | 5010 5249 | 8bc6 482b | c548 c1e8 | 0350 6800 
  0x000001ba6445cf40: 0000 0068 | f7ff ffff | 41c6 87f1 | 0400 0001 | 488b 4310 | 4885 c074 | 208b 8890 | 0000 0083 
  0x000001ba6445cf60: c102 8988 | 9000 0000 | 2388 a400 | 0000 0f84 | b80a 0000 | e9cf 0000 | 0048 8b43 | 1848 85c0 
  0x000001ba6445cf80: 0f85 b000 | 0000 e805 | 0000 00e9 | 9900 0000 | 488b d348 | 8d44 2408 | 4c89 6dc0 | 498b cfc5 
  0x000001ba6445cfa0: f877 4989 | af38 0400 | 0049 8987 | 2804 0000 | 4883 ec20 | 40f6 c40f | 0f84 1900 | 0000 4883 
  0x000001ba6445cfc0: ec08 48b8 | 60d5 b010 | fc7f 0000 | ffd0 4883 | c408 e90c | 0000 0048 | b860 d5b0 | 10fc 7f00 
  0x000001ba6445cfe0: 00ff d048 | 83c4 2049 | c787 2804 | 0000 0000 | 0000 49c7 | 8738 0400 | 0000 0000 | 0049 c787 
  0x000001ba6445d000: 3004 0000 | 0000 0000 | c5f8 7749 | 837f 0800 | 0f84 0500 | 0000 e9c5 | 41ff ff4c | 8b6d c04c 
  0x000001ba6445d020: 8b75 c84e | 8d74 f500 | c348 8b43 | 1848 85c0 | 0f84 1200 | 0000 8b48 | 0883 c102 | 8948 0823 
  0x000001ba6445d040: 482c 0f84 | e409 0000 | 493b a770 | 0500 000f | 8748 0000 | 0089 8424 | 00f0 ffff | 8984 2400 
  0x000001ba6445d060: e0ff ff89 | 8424 00d0 | ffff 8984 | 2400 c0ff | ff89 8424 | 00b0 ffff | 8984 2400 | a0ff ff89 
  0x000001ba6445d080: 8424 0090 | ffff 8984 | 2400 80ff | ff49 3ba7 | 6805 0000 | 7607 4989 | a770 0500 | 0041 c687 
  0x000001ba6445d0a0: f104 0000 | 0048 8b5d | e84c 8b5b | 0845 0fb7 | 5b2e 41c1 | e303 492b | e348 83ec | 2048 83e4 
  0x000001ba6445d0c0: f04c 8b5b | 604d 85db | 0f85 ab00 | 0000 e805 | 0000 00e9 | 9900 0000 | 488b d348 | 8d44 2408 
  0x000001ba6445d0e0: 4c89 6dc0 | 498b cfc5 | f877 4989 | af38 0400 | 0049 8987 | 2804 0000 | 4883 ec20 | 40f6 c40f 
  0x000001ba6445d100: 0f84 1900 | 0000 4883 | ec08 48b8 | c0ff b010 | fc7f 0000 | ffd0 4883 | c408 e90c | 0000 0048 
  0x000001ba6445d120: b8c0 ffb0 | 10fc 7f00 | 00ff d048 | 83c4 2049 | c787 2804 | 0000 0000 | 0000 49c7 | 8738 0400 
  0x000001ba6445d140: 0000 0000 | 0049 c787 | 3004 0000 | 0000 0000 | c5f8 7749 | 837f 0800 | 0f84 0500 | 0000 e97d 
  0x000001ba6445d160: 40ff ff4c | 8b6d c04c | 8b75 c84e | 8d74 f500 | c348 8b5d | e84c 8b5b | 6041 ffd3 | 488b 5de8 
  0x000001ba6445d180: 4889 4518 | 440f b75b | 2c41 f6c3 | 080f 841b | 0000 004c | 8b5b 084d | 8b5b 084d | 8b5b 184d 
  0x000001ba6445d1a0: 8b5b 704d | 8b1b 4c89 | 5d10 488d | 5510 488b | 4358 49ba | f005 ec10 | fc7f 0000 | 493b c20f 
  0x000001ba6445d1c0: 85ab 0000 | 00e8 0500 | 0000 e999 | 0000 0048 | 8bd3 488d | 4424 084c | 896d c049 | 8bcf c5f8 
  0x000001ba6445d1e0: 7749 89af | 3804 0000 | 4989 8728 | 0400 0048 | 83ec 2040 | f6c4 0f0f | 8419 0000 | 0048 83ec 
  0x000001ba6445d200: 0848 b8c0 | ffb0 10fc | 7f00 00ff | d048 83c4 | 08e9 0c00 | 0000 48b8 | c0ff b010 | fc7f 0000 
  0x000001ba6445d220: ffd0 4883 | c420 49c7 | 8728 0400 | 0000 0000 | 0049 c787 | 3804 0000 | 0000 0000 | 49c7 8730 
  0x000001ba6445d240: 0400 0000 | 0000 00c5 | f877 4983 | 7f08 000f | 8405 0000 | 00e9 863f | ffff 4c8b | 6dc0 4c8b 
  0x000001ba6445d260: 75c8 4e8d | 74f5 00c3 | 488b 5de8 | 488b 4358 | 498d 8f48 | 0400 004c | 8d15 d500 | 0000 4d89 
  0x000001ba6445d280: 9730 0400 | 00c5 f877 | 4989 af38 | 0400 0049 | 89a7 2804 | 0000 41c7 | 87d4 0400 | 0004 0000 
  0x000001ba6445d2a0: 0049 3ba7 | c805 0000 | 7607 4989 | a7c8 0500 | 00ff d049 | 3ba7 c805 | 0000 720b | 49c7 87c8 
  0x000001ba6445d2c0: 0500 0000 | 0000 00c5 | f877 4883 | ec10 c5fb | 1104 2448 | 83ec 1048 | 8904 2448 | c744 2408 
  0x000001ba6445d2e0: 0000 0000 | 41c7 87d4 | 0400 0005 | 0000 00f0 | 8344 24c0 | 0049 3b6f | 280f 870e | 0000 0041 
  0x000001ba6445d300: 83bf d004 | 0000 000f | 8420 0000 | 0049 8bcf | 4c8b e448 | 83ec 2048 | 83e4 f048 | b8d0 6ab2 
  0x000001ba6445d320: 10fc 7f00 | 00ff d049 | 8be4 4d33 | e441 c787 | d404 0000 | 0800 0000 | 4d8b 97f0 | 0500 0049 
  0x000001ba6445d340: 83fa 0074 | 3549 c787 | f005 0000 | 0000 0000 | 41ff e249 | ba60 be45 | 64ba 0100 | 0041 ffd2 
  0x000001ba6445d360: 4883 ec10 | c5fb 1104 | 2448 83ec | 1048 8904 | 2448 c744 | 2408 0000 | 0000 49c7 | 8728 0400 
  0x000001ba6445d380: 0000 0000 | 0049 c787 | 3804 0000 | 0000 0000 | 49c7 8730 | 0400 0000 | 0000 00c5 | f877 4d8b 
  0x000001ba6445d3a0: 9fb8 0400 | 0041 c783 | 0001 0000 | 0000 0000 | 49bb 5aa7 | 4564 ba01 | 0000 4c3b | 5d18 0f85 
  0x000001ba6445d3c0: 5b02 0000 | 488b 0424 | 4883 c410 | 4885 c00f | 8435 0200 | 00a8 030f | 8508 0000 | 0048 8b00 
  0x000001ba6445d3e0: e925 0200 | 00a8 010f | 8509 0000 | 0048 8b40 | fee9 1402 | 0000 488b | 40ff 4180 | 7f48 000f 
  0x000001ba6445d400: 8405 0200 | 0048 83f8 | 000f 84fb | 0100 004d | 8b5f 384d | 85db 0f84 | 1400 0000 | 4983 eb08 
  0x000001ba6445d420: 4d89 5f38 | 4d03 5f40 | 4989 03e9 | da01 0000 | 4881 ecf0 | 0000 0048 | 8904 2448 | 894c 2408 
  0x000001ba6445d440: 4889 5424 | 104c 8944 | 2418 4c89 | 4c24 204c | 8954 2428 | 4c89 5c24 | 30c5 fb11 | 4424 40c5 
  0x000001ba6445d460: fb11 4c24 | 48c5 fb11 | 5424 50c5 | fb11 5c24 | 58c5 fb11 | 6424 60c5 | fb11 6c24 | 6862 e1ff 
  0x000001ba6445d480: 0811 4424 | 0e62 e1ff | 0811 4c24 | 0f62 e1ff | 0811 5424 | 1062 e1ff | 0811 5c24 | 1162 e1ff 
  0x000001ba6445d4a0: 0811 6424 | 1262 e1ff | 0811 6c24 | 1362 e1ff | 0811 7424 | 1462 e1ff | 0811 7c24 | 1562 61ff 
  0x000001ba6445d4c0: 0811 4424 | 1662 61ff | 0811 4c24 | 1762 61ff | 0811 5424 | 1862 61ff | 0811 5c24 | 1962 61ff 
  0x000001ba6445d4e0: 0811 6424 | 1a62 61ff | 0811 6c24 | 1b62 61ff | 0811 7424 | 1c62 61ff | 0811 7c24 | 1d49 8bd7 
  0x000001ba6445d500: 488b c848 | 83ec 2040 | f6c4 0f0f | 8419 0000 | 0048 83ec | 0848 b850 | 19a5 10fc | 7f00 00ff 
  0x000001ba6445d520: d048 83c4 | 08e9 0c00 | 0000 48b8 | 5019 a510 | fc7f 0000 | ffd0 4883 | c420 6261 | ff08 107c 
  0x000001ba6445d540: 241d 6261 | ff08 1074 | 241c 6261 | ff08 106c | 241b 6261 | ff08 1064 | 241a 6261 | ff08 105c 
  0x000001ba6445d560: 2419 6261 | ff08 1054 | 2418 6261 | ff08 104c | 2417 6261 | ff08 1044 | 2416 62e1 | ff08 107c 
  0x000001ba6445d580: 2415 62e1 | ff08 1074 | 2414 62e1 | ff08 106c | 2413 62e1 | ff08 1064 | 2412 62e1 | ff08 105c 
  0x000001ba6445d5a0: 2411 62e1 | ff08 1054 | 2410 62e1 | ff08 104c | 240f 62e1 | ff08 1044 | 240e c5fb | 106c 2468 
  0x000001ba6445d5c0: c5fb 1064 | 2460 c5fb | 105c 2458 | c5fb 1054 | 2450 c5fb | 104c 2448 | c5fb 1044 | 2440 4c8b 
  0x000001ba6445d5e0: 5c24 304c | 8b54 2428 | 4c8b 4c24 | 204c 8b44 | 2418 488b | 5424 1048 | 8b4c 2408 | 488b 0424 
  0x000001ba6445d600: 4881 c4f0 | 0000 00c5 | f877 4889 | 4510 4883 | ec10 4889 | 0424 48c7 | 4424 0800 | 0000 0041 
  0x000001ba6445d620: 83bf 5005 | 0000 020f | 85bf 0000 | 0048 81ec | 8000 0000 | 4889 4424 | 7848 894c | 2470 4889 
  0x000001ba6445d640: 5424 6848 | 895c 2460 | 4889 6c24 | 5048 8974 | 2448 4889 | 7c24 404c | 8944 2438 | 4c89 4c24 
  0x000001ba6445d660: 304c 8954 | 2428 4c89 | 5c24 204c | 8964 2418 | 4c89 6c24 | 104c 8974 | 2408 4c89 | 3c24 4c8b 
  0x000001ba6445d680: e448 83ec | 2048 83e4 | f048 b800 | edeb 10fc | 7f00 00ff | d049 8be4 | 4c8b 3c24 | 4c8b 7424 
  0x000001ba6445d6a0: 084c 8b6c | 2410 4c8b | 6424 184c | 8b5c 2420 | 4c8b 5424 | 284c 8b4c | 2430 4c8b | 4424 3848 
  0x000001ba6445d6c0: 8b7c 2440 | 488b 7424 | 4848 8b6c | 2450 488b | 5c24 6048 | 8b54 2468 | 488b 4c24 | 7048 8b44 
  0x000001ba6445d6e0: 2478 4881 | c480 0000 | 004d 33e4 | 488b 5de8 | 4c8b 6b08 | 4d8d 6d38 | 4983 7f08 | 000f 84bb 
  0x000001ba6445d700: 0000 00e8 | 0500 0000 | e996 0000 | 0048 8d44 | 2408 4c89 | 6dc0 498b | cfc5 f877 | 4989 af38 
  0x000001ba6445d720: 0400 0049 | 8987 2804 | 0000 4883 | ec20 40f6 | c40f 0f84 | 1900 0000 | 4883 ec08 | 48b8 101f 
  0x000001ba6445d740: b110 fc7f | 0000 ffd0 | 4883 c408 | e90c 0000 | 0048 b810 | 1fb1 10fc | 7f00 00ff | d048 83c4 
  0x000001ba6445d760: 2049 c787 | 2804 0000 | 0000 0000 | 49c7 8738 | 0400 0000 | 0000 0049 | c787 3004 | 0000 0000 
  0x000001ba6445d780: 0000 c5f8 | 7749 837f | 0800 0f84 | 0500 0000 | e94b 3aff | ff4c 8b6d | c04c 8b75 | c84e 8d74 
  0x000001ba6445d7a0: f500 c348 | b9a0 011e | 11fc 7f00 | 0048 83e4 | f048 b810 | 5cd8 10fc | 7f00 00ff | d0f4 440f 
  0x000001ba6445d7c0: b75b 2c41 | f6c3 200f | 8472 0100 | 0048 8d55 | a84c 8b5a | 084d 85db | 0f85 bb00 | 0000 e805 
  0x000001ba6445d7e0: 0000 00e9 | 9600 0000 | 488d 4424 | 084c 896d | c049 8bcf | c5f8 7749 | 89af 3804 | 0000 4989 
  0x000001ba6445d800: 8728 0400 | 0048 83ec | 2040 f6c4 | 0f0f 8419 | 0000 0048 | 83ec 0848 | b840 1eb1 | 10fc 7f00 
  0x000001ba6445d820: 00ff d048 | 83c4 08e9 | 0c00 0000 | 48b8 401e | b110 fc7f | 0000 ffd0 | 4883 c420 | 49c7 8728 
  0x000001ba6445d840: 0400 0000 | 0000 0049 | c787 3804 | 0000 0000 | 0000 49c7 | 8730 0400 | 0000 0000 | 00c5 f877 
  0x000001ba6445d860: 4983 7f08 | 000f 8405 | 0000 00e9 | 7039 ffff | 4c8b 6dc0 | 4c8b 75c8 | 4e8d 74f5 | 00c3 48b9 
  0x000001ba6445d880: a001 1e11 | fc7f 0000 | 4883 e4f0 | 48b8 105c | d810 fc7f | 0000 ffd0 | f44c 896d | c04c 8b4a 
  0x000001ba6445d8a0: 0848 c742 | 0800 0000 | 0045 8b87 | d806 0000 | 4f3b 4c07 | f80f 8542 | 0000 0041 | 83af d806 
  0x000001ba6445d8c0: 0000 084f | 3b4c 07f0 | 0f84 2a00 | 0000 498b | 01a8 020f | 8512 0000 | 004c 8bc0 | 4983 c801 
  0x000001ba6445d8e0: f04d 0fb1 | 010f 840d | 0000 0041 | 8387 d806 | 0000 08e9 | 0500 0000 | e93e 0000 | 004c 894a 
  0x000001ba6445d900: 0848 8bca | 4883 ec20 | 40f6 c40f | 0f84 1900 | 0000 4883 | ec08 48b8 | c0ee b010 | fc7f 0000 
  0x000001ba6445d920: ffd0 4883 | c408 e90c | 0000 0048 | b8c0 eeb0 | 10fc 7f00 | 00ff d048 | 83c4 204c | 8b6d c041 
  0x000001ba6445d940: c687 9603 | 0000 0149 | 3b6f 280f | 8705 0000 | 00e9 ab00 | 0000 4883 | ec10 c5fb | 1104 2448 
  0x000001ba6445d960: 83ec 1048 | 8904 2448 | c744 2408 | 0000 0000 | c5f8 7749 | 89af 3804 | 0000 49ba | 70d9 4564 
  0x000001ba6445d980: ba01 0000 | 4d89 9730 | 0400 0049 | 89a7 2804 | 0000 498b | cf48 83ec | 2040 f6c4 | 0f0f 8419 
  0x000001ba6445d9a0: 0000 0048 | 83ec 0848 | b8f0 d4b0 | 10fc 7f00 | 00ff d048 | 83c4 08e9 | 0c00 0000 | 48b8 f0d4 
  0x000001ba6445d9c0: b010 fc7f | 0000 ffd0 | 4883 c420 | 49c7 8728 | 0400 0000 | 0000 0049 | c787 3804 | 0000 0000 
  0x000001ba6445d9e0: 0000 49c7 | 8730 0400 | 0000 0000 | 00c5 f877 | 488b 0424 | 4883 c410 | c5fb 1004 | 2448 83c4 
  0x000001ba6445da00: 1048 8b04 | 2448 83c4 | 10c5 fb10 | 0424 4883 | c410 4c8b | 5d18 41ff | d34c 8b5d | f8c9 41c6 
  0x000001ba6445da20: 8796 0300 | 0000 5f49 | 8be3 ffe7 | ba00 0000 | 00e8 0500 | 0000 e996 | 0000 0048 | 8d44 2408 
  0x000001ba6445da40: 4c89 6dc0 | 498b cfc5 | f877 4989 | af38 0400 | 0049 8987 | 2804 0000 | 4883 ec20 | 40f6 c40f 
  0x000001ba6445da60: 0f84 1900 | 0000 4883 | ec08 48b8 | a0e4 b010 | fc7f 0000 | ffd0 4883 | c408 e90c | 0000 0048 
  0x000001ba6445da80: b8a0 e4b0 | 10fc 7f00 | 00ff d048 | 83c4 2049 | c787 2804 | 0000 0000 | 0000 49c7 | 8738 0400 
  0x000001ba6445daa0: 0000 0000 | 0049 c787 | 3004 0000 | 0000 0000 | c5f8 7749 | 837f 0800 | 0f84 0500 | 0000 e91d 
  0x000001ba6445dac0: 37ff ff4c | 8b6d c04c | 8b75 c84e | 8d74 f500 | c348 8b5d | e8e9 6ef5 | ffff 660f | 1f44 0000 
[/MachCode]

Compiled method (c1) 9003 6961       3       com.sun.javafx.text.PrismTextLayout::shape (622 bytes)
 total in heap  [0x000001ba5da22588,0x000001ba5da24fa0] = 10776
 constants      [0x000001ba5da22680,0x000001ba5da226c0] = 64
 main code      [0x000001ba5da226c0,0x000001ba5da24e28] = 10088
 stub code      [0x000001ba5da24e28,0x000001ba5da24f90] = 360
 oops           [0x000001ba5da24f90,0x000001ba5da24fa0] = 16
 mutable data [0x000001ba1be61c40,0x000001ba1be62100] = 1216
 relocation     [0x000001ba1be61c40,0x000001ba1be61fb0] = 880
 metadata       [0x000001ba1be61fb0,0x000001ba1be62100] = 336
 immutable data [0x000001ba10683740,0x000001ba106844e8] = 3496
 dependencies   [0x000001ba10683740,0x000001ba106837b0] = 112
 nul chk table  [0x000001ba106837b0,0x000001ba106838b8] = 264
 scopes pcs     [0x000001ba106838b8,0x000001ba10683e48] = 1424
 scopes data    [0x000001ba10683e48,0x000001ba106844e8] = 1696


[Constant Pool]
             Address          hex4                    hex8      
  0x000001ba5da22680:   0x00000000      0x0000000000000000      
  0x000001ba5da22684:   0x00000000                              
  0x000001ba5da22688:   0x9999999a      0x3fe999999999999a      
  0x000001ba5da2268c:   0x3fe99999                              
  0x000001ba5da22690:   0x00000000      0x3fe8000000000000      
  0x000001ba5da22694:   0x3fe80000                              
  0x000001ba5da22698:   0x00000000      0x3fe8000000000000      
  0x000001ba5da2269c:   0x3fe80000                              
  0x000001ba5da226a0:   0x00000000      0x3fe8000000000000      
  0x000001ba5da226a4:   0x3fe80000                              
  0x000001ba5da226a8:   0x00000000      0x3fe8000000000000      
  0x000001ba5da226ac:   0x3fe80000                              
  0x000001ba5da226b0:   0x00000000      0x0000000000000000      
  0x000001ba5da226b4:   0x00000000                              
  0x000001ba5da226b8:   0xf4f4f4f4      0xf4f4f4f4f4f4f4f4      
  0x000001ba5da226bc:   0xf4f4f4f4                              

[MachCode]
[Instructions begin]
  0x000001ba5da226c0: ;   {other}
  0x000001ba5da226c0: 660f 1f84 | 0000 0000 | 0066 0f1f | 8400 0000 | 0000 448b | 5208 443b 

  0x000001ba5da226d8: ;   {runtime_call Shared Runtime ic_miss_blob}
  0x000001ba5da226d8: 5008 0f85 | 00c6 a706 
[Verified Entry Point]
  0x000001ba5da226e0: 8984 2400 | 80ff ff55 | 4881 ec20 | 0100 0090 | 4181 7f20 | 0700 0000 

  0x000001ba5da226f8: ;   {runtime_call Stub::method_entry_barrier}
  0x000001ba5da226f8: 7405 e8e1 | 3ea6 0648 | 8954 2478 | 4c89 8424 | 8000 0000 

  0x000001ba5da2270c: ;   {metadata(method data for {method} {0x000001ba7ac8ef88} 'shape' '(Lcom/sun/javafx/text/TextRun;[CLcom/sun/javafx/text/GlyphLayout;)V' in 'com/sun/javafx/text/PrismTextLayout')}
  0x000001ba5da2270c: 48be 18b7 | 407c ba01 | 0000 8b9e | 9000 0000 | 83c3 0289 | 9e90 0000 | 0081 e3fe | 0700 0085 
  0x000001ba5da2272c: db0f 846f | 2100 008b | 722c 48c1 | e603 4885 

  0x000001ba5da2273c: ;   {metadata(method data for {method} {0x000001ba7ac8ef88} 'shape' '(Lcom/sun/javafx/text/TextRun;[CLcom/sun/javafx/text/GlyphLayout;)V' in 'com/sun/javafx/text/PrismTextLayout')}
  0x000001ba5da2273c: f648 bb18 | b740 7cba | 0100 00b8 | d800 0000 | 7405 b8e8 | 0000 0048 | 8b0c 0348 | 8d49 0148 
  0x000001ba5da2275c: 890c 030f | 84a1 0600 | 008b 760c 

  0x000001ba5da22768: ;   {metadata(method data for {method} {0x000001ba7ac8ef88} 'shape' '(Lcom/sun/javafx/text/TextRun;[CLcom/sun/javafx/text/GlyphLayout;)V' in 'com/sun/javafx/text/PrismTextLayout')}
  0x000001ba5da22768: 85f6 48be | 18b7 407c | ba01 0000 | bb08 0100 | 0074 05bb | f800 0000 | 488b 041e | 488d 4001 
  0x000001ba5da22788: 4889 041e | 0f84 fd20 | 0000 4889 | bc24 9000 | 0000 4c89 | 8c24 8800 | 0000 493b | 0049 8bf0 
  0x000001ba5da227a8: ;   {metadata(method data for {method} {0x000001ba7ac8ef88} 'shape' '(Lcom/sun/javafx/text/TextRun;[CLcom/sun/javafx/text/GlyphLayout;)V' in 'com/sun/javafx/text/PrismTextLayout')}
  0x000001ba5da227a8: 48bb 18b7 | 407c ba01 | 0000 4883 | 8328 0100 | 0001 418b | 704c 48c1 | e603 4889 | 7424 7048 
  0x000001ba5da227c8: 3b06 488b 

  0x000001ba5da227cc: ;   {metadata(method data for {method} {0x000001ba7ac8ef88} 'shape' '(Lcom/sun/javafx/text/TextRun;[CLcom/sun/javafx/text/GlyphLayout;)V' in 'com/sun/javafx/text/PrismTextLayout')}
  0x000001ba5da227cc: de48 b818 | b740 7cba | 0100 008b | 5b08 41ba | 0000 002c | 4903 da48 | 3b98 5001 | 0000 750d 
  0x000001ba5da227ec: 4883 8058 | 0100 0001 | e960 0000 | 0048 3b98 | 6001 0000 | 750d 4883 | 8068 0100 | 0001 e94a 
  0x000001ba5da2280c: 0000 0048 | 83b8 5001 | 0000 0075 | 1748 8998 | 5001 0000 | 48c7 8058 | 0100 0001 | 0000 00e9 
  0x000001ba5da2282c: 2900 0000 | 4883 b860 | 0100 0000 | 7517 4889 | 9860 0100 | 0048 c780 | 6801 0000 | 0100 0000 
  0x000001ba5da2284c: e908 0000 | 0048 8380 | 4801 0000 | 0148 8bd6 | 9048 b8b0 | b2df 13ba 

  0x000001ba5da22864: ;   {virtual_call}
  0x000001ba5da22864: 0100 00e8 

  0x000001ba5da22868: ; ImmutableOopMap {[112]=Oop [120]=Oop [128]=Oop [136]=Oop [144]=Oop }
                      ;*invokeinterface getFont {reexecute=0 rethrow=0 return_oop=0}
                      ; - com.sun.javafx.text.PrismTextLayout::shape@24 (line 836)
  0x000001ba5da22868: 74ce a706 

  0x000001ba5da2286c: ;   {post_call_nop}
  0x000001ba5da2286c: 0f1f 8400 | e402 0000 

  0x000001ba5da22874: ;   {metadata(method data for {method} {0x000001ba7ac8ef88} 'shape' '(Lcom/sun/javafx/text/TextRun;[CLcom/sun/javafx/text/GlyphLayout;)V' in 'com/sun/javafx/text/PrismTextLayout')}
  0x000001ba5da22874: 4885 c048 | bf18 b740 | 7cba 0100 | 0075 0c80 | 8f71 0100 | 0001 e9c1 | 0000 008b | 5808 41ba 
  0x000001ba5da22894: 0000 002c | 4903 da48 | 3b9f 8001 | 0000 750d | 4883 8788 | 0100 0001 | e960 0000 | 0048 3b9f 
  0x000001ba5da228b4: 9001 0000 | 750d 4883 | 8798 0100 | 0001 e94a | 0000 0048 | 83bf 8001 | 0000 0075 | 1748 899f 
  0x000001ba5da228d4: 8001 0000 | 48c7 8788 | 0100 0001 | 0000 00e9 | 2900 0000 | 4883 bf90 | 0100 0000 | 7517 4889 
  0x000001ba5da228f4: 9f90 0100 | 0048 c787 | 9801 0000 | 0100 0000 | e908 0000 | 0048 8387 | 7801 0000 

  0x000001ba5da22910: ;   {metadata('com/sun/javafx/font/PGFont')}
  0x000001ba5da22910: 0148 bbc0 | 6d11 2d00 | 0000 008b | 7808 41ba | 0000 002c | 4903 fa48 | 3b5f 200f | 841f 0000 
  0x000001ba5da22930: 0048 3bfb | 0f84 1600 | 0000 5753 

  0x000001ba5da2293c: ;   {runtime_call C1 Runtime slow_subtype_check_blob}
  0x000001ba5da2293c: e81f 81b5 | 065f 5f85 | ff0f 8487 | 1f00 00e9 | 0000 0000 | 488b f048 

  0x000001ba5da22954: ;   {metadata(method data for {method} {0x000001ba7ac8ef88} 'shape' '(Lcom/sun/javafx/text/TextRun;[CLcom/sun/javafx/text/GlyphLayout;)V' in 'com/sun/javafx/text/PrismTextLayout')}
  0x000001ba5da22954: 85f6 48ba | 18b7 407c | ba01 0000 | bfa8 0100 | 0075 05bf | b801 0000 | 488b 1c3a | 488d 5b01 
  0x000001ba5da22974: 4889 1c3a | 0f85 2203 | 0000 488b | 7424 7048 

  0x000001ba5da22984: ;   {metadata(method data for {method} {0x000001ba7ac8ef88} 'shape' '(Lcom/sun/javafx/text/TextRun;[CLcom/sun/javafx/text/GlyphLayout;)V' in 'com/sun/javafx/text/PrismTextLayout')}
  0x000001ba5da22984: 8bd6 48bf | 18b7 407c | ba01 0000 | 8b52 0841 | ba00 0000 | 2c49 03d2 | 483b 97d0 | 0100 0075 
  0x000001ba5da229a4: 0d48 8387 | d801 0000 | 01e9 6000 | 0000 483b | 97e0 0100 | 0075 0d48 | 8387 e801 | 0000 01e9 
  0x000001ba5da229c4: 4a00 0000 | 4883 bfd0 | 0100 0000 | 7517 4889 | 97d0 0100 | 0048 c787 | d801 0000 | 0100 0000 
  0x000001ba5da229e4: e929 0000 | 0048 83bf | e001 0000 | 0075 1748 | 8997 e001 | 0000 48c7 | 87e8 0100 | 0001 0000 
  0x000001ba5da22a04: 00e9 0800 | 0000 4883 | 87c8 0100 | 0001 488b | d648 b8d8 | b2df 13ba 

  0x000001ba5da22a1c: ;   {virtual_call}
  0x000001ba5da22a1c: 0100 00e8 

  0x000001ba5da22a20: ; ImmutableOopMap {[112]=Oop [128]=Oop }
                      ;*invokeinterface getBounds {reexecute=0 rethrow=0 return_oop=0}
                      ; - com.sun.javafx.text.PrismTextLayout::shape@41 (line 838)
  0x000001ba5da22a20: bccc a706 

  0x000001ba5da22a24: ;   {post_call_nop}
  0x000001ba5da22a24: 0f1f 8400 | 9c04 0001 | 488b 7424 

  0x000001ba5da22a30: ;   {metadata(method data for {method} {0x000001ba7ac8ef88} 'shape' '(Lcom/sun/javafx/text/TextRun;[CLcom/sun/javafx/text/GlyphLayout;)V' in 'com/sun/javafx/text/PrismTextLayout')}
  0x000001ba5da22a30: 7048 ba18 | b740 7cba | 0100 008b | 7608 41ba | 0000 002c | 4903 f248 | 3bb2 0002 | 0000 750d 
  0x000001ba5da22a50: 4883 8208 | 0200 0001 | e960 0000 | 0048 3bb2 | 1002 0000 | 750d 4883 | 8218 0200 | 0001 e94a 
  0x000001ba5da22a70: 0000 0048 | 83ba 0002 | 0000 0075 | 1748 89b2 | 0002 0000 | 48c7 8208 | 0200 0001 | 0000 00e9 
  0x000001ba5da22a90: 2900 0000 | 4883 ba10 | 0200 0000 | 7517 4889 | b210 0200 | 0048 c782 | 1802 0000 | 0100 0000 
  0x000001ba5da22ab0: e908 0000 | 0048 8382 | f801 0000 | 0148 8b54 | 2470 4889 | 8424 9800 | 0000 6666 | 9048 b800 
  0x000001ba5da22ad0: b3df 13ba 

  0x000001ba5da22ad4: ;   {virtual_call}
  0x000001ba5da22ad4: 0100 00e8 

  0x000001ba5da22ad8: ; ImmutableOopMap {[128]=Oop [152]=Oop }
                      ;*invokeinterface getText {reexecute=0 rethrow=0 return_oop=0}
                      ; - com.sun.javafx.text.PrismTextLayout::shape@53 (line 839)
  0x000001ba5da22ad8: 04cc a706 

  0x000001ba5da22adc: ;   {post_call_nop}
  0x000001ba5da22adc: 0f1f 8400 | 5405 0002 

  0x000001ba5da22ae4: ; implicit exception: dispatches to 0x000001ba5da248db
  0x000001ba5da22ae4: 483b 004c 

  0x000001ba5da22ae8: ;   {metadata(method data for {method} {0x000001ba7ac8ef88} 'shape' '(Lcom/sun/javafx/text/TextRun;[CLcom/sun/javafx/text/GlyphLayout;)V' in 'com/sun/javafx/text/PrismTextLayout')}
  0x000001ba5da22ae8: 8bc0 48ba | 18b7 407c | ba01 0000 | 458b 4008 | 41ba 0000 | 002c 4d03 | c24c 3b82 | 3002 0000 
  0x000001ba5da22b08: 750d 4883 | 8238 0200 | 0001 e960 | 0000 004c | 3b82 4002 | 0000 750d | 4883 8248 | 0200 0001 
  0x000001ba5da22b28: e94a 0000 | 0048 83ba | 3002 0000 | 0075 174c | 8982 3002 | 0000 48c7 | 8238 0200 | 0001 0000 
  0x000001ba5da22b48: 00e9 2900 | 0000 4883 | ba40 0200 | 0000 7517 | 4c89 8240 | 0200 0048 | c782 4802 | 0000 0100 
  0x000001ba5da22b68: 0000 e908 | 0000 0048 | 8382 2802 

  0x000001ba5da22b74: ;   {metadata(method data for {method} {0x000000002c187d60} 'length' '()I' in 'java/lang/String')}
  0x000001ba5da22b74: 0000 0149 | b860 ee00 | 7aba 0100 | 0041 8b90 | 9000 0000 | 83c2 0241 | 8990 9000 | 0000 81e2 
  0x000001ba5da22b94: feff 1f00 | 85d2 0f84 | 401d 0000 | 448b 4014 | 49c1 e003 

  0x000001ba5da22ba8: ; implicit exception: dispatches to 0x000001ba5da24901
  0x000001ba5da22ba8: 418b 700c 

  0x000001ba5da22bac: ;   {metadata(method data for {method} {0x000000002c187d60} 'length' '()I' in 'java/lang/String')}
  0x000001ba5da22bac: 4c8b c048 | ba60 ee00 | 7aba 0100 | 0045 8b40 | 0841 ba00 | 0000 2c4d | 03c2 4c3b | 82e0 0000 
  0x000001ba5da22bcc: 0075 0d48 | 8382 e800 | 0000 01e9 | 6000 0000 | 4c3b 82f0 | 0000 0075 | 0d48 8382 | f800 0000 
  0x000001ba5da22bec: 01e9 4a00 | 0000 4883 | bae0 0000 | 0000 7517 | 4c89 82e0 | 0000 0048 | c782 e800 | 0000 0100 
  0x000001ba5da22c0c: 0000 e929 | 0000 0048 | 83ba f000 | 0000 0075 | 174c 8982 | f000 0000 | 48c7 82f8 | 0000 0001 
  0x000001ba5da22c2c: 0000 00e9 | 0800 0000 | 4883 82d8 | 0000 0001 

  0x000001ba5da22c3c: ;   {metadata(method data for {method} {0x000000002c4adaf8} 'coder' '()B' in 'java/lang/String')}
  0x000001ba5da22c3c: 49b8 20ed | 007a ba01 | 0000 418b | 9090 0000 | 0083 c202 | 4189 9090 | 0000 0081 | e2fe ff1f 
  0x000001ba5da22c5c: 0085 d20f | 84a1 1c00 

  0x000001ba5da22c64: ;   {metadata(method data for {method} {0x000000002c4adaf8} 'coder' '()B' in 'java/lang/String')}
  0x000001ba5da22c64: 0049 b820 | ed00 7aba | 0100 0041 | ff80 e800 | 0000 440f 

  0x000001ba5da22c78: ;   {metadata(method data for {method} {0x000000002c4adaf8} 'coder' '()B' in 'java/lang/String')}
  0x000001ba5da22c78: be40 1048 | ba20 ed00 | 7aba 0100 | 00ff 82f8 | 0000 0041 | c1e0 1841 | c1f8 1848 | 8bbc 2480 
  0x000001ba5da22c98: 0000 00e9 | 901b 0000 | 4885 f60f | 8425 0000 

  0x000001ba5da22ca8: ;   {metadata('com/sun/javafx/font/PrismFont')}
  0x000001ba5da22ca8: 0048 bbc0 | aa11 2d00 | 0000 008b | 7e08 41ba | 0000 002c | 4903 fa48 | 3b5f 380f | 855e 1c00 
  0x000001ba5da22cc8: 00e9 0000 | 0000 4c8b | c648 3b06 

  0x000001ba5da22cd4: ;   {metadata(method data for {method} {0x000001ba7ac8ef88} 'shape' '(Lcom/sun/javafx/text/TextRun;[CLcom/sun/javafx/text/GlyphLayout;)V' in 'com/sun/javafx/text/PrismTextLayout')}
  0x000001ba5da22cd4: 4c8b c648 | ba18 b740 | 7cba 0100 | 0048 8382 | 9802 0000 

  0x000001ba5da22ce8: ;   {metadata(method data for {method} {0x000001ba7a87df30} 'getStrike' '(Lcom/sun/javafx/geom/transform/BaseTransform;)Lcom/sun/javafx/font/FontStrike;' in 'com/sun/javafx/font/PrismFont')}
  0x000001ba5da22ce8: 0149 b810 | 085c 7bba | 0100 0041 | 8b90 9000 | 0000 83c2 | 0241 8990 | 9000 0000 | 81e2 feff 
  0x000001ba5da22d08: 1f00 85d2 | 0f84 1f1c | 0000 8b56 | 1c48 c1e2 | 03c5 fa10 | 460c 483b | 024c 8bc2 

  0x000001ba5da22d24: ;   {metadata(method data for {method} {0x000001ba7a87df30} 'getStrike' '(Lcom/sun/javafx/geom/transform/BaseTransform;)Lcom/sun/javafx/font/FontStrike;' in 'com/sun/javafx/font/PrismFont')}
  0x000001ba5da22d24: 48bf 1008 | 5c7b ba01 | 0000 458b | 4008 41ba | 0000 002c | 4d03 c24c | 3b87 e000 | 0000 750d 
  0x000001ba5da22d44: 4883 87e8 | 0000 0001 | e960 0000 | 004c 3b87 | f000 0000 | 750d 4883 | 87f8 0000 | 0001 e94a 
  0x000001ba5da22d64: 0000 0048 | 83bf e000 | 0000 0075 | 174c 8987 | e000 0000 | 48c7 87e8 | 0000 0001 | 0000 00e9 
  0x000001ba5da22d84: 2900 0000 | 4883 bff0 | 0000 0000 | 7517 4c89 | 87f0 0000 | 0048 c787 | f800 0000 | 0100 0000 
  0x000001ba5da22da4: e908 0000 | 0048 8387 | d800 0000 

  0x000001ba5da22db0: ;   {oop(a 'com/sun/javafx/geom/transform/Identity'{0x000000060b548788})}
  0x000001ba5da22db0: 0149 b888 | 8754 0b06 | 0000 0048 | 89b4 24a0 | 0000 0066 | 9048 b828 | b3df 13ba 

  0x000001ba5da22dcc: ;   {virtual_call}
  0x000001ba5da22dcc: 0100 00e8 

  0x000001ba5da22dd0: ; ImmutableOopMap {[120]=Oop [128]=Oop [136]=Oop [144]=Oop [160]=Oop }
                      ;*invokeinterface getStrike {reexecute=0 rethrow=0 return_oop=0}
                      ; - com.sun.javafx.font.PrismFont::getStrike@9 (line 79)
                      ; - com.sun.javafx.text.PrismTextLayout::shape@70 (line 842)
  0x000001ba5da22dd0: 0cc9 a706 

  0x000001ba5da22dd4: ;   {post_call_nop}
  0x000001ba5da22dd4: 0f1f 8400 | 4c08 0003 

  0x000001ba5da22ddc: ;   {metadata(method data for {method} {0x000001ba7ac8ef88} 'shape' '(Lcom/sun/javafx/text/TextRun;[CLcom/sun/javafx/text/GlyphLayout;)V' in 'com/sun/javafx/text/PrismTextLayout')}
  0x000001ba5da22ddc: 48ba 18b7 | 407c ba01 | 0000 ff82 | b802 0000 | 488b b424 | a000 0000 | 4c8b 8424 | 8000 0000 
  0x000001ba5da22dfc: 488b 5424 | 78e9 2900 | 0000 4889 | bc24 9000 | 0000 4c89 | 8c24 8800 | 0000 8b72 | 3048 c1e6 
  0x000001ba5da22e1c: 038b 7a34 | 48c1 e703 | 488b c74c | 8b84 2480 | 0000 0049 | 3b00 498b 

  0x000001ba5da22e34: ;   {metadata(method data for {method} {0x000001ba7ac8ef88} 'shape' '(Lcom/sun/javafx/text/TextRun;[CLcom/sun/javafx/text/GlyphLayout;)V' in 'com/sun/javafx/text/PrismTextLayout')}
  0x000001ba5da22e34: f848 bb18 | b740 7cba | 0100 0048 | 8383 e002 | 0000 01c4 | c17a 1040 

  0x000001ba5da22e4c: ;   {section_word}
  0x000001ba5da22e4c: 20c5 fa10 | 0d2b f8ff | ffc5 f82e | c1bf ffff | ffff 0f8a | 1400 0000 | 0f82 0e00 | 0000 bf00 
  0x000001ba5da22e6c: 0000 000f | 8403 0000 | 0048 ffc7 

  0x000001ba5da22e78: ;   {metadata(method data for {method} {0x000001ba7ac8ef88} 'shape' '(Lcom/sun/javafx/text/TextRun;[CLcom/sun/javafx/text/GlyphLayout;)V' in 'com/sun/javafx/text/PrismTextLayout')}
  0x000001ba5da22e78: 85ff 48bf | 18b7 407c | ba01 0000 | bb10 0300 | 0074 05bb | 0003 0000 | 488b 0c1f | 488d 4901 
  0x000001ba5da22e98: 4889 0c1f | 4889 b424 | a800 0000 | 0f84 0d00 | 0000 4889 | 8424 b000 | 0000 e918 | 0900 0048 
  0x000001ba5da22eb8: 3b00 488b 

  0x000001ba5da22ebc: ;   {metadata(method data for {method} {0x000001ba7ac8ef88} 'shape' '(Lcom/sun/javafx/text/TextRun;[CLcom/sun/javafx/text/GlyphLayout;)V' in 'com/sun/javafx/text/PrismTextLayout')}
  0x000001ba5da22ebc: f848 bb18 | b740 7cba | 0100 008b | 7f08 41ba | 0000 002c | 4903 fa48 | 3bbb 2803 | 0000 750d 
  0x000001ba5da22edc: 4883 8330 | 0300 0001 | e960 0000 | 0048 3bbb | 3803 0000 | 750d 4883 | 8340 0300 | 0001 e94a 
  0x000001ba5da22efc: 0000 0048 | 83bb 2803 | 0000 0075 | 1748 89bb | 2803 0000 | 48c7 8330 | 0300 0001 | 0000 00e9 
  0x000001ba5da22f1c: 2900 0000 | 4883 bb38 | 0300 0000 | 7517 4889 | bb38 0300 | 0048 c783 | 4003 0000 | 0100 0000 
  0x000001ba5da22f3c: e908 0000 | 0048 8383 | 2003 0000 | 0148 8bd0 | 4889 8424 | b000 0000 | 9048 b850 | b3df 13ba 
  0x000001ba5da22f5c: ;   {virtual_call}
  0x000001ba5da22f5c: 0100 00e8 

  0x000001ba5da22f60: ; ImmutableOopMap {[120]=Oop [128]=Oop [136]=Oop [144]=Oop [168]=Oop [176]=Oop }
                      ;*invokeinterface getMetrics {reexecute=0 rethrow=0 return_oop=0}
                      ; - com.sun.javafx.text.PrismTextLayout::shape@103 (line 850)
  0x000001ba5da22f60: 2e4e 5eff 

  0x000001ba5da22f64: ;   {post_call_nop}
  0x000001ba5da22f64: 0f1f 8400 | dc09 0004 | 4889 8424 | b800 0000 | 488b 5424 | 788b 7224 | 81e6 0040 | 0000 81fe 
  0x000001ba5da22f84: 0040 0000 

  0x000001ba5da22f88: ;   {metadata(method data for {method} {0x000001ba7ac8ef88} 'shape' '(Lcom/sun/javafx/text/TextRun;[CLcom/sun/javafx/text/GlyphLayout;)V' in 'com/sun/javafx/text/PrismTextLayout')}
  0x000001ba5da22f88: 48be 18b7 | 407c ba01 | 0000 bf50 | 0300 0075 | 05bf 6003 | 0000 488b | 1c3e 488d | 5b01 4889 
  0x000001ba5da22fa8: 1c3e 0f85 | e206 0000 | 488b b424 | a800 0000 | 4885 c00f | 8425 0000 

  0x000001ba5da22fc0: ;   {metadata('com/sun/javafx/font/PrismMetrics')}
  0x000001ba5da22fc0: 0049 b8e8 | 3332 2d00 | 0000 008b | 4808 41ba | 0000 002c | 4903 ca4c | 3b41 380f | 8580 1900 
  0x000001ba5da22fe0: 00e9 0000 | 0000 488b | f848 3b00 

  0x000001ba5da22fec: ;   {metadata(method data for {method} {0x000001ba7ac8ef88} 'shape' '(Lcom/sun/javafx/text/TextRun;[CLcom/sun/javafx/text/GlyphLayout;)V' in 'com/sun/javafx/text/PrismTextLayout')}
  0x000001ba5da22fec: 488b f848 | bb18 b740 | 7cba 0100 | 0048 8383 | 8003 0000 | 01c5 fa10 | 400c 4885 | f60f 8425 
  0x000001ba5da2300c: ;   {metadata('com/sun/javafx/font/PrismFont')}
  0x000001ba5da2300c: 0000 0049 | b8c0 aa11 | 2d00 0000 | 008b 4e08 | 41ba 0000 | 002c 4903 | ca4c 3b41 | 380f 853c 
  0x000001ba5da2302c: 1900 00e9 | 0000 0000 | 488b fe48 | 3b06 488b 

  0x000001ba5da2303c: ;   {metadata(method data for {method} {0x000001ba7ac8ef88} 'shape' '(Lcom/sun/javafx/text/TextRun;[CLcom/sun/javafx/text/GlyphLayout;)V' in 'com/sun/javafx/text/PrismTextLayout')}
  0x000001ba5da2303c: fe48 bb18 | b740 7cba | 0100 0048 | 8383 b003 

  0x000001ba5da2304c: ;   {metadata(method data for {method} {0x000001ba7a87dc08} 'getFamilyName' '()Ljava/lang/String;' in 'com/sun/javafx/font/PrismFont')}
  0x000001ba5da2304c: 0000 0148 | bf50 9e91 | 7cba 0100 | 008b 9f90 | 0000 0083 | c302 899f | 9000 0000 | 81e3 feff 
  0x000001ba5da2306c: 1f00 85db | 0f84 ff18 | 0000 8b7e | 1c48 c1e7 | 0348 3b07 

  0x000001ba5da23080: ;   {metadata(method data for {method} {0x000001ba7a87dc08} 'getFamilyName' '()Ljava/lang/String;' in 'com/sun/javafx/font/PrismFont')}
  0x000001ba5da23080: 488b df48 | b950 9e91 | 7cba 0100 | 008b 5b08 | 41ba 0000 | 002c 4903 | da48 3b99 | e000 0000 
  0x000001ba5da230a0: 750d 4883 | 81e8 0000 | 0001 e960 | 0000 0048 | 3b99 f000 | 0000 750d | 4883 81f8 | 0000 0001 
  0x000001ba5da230c0: e94a 0000 | 0048 83b9 | e000 0000 | 0075 1748 | 8999 e000 | 0000 48c7 | 81e8 0000 | 0001 0000 
  0x000001ba5da230e0: 00e9 2900 | 0000 4883 | b9f0 0000 | 0000 7517 | 4889 99f0 | 0000 0048 | c781 f800 | 0000 0100 
  0x000001ba5da23100: 0000 e908 | 0000 0048 | 8381 d800 | 0000 0148 | 8bd7 4889 | b424 a800 | 0000 c5fa | 1184 24ec 
  0x000001ba5da23120: 0000 0066 | 9048 b878 | b3df 13ba 

  0x000001ba5da2312c: ;   {virtual_call}
  0x000001ba5da2312c: 0100 00e8 

  0x000001ba5da23130: ; ImmutableOopMap {[120]=Oop [128]=Oop [136]=Oop [144]=Oop [168]=Oop [176]=Oop [184]=Oop }
                      ;*invokeinterface getFamilyName {reexecute=0 rethrow=0 return_oop=0}
                      ; - com.sun.javafx.font.PrismFont::getFamilyName@4 (line 51)
                      ; - com.sun.javafx.text.PrismTextLayout::shape@135 (line 863)
  0x000001ba5da23130: 5e5d 1000 

  0x000001ba5da23134: ;   {post_call_nop}
  0x000001ba5da23134: 0f1f 8400 | ac0b 0005 

  0x000001ba5da2313c: ; implicit exception: dispatches to 0x000001ba5da2499b
  0x000001ba5da2313c: 483b 004c 

  0x000001ba5da23140: ;   {metadata(method data for {method} {0x000001ba7ac8ef88} 'shape' '(Lcom/sun/javafx/text/TextRun;[CLcom/sun/javafx/text/GlyphLayout;)V' in 'com/sun/javafx/text/PrismTextLayout')}
  0x000001ba5da23140: 8bc0 48ba | 18b7 407c | ba01 0000 | 458b 4008 | 41ba 0000 | 002c 4d03 | c24c 3b82 | d803 0000 
  0x000001ba5da23160: 750d 4883 | 82e0 0300 | 0001 e960 | 0000 004c | 3b82 e803 | 0000 750d | 4883 82f0 | 0300 0001 
  0x000001ba5da23180: e94a 0000 | 0048 83ba | d803 0000 | 0075 174c | 8982 d803 | 0000 48c7 | 82e0 0300 | 0001 0000 
  0x000001ba5da231a0: 00e9 2900 | 0000 4883 | bae8 0300 | 0000 7517 | 4c89 82e8 | 0300 0048 | c782 f003 | 0000 0100 
  0x000001ba5da231c0: 0000 e908 | 0000 0048 | 8382 d003 

  0x000001ba5da231cc: ;   {oop("Segoe UI"{0x000000060bfaab60})}
  0x000001ba5da231cc: 0000 0149 | b860 abfa | 0b06 0000 | 0048 8bd0 

  0x000001ba5da231dc: ;   {optimized virtual_call}
  0x000001ba5da231dc: 6666 90e8 

  0x000001ba5da231e0: ; ImmutableOopMap {[120]=Oop [128]=Oop [136]=Oop [144]=Oop [168]=Oop [176]=Oop [184]=Oop }
                      ;*invokevirtual equals {reexecute=0 rethrow=0 return_oop=0}
                      ; - com.sun.javafx.text.PrismTextLayout::shape@143 (line 863)
  0x000001ba5da231e0: 2c49 2c07 

  0x000001ba5da231e4: ;   {post_call_nop}
  0x000001ba5da231e4: 0f1f 8400 | 5c0c 0006 

  0x000001ba5da231ec: ;   {metadata(method data for {method} {0x000001ba7ac8ef88} 'shape' '(Lcom/sun/javafx/text/TextRun;[CLcom/sun/javafx/text/GlyphLayout;)V' in 'com/sun/javafx/text/PrismTextLayout')}
  0x000001ba5da231ec: 85c0 48ba | 18b7 407c | ba01 0000 | be00 0400 | 0074 05be | 1004 0000 | 488b 3c32 | 488d 7f01 
  0x000001ba5da2320c: 4889 3c32 | c5fa 1084 | 24ec 0000 | 000f 8410 | 0000 00c5 

  0x000001ba5da23220: ;   {section_word}
  0x000001ba5da23220: fa5a c0c5 | fb59 055d | f4ff ffc5 | fb5a c048 | 8b84 24b8 | 0000 00c5 

  0x000001ba5da23238: ;   {section_word}
  0x000001ba5da23238: fa5a c0c5 | fb5c 054d | f4ff ffc5 | fb2c d081 | fa00 0000 | 8075 0f48 | 83ec 08c5 | fb11 0424 
  0x000001ba5da23258: ;   {runtime_call Stub::d2i_fixup}
  0x000001ba5da23258: e81a e2a2 | 065a c5f2 | 2aca 4885 | c00f 8425 

  0x000001ba5da23268: ;   {metadata('com/sun/javafx/font/PrismMetrics')}
  0x000001ba5da23268: 0000 0048 | bbe8 3332 | 2d00 0000 | 008b 7808 | 41ba 0000 | 002c 4903 | fa48 3b5f | 380f 8515 
  0x000001ba5da23288: 1700 00e9 | 0000 0000 | 488b d048 

  0x000001ba5da23294: ;   {metadata(method data for {method} {0x000001ba7ac8ef88} 'shape' '(Lcom/sun/javafx/text/TextRun;[CLcom/sun/javafx/text/GlyphLayout;)V' in 'com/sun/javafx/text/PrismTextLayout')}
  0x000001ba5da23294: 8bd0 48be | 18b7 407c | ba01 0000 | 4883 8630 | 0400 0001 | c5fa 1040 | 10c5 fa5a 

  0x000001ba5da232b0: ;   {section_word}
  0x000001ba5da232b0: c0c5 fb58 | 05df f3ff | ffc5 fb2c | d081 fa00 | 0000 8075 | 0f48 83ec | 08c5 fb11 

  0x000001ba5da232cc: ;   {runtime_call Stub::d2i_fixup}
  0x000001ba5da232cc: 0424 e8a4 | e1a2 065a | c5ea 2ad2 | 4885 c00f | 8425 0000 

  0x000001ba5da232e0: ;   {metadata('com/sun/javafx/font/PrismMetrics')}
  0x000001ba5da232e0: 0048 bbe8 | 3332 2d00 | 0000 008b | 7808 41ba | 0000 002c | 4903 fa48 | 3b5f 380f | 85a4 1600 
  0x000001ba5da23300: 00e9 0000 | 0000 488b | d048 8bd0 

  0x000001ba5da2330c: ;   {metadata(method data for {method} {0x000001ba7ac8ef88} 'shape' '(Lcom/sun/javafx/text/TextRun;[CLcom/sun/javafx/text/GlyphLayout;)V' in 'com/sun/javafx/text/PrismTextLayout')}
  0x000001ba5da2330c: 48be 18b7 | 407c ba01 | 0000 4883 | 8660 0400 | 0001 c5fa | 1040 14c5 

  0x000001ba5da23324: ;   {section_word}
  0x000001ba5da23324: fa5a c0c5 | fb58 0571 | f3ff ffc5 | fb2c d081 | fa00 0000 | 8075 0f48 | 83ec 08c5 | fb11 0424 
  0x000001ba5da23344: ;   {runtime_call Stub::d2i_fixup}
  0x000001ba5da23344: e82e e1a2 | 065a c5e2 | 2ada 4885 | c00f 8425 

  0x000001ba5da23354: ;   {metadata('com/sun/javafx/font/PrismMetrics')}
  0x000001ba5da23354: 0000 0048 | bbe8 3332 | 2d00 0000 | 008b 7808 | 41ba 0000 | 002c 4903 | fa48 3b5f | 380f 8533 
  0x000001ba5da23374: 1600 00e9 | 0000 0000 | 488b d048 

  0x000001ba5da23380: ;   {metadata(method data for {method} {0x000001ba7ac8ef88} 'shape' '(Lcom/sun/javafx/text/TextRun;[CLcom/sun/javafx/text/GlyphLayout;)V' in 'com/sun/javafx/text/PrismTextLayout')}
  0x000001ba5da23380: 8bd0 48be | 18b7 407c | ba01 0000 | 4883 8690 | 0400 0001 

  0x000001ba5da23394: ;   {metadata(method data for {method} {0x000001ba7b099950} 'getCapHeight' '()F' in 'com/sun/javafx/font/PrismMetrics')}
  0x000001ba5da23394: 48ba 48db | 947c ba01 | 0000 8bb2 | 9000 0000 | 83c6 0289 | b290 0000 | 0081 e6fe | ff1f 0085 
  0x000001ba5da233b4: f60f 84f4 | 1500 0048 

  0x000001ba5da233bc: ;   {metadata(method data for {method} {0x000001ba7b099950} 'getCapHeight' '()F' in 'com/sun/javafx/font/PrismMetrics')}
  0x000001ba5da233bc: 8bd0 48be | 48db 947c | ba01 0000 | 4883 86d8 | 0000 0001 

  0x000001ba5da233d0: ;   {metadata(method data for {method} {0x000001ba7b0996b0} 'checkStyleMetrics' '()V' in 'com/sun/javafx/font/PrismMetrics')}
  0x000001ba5da233d0: 48ba 90dc | 947c ba01 | 0000 8bb2 | 9000 0000 | 83c6 0289 | b290 0000 | 0081 e6fe | ff1f 0085 
  0x000001ba5da233f0: f60f 84d9 | 1500 008b | 5020 48c1 | e203 4885 

  0x000001ba5da23400: ;   {metadata(method data for {method} {0x000001ba7b0996b0} 'checkStyleMetrics' '()V' in 'com/sun/javafx/font/PrismMetrics')}
  0x000001ba5da23400: d248 ba90 | dc94 7cba | 0100 00be | e800 0000 | 7405 bed8 | 0000 0048 | 8b3c 3248 | 8d7f 0148 
  0x000001ba5da23420: 893c 32c5 | fa11 9c24 | f800 0000 | c5fa 1194 | 24f4 0000 | 00c5 fa11 | 8c24 f000 | 0000 0f84 
  0x000001ba5da23440: 0800 0000 | 488b d0e9 | e400 0000 | 8b50 1c48 | c1e2 03c5 | fa10 4018 

  0x000001ba5da23458: ; implicit exception: dispatches to 0x000001ba5da249f1
  0x000001ba5da23458: 483b 0248 

  0x000001ba5da2345c: ;   {metadata(method data for {method} {0x000001ba7b0996b0} 'checkStyleMetrics' '()V' in 'com/sun/javafx/font/PrismMetrics')}
  0x000001ba5da2345c: 8bf2 48bf | 90dc 947c | ba01 0000 | 8b76 0841 | ba00 0000 | 2c49 03f2 | 483b b700 | 0100 0075 
  0x000001ba5da2347c: 0d48 8387 | 0801 0000 | 01e9 6000 | 0000 483b | b710 0100 | 0075 0d48 | 8387 1801 | 0000 01e9 
  0x000001ba5da2349c: 4a00 0000 | 4883 bf00 | 0100 0000 | 7517 4889 | b700 0100 | 0048 c787 | 0801 0000 | 0100 0000 
  0x000001ba5da234bc: e929 0000 | 0048 83bf | 1001 0000 | 0075 1748 | 89b7 1001 | 0000 48c7 | 8718 0100 | 0001 0000 
  0x000001ba5da234dc: 00e9 0800 | 0000 4883 | 87f8 0000 | 0001 0f1f 

  0x000001ba5da234ec: ;   {optimized virtual_call}
  0x000001ba5da234ec: 4400 00e8 

  0x000001ba5da234f0: ; ImmutableOopMap {[120]=Oop [128]=Oop [136]=Oop [144]=Oop [168]=Oop [176]=Oop [184]=Oop }
                      ;*invokevirtual getStyleMetrics {reexecute=0 rethrow=0 return_oop=0}
                      ; - com.sun.javafx.font.PrismMetrics::checkStyleMetrics@16 (line 78)
                      ; - com.sun.javafx.font.PrismMetrics::getCapHeight@1 (line 102)
                      ; - com.sun.javafx.text.PrismTextLayout::shape@204 (line 869)
  0x000001ba5da234f0: ecbc a706 

  0x000001ba5da234f4: ;   {post_call_nop}
  0x000001ba5da234f4: 0f1f 8400 | 6c0f 0007 | 410f be57 | 4885 d248 | 8b94 24b8 | 0000 000f | 85e5 1400 | 004c 8bd0 
  0x000001ba5da23514: 49c1 ea03 | 4489 5220 | 488b f248 | 33f0 48c1 | ee16 4883 | fe00 0f85 | e514 0000 | 8b52 2048 
  0x000001ba5da23534: c1e2 0383 | 7a0c 010f | 86f6 1400 | 00c5 fa10 | 4214 c5fa | 1094 24f4 | 0000 00c5 

  0x000001ba5da23550: ;   {section_word}
  0x000001ba5da23550: fa5a c0c5 | fb58 054d | f1ff ffc5 | fb2c d081 | fa00 0000 | 8075 0f48 | 83ec 08c5 | fb11 0424 
  0x000001ba5da23570: ;   {runtime_call Stub::d2i_fixup}
  0x000001ba5da23570: e802 dfa2 | 065a c5fa | 2ac2 c5fa | 108c 24f0 

  0x000001ba5da23580: ;   {external_word}
  0x000001ba5da23580: 0000 0049 | bad0 b949 | 11fc 7f00 | 00c4 c170 | 570a c5f2 | 5cc8 c5f8 | 2eca baff | ffff ff0f 
  0x000001ba5da235a0: 8a14 0000 | 000f 820e | 0000 00ba | 0000 0000 | 0f84 0300 | 0000 48ff 

  0x000001ba5da235b8: ;   {metadata(method data for {method} {0x000001ba7ac8ef88} 'shape' '(Lcom/sun/javafx/text/TextRun;[CLcom/sun/javafx/text/GlyphLayout;)V' in 'com/sun/javafx/text/PrismTextLayout')}
  0x000001ba5da235b8: c285 d248 | ba18 b740 | 7cba 0100 | 00be b004 | 0000 7e05 | bec0 0400 | 0048 8b3c | 3248 8d7f 
  0x000001ba5da235d8: 0148 893c | 320f 8e1e 

  0x000001ba5da235e0: ;   {metadata(method data for {method} {0x000001ba7ac8ef88} 'shape' '(Lcom/sun/javafx/text/TextRun;[CLcom/sun/javafx/text/GlyphLayout;)V' in 'com/sun/javafx/text/PrismTextLayout')}
  0x000001ba5da235e0: 0000 0048 | ba18 b740 | 7cba 0100 | 00ff 82d0 | 0400 00c5 | fa10 8424 | f000 0000 | e91d 0000 
  0x000001ba5da23600: 00c5 fa10 | 8424 f000 | 0000 c5f2 | 5cca c5f8 | 28d9 c5e2 | 58d8 c5f8 | 28ca c5f8 | 28c3 c5fa 
  0x000001ba5da23620: 109c 24f8 | 0000 004c | 8b84 2480 | 0000 0049 

  0x000001ba5da23630: ;   {metadata(method data for {method} {0x000001ba7ac8ef88} 'shape' '(Lcom/sun/javafx/text/TextRun;[CLcom/sun/javafx/text/GlyphLayout;)V' in 'com/sun/javafx/text/PrismTextLayout')}
  0x000001ba5da23630: 8bd0 48be | 18b7 407c | ba01 0000 | 4883 86f8 | 0400 0001 

  0x000001ba5da23644: ;   {metadata(method data for {method} {0x000001ba7b094ca8} 'setMetrics' '(FFF)V' in 'com/sun/javafx/text/TextRun')}
  0x000001ba5da23644: 48ba a8e8 | 947c ba01 | 0000 8bb2 | 9000 0000 | 83c6 0289 | b290 0000 | 0081 e6fe | ff1f 0085 
  0x000001ba5da23664: f60f 84de | 1300 00c4 | c17a 1140 | 20c4 c17a | 1148 24c4 | c17a 1158 

  0x000001ba5da2367c: ;   {metadata(method data for {method} {0x000001ba7ac8ef88} 'shape' '(Lcom/sun/javafx/text/TextRun;[CLcom/sun/javafx/text/GlyphLayout;)V' in 'com/sun/javafx/text/PrismTextLayout')}
  0x000001ba5da2367c: 2848 ba18 | b740 7cba | 0100 00ff | 8218 0500 | 00e9 3d01 | 0000 4c8b | 8424 8000 | 0000 488b 
  0x000001ba5da2369c: d048 85d2 | 0f84 2500 

  0x000001ba5da236a4: ;   {metadata('com/sun/javafx/font/PrismMetrics')}
  0x000001ba5da236a4: 0000 48b8 | e833 322d | 0000 0000 | 8b5a 0841 | ba00 0000 | 2c49 03da | 483b 4338 | 0f85 a413 
  0x000001ba5da236c4: 0000 e900 | 0000 0048 | 8bf2 483b | 0248 8bc2 

  0x000001ba5da236d4: ;   {metadata(method data for {method} {0x000001ba7ac8ef88} 'shape' '(Lcom/sun/javafx/text/TextRun;[CLcom/sun/javafx/text/GlyphLayout;)V' in 'com/sun/javafx/text/PrismTextLayout')}
  0x000001ba5da236d4: 48be 18b7 | 407c ba01 | 0000 4883 | 8640 0500 | 0001 c5fa | 1042 0c48 | 85d2 0f84 | 2500 0000 
  0x000001ba5da236f4: ;   {metadata('com/sun/javafx/font/PrismMetrics')}
  0x000001ba5da236f4: 48b8 e833 | 322d 0000 | 0000 8b5a | 0841 ba00 | 0000 2c49 | 03da 483b | 4338 0f85 | 6013 0000 
  0x000001ba5da23714: e900 0000 | 0048 8bf2 

  0x000001ba5da2371c: ;   {metadata(method data for {method} {0x000001ba7ac8ef88} 'shape' '(Lcom/sun/javafx/text/TextRun;[CLcom/sun/javafx/text/GlyphLayout;)V' in 'com/sun/javafx/text/PrismTextLayout')}
  0x000001ba5da2371c: 488b c248 | be18 b740 | 7cba 0100 | 0048 8386 | 7005 0000 | 01c5 fa10 | 4a10 4885 | d20f 8425 
  0x000001ba5da2373c: ;   {metadata('com/sun/javafx/font/PrismMetrics')}
  0x000001ba5da2373c: 0000 0048 | b8e8 3332 | 2d00 0000 | 008b 5a08 | 41ba 0000 | 002c 4903 | da48 3b43 | 380f 851a 
  0x000001ba5da2375c: 1300 00e9 | 0000 0000 | 488b f248 

  0x000001ba5da23768: ;   {metadata(method data for {method} {0x000001ba7ac8ef88} 'shape' '(Lcom/sun/javafx/text/TextRun;[CLcom/sun/javafx/text/GlyphLayout;)V' in 'com/sun/javafx/text/PrismTextLayout')}
  0x000001ba5da23768: 8bc2 48be | 18b7 407c | ba01 0000 | 4883 86a0 | 0500 0001 | c5fa 1052 | 1449 8bd0 

  0x000001ba5da23784: ;   {metadata(method data for {method} {0x000001ba7ac8ef88} 'shape' '(Lcom/sun/javafx/text/TextRun;[CLcom/sun/javafx/text/GlyphLayout;)V' in 'com/sun/javafx/text/PrismTextLayout')}
  0x000001ba5da23784: 48be 18b7 | 407c ba01 | 0000 4883 | 86d0 0500 

  0x000001ba5da23794: ;   {metadata(method data for {method} {0x000001ba7b094ca8} 'setMetrics' '(FFF)V' in 'com/sun/javafx/text/TextRun')}
  0x000001ba5da23794: 0001 48ba | a8e8 947c | ba01 0000 | 8bb2 9000 | 0000 83c6 | 0289 b290 | 0000 0081 | e6fe ff1f 
  0x000001ba5da237b4: 0085 f60f | 84c1 1200 | 00c4 c17a | 1140 20c4 | c17a 1148 | 24c4 c17a | 1150 2849 

  0x000001ba5da237d0: ;   {metadata(method data for {method} {0x000001ba7ac8ef88} 'shape' '(Lcom/sun/javafx/text/TextRun;[CLcom/sun/javafx/text/GlyphLayout;)V' in 'com/sun/javafx/text/PrismTextLayout')}
  0x000001ba5da237d0: 8bd0 48be | 18b7 407c | ba01 0000 | 4883 8600 | 0600 0001 

  0x000001ba5da237e4: ;   {metadata(method data for {method} {0x000001ba7b094250} 'isTab' '()Z' in 'com/sun/javafx/text/TextRun')}
  0x000001ba5da237e4: 48ba e8c4 | 407c ba01 | 0000 8bb2 | 9000 0000 | 83c6 0289 | b290 0000 | 0081 e6fe | ff1f 0085 
  0x000001ba5da23804: f60f 8494 | 1200 0041 | 8b50 2c48 | 8bf2 83e6 

  0x000001ba5da23814: ;   {metadata(method data for {method} {0x000001ba7b094250} 'isTab' '()Z' in 'com/sun/javafx/text/TextRun')}
  0x000001ba5da23814: 0185 f648 | bee8 c440 | 7cba 0100 | 00bf d800 | 0000 7405 | bfe8 0000 | 0048 8b1c | 3e48 8d5b 
  0x000001ba5da23834: 0148 891c | 3e0f 841a 

  0x000001ba5da2383c: ;   {metadata(method data for {method} {0x000001ba7b094250} 'isTab' '()Z' in 'com/sun/javafx/text/TextRun')}
  0x000001ba5da2383c: 0000 0048 | bee8 c440 | 7cba 0100 | 00ff 86f8 | 0000 00be | 0100 0000 | e905 0000 | 00be 0000 
  0x000001ba5da2385c: 0000 83e6 

  0x000001ba5da23860: ;   {metadata(method data for {method} {0x000001ba7ac8ef88} 'shape' '(Lcom/sun/javafx/text/TextRun;[CLcom/sun/javafx/text/GlyphLayout;)V' in 'com/sun/javafx/text/PrismTextLayout')}
  0x000001ba5da23860: 0185 f648 | be18 b740 | 7cba 0100 | 00bf 3006 | 0000 7505 | bf20 0600 | 0048 8b1c | 3e48 8d5b 
  0x000001ba5da23880: 0148 891c | 3e0f 8592 | 0f00 0049 

  0x000001ba5da2388c: ;   {metadata(method data for {method} {0x000001ba7ac8ef88} 'shape' '(Lcom/sun/javafx/text/TextRun;[CLcom/sun/javafx/text/GlyphLayout;)V' in 'com/sun/javafx/text/PrismTextLayout')}
  0x000001ba5da2388c: 8bf0 48bf | 18b7 407c | ba01 0000 | 4883 8750 | 0600 0001 

  0x000001ba5da238a0: ;   {metadata(method data for {method} {0x000001ba7b093f70} 'isLinebreak' '()Z' in 'com/sun/javafx/text/TextRun')}
  0x000001ba5da238a0: 48be a8d0 | 407c ba01 | 0000 8bbe | 9000 0000 | 83c7 0289 | be90 0000 | 0081 e7fe | ff1f 0085 
  0x000001ba5da238c0: ff0f 84f9 | 1100 0048 | 8bf2 83e6 

  0x000001ba5da238cc: ;   {metadata(method data for {method} {0x000001ba7b093f70} 'isLinebreak' '()Z' in 'com/sun/javafx/text/TextRun')}
  0x000001ba5da238cc: 0285 f648 | bea8 d040 | 7cba 0100 | 00bf d800 | 0000 7405 | bfe8 0000 | 0048 8b1c | 3e48 8d5b 
  0x000001ba5da238ec: 0148 891c | 3e0f 841a 

  0x000001ba5da238f4: ;   {metadata(method data for {method} {0x000001ba7b093f70} 'isLinebreak' '()Z' in 'com/sun/javafx/text/TextRun')}
  0x000001ba5da238f4: 0000 0048 | bea8 d040 | 7cba 0100 | 00ff 86f8 | 0000 00be | 0100 0000 | e905 0000 | 00be 0000 
  0x000001ba5da23914: 0000 83e6 

  0x000001ba5da23918: ;   {metadata(method data for {method} {0x000001ba7ac8ef88} 'shape' '(Lcom/sun/javafx/text/TextRun;[CLcom/sun/javafx/text/GlyphLayout;)V' in 'com/sun/javafx/text/PrismTextLayout')}
  0x000001ba5da23918: 0185 f648 | be18 b740 | 7cba 0100 | 00bf 8006 | 0000 7505 | bf70 0600 | 0048 8b1c | 3e48 8d5b 
  0x000001ba5da23938: 0148 891c | 3e0f 85c7 | 0e00 0049 

  0x000001ba5da23944: ;   {metadata(method data for {method} {0x000001ba7ac8ef88} 'shape' '(Lcom/sun/javafx/text/TextRun;[CLcom/sun/javafx/text/GlyphLayout;)V' in 'com/sun/javafx/text/PrismTextLayout')}
  0x000001ba5da23944: 8bf0 48bf | 18b7 407c | ba01 0000 | 4883 87a0 | 0600 0001 | 418b 700c 

  0x000001ba5da2395c: ;   {metadata(method data for {method} {0x000001ba7ac8ef88} 'shape' '(Lcom/sun/javafx/text/TextRun;[CLcom/sun/javafx/text/GlyphLayout;)V' in 'com/sun/javafx/text/PrismTextLayout')}
  0x000001ba5da2395c: 85f6 48be | 18b7 407c | ba01 0000 | bfd0 0600 | 007f 05bf | c006 0000 | 488b 1c3e | 488d 5b01 
  0x000001ba5da2397c: 4889 1c3e | 0f8f 710e | 0000 498b 

  0x000001ba5da23988: ;   {metadata(method data for {method} {0x000001ba7ac8ef88} 'shape' '(Lcom/sun/javafx/text/TextRun;[CLcom/sun/javafx/text/GlyphLayout;)V' in 'com/sun/javafx/text/PrismTextLayout')}
  0x000001ba5da23988: f048 bf18 | b740 7cba | 0100 0048 | 8387 f006 

  0x000001ba5da23998: ;   {metadata(method data for {method} {0x000001ba7b0946a0} 'isComplex' '()Z' in 'com/sun/javafx/text/TextRun')}
  0x000001ba5da23998: 0000 0148 | bea0 dd40 | 7cba 0100 | 008b be90 | 0000 0083 | c702 89be | 9000 0000 | 81e7 feff 
  0x000001ba5da239b8: 1f00 85ff | 0f84 1f11 | 0000 83e2 

  0x000001ba5da239c4: ;   {metadata(method data for {method} {0x000001ba7b0946a0} 'isComplex' '()Z' in 'com/sun/javafx/text/TextRun')}
  0x000001ba5da239c4: 2085 d248 | baa0 dd40 | 7cba 0100 | 00be d800 | 0000 7405 | bee8 0000 | 0048 8b3c | 3248 8d7f 
  0x000001ba5da239e4: 0148 893c | 320f 841a 

  0x000001ba5da239ec: ;   {metadata(method data for {method} {0x000001ba7b0946a0} 'isComplex' '()Z' in 'com/sun/javafx/text/TextRun')}
  0x000001ba5da239ec: 0000 0048 | baa0 dd40 | 7cba 0100 | 00ff 82f8 | 0000 00ba | 0100 0000 | e905 0000 | 00ba 0000 
  0x000001ba5da23a0c: 0000 83e2 

  0x000001ba5da23a10: ;   {metadata(method data for {method} {0x000001ba7ac8ef88} 'shape' '(Lcom/sun/javafx/text/TextRun;[CLcom/sun/javafx/text/GlyphLayout;)V' in 'com/sun/javafx/text/PrismTextLayout')}
  0x000001ba5da23a10: 0185 d248 | ba18 b740 | 7cba 0100 | 00be 2007 | 0000 7505 | be10 0700 | 0048 8b3c | 3248 8d7f 
  0x000001ba5da23a30: 0148 893c | 320f 852d | 0d00 0048 | 8b84 24b0 | 0000 0048 | 3b00 488b 

  0x000001ba5da23a48: ;   {metadata(method data for {method} {0x000001ba7ac8ef88} 'shape' '(Lcom/sun/javafx/text/TextRun;[CLcom/sun/javafx/text/GlyphLayout;)V' in 'com/sun/javafx/text/PrismTextLayout')}
  0x000001ba5da23a48: f048 bf18 | b740 7cba | 0100 008b | 7608 41ba | 0000 002c | 4903 f248 | 3bb7 8007 | 0000 750d 
  0x000001ba5da23a68: 4883 8788 | 0700 0001 | e960 0000 | 0048 3bb7 | 9007 0000 | 750d 4883 | 8798 0700 | 0001 e94a 
  0x000001ba5da23a88: 0000 0048 | 83bf 8007 | 0000 0075 | 1748 89b7 | 8007 0000 | 48c7 8788 | 0700 0001 | 0000 00e9 
  0x000001ba5da23aa8: 2900 0000 | 4883 bf90 | 0700 0000 | 7517 4889 | b790 0700 | 0048 c787 | 9807 0000 | 0100 0000 
  0x000001ba5da23ac8: e908 0000 | 0048 8387 | 7807 0000 | 0148 8bd0 | 4889 8424 | b000 0000 | 0f1f 4400 | 0048 b8a0 
  0x000001ba5da23ae8: b3df 13ba 

  0x000001ba5da23aec: ;   {virtual_call}
  0x000001ba5da23aec: 0100 00e8 

  0x000001ba5da23af0: ; ImmutableOopMap {[120]=Oop [128]=Oop [136]=Oop [176]=Oop }
                      ;*invokeinterface getFontResource {reexecute=0 rethrow=0 return_oop=0}
                      ; - com.sun.javafx.text.PrismTextLayout::shape@335 (line 889)
  0x000001ba5da23af0: 1e3c 3207 

  0x000001ba5da23af4: ;   {post_call_nop}
  0x000001ba5da23af4: 0f1f 8400 | 6c15 0008 | 4889 8424 | c000 0000 | 4c8b 8424 | 8000 0000 

  0x000001ba5da23b0c: ;   {metadata(method data for {method} {0x000001ba7ac8ef88} 'shape' '(Lcom/sun/javafx/text/TextRun;[CLcom/sun/javafx/text/GlyphLayout;)V' in 'com/sun/javafx/text/PrismTextLayout')}
  0x000001ba5da23b0c: 48ba 18b7 | 407c ba01 | 0000 4883 | 82b8 0700 | 0001 4c8b | 8424 8000 | 0000 418b | 7010 89b4 
  0x000001ba5da23b2c: 24cc 0000 | 0049 8bd0 

  0x000001ba5da23b34: ;   {metadata(method data for {method} {0x000001ba7ac8ef88} 'shape' '(Lcom/sun/javafx/text/TextRun;[CLcom/sun/javafx/text/GlyphLayout;)V' in 'com/sun/javafx/text/PrismTextLayout')}
  0x000001ba5da23b34: 48bf 18b7 | 407c ba01 | 0000 4883 | 87e8 0700 | 0001 418b | 7814 89bc | 24c8 0000 | 0048 8b54 
  0x000001ba5da23b54: 2478 8b5a | 4c48 c1e3 | 0348 85db 

  0x000001ba5da23b60: ;   {metadata(method data for {method} {0x000001ba7ac8ef88} 'shape' '(Lcom/sun/javafx/text/TextRun;[CLcom/sun/javafx/text/GlyphLayout;)V' in 'com/sun/javafx/text/PrismTextLayout')}
  0x000001ba5da23b60: 48b9 18b7 | 407c ba01 | 0000 41b9 | 0808 0000 | 7506 41b9 | 1808 0000 | 4e8b 1c09 | 4d8d 5b01 
  0x000001ba5da23b80: 4e89 1c09 | 0f85 1d05 | 0000 488b | 9424 b000 

  0x000001ba5da23b90: ;   {metadata(method data for {method} {0x000001ba7ac8ef88} 'shape' '(Lcom/sun/javafx/text/TextRun;[CLcom/sun/javafx/text/GlyphLayout;)V' in 'com/sun/javafx/text/PrismTextLayout')}
  0x000001ba5da23b90: 0000 48bb | 18b7 407c | ba01 0000 | 8b52 0841 | ba00 0000 | 2c49 03d2 | 483b 9330 | 0800 0075 
  0x000001ba5da23bb0: 0d48 8383 | 3808 0000 | 01e9 6000 | 0000 483b | 9340 0800 | 0075 0d48 | 8383 4808 | 0000 01e9 
  0x000001ba5da23bd0: 4a00 0000 | 4883 bb30 | 0800 0000 | 7517 4889 | 9330 0800 | 0048 c783 | 3808 0000 | 0100 0000 
  0x000001ba5da23bf0: e929 0000 | 0048 83bb | 4008 0000 | 0075 1748 | 8993 4008 | 0000 48c7 | 8348 0800 | 0001 0000 
  0x000001ba5da23c10: 00e9 0800 | 0000 4883 | 8328 0800 | 0001 488b | 9424 b000 | 0000 0f1f | 8000 0000 | 0048 b8c8 
  0x000001ba5da23c30: b3df 13ba 

  0x000001ba5da23c34: ;   {virtual_call}
  0x000001ba5da23c34: 0100 00e8 

  0x000001ba5da23c38: ; ImmutableOopMap {[128]=Oop [136]=Oop [192]=Oop }
                      ;*invokeinterface getSize {reexecute=0 rethrow=0 return_oop=0}
                      ; - com.sun.javafx.text.PrismTextLayout::shape@363 (line 895)
  0x000001ba5da23c38: d655 3207 

  0x000001ba5da23c3c: ;   {post_call_nop}
  0x000001ba5da23c3c: 0f1f 8400 | b416 0009 | c5fa 1184 | 24fc 0000 | 0048 8b84 | 24c0 0000 | 0048 3b00 

  0x000001ba5da23c58: ;   {metadata(method data for {method} {0x000001ba7ac8ef88} 'shape' '(Lcom/sun/javafx/text/TextRun;[CLcom/sun/javafx/text/GlyphLayout;)V' in 'com/sun/javafx/text/PrismTextLayout')}
  0x000001ba5da23c58: 488b d048 | be18 b740 | 7cba 0100 | 008b 5208 | 41ba 0000 | 002c 4903 | d248 3b96 | 6008 0000 
  0x000001ba5da23c78: 750d 4883 | 8668 0800 | 0001 e960 | 0000 0048 | 3b96 7008 | 0000 750d | 4883 8678 | 0800 0001 
  0x000001ba5da23c98: e94a 0000 | 0048 83be | 6008 0000 | 0075 1748 | 8996 6008 | 0000 48c7 | 8668 0800 | 0001 0000 
  0x000001ba5da23cb8: 00e9 2900 | 0000 4883 | be70 0800 | 0000 7517 | 4889 9670 | 0800 0048 | c786 7808 | 0000 0100 
  0x000001ba5da23cd8: 0000 e908 | 0000 0048 | 8386 5808 | 0000 0148 | 8bd0 6666 | 9048 b8f0 | b3df 13ba 

  0x000001ba5da23cf4: ;   {virtual_call}
  0x000001ba5da23cf4: 0100 00e8 

  0x000001ba5da23cf8: ; ImmutableOopMap {[128]=Oop [136]=Oop [192]=Oop }
                      ;*invokeinterface getGlyphMapper {reexecute=0 rethrow=0 return_oop=0}
                      ; - com.sun.javafx.text.PrismTextLayout::shape@372 (line 896)
  0x000001ba5da23cf8: 168b f4ff 

  0x000001ba5da23cfc: ;   {post_call_nop}
  0x000001ba5da23cfc: 0f1f 8400 | 7417 000a | 4c8b d88b | 9c24 c800 

  0x000001ba5da23d0c: ;   {metadata({type array int})}
  0x000001ba5da23d0c: 0000 48ba | 5847 182c | 0000 0000 | 4863 db48 | 8bfb 4881 | fbff ffff | 000f 87e1 | 0d00 00be 
  0x000001ba5da23d2c: 1700 0000 | 488d 349e | 4883 e6f8 | 498b 87c8 | 0100 0048 | 8d34 3049 | 3bb7 d801 | 0000 0f87 
  0x000001ba5da23d4c: bc0d 0000 | 4989 b7c8 | 0100 0048 | 2bf0 48c7 | 0001 0000 | 0048 8bca | 41ba 0000 | 002c 492b 
  0x000001ba5da23d6c: ca89 4808 | 8958 0c48 | 83ee 1048 | 85f6 0f84 | 1100 0000 | 4833 db48 | c1ee 0348 | 895c f008 
  0x000001ba5da23d8c: 48ff ce75 | f648 8984 | 24d0 0000 | 0049 3b03 

  0x000001ba5da23d9c: ;   {metadata(method data for {method} {0x000001ba7ac8ef88} 'shape' '(Lcom/sun/javafx/text/TextRun;[CLcom/sun/javafx/text/GlyphLayout;)V' in 'com/sun/javafx/text/PrismTextLayout')}
  0x000001ba5da23d9c: 4d8b c349 | b918 b740 | 7cba 0100 | 0045 8b40 | 0841 ba00 | 0000 2c4d | 03c2 4d3b | 8190 0800 
  0x000001ba5da23dbc: 0075 0d49 | 8381 9808 | 0000 01e9 | 6000 0000 | 4d3b 81a0 | 0800 0075 | 0d49 8381 | a808 0000 
  0x000001ba5da23ddc: 01e9 4a00 | 0000 4983 | b990 0800 | 0000 7517 | 4d89 8190 | 0800 0049 | c781 9808 | 0000 0100 
  0x000001ba5da23dfc: 0000 e929 | 0000 0049 | 83b9 a008 | 0000 0075 | 174d 8981 | a008 0000 | 49c7 81a8 | 0800 0001 
  0x000001ba5da23e1c: 0000 00e9 | 0800 0000 | 4983 8188 | 0800 0001 | 448b 8424 | cc00 0000 | 448b 8c24 | c800 0000 
  0x000001ba5da23e3c: 488b bc24 | 8800 0000 | 488b f049 | 8bd3 0f1f 

  0x000001ba5da23e4c: ;   {optimized virtual_call}
  0x000001ba5da23e4c: 4400 00e8 

  0x000001ba5da23e50: ; ImmutableOopMap {[128]=Oop [192]=Oop [208]=Oop }
                      ;*invokevirtual charsToGlyphs {reexecute=0 rethrow=0 return_oop=0}
                      ; - com.sun.javafx.text.PrismTextLayout::shape@394 (line 900)
  0x000001ba5da23e50: 7910 0000 

  0x000001ba5da23e54: ;   {post_call_nop}
  0x000001ba5da23e54: 0f1f 8400 | cc18 000b | 8bbc 24c8 | 0000 00ff | c7d1 e748 

  0x000001ba5da23e68: ;   {metadata({type array float})}
  0x000001ba5da23e68: 8bdf 48ba | 583f 182c | 0000 0000 | 4863 db48 | 8bfb 4881 | fbff ffff | 000f 8794 | 0c00 00be 
  0x000001ba5da23e88: 1700 0000 | 488d 349e | 4883 e6f8 | 498b 87c8 | 0100 0048 | 8d34 3049 | 3bb7 d801 | 0000 0f87 
  0x000001ba5da23ea8: 6f0c 0000 | 4989 b7c8 | 0100 0048 | 2bf0 48c7 | 0001 0000 | 0048 8bca | 41ba 0000 | 002c 492b 
  0x000001ba5da23ec8: ca89 4808 | 8958 0c48 | 83ee 1048 | 85f6 0f84 | 1100 0000 | 4833 db48 | c1ee 0348 | 895c f008 
  0x000001ba5da23ee8: 48ff ce75 | f648 8984 | 24e0 0000 | 00be 0000 

  0x000001ba5da23ef8: ;   {section_word}
  0x000001ba5da23ef8: 0000 c5fa | 100d aee7 | ffff e948 | 0100 0090 | 3b70 0c0f | 8314 0c00 | 004c 63c6 | 468b 4480 
  0x000001ba5da23f18: 1048 8bd3 

  0x000001ba5da23f1c: ;   {metadata(method data for {method} {0x000001ba7ac8ef88} 'shape' '(Lcom/sun/javafx/text/TextRun;[CLcom/sun/javafx/text/GlyphLayout;)V' in 'com/sun/javafx/text/PrismTextLayout')}
  0x000001ba5da23f1c: 49b9 18b7 | 407c ba01 | 0000 8b52 | 0841 ba00 | 0000 2c49 | 03d2 493b | 91e0 0800 | 0075 0d49 
  0x000001ba5da23f3c: 8381 e808 | 0000 01e9 | 6000 0000 | 493b 91f0 | 0800 0075 | 0d49 8381 | f808 0000 | 01e9 4a00 
  0x000001ba5da23f5c: 0000 4983 | b9e0 0800 | 0000 7517 | 4989 91e0 | 0800 0049 | c781 e808 | 0000 0100 | 0000 e929 
  0x000001ba5da23f7c: 0000 0049 | 83b9 f008 | 0000 0075 | 1749 8991 | f008 0000 | 49c7 81f8 | 0800 0001 | 0000 00e9 
  0x000001ba5da23f9c: 0800 0000 | 4983 81d8 | 0800 0001 | c5f8 28d0 | c5f8 28c2 | 488b d389 | b424 d800 | 0000 6666 
  0x000001ba5da23fbc: 9048 b818 | b4df 13ba 

  0x000001ba5da23fc4: ;   {virtual_call}
  0x000001ba5da23fc4: 0100 00e8 

  0x000001ba5da23fc8: ; ImmutableOopMap {[128]=Oop [192]=Oop [208]=Oop [224]=Oop }
                      ;*invokeinterface getAdvance {reexecute=0 rethrow=0 return_oop=0}
                      ; - com.sun.javafx.text.PrismTextLayout::shape@429 (line 904)
  0x000001ba5da23fc8: 46b8 f4ff 

  0x000001ba5da23fcc: ;   {post_call_nop}
  0x000001ba5da23fcc: 0f1f 8400 | 441a 000c | 8bb4 24d8 | 0000 00d1 | e648 8b84 | 24e0 0000 | 003b 700c | 0f83 450b 
  0x000001ba5da23fec: 0000 4863 | f6c5 fa10 | 8c24 0001 | 0000 c5fa | 114c b010 | c5fa 58c1 | 8bb4 24d8 | 0000 00ff 
  0x000001ba5da2400c: ;   {metadata(method data for {method} {0x000001ba7ac8ef88} 'shape' '(Lcom/sun/javafx/text/TextRun;[CLcom/sun/javafx/text/GlyphLayout;)V' in 'com/sun/javafx/text/PrismTextLayout')}
  0x000001ba5da2400c: c648 ba18 | b740 7cba | 0100 008b | ba94 0000 | 0083 c702 | 89ba 9400 | 0000 81e7 | fe3f 0000 
  0x000001ba5da2402c: 85ff 0f84 | 0d0b 0000 

  0x000001ba5da24034: ; ImmutableOopMap {rax=Oop [128]=Oop [192]=Oop [208]=Oop [224]=Oop }
                      ;*goto {reexecute=1 rethrow=0 return_oop=0}
                      ; - (reexecute) com.sun.javafx.text.PrismTextLayout::shape@455 (line 903)
  0x000001ba5da24034: 4d8b 5730 

  0x000001ba5da24038: ;   {poll}
  0x000001ba5da24038: 4185 0248 | ba18 b740 | 7cba 0100 | 00ff 8208 | 0900 00c5 | f828 c8c5 | fa11 8c24 | 0001 0000 
  0x000001ba5da24058: 488b 8424 | d000 0000 | c5fa 1084 | 24fc 0000 | 008b bc24 | c800 0000 | 488b 9c24 | c000 0000 
  0x000001ba5da24078: ;   {metadata(method data for {method} {0x000001ba7ac8ef88} 'shape' '(Lcom/sun/javafx/text/TextRun;[CLcom/sun/javafx/text/GlyphLayout;)V' in 'com/sun/javafx/text/PrismTextLayout')}
  0x000001ba5da24078: 3bf7 49b8 | 18b7 407c | ba01 0000 | bab8 0800 | 007d 05ba | c808 0000 | 4d8b 0c10 | 4d8d 4901 
  0x000001ba5da24098: 4d89 0c10 | 0f8d ac05 | 0000 e961 | feff ff0f | be73 1c85 

  0x000001ba5da240ac: ;   {metadata(method data for {method} {0x000001ba7ac8ef88} 'shape' '(Lcom/sun/javafx/text/TextRun;[CLcom/sun/javafx/text/GlyphLayout;)V' in 'com/sun/javafx/text/PrismTextLayout')}
  0x000001ba5da240ac: f648 be18 | b740 7cba | 0100 00bf | 7809 0000 | 7405 bf68 | 0900 0048 | 8b1c 3e48 | 8d5b 0148 
  0x000001ba5da240cc: 891c 3e0f | 8415 0000 | 0044 8b84 | 24c8 0000 | 0048 8bbc | 2480 0000 | 00e9 7b04 | 0000 488b 
  0x000001ba5da240ec: bc24 b000 

  0x000001ba5da240f0: ;   {metadata(method data for {method} {0x000001ba7ac8ef88} 'shape' '(Lcom/sun/javafx/text/TextRun;[CLcom/sun/javafx/text/GlyphLayout;)V' in 'com/sun/javafx/text/PrismTextLayout')}
  0x000001ba5da240f0: 0000 48bb | 18b7 407c | ba01 0000 | 8b7f 0841 | ba00 0000 | 2c49 03fa | 483b bb90 | 0900 0075 
  0x000001ba5da24110: 0d48 8383 | 9809 0000 | 01e9 6000 | 0000 483b | bba0 0900 | 0075 0d48 | 8383 a809 | 0000 01e9 
  0x000001ba5da24130: 4a00 0000 | 4883 bb90 | 0900 0000 | 7517 4889 | bb90 0900 | 0048 c783 | 9809 0000 | 0100 0000 
  0x000001ba5da24150: e929 0000 | 0048 83bb | a009 0000 | 0075 1748 | 89bb a009 | 0000 48c7 | 83a8 0900 | 0001 0000 
  0x000001ba5da24170: 00e9 0800 | 0000 4883 | 8388 0900 | 0001 488b | 9424 b000 | 0000 0f1f | 8000 0000 | 0048 b840 
  0x000001ba5da24190: b4df 13ba 

  0x000001ba5da24194: ;   {virtual_call}
  0x000001ba5da24194: 0100 00e8 

  0x000001ba5da24198: ; ImmutableOopMap {[120]=Oop [128]=Oop [136]=Oop [192]=Oop }
                      ;*invokeinterface getSize {reexecute=0 rethrow=0 return_oop=0}
                      ; - com.sun.javafx.text.PrismTextLayout::shape@493 (line 916)
  0x000001ba5da24198: 7650 3207 

  0x000001ba5da2419c: ;   {post_call_nop}
  0x000001ba5da2419c: 0f1f 8400 | 141c 000e | c5fa 1184 | 2404 0100 | 0048 8b84 | 24c0 0000 | 0048 3b00 

  0x000001ba5da241b8: ;   {metadata(method data for {method} {0x000001ba7ac8ef88} 'shape' '(Lcom/sun/javafx/text/TextRun;[CLcom/sun/javafx/text/GlyphLayout;)V' in 'com/sun/javafx/text/PrismTextLayout')}
  0x000001ba5da241b8: 488b d048 | be18 b740 | 7cba 0100 | 008b 5208 | 41ba 0000 | 002c 4903 | d248 3b96 | c009 0000 
  0x000001ba5da241d8: 750d 4883 | 86c8 0900 | 0001 e960 | 0000 0048 | 3b96 d009 | 0000 750d | 4883 86d8 | 0900 0001 
  0x000001ba5da241f8: e94a 0000 | 0048 83be | c009 0000 | 0075 1748 | 8996 c009 | 0000 48c7 | 86c8 0900 | 0001 0000 
  0x000001ba5da24218: 00e9 2900 | 0000 4883 | bed0 0900 | 0000 7517 | 4889 96d0 | 0900 0048 | c786 d809 | 0000 0100 
  0x000001ba5da24238: 0000 e908 | 0000 0048 | 8386 b809 | 0000 0148 | 8bd0 6666 | 9048 b868 | b4df 13ba 

  0x000001ba5da24254: ;   {virtual_call}
  0x000001ba5da24254: 0100 00e8 

  0x000001ba5da24258: ; ImmutableOopMap {[120]=Oop [128]=Oop [136]=Oop [192]=Oop }
                      ;*invokeinterface getGlyphMapper {reexecute=0 rethrow=0 return_oop=0}
                      ; - com.sun.javafx.text.PrismTextLayout::shape@502 (line 917)
  0x000001ba5da24258: b685 f4ff 

  0x000001ba5da2425c: ;   {post_call_nop}
  0x000001ba5da2425c: 0f1f 8400 | d41c 000f | 488b 5424 | 7844 8b42 | 4c49 c1e0 | 0341 8b70 | 2048 c1e6 | 0348 3b00 
  0x000001ba5da2427c: ;   {metadata(method data for {method} {0x000001ba7ac8ef88} 'shape' '(Lcom/sun/javafx/text/TextRun;[CLcom/sun/javafx/text/GlyphLayout;)V' in 'com/sun/javafx/text/PrismTextLayout')}
  0x000001ba5da2427c: 4c8b c049 | b918 b740 | 7cba 0100 | 0045 8b40 | 0841 ba00 | 0000 2c4d | 03c2 4d3b | 81f0 0900 
  0x000001ba5da2429c: 0075 0d49 | 8381 f809 | 0000 01e9 | 6000 0000 | 4d3b 8100 | 0a00 0075 | 0d49 8381 | 080a 0000 
  0x000001ba5da242bc: 01e9 4a00 | 0000 4983 | b9f0 0900 | 0000 7517 | 4d89 81f0 | 0900 0049 | c781 f809 | 0000 0100 
  0x000001ba5da242dc: 0000 e929 | 0000 0049 | 83b9 000a | 0000 0075 | 174d 8981 | 000a 0000 | 49c7 8108 | 0a00 0001 
  0x000001ba5da242fc: 0000 00e9 | 0800 0000 | 4983 81e8 | 0900 0001 | 448b 8424 | cc00 0000 | 448b 8c24 | c800 0000 
  0x000001ba5da2431c: 488b bc24 | 8800 0000 | 8b8c 24cc | 0000 0048 

  0x000001ba5da2432c: ;   {optimized virtual_call}
  0x000001ba5da2432c: 8bd0 90e8 

  0x000001ba5da24330: ; ImmutableOopMap {[120]=Oop [128]=Oop [192]=Oop }
                      ;*invokevirtual charsToGlyphs {reexecute=0 rethrow=0 return_oop=0}
                      ; - com.sun.javafx.text.PrismTextLayout::shape@525 (line 918)
  0x000001ba5da24330: d90b 0000 

  0x000001ba5da24334: ;   {post_call_nop}
  0x000001ba5da24334: 0f1f 8400 | ac1d 0010 | 8bb4 24cc | 0000 0003 | b424 c800 | 0000 89b4 | 24e8 0000 | 008b bc24 
  0x000001ba5da24354: cc00 0000 

  0x000001ba5da24358: ;   {section_word}
  0x000001ba5da24358: c5fa 100d | 54e3 ffff | c5fa 118c | 2408 0100 | 00c5 fa10 | 8424 0401 | 0000 488b | 8424 c000 
  0x000001ba5da24378: 0000 488b | 5424 78e9 | 8401 0000 | 0f1f 4000 | 448b 424c | 49c1 e003 

  0x000001ba5da24390: ; implicit exception: dispatches to 0x000001ba5da24b76
  0x000001ba5da24390: 458b 4020 | 49c1 e003 

  0x000001ba5da24398: ; implicit exception: dispatches to 0x000001ba5da24b7b
  0x000001ba5da24398: 413b 780c | 0f83 e307 | 0000 4863 | df45 8b44 | 9810 488b 

  0x000001ba5da243ac: ;   {metadata(method data for {method} {0x000001ba7ac8ef88} 'shape' '(Lcom/sun/javafx/text/TextRun;[CLcom/sun/javafx/text/GlyphLayout;)V' in 'com/sun/javafx/text/PrismTextLayout')}
  0x000001ba5da243ac: d848 b918 | b740 7cba | 0100 008b | 5b08 41ba | 0000 002c | 4903 da48 | 3b99 400a | 0000 750d 
  0x000001ba5da243cc: 4883 8148 | 0a00 0001 | e960 0000 | 0048 3b99 | 500a 0000 | 750d 4883 | 8158 0a00 | 0001 e94a 
  0x000001ba5da243ec: 0000 0048 | 83b9 400a | 0000 0075 | 1748 8999 | 400a 0000 | 48c7 8148 | 0a00 0001 | 0000 00e9 
  0x000001ba5da2440c: 2900 0000 | 4883 b950 | 0a00 0000 | 7517 4889 | 9950 0a00 | 0048 c781 | 580a 0000 | 0100 0000 
  0x000001ba5da2442c: e908 0000 | 0048 8381 | 380a 0000 | 01c5 f828 | d0c5 f828 | c248 8bd0 | 89bc 24dc | 0000 0066 
  0x000001ba5da2444c: 9048 b890 | b4df 13ba 

  0x000001ba5da24454: ;   {virtual_call}
  0x000001ba5da24454: 0100 00e8 

  0x000001ba5da24458: ; ImmutableOopMap {[120]=Oop [128]=Oop [192]=Oop }
                      ;*invokeinterface getAdvance {reexecute=0 rethrow=0 return_oop=0}
                      ; - com.sun.javafx.text.PrismTextLayout::shape@563 (line 922)
  0x000001ba5da24458: b6b3 f4ff 

  0x000001ba5da2445c: ;   {post_call_nop}
  0x000001ba5da2445c: 0f1f 8400 | d41e 0011 | 488b 5424 | 7844 8b42 | 4c49 c1e0 | 0345 8b40 | 2449 c1e0 | 038b bc24 
  0x000001ba5da2447c: dc00 0000 

  0x000001ba5da24480: ; implicit exception: dispatches to 0x000001ba5da24b98
  0x000001ba5da24480: 413b 780c | 0f83 1807 | 0000 4c63 | cfc4 817a | 1144 8810 | c5fa 5884 | 2408 0100 

  0x000001ba5da2449c: ;   {metadata(method data for {method} {0x000001ba7ac8ef88} 'shape' '(Lcom/sun/javafx/text/TextRun;[CLcom/sun/javafx/text/GlyphLayout;)V' in 'com/sun/javafx/text/PrismTextLayout')}
  0x000001ba5da2449c: 00ff c749 | b818 b740 | 7cba 0100 | 0045 8b88 | 9400 0000 | 4183 c102 | 4589 8894 | 0000 0041 
  0x000001ba5da244bc: 81e1 fe3f | 0000 4585 | c90f 84e5 | 0600 004d 

  0x000001ba5da244cc: ; ImmutableOopMap {rdx=Oop [120]=Oop [128]=Oop [192]=Oop }
                      ;*goto {reexecute=1 rethrow=0 return_oop=0}
                      ; - (reexecute) com.sun.javafx.text.PrismTextLayout::shape@592 (line 921)
                      ;   {poll}
  0x000001ba5da244cc: 8b57 3041 

  0x000001ba5da244d0: ;   {metadata(method data for {method} {0x000001ba7ac8ef88} 'shape' '(Lcom/sun/javafx/text/TextRun;[CLcom/sun/javafx/text/GlyphLayout;)V' in 'com/sun/javafx/text/PrismTextLayout')}
  0x000001ba5da244d0: 8502 49b8 | 18b7 407c | ba01 0000 | 41ff 8068 | 0a00 00c5 | f828 c8c5 | fa11 8c24 | 0801 0000 
  0x000001ba5da244f0: 8bb4 24e8 | 0000 00c5 | fa10 8424 | 0401 0000 | 488b 8424 | c000 0000 

  0x000001ba5da24508: ;   {metadata(method data for {method} {0x000001ba7ac8ef88} 'shape' '(Lcom/sun/javafx/text/TextRun;[CLcom/sun/javafx/text/GlyphLayout;)V' in 'com/sun/javafx/text/PrismTextLayout')}
  0x000001ba5da24508: 3bfe 49b8 | 18b7 407c | ba01 0000 | bb28 0a00 | 007c 05bb | 180a 0000 | 498b 0c18 | 488d 4901 
  0x000001ba5da24528: 4989 0c18 | 0f8c 56fe | ffff c5fa | 108c 2408 | 0100 0048 | 8bbc 2480 | 0000 004c 

  0x000001ba5da24544: ;   {metadata(method data for {method} {0x000001ba7ac8ef88} 'shape' '(Lcom/sun/javafx/text/TextRun;[CLcom/sun/javafx/text/GlyphLayout;)V' in 'com/sun/javafx/text/PrismTextLayout')}
  0x000001ba5da24544: 8bc7 49b9 | 18b7 407c | ba01 0000 | 4983 8190 | 0a00 0001 | c5fa 114f | 1844 8b84 | 24c8 0000 
  0x000001ba5da24564: 0044 8b4a | 4c49 c1e1 | 0341 8b71 | 2048 c1e6 | 0345 8b49 | 2449 c1e1 | 0348 8bd7 

  0x000001ba5da24580: ;   {metadata(method data for {method} {0x000001ba7ac8ef88} 'shape' '(Lcom/sun/javafx/text/TextRun;[CLcom/sun/javafx/text/GlyphLayout;)V' in 'com/sun/javafx/text/PrismTextLayout')}
  0x000001ba5da24580: 48bb 18b7 | 407c ba01 | 0000 4883 | 83c0 0a00 

  0x000001ba5da24590: ;   {metadata(method data for {method} {0x000001ba7b095b48} 'shape' '(I[I[F)V' in 'com/sun/javafx/text/TextRun')}
  0x000001ba5da24590: 0001 48ba | 08f9 947c | ba01 0000 | 8b9a 9000 | 0000 83c3 | 0289 9a90 | 0000 0081 | e3fe ff1f 
  0x000001ba5da245b0: 0085 db0f | 841d 0600 | 0044 8947 | 0c45 0fbe | 4748 4585 | c00f 852c | 0600 004c | 8bd6 49c1 
  0x000001ba5da245d0: ea03 4489 | 5740 4c8b | c74c 33c6 | 49c1 e816 | 4983 f800 | 0f85 2d06 | 0000 450f | be47 4845 
  0x000001ba5da245f0: 85c0 0f85 | 3706 0000 | 4d8b d149 | c1ea 0344 | 8957 444c | 8bc7 4d33 | c149 c1e8 | 1649 83f8 
  0x000001ba5da24610: 000f 8538 | 0600 0045 | 0fbe 4748 | 4585 c00f | 8542 0600 | 00c7 4748 | 0000 0000 | 448b 472c 
  0x000001ba5da24630: 4181 c800 | 1000 0044 | 8947 2c48 | 81c4 2001 

  0x000001ba5da24640: ;   {poll_return}
  0x000001ba5da24640: 0000 5d49 | 3b67 280f | 873a 0600 | 00c3 c5fa | 108c 2400 | 0100 004c | 8bc8 4c8b | c748 8bbc 
  0x000001ba5da24660: 2480 0000 | 0048 8b84 | 24e0 0000 | 0049 8bf0 | d1e6 3b70 | 0c0f 8322 | 0600 0048 | 63f6 c5fa 
  0x000001ba5da24680: 114c b010 

  0x000001ba5da24684: ;   {metadata(method data for {method} {0x000001ba7ac8ef88} 'shape' '(Lcom/sun/javafx/text/TextRun;[CLcom/sun/javafx/text/GlyphLayout;)V' in 'com/sun/javafx/text/PrismTextLayout')}
  0x000001ba5da24684: 488b f748 | ba18 b740 | 7cba 0100 

  0x000001ba5da24690: ;   {metadata('com/sun/javafx/text/TextRun')}
  0x000001ba5da24690: 0049 ba68 | 2732 2d00 | 0000 004c | 8992 2809 | 0000 4883 | 8230 0900 

  0x000001ba5da246a8: ;   {metadata(method data for {method} {0x000001ba7b095a88} 'shape' '(I[I[F[I)V' in 'com/sun/javafx/text/TextRun')}
  0x000001ba5da246a8: 0001 48be | 50f5 947c | ba01 0000 | 8b96 9000 | 0000 83c2 | 0289 9690 | 0000 0081 | e2fe ff1f 
  0x000001ba5da246c8: 0085 d20f | 84da 0500 | 0044 8947 | 0c45 0fbe | 4748 4585 | c00f 85e9 | 0500 004d | 8bd1 49c1 
  0x000001ba5da246e8: ea03 4489 | 5740 4c8b | c74d 33c1 | 49c1 e816 | 4983 f800 | 0f85 ea05 | 0000 450f | be47 4845 
  0x000001ba5da24708: 85c0 0f85 | f405 0000 | 4c8b d049 | c1ea 0344 | 8957 444c | 8bc7 4c33 | c049 c1e8 | 1649 83f8 
  0x000001ba5da24728: 000f 85f5 | 0500 0045 | 0fbe 4748 | 4585 c00f | 85ff 0500 | 00c7 4748 | 0000 0000 

  0x000001ba5da24744: ;   {metadata(method data for {method} {0x000001ba7ac8ef88} 'shape' '(Lcom/sun/javafx/text/TextRun;[CLcom/sun/javafx/text/GlyphLayout;)V' in 'com/sun/javafx/text/PrismTextLayout')}
  0x000001ba5da24744: 49b8 18b7 | 407c ba01 | 0000 41ff | 8050 0900 | 0048 81c4 | 2001 0000 

  0x000001ba5da2475c: ;   {poll_return}
  0x000001ba5da2475c: 5d49 3b67 | 280f 87f5 | 0500 00c3 | 488b b424 | a800 0000 | 488b 8424 | b000 0000 | 488b 9424 
  0x000001ba5da2477c: 9000 0000 | 488b 9c24 | 8800 0000 | 498b f848 | 3b02 4c8b 

  0x000001ba5da24790: ;   {metadata(method data for {method} {0x000001ba7ac8ef88} 'shape' '(Lcom/sun/javafx/text/TextRun;[CLcom/sun/javafx/text/GlyphLayout;)V' in 'com/sun/javafx/text/PrismTextLayout')}
  0x000001ba5da24790: c249 b918 | b740 7cba 

  0x000001ba5da24798: ;   {metadata('com/sun/javafx/font/directwrite/DWGlyphLayout')}
  0x000001ba5da24798: 0100 0049 | ba38 5211 | 2d00 0000 | 004d 8991 | 3807 0000 | 4983 8140 | 0700 0001 | 4c8b c74c 
  0x000001ba5da247b8: 8bce 488b | f848 8bf3 | 0f1f 8000 

  0x000001ba5da247c4: ;   {optimized virtual_call}
  0x000001ba5da247c4: 0000 00e8 

  0x000001ba5da247c8: ; ImmutableOopMap {}
                      ;*invokevirtual layout {reexecute=0 rethrow=0 return_oop=0}
                      ; - com.sun.javafx.text.PrismTextLayout::shape@327 (line 887)
  0x000001ba5da247c8: 6107 0000 

  0x000001ba5da247cc: ;   {post_call_nop}
  0x000001ba5da247cc: 0f1f 8400 | 4422 0013 

  0x000001ba5da247d4: ;   {metadata(method data for {method} {0x000001ba7ac8ef88} 'shape' '(Lcom/sun/javafx/text/TextRun;[CLcom/sun/javafx/text/GlyphLayout;)V' in 'com/sun/javafx/text/PrismTextLayout')}
  0x000001ba5da247d4: 48b9 18b7 | 407c ba01 | 0000 ff81 | 6007 0000 | 4881 c420 | 0100 005d 

  0x000001ba5da247ec: ;   {poll_return}
  0x000001ba5da247ec: 493b 6728 | 0f87 8105 | 0000 c348 | 81c4 2001 

  0x000001ba5da247fc: ;   {poll_return}
  0x000001ba5da247fc: 0000 5d49 | 3b67 280f | 8784 0500 | 00c3 4881 | c420 0100 

  0x000001ba5da24810: ;   {poll_return}
  0x000001ba5da24810: 005d 493b | 6728 0f87 | 8705 0000 | c348 81c4 | 2001 0000 

  0x000001ba5da24824: ;   {poll_return}
  0x000001ba5da24824: 5d49 3b67 | 280f 878a | 0500 00c3 | 498b c8d3 | fe48 8b84 | 2498 0000 | 004c 8bc7 

  0x000001ba5da24840: ;   {metadata(method data for {method} {0x000001ba7ac8ef88} 'shape' '(Lcom/sun/javafx/text/TextRun;[CLcom/sun/javafx/text/GlyphLayout;)V' in 'com/sun/javafx/text/PrismTextLayout')}
  0x000001ba5da24840: 49b9 18b7 | 407c ba01 

  0x000001ba5da24848: ;   {metadata('com/sun/javafx/text/TextRun')}
  0x000001ba5da24848: 0000 49ba | 6827 322d | 0000 0000 | 4d89 9160 | 0200 0049 | 8381 6802 | 0000 014c | 8bc0 4c8b 
  0x000001ba5da24868: ce48 8bd7 

  0x000001ba5da2486c: ;   {optimized virtual_call}
  0x000001ba5da2486c: 6666 90e8 

  0x000001ba5da24870: ; ImmutableOopMap {}
                      ;*invokevirtual setEmbedded {reexecute=0 rethrow=0 return_oop=0}
                      ; - com.sun.javafx.text.PrismTextLayout::shape@61 (line 839)
  0x000001ba5da24870: 6ca9 a706 

  0x000001ba5da24874: ;   {post_call_nop}
  0x000001ba5da24874: 0f1f 8400 | ec22 0014 | 4881 c420 | 0100 005d 

  0x000001ba5da24884: ;   {poll_return}
  0x000001ba5da24884: 493b 6728 | 0f87 4105 | 0000 c348 | 81c4 2001 

  0x000001ba5da24894: ;   {poll_return}
  0x000001ba5da24894: 0000 5d49 | 3b67 280f | 8744 0500 

  0x000001ba5da248a0: ;   {metadata({method} {0x000001ba7ac8ef88} 'shape' '(Lcom/sun/javafx/text/TextRun;[CLcom/sun/javafx/text/GlyphLayout;)V' in 'com/sun/javafx/text/PrismTextLayout')}
  0x000001ba5da248a0: 00c3 49ba | 80ef c87a | ba01 0000 | 4c89 5424 | 0848 c704 | 24ff ffff 

  0x000001ba5da248b8: ;   {runtime_call C1 Runtime counter_overflow_blob}
  0x000001ba5da248b8: ffe8 2295 

  0x000001ba5da248bc: ; ImmutableOopMap {rdx=Oop r8=Oop r9=Oop rdi=Oop [120]=Oop [128]=Oop }
                      ;*synchronization entry
                      ; - com.sun.javafx.text.PrismTextLayout::shape@-1 (line 833)
  0x000001ba5da248bc: b506 e970 

  0x000001ba5da248c0: ;   {runtime_call C1 Runtime throw_null_pointer_exception_blob}
  0x000001ba5da248c0: deff ffe8 

  0x000001ba5da248c4: ; ImmutableOopMap {rdx=Oop r8=Oop r9=Oop rdi=Oop [120]=Oop [128]=Oop }
                      ;*arraylength {reexecute=0 rethrow=0 return_oop=0}
                      ; - com.sun.javafx.text.PrismTextLayout::shape@11 (line 834)
  0x000001ba5da248c4: 182f b506 

  0x000001ba5da248c8: ;   {runtime_call C1 Runtime throw_null_pointer_exception_blob}
  0x000001ba5da248c8: e813 2fb5 

  0x000001ba5da248cc: ; ImmutableOopMap {r8=Oop [120]=Oop [128]=Oop [136]=Oop [144]=Oop }
                      ;*invokevirtual getTextSpan {reexecute=0 rethrow=0 return_oop=0}
                      ; - com.sun.javafx.text.PrismTextLayout::shape@17 (line 835)
                      ;   {runtime_call C1 Runtime throw_null_pointer_exception_blob}
  0x000001ba5da248cc: 06e8 0e2f 

  0x000001ba5da248d0: ; ImmutableOopMap {r8=Oop rsi=Oop [112]=Oop [120]=Oop [128]=Oop [136]=Oop [144]=Oop }
                      ;*invokeinterface getFont {reexecute=0 rethrow=0 return_oop=0}
                      ; - com.sun.javafx.text.PrismTextLayout::shape@24 (line 836)
  0x000001ba5da248d0: b506 4889 

  0x000001ba5da248d4: ;   {runtime_call C1 Runtime throw_class_cast_exception_blob}
  0x000001ba5da248d4: 0424 e885 

  0x000001ba5da248d8: ; ImmutableOopMap {[112]=Oop [120]=Oop [128]=Oop [136]=Oop [144]=Oop }
                      ;*checkcast {reexecute=0 rethrow=0 return_oop=0}
                      ; - com.sun.javafx.text.PrismTextLayout::shape@29 (line 836)
                      ;   {runtime_call C1 Runtime throw_null_pointer_exception_blob}
  0x000001ba5da248d8: 5bb5 06e8 

  0x000001ba5da248dc: ; ImmutableOopMap {rax=Oop [128]=Oop [152]=Oop }
                      ;*invokevirtual length {reexecute=0 rethrow=0 return_oop=0}
                      ; - com.sun.javafx.text.PrismTextLayout::shape@58 (line 839)
  0x000001ba5da248dc: 002f b506 

  0x000001ba5da248e0: ;   {metadata({method} {0x000000002c187d60} 'length' '()I' in 'java/lang/String')}
  0x000001ba5da248e0: 49ba 587d | 182c 0000 | 0000 4c89 | 5424 0848 | c704 24ff 

  0x000001ba5da248f4: ;   {runtime_call C1 Runtime counter_overflow_blob}
  0x000001ba5da248f4: ffff ffe8 

  0x000001ba5da248f8: ; ImmutableOopMap {rax=Oop [128]=Oop [152]=Oop }
                      ;*synchronization entry
                      ; - java.lang.String::length@-1 (line 1583)
                      ; - com.sun.javafx.text.PrismTextLayout::shape@58 (line 839)
  0x000001ba5da248f8: e494 b506 | e99f e2ff 

  0x000001ba5da24900: ;   {runtime_call C1 Runtime throw_null_pointer_exception_blob}
  0x000001ba5da24900: ffe8 da2e 

  0x000001ba5da24904: ; ImmutableOopMap {rax=Oop [128]=Oop [152]=Oop }
                      ;*arraylength {reexecute=0 rethrow=0 return_oop=0}
                      ; - java.lang.String::length@4 (line 1583)
                      ; - com.sun.javafx.text.PrismTextLayout::shape@58 (line 839)
                      ;   {metadata({method} {0x000000002c4adaf8} 'coder' '()B' in 'java/lang/String')}
  0x000001ba5da24904: b506 49ba | f0da 4a2c | 0000 0000 | 4c89 5424 | 0848 c704 | 24ff ffff 

  0x000001ba5da2491c: ;   {runtime_call C1 Runtime counter_overflow_blob}
  0x000001ba5da2491c: ffe8 be94 

  0x000001ba5da24920: ; ImmutableOopMap {rax=Oop [128]=Oop [152]=Oop }
                      ;*synchronization entry
                      ; - java.lang.String::coder@-1 (line 4885)
                      ; - java.lang.String::length@6 (line 1583)
                      ; - com.sun.javafx.text.PrismTextLayout::shape@58 (line 839)
  0x000001ba5da24920: b506 e93e 

  0x000001ba5da24924: ;   {runtime_call C1 Runtime throw_incompatible_class_change_error_blob}
  0x000001ba5da24924: e3ff ffe8 

  0x000001ba5da24928: ; ImmutableOopMap {rsi=Oop [120]=Oop [128]=Oop [136]=Oop [144]=Oop }
                      ;*invokeinterface getStrike {reexecute=0 rethrow=0 return_oop=0}
                      ; - com.sun.javafx.text.PrismTextLayout::shape@70 (line 842)
  0x000001ba5da24928: 345e b506 

  0x000001ba5da2492c: ;   {runtime_call C1 Runtime throw_null_pointer_exception_blob}
  0x000001ba5da2492c: e8af 2eb5 

  0x000001ba5da24930: ; ImmutableOopMap {rsi=Oop [120]=Oop [128]=Oop [136]=Oop [144]=Oop }
                      ;*invokeinterface getStrike {reexecute=0 rethrow=0 return_oop=0}
                      ; - com.sun.javafx.text.PrismTextLayout::shape@70 (line 842)
                      ;   {metadata({method} {0x000001ba7a87df30} 'getStrike' '(Lcom/sun/javafx/geom/transform/BaseTransform;)Lcom/sun/javafx/font/FontStrike;' in 'com/sun/javafx/font/PrismFont')}
  0x000001ba5da24930: 0649 ba28 | df87 7aba | 0100 004c | 8954 2408 | 48c7 0424 | ffff ffff 

  0x000001ba5da24948: ;   {runtime_call C1 Runtime counter_overflow_blob}
  0x000001ba5da24948: e893 94b5 

  0x000001ba5da2494c: ; ImmutableOopMap {rsi=Oop [120]=Oop [128]=Oop [136]=Oop [144]=Oop }
                      ;*synchronization entry
                      ; - com.sun.javafx.font.PrismFont::getStrike@-1 (line 79)
                      ; - com.sun.javafx.text.PrismTextLayout::shape@70 (line 842)
  0x000001ba5da2494c: 06e9 c0e3 

  0x000001ba5da24950: ;   {runtime_call C1 Runtime throw_null_pointer_exception_blob}
  0x000001ba5da24950: ffff e889 

  0x000001ba5da24954: ; ImmutableOopMap {rsi=Oop rdx=Oop [120]=Oop [128]=Oop [136]=Oop [144]=Oop }
                      ;*invokeinterface getStrike {reexecute=0 rethrow=0 return_oop=0}
                      ; - com.sun.javafx.font.PrismFont::getStrike@9 (line 79)
                      ; - com.sun.javafx.text.PrismTextLayout::shape@70 (line 842)
                      ;   {runtime_call C1 Runtime throw_null_pointer_exception_blob}
  0x000001ba5da24954: 2eb5 06e8 

  0x000001ba5da24958: ; ImmutableOopMap {rdx=Oop rsi=Oop rax=Oop r8=Oop [120]=Oop [128]=Oop [136]=Oop [144]=Oop }
                      ;*invokevirtual getAscent {reexecute=0 rethrow=0 return_oop=0}
                      ; - com.sun.javafx.text.PrismTextLayout::shape@93 (line 849)
  0x000001ba5da24958: 842e b506 

  0x000001ba5da2495c: ;   {runtime_call C1 Runtime throw_null_pointer_exception_blob}
  0x000001ba5da2495c: e87f 2eb5 

  0x000001ba5da24960: ; ImmutableOopMap {rax=Oop [120]=Oop [128]=Oop [136]=Oop [144]=Oop [168]=Oop }
                      ;*invokeinterface getMetrics {reexecute=0 rethrow=0 return_oop=0}
                      ; - com.sun.javafx.text.PrismTextLayout::shape@103 (line 850)
                      ;   {runtime_call C1 Runtime throw_incompatible_class_change_error_blob}
  0x000001ba5da24960: 06e8 fa5d 

  0x000001ba5da24964: ; ImmutableOopMap {rax=Oop rsi=Oop [120]=Oop [128]=Oop [136]=Oop [144]=Oop [176]=Oop [184]=Oop }
                      ;*invokeinterface getAscent {reexecute=0 rethrow=0 return_oop=0}
                      ; - com.sun.javafx.text.PrismTextLayout::shape@126 (line 857)
                      ;   {runtime_call C1 Runtime throw_null_pointer_exception_blob}
  0x000001ba5da24964: b506 e875 

  0x000001ba5da24968: ; ImmutableOopMap {rax=Oop rsi=Oop [120]=Oop [128]=Oop [136]=Oop [144]=Oop [176]=Oop [184]=Oop }
                      ;*invokeinterface getAscent {reexecute=0 rethrow=0 return_oop=0}
                      ; - com.sun.javafx.text.PrismTextLayout::shape@126 (line 857)
                      ;   {runtime_call C1 Runtime throw_incompatible_class_change_error_blob}
  0x000001ba5da24968: 2eb5 06e8 

  0x000001ba5da2496c: ; ImmutableOopMap {rax=Oop rsi=Oop [120]=Oop [128]=Oop [136]=Oop [144]=Oop [176]=Oop [184]=Oop }
                      ;*invokeinterface getFamilyName {reexecute=0 rethrow=0 return_oop=0}
                      ; - com.sun.javafx.text.PrismTextLayout::shape@135 (line 863)
  0x000001ba5da2496c: f05d b506 

  0x000001ba5da24970: ;   {runtime_call C1 Runtime throw_null_pointer_exception_blob}
  0x000001ba5da24970: e86b 2eb5 

  0x000001ba5da24974: ; ImmutableOopMap {rax=Oop rsi=Oop [120]=Oop [128]=Oop [136]=Oop [144]=Oop [176]=Oop [184]=Oop }
                      ;*invokeinterface getFamilyName {reexecute=0 rethrow=0 return_oop=0}
                      ; - com.sun.javafx.text.PrismTextLayout::shape@135 (line 863)
                      ;   {metadata({method} {0x000001ba7a87dc08} 'getFamilyName' '()Ljava/lang/String;' in 'com/sun/javafx/font/PrismFont')}
  0x000001ba5da24974: 0649 ba00 | dc87 7aba | 0100 004c | 8954 2408 | 48c7 0424 | ffff ffff 

  0x000001ba5da2498c: ;   {runtime_call C1 Runtime counter_overflow_blob}
  0x000001ba5da2498c: e84f 94b5 

  0x000001ba5da24990: ; ImmutableOopMap {rax=Oop rsi=Oop [120]=Oop [128]=Oop [136]=Oop [144]=Oop [176]=Oop [184]=Oop }
                      ;*synchronization entry
                      ; - com.sun.javafx.font.PrismFont::getFamilyName@-1 (line 51)
                      ; - com.sun.javafx.text.PrismTextLayout::shape@135 (line 863)
  0x000001ba5da24990: 06e9 e0e6 

  0x000001ba5da24994: ;   {runtime_call C1 Runtime throw_null_pointer_exception_blob}
  0x000001ba5da24994: ffff e845 

  0x000001ba5da24998: ; ImmutableOopMap {rax=Oop rsi=Oop rdi=Oop [120]=Oop [128]=Oop [136]=Oop [144]=Oop [176]=Oop [184]=Oop }
                      ;*invokeinterface getFamilyName {reexecute=0 rethrow=0 return_oop=0}
                      ; - com.sun.javafx.font.PrismFont::getFamilyName@4 (line 51)
                      ; - com.sun.javafx.text.PrismTextLayout::shape@135 (line 863)
                      ;   {runtime_call C1 Runtime throw_null_pointer_exception_blob}
  0x000001ba5da24998: 2eb5 06e8 

  0x000001ba5da2499c: ; ImmutableOopMap {rax=Oop [120]=Oop [128]=Oop [136]=Oop [144]=Oop [168]=Oop [176]=Oop [184]=Oop }
                      ;*invokevirtual equals {reexecute=0 rethrow=0 return_oop=0}
                      ; - com.sun.javafx.text.PrismTextLayout::shape@143 (line 863)
  0x000001ba5da2499c: 402e b506 

  0x000001ba5da249a0: ;   {runtime_call C1 Runtime throw_incompatible_class_change_error_blob}
  0x000001ba5da249a0: e8bb 5db5 

  0x000001ba5da249a4: ; ImmutableOopMap {rax=Oop [120]=Oop [128]=Oop [136]=Oop [144]=Oop [168]=Oop [176]=Oop [184]=Oop }
                      ;*invokeinterface getDescent {reexecute=0 rethrow=0 return_oop=0}
                      ; - com.sun.javafx.text.PrismTextLayout::shape@172 (line 867)
                      ;   {runtime_call C1 Runtime throw_incompatible_class_change_error_blob}
  0x000001ba5da249a4: 06e8 b65d 

  0x000001ba5da249a8: ; ImmutableOopMap {rax=Oop [120]=Oop [128]=Oop [136]=Oop [144]=Oop [168]=Oop [176]=Oop [184]=Oop }
                      ;*invokeinterface getLineGap {reexecute=0 rethrow=0 return_oop=0}
                      ; - com.sun.javafx.text.PrismTextLayout::shape@188 (line 868)
                      ;   {runtime_call C1 Runtime throw_incompatible_class_change_error_blob}
  0x000001ba5da249a8: b506 e8b1 

  0x000001ba5da249ac: ; ImmutableOopMap {rax=Oop [120]=Oop [128]=Oop [136]=Oop [144]=Oop [168]=Oop [176]=Oop [184]=Oop }
                      ;*invokeinterface getCapHeight {reexecute=0 rethrow=0 return_oop=0}
                      ; - com.sun.javafx.text.PrismTextLayout::shape@204 (line 869)
                      ;   {metadata({method} {0x000001ba7b099950} 'getCapHeight' '()F' in 'com/sun/javafx/font/PrismMetrics')}
  0x000001ba5da249ac: 5db5 0649 | ba48 9909 | 7bba 0100 | 004c 8954 | 2408 48c7 | 0424 ffff 

  0x000001ba5da249c4: ;   {runtime_call C1 Runtime counter_overflow_blob}
  0x000001ba5da249c4: ffff e815 

  0x000001ba5da249c8: ; ImmutableOopMap {rax=Oop [120]=Oop [128]=Oop [136]=Oop [144]=Oop [168]=Oop [176]=Oop [184]=Oop }
                      ;*synchronization entry
                      ; - com.sun.javafx.font.PrismMetrics::getCapHeight@-1 (line 102)
                      ; - com.sun.javafx.text.PrismTextLayout::shape@204 (line 869)
  0x000001ba5da249c8: 94b5 06e9 | ebe9 ffff 

  0x000001ba5da249d0: ;   {metadata({method} {0x000001ba7b0996b0} 'checkStyleMetrics' '()V' in 'com/sun/javafx/font/PrismMetrics')}
  0x000001ba5da249d0: 49ba a896 | 097b ba01 | 0000 4c89 | 5424 0848 | c704 24ff 

  0x000001ba5da249e4: ;   {runtime_call C1 Runtime counter_overflow_blob}
  0x000001ba5da249e4: ffff ffe8 

  0x000001ba5da249e8: ; ImmutableOopMap {rax=Oop [120]=Oop [128]=Oop [136]=Oop [144]=Oop [168]=Oop [176]=Oop [184]=Oop }
                      ;*synchronization entry
                      ; - com.sun.javafx.font.PrismMetrics::checkStyleMetrics@-1 (line 77)
                      ; - com.sun.javafx.font.PrismMetrics::getCapHeight@1 (line 102)
                      ; - com.sun.javafx.text.PrismTextLayout::shape@204 (line 869)
  0x000001ba5da249e8: f493 b506 | e906 eaff 

  0x000001ba5da249f0: ;   {runtime_call C1 Runtime throw_null_pointer_exception_blob}
  0x000001ba5da249f0: ffe8 ea2d 

  0x000001ba5da249f4: ; ImmutableOopMap {rax=Oop rdx=Oop [120]=Oop [128]=Oop [136]=Oop [144]=Oop [168]=Oop [176]=Oop [184]=Oop }
                      ;*invokevirtual getStyleMetrics {reexecute=0 rethrow=0 return_oop=0}
                      ; - com.sun.javafx.font.PrismMetrics::checkStyleMetrics@16 (line 78)
                      ; - com.sun.javafx.font.PrismMetrics::getCapHeight@1 (line 102)
                      ; - com.sun.javafx.text.PrismTextLayout::shape@204 (line 869)
  0x000001ba5da249f4: b506 8b72 | 2048 c1e6 | 0348 83fe | 000f 840a | ebff ff48 

  0x000001ba5da24a08: ;   {runtime_call g1_pre_barrier_slow}
  0x000001ba5da24a08: 8934 24e8 | d09a b506 | e9fc eaff | ff48 83f8 | 000f 8411 | ebff ff48 

  0x000001ba5da24a20: ;   {runtime_call g1_post_barrier_slow}
  0x000001ba5da24a20: 8914 24e8 | b89d b506 | e903 ebff 

  0x000001ba5da24a2c: ;   {runtime_call C1 Runtime throw_null_pointer_exception_blob}
  0x000001ba5da24a2c: ffe8 ae2d 

  0x000001ba5da24a30: ; ImmutableOopMap {rdx=Oop [120]=Oop [128]=Oop [136]=Oop [144]=Oop [168]=Oop [176]=Oop }
                      ;*faload {reexecute=0 rethrow=0 return_oop=0}
                      ; - com.sun.javafx.font.PrismMetrics::getCapHeight@9 (line 103)
                      ; - com.sun.javafx.text.PrismTextLayout::shape@204 (line 869)
                      ;   {runtime_call C1 Runtime throw_null_pointer_exception_blob}
  0x000001ba5da24a30: b506 e8a9 

  0x000001ba5da24a34: ; ImmutableOopMap {rdx=Oop [120]=Oop [128]=Oop [136]=Oop [144]=Oop [168]=Oop [176]=Oop }
                      ;*faload {reexecute=0 rethrow=0 return_oop=0}
                      ; - com.sun.javafx.font.PrismMetrics::getCapHeight@9 (line 103)
                      ; - com.sun.javafx.text.PrismTextLayout::shape@204 (line 869)
  0x000001ba5da24a34: 2db5 0648 | c704 2401 | 0000 0048 | 8954 2408 

  0x000001ba5da24a44: ;   {runtime_call C1 Runtime throw_range_check_failed_blob}
  0x000001ba5da24a44: e897 24b5 

  0x000001ba5da24a48: ; ImmutableOopMap {rdx=Oop [120]=Oop [128]=Oop [136]=Oop [144]=Oop [168]=Oop [176]=Oop }
                      ;*faload {reexecute=0 rethrow=0 return_oop=0}
                      ; - com.sun.javafx.font.PrismMetrics::getCapHeight@9 (line 103)
                      ; - com.sun.javafx.text.PrismTextLayout::shape@204 (line 869)
                      ;   {metadata({method} {0x000001ba7b094ca8} 'setMetrics' '(FFF)V' in 'com/sun/javafx/text/TextRun')}
  0x000001ba5da24a48: 0649 baa0 | 4c09 7bba | 0100 004c | 8954 2408 | 48c7 0424 | ffff ffff 

  0x000001ba5da24a60: ;   {runtime_call C1 Runtime counter_overflow_blob}
  0x000001ba5da24a60: e87b 93b5 

  0x000001ba5da24a64: ; ImmutableOopMap {r8=Oop [120]=Oop [128]=Oop [136]=Oop [144]=Oop [168]=Oop [176]=Oop }
                      ;*synchronization entry
                      ; - com.sun.javafx.text.TextRun::setMetrics@-1 (line 208)
                      ; - com.sun.javafx.text.PrismTextLayout::shape@258 (line 876)
  0x000001ba5da24a64: 06e9 01ec 

  0x000001ba5da24a68: ;   {runtime_call C1 Runtime throw_incompatible_class_change_error_blob}
  0x000001ba5da24a68: ffff e8f1 

  0x000001ba5da24a6c: ; ImmutableOopMap {r8=Oop rdx=Oop [120]=Oop [128]=Oop [136]=Oop [144]=Oop [168]=Oop [176]=Oop [184]=Oop }
                      ;*invokeinterface getAscent {reexecute=0 rethrow=0 return_oop=0}
                      ; - com.sun.javafx.text.PrismTextLayout::shape@267 (line 878)
                      ;   {runtime_call C1 Runtime throw_null_pointer_exception_blob}
  0x000001ba5da24a6c: 5cb5 06e8 

  0x000001ba5da24a70: ; ImmutableOopMap {r8=Oop rdx=Oop [120]=Oop [128]=Oop [136]=Oop [144]=Oop [168]=Oop [176]=Oop [184]=Oop }
                      ;*invokeinterface getAscent {reexecute=0 rethrow=0 return_oop=0}
                      ; - com.sun.javafx.text.PrismTextLayout::shape@267 (line 878)
  0x000001ba5da24a70: 6c2d b506 

  0x000001ba5da24a74: ;   {runtime_call C1 Runtime throw_incompatible_class_change_error_blob}
  0x000001ba5da24a74: e8e7 5cb5 

  0x000001ba5da24a78: ; ImmutableOopMap {r8=Oop rdx=Oop [120]=Oop [128]=Oop [136]=Oop [144]=Oop [168]=Oop [176]=Oop [184]=Oop }
                      ;*invokeinterface getDescent {reexecute=0 rethrow=0 return_oop=0}
                      ; - com.sun.javafx.text.PrismTextLayout::shape@274 (line 878)
                      ;   {runtime_call C1 Runtime throw_incompatible_class_change_error_blob}
  0x000001ba5da24a78: 06e8 e25c 

  0x000001ba5da24a7c: ; ImmutableOopMap {r8=Oop rdx=Oop [120]=Oop [128]=Oop [136]=Oop [144]=Oop [168]=Oop [176]=Oop [184]=Oop }
                      ;*invokeinterface getLineGap {reexecute=0 rethrow=0 return_oop=0}
                      ; - com.sun.javafx.text.PrismTextLayout::shape@281 (line 878)
                      ;   {metadata({method} {0x000001ba7b094ca8} 'setMetrics' '(FFF)V' in 'com/sun/javafx/text/TextRun')}
  0x000001ba5da24a7c: b506 49ba | a04c 097b | ba01 0000 | 4c89 5424 | 0848 c704 | 24ff ffff 

  0x000001ba5da24a94: ;   {runtime_call C1 Runtime counter_overflow_blob}
  0x000001ba5da24a94: ffe8 4693 

  0x000001ba5da24a98: ; ImmutableOopMap {r8=Oop [120]=Oop [128]=Oop [136]=Oop [144]=Oop [168]=Oop [176]=Oop }
                      ;*synchronization entry
                      ; - com.sun.javafx.text.TextRun::setMetrics@-1 (line 208)
                      ; - com.sun.javafx.text.PrismTextLayout::shape@286 (line 878)
  0x000001ba5da24a98: b506 e91e 

  0x000001ba5da24a9c: ;   {metadata({method} {0x000001ba7b094250} 'isTab' '()Z' in 'com/sun/javafx/text/TextRun')}
  0x000001ba5da24a9c: edff ff49 | ba48 4209 | 7bba 0100 | 004c 8954 | 2408 48c7 | 0424 ffff 

  0x000001ba5da24ab4: ;   {runtime_call C1 Runtime counter_overflow_blob}
  0x000001ba5da24ab4: ffff e825 

  0x000001ba5da24ab8: ; ImmutableOopMap {r8=Oop [120]=Oop [128]=Oop [136]=Oop [144]=Oop [168]=Oop [176]=Oop }
                      ;*synchronization entry
                      ; - com.sun.javafx.text.TextRun::isTab@-1 (line 137)
                      ; - com.sun.javafx.text.PrismTextLayout::shape@290 (line 882)
  0x000001ba5da24ab8: 93b5 06e9 | 4bed ffff 

  0x000001ba5da24ac0: ;   {metadata({method} {0x000001ba7b093f70} 'isLinebreak' '()Z' in 'com/sun/javafx/text/TextRun')}
  0x000001ba5da24ac0: 49ba 683f | 097b ba01 | 0000 4c89 | 5424 0848 | c704 24ff 

  0x000001ba5da24ad4: ;   {runtime_call C1 Runtime counter_overflow_blob}
  0x000001ba5da24ad4: ffff ffe8 

  0x000001ba5da24ad8: ; ImmutableOopMap {r8=Oop [120]=Oop [128]=Oop [136]=Oop [144]=Oop [168]=Oop [176]=Oop }
                      ;*synchronization entry
                      ; - com.sun.javafx.text.TextRun::isLinebreak@-1 (line 121)
                      ; - com.sun.javafx.text.PrismTextLayout::shape@298 (line 883)
  0x000001ba5da24ad8: 0493 b506 | e9e6 edff 

  0x000001ba5da24ae0: ;   {metadata({method} {0x000001ba7b0946a0} 'isComplex' '()Z' in 'com/sun/javafx/text/TextRun')}
  0x000001ba5da24ae0: ff49 ba98 | 4609 7bba | 0100 004c | 8954 2408 | 48c7 0424 | ffff ffff 

  0x000001ba5da24af8: ;   {runtime_call C1 Runtime counter_overflow_blob}
  0x000001ba5da24af8: e8e3 92b5 

  0x000001ba5da24afc: ; ImmutableOopMap {r8=Oop [120]=Oop [128]=Oop [136]=Oop [144]=Oop [168]=Oop [176]=Oop }
                      ;*synchronization entry
                      ; - com.sun.javafx.text.TextRun::isComplex@-1 (line 161)
                      ; - com.sun.javafx.text.PrismTextLayout::shape@314 (line 885)
  0x000001ba5da24afc: 06e9 c0ee 

  0x000001ba5da24b00: ;   {runtime_call C1 Runtime throw_null_pointer_exception_blob}
  0x000001ba5da24b00: ffff e8d9 

  0x000001ba5da24b04: ; ImmutableOopMap {rax=Oop [120]=Oop [128]=Oop [136]=Oop }
                      ;*invokeinterface getFontResource {reexecute=0 rethrow=0 return_oop=0}
                      ; - com.sun.javafx.text.PrismTextLayout::shape@335 (line 889)
                      ;   {runtime_call C1 Runtime throw_null_pointer_exception_blob}
  0x000001ba5da24b04: 2cb5 06e8 

  0x000001ba5da24b08: ; ImmutableOopMap {rax=Oop [128]=Oop [136]=Oop [192]=Oop }
                      ;*invokeinterface getGlyphMapper {reexecute=0 rethrow=0 return_oop=0}
                      ; - com.sun.javafx.text.PrismTextLayout::shape@372 (line 896)
  0x000001ba5da24b08: d42c b506 

  0x000001ba5da24b0c: ;   {runtime_call C1 Runtime new_type_array_blob}
  0x000001ba5da24b0c: e84f 42b5 

  0x000001ba5da24b10: ; ImmutableOopMap {r11=Oop [128]=Oop [136]=Oop [192]=Oop }
                      ;*newarray {reexecute=0 rethrow=0 return_oop=0}
                      ; - com.sun.javafx.text.PrismTextLayout::shape@381 (line 899)
  0x000001ba5da24b10: 06e9 7bf2 

  0x000001ba5da24b14: ;   {runtime_call C1 Runtime throw_null_pointer_exception_blob}
  0x000001ba5da24b14: ffff e8c5 

  0x000001ba5da24b18: ; ImmutableOopMap {r11=Oop rax=Oop [128]=Oop [136]=Oop [192]=Oop [208]=Oop }
                      ;*invokevirtual charsToGlyphs {reexecute=0 rethrow=0 return_oop=0}
                      ; - com.sun.javafx.text.PrismTextLayout::shape@394 (line 900)
                      ;   {runtime_call C1 Runtime new_type_array_blob}
  0x000001ba5da24b18: 2cb5 06e8 

  0x000001ba5da24b1c: ; ImmutableOopMap {[128]=Oop [192]=Oop [208]=Oop }
                      ;*newarray {reexecute=0 rethrow=0 return_oop=0}
                      ; - com.sun.javafx.text.PrismTextLayout::shape@403 (line 901)
  0x000001ba5da24b1c: 4042 b506 | e9c8 f3ff | ff48 8934 | 2448 8944 

  0x000001ba5da24b2c: ;   {runtime_call C1 Runtime throw_range_check_failed_blob}
  0x000001ba5da24b2c: 2408 e8ad 

  0x000001ba5da24b30: ; ImmutableOopMap {rax=Oop rbx=Oop [128]=Oop [192]=Oop [208]=Oop [224]=Oop }
                      ;*iaload {reexecute=0 rethrow=0 return_oop=0}
                      ; - com.sun.javafx.text.PrismTextLayout::shape@426 (line 904)
  0x000001ba5da24b30: 23b5 0648 | 8934 2448 | 8944 2408 

  0x000001ba5da24b3c: ;   {runtime_call C1 Runtime throw_range_check_failed_blob}
  0x000001ba5da24b3c: e89f 23b5 

  0x000001ba5da24b40: ; ImmutableOopMap {rax=Oop [128]=Oop [192]=Oop [208]=Oop [224]=Oop }
                      ;*fastore {reexecute=0 rethrow=0 return_oop=0}
                      ; - com.sun.javafx.text.PrismTextLayout::shape@444 (line 905)
                      ;   {metadata({method} {0x000001ba7ac8ef88} 'shape' '(Lcom/sun/javafx/text/TextRun;[CLcom/sun/javafx/text/GlyphLayout;)V' in 'com/sun/javafx/text/PrismTextLayout')}
  0x000001ba5da24b40: 0649 ba80 | efc8 7aba | 0100 004c | 8954 2408 | 48c7 0424 | c701 0000 

  0x000001ba5da24b58: ;   {runtime_call C1 Runtime counter_overflow_blob}
  0x000001ba5da24b58: e883 92b5 

  0x000001ba5da24b5c: ; ImmutableOopMap {rax=Oop [128]=Oop [192]=Oop [208]=Oop [224]=Oop }
                      ;*goto {reexecute=1 rethrow=0 return_oop=0}
                      ; - (reexecute) com.sun.javafx.text.PrismTextLayout::shape@455 (line 903)
  0x000001ba5da24b5c: 06e9 d2f4 

  0x000001ba5da24b60: ;   {runtime_call C1 Runtime throw_null_pointer_exception_blob}
  0x000001ba5da24b60: ffff e879 

  0x000001ba5da24b64: ; ImmutableOopMap {rdx=Oop [120]=Oop [128]=Oop [136]=Oop [176]=Oop [192]=Oop }
                      ;*getfield valid {reexecute=1 rethrow=0 return_oop=0}
                      ; - (reexecute) com.sun.javafx.text.PrismTextLayout::shape@485 (line 915)
                      ;   {runtime_call C1 Runtime throw_null_pointer_exception_blob}
  0x000001ba5da24b64: 2cb5 06e8 

  0x000001ba5da24b68: ; ImmutableOopMap {rax=Oop [120]=Oop [128]=Oop [136]=Oop [192]=Oop }
                      ;*invokeinterface getGlyphMapper {reexecute=0 rethrow=0 return_oop=0}
                      ; - com.sun.javafx.text.PrismTextLayout::shape@502 (line 917)
  0x000001ba5da24b68: 742c b506 

  0x000001ba5da24b6c: ;   {runtime_call C1 Runtime throw_null_pointer_exception_blob}
  0x000001ba5da24b6c: e86f 2cb5 

  0x000001ba5da24b70: ; ImmutableOopMap {rax=Oop rdx=Oop [120]=Oop [128]=Oop [136]=Oop [192]=Oop }
                      ;*getfield glyphs {reexecute=1 rethrow=0 return_oop=0}
                      ; - (reexecute) com.sun.javafx.text.PrismTextLayout::shape@520 (line 918)
                      ;   {runtime_call C1 Runtime throw_null_pointer_exception_blob}
  0x000001ba5da24b70: 06e8 6a2c 

  0x000001ba5da24b74: ; ImmutableOopMap {rax=Oop rdx=Oop rsi=Oop [120]=Oop [128]=Oop [136]=Oop [192]=Oop }
                      ;*invokevirtual charsToGlyphs {reexecute=0 rethrow=0 return_oop=0}
                      ; - com.sun.javafx.text.PrismTextLayout::shape@525 (line 918)
                      ;   {runtime_call C1 Runtime throw_null_pointer_exception_blob}
  0x000001ba5da24b74: b506 e865 

  0x000001ba5da24b78: ; ImmutableOopMap {rdx=Oop rax=Oop [120]=Oop [128]=Oop [192]=Oop }
                      ;*getfield glyphs {reexecute=1 rethrow=0 return_oop=0}
                      ; - (reexecute) com.sun.javafx.text.PrismTextLayout::shape@555 (line 922)
                      ;   {runtime_call C1 Runtime throw_null_pointer_exception_blob}
  0x000001ba5da24b78: 2cb5 06e8 

  0x000001ba5da24b7c: ; ImmutableOopMap {rdx=Oop rax=Oop r8=Oop [120]=Oop [128]=Oop [192]=Oop }
                      ;*iaload {reexecute=0 rethrow=0 return_oop=0}
                      ; - com.sun.javafx.text.PrismTextLayout::shape@560 (line 922)
  0x000001ba5da24b7c: 602c b506 

  0x000001ba5da24b80: ;   {runtime_call C1 Runtime throw_null_pointer_exception_blob}
  0x000001ba5da24b80: e85b 2cb5 

  0x000001ba5da24b84: ; ImmutableOopMap {rdx=Oop rax=Oop r8=Oop [120]=Oop [128]=Oop [192]=Oop }
                      ;*iaload {reexecute=0 rethrow=0 return_oop=0}
                      ; - com.sun.javafx.text.PrismTextLayout::shape@560 (line 922)
  0x000001ba5da24b84: 0648 893c | 244c 8944 

  0x000001ba5da24b8c: ;   {runtime_call C1 Runtime throw_range_check_failed_blob}
  0x000001ba5da24b8c: 2408 e84d 

  0x000001ba5da24b90: ; ImmutableOopMap {rdx=Oop rax=Oop r8=Oop [120]=Oop [128]=Oop [192]=Oop }
                      ;*iaload {reexecute=0 rethrow=0 return_oop=0}
                      ; - com.sun.javafx.text.PrismTextLayout::shape@560 (line 922)
                      ;   {runtime_call C1 Runtime throw_null_pointer_exception_blob}
  0x000001ba5da24b90: 23b5 06e8 

  0x000001ba5da24b94: ; ImmutableOopMap {rdx=Oop [120]=Oop [128]=Oop [192]=Oop }
                      ;*getfield advances {reexecute=1 rethrow=0 return_oop=0}
                      ; - (reexecute) com.sun.javafx.text.PrismTextLayout::shape@574 (line 923)
  0x000001ba5da24b94: 482c b506 

  0x000001ba5da24b98: ;   {runtime_call C1 Runtime throw_null_pointer_exception_blob}
  0x000001ba5da24b98: e843 2cb5 

  0x000001ba5da24b9c: ; ImmutableOopMap {rdx=Oop r8=Oop [120]=Oop [128]=Oop [192]=Oop }
                      ;*fastore {reexecute=0 rethrow=0 return_oop=0}
                      ; - com.sun.javafx.text.PrismTextLayout::shape@581 (line 923)
                      ;   {runtime_call C1 Runtime throw_null_pointer_exception_blob}
  0x000001ba5da24b9c: 06e8 3e2c 

  0x000001ba5da24ba0: ; ImmutableOopMap {rdx=Oop r8=Oop [120]=Oop [128]=Oop [192]=Oop }
                      ;*fastore {reexecute=0 rethrow=0 return_oop=0}
                      ; - com.sun.javafx.text.PrismTextLayout::shape@581 (line 923)
  0x000001ba5da24ba0: b506 4889 | 3c24 4c89 

  0x000001ba5da24ba8: ;   {runtime_call C1 Runtime throw_range_check_failed_blob}
  0x000001ba5da24ba8: 4424 08e8 

  0x000001ba5da24bac: ; ImmutableOopMap {rdx=Oop r8=Oop [120]=Oop [128]=Oop [192]=Oop }
                      ;*fastore {reexecute=0 rethrow=0 return_oop=0}
                      ; - com.sun.javafx.text.PrismTextLayout::shape@581 (line 923)
  0x000001ba5da24bac: 3023 b506 

  0x000001ba5da24bb0: ;   {metadata({method} {0x000001ba7ac8ef88} 'shape' '(Lcom/sun/javafx/text/TextRun;[CLcom/sun/javafx/text/GlyphLayout;)V' in 'com/sun/javafx/text/PrismTextLayout')}
  0x000001ba5da24bb0: 49ba 80ef | c87a ba01 | 0000 4c89 | 5424 0848 | c704 2450 

  0x000001ba5da24bc4: ;   {runtime_call C1 Runtime counter_overflow_blob}
  0x000001ba5da24bc4: 0200 00e8 

  0x000001ba5da24bc8: ; ImmutableOopMap {rdx=Oop [120]=Oop [128]=Oop [192]=Oop }
                      ;*goto {reexecute=1 rethrow=0 return_oop=0}
                      ; - (reexecute) com.sun.javafx.text.PrismTextLayout::shape@592 (line 921)
  0x000001ba5da24bc8: 1492 b506 | e9fa f8ff 

  0x000001ba5da24bd0: ;   {runtime_call C1 Runtime throw_null_pointer_exception_blob}
  0x000001ba5da24bd0: ffe8 0a2c 

  0x000001ba5da24bd4: ; ImmutableOopMap {rdi=Oop r9=Oop [128]=Oop }
                      ;*getfield glyphs {reexecute=1 rethrow=0 return_oop=0}
                      ; - (reexecute) com.sun.javafx.text.PrismTextLayout::shape@608 (line 928)
                      ;   {metadata({method} {0x000001ba7b095b48} 'shape' '(I[I[F)V' in 'com/sun/javafx/text/TextRun')}
  0x000001ba5da24bd4: b506 49ba | 405b 097b | ba01 0000 | 4c89 5424 | 0848 c704 | 24ff ffff 

  0x000001ba5da24bec: ;   {runtime_call C1 Runtime counter_overflow_blob}
  0x000001ba5da24bec: ffe8 ee91 

  0x000001ba5da24bf0: ; ImmutableOopMap {rdi=Oop rsi=Oop r9=Oop [128]=Oop }
                      ;*synchronization entry
                      ; - com.sun.javafx.text.TextRun::shape@-1 (line 377)
                      ; - com.sun.javafx.text.PrismTextLayout::shape@618 (line 928)
  0x000001ba5da24bf0: b506 e9c2 | f9ff ff44 | 8b47 4049 | c1e0 0349 | 83f8 000f | 84c2 f9ff | ff4c 8904 

  0x000001ba5da24c0c: ;   {runtime_call g1_pre_barrier_slow}
  0x000001ba5da24c0c: 24e8 ce98 | b506 e9b4 | f9ff ff48 | 83fe 000f | 84c9 f9ff | ff48 893c 

  0x000001ba5da24c24: ;   {runtime_call g1_post_barrier_slow}
  0x000001ba5da24c24: 24e8 b69b | b506 e9bb | f9ff ff44 | 8b47 4449 | c1e0 0349 | 83f8 000f | 84b7 f9ff | ff4c 8904 
  0x000001ba5da24c44: ;   {runtime_call g1_pre_barrier_slow}
  0x000001ba5da24c44: 24e8 9698 | b506 e9a9 | f9ff ff49 | 83f9 000f | 84be f9ff | ff48 893c 

  0x000001ba5da24c5c: ;   {runtime_call g1_post_barrier_slow}
  0x000001ba5da24c5c: 24e8 7e9b | b506 e9b0 | f9ff ff44 | 8b47 4849 | c1e0 0349 | 83f8 000f | 84ac f9ff | ff4c 8904 
  0x000001ba5da24c7c: ;   {runtime_call g1_pre_barrier_slow}
  0x000001ba5da24c7c: 24e8 5e98 | b506 e99e 

  0x000001ba5da24c84: ;   {internal_word}
  0x000001ba5da24c84: f9ff ff49 | ba43 46a2 | 5dba 0100 | 004d 8997 | e004 0000 

  0x000001ba5da24c98: ;   {runtime_call SafepointBlob}
  0x000001ba5da24c98: e9c3 d5a7 | 0648 8934 | 2448 8944 

  0x000001ba5da24ca4: ;   {runtime_call C1 Runtime throw_range_check_failed_blob}
  0x000001ba5da24ca4: 2408 e835 

  0x000001ba5da24ca8: ; ImmutableOopMap {r9=Oop rax=Oop rdi=Oop [128]=Oop [208]=Oop [224]=Oop }
                      ;*fastore {reexecute=0 rethrow=0 return_oop=0}
                      ; - com.sun.javafx.text.PrismTextLayout::shape@466 (line 909)
                      ;   {metadata({method} {0x000001ba7b095a88} 'shape' '(I[I[F[I)V' in 'com/sun/javafx/text/TextRun')}
  0x000001ba5da24ca8: 22b5 0649 | ba80 5a09 | 7bba 0100 | 004c 8954 | 2408 48c7 | 0424 ffff 

  0x000001ba5da24cc0: ;   {runtime_call C1 Runtime counter_overflow_blob}
  0x000001ba5da24cc0: ffff e819 

  0x000001ba5da24cc4: ; ImmutableOopMap {r9=Oop rax=Oop rdi=Oop [128]=Oop [208]=Oop [224]=Oop }
                      ;*synchronization entry
                      ; - com.sun.javafx.text.TextRun::shape@-1 (line 370)
                      ; - com.sun.javafx.text.PrismTextLayout::shape@475 (line 910)
  0x000001ba5da24cc4: 91b5 06e9 | 05fa ffff | 448b 4740 | 49c1 e003 | 4983 f800 | 0f84 05fa | ffff 4c89 

  0x000001ba5da24ce0: ;   {runtime_call g1_pre_barrier_slow}
  0x000001ba5da24ce0: 0424 e8f9 | 97b5 06e9 | f7f9 ffff | 4983 f900 | 0f84 0cfa | ffff 4889 

  0x000001ba5da24cf8: ;   {runtime_call g1_post_barrier_slow}
  0x000001ba5da24cf8: 3c24 e8e1 | 9ab5 06e9 | fef9 ffff | 448b 4744 | 49c1 e003 | 4983 f800 | 0f84 faf9 | ffff 4c89 
  0x000001ba5da24d18: ;   {runtime_call g1_pre_barrier_slow}
  0x000001ba5da24d18: 0424 e8c1 | 97b5 06e9 | ecf9 ffff | 4883 f800 | 0f84 01fa | ffff 4889 

  0x000001ba5da24d30: ;   {runtime_call g1_post_barrier_slow}
  0x000001ba5da24d30: 3c24 e8a9 | 9ab5 06e9 | f3f9 ffff | 448b 4748 | 49c1 e003 | 4983 f800 | 0f84 eff9 | ffff 4c89 
  0x000001ba5da24d50: ;   {runtime_call g1_pre_barrier_slow}
  0x000001ba5da24d50: 0424 e889 | 97b5 06e9 | e1f9 ffff 

  0x000001ba5da24d5c: ;   {internal_word}
  0x000001ba5da24d5c: 49ba 5d47 | a25d ba01 | 0000 4d89 | 97e0 0400 

  0x000001ba5da24d6c: ;   {runtime_call SafepointBlob}
  0x000001ba5da24d6c: 00e9 eed4 

  0x000001ba5da24d70: ;   {runtime_call C1 Runtime throw_null_pointer_exception_blob}
  0x000001ba5da24d70: a706 e869 

  0x000001ba5da24d74: ; ImmutableOopMap {rbx=Oop rdx=Oop rax=Oop rsi=Oop rdi=Oop [128]=Oop }
                      ;*invokevirtual layout {reexecute=0 rethrow=0 return_oop=0}
                      ; - com.sun.javafx.text.PrismTextLayout::shape@327 (line 887)
                      ;   {internal_word}
  0x000001ba5da24d74: 2ab5 0649 | baec 47a2 | 5dba 0100 | 004d 8997 | e004 0000 

  0x000001ba5da24d88: ;   {runtime_call SafepointBlob}
  0x000001ba5da24d88: e9d3 d4a7 

  0x000001ba5da24d8c: ;   {internal_word}
  0x000001ba5da24d8c: 0649 baff | 47a2 5dba | 0100 004d | 8997 e004 

  0x000001ba5da24d9c: ;   {runtime_call SafepointBlob}
  0x000001ba5da24d9c: 0000 e9bd 

  0x000001ba5da24da0: ;   {internal_word}
  0x000001ba5da24da0: d4a7 0649 | ba12 48a2 | 5dba 0100 | 004d 8997 | e004 0000 

  0x000001ba5da24db4: ;   {runtime_call SafepointBlob}
  0x000001ba5da24db4: e9a7 d4a7 

  0x000001ba5da24db8: ;   {internal_word}
  0x000001ba5da24db8: 0649 ba25 | 48a2 5dba | 0100 004d | 8997 e004 

  0x000001ba5da24dc8: ;   {runtime_call SafepointBlob}
  0x000001ba5da24dc8: 0000 e991 

  0x000001ba5da24dcc: ;   {internal_word}
  0x000001ba5da24dcc: d4a7 0649 | ba84 48a2 | 5dba 0100 | 004d 8997 | e004 0000 

  0x000001ba5da24de0: ;   {runtime_call SafepointBlob}
  0x000001ba5da24de0: e97b d4a7 

  0x000001ba5da24de4: ;   {internal_word}
  0x000001ba5da24de4: 0649 ba97 | 48a2 5dba | 0100 004d | 8997 e004 

  0x000001ba5da24df4: ;   {runtime_call SafepointBlob}
  0x000001ba5da24df4: 0000 e965 | d4a7 0649 | 8b87 8805 | 0000 49c7 | 8788 0500 | 0000 0000 | 0049 c787 | 9005 0000 
  0x000001ba5da24e14: 0000 0000 | 4881 c420 | 0100 005d 

  0x000001ba5da24e20: ;   {runtime_call C1 Runtime unwind_exception_blob}
  0x000001ba5da24e20: e9bb 1ab5 | 06f4 f4f4 
[Stub Code]
  0x000001ba5da24e28: ;   {other}
  0x000001ba5da24e28: 0f1f 4400 

  0x000001ba5da24e2c: ;   {static_stub}
  0x000001ba5da24e2c: 0048 bb00 | 0000 0000 

  0x000001ba5da24e34: ;   {runtime_call nmethod}
  0x000001ba5da24e34: 0000 00e9 | fbff ffff 

  0x000001ba5da24e3c: ;   {static_stub}
  0x000001ba5da24e3c: 9048 bb00 | 0000 0000 

  0x000001ba5da24e44: ;   {runtime_call nmethod}
  0x000001ba5da24e44: 0000 00e9 | fbff ffff 

  0x000001ba5da24e4c: ;   {static_stub}
  0x000001ba5da24e4c: 9048 bb00 | 0000 0000 

  0x000001ba5da24e54: ;   {runtime_call nmethod}
  0x000001ba5da24e54: 0000 00e9 | fbff ffff 

  0x000001ba5da24e5c: ;   {static_stub}
  0x000001ba5da24e5c: 9048 bb00 | 0000 0000 

  0x000001ba5da24e64: ;   {runtime_call nmethod}
  0x000001ba5da24e64: 0000 00e9 | fbff ffff 

  0x000001ba5da24e6c: ;   {static_stub}
  0x000001ba5da24e6c: 9048 bb00 | 0000 0000 

  0x000001ba5da24e74: ;   {runtime_call nmethod}
  0x000001ba5da24e74: 0000 00e9 | fbff ffff 

  0x000001ba5da24e7c: ;   {static_stub}
  0x000001ba5da24e7c: 9048 bb00 | 0000 0000 

  0x000001ba5da24e84: ;   {runtime_call nmethod}
  0x000001ba5da24e84: 0000 00e9 | fbff ffff 

  0x000001ba5da24e8c: ;   {static_stub}
  0x000001ba5da24e8c: 9048 bb00 | 0000 0000 

  0x000001ba5da24e94: ;   {runtime_call nmethod}
  0x000001ba5da24e94: 0000 00e9 | fbff ffff 

  0x000001ba5da24e9c: ;   {static_stub}
  0x000001ba5da24e9c: 9048 bb00 | 0000 0000 

  0x000001ba5da24ea4: ;   {runtime_call nmethod}
  0x000001ba5da24ea4: 0000 00e9 | fbff ffff 

  0x000001ba5da24eac: ;   {static_stub}
  0x000001ba5da24eac: 9048 bb00 | 0000 0000 

  0x000001ba5da24eb4: ;   {runtime_call nmethod}
  0x000001ba5da24eb4: 0000 00e9 | fbff ffff 

  0x000001ba5da24ebc: ;   {static_stub}
  0x000001ba5da24ebc: 9048 bb00 | 0000 0000 

  0x000001ba5da24ec4: ;   {runtime_call nmethod}
  0x000001ba5da24ec4: 0000 00e9 | fbff ffff 

  0x000001ba5da24ecc: ;   {static_stub}
  0x000001ba5da24ecc: 9048 bbc0 | 0b87 7aba 

  0x000001ba5da24ed4: ;   {runtime_call I2C/C2I adapters}
  0x000001ba5da24ed4: 0100 00e9 | e6c8 a806 

  0x000001ba5da24edc: ;   {static_stub}
  0x000001ba5da24edc: 9048 bb00 | 0000 0000 

  0x000001ba5da24ee4: ;   {runtime_call nmethod}
  0x000001ba5da24ee4: 0000 00e9 | fbff ffff 

  0x000001ba5da24eec: ;   {static_stub}
  0x000001ba5da24eec: 9048 bb00 | 0000 0000 

  0x000001ba5da24ef4: ;   {runtime_call nmethod}
  0x000001ba5da24ef4: 0000 00e9 | fbff ffff 

  0x000001ba5da24efc: ;   {static_stub}
  0x000001ba5da24efc: 9048 bb00 | 0000 0000 

  0x000001ba5da24f04: ;   {runtime_call nmethod}
  0x000001ba5da24f04: 0000 00e9 | fbff ffff 

  0x000001ba5da24f0c: ;   {static_stub}
  0x000001ba5da24f0c: 9048 bb20 | 0b87 7aba 

  0x000001ba5da24f14: ;   {runtime_call I2C/C2I adapters}
  0x000001ba5da24f14: 0100 00e9 | a9c0 d606 

  0x000001ba5da24f1c: ;   {static_stub}
  0x000001ba5da24f1c: 9048 bb00 | 0000 0000 

  0x000001ba5da24f24: ;   {runtime_call nmethod}
  0x000001ba5da24f24: 0000 00e9 | fbff ffff 

  0x000001ba5da24f2c: ;   {static_stub}
  0x000001ba5da24f2c: 9048 bbc0 | 8d86 7aba 

  0x000001ba5da24f34: ;   {runtime_call I2C/C2I adapters}
  0x000001ba5da24f34: 0100 00e9 | 06e7 a406 

  0x000001ba5da24f3c: ;   {static_stub}
  0x000001ba5da24f3c: 9048 bb00 | 0000 0000 

  0x000001ba5da24f44: ;   {runtime_call nmethod}
  0x000001ba5da24f44: 0000 00e9 | fbff ffff 

  0x000001ba5da24f4c: ;   {static_stub}
  0x000001ba5da24f4c: 48bb 0000 | 0000 0000 

  0x000001ba5da24f54: ;   {runtime_call nmethod}
  0x000001ba5da24f54: 0000 e9fb 

  0x000001ba5da24f58: ;   {runtime_call C1 Runtime handle_exception_from_callee_blob}
  0x000001ba5da24f58: ffff ffe8 | 004f b506 

  0x000001ba5da24f60: ;   {external_word}
  0x000001ba5da24f60: 48b9 a001 | 1e11 fc7f | 0000 4883 

  0x000001ba5da24f6c: ;   {runtime_call}
  0x000001ba5da24f6c: e4f0 48b8 | 105c d810 | fc7f 0000 

  0x000001ba5da24f78: ;   {section_word}
  0x000001ba5da24f78: ffd0 f449 | ba7b 4fa2 | 5dba 0100 

  0x000001ba5da24f84: ;   {runtime_call DeoptimizationBlob}
  0x000001ba5da24f84: 0041 52e9 | 54ba a706 | f4f4 f4f4 
[/MachCode]


Compiled method (c1) 9044 5757   !   3       com.sun.javafx.text.PrismTextLayout::layout (1706 bytes)
 total in heap  [0x000001ba5d7f7c08,0x000001ba5d7fefc0] = 29624
 constants      [0x000001ba5d7f7d00,0x000001ba5d7f7d80] = 128
 main code      [0x000001ba5d7f7d80,0x000001ba5d7fec68] = 28392
 stub code      [0x000001ba5d7fec68,0x000001ba5d7fef80] = 792
 oops           [0x000001ba5d7fef80,0x000001ba5d7fefc0] = 64
 mutable data [0x000001ba1be6d420,0x000001ba1be6e000] = 3040
 relocation     [0x000001ba1be6d420,0x000001ba1be6dd48] = 2344
 metadata       [0x000001ba1be6dd48,0x000001ba1be6e000] = 696
 immutable data [0x000001ba1c0ad900,0x000001ba1c0b0b60] = 12896
 dependencies   [0x000001ba1c0ad900,0x000001ba1c0ad9e8] = 232
 nul chk table  [0x000001ba1c0ad9e8,0x000001ba1c0adc28] = 576
 handler table  [0x000001ba1c0adc28,0x000001ba1c0adc70] = 72
 scopes pcs     [0x000001ba1c0adc70,0x000001ba1c0aeb60] = 3824
 scopes data    [0x000001ba1c0aeb60,0x000001ba1c0b0b60] = 8192


[Constant Pool]
             Address          hex4                    hex8      
  0x000001ba5d7f7d00:   0x00000000      0x7fc0000000000000      
  0x000001ba5d7f7d04:   0x7fc00000                              
  0x000001ba5d7f7d08:   0x00000000      0x0000000000000000      
  0x000001ba5d7f7d0c:   0x00000000                              
  0x000001ba5d7f7d10:   0x00000000      0x3ff0000000000000      
  0x000001ba5d7f7d14:   0x3ff00000                              
  0x000001ba5d7f7d18:   0x00000000      0x3ff0000000000000      
  0x000001ba5d7f7d1c:   0x3ff00000                              
  0x000001ba5d7f7d20:   0x00000000      0x0000000000000000      
  0x000001ba5d7f7d24:   0x00000000                              
  0x000001ba5d7f7d28:   0xbf800000      0x00000000bf800000      
  0x000001ba5d7f7d2c:   0x00000000                              
  0x000001ba5d7f7d30:   0x00000000      0x0000000000000000      
  0x000001ba5d7f7d34:   0x00000000                              
  0x000001ba5d7f7d38:   0x00000000      0x0000000000000000      
  0x000001ba5d7f7d3c:   0x00000000                              
  0x000001ba5d7f7d40:   0x3f800000      0x000000003f800000      
  0x000001ba5d7f7d44:   0x00000000                              
  0x000001ba5d7f7d48:   0x00000000      0x3f80000000000000      
  0x000001ba5d7f7d4c:   0x3f800000                              
  0x000001ba5d7f7d50:   0x3f000000      0x000000003f000000      
  0x000001ba5d7f7d54:   0x00000000                              
  0x000001ba5d7f7d58:   0x00000000      0x0000000000000000      
  0x000001ba5d7f7d5c:   0x00000000                              
  0x000001ba5d7f7d60:   0x00000000      0x0000000000000000      
  0x000001ba5d7f7d64:   0x00000000                              
  0x000001ba5d7f7d68:   0x00000000      0x0000000000000000      
  0x000001ba5d7f7d6c:   0x00000000                              
  0x000001ba5d7f7d70:   0x00000000      0xf4f4f4f400000000      
  0x000001ba5d7f7d74:   0xf4f4f4f4                              
  0x000001ba5d7f7d78:   0xf4f4f4f4      0xf4f4f4f4f4f4f4f4      
  0x000001ba5d7f7d7c:   0xf4f4f4f4                              

[MachCode]
[Instructions begin]
  0x000001ba5d7f7d80: ;   {other}
  0x000001ba5d7f7d80: 660f 1f84 | 0000 0000 | 0066 0f1f | 8400 0000 | 0000 448b | 5208 443b 

  0x000001ba5d7f7d98: ;   {runtime_call Shared Runtime ic_miss_blob}
  0x000001ba5d7f7d98: 5008 0f85 | 406f ca06 
[Verified Entry Point]
  0x000001ba5d7f7da0: 8984 2400 | 80ff ff55 | 4881 ecb0 | 0200 0090 | 4181 7f20 | 0700 0000 

  0x000001ba5d7f7db8: ;   {runtime_call Stub::method_entry_barrier}
  0x000001ba5d7f7db8: 7405 e821 | e8c8 0648 | 8994 2438 

  0x000001ba5d7f7dc4: ;   {metadata(method data for {method} {0x000001ba7ac907d0} 'layout' '()V' in 'com/sun/javafx/text/PrismTextLayout')}
  0x000001ba5d7f7dc4: 0100 0048 | be48 b65a | 7bba 0100 | 008b be90 | 0000 0083 | c702 89be | 9000 0000 | 81e7 fe07 
  0x000001ba5d7f7de4: 0000 85ff | 0f84 3e5e | 0000 488b 

  0x000001ba5d7f7df0: ;   {metadata(method data for {method} {0x000001ba7ac907d0} 'layout' '()V' in 'com/sun/javafx/text/PrismTextLayout')}
  0x000001ba5d7f7df0: f248 bf48 | b65a 7bba | 0100 0048 | 8387 d800 | 0000 0148 | 8bf2 488b | d666 0f1f 

  0x000001ba5d7f7e0c: ;   {optimized virtual_call}
  0x000001ba5d7f7e0c: 4400 00e8 

  0x000001ba5d7f7e10: ; ImmutableOopMap {[312]=Oop }
                      ;*invokevirtual initCache {reexecute=0 rethrow=0 return_oop=0}
                      ; - com.sun.javafx.text.PrismTextLayout::layout@1 (line 1184)
  0x000001ba5d7f7e10: ac9f ecff 

  0x000001ba5d7f7e14: ;   {post_call_nop}
  0x000001ba5d7f7e14: 0f1f 8400 | 0c02 0000 | 488b 9424 | 3801 0000 | 8b72 3c48 | c1e6 0348 

  0x000001ba5d7f7e2c: ;   {metadata(method data for {method} {0x000001ba7ac907d0} 'layout' '()V' in 'com/sun/javafx/text/PrismTextLayout')}
  0x000001ba5d7f7e2c: 85f6 48be | 48b6 5a7b | ba01 0000 | bf18 0100 | 0075 05bf | 0801 0000 | 488b 1c3e | 488d 5b01 
  0x000001ba5d7f7e4c: 4889 1c3e | 0f85 5e5c | 0000 488b 

  0x000001ba5d7f7e58: ;   {metadata(method data for {method} {0x000001ba7ac907d0} 'layout' '()V' in 'com/sun/javafx/text/PrismTextLayout')}
  0x000001ba5d7f7e58: f248 bf48 | b65a 7bba | 0100 0048 | 8387 2801 | 0000 0148 | 8bf2 488b | d666 0f1f 

  0x000001ba5d7f7e74: ;   {optimized virtual_call}
  0x000001ba5d7f7e74: 4400 00e8 

  0x000001ba5d7f7e78: ; ImmutableOopMap {[312]=Oop }
                      ;*invokevirtual getText {reexecute=0 rethrow=0 return_oop=0}
                      ; - com.sun.javafx.text.PrismTextLayout::layout@13 (line 1188)
  0x000001ba5d7f7e78: 2485 2000 

  0x000001ba5d7f7e7c: ;   {post_call_nop}
  0x000001ba5d7f7e7c: 0f1f 8400 | 7402 0001 | 4889 8424 | 4001 0000 | 488b 9424 | 3801 0000 | 8b72 2483 | e602 85f6 
  0x000001ba5d7f7e9c: ;   {metadata(method data for {method} {0x000001ba7ac907d0} 'layout' '()V' in 'com/sun/javafx/text/PrismTextLayout')}
  0x000001ba5d7f7e9c: 48be 48b6 | 5a7b ba01 | 0000 bf58 | 0100 0074 | 05bf 6801 | 0000 488b | 1c3e 488d | 5b01 4889 
  0x000001ba5d7f7ebc: 1c3e 0f84 | 5200 0000 

  0x000001ba5d7f7ec4: ;   {metadata(method data for {method} {0x000001ba7ac907d0} 'layout' '()V' in 'com/sun/javafx/text/PrismTextLayout')}
  0x000001ba5d7f7ec4: 488b f248 | bf48 b65a | 7bba 0100 | 0048 8387 | 7801 0000 | 0148 8bf2 

  0x000001ba5d7f7edc: ;   {optimized virtual_call}
  0x000001ba5d7f7edc: 488b d6e8 

  0x000001ba5d7f7ee0: ; ImmutableOopMap {[312]=Oop [320]=Oop }
                      ;*invokevirtual isSimpleLayout {reexecute=0 rethrow=0 return_oop=0}
                      ; - com.sun.javafx.text.PrismTextLayout::layout@27 (line 1191)
  0x000001ba5d7f7ee0: 5cb1 2a00 

  0x000001ba5d7f7ee4: ;   {post_call_nop}
  0x000001ba5d7f7ee4: 0f1f 8400 | dc02 0002 

  0x000001ba5d7f7eec: ;   {metadata(method data for {method} {0x000001ba7ac907d0} 'layout' '()V' in 'com/sun/javafx/text/PrismTextLayout')}
  0x000001ba5d7f7eec: 85c0 49b8 | 48b6 5a7b | ba01 0000 | bab8 0100 | 0075 05ba | a801 0000 | 498b 3410 | 488d 7601 
  0x000001ba5d7f7f0c: 4989 3410 | 0f85 4300 | 0000 488b | 9424 3801 

  0x000001ba5d7f7f1c: ;   {metadata(method data for {method} {0x000001ba7ac907d0} 'layout' '()V' in 'com/sun/javafx/text/PrismTextLayout')}
  0x000001ba5d7f7f1c: 0000 49b8 | 48b6 5a7b | ba01 0000 | 4983 8010 | 0200 0001 | 4c8b 8424 | 4001 0000 | 488b 9424 
  0x000001ba5d7f7f3c: 3801 0000 | 0f1f 8000 

  0x000001ba5d7f7f44: ;   {optimized virtual_call}
  0x000001ba5d7f7f44: 0000 00e8 

  0x000001ba5d7f7f48: ; ImmutableOopMap {[312]=Oop [320]=Oop }
                      ;*invokevirtual buildRuns {reexecute=0 rethrow=0 return_oop=0}
                      ; - com.sun.javafx.text.PrismTextLayout::layout@42 (line 1194)
  0x000001ba5d7f7f48: 542d 86ff 

  0x000001ba5d7f7f4c: ;   {post_call_nop}
  0x000001ba5d7f7f4c: 0f1f 8400 | 4403 0003 | e943 0000 | 0048 8b94 | 2438 0100 

  0x000001ba5d7f7f60: ;   {metadata(method data for {method} {0x000001ba7ac907d0} 'layout' '()V' in 'com/sun/javafx/text/PrismTextLayout')}
  0x000001ba5d7f7f60: 0048 be48 | b65a 7bba | 0100 0048 | 8386 c801 | 0000 0148 | 8b94 2438 | 0100 000f 

  0x000001ba5d7f7f7c: ;   {optimized virtual_call}
  0x000001ba5d7f7f7c: 1f40 00e8 

  0x000001ba5d7f7f80: ; ImmutableOopMap {[312]=Oop [320]=Oop }
                      ;*invokevirtual reuseRuns {reexecute=0 rethrow=0 return_oop=0}
                      ; - com.sun.javafx.text.PrismTextLayout::layout@34 (line 1192)
  0x000001ba5d7f7f80: 746f 0000 

  0x000001ba5d7f7f84: ;   {post_call_nop}
  0x000001ba5d7f7f84: 0f1f 8400 | 7c03 0004 

  0x000001ba5d7f7f8c: ;   {metadata(method data for {method} {0x000001ba7ac907d0} 'layout' '()V' in 'com/sun/javafx/text/PrismTextLayout')}
  0x000001ba5d7f7f8c: 48b8 48b6 | 5a7b ba01 | 0000 ff80 | f801 0000 | 488b 9424 | 3801 0000 | 8b42 2483 | e010 85c0 
  0x000001ba5d7f7fac: ;   {metadata(method data for {method} {0x000001ba7ac907d0} 'layout' '()V' in 'com/sun/javafx/text/PrismTextLayout')}
  0x000001ba5d7f7fac: 48b8 48b6 | 5a7b ba01 | 0000 be50 | 0200 0075 | 05be 4002 | 0000 488b | 3c30 488d | 7f01 4889 
  0x000001ba5d7f7fcc: 3c30 0f85 | 0f00 0000 

  0x000001ba5d7f7fd4: ;   {oop(nullptr)}
  0x000001ba5d7f7fd4: 48be 0000 | 0000 0000 | 0000 e9dc | 0700 0048 

  0x000001ba5d7f7fe4: ;   {metadata(method data for {method} {0x000001ba7ac907d0} 'layout' '()V' in 'com/sun/javafx/text/PrismTextLayout')}
  0x000001ba5d7f7fe4: 8bc2 48be | 48b6 5a7b | ba01 0000 

  0x000001ba5d7f7ff0: ;   {metadata('com/sun/javafx/text/PrismTextLayout')}
  0x000001ba5d7f7ff0: 49ba 50be | 1a2d 0000 | 0000 4c89 | 9668 0200 | 0048 8386 | 7002 0000 

  0x000001ba5d7f8008: ;   {metadata(method data for {method} {0x000001ba7ac8ec40} 'glyphLayout' '()Lcom/sun/javafx/text/GlyphLayout;' in 'com/sun/javafx/text/PrismTextLayout')}
  0x000001ba5d7f8008: 0148 b800 | 8440 7cba | 0100 008b | b090 0000 | 0083 c602 | 89b0 9000 | 0000 81e6 | feff 1f00 
  0x000001ba5d7f8028: 85f6 0f84 | 1d5c 0000 

  0x000001ba5d7f8030: ;   {metadata(method data for {method} {0x000001ba7ac8ec40} 'glyphLayout' '()Lcom/sun/javafx/text/GlyphLayout;' in 'com/sun/javafx/text/PrismTextLayout')}
  0x000001ba5d7f8030: 48b8 0084 | 407c ba01 | 0000 4883 | 80d8 0000 

  0x000001ba5d7f8040: ;   {metadata(method data for {method} {0x000001ba7b096ec0} 'getInstance' '()Lcom/sun/javafx/text/GlyphLayout;' in 'com/sun/javafx/text/GlyphLayoutManager')}
  0x000001ba5d7f8040: 0001 48b8 | 38b0 407c | ba01 0000 | 8bb0 9000 | 0000 83c6 | 0289 b090 | 0000 0081 | e6fe ff1f 
  0x000001ba5d7f8060: 0085 f60f | 8405 5c00 

  0x000001ba5d7f8068: ;   {oop(a 'java/util/concurrent/atomic/AtomicBoolean'{0x000000060bbf85f0})}
  0x000001ba5d7f8068: 0048 b8f0 | 85bf 0b06 

  0x000001ba5d7f8070: ;   {metadata(method data for {method} {0x000001ba7b096ec0} 'getInstance' '()Lcom/sun/javafx/text/GlyphLayout;' in 'com/sun/javafx/text/GlyphLayoutManager')}
  0x000001ba5d7f8070: 0000 0048 | be38 b040 | 7cba 0100 | 008b 4008 | 41ba 0000 | 002c 4903 | c248 3b86 | e000 0000 
  0x000001ba5d7f8090: 750d 4883 | 86e8 0000 | 0001 e960 | 0000 0048 | 3b86 f000 | 0000 750d | 4883 86f8 | 0000 0001 
  0x000001ba5d7f80b0: e94a 0000 | 0048 83be | e000 0000 | 0075 1748 | 8986 e000 | 0000 48c7 | 86e8 0000 | 0001 0000 
  0x000001ba5d7f80d0: 00e9 2900 | 0000 4883 | bef0 0000 | 0000 7517 | 4889 86f0 | 0000 0048 | c786 f800 | 0000 0100 
  0x000001ba5d7f80f0: 0000 e908 | 0000 0048 | 8386 d800 

  0x000001ba5d7f80fc: ;   {metadata(method data for {method} {0x000001ba7a124d48} 'compareAndSet' '(ZZ)Z' in 'java/util/concurrent/atomic/AtomicBoolean')}
  0x000001ba5d7f80fc: 0000 0148 | b838 ab1e | 7bba 0100 | 008b b090 | 0000 0083 | c602 89b0 | 9000 0000 | 81e6 feff 
  0x000001ba5d7f811c: 1f00 85f6 | 0f84 695b 

  0x000001ba5d7f8124: ;   {metadata(method data for {method} {0x000001ba7a124d48} 'compareAndSet' '(ZZ)Z' in 'java/util/concurrent/atomic/AtomicBoolean')}
  0x000001ba5d7f8124: 0000 48b8 | 38ab 1e7b | ba01 0000 | ff80 d800 

  0x000001ba5d7f8134: ;   {metadata(method data for {method} {0x000001ba7a124d48} 'compareAndSet' '(ZZ)Z' in 'java/util/concurrent/atomic/AtomicBoolean')}
  0x000001ba5d7f8134: 0000 48b8 | 38ab 1e7b | ba01 0000 | ff80 2001 

  0x000001ba5d7f8144: ;   {metadata(method data for {method} {0x000001ba7a124d48} 'compareAndSet' '(ZZ)Z' in 'java/util/concurrent/atomic/AtomicBoolean')}
  0x000001ba5d7f8144: 0000 48b8 | 38ab 1e7b | ba01 0000 | ff80 3001 

  0x000001ba5d7f8154: ;   {metadata(method data for {method} {0x000001ba7a124d48} 'compareAndSet' '(ZZ)Z' in 'java/util/concurrent/atomic/AtomicBoolean')}
  0x000001ba5d7f8154: 0000 48b8 | 38ab 1e7b | ba01 0000 | 4883 8048 | 0100 0001 

  0x000001ba5d7f8168: ;   {metadata(method data for {method} {0x000000002c28eff8} 'guard_LII_Z' '(Ljava/lang/invoke/VarHandle;Ljava/lang/Object;IILjava/lang/invoke/VarHandle$AccessDescriptor;)Z' in 'java/lang/invoke/VarHandleGuards')}
  0x000001ba5d7f8168: 48b8 d8a5 | 1e7b ba01 | 0000 8bb0 | 9000 0000 | 83c6 0289 | b090 0000 | 0081 e6fe | ff1f 0085 
  0x000001ba5d7f8188: f60f 8421 

  0x000001ba5d7f818c: ;   {oop(a 'java/lang/invoke/VarHandleInts$FieldInstanceReadWrite'{0x000000060b6ba0d0})}
  0x000001ba5d7f818c: 5b00 0048 | b8d0 a06b | 0b06 0000 

  0x000001ba5d7f8198: ;   {metadata(method data for {method} {0x000000002c28eff8} 'guard_LII_Z' '(Ljava/lang/invoke/VarHandle;Ljava/lang/Object;IILjava/lang/invoke/VarHandle$AccessDescriptor;)Z' in 'java/lang/invoke/VarHandleGuards')}
  0x000001ba5d7f8198: 0048 bed8 | a51e 7bba | 0100 008b | 4008 41ba | 0000 002c | 4903 c248 | 3b86 e000 | 0000 750d 
  0x000001ba5d7f81b8: 4883 86e8 | 0000 0001 | e960 0000 | 0048 3b86 | f000 0000 | 750d 4883 | 86f8 0000 | 0001 e94a 
  0x000001ba5d7f81d8: 0000 0048 | 83be e000 | 0000 0075 | 1748 8986 | e000 0000 | 48c7 86e8 | 0000 0001 | 0000 00e9 
  0x000001ba5d7f81f8: 2900 0000 | 4883 bef0 | 0000 0000 | 7517 4889 | 86f0 0000 | 0048 c786 | f800 0000 | 0100 0000 
  0x000001ba5d7f8218: e908 0000 | 0048 8386 | d800 0000 

  0x000001ba5d7f8224: ;   {metadata(method data for {method} {0x000000002c206dd0} 'checkAccessModeThenIsDirect' '(Ljava/lang/invoke/VarHandle$AccessDescriptor;)Z' in 'java/lang/invoke/VarHandle')}
  0x000001ba5d7f8224: 0148 b830 | e316 7aba | 0100 008b | b090 0000 | 0083 c602 | 89b0 9000 | 0000 81e6 | feff 1f00 
  0x000001ba5d7f8244: 85f6 0f84 | 855a 0000 

  0x000001ba5d7f824c: ;   {metadata(method data for {method} {0x000000002c206dd0} 'checkAccessModeThenIsDirect' '(Ljava/lang/invoke/VarHandle$AccessDescriptor;)Z' in 'java/lang/invoke/VarHandle')}
  0x000001ba5d7f824c: 48b8 30e3 | 167a ba01 | 0000 ff80 | d800 0000 

  0x000001ba5d7f825c: ;   {metadata(method data for {method} {0x000000002c28eff8} 'guard_LII_Z' '(Ljava/lang/invoke/VarHandle;Ljava/lang/Object;IILjava/lang/invoke/VarHandle$AccessDescriptor;)Z' in 'java/lang/invoke/VarHandleGuards')}
  0x000001ba5d7f825c: 48b8 d8a5 | 1e7b ba01 | 0000 ff80 | 3001 0000 

  0x000001ba5d7f826c: ;   {metadata(method data for {method} {0x000000002c28eff8} 'guard_LII_Z' '(Ljava/lang/invoke/VarHandle;Ljava/lang/Object;IILjava/lang/invoke/VarHandle$AccessDescriptor;)Z' in 'java/lang/invoke/VarHandleGuards')}
  0x000001ba5d7f826c: 48b8 d8a5 | 1e7b ba01 | 0000 ff80 | 5001 0000 

  0x000001ba5d7f827c: ;   {oop(a 'java/lang/invoke/VarForm'{0x000000060b6ba0f8})}
  0x000001ba5d7f827c: 48b8 f8a0 | 6b0b 0600 

  0x000001ba5d7f8284: ;   {metadata(method data for {method} {0x000000002c28eff8} 'guard_LII_Z' '(Ljava/lang/invoke/VarHandle;Ljava/lang/Object;IILjava/lang/invoke/VarHandle$AccessDescriptor;)Z' in 'java/lang/invoke/VarHandleGuards')}
  0x000001ba5d7f8284: 0000 48be | d8a5 1e7b | ba01 0000 | 8b40 0841 | ba00 0000 | 2c49 03c2 | 483b 8668 | 0100 0075 
  0x000001ba5d7f82a4: 0d48 8386 | 7001 0000 | 01e9 6000 | 0000 483b | 8678 0100 | 0075 0d48 | 8386 8001 | 0000 01e9 
  0x000001ba5d7f82c4: 4a00 0000 | 4883 be68 | 0100 0000 | 7517 4889 | 8668 0100 | 0048 c786 | 7001 0000 | 0100 0000 
  0x000001ba5d7f82e4: e929 0000 | 0048 83be | 7801 0000 | 0075 1748 | 8986 7801 | 0000 48c7 | 8680 0100 | 0001 0000 
  0x000001ba5d7f8304: 00e9 0800 | 0000 4883 | 8660 0100 

  0x000001ba5d7f8310: ;   {metadata(method data for {method} {0x000000002c28d9b0} 'getMemberName' '(I)Ljava/lang/invoke/MemberName;' in 'java/lang/invoke/VarForm')}
  0x000001ba5d7f8310: 0001 48b8 | f0e4 167a | ba01 0000 | 8bb0 9000 | 0000 83c6 | 0289 b090 | 0000 0081 | e6fe ff1f 
  0x000001ba5d7f8330: 0085 f60f | 84b9 5900 

  0x000001ba5d7f8338: ;   {metadata(method data for {method} {0x000000002c28d9b0} 'getMemberName' '(I)Ljava/lang/invoke/MemberName;' in 'java/lang/invoke/VarForm')}
  0x000001ba5d7f8338: 0048 b8f0 | e416 7aba | 0100 00ff | 80d8 0000 

  0x000001ba5d7f8348: ;   {metadata(method data for {method} {0x000000002c28eff8} 'guard_LII_Z' '(Ljava/lang/invoke/VarHandle;Ljava/lang/Object;IILjava/lang/invoke/VarHandle$AccessDescriptor;)Z' in 'java/lang/invoke/VarHandleGuards')}
  0x000001ba5d7f8348: 0048 b8d8 | a51e 7bba | 0100 0048 | 8380 a001 

  0x000001ba5d7f8358: ;   {metadata(method data for {method} {0x000001ba7a075630} 'compareAndSet' '(Ljava/lang/invoke/VarHandle;Ljava/lang/Object;II)Z' in 'java/lang/invoke/VarHandleInts$FieldInstanceReadWrite')}
  0x000001ba5d7f8358: 0000 0148 | b868 a91e | 7bba 0100 | 008b b090 | 0000 0083 | c602 89b0 | 9000 0000 | 81e6 feff 
  0x000001ba5d7f8378: 1f00 85f6 | 0f84 9159 

  0x000001ba5d7f8380: ;   {oop(a 'java/lang/Class'{0x000000060b6ba048} = 'java/util/concurrent/atomic/AtomicBoolean')}
  0x000001ba5d7f8380: 0000 48b8 | 48a0 6b0b | 0600 0000 

  0x000001ba5d7f838c: ;   {metadata(method data for {method} {0x000001ba7a075630} 'compareAndSet' '(Ljava/lang/invoke/VarHandle;Ljava/lang/Object;II)Z' in 'java/lang/invoke/VarHandleInts$FieldInstanceReadWrite')}
  0x000001ba5d7f838c: 48be 68a9 | 1e7b ba01 | 0000 8b40 | 0841 ba00 | 0000 2c49 | 03c2 483b | 8610 0100 | 0075 0d48 
  0x000001ba5d7f83ac: 8386 1801 | 0000 01e9 | 6000 0000 | 483b 8620 | 0100 0075 | 0d48 8386 | 2801 0000 | 01e9 4a00 
  0x000001ba5d7f83cc: 0000 4883 | be10 0100 | 0000 7517 | 4889 8610 | 0100 0048 | c786 1801 | 0000 0100 | 0000 e929 
  0x000001ba5d7f83ec: 0000 0048 | 83be 2001 | 0000 0075 | 1748 8986 | 2001 0000 | 48c7 8628 | 0100 0001 | 0000 00e9 
  0x000001ba5d7f840c: 0800 0000 | 4883 8608 | 0100 0001 

  0x000001ba5d7f8418: ;   {metadata(method data for {method} {0x000000002c197048} 'cast' '(Ljava/lang/Object;)Ljava/lang/Object;' in 'java/lang/Class')}
  0x000001ba5d7f8418: 48b8 80dc | 0f7a ba01 | 0000 8bb0 | 9000 0000 | 83c6 0289 | b090 0000 | 0081 e6fe | ff1f 0085 
  0x000001ba5d7f8438: f60f 84f5 

  0x000001ba5d7f843c: ;   {metadata(method data for {method} {0x000000002c197048} 'cast' '(Ljava/lang/Object;)Ljava/lang/Object;' in 'java/lang/Class')}
  0x000001ba5d7f843c: 5800 0048 | b880 dc0f | 7aba 0100 | 00ff 80e8 

  0x000001ba5d7f844c: ;   {oop(a 'java/lang/Class'{0x000000060b6ba048} = 'java/util/concurrent/atomic/AtomicBoolean')}
  0x000001ba5d7f844c: 0000 0048 | b848 a06b | 0b06 0000 

  0x000001ba5d7f8458: ;   {metadata(method data for {method} {0x000000002c197048} 'cast' '(Ljava/lang/Object;)Ljava/lang/Object;' in 'java/lang/Class')}
  0x000001ba5d7f8458: 0048 be80 | dc0f 7aba | 0100 008b | 4008 41ba | 0000 002c | 4903 c248 | 3b86 0001 | 0000 750d 
  0x000001ba5d7f8478: 4883 8608 | 0100 0001 | e960 0000 | 0048 3b86 | 1001 0000 | 750d 4883 | 8618 0100 | 0001 e94a 
  0x000001ba5d7f8498: 0000 0048 | 83be 0001 | 0000 0075 | 1748 8986 | 0001 0000 | 48c7 8608 | 0100 0001 | 0000 00e9 
  0x000001ba5d7f84b8: 2900 0000 | 4883 be10 | 0100 0000 | 7517 4889 | 8610 0100 | 0048 c786 | 1801 0000 | 0100 0000 
  0x000001ba5d7f84d8: e908 0000 | 0048 8386 | f800 0000 

  0x000001ba5d7f84e4: ;   {oop(a 'java/util/concurrent/atomic/AtomicBoolean'{0x000000060bbf85f0})}
  0x000001ba5d7f84e4: 0148 b8f0 | 85bf 0b06 | 0000 0048 | 85c0 0f84 | 2500 0000 

  0x000001ba5d7f84f8: ;   {metadata('java/util/concurrent/atomic/AtomicBoolean')}
  0x000001ba5d7f84f8: 48bb 588d | 012d 0000 | 0000 8b78 | 0841 ba00 | 0000 2c49 | 03fa 483b | 5f38 0f85 | 0500 0000 
  0x000001ba5d7f8518: e905 0000 | 0048 33c0 | eb05 b801 | 0000 0085 

  0x000001ba5d7f8528: ;   {metadata(method data for {method} {0x000000002c197048} 'cast' '(Ljava/lang/Object;)Ljava/lang/Object;' in 'java/lang/Class')}
  0x000001ba5d7f8528: c048 b880 | dc0f 7aba | 0100 00be | 3801 0000 | 7405 be28 | 0100 0048 | 8b3c 3048 | 8d7f 0148 
  0x000001ba5d7f8548: 893c 300f | 8476 5500 

  0x000001ba5d7f8550: ;   {metadata(method data for {method} {0x000001ba7a075630} 'compareAndSet' '(Ljava/lang/invoke/VarHandle;Ljava/lang/Object;II)Z' in 'java/lang/invoke/VarHandleInts$FieldInstanceReadWrite')}
  0x000001ba5d7f8550: 0048 b868 | a91e 7bba | 0100 0048 | 8380 3801 

  0x000001ba5d7f8560: ;   {metadata(method data for {method} {0x000000002c459090} 'requireNonNull' '(Ljava/lang/Object;)Ljava/lang/Object;' in 'java/util/Objects')}
  0x000001ba5d7f8560: 0000 0148 | b8a0 1e01 | 7aba 0100 | 008b b090 | 0000 0083 | c602 89b0 | 9000 0000 | 81e6 feff 
  0x000001ba5d7f8580: 1f00 85f6 | 0f84 cb57 

  0x000001ba5d7f8588: ;   {metadata(method data for {method} {0x000000002c459090} 'requireNonNull' '(Ljava/lang/Object;)Ljava/lang/Object;' in 'java/util/Objects')}
  0x000001ba5d7f8588: 0000 48b8 | a01e 017a | ba01 0000 | ff80 d800 

  0x000001ba5d7f8598: ;   {oop(a 'java/util/concurrent/atomic/AtomicBoolean'{0x000000060bbf85f0})}
  0x000001ba5d7f8598: 0000 48b8 | f085 bf0b | 0600 0000 | 488d 700c | b800 0000 | 00bf 0100 | 0000 f00f | b13e be01 
  0x000001ba5d7f85b8: 0000 0074 | 05be 0000 | 0000 83e6 | 0183 e601 | 83e6 0185 

  0x000001ba5d7f85cc: ;   {metadata(method data for {method} {0x000001ba7b096ec0} 'getInstance' '()Lcom/sun/javafx/text/GlyphLayout;' in 'com/sun/javafx/text/GlyphLayoutManager')}
  0x000001ba5d7f85cc: f648 be38 | b040 7cba | 0100 00bf | 0801 0000 | 7405 bf18 | 0100 0048 | 8b1c 3e48 | 8d5b 0148 
  0x000001ba5d7f85ec: 891c 3e0f | 840f 0000 

  0x000001ba5d7f85f4: ;   {oop(a 'com/sun/javafx/font/directwrite/DWGlyphLayout'{0x000000060bbf8600})}
  0x000001ba5d7f85f4: 0048 be00 | 86bf 0b06 | 0000 00e9 | b301 0000 

  0x000001ba5d7f8604: ;   {metadata(method data for {method} {0x000001ba7b096ec0} 'getInstance' '()Lcom/sun/javafx/text/GlyphLayout;' in 'com/sun/javafx/text/GlyphLayoutManager')}
  0x000001ba5d7f8604: 48be 38b0 | 407c ba01 | 0000 4883 | 8628 0100 

  0x000001ba5d7f8614: ;   {metadata(method data for {method} {0x000001ba7b096e10} 'newInstance' '()Lcom/sun/javafx/text/GlyphLayout;' in 'com/sun/javafx/text/GlyphLayoutManager')}
  0x000001ba5d7f8614: 0001 48be | a8b1 407c | ba01 0000 | 8bbe 9000 | 0000 83c7 | 0289 be90 | 0000 0081 | e7fe ff1f 
  0x000001ba5d7f8634: 0085 ff0f | 8439 5700 

  0x000001ba5d7f863c: ;   {metadata(method data for {method} {0x000001ba7b096e10} 'newInstance' '()Lcom/sun/javafx/text/GlyphLayout;' in 'com/sun/javafx/text/GlyphLayoutManager')}
  0x000001ba5d7f863c: 0048 bea8 | b140 7cba | 0100 0048 | 8386 d800 

  0x000001ba5d7f864c: ;   {static_call}
  0x000001ba5d7f864c: 0000 01e8 

  0x000001ba5d7f8650: ; ImmutableOopMap {[312]=Oop [320]=Oop }
                      ;*invokestatic getFontFactory {reexecute=0 rethrow=0 return_oop=0}
                      ; - com.sun.javafx.text.GlyphLayoutManager::newInstance@0 (line 46)
                      ; - com.sun.javafx.text.GlyphLayoutManager::getInstance@15 (line 54)
                      ; - com.sun.javafx.text.PrismTextLayout::glyphLayout@0 (line 827)
                      ; - com.sun.javafx.text.PrismTextLayout::layout@58 (line 1199)
  0x000001ba5d7f8650: 8c75 ca06 

  0x000001ba5d7f8654: ;   {post_call_nop}
  0x000001ba5d7f8654: 0f1f 8400 | 4c0a 0005 

  0x000001ba5d7f865c: ; implicit exception: dispatches to 0x000001ba5d7fdd97
                      ;   {metadata(method data for {method} {0x000001ba7b096e10} 'newInstance' '()Lcom/sun/javafx/text/GlyphLayout;' in 'com/sun/javafx/text/GlyphLayoutManager')}
  0x000001ba5d7f865c: 483b 0048 | baa8 b140 | 7cba 0100 

  0x000001ba5d7f8668: ;   {metadata('com/sun/javafx/font/directwrite/DWFactory')}
  0x000001ba5d7f8668: 0049 bac8 | 6f11 2d00 | 0000 004c | 8992 f000 | 0000 4883 | 82f8 0000 

  0x000001ba5d7f8680: ;   {metadata(method data for {method} {0x000001ba7a85cc20} 'createGlyphLayout' '()Lcom/sun/javafx/text/GlyphLayout;' in 'com/sun/javafx/font/directwrite/DWFactory')}
  0x000001ba5d7f8680: 0001 48ba | f8b2 407c | ba01 0000 | 8bb2 9000 | 0000 83c6 | 0289 b290 | 0000 0081 | e6fe ff1f 
  0x000001ba5d7f86a0: 0085 f60f | 84f3 5600 

  0x000001ba5d7f86a8: ;   {metadata('com/sun/javafx/font/directwrite/DWGlyphLayout')}
  0x000001ba5d7f86a8: 0048 ba38 | 5211 2d00 | 0000 0049 | 8b87 c801 | 0000 488d | 7810 493b | bfd8 0100 | 000f 87f2 
  0x000001ba5d7f86c8: 5600 0049 | 89bf c801 | 0000 48c7 | 0001 0000 | 0048 8bca | 41ba 0000 | 002c 492b | ca89 4808 
  0x000001ba5d7f86e8: 4833 c989 | 480c 4833 | c94c 8bc0 

  0x000001ba5d7f86f4: ;   {metadata(method data for {method} {0x000001ba7a85cc20} 'createGlyphLayout' '()Lcom/sun/javafx/text/GlyphLayout;' in 'com/sun/javafx/font/directwrite/DWFactory')}
  0x000001ba5d7f86f4: 49b9 f8b2 | 407c ba01 | 0000 4983 | 81d8 0000 

  0x000001ba5d7f8704: ;   {metadata(method data for {method} {0x000001ba7a868d18} '<init>' '()V' in 'com/sun/javafx/font/directwrite/DWGlyphLayout')}
  0x000001ba5d7f8704: 0001 49b8 | 00b4 407c | ba01 0000 | 458b 8890 | 0000 0041 | 83c1 0245 | 8988 9000 | 0000 4181 
  0x000001ba5d7f8724: e1fe ff1f | 0045 85c9 | 0f84 9856 | 0000 4c8b 

  0x000001ba5d7f8734: ;   {metadata(method data for {method} {0x000001ba7a868d18} '<init>' '()V' in 'com/sun/javafx/font/directwrite/DWGlyphLayout')}
  0x000001ba5d7f8734: c049 b900 | b440 7cba | 0100 0049 | 8381 d800 

  0x000001ba5d7f8744: ;   {metadata(method data for {method} {0x000001ba7a866768} '<init>' '()V' in 'com/sun/javafx/text/GlyphLayout')}
  0x000001ba5d7f8744: 0000 0149 | b808 b540 | 7cba 0100 | 0045 8b88 | 9000 0000 | 4183 c102 | 4589 8890 | 0000 0041 
  0x000001ba5d7f8764: 81e1 feff | 1f00 4585 | c90f 8478 | 5600 004c 

  0x000001ba5d7f8774: ;   {metadata(method data for {method} {0x000001ba7a866768} '<init>' '()V' in 'com/sun/javafx/text/GlyphLayout')}
  0x000001ba5d7f8774: 8bc0 49b9 | 08b5 407c | ba01 0000 | 4983 81d8 | 0000 0001 

  0x000001ba5d7f8788: ;   {metadata(method data for {method} {0x000000002c4b32d8} '<init>' '()V' in 'java/lang/Object')}
  0x000001ba5d7f8788: 49b8 70c5 | 007a ba01 | 0000 458b | 8890 0000 | 0041 83c1 | 0245 8988 | 9000 0000 | 4181 e1fe 
  0x000001ba5d7f87a8: ff1f 0045 | 85c9 0f84 | 5856 0000 | 488b f048 | 8b94 2438 | 0100 0044 | 8b42 2441 | 83e0 0445 
  0x000001ba5d7f87c8: ;   {metadata(method data for {method} {0x000001ba7ac907d0} 'layout' '()V' in 'com/sun/javafx/text/PrismTextLayout')}
  0x000001ba5d7f87c8: 85c0 49b8 | 48b6 5a7b | ba01 0000 | 41b9 a002 | 0000 7506 | 41b9 9002 | 0000 4b8b | 3c08 488d 
  0x000001ba5d7f87e8: 7f01 4b89 | 3c08 0f85 | 0d00 0000 | 4889 b424 | 4801 0000 | e993 0000 | 0044 8b42 | 5449 c1e0 
  0x000001ba5d7f8808: 034d 85c0 

  0x000001ba5d7f880c: ;   {metadata(method data for {method} {0x000001ba7ac907d0} 'layout' '()V' in 'com/sun/javafx/text/PrismTextLayout')}
  0x000001ba5d7f880c: 49b8 48b6 | 5a7b ba01 | 0000 41b9 | b002 0000 | 7506 41b9 | c002 0000 | 4b8b 3c08 | 488d 7f01 
  0x000001ba5d7f882c: 4b89 3c08 | 4889 b424 | 4801 0000 | 0f85 5600 | 0000 4c8b 

  0x000001ba5d7f8840: ;   {metadata(method data for {method} {0x000001ba7ac907d0} 'layout' '()V' in 'com/sun/javafx/text/PrismTextLayout')}
  0x000001ba5d7f8840: c249 b948 | b65a 7bba 

  0x000001ba5d7f8848: ;   {metadata('com/sun/javafx/text/PrismTextLayout')}
  0x000001ba5d7f8848: 0100 0049 | ba50 be1a | 2d00 0000 | 004d 8991 | d802 0000 | 4983 81e0 | 0200 0001 | 41b8 0800 
  0x000001ba5d7f8868: ;   {oop(nullptr)}
  0x000001ba5d7f8868: 0000 49b9 | 0000 0000 | 0000 0000 | 488b fa48 | 8bd7 0f1f 

  0x000001ba5d7f887c: ;   {optimized virtual_call}
  0x000001ba5d7f887c: 4400 00e8 

  0x000001ba5d7f8880: ; ImmutableOopMap {[312]=Oop [320]=Oop [328]=Oop }
                      ;*invokevirtual setTabAdvancePolicy {reexecute=0 rethrow=0 return_oop=0}
                      ; - com.sun.javafx.text.PrismTextLayout::layout@82 (line 1204)
  0x000001ba5d7f8880: 5c69 ca06 

  0x000001ba5d7f8884: ;   {post_call_nop}
  0x000001ba5d7f8884: 0f1f 8400 | 7c0c 0006 | 488b 9424 | 3801 0000 | c5fa 1042 

  0x000001ba5d7f8898: ;   {section_word}
  0x000001ba5d7f8898: 1cc5 fa10 | 0d5f f4ff | ffc5 f82e | c1be ffff | ffff 0f8a | 1400 0000 | 0f82 0e00 | 0000 be00 
  0x000001ba5d7f88b8: 0000 000f | 8403 0000 | 0048 ffc6 

  0x000001ba5d7f88c4: ;   {metadata(method data for {method} {0x000001ba7ac907d0} 'layout' '()V' in 'com/sun/javafx/text/PrismTextLayout')}
  0x000001ba5d7f88c4: 85f6 48be | 48b6 5a7b | ba01 0000 | bf10 0300 | 007f 05bf | 0003 0000 | 488b 1c3e | 488d 5b01 
  0x000001ba5d7f88e4: 4889 1c3e | 0f8f 1700 

  0x000001ba5d7f88ec: ;   {oop(nullptr)}
  0x000001ba5d7f88ec: 0000 48be | 0000 0000 | 0000 0000 | 4889 b424 | 6001 0000 | e9e7 0000 | 008b 7224 | 83e6 5085 
  0x000001ba5d7f890c: ;   {metadata(method data for {method} {0x000001ba7ac907d0} 'layout' '()V' in 'com/sun/javafx/text/PrismTextLayout')}
  0x000001ba5d7f890c: f648 be48 | b65a 7bba | 0100 00bf | 3003 0000 | 7505 bf20 | 0300 0048 | 8b1c 3e48 | 8d5b 0148 
  0x000001ba5d7f892c: 891c 3e0f | 8517 0000 

  0x000001ba5d7f8934: ;   {oop(nullptr)}
  0x000001ba5d7f8934: 0048 be00 | 0000 0000 | 0000 0048 | 89b4 2460 | 0100 00e9 | a000 0000 

  0x000001ba5d7f894c: ;   {static_call}
  0x000001ba5d7f894c: 6666 90e8 

  0x000001ba5d7f8950: ; ImmutableOopMap {[312]=Oop [320]=Oop [328]=Oop }
                      ;*invokestatic getLineInstance {reexecute=0 rethrow=0 return_oop=0}
                      ; - com.sun.javafx.text.PrismTextLayout::layout@107 (line 1211)
  0x000001ba5d7f8950: 8c72 ca06 

  0x000001ba5d7f8954: ;   {post_call_nop}
  0x000001ba5d7f8954: 0f1f 8400 | 4c0d 0007 | 0f1f 4000 

  0x000001ba5d7f8960: ;   {other}
  0x000001ba5d7f8960: e9d7 5400 | 0000 0000 | 0000 4889 | 8424 5801 | 0000 e9cf | 5400 004c 

  0x000001ba5d7f8978: ;   {metadata(method data for {method} {0x000001ba7ac907d0} 'layout' '()V' in 'com/sun/javafx/text/PrismTextLayout')}
  0x000001ba5d7f8978: 8bc0 48ba | 48b6 5a7b | ba01 0000 | 4883 8250 | 0300 0001 | 4c8b 8424 | 4001 0000 | 488b d048 
  0x000001ba5d7f8998: 8984 2450 

  0x000001ba5d7f899c: ;   {optimized virtual_call}
  0x000001ba5d7f899c: 0100 00e8 

  0x000001ba5d7f89a0: ; ImmutableOopMap {[312]=Oop [320]=Oop [328]=Oop [336]=Oop [344]=Oop }
                      ;*invokespecial <init> {reexecute=0 rethrow=0 return_oop=0}
                      ; - com.sun.javafx.text.PrismTextLayout::layout@117 (line 1212)
  0x000001ba5d7f89a0: 3c68 ca06 

  0x000001ba5d7f89a4: ;   {post_call_nop}
  0x000001ba5d7f89a4: 0f1f 8400 | 9c0d 0008 | 4c8b 8424 | 5001 0000 | 488b 9424 | 5801 0000 | 9048 b8f0 | 9be6 1bba 
  0x000001ba5d7f89c4: ;   {virtual_call}
  0x000001ba5d7f89c4: 0100 00e8 

  0x000001ba5d7f89c8: ; ImmutableOopMap {[312]=Oop [320]=Oop [328]=Oop [344]=Oop }
                      ;*invokevirtual setText {reexecute=0 rethrow=0 return_oop=0}
                      ; - com.sun.javafx.text.PrismTextLayout::layout@120 (line 1212)
  0x000001ba5d7f89c8: 146d ca06 

  0x000001ba5d7f89cc: ;   {post_call_nop}
  0x000001ba5d7f89cc: 0f1f 8400 | c40d 0009 | 488b b424 | 5801 0000 | 4889 b424 | 6001 0000 | 488b 9424 | 3801 0000 
  0x000001ba5d7f89ec: 8b7a 2481 | e700 003c | 0089 bc24 | 6801 0000 

  0x000001ba5d7f89fc: ;   {metadata(method data for {method} {0x000001ba7ac907d0} 'layout' '()V' in 'com/sun/javafx/text/PrismTextLayout')}
  0x000001ba5d7f89fc: 488b da48 | b848 b65a | 7bba 0100 | 0048 8380 | 9003 0000 | 0148 8bda 

  0x000001ba5d7f8a14: ;   {optimized virtual_call}
  0x000001ba5d7f8a14: 488b d3e8 

  0x000001ba5d7f8a18: ; ImmutableOopMap {[312]=Oop [320]=Oop [328]=Oop [352]=Oop }
                      ;*invokevirtual isSimpleLayout {reexecute=0 rethrow=0 return_oop=0}
                      ; - com.sun.javafx.text.PrismTextLayout::layout@133 (line 1222)
  0x000001ba5d7f8a18: 24a6 2a00 

  0x000001ba5d7f8a1c: ;   {post_call_nop}
  0x000001ba5d7f8a1c: 0f1f 8400 | 140e 000a 

  0x000001ba5d7f8a24: ;   {metadata(method data for {method} {0x000001ba7ac907d0} 'layout' '()V' in 'com/sun/javafx/text/PrismTextLayout')}
  0x000001ba5d7f8a24: 85c0 48ba | 48b6 5a7b | ba01 0000 | bec0 0300 | 0074 05be | d003 0000 | 488b 3c32 | 488d 7f01 
  0x000001ba5d7f8a44: 4889 3c32 | 0f84 d302 | 0000 488b | 9424 3801 | 0000 8b72 | 4c48 c1e6 | 0348 85f6 

  0x000001ba5d7f8a60: ;   {metadata(method data for {method} {0x000001ba7ac907d0} 'layout' '()V' in 'com/sun/javafx/text/PrismTextLayout')}
  0x000001ba5d7f8a60: 48be 48b6 | 5a7b ba01 | 0000 bff0 | 0300 0074 | 05bf e003 | 0000 488b | 043e 488d | 4001 4889 
  0x000001ba5d7f8a80: 043e 0f84 | 1000 0000 | 4c8b ac24 | 4001 0000 | 4c8b dae9 | ae02 0000 | 488b 8424 | 4001 0000 
  0x000001ba5d7f8aa0: ;   {metadata('com/sun/javafx/text/LayoutCache')}
  0x000001ba5d7f8aa0: 4c8b da48 | bad0 3132 | 2d00 0000 | 004c 8be8 | 498b 87c8 | 0100 0048 | 8d78 3849 | 3bbf d801 
  0x000001ba5d7f8ac0: 0000 0f87 | 8b53 0000 | 4989 bfc8 | 0100 0048 | c700 0100 | 0000 488b | ca41 ba00 | 0000 2c49 
  0x000001ba5d7f8ae0: 2bca 8948 | 0848 33c9 | 8948 0c48 | 33c9 bf05 | 0000 0048 | 894c f808 | 48ff cf75 | f64c 8bc0 
  0x000001ba5d7f8b00: ;   {metadata(method data for {method} {0x000001ba7ac907d0} 'layout' '()V' in 'com/sun/javafx/text/PrismTextLayout')}
  0x000001ba5d7f8b00: 498b d848 | ba48 b65a | 7bba 0100 | 0048 8382 | 0004 0000 

  0x000001ba5d7f8b14: ;   {metadata(method data for {method} {0x000001ba7b098b28} '<init>' '()V' in 'com/sun/javafx/text/LayoutCache')}
  0x000001ba5d7f8b14: 0148 bb10 | b640 7cba | 0100 008b | 9390 0000 | 0083 c202 | 8993 9000 | 0000 81e2 | feff 1f00 
  0x000001ba5d7f8b34: 85d2 0f84 | 2453 0000 

  0x000001ba5d7f8b3c: ;   {metadata(method data for {method} {0x000001ba7b098b28} '<init>' '()V' in 'com/sun/javafx/text/LayoutCache')}
  0x000001ba5d7f8b3c: 498b d848 | ba10 b640 | 7cba 0100 | 0048 8382 | d800 0000 

  0x000001ba5d7f8b50: ;   {metadata(method data for {method} {0x000000002c4b32d8} '<init>' '()V' in 'java/lang/Object')}
  0x000001ba5d7f8b50: 0148 bb70 | c500 7aba | 0100 008b | 9390 0000 | 0083 c202 | 8993 9000 | 0000 81e2 | feff 1f00 
  0x000001ba5d7f8b70: 85d2 0f84 | 0953 0000 | 410f be5f | 4885 db0f | 851d 5300 | 004d 8bd0 | 49c1 ea03 | 4589 534c 
  0x000001ba5d7f8b90: 498b d349 | 33d0 48c1 | ea16 4883 | fa00 0f85 | 1e53 0000 

  0x000001ba5d7f8ba4: ; implicit exception: dispatches to 0x000001ba5d7fdeda
  0x000001ba5d7f8ba4: 458b 4d0c 

  0x000001ba5d7f8ba8: ;   {metadata({type array int})}
  0x000001ba5d7f8ba8: 498b d948 | ba58 4718 | 2c00 0000 | 0048 63db | 488b fb48 | 81fb ffff | ff00 0f87 | 1753 0000 
  0x000001ba5d7f8bc8: be17 0000 | 0048 8d34 | 9e48 83e6 | f849 8b87 | c801 0000 | 488d 3430 | 493b b7d8 | 0100 000f 
  0x000001ba5d7f8be8: 87f2 5200 | 0049 89b7 | c801 0000 | 482b f048 | c700 0100 | 0000 488b | ca41 ba00 | 0000 2c49 
  0x000001ba5d7f8c08: 2bca 8948 | 0889 580c | 4883 ee10 | 4885 f60f | 8411 0000 | 0048 33db | 48c1 ee03 | 4889 5cf0 
  0x000001ba5d7f8c28: 0848 ffce | 75f6 410f | be5f 4885 | db0f 85ae | 5200 004c | 8bd0 49c1 | ea03 4589 | 5020 498b 
  0x000001ba5d7f8c48: d848 33d8 | 48c1 eb16 | 4883 fb00 | 0f85 af52 | 0000 498b 

  0x000001ba5d7f8c5c: ;   {metadata({type array float})}
  0x000001ba5d7f8c5c: d948 ba58 | 3f18 2c00 | 0000 0048 | 63db 488b | fb48 81fb | ffff ff00 | 0f87 a752 | 0000 be17 
  0x000001ba5d7f8c7c: 0000 0048 | 8d34 9e48 | 83e6 f849 | 8b87 c801 | 0000 488d | 3430 493b | b7d8 0100 | 000f 8782 
  0x000001ba5d7f8c9c: 5200 0049 | 89b7 c801 | 0000 482b | f048 c700 | 0100 0000 | 488b ca41 | ba00 0000 | 2c49 2bca 
  0x000001ba5d7f8cbc: 8948 0889 | 580c 4883 | ee10 4885 | f60f 8411 | 0000 0048 | 33db 48c1 | ee03 4889 | 5cf0 0848 
  0x000001ba5d7f8cdc: ffce 75f6 | 410f be57 | 4885 d20f | 853e 5200 | 004c 8bd0 | 49c1 ea03 | 4589 5024 | 498b d048 
  0x000001ba5d7f8cfc: 33d0 48c1 | ea16 4883 | fa00 0f85 | 3f52 0000 

  0x000001ba5d7f8d0c: ;   {metadata(method data for {method} {0x000001ba7ac907d0} 'layout' '()V' in 'com/sun/javafx/text/PrismTextLayout')}
  0x000001ba5d7f8d0c: 48ba 48b6 | 5a7b ba01 | 0000 ff82 | 1004 0000 | e925 0000 | 004c 8bac | 2440 0100 | 004c 8b9c 
  0x000001ba5d7f8d2c: 2438 0100 | 0041 0fbe | 5748 85d2 | 0f85 2552 | 0000 41c7 | 434c 0000 

  0x000001ba5d7f8d44: ;   {metadata('java/util/ArrayList')}
  0x000001ba5d7f8d44: 0000 48ba | b0d4 212c | 0000 0000 | 498b 87c8 | 0100 0048 | 8d78 1849 | 3bbf d801 | 0000 0f87 
  0x000001ba5d7f8d64: 1b52 0000 | 4989 bfc8 | 0100 0048 | c700 0100 | 0000 488b | ca41 ba00 | 0000 2c49 | 2bca 8948 
  0x000001ba5d7f8d84: 0848 33c9 | 8948 0c48 | 33c9 4889 | 4810 4889 | 8424 7001 | 0000 4c8b 

  0x000001ba5d7f8d9c: ;   {metadata(method data for {method} {0x000001ba7ac907d0} 'layout' '()V' in 'com/sun/javafx/text/PrismTextLayout')}
  0x000001ba5d7f8d9c: c049 b948 | b65a 7bba | 0100 0049 | 8381 2804 

  0x000001ba5d7f8dac: ;   {metadata(method data for {method} {0x000000002c221f60} '<init>' '()V' in 'java/util/ArrayList')}
  0x000001ba5d7f8dac: 0000 0149 | b810 8e1e | 7aba 0100 | 0045 8b88 | 9000 0000 | 4183 c102 | 4589 8890 | 0000 0041 
  0x000001ba5d7f8dcc: 81e1 feff | 1f00 4585 | c90f 84b5 | 5100 004c 

  0x000001ba5d7f8ddc: ;   {metadata(method data for {method} {0x000000002c221f60} '<init>' '()V' in 'java/util/ArrayList')}
  0x000001ba5d7f8ddc: 8bc0 49b9 | 108e 1e7a | ba01 0000 | 4983 81d8 | 0000 0001 

  0x000001ba5d7f8df0: ;   {metadata(method data for {method} {0x000000002c220bf8} '<init>' '()V' in 'java/util/AbstractList')}
  0x000001ba5d7f8df0: 49b8 8874 | 147a ba01 | 0000 458b | 8890 0000 | 0041 83c1 | 0245 8988 | 9000 0000 | 4181 e1fe 
  0x000001ba5d7f8e10: ff1f 0045 | 85c9 0f84 | 9551 0000 

  0x000001ba5d7f8e1c: ;   {metadata(method data for {method} {0x000000002c220bf8} '<init>' '()V' in 'java/util/AbstractList')}
  0x000001ba5d7f8e1c: 4c8b c049 | b988 7414 | 7aba 0100 | 0049 8381 | d800 0000 

  0x000001ba5d7f8e30: ;   {metadata(method data for {method} {0x000000002c21ffb8} '<init>' '()V' in 'java/util/AbstractCollection')}
  0x000001ba5d7f8e30: 0149 b8d0 | 2d01 7aba | 0100 0045 | 8b88 9000 | 0000 4183 | c102 4589 | 8890 0000 | 0041 81e1 
  0x000001ba5d7f8e50: feff 1f00 | 4585 c90f | 8475 5100 | 004c 8bc0 

  0x000001ba5d7f8e60: ;   {metadata(method data for {method} {0x000000002c21ffb8} '<init>' '()V' in 'java/util/AbstractCollection')}
  0x000001ba5d7f8e60: 49b9 d02d | 017a ba01 | 0000 4983 | 81d8 0000 

  0x000001ba5d7f8e70: ;   {metadata(method data for {method} {0x000000002c4b32d8} '<init>' '()V' in 'java/lang/Object')}
  0x000001ba5d7f8e70: 0001 49b8 | 70c5 007a | ba01 0000 | 458b 8890 | 0000 0041 | 83c1 0245 | 8988 9000 | 0000 4181 
  0x000001ba5d7f8e90: e1fe ff1f | 0045 85c9 | 0f84 5551 | 0000 450f | be47 4845 | 85c0 0f85 | 6851 0000 

  0x000001ba5d7f8eac: ;   {oop(a 'java/lang/Object'[0] {0x000000060b548778})}
  0x000001ba5d7f8eac: 49ba 7887 | 540b 0600 | 0000 49c1 | ea03 4489 

  0x000001ba5d7f8ebc: ;   {oop(a 'java/lang/Object'[0] {0x000000060b548778})}
  0x000001ba5d7f8ebc: 5014 49b8 | 7887 540b | 0600 0000 | 4c8b c84d | 33c8 49c1 | e916 4983 | f900 0f85 | 5851 0000 
  0x000001ba5d7f8edc: be00 0000 

  0x000001ba5d7f8ee0: ;   {section_word}
  0x000001ba5d7f8ee0: 00c5 fa10 | 051b eeff | ffbb 0000 | 0000 b900 

  0x000001ba5d7f8ef0: ;   {section_word}
  0x000001ba5d7f8ef0: 0000 00c5 | fa10 0d0d | eeff ffc5 | fa11 8424 | 5402 0000 | 899c 2480 | 0100 0089 | 8c24 8401 
  0x000001ba5d7f8f10: 0000 c5fa | 118c 2460 | 0200 0048 | 8b9c 2448 | 0100 000f | 1f44 0000 | 458b 4310 

  0x000001ba5d7f8f2c: ;   {metadata(method data for {method} {0x000001ba7ac907d0} 'layout' '()V' in 'com/sun/javafx/text/PrismTextLayout')}
  0x000001ba5d7f8f2c: 413b f049 | b848 b65a | 7bba 0100 | 0041 b938 | 0400 007d | 0641 b948 | 0400 004b | 8b3c 0848 
  0x000001ba5d7f8f4c: 8d7f 014b | 893c 080f | 8db5 2700 | 0045 8b43 | 4049 c1e0 | 0341 3b70 | 0c0f 83eb | 5000 004c 
  0x000001ba5d7f8f6c: 63ce 438b | 7c88 1048 | c1e7 0348 | 89bc 2478 | 0100 004d | 8bc3 89b4 | 246c 0100 

  0x000001ba5d7f8f88: ;   {metadata(method data for {method} {0x000001ba7ac907d0} 'layout' '()V' in 'com/sun/javafx/text/PrismTextLayout')}
  0x000001ba5d7f8f88: 0049 b948 | b65a 7bba | 0100 0049 | 8381 5804 | 0000 014c | 8bc7 4d8b | cd48 8bfb | 498b d348 
  0x000001ba5d7f8fa8: 899c 2448 

  0x000001ba5d7f8fac: ;   {optimized virtual_call}
  0x000001ba5d7f8fac: 0100 00e8 

  0x000001ba5d7f8fb0: ; ImmutableOopMap {[312]=Oop [320]=Oop [328]=Oop [352]=Oop [368]=Oop [376]=Oop }
                      ;*invokevirtual shape {reexecute=0 rethrow=0 return_oop=0}
                      ; - com.sun.javafx.text.PrismTextLayout::layout@236 (line 1239)
  0x000001ba5d7f8fb0: 2c97 2200 

  0x000001ba5d7f8fb4: ;   {post_call_nop}
  0x000001ba5d7f8fb4: 0f1f 8400 | ac13 000b | 488b bc24 | 7801 0000 

  0x000001ba5d7f8fc4: ; implicit exception: dispatches to 0x000001ba5d7fe064
  0x000001ba5d7f8fc4: 483b 0748 

  0x000001ba5d7f8fc8: ;   {metadata(method data for {method} {0x000001ba7ac907d0} 'layout' '()V' in 'com/sun/javafx/text/PrismTextLayout')}
  0x000001ba5d7f8fc8: 8bd7 48be | 48b6 5a7b | ba01 0000 | 4883 8698 | 0400 0001 

  0x000001ba5d7f8fdc: ;   {metadata(method data for {method} {0x000001ba7b094250} 'isTab' '()Z' in 'com/sun/javafx/text/TextRun')}
  0x000001ba5d7f8fdc: 48ba e8c4 | 407c ba01 | 0000 8bb2 | 9000 0000 | 83c6 0289 | b290 0000 | 0081 e6fe | ff1f 0085 
  0x000001ba5d7f8ffc: f60f 8466 | 5000 008b | 572c 83e2 

  0x000001ba5d7f9008: ;   {metadata(method data for {method} {0x000001ba7b094250} 'isTab' '()Z' in 'com/sun/javafx/text/TextRun')}
  0x000001ba5d7f9008: 0185 d248 | bae8 c440 | 7cba 0100 | 00be d800 | 0000 7405 | bee8 0000 | 0048 8b1c | 3248 8d5b 
  0x000001ba5d7f9028: 0148 891c | 320f 841a 

  0x000001ba5d7f9030: ;   {metadata(method data for {method} {0x000001ba7b094250} 'isTab' '()Z' in 'com/sun/javafx/text/TextRun')}
  0x000001ba5d7f9030: 0000 0048 | bae8 c440 | 7cba 0100 | 00ff 82f8 | 0000 00ba | 0100 0000 | e905 0000 | 00ba 0000 
  0x000001ba5d7f9050: 0000 83e2 

  0x000001ba5d7f9054: ;   {metadata(method data for {method} {0x000001ba7ac907d0} 'layout' '()V' in 'com/sun/javafx/text/PrismTextLayout')}
  0x000001ba5d7f9054: 0185 d248 | ba48 b65a | 7bba 0100 | 00be b804 | 0000 7405 | bec8 0400 | 0048 8b1c | 3248 8d5b 
  0x000001ba5d7f9074: 0148 891c | 32c5 fa10 | 8424 5402 | 0000 0f84 | 760b 0000 

  0x000001ba5d7f9088: ;   {metadata(method data for {method} {0x000001ba7ac907d0} 'layout' '()V' in 'com/sun/javafx/text/PrismTextLayout')}
  0x000001ba5d7f9088: 48ba 48b6 | 5a7b ba01 | 0000 4883 | 82d8 0400 

  0x000001ba5d7f9098: ;   {metadata(method data for {method} {0x000000002c1ac3a0} 'isNaN' '(F)Z' in 'java/lang/Float')}
  0x000001ba5d7f9098: 0001 48ba | 50db 717a | ba01 0000 | 8bb2 9000 | 0000 83c6 | 0289 b290 | 0000 0081 | e6fe ff1f 
  0x000001ba5d7f90b8: 0085 f60f | 84c9 4f00 | 00c5 f82e | c0ba ffff | ffff 0f8a | 1400 0000 | 0f82 0e00 | 0000 ba00 
  0x000001ba5d7f90d8: 0000 000f | 8403 0000 | 0048 ffc2 

  0x000001ba5d7f90e4: ;   {metadata(method data for {method} {0x000000002c1ac3a0} 'isNaN' '(F)Z' in 'java/lang/Float')}
  0x000001ba5d7f90e4: 85d2 48ba | 50db 717a | ba01 0000 | bed8 0000 | 0074 05be | e800 0000 | 488b 1c32 | 488d 5b01 
  0x000001ba5d7f9104: 4889 1c32 | 0f84 1a00 

  0x000001ba5d7f910c: ;   {metadata(method data for {method} {0x000000002c1ac3a0} 'isNaN' '(F)Z' in 'java/lang/Float')}
  0x000001ba5d7f910c: 0000 48ba | 50db 717a | ba01 0000 | ff82 f800 | 0000 ba01 | 0000 00e9 | 0500 0000 | ba00 0000 
  0x000001ba5d7f912c: 0083 e201 

  0x000001ba5d7f9130: ;   {metadata(method data for {method} {0x000001ba7ac907d0} 'layout' '()V' in 'com/sun/javafx/text/PrismTextLayout')}
  0x000001ba5d7f9130: 85d2 48ba | 48b6 5a7b | ba01 0000 | bee8 0400 | 0074 05be | f804 0000 | 488b 1c32 | 488d 5b01 
  0x000001ba5d7f9150: 4889 1c32 | 0f84 0508 | 0000 488b 

  0x000001ba5d7f915c: ;   {metadata(method data for {method} {0x000001ba7ac907d0} 'layout' '()V' in 'com/sun/javafx/text/PrismTextLayout')}
  0x000001ba5d7f915c: d748 be48 | b65a 7bba 

  0x000001ba5d7f9164: ;   {metadata('com/sun/javafx/text/TextRun')}
  0x000001ba5d7f9164: 0100 0049 | ba68 2732 | 2d00 0000 | 004c 8996 | 1005 0000 | 4883 8618 | 0500 0001 | 8b57 4c48 
  0x000001ba5d7f9184: c1e2 0348 | 8bb4 2438 

  0x000001ba5d7f918c: ;   {metadata(method data for {method} {0x000001ba7ac907d0} 'layout' '()V' in 'com/sun/javafx/text/PrismTextLayout')}
  0x000001ba5d7f918c: 0100 0048 | bb48 b65a | 7bba 0100 | 0048 8383 | 3805 0000 

  0x000001ba5d7f91a0: ;   {metadata(method data for {method} {0x000001ba7ac90f28} 'computeLayoutShift' '(Lcom/sun/javafx/scene/text/TextSpan;)F' in 'com/sun/javafx/text/PrismTextLayout')}
  0x000001ba5d7f91a0: 0148 be20 | c640 7cba | 0100 008b | 9e90 0000 | 0083 c302 | 899e 9000 | 0000 81e3 | feff 1f00 
  0x000001ba5d7f91c0: 85db 0f84 | e34e 0000 

  0x000001ba5d7f91c8: ;   {metadata(method data for {method} {0x000001ba7ac90f28} 'computeLayoutShift' '(Lcom/sun/javafx/scene/text/TextSpan;)F' in 'com/sun/javafx/text/PrismTextLayout')}
  0x000001ba5d7f91c8: 4885 d248 | be20 c640 | 7cba 0100 | 00bb d800 | 0000 7405 | bbe8 0000 | 0048 8b04 | 1e48 8d40 
  0x000001ba5d7f91e8: 0148 8904 | 1e0f 84d4 | 0000 0048 | 3b02 488b 

  0x000001ba5d7f91f8: ;   {metadata(method data for {method} {0x000001ba7ac90f28} 'computeLayoutShift' '(Lcom/sun/javafx/scene/text/TextSpan;)F' in 'com/sun/javafx/text/PrismTextLayout')}
  0x000001ba5d7f91f8: f248 bb20 | c640 7cba | 0100 008b | 7608 41ba | 0000 002c | 4903 f248 | 3bb3 0001 | 0000 750d 
  0x000001ba5d7f9218: 4883 8308 | 0100 0001 | e960 0000 | 0048 3bb3 | 1001 0000 | 750d 4883 | 8318 0100 | 0001 e94a 
  0x000001ba5d7f9238: 0000 0048 | 83bb 0001 | 0000 0075 | 1748 89b3 | 0001 0000 | 48c7 8308 | 0100 0001 | 0000 00e9 
  0x000001ba5d7f9258: 2900 0000 | 4883 bb10 | 0100 0000 | 7517 4889 | b310 0100 | 0048 c783 | 1801 0000 | 0100 0000 
  0x000001ba5d7f9278: e908 0000 | 0048 8383 | f800 0000 | 0148 b818 | 9ce6 1bba 

  0x000001ba5d7f928c: ;   {virtual_call}
  0x000001ba5d7f928c: 0100 00e8 

  0x000001ba5d7f9290: ; ImmutableOopMap {[312]=Oop [320]=Oop [328]=Oop [352]=Oop [368]=Oop [376]=Oop }
                      ;*invokeinterface getLayoutRootRegion {reexecute=0 rethrow=0 return_oop=0}
                      ; - com.sun.javafx.text.PrismTextLayout::computeLayoutShift@5 (line 1672)
                      ; - com.sun.javafx.text.PrismTextLayout::layout@261 (line 1243)
  0x000001ba5d7f9290: 4c64 ca06 

  0x000001ba5d7f9294: ;   {post_call_nop}
  0x000001ba5d7f9294: 0f1f 8400 | 8c16 000c 

  0x000001ba5d7f929c: ;   {metadata(method data for {method} {0x000001ba7ac90f28} 'computeLayoutShift' '(Lcom/sun/javafx/scene/text/TextSpan;)F' in 'com/sun/javafx/text/PrismTextLayout')}
  0x000001ba5d7f929c: 4885 c048 | ba20 c640 | 7cba 0100 | 00be 3801 | 0000 7505 | be28 0100 | 0048 8b3c | 3248 8d7f 
  0x000001ba5d7f92bc: 0148 893c | 320f 850d 

  0x000001ba5d7f92c4: ;   {section_word}
  0x000001ba5d7f92c4: 0000 00c5 | fa10 053d | eaff ffe9 | 8b06 0000 

  0x000001ba5d7f92d4: ; implicit exception: dispatches to 0x000001ba5d7fe0d1
  0x000001ba5d7f92d4: 483b 0048 

  0x000001ba5d7f92d8: ;   {metadata(method data for {method} {0x000001ba7ac90f28} 'computeLayoutShift' '(Lcom/sun/javafx/scene/text/TextSpan;)F' in 'com/sun/javafx/text/PrismTextLayout')}
  0x000001ba5d7f92d8: 8bd0 48be | 20c6 407c | ba01 0000 | 8b52 0841 | ba00 0000 | 2c49 03d2 | 483b 9650 | 0100 0075 
  0x000001ba5d7f92f8: 0d48 8386 | 5801 0000 | 01e9 6000 | 0000 483b | 9660 0100 | 0075 0d48 | 8386 6801 | 0000 01e9 
  0x000001ba5d7f9318: 4a00 0000 | 4883 be50 | 0100 0000 | 7517 4889 | 9650 0100 | 0048 c786 | 5801 0000 | 0100 0000 
  0x000001ba5d7f9338: e929 0000 | 0048 83be | 6001 0000 | 0075 1748 | 8996 6001 | 0000 48c7 | 8668 0100 | 0001 0000 
  0x000001ba5d7f9358: 00e9 0800 | 0000 4883 | 8648 0100 

  0x000001ba5d7f9364: ;   {metadata(method data for {method} {0x000001ba7aa44ea8} 'snappedLeftInset' '()D' in 'javafx/scene/layout/Region')}
  0x000001ba5d7f9364: 0001 48ba | 00f0 477b | ba01 0000 | 8bb2 9000 | 0000 83c6 | 0289 b290 | 0000 0081 | e6fe ff1f 
  0x000001ba5d7f9384: 0085 f60f | 8449 4d00 | 00c5 fb10 | 8098 0100 | 0048 8bd0 

  0x000001ba5d7f9398: ;   {metadata(method data for {method} {0x000001ba7aa44ea8} 'snappedLeftInset' '()D' in 'javafx/scene/layout/Region')}
  0x000001ba5d7f9398: 48be 00f0 | 477b ba01 | 0000 4883 | 86d8 0000 

  0x000001ba5d7f93a8: ;   {metadata(method data for {method} {0x000001ba7aa3f880} 'getSnapScaleX' '()D' in 'javafx/scene/layout/Region')}
  0x000001ba5d7f93a8: 0001 48ba | 988d 437b | ba01 0000 | 8bb2 9000 | 0000 83c6 | 0289 b290 | 0000 0081 | e6fe ff1f 
  0x000001ba5d7f93c8: 0085 f60f | 8426 4d00 | 0048 8bd0 

  0x000001ba5d7f93d4: ;   {metadata(method data for {method} {0x000001ba7aa3f880} 'getSnapScaleX' '()D' in 'javafx/scene/layout/Region')}
  0x000001ba5d7f93d4: 48be 988d | 437b ba01 | 0000 8b52 | 0841 ba00 | 0000 2c49 | 03d2 483b | 96e0 0000 | 0075 0d48 
  0x000001ba5d7f93f4: 8386 e800 | 0000 01e9 | 6000 0000 | 483b 96f0 | 0000 0075 | 0d48 8386 | f800 0000 | 01e9 4a00 
  0x000001ba5d7f9414: 0000 4883 | bee0 0000 | 0000 7517 | 4889 96e0 | 0000 0048 | c786 e800 | 0000 0100 | 0000 e929 
  0x000001ba5d7f9434: 0000 0048 | 83be f000 | 0000 0075 | 1748 8996 | f000 0000 | 48c7 86f8 | 0000 0001 | 0000 00e9 
  0x000001ba5d7f9454: 0800 0000 | 4883 86d8 | 0000 0001 

  0x000001ba5d7f9460: ;   {metadata(method data for {method} {0x000001ba7a979ee8} 'getScene' '()Ljavafx/scene/Scene;' in 'javafx/scene/Node')}
  0x000001ba5d7f9460: 48ba 0835 | 0c7b ba01 | 0000 8bb2 | 9000 0000 | 83c6 0289 | b290 0000 | 0081 e6fe | ff1f 0085 
  0x000001ba5d7f9480: f60f 8491 | 4c00 008b | 5034 48c1 | e203 483b | 0248 8bf2 

  0x000001ba5d7f9494: ;   {metadata(method data for {method} {0x000001ba7a979ee8} 'getScene' '()Ljavafx/scene/Scene;' in 'javafx/scene/Node')}
  0x000001ba5d7f9494: 48bf 0835 | 0c7b ba01 | 0000 8b76 | 0841 ba00 | 0000 2c49 | 03f2 483b | b7e0 0000 | 0075 0d48 
  0x000001ba5d7f94b4: 8387 e800 | 0000 01e9 | 6000 0000 | 483b b7f0 | 0000 0075 | 0d48 8387 | f800 0000 | 01e9 4a00 
  0x000001ba5d7f94d4: 0000 4883 | bfe0 0000 | 0000 7517 | 4889 b7e0 | 0000 0048 | c787 e800 | 0000 0100 | 0000 e929 
  0x000001ba5d7f94f4: 0000 0048 | 83bf f000 | 0000 0075 | 1748 89b7 | f000 0000 | 48c7 87f8 | 0000 0001 | 0000 00e9 
  0x000001ba5d7f9514: 0800 0000 | 4883 87d8 | 0000 0001 | 4889 8424 | 8801 0000 | c5fb 1184 | 2468 0200 | 0066 0f1f 
  0x000001ba5d7f9534: ;   {optimized virtual_call}
  0x000001ba5d7f9534: 4400 00e8 

  0x000001ba5d7f9538: ; ImmutableOopMap {[312]=Oop [320]=Oop [328]=Oop [352]=Oop [368]=Oop [376]=Oop [392]=Oop }
                      ;*invokevirtual get {reexecute=0 rethrow=0 return_oop=0}
                      ; - javafx.scene.Node::getScene@4 (line 1243)
                      ; - javafx.scene.layout.Region::getSnapScaleX@1 (line 284)
                      ; - javafx.scene.layout.Region::snappedLeftInset@5 (line 1848)
                      ; - com.sun.javafx.text.PrismTextLayout::computeLayoutShift@16 (line 1675)
                      ; - com.sun.javafx.text.PrismTextLayout::layout@261 (line 1243)
  0x000001ba5d7f9538: a45c ca06 

  0x000001ba5d7f953c: ;   {post_call_nop}
  0x000001ba5d7f953c: 0f1f 8400 | 3419 000d 

  0x000001ba5d7f9544: ;   {metadata(method data for {method} {0x000001ba7a979ee8} 'getScene' '()Ljavafx/scene/Scene;' in 'javafx/scene/Node')}
  0x000001ba5d7f9544: 4885 c048 | bf08 350c | 7bba 0100 | 0075 0c80 | 8f01 0100 | 0001 e9a7 | 0000 008b | 5808 41ba 
  0x000001ba5d7f9564: 0000 002c | 4903 da48 | 3b9f 1001 | 0000 750d | 4883 8718 | 0100 0001 | e960 0000 | 0048 3b9f 
  0x000001ba5d7f9584: 2001 0000 | 750d 4883 | 8728 0100 | 0001 e94a | 0000 0048 | 83bf 1001 | 0000 0075 | 1748 899f 
  0x000001ba5d7f95a4: 1001 0000 | 48c7 8718 | 0100 0001 | 0000 00e9 | 2900 0000 | 4883 bf20 | 0100 0000 | 7517 4889 
  0x000001ba5d7f95c4: 9f20 0100 | 0048 c787 | 2801 0000 | 0100 0000 | e908 0000 | 0048 8387 | 0801 0000 

  0x000001ba5d7f95e0: ;   {metadata('javafx/scene/Scene')}
  0x000001ba5d7f95e0: 0148 bbf0 | 8815 2d00 | 0000 008b | 7808 41ba | 0000 002c | 4903 fa48 | 3b5f 380f | 853d 4b00 
  0x000001ba5d7f9600: 00e9 0000 | 0000 488b 

  0x000001ba5d7f9608: ;   {metadata(method data for {method} {0x000001ba7aa3f880} 'getSnapScaleX' '()D' in 'javafx/scene/layout/Region')}
  0x000001ba5d7f9608: d048 be98 | 8d43 7bba | 0100 0048 | 8386 0801 

  0x000001ba5d7f9618: ;   {metadata(method data for {method} {0x000001ba7aa3f670} '_getSnapScaleXimpl' '(Ljavafx/scene/Scene;)D' in 'javafx/scene/layout/Region')}
  0x000001ba5d7f9618: 0000 0148 | bef0 8e43 | 7bba 0100 | 008b be90 | 0000 0083 | c702 89be | 9000 0000 | 81e7 feff 
  0x000001ba5d7f9638: 1f00 85ff | 0f84 054b | 0000 4885 

  0x000001ba5d7f9644: ;   {metadata(method data for {method} {0x000001ba7aa3f670} '_getSnapScaleXimpl' '(Ljavafx/scene/Scene;)D' in 'javafx/scene/layout/Region')}
  0x000001ba5d7f9644: d248 bef0 | 8e43 7bba | 0100 00bf | d800 0000 | 7505 bfe8 | 0000 0048 | 8b1c 3e48 | 8d5b 0148 
  0x000001ba5d7f9664: 891c 3e0f | 850d 0000 

  0x000001ba5d7f966c: ;   {section_word}
  0x000001ba5d7f966c: 00c5 fb10 | 059b e6ff | ffe9 3a02 | 0000 483b | 0248 8bf2 

  0x000001ba5d7f9680: ;   {metadata(method data for {method} {0x000001ba7aa3f670} '_getSnapScaleXimpl' '(Ljavafx/scene/Scene;)D' in 'javafx/scene/layout/Region')}
  0x000001ba5d7f9680: 48bf f08e | 437b ba01 | 0000 8b76 | 0841 ba00 | 0000 2c49 | 03f2 483b | b700 0100 | 0075 0d48 
  0x000001ba5d7f96a0: 8387 0801 | 0000 01e9 | 6000 0000 | 483b b710 | 0100 0075 | 0d48 8387 | 1801 0000 | 01e9 4a00 
  0x000001ba5d7f96c0: 0000 4883 | bf00 0100 | 0000 7517 | 4889 b700 | 0100 0048 | c787 0801 | 0000 0100 | 0000 e929 
  0x000001ba5d7f96e0: 0000 0048 | 83bf 1001 | 0000 0075 | 1748 89b7 | 1001 0000 | 48c7 8718 | 0100 0001 | 0000 00e9 
  0x000001ba5d7f9700: 0800 0000 | 4883 87f8 | 0000 0001 

  0x000001ba5d7f970c: ;   {optimized virtual_call}
  0x000001ba5d7f970c: 6666 90e8 

  0x000001ba5d7f9710: ; ImmutableOopMap {[312]=Oop [320]=Oop [328]=Oop [352]=Oop [368]=Oop [376]=Oop [392]=Oop }
                      ;*invokevirtual getWindow {reexecute=0 rethrow=0 return_oop=0}
                      ; - javafx.scene.layout.Region::_getSnapScaleXimpl@7 (line 268)
                      ; - javafx.scene.layout.Region::getSnapScaleX@4 (line 284)
                      ; - javafx.scene.layout.Region::snappedLeftInset@5 (line 1848)
                      ; - com.sun.javafx.text.PrismTextLayout::computeLayoutShift@16 (line 1675)
                      ; - com.sun.javafx.text.PrismTextLayout::layout@261 (line 1243)
  0x000001ba5d7f9710: cc5a ca06 

  0x000001ba5d7f9714: ;   {post_call_nop}
  0x000001ba5d7f9714: 0f1f 8400 | 0c1b 000e 

  0x000001ba5d7f971c: ;   {metadata(method data for {method} {0x000001ba7aa3f670} '_getSnapScaleXimpl' '(Ljavafx/scene/Scene;)D' in 'javafx/scene/layout/Region')}
  0x000001ba5d7f971c: 4885 c048 | baf0 8e43 | 7bba 0100 | 00be 2801 | 0000 7505 | be38 0100 | 0048 8b3c | 3248 8d7f 
  0x000001ba5d7f973c: 0148 893c | 320f 850d 

  0x000001ba5d7f9744: ;   {section_word}
  0x000001ba5d7f9744: 0000 00c5 | fb10 05c9 | e5ff ffe9 | 6001 0000 

  0x000001ba5d7f9754: ; implicit exception: dispatches to 0x000001ba5d7fe16d
  0x000001ba5d7f9754: 483b 0048 

  0x000001ba5d7f9758: ;   {metadata(method data for {method} {0x000001ba7aa3f670} '_getSnapScaleXimpl' '(Ljavafx/scene/Scene;)D' in 'javafx/scene/layout/Region')}
  0x000001ba5d7f9758: 8bd0 48be | f08e 437b | ba01 0000 | 8b52 0841 | ba00 0000 | 2c49 03d2 | 483b 9650 | 0100 0075 
  0x000001ba5d7f9778: 0d48 8386 | 5801 0000 | 01e9 6000 | 0000 483b | 9660 0100 | 0075 0d48 | 8386 6801 | 0000 01e9 
  0x000001ba5d7f9798: 4a00 0000 | 4883 be50 | 0100 0000 | 7517 4889 | 9650 0100 | 0048 c786 | 5801 0000 | 0100 0000 
  0x000001ba5d7f97b8: e929 0000 | 0048 83be | 6001 0000 | 0075 1748 | 8996 6001 | 0000 48c7 | 8668 0100 | 0001 0000 
  0x000001ba5d7f97d8: 00e9 0800 | 0000 4883 | 8648 0100 

  0x000001ba5d7f97e4: ;   {metadata(method data for {method} {0x000001ba7a9631f8} 'getRenderScaleX' '()D' in 'javafx/stage/Window')}
  0x000001ba5d7f97e4: 0001 48ba | 6893 437b | ba01 0000 | 8bb2 9000 | 0000 83c6 | 0289 b290 | 0000 0081 | e6fe ff1f 
  0x000001ba5d7f9804: 0085 f60f | 8465 4900 | 008b 5034 | 48c1 e203 

  0x000001ba5d7f9814: ; implicit exception: dispatches to 0x000001ba5d7fe193
  0x000001ba5d7f9814: 483b 0248 

  0x000001ba5d7f9818: ;   {metadata(method data for {method} {0x000001ba7a9631f8} 'getRenderScaleX' '()D' in 'javafx/stage/Window')}
  0x000001ba5d7f9818: 8bf2 48bf | 6893 437b | ba01 0000 | 8b76 0841 | ba00 0000 | 2c49 03f2 | 483b b7e0 | 0000 0075 
  0x000001ba5d7f9838: 0d48 8387 | e800 0000 | 01e9 6000 | 0000 483b | b7f0 0000 | 0075 0d48 | 8387 f800 | 0000 01e9 
  0x000001ba5d7f9858: 4a00 0000 | 4883 bfe0 | 0000 0000 | 7517 4889 | b7e0 0000 | 0048 c787 | e800 0000 | 0100 0000 
  0x000001ba5d7f9878: e929 0000 | 0048 83bf | f000 0000 | 0075 1748 | 89b7 f000 | 0000 48c7 | 87f8 0000 | 0001 0000 
  0x000001ba5d7f9898: 00e9 0800 | 0000 4883 | 87d8 0000 

  0x000001ba5d7f98a4: ;   {optimized virtual_call}
  0x000001ba5d7f98a4: 0001 90e8 

  0x000001ba5d7f98a8: ; ImmutableOopMap {[312]=Oop [320]=Oop [328]=Oop [352]=Oop [368]=Oop [376]=Oop [392]=Oop }
                      ;*invokevirtual get {reexecute=0 rethrow=0 return_oop=0}
                      ; - javafx.stage.Window::getRenderScaleX@4 (line 491)
                      ; - javafx.scene.layout.Region::_getSnapScaleXimpl@18 (line 270)
                      ; - javafx.scene.layout.Region::getSnapScaleX@4 (line 284)
                      ; - javafx.scene.layout.Region::snappedLeftInset@5 (line 1848)
                      ; - com.sun.javafx.text.PrismTextLayout::computeLayoutShift@16 (line 1675)
                      ; - com.sun.javafx.text.PrismTextLayout::layout@261 (line 1243)
  0x000001ba5d7f98a8: 3459 ca06 

  0x000001ba5d7f98ac: ;   {post_call_nop}
  0x000001ba5d7f98ac: 0f1f 8400 | a41c 000f | c5fb 108c | 2468 0200 | 00c5 f92e | c8ba ffff | ffff 0f8a | 1400 0000 
  0x000001ba5d7f98cc: 0f82 0e00 | 0000 ba00 | 0000 000f | 8403 0000 | 0048 ffc2 

  0x000001ba5d7f98e0: ;   {metadata(method data for {method} {0x000001ba7aa44ea8} 'snappedLeftInset' '()D' in 'javafx/scene/layout/Region')}
  0x000001ba5d7f98e0: 85d2 48ba | 00f0 477b | ba01 0000 | be08 0100 | 0074 05be | 1801 0000 | 488b 3c32 | 488d 7f01 
  0x000001ba5d7f9900: 4889 3c32 | 0f84 3200 | 0000 488b | 8424 8801 

  0x000001ba5d7f9910: ;   {metadata(method data for {method} {0x000001ba7aa44ea8} 'snappedLeftInset' '()D' in 'javafx/scene/layout/Region')}
  0x000001ba5d7f9910: 0000 48ba | 00f0 477b | ba01 0000 | 4883 8228 | 0100 0001 | 488b 9424 | 8801 0000 

  0x000001ba5d7f992c: ;   {optimized virtual_call}
  0x000001ba5d7f992c: 6666 90e8 

  0x000001ba5d7f9930: ; ImmutableOopMap {[312]=Oop [320]=Oop [328]=Oop [352]=Oop [368]=Oop [376]=Oop [392]=Oop }
                      ;*invokevirtual updateSnappedInsets {reexecute=0 rethrow=0 return_oop=0}
                      ; - javafx.scene.layout.Region::snappedLeftInset@13 (line 1849)
                      ; - com.sun.javafx.text.PrismTextLayout::computeLayoutShift@16 (line 1675)
                      ; - com.sun.javafx.text.PrismTextLayout::layout@261 (line 1243)
  0x000001ba5d7f9930: ac58 ca06 

  0x000001ba5d7f9934: ;   {post_call_nop}
  0x000001ba5d7f9934: 0f1f 8400 | 2c1d 0010 | 488b 8424 | 8801 0000 | c5fb 1080 | 8801 0000 | c5fb 5ac0 

  0x000001ba5d7f9950: ;   {external_word}
  0x000001ba5d7f9950: 49ba d0b9 | 4911 fc7f | 0000 c4c1 | 7857 0248 | 8b94 2438 | 0100 008b | 7254 48c1 | e603 4885 
  0x000001ba5d7f9970: f60f 8425 

  0x000001ba5d7f9974: ;   {metadata('com/sun/javafx/text/FixedTabAdvancePolicy')}
  0x000001ba5d7f9974: 0000 0048 | b938 2532 | 2d00 0000 | 008b 4608 | 41ba 0000 | 002c 4903 | c248 3b48 | 380f 8501 
  0x000001ba5d7f9994: 4800 00e9 | 0000 0000 | 488b fe48 | 3b06 488b 

  0x000001ba5d7f99a4: ;   {metadata(method data for {method} {0x000001ba7ac907d0} 'layout' '()V' in 'com/sun/javafx/text/PrismTextLayout')}
  0x000001ba5d7f99a4: fe48 bb48 | b65a 7bba 

  0x000001ba5d7f99ac: ;   {metadata('com/sun/javafx/text/FixedTabAdvancePolicy')}
  0x000001ba5d7f99ac: 0100 0049 | ba38 2532 | 2d00 0000 | 004c 8993 | 7005 0000 | 4883 8378 | 0500 0001 

  0x000001ba5d7f99c8: ;   {metadata(method data for {method} {0x000001ba7b092398} 'nextTabStop' '(FF)F' in 'com/sun/javafx/text/FixedTabAdvancePolicy')}
  0x000001ba5d7f99c8: 48bf e0c7 | 407c ba01 | 0000 8b9f | 9000 0000 | 83c3 0289 | 9f90 0000 | 0081 e3fe | ff1f 0085 
  0x000001ba5d7f99e8: db0f 84b3 | 4700 00c5 | fa10 4e0c | c5f2 5ad1 

  0x000001ba5d7f99f8: ;   {section_word}
  0x000001ba5d7f99f8: c5fb 101d | 20e3 ffff | c5f9 2ed3 | beff ffff | ff0f 8a14 | 0000 000f | 820e 0000 | 00be 0000 
  0x000001ba5d7f9a18: 0000 0f84 | 0300 0000 | 48ff c685 

  0x000001ba5d7f9a24: ;   {metadata(method data for {method} {0x000001ba7b092398} 'nextTabStop' '(FF)F' in 'com/sun/javafx/text/FixedTabAdvancePolicy')}
  0x000001ba5d7f9a24: f648 bee0 | c740 7cba | 0100 00bf | d800 0000 | 7505 bfe8 | 0000 0048 | 8b1c 3e48 | 8d5b 0148 
  0x000001ba5d7f9a44: 891c 3e0f | 8516 0000 

  0x000001ba5d7f9a4c: ;   {section_word}
  0x000001ba5d7f9a4c: 00c5 fa10 | 0dd3 e2ff | ffc5 fa11 | 8424 7402 | 0000 e9c4 | 0000 00c5 | fa11 8424 | 7402 0000 
  0x000001ba5d7f9a6c: ;   {metadata(method data for {method} {0x000001ba7b092398} 'nextTabStop' '(FF)F' in 'com/sun/javafx/text/FixedTabAdvancePolicy')}
  0x000001ba5d7f9a6c: 48be e0c7 | 407c ba01 | 0000 4883 | 86f8 0000 

  0x000001ba5d7f9a7c: ;   {metadata(method data for {method} {0x000001ba7b092450} 'nextPosition' '(FF)F' in 'com/sun/javafx/text/FixedTabAdvancePolicy')}
  0x000001ba5d7f9a7c: 0001 48be | 38c9 407c | ba01 0000 | 8bbe 9000 | 0000 83c7 | 0289 be90 | 0000 0081 | e7fe ff1f 
  0x000001ba5d7f9a9c: 0085 ff0f | 841e 4700 

  0x000001ba5d7f9aa4: ;   {metadata(method data for {method} {0x000001ba7b092450} 'nextPosition' '(FF)F' in 'com/sun/javafx/text/FixedTabAdvancePolicy')}
  0x000001ba5d7f9aa4: 0048 be38 | c940 7cba | 0100 0048 | 8386 d800 | 0000 01c5 | fa10 9424 | 6002 0000 | c5ea 5ed1 
  0x000001ba5d7f9ac4: c5f8 28c2 | c5fa 118c | 2470 0200 | 00c5 fa11 | 9424 6402 | 0000 0f1f 

  0x000001ba5d7f9adc: ;   {static_call}
  0x000001ba5d7f9adc: 4400 00e8 

  0x000001ba5d7f9ae0: ; ImmutableOopMap {[312]=Oop [320]=Oop [328]=Oop [352]=Oop [368]=Oop [376]=Oop }
                      ;*invokestatic ulp {reexecute=0 rethrow=0 return_oop=0}
                      ; - com.sun.javafx.text.FixedTabAdvancePolicy::nextPosition@6 (line 61)
                      ; - com.sun.javafx.text.FixedTabAdvancePolicy::nextTabStop@18 (line 52)
                      ; - com.sun.javafx.text.PrismTextLayout::layout@274 (line 1245)
  0x000001ba5d7f9ae0: fc60 ca06 

  0x000001ba5d7f9ae4: ;   {post_call_nop}
  0x000001ba5d7f9ae4: 0f1f 8400 | dc1e 0011 | c5fa 5884 | 2464 0200 | 00c5 fa2c | d081 fa00 | 0000 8075 | 0f48 83ec 
  0x000001ba5d7f9b04: 08c5 fa11 

  0x000001ba5d7f9b08: ;   {runtime_call Stub::f2i_fixup}
  0x000001ba5d7f9b08: 0424 e8db | 78c5 065a | ffc2 c5fa | 2ac2 c5fa | 108c 2470 | 0200 00c5 | fa59 c1c5 

  0x000001ba5d7f9b24: ;   {section_word}
  0x000001ba5d7f9b24: f828 c8c5 | fa10 05fd | e1ff ffc5 | f82e c8ba | 0100 0000 | 0f8a 1300 | 0000 0f87 | 0d00 0000 
  0x000001ba5d7f9b44: ba00 0000 | 000f 8402 | 0000 00ff 

  0x000001ba5d7f9b50: ;   {metadata(method data for {method} {0x000001ba7ac907d0} 'layout' '()V' in 'com/sun/javafx/text/PrismTextLayout')}
  0x000001ba5d7f9b50: ca85 d248 | ba48 b65a | 7bba 0100 | 00be 9805 | 0000 7f05 | bea8 0500 | 0048 8b3c | 3248 8d7f 
  0x000001ba5d7f9b70: 0148 893c | 320f 8f3e | 0000 0048 | 8b94 2438 

  0x000001ba5d7f9b80: ;   {metadata(method data for {method} {0x000001ba7ac907d0} 'layout' '()V' in 'com/sun/javafx/text/PrismTextLayout')}
  0x000001ba5d7f9b80: 0100 0048 | be48 b65a | 7bba 0100 | 0048 8386 | b805 0000 | 0148 8b94 | 2438 0100 

  0x000001ba5d7f9b9c: ;   {optimized virtual_call}
  0x000001ba5d7f9b9c: 0066 90e8 

  0x000001ba5d7f9ba0: ; ImmutableOopMap {[312]=Oop [320]=Oop [328]=Oop [352]=Oop [368]=Oop [376]=Oop }
                      ;*invokevirtual getSpaceAdvance {reexecute=0 rethrow=0 return_oop=0}
                      ; - com.sun.javafx.text.PrismTextLayout::layout@291 (line 1247)
  0x000001ba5d7f9ba0: 3c56 ca06 

  0x000001ba5d7f9ba4: ;   {post_call_nop}
  0x000001ba5d7f9ba4: 0f1f 8400 | 9c1f 0012 | c5fa 5884 | 2460 0200 | 00c5 f828 | c8c5 fa10 | 8424 7402 | 0000 488b 
  0x000001ba5d7f9bc4: bc24 7801 | 0000 488b 

  0x000001ba5d7f9bcc: ;   {metadata(method data for {method} {0x000001ba7ac907d0} 'layout' '()V' in 'com/sun/javafx/text/PrismTextLayout')}
  0x000001ba5d7f9bcc: d748 be48 | b65a 7bba 

  0x000001ba5d7f9bd4: ;   {metadata('com/sun/javafx/text/TextRun')}
  0x000001ba5d7f9bd4: 0100 0049 | ba68 2732 | 2d00 0000 | 004c 8996 | f005 0000 | 4883 86f8 | 0500 0001 | c5f2 5c8c 
  0x000001ba5d7f9bf4: 2460 0200 | 00c5 fa11 | 4f18 c5fa | 1184 2478 | 0200 0048 

  0x000001ba5d7f9c08: ;   {metadata(method data for {method} {0x000001ba7ac907d0} 'layout' '()V' in 'com/sun/javafx/text/PrismTextLayout')}
  0x000001ba5d7f9c08: 8bf7 48bb | 48b6 5a7b | ba01 0000 | 4883 8328 | 0600 0001 

  0x000001ba5d7f9c1c: ;   {optimized virtual_call}
  0x000001ba5d7f9c1c: 488b d7e8 

  0x000001ba5d7f9c20: ; ImmutableOopMap {[312]=Oop [320]=Oop [328]=Oop [352]=Oop [368]=Oop [376]=Oop }
                      ;*invokevirtual getWidth {reexecute=0 rethrow=0 return_oop=0}
                      ; - com.sun.javafx.text.PrismTextLayout::layout@309 (line 1252)
  0x000001ba5d7f9c20: 9c85 e8ff 

  0x000001ba5d7f9c24: ;   {post_call_nop}
  0x000001ba5d7f9c24: 0f1f 8400 | 1c20 0013 | 488b 9424 | 3801 0000 | c5fa 104a 

  0x000001ba5d7f9c38: ;   {section_word}
  0x000001ba5d7f9c38: 1cc5 fa10 | 15ef e0ff | ffc5 f82e | cabe ffff | ffff 0f8a | 1400 0000 | 0f82 0e00 | 0000 be00 
  0x000001ba5d7f9c58: 0000 000f | 8403 0000 | 0048 ffc6 

  0x000001ba5d7f9c64: ;   {metadata(method data for {method} {0x000001ba7ac907d0} 'layout' '()V' in 'com/sun/javafx/text/PrismTextLayout')}
  0x000001ba5d7f9c64: 85f6 48be | 48b6 5a7b | ba01 0000 | bf58 0600 | 007f 05bf | 4806 0000 | 488b 1c3e | 488d 5b01 
  0x000001ba5d7f9c84: 4889 1c3e | 0f8f 1400 | 0000 488b | bc24 7801 | 0000 8bb4 | 246c 0100 | 00e9 e914 | 0000 c5f8 
  0x000001ba5d7f9ca4: 28d0 c5ea | 5894 2460 | 0200 00c5 | f82e d1be | ffff ffff | 0f8a 1400 | 0000 0f82 | 0e00 0000 
  0x000001ba5d7f9cc4: be00 0000 | 000f 8403 | 0000 0048 | ffc6 85f6 

  0x000001ba5d7f9cd4: ;   {metadata(method data for {method} {0x000001ba7ac907d0} 'layout' '()V' in 'com/sun/javafx/text/PrismTextLayout')}
  0x000001ba5d7f9cd4: 48be 48b6 | 5a7b ba01 | 0000 bf78 | 0600 007f | 05bf 6806 | 0000 488b | 1c3e 488d | 5b01 4889 
  0x000001ba5d7f9cf4: 1c3e 488b | bc24 7801 | 0000 0f8f | 0c00 0000 | 8bb4 246c | 0100 00e9 | 7b14 0000 

  0x000001ba5d7f9d10: ;   {metadata(method data for {method} {0x000001ba7ac907d0} 'layout' '()V' in 'com/sun/javafx/text/PrismTextLayout')}
  0x000001ba5d7f9d10: 488b f748 | bb48 b65a | 7bba 0100 

  0x000001ba5d7f9d1c: ;   {metadata('com/sun/javafx/text/TextRun')}
  0x000001ba5d7f9d1c: 0049 ba68 | 2732 2d00 | 0000 004c | 8993 9006 | 0000 4883 | 8398 0600 

  0x000001ba5d7f9d34: ;   {metadata(method data for {method} {0x000001ba7b093f70} 'isLinebreak' '()Z' in 'com/sun/javafx/text/TextRun')}
  0x000001ba5d7f9d34: 0001 48be | a8d0 407c | ba01 0000 | 8b9e 9000 | 0000 83c3 | 0289 9e90 | 0000 0081 | e3fe ff1f 
  0x000001ba5d7f9d54: 0085 db0f | 8487 4400 | 008b 772c | 83e6 0285 

  0x000001ba5d7f9d64: ;   {metadata(method data for {method} {0x000001ba7b093f70} 'isLinebreak' '()Z' in 'com/sun/javafx/text/TextRun')}
  0x000001ba5d7f9d64: f648 bea8 | d040 7cba | 0100 00bb | d800 0000 | 7405 bbe8 | 0000 0048 | 8b04 1e48 | 8d40 0148 
  0x000001ba5d7f9d84: 8904 1e0f | 841a 0000 

  0x000001ba5d7f9d8c: ;   {metadata(method data for {method} {0x000001ba7b093f70} 'isLinebreak' '()Z' in 'com/sun/javafx/text/TextRun')}
  0x000001ba5d7f9d8c: 0048 bea8 | d040 7cba | 0100 00ff | 86f8 0000 | 00be 0100 | 0000 e905 | 0000 00be | 0000 0000 
  0x000001ba5d7f9dac: 83e6 0185 

  0x000001ba5d7f9db0: ;   {metadata(method data for {method} {0x000001ba7ac907d0} 'layout' '()V' in 'com/sun/javafx/text/PrismTextLayout')}
  0x000001ba5d7f9db0: f648 be48 | b65a 7bba | 0100 00bb | c806 0000 | 7405 bbb8 | 0600 0048 | 8b04 1e48 | 8d40 0148 
  0x000001ba5d7f9dd0: 8904 1e0f | 840c 0000 | 008b b424 | 6c01 0000 | e9a6 1300 | 00c5 fa11 | 8424 7c02 | 0000 488b 
  0x000001ba5d7f9df0: ;   {metadata(method data for {method} {0x000001ba7ac907d0} 'layout' '()V' in 'com/sun/javafx/text/PrismTextLayout')}
  0x000001ba5d7f9df0: f748 bb48 | b65a 7bba 

  0x000001ba5d7f9df8: ;   {metadata('com/sun/javafx/text/TextRun')}
  0x000001ba5d7f9df8: 0100 0049 | ba68 2732 | 2d00 0000 | 004c 8993 | e006 0000 | 4883 83e8 | 0600 0001 | 8b77 1048 
  0x000001ba5d7f9e18: ;   {metadata(method data for {method} {0x000001ba7ac907d0} 'layout' '()V' in 'com/sun/javafx/text/PrismTextLayout')}
  0x000001ba5d7f9e18: 8bdf 48b8 | 48b6 5a7b | ba01 0000 

  0x000001ba5d7f9e24: ;   {metadata('com/sun/javafx/text/TextRun')}
  0x000001ba5d7f9e24: 49ba 6827 | 322d 0000 | 0000 4c89 | 9010 0700 | 0048 8380 | 1807 0000 | 01c5 f25c | 8c24 6002 
  0x000001ba5d7f9e44: 0000 c5f8 | 28c1 488b | d789 b424 | 9001 0000 

  0x000001ba5d7f9e54: ;   {optimized virtual_call}
  0x000001ba5d7f9e54: 6666 90e8 

  0x000001ba5d7f9e58: ; ImmutableOopMap {[312]=Oop [320]=Oop [328]=Oop [352]=Oop [368]=Oop [376]=Oop }
                      ;*invokevirtual getWrapIndex {reexecute=0 rethrow=0 return_oop=0}
                      ; - com.sun.javafx.text.PrismTextLayout::layout@358 (line 1256)
  0x000001ba5d7f9e58: 914e 0000 

  0x000001ba5d7f9e5c: ;   {post_call_nop}
  0x000001ba5d7f9e5c: 0f1f 8400 | 5422 0014 | 8bb4 2490 | 0100 0003 | f089 b424 | a401 0000 | 488b bc24 | 7801 0000 
  0x000001ba5d7f9e7c: ;   {metadata(method data for {method} {0x000001ba7ac907d0} 'layout' '()V' in 'com/sun/javafx/text/PrismTextLayout')}
  0x000001ba5d7f9e7c: 48ba 48b6 | 5a7b ba01 

  0x000001ba5d7f9e84: ;   {metadata('com/sun/javafx/text/TextRun')}
  0x000001ba5d7f9e84: 0000 49ba | 6827 322d | 0000 0000 | 4c89 9240 | 0700 0048 | 8382 4807 

  0x000001ba5d7f9e9c: ;   {metadata(method data for {method} {0x000001ba7b093a68} 'getEnd' '()I' in 'com/sun/javafx/text/TextRun')}
  0x000001ba5d7f9e9c: 0000 0148 | ba78 d540 | 7cba 0100 | 008b ba90 | 0000 0083 | c702 89ba | 9000 0000 | 81e7 feff 
  0x000001ba5d7f9ebc: 1f00 85ff | 0f84 3f43 | 0000 488b | bc24 7801 | 0000 8b57 | 108b 5f14 | 03d3 8994 | 24a0 0100 
  0x000001ba5d7f9edc: 0048 8bde | e909 0200 | 0066 6690 | 898c 2498 | 0100 003b | 580c 0f83 | 3843 0000 | 4c63 c346 
  0x000001ba5d7f9efc: 0fb7 4440 

  0x000001ba5d7f9f00: ;   {metadata(method data for {method} {0x000001ba7ac907d0} 'layout' '()V' in 'com/sun/javafx/text/PrismTextLayout')}
  0x000001ba5d7f9f00: 1049 b948 | b65a 7bba | 0100 0049 | 8381 8807 

  0x000001ba5d7f9f10: ;   {metadata(method data for {method} {0x000000002c1a8bc8} 'isWhitespace' '(C)Z' in 'java/lang/Character')}
  0x000001ba5d7f9f10: 0000 0149 | b908 2a2e | 7aba 0100 | 0045 8b99 | 9000 0000 | 4183 c302 | 4589 9990 | 0000 0041 
  0x000001ba5d7f9f30: 81e3 feff | 1f00 4585 | db0f 84ff 

  0x000001ba5d7f9f3c: ;   {metadata(method data for {method} {0x000000002c1a8bc8} 'isWhitespace' '(C)Z' in 'java/lang/Character')}
  0x000001ba5d7f9f3c: 4200 0049 | b908 2a2e | 7aba 0100 | 0049 8381 | d800 0000 

  0x000001ba5d7f9f50: ;   {metadata(method data for {method} {0x000000002c1a8c20} 'isWhitespace' '(I)Z' in 'java/lang/Character')}
  0x000001ba5d7f9f50: 0149 b918 | 2f2e 7aba | 0100 0045 | 8b99 9000 | 0000 4183 | c302 4589 | 9990 0000 | 0041 81e3 
  0x000001ba5d7f9f70: feff 1f00 | 4585 db0f | 84e2 4200 

  0x000001ba5d7f9f7c: ;   {metadata(method data for {method} {0x000000002c1a8c20} 'isWhitespace' '(I)Z' in 'java/lang/Character')}
  0x000001ba5d7f9f7c: 0049 b918 | 2f2e 7aba | 0100 0049 | 8381 d800 | 0000 0149 | 8bd0 899c | 249c 0100 | 0044 8984 
  0x000001ba5d7f9f9c: 2494 0100 | 0066 0f1f 

  0x000001ba5d7f9fa4: ;   {static_call}
  0x000001ba5d7f9fa4: 4400 00e8 

  0x000001ba5d7f9fa8: ; ImmutableOopMap {[312]=Oop [320]=Oop [328]=Oop [352]=Oop [368]=Oop [376]=Oop }
                      ;*invokestatic of {reexecute=0 rethrow=0 return_oop=0}
                      ; - java.lang.Character::isWhitespace@1 (line 11711)
                      ; - java.lang.Character::isWhitespace@1 (line 11680)
                      ; - com.sun.javafx.text.PrismTextLayout::layout@388 (line 1272)
  0x000001ba5d7f9fa8: 345c ca06 

  0x000001ba5d7f9fac: ;   {post_call_nop}
  0x000001ba5d7f9fac: 0f1f 8400 | a423 0015 

  0x000001ba5d7f9fb4: ; implicit exception: dispatches to 0x000001ba5d7fe280
  0x000001ba5d7f9fb4: 483b 004c 

  0x000001ba5d7f9fb8: ;   {metadata(method data for {method} {0x000000002c1a8c20} 'isWhitespace' '(I)Z' in 'java/lang/Character')}
  0x000001ba5d7f9fb8: 8bc0 48ba | 182f 2e7a | ba01 0000 | 458b 4008 | 41ba 0000 | 002c 4d03 | c24c 3b82 | f000 0000 
  0x000001ba5d7f9fd8: 750d 4883 | 82f8 0000 | 0001 e960 | 0000 004c | 3b82 0001 | 0000 750d | 4883 8208 | 0100 0001 
  0x000001ba5d7f9ff8: e94a 0000 | 0048 83ba | f000 0000 | 0075 174c | 8982 f000 | 0000 48c7 | 82f8 0000 | 0001 0000 
  0x000001ba5d7fa018: 00e9 2900 | 0000 4883 | ba00 0100 | 0000 7517 | 4c89 8200 | 0100 0048 | c782 0801 | 0000 0100 
  0x000001ba5d7fa038: 0000 e908 | 0000 0048 | 8382 e800 | 0000 0144 | 8b84 2494 | 0100 0048 | 8bd0 6666 | 9048 b840 
  0x000001ba5d7fa058: 9ce6 1bba 

  0x000001ba5d7fa05c: ;   {virtual_call}
  0x000001ba5d7fa05c: 0100 00e8 

  0x000001ba5d7fa060: ; ImmutableOopMap {[312]=Oop [320]=Oop [328]=Oop [352]=Oop [368]=Oop [376]=Oop }
                      ;*invokevirtual isWhitespace {reexecute=0 rethrow=0 return_oop=0}
                      ; - java.lang.Character::isWhitespace@5 (line 11711)
                      ; - java.lang.Character::isWhitespace@1 (line 11680)
                      ; - com.sun.javafx.text.PrismTextLayout::layout@388 (line 1272)
  0x000001ba5d7fa060: 9e85 3e07 

  0x000001ba5d7fa064: ;   {post_call_nop}
  0x000001ba5d7fa064: 0f1f 8400 | 5c24 0016 | 83e0 0183 | e001 85c0 

  0x000001ba5d7fa074: ;   {metadata(method data for {method} {0x000001ba7ac907d0} 'layout' '()V' in 'com/sun/javafx/text/PrismTextLayout')}
  0x000001ba5d7fa074: 49b8 48b6 | 5a7b ba01 | 0000 ba98 | 0700 0074 | 05ba a807 | 0000 498b | 3410 488d | 7601 4989 
  0x000001ba5d7fa094: 3410 0f84 | 9000 0000 | 8b8c 2498 

  0x000001ba5d7fa0a0: ;   {metadata(method data for {method} {0x000001ba7ac907d0} 'layout' '()V' in 'com/sun/javafx/text/PrismTextLayout')}
  0x000001ba5d7fa0a0: 0100 0049 | b848 b65a | 7bba 0100 | 0041 8b90 | 9400 0000 | 83c2 0241 | 8990 9400 | 0000 81e2 
  0x000001ba5d7fa0c0: fe3f 0000 | 85d2 0f84 | b941 0000 

  0x000001ba5d7fa0cc: ; ImmutableOopMap {[312]=Oop [320]=Oop [328]=Oop [352]=Oop [368]=Oop [376]=Oop }
                      ;*goto {reexecute=1 rethrow=0 return_oop=0}
                      ; - (reexecute) com.sun.javafx.text.PrismTextLayout::layout@397 (line 1273)
  0x000001ba5d7fa0cc: 4d8b 5730 

  0x000001ba5d7fa0d0: ;   {poll}
  0x000001ba5d7fa0d0: 4185 0249 | b848 b65a | 7bba 0100 | 0041 ff80 | b807 0000 | 488b d98b | 9424 a001 | 0000 488b 
  0x000001ba5d7fa0f0: 8424 4001 | 0000 488b | cbff c13b 

  0x000001ba5d7fa0fc: ;   {metadata(method data for {method} {0x000001ba7ac907d0} 'layout' '()V' in 'com/sun/javafx/text/PrismTextLayout')}
  0x000001ba5d7fa0fc: ca49 b848 | b65a 7bba | 0100 0041 | b968 0700 | 007d 0641 | b978 0700 | 004f 8b1c | 084d 8d5b 
  0x000001ba5d7fa11c: 014f 891c | 080f 8d0c | 0000 00e9 | bcfd ffff | 8b9c 249c | 0100 0048 | 8bb4 2460 | 0100 0048 
  0x000001ba5d7fa13c: ;   {metadata(method data for {method} {0x000001ba7ac907d0} 'layout' '()V' in 'com/sun/javafx/text/PrismTextLayout')}
  0x000001ba5d7fa13c: 85f6 49b8 | 48b6 5a7b | ba01 0000 | bad0 0700 | 0074 05ba | e007 0000 | 498b 3c10 | 488d 7f01 
  0x000001ba5d7fa15c: 4989 3c10 | 0f84 f600 | 0000 4c8b | c348 8bd6 | 4889 b424 | 6001 0000 | 899c 249c | 0100 0066 
  0x000001ba5d7fa17c: 9048 b868 | 9ce6 1bba 

  0x000001ba5d7fa184: ;   {virtual_call}
  0x000001ba5d7fa184: 0100 00e8 

  0x000001ba5d7fa188: ; ImmutableOopMap {[312]=Oop [320]=Oop [328]=Oop [352]=Oop [368]=Oop [376]=Oop }
                      ;*invokevirtual isBoundary {reexecute=0 rethrow=0 return_oop=0}
                      ; - com.sun.javafx.text.PrismTextLayout::layout@411 (line 1280)
  0x000001ba5d7fa188: 5455 ca06 

  0x000001ba5d7fa18c: ;   {post_call_nop}
  0x000001ba5d7fa18c: 0f1f 8400 | 8425 0018 

  0x000001ba5d7fa194: ;   {metadata(method data for {method} {0x000001ba7ac907d0} 'layout' '()V' in 'com/sun/javafx/text/PrismTextLayout')}
  0x000001ba5d7fa194: 85c0 49b8 | 48b6 5a7b | ba01 0000 | ba20 0800 | 0075 05ba | 3008 0000 | 498b 3410 | 488d 7601 
  0x000001ba5d7fa1b4: 4989 3410 | 8b9c 249c | 0100 0048 | 8b84 2440 | 0100 000f | 853e 0000 | 003b 580c | 0f83 da40 
  0x000001ba5d7fa1d4: 0000 4c63 | c346 0fb7 | 4440 1041 

  0x000001ba5d7fa1e0: ;   {metadata(method data for {method} {0x000001ba7ac907d0} 'layout' '()V' in 'com/sun/javafx/text/PrismTextLayout')}
  0x000001ba5d7fa1e0: 83f8 0949 | b848 b65a | 7bba 0100 | 00ba 4008 | 0000 7505 | ba50 0800 | 0049 8b34 | 1048 8d76 
  0x000001ba5d7fa200: 0149 8934 | 100f 8516 

  0x000001ba5d7fa208: ;   {metadata(method data for {method} {0x000001ba7ac907d0} 'layout' '()V' in 'com/sun/javafx/text/PrismTextLayout')}
  0x000001ba5d7fa208: 0000 0049 | b848 b65a | 7bba 0100 | 0041 ff80 | 6008 0000 | e926 0000 | 004c 8bc3 | 488b 9424 
  0x000001ba5d7fa228: 6001 0000 | 9048 b890 | 9ce6 1bba 

  0x000001ba5d7fa234: ;   {virtual_call}
  0x000001ba5d7fa234: 0100 00e8 

  0x000001ba5d7fa238: ; ImmutableOopMap {[312]=Oop [320]=Oop [328]=Oop [352]=Oop [368]=Oop [376]=Oop }
                      ;*invokevirtual preceding {reexecute=0 rethrow=0 return_oop=0}
                      ; - com.sun.javafx.text.PrismTextLayout::layout@434 (line 1280)
  0x000001ba5d7fa238: a454 ca06 

  0x000001ba5d7fa23c: ;   {post_call_nop}
  0x000001ba5d7fa23c: 0f1f 8400 | 3426 0019 

  0x000001ba5d7fa244: ;   {metadata(method data for {method} {0x000001ba7ac907d0} 'layout' '()V' in 'com/sun/javafx/text/PrismTextLayout')}
  0x000001ba5d7fa244: 488b d848 | ba48 b65a | 7bba 0100 | 00ff 82a8 | 0800 00e9 | 1c04 0000 | 4889 b424 | 6001 0000 
  0x000001ba5d7fa264: 488b 8424 | 4001 0000 

  0x000001ba5d7fa26c: ; implicit exception: dispatches to 0x000001ba5d7fe2be
  0x000001ba5d7fa26c: 3b58 0c0f | 8353 4000 | 0048 63d3 | 0fb7 7450 

  0x000001ba5d7fa27c: ;   {metadata(method data for {method} {0x000001ba7ac907d0} 'layout' '()V' in 'com/sun/javafx/text/PrismTextLayout')}
  0x000001ba5d7fa27c: 1048 ba48 | b65a 7bba | 0100 0048 | 8382 c008 

  0x000001ba5d7fa28c: ;   {metadata(method data for {method} {0x000000002c1a8bc8} 'isWhitespace' '(C)Z' in 'java/lang/Character')}
  0x000001ba5d7fa28c: 0000 0148 | ba08 2a2e | 7aba 0100 | 008b ba90 | 0000 0083 | c702 89ba | 9000 0000 | 81e7 feff 
  0x000001ba5d7fa2ac: 1f00 85ff | 0f84 2040 

  0x000001ba5d7fa2b4: ;   {metadata(method data for {method} {0x000000002c1a8bc8} 'isWhitespace' '(C)Z' in 'java/lang/Character')}
  0x000001ba5d7fa2b4: 0000 48ba | 082a 2e7a | ba01 0000 | 4883 82d8 | 0000 0001 

  0x000001ba5d7fa2c8: ;   {metadata(method data for {method} {0x000000002c1a8c20} 'isWhitespace' '(I)Z' in 'java/lang/Character')}
  0x000001ba5d7fa2c8: 48ba 182f | 2e7a ba01 | 0000 8bba | 9000 0000 | 83c7 0289 | ba90 0000 | 0081 e7fe | ff1f 0085 
  0x000001ba5d7fa2e8: ff0f 8408 

  0x000001ba5d7fa2ec: ;   {metadata(method data for {method} {0x000000002c1a8c20} 'isWhitespace' '(I)Z' in 'java/lang/Character')}
  0x000001ba5d7fa2ec: 4000 0048 | ba18 2f2e | 7aba 0100 | 0048 8382 | d800 0000 | 0148 8bd6 | 899c 249c | 0100 0089 
  0x000001ba5d7fa30c: b424 a801 | 0000 0f1f 

  0x000001ba5d7fa314: ;   {static_call}
  0x000001ba5d7fa314: 4400 00e8 

  0x000001ba5d7fa318: ; ImmutableOopMap {[312]=Oop [320]=Oop [328]=Oop [352]=Oop [368]=Oop [376]=Oop }
                      ;*invokestatic of {reexecute=0 rethrow=0 return_oop=0}
                      ; - java.lang.Character::isWhitespace@1 (line 11711)
                      ; - java.lang.Character::isWhitespace@1 (line 11680)
                      ; - com.sun.javafx.text.PrismTextLayout::layout@446 (line 1283)
  0x000001ba5d7fa318: c458 ca06 

  0x000001ba5d7fa31c: ;   {post_call_nop}
  0x000001ba5d7fa31c: 0f1f 8400 | 1427 001a 

  0x000001ba5d7fa324: ; implicit exception: dispatches to 0x000001ba5d7fe318
  0x000001ba5d7fa324: 483b 004c 

  0x000001ba5d7fa328: ;   {metadata(method data for {method} {0x000000002c1a8c20} 'isWhitespace' '(I)Z' in 'java/lang/Character')}
  0x000001ba5d7fa328: 8bc0 48ba | 182f 2e7a | ba01 0000 | 458b 4008 | 41ba 0000 | 002c 4d03 | c24c 3b82 | f000 0000 
  0x000001ba5d7fa348: 750d 4883 | 82f8 0000 | 0001 e960 | 0000 004c | 3b82 0001 | 0000 750d | 4883 8208 | 0100 0001 
  0x000001ba5d7fa368: e94a 0000 | 0048 83ba | f000 0000 | 0075 174c | 8982 f000 | 0000 48c7 | 82f8 0000 | 0001 0000 
  0x000001ba5d7fa388: 00e9 2900 | 0000 4883 | ba00 0100 | 0000 7517 | 4c89 8200 | 0100 0048 | c782 0801 | 0000 0100 
  0x000001ba5d7fa3a8: 0000 e908 | 0000 0048 | 8382 e800 | 0000 0144 | 8b84 24a8 | 0100 0048 | 8bd0 6666 | 9048 b8b8 
  0x000001ba5d7fa3c8: 9ce6 1bba 

  0x000001ba5d7fa3cc: ;   {virtual_call}
  0x000001ba5d7fa3cc: 0100 00e8 

  0x000001ba5d7fa3d0: ; ImmutableOopMap {[312]=Oop [320]=Oop [328]=Oop [352]=Oop [368]=Oop [376]=Oop }
                      ;*invokevirtual isWhitespace {reexecute=0 rethrow=0 return_oop=0}
                      ; - java.lang.Character::isWhitespace@5 (line 11711)
                      ; - java.lang.Character::isWhitespace@1 (line 11680)
                      ; - com.sun.javafx.text.PrismTextLayout::layout@446 (line 1283)
  0x000001ba5d7fa3d0: 2e82 3e07 

  0x000001ba5d7fa3d4: ;   {post_call_nop}
  0x000001ba5d7fa3d4: 0f1f 8400 | cc27 001b | 83e0 0183 | e001 8b9c | 249c 0100 | 0089 8424 | b001 0000 | 488b 8424 
  0x000001ba5d7fa3f4: 4001 0000 | 3b9c 2480 

  0x000001ba5d7fa3fc: ;   {metadata(method data for {method} {0x000001ba7ac907d0} 'layout' '()V' in 'com/sun/javafx/text/PrismTextLayout')}
  0x000001ba5d7fa3fc: 0100 0048 | ba48 b65a | 7bba 0100 | 00bf d008 | 0000 7e05 | bfe0 0800 | 0048 8b0c | 3a48 8d49 
  0x000001ba5d7fa41c: 0148 890c | 3a48 8bd3 | 0f8e 2c02 | 0000 ffca | 3b50 0c0f | 83e8 3e00 | 0048 63d2 | 0fb7 7c50 
  0x000001ba5d7fa43c: ;   {metadata(method data for {method} {0x000001ba7ac907d0} 'layout' '()V' in 'com/sun/javafx/text/PrismTextLayout')}
  0x000001ba5d7fa43c: 1048 ba48 | b65a 7bba | 0100 0048 | 8382 f008 

  0x000001ba5d7fa44c: ;   {metadata(method data for {method} {0x000000002c1a8bc8} 'isWhitespace' '(C)Z' in 'java/lang/Character')}
  0x000001ba5d7fa44c: 0000 0148 | ba08 2a2e | 7aba 0100 | 008b 8a90 | 0000 0083 | c102 898a | 9000 0000 | 81e1 feff 
  0x000001ba5d7fa46c: 1f00 85c9 | 0f84 b53e 

  0x000001ba5d7fa474: ;   {metadata(method data for {method} {0x000000002c1a8bc8} 'isWhitespace' '(C)Z' in 'java/lang/Character')}
  0x000001ba5d7fa474: 0000 48ba | 082a 2e7a | ba01 0000 | 4883 82d8 | 0000 0001 

  0x000001ba5d7fa488: ;   {metadata(method data for {method} {0x000000002c1a8c20} 'isWhitespace' '(I)Z' in 'java/lang/Character')}
  0x000001ba5d7fa488: 48ba 182f | 2e7a ba01 | 0000 8b8a | 9000 0000 | 83c1 0289 | 8a90 0000 | 0081 e1fe | ff1f 0085 
  0x000001ba5d7fa4a8: c90f 849d 

  0x000001ba5d7fa4ac: ;   {metadata(method data for {method} {0x000000002c1a8c20} 'isWhitespace' '(I)Z' in 'java/lang/Character')}
  0x000001ba5d7fa4ac: 3e00 0048 | ba18 2f2e | 7aba 0100 | 0048 8382 | d800 0000 | 0148 8bd7 | 899c 24b4 | 0100 0089 
  0x000001ba5d7fa4cc: bc24 ac01 | 0000 0f1f 

  0x000001ba5d7fa4d4: ;   {static_call}
  0x000001ba5d7fa4d4: 4400 00e8 

  0x000001ba5d7fa4d8: ; ImmutableOopMap {[312]=Oop [320]=Oop [328]=Oop [352]=Oop [368]=Oop [376]=Oop }
                      ;*invokestatic of {reexecute=0 rethrow=0 return_oop=0}
                      ; - java.lang.Character::isWhitespace@1 (line 11711)
                      ; - java.lang.Character::isWhitespace@1 (line 11680)
                      ; - com.sun.javafx.text.PrismTextLayout::layout@464 (line 1285)
  0x000001ba5d7fa4d8: 0457 ca06 

  0x000001ba5d7fa4dc: ;   {post_call_nop}
  0x000001ba5d7fa4dc: 0f1f 8400 | d428 001c 

  0x000001ba5d7fa4e4: ; implicit exception: dispatches to 0x000001ba5d7fe36d
  0x000001ba5d7fa4e4: 483b 004c 

  0x000001ba5d7fa4e8: ;   {metadata(method data for {method} {0x000000002c1a8c20} 'isWhitespace' '(I)Z' in 'java/lang/Character')}
  0x000001ba5d7fa4e8: 8bc0 48ba | 182f 2e7a | ba01 0000 | 458b 4008 | 41ba 0000 | 002c 4d03 | c24c 3b82 | f000 0000 
  0x000001ba5d7fa508: 750d 4883 | 82f8 0000 | 0001 e960 | 0000 004c | 3b82 0001 | 0000 750d | 4883 8208 | 0100 0001 
  0x000001ba5d7fa528: e94a 0000 | 0048 83ba | f000 0000 | 0075 174c | 8982 f000 | 0000 48c7 | 82f8 0000 | 0001 0000 
  0x000001ba5d7fa548: 00e9 2900 | 0000 4883 | ba00 0100 | 0000 7517 | 4c89 8200 | 0100 0048 | c782 0801 | 0000 0100 
  0x000001ba5d7fa568: 0000 e908 | 0000 0048 | 8382 e800 | 0000 0144 | 8b84 24ac | 0100 0048 | 8bd0 6666 | 9048 b8e0 
  0x000001ba5d7fa588: 9ce6 1bba 

  0x000001ba5d7fa58c: ;   {virtual_call}
  0x000001ba5d7fa58c: 0100 00e8 

  0x000001ba5d7fa590: ; ImmutableOopMap {[312]=Oop [320]=Oop [328]=Oop [352]=Oop [368]=Oop [376]=Oop }
                      ;*invokevirtual isWhitespace {reexecute=0 rethrow=0 return_oop=0}
                      ; - java.lang.Character::isWhitespace@5 (line 11711)
                      ; - java.lang.Character::isWhitespace@1 (line 11680)
                      ; - com.sun.javafx.text.PrismTextLayout::layout@464 (line 1285)
  0x000001ba5d7fa590: 6e80 3e07 

  0x000001ba5d7fa594: ;   {post_call_nop}
  0x000001ba5d7fa594: 0f1f 8400 | 8c29 001d | 83e0 0183 | e001 8b9c | 24b0 0100 

  0x000001ba5d7fa5a8: ;   {metadata(method data for {method} {0x000001ba7ac907d0} 'layout' '()V' in 'com/sun/javafx/text/PrismTextLayout')}
  0x000001ba5d7fa5a8: 0085 db48 | bb48 b65a | 7bba 0100 | 00ba 0009 | 0000 7505 | ba10 0900 | 0048 8b34 | 1348 8d76 
  0x000001ba5d7fa5c8: 0148 8934 | 130f 852a | 0000 0085 

  0x000001ba5d7fa5d4: ;   {metadata(method data for {method} {0x000001ba7ac907d0} 'layout' '()V' in 'com/sun/javafx/text/PrismTextLayout')}
  0x000001ba5d7fa5d4: c048 bb48 | b65a 7bba | 0100 00ba | 3009 0000 | 7505 ba20 | 0900 0048 | 8b34 1348 | 8d76 0148 
  0x000001ba5d7fa5f4: 8934 130f | 8561 0000 | 008b 9424 | b401 0000 

  0x000001ba5d7fa604: ;   {metadata(method data for {method} {0x000001ba7ac907d0} 'layout' '()V' in 'com/sun/javafx/text/PrismTextLayout')}
  0x000001ba5d7fa604: ffca 48bb | 48b6 5a7b | ba01 0000 | 8bb3 9400 | 0000 83c6 | 0289 b394 | 0000 0081 | e6fe 3f00 
  0x000001ba5d7fa624: 0085 f60f | 8445 3d00 | 004d 8b57 

  0x000001ba5d7fa630: ; ImmutableOopMap {[312]=Oop [320]=Oop [328]=Oop [352]=Oop [368]=Oop [376]=Oop }
                      ;*goto {reexecute=1 rethrow=0 return_oop=0}
                      ; - (reexecute) com.sun.javafx.text.PrismTextLayout::layout@489 (line 1289)
                      ;   {poll}
  0x000001ba5d7fa630: 3041 8502 

  0x000001ba5d7fa634: ;   {metadata(method data for {method} {0x000001ba7ac907d0} 'layout' '()V' in 'com/sun/javafx/text/PrismTextLayout')}
  0x000001ba5d7fa634: 48bb 48b6 | 5a7b ba01 | 0000 ff83 | 5809 0000 | 488b d889 | 9c24 b001 | 0000 488b | dae9 9afd 
  0x000001ba5d7fa654: ffff 488b | dae9 1a00 | 0000 8b94 | 24b4 0100 

  0x000001ba5d7fa664: ;   {metadata(method data for {method} {0x000001ba7ac907d0} 'layout' '()V' in 'com/sun/javafx/text/PrismTextLayout')}
  0x000001ba5d7fa664: 0048 bb48 | b65a 7bba | 0100 00ff | 8340 0900 | 0048 8bda | 3b9c 2480 

  0x000001ba5d7fa67c: ;   {metadata(method data for {method} {0x000001ba7ac907d0} 'layout' '()V' in 'com/sun/javafx/text/PrismTextLayout')}
  0x000001ba5d7fa67c: 0100 0048 | ba48 b65a | 7bba 0100 | 00be 7009 | 0000 7d05 | be80 0900 | 0048 8b3c | 3248 8d7f 
  0x000001ba5d7fa69c: 0148 893c | 320f 8d07 | 0000 008b | 9c24 8001 | 0000 8b8c | 2484 0100 

  0x000001ba5d7fa6b4: ;   {oop(nullptr)}
  0x000001ba5d7fa6b4: 0048 ba00 | 0000 0000 | 0000 004c | 8b9c 2438 | 0100 00e9 | e100 0000 | 0f1f 4000 | 418b 5340 
  0x000001ba5d7fa6d4: 48c1 e203 

  0x000001ba5d7fa6d8: ; implicit exception: dispatches to 0x000001ba5d7fe393
  0x000001ba5d7fa6d8: 3b4a 0c0f | 83bc 3c00 | 0048 63f9 | 8b54 ba10 | 48c1 e203 

  0x000001ba5d7fa6ec: ; implicit exception: dispatches to 0x000001ba5d7fe3ab
  0x000001ba5d7fa6ec: 483b 0248 

  0x000001ba5d7fa6f0: ;   {metadata(method data for {method} {0x000001ba7ac907d0} 'layout' '()V' in 'com/sun/javafx/text/PrismTextLayout')}
  0x000001ba5d7fa6f0: 8bfa 48b8 | 48b6 5a7b | ba01 0000 

  0x000001ba5d7fa6fc: ;   {metadata('com/sun/javafx/text/TextRun')}
  0x000001ba5d7fa6fc: 49ba 6827 | 322d 0000 | 0000 4c89 | 90b8 0900 | 0048 8380 | c009 0000 

  0x000001ba5d7fa714: ;   {metadata(method data for {method} {0x000001ba7b093a68} 'getEnd' '()I' in 'com/sun/javafx/text/TextRun')}
  0x000001ba5d7fa714: 0148 bf78 | d540 7cba | 0100 008b | 8790 0000 | 0083 c002 | 8987 9000 | 0000 25fe | ff1f 0085 
  0x000001ba5d7fa734: c00f 8475 | 3c00 008b | 7a10 8b42 | 1403 f83b 

  0x000001ba5d7fa744: ;   {metadata(method data for {method} {0x000001ba7ac907d0} 'layout' '()V' in 'com/sun/javafx/text/PrismTextLayout')}
  0x000001ba5d7fa744: fb48 bf48 | b65a 7bba | 0100 00b8 | f009 0000 | 7f05 b8e0 | 0900 004c | 8b04 074d | 8d40 014c 
  0x000001ba5d7fa764: 8904 070f | 8f73 0000 

  0x000001ba5d7fa76c: ;   {metadata(method data for {method} {0x000001ba7ac907d0} 'layout' '()V' in 'com/sun/javafx/text/PrismTextLayout')}
  0x000001ba5d7fa76c: 00ff c148 | be48 b65a | 7bba 0100 | 008b be94 | 0000 0083 | c702 89be | 9400 0000 | 81e7 fe3f 
  0x000001ba5d7fa78c: 0000 85ff | 0f84 3b3c | 0000 4d8b 

  0x000001ba5d7fa798: ; ImmutableOopMap {r11=Oop rdx=Oop [312]=Oop [320]=Oop [328]=Oop [352]=Oop [368]=Oop [376]=Oop }
                      ;*goto {reexecute=1 rethrow=0 return_oop=0}
                      ; - (reexecute) com.sun.javafx.text.PrismTextLayout::layout@544 (line 1301)
                      ;   {poll}
  0x000001ba5d7fa798: 5730 4185 

  0x000001ba5d7fa79c: ;   {metadata(method data for {method} {0x000001ba7ac907d0} 'layout' '()V' in 'com/sun/javafx/text/PrismTextLayout')}
  0x000001ba5d7fa79c: 0248 be48 | b65a 7bba | 0100 00ff | 8618 0a00 | 0041 8b73 

  0x000001ba5d7fa7b0: ;   {metadata(method data for {method} {0x000001ba7ac907d0} 'layout' '()V' in 'com/sun/javafx/text/PrismTextLayout')}
  0x000001ba5d7fa7b0: 103b ce48 | bf48 b65a | 7bba 0100 | 00b8 9009 | 0000 7d05 | b8a0 0900 | 004c 8b04 | 074d 8d40 
  0x000001ba5d7fa7d0: 014c 8904 | 070f 8d15 | 0000 00e9 | f0fe ffff 

  0x000001ba5d7fa7e0: ;   {metadata(method data for {method} {0x000001ba7ac907d0} 'layout' '()V' in 'com/sun/javafx/text/PrismTextLayout')}
  0x000001ba5d7fa7e0: 48bf 48b6 | 5a7b ba01 | 0000 ff87 | 000a 0000 | 3b9c 2480 

  0x000001ba5d7fa7f4: ;   {metadata(method data for {method} {0x000001ba7ac907d0} 'layout' '()V' in 'com/sun/javafx/text/PrismTextLayout')}
  0x000001ba5d7fa7f4: 0100 0048 | bf48 b65a | 7bba 0100 | 00b8 300a | 0000 7505 | b840 0a00 | 004c 8b04 | 074d 8d40 
  0x000001ba5d7fa814: 014c 8904 | 070f 8516 | 0000 008b | 9c24 a401 | 0000 488b | 9424 7801 | 0000 8b8c | 246c 0100 
  0x000001ba5d7fa834: 0048 3b02 

  0x000001ba5d7fa838: ;   {metadata(method data for {method} {0x000001ba7ac907d0} 'layout' '()V' in 'com/sun/javafx/text/PrismTextLayout')}
  0x000001ba5d7fa838: 488b fa48 | b848 b65a | 7bba 0100 

  0x000001ba5d7fa844: ;   {metadata('com/sun/javafx/text/TextRun')}
  0x000001ba5d7fa844: 0049 ba68 | 2732 2d00 | 0000 004c | 8990 580a | 0000 4883 | 8060 0a00 | 0001 8b7a | 102b df85 
  0x000001ba5d7fa864: ;   {metadata(method data for {method} {0x000001ba7ac907d0} 'layout' '()V' in 'com/sun/javafx/text/PrismTextLayout')}
  0x000001ba5d7fa864: db48 bf48 | b65a 7bba | 0100 00b8 | 800a 0000 | 7505 b890 | 0a00 004c | 8b04 074d | 8d40 014c 
  0x000001ba5d7fa884: 8904 070f | 852f 0000 | 003b 8c24 | 8401 0000 

  0x000001ba5d7fa894: ;   {metadata(method data for {method} {0x000001ba7ac907d0} 'layout' '()V' in 'com/sun/javafx/text/PrismTextLayout')}
  0x000001ba5d7fa894: 48bf 48b6 | 5a7b ba01 | 0000 b8b0 | 0a00 0075 | 05b8 a00a | 0000 4c8b | 0407 4d8d | 4001 4c89 
  0x000001ba5d7fa8b4: 0407 0f85 | d706 0000 

  0x000001ba5d7fa8bc: ;   {metadata(method data for {method} {0x000001ba7ac907d0} 'layout' '()V' in 'com/sun/javafx/text/PrismTextLayout')}
  0x000001ba5d7fa8bc: 85db 48bf | 48b6 5a7b | ba01 0000 | b8d8 0a00 | 0075 05b8 | e80a 0000 | 4c8b 0407 | 4d8d 4001 
  0x000001ba5d7fa8dc: 4c89 0407 | 0f85 0200 | 0000 ffc3 

  0x000001ba5d7fa8e8: ;   {metadata(method data for {method} {0x000001ba7ac907d0} 'layout' '()V' in 'com/sun/javafx/text/PrismTextLayout')}
  0x000001ba5d7fa8e8: 488b fa48 | b848 b65a | 7bba 0100 

  0x000001ba5d7fa8f4: ;   {metadata('com/sun/javafx/text/TextRun')}
  0x000001ba5d7fa8f4: 0049 ba68 | 2732 2d00 | 0000 004c | 8990 000b | 0000 4883 | 8008 0b00 | 0001 8b7a 

  0x000001ba5d7fa910: ;   {metadata(method data for {method} {0x000001ba7ac907d0} 'layout' '()V' in 'com/sun/javafx/text/PrismTextLayout')}
  0x000001ba5d7fa910: 143b df48 | bf48 b65a | 7bba 0100 | 00b8 380b | 0000 7c05 | b828 0b00 | 004c 8b04 | 074d 8d40 
  0x000001ba5d7fa930: 014c 8904 | 070f 8c08 | 0000 0049 | 8bd3 e966 | 0600 0045 | 8b4b 4049 | c1e1 0341 | 8b79 0c3b 
  0x000001ba5d7fa950: ;   {metadata(method data for {method} {0x000001ba7ac907d0} 'layout' '()V' in 'com/sun/javafx/text/PrismTextLayout')}
  0x000001ba5d7fa950: f748 b848 | b65a 7bba | 0100 0041 | b848 0b00 | 007c 0641 | b858 0b00 | 004e 8b2c | 004d 8d6d 
  0x000001ba5d7fa970: 014e 892c | 0089 9c24 | d001 0000 | 4889 9424 | c801 0000 | 0f8c 5102 | 0000 83c7 | 4048 8bdf 
  0x000001ba5d7fa990: ;   {metadata('com/sun/javafx/text/TextRun'[])}
  0x000001ba5d7fa990: 48ba c02d | 322d 0000 | 0000 4c8b | c148 63db | 488b fb48 | 81fb ffff | ff00 0f87 | 4c3a 0000 
  0x000001ba5d7fa9b0: be17 0000 | 0048 8d34 | 9e48 83e6 | f849 8b87 | c801 0000 | 488d 3430 | 493b b7d8 | 0100 000f 
  0x000001ba5d7fa9d0: 8727 3a00 | 0049 89b7 | c801 0000 | 482b f048 | c700 0100 | 0000 488b | ca41 ba00 | 0000 2c49 
  0x000001ba5d7fa9f0: 2bca 8948 | 0889 580c | 4883 ee10 | 4885 f60f | 8411 0000 | 0048 33db | 48c1 ee03 | 4889 5cf0 
  0x000001ba5d7faa10: 0848 ffce 

  0x000001ba5d7faa14: ;   {metadata(method data for {method} {0x000001ba7ac907d0} 'layout' '()V' in 'com/sun/javafx/text/PrismTextLayout')}
  0x000001ba5d7faa14: 75f6 48ba | 48b6 5a7b | ba01 0000 | 4883 8268 | 0b00 0001 | 498b c8ff | c149 8bd1 | 4489 8424 
  0x000001ba5d7faa34: b801 0000 | 41b8 0000 | 0000 4c8b | c8bf 0000 | 0000 488b | f148 8984 | 24c0 0100 | 0089 8c24 
  0x000001ba5d7faa54: bc01 0000 | 498d 0c30 | 3b4a 0c0f | 87a1 3900 | 0048 8d0c | 3741 3b49 | 0c0f 8793 | 3900 0085 
  0x000001ba5d7faa74: f60f 8c8b | 3900 004d | 63c0 4863 | ff4a 8d4c | 8210 498d | 54b9 104c | 8bc6 4883 | ec20 40f6 
  0x000001ba5d7faa94: c40f 0f84 | 1200 0000 | 4883 ec08 

  0x000001ba5d7faaa0: ;   {runtime_call Stub::oop_disjoint_arraycopy}
  0x000001ba5d7faaa0: e87b 80c8 | 0648 83c4 | 08e9 0500 

  0x000001ba5d7faaac: ;   {runtime_call Stub::oop_disjoint_arraycopy}
  0x000001ba5d7faaac: 0000 e86d | 80c8 0648 | 83c4 2048 | 8b94 2438 | 0100 0044 | 8b42 4049 | c1e0 0345 

  0x000001ba5d7faac8: ;   {metadata(method data for {method} {0x000001ba7ac907d0} 'layout' '()V' in 'com/sun/javafx/text/PrismTextLayout')}
  0x000001ba5d7faac8: 8b48 0c48 | bf48 b65a | 7bba 0100 | 0048 8387 | 780b 0000 | 018b 8c24 | b801 0000 | 83c1 0244 
  0x000001ba5d7faae8: 2b8c 24b8 | 0100 0049 | 8bf1 ffce | 498b d044 | 8b84 24bc | 0100 004c | 8b8c 24c0 | 0100 0048 
  0x000001ba5d7fab08: 8bf9 4585 | c00f 8c03 | 3900 0085 | ff0f 8cfb | 3800 0049 | 8d0c 303b | 4a0c 0f87 | ee38 0000 
  0x000001ba5d7fab28: 488d 0c37 | 413b 490c | 0f87 e038 | 0000 85f6 | 0f8c d838 | 0000 4d63 | c048 63ff | 4a8d 4c82 
  0x000001ba5d7fab48: 1049 8d54 | b910 4c8b | c648 83ec | 2040 f6c4 | 0f0f 8412 | 0000 0048 

  0x000001ba5d7fab60: ;   {runtime_call Stub::oop_arraycopy}
  0x000001ba5d7fab60: 83ec 08e8 | 5889 c806 | 4883 c408 | e905 0000 

  0x000001ba5d7fab70: ;   {runtime_call Stub::oop_arraycopy}
  0x000001ba5d7fab70: 00e8 4a89 | c806 4883 | c420 410f | be57 4885 | d248 8b94 | 2438 0100 | 000f 8592 | 3800 0048 
  0x000001ba5d7fab90: 8b84 24c0 | 0100 004c | 8bd0 49c1 | ea03 4489 | 5240 4c8b | c24c 33c0 | 49c1 e816 | 4983 f800 
  0x000001ba5d7fabb0: 0f85 8b38 

  0x000001ba5d7fabb4: ;   {metadata(method data for {method} {0x000001ba7ac907d0} 'layout' '()V' in 'com/sun/javafx/text/PrismTextLayout')}
  0x000001ba5d7fabb4: 0000 49b8 | 48b6 5a7b | ba01 0000 | 41ff 8088 | 0b00 008b | 9c24 d001 | 0000 488b | b424 c801 
  0x000001ba5d7fabd4: 0000 e9c2 | 0000 0089 | 8c24 b801 

  0x000001ba5d7fabe0: ;   {metadata(method data for {method} {0x000001ba7ac907d0} 'layout' '()V' in 'com/sun/javafx/text/PrismTextLayout')}
  0x000001ba5d7fabe0: 0000 49b8 | 48b6 5a7b | ba01 0000 | 4983 80a0 | 0b00 0001 | 8b8c 24b8 | 0100 00ff | c18b bc24 
  0x000001ba5d7fac00: b801 0000 | 83c7 022b | b424 b801 | 0000 ffce | 498b d14c | 8bc1 4585 | c00f 8c3a | 3800 0085 
  0x000001ba5d7fac20: ff0f 8c32 | 3800 0049 | 8d0c 303b | 4a0c 0f87 | 2538 0000 | 488d 0c37 | 413b 490c | 0f87 1738 
  0x000001ba5d7fac40: 0000 85f6 | 0f8c 0f38 | 0000 4d63 | c048 63ff | 4a8d 4c82 | 1049 8d54 | b910 4c8b | c648 83ec 
  0x000001ba5d7fac60: 2040 f6c4 | 0f0f 8412 | 0000 0048 

  0x000001ba5d7fac6c: ;   {runtime_call Stub::oop_arraycopy}
  0x000001ba5d7fac6c: 83ec 08e8 | 4c88 c806 | 4883 c408 | e905 0000 

  0x000001ba5d7fac7c: ;   {runtime_call Stub::oop_arraycopy}
  0x000001ba5d7fac7c: 00e8 3e88 | c806 4883 | c420 8b9c | 24d0 0100 | 0048 8bb4 | 24c8 0100 | 0048 8b94 | 2438 0100 
  0x000001ba5d7fac9c: 008b 7a40 | 48c1 e703 

  0x000001ba5d7faca4: ;   {metadata(method data for {method} {0x000001ba7ac907d0} 'layout' '()V' in 'com/sun/javafx/text/PrismTextLayout')}
  0x000001ba5d7faca4: 4c8b c648 | b848 b65a | 7bba 0100 

  0x000001ba5d7facb0: ;   {metadata('com/sun/javafx/text/TextRun')}
  0x000001ba5d7facb0: 0049 ba68 | 2732 2d00 | 0000 004c | 8990 b80b | 0000 4883 | 80c0 0b00 | 0001 8b8c | 24b8 0100 
  0x000001ba5d7facd0: 00ff c14c | 8bc3 488b | d648 89b4 | 24c8 0100 | 0048 89bc | 24d8 0100 | 0089 8c24 | d401 0000 
  0x000001ba5d7facf0: 0f1f 8000 

  0x000001ba5d7facf4: ;   {optimized virtual_call}
  0x000001ba5d7facf4: 0000 00e8 

  0x000001ba5d7facf8: ; ImmutableOopMap {[312]=Oop [320]=Oop [328]=Oop [352]=Oop [368]=Oop [376]=Oop [456]=Oop [472]=Oop }
                      ;*invokevirtual split {reexecute=0 rethrow=0 return_oop=0}
                      ; - com.sun.javafx.text.PrismTextLayout::layout@735 (line 1338)
  0x000001ba5d7facf8: 5140 0000 

  0x000001ba5d7facfc: ;   {post_call_nop}
  0x000001ba5d7facfc: 0f1f 8400 | f430 0020 | 8b8c 24d4 | 0100 0048 | 8bbc 24d8 | 0100 003b | 4f0c 0f83 | 5737 0000 
  0x000001ba5d7fad1c: ;   {metadata(method data for {method} {0x000001ba7ac907d0} 'layout' '()V' in 'com/sun/javafx/text/PrismTextLayout')}
  0x000001ba5d7fad1c: 4885 c049 | b948 b65a | 7bba 0100 | 0075 0d41 | 8089 d90b | 0000 01e9 | da00 0000 | 448b 4008 
  0x000001ba5d7fad3c: 41ba 0000 | 002c 4d03 | c24d 3b81 | e80b 0000 | 750d 4983 | 81f0 0b00 | 0001 e960 | 0000 004d 
  0x000001ba5d7fad5c: 3b81 f80b | 0000 750d | 4983 8100 | 0c00 0001 | e94a 0000 | 0049 83b9 | e80b 0000 | 0075 174d 
  0x000001ba5d7fad7c: 8981 e80b | 0000 49c7 | 81f0 0b00 | 0001 0000 | 00e9 2900 | 0000 4983 | b9f8 0b00 | 0000 7517 
  0x000001ba5d7fad9c: 4d89 81f8 | 0b00 0049 | c781 000c | 0000 0100 | 0000 e908 | 0000 0049 | 8381 e00b | 0000 0144 
  0x000001ba5d7fadbc: 8b47 0841 | ba00 0000 | 2c4d 03c2 | 448b 4808 | 41ba 0000 | 002c 4d03 | ca4d 8b80 | e000 0000 
  0x000001ba5d7faddc: 4d3b c80f | 842d 0000 | 0041 8b50 | 144d 3b04 | 110f 841f | 0000 0083 | fa20 0f85 | 8a36 0000 
  0x000001ba5d7fadfc: 4151 4150 

  0x000001ba5d7fae00: ;   {runtime_call C1 Runtime slow_subtype_check_blob}
  0x000001ba5d7fae00: e85b fcd7 | 0641 5941 | 5845 85c0 | 0f84 7436 | 0000 4863 | c94c 8d44 | 8f10 450f | be4f 4845 
  0x000001ba5d7fae20: 85c9 0f85 | 6736 0000 | 4c8b d049 | c1ea 0345 | 8910 4d8b | c84c 33c8 | 49c1 e916 | 4983 f900 
  0x000001ba5d7fae40: 0f85 6836 | 0000 488b | 9424 c801 

  0x000001ba5d7fae4c: ;   {metadata(method data for {method} {0x000001ba7ac907d0} 'layout' '()V' in 'com/sun/javafx/text/PrismTextLayout')}
  0x000001ba5d7fae4c: 0000 49b8 | 48b6 5a7b | ba01 0000 

  0x000001ba5d7fae58: ;   {metadata('com/sun/javafx/text/TextRun')}
  0x000001ba5d7fae58: 49ba 6827 | 322d 0000 | 0000 4d89 | 9018 0c00 | 0049 8380 | 200c 0000 

  0x000001ba5d7fae70: ;   {metadata(method data for {method} {0x000001ba7b0946a0} 'isComplex' '()Z' in 'com/sun/javafx/text/TextRun')}
  0x000001ba5d7fae70: 0149 b8a0 | dd40 7cba | 0100 0045 | 8b88 9000 | 0000 4183 | c102 4589 | 8890 0000 | 0041 81e1 
  0x000001ba5d7fae90: feff 1f00 | 4585 c90f | 8429 3600 | 0048 8b94 | 24c8 0100 | 0044 8b42 | 2c41 83e0 | 2045 85c0 
  0x000001ba5d7faeb0: ;   {metadata(method data for {method} {0x000001ba7b0946a0} 'isComplex' '()Z' in 'com/sun/javafx/text/TextRun')}
  0x000001ba5d7faeb0: 49b8 a0dd | 407c ba01 | 0000 41b9 | d800 0000 | 7406 41b9 | e800 0000 | 4b8b 3c08 | 488d 7f01 
  0x000001ba5d7faed0: 4b89 3c08 | 0f84 1c00 

  0x000001ba5d7faed8: ;   {metadata(method data for {method} {0x000001ba7b0946a0} 'isComplex' '()Z' in 'com/sun/javafx/text/TextRun')}
  0x000001ba5d7faed8: 0000 49b8 | a0dd 407c | ba01 0000 | 41ff 80f8 | 0000 0041 | b801 0000 | 00e9 0600 | 0000 41b8 
  0x000001ba5d7faef8: 0000 0000 | 4183 e001 

  0x000001ba5d7faf00: ;   {metadata(method data for {method} {0x000001ba7ac907d0} 'layout' '()V' in 'com/sun/javafx/text/PrismTextLayout')}
  0x000001ba5d7faf00: 4585 c049 | b848 b65a | 7bba 0100 | 0041 b940 | 0c00 0074 | 0641 b950 | 0c00 004b | 8b3c 0848 
  0x000001ba5d7faf20: 8d7f 014b | 893c 080f | 8447 0000 | 004c 8b84 | 2438 0100 

  0x000001ba5d7faf34: ;   {metadata(method data for {method} {0x000001ba7ac907d0} 'layout' '()V' in 'com/sun/javafx/text/PrismTextLayout')}
  0x000001ba5d7faf34: 0049 b948 | b65a 7bba | 0100 0049 | 8381 600c | 0000 014c | 8bc2 4c8b | 8c24 4001 | 0000 488b 
  0x000001ba5d7faf54: bc24 4801 | 0000 488b | 9424 3801 | 0000 0f1f 

  0x000001ba5d7faf64: ;   {optimized virtual_call}
  0x000001ba5d7faf64: 4400 00e8 

  0x000001ba5d7faf68: ; ImmutableOopMap {[312]=Oop [320]=Oop [328]=Oop [352]=Oop [368]=Oop [376]=Oop }
                      ;*invokevirtual shape {reexecute=0 rethrow=0 return_oop=0}
                      ; - com.sun.javafx.text.PrismTextLayout::layout@752 (line 1340)
  0x000001ba5d7faf68: 7442 ca06 

  0x000001ba5d7faf6c: ;   {post_call_nop}
  0x000001ba5d7faf6c: 0f1f 8400 | 6433 0021 | 488b 9424 | 3801 0000 | 448b 4210 | 41ff c044 | 8942 108b | 8c24 b801 
  0x000001ba5d7faf8c: 0000 e916 | 0000 0049 | 8bd3 ffc9 

  0x000001ba5d7faf98: ;   {metadata(method data for {method} {0x000001ba7ac907d0} 'layout' '()V' in 'com/sun/javafx/text/PrismTextLayout')}
  0x000001ba5d7faf98: 49b8 48b6 | 5a7b ba01 | 0000 41ff | 80c0 0a00 | 004c 8bc1 | 41ff c08b | 7210 443b 

  0x000001ba5d7fafb4: ;   {metadata(method data for {method} {0x000001ba7ac907d0} 'layout' '()V' in 'com/sun/javafx/text/PrismTextLayout')}
  0x000001ba5d7fafb4: c648 be48 | b65a 7bba | 0100 00bf | a00c 0000 | 7c05 bf90 | 0c00 0048 | 8b1c 3e48 | 8d5b 0148 
  0x000001ba5d7fafd4: 891c 3e0f | 8c19 0000 | 0048 8bbc | 2478 0100 | 0048 8bf1 | c5fa 1084 | 247c 0200 | 00e9 9501 
  0x000001ba5d7faff4: 0000 8b72 | 4048 c1e6 | 0344 3b46 | 0c0f 83ea | 3400 004d | 63c0 468b | 4486 1049 | c1e0 0349 
  0x000001ba5d7fb014: 3b00 498b 

  0x000001ba5d7fb018: ;   {metadata(method data for {method} {0x000001ba7ac907d0} 'layout' '()V' in 'com/sun/javafx/text/PrismTextLayout')}
  0x000001ba5d7fb018: f848 bb48 | b65a 7bba 

  0x000001ba5d7fb020: ;   {metadata('com/sun/javafx/text/TextRun')}
  0x000001ba5d7fb020: 0100 0049 | ba68 2732 | 2d00 0000 | 004c 8993 | b80c 0000 | 4883 83c0 | 0c00 0001 

  0x000001ba5d7fb03c: ;   {metadata(method data for {method} {0x000001ba7b093f70} 'isLinebreak' '()Z' in 'com/sun/javafx/text/TextRun')}
  0x000001ba5d7fb03c: 48bf a8d0 | 407c ba01 | 0000 8b9f | 9000 0000 | 83c3 0289 | 9f90 0000 | 0081 e3fe | ff1f 0085 
  0x000001ba5d7fb05c: db0f 84a1 | 3400 0045 | 8b40 2c41 | 83e0 0245 

  0x000001ba5d7fb06c: ;   {metadata(method data for {method} {0x000001ba7b093f70} 'isLinebreak' '()Z' in 'com/sun/javafx/text/TextRun')}
  0x000001ba5d7fb06c: 85c0 49b8 | a8d0 407c | ba01 0000 | bfd8 0000 | 0074 05bf | e800 0000 | 498b 1c38 | 488d 5b01 
  0x000001ba5d7fb08c: 4989 1c38 | 0f84 1c00 

  0x000001ba5d7fb094: ;   {metadata(method data for {method} {0x000001ba7b093f70} 'isLinebreak' '()Z' in 'com/sun/javafx/text/TextRun')}
  0x000001ba5d7fb094: 0000 49b8 | a8d0 407c | ba01 0000 | 41ff 80f8 | 0000 0041 | b801 0000 | 00e9 0600 | 0000 41b8 
  0x000001ba5d7fb0b4: 0000 0000 | 4183 e001 

  0x000001ba5d7fb0bc: ;   {metadata(method data for {method} {0x000001ba7ac907d0} 'layout' '()V' in 'com/sun/javafx/text/PrismTextLayout')}
  0x000001ba5d7fb0bc: 4585 c049 | b848 b65a | 7bba 0100 | 00bf f00c | 0000 7405 | bfe0 0c00 | 0049 8b1c | 3848 8d5b 
  0x000001ba5d7fb0dc: 0149 891c | 380f 8419 | 0000 0048 | 8bbc 2478 | 0100 0048 | 8bf1 c5fa | 1084 247c | 0200 00e9 
  0x000001ba5d7fb0fc: 8b00 0000 | 3b4e 0c0f | 831c 3400 | 004c 63c1 | 468b 4486 | 1049 c1e0 | 0349 3b00 

  0x000001ba5d7fb118: ;   {metadata(method data for {method} {0x000001ba7ac907d0} 'layout' '()V' in 'com/sun/javafx/text/PrismTextLayout')}
  0x000001ba5d7fb118: 498b f048 | bf48 b65a | 7bba 0100 

  0x000001ba5d7fb124: ;   {metadata('com/sun/javafx/text/TextRun')}
  0x000001ba5d7fb124: 0049 ba68 | 2732 2d00 | 0000 004c | 8997 080d | 0000 4883 | 8710 0d00 

  0x000001ba5d7fb13c: ;   {metadata(method data for {method} {0x000001ba7b095298} 'setSoftbreak' '()V' in 'com/sun/javafx/text/TextRun')}
  0x000001ba5d7fb13c: 0001 48be | d8de 407c | ba01 0000 | 8bbe 9000 | 0000 83c7 | 0289 be90 | 0000 0081 | e7fe ff1f 
  0x000001ba5d7fb15c: 0085 ff0f | 84d3 3300 | 0041 8b70 | 2c83 ce04 | 4189 702c | 8b72 2481 | ce80 0000 | 0089 7224 
  0x000001ba5d7fb17c: 498b f848 | 8bf1 c5fa | 1084 247c | 0200 00c5 | fa58 8424 | 6002 0000 

  0x000001ba5d7fb194: ; implicit exception: dispatches to 0x000001ba5d7fe559
  0x000001ba5d7fb194: 483b 074c 

  0x000001ba5d7fb198: ;   {metadata(method data for {method} {0x000001ba7ac907d0} 'layout' '()V' in 'com/sun/javafx/text/PrismTextLayout')}
  0x000001ba5d7fb198: 8bc7 48bb | 48b6 5a7b | ba01 0000 | 4883 8340 | 0d00 0001 

  0x000001ba5d7fb1ac: ;   {metadata(method data for {method} {0x000001ba7b094198} 'isBreak' '()Z' in 'com/sun/javafx/text/TextRun')}
  0x000001ba5d7fb1ac: 49b8 e0df | 407c ba01 | 0000 418b | 9890 0000 | 0083 c302 | 4189 9890 | 0000 0081 | e3fe ff1f 
  0x000001ba5d7fb1cc: 0085 db0f | 8489 3300 | 0044 8b47 | 2c41 83e0 | 0645 85c0 

  0x000001ba5d7fb1e0: ;   {metadata(method data for {method} {0x000001ba7b094198} 'isBreak' '()Z' in 'com/sun/javafx/text/TextRun')}
  0x000001ba5d7fb1e0: 49b8 e0df | 407c ba01 | 0000 bfd8 | 0000 0074 | 05bf e800 | 0000 498b | 1c38 488d | 5b01 4989 
  0x000001ba5d7fb200: 1c38 0f84 | 1c00 0000 

  0x000001ba5d7fb208: ;   {metadata(method data for {method} {0x000001ba7b094198} 'isBreak' '()Z' in 'com/sun/javafx/text/TextRun')}
  0x000001ba5d7fb208: 49b8 e0df | 407c ba01 | 0000 41ff | 80f8 0000 | 0041 b801 | 0000 00e9 | 0600 0000 | 41b8 0000 
  0x000001ba5d7fb228: 0000 4183 | e001 4585 

  0x000001ba5d7fb230: ;   {metadata(method data for {method} {0x000001ba7ac907d0} 'layout' '()V' in 'com/sun/javafx/text/PrismTextLayout')}
  0x000001ba5d7fb230: c049 b848 | b65a 7bba | 0100 00bf | 700d 0000 | 7505 bf60 | 0d00 0049 | 8b1c 3848 | 8d5b 0149 
  0x000001ba5d7fb250: 891c 380f | 852b 0000 | 008b 9c24 | 8001 0000 | 8b8c 2484 | 0100 00c5 | f828 c84c | 8bc6 c5fa 
  0x000001ba5d7fb270: 1084 2478 | 0200 0048 | 8bb4 2470 | 0100 00e9 | 0604 0000 | 448b 4240 | 49c1 e003 

  0x000001ba5d7fb28c: ; implicit exception: dispatches to 0x000001ba5d7fe57f
  0x000001ba5d7fb28c: 413b 700c | 0f83 f332 | 0000 4863 | fe45 8b44 | b810 49c1 | e003 488b 

  0x000001ba5d7fb2a4: ;   {metadata(method data for {method} {0x000001ba7ac907d0} 'layout' '()V' in 'com/sun/javafx/text/PrismTextLayout')}
  0x000001ba5d7fb2a4: fa48 bb48 | b65a 7bba | 0100 0048 | 8383 800d | 0000 0148 | 8bfa 488b | d789 b424 | e001 0000 
  0x000001ba5d7fb2c4: ;   {optimized virtual_call}
  0x000001ba5d7fb2c4: 6666 90e8 

  0x000001ba5d7fb2c8: ; ImmutableOopMap {[312]=Oop [320]=Oop [328]=Oop [352]=Oop [368]=Oop }
                      ;*invokevirtual computeTrailingSpaceWidth {reexecute=0 rethrow=0 return_oop=0}
                      ; - com.sun.javafx.text.PrismTextLayout::layout@847 (line 1370)
  0x000001ba5d7fb2c8: 873b 0000 

  0x000001ba5d7fb2cc: ;   {post_call_nop}
  0x000001ba5d7fb2cc: 0f1f 8400 | c436 0022 | 488b 9424 | 3801 0000 

  0x000001ba5d7fb2dc: ;   {metadata(method data for {method} {0x000001ba7ac907d0} 'layout' '()V' in 'com/sun/javafx/text/PrismTextLayout')}
  0x000001ba5d7fb2dc: 49b8 48b6 | 5a7b ba01 | 0000 4983 | 80b0 0d00 | 0001 448b | 8424 8401 | 0000 448b | 8c24 e001 
  0x000001ba5d7fb2fc: 0000 8bbc | 2480 0100 | 0048 8b94 | 2438 0100 

  0x000001ba5d7fb30c: ;   {optimized virtual_call}
  0x000001ba5d7fb30c: 0066 90e8 

  0x000001ba5d7fb310: ; ImmutableOopMap {[312]=Oop [320]=Oop [328]=Oop [352]=Oop [368]=Oop }
                      ;*invokevirtual createLine {reexecute=0 rethrow=0 return_oop=0}
                      ; - com.sun.javafx.text.PrismTextLayout::layout@850 (line 1370)
  0x000001ba5d7fb310: 4e3b 0000 

  0x000001ba5d7fb314: ;   {post_call_nop}
  0x000001ba5d7fb314: 0f1f 8400 | 0c37 0023 | 4c8b 8424 | 7001 0000 

  0x000001ba5d7fb324: ;   {metadata(method data for {method} {0x000001ba7ac907d0} 'layout' '()V' in 'com/sun/javafx/text/PrismTextLayout')}
  0x000001ba5d7fb324: 48ba 48b6 | 5a7b ba01 | 0000 458b | 4008 41ba | 0000 002c | 4d03 c24c | 3b82 e80d | 0000 750d 
  0x000001ba5d7fb344: 4883 82f0 | 0d00 0001 | e960 0000 | 004c 3b82 | f80d 0000 | 750d 4883 | 8200 0e00 | 0001 e94a 
  0x000001ba5d7fb364: 0000 0048 | 83ba e80d | 0000 0075 | 174c 8982 | e80d 0000 | 48c7 82f0 | 0d00 0001 | 0000 00e9 
  0x000001ba5d7fb384: 2900 0000 | 4883 baf8 | 0d00 0000 | 7517 4c89 | 82f8 0d00 | 0048 c782 | 000e 0000 | 0100 0000 
  0x000001ba5d7fb3a4: e908 0000 | 0048 8382 | e00d 0000 

  0x000001ba5d7fb3b0: ;   {metadata(method data for {method} {0x000000002c221148} 'add' '(Ljava/lang/Object;)Z' in 'java/util/ArrayList')}
  0x000001ba5d7fb3b0: 0149 b888 | 7a12 7aba | 0100 0041 | 8b90 9000 | 0000 83c2 | 0241 8990 | 9000 0000 | 81e2 feff 
  0x000001ba5d7fb3d0: 1f00 85d2 | 0f84 bd31 | 0000 488b | b424 7001 | 0000 448b | 460c 41ff | c044 8946 | 0c44 8b46 
  0x000001ba5d7fb3f0: 1449 c1e0 | 038b 7e10 

  0x000001ba5d7fb3f8: ;   {metadata(method data for {method} {0x000000002c221148} 'add' '(Ljava/lang/Object;)Z' in 'java/util/ArrayList')}
  0x000001ba5d7fb3f8: 488b d648 | bb88 7a12 | 7aba 0100 | 0048 8383 | d800 0000 

  0x000001ba5d7fb40c: ;   {metadata(method data for {method} {0x000000002c222068} 'add' '(Ljava/lang/Object;[Ljava/lang/Object;I)V' in 'java/util/ArrayList')}
  0x000001ba5d7fb40c: 0148 bad8 | 7b12 7aba | 0100 008b | 9a90 0000 | 0083 c302 | 899a 9000 | 0000 81e3 | feff 1f00 
  0x000001ba5d7fb42c: 85db 0f84 | 8431 0000 

  0x000001ba5d7fb434: ; implicit exception: dispatches to 0x000001ba5d7fe5d9
  0x000001ba5d7fb434: 418b 500c 

  0x000001ba5d7fb438: ;   {metadata(method data for {method} {0x000000002c222068} 'add' '(Ljava/lang/Object;[Ljava/lang/Object;I)V' in 'java/util/ArrayList')}
  0x000001ba5d7fb438: 3bfa 48ba | d87b 127a | ba01 0000 | bbd8 0000 | 0075 05bb | e800 0000 | 488b 0c1a | 488d 4901 
  0x000001ba5d7fb458: 4889 0c1a | 0f85 9400 | 0000 4889 | 8424 e801 | 0000 4c8b 

  0x000001ba5d7fb46c: ;   {metadata(method data for {method} {0x000000002c222068} 'add' '(Ljava/lang/Object;[Ljava/lang/Object;I)V' in 'java/util/ArrayList')}
  0x000001ba5d7fb46c: c648 bad8 | 7b12 7aba | 0100 0048 | 8382 f800 

  0x000001ba5d7fb47c: ;   {metadata(method data for {method} {0x000000002c2221c8} 'grow' '()[Ljava/lang/Object;' in 'java/util/ArrayList')}
  0x000001ba5d7fb47c: 0000 0149 | b888 7d12 | 7aba 0100 | 0041 8b90 | 9000 0000 | 83c2 0241 | 8990 9000 | 0000 81e2 
  0x000001ba5d7fb49c: feff 1f00 | 85d2 0f84 | 3631 0000 

  0x000001ba5d7fb4a8: ;   {metadata(method data for {method} {0x000000002c2221c8} 'grow' '()[Ljava/lang/Object;' in 'java/util/ArrayList')}
  0x000001ba5d7fb4a8: 4c8b c648 | ba88 7d12 | 7aba 0100 | 0048 8382 | d800 0000 | 014c 8bc7 | 41ff c048 | 8bd6 89bc 
  0x000001ba5d7fb4c8: 24e4 0100 

  0x000001ba5d7fb4cc: ;   {optimized virtual_call}
  0x000001ba5d7fb4cc: 0066 90e8 

  0x000001ba5d7fb4d0: ; ImmutableOopMap {[312]=Oop [320]=Oop [328]=Oop [352]=Oop [368]=Oop [488]=Oop }
                      ;*invokevirtual grow {reexecute=0 rethrow=0 return_oop=0}
                      ; - java.util.ArrayList::grow@7 (line 245)
                      ; - java.util.ArrayList::add@7 (line 484)
                      ; - java.util.ArrayList::add@20 (line 497)
                      ; - com.sun.javafx.text.PrismTextLayout::layout@859 (line 1371)
  0x000001ba5d7fb4d0: bce6 5a07 

  0x000001ba5d7fb4d4: ;   {post_call_nop}
  0x000001ba5d7fb4d4: 0f1f 8400 | cc38 0024 | 4c8b c08b | bc24 e401 | 0000 488b | 8424 e801 | 0000 488b | b424 7001 
  0x000001ba5d7fb4f4: 0000 413b | 780c 0f83 | 0931 0000 

  0x000001ba5d7fb500: ;   {metadata(method data for {method} {0x000000002c222068} 'add' '(Ljava/lang/Object;[Ljava/lang/Object;I)V' in 'java/util/ArrayList')}
  0x000001ba5d7fb500: 4885 c048 | bad8 7b12 | 7aba 0100 | 0075 0c80 | 8a21 0100 | 0001 e9d7 | 0000 0044 | 8b48 0841 
  0x000001ba5d7fb520: ba00 0000 | 2c4d 03ca | 4c3b 8a30 | 0100 0075 | 0d48 8382 | 3801 0000 | 01e9 6000 | 0000 4c3b 
  0x000001ba5d7fb540: 8a40 0100 | 0075 0d48 | 8382 4801 | 0000 01e9 | 4a00 0000 | 4883 ba30 | 0100 0000 | 7517 4c89 
  0x000001ba5d7fb560: 8a30 0100 | 0048 c782 | 3801 0000 | 0100 0000 | e929 0000 | 0048 83ba | 4001 0000 | 0075 174c 
  0x000001ba5d7fb580: 898a 4001 | 0000 48c7 | 8248 0100 | 0001 0000 | 00e9 0800 | 0000 4883 | 8228 0100 | 0001 458b 
  0x000001ba5d7fb5a0: 4808 41ba | 0000 002c | 4d03 ca8b | 5008 41ba | 0000 002c | 4903 d24d | 8b89 e000 | 0000 493b 
  0x000001ba5d7fb5c0: d10f 842b | 0000 0041 | 8b59 144c | 3b0c 1a0f | 841d 0000 | 0083 fb20 | 0f85 3e30 | 0000 5241 
  0x000001ba5d7fb5e0: ;   {runtime_call C1 Runtime slow_subtype_check_blob}
  0x000001ba5d7fb5e0: 51e8 7af4 | d706 5a41 | 5945 85c9 | 0f84 2a30 | 0000 4c63 | cf4f 8d44 | 8810 450f | be4f 4845 
  0x000001ba5d7fb600: 85c9 0f85 | 1d30 0000 | 4c8b d049 | c1ea 0345 | 8910 4d8b | c84c 33c8 | 49c1 e916 | 4983 f900 
  0x000001ba5d7fb620: 0f85 1e30 | 0000 ffc7 | 897e 1044 | 8b84 24e0 | 0100 0041 | ffc0 483b | 004c 8bc8 

  0x000001ba5d7fb63c: ;   {metadata(method data for {method} {0x000001ba7ac907d0} 'layout' '()V' in 'com/sun/javafx/text/PrismTextLayout')}
  0x000001ba5d7fb63c: 48bf 48b6 | 5a7b ba01 

  0x000001ba5d7fb644: ;   {metadata('com/sun/javafx/text/PrismTextLine')}
  0x000001ba5d7fb644: 0000 49ba | e036 322d | 0000 0000 | 4c89 9718 | 0e00 0048 | 8387 200e | 0000 0144 | 8b48 1044 
  0x000001ba5d7fb664: 038c 2480 | 0100 0049 | 8bd9 498b 

  0x000001ba5d7fb670: ;   {section_word}
  0x000001ba5d7fb670: c8c5 fa10 | 0dbb c6ff | ff44 8b84 | 24e0 0100 | 00c5 fa10 | 8424 7802 | 0000 41ff 

  0x000001ba5d7fb68c: ;   {metadata(method data for {method} {0x000001ba7ac907d0} 'layout' '()V' in 'com/sun/javafx/text/PrismTextLayout')}
  0x000001ba5d7fb68c: c049 b948 | b65a 7bba | 0100 0041 | 8bb9 9400 | 0000 83c7 | 0241 89b9 | 9400 0000 | 81e7 fe3f 
  0x000001ba5d7fb6ac: 0000 85ff | 0f84 ab2f | 0000 4d8b 

  0x000001ba5d7fb6b8: ; ImmutableOopMap {rsi=Oop [312]=Oop [320]=Oop [328]=Oop [352]=Oop [368]=Oop }
                      ;*goto {reexecute=1 rethrow=0 return_oop=0}
                      ; - (reexecute) com.sun.javafx.text.PrismTextLayout::layout@885 (line 1237)
                      ;   {poll}
  0x000001ba5d7fb6b8: 5730 4185 

  0x000001ba5d7fb6bc: ;   {metadata(method data for {method} {0x000001ba7ac907d0} 'layout' '()V' in 'com/sun/javafx/text/PrismTextLayout')}
  0x000001ba5d7fb6bc: 0249 b948 | b65a 7bba | 0100 0041 | ff81 400e | 0000 c5fa | 1184 2454 | 0200 0089 | 9c24 8001 
  0x000001ba5d7fb6dc: 0000 898c | 2484 0100 | 00c5 fa11 | 8c24 6002 | 0000 488b | 9c24 4801 | 0000 4c8b | ac24 4001 
  0x000001ba5d7fb6fc: 0000 4c8b | 9c24 3801 | 0000 498b | f0e9 1ad8 | ffff 8b8c | 2484 0100 | 0048 8bb4 | 2470 0100 
  0x000001ba5d7fb71c: 004c 8bc3 | 8b9c 2480 | 0100 004d 

  0x000001ba5d7fb728: ;   {metadata(method data for {method} {0x000001ba7ac907d0} 'layout' '()V' in 'com/sun/javafx/text/PrismTextLayout')}
  0x000001ba5d7fb728: 85c0 49b9 | 48b6 5a7b | ba01 0000 | bf58 0e00 | 0074 05bf | 680e 0000 | 498b 1439 | 488d 5201 
  0x000001ba5d7fb748: 4989 1439 | 0f84 b201 | 0000 493b | 004d 8bc8 

  0x000001ba5d7fb758: ;   {metadata(method data for {method} {0x000001ba7ac907d0} 'layout' '()V' in 'com/sun/javafx/text/PrismTextLayout')}
  0x000001ba5d7fb758: 48bf 48b6 | 5a7b ba01 

  0x000001ba5d7fb760: ;   {metadata('com/sun/javafx/font/directwrite/DWGlyphLayout')}
  0x000001ba5d7fb760: 0000 49ba | 3852 112d | 0000 0000 | 4c89 9780 | 0e00 0048 | 8387 880e 

  0x000001ba5d7fb778: ;   {metadata(method data for {method} {0x000001ba7a869660} 'dispose' '()V' in 'com/sun/javafx/font/directwrite/DWGlyphLayout')}
  0x000001ba5d7fb778: 0000 0149 | b908 e740 | 7cba 0100 | 0041 8bb9 | 9000 0000 | 83c7 0241 | 89b9 9000 | 0000 81e7 
  0x000001ba5d7fb798: feff 1f00 | 85ff 0f84 | e32e 0000 

  0x000001ba5d7fb7a4: ;   {metadata(method data for {method} {0x000001ba7a869660} 'dispose' '()V' in 'com/sun/javafx/font/directwrite/DWGlyphLayout')}
  0x000001ba5d7fb7a4: 49b9 08e7 | 407c ba01 | 0000 4983 | 81d8 0000 

  0x000001ba5d7fb7b4: ;   {metadata(method data for {method} {0x000001ba7b096f78} 'dispose' '(Lcom/sun/javafx/text/GlyphLayout;)V' in 'com/sun/javafx/text/GlyphLayoutManager')}
  0x000001ba5d7fb7b4: 0001 49b9 | 30e8 407c | ba01 0000 | 418b b990 | 0000 0083 | c702 4189 | b990 0000 | 0081 e7fe 
  0x000001ba5d7fb7d4: ff1f 0085 | ff0f 84c9 

  0x000001ba5d7fb7dc: ;   {oop(a 'com/sun/javafx/font/directwrite/DWGlyphLayout'{0x000000060bbf8600})}
  0x000001ba5d7fb7dc: 2e00 0049 | ba00 86bf | 0b06 0000 | 004d 3bc2 

  0x000001ba5d7fb7ec: ;   {metadata(method data for {method} {0x000001ba7b096f78} 'dispose' '(Lcom/sun/javafx/text/GlyphLayout;)V' in 'com/sun/javafx/text/GlyphLayoutManager')}
  0x000001ba5d7fb7ec: 49b8 30e8 | 407c ba01 | 0000 41b9 | d800 0000 | 7506 41b9 | e800 0000 | 4b8b 3c08 | 488d 7f01 
  0x000001ba5d7fb80c: 4b89 3c08 | 0f85 ee00 

  0x000001ba5d7fb814: ;   {oop(a 'java/util/concurrent/atomic/AtomicBoolean'{0x000000060bbf85f0})}
  0x000001ba5d7fb814: 0000 49b8 | f085 bf0b | 0600 0000 

  0x000001ba5d7fb820: ;   {metadata(method data for {method} {0x000001ba7b096f78} 'dispose' '(Lcom/sun/javafx/text/GlyphLayout;)V' in 'com/sun/javafx/text/GlyphLayoutManager')}
  0x000001ba5d7fb820: 49b9 30e8 | 407c ba01 | 0000 458b | 4008 41ba | 0000 002c | 4d03 c24d | 3b81 0001 | 0000 750d 
  0x000001ba5d7fb840: 4983 8108 | 0100 0001 | e960 0000 | 004d 3b81 | 1001 0000 | 750d 4983 | 8118 0100 | 0001 e94a 
  0x000001ba5d7fb860: 0000 0049 | 83b9 0001 | 0000 0075 | 174d 8981 | 0001 0000 | 49c7 8108 | 0100 0001 | 0000 00e9 
  0x000001ba5d7fb880: 2900 0000 | 4983 b910 | 0100 0000 | 7517 4d89 | 8110 0100 | 0049 c781 | 1801 0000 | 0100 0000 
  0x000001ba5d7fb8a0: e908 0000 | 0049 8381 | f800 0000 

  0x000001ba5d7fb8ac: ;   {metadata(method data for {method} {0x000001ba7a1250f0} 'set' '(Z)V' in 'java/util/concurrent/atomic/AtomicBoolean')}
  0x000001ba5d7fb8ac: 0149 b828 | f01d 7bba | 0100 0045 | 8b88 9000 | 0000 4183 | c102 4589 | 8890 0000 | 0041 81e1 
  0x000001ba5d7fb8cc: feff 1f00 | 4585 c90f | 84f0 2d00 

  0x000001ba5d7fb8d8: ;   {metadata(method data for {method} {0x000001ba7a1250f0} 'set' '(Z)V' in 'java/util/concurrent/atomic/AtomicBoolean')}
  0x000001ba5d7fb8d8: 0049 b828 | f01d 7bba | 0100 0041 | ff80 d800 

  0x000001ba5d7fb8e8: ;   {oop(a 'java/util/concurrent/atomic/AtomicBoolean'{0x000000060bbf85f0})}
  0x000001ba5d7fb8e8: 0000 49b8 | f085 bf0b | 0600 0000 | 41b9 0000 | 0000 4589 | 480c f083 | 4424 c000 | 488b 9424 
  0x000001ba5d7fb908: 3801 0000 | 448b 4210 

  0x000001ba5d7fb910: ;   {metadata(method data for {method} {0x000001ba7ac907d0} 'layout' '()V' in 'com/sun/javafx/text/PrismTextLayout')}
  0x000001ba5d7fb910: 4c8b ca48 | bf48 b65a | 7bba 0100 | 0048 8387 | a80e 0000 | 014d 8bc8 | 41ff c94c | 8bc1 488b 
  0x000001ba5d7fb930: ;   {section_word}
  0x000001ba5d7fb930: fbc5 fa10 | 05ff c3ff | ff48 8bf2 

  0x000001ba5d7fb93c: ;   {optimized virtual_call}
  0x000001ba5d7fb93c: 488b d6e8 

  0x000001ba5d7fb940: ; ImmutableOopMap {[312]=Oop [320]=Oop [368]=Oop }
                      ;*invokevirtual createLine {reexecute=0 rethrow=0 return_oop=0}
                      ; - com.sun.javafx.text.PrismTextLayout::layout@910 (line 1379)
  0x000001ba5d7fb940: 7c3f 2200 

  0x000001ba5d7fb944: ;   {post_call_nop}
  0x000001ba5d7fb944: 0f1f 8400 | 3c3d 0026 | 4c8b 8424 | 7001 0000 

  0x000001ba5d7fb954: ;   {metadata(method data for {method} {0x000001ba7ac907d0} 'layout' '()V' in 'com/sun/javafx/text/PrismTextLayout')}
  0x000001ba5d7fb954: 48ba 48b6 | 5a7b ba01 | 0000 458b | 4008 41ba | 0000 002c | 4d03 c24c | 3b82 e00e | 0000 750d 
  0x000001ba5d7fb974: 4883 82e8 | 0e00 0001 | e960 0000 | 004c 3b82 | f00e 0000 | 750d 4883 | 82f8 0e00 | 0001 e94a 
  0x000001ba5d7fb994: 0000 0048 | 83ba e00e | 0000 0075 | 174c 8982 | e00e 0000 | 48c7 82e8 | 0e00 0001 | 0000 00e9 
  0x000001ba5d7fb9b4: 2900 0000 | 4883 baf0 | 0e00 0000 | 7517 4c89 | 82f0 0e00 | 0048 c782 | f80e 0000 | 0100 0000 
  0x000001ba5d7fb9d4: e908 0000 | 0048 8382 | d80e 0000 

  0x000001ba5d7fb9e0: ;   {metadata(method data for {method} {0x000000002c221148} 'add' '(Ljava/lang/Object;)Z' in 'java/util/ArrayList')}
  0x000001ba5d7fb9e0: 0149 b888 | 7a12 7aba | 0100 0041 | 8b90 9000 | 0000 83c2 | 0241 8990 | 9000 0000 | 81e2 feff 
  0x000001ba5d7fba00: 1f00 85d2 | 0f84 e02c | 0000 488b | b424 7001 | 0000 448b | 460c 41ff | c044 8946 | 0c44 8b46 
  0x000001ba5d7fba20: 1449 c1e0 | 038b 7e10 

  0x000001ba5d7fba28: ;   {metadata(method data for {method} {0x000000002c221148} 'add' '(Ljava/lang/Object;)Z' in 'java/util/ArrayList')}
  0x000001ba5d7fba28: 488b d648 | bb88 7a12 | 7aba 0100 | 0048 8383 | d800 0000 

  0x000001ba5d7fba3c: ;   {metadata(method data for {method} {0x000000002c222068} 'add' '(Ljava/lang/Object;[Ljava/lang/Object;I)V' in 'java/util/ArrayList')}
  0x000001ba5d7fba3c: 0148 bad8 | 7b12 7aba | 0100 008b | 9a90 0000 | 0083 c302 | 899a 9000 | 0000 81e3 | feff 1f00 
  0x000001ba5d7fba5c: 85db 0f84 | a72c 0000 

  0x000001ba5d7fba64: ; implicit exception: dispatches to 0x000001ba5d7fe72c
  0x000001ba5d7fba64: 418b 500c 

  0x000001ba5d7fba68: ;   {metadata(method data for {method} {0x000000002c222068} 'add' '(Ljava/lang/Object;[Ljava/lang/Object;I)V' in 'java/util/ArrayList')}
  0x000001ba5d7fba68: 3bfa 48ba | d87b 127a | ba01 0000 | bbe8 0000 | 0074 05bb | d800 0000 | 488b 0c1a | 488d 4901 
  0x000001ba5d7fba88: 4889 0c1a | 0f84 0800 | 0000 4c8b | cee9 9400 | 0000 4889 | 8424 f801 | 0000 4c8b 

  0x000001ba5d7fbaa4: ;   {metadata(method data for {method} {0x000000002c222068} 'add' '(Ljava/lang/Object;[Ljava/lang/Object;I)V' in 'java/util/ArrayList')}
  0x000001ba5d7fbaa4: c648 bad8 | 7b12 7aba | 0100 0048 | 8382 f800 

  0x000001ba5d7fbab4: ;   {metadata(method data for {method} {0x000000002c2221c8} 'grow' '()[Ljava/lang/Object;' in 'java/util/ArrayList')}
  0x000001ba5d7fbab4: 0000 0149 | b888 7d12 | 7aba 0100 | 0041 8b90 | 9000 0000 | 83c2 0241 | 8990 9000 | 0000 81e2 
  0x000001ba5d7fbad4: feff 1f00 | 85d2 0f84 | 512c 0000 

  0x000001ba5d7fbae0: ;   {metadata(method data for {method} {0x000000002c2221c8} 'grow' '()[Ljava/lang/Object;' in 'java/util/ArrayList')}
  0x000001ba5d7fbae0: 4c8b c648 | ba88 7d12 | 7aba 0100 | 0048 8382 | d800 0000 | 014c 8bc7 | 41ff c048 | 8bd6 89bc 
  0x000001ba5d7fbb00: 24f0 0100 

  0x000001ba5d7fbb04: ;   {optimized virtual_call}
  0x000001ba5d7fbb04: 0066 90e8 

  0x000001ba5d7fbb08: ; ImmutableOopMap {[312]=Oop [320]=Oop [368]=Oop [504]=Oop }
                      ;*invokevirtual grow {reexecute=0 rethrow=0 return_oop=0}
                      ; - java.util.ArrayList::grow@7 (line 245)
                      ; - java.util.ArrayList::add@7 (line 484)
                      ; - java.util.ArrayList::add@20 (line 497)
                      ; - com.sun.javafx.text.PrismTextLayout::layout@913 (line 1379)
  0x000001ba5d7fbb08: 84e0 5a07 

  0x000001ba5d7fbb0c: ;   {post_call_nop}
  0x000001ba5d7fbb0c: 0f1f 8400 | 043f 0027 | 4c8b c08b | bc24 f001 | 0000 488b | 8424 f801 | 0000 4c8b | 8c24 7001 
  0x000001ba5d7fbb2c: 0000 413b | 780c 0f83 | 242c 0000 

  0x000001ba5d7fbb38: ;   {metadata(method data for {method} {0x000000002c222068} 'add' '(Ljava/lang/Object;[Ljava/lang/Object;I)V' in 'java/util/ArrayList')}
  0x000001ba5d7fbb38: 4885 c048 | bad8 7b12 | 7aba 0100 | 0075 0c80 | 8a21 0100 | 0001 e9d2 | 0000 008b | 5808 41ba 
  0x000001ba5d7fbb58: 0000 002c | 4903 da48 | 3b9a 3001 | 0000 750d | 4883 8238 | 0100 0001 | e960 0000 | 0048 3b9a 
  0x000001ba5d7fbb78: 4001 0000 | 750d 4883 | 8248 0100 | 0001 e94a | 0000 0048 | 83ba 3001 | 0000 0075 | 1748 899a 
  0x000001ba5d7fbb98: 3001 0000 | 48c7 8238 | 0100 0001 | 0000 00e9 | 2900 0000 | 4883 ba40 | 0100 0000 | 7517 4889 
  0x000001ba5d7fbbb8: 9a40 0100 | 0048 c782 | 4801 0000 | 0100 0000 | e908 0000 | 0048 8382 | 2801 0000 | 0141 8b58 
  0x000001ba5d7fbbd8: 0841 ba00 | 0000 2c49 | 03da 8b50 | 0841 ba00 | 0000 2c49 | 03d2 488b | 9be0 0000 | 0048 3bd3 
  0x000001ba5d7fbbf8: 0f84 2700 | 0000 8b73 | 1448 3b1c | 320f 841a | 0000 0083 | fe20 0f85 | 5b2b 0000 

  0x000001ba5d7fbc14: ;   {runtime_call C1 Runtime slow_subtype_check_blob}
  0x000001ba5d7fbc14: 5253 e845 | eed7 065a | 5b85 db0f | 844a 2b00 | 0048 63df | 498d 5c98 | 1041 0fbe | 5748 85d2 
  0x000001ba5d7fbc34: 0f85 3e2b | 0000 4c8b | d049 c1ea | 0344 8913 | 488b d348 | 33d0 48c1 | ea16 4883 | fa00 0f85 
  0x000001ba5d7fbc54: 3e2b 0000 | ffc7 4189 | 7910 488b | 9424 3801 | 0000 498b 

  0x000001ba5d7fbc68: ;   {metadata(method data for {method} {0x000001ba7ac907d0} 'layout' '()V' in 'com/sun/javafx/text/PrismTextLayout')}
  0x000001ba5d7fbc68: c148 bb48 | b65a 7bba | 0100 008b | 4008 41ba | 0000 002c | 4903 c248 | 3b83 100f | 0000 750d 
  0x000001ba5d7fbc88: 4883 8318 | 0f00 0001 | e960 0000 | 0048 3b83 | 200f 0000 | 750d 4883 | 8328 0f00 | 0001 e94a 
  0x000001ba5d7fbca8: 0000 0048 | 83bb 100f | 0000 0075 | 1748 8983 | 100f 0000 | 48c7 8318 | 0f00 0001 | 0000 00e9 
  0x000001ba5d7fbcc8: 2900 0000 | 4883 bb20 | 0f00 0000 | 7517 4889 | 8320 0f00 | 0048 c783 | 280f 0000 | 0100 0000 
  0x000001ba5d7fbce8: e908 0000 | 0048 8383 | 080f 0000 | 0141 8b59 | 104c 8bda 

  0x000001ba5d7fbcfc: ;   {metadata('com/sun/javafx/text/PrismTextLine'[])}
  0x000001ba5d7fbcfc: 48ba 903b | 322d 0000 | 0000 4863 | db48 8bfb | 4881 fbff | ffff 000f | 8795 2a00 | 00be 1700 
  0x000001ba5d7fbd1c: 0000 488d | 349e 4883 | e6f8 498b | 87c8 0100 | 0048 8d34 | 3049 3bb7 | d801 0000 | 0f87 702a 
  0x000001ba5d7fbd3c: 0000 4989 | b7c8 0100 | 0048 2bf0 | 48c7 0001 | 0000 0048 | 8bca 41ba | 0000 002c | 492b ca89 
  0x000001ba5d7fbd5c: 4808 8958 | 0c48 83ee | 1048 85f6 | 0f84 1100 | 0000 4833 | db48 c1ee | 0348 895c | f008 48ff 
  0x000001ba5d7fbd7c: ce75 f645 | 0fbe 4748 | 4585 c00f | 852b 2a00 | 004c 8bd0 | 49c1 ea03 | 4589 533c | 498b d348 
  0x000001ba5d7fbd9c: 33d0 48c1 | ea16 4883 | fa00 0f85 | 2c2a 0000 

  0x000001ba5d7fbdac: ;   {metadata(method data for {method} {0x000001ba7ac907d0} 'layout' '()V' in 'com/sun/javafx/text/PrismTextLayout')}
  0x000001ba5d7fbdac: 4d8b c148 | ba48 b65a | 7bba 0100 | 0045 8b40 | 0841 ba00 | 0000 2c4d | 03c2 4c3b | 8240 0f00 
  0x000001ba5d7fbdcc: 0075 0d48 | 8382 480f | 0000 01e9 | 6000 0000 | 4c3b 8250 | 0f00 0075 | 0d48 8382 | 580f 0000 
  0x000001ba5d7fbdec: 01e9 4a00 | 0000 4883 | ba40 0f00 | 0000 7517 | 4c89 8240 | 0f00 0048 | c782 480f | 0000 0100 
  0x000001ba5d7fbe0c: 0000 e929 | 0000 0048 | 83ba 500f | 0000 0075 | 174c 8982 | 500f 0000 | 48c7 8258 | 0f00 0001 
  0x000001ba5d7fbe2c: 0000 00e9 | 0800 0000 | 4883 8238 | 0f00 0001 | 4c8b c049 | 8bd1 0f1f 

  0x000001ba5d7fbe44: ;   {optimized virtual_call}
  0x000001ba5d7fbe44: 4400 00e8 

  0x000001ba5d7fbe48: ; ImmutableOopMap {[312]=Oop [320]=Oop }
                      ;*invokevirtual toArray {reexecute=0 rethrow=0 return_oop=0}
                      ; - com.sun.javafx.text.PrismTextLayout::layout@935 (line 1381)
  0x000001ba5d7fbe48: 54f7 d4ff 

  0x000001ba5d7fbe4c: ;   {post_call_nop}
  0x000001ba5d7fbe4c: 0f1f 8400 | 4442 0028 | 488b 9424 | 3801 0000 | c5fa 1042 

  0x000001ba5d7fbe60: ;   {section_word}
  0x000001ba5d7fbe60: 1cc5 fa10 | 0dd3 beff | ffc5 f82e | c1be ffff | ffff 0f8a | 1400 0000 | 0f82 0e00 | 0000 be00 
  0x000001ba5d7fbe80: 0000 000f | 8403 0000 | 0048 ffc6 

  0x000001ba5d7fbe8c: ;   {metadata(method data for {method} {0x000001ba7ac907d0} 'layout' '()V' in 'com/sun/javafx/text/PrismTextLayout')}
  0x000001ba5d7fbe8c: 85f6 48be | 48b6 5a7b | ba01 0000 | bf68 0f00 | 007e 05bf | 780f 0000 | 488b 1c3e | 488d 5b01 
  0x000001ba5d7fbeac: 4889 1c3e | 0f8e 1500 

  0x000001ba5d7fbeb4: ;   {metadata(method data for {method} {0x000001ba7ac907d0} 'layout' '()V' in 'com/sun/javafx/text/PrismTextLayout')}
  0x000001ba5d7fbeb4: 0000 48be | 48b6 5a7b | ba01 0000 | ff86 880f | 0000 e905 | 0000 00c5 | fa10 4214 | c5fa 1184 
  0x000001ba5d7fbed4: 2480 0200 | 0048 8bf2 

  0x000001ba5d7fbedc: ;   {metadata(method data for {method} {0x000001ba7ac907d0} 'layout' '()V' in 'com/sun/javafx/text/PrismTextLayout')}
  0x000001ba5d7fbedc: 48bf 48b6 | 5a7b ba01 | 0000 4883 | 87a0 0f00 | 0001 488b | f248 8bd6 

  0x000001ba5d7fbef4: ;   {optimized virtual_call}
  0x000001ba5d7fbef4: 6666 90e8 

  0x000001ba5d7fbef8: ; ImmutableOopMap {[312]=Oop [320]=Oop }
                      ;*invokevirtual isMirrored {reexecute=0 rethrow=0 return_oop=0}
                      ; - com.sun.javafx.text.PrismTextLayout::layout@965 (line 1386)
  0x000001ba5d7fbef8: 2467 e8ff 

  0x000001ba5d7fbefc: ;   {post_call_nop}
  0x000001ba5d7fbefc: 0f1f 8400 | f442 0029 

  0x000001ba5d7fbf04: ;   {metadata(method data for {method} {0x000001ba7ac907d0} 'layout' '()V' in 'com/sun/javafx/text/PrismTextLayout')}
  0x000001ba5d7fbf04: 85c0 49b8 | 48b6 5a7b | ba01 0000 | bad0 0f00 | 0074 05ba | e00f 0000 | 498b 3410 | 488d 7601 
  0x000001ba5d7fbf24: 4989 3410 | 8bbc 2468 | 0100 000f | 8459 0000 | 0081 ff00 

  0x000001ba5d7fbf38: ;   {metadata(method data for {method} {0x000001ba7ac907d0} 'layout' '()V' in 'com/sun/javafx/text/PrismTextLayout')}
  0x000001ba5d7fbf38: 0010 0049 | b848 b65a | 7bba 0100 | 00ba 0010 | 0000 7405 | baf0 0f00 | 0049 8b34 | 1048 8d76 
  0x000001ba5d7fbf58: 0149 8934 | 100f 840d 

  0x000001ba5d7fbf60: ;   {section_word}
  0x000001ba5d7fbf60: 0000 00c5 | fa10 05d5 | bdff ffe9 | 6100 0000 

  0x000001ba5d7fbf70: ;   {metadata(method data for {method} {0x000001ba7ac907d0} 'layout' '()V' in 'com/sun/javafx/text/PrismTextLayout')}
  0x000001ba5d7fbf70: 49b8 48b6 | 5a7b ba01 | 0000 41ff | 8010 1000 

  0x000001ba5d7fbf80: ;   {section_word}
  0x000001ba5d7fbf80: 00c5 fa10 | 05bb bdff | ffe9 4300 | 0000 81ff | 0000 1000 

  0x000001ba5d7fbf94: ;   {metadata(method data for {method} {0x000001ba7ac907d0} 'layout' '()V' in 'com/sun/javafx/text/PrismTextLayout')}
  0x000001ba5d7fbf94: 49b8 48b6 | 5a7b ba01 | 0000 ba38 | 1000 0074 | 05ba 2810 | 0000 498b | 3410 488d | 7601 4989 
  0x000001ba5d7fbfb4: 3410 0f84 | 0d00 0000 

  0x000001ba5d7fbfbc: ;   {section_word}
  0x000001ba5d7fbfbc: c5fa 1005 | 84bd ffff | e908 0000 

  0x000001ba5d7fbfc8: ;   {section_word}
  0x000001ba5d7fbfc8: 00c5 fa10 | 057b bdff | ff81 ff00 

  0x000001ba5d7fbfd4: ;   {metadata(method data for {method} {0x000001ba7ac907d0} 'layout' '()V' in 'com/sun/javafx/text/PrismTextLayout')}
  0x000001ba5d7fbfd4: 0008 0049 | b848 b65a | 7bba 0100 | 00ba 4810 | 0000 7505 | ba58 1000 | 0049 8b34 | 1048 8d76 
  0x000001ba5d7fbff4: 0149 8934 | 100f 8508 

  0x000001ba5d7fbffc: ;   {section_word}
  0x000001ba5d7fbffc: 0000 00c5 | fa10 0549 | bdff ffbe | 0000 0000 

  0x000001ba5d7fc00c: ;   {section_word}
  0x000001ba5d7fc00c: c5fa 100d | 40bd ffff | c5fa 118c | 2488 0200 | 00c5 fa10 | 8c24 8002 | 0000 6690 | 488b 8424 
  0x000001ba5d7fc02c: 4001 0000 | 488b 9424 | 3801 0000 | 8b5a 3c48 | c1e3 0344 | 8b43 0c41 

  0x000001ba5d7fc044: ;   {metadata(method data for {method} {0x000001ba7ac907d0} 'layout' '()V' in 'com/sun/javafx/text/PrismTextLayout')}
  0x000001ba5d7fc044: 3bf0 49b8 | 48b6 5a7b | ba01 0000 | b968 1000 | 007d 05b9 | 7810 0000 | 4d8b 0c08 | 4d8d 4901 
  0x000001ba5d7fc064: 4d89 0c08 | 0f8d 7e13 | 0000 4c63 | c642 8b5c | 8310 48c1 | e303 4889 | 9c24 1002 | 0000 483b 
  0x000001ba5d7fc084: 034c 8bc3 

  0x000001ba5d7fc088: ;   {metadata(method data for {method} {0x000001ba7ac907d0} 'layout' '()V' in 'com/sun/javafx/text/PrismTextLayout')}
  0x000001ba5d7fc088: 48b9 48b6 | 5a7b ba01 | 0000 4883 | 8198 1000 | 0001 448b | 430c 488b 

  0x000001ba5d7fc0a0: ;   {metadata(method data for {method} {0x000001ba7ac907d0} 'layout' '()V' in 'com/sun/javafx/text/PrismTextLayout')}
  0x000001ba5d7fc0a0: cb49 b948 | b65a 7bba | 0100 0049 | 8381 c810 | 0000 018b | 4b24 48c1 | e103 4889 | 8c24 1802 
  0x000001ba5d7fc0c0: 0000 483b | 014c 8bc9 

  0x000001ba5d7fc0c8: ;   {metadata(method data for {method} {0x000001ba7ac907d0} 'layout' '()V' in 'com/sun/javafx/text/PrismTextLayout')}
  0x000001ba5d7fc0c8: 49bb 48b6 | 5a7b ba01 | 0000 458b | 4908 41ba | 0000 002c | 4d03 ca4d | 3b8b f010 | 0000 750d 
  0x000001ba5d7fc0e8: 4983 83f8 | 1000 0001 | e960 0000 | 004d 3b8b | 0011 0000 | 750d 4983 | 8308 1100 | 0001 e94a 
  0x000001ba5d7fc108: 0000 0049 | 83bb f010 | 0000 0075 | 174d 898b | f010 0000 | 49c7 83f8 | 1000 0001 | 0000 00e9 
  0x000001ba5d7fc128: 2900 0000 | 4983 bb00 | 1100 0000 | 7517 4d89 | 8b00 1100 | 0049 c783 | 0811 0000 | 0100 0000 
  0x000001ba5d7fc148: e908 0000 | 0049 8383 | e810 0000 

  0x000001ba5d7fc154: ;   {metadata(method data for {method} {0x000001ba7a80c5e8} 'getWidth' '()F' in 'com/sun/javafx/geom/RectBounds')}
  0x000001ba5d7fc154: 0149 b9a0 | 395a 7bba | 0100 0045 | 8b99 9000 | 0000 4183 | c302 4589 | 9990 0000 | 0041 81e3 
  0x000001ba5d7fc174: feff 1f00 | 4585 db0f | 847e 2600 | 00c5 fa10 | 5910 c5fa | 1061 0cc5 | f828 ebc5 | d25c ecc5 
  0x000001ba5d7fc194: f828 e1c5 | da5c e5c5 | f828 ecc5 | d259 e84c 

  0x000001ba5d7fc1a4: ;   {metadata(method data for {method} {0x000001ba7ac907d0} 'layout' '()V' in 'com/sun/javafx/text/PrismTextLayout')}
  0x000001ba5d7fc1a4: 8bcb 49bb | 48b6 5a7b | ba01 0000 | 4983 8328 | 1100 0001 

  0x000001ba5d7fc1b8: ;   {metadata(method data for {method} {0x000001ba7b09af98} 'setAlignment' '(F)V' in 'com/sun/javafx/text/PrismTextLine')}
  0x000001ba5d7fc1b8: 49b9 20ef | 407c ba01 | 0000 458b | 9990 0000 | 0041 83c3 | 0245 8999 | 9000 0000 | 4181 e3fe 
  0x000001ba5d7fc1d8: ff1f 0045 | 85db 0f84 | 3c26 0000 

  0x000001ba5d7fc1e4: ;   {metadata(method data for {method} {0x000001ba7b09af98} 'setAlignment' '(F)V' in 'com/sun/javafx/text/PrismTextLine')}
  0x000001ba5d7fc1e4: 4c8b c949 | bb20 ef40 | 7cba 0100 | 0045 8b49 | 0841 ba00 | 0000 2c4d | 03ca 4d3b | 8be0 0000 
  0x000001ba5d7fc204: 0075 0d49 | 8383 e800 | 0000 01e9 | 6000 0000 | 4d3b 8bf0 | 0000 0075 | 0d49 8383 | f800 0000 
  0x000001ba5d7fc224: 01e9 4a00 | 0000 4983 | bbe0 0000 | 0000 7517 | 4d89 8be0 | 0000 0049 | c783 e800 | 0000 0100 
  0x000001ba5d7fc244: 0000 e929 | 0000 0049 | 83bb f000 | 0000 0075 | 174d 898b | f000 0000 | 49c7 83f8 | 0000 0001 
  0x000001ba5d7fc264: 0000 00e9 | 0800 0000 | 4983 83d8 | 0000 0001 | c5fa 1169 | 0c4c 8bc9 

  0x000001ba5d7fc27c: ;   {metadata(method data for {method} {0x000001ba7b09af98} 'setAlignment' '(F)V' in 'com/sun/javafx/text/PrismTextLine')}
  0x000001ba5d7fc27c: 49bb 20ef | 407c ba01 | 0000 458b | 4908 41ba | 0000 002c | 4d03 ca4d | 3b8b 1001 | 0000 750d 
  0x000001ba5d7fc29c: 4983 8318 | 0100 0001 | e960 0000 | 004d 3b8b | 2001 0000 | 750d 4983 | 8328 0100 | 0001 e94a 
  0x000001ba5d7fc2bc: 0000 0049 | 83bb 1001 | 0000 0075 | 174d 898b | 1001 0000 | 49c7 8318 | 0100 0001 | 0000 00e9 
  0x000001ba5d7fc2dc: 2900 0000 | 4983 bb20 | 0100 0000 | 7517 4d89 | 8b20 0100 | 0049 c783 | 2801 0000 | 0100 0000 
  0x000001ba5d7fc2fc: e908 0000 | 0049 8383 | 0801 0000 | 014c 8bc9 

  0x000001ba5d7fc30c: ;   {metadata(method data for {method} {0x000001ba7b09af98} 'setAlignment' '(F)V' in 'com/sun/javafx/text/PrismTextLine')}
  0x000001ba5d7fc30c: 49bb 20ef | 407c ba01 | 0000 458b | 4908 41ba | 0000 002c | 4d03 ca4d | 3b8b 4001 | 0000 750d 
  0x000001ba5d7fc32c: 4983 8348 | 0100 0001 | e960 0000 | 004d 3b8b | 5001 0000 | 750d 4983 | 8358 0100 | 0001 e94a 
  0x000001ba5d7fc34c: 0000 0049 | 83bb 4001 | 0000 0075 | 174d 898b | 4001 0000 | 49c7 8348 | 0100 0001 | 0000 00e9 
  0x000001ba5d7fc36c: 2900 0000 | 4983 bb50 | 0100 0000 | 7517 4d89 | 8b50 0100 | 0049 c783 | 5801 0000 | 0100 0000 
  0x000001ba5d7fc38c: e908 0000 | 0049 8383 | 3801 0000 | 01c5 e258 | ddc5 fa11 | 5910 c5fa 

  0x000001ba5d7fc3a4: ;   {section_word}
  0x000001ba5d7fc3a4: 105a 1cc5 | fa10 35a9 | b9ff ffc5 | f82e de41 | b9ff ffff | ff0f 8a15 | 0000 000f | 820f 0000 
  0x000001ba5d7fc3c4: 0041 b900 | 0000 000f | 8403 0000 | 0049 ffc1 

  0x000001ba5d7fc3d4: ;   {metadata(method data for {method} {0x000001ba7ac907d0} 'layout' '()V' in 'com/sun/javafx/text/PrismTextLayout')}
  0x000001ba5d7fc3d4: 4585 c949 | b948 b65a | 7bba 0100 | 0041 bb48 | 1100 007e | 0641 bb58 | 1100 004f | 8b2c 194d 
  0x000001ba5d7fc3f4: 8d6d 014f | 892c 190f | 8e30 0000 | 0081 ff00 

  0x000001ba5d7fc404: ;   {metadata(method data for {method} {0x000001ba7ac907d0} 'layout' '()V' in 'com/sun/javafx/text/PrismTextLayout')}
  0x000001ba5d7fc404: 0020 0049 | b948 b65a | 7bba 0100 | 0041 bb78 | 1100 0074 | 0641 bb68 | 1100 004f | 8b2c 194d 
  0x000001ba5d7fc424: 8d6d 014f | 892c 190f | 840b 0000 | 0041 b900 | 0000 00e9 | 1700 0000 

  0x000001ba5d7fc43c: ;   {metadata(method data for {method} {0x000001ba7ac907d0} 'layout' '()V' in 'com/sun/javafx/text/PrismTextLayout')}
  0x000001ba5d7fc43c: 49b9 48b6 | 5a7b ba01 | 0000 41ff | 8188 1100 | 0041 b901 | 0000 0045 

  0x000001ba5d7fc454: ;   {metadata(method data for {method} {0x000001ba7ac907d0} 'layout' '()V' in 'com/sun/javafx/text/PrismTextLayout')}
  0x000001ba5d7fc454: 85c9 49b9 | 48b6 5a7b | ba01 0000 | 41bb b011 | 0000 7506 | 41bb a011 | 0000 4f8b | 2c19 4d8d 
  0x000001ba5d7fc474: 6d01 4f89 | 2c19 89b4 | 24f4 0100 | 000f 8517 | 0000 00c5 | fa11 8424 | 8c02 0000 | c5fa 118c 
  0x000001ba5d7fc494: 2480 0200 | 00e9 2a0a | 0000 4c8b 

  0x000001ba5d7fc4a0: ;   {metadata(method data for {method} {0x000001ba7ac907d0} 'layout' '()V' in 'com/sun/javafx/text/PrismTextLayout')}
  0x000001ba5d7fc4a0: cb49 bb48 | b65a 7bba 

  0x000001ba5d7fc4a8: ;   {metadata('com/sun/javafx/text/PrismTextLine')}
  0x000001ba5d7fc4a8: 0100 0049 | bae0 3632 | 2d00 0000 | 004d 8993 | c811 0000 | 4983 83d0 | 1100 0001 | 448b 4b20 
  0x000001ba5d7fc4c8: 49c1 e103 | 4c89 8c24 | 0002 0000 

  0x000001ba5d7fc4d4: ; implicit exception: dispatches to 0x000001ba5d7fe841
  0x000001ba5d7fc4d4: 458b 590c | 4489 9c24 | 0802 0000 

  0x000001ba5d7fc4e0: ;   {metadata(method data for {method} {0x000001ba7ac907d0} 'layout' '()V' in 'com/sun/javafx/text/PrismTextLayout')}
  0x000001ba5d7fc4e0: 4585 db49 | bd48 b65a | 7bba 0100 | 0041 be00 | 1200 007f | 0641 bef0 | 1100 004b | 8b74 3500 
  0x000001ba5d7fc500: 488d 7601 | 4b89 7435 | 000f 8f17 | 0000 00c5 | fa11 8424 | 8c02 0000 | c5fa 118c | 2480 0200 
  0x000001ba5d7fc520: 00e9 a209 | 0000 498b | f3ff ce41 | 3b71 0c0f | 8311 2300 | 0048 63f6 | 418b 74b1 | 1048 c1e6 
  0x000001ba5d7fc540: 0348 3b06 

  0x000001ba5d7fc544: ;   {metadata(method data for {method} {0x000001ba7ac907d0} 'layout' '()V' in 'com/sun/javafx/text/PrismTextLayout')}
  0x000001ba5d7fc544: 4c8b ee49 | be48 b65a | 7bba 0100 

  0x000001ba5d7fc550: ;   {metadata('com/sun/javafx/text/TextRun')}
  0x000001ba5d7fc550: 0049 ba68 | 2732 2d00 | 0000 004d | 8996 1812 | 0000 4983 | 8620 1200 

  0x000001ba5d7fc568: ;   {metadata(method data for {method} {0x000001ba7b0940e0} 'isSoftbreak' '()Z' in 'com/sun/javafx/text/TextRun')}
  0x000001ba5d7fc568: 0001 49b9 | d0f0 407c | ba01 0000 | 458b a990 | 0000 0041 | 83c5 0245 | 89a9 9000 | 0000 4181 
  0x000001ba5d7fc588: e5fe ff1f | 0045 85ed | 0f84 c322 | 0000 8b76 | 2c83 e604 

  0x000001ba5d7fc59c: ;   {metadata(method data for {method} {0x000001ba7b0940e0} 'isSoftbreak' '()Z' in 'com/sun/javafx/text/TextRun')}
  0x000001ba5d7fc59c: 85f6 48be | d0f0 407c | ba01 0000 | 41b9 d800 | 0000 7406 | 41b9 e800 | 0000 4e8b | 2c0e 4d8d 
  0x000001ba5d7fc5bc: 6d01 4e89 | 2c0e 0f84 | 1a00 0000 

  0x000001ba5d7fc5c8: ;   {metadata(method data for {method} {0x000001ba7b0940e0} 'isSoftbreak' '()Z' in 'com/sun/javafx/text/TextRun')}
  0x000001ba5d7fc5c8: 48be d0f0 | 407c ba01 | 0000 ff86 | f800 0000 | be01 0000 | 00e9 0500 | 0000 be00 | 0000 0083 
  0x000001ba5d7fc5e8: e601 85f6 

  0x000001ba5d7fc5ec: ;   {metadata(method data for {method} {0x000001ba7ac907d0} 'layout' '()V' in 'com/sun/javafx/text/PrismTextLayout')}
  0x000001ba5d7fc5ec: 48be 48b6 | 5a7b ba01 | 0000 41b9 | 5012 0000 | 7506 41b9 | 4012 0000 | 4e8b 2c0e | 4d8d 6d01 
  0x000001ba5d7fc60c: 4e89 2c0e | 0f85 1700 | 0000 c5fa | 1184 248c | 0200 00c5 | fa11 8c24 | 8002 0000 | e99b 0800 
  0x000001ba5d7fc62c: 0048 8bf3 

  0x000001ba5d7fc630: ;   {metadata(method data for {method} {0x000001ba7ac907d0} 'layout' '()V' in 'com/sun/javafx/text/PrismTextLayout')}
  0x000001ba5d7fc630: 49b9 48b6 | 5a7b ba01 

  0x000001ba5d7fc638: ;   {metadata('com/sun/javafx/text/PrismTextLine')}
  0x000001ba5d7fc638: 0000 49ba | e036 322d | 0000 0000 | 4d89 9168 | 1200 0049 | 8381 7012 | 0000 018b | 7310 4103 
  0x000001ba5d7fc658: f0ff ce41 | b900 0000 | 0041 bd00 | 0000 0090 

  0x000001ba5d7fc668: ;   {metadata(method data for {method} {0x000001ba7ac907d0} 'layout' '()V' in 'com/sun/javafx/text/PrismTextLayout')}
  0x000001ba5d7fc668: 413b f049 | be48 b65a | 7bba 0100 | 0041 bb90 | 1200 007c | 0641 bba0 | 1200 004b | 8b3c 1e48 
  0x000001ba5d7fc688: 8d7f 014b | 893c 1e0f | 8c29 0100 | 0045 85c9 

  0x000001ba5d7fc698: ;   {metadata(method data for {method} {0x000001ba7ac907d0} 'layout' '()V' in 'com/sun/javafx/text/PrismTextLayout')}
  0x000001ba5d7fc698: 48bf 48b6 | 5a7b ba01 | 0000 41bb | b012 0000 | 7506 41bb | c012 0000 | 4e8b 341f | 4d8d 7601 
  0x000001ba5d7fc6b8: 4e89 341f | 0f85 4400 | 0000 3b70 | 0c0f 83b9 | 2100 0048 | 63fe 0fb7 | 7c78 1083 

  0x000001ba5d7fc6d4: ;   {metadata(method data for {method} {0x000001ba7ac907d0} 'layout' '()V' in 'com/sun/javafx/text/PrismTextLayout')}
  0x000001ba5d7fc6d4: ff20 48bf | 48b6 5a7b | ba01 0000 | 41bb d012 | 0000 7406 | 41bb e012 | 0000 4e8b | 341f 4d8d 
  0x000001ba5d7fc6f4: 7601 4e89 | 341f 0f84 | 0600 0000 | 41b9 0100 | 0000 4585 

  0x000001ba5d7fc708: ;   {metadata(method data for {method} {0x000001ba7ac907d0} 'layout' '()V' in 'com/sun/javafx/text/PrismTextLayout')}
  0x000001ba5d7fc708: c948 bf48 | b65a 7bba | 0100 0041 | bbf0 1200 | 0074 0641 | bb00 1300 | 004e 8b34 | 1f4d 8d76 
  0x000001ba5d7fc728: 014e 8934 | 1f0f 8441 | 0000 003b | 700c 0f83 | 6021 0000 | 4863 fe0f | b77c 7810 

  0x000001ba5d7fc744: ;   {metadata(method data for {method} {0x000001ba7ac907d0} 'layout' '()V' in 'com/sun/javafx/text/PrismTextLayout')}
  0x000001ba5d7fc744: 83ff 2048 | bf48 b65a | 7bba 0100 | 0041 bb10 | 1300 0075 | 0641 bb20 | 1300 004e | 8b34 1f4d 
  0x000001ba5d7fc764: 8d76 014e | 8934 1f0f | 8503 0000 | 0041 ffc5 

  0x000001ba5d7fc774: ;   {metadata(method data for {method} {0x000001ba7ac907d0} 'layout' '()V' in 'com/sun/javafx/text/PrismTextLayout')}
  0x000001ba5d7fc774: ffce 48bf | 48b6 5a7b | ba01 0000 | 448b 9f94 | 0000 0041 | 83c3 0244 | 899f 9400 | 0000 4181 
  0x000001ba5d7fc794: e3fe 3f00 | 0045 85db | 0f84 0821 | 0000 4d8b 

  0x000001ba5d7fc7a4: ; ImmutableOopMap {rax=Oop rdx=Oop rbx=Oop rcx=Oop [312]=Oop [320]=Oop [512]=Oop [528]=Oop [536]=Oop }
                      ;*goto {reexecute=1 rethrow=0 return_oop=0}
                      ; - (reexecute) com.sun.javafx.text.PrismTextLayout::layout@1196 (line 1414)
                      ;   {poll}
  0x000001ba5d7fc7a4: 5730 4185 

  0x000001ba5d7fc7a8: ;   {metadata(method data for {method} {0x000001ba7ac907d0} 'layout' '()V' in 'com/sun/javafx/text/PrismTextLayout')}
  0x000001ba5d7fc7a8: 0248 bf48 | b65a 7bba | 0100 00ff | 8730 1300 | 00e9 aafe | ffff 4585 

  0x000001ba5d7fc7c0: ;   {metadata(method data for {method} {0x000001ba7ac907d0} 'layout' '()V' in 'com/sun/javafx/text/PrismTextLayout')}
  0x000001ba5d7fc7c0: ed49 b848 | b65a 7bba | 0100 00be | 5813 0000 | 7505 be48 | 1300 0049 | 8b3c 3048 | 8d7f 0149 
  0x000001ba5d7fc7e0: 893c 300f | 8517 0000 | 00c5 fa11 | 8424 8c02 | 0000 c5fa | 118c 2480 | 0200 00e9 | c806 0000 
  0x000001ba5d7fc800: c4c1 622a | ddc5 da5e | e3c5 fa11 | a424 8402 | 0000 be00 | 0000 0044 | 8b9c 2408 | 0200 004c 
  0x000001ba5d7fc820: 8b8c 2400 | 0200 00c5 | fa11 8424 | 8c02 0000 | c5fa 118c | 2480 0200 | 000f 1f80 | 0000 0000 
  0x000001ba5d7fc840: ;   {metadata(method data for {method} {0x000001ba7ac907d0} 'layout' '()V' in 'com/sun/javafx/text/PrismTextLayout')}
  0x000001ba5d7fc840: 413b f349 | b848 b65a | 7bba 0100 | 00b8 6813 | 0000 7d05 | b878 1300 | 0049 8b3c | 0048 8d7f 
  0x000001ba5d7fc860: 0149 893c | 000f 8da0 | 0200 004c | 63c6 438b | 7c81 1048 | c1e7 0348 | 89bc 2428 | 0200 0048 
  0x000001ba5d7fc880: 3b07 4c8b | c789 b424 | 0c02 0000 

  0x000001ba5d7fc88c: ;   {metadata(method data for {method} {0x000001ba7ac907d0} 'layout' '()V' in 'com/sun/javafx/text/PrismTextLayout')}
  0x000001ba5d7fc88c: 48b8 48b6 | 5a7b ba01 

  0x000001ba5d7fc894: ;   {metadata('com/sun/javafx/text/TextRun')}
  0x000001ba5d7fc894: 0000 49ba | 6827 322d | 0000 0000 | 4c89 9090 | 1300 0048 | 8380 9813 | 0000 018b | 7710 89b4 
  0x000001ba5d7fc8b4: 2420 0200 | 004c 8bc7 

  0x000001ba5d7fc8bc: ;   {metadata(method data for {method} {0x000001ba7ac907d0} 'layout' '()V' in 'com/sun/javafx/text/PrismTextLayout')}
  0x000001ba5d7fc8bc: 48b8 48b6 | 5a7b ba01 

  0x000001ba5d7fc8c4: ;   {metadata('com/sun/javafx/text/TextRun')}
  0x000001ba5d7fc8c4: 0000 49ba | 6827 322d | 0000 0000 | 4c89 90c0 | 1300 0048 | 8380 c813 

  0x000001ba5d7fc8dc: ;   {metadata(method data for {method} {0x000001ba7b093a68} 'getEnd' '()I' in 'com/sun/javafx/text/TextRun')}
  0x000001ba5d7fc8dc: 0000 0149 | b878 d540 | 7cba 0100 | 0041 8b98 | 9000 0000 | 83c3 0241 | 8998 9000 | 0000 81e3 
  0x000001ba5d7fc8fc: feff 1f00 | 85db 0f84 | c81f 0000 | 448b 4714 | 4403 c644 | 8984 2434 | 0200 0048 | 8bde 660f 
  0x000001ba5d7fc91c: 1f44 0000 | 488b 8424 | 4001 0000 

  0x000001ba5d7fc928: ;   {metadata(method data for {method} {0x000001ba7ac907d0} 'layout' '()V' in 'com/sun/javafx/text/PrismTextLayout')}
  0x000001ba5d7fc928: 413b d848 | be48 b65a | 7bba 0100 | 00bf e813 | 0000 7d05 | bff8 1300 | 0048 8b14 | 3e48 8d52 
  0x000001ba5d7fc948: 0148 8914 | 3e0f 8d3f | 0100 003b | 580c 0f83 | 9f1f 0000 | 4863 d30f | b754 5010 

  0x000001ba5d7fc964: ;   {metadata(method data for {method} {0x000001ba7ac907d0} 'layout' '()V' in 'com/sun/javafx/text/PrismTextLayout')}
  0x000001ba5d7fc964: 83fa 2048 | ba48 b65a | 7bba 0100 | 00be 1814 | 0000 7405 | be08 1400 | 0048 8b3c | 3248 8d7f 
  0x000001ba5d7fc984: 0148 893c | 320f 840c | 0000 0089 | 9c24 3002 | 0000 e997 | 0000 0044 | 89ac 2424 | 0200 008b 
  0x000001ba5d7fc9a4: b424 2002 | 0000 488b | bc24 2802 | 0000 488b 

  0x000001ba5d7fc9b4: ;   {metadata(method data for {method} {0x000001ba7ac907d0} 'layout' '()V' in 'com/sun/javafx/text/PrismTextLayout')}
  0x000001ba5d7fc9b4: c748 b948 | b65a 7bba 

  0x000001ba5d7fc9bc: ;   {metadata('com/sun/javafx/text/TextRun')}
  0x000001ba5d7fc9bc: 0100 0049 | ba68 2732 | 2d00 0000 | 004c 8991 | 3014 0000 | 4883 8138 | 1400 0001 | 488b c32b 
  0x000001ba5d7fc9dc: c64c 8bc0 | c5f8 28c4 | 488b d789 | 9c24 3002 

  0x000001ba5d7fc9ec: ;   {optimized virtual_call}
  0x000001ba5d7fc9ec: 0000 90e8 

  0x000001ba5d7fc9f0: ; ImmutableOopMap {[312]=Oop [320]=Oop [512]=Oop [528]=Oop [536]=Oop [552]=Oop }
                      ;*invokevirtual justify {reexecute=0 rethrow=0 return_oop=0}
                      ; - com.sun.javafx.text.PrismTextLayout::layout@1272 (line 1428)
  0x000001ba5d7fc9f0: ec27 ca06 

  0x000001ba5d7fc9f4: ;   {post_call_nop}
  0x000001ba5d7fc9f4: 0f1f 8400 | ec4d 002b | 448b ac24 | 2402 0000 | 41ff cd45 

  0x000001ba5d7fca08: ;   {metadata(method data for {method} {0x000001ba7ac907d0} 'layout' '()V' in 'com/sun/javafx/text/PrismTextLayout')}
  0x000001ba5d7fca08: 85ed 49b8 | 48b6 5a7b | ba01 0000 | ba68 1400 | 0074 05ba | 5814 0000 | 498b 3410 | 488d 7601 
  0x000001ba5d7fca28: 4989 3410 | 0f84 c800 | 0000 8b9c | 2430 0200 

  0x000001ba5d7fca38: ;   {metadata(method data for {method} {0x000001ba7ac907d0} 'layout' '()V' in 'com/sun/javafx/text/PrismTextLayout')}
  0x000001ba5d7fca38: 00ff c349 | b848 b65a | 7bba 0100 | 0041 8b90 | 9400 0000 | 83c2 0241 | 8990 9400 | 0000 81e2 
  0x000001ba5d7fca58: fe3f 0000 | 85d2 0f84 | a51e 0000 

  0x000001ba5d7fca64: ; ImmutableOopMap {[312]=Oop [320]=Oop [512]=Oop [528]=Oop [536]=Oop [552]=Oop }
                      ;*goto {reexecute=1 rethrow=0 return_oop=0}
                      ; - (reexecute) com.sun.javafx.text.PrismTextLayout::layout@1289 (line 1425)
  0x000001ba5d7fca64: 4d8b 5730 

  0x000001ba5d7fca68: ;   {poll}
  0x000001ba5d7fca68: 4185 0249 | b848 b65a | 7bba 0100 | 0041 ff80 | 9014 0000 | 448b 8424 | 3402 0000 | c5fa 10a4 
  0x000001ba5d7fca88: 2484 0200 | 00e9 8efe | ffff 8bb4 | 240c 0200 

  0x000001ba5d7fca98: ;   {metadata(method data for {method} {0x000001ba7ac907d0} 'layout' '()V' in 'com/sun/javafx/text/PrismTextLayout')}
  0x000001ba5d7fca98: 00ff c649 | b848 b65a | 7bba 0100 | 0041 8b90 | 9400 0000 | 83c2 0241 | 8990 9400 | 0000 81e2 
  0x000001ba5d7fcab8: fe3f 0000 | 85d2 0f84 | 661e 0000 

  0x000001ba5d7fcac4: ; ImmutableOopMap {[312]=Oop [320]=Oop [512]=Oop [528]=Oop [536]=Oop }
                      ;*goto {reexecute=1 rethrow=0 return_oop=0}
                      ; - (reexecute) com.sun.javafx.text.PrismTextLayout::layout@1295 (line 1421)
  0x000001ba5d7fcac4: 4d8b 5730 

  0x000001ba5d7fcac8: ;   {poll}
  0x000001ba5d7fcac8: 4185 0249 | b848 b65a | 7bba 0100 | 0041 ff80 | a814 0000 | c5fa 10a4 | 2484 0200 | 0044 8b9c 
  0x000001ba5d7fcae8: 2408 0200 | 004c 8b8c | 2400 0200 | 00e9 46fd 

  0x000001ba5d7fcaf8: ;   {metadata(method data for {method} {0x000001ba7ac907d0} 'layout' '()V' in 'com/sun/javafx/text/PrismTextLayout')}
  0x000001ba5d7fcaf8: ffff 49b8 | 48b6 5a7b | ba01 0000 | 41ff 8078 | 1400 0048 | 8b9c 2410 | 0200 004c 

  0x000001ba5d7fcb14: ;   {metadata(method data for {method} {0x000001ba7ac907d0} 'layout' '()V' in 'com/sun/javafx/text/PrismTextLayout')}
  0x000001ba5d7fcb14: 8bc3 48ba | 48b6 5a7b | ba01 0000 

  0x000001ba5d7fcb20: ;   {metadata('com/sun/javafx/text/PrismTextLine')}
  0x000001ba5d7fcb20: 49ba e036 | 322d 0000 | 0000 4c89 | 92c8 1400 | 0048 8382 | d014 0000 

  0x000001ba5d7fcb38: ;   {metadata(method data for {method} {0x000001ba7b09af98} 'setAlignment' '(F)V' in 'com/sun/javafx/text/PrismTextLine')}
  0x000001ba5d7fcb38: 0149 b820 | ef40 7cba | 0100 0041 | 8b90 9000 | 0000 83c2 | 0241 8990 | 9000 0000 | 81e2 feff 
  0x000001ba5d7fcb58: 1f00 85d2 | 0f84 e91d | 0000 448b | 4324 49c1 | e003 493b | 0049 8bd0 

  0x000001ba5d7fcb70: ;   {metadata(method data for {method} {0x000001ba7b09af98} 'setAlignment' '(F)V' in 'com/sun/javafx/text/PrismTextLine')}
  0x000001ba5d7fcb70: 48be 20ef | 407c ba01 | 0000 8b52 | 0841 ba00 | 0000 2c49 | 03d2 483b | 96e0 0000 | 0075 0d48 
  0x000001ba5d7fcb90: 8386 e800 | 0000 01e9 | 6000 0000 | 483b 96f0 | 0000 0075 | 0d48 8386 | f800 0000 | 01e9 4a00 
  0x000001ba5d7fcbb0: 0000 4883 | bee0 0000 | 0000 7517 | 4889 96e0 | 0000 0048 | c786 e800 | 0000 0100 | 0000 e929 
  0x000001ba5d7fcbd0: 0000 0048 | 83be f000 | 0000 0075 | 1748 8996 | f000 0000 | 48c7 86f8 | 0000 0001 | 0000 00e9 
  0x000001ba5d7fcbf0: 0800 0000 | 4883 86d8 | 0000 0001 | 41c7 400c | 0000 0000 

  0x000001ba5d7fcc04: ;   {metadata(method data for {method} {0x000001ba7b09af98} 'setAlignment' '(F)V' in 'com/sun/javafx/text/PrismTextLine')}
  0x000001ba5d7fcc04: 498b d048 | be20 ef40 | 7cba 0100 | 008b 5208 | 41ba 0000 | 002c 4903 | d248 3b96 | 1001 0000 
  0x000001ba5d7fcc24: 750d 4883 | 8618 0100 | 0001 e960 | 0000 0048 | 3b96 2001 | 0000 750d | 4883 8628 | 0100 0001 
  0x000001ba5d7fcc44: e94a 0000 | 0048 83be | 1001 0000 | 0075 1748 | 8996 1001 | 0000 48c7 | 8618 0100 | 0001 0000 
  0x000001ba5d7fcc64: 00e9 2900 | 0000 4883 | be20 0100 | 0000 7517 | 4889 9620 | 0100 0048 | c786 2801 | 0000 0100 
  0x000001ba5d7fcc84: 0000 e908 | 0000 0048 | 8386 0801 | 0000 01c4 | c17a 1040 | 1049 8bd0 

  0x000001ba5d7fcc9c: ;   {metadata(method data for {method} {0x000001ba7b09af98} 'setAlignment' '(F)V' in 'com/sun/javafx/text/PrismTextLine')}
  0x000001ba5d7fcc9c: 48be 20ef | 407c ba01 | 0000 8b52 | 0841 ba00 | 0000 2c49 | 03d2 483b | 9640 0100 | 0075 0d48 
  0x000001ba5d7fccbc: 8386 4801 | 0000 01e9 | 6000 0000 | 483b 9650 | 0100 0075 | 0d48 8386 | 5801 0000 | 01e9 4a00 
  0x000001ba5d7fccdc: 0000 4883 | be40 0100 | 0000 7517 | 4889 9640 | 0100 0048 | c786 4801 | 0000 0100 | 0000 e929 
  0x000001ba5d7fccfc: 0000 0048 | 83be 5001 | 0000 0075 | 1748 8996 | 5001 0000 | 48c7 8658 | 0100 0001 | 0000 00e9 
  0x000001ba5d7fcd1c: 0800 0000 | 4883 8638 | 0100 0001 

  0x000001ba5d7fcd28: ;   {section_word}
  0x000001ba5d7fcd28: c5fa 5805 | 2cb0 ffff | c4c1 7a11 | 4010 488b 

  0x000001ba5d7fcd38: ;   {metadata(method data for {method} {0x000001ba7ac907d0} 'layout' '()V' in 'com/sun/javafx/text/PrismTextLayout')}
  0x000001ba5d7fcd38: d348 be48 | b65a 7bba 

  0x000001ba5d7fcd40: ;   {metadata('com/sun/javafx/text/PrismTextLine')}
  0x000001ba5d7fcd40: 0100 0049 | bae0 3632 | 2d00 0000 | 004c 8996 | f814 0000 | 4883 8600 | 1500 0001 

  0x000001ba5d7fcd5c: ;   {metadata(method data for {method} {0x000001ba7b09b040} 'setWidth' '(F)V' in 'com/sun/javafx/text/PrismTextLine')}
  0x000001ba5d7fcd5c: 48ba 08f4 | 407c ba01 | 0000 8bb2 | 9000 0000 | 83c6 0289 | b290 0000 | 0081 e6fe | ff1f 0085 
  0x000001ba5d7fcd7c: f60f 84ee | 1b00 0049 

  0x000001ba5d7fcd84: ;   {metadata(method data for {method} {0x000001ba7b09b040} 'setWidth' '(F)V' in 'com/sun/javafx/text/PrismTextLine')}
  0x000001ba5d7fcd84: 8bd0 48be | 08f4 407c | ba01 0000 | 8b52 0841 | ba00 0000 | 2c49 03d2 | 483b 96e0 | 0000 0075 
  0x000001ba5d7fcda4: 0d48 8386 | e800 0000 | 01e9 6000 | 0000 483b | 96f0 0000 | 0075 0d48 | 8386 f800 | 0000 01e9 
  0x000001ba5d7fcdc4: 4a00 0000 | 4883 bee0 | 0000 0000 | 7517 4889 | 96e0 0000 | 0048 c786 | e800 0000 | 0100 0000 
  0x000001ba5d7fcde4: e929 0000 | 0048 83be | f000 0000 | 0075 1748 | 8996 f000 | 0000 48c7 | 86f8 0000 | 0001 0000 
  0x000001ba5d7fce04: 00e9 0800 | 0000 4883 | 86d8 0000 | 0001 498b 

  0x000001ba5d7fce14: ;   {metadata(method data for {method} {0x000001ba7b09b040} 'setWidth' '(F)V' in 'com/sun/javafx/text/PrismTextLine')}
  0x000001ba5d7fce14: d048 be08 | f440 7cba | 0100 008b | 5208 41ba | 0000 002c | 4903 d248 | 3b96 1001 | 0000 750d 
  0x000001ba5d7fce34: 4883 8618 | 0100 0001 | e960 0000 | 0048 3b96 | 2001 0000 | 750d 4883 | 8628 0100 | 0001 e94a 
  0x000001ba5d7fce54: 0000 0048 | 83be 1001 | 0000 0075 | 1748 8996 | 1001 0000 | 48c7 8618 | 0100 0001 | 0000 00e9 
  0x000001ba5d7fce74: 2900 0000 | 4883 be20 | 0100 0000 | 7517 4889 | 9620 0100 | 0048 c786 | 2801 0000 | 0100 0000 
  0x000001ba5d7fce94: e908 0000 | 0048 8386 | 0801 0000 | 01c5 fa10 | 8424 8002 

  0x000001ba5d7fcea8: ;   {section_word}
  0x000001ba5d7fcea8: 0000 c5fa | 5805 aeae | ffff c4c1 | 7a11 4010 

  0x000001ba5d7fceb8: ;   {section_word}
  0x000001ba5d7fceb8: c5fa 102d | a4ae ffff | 488b 9424 | 3801 0000 | 448b 4224 | 4183 e008 

  0x000001ba5d7fced0: ;   {metadata(method data for {method} {0x000001ba7ac907d0} 'layout' '()V' in 'com/sun/javafx/text/PrismTextLayout')}
  0x000001ba5d7fced0: 4585 c049 | b848 b65a | 7bba 0100 | 00be 2015 | 0000 7405 | be30 1500 | 0049 8b3c | 3048 8d7f 
  0x000001ba5d7fcef0: 0149 893c | 30c5 fa11 | ac24 9002 | 0000 0f84 | 3800 0000 

  0x000001ba5d7fcf04: ;   {metadata(method data for {method} {0x000001ba7ac907d0} 'layout' '()V' in 'com/sun/javafx/text/PrismTextLayout')}
  0x000001ba5d7fcf04: 4c8b c248 | be48 b65a | 7bba 0100 | 0048 8386 | 4015 0000 | 014c 8bc3 | 488b f248 | 8bd6 0f1f 
  0x000001ba5d7fcf24: ;   {optimized virtual_call}
  0x000001ba5d7fcf24: 4400 00e8 

  0x000001ba5d7fcf28: ; ImmutableOopMap {[312]=Oop [320]=Oop [528]=Oop [536]=Oop }
                      ;*invokevirtual reorderLine {reexecute=0 rethrow=0 return_oop=0}
                      ; - com.sun.javafx.text.PrismTextLayout::layout@1328 (line 1441)
  0x000001ba5d7fcf28: af1e 0000 

  0x000001ba5d7fcf2c: ;   {post_call_nop}
  0x000001ba5d7fcf2c: 0f1f 8400 | 2453 002e | 488b 9c24 | 1002 0000 | 488b 9424 | 3801 0000 

  0x000001ba5d7fcf44: ;   {metadata(method data for {method} {0x000001ba7ac907d0} 'layout' '()V' in 'com/sun/javafx/text/PrismTextLayout')}
  0x000001ba5d7fcf44: 49b8 48b6 | 5a7b ba01 | 0000 4983 | 8070 1500 | 0001 4c8b | c348 8b94 | 2438 0100 | 0066 0f1f 
  0x000001ba5d7fcf64: ;   {optimized virtual_call}
  0x000001ba5d7fcf64: 4400 00e8 

  0x000001ba5d7fcf68: ; ImmutableOopMap {[312]=Oop [320]=Oop [528]=Oop [536]=Oop }
                      ;*invokevirtual computeSideBearings {reexecute=0 rethrow=0 return_oop=0}
                      ; - com.sun.javafx.text.PrismTextLayout::layout@1334 (line 1444)
  0x000001ba5d7fcf68: 7440 2200 

  0x000001ba5d7fcf6c: ;   {post_call_nop}
  0x000001ba5d7fcf6c: 0f1f 8400 | 6453 002f | 488b 9c24 | 1002 0000 

  0x000001ba5d7fcf7c: ;   {metadata(method data for {method} {0x000001ba7ac907d0} 'layout' '()V' in 'com/sun/javafx/text/PrismTextLayout')}
  0x000001ba5d7fcf7c: 48ba 48b6 | 5a7b ba01 | 0000 4883 | 82b0 1500 | 0001 488b | 9c24 1002 | 0000 8b73 | 2048 c1e6 
  0x000001ba5d7fcf9c: 0348 89b4 | 2448 0200 | 00c5 fa10 | ac24 9002 | 0000 bf00 | 0000 00e9 | 3801 0000 | 4863 d78b 
  0x000001ba5d7fcfbc: 4496 1048 | c1e0 0348 | 3b00 488b 

  0x000001ba5d7fcfc8: ;   {metadata(method data for {method} {0x000001ba7ac907d0} 'layout' '()V' in 'com/sun/javafx/text/PrismTextLayout')}
  0x000001ba5d7fcfc8: d048 b948 | b65a 7bba | 0100 0048 | 8381 0016 | 0000 01c5 | f828 c5c5 | fa10 8c24 | 8802 0000 
  0x000001ba5d7fcfe8: 488b d089 | bc24 4002 | 0000 4889 | 8424 3802 | 0000 c5fa | 11ac 2494 | 0200 000f 

  0x000001ba5d7fd004: ;   {optimized virtual_call}
  0x000001ba5d7fd004: 1f40 00e8 

  0x000001ba5d7fd008: ; ImmutableOopMap {[312]=Oop [320]=Oop [528]=Oop [536]=Oop [568]=Oop [584]=Oop }
                      ;*invokevirtual setLocation {reexecute=0 rethrow=0 return_oop=0}
                      ; - com.sun.javafx.text.PrismTextLayout::layout@1372 (line 1451)
  0x000001ba5d7fd008: 943b 2200 

  0x000001ba5d7fd00c: ;   {post_call_nop}
  0x000001ba5d7fd00c: 0f1f 8400 | 0454 0030 | 488b 8424 | 3802 0000 

  0x000001ba5d7fd01c: ;   {metadata(method data for {method} {0x000001ba7ac907d0} 'layout' '()V' in 'com/sun/javafx/text/PrismTextLayout')}
  0x000001ba5d7fd01c: 48ba 48b6 | 5a7b ba01 | 0000 4883 | 8230 1600 | 0001 410f | be57 4885 | d248 8b84 | 2438 0200 
  0x000001ba5d7fd03c: 000f 8554 | 1900 0048 | 8b9c 2410 | 0200 004c | 8bd3 49c1 | ea03 4489 | 5050 488b | d048 33d3 
  0x000001ba5d7fd05c: 48c1 ea16 | 4883 fa00 | 0f85 4c19 | 0000 488b 

  0x000001ba5d7fd06c: ;   {metadata(method data for {method} {0x000001ba7ac907d0} 'layout' '()V' in 'com/sun/javafx/text/PrismTextLayout')}
  0x000001ba5d7fd06c: d048 be48 | b65a 7bba | 0100 0048 | 8386 6016 | 0000 0148 | 8bd0 0f1f 

  0x000001ba5d7fd084: ;   {optimized virtual_call}
  0x000001ba5d7fd084: 4400 00e8 

  0x000001ba5d7fd088: ; ImmutableOopMap {[312]=Oop [320]=Oop [528]=Oop [536]=Oop [584]=Oop }
                      ;*invokevirtual getWidth {reexecute=0 rethrow=0 return_oop=0}
                      ; - com.sun.javafx.text.PrismTextLayout::layout@1386 (line 1453)
  0x000001ba5d7fd088: 3451 e8ff 

  0x000001ba5d7fd08c: ;   {post_call_nop}
  0x000001ba5d7fd08c: 0f1f 8400 | 8454 0031 | c5fa 5884 | 2494 0200 | 008b bc24 | 4002 0000 

  0x000001ba5d7fd0a4: ;   {metadata(method data for {method} {0x000001ba7ac907d0} 'layout' '()V' in 'com/sun/javafx/text/PrismTextLayout')}
  0x000001ba5d7fd0a4: ffc7 48be | 48b6 5a7b | ba01 0000 | 8b9e 9400 | 0000 83c3 | 0289 9e94 | 0000 0081 | e3fe 3f00 
  0x000001ba5d7fd0c4: 0085 db0f | 8401 1900 | 004d 8b57 

  0x000001ba5d7fd0d0: ; ImmutableOopMap {[312]=Oop [320]=Oop [528]=Oop [536]=Oop [584]=Oop }
                      ;*goto {reexecute=1 rethrow=0 return_oop=0}
                      ; - (reexecute) com.sun.javafx.text.PrismTextLayout::layout@1395 (line 1449)
                      ;   {poll}
  0x000001ba5d7fd0d0: 3041 8502 

  0x000001ba5d7fd0d4: ;   {metadata(method data for {method} {0x000001ba7ac907d0} 'layout' '()V' in 'com/sun/javafx/text/PrismTextLayout')}
  0x000001ba5d7fd0d4: 48be 48b6 | 5a7b ba01 | 0000 ff86 | 8016 0000 | c5f8 28e8 | 488b b424 | 4802 0000 

  0x000001ba5d7fd0f0: ; implicit exception: dispatches to 0x000001ba5d7fe9ef
  0x000001ba5d7fd0f0: 8b56 0c3b 

  0x000001ba5d7fd0f4: ;   {metadata(method data for {method} {0x000001ba7ac907d0} 'layout' '()V' in 'com/sun/javafx/text/PrismTextLayout')}
  0x000001ba5d7fd0f4: fa48 ba48 | b65a 7bba | 0100 00b8 | e015 0000 | 7c05 b8d0 | 1500 0048 | 8b0c 0248 | 8d49 0148 
  0x000001ba5d7fd114: 890c 020f | 8c9b feff | ff48 8b94 | 2438 0100 | 008b b424 | f401 0000 | ffc6 8b7a | 3c48 c1e7 
  0x000001ba5d7fd134: 038b 7f0c 

  0x000001ba5d7fd138: ;   {metadata(method data for {method} {0x000001ba7ac907d0} 'layout' '()V' in 'com/sun/javafx/text/PrismTextLayout')}
  0x000001ba5d7fd138: 3bf7 48bf | 48b6 5a7b | ba01 0000 | bb98 1600 | 007d 05bb | a816 0000 | 488b 041f | 488d 4001 
  0x000001ba5d7fd158: 4889 041f | 89b4 2444 | 0200 0048 | 8b8c 2418 | 0200 000f | 8d18 0100 | 0048 8bf9 

  0x000001ba5d7fd174: ;   {metadata(method data for {method} {0x000001ba7ac907d0} 'layout' '()V' in 'com/sun/javafx/text/PrismTextLayout')}
  0x000001ba5d7fd174: 48bb 48b6 | 5a7b ba01 | 0000 8b7f | 0841 ba00 | 0000 2c49 | 03fa 483b | bbc0 1600 | 0075 0d48 
  0x000001ba5d7fd194: 8383 c816 | 0000 01e9 | 6000 0000 | 483b bbd0 | 1600 0075 | 0d48 8383 | d816 0000 | 01e9 4a00 
  0x000001ba5d7fd1b4: 0000 4883 | bbc0 1600 | 0000 7517 | 4889 bbc0 | 1600 0048 | c783 c816 | 0000 0100 | 0000 e929 
  0x000001ba5d7fd1d4: 0000 0048 | 83bb d016 | 0000 0075 | 1748 89bb | d016 0000 | 48c7 83d8 | 1600 0001 | 0000 00e9 
  0x000001ba5d7fd1f4: 0800 0000 | 4883 83b8 | 1600 0001 

  0x000001ba5d7fd200: ;   {metadata(method data for {method} {0x000001ba7a80c688} 'getHeight' '()F' in 'com/sun/javafx/geom/RectBounds')}
  0x000001ba5d7fd200: 48bf b8fe | 597b ba01 | 0000 8b9f | 9000 0000 | 83c3 0289 | 9f90 0000 | 0081 e3fe | ff1f 0085 
  0x000001ba5d7fd220: db0f 84d2 | 1700 00c5 | fa10 4118 | c5fa 1049 | 14c5 fa10 

  0x000001ba5d7fd234: ;   {metadata(method data for {method} {0x000001ba7ac907d0} 'layout' '()V' in 'com/sun/javafx/text/PrismTextLayout')}
  0x000001ba5d7fd234: 5220 48bf | 48b6 5a7b | ba01 0000 | 4883 87e8 | 1600 0001 | c5fa 5cc1 | c5fa 5884 | 2488 0200 
  0x000001ba5d7fd254: 00c5 f828 | c8c5 f258 | cac5 fa10 | 8424 8802 

  0x000001ba5d7fd264: ;   {static_call}
  0x000001ba5d7fd264: 0000 90e8 

  0x000001ba5d7fd268: ; ImmutableOopMap {[312]=Oop [320]=Oop }
                      ;*invokestatic max {reexecute=0 rethrow=0 return_oop=0}
                      ; - com.sun.javafx.text.PrismTextLayout::layout@1425 (line 1456)
  0x000001ba5d7fd268: 7429 ca06 

  0x000001ba5d7fd26c: ;   {post_call_nop}
  0x000001ba5d7fd26c: 0f1f 8400 | 6456 0033 

  0x000001ba5d7fd274: ;   {metadata(method data for {method} {0x000001ba7ac907d0} 'layout' '()V' in 'com/sun/javafx/text/PrismTextLayout')}
  0x000001ba5d7fd274: 48ba 48b6 | 5a7b ba01 | 0000 ff82 | f816 0000 | e9f3 0000 | 0048 8b9c | 2410 0200 | 0048 8bd1 
  0x000001ba5d7fd294: ;   {metadata(method data for {method} {0x000001ba7ac907d0} 'layout' '()V' in 'com/sun/javafx/text/PrismTextLayout')}
  0x000001ba5d7fd294: 48be 48b6 | 5a7b ba01 | 0000 8b52 | 0841 ba00 | 0000 2c49 | 03d2 483b | 9618 1700 | 0075 0d48 
  0x000001ba5d7fd2b4: 8386 2017 | 0000 01e9 | 6000 0000 | 483b 9628 | 1700 0075 | 0d48 8386 | 3017 0000 | 01e9 4a00 
  0x000001ba5d7fd2d4: 0000 4883 | be18 1700 | 0000 7517 | 4889 9618 | 1700 0048 | c786 2017 | 0000 0100 | 0000 e929 
  0x000001ba5d7fd2f4: 0000 0048 | 83be 2817 | 0000 0075 | 1748 8996 | 2817 0000 | 48c7 8630 | 1700 0001 | 0000 00e9 
  0x000001ba5d7fd314: 0800 0000 | 4883 8610 | 1700 0001 

  0x000001ba5d7fd320: ;   {metadata(method data for {method} {0x000001ba7a80c688} 'getHeight' '()F' in 'com/sun/javafx/geom/RectBounds')}
  0x000001ba5d7fd320: 48ba b8fe | 597b ba01 | 0000 8bb2 | 9000 0000 | 83c6 0289 | b290 0000 | 0081 e6fe | ff1f 0085 
  0x000001ba5d7fd340: f60f 84d3 | 1600 00c5 | fa10 4118 | c5fa 1049 | 1448 8bd3 

  0x000001ba5d7fd354: ;   {metadata(method data for {method} {0x000001ba7ac907d0} 'layout' '()V' in 'com/sun/javafx/text/PrismTextLayout')}
  0x000001ba5d7fd354: 48be 48b6 | 5a7b ba01 | 0000 4883 | 8650 1700 | 0001 c5fa | 1053 14c5 | fa5c c1c5 | fa5c c2c5 
  0x000001ba5d7fd374: fa58 8424 | 8802 0000 | 8bb4 2444 

  0x000001ba5d7fd380: ;   {metadata(method data for {method} {0x000001ba7ac907d0} 'layout' '()V' in 'com/sun/javafx/text/PrismTextLayout')}
  0x000001ba5d7fd380: 0200 0048 | ba48 b65a | 7bba 0100 | 008b ba94 | 0000 0083 | c702 89ba | 9400 0000 | 81e7 fe3f 
  0x000001ba5d7fd3a0: 0000 85ff | 0f84 9116 | 0000 4d8b 

  0x000001ba5d7fd3ac: ; ImmutableOopMap {[312]=Oop [320]=Oop }
                      ;*goto {reexecute=1 rethrow=0 return_oop=0}
                      ; - (reexecute) com.sun.javafx.text.PrismTextLayout::layout@1452 (line 1394)
                      ;   {poll}
  0x000001ba5d7fd3ac: 5730 4185 

  0x000001ba5d7fd3b0: ;   {metadata(method data for {method} {0x000001ba7ac907d0} 'layout' '()V' in 'com/sun/javafx/text/PrismTextLayout')}
  0x000001ba5d7fd3b0: 0248 ba48 | b65a 7bba | 0100 00ff | 8270 1700 | 00c5 f828 | c8c5 fa11 | 8c24 8802 | 0000 c5fa 
  0x000001ba5d7fd3d0: 1084 248c | 0200 00c5 | fa10 8c24 | 8002 0000 | 8bbc 2468 | 0100 00e9 | 3cec ffff | c5fa 108c 
  0x000001ba5d7fd3f0: 2488 0200 | 0083 7b0c | 000f 865d | 1600 008b | 7310 48c1 | e603 483b | 0648 8bfe 

  0x000001ba5d7fd40c: ;   {metadata(method data for {method} {0x000001ba7ac907d0} 'layout' '()V' in 'com/sun/javafx/text/PrismTextLayout')}
  0x000001ba5d7fd40c: 48bb 48b6 | 5a7b ba01 | 0000 4883 | 8398 1700 | 0001 8b76 | 2448 c1e6 | 0348 3b06 

  0x000001ba5d7fd428: ;   {metadata(method data for {method} {0x000001ba7ac907d0} 'layout' '()V' in 'com/sun/javafx/text/PrismTextLayout')}
  0x000001ba5d7fd428: 488b fe48 | bb48 b65a | 7bba 0100 | 008b 7f08 | 41ba 0000 | 002c 4903 | fa48 3bbb | c017 0000 
  0x000001ba5d7fd448: 750d 4883 | 83c8 1700 | 0001 e960 | 0000 0048 | 3bbb d017 | 0000 750d | 4883 83d8 | 1700 0001 
  0x000001ba5d7fd468: e94a 0000 | 0048 83bb | c017 0000 | 0075 1748 | 89bb c017 | 0000 48c7 | 83c8 1700 | 0001 0000 
  0x000001ba5d7fd488: 00e9 2900 | 0000 4883 | bbd0 1700 | 0000 7517 | 4889 bbd0 | 1700 0048 | c783 d817 | 0000 0100 
  0x000001ba5d7fd4a8: 0000 e908 | 0000 0048 | 8383 b817 | 0000 01c5 | fa10 5614 | c5fa 114a | 188b 7244 | 48c1 e603 
  0x000001ba5d7fd4c8: c5fa 105a | 1448 3b06 

  0x000001ba5d7fd4d0: ;   {metadata(method data for {method} {0x000001ba7ac907d0} 'layout' '()V' in 'com/sun/javafx/text/PrismTextLayout')}
  0x000001ba5d7fd4d0: 488b fe48 | bb48 b65a | 7bba 0100 | 008b 7f08 | 41ba 0000 | 002c 4903 | fa48 3bbb | f017 0000 
  0x000001ba5d7fd4f0: 750d 4883 | 83f8 1700 | 0001 e960 | 0000 0048 | 3bbb 0018 | 0000 750d | 4883 8308 | 1800 0001 
  0x000001ba5d7fd510: e94a 0000 | 0048 83bb | f017 0000 | 0075 1748 | 89bb f017 | 0000 48c7 | 83f8 1700 | 0001 0000 
  0x000001ba5d7fd530: 00e9 2900 | 0000 4883 | bb00 1800 | 0000 7517 | 4889 bb00 | 1800 0048 | c783 0818 | 0000 0100 
  0x000001ba5d7fd550: 0000 e908 | 0000 0048 | 8383 e817 | 0000 01c5 | f828 e2c5 

  0x000001ba5d7fd564: ;   {section_word}
  0x000001ba5d7fd564: da58 e1c5 | fa10 05f9 | a7ff ffc5 

  0x000001ba5d7fd570: ;   {section_word}
  0x000001ba5d7fd570: f828 cac5 | fa10 15f1 

  0x000001ba5d7fd578: ;   {section_word}
  0x000001ba5d7fd578: a7ff ffc5 | fa10 2ded | a7ff ff48 | 8bd6 0f1f | 8000 0000 | 0048 b808 | 9de6 1bba 

  0x000001ba5d7fd594: ;   {virtual_call}
  0x000001ba5d7fd594: 0100 00e8 

  0x000001ba5d7fd598: ; ImmutableOopMap {[312]=Oop [320]=Oop }
                      ;*invokevirtual deriveWithNewBounds {reexecute=0 rethrow=0 return_oop=0}
                      ; - com.sun.javafx.text.PrismTextLayout::layout@1496 (line 1463)
  0x000001ba5d7fd598: 96f8 dbff 

  0x000001ba5d7fd59c: ;   {post_call_nop}
  0x000001ba5d7fd59c: 0f1f 8400 | 9459 0035 | 410f be57 | 4885 d248 | 8b94 2438 | 0100 000f | 85c4 1400 | 004c 8bd0 
  0x000001ba5d7fd5bc: 49c1 ea03 | 4489 5244 | 488b f248 | 33f0 48c1 | ee16 4883 | fe00 0f85 | c414 0000 | 8b72 4c48 
  0x000001ba5d7fd5dc: c1e6 0348 

  0x000001ba5d7fd5e0: ;   {metadata(method data for {method} {0x000001ba7ac907d0} 'layout' '()V' in 'com/sun/javafx/text/PrismTextLayout')}
  0x000001ba5d7fd5e0: 85f6 48bf | 48b6 5a7b | ba01 0000 | bb18 1800 | 0074 05bb | 2818 0000 | 488b 041f | 488d 4001 
  0x000001ba5d7fd600: 4889 041f | 0f84 9704 | 0000 8b7a | 3848 c1e7 | 0348 85ff 

  0x000001ba5d7fd614: ;   {metadata(method data for {method} {0x000001ba7ac907d0} 'layout' '()V' in 'com/sun/javafx/text/PrismTextLayout')}
  0x000001ba5d7fd614: 48bf 48b6 | 5a7b ba01 | 0000 bb38 | 1800 0074 | 05bb 4818 | 0000 488b | 041f 488d | 4001 4889 
  0x000001ba5d7fd634: 041f 0f84 | 5a04 0000 

  0x000001ba5d7fd63c: ; implicit exception: dispatches to 0x000001ba5d7feab4
  0x000001ba5d7fd63c: 0fbe 761c 

  0x000001ba5d7fd640: ;   {metadata(method data for {method} {0x000001ba7ac907d0} 'layout' '()V' in 'com/sun/javafx/text/PrismTextLayout')}
  0x000001ba5d7fd640: 85f6 48be | 48b6 5a7b | ba01 0000 | bf58 1800 | 0075 05bf | 6818 0000 | 488b 1c3e | 488d 5b01 
  0x000001ba5d7fd660: 4889 1c3e | 0f85 2c04 | 0000 488b 

  0x000001ba5d7fd66c: ;   {metadata(method data for {method} {0x000001ba7ac907d0} 'layout' '()V' in 'com/sun/javafx/text/PrismTextLayout')}
  0x000001ba5d7fd66c: f248 bf48 | b65a 7bba | 0100 0048 | 8387 7818 | 0000 0148 | 8bf2 488b 

  0x000001ba5d7fd684: ;   {optimized virtual_call}
  0x000001ba5d7fd684: d666 90e8 

  0x000001ba5d7fd688: ; ImmutableOopMap {[312]=Oop [320]=Oop }
                      ;*invokevirtual copyCache {reexecute=0 rethrow=0 return_oop=0}
                      ; - com.sun.javafx.text.PrismTextLayout::layout@1527 (line 1468)
  0x000001ba5d7fd688: 3426 1700 

  0x000001ba5d7fd68c: ;   {post_call_nop}
  0x000001ba5d7fd68c: 0f1f 8400 | 845a 0036 

  0x000001ba5d7fd694: ;   {metadata(method data for {method} {0x000001ba7ac907d0} 'layout' '()V' in 'com/sun/javafx/text/PrismTextLayout')}
  0x000001ba5d7fd694: 85c0 48b8 | 48b6 5a7b | ba01 0000 | baa8 1800 | 0075 05ba | b818 0000 | 488b 3410 | 488d 7601 
  0x000001ba5d7fd6b4: 4889 3410 | 488b 9424 | 3801 0000 | 0f85 d003 | 0000 8b42 | 4c48 c1e0 | 038b 7230 | 48c1 e603 
  0x000001ba5d7fd6d4: 410f be7f | 4885 ff0f | 85d8 1300 | 004c 8bd6 | 49c1 ea03 

  0x000001ba5d7fd6e8: ; implicit exception: dispatches to 0x000001ba5d7fead8
  0x000001ba5d7fd6e8: 4489 502c | 488b f848 | 33fe 48c1 | ef16 4883 | ff00 0f85 | dd13 0000 | 8b72 2848 | c1e6 0341 
  0x000001ba5d7fd708: 0fbe 7f48 | 85ff 0f85 | e113 0000 | 4c8b d649 | c1ea 0344 | 8950 2848 | 8bf8 4833 | fe48 c1ef 
  0x000001ba5d7fd728: 1648 83ff | 000f 85e1 | 1300 008b | 7240 48c1 | e603 410f | be7f 4885 | ff0f 85e5 | 1300 004c 
  0x000001ba5d7fd748: 8bd6 49c1 | ea03 4489 | 5030 488b | f848 33fe | 48c1 ef16 | 4883 ff00 | 0f85 e513 | 0000 8b72 
  0x000001ba5d7fd768: 1089 7010 | 8b72 3c48 | c1e6 0341 | 0fbe 7f48 | 85ff 0f85 | e313 0000 | 4c8b d649 | c1ea 0344 
  0x000001ba5d7fd788: 8950 3448 | 8bf8 4833 | fe48 c1ef 

  0x000001ba5d7fd794: ;   {other}
  0x000001ba5d7fd794: 1648 83ff | 000f 85e3 | 1300 00c5 | fa10 4214 | c5fa 1140 | 14c5 fa10 | 4218 c5fa | 1140 188b 
  0x000001ba5d7fd7b4: 7224 81e6 | ff07 0000 

  0x000001ba5d7fd7bc: ;   {oop(a 'java/lang/Object'{0x000000060bba4480})}
  0x000001ba5d7fd7bc: 8970 0c48 | be80 44ba | 0b06 0000 | 0048 8dbc | 2498 0200 | 0048 8977 | 0848 8b06 | 418b 9fd8 
  0x000001ba5d7fd7dc: 0600 0081 | fb28 0700 | 000f 8daf | 1300 0049 | 3b74 1ff8 | 0f84 2500 | 0000 a802 | 0f85 9c13 
  0x000001ba5d7fd7fc: 0000 488b | d848 83e3 | fe48 83c8 | 01f0 480f | b11e 0f85 | 8613 0000 | 418b 9fd8 | 0600 0049 
  0x000001ba5d7fd81c: 8934 1f83 | c308 4189 | 9fd8 0600 | 0048 8b84 | 2440 0100 | 008b 700c | 89b4 2450 

  0x000001ba5d7fd838: ;   {oop(a 'java/lang/Class'{0x000000060bba43e0} = 'com/sun/javafx/text/PrismTextLayout')}
  0x000001ba5d7fd838: 0200 0048 | bfe0 43ba | 0b06 0000 | 008b bf94 | 0000 008b | 5a0c 03fe 

  0x000001ba5d7fd850: ;   {metadata(method data for {method} {0x000001ba7ac907d0} 'layout' '()V' in 'com/sun/javafx/text/PrismTextLayout')}
  0x000001ba5d7fd850: 3bfb 48bf | 48b6 5a7b | ba01 0000 | bbc8 1800 | 007e 05bb | d818 0000 | 488b 041f | 488d 4001 
  0x000001ba5d7fd870: 4889 041f | 0f8e c700 

  0x000001ba5d7fd878: ;   {oop(a 'java/util/Hashtable'{0x000000060bba4490})}
  0x000001ba5d7fd878: 0000 48bf | 9044 ba0b | 0600 0000 

  0x000001ba5d7fd884: ;   {metadata(method data for {method} {0x000001ba7ac907d0} 'layout' '()V' in 'com/sun/javafx/text/PrismTextLayout')}
  0x000001ba5d7fd884: 488b df48 | b848 b65a | 7bba 0100 | 008b 5b08 | 41ba 0000 | 002c 4903 | da48 3b98 | f018 0000 
  0x000001ba5d7fd8a4: 750d 4883 | 80f8 1800 | 0001 e960 | 0000 0048 | 3b98 0019 | 0000 750d | 4883 8008 | 1900 0001 
  0x000001ba5d7fd8c4: e94a 0000 | 0048 83b8 | f018 0000 | 0075 1748 | 8998 f018 | 0000 48c7 | 80f8 1800 | 0001 0000 
  0x000001ba5d7fd8e4: 00e9 2900 | 0000 4883 | b800 1900 | 0000 7517 | 4889 9800 | 1900 0048 | c780 0819 | 0000 0100 
  0x000001ba5d7fd904: 0000 e908 | 0000 0048 | 8380 e818 | 0000 0148 

  0x000001ba5d7fd914: ;   {optimized virtual_call}
  0x000001ba5d7fd914: 8bd7 90e8 

  0x000001ba5d7fd918: ; ImmutableOopMap {[312]=Oop [672]=Oop }
                      ;*invokevirtual clear {reexecute=0 rethrow=0 return_oop=0}
                      ; - com.sun.javafx.text.PrismTextLayout::layout@1652 (line 1485)
  0x000001ba5d7fd918: c418 ca06 

  0x000001ba5d7fd91c: ;   {post_call_nop}
  0x000001ba5d7fd91c: 0f1f 8400 | 145d 0037 

  0x000001ba5d7fd924: ;   {oop(a 'java/lang/Class'{0x000000060bba43e0} = 'com/sun/javafx/text/PrismTextLayout')}
  0x000001ba5d7fd924: 49b8 e043 | ba0b 0600 | 0000 41c7 | 8094 0000 | 0000 0000 | 0048 8b94 | 2438 0100 | 0044 8b42 
  0x000001ba5d7fd944: 3849 c1e0 | 0344 8b4a | 4c49 c1e1 

  0x000001ba5d7fd950: ;   {oop(a 'java/util/Hashtable'{0x000000060bba4490})}
  0x000001ba5d7fd950: 0348 bf90 | 44ba 0b06 | 0000 0048 

  0x000001ba5d7fd95c: ;   {metadata(method data for {method} {0x000001ba7ac907d0} 'layout' '()V' in 'com/sun/javafx/text/PrismTextLayout')}
  0x000001ba5d7fd95c: 8bdf 48b8 | 48b6 5a7b | ba01 0000 | 8b5b 0841 | ba00 0000 | 2c49 03da | 483b 9820 | 1900 0075 
  0x000001ba5d7fd97c: 0d48 8380 | 2819 0000 | 01e9 6000 | 0000 483b | 9830 1900 | 0075 0d48 | 8380 3819 | 0000 01e9 
  0x000001ba5d7fd99c: 4a00 0000 | 4883 b820 | 1900 0000 | 7517 4889 | 9820 1900 | 0048 c780 | 2819 0000 | 0100 0000 
  0x000001ba5d7fd9bc: e929 0000 | 0048 83b8 | 3019 0000 | 0075 1748 | 8998 3019 | 0000 48c7 | 8038 1900 | 0001 0000 
  0x000001ba5d7fd9dc: 00e9 0800 | 0000 4883 | 8018 1900 | 0001 488b 

  0x000001ba5d7fd9ec: ;   {optimized virtual_call}
  0x000001ba5d7fd9ec: d766 90e8 

  0x000001ba5d7fd9f0: ; ImmutableOopMap {[312]=Oop [672]=Oop }
                      ;*invokevirtual put {reexecute=0 rethrow=0 return_oop=0}
                      ; - com.sun.javafx.text.PrismTextLayout::layout@1670 (line 1488)
  0x000001ba5d7fd9f0: 2ccd fcff 

  0x000001ba5d7fd9f4: ;   {post_call_nop}
  0x000001ba5d7fd9f4: 0f1f 8400 | ec5d 0038 

  0x000001ba5d7fd9fc: ;   {oop(a 'java/lang/Class'{0x000000060bba43e0} = 'com/sun/javafx/text/PrismTextLayout')}
  0x000001ba5d7fd9fc: 48b8 e043 | ba0b 0600 | 0000 8b90 | 9400 0000 | 0394 2450 | 0200 0089 | 9094 0000 

  0x000001ba5d7fda18: ;   {oop(a 'java/lang/Object'{0x000000060bba4480})}
  0x000001ba5d7fda18: 0048 b880 | 44ba 0b06 | 0000 0048 | 8d84 2498 | 0200 0048 | 8b70 0841 | 8b97 d806 | 0000 493b 
  0x000001ba5d7fda38: 7417 f80f | 8571 1100 | 0041 83af | d806 0000 | 0849 3b74 | 17f0 0f84 | 2a00 0000 | 488b 06a8 
  0x000001ba5d7fda58: 020f 8512 | 0000 0048 | 8bd0 4883 | ca01 f048 | 0fb1 160f | 840d 0000 | 0041 8387 | d806 0000 
  0x000001ba5d7fda78: 08e9 3411 

  0x000001ba5d7fda7c: ;   {metadata(method data for {method} {0x000001ba7ac907d0} 'layout' '()V' in 'com/sun/javafx/text/PrismTextLayout')}
  0x000001ba5d7fda7c: 0000 48ba | 48b6 5a7b | ba01 0000 | ff82 4819 | 0000 488b | 9424 3801 | 0000 8b52 | 4c48 c1e2 
  0x000001ba5d7fda9c: 03c6 421c | 0148 81c4 | b002 0000 

  0x000001ba5d7fdaa8: ;   {poll_return}
  0x000001ba5d7fdaa8: 5d49 3b67 | 280f 871a | 1100 00c3 | 4881 c4b0 | 0200 005d 

  0x000001ba5d7fdabc: ;   {poll_return}
  0x000001ba5d7fdabc: 493b 6728 | 0f87 1d11 | 0000 c390 

  0x000001ba5d7fdac8: ;   {other}
  0x000001ba5d7fdac8: e93b 1100 | 0000 0000 | 0000 498b | 87c8 0100 | 0048 8d78 | 2849 3bbf | d801 0000 | 0f87 2811 
  0x000001ba5d7fdae8: 0000 4989 | bfc8 0100 | 0048 c700 | 0100 0000 | 488b ca41 | ba00 0000 | 2c49 2bca | 8948 0848 
  0x000001ba5d7fdb08: 33c9 8948 | 0c48 33c9 | 4889 4810 | 4889 4818 | 4889 4820 

  0x000001ba5d7fdb1c: ;   {oop(a 'java/lang/Class'{0x000000060b6ba048} = 'java/util/concurrent/atomic/AtomicBoolean')}
  0x000001ba5d7fdb1c: 48ba 48a0 | 6b0b 0600 | 0000 4c8b 

  0x000001ba5d7fdb28: ;   {metadata(method data for {method} {0x000000002c197048} 'cast' '(Ljava/lang/Object;)Ljava/lang/Object;' in 'java/lang/Class')}
  0x000001ba5d7fdb28: c248 be80 | dc0f 7aba | 0100 0048 | 8386 4801 

  0x000001ba5d7fdb38: ;   {oop(a 'java/util/concurrent/atomic/AtomicBoolean'{0x000000060bbf85f0})}
  0x000001ba5d7fdb38: 0000 0149 | b8f0 85bf | 0b06 0000 | 0048 8984 | 2458 0200 

  0x000001ba5d7fdb4c: ;   {optimized virtual_call}
  0x000001ba5d7fdb4c: 0066 90e8 

  0x000001ba5d7fdb50: ; ImmutableOopMap {[312]=Oop [320]=Oop [600]=Oop }
                      ;*invokevirtual cannotCastMsg {reexecute=0 rethrow=0 return_oop=0}
                      ; - java.lang.Class::cast@18 (line 3492)
                      ; - java.lang.invoke.VarHandleInts$FieldInstanceReadWrite::compareAndSet@15 (line 178)
                      ; - java.lang.invoke.VarHandleGuards::guard_LII_Z@50 (line 757)
                      ; - java.util.concurrent.atomic.AtomicBoolean::compareAndSet@22 (line 98)
                      ; - com.sun.javafx.text.GlyphLayoutManager::getInstance@5 (line 51)
                      ; - com.sun.javafx.text.PrismTextLayout::glyphLayout@0 (line 827)
                      ; - com.sun.javafx.text.PrismTextLayout::layout@58 (line 1199)
  0x000001ba5d7fdb50: 8c16 ca06 

  0x000001ba5d7fdb54: ;   {post_call_nop}
  0x000001ba5d7fdb54: 0f1f 8400 | 4c5f 0039 | 4c8b 8424 | 5802 0000 

  0x000001ba5d7fdb64: ;   {metadata(method data for {method} {0x000000002c197048} 'cast' '(Ljava/lang/Object;)Ljava/lang/Object;' in 'java/lang/Class')}
  0x000001ba5d7fdb64: 48ba 80dc | 0f7a ba01 | 0000 4883 | 8278 0100 | 0001 4c8b | c048 8b94 | 2458 0200 | 0066 0f1f 
  0x000001ba5d7fdb84: ;   {optimized virtual_call}
  0x000001ba5d7fdb84: 4400 00e8 

  0x000001ba5d7fdb88: ; ImmutableOopMap {[312]=Oop [320]=Oop [600]=Oop }
                      ;*invokespecial <init> {reexecute=0 rethrow=0 return_oop=0}
                      ; - java.lang.Class::cast@21 (line 3492)
                      ; - java.lang.invoke.VarHandleInts$FieldInstanceReadWrite::compareAndSet@15 (line 178)
                      ; - java.lang.invoke.VarHandleGuards::guard_LII_Z@50 (line 757)
                      ; - java.util.concurrent.atomic.AtomicBoolean::compareAndSet@22 (line 98)
                      ; - com.sun.javafx.text.GlyphLayoutManager::getInstance@5 (line 51)
                      ; - com.sun.javafx.text.PrismTextLayout::glyphLayout@0 (line 827)
                      ; - com.sun.javafx.text.PrismTextLayout::layout@58 (line 1199)
  0x000001ba5d7fdb88: 5416 ca06 

  0x000001ba5d7fdb8c: ;   {post_call_nop}
  0x000001ba5d7fdb8c: 0f1f 8400 | 845f 003a | 488b 8424 | 5802 0000 | e9b6 1000 | 0049 8b87 | 8805 0000 | 4d33 d24d 
  0x000001ba5d7fdbac: 8997 8805 | 0000 4d33 | d24d 8997 | 9005 0000 

  0x000001ba5d7fdbbc: ;   {oop(a 'java/lang/Object'{0x000000060bba4480})}
  0x000001ba5d7fdbbc: 488b f048 | b880 44ba | 0b06 0000 | 0048 8d84 | 2498 0200 | 0048 8b58 | 0841 8bbf | d806 0000 
  0x000001ba5d7fdbdc: 493b 5c3f | f80f 8538 | 1000 0041 | 83af d806 | 0000 0849 | 3b5c 3ff0 | 0f84 2a00 | 0000 488b 
  0x000001ba5d7fdbfc: 03a8 020f | 8512 0000 | 0048 8bf8 | 4883 cf01 | f048 0fb1 | 3b0f 840d | 0000 0041 | 8387 d806 
  0x000001ba5d7fdc1c: 0000 08e9 | fb0f 0000 | 488b c6e9 | 2b10 0000 

  0x000001ba5d7fdc2c: ;   {metadata({method} {0x000001ba7ac907d0} 'layout' '()V' in 'com/sun/javafx/text/PrismTextLayout')}
  0x000001ba5d7fdc2c: 49ba c807 | c97a ba01 | 0000 4c89 | 5424 0848 | c704 24ff 

  0x000001ba5d7fdc40: ;   {runtime_call C1 Runtime counter_overflow_blob}
  0x000001ba5d7fdc40: ffff ffe8 

  0x000001ba5d7fdc44: ; ImmutableOopMap {rdx=Oop [312]=Oop }
                      ;*synchronization entry
                      ; - com.sun.javafx.text.PrismTextLayout::layout@-1 (line 1184)
  0x000001ba5d7fdc44: 9801 d806 | e9a1 a1ff 

  0x000001ba5d7fdc4c: ;   {metadata({method} {0x000001ba7ac8ec40} 'glyphLayout' '()Lcom/sun/javafx/text/GlyphLayout;' in 'com/sun/javafx/text/PrismTextLayout')}
  0x000001ba5d7fdc4c: ff49 ba38 | ecc8 7aba | 0100 004c | 8954 2408 | 48c7 0424 | ffff ffff 

  0x000001ba5d7fdc64: ;   {runtime_call C1 Runtime counter_overflow_blob}
  0x000001ba5d7fdc64: e877 01d8 

  0x000001ba5d7fdc68: ; ImmutableOopMap {rdx=Oop [312]=Oop [320]=Oop }
                      ;*synchronization entry
                      ; - com.sun.javafx.text.PrismTextLayout::glyphLayout@-1 (line 827)
                      ; - com.sun.javafx.text.PrismTextLayout::layout@58 (line 1199)
  0x000001ba5d7fdc68: 06e9 c2a3 

  0x000001ba5d7fdc6c: ;   {metadata({method} {0x000001ba7b096ec0} 'getInstance' '()Lcom/sun/javafx/text/GlyphLayout;' in 'com/sun/javafx/text/GlyphLayoutManager')}
  0x000001ba5d7fdc6c: ffff 49ba | b86e 097b | ba01 0000 | 4c89 5424 | 0848 c704 | 24ff ffff 

  0x000001ba5d7fdc84: ;   {runtime_call C1 Runtime counter_overflow_blob}
  0x000001ba5d7fdc84: ffe8 5601 

  0x000001ba5d7fdc88: ; ImmutableOopMap {rdx=Oop [312]=Oop [320]=Oop }
                      ;*synchronization entry
                      ; - com.sun.javafx.text.GlyphLayoutManager::getInstance@-1 (line 51)
                      ; - com.sun.javafx.text.PrismTextLayout::glyphLayout@0 (line 827)
                      ; - com.sun.javafx.text.PrismTextLayout::layout@58 (line 1199)
  0x000001ba5d7fdc88: d806 e9da 

  0x000001ba5d7fdc8c: ;   {metadata({method} {0x000001ba7a124d48} 'compareAndSet' '(ZZ)Z' in 'java/util/concurrent/atomic/AtomicBoolean')}
  0x000001ba5d7fdc8c: a3ff ff49 | ba40 4d12 | 7aba 0100 | 004c 8954 | 2408 48c7 | 0424 ffff 

  0x000001ba5d7fdca4: ;   {runtime_call C1 Runtime counter_overflow_blob}
  0x000001ba5d7fdca4: ffff e835 

  0x000001ba5d7fdca8: ; ImmutableOopMap {rdx=Oop [312]=Oop [320]=Oop }
                      ;*synchronization entry
                      ; - java.util.concurrent.atomic.AtomicBoolean::compareAndSet@-1 (line 98)
                      ; - com.sun.javafx.text.GlyphLayoutManager::getInstance@5 (line 51)
                      ; - com.sun.javafx.text.PrismTextLayout::glyphLayout@0 (line 827)
                      ; - com.sun.javafx.text.PrismTextLayout::layout@58 (line 1199)
  0x000001ba5d7fdca8: 01d8 06e9 | 76a4 ffff 

  0x000001ba5d7fdcb0: ;   {metadata({method} {0x000000002c28eff8} 'guard_LII_Z' '(Ljava/lang/invoke/VarHandle;Ljava/lang/Object;IILjava/lang/invoke/VarHandle$AccessDescriptor;)Z' in 'java/lang/invoke/VarHandleGuards')}
  0x000001ba5d7fdcb0: 49ba f0ef | 282c 0000 | 0000 4c89 | 5424 0848 | c704 24ff 

  0x000001ba5d7fdcc4: ;   {runtime_call C1 Runtime counter_overflow_blob}
  0x000001ba5d7fdcc4: ffff ffe8 

  0x000001ba5d7fdcc8: ; ImmutableOopMap {rdx=Oop [312]=Oop [320]=Oop }
                      ;*synchronization entry
                      ; - java.lang.invoke.VarHandleGuards::guard_LII_Z@-1 (line 755)
                      ; - java.util.concurrent.atomic.AtomicBoolean::compareAndSet@22 (line 98)
                      ; - com.sun.javafx.text.GlyphLayoutManager::getInstance@5 (line 51)
                      ; - com.sun.javafx.text.PrismTextLayout::glyphLayout@0 (line 827)
                      ; - com.sun.javafx.text.PrismTextLayout::layout@58 (line 1199)
  0x000001ba5d7fdcc8: 1401 d806 | e9be a4ff 

  0x000001ba5d7fdcd0: ;   {metadata({method} {0x000000002c206dd0} 'checkAccessModeThenIsDirect' '(Ljava/lang/invoke/VarHandle$AccessDescriptor;)Z' in 'java/lang/invoke/VarHandle')}
  0x000001ba5d7fdcd0: ff49 bac8 | 6d20 2c00 | 0000 004c | 8954 2408 | 48c7 0424 | ffff ffff 

  0x000001ba5d7fdce8: ;   {runtime_call C1 Runtime counter_overflow_blob}
  0x000001ba5d7fdce8: e8f3 00d8 

  0x000001ba5d7fdcec: ; ImmutableOopMap {rdx=Oop [312]=Oop [320]=Oop }
                      ;*synchronization entry
                      ; - java.lang.invoke.VarHandle::checkAccessModeThenIsDirect@-1 (line 2099)
                      ; - java.lang.invoke.VarHandleGuards::guard_LII_Z@3 (line 755)
                      ; - java.util.concurrent.atomic.AtomicBoolean::compareAndSet@22 (line 98)
                      ; - com.sun.javafx.text.GlyphLayoutManager::getInstance@5 (line 51)
                      ; - com.sun.javafx.text.PrismTextLayout::glyphLayout@0 (line 827)
                      ; - com.sun.javafx.text.PrismTextLayout::layout@58 (line 1199)
  0x000001ba5d7fdcec: 06e9 5aa5 

  0x000001ba5d7fdcf0: ;   {metadata({method} {0x000000002c28d9b0} 'getMemberName' '(I)Ljava/lang/invoke/MemberName;' in 'java/lang/invoke/VarForm')}
  0x000001ba5d7fdcf0: ffff 49ba | a8d9 282c | 0000 0000 | 4c89 5424 | 0848 c704 | 24ff ffff 

  0x000001ba5d7fdd08: ;   {runtime_call C1 Runtime counter_overflow_blob}
  0x000001ba5d7fdd08: ffe8 d200 

  0x000001ba5d7fdd0c: ; ImmutableOopMap {rdx=Oop [312]=Oop [320]=Oop }
                      ;*synchronization entry
                      ; - java.lang.invoke.VarForm::getMemberName@-1 (line 136)
                      ; - java.lang.invoke.VarHandleGuards::guard_LII_Z@47 (line 757)
                      ; - java.util.concurrent.atomic.AtomicBoolean::compareAndSet@22 (line 98)
                      ; - com.sun.javafx.text.GlyphLayoutManager::getInstance@5 (line 51)
                      ; - com.sun.javafx.text.PrismTextLayout::glyphLayout@0 (line 827)
                      ; - com.sun.javafx.text.PrismTextLayout::layout@58 (line 1199)
  0x000001ba5d7fdd0c: d806 e926 

  0x000001ba5d7fdd10: ;   {metadata({method} {0x000001ba7a075630} 'compareAndSet' '(Ljava/lang/invoke/VarHandle;Ljava/lang/Object;II)Z' in 'java/lang/invoke/VarHandleInts$FieldInstanceReadWrite')}
  0x000001ba5d7fdd10: a6ff ff49 | ba28 5607 | 7aba 0100 | 004c 8954 | 2408 48c7 | 0424 ffff 

  0x000001ba5d7fdd28: ;   {runtime_call C1 Runtime counter_overflow_blob}
  0x000001ba5d7fdd28: ffff e8b1 

  0x000001ba5d7fdd2c: ; ImmutableOopMap {rdx=Oop [312]=Oop [320]=Oop }
                      ;*synchronization entry
                      ; - java.lang.invoke.VarHandleInts$FieldInstanceReadWrite::compareAndSet@-1 (line 177)
                      ; - java.lang.invoke.VarHandleGuards::guard_LII_Z@50 (line 757)
                      ; - java.util.concurrent.atomic.AtomicBoolean::compareAndSet@22 (line 98)
                      ; - com.sun.javafx.text.GlyphLayoutManager::getInstance@5 (line 51)
                      ; - com.sun.javafx.text.PrismTextLayout::glyphLayout@0 (line 827)
                      ; - com.sun.javafx.text.PrismTextLayout::layout@58 (line 1199)
  0x000001ba5d7fdd2c: 00d8 06e9 | 4ea6 ffff 

  0x000001ba5d7fdd34: ;   {metadata({method} {0x000000002c197048} 'cast' '(Ljava/lang/Object;)Ljava/lang/Object;' in 'java/lang/Class')}
  0x000001ba5d7fdd34: 49ba 4070 | 192c 0000 | 0000 4c89 | 5424 0848 | c704 24ff 

  0x000001ba5d7fdd48: ;   {runtime_call C1 Runtime counter_overflow_blob}
  0x000001ba5d7fdd48: ffff ffe8 

  0x000001ba5d7fdd4c: ; ImmutableOopMap {rdx=Oop [312]=Oop [320]=Oop }
                      ;*synchronization entry
                      ; - java.lang.Class::cast@-1 (line 3491)
                      ; - java.lang.invoke.VarHandleInts$FieldInstanceReadWrite::compareAndSet@15 (line 178)
                      ; - java.lang.invoke.VarHandleGuards::guard_LII_Z@50 (line 757)
                      ; - java.util.concurrent.atomic.AtomicBoolean::compareAndSet@22 (line 98)
                      ; - com.sun.javafx.text.GlyphLayoutManager::getInstance@5 (line 51)
                      ; - com.sun.javafx.text.PrismTextLayout::glyphLayout@0 (line 827)
                      ; - com.sun.javafx.text.PrismTextLayout::layout@58 (line 1199)
  0x000001ba5d7fdd4c: 9000 d806 | e9ea a6ff 

  0x000001ba5d7fdd54: ;   {metadata({method} {0x000000002c459090} 'requireNonNull' '(Ljava/lang/Object;)Ljava/lang/Object;' in 'java/util/Objects')}
  0x000001ba5d7fdd54: ff49 ba88 | 9045 2c00 | 0000 004c | 8954 2408 | 48c7 0424 | ffff ffff 

  0x000001ba5d7fdd6c: ;   {runtime_call C1 Runtime counter_overflow_blob}
  0x000001ba5d7fdd6c: e86f 00d8 

  0x000001ba5d7fdd70: ; ImmutableOopMap {rdx=Oop [312]=Oop [320]=Oop }
                      ;*synchronization entry
                      ; - java.util.Objects::requireNonNull@-1 (line 219)
                      ; - java.lang.invoke.VarHandleInts$FieldInstanceReadWrite::compareAndSet@18 (line 178)
                      ; - java.lang.invoke.VarHandleGuards::guard_LII_Z@50 (line 757)
                      ; - java.util.concurrent.atomic.AtomicBoolean::compareAndSet@22 (line 98)
                      ; - com.sun.javafx.text.GlyphLayoutManager::getInstance@5 (line 51)
                      ; - com.sun.javafx.text.PrismTextLayout::glyphLayout@0 (line 827)
                      ; - com.sun.javafx.text.PrismTextLayout::layout@58 (line 1199)
  0x000001ba5d7fdd70: 06e9 14a8 

  0x000001ba5d7fdd74: ;   {metadata({method} {0x000001ba7b096e10} 'newInstance' '()Lcom/sun/javafx/text/GlyphLayout;' in 'com/sun/javafx/text/GlyphLayoutManager')}
  0x000001ba5d7fdd74: ffff 49ba | 086e 097b | ba01 0000 | 4c89 5424 | 0848 c704 | 24ff ffff 

  0x000001ba5d7fdd8c: ;   {runtime_call C1 Runtime counter_overflow_blob}
  0x000001ba5d7fdd8c: ffe8 4e00 

  0x000001ba5d7fdd90: ; ImmutableOopMap {[312]=Oop [320]=Oop }
                      ;*synchronization entry
                      ; - com.sun.javafx.text.GlyphLayoutManager::newInstance@-1 (line 46)
                      ; - com.sun.javafx.text.GlyphLayoutManager::getInstance@15 (line 54)
                      ; - com.sun.javafx.text.PrismTextLayout::glyphLayout@0 (line 827)
                      ; - com.sun.javafx.text.PrismTextLayout::layout@58 (line 1199)
  0x000001ba5d7fdd90: d806 e9a6 

  0x000001ba5d7fdd94: ;   {runtime_call C1 Runtime throw_null_pointer_exception_blob}
  0x000001ba5d7fdd94: a8ff ffe8 

  0x000001ba5d7fdd98: ; ImmutableOopMap {rax=Oop [312]=Oop [320]=Oop }
                      ;*invokevirtual createGlyphLayout {reexecute=0 rethrow=0 return_oop=0}
                      ; - com.sun.javafx.text.GlyphLayoutManager::newInstance@5 (line 47)
                      ; - com.sun.javafx.text.GlyphLayoutManager::getInstance@15 (line 54)
                      ; - com.sun.javafx.text.PrismTextLayout::glyphLayout@0 (line 827)
                      ; - com.sun.javafx.text.PrismTextLayout::layout@58 (line 1199)
  0x000001ba5d7fdd98: 449a d706 

  0x000001ba5d7fdd9c: ;   {metadata({method} {0x000001ba7a85cc20} 'createGlyphLayout' '()Lcom/sun/javafx/text/GlyphLayout;' in 'com/sun/javafx/font/directwrite/DWFactory')}
  0x000001ba5d7fdd9c: 49ba 18cc | 857a ba01 | 0000 4c89 | 5424 0848 | c704 24ff 

  0x000001ba5d7fddb0: ;   {runtime_call C1 Runtime counter_overflow_blob}
  0x000001ba5d7fddb0: ffff ffe8 

  0x000001ba5d7fddb4: ; ImmutableOopMap {[312]=Oop [320]=Oop }
                      ;*synchronization entry
                      ; - com.sun.javafx.font.directwrite.DWFactory::createGlyphLayout@-1 (line 73)
                      ; - com.sun.javafx.text.GlyphLayoutManager::newInstance@5 (line 47)
                      ; - com.sun.javafx.text.GlyphLayoutManager::getInstance@15 (line 54)
                      ; - com.sun.javafx.text.PrismTextLayout::glyphLayout@0 (line 827)
                      ; - com.sun.javafx.text.PrismTextLayout::layout@58 (line 1199)
  0x000001ba5d7fddb4: 2800 d806 | e9ec a8ff | ff48 8bd2 

  0x000001ba5d7fddc0: ;   {runtime_call C1 Runtime fast_new_instance_blob}
  0x000001ba5d7fddc0: e81b a4d7 

  0x000001ba5d7fddc4: ; ImmutableOopMap {[312]=Oop [320]=Oop }
                      ;*new {reexecute=0 rethrow=0 return_oop=0}
                      ; - com.sun.javafx.font.directwrite.DWFactory::createGlyphLayout@0 (line 73)
                      ; - com.sun.javafx.text.GlyphLayoutManager::newInstance@5 (line 47)
                      ; - com.sun.javafx.text.GlyphLayoutManager::getInstance@15 (line 54)
                      ; - com.sun.javafx.text.PrismTextLayout::glyphLayout@0 (line 827)
                      ; - com.sun.javafx.text.PrismTextLayout::layout@58 (line 1199)
  0x000001ba5d7fddc4: 06e9 27a9 

  0x000001ba5d7fddc8: ;   {metadata({method} {0x000001ba7a868d18} '<init>' '()V' in 'com/sun/javafx/font/directwrite/DWGlyphLayout')}
  0x000001ba5d7fddc8: ffff 49ba | 108d 867a | ba01 0000 | 4c89 5424 | 0848 c704 | 24ff ffff 

  0x000001ba5d7fdde0: ;   {runtime_call C1 Runtime counter_overflow_blob}
  0x000001ba5d7fdde0: ffe8 faff 

  0x000001ba5d7fdde4: ; ImmutableOopMap {rax=Oop [312]=Oop [320]=Oop }
                      ;*synchronization entry
                      ; - com.sun.javafx.font.directwrite.DWGlyphLayout::<init>@-1 (line 40)
                      ; - com.sun.javafx.font.directwrite.DWFactory::createGlyphLayout@4 (line 73)
                      ; - com.sun.javafx.text.GlyphLayoutManager::newInstance@5 (line 47)
                      ; - com.sun.javafx.text.GlyphLayoutManager::getInstance@15 (line 54)
                      ; - com.sun.javafx.text.PrismTextLayout::glyphLayout@0 (line 827)
                      ; - com.sun.javafx.text.PrismTextLayout::layout@58 (line 1199)
  0x000001ba5d7fdde4: d706 e947 

  0x000001ba5d7fdde8: ;   {metadata({method} {0x000001ba7a866768} '<init>' '()V' in 'com/sun/javafx/text/GlyphLayout')}
  0x000001ba5d7fdde8: a9ff ff49 | ba60 6786 | 7aba 0100 | 004c 8954 | 2408 48c7 | 0424 ffff 

  0x000001ba5d7fde00: ;   {runtime_call C1 Runtime counter_overflow_blob}
  0x000001ba5d7fde00: ffff e8d9 

  0x000001ba5d7fde04: ; ImmutableOopMap {rax=Oop [312]=Oop [320]=Oop }
                      ;*synchronization entry
                      ; - com.sun.javafx.text.GlyphLayout::<init>@-1 (line 75)
                      ; - com.sun.javafx.font.directwrite.DWGlyphLayout::<init>@1 (line 40)
                      ; - com.sun.javafx.font.directwrite.DWFactory::createGlyphLayout@4 (line 73)
                      ; - com.sun.javafx.text.GlyphLayoutManager::newInstance@5 (line 47)
                      ; - com.sun.javafx.text.GlyphLayoutManager::getInstance@15 (line 54)
                      ; - com.sun.javafx.text.PrismTextLayout::glyphLayout@0 (line 827)
                      ; - com.sun.javafx.text.PrismTextLayout::layout@58 (line 1199)
  0x000001ba5d7fde04: ffd7 06e9 | 67a9 ffff 

  0x000001ba5d7fde0c: ;   {metadata({method} {0x000000002c4b32d8} '<init>' '()V' in 'java/lang/Object')}
  0x000001ba5d7fde0c: 49ba d032 | 4b2c 0000 | 0000 4c89 | 5424 0848 | c704 24ff 

  0x000001ba5d7fde20: ;   {runtime_call C1 Runtime counter_overflow_blob}
  0x000001ba5d7fde20: ffff ffe8 

  0x000001ba5d7fde24: ; ImmutableOopMap {rax=Oop [312]=Oop [320]=Oop }
                      ;*synchronization entry
                      ; - java.lang.Object::<init>@-1 (line 44)
                      ; - com.sun.javafx.text.GlyphLayout::<init>@1 (line 75)
                      ; - com.sun.javafx.font.directwrite.DWGlyphLayout::<init>@1 (line 40)
                      ; - com.sun.javafx.font.directwrite.DWFactory::createGlyphLayout@4 (line 73)
                      ; - com.sun.javafx.text.GlyphLayoutManager::newInstance@5 (line 47)
                      ; - com.sun.javafx.text.GlyphLayoutManager::getInstance@15 (line 54)
                      ; - com.sun.javafx.text.PrismTextLayout::glyphLayout@0 (line 827)
                      ; - com.sun.javafx.text.PrismTextLayout::layout@58 (line 1199)
  0x000001ba5d7fde24: b8ff d706 | e987 a9ff 

  0x000001ba5d7fde2c: ;   {metadata(nullptr)}
  0x000001ba5d7fde2c: ff48 ba00 | 0000 0000 | 0000 00b8 | 000f 050a 

  0x000001ba5d7fde3c: ;   {runtime_call C1 Runtime load_klass_patching_blob}
  0x000001ba5d7fde3c: e81f e9d7 

  0x000001ba5d7fde40: ; ImmutableOopMap {rax=Oop [312]=Oop [320]=Oop [328]=Oop }
                      ;*new {reexecute=1 rethrow=0 return_oop=0}
                      ; - (reexecute) com.sun.javafx.text.PrismTextLayout::layout@112 (line 1212)
  0x000001ba5d7fde40: 06e9 1aab | ffff 488b 

  0x000001ba5d7fde48: ;   {runtime_call C1 Runtime new_instance_blob}
  0x000001ba5d7fde48: d2e8 12a0 

  0x000001ba5d7fde4c: ; ImmutableOopMap {[312]=Oop [320]=Oop [328]=Oop [344]=Oop }
                      ;*new {reexecute=0 rethrow=0 return_oop=0}
                      ; - com.sun.javafx.text.PrismTextLayout::layout@112 (line 1212)
  0x000001ba5d7fde4c: d706 e924 | abff ff48 

  0x000001ba5d7fde54: ;   {runtime_call C1 Runtime fast_new_instance_blob}
  0x000001ba5d7fde54: 8bd2 e885 

  0x000001ba5d7fde58: ; ImmutableOopMap {r11=Oop r13=Oop [312]=Oop [320]=Oop [328]=Oop [352]=Oop }
                      ;*new {reexecute=0 rethrow=0 return_oop=0}
                      ; - com.sun.javafx.text.PrismTextLayout::layout@147 (line 1224)
  0x000001ba5d7fde58: a3d7 06e9 | 9dac ffff 

  0x000001ba5d7fde60: ;   {metadata({method} {0x000001ba7b098b28} '<init>' '()V' in 'com/sun/javafx/text/LayoutCache')}
  0x000001ba5d7fde60: 49ba 208b | 097b ba01 | 0000 4c89 | 5424 0848 | c704 24ff 

  0x000001ba5d7fde74: ;   {runtime_call C1 Runtime counter_overflow_blob}
  0x000001ba5d7fde74: ffff ffe8 

  0x000001ba5d7fde78: ; ImmutableOopMap {r11=Oop r13=Oop r8=Oop [312]=Oop [320]=Oop [328]=Oop [352]=Oop }
                      ;*synchronization entry
                      ; - com.sun.javafx.text.LayoutCache::<init>@-1 (line 30)
                      ; - com.sun.javafx.text.PrismTextLayout::layout@151 (line 1224)
  0x000001ba5d7fde78: 64ff d706 | e9bb acff 

  0x000001ba5d7fde80: ;   {metadata({method} {0x000000002c4b32d8} '<init>' '()V' in 'java/lang/Object')}
  0x000001ba5d7fde80: ff49 bad0 | 324b 2c00 | 0000 004c | 8954 2408 | 48c7 0424 | ffff ffff 

  0x000001ba5d7fde98: ;   {runtime_call C1 Runtime counter_overflow_blob}
  0x000001ba5d7fde98: e843 ffd7 

  0x000001ba5d7fde9c: ; ImmutableOopMap {r11=Oop r13=Oop r8=Oop [312]=Oop [320]=Oop [328]=Oop [352]=Oop }
                      ;*synchronization entry
                      ; - java.lang.Object::<init>@-1 (line 44)
                      ; - com.sun.javafx.text.LayoutCache::<init>@1 (line 30)
                      ; - com.sun.javafx.text.PrismTextLayout::layout@151 (line 1224)
  0x000001ba5d7fde9c: 06e9 d6ac | ffff 418b | 5b4c 48c1 | e303 4883 | fb00 0f84 | d1ac ffff | 4889 1c24 

  0x000001ba5d7fdeb8: ;   {runtime_call g1_pre_barrier_slow}
  0x000001ba5d7fdeb8: e823 06d8 | 06e9 c3ac | ffff 4983 | f800 0f84 | d8ac ffff | 4c89 1c24 

  0x000001ba5d7fded0: ;   {runtime_call g1_post_barrier_slow}
  0x000001ba5d7fded0: e80b 09d8 | 06e9 caac 

  0x000001ba5d7fded8: ;   {runtime_call C1 Runtime throw_null_pointer_exception_blob}
  0x000001ba5d7fded8: ffff e801 

  0x000001ba5d7fdedc: ; ImmutableOopMap {r11=Oop r13=Oop r8=Oop [312]=Oop [320]=Oop [328]=Oop [352]=Oop }
                      ;*arraylength {reexecute=0 rethrow=0 return_oop=0}
                      ; - com.sun.javafx.text.PrismTextLayout::layout@162 (line 1225)
                      ;   {runtime_call C1 Runtime new_type_array_blob}
  0x000001ba5d7fdedc: 99d7 06e8 

  0x000001ba5d7fdee0: ; ImmutableOopMap {r11=Oop r13=Oop r8=Oop [312]=Oop [320]=Oop [328]=Oop [352]=Oop }
                      ;*newarray {reexecute=0 rethrow=0 return_oop=0}
                      ; - com.sun.javafx.text.PrismTextLayout::layout@163 (line 1225)
  0x000001ba5d7fdee0: 7cae d706 | e945 adff | ff41 8b58 | 2048 c1e3 | 0348 83fb | 000f 8440 | adff ff48 

  0x000001ba5d7fdefc: ;   {runtime_call g1_pre_barrier_slow}
  0x000001ba5d7fdefc: 891c 24e8 | dc05 d806 | e932 adff | ff48 83f8 | 000f 8447 | adff ff4c 

  0x000001ba5d7fdf14: ;   {runtime_call g1_post_barrier_slow}
  0x000001ba5d7fdf14: 8904 24e8 | c408 d806 | e939 adff 

  0x000001ba5d7fdf20: ;   {runtime_call C1 Runtime new_type_array_blob}
  0x000001ba5d7fdf20: ffe8 3aae 

  0x000001ba5d7fdf24: ; ImmutableOopMap {r11=Oop r13=Oop r8=Oop [312]=Oop [320]=Oop [328]=Oop [352]=Oop }
                      ;*newarray {reexecute=0 rethrow=0 return_oop=0}
                      ; - com.sun.javafx.text.PrismTextLayout::layout@174 (line 1226)
  0x000001ba5d7fdf24: d706 e9b5 | adff ff41 | 8b50 2448 | c1e2 0348 | 83fa 000f | 84b0 adff | ff48 8914 

  0x000001ba5d7fdf40: ;   {runtime_call g1_pre_barrier_slow}
  0x000001ba5d7fdf40: 24e8 9a05 | d806 e9a2 | adff ff48 | 83f8 000f | 84b7 adff | ff4c 8904 

  0x000001ba5d7fdf58: ;   {runtime_call g1_post_barrier_slow}
  0x000001ba5d7fdf58: 24e8 8208 | d806 e9a9 | adff ff41 | 8b53 4c48 | c1e2 0348 | 83fa 000f | 84c9 adff | ff48 8914 
  0x000001ba5d7fdf78: ;   {runtime_call g1_pre_barrier_slow}
  0x000001ba5d7fdf78: 24e8 6205 | d806 e9bb | adff ff48 

  0x000001ba5d7fdf84: ;   {runtime_call C1 Runtime fast_new_instance_blob}
  0x000001ba5d7fdf84: 8bd2 e855 

  0x000001ba5d7fdf88: ; ImmutableOopMap {r11=Oop r13=Oop [312]=Oop [320]=Oop [328]=Oop [352]=Oop }
                      ;*new {reexecute=0 rethrow=0 return_oop=0}
                      ; - com.sun.javafx.text.PrismTextLayout::layout@201 (line 1236)
  0x000001ba5d7fdf88: a2d7 06e9 | 02ae ffff 

  0x000001ba5d7fdf90: ;   {metadata({method} {0x000000002c221f60} '<init>' '()V' in 'java/util/ArrayList')}
  0x000001ba5d7fdf90: 49ba 581f | 222c 0000 | 0000 4c89 | 5424 0848 | c704 24ff 

  0x000001ba5d7fdfa4: ;   {runtime_call C1 Runtime counter_overflow_blob}
  0x000001ba5d7fdfa4: ffff ffe8 

  0x000001ba5d7fdfa8: ; ImmutableOopMap {r11=Oop r13=Oop rax=Oop [312]=Oop [320]=Oop [328]=Oop [352]=Oop [368]=Oop }
                      ;*synchronization entry
                      ; - java.util.ArrayList::<init>@-1 (line 169)
                      ; - com.sun.javafx.text.PrismTextLayout::layout@205 (line 1236)
  0x000001ba5d7fdfa8: 34fe d706 | e92a aeff 

  0x000001ba5d7fdfb0: ;   {metadata({method} {0x000000002c220bf8} '<init>' '()V' in 'java/util/AbstractList')}
  0x000001ba5d7fdfb0: ff49 baf0 | 0b22 2c00 | 0000 004c | 8954 2408 | 48c7 0424 | ffff ffff 

  0x000001ba5d7fdfc8: ;   {runtime_call C1 Runtime counter_overflow_blob}
  0x000001ba5d7fdfc8: e813 fed7 

  0x000001ba5d7fdfcc: ; ImmutableOopMap {r11=Oop r13=Oop rax=Oop [312]=Oop [320]=Oop [328]=Oop [352]=Oop [368]=Oop }
                      ;*synchronization entry
                      ; - java.util.AbstractList::<init>@-1 (line 80)
                      ; - java.util.ArrayList::<init>@1 (line 169)
                      ; - com.sun.javafx.text.PrismTextLayout::layout@205 (line 1236)
  0x000001ba5d7fdfcc: 06e9 4aae 

  0x000001ba5d7fdfd0: ;   {metadata({method} {0x000000002c21ffb8} '<init>' '()V' in 'java/util/AbstractCollection')}
  0x000001ba5d7fdfd0: ffff 49ba | b0ff 212c | 0000 0000 | 4c89 5424 | 0848 c704 | 24ff ffff 

  0x000001ba5d7fdfe8: ;   {runtime_call C1 Runtime counter_overflow_blob}
  0x000001ba5d7fdfe8: ffe8 f2fd 

  0x000001ba5d7fdfec: ; ImmutableOopMap {r11=Oop r13=Oop rax=Oop [312]=Oop [320]=Oop [328]=Oop [352]=Oop [368]=Oop }
                      ;*synchronization entry
                      ; - java.util.AbstractCollection::<init>@-1 (line 70)
                      ; - java.util.AbstractList::<init>@1 (line 80)
                      ; - java.util.ArrayList::<init>@1 (line 169)
                      ; - com.sun.javafx.text.PrismTextLayout::layout@205 (line 1236)
  0x000001ba5d7fdfec: d706 e96a 

  0x000001ba5d7fdff0: ;   {metadata({method} {0x000000002c4b32d8} '<init>' '()V' in 'java/lang/Object')}
  0x000001ba5d7fdff0: aeff ff49 | bad0 324b | 2c00 0000 | 004c 8954 | 2408 48c7 | 0424 ffff 

  0x000001ba5d7fe008: ;   {runtime_call C1 Runtime counter_overflow_blob}
  0x000001ba5d7fe008: ffff e8d1 

  0x000001ba5d7fe00c: ; ImmutableOopMap {r11=Oop r13=Oop rax=Oop [312]=Oop [320]=Oop [328]=Oop [352]=Oop [368]=Oop }
                      ;*synchronization entry
                      ; - java.lang.Object::<init>@-1 (line 44)
                      ; - java.util.AbstractCollection::<init>@1 (line 70)
                      ; - java.util.AbstractList::<init>@1 (line 80)
                      ; - java.util.ArrayList::<init>@1 (line 169)
                      ; - com.sun.javafx.text.PrismTextLayout::layout@205 (line 1236)
  0x000001ba5d7fe00c: fdd7 06e9 | 8aae ffff | 448b 4014 | 49c1 e003 | 4983 f800 | 0f84 86ae | ffff 4c89 

  0x000001ba5d7fe028: ;   {runtime_call g1_pre_barrier_slow}
  0x000001ba5d7fe028: 0424 e8b1 | 04d8 06e9 | 78ae ffff | 4983 f800 | 0f84 9eae | ffff 4889 

  0x000001ba5d7fe040: ;   {runtime_call g1_post_barrier_slow}
  0x000001ba5d7fe040: 0424 e899 | 07d8 06e9 | 90ae ffff 

  0x000001ba5d7fe04c: ;   {runtime_call C1 Runtime throw_null_pointer_exception_blob}
  0x000001ba5d7fe04c: e88f 97d7 

  0x000001ba5d7fe050: ; ImmutableOopMap {r11=Oop r13=Oop rbx=Oop r8=Oop [312]=Oop [320]=Oop [352]=Oop [368]=Oop }
                      ;*aaload {reexecute=0 rethrow=0 return_oop=0}
                      ; - com.sun.javafx.text.PrismTextLayout::layout@228 (line 1238)
                      ;   {runtime_call C1 Runtime throw_null_pointer_exception_blob}
  0x000001ba5d7fe050: 06e8 8a97 

  0x000001ba5d7fe054: ; ImmutableOopMap {r11=Oop r13=Oop rbx=Oop r8=Oop [312]=Oop [320]=Oop [352]=Oop [368]=Oop }
                      ;*aaload {reexecute=0 rethrow=0 return_oop=0}
                      ; - com.sun.javafx.text.PrismTextLayout::layout@228 (line 1238)
  0x000001ba5d7fe054: d706 4889 | 3424 4c89 

  0x000001ba5d7fe05c: ;   {runtime_call C1 Runtime throw_range_check_failed_blob}
  0x000001ba5d7fe05c: 4424 08e8 

  0x000001ba5d7fe060: ; ImmutableOopMap {r11=Oop r13=Oop rbx=Oop r8=Oop [312]=Oop [320]=Oop [352]=Oop [368]=Oop }
                      ;*aaload {reexecute=0 rethrow=0 return_oop=0}
                      ; - com.sun.javafx.text.PrismTextLayout::layout@228 (line 1238)
  0x000001ba5d7fe060: 7c8e d706 

  0x000001ba5d7fe064: ;   {runtime_call C1 Runtime throw_null_pointer_exception_blob}
  0x000001ba5d7fe064: e877 97d7 

  0x000001ba5d7fe068: ; ImmutableOopMap {rdi=Oop [312]=Oop [320]=Oop [328]=Oop [352]=Oop [368]=Oop [376]=Oop }
                      ;*invokevirtual isTab {reexecute=0 rethrow=0 return_oop=0}
                      ; - com.sun.javafx.text.PrismTextLayout::layout@241 (line 1241)
                      ;   {metadata({method} {0x000001ba7b094250} 'isTab' '()Z' in 'com/sun/javafx/text/TextRun')}
  0x000001ba5d7fe068: 0649 ba48 | 4209 7bba | 0100 004c | 8954 2408 | 48c7 0424 | ffff ffff 

  0x000001ba5d7fe080: ;   {runtime_call C1 Runtime counter_overflow_blob}
  0x000001ba5d7fe080: e85b fdd7 

  0x000001ba5d7fe084: ; ImmutableOopMap {rdi=Oop [312]=Oop [320]=Oop [328]=Oop [352]=Oop [368]=Oop [376]=Oop }
                      ;*synchronization entry
                      ; - com.sun.javafx.text.TextRun::isTab@-1 (line 137)
                      ; - com.sun.javafx.text.PrismTextLayout::layout@241 (line 1241)
  0x000001ba5d7fe084: 06e9 79af 

  0x000001ba5d7fe088: ;   {metadata({method} {0x000000002c1ac3a0} 'isNaN' '(F)Z' in 'java/lang/Float')}
  0x000001ba5d7fe088: ffff 49ba | 98c3 1a2c | 0000 0000 | 4c89 5424 | 0848 c704 | 24ff ffff 

  0x000001ba5d7fe0a0: ;   {runtime_call C1 Runtime counter_overflow_blob}
  0x000001ba5d7fe0a0: ffe8 3afd 

  0x000001ba5d7fe0a4: ; ImmutableOopMap {rdi=Oop [312]=Oop [320]=Oop [328]=Oop [352]=Oop [368]=Oop [376]=Oop }
                      ;*synchronization entry
                      ; - java.lang.Float::isNaN@-1 (line 613)
                      ; - com.sun.javafx.text.PrismTextLayout::layout@249 (line 1242)
  0x000001ba5d7fe0a4: d706 e916 

  0x000001ba5d7fe0a8: ;   {metadata({method} {0x000001ba7ac90f28} 'computeLayoutShift' '(Lcom/sun/javafx/scene/text/TextSpan;)F' in 'com/sun/javafx/text/PrismTextLayout')}
  0x000001ba5d7fe0a8: b0ff ff49 | ba20 0fc9 | 7aba 0100 | 004c 8954 | 2408 48c7 | 0424 ffff 

  0x000001ba5d7fe0c0: ;   {runtime_call C1 Runtime counter_overflow_blob}
  0x000001ba5d7fe0c0: ffff e819 

  0x000001ba5d7fe0c4: ; ImmutableOopMap {rdi=Oop rdx=Oop [312]=Oop [320]=Oop [328]=Oop [352]=Oop [368]=Oop [376]=Oop }
                      ;*synchronization entry
                      ; - com.sun.javafx.text.PrismTextLayout::computeLayoutShift@-1 (line 1671)
                      ; - com.sun.javafx.text.PrismTextLayout::layout@261 (line 1243)
  0x000001ba5d7fe0c4: fdd7 06e9 | fcb0 ffff 

  0x000001ba5d7fe0cc: ;   {runtime_call C1 Runtime throw_null_pointer_exception_blob}
  0x000001ba5d7fe0cc: e80f 97d7 

  0x000001ba5d7fe0d0: ; ImmutableOopMap {rdx=Oop [312]=Oop [320]=Oop [328]=Oop [352]=Oop [368]=Oop [376]=Oop }
                      ;*invokeinterface getLayoutRootRegion {reexecute=0 rethrow=0 return_oop=0}
                      ; - com.sun.javafx.text.PrismTextLayout::computeLayoutShift@5 (line 1672)
                      ; - com.sun.javafx.text.PrismTextLayout::layout@261 (line 1243)
                      ;   {runtime_call C1 Runtime throw_null_pointer_exception_blob}
  0x000001ba5d7fe0d0: 06e8 0a97 

  0x000001ba5d7fe0d4: ; ImmutableOopMap {rax=Oop [312]=Oop [320]=Oop [328]=Oop [352]=Oop [368]=Oop [376]=Oop }
                      ;*invokevirtual snappedLeftInset {reexecute=0 rethrow=0 return_oop=0}
                      ; - com.sun.javafx.text.PrismTextLayout::computeLayoutShift@16 (line 1675)
                      ; - com.sun.javafx.text.PrismTextLayout::layout@261 (line 1243)
                      ;   {metadata({method} {0x000001ba7aa44ea8} 'snappedLeftInset' '()D' in 'javafx/scene/layout/Region')}
  0x000001ba5d7fe0d4: d706 49ba | a04e a47a | ba01 0000 | 4c89 5424 | 0848 c704 | 24ff ffff 

  0x000001ba5d7fe0ec: ;   {runtime_call C1 Runtime counter_overflow_blob}
  0x000001ba5d7fe0ec: ffe8 eefc 

  0x000001ba5d7fe0f0: ; ImmutableOopMap {rax=Oop [312]=Oop [320]=Oop [328]=Oop [352]=Oop [368]=Oop [376]=Oop }
                      ;*synchronization entry
                      ; - javafx.scene.layout.Region::snappedLeftInset@-1 (line 1848)
                      ; - com.sun.javafx.text.PrismTextLayout::computeLayoutShift@16 (line 1675)
                      ; - com.sun.javafx.text.PrismTextLayout::layout@261 (line 1243)
  0x000001ba5d7fe0f0: d706 e996 

  0x000001ba5d7fe0f4: ;   {metadata({method} {0x000001ba7aa3f880} 'getSnapScaleX' '()D' in 'javafx/scene/layout/Region')}
  0x000001ba5d7fe0f4: b2ff ff49 | ba78 f8a3 | 7aba 0100 | 004c 8954 | 2408 48c7 | 0424 ffff 

  0x000001ba5d7fe10c: ;   {runtime_call C1 Runtime counter_overflow_blob}
  0x000001ba5d7fe10c: ffff e8cd 

  0x000001ba5d7fe110: ; ImmutableOopMap {rax=Oop [312]=Oop [320]=Oop [328]=Oop [352]=Oop [368]=Oop [376]=Oop }
                      ;*synchronization entry
                      ; - javafx.scene.layout.Region::getSnapScaleX@-1 (line 284)
                      ; - javafx.scene.layout.Region::snappedLeftInset@5 (line 1848)
                      ; - com.sun.javafx.text.PrismTextLayout::computeLayoutShift@16 (line 1675)
                      ; - com.sun.javafx.text.PrismTextLayout::layout@261 (line 1243)
  0x000001ba5d7fe110: fcd7 06e9 | b9b2 ffff 

  0x000001ba5d7fe118: ;   {metadata({method} {0x000001ba7a979ee8} 'getScene' '()Ljavafx/scene/Scene;' in 'javafx/scene/Node')}
  0x000001ba5d7fe118: 49ba e09e | 977a ba01 | 0000 4c89 | 5424 0848 | c704 24ff 

  0x000001ba5d7fe12c: ;   {runtime_call C1 Runtime counter_overflow_blob}
  0x000001ba5d7fe12c: ffff ffe8 

  0x000001ba5d7fe130: ; ImmutableOopMap {rax=Oop [312]=Oop [320]=Oop [328]=Oop [352]=Oop [368]=Oop [376]=Oop }
                      ;*synchronization entry
                      ; - javafx.scene.Node::getScene@-1 (line 1243)
                      ; - javafx.scene.layout.Region::getSnapScaleX@1 (line 284)
                      ; - javafx.scene.layout.Region::snappedLeftInset@5 (line 1848)
                      ; - com.sun.javafx.text.PrismTextLayout::computeLayoutShift@16 (line 1675)
                      ; - com.sun.javafx.text.PrismTextLayout::layout@261 (line 1243)
  0x000001ba5d7fe130: acfc d706 | e94e b3ff 

  0x000001ba5d7fe138: ;   {runtime_call C1 Runtime throw_null_pointer_exception_blob}
  0x000001ba5d7fe138: ffe8 a296 

  0x000001ba5d7fe13c: ; ImmutableOopMap {rax=Oop rdx=Oop [312]=Oop [320]=Oop [328]=Oop [352]=Oop [368]=Oop [376]=Oop }
                      ;*invokevirtual get {reexecute=0 rethrow=0 return_oop=0}
                      ; - javafx.scene.Node::getScene@4 (line 1243)
                      ; - javafx.scene.layout.Region::getSnapScaleX@1 (line 284)
                      ; - javafx.scene.layout.Region::snappedLeftInset@5 (line 1848)
                      ; - com.sun.javafx.text.PrismTextLayout::computeLayoutShift@16 (line 1675)
                      ; - com.sun.javafx.text.PrismTextLayout::layout@261 (line 1243)
  0x000001ba5d7fe13c: d706 4889 

  0x000001ba5d7fe140: ;   {runtime_call C1 Runtime throw_class_cast_exception_blob}
  0x000001ba5d7fe140: 0424 e819 

  0x000001ba5d7fe144: ; ImmutableOopMap {[312]=Oop [320]=Oop [328]=Oop [352]=Oop [368]=Oop [376]=Oop [392]=Oop }
                      ;*checkcast {reexecute=0 rethrow=0 return_oop=0}
                      ; - javafx.scene.Node::getScene@7 (line 1243)
                      ; - javafx.scene.layout.Region::getSnapScaleX@1 (line 284)
                      ; - javafx.scene.layout.Region::snappedLeftInset@5 (line 1848)
                      ; - com.sun.javafx.text.PrismTextLayout::computeLayoutShift@16 (line 1675)
                      ; - com.sun.javafx.text.PrismTextLayout::layout@261 (line 1243)
                      ;   {metadata({method} {0x000001ba7aa3f670} '_getSnapScaleXimpl' '(Ljavafx/scene/Scene;)D' in 'javafx/scene/layout/Region')}
  0x000001ba5d7fe144: c3d7 0649 | ba68 f6a3 | 7aba 0100 | 004c 8954 | 2408 48c7 | 0424 ffff 

  0x000001ba5d7fe15c: ;   {runtime_call C1 Runtime counter_overflow_blob}
  0x000001ba5d7fe15c: ffff e87d 

  0x000001ba5d7fe160: ; ImmutableOopMap {rdx=Oop [312]=Oop [320]=Oop [328]=Oop [352]=Oop [368]=Oop [376]=Oop [392]=Oop }
                      ;*synchronization entry
                      ; - javafx.scene.layout.Region::_getSnapScaleXimpl@-1 (line 267)
                      ; - javafx.scene.layout.Region::getSnapScaleX@4 (line 284)
                      ; - javafx.scene.layout.Region::snappedLeftInset@5 (line 1848)
                      ; - com.sun.javafx.text.PrismTextLayout::computeLayoutShift@16 (line 1675)
                      ; - com.sun.javafx.text.PrismTextLayout::layout@261 (line 1243)
  0x000001ba5d7fe160: fcd7 06e9 | dab4 ffff 

  0x000001ba5d7fe168: ;   {runtime_call C1 Runtime throw_null_pointer_exception_blob}
  0x000001ba5d7fe168: e873 96d7 

  0x000001ba5d7fe16c: ; ImmutableOopMap {rdx=Oop [312]=Oop [320]=Oop [328]=Oop [352]=Oop [368]=Oop [376]=Oop [392]=Oop }
                      ;*invokevirtual getWindow {reexecute=0 rethrow=0 return_oop=0}
                      ; - javafx.scene.layout.Region::_getSnapScaleXimpl@7 (line 268)
                      ; - javafx.scene.layout.Region::getSnapScaleX@4 (line 284)
                      ; - javafx.scene.layout.Region::snappedLeftInset@5 (line 1848)
                      ; - com.sun.javafx.text.PrismTextLayout::computeLayoutShift@16 (line 1675)
                      ; - com.sun.javafx.text.PrismTextLayout::layout@261 (line 1243)
                      ;   {runtime_call C1 Runtime throw_null_pointer_exception_blob}
  0x000001ba5d7fe16c: 06e8 6e96 

  0x000001ba5d7fe170: ; ImmutableOopMap {rax=Oop [312]=Oop [320]=Oop [328]=Oop [352]=Oop [368]=Oop [376]=Oop [392]=Oop }
                      ;*invokevirtual getRenderScaleX {reexecute=0 rethrow=0 return_oop=0}
                      ; - javafx.scene.layout.Region::_getSnapScaleXimpl@18 (line 270)
                      ; - javafx.scene.layout.Region::getSnapScaleX@4 (line 284)
                      ; - javafx.scene.layout.Region::snappedLeftInset@5 (line 1848)
                      ; - com.sun.javafx.text.PrismTextLayout::computeLayoutShift@16 (line 1675)
                      ; - com.sun.javafx.text.PrismTextLayout::layout@261 (line 1243)
                      ;   {metadata({method} {0x000001ba7a9631f8} 'getRenderScaleX' '()D' in 'javafx/stage/Window')}
  0x000001ba5d7fe170: d706 49ba | f031 967a | ba01 0000 | 4c89 5424 | 0848 c704 | 24ff ffff 

  0x000001ba5d7fe188: ;   {runtime_call C1 Runtime counter_overflow_blob}
  0x000001ba5d7fe188: ffe8 52fc 

  0x000001ba5d7fe18c: ; ImmutableOopMap {rax=Oop [312]=Oop [320]=Oop [328]=Oop [352]=Oop [368]=Oop [376]=Oop [392]=Oop }
                      ;*synchronization entry
                      ; - javafx.stage.Window::getRenderScaleX@-1 (line 491)
                      ; - javafx.scene.layout.Region::_getSnapScaleXimpl@18 (line 270)
                      ; - javafx.scene.layout.Region::getSnapScaleX@4 (line 284)
                      ; - javafx.scene.layout.Region::snappedLeftInset@5 (line 1848)
                      ; - com.sun.javafx.text.PrismTextLayout::computeLayoutShift@16 (line 1675)
                      ; - com.sun.javafx.text.PrismTextLayout::layout@261 (line 1243)
  0x000001ba5d7fe18c: d706 e97a 

  0x000001ba5d7fe190: ;   {runtime_call C1 Runtime throw_null_pointer_exception_blob}
  0x000001ba5d7fe190: b6ff ffe8 

  0x000001ba5d7fe194: ; ImmutableOopMap {rdx=Oop [312]=Oop [320]=Oop [328]=Oop [352]=Oop [368]=Oop [376]=Oop [392]=Oop }
                      ;*invokevirtual get {reexecute=0 rethrow=0 return_oop=0}
                      ; - javafx.stage.Window::getRenderScaleX@4 (line 491)
                      ; - javafx.scene.layout.Region::_getSnapScaleXimpl@18 (line 270)
                      ; - javafx.scene.layout.Region::getSnapScaleX@4 (line 284)
                      ; - javafx.scene.layout.Region::snappedLeftInset@5 (line 1848)
                      ; - com.sun.javafx.text.PrismTextLayout::computeLayoutShift@16 (line 1675)
                      ; - com.sun.javafx.text.PrismTextLayout::layout@261 (line 1243)
  0x000001ba5d7fe194: 4896 d706 

  0x000001ba5d7fe198: ;   {runtime_call C1 Runtime throw_incompatible_class_change_error_blob}
  0x000001ba5d7fe198: e8c3 c5d7 

  0x000001ba5d7fe19c: ; ImmutableOopMap {rdx=Oop rsi=Oop [312]=Oop [320]=Oop [328]=Oop [352]=Oop [368]=Oop [376]=Oop }
                      ;*invokeinterface nextTabStop {reexecute=0 rethrow=0 return_oop=0}
                      ; - com.sun.javafx.text.PrismTextLayout::layout@274 (line 1245)
                      ;   {runtime_call C1 Runtime throw_null_pointer_exception_blob}
  0x000001ba5d7fe19c: 06e8 3e96 

  0x000001ba5d7fe1a0: ; ImmutableOopMap {rdx=Oop rsi=Oop [312]=Oop [320]=Oop [328]=Oop [352]=Oop [368]=Oop [376]=Oop }
                      ;*invokeinterface nextTabStop {reexecute=0 rethrow=0 return_oop=0}
                      ; - com.sun.javafx.text.PrismTextLayout::layout@274 (line 1245)
                      ;   {metadata({method} {0x000001ba7b092398} 'nextTabStop' '(FF)F' in 'com/sun/javafx/text/FixedTabAdvancePolicy')}
  0x000001ba5d7fe1a0: d706 49ba | 9023 097b | ba01 0000 | 4c89 5424 | 0848 c704 | 24ff ffff 

  0x000001ba5d7fe1b8: ;   {runtime_call C1 Runtime counter_overflow_blob}
  0x000001ba5d7fe1b8: ffe8 22fc 

  0x000001ba5d7fe1bc: ; ImmutableOopMap {rdx=Oop rsi=Oop [312]=Oop [320]=Oop [328]=Oop [352]=Oop [368]=Oop [376]=Oop }
                      ;*synchronization entry
                      ; - com.sun.javafx.text.FixedTabAdvancePolicy::nextTabStop@-1 (line 49)
                      ; - com.sun.javafx.text.PrismTextLayout::layout@274 (line 1245)
  0x000001ba5d7fe1bc: d706 e92c 

  0x000001ba5d7fe1c0: ;   {metadata({method} {0x000001ba7b092450} 'nextPosition' '(FF)F' in 'com/sun/javafx/text/FixedTabAdvancePolicy')}
  0x000001ba5d7fe1c0: b8ff ff49 | ba48 2409 | 7bba 0100 | 004c 8954 | 2408 48c7 | 0424 ffff 

  0x000001ba5d7fe1d8: ;   {runtime_call C1 Runtime counter_overflow_blob}
  0x000001ba5d7fe1d8: ffff e801 

  0x000001ba5d7fe1dc: ; ImmutableOopMap {[312]=Oop [320]=Oop [328]=Oop [352]=Oop [368]=Oop [376]=Oop }
                      ;*synchronization entry
                      ; - com.sun.javafx.text.FixedTabAdvancePolicy::nextPosition@-1 (line 60)
                      ; - com.sun.javafx.text.FixedTabAdvancePolicy::nextTabStop@18 (line 52)
                      ; - com.sun.javafx.text.PrismTextLayout::layout@274 (line 1245)
  0x000001ba5d7fe1dc: fcd7 06e9 | c1b8 ffff 

  0x000001ba5d7fe1e4: ;   {metadata({method} {0x000001ba7b093f70} 'isLinebreak' '()Z' in 'com/sun/javafx/text/TextRun')}
  0x000001ba5d7fe1e4: 49ba 683f | 097b ba01 | 0000 4c89 | 5424 0848 | c704 24ff 

  0x000001ba5d7fe1f8: ;   {runtime_call C1 Runtime counter_overflow_blob}
  0x000001ba5d7fe1f8: ffff ffe8 

  0x000001ba5d7fe1fc: ; ImmutableOopMap {rdx=Oop rdi=Oop [312]=Oop [320]=Oop [328]=Oop [352]=Oop [368]=Oop [376]=Oop }
                      ;*synchronization entry
                      ; - com.sun.javafx.text.TextRun::isLinebreak@-1 (line 121)
                      ; - com.sun.javafx.text.PrismTextLayout::layout@338 (line 1253)
  0x000001ba5d7fe1fc: e0fb d706 | e958 bbff 

  0x000001ba5d7fe204: ;   {metadata({method} {0x000001ba7b093a68} 'getEnd' '()I' in 'com/sun/javafx/text/TextRun')}
  0x000001ba5d7fe204: ff49 ba60 | 3a09 7bba | 0100 004c | 8954 2408 | 48c7 0424 | ffff ffff 

  0x000001ba5d7fe21c: ;   {runtime_call C1 Runtime counter_overflow_blob}
  0x000001ba5d7fe21c: e8bf fbd7 

  0x000001ba5d7fe220: ; ImmutableOopMap {[312]=Oop [320]=Oop [328]=Oop [352]=Oop [368]=Oop [376]=Oop }
                      ;*synchronization entry
                      ; - com.sun.javafx.text.TextRun::getEnd@-1 (line 88)
                      ; - com.sun.javafx.text.PrismTextLayout::layout@370 (line 1269)
  0x000001ba5d7fe220: 06e9 a0bc 

  0x000001ba5d7fe224: ;   {runtime_call C1 Runtime throw_null_pointer_exception_blob}
  0x000001ba5d7fe224: ffff e8b5 

  0x000001ba5d7fe228: ; ImmutableOopMap {rax=Oop [312]=Oop [320]=Oop [328]=Oop [352]=Oop [368]=Oop [376]=Oop }
                      ;*caload {reexecute=0 rethrow=0 return_oop=0}
                      ; - com.sun.javafx.text.PrismTextLayout::layout@387 (line 1272)
                      ;   {runtime_call C1 Runtime throw_null_pointer_exception_blob}
  0x000001ba5d7fe228: 95d7 06e8 

  0x000001ba5d7fe22c: ; ImmutableOopMap {rax=Oop [312]=Oop [320]=Oop [328]=Oop [352]=Oop [368]=Oop [376]=Oop }
                      ;*caload {reexecute=0 rethrow=0 return_oop=0}
                      ; - com.sun.javafx.text.PrismTextLayout::layout@387 (line 1272)
  0x000001ba5d7fe22c: b095 d706 | 4889 1c24 | 4889 4424 

  0x000001ba5d7fe238: ;   {runtime_call C1 Runtime throw_range_check_failed_blob}
  0x000001ba5d7fe238: 08e8 a28c 

  0x000001ba5d7fe23c: ; ImmutableOopMap {rax=Oop [312]=Oop [320]=Oop [328]=Oop [352]=Oop [368]=Oop [376]=Oop }
                      ;*caload {reexecute=0 rethrow=0 return_oop=0}
                      ; - com.sun.javafx.text.PrismTextLayout::layout@387 (line 1272)
                      ;   {metadata({method} {0x000000002c1a8bc8} 'isWhitespace' '(C)Z' in 'java/lang/Character')}
  0x000001ba5d7fe23c: d706 49ba | c08b 1a2c | 0000 0000 | 4c89 5424 | 0848 c704 | 24ff ffff 

  0x000001ba5d7fe254: ;   {runtime_call C1 Runtime counter_overflow_blob}
  0x000001ba5d7fe254: ffe8 86fb 

  0x000001ba5d7fe258: ; ImmutableOopMap {rax=Oop [312]=Oop [320]=Oop [328]=Oop [352]=Oop [368]=Oop [376]=Oop }
                      ;*synchronization entry
                      ; - java.lang.Character::isWhitespace@-1 (line 11680)
                      ; - com.sun.javafx.text.PrismTextLayout::layout@388 (line 1272)
  0x000001ba5d7fe258: d706 e9e0 

  0x000001ba5d7fe25c: ;   {metadata({method} {0x000000002c1a8c20} 'isWhitespace' '(I)Z' in 'java/lang/Character')}
  0x000001ba5d7fe25c: bcff ff49 | ba18 8c1a | 2c00 0000 | 004c 8954 | 2408 48c7 | 0424 ffff 

  0x000001ba5d7fe274: ;   {runtime_call C1 Runtime counter_overflow_blob}
  0x000001ba5d7fe274: ffff e865 

  0x000001ba5d7fe278: ; ImmutableOopMap {rax=Oop [312]=Oop [320]=Oop [328]=Oop [352]=Oop [368]=Oop [376]=Oop }
                      ;*synchronization entry
                      ; - java.lang.Character::isWhitespace@-1 (line 11711)
                      ; - java.lang.Character::isWhitespace@1 (line 11680)
                      ; - com.sun.javafx.text.PrismTextLayout::layout@388 (line 1272)
  0x000001ba5d7fe278: fbd7 06e9 | fdbc ffff 

  0x000001ba5d7fe280: ;   {runtime_call C1 Runtime throw_null_pointer_exception_blob}
  0x000001ba5d7fe280: e85b 95d7 

  0x000001ba5d7fe284: ; ImmutableOopMap {rax=Oop [312]=Oop [320]=Oop [328]=Oop [352]=Oop [368]=Oop [376]=Oop }
                      ;*invokevirtual isWhitespace {reexecute=0 rethrow=0 return_oop=0}
                      ; - java.lang.Character::isWhitespace@5 (line 11711)
                      ; - java.lang.Character::isWhitespace@1 (line 11680)
                      ; - com.sun.javafx.text.PrismTextLayout::layout@388 (line 1272)
                      ;   {metadata({method} {0x000001ba7ac907d0} 'layout' '()V' in 'com/sun/javafx/text/PrismTextLayout')}
  0x000001ba5d7fe284: 0649 bac8 | 07c9 7aba | 0100 004c | 8954 2408 | 48c7 0424 | 8d01 0000 

  0x000001ba5d7fe29c: ;   {runtime_call C1 Runtime counter_overflow_blob}
  0x000001ba5d7fe29c: e83f fbd7 

  0x000001ba5d7fe2a0: ; ImmutableOopMap {[312]=Oop [320]=Oop [328]=Oop [352]=Oop [368]=Oop [376]=Oop }
                      ;*goto {reexecute=1 rethrow=0 return_oop=0}
                      ; - (reexecute) com.sun.javafx.text.PrismTextLayout::layout@397 (line 1273)
  0x000001ba5d7fe2a0: 06e9 26be 

  0x000001ba5d7fe2a4: ;   {runtime_call C1 Runtime throw_null_pointer_exception_blob}
  0x000001ba5d7fe2a4: ffff e835 

  0x000001ba5d7fe2a8: ; ImmutableOopMap {rax=Oop [312]=Oop [320]=Oop [328]=Oop [352]=Oop [368]=Oop [376]=Oop }
                      ;*caload {reexecute=0 rethrow=0 return_oop=0}
                      ; - com.sun.javafx.text.PrismTextLayout::layout@420 (line 1280)
                      ;   {runtime_call C1 Runtime throw_null_pointer_exception_blob}
  0x000001ba5d7fe2a8: 95d7 06e8 

  0x000001ba5d7fe2ac: ; ImmutableOopMap {rax=Oop [312]=Oop [320]=Oop [328]=Oop [352]=Oop [368]=Oop [376]=Oop }
                      ;*caload {reexecute=0 rethrow=0 return_oop=0}
                      ; - com.sun.javafx.text.PrismTextLayout::layout@420 (line 1280)
  0x000001ba5d7fe2ac: 3095 d706 | 4889 1c24 | 4889 4424 

  0x000001ba5d7fe2b8: ;   {runtime_call C1 Runtime throw_range_check_failed_blob}
  0x000001ba5d7fe2b8: 08e8 228c 

  0x000001ba5d7fe2bc: ; ImmutableOopMap {rax=Oop [312]=Oop [320]=Oop [328]=Oop [352]=Oop [368]=Oop [376]=Oop }
                      ;*caload {reexecute=0 rethrow=0 return_oop=0}
                      ; - com.sun.javafx.text.PrismTextLayout::layout@420 (line 1280)
                      ;   {runtime_call C1 Runtime throw_null_pointer_exception_blob}
  0x000001ba5d7fe2bc: d706 e81d 

  0x000001ba5d7fe2c0: ; ImmutableOopMap {rax=Oop [312]=Oop [320]=Oop [328]=Oop [352]=Oop [368]=Oop [376]=Oop }
                      ;*caload {reexecute=0 rethrow=0 return_oop=0}
                      ; - com.sun.javafx.text.PrismTextLayout::layout@445 (line 1283)
                      ;   {runtime_call C1 Runtime throw_null_pointer_exception_blob}
  0x000001ba5d7fe2c0: 95d7 06e8 

  0x000001ba5d7fe2c4: ; ImmutableOopMap {rax=Oop [312]=Oop [320]=Oop [328]=Oop [352]=Oop [368]=Oop [376]=Oop }
                      ;*caload {reexecute=0 rethrow=0 return_oop=0}
                      ; - com.sun.javafx.text.PrismTextLayout::layout@445 (line 1283)
  0x000001ba5d7fe2c4: 1895 d706 | 4889 1c24 | 4889 4424 

  0x000001ba5d7fe2d0: ;   {runtime_call C1 Runtime throw_range_check_failed_blob}
  0x000001ba5d7fe2d0: 08e8 0a8c 

  0x000001ba5d7fe2d4: ; ImmutableOopMap {rax=Oop [312]=Oop [320]=Oop [328]=Oop [352]=Oop [368]=Oop [376]=Oop }
                      ;*caload {reexecute=0 rethrow=0 return_oop=0}
                      ; - com.sun.javafx.text.PrismTextLayout::layout@445 (line 1283)
                      ;   {metadata({method} {0x000000002c1a8bc8} 'isWhitespace' '(C)Z' in 'java/lang/Character')}
  0x000001ba5d7fe2d4: d706 49ba | c08b 1a2c | 0000 0000 | 4c89 5424 | 0848 c704 | 24ff ffff 

  0x000001ba5d7fe2ec: ;   {runtime_call C1 Runtime counter_overflow_blob}
  0x000001ba5d7fe2ec: ffe8 eefa 

  0x000001ba5d7fe2f0: ; ImmutableOopMap {rax=Oop [312]=Oop [320]=Oop [328]=Oop [352]=Oop [368]=Oop [376]=Oop }
                      ;*synchronization entry
                      ; - java.lang.Character::isWhitespace@-1 (line 11680)
                      ; - com.sun.javafx.text.PrismTextLayout::layout@446 (line 1283)
  0x000001ba5d7fe2f0: d706 e9bf 

  0x000001ba5d7fe2f4: ;   {metadata({method} {0x000000002c1a8c20} 'isWhitespace' '(I)Z' in 'java/lang/Character')}
  0x000001ba5d7fe2f4: bfff ff49 | ba18 8c1a | 2c00 0000 | 004c 8954 | 2408 48c7 | 0424 ffff 

  0x000001ba5d7fe30c: ;   {runtime_call C1 Runtime counter_overflow_blob}
  0x000001ba5d7fe30c: ffff e8cd 

  0x000001ba5d7fe310: ; ImmutableOopMap {rax=Oop [312]=Oop [320]=Oop [328]=Oop [352]=Oop [368]=Oop [376]=Oop }
                      ;*synchronization entry
                      ; - java.lang.Character::isWhitespace@-1 (line 11711)
                      ; - java.lang.Character::isWhitespace@1 (line 11680)
                      ; - com.sun.javafx.text.PrismTextLayout::layout@446 (line 1283)
  0x000001ba5d7fe310: fad7 06e9 | d7bf ffff 

  0x000001ba5d7fe318: ;   {runtime_call C1 Runtime throw_null_pointer_exception_blob}
  0x000001ba5d7fe318: e8c3 94d7 

  0x000001ba5d7fe31c: ; ImmutableOopMap {rax=Oop [312]=Oop [320]=Oop [328]=Oop [352]=Oop [368]=Oop [376]=Oop }
                      ;*invokevirtual isWhitespace {reexecute=0 rethrow=0 return_oop=0}
                      ; - java.lang.Character::isWhitespace@5 (line 11711)
                      ; - java.lang.Character::isWhitespace@1 (line 11680)
                      ; - com.sun.javafx.text.PrismTextLayout::layout@446 (line 1283)
  0x000001ba5d7fe31c: 0648 8914 | 2448 8944 

  0x000001ba5d7fe324: ;   {runtime_call C1 Runtime throw_range_check_failed_blob}
  0x000001ba5d7fe324: 2408 e8b5 

  0x000001ba5d7fe328: ; ImmutableOopMap {rax=Oop [312]=Oop [320]=Oop [328]=Oop [352]=Oop [368]=Oop [376]=Oop }
                      ;*caload {reexecute=0 rethrow=0 return_oop=0}
                      ; - com.sun.javafx.text.PrismTextLayout::layout@463 (line 1285)
                      ;   {metadata({method} {0x000000002c1a8bc8} 'isWhitespace' '(C)Z' in 'java/lang/Character')}
  0x000001ba5d7fe328: 8bd7 0649 | bac0 8b1a | 2c00 0000 | 004c 8954 | 2408 48c7 | 0424 ffff 

  0x000001ba5d7fe340: ;   {runtime_call C1 Runtime counter_overflow_blob}
  0x000001ba5d7fe340: ffff e899 

  0x000001ba5d7fe344: ; ImmutableOopMap {rax=Oop [312]=Oop [320]=Oop [328]=Oop [352]=Oop [368]=Oop [376]=Oop }
                      ;*synchronization entry
                      ; - java.lang.Character::isWhitespace@-1 (line 11680)
                      ; - com.sun.javafx.text.PrismTextLayout::layout@464 (line 1285)
  0x000001ba5d7fe344: fad7 06e9 | 2ac1 ffff 

  0x000001ba5d7fe34c: ;   {metadata({method} {0x000000002c1a8c20} 'isWhitespace' '(I)Z' in 'java/lang/Character')}
  0x000001ba5d7fe34c: 49ba 188c | 1a2c 0000 | 0000 4c89 | 5424 0848 | c704 24ff 

  0x000001ba5d7fe360: ;   {runtime_call C1 Runtime counter_overflow_blob}
  0x000001ba5d7fe360: ffff ffe8 

  0x000001ba5d7fe364: ; ImmutableOopMap {rax=Oop [312]=Oop [320]=Oop [328]=Oop [352]=Oop [368]=Oop [376]=Oop }
                      ;*synchronization entry
                      ; - java.lang.Character::isWhitespace@-1 (line 11711)
                      ; - java.lang.Character::isWhitespace@1 (line 11680)
                      ; - com.sun.javafx.text.PrismTextLayout::layout@464 (line 1285)
  0x000001ba5d7fe364: 78fa d706 | e942 c1ff 

  0x000001ba5d7fe36c: ;   {runtime_call C1 Runtime throw_null_pointer_exception_blob}
  0x000001ba5d7fe36c: ffe8 6e94 

  0x000001ba5d7fe370: ; ImmutableOopMap {rax=Oop [312]=Oop [320]=Oop [328]=Oop [352]=Oop [368]=Oop [376]=Oop }
                      ;*invokevirtual isWhitespace {reexecute=0 rethrow=0 return_oop=0}
                      ; - java.lang.Character::isWhitespace@5 (line 11711)
                      ; - java.lang.Character::isWhitespace@1 (line 11680)
                      ; - com.sun.javafx.text.PrismTextLayout::layout@464 (line 1285)
                      ;   {metadata({method} {0x000001ba7ac907d0} 'layout' '()V' in 'com/sun/javafx/text/PrismTextLayout')}
  0x000001ba5d7fe370: d706 49ba | c807 c97a | ba01 0000 | 4c89 5424 | 0848 c704 | 24e9 0100 

  0x000001ba5d7fe388: ;   {runtime_call C1 Runtime counter_overflow_blob}
  0x000001ba5d7fe388: 00e8 52fa 

  0x000001ba5d7fe38c: ; ImmutableOopMap {[312]=Oop [320]=Oop [328]=Oop [352]=Oop [368]=Oop [376]=Oop }
                      ;*goto {reexecute=1 rethrow=0 return_oop=0}
                      ; - (reexecute) com.sun.javafx.text.PrismTextLayout::layout@489 (line 1289)
  0x000001ba5d7fe38c: d706 e99a 

  0x000001ba5d7fe390: ;   {runtime_call C1 Runtime throw_null_pointer_exception_blob}
  0x000001ba5d7fe390: c2ff ffe8 

  0x000001ba5d7fe394: ; ImmutableOopMap {r11=Oop rdx=Oop [312]=Oop [320]=Oop [328]=Oop [352]=Oop [368]=Oop [376]=Oop }
                      ;*aaload {reexecute=0 rethrow=0 return_oop=0}
                      ; - com.sun.javafx.text.PrismTextLayout::layout@525 (line 1299)
  0x000001ba5d7fe394: 4894 d706 

  0x000001ba5d7fe398: ;   {runtime_call C1 Runtime throw_null_pointer_exception_blob}
  0x000001ba5d7fe398: e843 94d7 

  0x000001ba5d7fe39c: ; ImmutableOopMap {r11=Oop rdx=Oop [312]=Oop [320]=Oop [328]=Oop [352]=Oop [368]=Oop [376]=Oop }
                      ;*aaload {reexecute=0 rethrow=0 return_oop=0}
                      ; - com.sun.javafx.text.PrismTextLayout::layout@525 (line 1299)
  0x000001ba5d7fe39c: 0648 890c | 2448 8954 

  0x000001ba5d7fe3a4: ;   {runtime_call C1 Runtime throw_range_check_failed_blob}
  0x000001ba5d7fe3a4: 2408 e835 

  0x000001ba5d7fe3a8: ; ImmutableOopMap {r11=Oop rdx=Oop [312]=Oop [320]=Oop [328]=Oop [352]=Oop [368]=Oop [376]=Oop }
                      ;*aaload {reexecute=0 rethrow=0 return_oop=0}
                      ; - com.sun.javafx.text.PrismTextLayout::layout@525 (line 1299)
                      ;   {runtime_call C1 Runtime throw_null_pointer_exception_blob}
  0x000001ba5d7fe3a8: 8bd7 06e8 

  0x000001ba5d7fe3ac: ; ImmutableOopMap {r11=Oop rdx=Oop [312]=Oop [320]=Oop [328]=Oop [352]=Oop [368]=Oop [376]=Oop }
                      ;*invokevirtual getEnd {reexecute=0 rethrow=0 return_oop=0}
                      ; - com.sun.javafx.text.PrismTextLayout::layout@530 (line 1300)
  0x000001ba5d7fe3ac: 3094 d706 

  0x000001ba5d7fe3b0: ;   {metadata({method} {0x000001ba7b093a68} 'getEnd' '()I' in 'com/sun/javafx/text/TextRun')}
  0x000001ba5d7fe3b0: 49ba 603a | 097b ba01 | 0000 4c89 | 5424 0848 | c704 24ff 

  0x000001ba5d7fe3c4: ;   {runtime_call C1 Runtime counter_overflow_blob}
  0x000001ba5d7fe3c4: ffff ffe8 

  0x000001ba5d7fe3c8: ; ImmutableOopMap {r11=Oop rdx=Oop [312]=Oop [320]=Oop [328]=Oop [352]=Oop [368]=Oop [376]=Oop }
                      ;*synchronization entry
                      ; - com.sun.javafx.text.TextRun::getEnd@-1 (line 88)
                      ; - com.sun.javafx.text.PrismTextLayout::layout@530 (line 1300)
  0x000001ba5d7fe3c8: 14fa d706 | e96a c3ff 

  0x000001ba5d7fe3d0: ;   {metadata({method} {0x000001ba7ac907d0} 'layout' '()V' in 'com/sun/javafx/text/PrismTextLayout')}
  0x000001ba5d7fe3d0: ff49 bac8 | 07c9 7aba | 0100 004c | 8954 2408 | 48c7 0424 | 2002 0000 

  0x000001ba5d7fe3e8: ;   {runtime_call C1 Runtime counter_overflow_blob}
  0x000001ba5d7fe3e8: e8f3 f9d7 

  0x000001ba5d7fe3ec: ; ImmutableOopMap {r11=Oop rdx=Oop [312]=Oop [320]=Oop [328]=Oop [352]=Oop [368]=Oop [376]=Oop }
                      ;*goto {reexecute=1 rethrow=0 return_oop=0}
                      ; - (reexecute) com.sun.javafx.text.PrismTextLayout::layout@544 (line 1301)
  0x000001ba5d7fe3ec: 06e9 a4c3 

  0x000001ba5d7fe3f0: ;   {runtime_call C1 Runtime throw_null_pointer_exception_blob}
  0x000001ba5d7fe3f0: ffff e8e9 

  0x000001ba5d7fe3f4: ; ImmutableOopMap {r11=Oop rdx=Oop [312]=Oop [320]=Oop [328]=Oop [352]=Oop [368]=Oop [376]=Oop }
                      ;*invokevirtual getStart {reexecute=0 rethrow=0 return_oop=0}
                      ; - com.sun.javafx.text.PrismTextLayout::layout@570 (line 1313)
                      ;   {runtime_call C1 Runtime throw_null_pointer_exception_blob}
  0x000001ba5d7fe3f4: 93d7 06e8 

  0x000001ba5d7fe3f8: ; ImmutableOopMap {r11=Oop rdx=Oop r9=Oop [312]=Oop [320]=Oop [328]=Oop [352]=Oop [368]=Oop [376]=Oop }
                      ;*arraylength {reexecute=0 rethrow=0 return_oop=0}
                      ; - com.sun.javafx.text.PrismTextLayout::layout@627 (line 1330)
  0x000001ba5d7fe3f8: e493 d706 

  0x000001ba5d7fe3fc: ;   {runtime_call C1 Runtime new_object_array_blob}
  0x000001ba5d7fe3fc: e8df acd7 

  0x000001ba5d7fe400: ; ImmutableOopMap {r9=Oop [312]=Oop [320]=Oop [328]=Oop [352]=Oop [368]=Oop [376]=Oop [456]=Oop }
                      ;*anewarray {reexecute=0 rethrow=0 return_oop=0}
                      ; - com.sun.javafx.text.PrismTextLayout::layout@639 (line 1331)
  0x000001ba5d7fe400: 06e9 10c6 

  0x000001ba5d7fe404: ;   {static_call}
  0x000001ba5d7fe404: ffff 90e8 

  0x000001ba5d7fe408: ; ImmutableOopMap {[312]=Oop [320]=Oop [328]=Oop [352]=Oop [368]=Oop [376]=Oop [448]=Oop [456]=Oop }
                      ;*invokestatic arraycopy {reexecute=0 rethrow=0 return_oop=0}
                      ; - com.sun.javafx.text.PrismTextLayout::layout@656 (line 1332)
  0x000001ba5d7fe408: d417 ca06 | e9a6 c6ff 

  0x000001ba5d7fe410: ;   {runtime_call C1 Runtime throw_null_pointer_exception_blob}
  0x000001ba5d7fe410: ffe8 ca93 

  0x000001ba5d7fe414: ; ImmutableOopMap {rdx=Oop r8=Oop [312]=Oop [320]=Oop [328]=Oop [352]=Oop [368]=Oop [376]=Oop [448]=Oop [456]=Oop }
                      ;*arraylength {reexecute=0 rethrow=0 return_oop=0}
                      ; - com.sun.javafx.text.PrismTextLayout::layout@677 (line 1333)
                      ;   {static_call}
  0x000001ba5d7fe414: d706 90e8 

  0x000001ba5d7fe418: ; ImmutableOopMap {[312]=Oop [320]=Oop [328]=Oop [352]=Oop [368]=Oop [376]=Oop [448]=Oop [456]=Oop }
                      ;*invokestatic arraycopy {reexecute=0 rethrow=0 return_oop=0}
                      ; - com.sun.javafx.text.PrismTextLayout::layout@683 (line 1333)
  0x000001ba5d7fe418: c417 ca06 | e959 c7ff | ff44 8b42 | 4049 c1e0 | 0349 83f8 | 000f 845c | c7ff ff4c 

  0x000001ba5d7fe434: ;   {runtime_call g1_pre_barrier_slow}
  0x000001ba5d7fe434: 8904 24e8 | a400 d806 | e94e c7ff | ff48 83f8 | 000f 846b | c7ff ff48 

  0x000001ba5d7fe44c: ;   {runtime_call g1_post_barrier_slow}
  0x000001ba5d7fe44c: 8914 24e8 | 8c03 d806 | e95d c7ff | ff66 0f1f 

  0x000001ba5d7fe45c: ;   {static_call}
  0x000001ba5d7fe45c: 4400 00e8 

  0x000001ba5d7fe460: ; ImmutableOopMap {[312]=Oop [320]=Oop [328]=Oop [352]=Oop [368]=Oop [376]=Oop [456]=Oop }
                      ;*invokestatic arraycopy {reexecute=0 rethrow=0 return_oop=0}
                      ; - com.sun.javafx.text.PrismTextLayout::layout@720 (line 1336)
  0x000001ba5d7fe460: 7c17 ca06 | e91d c8ff 

  0x000001ba5d7fe468: ;   {runtime_call C1 Runtime throw_null_pointer_exception_blob}
  0x000001ba5d7fe468: ffe8 7293 

  0x000001ba5d7fe46c: ; ImmutableOopMap {rax=Oop rdi=Oop [312]=Oop [320]=Oop [328]=Oop [352]=Oop [368]=Oop [376]=Oop [456]=Oop }
                      ;*aastore {reexecute=1 rethrow=0 return_oop=0}
                      ; - (reexecute) com.sun.javafx.text.PrismTextLayout::layout@738 (line 1338)
                      ;   {runtime_call C1 Runtime throw_null_pointer_exception_blob}
  0x000001ba5d7fe46c: d706 e86d 

  0x000001ba5d7fe470: ; ImmutableOopMap {rax=Oop rdi=Oop [312]=Oop [320]=Oop [328]=Oop [352]=Oop [368]=Oop [376]=Oop [456]=Oop }
                      ;*aastore {reexecute=1 rethrow=0 return_oop=0}
                      ; - (reexecute) com.sun.javafx.text.PrismTextLayout::layout@738 (line 1338)
  0x000001ba5d7fe470: 93d7 0648 | 890c 2448 | 897c 2408 

  0x000001ba5d7fe47c: ;   {runtime_call C1 Runtime throw_range_check_failed_blob}
  0x000001ba5d7fe47c: e85f 8ad7 

  0x000001ba5d7fe480: ; ImmutableOopMap {rax=Oop rdi=Oop [312]=Oop [320]=Oop [328]=Oop [352]=Oop [368]=Oop [376]=Oop [456]=Oop }
                      ;*aastore {reexecute=1 rethrow=0 return_oop=0}
                      ; - (reexecute) com.sun.javafx.text.PrismTextLayout::layout@738 (line 1338)
                      ;   {runtime_call C1 Runtime throw_null_pointer_exception_blob}
  0x000001ba5d7fe480: 06e8 5a93 

  0x000001ba5d7fe484: ; ImmutableOopMap {rax=Oop rdi=Oop [312]=Oop [320]=Oop [328]=Oop [352]=Oop [368]=Oop [376]=Oop [456]=Oop }
                      ;*aastore {reexecute=1 rethrow=0 return_oop=0}
                      ; - (reexecute) com.sun.javafx.text.PrismTextLayout::layout@738 (line 1338)
  0x000001ba5d7fe484: d706 4889 

  0x000001ba5d7fe488: ;   {runtime_call C1 Runtime throw_array_store_exception_blob}
  0x000001ba5d7fe488: 0424 e8d1 

  0x000001ba5d7fe48c: ; ImmutableOopMap {rax=Oop rdi=Oop [312]=Oop [320]=Oop [328]=Oop [352]=Oop [368]=Oop [376]=Oop [456]=Oop }
                      ;*aastore {reexecute=1 rethrow=0 return_oop=0}
                      ; - (reexecute) com.sun.javafx.text.PrismTextLayout::layout@738 (line 1338)
  0x000001ba5d7fe48c: bcd7 0645 | 8b08 49c1 | e103 4983 | f900 0f84 | 88c9 ffff | 4c89 0c24 

  0x000001ba5d7fe4a4: ;   {runtime_call g1_pre_barrier_slow}
  0x000001ba5d7fe4a4: e837 00d8 | 06e9 7ac9 | ffff 4883 | f800 0f84 | 8ec9 ffff | 4c89 0424 

  0x000001ba5d7fe4bc: ;   {runtime_call g1_post_barrier_slow}
  0x000001ba5d7fe4bc: e81f 03d8 | 06e9 80c9 

  0x000001ba5d7fe4c4: ;   {metadata({method} {0x000001ba7b0946a0} 'isComplex' '()Z' in 'com/sun/javafx/text/TextRun')}
  0x000001ba5d7fe4c4: ffff 49ba | 9846 097b | ba01 0000 | 4c89 5424 | 0848 c704 | 24ff ffff 

  0x000001ba5d7fe4dc: ;   {runtime_call C1 Runtime counter_overflow_blob}
  0x000001ba5d7fe4dc: ffe8 fef8 

  0x000001ba5d7fe4e0: ; ImmutableOopMap {[312]=Oop [320]=Oop [328]=Oop [352]=Oop [368]=Oop [376]=Oop [456]=Oop }
                      ;*synchronization entry
                      ; - com.sun.javafx.text.TextRun::isComplex@-1 (line 161)
                      ; - com.sun.javafx.text.PrismTextLayout::layout@741 (line 1339)
  0x000001ba5d7fe4e0: d706 e9b6 

  0x000001ba5d7fe4e4: ;   {runtime_call C1 Runtime throw_null_pointer_exception_blob}
  0x000001ba5d7fe4e4: c9ff ffe8 

  0x000001ba5d7fe4e8: ; ImmutableOopMap {rdx=Oop rsi=Oop [312]=Oop [320]=Oop [328]=Oop [352]=Oop [368]=Oop [376]=Oop }
                      ;*aaload {reexecute=0 rethrow=0 return_oop=0}
                      ; - com.sun.javafx.text.PrismTextLayout::layout@784 (line 1347)
  0x000001ba5d7fe4e8: f492 d706 

  0x000001ba5d7fe4ec: ;   {runtime_call C1 Runtime throw_null_pointer_exception_blob}
  0x000001ba5d7fe4ec: e8ef 92d7 

  0x000001ba5d7fe4f0: ; ImmutableOopMap {rdx=Oop rsi=Oop [312]=Oop [320]=Oop [328]=Oop [352]=Oop [368]=Oop [376]=Oop }
                      ;*aaload {reexecute=0 rethrow=0 return_oop=0}
                      ; - com.sun.javafx.text.PrismTextLayout::layout@784 (line 1347)
  0x000001ba5d7fe4f0: 064c 8904 | 2448 8974 

  0x000001ba5d7fe4f8: ;   {runtime_call C1 Runtime throw_range_check_failed_blob}
  0x000001ba5d7fe4f8: 2408 e8e1 

  0x000001ba5d7fe4fc: ; ImmutableOopMap {rdx=Oop rsi=Oop [312]=Oop [320]=Oop [328]=Oop [352]=Oop [368]=Oop [376]=Oop }
                      ;*aaload {reexecute=0 rethrow=0 return_oop=0}
                      ; - com.sun.javafx.text.PrismTextLayout::layout@784 (line 1347)
                      ;   {runtime_call C1 Runtime throw_null_pointer_exception_blob}
  0x000001ba5d7fe4fc: 89d7 06e8 

  0x000001ba5d7fe500: ; ImmutableOopMap {rdx=Oop rsi=Oop r8=Oop [312]=Oop [320]=Oop [328]=Oop [352]=Oop [368]=Oop [376]=Oop }
                      ;*invokevirtual isLinebreak {reexecute=0 rethrow=0 return_oop=0}
                      ; - com.sun.javafx.text.PrismTextLayout::layout@785 (line 1347)
  0x000001ba5d7fe500: dc92 d706 

  0x000001ba5d7fe504: ;   {metadata({method} {0x000001ba7b093f70} 'isLinebreak' '()Z' in 'com/sun/javafx/text/TextRun')}
  0x000001ba5d7fe504: 49ba 683f | 097b ba01 | 0000 4c89 | 5424 0848 | c704 24ff 

  0x000001ba5d7fe518: ;   {runtime_call C1 Runtime counter_overflow_blob}
  0x000001ba5d7fe518: ffff ffe8 

  0x000001ba5d7fe51c: ; ImmutableOopMap {rdx=Oop rsi=Oop r8=Oop [312]=Oop [320]=Oop [328]=Oop [352]=Oop [368]=Oop [376]=Oop }
                      ;*synchronization entry
                      ; - com.sun.javafx.text.TextRun::isLinebreak@-1 (line 121)
                      ; - com.sun.javafx.text.PrismTextLayout::layout@785 (line 1347)
  0x000001ba5d7fe51c: c0f8 d706 | e93e cbff | ff48 890c | 2448 8974 

  0x000001ba5d7fe52c: ;   {runtime_call C1 Runtime throw_range_check_failed_blob}
  0x000001ba5d7fe52c: 2408 e8ad 

  0x000001ba5d7fe530: ; ImmutableOopMap {rdx=Oop rsi=Oop [312]=Oop [320]=Oop [328]=Oop [352]=Oop [368]=Oop }
                      ;*aaload {reexecute=0 rethrow=0 return_oop=0}
                      ; - com.sun.javafx.text.PrismTextLayout::layout@797 (line 1348)
                      ;   {runtime_call C1 Runtime throw_null_pointer_exception_blob}
  0x000001ba5d7fe530: 89d7 06e8 

  0x000001ba5d7fe534: ; ImmutableOopMap {rdx=Oop r8=Oop [312]=Oop [320]=Oop [328]=Oop [352]=Oop [368]=Oop }
                      ;*invokevirtual setSoftbreak {reexecute=0 rethrow=0 return_oop=0}
                      ; - com.sun.javafx.text.PrismTextLayout::layout@802 (line 1349)
  0x000001ba5d7fe534: a892 d706 

  0x000001ba5d7fe538: ;   {metadata({method} {0x000001ba7b095298} 'setSoftbreak' '()V' in 'com/sun/javafx/text/TextRun')}
  0x000001ba5d7fe538: 49ba 9052 | 097b ba01 | 0000 4c89 | 5424 0848 | c704 24ff 

  0x000001ba5d7fe54c: ;   {runtime_call C1 Runtime counter_overflow_blob}
  0x000001ba5d7fe54c: ffff ffe8 

  0x000001ba5d7fe550: ; ImmutableOopMap {rdx=Oop r8=Oop [312]=Oop [320]=Oop [328]=Oop [352]=Oop [368]=Oop }
                      ;*synchronization entry
                      ; - com.sun.javafx.text.TextRun::setSoftbreak@-1 (line 250)
                      ; - com.sun.javafx.text.PrismTextLayout::layout@802 (line 1349)
  0x000001ba5d7fe550: 8cf8 d706 | e90c ccff 

  0x000001ba5d7fe558: ;   {runtime_call C1 Runtime throw_null_pointer_exception_blob}
  0x000001ba5d7fe558: ffe8 8292 

  0x000001ba5d7fe55c: ; ImmutableOopMap {rdx=Oop rdi=Oop [312]=Oop [320]=Oop [328]=Oop [352]=Oop [368]=Oop }
                      ;*invokevirtual isBreak {reexecute=0 rethrow=0 return_oop=0}
                      ; - com.sun.javafx.text.PrismTextLayout::layout@826 (line 1369)
                      ;   {metadata({method} {0x000001ba7b094198} 'isBreak' '()Z' in 'com/sun/javafx/text/TextRun')}
  0x000001ba5d7fe55c: d706 49ba | 9041 097b | ba01 0000 | 4c89 5424 | 0848 c704 | 24ff ffff 

  0x000001ba5d7fe574: ;   {runtime_call C1 Runtime counter_overflow_blob}
  0x000001ba5d7fe574: ffe8 66f8 

  0x000001ba5d7fe578: ; ImmutableOopMap {rdx=Oop rdi=Oop [312]=Oop [320]=Oop [328]=Oop [352]=Oop [368]=Oop }
                      ;*synchronization entry
                      ; - com.sun.javafx.text.TextRun::isBreak@-1 (line 133)
                      ; - com.sun.javafx.text.PrismTextLayout::layout@826 (line 1369)
  0x000001ba5d7fe578: d706 e956 

  0x000001ba5d7fe57c: ;   {runtime_call C1 Runtime throw_null_pointer_exception_blob}
  0x000001ba5d7fe57c: ccff ffe8 

  0x000001ba5d7fe580: ; ImmutableOopMap {rdx=Oop r8=Oop [312]=Oop [320]=Oop [328]=Oop [352]=Oop [368]=Oop }
                      ;*aaload {reexecute=0 rethrow=0 return_oop=0}
                      ; - com.sun.javafx.text.PrismTextLayout::layout@846 (line 1370)
  0x000001ba5d7fe580: 5c92 d706 

  0x000001ba5d7fe584: ;   {runtime_call C1 Runtime throw_null_pointer_exception_blob}
  0x000001ba5d7fe584: e857 92d7 

  0x000001ba5d7fe588: ; ImmutableOopMap {rdx=Oop r8=Oop [312]=Oop [320]=Oop [328]=Oop [352]=Oop [368]=Oop }
                      ;*aaload {reexecute=0 rethrow=0 return_oop=0}
                      ; - com.sun.javafx.text.PrismTextLayout::layout@846 (line 1370)
  0x000001ba5d7fe588: 0648 8934 | 244c 8944 

  0x000001ba5d7fe590: ;   {runtime_call C1 Runtime throw_range_check_failed_blob}
  0x000001ba5d7fe590: 2408 e849 

  0x000001ba5d7fe594: ; ImmutableOopMap {rdx=Oop r8=Oop [312]=Oop [320]=Oop [328]=Oop [352]=Oop [368]=Oop }
                      ;*aaload {reexecute=0 rethrow=0 return_oop=0}
                      ; - com.sun.javafx.text.PrismTextLayout::layout@846 (line 1370)
                      ;   {metadata({method} {0x000000002c221148} 'add' '(Ljava/lang/Object;)Z' in 'java/util/ArrayList')}
  0x000001ba5d7fe594: 89d7 0649 | ba40 1122 | 2c00 0000 | 004c 8954 | 2408 48c7 | 0424 ffff 

  0x000001ba5d7fe5ac: ;   {runtime_call C1 Runtime counter_overflow_blob}
  0x000001ba5d7fe5ac: ffff e82d 

  0x000001ba5d7fe5b0: ; ImmutableOopMap {rax=Oop [312]=Oop [320]=Oop [328]=Oop [352]=Oop [368]=Oop }
                      ;*synchronization entry
                      ; - java.util.ArrayList::add@-1 (line 496)
                      ; - com.sun.javafx.text.PrismTextLayout::layout@859 (line 1371)
  0x000001ba5d7fe5b0: f8d7 06e9 | 22ce ffff 

  0x000001ba5d7fe5b8: ;   {metadata({method} {0x000000002c222068} 'add' '(Ljava/lang/Object;[Ljava/lang/Object;I)V' in 'java/util/ArrayList')}
  0x000001ba5d7fe5b8: 49ba 6020 | 222c 0000 | 0000 4c89 | 5424 0848 | c704 24ff 

  0x000001ba5d7fe5cc: ;   {runtime_call C1 Runtime counter_overflow_blob}
  0x000001ba5d7fe5cc: ffff ffe8 

  0x000001ba5d7fe5d0: ; ImmutableOopMap {rax=Oop rsi=Oop r8=Oop [312]=Oop [320]=Oop [328]=Oop [352]=Oop [368]=Oop }
                      ;*synchronization entry
                      ; - java.util.ArrayList::add@-1 (line 483)
                      ; - java.util.ArrayList::add@20 (line 497)
                      ; - com.sun.javafx.text.PrismTextLayout::layout@859 (line 1371)
  0x000001ba5d7fe5d0: 0cf8 d706 | e95b ceff 

  0x000001ba5d7fe5d8: ;   {runtime_call C1 Runtime throw_null_pointer_exception_blob}
  0x000001ba5d7fe5d8: ffe8 0292 

  0x000001ba5d7fe5dc: ; ImmutableOopMap {rax=Oop rsi=Oop r8=Oop [312]=Oop [320]=Oop [328]=Oop [352]=Oop [368]=Oop }
                      ;*arraylength {reexecute=0 rethrow=0 return_oop=0}
                      ; - java.util.ArrayList::add@2 (line 483)
                      ; - java.util.ArrayList::add@20 (line 497)
                      ; - com.sun.javafx.text.PrismTextLayout::layout@859 (line 1371)
                      ;   {metadata({method} {0x000000002c2221c8} 'grow' '()[Ljava/lang/Object;' in 'java/util/ArrayList')}
  0x000001ba5d7fe5dc: d706 49ba | c021 222c | 0000 0000 | 4c89 5424 | 0848 c704 | 24ff ffff 

  0x000001ba5d7fe5f4: ;   {runtime_call C1 Runtime counter_overflow_blob}
  0x000001ba5d7fe5f4: ffe8 e6f7 

  0x000001ba5d7fe5f8: ; ImmutableOopMap {rsi=Oop [312]=Oop [320]=Oop [328]=Oop [352]=Oop [368]=Oop [488]=Oop }
                      ;*synchronization entry
                      ; - java.util.ArrayList::grow@-1 (line 245)
                      ; - java.util.ArrayList::add@7 (line 484)
                      ; - java.util.ArrayList::add@20 (line 497)
                      ; - com.sun.javafx.text.PrismTextLayout::layout@859 (line 1371)
  0x000001ba5d7fe5f8: d706 e9a9 

  0x000001ba5d7fe5fc: ;   {runtime_call C1 Runtime throw_null_pointer_exception_blob}
  0x000001ba5d7fe5fc: ceff ffe8 

  0x000001ba5d7fe600: ; ImmutableOopMap {r8=Oop rsi=Oop rax=Oop [312]=Oop [320]=Oop [328]=Oop [352]=Oop [368]=Oop }
                      ;*aastore {reexecute=1 rethrow=0 return_oop=0}
                      ; - (reexecute) java.util.ArrayList::add@14 (line 485)
                      ; - java.util.ArrayList::add@20 (line 497)
                      ; - com.sun.javafx.text.PrismTextLayout::layout@859 (line 1371)
  0x000001ba5d7fe600: dc91 d706 

  0x000001ba5d7fe604: ;   {runtime_call C1 Runtime throw_null_pointer_exception_blob}
  0x000001ba5d7fe604: e8d7 91d7 

  0x000001ba5d7fe608: ; ImmutableOopMap {r8=Oop rsi=Oop rax=Oop [312]=Oop [320]=Oop [328]=Oop [352]=Oop [368]=Oop }
                      ;*aastore {reexecute=1 rethrow=0 return_oop=0}
                      ; - (reexecute) java.util.ArrayList::add@14 (line 485)
                      ; - java.util.ArrayList::add@20 (line 497)
                      ; - com.sun.javafx.text.PrismTextLayout::layout@859 (line 1371)
  0x000001ba5d7fe608: 0648 893c | 244c 8944 

  0x000001ba5d7fe610: ;   {runtime_call C1 Runtime throw_range_check_failed_blob}
  0x000001ba5d7fe610: 2408 e8c9 

  0x000001ba5d7fe614: ; ImmutableOopMap {r8=Oop rsi=Oop rax=Oop [312]=Oop [320]=Oop [328]=Oop [352]=Oop [368]=Oop }
                      ;*aastore {reexecute=1 rethrow=0 return_oop=0}
                      ; - (reexecute) java.util.ArrayList::add@14 (line 485)
                      ; - java.util.ArrayList::add@20 (line 497)
                      ; - com.sun.javafx.text.PrismTextLayout::layout@859 (line 1371)
                      ;   {runtime_call C1 Runtime throw_null_pointer_exception_blob}
  0x000001ba5d7fe614: 88d7 06e8 

  0x000001ba5d7fe618: ; ImmutableOopMap {r8=Oop rsi=Oop rax=Oop [312]=Oop [320]=Oop [328]=Oop [352]=Oop [368]=Oop }
                      ;*aastore {reexecute=1 rethrow=0 return_oop=0}
                      ; - (reexecute) java.util.ArrayList::add@14 (line 485)
                      ; - java.util.ArrayList::add@20 (line 497)
                      ; - com.sun.javafx.text.PrismTextLayout::layout@859 (line 1371)
  0x000001ba5d7fe618: c491 d706 | 4889 0424 

  0x000001ba5d7fe620: ;   {runtime_call C1 Runtime throw_array_store_exception_blob}
  0x000001ba5d7fe620: e83b bbd7 

  0x000001ba5d7fe624: ; ImmutableOopMap {r8=Oop rsi=Oop rax=Oop [312]=Oop [320]=Oop [328]=Oop [352]=Oop [368]=Oop }
                      ;*aastore {reexecute=1 rethrow=0 return_oop=0}
                      ; - (reexecute) java.util.ArrayList::add@14 (line 485)
                      ; - java.util.ArrayList::add@20 (line 497)
                      ; - com.sun.javafx.text.PrismTextLayout::layout@859 (line 1371)
  0x000001ba5d7fe624: 0645 8b08 | 49c1 e103 | 4983 f900 | 0f84 d2cf | ffff 4c89 

  0x000001ba5d7fe638: ;   {runtime_call g1_pre_barrier_slow}
  0x000001ba5d7fe638: 0c24 e8a1 | fed7 06e9 | c4cf ffff | 4883 f800 | 0f84 d8cf | ffff 4c89 

  0x000001ba5d7fe650: ;   {runtime_call g1_post_barrier_slow}
  0x000001ba5d7fe650: 0424 e889 | 01d8 06e9 | cacf ffff 

  0x000001ba5d7fe65c: ;   {runtime_call C1 Runtime throw_null_pointer_exception_blob}
  0x000001ba5d7fe65c: e87f 91d7 

  0x000001ba5d7fe660: ; ImmutableOopMap {rsi=Oop rax=Oop [312]=Oop [320]=Oop [328]=Oop [352]=Oop [368]=Oop }
                      ;*invokevirtual getLength {reexecute=0 rethrow=0 return_oop=0}
                      ; - com.sun.javafx.text.PrismTextLayout::layout@873 (line 1373)
                      ;   {metadata({method} {0x000001ba7ac907d0} 'layout' '()V' in 'com/sun/javafx/text/PrismTextLayout')}
  0x000001ba5d7fe660: 0649 bac8 | 07c9 7aba | 0100 004c | 8954 2408 | 48c7 0424 | 7503 0000 

  0x000001ba5d7fe678: ;   {runtime_call C1 Runtime counter_overflow_blob}
  0x000001ba5d7fe678: e863 f7d7 

  0x000001ba5d7fe67c: ; ImmutableOopMap {rsi=Oop [312]=Oop [320]=Oop [328]=Oop [352]=Oop [368]=Oop }
                      ;*goto {reexecute=1 rethrow=0 return_oop=0}
                      ; - (reexecute) com.sun.javafx.text.PrismTextLayout::layout@885 (line 1237)
  0x000001ba5d7fe67c: 06e9 34d0 

  0x000001ba5d7fe680: ;   {runtime_call C1 Runtime throw_null_pointer_exception_blob}
  0x000001ba5d7fe680: ffff e859 

  0x000001ba5d7fe684: ; ImmutableOopMap {rsi=Oop r8=Oop [312]=Oop [320]=Oop [368]=Oop }
                      ;*invokevirtual dispose {reexecute=0 rethrow=0 return_oop=0}
                      ; - com.sun.javafx.text.PrismTextLayout::layout@893 (line 1377)
                      ;   {metadata({method} {0x000001ba7a869660} 'dispose' '()V' in 'com/sun/javafx/font/directwrite/DWGlyphLayout')}
  0x000001ba5d7fe684: 91d7 0649 | ba58 9686 | 7aba 0100 | 004c 8954 | 2408 48c7 | 0424 ffff 

  0x000001ba5d7fe69c: ;   {runtime_call C1 Runtime counter_overflow_blob}
  0x000001ba5d7fe69c: ffff e83d 

  0x000001ba5d7fe6a0: ; ImmutableOopMap {rsi=Oop r8=Oop [312]=Oop [320]=Oop [368]=Oop }
                      ;*synchronization entry
                      ; - com.sun.javafx.font.directwrite.DWGlyphLayout::dispose@-1 (line 413)
                      ; - com.sun.javafx.text.PrismTextLayout::layout@893 (line 1377)
  0x000001ba5d7fe6a0: f7d7 06e9 | fcd0 ffff 

  0x000001ba5d7fe6a8: ;   {metadata({method} {0x000001ba7b096f78} 'dispose' '(Lcom/sun/javafx/text/GlyphLayout;)V' in 'com/sun/javafx/text/GlyphLayoutManager')}
  0x000001ba5d7fe6a8: 49ba 706f | 097b ba01 | 0000 4c89 | 5424 0848 | c704 24ff 

  0x000001ba5d7fe6bc: ;   {runtime_call C1 Runtime counter_overflow_blob}
  0x000001ba5d7fe6bc: ffff ffe8 

  0x000001ba5d7fe6c0: ; ImmutableOopMap {rsi=Oop r8=Oop [312]=Oop [320]=Oop [368]=Oop }
                      ;*synchronization entry
                      ; - com.sun.javafx.text.GlyphLayoutManager::dispose@-1 (line 59)
                      ; - com.sun.javafx.font.directwrite.DWGlyphLayout::dispose@1 (line 413)
                      ; - com.sun.javafx.text.PrismTextLayout::layout@893 (line 1377)
  0x000001ba5d7fe6c0: 1cf7 d706 | e916 d1ff 

  0x000001ba5d7fe6c8: ;   {metadata({method} {0x000001ba7a1250f0} 'set' '(Z)V' in 'java/util/concurrent/atomic/AtomicBoolean')}
  0x000001ba5d7fe6c8: ff49 bae8 | 5012 7aba | 0100 004c | 8954 2408 | 48c7 0424 | ffff ffff 

  0x000001ba5d7fe6e0: ;   {runtime_call C1 Runtime counter_overflow_blob}
  0x000001ba5d7fe6e0: e8fb f6d7 

  0x000001ba5d7fe6e4: ; ImmutableOopMap {rsi=Oop [312]=Oop [320]=Oop [368]=Oop }
                      ;*synchronization entry
                      ; - java.util.concurrent.atomic.AtomicBoolean::set@-1 (line 149)
                      ; - com.sun.javafx.text.GlyphLayoutManager::dispose@11 (line 60)
                      ; - com.sun.javafx.font.directwrite.DWGlyphLayout::dispose@1 (line 413)
                      ; - com.sun.javafx.text.PrismTextLayout::layout@893 (line 1377)
  0x000001ba5d7fe6e4: 06e9 efd1 

  0x000001ba5d7fe6e8: ;   {metadata({method} {0x000000002c221148} 'add' '(Ljava/lang/Object;)Z' in 'java/util/ArrayList')}
  0x000001ba5d7fe6e8: ffff 49ba | 4011 222c | 0000 0000 | 4c89 5424 | 0848 c704 | 24ff ffff 

  0x000001ba5d7fe700: ;   {runtime_call C1 Runtime counter_overflow_blob}
  0x000001ba5d7fe700: ffe8 daf6 

  0x000001ba5d7fe704: ; ImmutableOopMap {rax=Oop [312]=Oop [320]=Oop [368]=Oop }
                      ;*synchronization entry
                      ; - java.util.ArrayList::add@-1 (line 496)
                      ; - com.sun.javafx.text.PrismTextLayout::layout@913 (line 1379)
  0x000001ba5d7fe704: d706 e9ff 

  0x000001ba5d7fe708: ;   {metadata({method} {0x000000002c222068} 'add' '(Ljava/lang/Object;[Ljava/lang/Object;I)V' in 'java/util/ArrayList')}
  0x000001ba5d7fe708: d2ff ff49 | ba60 2022 | 2c00 0000 | 004c 8954 | 2408 48c7 | 0424 ffff 

  0x000001ba5d7fe720: ;   {runtime_call C1 Runtime counter_overflow_blob}
  0x000001ba5d7fe720: ffff e8b9 

  0x000001ba5d7fe724: ; ImmutableOopMap {rax=Oop rsi=Oop r8=Oop [312]=Oop [320]=Oop [368]=Oop }
                      ;*synchronization entry
                      ; - java.util.ArrayList::add@-1 (line 483)
                      ; - java.util.ArrayList::add@20 (line 497)
                      ; - com.sun.javafx.text.PrismTextLayout::layout@913 (line 1379)
  0x000001ba5d7fe724: f6d7 06e9 | 38d3 ffff 

  0x000001ba5d7fe72c: ;   {runtime_call C1 Runtime throw_null_pointer_exception_blob}
  0x000001ba5d7fe72c: e8af 90d7 

  0x000001ba5d7fe730: ; ImmutableOopMap {rax=Oop rsi=Oop r8=Oop [312]=Oop [320]=Oop [368]=Oop }
                      ;*arraylength {reexecute=0 rethrow=0 return_oop=0}
                      ; - java.util.ArrayList::add@2 (line 483)
                      ; - java.util.ArrayList::add@20 (line 497)
                      ; - com.sun.javafx.text.PrismTextLayout::layout@913 (line 1379)
                      ;   {metadata({method} {0x000000002c2221c8} 'grow' '()[Ljava/lang/Object;' in 'java/util/ArrayList')}
  0x000001ba5d7fe730: 0649 bac0 | 2122 2c00 | 0000 004c | 8954 2408 | 48c7 0424 | ffff ffff 

  0x000001ba5d7fe748: ;   {runtime_call C1 Runtime counter_overflow_blob}
  0x000001ba5d7fe748: e893 f6d7 

  0x000001ba5d7fe74c: ; ImmutableOopMap {rsi=Oop [312]=Oop [320]=Oop [368]=Oop [504]=Oop }
                      ;*synchronization entry
                      ; - java.util.ArrayList::grow@-1 (line 245)
                      ; - java.util.ArrayList::add@7 (line 484)
                      ; - java.util.ArrayList::add@20 (line 497)
                      ; - com.sun.javafx.text.PrismTextLayout::layout@913 (line 1379)
  0x000001ba5d7fe74c: 06e9 8ed3 

  0x000001ba5d7fe750: ;   {runtime_call C1 Runtime throw_null_pointer_exception_blob}
  0x000001ba5d7fe750: ffff e889 

  0x000001ba5d7fe754: ; ImmutableOopMap {r8=Oop rax=Oop r9=Oop [312]=Oop [320]=Oop [368]=Oop }
                      ;*aastore {reexecute=1 rethrow=0 return_oop=0}
                      ; - (reexecute) java.util.ArrayList::add@14 (line 485)
                      ; - java.util.ArrayList::add@20 (line 497)
                      ; - com.sun.javafx.text.PrismTextLayout::layout@913 (line 1379)
                      ;   {runtime_call C1 Runtime throw_null_pointer_exception_blob}
  0x000001ba5d7fe754: 90d7 06e8 

  0x000001ba5d7fe758: ; ImmutableOopMap {r8=Oop rax=Oop r9=Oop [312]=Oop [320]=Oop [368]=Oop }
                      ;*aastore {reexecute=1 rethrow=0 return_oop=0}
                      ; - (reexecute) java.util.ArrayList::add@14 (line 485)
                      ; - java.util.ArrayList::add@20 (line 497)
                      ; - com.sun.javafx.text.PrismTextLayout::layout@913 (line 1379)
  0x000001ba5d7fe758: 8490 d706 | 4889 3c24 | 4c89 4424 

  0x000001ba5d7fe764: ;   {runtime_call C1 Runtime throw_range_check_failed_blob}
  0x000001ba5d7fe764: 08e8 7687 

  0x000001ba5d7fe768: ; ImmutableOopMap {r8=Oop rax=Oop r9=Oop [312]=Oop [320]=Oop [368]=Oop }
                      ;*aastore {reexecute=1 rethrow=0 return_oop=0}
                      ; - (reexecute) java.util.ArrayList::add@14 (line 485)
                      ; - java.util.ArrayList::add@20 (line 497)
                      ; - com.sun.javafx.text.PrismTextLayout::layout@913 (line 1379)
                      ;   {runtime_call C1 Runtime throw_null_pointer_exception_blob}
  0x000001ba5d7fe768: d706 e871 

  0x000001ba5d7fe76c: ; ImmutableOopMap {r8=Oop rax=Oop r9=Oop [312]=Oop [320]=Oop [368]=Oop }
                      ;*aastore {reexecute=1 rethrow=0 return_oop=0}
                      ; - (reexecute) java.util.ArrayList::add@14 (line 485)
                      ; - java.util.ArrayList::add@20 (line 497)
                      ; - com.sun.javafx.text.PrismTextLayout::layout@913 (line 1379)
  0x000001ba5d7fe76c: 90d7 0648 

  0x000001ba5d7fe770: ;   {runtime_call C1 Runtime throw_array_store_exception_blob}
  0x000001ba5d7fe770: 8904 24e8 

  0x000001ba5d7fe774: ; ImmutableOopMap {r8=Oop rax=Oop r9=Oop [312]=Oop [320]=Oop [368]=Oop }
                      ;*aastore {reexecute=1 rethrow=0 return_oop=0}
                      ; - (reexecute) java.util.ArrayList::add@14 (line 485)
                      ; - java.util.ArrayList::add@20 (line 497)
                      ; - com.sun.javafx.text.PrismTextLayout::layout@913 (line 1379)
  0x000001ba5d7fe774: e8b9 d706 | 8b13 48c1 | e203 4883 | fa00 0f84 | b2d4 ffff | 4889 1424 

  0x000001ba5d7fe78c: ;   {runtime_call g1_pre_barrier_slow}
  0x000001ba5d7fe78c: e84f fdd7 | 06e9 a4d4 | ffff 4883 | f800 0f84 | b8d4 ffff | 4889 1c24 

  0x000001ba5d7fe7a4: ;   {runtime_call g1_post_barrier_slow}
  0x000001ba5d7fe7a4: e837 00d8 | 06e9 aad4 

  0x000001ba5d7fe7ac: ;   {runtime_call C1 Runtime new_object_array_blob}
  0x000001ba5d7fe7ac: ffff e82d 

  0x000001ba5d7fe7b0: ; ImmutableOopMap {r9=Oop r11=Oop [312]=Oop [320]=Oop [368]=Oop }
                      ;*anewarray {reexecute=0 rethrow=0 return_oop=0}
                      ; - com.sun.javafx.text.PrismTextLayout::layout@923 (line 1380)
  0x000001ba5d7fe7b0: a9d7 06e9 | c7d5 ffff | 458b 433c | 49c1 e003 | 4983 f800 | 0f84 c3d5 | ffff 4c89 

  0x000001ba5d7fe7cc: ;   {runtime_call g1_pre_barrier_slow}
  0x000001ba5d7fe7cc: 0424 e80d | fdd7 06e9 | b5d5 ffff | 4883 f800 | 0f84 cad5 | ffff 4c89 

  0x000001ba5d7fe7e4: ;   {runtime_call g1_post_barrier_slow}
  0x000001ba5d7fe7e4: 1c24 e8f5 | ffd7 06e9 | bcd5 ffff 

  0x000001ba5d7fe7f0: ;   {runtime_call C1 Runtime throw_null_pointer_exception_blob}
  0x000001ba5d7fe7f0: e8eb 8fd7 

  0x000001ba5d7fe7f4: ; ImmutableOopMap {rax=Oop rdx=Oop rbx=Oop [312]=Oop [320]=Oop }
                      ;*arraylength {reexecute=0 rethrow=0 return_oop=0}
                      ; - com.sun.javafx.text.PrismTextLayout::layout@1021 (line 1394)
                      ;   {runtime_call C1 Runtime throw_null_pointer_exception_blob}
  0x000001ba5d7fe7f4: 06e8 e68f 

  0x000001ba5d7fe7f8: ; ImmutableOopMap {rax=Oop rdx=Oop rbx=Oop [312]=Oop [320]=Oop [528]=Oop }
                      ;*invokevirtual getStart {reexecute=0 rethrow=0 return_oop=0}
                      ; - com.sun.javafx.text.PrismTextLayout::layout@1036 (line 1396)
                      ;   {runtime_call C1 Runtime throw_null_pointer_exception_blob}
  0x000001ba5d7fe7f8: d706 e8e1 

  0x000001ba5d7fe7fc: ; ImmutableOopMap {rax=Oop rdx=Oop rbx=Oop rcx=Oop [312]=Oop [320]=Oop [528]=Oop [536]=Oop }
                      ;*invokevirtual getWidth {reexecute=0 rethrow=0 return_oop=0}
                      ; - com.sun.javafx.text.PrismTextLayout::layout@1052 (line 1400)
                      ;   {metadata({method} {0x000001ba7a80c5e8} 'getWidth' '()F' in 'com/sun/javafx/geom/RectBounds')}
  0x000001ba5d7fe7fc: 8fd7 0649 | bae0 c580 | 7aba 0100 | 004c 8954 | 2408 48c7 | 0424 ffff 

  0x000001ba5d7fe814: ;   {runtime_call C1 Runtime counter_overflow_blob}
  0x000001ba5d7fe814: ffff e8c5 

  0x000001ba5d7fe818: ; ImmutableOopMap {rax=Oop rdx=Oop rbx=Oop rcx=Oop [312]=Oop [320]=Oop [528]=Oop [536]=Oop }
                      ;*synchronization entry
                      ; - com.sun.javafx.geom.RectBounds::getWidth@-1 (line 90)
                      ; - com.sun.javafx.text.PrismTextLayout::layout@1052 (line 1400)
  0x000001ba5d7fe818: f5d7 06e9 | 61d9 ffff 

  0x000001ba5d7fe820: ;   {metadata({method} {0x000001ba7b09af98} 'setAlignment' '(F)V' in 'com/sun/javafx/text/PrismTextLine')}
  0x000001ba5d7fe820: 49ba 90af | 097b ba01 | 0000 4c89 | 5424 0848 | c704 24ff 

  0x000001ba5d7fe834: ;   {runtime_call C1 Runtime counter_overflow_blob}
  0x000001ba5d7fe834: ffff ffe8 

  0x000001ba5d7fe838: ; ImmutableOopMap {rax=Oop rdx=Oop rbx=Oop rcx=Oop [312]=Oop [320]=Oop [528]=Oop [536]=Oop }
                      ;*synchronization entry
                      ; - com.sun.javafx.text.PrismTextLine::setAlignment@-1 (line 89)
                      ; - com.sun.javafx.text.PrismTextLayout::layout@1069 (line 1402)
  0x000001ba5d7fe838: a4f5 d706 | e9a3 d9ff 

  0x000001ba5d7fe840: ;   {runtime_call C1 Runtime throw_null_pointer_exception_blob}
  0x000001ba5d7fe840: ffe8 9a8f 

  0x000001ba5d7fe844: ; ImmutableOopMap {rax=Oop rdx=Oop rbx=Oop rcx=Oop r9=Oop [312]=Oop [320]=Oop [512]=Oop [528]=Oop [536]=Oop }
                      ;*arraylength {reexecute=0 rethrow=0 return_oop=0}
                      ; - com.sun.javafx.text.PrismTextLayout::layout@1109 (line 1408)
  0x000001ba5d7fe844: d706 4889 | 3424 4c89 

  0x000001ba5d7fe84c: ;   {runtime_call C1 Runtime throw_range_check_failed_blob}
  0x000001ba5d7fe84c: 4c24 08e8 

  0x000001ba5d7fe850: ; ImmutableOopMap {rax=Oop rdx=Oop rbx=Oop rcx=Oop r9=Oop [312]=Oop [320]=Oop [512]=Oop [528]=Oop [536]=Oop }
                      ;*aaload {reexecute=0 rethrow=0 return_oop=0}
                      ; - com.sun.javafx.text.PrismTextLayout::layout@1123 (line 1409)
  0x000001ba5d7fe850: 8c86 d706 

  0x000001ba5d7fe854: ;   {runtime_call C1 Runtime throw_null_pointer_exception_blob}
  0x000001ba5d7fe854: e887 8fd7 

  0x000001ba5d7fe858: ; ImmutableOopMap {rax=Oop rdx=Oop rbx=Oop rcx=Oop r9=Oop rsi=Oop [312]=Oop [320]=Oop [512]=Oop [528]=Oop [536]=Oop }
                      ;*invokevirtual isSoftbreak {reexecute=0 rethrow=0 return_oop=0}
                      ; - com.sun.javafx.text.PrismTextLayout::layout@1124 (line 1409)
                      ;   {metadata({method} {0x000001ba7b0940e0} 'isSoftbreak' '()Z' in 'com/sun/javafx/text/TextRun')}
  0x000001ba5d7fe858: 0649 bad8 | 4009 7bba | 0100 004c | 8954 2408 | 48c7 0424 | ffff ffff 

  0x000001ba5d7fe870: ;   {runtime_call C1 Runtime counter_overflow_blob}
  0x000001ba5d7fe870: e86b f5d7 

  0x000001ba5d7fe874: ; ImmutableOopMap {rax=Oop rdx=Oop rbx=Oop rcx=Oop rsi=Oop [312]=Oop [320]=Oop [512]=Oop [528]=Oop [536]=Oop }
                      ;*synchronization entry
                      ; - com.sun.javafx.text.TextRun::isSoftbreak@-1 (line 129)
                      ; - com.sun.javafx.text.PrismTextLayout::layout@1124 (line 1409)
  0x000001ba5d7fe874: 06e9 1cdd 

  0x000001ba5d7fe878: ;   {runtime_call C1 Runtime throw_null_pointer_exception_blob}
  0x000001ba5d7fe878: ffff e861 

  0x000001ba5d7fe87c: ; ImmutableOopMap {rax=Oop rdx=Oop rbx=Oop rcx=Oop [312]=Oop [320]=Oop [512]=Oop [528]=Oop [536]=Oop }
                      ;*caload {reexecute=0 rethrow=0 return_oop=0}
                      ; - com.sun.javafx.text.PrismTextLayout::layout@1167 (line 1415)
                      ;   {runtime_call C1 Runtime throw_null_pointer_exception_blob}
  0x000001ba5d7fe87c: 8fd7 06e8 

  0x000001ba5d7fe880: ; ImmutableOopMap {rax=Oop rdx=Oop rbx=Oop rcx=Oop [312]=Oop [320]=Oop [512]=Oop [528]=Oop [536]=Oop }
                      ;*caload {reexecute=0 rethrow=0 return_oop=0}
                      ; - com.sun.javafx.text.PrismTextLayout::layout@1167 (line 1415)
  0x000001ba5d7fe880: 5c8f d706 | 4889 3424 | 4889 4424 

  0x000001ba5d7fe88c: ;   {runtime_call C1 Runtime throw_range_check_failed_blob}
  0x000001ba5d7fe88c: 08e8 4e86 

  0x000001ba5d7fe890: ; ImmutableOopMap {rax=Oop rdx=Oop rbx=Oop rcx=Oop [312]=Oop [320]=Oop [512]=Oop [528]=Oop [536]=Oop }
                      ;*caload {reexecute=0 rethrow=0 return_oop=0}
                      ; - com.sun.javafx.text.PrismTextLayout::layout@1167 (line 1415)
                      ;   {runtime_call C1 Runtime throw_null_pointer_exception_blob}
  0x000001ba5d7fe890: d706 e849 

  0x000001ba5d7fe894: ; ImmutableOopMap {rax=Oop rdx=Oop rbx=Oop rcx=Oop [312]=Oop [320]=Oop [512]=Oop [528]=Oop [536]=Oop }
                      ;*caload {reexecute=0 rethrow=0 return_oop=0}
                      ; - com.sun.javafx.text.PrismTextLayout::layout@1184 (line 1416)
                      ;   {runtime_call C1 Runtime throw_null_pointer_exception_blob}
  0x000001ba5d7fe894: 8fd7 06e8 

  0x000001ba5d7fe898: ; ImmutableOopMap {rax=Oop rdx=Oop rbx=Oop rcx=Oop [312]=Oop [320]=Oop [512]=Oop [528]=Oop [536]=Oop }
                      ;*caload {reexecute=0 rethrow=0 return_oop=0}
                      ; - com.sun.javafx.text.PrismTextLayout::layout@1184 (line 1416)
  0x000001ba5d7fe898: 448f d706 | 4889 3424 | 4889 4424 

  0x000001ba5d7fe8a4: ;   {runtime_call C1 Runtime throw_range_check_failed_blob}
  0x000001ba5d7fe8a4: 08e8 3686 

  0x000001ba5d7fe8a8: ; ImmutableOopMap {rax=Oop rdx=Oop rbx=Oop rcx=Oop [312]=Oop [320]=Oop [512]=Oop [528]=Oop [536]=Oop }
                      ;*caload {reexecute=0 rethrow=0 return_oop=0}
                      ; - com.sun.javafx.text.PrismTextLayout::layout@1184 (line 1416)
                      ;   {metadata({method} {0x000001ba7ac907d0} 'layout' '()V' in 'com/sun/javafx/text/PrismTextLayout')}
  0x000001ba5d7fe8a8: d706 49ba | c807 c97a | ba01 0000 | 4c89 5424 | 0848 c704 | 24ac 0400 

  0x000001ba5d7fe8c0: ;   {runtime_call C1 Runtime counter_overflow_blob}
  0x000001ba5d7fe8c0: 00e8 1af5 

  0x000001ba5d7fe8c4: ; ImmutableOopMap {rax=Oop rdx=Oop rbx=Oop rcx=Oop [312]=Oop [320]=Oop [512]=Oop [528]=Oop [536]=Oop }
                      ;*goto {reexecute=1 rethrow=0 return_oop=0}
                      ; - (reexecute) com.sun.javafx.text.PrismTextLayout::layout@1196 (line 1414)
  0x000001ba5d7fe8c4: d706 e9d7 

  0x000001ba5d7fe8c8: ;   {runtime_call C1 Runtime throw_null_pointer_exception_blob}
  0x000001ba5d7fe8c8: deff ffe8 

  0x000001ba5d7fe8cc: ; ImmutableOopMap {r9=Oop rdi=Oop [312]=Oop [320]=Oop [512]=Oop [528]=Oop [536]=Oop [552]=Oop }
                      ;*invokevirtual getStart {reexecute=0 rethrow=0 return_oop=0}
                      ; - com.sun.javafx.text.PrismTextLayout::layout@1231 (line 1423)
  0x000001ba5d7fe8cc: 108f d706 

  0x000001ba5d7fe8d0: ;   {metadata({method} {0x000001ba7b093a68} 'getEnd' '()I' in 'com/sun/javafx/text/TextRun')}
  0x000001ba5d7fe8d0: 49ba 603a | 097b ba01 | 0000 4c89 | 5424 0848 | c704 24ff 

  0x000001ba5d7fe8e4: ;   {runtime_call C1 Runtime counter_overflow_blob}
  0x000001ba5d7fe8e4: ffff ffe8 

  0x000001ba5d7fe8e8: ; ImmutableOopMap {r9=Oop rdi=Oop [312]=Oop [320]=Oop [512]=Oop [528]=Oop [536]=Oop [552]=Oop }
                      ;*synchronization entry
                      ; - com.sun.javafx.text.TextRun::getEnd@-1 (line 88)
                      ; - com.sun.javafx.text.PrismTextLayout::layout@1238 (line 1424)
  0x000001ba5d7fe8e8: f4f4 d706 | e917 e0ff 

  0x000001ba5d7fe8f0: ;   {runtime_call C1 Runtime throw_null_pointer_exception_blob}
  0x000001ba5d7fe8f0: ffe8 ea8e 

  0x000001ba5d7fe8f4: ; ImmutableOopMap {rax=Oop [312]=Oop [320]=Oop [512]=Oop [528]=Oop [536]=Oop [552]=Oop }
                      ;*caload {reexecute=0 rethrow=0 return_oop=0}
                      ; - com.sun.javafx.text.PrismTextLayout::layout@1257 (line 1427)
                      ;   {runtime_call C1 Runtime throw_null_pointer_exception_blob}
  0x000001ba5d7fe8f4: d706 e8e5 

  0x000001ba5d7fe8f8: ; ImmutableOopMap {rax=Oop [312]=Oop [320]=Oop [512]=Oop [528]=Oop [536]=Oop [552]=Oop }
                      ;*caload {reexecute=0 rethrow=0 return_oop=0}
                      ; - com.sun.javafx.text.PrismTextLayout::layout@1257 (line 1427)
  0x000001ba5d7fe8f8: 8ed7 0648 | 891c 2448 | 8944 2408 

  0x000001ba5d7fe904: ;   {runtime_call C1 Runtime throw_range_check_failed_blob}
  0x000001ba5d7fe904: e8d7 85d7 

  0x000001ba5d7fe908: ; ImmutableOopMap {rax=Oop [312]=Oop [320]=Oop [512]=Oop [528]=Oop [536]=Oop [552]=Oop }
                      ;*caload {reexecute=0 rethrow=0 return_oop=0}
                      ; - com.sun.javafx.text.PrismTextLayout::layout@1257 (line 1427)
                      ;   {metadata({method} {0x000001ba7ac907d0} 'layout' '()V' in 'com/sun/javafx/text/PrismTextLayout')}
  0x000001ba5d7fe908: 0649 bac8 | 07c9 7aba | 0100 004c | 8954 2408 | 48c7 0424 | 0905 0000 

  0x000001ba5d7fe920: ;   {runtime_call C1 Runtime counter_overflow_blob}
  0x000001ba5d7fe920: e8bb f4d7 

  0x000001ba5d7fe924: ; ImmutableOopMap {[312]=Oop [320]=Oop [512]=Oop [528]=Oop [536]=Oop [552]=Oop }
                      ;*goto {reexecute=1 rethrow=0 return_oop=0}
                      ; - (reexecute) com.sun.javafx.text.PrismTextLayout::layout@1289 (line 1425)
  0x000001ba5d7fe924: 06e9 3ae1 

  0x000001ba5d7fe928: ;   {metadata({method} {0x000001ba7ac907d0} 'layout' '()V' in 'com/sun/javafx/text/PrismTextLayout')}
  0x000001ba5d7fe928: ffff 49ba | c807 c97a | ba01 0000 | 4c89 5424 | 0848 c704 | 240f 0500 

  0x000001ba5d7fe940: ;   {runtime_call C1 Runtime counter_overflow_blob}
  0x000001ba5d7fe940: 00e8 9af4 

  0x000001ba5d7fe944: ; ImmutableOopMap {[312]=Oop [320]=Oop [512]=Oop [528]=Oop [536]=Oop }
                      ;*goto {reexecute=1 rethrow=0 return_oop=0}
                      ; - (reexecute) com.sun.javafx.text.PrismTextLayout::layout@1295 (line 1421)
  0x000001ba5d7fe944: d706 e979 

  0x000001ba5d7fe948: ;   {metadata({method} {0x000001ba7b09af98} 'setAlignment' '(F)V' in 'com/sun/javafx/text/PrismTextLine')}
  0x000001ba5d7fe948: e1ff ff49 | ba90 af09 | 7bba 0100 | 004c 8954 | 2408 48c7 | 0424 ffff 

  0x000001ba5d7fe960: ;   {runtime_call C1 Runtime counter_overflow_blob}
  0x000001ba5d7fe960: ffff e879 

  0x000001ba5d7fe964: ; ImmutableOopMap {rbx=Oop [312]=Oop [320]=Oop [528]=Oop [536]=Oop }
                      ;*synchronization entry
                      ; - com.sun.javafx.text.PrismTextLine::setAlignment@-1 (line 89)
                      ; - com.sun.javafx.text.PrismTextLayout::layout@1305 (line 1434)
  0x000001ba5d7fe964: f4d7 06e9 | f6e1 ffff 

  0x000001ba5d7fe96c: ;   {runtime_call C1 Runtime throw_null_pointer_exception_blob}
  0x000001ba5d7fe96c: e86f 8ed7 

  0x000001ba5d7fe970: ; ImmutableOopMap {rbx=Oop r8=Oop [312]=Oop [320]=Oop [528]=Oop [536]=Oop }
                      ;*invokevirtual setMinX {reexecute=0 rethrow=0 return_oop=0}
                      ; - com.sun.javafx.text.PrismTextLine::setAlignment@5 (line 89)
                      ; - com.sun.javafx.text.PrismTextLayout::layout@1305 (line 1434)
                      ;   {metadata({method} {0x000001ba7b09b040} 'setWidth' '(F)V' in 'com/sun/javafx/text/PrismTextLine')}
  0x000001ba5d7fe970: 0649 ba38 | b009 7bba | 0100 004c | 8954 2408 | 48c7 0424 | ffff ffff 

  0x000001ba5d7fe988: ;   {runtime_call C1 Runtime counter_overflow_blob}
  0x000001ba5d7fe988: e853 f4d7 

  0x000001ba5d7fe98c: ; ImmutableOopMap {rbx=Oop r8=Oop [312]=Oop [320]=Oop [528]=Oop [536]=Oop }
                      ;*synchronization entry
                      ; - com.sun.javafx.text.PrismTextLine::setWidth@-1 (line 94)
                      ; - com.sun.javafx.text.PrismTextLayout::layout@1312 (line 1435)
  0x000001ba5d7fe98c: 06e9 f1e3 

  0x000001ba5d7fe990: ;   {runtime_call C1 Runtime throw_null_pointer_exception_blob}
  0x000001ba5d7fe990: ffff e849 

  0x000001ba5d7fe994: ; ImmutableOopMap {rsi=Oop rax=Oop [312]=Oop [320]=Oop [528]=Oop [536]=Oop [584]=Oop }
                      ;*invokevirtual setLocation {reexecute=0 rethrow=0 return_oop=0}
                      ; - com.sun.javafx.text.PrismTextLayout::layout@1372 (line 1451)
  0x000001ba5d7fe994: 8ed7 068b | 5050 48c1 | e203 4883 | fa00 0f84 | 9be6 ffff | 4889 1424 

  0x000001ba5d7fe9ac: ;   {runtime_call g1_pre_barrier_slow}
  0x000001ba5d7fe9ac: e82f fbd7 | 06e9 8de6 | ffff 4883 | fb00 0f84 | aae6 ffff | 4889 0424 

  0x000001ba5d7fe9c4: ;   {runtime_call g1_post_barrier_slow}
  0x000001ba5d7fe9c4: e817 fed7 | 06e9 9ce6 

  0x000001ba5d7fe9cc: ;   {metadata({method} {0x000001ba7ac907d0} 'layout' '()V' in 'com/sun/javafx/text/PrismTextLayout')}
  0x000001ba5d7fe9cc: ffff 49ba | c807 c97a | ba01 0000 | 4c89 5424 | 0848 c704 | 2473 0500 

  0x000001ba5d7fe9e4: ;   {runtime_call C1 Runtime counter_overflow_blob}
  0x000001ba5d7fe9e4: 00e8 f6f3 

  0x000001ba5d7fe9e8: ; ImmutableOopMap {[312]=Oop [320]=Oop [528]=Oop [536]=Oop [584]=Oop }
                      ;*goto {reexecute=1 rethrow=0 return_oop=0}
                      ; - (reexecute) com.sun.javafx.text.PrismTextLayout::layout@1395 (line 1449)
  0x000001ba5d7fe9e8: d706 e9de 

  0x000001ba5d7fe9ec: ;   {runtime_call C1 Runtime throw_null_pointer_exception_blob}
  0x000001ba5d7fe9ec: e6ff ffe8 

  0x000001ba5d7fe9f0: ; ImmutableOopMap {rsi=Oop [312]=Oop [320]=Oop [528]=Oop [536]=Oop [584]=Oop }
                      ;*arraylength {reexecute=0 rethrow=0 return_oop=0}
                      ; - com.sun.javafx.text.PrismTextLayout::layout@1355 (line 1449)
  0x000001ba5d7fe9f0: ec8d d706 

  0x000001ba5d7fe9f4: ;   {runtime_call C1 Runtime throw_null_pointer_exception_blob}
  0x000001ba5d7fe9f4: e8e7 8dd7 

  0x000001ba5d7fe9f8: ; ImmutableOopMap {rdx=Oop [312]=Oop [320]=Oop [528]=Oop [536]=Oop }
                      ;*arraylength {reexecute=0 rethrow=0 return_oop=0}
                      ; - com.sun.javafx.text.PrismTextLayout::layout@1406 (line 1455)
                      ;   {metadata({method} {0x000001ba7a80c688} 'getHeight' '()F' in 'com/sun/javafx/geom/RectBounds')}
  0x000001ba5d7fe9f8: 0649 ba80 | c680 7aba | 0100 004c | 8954 2408 | 48c7 0424 | ffff ffff 

  0x000001ba5d7fea10: ;   {runtime_call C1 Runtime counter_overflow_blob}
  0x000001ba5d7fea10: e8cb f3d7 

  0x000001ba5d7fea14: ; ImmutableOopMap {rdx=Oop rcx=Oop [312]=Oop [320]=Oop [536]=Oop }
                      ;*synchronization entry
                      ; - com.sun.javafx.geom.RectBounds::getHeight@-1 (line 98)
                      ; - com.sun.javafx.text.PrismTextLayout::layout@1416 (line 1456)
  0x000001ba5d7fea14: 06e9 0de8 

  0x000001ba5d7fea18: ;   {metadata({method} {0x000001ba7a80c688} 'getHeight' '()F' in 'com/sun/javafx/geom/RectBounds')}
  0x000001ba5d7fea18: ffff 49ba | 80c6 807a | ba01 0000 | 4c89 5424 | 0848 c704 | 24ff ffff 

  0x000001ba5d7fea30: ;   {runtime_call C1 Runtime counter_overflow_blob}
  0x000001ba5d7fea30: ffe8 aaf3 

  0x000001ba5d7fea34: ; ImmutableOopMap {rbx=Oop rcx=Oop [312]=Oop [320]=Oop [528]=Oop [536]=Oop }
                      ;*synchronization entry
                      ; - com.sun.javafx.geom.RectBounds::getHeight@-1 (line 98)
                      ; - com.sun.javafx.text.PrismTextLayout::layout@1437 (line 1458)
  0x000001ba5d7fea34: d706 e90c 

  0x000001ba5d7fea38: ;   {metadata({method} {0x000001ba7ac907d0} 'layout' '()V' in 'com/sun/javafx/text/PrismTextLayout')}
  0x000001ba5d7fea38: e9ff ff49 | bac8 07c9 | 7aba 0100 | 004c 8954 | 2408 48c7 | 0424 ac05 

  0x000001ba5d7fea50: ;   {runtime_call C1 Runtime counter_overflow_blob}
  0x000001ba5d7fea50: 0000 e889 

  0x000001ba5d7fea54: ; ImmutableOopMap {[312]=Oop [320]=Oop }
                      ;*goto {reexecute=1 rethrow=0 return_oop=0}
                      ; - (reexecute) com.sun.javafx.text.PrismTextLayout::layout@1452 (line 1394)
  0x000001ba5d7fea54: f3d7 06e9 | 4ee9 ffff | 48c7 0424 | 0000 0000 | 4889 5c24 

  0x000001ba5d7fea68: ;   {runtime_call C1 Runtime throw_range_check_failed_blob}
  0x000001ba5d7fea68: 08e8 7284 

  0x000001ba5d7fea6c: ; ImmutableOopMap {rdx=Oop rbx=Oop [312]=Oop [320]=Oop }
                      ;*aaload {reexecute=0 rethrow=0 return_oop=0}
                      ; - com.sun.javafx.text.PrismTextLayout::layout@1460 (line 1461)
                      ;   {runtime_call C1 Runtime throw_null_pointer_exception_blob}
  0x000001ba5d7fea6c: d706 e86d 

  0x000001ba5d7fea70: ; ImmutableOopMap {rdx=Oop rsi=Oop [312]=Oop [320]=Oop }
                      ;*invokevirtual getBounds {reexecute=0 rethrow=0 return_oop=0}
                      ; - com.sun.javafx.text.PrismTextLayout::layout@1461 (line 1461)
                      ;   {runtime_call C1 Runtime throw_null_pointer_exception_blob}
  0x000001ba5d7fea70: 8dd7 06e8 

  0x000001ba5d7fea74: ; ImmutableOopMap {rdx=Oop rsi=Oop [312]=Oop [320]=Oop }
                      ;*invokevirtual getMinY {reexecute=0 rethrow=0 return_oop=0}
                      ; - com.sun.javafx.text.PrismTextLayout::layout@1464 (line 1461)
  0x000001ba5d7fea74: 688d d706 

  0x000001ba5d7fea78: ;   {runtime_call C1 Runtime throw_null_pointer_exception_blob}
  0x000001ba5d7fea78: e863 8dd7 

  0x000001ba5d7fea7c: ; ImmutableOopMap {rdx=Oop rsi=Oop [312]=Oop [320]=Oop }
                      ;*invokevirtual deriveWithNewBounds {reexecute=0 rethrow=0 return_oop=0}
                      ; - com.sun.javafx.text.PrismTextLayout::layout@1496 (line 1463)
  0x000001ba5d7fea7c: 068b 7244 | 48c1 e603 | 4883 fe00 | 0f84 2beb | ffff 4889 

  0x000001ba5d7fea90: ;   {runtime_call g1_pre_barrier_slow}
  0x000001ba5d7fea90: 3424 e849 | fad7 06e9 | 1deb ffff | 4883 f800 | 0f84 32eb | ffff 4889 

  0x000001ba5d7feaa8: ;   {runtime_call g1_post_barrier_slow}
  0x000001ba5d7feaa8: 1424 e831 | fdd7 06e9 | 24eb ffff 

  0x000001ba5d7feab4: ;   {runtime_call C1 Runtime throw_null_pointer_exception_blob}
  0x000001ba5d7feab4: e827 8dd7 

  0x000001ba5d7feab8: ; ImmutableOopMap {rdx=Oop [312]=Oop [320]=Oop }
                      ;*getfield valid {reexecute=1 rethrow=0 return_oop=0}
                      ; - (reexecute) com.sun.javafx.text.PrismTextLayout::layout@1520 (line 1468)
  0x000001ba5d7feab8: 068b 782c | 48c1 e703 | 4883 ff00 | 0f84 17ec | ffff 4889 

  0x000001ba5d7feacc: ;   {runtime_call g1_pre_barrier_slow}
  0x000001ba5d7feacc: 3c24 e80d | fad7 06e9 | 09ec ffff 

  0x000001ba5d7fead8: ;   {runtime_call C1 Runtime throw_null_pointer_exception_blob}
  0x000001ba5d7fead8: e803 8dd7 

  0x000001ba5d7feadc: ; ImmutableOopMap {rdx=Oop rax=Oop rsi=Oop [312]=Oop [320]=Oop }
                      ;*putfield font {reexecute=1 rethrow=0 return_oop=0}
                      ; - (reexecute) com.sun.javafx.text.PrismTextLayout::layout@1541 (line 1474)
  0x000001ba5d7feadc: 0648 83fe | 000f 8419 | ecff ff48 

  0x000001ba5d7feae8: ;   {runtime_call g1_post_barrier_slow}
  0x000001ba5d7feae8: 8904 24e8 | f0fc d706 | e90b ecff | ff8b 7828 | 48c1 e703 | 4883 ff00 | 0f84 0eec | ffff 4889 
  0x000001ba5d7feb08: ;   {runtime_call g1_pre_barrier_slow}
  0x000001ba5d7feb08: 3c24 e8d1 | f9d7 06e9 | 00ec ffff | 4883 fe00 | 0f84 15ec | ffff 4889 

  0x000001ba5d7feb20: ;   {runtime_call g1_post_barrier_slow}
  0x000001ba5d7feb20: 0424 e8b9 | fcd7 06e9 | 07ec ffff | 8b78 3048 | c1e7 0348 | 83ff 000f | 840a ecff | ff48 893c 
  0x000001ba5d7feb40: ;   {runtime_call g1_pre_barrier_slow}
  0x000001ba5d7feb40: 24e8 9af9 | d706 e9fc | ebff ff48 | 83fe 000f | 8411 ecff | ff48 8904 

  0x000001ba5d7feb58: ;   {runtime_call g1_post_barrier_slow}
  0x000001ba5d7feb58: 24e8 82fc | d706 e903 | ecff ff8b | 7834 48c1 | e703 4883 | ff00 0f84 | 0cec ffff | 4889 3c24 
  0x000001ba5d7feb78: ;   {runtime_call g1_pre_barrier_slow}
  0x000001ba5d7feb78: e863 f9d7 | 06e9 feeb | ffff 4883 | fe00 0f84 | 13ec ffff | 4889 0424 

  0x000001ba5d7feb90: ;   {runtime_call g1_post_barrier_slow}
  0x000001ba5d7feb90: e84b fcd7 | 06e9 05ec | ffff 4889 | 7424 0848 

  0x000001ba5d7feba0: ;   {runtime_call C1 Runtime monitorenter_blob}
  0x000001ba5d7feba0: 893c 24e8 

  0x000001ba5d7feba4: ; ImmutableOopMap {rdx=Oop rsi=Oop [312]=Oop [320]=Oop [672]=Oop }
                      ;*monitorenter {reexecute=0 rethrow=0 return_oop=0}
                      ; - com.sun.javafx.text.PrismTextLayout::layout@1631 (line 1482)
  0x000001ba5d7feba4: b8c4 d706 | e97c ecff 

  0x000001ba5d7febac: ;   {runtime_call C1 Runtime throw_null_pointer_exception_blob}
  0x000001ba5d7febac: ffe8 2e8c 

  0x000001ba5d7febb0: ; ImmutableOopMap {rdx=Oop [312]=Oop [672]=Oop }
                      ;*arraylength {reexecute=0 rethrow=0 return_oop=0}
                      ; - com.sun.javafx.text.PrismTextLayout::layout@1633 (line 1483)
  0x000001ba5d7febb0: d706 488d | 8424 9802 | 0000 4889 

  0x000001ba5d7febbc: ;   {runtime_call C1 Runtime monitorexit_blob}
  0x000001ba5d7febbc: 0424 e81d | cbd7 06e9 | b6ee ffff 

  0x000001ba5d7febc8: ;   {runtime_call C1 Runtime throw_null_pointer_exception_blob}
  0x000001ba5d7febc8: e813 8cd7 

  0x000001ba5d7febcc: ; ImmutableOopMap {}
                      ;*putfield valid {reexecute=1 rethrow=0 return_oop=0}
                      ; - (reexecute) com.sun.javafx.text.PrismTextLayout::layout@1702 (line 1492)
                      ;   {internal_word}
  0x000001ba5d7febcc: 0649 baa9 | da7f 5dba | 0100 004d | 8997 e004 

  0x000001ba5d7febdc: ;   {runtime_call SafepointBlob}
  0x000001ba5d7febdc: 0000 e97d 

  0x000001ba5d7febe0: ;   {internal_word}
  0x000001ba5d7febe0: 36ca 0649 | babc da7f | 5dba 0100 | 004d 8997 | e004 0000 

  0x000001ba5d7febf4: ;   {runtime_call SafepointBlob}
  0x000001ba5d7febf4: e967 36ca 

  0x000001ba5d7febf8: ;   {metadata(nullptr)}
  0x000001ba5d7febf8: 0648 ba00 | 0000 0000 | 0000 00b8 | 000f 050a 

  0x000001ba5d7fec08: ;   {runtime_call C1 Runtime load_klass_patching_blob}
  0x000001ba5d7fec08: e853 dbd7 

  0x000001ba5d7fec0c: ; ImmutableOopMap {[312]=Oop [320]=Oop }
                      ;*new {reexecute=1 rethrow=0 return_oop=0}
                      ; - (reexecute) java.lang.Class::cast@12 (line 3492)
                      ; - java.lang.invoke.VarHandleInts$FieldInstanceReadWrite::compareAndSet@15 (line 178)
                      ; - java.lang.invoke.VarHandleGuards::guard_LII_Z@50 (line 757)
                      ; - java.util.concurrent.atomic.AtomicBoolean::compareAndSet@22 (line 98)
                      ; - com.sun.javafx.text.GlyphLayoutManager::getInstance@5 (line 51)
                      ; - com.sun.javafx.text.PrismTextLayout::glyphLayout@0 (line 827)
                      ; - com.sun.javafx.text.PrismTextLayout::layout@58 (line 1199)
  0x000001ba5d7fec0c: 06e9 b6ee | ffff 488b 

  0x000001ba5d7fec14: ;   {runtime_call C1 Runtime fast_new_instance_blob}
  0x000001ba5d7fec14: d2e8 c695 

  0x000001ba5d7fec18: ; ImmutableOopMap {[312]=Oop [320]=Oop }
                      ;*new {reexecute=0 rethrow=0 return_oop=0}
                      ; - java.lang.Class::cast@12 (line 3492)
                      ; - java.lang.invoke.VarHandleInts$FieldInstanceReadWrite::compareAndSet@15 (line 178)
                      ; - java.lang.invoke.VarHandleGuards::guard_LII_Z@50 (line 757)
                      ; - java.util.concurrent.atomic.AtomicBoolean::compareAndSet@22 (line 98)
                      ; - com.sun.javafx.text.GlyphLayoutManager::getInstance@5 (line 51)
                      ; - com.sun.javafx.text.PrismTextLayout::glyphLayout@0 (line 827)
                      ; - com.sun.javafx.text.PrismTextLayout::layout@58 (line 1199)
  0x000001ba5d7fec18: d706 e9fd | eeff ff48 | 8d84 2498 | 0200 0048 

  0x000001ba5d7fec28: ;   {runtime_call C1 Runtime monitorexit_blob}
  0x000001ba5d7fec28: 8904 24e8 | b0ca d706 | e9ef efff 

  0x000001ba5d7fec34: ;   {runtime_call C1 Runtime throw_null_pointer_exception_blob}
  0x000001ba5d7fec34: ffe8 a68b 

  0x000001ba5d7fec38: ; ImmutableOopMap {rdx=Oop rax=Oop rsi=Oop [312]=Oop [320]=Oop }
                      ;*putfield font {reexecute=1 rethrow=0 return_oop=0}
                      ; - (reexecute) com.sun.javafx.text.PrismTextLayout::layout@1541 (line 1474)
  0x000001ba5d7fec38: d706 498b | 8788 0500 | 0049 c787 | 8805 0000 | 0000 0000 | 49c7 8790 | 0500 0000 | 0000 0048 
  0x000001ba5d7fec58: 81c4 b002 

  0x000001ba5d7fec5c: ;   {runtime_call C1 Runtime unwind_exception_blob}
  0x000001ba5d7fec5c: 0000 5de9 | 7c7c d706 | f4f4 f4f4 
[Stub Code]
  0x000001ba5d7fec68: ;   {other}
  0x000001ba5d7fec68: 0f1f 4400 

  0x000001ba5d7fec6c: ;   {static_stub}
  0x000001ba5d7fec6c: 0048 bb00 | 0000 0000 

  0x000001ba5d7fec74: ;   {runtime_call nmethod}
  0x000001ba5d7fec74: 0000 00e9 | fbff ffff 

  0x000001ba5d7fec7c: ;   {static_stub}
  0x000001ba5d7fec7c: 9048 bb00 | 0000 0000 

  0x000001ba5d7fec84: ;   {runtime_call nmethod}
  0x000001ba5d7fec84: 0000 00e9 | fbff ffff 

  0x000001ba5d7fec8c: ;   {static_stub}
  0x000001ba5d7fec8c: 9048 bb00 | 0000 0000 

  0x000001ba5d7fec94: ;   {runtime_call nmethod}
  0x000001ba5d7fec94: 0000 00e9 | fbff ffff 

  0x000001ba5d7fec9c: ;   {static_stub}
  0x000001ba5d7fec9c: 9048 bb00 | 0000 0000 

  0x000001ba5d7feca4: ;   {runtime_call nmethod}
  0x000001ba5d7feca4: 0000 00e9 | fbff ffff 

  0x000001ba5d7fecac: ;   {static_stub}
  0x000001ba5d7fecac: 9048 bb00 | 0000 0000 

  0x000001ba5d7fecb4: ;   {runtime_call nmethod}
  0x000001ba5d7fecb4: 0000 00e9 | fbff ffff 

  0x000001ba5d7fecbc: ;   {static_stub}
  0x000001ba5d7fecbc: 9048 bb00 | 0000 0000 

  0x000001ba5d7fecc4: ;   {runtime_call nmethod}
  0x000001ba5d7fecc4: 0000 00e9 | fbff ffff 

  0x000001ba5d7feccc: ;   {static_stub}
  0x000001ba5d7feccc: 9048 bb00 | 0000 0000 

  0x000001ba5d7fecd4: ;   {runtime_call nmethod}
  0x000001ba5d7fecd4: 0000 00e9 | fbff ffff 

  0x000001ba5d7fecdc: ;   {static_stub}
  0x000001ba5d7fecdc: 9048 bb00 | 0000 0000 

  0x000001ba5d7fece4: ;   {runtime_call nmethod}
  0x000001ba5d7fece4: 0000 00e9 | fbff ffff 

  0x000001ba5d7fecec: ;   {static_stub}
  0x000001ba5d7fecec: 9048 bb38 | 5509 7bba 

  0x000001ba5d7fecf4: ;   {runtime_call I2C/C2I adapters}
  0x000001ba5d7fecf4: 0100 00e9 | bb68 c706 

  0x000001ba5d7fecfc: ;   {static_stub}
  0x000001ba5d7fecfc: 9048 bb00 | 0000 0000 

  0x000001ba5d7fed04: ;   {runtime_call nmethod}
  0x000001ba5d7fed04: 0000 00e9 | fbff ffff 

  0x000001ba5d7fed0c: ;   {static_stub}
  0x000001ba5d7fed0c: 9048 bb00 | 0000 0000 

  0x000001ba5d7fed14: ;   {runtime_call nmethod}
  0x000001ba5d7fed14: 0000 00e9 | fbff ffff 

  0x000001ba5d7fed1c: ;   {static_stub}
  0x000001ba5d7fed1c: 9048 bb00 | 0000 0000 

  0x000001ba5d7fed24: ;   {runtime_call nmethod}
  0x000001ba5d7fed24: 0000 00e9 | fbff ffff 

  0x000001ba5d7fed2c: ;   {static_stub}
  0x000001ba5d7fed2c: 9048 bb00 | 0000 0000 

  0x000001ba5d7fed34: ;   {runtime_call nmethod}
  0x000001ba5d7fed34: 0000 00e9 | fbff ffff 

  0x000001ba5d7fed3c: ;   {static_stub}
  0x000001ba5d7fed3c: 9048 bb00 | 0000 0000 

  0x000001ba5d7fed44: ;   {runtime_call nmethod}
  0x000001ba5d7fed44: 0000 00e9 | fbff ffff 

  0x000001ba5d7fed4c: ;   {static_stub}
  0x000001ba5d7fed4c: 9048 bb08 | 6209 7bba 

  0x000001ba5d7fed54: ;   {runtime_call I2C/C2I adapters}
  0x000001ba5d7fed54: 0100 00e9 | da89 ca06 

  0x000001ba5d7fed5c: ;   {static_stub}
  0x000001ba5d7fed5c: 9048 bb00 | 0000 0000 

  0x000001ba5d7fed64: ;   {runtime_call nmethod}
  0x000001ba5d7fed64: 0000 00e9 | fbff ffff 

  0x000001ba5d7fed6c: ;   {static_stub}
  0x000001ba5d7fed6c: 9048 bb00 | 0000 0000 

  0x000001ba5d7fed74: ;   {runtime_call nmethod}
  0x000001ba5d7fed74: 0000 00e9 | fbff ffff 

  0x000001ba5d7fed7c: ;   {static_stub}
  0x000001ba5d7fed7c: 9048 bb28 | 4f09 7bba 

  0x000001ba5d7fed84: ;   {runtime_call I2C/C2I adapters}
  0x000001ba5d7fed84: 0100 00e9 | 30cc d806 

  0x000001ba5d7fed8c: ;   {static_stub}
  0x000001ba5d7fed8c: 9048 bb00 | 0000 0000 

  0x000001ba5d7fed94: ;   {runtime_call nmethod}
  0x000001ba5d7fed94: 0000 00e9 | fbff ffff 

  0x000001ba5d7fed9c: ;   {static_stub}
  0x000001ba5d7fed9c: 9048 bb00 | 0000 0000 

  0x000001ba5d7feda4: ;   {runtime_call nmethod}
  0x000001ba5d7feda4: 0000 00e9 | fbff ffff 

  0x000001ba5d7fedac: ;   {static_stub}
  0x000001ba5d7fedac: 9048 bb00 | 0000 0000 

  0x000001ba5d7fedb4: ;   {runtime_call nmethod}
  0x000001ba5d7fedb4: 0000 00e9 | fbff ffff 

  0x000001ba5d7fedbc: ;   {static_stub}
  0x000001ba5d7fedbc: 9048 bb00 | 0000 0000 

  0x000001ba5d7fedc4: ;   {runtime_call nmethod}
  0x000001ba5d7fedc4: 0000 00e9 | fbff ffff 

  0x000001ba5d7fedcc: ;   {static_stub}
  0x000001ba5d7fedcc: 48bb 80ef | c87a ba01 

  0x000001ba5d7fedd4: ;   {runtime_call I2C/C2I adapters}
  0x000001ba5d7fedd4: 0000 e963 

  0x000001ba5d7fedd8: ;   {static_stub}
  0x000001ba5d7fedd8: 52c9 0648 | bb18 f4c8 | 7aba 0100 

  0x000001ba5d7fede4: ;   {runtime_call I2C/C2I adapters}
  0x000001ba5d7fede4: 00e9 cc8d 

  0x000001ba5d7fede8: ;   {static_stub}
  0x000001ba5d7fede8: ca06 48bb | 080e c97a | ba01 0000 

  0x000001ba5d7fedf4: ;   {runtime_call I2C/C2I adapters}
  0x000001ba5d7fedf4: e9bd 8dca 

  0x000001ba5d7fedf8: ;   {static_stub}
  0x000001ba5d7fedf8: 0648 bb00 | 0000 0000 

  0x000001ba5d7fee00: ;   {runtime_call nmethod}
  0x000001ba5d7fee00: 0000 00e9 | fbff ffff 

  0x000001ba5d7fee08: ;   {static_stub}
  0x000001ba5d7fee08: 48bb f8e3 | c87a ba01 

  0x000001ba5d7fee10: ;   {runtime_call I2C/C2I adapters}
  0x000001ba5d7fee10: 0000 e99b 

  0x000001ba5d7fee14: ;   {static_stub}
  0x000001ba5d7fee14: 3fca 0648 | bb00 0000 | 0000 0000 

  0x000001ba5d7fee20: ;   {runtime_call nmethod}
  0x000001ba5d7fee20: 00e9 fbff 

  0x000001ba5d7fee24: ;   {static_stub}
  0x000001ba5d7fee24: ffff 48bb | 0000 0000 | 0000 0000 

  0x000001ba5d7fee30: ;   {runtime_call nmethod}
  0x000001ba5d7fee30: e9fb ffff 

  0x000001ba5d7fee34: ;   {static_stub}
  0x000001ba5d7fee34: ff48 bb00 | 0000 0000 

  0x000001ba5d7fee3c: ;   {runtime_call nmethod}
  0x000001ba5d7fee3c: 0000 00e9 | fbff ffff 

  0x000001ba5d7fee44: ;   {static_stub}
  0x000001ba5d7fee44: 48bb 0000 | 0000 0000 

  0x000001ba5d7fee4c: ;   {runtime_call nmethod}
  0x000001ba5d7fee4c: 0000 e9fb 

  0x000001ba5d7fee50: ;   {static_stub}
  0x000001ba5d7fee50: ffff ff48 | bb10 f3c8 | 7aba 0100 

  0x000001ba5d7fee5c: ;   {runtime_call I2C/C2I adapters}
  0x000001ba5d7fee5c: 00e9 548d 

  0x000001ba5d7fee60: ;   {static_stub}
  0x000001ba5d7fee60: ca06 48bb | f8f1 c87a | ba01 0000 

  0x000001ba5d7fee6c: ;   {runtime_call I2C/C2I adapters}
  0x000001ba5d7fee6c: e9d1 6bfa 

  0x000001ba5d7fee70: ;   {static_stub}
  0x000001ba5d7fee70: 0648 bb00 | 0000 0000 

  0x000001ba5d7fee78: ;   {runtime_call nmethod}
  0x000001ba5d7fee78: 0000 00e9 | fbff ffff 

  0x000001ba5d7fee80: ;   {static_stub}
  0x000001ba5d7fee80: 48bb 0000 | 0000 0000 

  0x000001ba5d7fee88: ;   {runtime_call nmethod}
  0x000001ba5d7fee88: 0000 e9fb 

  0x000001ba5d7fee8c: ;   {static_stub}
  0x000001ba5d7fee8c: ffff ff48 | bb00 0000 | 0000 0000 

  0x000001ba5d7fee98: ;   {runtime_call nmethod}
  0x000001ba5d7fee98: 00e9 fbff 

  0x000001ba5d7fee9c: ;   {static_stub}
  0x000001ba5d7fee9c: ffff 48bb | 0000 0000 | 0000 0000 

  0x000001ba5d7feea8: ;   {runtime_call nmethod}
  0x000001ba5d7feea8: e9fb ffff 

  0x000001ba5d7feeac: ;   {static_stub}
  0x000001ba5d7feeac: ff48 bb00 | 0000 0000 

  0x000001ba5d7feeb4: ;   {runtime_call nmethod}
  0x000001ba5d7feeb4: 0000 00e9 | fbff ffff 

  0x000001ba5d7feebc: ;   {static_stub}
  0x000001ba5d7feebc: 48bb 0000 | 0000 0000 

  0x000001ba5d7feec4: ;   {runtime_call nmethod}
  0x000001ba5d7feec4: 0000 e9fb 

  0x000001ba5d7feec8: ;   {static_stub}
  0x000001ba5d7feec8: ffff ff48 | bb00 0000 | 0000 0000 

  0x000001ba5d7feed4: ;   {runtime_call nmethod}
  0x000001ba5d7feed4: 00e9 fbff 

  0x000001ba5d7feed8: ;   {static_stub}
  0x000001ba5d7feed8: ffff 48bb | 50f5 c87a | ba01 0000 

  0x000001ba5d7feee4: ;   {runtime_call I2C/C2I adapters}
  0x000001ba5d7feee4: e9c9 3eca 

  0x000001ba5d7feee8: ;   {static_stub}
  0x000001ba5d7feee8: 0648 bb40 | f6c8 7aba 

  0x000001ba5d7feef0: ;   {runtime_call I2C/C2I adapters}
  0x000001ba5d7feef0: 0100 00e9 | ba3e ca06 

  0x000001ba5d7feef8: ;   {static_stub}
  0x000001ba5d7feef8: 48bb 50f9 | c87a ba01 

  0x000001ba5d7fef00: ;   {runtime_call I2C/C2I adapters}
  0x000001ba5d7fef00: 0000 e9ab 

  0x000001ba5d7fef04: ;   {static_stub}
  0x000001ba5d7fef04: 3eca 0648 | bb80 ebc8 | 7aba 0100 

  0x000001ba5d7fef10: ;   {runtime_call I2C/C2I adapters}
  0x000001ba5d7fef10: 00e9 a08c | ca06 0f1f | 8000 0000 

  0x000001ba5d7fef1c: ;   {static_stub}
  0x000001ba5d7fef1c: 0048 bb00 | 0000 0000 

  0x000001ba5d7fef24: ;   {runtime_call nmethod}
  0x000001ba5d7fef24: 0000 00e9 | fbff ffff 

  0x000001ba5d7fef2c: ;   {static_stub}
  0x000001ba5d7fef2c: 9048 bb00 | 0000 0000 

  0x000001ba5d7fef34: ;   {runtime_call nmethod}
  0x000001ba5d7fef34: 0000 00e9 | fbff ffff 

  0x000001ba5d7fef3c: ;   {static_stub}
  0x000001ba5d7fef3c: 9048 bb00 | 0000 0000 

  0x000001ba5d7fef44: ;   {runtime_call nmethod}
  0x000001ba5d7fef44: 0000 00e9 | fbff ffff 
[Exception Handler]
  0x000001ba5d7fef4c: ;   {runtime_call C1 Runtime handle_exception_from_callee_blob}
  0x000001ba5d7fef4c: e80f afd7 

  0x000001ba5d7fef50: ;   {external_word}
  0x000001ba5d7fef50: 0648 b9a0 | 011e 11fc | 7f00 0048 

  0x000001ba5d7fef5c: ;   {runtime_call}
  0x000001ba5d7fef5c: 83e4 f048 | b810 5cd8 | 10fc 7f00 | 00ff d0f4 
[Deopt Handler Code]
  0x000001ba5d7fef6c: ;   {section_word}
  0x000001ba5d7fef6c: 49ba 6cef | 7f5d ba01 | 0000 4152 

  0x000001ba5d7fef78: ;   {runtime_call DeoptimizationBlob}
  0x000001ba5d7fef78: e963 1aca | 06f4 f4f4 
[/MachCode]


---------------  P R O C E S S  ---------------

Threads class SMR info:
_java_thread_list=0x000001ba0ff48950, length=33, elements={
0x000001ba544e3050, 0x000001ba768c48b0, 0x000001ba768c5070, 0x000001ba768c7170,
0x000001ba768cb6a0, 0x000001ba796f0c00, 0x000001ba796f17c0, 0x000001ba768e4d40,
0x000001ba768e6960, 0x000001ba79957230, 0x000001ba7e09fff0, 0x000001ba7e0a07b0,
0x000001ba7e7254b0, 0x000001ba7e96c820, 0x000001ba7e993de0, 0x000001ba7e99bb40,
0x000001ba7e9ae650, 0x000001ba7e7d45e0, 0x000001ba7e7d2e70, 0x000001ba7e7d7c90,
0x000001ba7f5591b0, 0x000001ba7f55a920, 0x000001ba13553450, 0x000001ba13553c20,
0x000001ba135599e0, 0x000001ba13dac6b0, 0x000001ba13dae5f0, 0x000001ba7ea8adb0,
0x000001ba7ea8d600, 0x000001ba7ea89d90, 0x000001ba768dd850, 0x000001ba7e370fb0,
0x000001ba7e3717c0
}

Java Threads: ( => current thread )
  0x000001ba544e3050 JavaThread "main"                              [_thread_blocked, id=25372, stack(0x0000008cc8200000,0x0000008cc8300000) (1024K)]
  0x000001ba768c48b0 JavaThread "Reference Handler"          daemon [_thread_blocked, id=11444, stack(0x0000008cc8a00000,0x0000008cc8b00000) (1024K)]
  0x000001ba768c5070 JavaThread "Finalizer"                  daemon [_thread_blocked, id=19156, stack(0x0000008cc8b00000,0x0000008cc8c00000) (1024K)]
  0x000001ba768c7170 JavaThread "Signal Dispatcher"          daemon [_thread_blocked, id=17568, stack(0x0000008cc8c00000,0x0000008cc8d00000) (1024K)]
  0x000001ba768cb6a0 JavaThread "Attach Listener"            daemon [_thread_blocked, id=12956, stack(0x0000008cc8d00000,0x0000008cc8e00000) (1024K)]
  0x000001ba796f0c00 JavaThread "Service Thread"             daemon [_thread_blocked, id=14108, stack(0x0000008cc8e00000,0x0000008cc8f00000) (1024K)]
  0x000001ba796f17c0 JavaThread "Monitor Deflation Thread"   daemon [_thread_blocked, id=24000, stack(0x0000008cc8f00000,0x0000008cc9000000) (1024K)]
  0x000001ba768e4d40 JavaThread "C2 CompilerThread0"         daemon [_thread_blocked, id=17904, stack(0x0000008cc9000000,0x0000008cc9100000) (1024K)]
  0x000001ba768e6960 JavaThread "C1 CompilerThread0"         daemon [_thread_blocked, id=8408, stack(0x0000008cc9100000,0x0000008cc9200000) (1024K)]
  0x000001ba79957230 JavaThread "Common-Cleaner"             daemon [_thread_blocked, id=23980, stack(0x0000008cc9600000,0x0000008cc9700000) (1024K)]
  0x000001ba7e09fff0 JavaThread "Monitor Ctrl-Break"         daemon [_thread_in_native, id=3040, stack(0x0000008cc9700000,0x0000008cc9800000) (1024K)]
  0x000001ba7e0a07b0 JavaThread "Notification Thread"        daemon [_thread_blocked, id=8988, stack(0x0000008cc9800000,0x0000008cc9900000) (1024K)]
  0x000001ba7e7254b0 JavaThread "JavaFX-Launcher"                   [_thread_blocked, id=16584, stack(0x0000008cc9900000,0x0000008cc9a00000) (1024K)]
  0x000001ba7e96c820 JavaThread "RMI TCP Accept-0"           daemon [_thread_in_native, id=8416, stack(0x0000008cc9e00000,0x0000008cc9f00000) (1024K)]
  0x000001ba7e993de0 JavaThread "RMI TCP Connection(1)-192.168.1.13" daemon [_thread_in_native, id=4116, stack(0x0000008cc9f00000,0x0000008cca000000) (1024K)]
  0x000001ba7e99bb40 JavaThread "RMI Scheduler(0)"           daemon [_thread_blocked, id=9228, stack(0x0000008cca000000,0x0000008cca100000) (1024K)]
  0x000001ba7e9ae650 JavaThread "JMX server connection timeout 41" daemon [_thread_blocked, id=18768, stack(0x0000008cca100000,0x0000008cca200000) (1024K)]
  0x000001ba7e7d45e0 JavaThread "QuantumRenderer-0"          daemon [_thread_blocked, id=14896, stack(0x0000008cc9500000,0x0000008cc9600000) (1024K)]
  0x000001ba7e7d2e70 JavaThread "InvokeLaterDispatcher"      daemon [_thread_blocked, id=20752, stack(0x0000008cc9a00000,0x0000008cc9b00000) (1024K)]
=>0x000001ba7e7d7c90 JavaThread "JavaFX Application Thread"         [_thread_in_native, id=25476, stack(0x0000008cc9b00000,0x0000008cc9c00000) (1024K)]
  0x000001ba7f5591b0 JavaThread "Thread-2"                   daemon [_thread_in_native, id=20708, stack(0x0000008ccb400000,0x0000008ccb500000) (1024K)]
  0x000001ba7f55a920 JavaThread "JNA Cleaner"                daemon [_thread_blocked, id=19848, stack(0x0000008ccb500000,0x0000008ccb600000) (1024K)]
  0x000001ba13553450 JavaThread "Prism Font Disposer"        daemon [_thread_blocked, id=17372, stack(0x0000008ccc800000,0x0000008ccc900000) (1024K)]
  0x000001ba13553c20 JavaThread "ForkJoinPool.commonPool-worker-1" daemon [_thread_blocked, id=23540, stack(0x0000008ccc900000,0x0000008ccca00000) (1024K)]
  0x000001ba135599e0 JavaThread "Cleaner-0"                  daemon [_thread_blocked, id=25004, stack(0x0000008ccbc00000,0x0000008ccbd00000) (1024K)]
  0x000001ba13dac6b0 JavaThread "Cleaner-1"                  daemon [_thread_blocked, id=19944, stack(0x0000008ccd300000,0x0000008ccd400000) (1024K)]
  0x000001ba13dae5f0 JavaThread "DefaultSleeper"             daemon [_thread_blocked, id=7684, stack(0x0000008ccd400000,0x0000008ccd500000) (1024K)]
  0x000001ba7ea8adb0 JavaThread "C1 CompilerThread1"         daemon [_thread_blocked, id=12396, stack(0x0000008cc9400000,0x0000008cc9500000) (1024K)]
  0x000001ba7ea8d600 JavaThread "C1 CompilerThread2"         daemon [_thread_blocked, id=25528, stack(0x0000008ccb600000,0x0000008ccb700000) (1024K)]
  0x000001ba7ea89d90 JavaThread "C1 CompilerThread3"         daemon [_thread_blocked, id=2700, stack(0x0000008ccd200000,0x0000008ccd300000) (1024K)]
  0x000001ba768dd850 JavaThread "RMI TCP Connection(2)-192.168.1.13" daemon [_thread_in_native, id=20148, stack(0x0000008ccd700000,0x0000008ccd800000) (1024K)]
  0x000001ba7e370fb0 JavaThread "C2 CompilerThread1"         daemon [_thread_blocked, id=15092, stack(0x0000008cc9300000,0x0000008cc9400000) (1024K)]
  0x000001ba7e3717c0 JavaThread "C2 CompilerThread2"         daemon [_thread_blocked, id=20052, stack(0x0000008ccd500000,0x0000008ccd600000) (1024K)]
Total: 33

Other Threads:
  0x000001ba768af020 VMThread "VM Thread"                           [id=6436, stack(0x0000008cc8900000,0x0000008cc8a00000) (1024K)]
  0x000001ba7689fd50 WatcherThread "VM Periodic Task Thread"        [id=21344, stack(0x0000008cc8800000,0x0000008cc8900000) (1024K)]
  0x000001ba7672ea10 WorkerThread "GC Thread#0"                     [id=24660, stack(0x0000008cc8300000,0x0000008cc8400000) (1024K)]
  0x000001ba7eb07470 WorkerThread "GC Thread#1"                     [id=7392, stack(0x0000008ccbd00000,0x0000008ccbe00000) (1024K)]
  0x000001ba7eb06bd0 WorkerThread "GC Thread#2"                     [id=380, stack(0x0000008ccbe00000,0x0000008ccbf00000) (1024K)]
  0x000001ba7eb07d10 WorkerThread "GC Thread#3"                     [id=20868, stack(0x0000008ccbf00000,0x0000008ccc000000) (1024K)]
  0x000001ba7eb04950 WorkerThread "GC Thread#4"                     [id=14724, stack(0x0000008ccc000000,0x0000008ccc100000) (1024K)]
  0x000001ba7eb051f0 WorkerThread "GC Thread#5"                     [id=2568, stack(0x0000008ccc100000,0x0000008ccc200000) (1024K)]
  0x000001ba7eb05a90 WorkerThread "GC Thread#6"                     [id=2588, stack(0x0000008ccc200000,0x0000008ccc300000) (1024K)]
  0x000001ba12fa5d20 WorkerThread "GC Thread#7"                     [id=20220, stack(0x0000008ccc300000,0x0000008ccc400000) (1024K)]
  0x000001ba12fa7b50 WorkerThread "GC Thread#8"                     [id=2056, stack(0x0000008ccc400000,0x0000008ccc500000) (1024K)]
  0x000001ba12fa9dd0 WorkerThread "GC Thread#9"                     [id=10532, stack(0x0000008ccc500000,0x0000008ccc600000) (1024K)]
  0x000001ba12fa90e0 WorkerThread "GC Thread#10"                    [id=18832, stack(0x0000008ccc600000,0x0000008ccc700000) (1024K)]
  0x000001ba12fa72b0 WorkerThread "GC Thread#11"                    [id=14576, stack(0x0000008ccc700000,0x0000008ccc800000) (1024K)]
  0x000001ba12fa9980 WorkerThread "GC Thread#12"                    [id=15096, stack(0x0000008ccca00000,0x0000008cccb00000) (1024K)]
  0x000001ba7672faa0 ConcurrentGCThread "G1 Main Marker"            [id=19324, stack(0x0000008cc8400000,0x0000008cc8500000) (1024K)]
  0x000001ba5456a580 WorkerThread "G1 Conc#0"                       [id=6372, stack(0x0000008cc8500000,0x0000008cc8600000) (1024K)]
  0x000001ba12faa220 WorkerThread "G1 Conc#1"                       [id=15468, stack(0x0000008cccb00000,0x0000008cccc00000) (1024K)]
  0x000001ba12fa7fa0 WorkerThread "G1 Conc#2"                       [id=21072, stack(0x0000008cccc00000,0x0000008cccd00000) (1024K)]
  0x000001ba7676e320 ConcurrentGCThread "G1 Refine#0"               [id=15636, stack(0x0000008cc8600000,0x0000008cc8700000) (1024K)]
  0x000001ba7676ede0 ConcurrentGCThread "G1 Service"                [id=22328, stack(0x0000008cc8700000,0x0000008cc8800000) (1024K)]
Total: 21

Threads with active compile tasks:
Total: 0

VM state: not at safepoint (normal execution)

VM Mutex/Monitor currently owned by a thread: None

Heap address: 0x000000060b400000, size: 8012 MB, Compressed Oops mode: Zero based, Oop shift amount: 3

CDS archive(s) mapped at: [0x000000002c000000-0x000000002cdb0000-0x000000002cdb0000), size 14352384, SharedBaseAddress: 0x000000002c000000, ArchiveRelocationMode: 1.
Compressed class space mapped at: 0x000000002d000000-0x000000006d000000, reserved size: 1073741824
UseCompressedClassPointers 1, UseCompactObjectHeaders 0
Narrow klass pointer bits 32, Max shift 3
Narrow klass base: 0x000000002c000000, Narrow klass shift: 0
Encoding Range: [0x000000002c000000 - 0x000000012c000000), (4294967296 bytes)
Klass Range:    [0x000000002c010000 - 0x000000006d000000), (1090453504 bytes)
Klass ID Range:  [65536 - 1090519033) (1090453497)
Protection zone: [0x000000002c000000 - 0x000000002c010000), (65536 bytes)

GC Precious Log:
 CardTable entry size: 512
 Card Set container configuration: InlinePtr #cards 4 size 8 Array Of Cards #cards 32 size 80 Howl #buckets 8 coarsen threshold 7372 Howl Bitmap #cards 1024 size 144 coarsen threshold 921 Card regions per heap region 1 cards per card region 8192
 CPUs: 16 total, 16 available
 Memory: 32042M
 Large Page Support: Disabled
 NUMA Support: Disabled
 Compressed Oops: Enabled (Zero based)
 Heap Region Size: 4M
 Heap Min Capacity: 8M
 Heap Initial Capacity: 504M
 Heap Max Capacity: 8012M
 Pre-touch: Disabled
 Parallel Workers: 13
 Concurrent Workers: 3
 Concurrent Refinement Workers: 13
 Periodic GC: Disabled

Heap:
 garbage-first heap   total reserved 8204288K, committed 77824K, used 60567K [0x000000060b400000, 0x0000000800000000)
  region size 4096K, 6 young (24576K), 1 survivors (4096K)

Heap Regions: E=young(eden), S=young(survivor), O=old, HS=humongous(starts), HC=humongous(continues), CS=collection set, F=free, TAMS=top-at-mark-start, PB=parsable bottom
|   0|0x000000060b400000, 0x000000060b800000, 0x000000060b800000|100%| O|  |TAMS 0x000000060b400000| PB 0x000000060b400000| Untracked |  0
|   1|0x000000060b800000, 0x000000060bc00000, 0x000000060bc00000|100%| O|  |TAMS 0x000000060b800000| PB 0x000000060b800000| Untracked |  0
|   2|0x000000060bc00000, 0x000000060c000000, 0x000000060c000000|100%| O|  |TAMS 0x000000060bc00000| PB 0x000000060bc00000| Untracked |  0
|   3|0x000000060c000000, 0x000000060c400000, 0x000000060c400000|100%| O|  |TAMS 0x000000060c000000| PB 0x000000060c000000| Untracked |  0
|   4|0x000000060c400000, 0x000000060c400000, 0x000000060c800000|  0%| F|  |TAMS 0x000000060c400000| PB 0x000000060c400000| Untracked |  0
|   5|0x000000060c800000, 0x000000060cc00000, 0x000000060cc00000|100%| O|  |TAMS 0x000000060c800000| PB 0x000000060c800000| Untracked |  0
|   6|0x000000060cc00000, 0x000000060d000000, 0x000000060d000000|100%| O|  |TAMS 0x000000060cc00000| PB 0x000000060cc00000| Untracked |  0
|   7|0x000000060d000000, 0x000000060d400000, 0x000000060d400000|100%| O|  |TAMS 0x000000060d000000| PB 0x000000060d000000| Untracked |  0
|   8|0x000000060d400000, 0x000000060d800000, 0x000000060d800000|100%| O|  |TAMS 0x000000060d400000| PB 0x000000060d400000| Untracked |  0
|   9|0x000000060d800000, 0x000000060dc00000, 0x000000060dc00000|100%| O|  |TAMS 0x000000060d800000| PB 0x000000060d800000| Untracked |  0
|  10|0x000000060dc00000, 0x000000060dfd95e0, 0x000000060e000000| 96%| O|  |TAMS 0x000000060dc00000| PB 0x000000060dc00000| Untracked |  0
|  11|0x000000060e000000, 0x000000060e000000, 0x000000060e400000|  0%| F|  |TAMS 0x000000060e000000| PB 0x000000060e000000| Untracked |  0
|  12|0x000000060e400000, 0x000000060e400000, 0x000000060e800000|  0%| F|  |TAMS 0x000000060e400000| PB 0x000000060e400000| Untracked |  0
|  13|0x000000060e800000, 0x000000060eb4c9f8, 0x000000060ec00000| 82%| S|CS|TAMS 0x000000060e800000| PB 0x000000060e800000| Complete |  0
| 109|0x0000000626800000, 0x0000000626a19890, 0x0000000626c00000| 52%| E|  |TAMS 0x0000000626800000| PB 0x0000000626800000| Complete |  0
| 110|0x0000000626c00000, 0x0000000627000000, 0x0000000627000000|100%| E|CS|TAMS 0x0000000626c00000| PB 0x0000000626c00000| Complete |  0
| 111|0x0000000627000000, 0x0000000627400000, 0x0000000627400000|100%| E|CS|TAMS 0x0000000627000000| PB 0x0000000627000000| Complete |  0
| 125|0x000000062a800000, 0x000000062ac00000, 0x000000062ac00000|100%| E|CS|TAMS 0x000000062a800000| PB 0x000000062a800000| Complete |  0
|2002|0x00000007ffc00000, 0x0000000800000000, 0x0000000800000000|100%| E|CS|TAMS 0x00000007ffc00000| PB 0x00000007ffc00000| Complete |  0

Card table byte_map: [0x000001ba6d950000,0x000001ba6e900000] _byte_map_base: 0x000001ba6a8f6000

Marking Bits: (CMBitMap*) 0x000001ba7672f1a0
 Bits: [0x000001ba6e900000, 0x000001ba76630000)

Polling page: 0x000001ba53ca0000

Metaspace:
Metaspace        used 50063K, committed 50496K, reserved 1114112K
 class space     used 7029K, committed 7232K, reserved 1048576K

Usage:
  Non-class:     42.03 MB used.
      Class:      6.87 MB used.
       Both:     48.89 MB used.

Virtual space:
  Non-class space:       64.00 MB reserved,      42.25 MB ( 66%) committed,  1 nodes.
      Class space:        1.00 GB reserved,       7.06 MB ( <1%) committed,  1 nodes.
             Both:        1.06 GB reserved,      49.31 MB (  5%) committed. 

Chunk freelists:
   Non-Class:  5.32 MB
       Class:  8.94 MB
        Both:  14.26 MB

MaxMetaspaceSize: unlimited
CompressedClassSpaceSize: 1.00 GB
Initial GC threshold: 21.00 MB
Current GC threshold: 82.12 MB
CDS: on
 - commit_granule_bytes: 65536.
 - commit_granule_words: 8192.
 - virtual_space_node_default_size: 8388608.
 - enlarge_chunks_in_place: 1.
UseCompressedClassPointers 1, UseCompactObjectHeaders 0
Narrow klass pointer bits 32, Max shift 3
Narrow klass base: 0x000000002c000000, Narrow klass shift: 0
Encoding Range: [0x000000002c000000 - 0x000000012c000000), (4294967296 bytes)
Klass Range:    [0x000000002c010000 - 0x000000006d000000), (1090453504 bytes)
Klass ID Range:  [65536 - 1090519033) (1090453497)
Protection zone: [0x000000002c000000 - 0x000000002c010000), (65536 bytes)


Internal statistics:

num_allocs_failed_limit: 6.
num_arena_births: 536.
num_arena_deaths: 0.
num_vsnodes_births: 2.
num_vsnodes_deaths: 0.
num_space_committed: 788.
num_space_uncommitted: 0.
num_chunks_returned_to_freelist: 6.
num_chunks_taken_from_freelist: 2008.
num_chunk_merges: 3.
num_chunk_splits: 1441.
num_chunks_enlarged: 1157.
num_inconsistent_stats: 0.

CodeHeap 'non-profiled nmethods': size=119168Kb used=3049Kb max_used=3058Kb free=116118Kb
 bounds [0x000001ba64ba0000, 0x000001ba64eb0000, 0x000001ba6c000000]
CodeHeap 'profiled nmethods': size=119168Kb used=11420Kb max_used=11765Kb free=107747Kb
 bounds [0x000001ba5cff0000, 0x000001ba5db70000, 0x000001ba64450000]
CodeHeap 'non-nmethods': size=7488Kb used=3873Kb max_used=4006Kb free=3615Kb
 bounds [0x000001ba64450000, 0x000001ba64890000, 0x000001ba64ba0000]
CodeCache: size=245824Kb, used=18342Kb, max_used=18829Kb, free=227480Kb
 total_blobs=8086, nmethods=7040, adapters=946, full_count=0
Compilation: enabled, stopped_count=0, restarted_count=0

Compilation events (20 events):
Event: 8.879 Thread 0x000001ba768e6960 nmethod 7718 0x000001ba5d1c5d88 code [0x000001ba5d1c5e80, 0x000001ba5d1c6068]
Event: 8.879 Thread 0x000001ba7ea8adb0 7721       3       jdk.internal.icu.text.BidiBase::GetAction (5 bytes)
Event: 8.879 Thread 0x000001ba7ea8d600 nmethod 7720 0x000001ba5d27fb08 code [0x000001ba5d27fc00, 0x000001ba5d27fcf8]
Event: 8.879 Thread 0x000001ba7ea8adb0 nmethod 7721 0x000001ba5d29a108 code [0x000001ba5d29a200, 0x000001ba5d29a2f8]
Event: 8.880 Thread 0x000001ba7e370fb0 nmethod 7717 0x000001ba64c57008 code [0x000001ba64c57100, 0x000001ba64c571f8]
Event: 8.880 Thread 0x000001ba7ea8adb0 7722       3       com.sun.javafx.font.FallbackResource::getNumSlots (27 bytes)
Event: 8.880 Thread 0x000001ba7ea8d600 7723       3       com.sun.javafx.font.PrismCompositeFontResource::getNumSlots (10 bytes)
Event: 8.880 Thread 0x000001ba768e6960 7724  s    3       com.sun.javafx.font.FallbackResource::getSlotResource (91 bytes)
Event: 8.880 Thread 0x000001ba7ea8d600 nmethod 7723 0x000001ba5d39c988 code [0x000001ba5d39ca80, 0x000001ba5d39cc90]
Event: 8.880 Thread 0x000001ba7ea8d600 7725       3       com.sun.javafx.font.CompositeGlyphMapper::getSlotMapper (78 bytes)
Event: 8.880 Thread 0x000001ba7ea8adb0 nmethod 7722 0x000001ba5d2a1c88 code [0x000001ba5d2a1d80, 0x000001ba5d2a1f18]
Event: 8.880 Thread 0x000001ba768e6960 nmethod 7724 0x000001ba5d282c88 code [0x000001ba5d282d80, 0x000001ba5d283588]
Event: 8.880 Thread 0x000001ba7ea8d600 nmethod 7725 0x000001ba5d15f708 code [0x000001ba5d15f800, 0x000001ba5d15ff50]
Event: 8.880 Thread 0x000001ba7e3717c0 7726       4       java.lang.String::toCharArray (25 bytes)
Event: 8.881 Thread 0x000001ba7ea89d90 nmethod 7719 0x000001ba5d241b08 code [0x000001ba5d241c00, 0x000001ba5d243438]
Event: 8.881 Thread 0x000001ba7ea8adb0 7727       3       java.lang.CharacterData00::isIdeographic (19 bytes)
Event: 8.881 Thread 0x000001ba7ea89d90 7728       3       java.lang.CharacterData00::getPropertiesEx (32 bytes)
Event: 8.881 Thread 0x000001ba7ea8adb0 nmethod 7727 0x000001ba5d3b4208 code [0x000001ba5d3b4300, 0x000001ba5d3b4508]
Event: 8.881 Thread 0x000001ba7e3717c0 nmethod 7726 0x000001ba64c1e808 code [0x000001ba64c1e900, 0x000001ba64c1eca8]
Event: 8.881 Thread 0x000001ba7ea89d90 nmethod 7728 0x000001ba5d315c08 code [0x000001ba5d315d00, 0x000001ba5d315eb0]

GC Heap Usage History (20 events):
Event: 1.910 {heap Before GC invocations=3 (full 0):
 garbage-first heap   total reserved 8204288K, committed 57344K, used 53484K [0x000000060b400000, 0x0000000800000000)
  region size 4096K, 13 young (53248K), 3 survivors (12288K)
}
Event: 1.914 {heap After GC invocations=4 (full 0):
 garbage-first heap   total reserved 8204288K, committed 73728K, used 16654K [0x000000060b400000, 0x0000000800000000)
  region size 4096K, 4 young (16384K), 4 survivors (16384K)
}
Event: 2.941 {heap Before GC invocations=4 (full 0):
 garbage-first heap   total reserved 8204288K, committed 73728K, used 41230K [0x000000060b400000, 0x0000000800000000)
  region size 4096K, 10 young (40960K), 4 survivors (16384K)
}
Event: 2.946 {heap After GC invocations=5 (full 0):
 garbage-first heap   total reserved 8204288K, committed 73728K, used 20029K [0x000000060b400000, 0x0000000800000000)
  region size 4096K, 2 young (8192K), 2 survivors (8192K)
}
Event: 4.449 {heap Before GC invocations=5 (full 0):
 garbage-first heap   total reserved 8204288K, committed 73728K, used 48701K [0x000000060b400000, 0x0000000800000000)
  region size 4096K, 10 young (40960K), 2 survivors (8192K)
}
Event: 4.451 {heap After GC invocations=6 (full 0):
 garbage-first heap   total reserved 8204288K, committed 73728K, used 26432K [0x000000060b400000, 0x0000000800000000)
  region size 4096K, 2 young (8192K), 2 survivors (8192K)
}
Event: 4.473 {heap Before GC invocations=6 (full 0):
 garbage-first heap   total reserved 8204288K, committed 73728K, used 30528K [0x000000060b400000, 0x0000000800000000)
  region size 4096K, 4 young (16384K), 2 survivors (8192K)
}
Event: 4.474 {heap After GC invocations=7 (full 0):
 garbage-first heap   total reserved 8204288K, committed 73728K, used 26916K [0x000000060b400000, 0x0000000800000000)
  region size 4096K, 1 young (4096K), 1 survivors (4096K)
}
Event: 4.846 {heap Before GC invocations=8 (full 0):
 garbage-first heap   total reserved 8204288K, committed 73728K, used 47396K [0x000000060b400000, 0x0000000800000000)
  region size 4096K, 7 young (28672K), 1 survivors (4096K)
}
Event: 4.847 {heap After GC invocations=9 (full 0):
 garbage-first heap   total reserved 8204288K, committed 73728K, used 29563K [0x000000060b400000, 0x0000000800000000)
  region size 4096K, 1 young (4096K), 1 survivors (4096K)
}
Event: 6.597 {heap Before GC invocations=9 (full 0):
 garbage-first heap   total reserved 8204288K, committed 73728K, used 50043K [0x000000060b400000, 0x0000000800000000)
  region size 4096K, 7 young (28672K), 1 survivors (4096K)
}
Event: 6.600 {heap After GC invocations=10 (full 0):
 garbage-first heap   total reserved 8204288K, committed 73728K, used 30157K [0x000000060b400000, 0x0000000800000000)
  region size 4096K, 1 young (4096K), 1 survivors (4096K)
}
Event: 6.964 {heap Before GC invocations=10 (full 0):
 garbage-first heap   total reserved 8204288K, committed 73728K, used 54733K [0x000000060b400000, 0x0000000800000000)
  region size 4096K, 7 young (28672K), 1 survivors (4096K)
}
Event: 6.967 {heap After GC invocations=11 (full 0):
 garbage-first heap   total reserved 8204288K, committed 73728K, used 34070K [0x000000060b400000, 0x0000000800000000)
  region size 4096K, 1 young (4096K), 1 survivors (4096K)
}
Event: 8.434 {heap Before GC invocations=11 (full 0):
 garbage-first heap   total reserved 8204288K, committed 73728K, used 58646K [0x000000060b400000, 0x0000000800000000)
  region size 4096K, 7 young (28672K), 1 survivors (4096K)
}
Event: 8.437 {heap After GC invocations=12 (full 0):
 garbage-first heap   total reserved 8204288K, committed 73728K, used 37934K [0x000000060b400000, 0x0000000800000000)
  region size 4096K, 1 young (4096K), 1 survivors (4096K)
}
Event: 8.818 {heap Before GC invocations=12 (full 0):
 garbage-first heap   total reserved 8204288K, committed 73728K, used 58414K [0x000000060b400000, 0x0000000800000000)
  region size 4096K, 6 young (24576K), 1 survivors (4096K)
}
Event: 8.821 {heap After GC invocations=13 (full 0):
 garbage-first heap   total reserved 8204288K, committed 73728K, used 43105K [0x000000060b400000, 0x0000000800000000)
  region size 4096K, 1 young (4096K), 1 survivors (4096K)
}
Event: 8.867 {heap Before GC invocations=14 (full 0):
 garbage-first heap   total reserved 8204288K, committed 77824K, used 59489K [0x000000060b400000, 0x0000000800000000)
  region size 4096K, 5 young (20480K), 1 survivors (4096K)
}
Event: 8.868 {heap After GC invocations=15 (full 0):
 garbage-first heap   total reserved 8204288K, committed 77824K, used 44040K [0x000000060b400000, 0x0000000800000000)
  region size 4096K, 1 young (4096K), 1 survivors (4096K)
}

Metaspace Usage History (20 events):
Event: 1.910 {metaspace Before GC invocations=3 (full 0):
 Metaspace       used 25257K, committed 25664K, reserved 1114112K
  class space    used 3861K, committed 4032K, reserved 1048576K
}
Event: 1.914 {metaspace After GC invocations=4 (full 0):
 Metaspace       used 25257K, committed 25664K, reserved 1114112K
  class space    used 3861K, committed 4032K, reserved 1048576K
}
Event: 2.941 {metaspace Before GC invocations=4 (full 0):
 Metaspace       used 26233K, committed 26624K, reserved 1114112K
  class space    used 3985K, committed 4160K, reserved 1048576K
}
Event: 2.946 {metaspace After GC invocations=5 (full 0):
 Metaspace       used 26233K, committed 26624K, reserved 1114112K
  class space    used 3985K, committed 4160K, reserved 1048576K
}
Event: 4.449 {metaspace Before GC invocations=5 (full 0):
 Metaspace       used 34558K, committed 34944K, reserved 1114112K
  class space    used 4835K, committed 4992K, reserved 1048576K
}
Event: 4.451 {metaspace After GC invocations=6 (full 0):
 Metaspace       used 34558K, committed 34944K, reserved 1114112K
  class space    used 4835K, committed 4992K, reserved 1048576K
}
Event: 4.473 {metaspace Before GC invocations=6 (full 0):
 Metaspace       used 35539K, committed 35968K, reserved 1114112K
  class space    used 4939K, committed 5120K, reserved 1048576K
}
Event: 4.474 {metaspace After GC invocations=7 (full 0):
 Metaspace       used 35539K, committed 35968K, reserved 1114112K
  class space    used 4939K, committed 5120K, reserved 1048576K
}
Event: 4.846 {metaspace Before GC invocations=8 (full 0):
 Metaspace       used 41460K, committed 41984K, reserved 1114112K
  class space    used 5702K, committed 5952K, reserved 1048576K
}
Event: 4.847 {metaspace After GC invocations=9 (full 0):
 Metaspace       used 41460K, committed 41984K, reserved 1114112K
  class space    used 5702K, committed 5952K, reserved 1048576K
}
Event: 6.597 {metaspace Before GC invocations=9 (full 0):
 Metaspace       used 43467K, committed 43904K, reserved 1114112K
  class space    used 5955K, committed 6144K, reserved 1048576K
}
Event: 6.600 {metaspace After GC invocations=10 (full 0):
 Metaspace       used 43467K, committed 43904K, reserved 1114112K
  class space    used 5955K, committed 6144K, reserved 1048576K
}
Event: 6.964 {metaspace Before GC invocations=10 (full 0):
 Metaspace       used 46766K, committed 47296K, reserved 1114112K
  class space    used 6464K, committed 6720K, reserved 1048576K
}
Event: 6.967 {metaspace After GC invocations=11 (full 0):
 Metaspace       used 46766K, committed 47296K, reserved 1114112K
  class space    used 6464K, committed 6720K, reserved 1048576K
}
Event: 8.434 {metaspace Before GC invocations=11 (full 0):
 Metaspace       used 49114K, committed 49600K, reserved 1114112K
  class space    used 6895K, committed 7104K, reserved 1048576K
}
Event: 8.437 {metaspace After GC invocations=12 (full 0):
 Metaspace       used 49114K, committed 49600K, reserved 1114112K
  class space    used 6895K, committed 7104K, reserved 1048576K
}
Event: 8.818 {metaspace Before GC invocations=12 (full 0):
 Metaspace       used 49878K, committed 50368K, reserved 1114112K
  class space    used 7019K, committed 7232K, reserved 1048576K
}
Event: 8.821 {metaspace After GC invocations=13 (full 0):
 Metaspace       used 49878K, committed 50368K, reserved 1114112K
  class space    used 7019K, committed 7232K, reserved 1048576K
}
Event: 8.867 {metaspace Before GC invocations=14 (full 0):
 Metaspace       used 49944K, committed 50432K, reserved 1114112K
  class space    used 7020K, committed 7232K, reserved 1048576K
}
Event: 8.868 {metaspace After GC invocations=15 (full 0):
 Metaspace       used 49944K, committed 50432K, reserved 1114112K
  class space    used 7020K, committed 7232K, reserved 1048576K
}

Dll operation events (20 events):
Event: 0.500 Attempting to load shared library C:\Users\matea\.openjfx\cache\25.0.2+4\amd64\vcruntime140.dll
Event: 0.504 Loaded shared library C:\Users\matea\.openjfx\cache\25.0.2+4\amd64\vcruntime140.dll
Event: 0.506 Attempting to load shared library C:\Users\matea\.openjfx\cache\25.0.2+4\amd64\vcruntime140_1.dll
Event: 0.512 Loaded shared library C:\Users\matea\.openjfx\cache\25.0.2+4\amd64\vcruntime140_1.dll
Event: 0.517 Attempting to load shared library C:\Users\matea\.openjfx\cache\25.0.2+4\amd64\msvcp140.dll
Event: 0.522 Loaded shared library C:\Users\matea\.openjfx\cache\25.0.2+4\amd64\msvcp140.dll
Event: 0.525 Attempting to load shared library C:\Users\matea\.openjfx\cache\25.0.2+4\amd64\msvcp140_1.dll
Event: 0.531 Loaded shared library C:\Users\matea\.openjfx\cache\25.0.2+4\amd64\msvcp140_1.dll
Event: 0.534 Attempting to load shared library C:\Users\matea\.openjfx\cache\25.0.2+4\amd64\msvcp140_2.dll
Event: 0.542 Loaded shared library C:\Users\matea\.openjfx\cache\25.0.2+4\amd64\msvcp140_2.dll
Event: 0.560 Attempting to load shared library C:\Users\matea\.openjfx\cache\25.0.2+4\amd64\prism_d3d.dll
Event: 0.594 Loaded shared library C:\Users\matea\.openjfx\cache\25.0.2+4\amd64\prism_d3d.dll
Event: 0.664 Attempting to load shared library C:\Users\matea\.openjfx\cache\25.0.2+4\amd64\glass.dll
Event: 0.697 Loaded shared library C:\Users\matea\.openjfx\cache\25.0.2+4\amd64\glass.dll
Event: 0.934 Attempting to load shared library C:\Users\matea\.openjfx\cache\25.0.2+4\amd64\javafx_font.dll
Event: 0.955 Loaded shared library C:\Users\matea\.openjfx\cache\25.0.2+4\amd64\javafx_font.dll
Event: 0.979 Attempting to load shared library C:\Users\matea\AppData\Local\Temp\jna-103668220\jna6102248024730962260.dll
Event: 1.016 Loaded shared library C:\Users\matea\AppData\Local\Temp\jna-103668220\jna6102248024730962260.dll
Event: 4.424 Attempting to load shared library C:\Users\matea\.jdks\corretto-25.0.4.1\bin\sunmscapi.dll
Event: 4.425 Loaded shared library C:\Users\matea\.jdks\corretto-25.0.4.1\bin\sunmscapi.dll

Deoptimization events (20 events):
Event: 8.822 Thread 0x000001ba10684d80 DEOPT PACKING pc=0x000001ba5daf8a5a sp=0x0000008cc92fec90
Event: 8.822 Thread 0x000001ba10684d80 DEOPT UNPACKING pc=0x000001ba644a12a2 sp=0x0000008cc92fe1a0 mode 0
Event: 8.822 Thread 0x000001ba10684d80 DEOPT PACKING pc=0x000001ba5dae7c0f sp=0x0000008cc92fec50
Event: 8.822 Thread 0x000001ba10684d80 DEOPT UNPACKING pc=0x000001ba644a12a2 sp=0x0000008cc92fe158 mode 0
Event: 8.822 Thread 0x000001ba10684d80 DEOPT PACKING pc=0x000001ba5daf8a5a sp=0x0000008cc92fec90
Event: 8.822 Thread 0x000001ba10684d80 DEOPT UNPACKING pc=0x000001ba644a12a2 sp=0x0000008cc92fe1a0 mode 0
Event: 8.823 Thread 0x000001ba10684d80 DEOPT PACKING pc=0x000001ba5dae7c0f sp=0x0000008cc92fec50
Event: 8.823 Thread 0x000001ba10684d80 DEOPT UNPACKING pc=0x000001ba644a12a2 sp=0x0000008cc92fe158 mode 0
Event: 8.823 Thread 0x000001ba10684d80 DEOPT PACKING pc=0x000001ba5dae7c0f sp=0x0000008cc92fec50
Event: 8.823 Thread 0x000001ba10684d80 DEOPT UNPACKING pc=0x000001ba644a12a2 sp=0x0000008cc92fe158 mode 0
Event: 8.832 Thread 0x000001ba10684d80 Uncommon trap: trap_request=0xffffff45 fr.pc=0x000001ba64e8f7e8 relative=0x0000000000000068
Event: 8.832 Thread 0x000001ba10684d80 Uncommon trap: reason=unstable_if action=reinterpret pc=0x000001ba64e8f7e8 method=com.bwxor.piejfx.controller.impl.SearchInFilesViewController.isStale(J)Z @ 9 c2
Event: 8.832 Thread 0x000001ba10684d80 DEOPT PACKING pc=0x000001ba64e8f7e8 sp=0x0000008cc92fed50
Event: 8.832 Thread 0x000001ba10684d80 DEOPT UNPACKING pc=0x000001ba64581702 sp=0x0000008cc92fece0 mode 2
Event: 8.854 Thread 0x000001ba10685d20 Uncommon trap: trap_request=0xffffff45 fr.pc=0x000001ba64e843b4 relative=0x00000000000018b4
Event: 8.854 Thread 0x000001ba10685d20 Uncommon trap: reason=unstable_if action=reinterpret pc=0x000001ba64e843b4 method=sun.nio.cs.UTF_8$Decoder.decodeArrayLoop(Ljava/nio/ByteBuffer;Ljava/nio/CharBuffer;)Ljava/nio/charset/CoderResult; @ 277 c2
Event: 8.854 Thread 0x000001ba10685d20 DEOPT PACKING pc=0x000001ba64e843b4 sp=0x0000008ccdcfefb0
Event: 8.854 Thread 0x000001ba10685d20 DEOPT UNPACKING pc=0x000001ba64581702 sp=0x0000008ccdcfef08 mode 2
Event: 8.878 Thread 0x000001ba10685d20 DEOPT PACKING pc=0x000001ba5db1baf0 sp=0x0000008ccdcff290
Event: 8.878 Thread 0x000001ba10685d20 DEOPT UNPACKING pc=0x000001ba644a12a2 sp=0x0000008ccdcfe760 mode 0

Classes loaded (20 events):
Event: 8.783 Loading class java/lang/ConditionalSpecialCasing
Event: 8.783 Loading class java/lang/ConditionalSpecialCasing done
Event: 8.783 Loading class java/lang/ConditionalSpecialCasing$Entry
Event: 8.783 Loading class java/lang/ConditionalSpecialCasing$Entry done
Event: 8.784 Loading class java/lang/CharacterData0E
Event: 8.784 Loading class java/lang/CharacterData0E done
Event: 8.785 Loading class java/lang/CharacterData03
Event: 8.785 Loading class java/lang/CharacterData03 done
Event: 8.868 Loading class jdk/internal/icu/text/BidiBase$BracketData
Event: 8.868 Loading class jdk/internal/icu/text/BidiBase$BracketData done
Event: 8.869 Loading class jdk/internal/icu/text/BidiBase$Opening
Event: 8.869 Loading class jdk/internal/icu/text/BidiBase$Opening done
Event: 8.869 Loading class jdk/internal/icu/text/BidiBase$IsoRun
Event: 8.869 Loading class jdk/internal/icu/text/BidiBase$IsoRun done
Event: 8.869 Loading class jdk/internal/icu/text/BidiBase$LevState
Event: 8.869 Loading class jdk/internal/icu/text/BidiBase$LevState done
Event: 8.869 Loading class java/util/DualPivotQuicksort
Event: 8.869 Loading class java/util/DualPivotQuicksort done
Event: 8.869 Loading class java/util/DualPivotQuicksort$SortOperation
Event: 8.869 Loading class java/util/DualPivotQuicksort$SortOperation done

Classes unloaded (0 events):
No events

Classes redefined (0 events):
No events

Internal exceptions (20 events):
Event: 6.789 Thread 0x000001ba7e7d7c90 Exception <a 'sun/nio/fs/WindowsException'{0x00000006273556e0}> (0x00000006273556e0) 
thrown [s\src\hotspot\share\prims\jni.cpp, line 516]
Event: 6.808 Thread 0x000001ba7e7d7c90 Exception <a 'sun/nio/fs/WindowsException'{0x0000000626cad418}> (0x0000000626cad418) 
thrown [s\src\hotspot\share\prims\jni.cpp, line 516]
Event: 6.808 Thread 0x000001ba7e7d7c90 Exception <a 'sun/nio/fs/WindowsException'{0x0000000626cae0e0}> (0x0000000626cae0e0) 
thrown [s\src\hotspot\share\prims\jni.cpp, line 516]
Event: 6.823 Thread 0x000001ba7e7d7c90 Exception <a 'sun/nio/fs/WindowsException'{0x0000000626cfa718}> (0x0000000626cfa718) 
thrown [s\src\hotspot\share\prims\jni.cpp, line 516]
Event: 6.823 Thread 0x000001ba7e7d7c90 Exception <a 'sun/nio/fs/WindowsException'{0x0000000626cfb3e0}> (0x0000000626cfb3e0) 
thrown [s\src\hotspot\share\prims\jni.cpp, line 516]
Event: 6.847 Thread 0x000001ba7e7d7c90 Exception <a 'sun/nio/fs/WindowsException'{0x0000000626e75170}> (0x0000000626e75170) 
thrown [s\src\hotspot\share\prims\jni.cpp, line 516]
Event: 6.847 Thread 0x000001ba7e7d7c90 Exception <a 'sun/nio/fs/WindowsException'{0x0000000626e75b88}> (0x0000000626e75b88) 
thrown [s\src\hotspot\share\prims\jni.cpp, line 516]
Event: 6.847 Thread 0x000001ba7e7d7c90 Exception <a 'sun/nio/fs/WindowsException'{0x0000000626e768c8}> (0x0000000626e768c8) 
thrown [s\src\hotspot\share\prims\jni.cpp, line 516]
Event: 6.847 Thread 0x000001ba7e7d7c90 Exception <a 'sun/nio/fs/WindowsException'{0x0000000626e772e0}> (0x0000000626e772e0) 
thrown [s\src\hotspot\share\prims\jni.cpp, line 516]
Event: 6.865 Thread 0x000001ba7e7d7c90 Exception <a 'java/lang/NoSuchMethodError'{0x0000000626fb0ea0}: 'void java.lang.invoke.DirectMethodHandle$Holder.invokeStatic(java.lang.Object, int)'> (0x0000000626fb0ea0) 
thrown [s\src\hotspot\share\interpreter\linkResolver.cpp, line 804]
Event: 6.866 Thread 0x000001ba7e7d7c90 Exception <a 'java/lang/NoSuchMethodError'{0x0000000626fb9100}: 'void java.lang.invoke.DirectMethodHandle$Holder.invokeStaticInit(java.lang.Object, int)'> (0x0000000626fb9100) 
thrown [s\src\hotspot\share\interpreter\linkResolver.cpp, line 804]
Event: 6.873 Thread 0x000001ba7e7d7c90 Implicit null exception at 0x000001ba64de2deb to 0x000001ba64de3148
Event: 7.090 Thread 0x000001ba7e7d7c90 Exception <a 'java/lang/IncompatibleClassChangeError'{0x0000000626840300}: Found class java.lang.Object, but interface was expected> (0x0000000626840300) 
thrown [s\src\hotspot\share\interpreter\linkResolver.cpp, line 871]
Event: 7.752 Thread 0x000001ba7e7d7c90 Exception <a 'java/lang/NoSuchMethodError'{0x0000000626a78708}: 'void java.lang.invoke.DirectMethodHandle$Holder.invokeSpecial(java.lang.Object, java.lang.Object, long, java.lang.Object)'> (0x0000000626a78708) 
thrown [s\src\hotspot\share\interpreter\linkResolver.cpp, line 804]
Event: 7.752 Thread 0x000001ba7e7d7c90 Exception <a 'java/lang/NoSuchMethodError'{0x0000000626a882d8}: 'java.lang.Object java.lang.invoke.DirectMethodHandle$Holder.newInvokeSpecial(java.lang.Object, java.lang.Object, long)'> (0x0000000626a882d8) 
thrown [s\src\hotspot\share\interpreter\linkResolver.cpp, line 804]
Event: 8.764 Thread 0x000001ba7e7d7c90 Exception <a 'java/lang/NoSuchMethodError'{0x000000062abf88b0}: 'java.lang.Object java.lang.invoke.DirectMethodHandle$Holder.newInvokeSpecial(java.lang.Object, java.lang.Object, java.lang.Object, long)'> (0x000000062abf88b0) 
thrown [s\src\hotspot\share\interpreter\linkResolver.cpp, line 804]
Event: 8.764 Thread 0x000001ba7e7d7c90 Exception <a 'java/lang/NoSuchMethodError'{0x0000000627000ed0}: 'java.lang.Object java.lang.invoke.Invokers$Holder.linkToTargetMethod(java.lang.Object, java.lang.Object, long, java.lang.Object)'> (0x0000000627000ed0) 
thrown [s\src\hotspot\share\interpreter\linkResolver.cpp, line 804]
Event: 8.777 Thread 0x000001ba10684d80 Exception <a 'java/lang/NoSuchMethodError'{0x0000000627112fa0}: 'java.lang.Object java.lang.invoke.DirectMethodHandle$Holder.newInvokeSpecial(java.lang.Object, java.lang.Object, long, java.lang.Object)'> (0x0000000627112fa0) 
thrown [s\src\hotspot\share\interpreter\linkResolver.cpp, line 804]
Event: 8.777 Thread 0x000001ba10684d80 Exception <a 'java/lang/NoSuchMethodError'{0x0000000627123390}: 'java.lang.Object java.lang.invoke.Invokers$Holder.linkToTargetMethod(java.lang.Object, long, java.lang.Object, java.lang.Object)'> (0x0000000627123390) 
thrown [s\src\hotspot\share\interpreter\linkResolver.cpp, line 804]
Event: 8.869 Thread 0x000001ba7e7d7c90 Exception <a 'java/lang/NoSuchMethodError'{0x00000007ffc021f0}: 'void java.lang.invoke.DirectMethodHandle$Holder.invokeStatic(java.lang.Object, java.lang.Object, int, int)'> (0x00000007ffc021f0) 
thrown [s\src\hotspot\share\interpreter\linkResolver.cpp, line 804]

VM Operations (20 events):
Event: 6.597 Executing safepoint VM operation: G1CollectForAllocation (G1 Evacuation Pause)
Event: 6.600 Executing safepoint VM operation: G1CollectForAllocation (G1 Evacuation Pause) done
Event: 6.750 Executing non-safepoint VM operation: HandshakeAllThreads (Deoptimize)
Event: 6.750 Executing non-safepoint VM operation: HandshakeAllThreads (Deoptimize) done
Event: 6.858 Executing non-safepoint VM operation: HandshakeAllThreads (Deoptimize)
Event: 6.858 Executing non-safepoint VM operation: HandshakeAllThreads (Deoptimize) done
Event: 6.964 Executing safepoint VM operation: G1CollectForAllocation (G1 Evacuation Pause)
Event: 6.967 Executing safepoint VM operation: G1CollectForAllocation (G1 Evacuation Pause) done
Event: 8.434 Executing safepoint VM operation: G1CollectForAllocation (G1 Evacuation Pause)
Event: 8.437 Executing safepoint VM operation: G1CollectForAllocation (G1 Evacuation Pause) done
Event: 8.478 Executing non-safepoint VM operation: HandshakeAllThreads (Deoptimize)
Event: 8.478 Executing non-safepoint VM operation: HandshakeAllThreads (Deoptimize) done
Event: 8.818 Executing safepoint VM operation: G1CollectForAllocation (G1 Evacuation Pause)
Event: 8.821 Executing safepoint VM operation: G1CollectForAllocation (G1 Evacuation Pause) done
Event: 8.835 Executing safepoint VM operation: G1PauseRemark
Event: 8.838 Executing safepoint VM operation: G1PauseRemark done
Event: 8.842 Executing safepoint VM operation: G1PauseCleanup
Event: 8.843 Executing safepoint VM operation: G1PauseCleanup done
Event: 8.867 Executing safepoint VM operation: G1CollectForAllocation (G1 Evacuation Pause)
Event: 8.868 Executing safepoint VM operation: G1CollectForAllocation (G1 Evacuation Pause) done

Memory protections (0 events):
No events

Nmethod flushes (20 events):
Event: 8.837 Thread 0x000001ba768af020 flushing  nmethod 0x000001ba5d1dd288
Event: 8.837 Thread 0x000001ba768af020 flushing  nmethod 0x000001ba5d228308
Event: 8.837 Thread 0x000001ba768af020 flushing  nmethod 0x000001ba5d2a1c88
Event: 8.837 Thread 0x000001ba768af020 flushing  nmethod 0x000001ba5d2d2308
Event: 8.837 Thread 0x000001ba768af020 flushing  nmethod 0x000001ba5d2f9f08
Event: 8.837 Thread 0x000001ba768af020 flushing  nmethod 0x000001ba5d2fa388
Event: 8.837 Thread 0x000001ba768af020 flushing  nmethod 0x000001ba5d2fbf08
Event: 8.837 Thread 0x000001ba768af020 flushing  nmethod 0x000001ba5d325788
Event: 8.837 Thread 0x000001ba768af020 flushing  nmethod 0x000001ba5d37d408
Event: 8.837 Thread 0x000001ba768af020 flushing  nmethod 0x000001ba5d385788
Event: 8.837 Thread 0x000001ba768af020 flushing  nmethod 0x000001ba5d429688
Event: 8.837 Thread 0x000001ba768af020 flushing  nmethod 0x000001ba5d4d8508
Event: 8.837 Thread 0x000001ba768af020 flushing  nmethod 0x000001ba5d4dc808
Event: 8.837 Thread 0x000001ba768af020 flushing  nmethod 0x000001ba5d4dcc08
Event: 8.837 Thread 0x000001ba768af020 flushing  nmethod 0x000001ba5d4dd188
Event: 8.837 Thread 0x000001ba768af020 flushing  nmethod 0x000001ba5d4de008
Event: 8.837 Thread 0x000001ba768af020 flushing  nmethod 0x000001ba5d4de508
Event: 8.837 Thread 0x000001ba768af020 flushing  nmethod 0x000001ba5d4fa088
Event: 8.837 Thread 0x000001ba768af020 flushing  nmethod 0x000001ba5d5c0388
Event: 8.837 Thread 0x000001ba768af020 flushing  nmethod 0x000001ba5d5c9108

Events (20 events):
Event: 6.938 Thread 0x000001ba13dab710 Thread exited: 0x000001ba13dab710
Event: 6.956 Thread 0x000001ba768e6960 Thread added: 0x000001ba7ea8cdf0
Event: 6.988 Thread 0x000001ba7ea8adb0 Thread added: 0x000001ba7ea81480
Event: 6.988 Thread 0x000001ba7ea8adb0 Thread added: 0x000001ba7ea8d600
Event: 6.988 Thread 0x000001ba7ea8adb0 Thread added: 0x000001ba7ea89d90
Event: 7.025 Thread 0x000001ba7ea8d600 Thread added: 0x000001ba7997a3a0
Event: 7.074 Thread 0x000001ba7e96c820 Thread added: 0x000001ba768dd850
Event: 7.391 Thread 0x000001ba7997a3a0 Thread exited: 0x000001ba7997a3a0
Event: 7.391 Thread 0x000001ba7ea81480 Thread exited: 0x000001ba7ea81480
Event: 7.391 Thread 0x000001ba7ea8cdf0 Thread exited: 0x000001ba7ea8cdf0
Event: 8.415 Thread 0x000001ba7ea8d600 Thread added: 0x000001ba7997ec30
Event: 8.691 Thread 0x000001ba7997ec30 Thread exited: 0x000001ba7997ec30
Event: 8.764 Thread 0x000001ba7e7d7c90 Thread added: 0x000001ba10684d80
Event: 8.777 Thread 0x000001ba768e4d40 Thread added: 0x000001ba7e370fb0
Event: 8.782 Thread 0x000001ba7ea8d600 Thread added: 0x000001ba7e3717c0
Event: 8.787 Thread 0x000001ba7e370fb0 Thread added: 0x000001ba7e374010
Event: 8.793 Thread 0x000001ba768e6960 Thread added: 0x000001ba7e373800
Event: 8.804 Thread 0x000001ba7ea8d600 Thread added: 0x000001ba7e3707a0
Event: 8.833 Thread 0x000001ba10684d80 Thread exited: 0x000001ba10684d80
Event: 8.833 Thread 0x000001ba7e7d7c90 Thread added: 0x000001ba10685d20


Dynamic libraries:
0x00007ff68c230000 - 0x00007ff68c23e000 	C:\Users\matea\.jdks\corretto-25.0.4.1\bin\java.exe
0x00007ffc92980000 - 0x00007ffc92be7000 	C:\WINDOWS\SYSTEM32\ntdll.dll
0x00007ffc91760000 - 0x00007ffc9182a000 	C:\WINDOWS\System32\KERNEL32.DLL
0x00007ffc8ff10000 - 0x00007ffc90310000 	C:\WINDOWS\System32\KERNELBASE.dll
0x00007ffc8fdb0000 - 0x00007ffc8fefc000 	C:\WINDOWS\System32\ucrtbase.dll
0x00007ffc8c4c0000 - 0x00007ffc8c4d7000 	C:\Users\matea\.jdks\corretto-25.0.4.1\bin\jli.dll
0x00007ffc853e0000 - 0x00007ffc853fe000 	C:\Users\matea\.jdks\corretto-25.0.4.1\bin\VCRUNTIME140.dll
0x00007ffc908a0000 - 0x00007ffc90a7d000 	C:\WINDOWS\System32\USER32.dll
0x00007ffc84cd0000 - 0x00007ffc84f60000 	C:\WINDOWS\WinSxS\amd64_microsoft.windows.common-controls_6595b64144ccf1df_6.0.26100.9596_none_3e0f4960e32e3260\COMCTL32.dll
0x00007ffc90490000 - 0x00007ffc904b7000 	C:\WINDOWS\System32\win32u.dll
0x00007ffc91c60000 - 0x00007ffc91c8b000 	C:\WINDOWS\System32\GDI32.dll
0x00007ffc91910000 - 0x00007ffc919b9000 	C:\WINDOWS\System32\msvcrt.dll
0x00007ffc90580000 - 0x00007ffc906a7000 	C:\WINDOWS\System32\gdi32full.dll
0x00007ffc90320000 - 0x00007ffc903c3000 	C:\WINDOWS\System32\msvcp_win.dll
0x00007ffc91c90000 - 0x00007ffc91cc1000 	C:\WINDOWS\System32\IMM32.DLL
0x00007ffc84730000 - 0x00007ffc8473c000 	C:\Users\matea\.jdks\corretto-25.0.4.1\bin\vcruntime140_1.dll
0x00007ffc6b470000 - 0x00007ffc6b4f9000 	C:\Users\matea\.jdks\corretto-25.0.4.1\bin\msvcp140.dll
0x00007ffc10690000 - 0x00007ffc115c7000 	C:\Users\matea\.jdks\corretto-25.0.4.1\bin\server\jvm.dll
0x00007ffc91830000 - 0x00007ffc918eb000 	C:\WINDOWS\System32\ADVAPI32.dll
0x00007ffc90e80000 - 0x00007ffc90f28000 	C:\WINDOWS\System32\sechost.dll
0x00007ffc91d60000 - 0x00007ffc91e78000 	C:\WINDOWS\System32\RPCRT4.dll
0x00007ffc90f30000 - 0x00007ffc90fb0000 	C:\WINDOWS\System32\WS2_32.dll
0x00007ffc8f9e0000 - 0x00007ffc8fa3e000 	C:\WINDOWS\SYSTEM32\POWRPROF.dll
0x00007ffc8b7c0000 - 0x00007ffc8b7cb000 	C:\WINDOWS\SYSTEM32\VERSION.dll
0x00007ffc8bf70000 - 0x00007ffc8bfa6000 	C:\WINDOWS\SYSTEM32\WINMM.dll
0x00007ffc8f9c0000 - 0x00007ffc8f9d5000 	C:\WINDOWS\SYSTEM32\UMPDC.dll
0x00007ffc8e310000 - 0x00007ffc8e32b000 	C:\WINDOWS\SYSTEM32\kernel.appcore.dll
0x00007ffc84720000 - 0x00007ffc8472a000 	C:\Users\matea\.jdks\corretto-25.0.4.1\bin\jimage.dll
0x00007ffc8cab0000 - 0x00007ffc8ccfc000 	C:\WINDOWS\SYSTEM32\DBGHELP.DLL
0x00007ffc925b0000 - 0x00007ffc9293a000 	C:\WINDOWS\System32\combase.dll
0x00007ffc91f70000 - 0x00007ffc92049000 	C:\WINDOWS\System32\OLEAUT32.dll
0x00007ffc8bf30000 - 0x00007ffc8bf6b000 	C:\WINDOWS\SYSTEM32\dbgcore.DLL
0x00007ffc903d0000 - 0x00007ffc9047c000 	C:\WINDOWS\System32\bcryptPrimitives.dll
0x00007ffc83380000 - 0x00007ffc83390000 	C:\Users\matea\.jdks\corretto-25.0.4.1\bin\instrument.dll
0x00007ffc84680000 - 0x00007ffc8469f000 	C:\Users\matea\.jdks\corretto-25.0.4.1\bin\java.dll
0x00007ffc919c0000 - 0x00007ffc91b59000 	C:\WINDOWS\System32\ole32.dll
0x00007ffc90fc0000 - 0x00007ffc91758000 	C:\WINDOWS\System32\SHELL32.dll
0x00007ffc8d090000 - 0x00007ffc8d93e000 	C:\WINDOWS\SYSTEM32\windows.storage.dll
0x00007ffc91b60000 - 0x00007ffc91c5b000 	C:\WINDOWS\System32\SHCORE.dll
0x00007ffc90c20000 - 0x00007ffc90c86000 	C:\WINDOWS\System32\shlwapi.dll
0x00007ffc8faa0000 - 0x00007ffc8fac9000 	C:\WINDOWS\SYSTEM32\profapi.dll
0x00007ffc82190000 - 0x00007ffc821a6000 	C:\Users\matea\.jdks\corretto-25.0.4.1\bin\zip.dll
0x00007ffc845e0000 - 0x00007ffc845f2000 	C:\Users\matea\.jdks\corretto-25.0.4.1\bin\net.dll
0x00007ffc8e8a0000 - 0x00007ffc8e90b000 	C:\WINDOWS\system32\mswsock.dll
0x00007ffc82380000 - 0x00007ffc82396000 	C:\Users\matea\.jdks\corretto-25.0.4.1\bin\nio.dll
0x00007ffc833f0000 - 0x00007ffc833f9000 	C:\Users\matea\.jdks\corretto-25.0.4.1\bin\extnet.dll
0x00007ffc8dbd0000 - 0x00007ffc8dd1c000 	C:\WINDOWS\SYSTEM32\DNSAPI.dll
0x00007ffc8e6a0000 - 0x00007ffc8e6ad000 	C:\WINDOWS\SYSTEM32\DSPARSE.dll
0x00007ffc8de20000 - 0x00007ffc8de53000 	C:\WINDOWS\SYSTEM32\IPHLPAPI.DLL
0x00007ffc924e0000 - 0x00007ffc924ea000 	C:\WINDOWS\System32\NSI.dll
0x00007ffc81230000 - 0x00007ffc8123b000 	C:\Windows\System32\rasadhlp.dll
0x00007ffc81e50000 - 0x00007ffc81ed6000 	C:\WINDOWS\System32\fwpuclnt.dll
0x00007ffc81c70000 - 0x00007ffc81c7a000 	C:\Users\matea\.jdks\corretto-25.0.4.1\bin\management.dll
0x000001ba54470000 - 0x000001ba54474000 	C:\Users\matea\.openjfx\cache\25.0.2+4\amd64\api-ms-win-core-console-l1-1-0.dll
0x00007ffc81ab0000 - 0x00007ffc81abc000 	C:\Users\matea\.jdks\corretto-25.0.4.1\bin\management_ext.dll
0x00007ffc925a0000 - 0x00007ffc925a8000 	C:\WINDOWS\System32\PSAPI.DLL
0x000001ba54480000 - 0x000001ba54484000 	C:\Users\matea\.openjfx\cache\25.0.2+4\amd64\api-ms-win-core-console-l1-2-0.dll
0x000001ba54490000 - 0x000001ba54494000 	C:\Users\matea\.openjfx\cache\25.0.2+4\amd64\api-ms-win-core-datetime-l1-1-0.dll
0x000001ba79f30000 - 0x000001ba79f34000 	C:\Users\matea\.openjfx\cache\25.0.2+4\amd64\api-ms-win-core-debug-l1-1-0.dll
0x000001ba79f40000 - 0x000001ba79f44000 	C:\Users\matea\.openjfx\cache\25.0.2+4\amd64\api-ms-win-core-errorhandling-l1-1-0.dll
0x000001ba79f50000 - 0x000001ba79f55000 	C:\Users\matea\.openjfx\cache\25.0.2+4\amd64\api-ms-win-core-file-l1-1-0.dll
0x000001ba79f60000 - 0x000001ba79f64000 	C:\Users\matea\.openjfx\cache\25.0.2+4\amd64\api-ms-win-core-file-l1-2-0.dll
0x000001ba79f70000 - 0x000001ba79f74000 	C:\Users\matea\.openjfx\cache\25.0.2+4\amd64\api-ms-win-core-file-l2-1-0.dll
0x000001ba79f80000 - 0x000001ba79f84000 	C:\Users\matea\.openjfx\cache\25.0.2+4\amd64\api-ms-win-core-handle-l1-1-0.dll
0x000001ba79f90000 - 0x000001ba79f94000 	C:\Users\matea\.openjfx\cache\25.0.2+4\amd64\api-ms-win-core-heap-l1-1-0.dll
0x000001ba79fa0000 - 0x000001ba79fa4000 	C:\Users\matea\.openjfx\cache\25.0.2+4\amd64\api-ms-win-core-interlocked-l1-1-0.dll
0x000001ba79fb0000 - 0x000001ba79fb4000 	C:\Users\matea\.openjfx\cache\25.0.2+4\amd64\api-ms-win-core-libraryloader-l1-1-0.dll
0x00007ffc8eca0000 - 0x00007ffc8ecbb000 	C:\WINDOWS\SYSTEM32\CRYPTSP.dll
0x00007ffc8e270000 - 0x00007ffc8e2a9000 	C:\WINDOWS\system32\rsaenh.dll
0x00007ffc8e940000 - 0x00007ffc8e974000 	C:\WINDOWS\SYSTEM32\USERENV.dll
0x00007ffc8fa70000 - 0x00007ffc8fa9a000 	C:\WINDOWS\SYSTEM32\bcrypt.dll
0x000001ba79fc0000 - 0x000001ba79fc4000 	C:\Users\matea\.openjfx\cache\25.0.2+4\amd64\api-ms-win-core-localization-l1-2-0.dll
0x00007ffc8ec70000 - 0x00007ffc8ec7c000 	C:\WINDOWS\SYSTEM32\CRYPTBASE.dll
0x000001ba79fd0000 - 0x000001ba79fd4000 	C:\Users\matea\.openjfx\cache\25.0.2+4\amd64\api-ms-win-core-memory-l1-1-0.dll
0x000001ba79fe0000 - 0x000001ba79fe4000 	C:\Users\matea\.openjfx\cache\25.0.2+4\amd64\api-ms-win-core-namedpipe-l1-1-0.dll
0x00007ffc8f420000 - 0x00007ffc8f438000 	C:\WINDOWS\system32\napinsp.dll
0x00007ffc8f250000 - 0x00007ffc8f263000 	C:\WINDOWS\System32\winrnr.dll
0x00007ffc8b920000 - 0x00007ffc8b947000 	C:\WINDOWS\system32\nlansp_c.dll
0x00007ffc821d0000 - 0x00007ffc821e6000 	C:\WINDOWS\system32\wshbth.dll
0x000001ba79ff0000 - 0x000001ba79ff4000 	C:\Users\matea\.openjfx\cache\25.0.2+4\amd64\api-ms-win-core-processenvironment-l1-1-0.dll
0x000001ba79af0000 - 0x000001ba79af4000 	C:\Users\matea\.openjfx\cache\25.0.2+4\amd64\api-ms-win-core-processthreads-l1-1-0.dll
0x000001ba79ad0000 - 0x000001ba79ad4000 	C:\Users\matea\.openjfx\cache\25.0.2+4\amd64\api-ms-win-core-processthreads-l1-1-1.dll
0x000001ba79ae0000 - 0x000001ba79ae4000 	C:\Users\matea\.openjfx\cache\25.0.2+4\amd64\api-ms-win-core-profile-l1-1-0.dll
0x000001ba79b00000 - 0x000001ba79b04000 	C:\Users\matea\.openjfx\cache\25.0.2+4\amd64\api-ms-win-core-rtlsupport-l1-1-0.dll
0x000001ba79b10000 - 0x000001ba79b14000 	C:\Users\matea\.openjfx\cache\25.0.2+4\amd64\api-ms-win-core-string-l1-1-0.dll
0x000001ba79b20000 - 0x000001ba79b24000 	C:\Users\matea\.openjfx\cache\25.0.2+4\amd64\api-ms-win-core-synch-l1-1-0.dll
0x000001ba79b30000 - 0x000001ba79b34000 	C:\Users\matea\.openjfx\cache\25.0.2+4\amd64\api-ms-win-core-synch-l1-2-0.dll
0x00007ffc83c80000 - 0x00007ffc83cd8000 	C:\WINDOWS\SYSTEM32\pdh.dll
0x000001ba79b40000 - 0x000001ba79b44000 	C:\Users\matea\.openjfx\cache\25.0.2+4\amd64\api-ms-win-core-sysinfo-l1-1-0.dll
0x000001ba79b80000 - 0x000001ba79b84000 	C:\Users\matea\.openjfx\cache\25.0.2+4\amd64\api-ms-win-core-timezone-l1-1-0.dll
0x000001ba00000000 - 0x000001ba00004000 	C:\Users\matea\.openjfx\cache\25.0.2+4\amd64\api-ms-win-core-util-l1-1-0.dll
0x000001ba00010000 - 0x000001ba00014000 	C:\Users\matea\.openjfx\cache\25.0.2+4\amd64\api-ms-win-crt-conio-l1-1-0.dll
0x000001ba00020000 - 0x000001ba00025000 	C:\Users\matea\.openjfx\cache\25.0.2+4\amd64\api-ms-win-crt-convert-l1-1-0.dll
0x000001ba002b0000 - 0x000001ba002b4000 	C:\Users\matea\.openjfx\cache\25.0.2+4\amd64\api-ms-win-crt-environment-l1-1-0.dll
0x000001ba00040000 - 0x000001ba00044000 	C:\Users\matea\.openjfx\cache\25.0.2+4\amd64\api-ms-win-crt-filesystem-l1-1-0.dll
0x000001ba00090000 - 0x000001ba00094000 	C:\Users\matea\.openjfx\cache\25.0.2+4\amd64\api-ms-win-crt-heap-l1-1-0.dll
0x000001ba00030000 - 0x000001ba00034000 	C:\Users\matea\.openjfx\cache\25.0.2+4\amd64\api-ms-win-crt-locale-l1-1-0.dll
0x000001ba00060000 - 0x000001ba00066000 	C:\Users\matea\.openjfx\cache\25.0.2+4\amd64\api-ms-win-crt-math-l1-1-0.dll
0x000001ba00050000 - 0x000001ba00056000 	C:\Users\matea\.openjfx\cache\25.0.2+4\amd64\api-ms-win-crt-multibyte-l1-1-0.dll
0x000001ba00070000 - 0x000001ba00081000 	C:\Users\matea\.openjfx\cache\25.0.2+4\amd64\api-ms-win-crt-private-l1-1-0.dll
0x000001ba00250000 - 0x000001ba00254000 	C:\Users\matea\.openjfx\cache\25.0.2+4\amd64\api-ms-win-crt-process-l1-1-0.dll
0x000001ba00260000 - 0x000001ba00265000 	C:\Users\matea\.openjfx\cache\25.0.2+4\amd64\api-ms-win-crt-runtime-l1-1-0.dll
0x000001ba00270000 - 0x000001ba00275000 	C:\Users\matea\.openjfx\cache\25.0.2+4\amd64\api-ms-win-crt-stdio-l1-1-0.dll
0x00007ffc808c0000 - 0x00007ffc808d2000 	C:\WINDOWS\System32\perfproc.dll
0x000001ba00280000 - 0x000001ba00285000 	C:\Users\matea\.openjfx\cache\25.0.2+4\amd64\api-ms-win-crt-string-l1-1-0.dll
0x000001ba00290000 - 0x000001ba00294000 	C:\Users\matea\.openjfx\cache\25.0.2+4\amd64\api-ms-win-crt-time-l1-1-0.dll
0x000001ba002a0000 - 0x000001ba002a4000 	C:\Users\matea\.openjfx\cache\25.0.2+4\amd64\api-ms-win-crt-utility-l1-1-0.dll
0x00007ffc600a0000 - 0x00007ffc601b1000 	C:\Users\matea\.openjfx\cache\25.0.2+4\amd64\ucrtbase.dll
0x00007ffc7d660000 - 0x00007ffc7d67e000 	C:\Users\matea\.openjfx\cache\25.0.2+4\amd64\vcruntime140.dll
0x00007ffc80030000 - 0x00007ffc8003c000 	C:\Users\matea\.openjfx\cache\25.0.2+4\amd64\vcruntime140_1.dll
0x00007ffc6b3e0000 - 0x00007ffc6b46d000 	C:\Users\matea\.openjfx\cache\25.0.2+4\amd64\msvcp140.dll
0x00007ffc7fd80000 - 0x00007ffc7fd89000 	C:\Users\matea\.openjfx\cache\25.0.2+4\amd64\msvcp140_1.dll
0x00007ffc6f720000 - 0x00007ffc6f761000 	C:\Users\matea\.openjfx\cache\25.0.2+4\amd64\msvcp140_2.dll
0x00007ffc77380000 - 0x00007ffc773b0000 	C:\Users\matea\.openjfx\cache\25.0.2+4\amd64\prism_d3d.dll
0x00007ffc62090000 - 0x00007ffc62242000 	C:\WINDOWS\system32\d3d9.dll
0x00007ffc8c820000 - 0x00007ffc8c84e000 	C:\WINDOWS\SYSTEM32\dwmapi.dll
0x00007ffc8c660000 - 0x00007ffc8c6aa000 	C:\WINDOWS\SYSTEM32\dxcore.dll
0x00007ffc8fc20000 - 0x00007ffc8fd9e000 	C:\WINDOWS\System32\CRYPT32.dll
0x00007ffc78c50000 - 0x00007ffc78c61000 	C:\WINDOWS\System32\perfos.dll
0x00007ffc8da40000 - 0x00007ffc8da52000 	C:\WINDOWS\SYSTEM32\pfclient.dll
0x00007ffc8c580000 - 0x00007ffc8c62a000 	C:\WINDOWS\system32\uxtheme.dll
0x00007ffc7d140000 - 0x00007ffc7d15f000 	C:\WINDOWS\System32\DriverStore\FileRepository\u0203304.inf_amd64_a6e5a337568ce3f0\B026373\atidx9loader64.dll
0x00007ffbe1fe0000 - 0x00007ffbe46c5000 	C:\WINDOWS\System32\DriverStore\FileRepository\u0203304.inf_amd64_a6e5a337568ce3f0\B026373\AMDXN64.DLL
0x00007ffc92050000 - 0x00007ffc924d7000 	C:\WINDOWS\System32\SETUPAPI.dll
0x00007ffc8c6b0000 - 0x00007ffc8c7ec000 	C:\WINDOWS\SYSTEM32\dxgi.dll
0x00007ffc867b0000 - 0x00007ffc867ee000 	C:\WINDOWS\System32\DriverStore\FileRepository\u0203304.inf_amd64_a6e5a337568ce3f0\B026373\amdihk64.dll
0x00007ffc8b7d0000 - 0x00007ffc8b82e000 	C:\WINDOWS\SYSTEM32\directxdatabasehelper.dll
0x00007ffc8f6e0000 - 0x00007ffc8f732000 	C:\WINDOWS\SYSTEM32\cfgmgr32.dll

JVMTI agents:
C:\Program Files\JetBrains\IntelliJ IDEA 2026.2.3\lib\idea_rt.jar path:C:\Users\matea\.jdks\corretto-25.0.4.1\bin\instrument.dll, loaded, initialized, instrumentlib options:65093

dbghelp: loaded successfully - version: 4.0.5 - missing functions: none
symbol engine: initialized successfully - sym options: 0x614 - pdb path: .;C:\Users\matea\.jdks\corretto-25.0.4.1\bin;C:\WINDOWS\SYSTEM32;C:\WINDOWS\WinSxS\amd64_microsoft.windows.common-controls_6595b64144ccf1df_6.0.26100.9596_none_3e0f4960e32e3260;C:\Users\matea\.jdks\corretto-25.0.4.1\bin\server;C:\Users\matea\.openjfx\cache\25.0.2+4\amd64;C:\WINDOWS\System32\DriverStore\FileRepository\u0203304.inf_amd64_a6e5a337568ce3f0\B026373;C:\Users\matea\AppData\Local\Temp\jna-103668220;C:\Program Files\Common Files\Microsoft Shared\Ink;C:\WINDOWS\WinSxS\amd64_microsoft.windows.gdiplus_6595b64144ccf1df_1.1.26100.9596_none_6efa3c463dc0ac2e

VM Arguments:
jvm_args: -javaagent:C:\Program Files\JetBrains\IntelliJ IDEA 2026.2.3\lib\idea_rt.jar=65093 -Dfile.encoding=UTF-8 -Dsun.stdout.encoding=UTF-8 -Dsun.stderr.encoding=UTF-8 
java_command: com.bwxor.piejfx.Launcher
java_class_path (initial): C:\git\piejfx\piejfx\target\classes;C:\Users\matea\.m2\repository\org\openjfx\javafx-controls\25.0.2\javafx-controls-25.0.2.jar;C:\Users\matea\.m2\repository\org\openjfx\javafx-controls\25.0.2\javafx-controls-25.0.2-win.jar;C:\Users\matea\.m2\repository\org\openjfx\javafx-graphics\25.0.2\javafx-graphics-25.0.2.jar;C:\Users\matea\.m2\repository\org\openjfx\javafx-graphics\25.0.2\javafx-graphics-25.0.2-win.jar;C:\Users\matea\.m2\repository\org\openjfx\javafx-fxml\25.0.2\javafx-fxml-25.0.2.jar;C:\Users\matea\.m2\repository\org\openjfx\javafx-fxml\25.0.2\javafx-fxml-25.0.2-win.jar;C:\Users\matea\.m2\repository\org\openjfx\javafx-swing\25.0.2\javafx-swing-25.0.2.jar;C:\Users\matea\.m2\repository\org\openjfx\javafx-swing\25.0.2\javafx-swing-25.0.2-win.jar;C:\Users\matea\.m2\repository\org\controlsfx\controlsfx\11.2.1\controlsfx-11.2.1.jar;C:\Users\matea\.m2\repository\com\dlsc\formsfx\formsfx-core\11.6.0\formsfx-core-11.6.0.jar;C:\Users\matea\.m2\repository\org\openjfx\javafx-web\25.0.2\javafx-web-25.0.2.jar;C:\Users\matea\.m2\repository\org\openjfx\javafx-web\25.0.2\javafx-web-25.0.2-win.jar;C:\Users\matea\.m2\repository\org\openjfx\javafx-media\25.0.2\javafx-media-25.0.2.jar;C:\Users\matea\.m2\repository\org\openjfx\javafx-media\25.0.2\javafx-media-25.0.2-win.jar;C:\Users\matea\.m2\repository\org\openjfx\jdk-jsobject\25.0.2\jdk-jsobject-25.0.2.jar;C:\Users\matea\.m2\repository\org\openjfx\jdk-jsobject\25.0.2\jdk-jsobject-25.0.2-win.jar;C:\Users\matea\.m2\repository\com\bwxor\piejfx-plugin-core\1.0-SNAPSHOT\piejfx-plugin-core-1.0-SNAPSHOT.jar;C:\Users\matea\.m2\repository\org\fxmisc\richtext\richtextfx\0.11.7\richtextfx-0.11.7.jar;C:\Users\matea\.m2\repository\org\reactfx\reactfx\2.0-M5\reactfx-2.0-M5.jar;C:\Users\matea\.m2\repository\org\fxmisc\undo\undofx\2.1.1\undofx-2.1.1.jar;C:\Users\matea\.m2\repository\org\fxmisc\flowless\flowless\0.7.4\flowless-0.7.4.jar;C:\Users\matea\.m2\repository\org\fxmisc\wellbehaved\wellbehavedfx\0.3.3\wellbehavedfx-0.3.3.jar;C:\Users\matea\.m2\repository\com\techsenger\jeditermfx\jeditermfx-core\1.1.0\jeditermfx-core-1.1.0.jar;C:\Users\matea\.m2\repository\org\jetbrains\annotations\24.0.1\annotations-24.0.1.jar;C:\Users\matea\.m2\repository\org\jetbrains\kotlin\kotlin-stdlib\1.9.22\kotlin-stdlib-1.9.22.jar;C:\Users\matea\.m2\repository\org\slf4j\slf4j-api\2.0.9\slf4j-api-2.0.9.jar;C:\Users\matea\.m2\repository\com\techsenger\jeditermfx\jeditermfx-ui\1.1.0\jeditermfx-ui-1.1.0.jar;C:\Users\matea\.m2\repository\org\jetbrains\pty4j\pty4j\0.12.25\pty4j-0.12.25.jar;C:\Users\matea\.m2\repository\org\jetbrains\pty4j\purejavacomm\0.0.11.1\purejavacomm-0.0.11.1.jar;C:\Users\matea\.m2\repository\net\java\dev\jna\jna\5.13.0\jna-5.13.0.jar;C:\Users\matea\.m2\repository\org\openjfx\javafx-base\25.0.2\javafx-base-25.0.2.jar;C:\Users\matea\.m2\repository\org\openjfx\javafx-base\25.0.2\javafx-base-25.0.2-win.jar;C:\Users\matea\.m2\repository\org\json\json\20250517\json-20250517.jar;C:\Users\matea\.m2\repository\com\helger\ph-css\8.1.1\ph-css-8.1.1.jar;C:\Users\matea\.m2\repository\com\helger\commons\ph-typeconvert\12.1.0\ph-typeconvert-12.1.0.jar;C:\Users\matea\.m2\repository\com\helger\commons\ph-collection\12.1.0\ph-collection-12.1.0.jar;C:\Users\matea\.m2\repository\com\helger\commons\ph-base\12.1.0\ph-base-12.1.0.jar;C:\Users\matea\.m2\repository\com\helger\commons\ph-cache\12.1.0\ph-cache-12.1.0.jar;C:\Users\matea\.m2\repository\com\helger\commons\ph-annotations\12.1.0\ph-annotations-12.1.0.jar;C:\Users\matea\.m2\repository\org\jspecify\jspecify\1.0.0\jspecify-1.0.0.jar;C:\Users\matea\.m2\repository\com\helger\commons\ph-statistics\12.1.0\ph-statistics-12.1.0.jar;C:\Users\matea\.m2\repository\com\helger\commons\ph-io\12.1.0\ph-io-12.1.0.jar;C:\Users\matea\.m2\repository\com\helger\commons\ph-mime\12.1.0\ph-mime-12.1.0.jar;C:\Users\matea\.m2\repository\com\helger\commons\ph-text\12.1.0\ph-text-12.1.0.jar;C:\Users\matea\.m2\repository\net\harawata\appdirs\1.5.0\appdirs-1.5.0.jar;C:\Users\matea\.m2\repository\net\java\dev\jna\jna-platform\5.18.1\jna-platform-5.18.1.jar
Launcher Type: SUN_STANDARD

[Global flags]
     intx CICompilerCount                          = 12                                        {product} {ergonomic}
     uint ConcGCThreads                            = 3                                         {product} {ergonomic}
     uint G1ConcRefinementThreads                  = 13                                        {product} {ergonomic}
   size_t G1HeapRegionSize                         = 4194304                                   {product} {ergonomic}
   size_t InitialHeapSize                          = 528482304                                 {product} {ergonomic}
   size_t MarkStackSize                            = 4194304                                   {product} {ergonomic}
   size_t MarkStackSizeMax                         = 536870912                                 {product} {ergonomic}
   size_t MaxHeapSize                              = 8401190912                                {product} {ergonomic}
   size_t MaxNewSize                               = 5037359104                                {product} {ergonomic}
   size_t MinHeapDeltaBytes                        = 4194304                                   {product} {ergonomic}
   size_t MinHeapSize                              = 8388608                                   {product} {ergonomic}
    uintx NonNMethodCodeHeapSize                   = 7667712                                {pd product} {ergonomic}
    uintx NonProfiledCodeHeapSize                  = 122028032                              {pd product} {ergonomic}
    uintx ProfiledCodeHeapSize                     = 122028032                              {pd product} {ergonomic}
    uintx ReservedCodeCacheSize                    = 251723776                              {pd product} {ergonomic}
     bool SegmentedCodeCache                       = true                                      {product} {ergonomic}
   size_t SoftMaxHeapSize                          = 8401190912                             {manageable} {ergonomic}
     bool UseCompressedOops                        = true                           {product lp64_product} {ergonomic}
     bool UseG1GC                                  = true                                      {product} {ergonomic}
     bool UseLargePagesIndividualAllocation        = false                                  {pd product} {ergonomic}

Logging:
Log output configuration:
 #0: stdout all=warning uptime,level,tags foldmultilines=false
 #1: stderr all=off uptime,level,tags foldmultilines=false

Release file:
IMPLEMENTOR="Amazon.com Inc." 
IMPLEMENTOR_VERSION="Corretto-25.0.4.10.1" 
JAVA_RUNTIME_VERSION="25.0.4.1+10-LTS" 
JAVA_VERSION="25.0.4.1" 
JAVA_VERSION_DATE="2026-08-18" 
LIBC="default" 
MODULES="java.base java.compiler java.datatransfer java.xml java.prefs java.desktop java.instrument java.logging java.management java.security.sasl java.naming java.rmi java.management.rmi java.net.http java.scripting java.security.jgss java.transaction.xa java.sql java.sql.rowset java.xml.crypto java.se java.smartcardio jdk.accessibility jdk.internal.jvmstat jdk.attach jdk.charsets jdk.internal.opt jdk.zipfs jdk.compiler jdk.crypto.cryptoki jdk.crypto.ec jdk.crypto.mscapi jdk.dynalink jdk.internal.ed jdk.editpad jdk.internal.vm.ci jdk.graal.compiler jdk.graal.compiler.management jdk.hotspot.agent jdk.httpserver jdk.incubator.vector jdk.internal.le jdk.internal.md jdk.jartool jdk.javadoc jdk.jcmd jdk.management jdk.management.agent jdk.jconsole jdk.jdeps jdk.jdwp.agent jdk.jdi jdk.jfr jdk.jlink jdk.jpackage jdk.jshell jdk.jsobject jdk.jstatd jdk.localedata jdk.management.jfr jdk.naming.dns jdk.naming.rmi jdk.net jdk.nio.mapmode jdk.sctp jdk.security.auth jdk.security.jgss jdk.unsupported jdk.unsupported.desktop jdk.xml.dom" 
OS_ARCH="x86_64" 
OS_NAME="Windows" 
SOURCE="" 

Environment Variables:
JAVA_HOME=C:\Program Files\Java\jdk-27
PATH=C:\Program Files\Common Files\Oracle\Java\javapath;C:\WINDOWS\system32;C:\WINDOWS;C:\WINDOWS\System32\Wbem;C:\WINDOWS\System32\WindowsPowerShell\v1.0\;C:\WINDOWS\System32\OpenSSH\;C:\Program Files (x86)\NVIDIA Corporation\PhysX\Common;C:\Program Files\NVIDIA Corporation\NVIDIA App\NvDLISR;C:\Program Files\Git\cmd;C:\Program Files\Java\jdk-27\bin;C:\apache-maven-3.10.0\bin;C:\Users\matea\AppData\Local\Microsoft\WindowsApps;C:\Program Files\JetBrains\IntelliJ IDEA 2026.2.3\bin;C:\Users\matea\AppData\Local\Programs\keystore;
USERNAME=matea
OS=Windows_NT
PROCESSOR_IDENTIFIER=AMD64 Family 26 Model 96 Stepping 0, AuthenticAMD
TMP=C:\Users\matea\AppData\Local\Temp
TEMP=C:\Users\matea\AppData\Local\Temp




Compilation memory statistics disabled.

Periodic native trim disabled

---------------  S Y S T E M  ---------------

OS:
 Windows 11 , 64 bit Build 26100 (10.0.26100.9596)
OS uptime: 0 days 18:57 hours
Hyper-V role detected

CPU: total 16 (initial active 16) (16 cores per cpu, 2 threads per core) family 26 model 96 stepping 0 microcode 0xb600037, cx8, cmov, fxsr, ht, mmx, 3dnowpref, sse, sse2, sse3, ssse3, sse4a, sse4.1, sse4.2, popcnt, lzcnt, tsc, tscinvbit, avx, avx2, aes, erms, clmul, bmi1, bmi2, adx, avx512f, avx512dq, avx512cd, avx512bw, avx512vl, sha, fma, vzeroupper, avx512_vpopcntdq, avx512_vpclmulqdq, avx512_vaes, avx512_vnni, clflush, clflushopt, clwb, avx512_vbmi2, avx512_vbmi, hv, rdtscp, rdpid, fsrm, gfni, avx512_bitalg, f16c, cet_ss, avx512_ifma
Processor Information for the first 16 processors :
  Max Mhz: 2000, Current Mhz: 2000, Mhz Limit: 2000

Memory: 4k page, system-wide physical 32042M (13880M free)
TotalPageFile size 37162M (AvailPageFile size 14241M)
current process WorkingSet (physical memory assigned to process): 373M, peak: 378M
current process commit charge ("private bytes"): 408M, peak: 761M

vm_info: OpenJDK 64-Bit Server VM (25.0.4.1+10-LTS) for windows-amd64 JRE (25.0.4.1+10-LTS), built on 2026-09-18T17:33:34Z with MS VC++ 17.14 (VS2022)

END.
