#
# A fatal error has been detected by the Java Runtime Environment:
#
#  EXCEPTION_ACCESS_VIOLATION (0xc0000005) at pc=0x00007ffc77397278, pid=1948, tid=12012
#
# JRE version: OpenJDK Runtime Environment Corretto-25.0.4.10.1 (25.0.4.1+10) (build 25.0.4.1+10-LTS)
# Java VM: OpenJDK 64-Bit Server VM Corretto-25.0.4.10.1 (25.0.4.1+10-LTS, mixed mode, sharing, tiered, compressed oops, compressed class ptrs, g1 gc, windows-amd64)
# Problematic frame:
# C  0x00007ffc77397278
#
# No core dump will be written. Minidumps are not enabled by default on client versions of Windows
#
# If you would like to submit a bug report, please visit:
#   https://github.com/corretto/corretto-25/issues/
# The crash happened outside the Java Virtual Machine in native code.
# See problematic frame for where to report the bug.
#

---------------  S U M M A R Y ------------

Command Line: -javaagent:C:\Program Files\JetBrains\IntelliJ IDEA 2026.2.3\lib\idea_rt.jar=64966 -Dfile.encoding=UTF-8 -Dsun.stdout.encoding=UTF-8 -Dsun.stderr.encoding=UTF-8 com.bwxor.piejfx.Launcher

Host: AMD Ryzen AI 7 350 w/ Radeon 860M              , 16 cores, 31G,  Windows 11 , 64 bit Build 26100 (10.0.26100.9596)
Time: Thu Oct  8 11:25:13 2026 GTB Daylight Time elapsed time: 9.057928 seconds (0d 0h 0m 9s)

---------------  T H R E A D  ---------------

Current thread (0x000001b9eab68720):  JavaThread "JavaFX Application Thread"        [_thread_in_native, id=12012, stack(0x0000004cc6300000,0x0000004cc6400000) (1024K)]

Stack: [0x0000004cc6300000,0x0000004cc6400000],  sp=0x0000004cc63fca40,  free space=1010k
Native frames: (J=compiled Java code, j=interpreted, Vv=VM code, C=native code)
C  0x00007ffc77397278  (no source info available)
C  0x000001b9d068d2b3  (no source info available)

The last pc belongs to native method entry point (kind = native) (printed below).
Java frames: (J=compiled Java code, j=interpreted, Vv=VM code)
j  com.sun.javafx.font.directwrite.OS.JFXTextRendererGetGlyphOffsets(J[FI)I+0
j  com.sun.javafx.font.directwrite.JFXTextRenderer.GetGlyphOffsets([FI)I+6
j  com.sun.javafx.font.directwrite.DWGlyphLayout.renderShape([CLcom/sun/javafx/text/TextRun;Lcom/sun/javafx/font/PGFont;I)V+301
j  com.sun.javafx.font.directwrite.DWGlyphLayout.layout(Lcom/sun/javafx/text/TextRun;Lcom/sun/javafx/font/PGFont;Lcom/sun/javafx/font/FontStrike;[C)V+429
J 6679 c1 com.sun.javafx.text.PrismTextLayout.shape(Lcom/sun/javafx/text/TextRun;[CLcom/sun/javafx/text/GlyphLayout;)V (622 bytes) @ 0x000001b9c9be814c [0x000001b9c9be6040+0x000000000000210c]
J 5514 c1 com.sun.javafx.text.PrismTextLayout.layout()V (1636 bytes) @ 0x000001b9c99eab9c [0x000001b9c99ea160+0x0000000000000a3c]
J 6448 c1 com.sun.javafx.scene.control.skin.Utils.computeTextHeight(Ljavafx/scene/text/Font;Ljava/lang/String;DDLjavafx/scene/text/TextBoundsType;)D (92 bytes) @ 0x000001b9c9b7214c [0x000001b9c9b71c00+0x000000000000054c]
J 6659 c1 javafx.scene.control.skin.LabeledSkinBase.computePrefHeight(DDDDD)D (311 bytes) @ 0x000001b9c9bd888c [0x000001b9c9bd38c0+0x0000000000004fcc]
J 6636 c1 javafx.scene.control.Control.computePrefHeight(D)D (51 bytes) @ 0x000001b9c9bcbce4 [0x000001b9c9bc98e0+0x0000000000002404]
J 5534 c1 javafx.scene.Parent.prefHeight(D)D (89 bytes) @ 0x000001b9c99f1e8c [0x000001b9c99f1cc0+0x00000000000001cc]
J 3988 c1 javafx.scene.layout.Region.prefHeight(D)D (38 bytes) @ 0x000001b9c98129b4 [0x000001b9c98124a0+0x0000000000000514]
J 7462 c1 javafx.scene.control.skin.TableRowSkinBase.computePrefHeight(DDDDD)D (143 bytes) @ 0x000001b9c9cd6a1c [0x000001b9c9cd5fc0+0x0000000000000a5c]
J 6636 c1 javafx.scene.control.Control.computePrefHeight(D)D (51 bytes) @ 0x000001b9c9bcbce4 [0x000001b9c9bc98e0+0x0000000000002404]
J 5534 c1 javafx.scene.Parent.prefHeight(D)D (89 bytes) @ 0x000001b9c99f2084 [0x000001b9c99f1cc0+0x00000000000003c4]
J 3988 c1 javafx.scene.layout.Region.prefHeight(D)D (38 bytes) @ 0x000001b9c98129b4 [0x000001b9c98124a0+0x0000000000000514]
J 7464 c1 javafx.scene.control.skin.VirtualFlow.resizeCell(Ljavafx/scene/control/IndexedCell;)V (102 bytes) @ 0x000001b9c9cd7904 [0x000001b9c9cd7100+0x0000000000000804]
j  javafx.scene.control.skin.VirtualFlow.addTrailingCells(Z)Z+181
j  javafx.scene.control.skin.VirtualFlow.layoutChildren()V+1054
j  javafx.scene.control.skin.VirtualFlow$5.invalidated()V+166
J 6416 c1 javafx.beans.property.IntegerPropertyBase.set(I)V (76 bytes) @ 0x000001b9c9b696f4 [0x000001b9c9b69200+0x00000000000004f4]
j  javafx.scene.control.skin.VirtualFlow.setCellCount(I)V+5
j  javafx.scene.control.skin.TableViewSkinBase.updateItemCount()V+42
j  javafx.scene.control.skin.VirtualContainerBase.checkState()V+8
j  javafx.scene.control.skin.VirtualContainerBase.layoutChildren(DDDD)V+1
j  javafx.scene.control.skin.TableViewSkinBase.layoutChildren(DDDD)V+19
J 7234 c1 javafx.scene.control.Control.layoutChildren()V (91 bytes) @ 0x000001b9c9c73dbc [0x000001b9c9c70000+0x0000000000003dbc]
J 5511 c1 javafx.scene.Parent.layout()V (160 bytes) @ 0x000001b9c99dd30c [0x000001b9c99dce80+0x000000000000048c]
J 5511 c1 javafx.scene.Parent.layout()V (160 bytes) @ 0x000001b9c99dd824 [0x000001b9c99dce80+0x00000000000009a4]
J 5511 c1 javafx.scene.Parent.layout()V (160 bytes) @ 0x000001b9c99dd824 [0x000001b9c99dce80+0x00000000000009a4]
J 5511 c1 javafx.scene.Parent.layout()V (160 bytes) @ 0x000001b9c99dd824 [0x000001b9c99dce80+0x00000000000009a4]
J 5511 c1 javafx.scene.Parent.layout()V (160 bytes) @ 0x000001b9c99dd824 [0x000001b9c99dce80+0x00000000000009a4]
J 7430 c1 javafx.scene.Scene.doLayoutPass()V (14 bytes) @ 0x000001b9c9cc4cb4 [0x000001b9c9cc4800+0x00000000000004b4]
j  javafx.scene.Scene$ScenePulseListener.pulse()V+127
J 6954 c1 com.sun.javafx.tk.Toolkit$$Lambda+0x00000000233bbbe0.run()Ljava/lang/Object; (8 bytes) @ 0x000001b9c932fac4 [0x000001b9c932f980+0x0000000000000144]
J 6952 c1 com.sun.javafx.tk.Toolkit.runPulse(Lcom/sun/javafx/tk/TKPulseListener;Ljava/security/AccessControlContext;)V (26 bytes) @ 0x000001b9c92dc494 [0x000001b9c92dbf80+0x0000000000000514]
j  com.sun.javafx.tk.Toolkit.firePulse()V+191
j  com.sun.javafx.tk.quantum.QuantumToolkit.pulse(Z)V+93
j  com.sun.javafx.tk.quantum.QuantumToolkit.pulse()V+2
j  com.sun.javafx.tk.quantum.QuantumToolkit.pulseFromQueue()V+1
j  com.sun.javafx.tk.quantum.QuantumToolkit.lambda$runToolkit$11()V+1
j  com.sun.javafx.tk.quantum.QuantumToolkit$$Lambda+0x00000000230ecd68.run()V+4
J 7422 c1 com.sun.glass.ui.InvokeLaterDispatcher$Future.run()V (91 bytes) @ 0x000001b9c9cbf094 [0x000001b9c9cbef80+0x0000000000000114]
v  ~StubRoutines::call_stub 0x000001b9d06812ed
j  com.sun.glass.ui.win.WinApplication._runLoop(Ljava/lang/Runnable;)V+0
j  com.sun.glass.ui.win.WinApplication.lambda$runLoop$3(ILjava/lang/Runnable;)V+8
j  com.sun.glass.ui.win.WinApplication$$Lambda+0x00000000230e0e30.run()V+12
j  java.lang.Thread.runWith(Ljava/lang/Object;Ljava/lang/Runnable;)V+5 java.base@25.0.4.1
j  java.lang.Thread.run()V+19 java.base@25.0.4.1
v  ~StubRoutines::call_stub 0x000001b9d06812ed

siginfo: EXCEPTION_ACCESS_VIOLATION (0xc0000005), reading address 0x0000000000000000


Registers:
RAX=0x0000000000000000, RBX=0x0000000000000000, RCX=0x0000000000000000, RDX=0x0000000000000001
RSP=0x0000004cc63fca40, RBP=0x0000004cc63fcb30, RSI=0x0000000000000002, RDI=0x000001b9fd70bb40
R8 =0x0000000000000002, R9 =0x0000000000000000, R10=0x0000000000000000, R11=0x0000004cc63fca00
R12=0x0000000000000000, R13=0x000001b9e6840ed0, R14=0x000001b9eab68b68, R15=0x000001b9fcf44680
RIP=0x00007ffc77397278, EFLAGS=0x0000000000010202

XMM[0]=0x0000000000000000 0x0000000000000000
XMM[1]=0x0000000000000000 0x0000000000000000
XMM[2]=0x0000000000000000 0x0000000000000000
XMM[3]=0x0000000000000000 0x0000000041500000
XMM[4]=0x0000000000000000 0x000000004b000000
XMM[5]=0x000000000000008c 0x0000000000000000
XMM[6]=0x0000000000000000 0x0000000000000000
XMM[7]=0x0000000000000000 0x34d9feeafe8c88fb
XMM[8]=0x0000000000000000 0x02bd4b5ca2c147d2
XMM[9]=0x0000000000000000 0xdeefcb3248506c88
XMM[10]=0x0000000000000000 0x000000006960a156
XMM[11]=0x0000000000000000 0x770386edbf53f375
XMM[12]=0x0000000000000000 0x0000000048506c88
XMM[13]=0x0000000000000000 0x0000000000000000
XMM[14]=0x0000000000000000 0x0000000000000000
XMM[15]=0x0000000000000000 0x0000000000000000
  MXCSR=0x00001faf


Register to memory mapping:

RAX=0x0 is null
RBX=0x0 is null
RCX=0x0 is null
RDX=0x0000000000000001 is an unknown value
RSP=0x0000004cc63fca40 is pointing into the stack for thread: 0x000001b9eab68720
RBP=0x0000004cc63fcb30 is pointing into the stack for thread: 0x000001b9eab68720
RSI=0x0000000000000002 is an unknown value
RDI=0x000001b9fd70bb40 points into unknown readable memory: 0x0000000000000000 | 00 00 00 00 00 00 00 00
R8 =0x0000000000000002 is an unknown value
R9 =0x0 is null
R10=0x0 is null
R11=0x0000004cc63fca00 is pointing into the stack for thread: 0x000001b9eab68720
R12=0x0 is null
R13={method} {0x000001b9e6840ed8} 'JFXTextRendererGetGlyphOffsets' '(J[FI)I' in 'com/sun/javafx/font/directwrite/OS'
R14=0x000001b9eab68b68 points into unknown readable memory: 0x00007ffc1143edc0 | c0 ed 43 11 fc 7f 00 00
R15=0x000001b9fcf44680 points into unknown readable memory: 0x00007ffc7739ccc8 | c8 cc 39 77 fc 7f 00 00

Top of Stack: (sp=0x0000004cc63fca40)
0x0000004cc63fca40:   0000000000000000 0000000000000002   ................
0x0000004cc63fca50:   000001b9e6840ed0 0000004cc63fcb30   ........0.?.L...
0x0000004cc63fca60:   000001b9eab68720 0000004cc63fcb40    .......@.?.L...
0x0000004cc63fca70:   000001b9d0688c60 000001b9d068d2b3   `.h.......h.....
0x0000004cc63fca80:   000001b9e6840ed0 0000004cc63fcb08   ..........?.L...
0x0000004cc63fca90:   000000060b601f2e 0000000000000000   ..`.............
0x0000004cc63fcaa0:   0000004c00000000 000001b9d0688c60   ....L...`.h.....
0x0000004cc63fcab0:   fffffffffffffff7 0000000000000000   ................
0x0000004cc63fcac0:   fffffffffffffff7 0000000000000000   ................
0x0000004cc63fcad0:   0000000000000007 000001b9e68436b0   .........6......
0x0000004cc63fcae0:   0000000000000000 000000060bdd5da0   .........]......
0x0000004cc63fcaf0:   000001b9e6840ed0 0000000000000000   ................
0x0000004cc63fcb00:   0000004cc63fcb28 0000004cc63fcb90   (.?.L.....?.L...
0x0000004cc63fcb10:   000001b9d0688c60 000000060bdd5da0   `.h......]......
0x0000004cc63fcb20:   000001b9d068a755 0000000000000000   U.h.............
0x0000004cc63fcb30:   0000000627c00018 000001b9fcf44680   ...'.....F......
0x0000004cc63fcb40:   0000000000000000 fffffffffffffff7   ................
0x0000004cc63fcb50:   000001b9e898d92e 0000000000000004   ................
0x0000004cc63fcb60:   000001b9e898ff28 0000000000000000   (...............
0x0000004cc63fcb70:   0000000627c00030 000001b9e898d938   0..'....8.......
0x0000004cc63fcb80:   fffffffffffffff3 0000004cc63fcba0   ..........?.L...
0x0000004cc63fcb90:   0000004cc63fcc00 000001b9d0688c60   ..?.L...`.h.....
0x0000004cc63fcba0:   0000000000000000 0000000627c00018   ...........'....
0x0000004cc63fcbb0:   0000000627c000a8 fffffffffffffff7   ...'............
0x0000004cc63fcbc0:   000001b9e683de4d 0000000000000020   M....... .......
0x0000004cc63fcbd0:   000001b9e704a908 0000000000000000   ................
0x0000004cc63fcbe0:   000000060bdd6028 000001b9e683df48   (`......H.......
0x0000004cc63fcbf0:   fffffffffffffff4 0000004cc63fcce0   ..........?.L...
0x0000004cc63fcc00:   0000004cc63fcd50 000001b9d0688b18   P.?.L.....h.....
0x0000004cc63fcc10:   0000000000000000 0000000000000000   ................
0x0000004cc63fcc20:   0000000627c00320 0000000000000000    ..'............
0x0000004cc63fcc30:   0000000000000000 0000000627c00308   ...........'....

Instructions: (pc=0x00007ffc77397278)
  0x00007ffc77397178:   24 68 eb 02 33 c0 48 8b 6c 24 70 0f 28 74 24 20
  0x00007ffc77397188:   48 83 c4 30 41 5f 41 5e 41 5d 41 5c 5e c3 cc cc
  0x00007ffc77397198:   cc cc cc cc cc cc cc cc 48 89 5c 24 08 48 89 6c
  0x00007ffc773971a8:   24 10 48 89 74 24 18 57 41 56 41 57 48 83 ec 20
  0x00007ffc773971b8:   49 8b e9 4d 8b f8 4c 8b f1 4d 85 c9 0f 84 ea 00
  0x00007ffc773971c8:   00 00 48 8b 01 45 33 c0 49 8b d1 ff 90 e8 05 00
  0x00007ffc773971d8:   00 48 8b f8 48 85 c0 0f 84 cf 00 00 00 8b 5c 24
  0x00007ffc773971e8:   60 85 db 0f 88 c3 00 00 00 49 8b cf e8 47 ac ff
  0x00007ffc773971f8:   ff 4d 8b 06 8b f0 48 8b d5 49 8b ce 03 f6 41 ff
  0x00007ffc77397208:   90 58 05 00 00 2b c3 3b c6 0f 4e f0 40 f6 c6 01
  0x00007ffc77397218:   0f 85 96 00 00 00 4d 8b 4f 10 48 b8 a3 8b 2e ba
  0x00007ffc77397228:   e8 a2 8b 2e 49 8b 4f 18 45 33 c0 45 8b 57 28 49
  0x00007ffc77397238:   2b c9 48 f7 e9 48 c1 fa 04 48 8b c2 48 c1 e8 3f
  0x00007ffc77397248:   48 03 d0 4c 3b d2 72 05 45 8b c8 eb 0c 49 63 c2
  0x00007ffc77397258:   48 6b c8 58 4e 8b 4c 09 20 41 8b d0 85 f6 74 32
  0x00007ffc77397268:   0f 1f 84 00 00 00 00 00 8b c2 41 83 c0 02 ff c2
=>0x00007ffc77397278:   f3 41 0f 10 04 c1 f3 41 0f 10 4c c1 04 8b c3 ff
  0x00007ffc77397288:   c3 f3 0f 11 04 87 f3 0f 11 0c 9f ff c3 44 3b c6
  0x00007ffc77397298:   72 d6 4d 8b 16 45 33 c9 4c 8b c7 48 8b d5 49 8b
  0x00007ffc773972a8:   ce 41 ff 92 28 06 00 00 8b c6 eb 02 33 c0 48 8b
  0x00007ffc773972b8:   5c 24 40 48 8b 6c 24 48 48 8b 74 24 50 48 83 c4
  0x00007ffc773972c8:   20 41 5f 41 5e 5f c3 cc 4d 8b 48 10 48 b8 a3 8b
  0x00007ffc773972d8:   2e ba e8 a2 8b 2e 49 8b 48 18 45 8b 50 28 49 2b
  0x00007ffc773972e8:   c9 48 f7 e9 48 c1 fa 04 48 8b c2 48 c1 e8 3f 48
  0x00007ffc773972f8:   03 d0 4c 3b d2 72 03 33 c0 c3 49 63 c2 48 6b c8
  0x00007ffc77397308:   58 42 8b 44 09 40 c3 cc 4d 8b 48 10 48 b8 a3 8b
  0x00007ffc77397318:   2e ba e8 a2 8b 2e 49 8b 48 18 45 8b 50 28 49 2b
  0x00007ffc77397328:   c9 48 f7 e9 48 c1 fa 04 48 8b c2 48 c1 e8 3f 48
  0x00007ffc77397338:   03 d0 4c 3b d2 72 03 33 c0 c3 49 63 c2 48 6b c8
  0x00007ffc77397348:   58 42 8b 44 09 50 c3 cc 41 8b 40 2c c3 cc cc cc
  0x00007ffc77397358:   cc cc cc cc cc cc cc cc 41 ff 40 28 48 b8 a3 8b
  0x00007ffc77397368:   2e ba e8 a2 8b 2e 49 8b 48 18 49 2b 48 10 45 8b


Stack slot to memory mapping:

stack at sp + 0 slots: 0x0 is null
stack at sp + 1 slots: 0x0000000000000002 is an unknown value
stack at sp + 2 slots: {method} {0x000001b9e6840ed8} 'JFXTextRendererGetGlyphOffsets' '(J[FI)I' in 'com/sun/javafx/font/directwrite/OS'
stack at sp + 3 slots: 0x0000004cc63fcb30 is pointing into the stack for thread: 0x000001b9eab68720
stack at sp + 4 slots: 0x000001b9eab68720 is a thread
stack at sp + 5 slots: 0x0000004cc63fcb40 is pointing into the stack for thread: 0x000001b9eab68720
stack at sp + 6 slots: 0x000001b9d0688c60 is at code_begin+1600 in an Interpreter codelet
return entry points  [0x000001b9d0688620, 0x000001b9d0689298]  3192 bytes
stack at sp + 7 slots: 0x000001b9d068d2b3 is at code_begin+979 in an Interpreter codelet
native method entry point (kind = native)  [0x000001b9d068cee0, 0x000001b9d068dae0]  3072 bytes

Lock stack of current Java thread (top to bottom):

native method entry point (kind = native)  [0x000001b9d068cee0, 0x000001b9d068dae0]  3072 bytes
[MachCode]
  0x000001b9d068cee0: 488b 4b08 | 0fb7 492e | 584c 8d74 | ccf8 6800 | 0000 0068 | 0000 0000 | 5055 488b | ec41 5548 
  0x000001b9d068cf00: 8b43 084c | 8d68 3848 | 8b40 0868 | 0000 0000 | 5348 8b50 | 1848 8b52 | 7048 8b12 | 5248 8b53 
  0x000001b9d068cf20: 1048 85d2 | 7407 4881 | c2d0 0000 | 0052 488b | 5010 5249 | 8bc6 482b | c548 c1e8 | 0350 6800 
  0x000001b9d068cf40: 0000 0068 | f7ff ffff | 41c6 87f1 | 0400 0001 | 488b 4310 | 4885 c074 | 208b 8890 | 0000 0083 
  0x000001b9d068cf60: c102 8988 | 9000 0000 | 2388 a400 | 0000 0f84 | b80a 0000 | e9cf 0000 | 0048 8b43 | 1848 85c0 
  0x000001b9d068cf80: 0f85 b000 | 0000 e805 | 0000 00e9 | 9900 0000 | 488b d348 | 8d44 2408 | 4c89 6dc0 | 498b cfc5 
  0x000001b9d068cfa0: f877 4989 | af38 0400 | 0049 8987 | 2804 0000 | 4883 ec20 | 40f6 c40f | 0f84 1900 | 0000 4883 
  0x000001b9d068cfc0: ec08 48b8 | 60d5 b010 | fc7f 0000 | ffd0 4883 | c408 e90c | 0000 0048 | b860 d5b0 | 10fc 7f00 
  0x000001b9d068cfe0: 00ff d048 | 83c4 2049 | c787 2804 | 0000 0000 | 0000 49c7 | 8738 0400 | 0000 0000 | 0049 c787 
  0x000001b9d068d000: 3004 0000 | 0000 0000 | c5f8 7749 | 837f 0800 | 0f84 0500 | 0000 e9c5 | 41ff ff4c | 8b6d c04c 
  0x000001b9d068d020: 8b75 c84e | 8d74 f500 | c348 8b43 | 1848 85c0 | 0f84 1200 | 0000 8b48 | 0883 c102 | 8948 0823 
  0x000001b9d068d040: 482c 0f84 | e409 0000 | 493b a770 | 0500 000f | 8748 0000 | 0089 8424 | 00f0 ffff | 8984 2400 
  0x000001b9d068d060: e0ff ff89 | 8424 00d0 | ffff 8984 | 2400 c0ff | ff89 8424 | 00b0 ffff | 8984 2400 | a0ff ff89 
  0x000001b9d068d080: 8424 0090 | ffff 8984 | 2400 80ff | ff49 3ba7 | 6805 0000 | 7607 4989 | a770 0500 | 0041 c687 
  0x000001b9d068d0a0: f104 0000 | 0048 8b5d | e84c 8b5b | 0845 0fb7 | 5b2e 41c1 | e303 492b | e348 83ec | 2048 83e4 
  0x000001b9d068d0c0: f04c 8b5b | 604d 85db | 0f85 ab00 | 0000 e805 | 0000 00e9 | 9900 0000 | 488b d348 | 8d44 2408 
  0x000001b9d068d0e0: 4c89 6dc0 | 498b cfc5 | f877 4989 | af38 0400 | 0049 8987 | 2804 0000 | 4883 ec20 | 40f6 c40f 
  0x000001b9d068d100: 0f84 1900 | 0000 4883 | ec08 48b8 | c0ff b010 | fc7f 0000 | ffd0 4883 | c408 e90c | 0000 0048 
  0x000001b9d068d120: b8c0 ffb0 | 10fc 7f00 | 00ff d048 | 83c4 2049 | c787 2804 | 0000 0000 | 0000 49c7 | 8738 0400 
  0x000001b9d068d140: 0000 0000 | 0049 c787 | 3004 0000 | 0000 0000 | c5f8 7749 | 837f 0800 | 0f84 0500 | 0000 e97d 
  0x000001b9d068d160: 40ff ff4c | 8b6d c04c | 8b75 c84e | 8d74 f500 | c348 8b5d | e84c 8b5b | 6041 ffd3 | 488b 5de8 
  0x000001b9d068d180: 4889 4518 | 440f b75b | 2c41 f6c3 | 080f 841b | 0000 004c | 8b5b 084d | 8b5b 084d | 8b5b 184d 
  0x000001b9d068d1a0: 8b5b 704d | 8b1b 4c89 | 5d10 488d | 5510 488b | 4358 49ba | f005 ec10 | fc7f 0000 | 493b c20f 
  0x000001b9d068d1c0: 85ab 0000 | 00e8 0500 | 0000 e999 | 0000 0048 | 8bd3 488d | 4424 084c | 896d c049 | 8bcf c5f8 
  0x000001b9d068d1e0: 7749 89af | 3804 0000 | 4989 8728 | 0400 0048 | 83ec 2040 | f6c4 0f0f | 8419 0000 | 0048 83ec 
  0x000001b9d068d200: 0848 b8c0 | ffb0 10fc | 7f00 00ff | d048 83c4 | 08e9 0c00 | 0000 48b8 | c0ff b010 | fc7f 0000 
  0x000001b9d068d220: ffd0 4883 | c420 49c7 | 8728 0400 | 0000 0000 | 0049 c787 | 3804 0000 | 0000 0000 | 49c7 8730 
  0x000001b9d068d240: 0400 0000 | 0000 00c5 | f877 4983 | 7f08 000f | 8405 0000 | 00e9 863f | ffff 4c8b | 6dc0 4c8b 
  0x000001b9d068d260: 75c8 4e8d | 74f5 00c3 | 488b 5de8 | 488b 4358 | 498d 8f48 | 0400 004c | 8d15 d500 | 0000 4d89 
  0x000001b9d068d280: 9730 0400 | 00c5 f877 | 4989 af38 | 0400 0049 | 89a7 2804 | 0000 41c7 | 87d4 0400 | 0004 0000 
  0x000001b9d068d2a0: 0049 3ba7 | c805 0000 | 7607 4989 | a7c8 0500 | 00ff d049 | 3ba7 c805 | 0000 720b | 49c7 87c8 
  0x000001b9d068d2c0: 0500 0000 | 0000 00c5 | f877 4883 | ec10 c5fb | 1104 2448 | 83ec 1048 | 8904 2448 | c744 2408 
  0x000001b9d068d2e0: 0000 0000 | 41c7 87d4 | 0400 0005 | 0000 00f0 | 8344 24c0 | 0049 3b6f | 280f 870e | 0000 0041 
  0x000001b9d068d300: 83bf d004 | 0000 000f | 8420 0000 | 0049 8bcf | 4c8b e448 | 83ec 2048 | 83e4 f048 | b8d0 6ab2 
  0x000001b9d068d320: 10fc 7f00 | 00ff d049 | 8be4 4d33 | e441 c787 | d404 0000 | 0800 0000 | 4d8b 97f0 | 0500 0049 
  0x000001b9d068d340: 83fa 0074 | 3549 c787 | f005 0000 | 0000 0000 | 41ff e249 | ba60 be68 | d0b9 0100 | 0041 ffd2 
  0x000001b9d068d360: 4883 ec10 | c5fb 1104 | 2448 83ec | 1048 8904 | 2448 c744 | 2408 0000 | 0000 49c7 | 8728 0400 
  0x000001b9d068d380: 0000 0000 | 0049 c787 | 3804 0000 | 0000 0000 | 49c7 8730 | 0400 0000 | 0000 00c5 | f877 4d8b 
  0x000001b9d068d3a0: 9fb8 0400 | 0041 c783 | 0001 0000 | 0000 0000 | 49bb 5aa7 | 68d0 b901 | 0000 4c3b | 5d18 0f85 
  0x000001b9d068d3c0: 5b02 0000 | 488b 0424 | 4883 c410 | 4885 c00f | 8435 0200 | 00a8 030f | 8508 0000 | 0048 8b00 
  0x000001b9d068d3e0: e925 0200 | 00a8 010f | 8509 0000 | 0048 8b40 | fee9 1402 | 0000 488b | 40ff 4180 | 7f48 000f 
  0x000001b9d068d400: 8405 0200 | 0048 83f8 | 000f 84fb | 0100 004d | 8b5f 384d | 85db 0f84 | 1400 0000 | 4983 eb08 
  0x000001b9d068d420: 4d89 5f38 | 4d03 5f40 | 4989 03e9 | da01 0000 | 4881 ecf0 | 0000 0048 | 8904 2448 | 894c 2408 
  0x000001b9d068d440: 4889 5424 | 104c 8944 | 2418 4c89 | 4c24 204c | 8954 2428 | 4c89 5c24 | 30c5 fb11 | 4424 40c5 
  0x000001b9d068d460: fb11 4c24 | 48c5 fb11 | 5424 50c5 | fb11 5c24 | 58c5 fb11 | 6424 60c5 | fb11 6c24 | 6862 e1ff 
  0x000001b9d068d480: 0811 4424 | 0e62 e1ff | 0811 4c24 | 0f62 e1ff | 0811 5424 | 1062 e1ff | 0811 5c24 | 1162 e1ff 
  0x000001b9d068d4a0: 0811 6424 | 1262 e1ff | 0811 6c24 | 1362 e1ff | 0811 7424 | 1462 e1ff | 0811 7c24 | 1562 61ff 
  0x000001b9d068d4c0: 0811 4424 | 1662 61ff | 0811 4c24 | 1762 61ff | 0811 5424 | 1862 61ff | 0811 5c24 | 1962 61ff 
  0x000001b9d068d4e0: 0811 6424 | 1a62 61ff | 0811 6c24 | 1b62 61ff | 0811 7424 | 1c62 61ff | 0811 7c24 | 1d49 8bd7 
  0x000001b9d068d500: 488b c848 | 83ec 2040 | f6c4 0f0f | 8419 0000 | 0048 83ec | 0848 b850 | 19a5 10fc | 7f00 00ff 
  0x000001b9d068d520: d048 83c4 | 08e9 0c00 | 0000 48b8 | 5019 a510 | fc7f 0000 | ffd0 4883 | c420 6261 | ff08 107c 
  0x000001b9d068d540: 241d 6261 | ff08 1074 | 241c 6261 | ff08 106c | 241b 6261 | ff08 1064 | 241a 6261 | ff08 105c 
  0x000001b9d068d560: 2419 6261 | ff08 1054 | 2418 6261 | ff08 104c | 2417 6261 | ff08 1044 | 2416 62e1 | ff08 107c 
  0x000001b9d068d580: 2415 62e1 | ff08 1074 | 2414 62e1 | ff08 106c | 2413 62e1 | ff08 1064 | 2412 62e1 | ff08 105c 
  0x000001b9d068d5a0: 2411 62e1 | ff08 1054 | 2410 62e1 | ff08 104c | 240f 62e1 | ff08 1044 | 240e c5fb | 106c 2468 
  0x000001b9d068d5c0: c5fb 1064 | 2460 c5fb | 105c 2458 | c5fb 1054 | 2450 c5fb | 104c 2448 | c5fb 1044 | 2440 4c8b 
  0x000001b9d068d5e0: 5c24 304c | 8b54 2428 | 4c8b 4c24 | 204c 8b44 | 2418 488b | 5424 1048 | 8b4c 2408 | 488b 0424 
  0x000001b9d068d600: 4881 c4f0 | 0000 00c5 | f877 4889 | 4510 4883 | ec10 4889 | 0424 48c7 | 4424 0800 | 0000 0041 
  0x000001b9d068d620: 83bf 5005 | 0000 020f | 85bf 0000 | 0048 81ec | 8000 0000 | 4889 4424 | 7848 894c | 2470 4889 
  0x000001b9d068d640: 5424 6848 | 895c 2460 | 4889 6c24 | 5048 8974 | 2448 4889 | 7c24 404c | 8944 2438 | 4c89 4c24 
  0x000001b9d068d660: 304c 8954 | 2428 4c89 | 5c24 204c | 8964 2418 | 4c89 6c24 | 104c 8974 | 2408 4c89 | 3c24 4c8b 
  0x000001b9d068d680: e448 83ec | 2048 83e4 | f048 b800 | edeb 10fc | 7f00 00ff | d049 8be4 | 4c8b 3c24 | 4c8b 7424 
  0x000001b9d068d6a0: 084c 8b6c | 2410 4c8b | 6424 184c | 8b5c 2420 | 4c8b 5424 | 284c 8b4c | 2430 4c8b | 4424 3848 
  0x000001b9d068d6c0: 8b7c 2440 | 488b 7424 | 4848 8b6c | 2450 488b | 5c24 6048 | 8b54 2468 | 488b 4c24 | 7048 8b44 
  0x000001b9d068d6e0: 2478 4881 | c480 0000 | 004d 33e4 | 488b 5de8 | 4c8b 6b08 | 4d8d 6d38 | 4983 7f08 | 000f 84bb 
  0x000001b9d068d700: 0000 00e8 | 0500 0000 | e996 0000 | 0048 8d44 | 2408 4c89 | 6dc0 498b | cfc5 f877 | 4989 af38 
  0x000001b9d068d720: 0400 0049 | 8987 2804 | 0000 4883 | ec20 40f6 | c40f 0f84 | 1900 0000 | 4883 ec08 | 48b8 101f 
  0x000001b9d068d740: b110 fc7f | 0000 ffd0 | 4883 c408 | e90c 0000 | 0048 b810 | 1fb1 10fc | 7f00 00ff | d048 83c4 
  0x000001b9d068d760: 2049 c787 | 2804 0000 | 0000 0000 | 49c7 8738 | 0400 0000 | 0000 0049 | c787 3004 | 0000 0000 
  0x000001b9d068d780: 0000 c5f8 | 7749 837f | 0800 0f84 | 0500 0000 | e94b 3aff | ff4c 8b6d | c04c 8b75 | c84e 8d74 
  0x000001b9d068d7a0: f500 c348 | b9a0 011e | 11fc 7f00 | 0048 83e4 | f048 b810 | 5cd8 10fc | 7f00 00ff | d0f4 440f 
  0x000001b9d068d7c0: b75b 2c41 | f6c3 200f | 8472 0100 | 0048 8d55 | a84c 8b5a | 084d 85db | 0f85 bb00 | 0000 e805 
  0x000001b9d068d7e0: 0000 00e9 | 9600 0000 | 488d 4424 | 084c 896d | c049 8bcf | c5f8 7749 | 89af 3804 | 0000 4989 
  0x000001b9d068d800: 8728 0400 | 0048 83ec | 2040 f6c4 | 0f0f 8419 | 0000 0048 | 83ec 0848 | b840 1eb1 | 10fc 7f00 
  0x000001b9d068d820: 00ff d048 | 83c4 08e9 | 0c00 0000 | 48b8 401e | b110 fc7f | 0000 ffd0 | 4883 c420 | 49c7 8728 
  0x000001b9d068d840: 0400 0000 | 0000 0049 | c787 3804 | 0000 0000 | 0000 49c7 | 8730 0400 | 0000 0000 | 00c5 f877 
  0x000001b9d068d860: 4983 7f08 | 000f 8405 | 0000 00e9 | 7039 ffff | 4c8b 6dc0 | 4c8b 75c8 | 4e8d 74f5 | 00c3 48b9 
  0x000001b9d068d880: a001 1e11 | fc7f 0000 | 4883 e4f0 | 48b8 105c | d810 fc7f | 0000 ffd0 | f44c 896d | c04c 8b4a 
  0x000001b9d068d8a0: 0848 c742 | 0800 0000 | 0045 8b87 | d806 0000 | 4f3b 4c07 | f80f 8542 | 0000 0041 | 83af d806 
  0x000001b9d068d8c0: 0000 084f | 3b4c 07f0 | 0f84 2a00 | 0000 498b | 01a8 020f | 8512 0000 | 004c 8bc0 | 4983 c801 
  0x000001b9d068d8e0: f04d 0fb1 | 010f 840d | 0000 0041 | 8387 d806 | 0000 08e9 | 0500 0000 | e93e 0000 | 004c 894a 
  0x000001b9d068d900: 0848 8bca | 4883 ec20 | 40f6 c40f | 0f84 1900 | 0000 4883 | ec08 48b8 | c0ee b010 | fc7f 0000 
  0x000001b9d068d920: ffd0 4883 | c408 e90c | 0000 0048 | b8c0 eeb0 | 10fc 7f00 | 00ff d048 | 83c4 204c | 8b6d c041 
  0x000001b9d068d940: c687 9603 | 0000 0149 | 3b6f 280f | 8705 0000 | 00e9 ab00 | 0000 4883 | ec10 c5fb | 1104 2448 
  0x000001b9d068d960: 83ec 1048 | 8904 2448 | c744 2408 | 0000 0000 | c5f8 7749 | 89af 3804 | 0000 49ba | 70d9 68d0 
  0x000001b9d068d980: b901 0000 | 4d89 9730 | 0400 0049 | 89a7 2804 | 0000 498b | cf48 83ec | 2040 f6c4 | 0f0f 8419 
  0x000001b9d068d9a0: 0000 0048 | 83ec 0848 | b8f0 d4b0 | 10fc 7f00 | 00ff d048 | 83c4 08e9 | 0c00 0000 | 48b8 f0d4 
  0x000001b9d068d9c0: b010 fc7f | 0000 ffd0 | 4883 c420 | 49c7 8728 | 0400 0000 | 0000 0049 | c787 3804 | 0000 0000 
  0x000001b9d068d9e0: 0000 49c7 | 8730 0400 | 0000 0000 | 00c5 f877 | 488b 0424 | 4883 c410 | c5fb 1004 | 2448 83c4 
  0x000001b9d068da00: 1048 8b04 | 2448 83c4 | 10c5 fb10 | 0424 4883 | c410 4c8b | 5d18 41ff | d34c 8b5d | f8c9 41c6 
  0x000001b9d068da20: 8796 0300 | 0000 5f49 | 8be3 ffe7 | ba00 0000 | 00e8 0500 | 0000 e996 | 0000 0048 | 8d44 2408 
  0x000001b9d068da40: 4c89 6dc0 | 498b cfc5 | f877 4989 | af38 0400 | 0049 8987 | 2804 0000 | 4883 ec20 | 40f6 c40f 
  0x000001b9d068da60: 0f84 1900 | 0000 4883 | ec08 48b8 | a0e4 b010 | fc7f 0000 | ffd0 4883 | c408 e90c | 0000 0048 
  0x000001b9d068da80: b8a0 e4b0 | 10fc 7f00 | 00ff d048 | 83c4 2049 | c787 2804 | 0000 0000 | 0000 49c7 | 8738 0400 
  0x000001b9d068daa0: 0000 0000 | 0049 c787 | 3004 0000 | 0000 0000 | c5f8 7749 | 837f 0800 | 0f84 0500 | 0000 e91d 
  0x000001b9d068dac0: 37ff ff4c | 8b6d c04c | 8b75 c84e | 8d74 f500 | c348 8b5d | e8e9 6ef5 | ffff 660f | 1f44 0000 
[/MachCode]

Compiled method (c1) 9176 6679       3       com.sun.javafx.text.PrismTextLayout::shape (622 bytes)
 total in heap  [0x000001b9c9be5f08,0x000001b9c9be8920] = 10776
 constants      [0x000001b9c9be6000,0x000001b9c9be6040] = 64
 main code      [0x000001b9c9be6040,0x000001b9c9be87a8] = 10088
 stub code      [0x000001b9c9be87a8,0x000001b9c9be8910] = 360
 oops           [0x000001b9c9be8910,0x000001b9c9be8920] = 16
 mutable data [0x000001b982e68f30,0x000001b982e693f0] = 1216
 relocation     [0x000001b982e68f30,0x000001b982e692a0] = 880
 metadata       [0x000001b982e692a0,0x000001b982e693f0] = 336
 immutable data [0x000001b9fea6f190,0x000001b9fea6ff38] = 3496
 dependencies   [0x000001b9fea6f190,0x000001b9fea6f200] = 112
 nul chk table  [0x000001b9fea6f200,0x000001b9fea6f308] = 264
 scopes pcs     [0x000001b9fea6f308,0x000001b9fea6f898] = 1424
 scopes data    [0x000001b9fea6f898,0x000001b9fea6ff38] = 1696


[Constant Pool]
             Address          hex4                    hex8      
  0x000001b9c9be6000:   0x00000000      0x0000000000000000      
  0x000001b9c9be6004:   0x00000000                              
  0x000001b9c9be6008:   0x9999999a      0x3fe999999999999a      
  0x000001b9c9be600c:   0x3fe99999                              
  0x000001b9c9be6010:   0x00000000      0x3fe8000000000000      
  0x000001b9c9be6014:   0x3fe80000                              
  0x000001b9c9be6018:   0x00000000      0x3fe8000000000000      
  0x000001b9c9be601c:   0x3fe80000                              
  0x000001b9c9be6020:   0x00000000      0x3fe8000000000000      
  0x000001b9c9be6024:   0x3fe80000                              
  0x000001b9c9be6028:   0x00000000      0x3fe8000000000000      
  0x000001b9c9be602c:   0x3fe80000                              
  0x000001b9c9be6030:   0x00000000      0x0000000000000000      
  0x000001b9c9be6034:   0x00000000                              
  0x000001b9c9be6038:   0xf4f4f4f4      0xf4f4f4f4f4f4f4f4      
  0x000001b9c9be603c:   0xf4f4f4f4                              

[MachCode]
[Instructions begin]
  0x000001b9c9be6040: ;   {other}
  0x000001b9c9be6040: 660f 1f84 | 0000 0000 | 0066 0f1f | 8400 0000 | 0000 448b | 5208 443b 

  0x000001b9c9be6058: ;   {runtime_call Shared Runtime ic_miss_blob}
  0x000001b9c9be6058: 5008 0f85 | 808c ae06 
[Verified Entry Point]
  0x000001b9c9be6060: 8984 2400 | 80ff ff55 | 4881 ec20 | 0100 0090 | 4181 7f20 | 0900 0000 

  0x000001b9c9be6078: ;   {runtime_call Stub::method_entry_barrier}
  0x000001b9c9be6078: 7405 e861 | 05ad 0648 | 8954 2478 | 4c89 8424 | 8000 0000 

  0x000001b9c9be608c: ;   {metadata(method data for {method} {0x000001b9e6c65e00} 'shape' '(Lcom/sun/javafx/text/TextRun;[CLcom/sun/javafx/text/GlyphLayout;)V' in 'com/sun/javafx/text/PrismTextLayout')}
  0x000001b9c9be608c: 48be 0000 | 40e8 b901 | 0000 8b9e | 9000 0000 | 83c3 0289 | 9e90 0000 | 0081 e3fe | 0700 0085 
  0x000001b9c9be60ac: db0f 846f | 2100 008b | 722c 48c1 | e603 4885 

  0x000001b9c9be60bc: ;   {metadata(method data for {method} {0x000001b9e6c65e00} 'shape' '(Lcom/sun/javafx/text/TextRun;[CLcom/sun/javafx/text/GlyphLayout;)V' in 'com/sun/javafx/text/PrismTextLayout')}
  0x000001b9c9be60bc: f648 bb00 | 0040 e8b9 | 0100 00b8 | d800 0000 | 7405 b8e8 | 0000 0048 | 8b0c 0348 | 8d49 0148 
  0x000001b9c9be60dc: 890c 030f | 84a1 0600 | 008b 760c 

  0x000001b9c9be60e8: ;   {metadata(method data for {method} {0x000001b9e6c65e00} 'shape' '(Lcom/sun/javafx/text/TextRun;[CLcom/sun/javafx/text/GlyphLayout;)V' in 'com/sun/javafx/text/PrismTextLayout')}
  0x000001b9c9be60e8: 85f6 48be | 0000 40e8 | b901 0000 | bb08 0100 | 0074 05bb | f800 0000 | 488b 041e | 488d 4001 
  0x000001b9c9be6108: 4889 041e | 0f84 fd20 | 0000 4889 | bc24 9000 | 0000 4c89 | 8c24 8800 | 0000 493b | 0049 8bf0 
  0x000001b9c9be6128: ;   {metadata(method data for {method} {0x000001b9e6c65e00} 'shape' '(Lcom/sun/javafx/text/TextRun;[CLcom/sun/javafx/text/GlyphLayout;)V' in 'com/sun/javafx/text/PrismTextLayout')}
  0x000001b9c9be6128: 48bb 0000 | 40e8 b901 | 0000 4883 | 8328 0100 | 0001 418b | 704c 48c1 | e603 4889 | 7424 7048 
  0x000001b9c9be6148: 3b06 488b 

  0x000001b9c9be614c: ;   {metadata(method data for {method} {0x000001b9e6c65e00} 'shape' '(Lcom/sun/javafx/text/TextRun;[CLcom/sun/javafx/text/GlyphLayout;)V' in 'com/sun/javafx/text/PrismTextLayout')}
  0x000001b9c9be614c: de48 b800 | 0040 e8b9 | 0100 008b | 5b08 41ba | 0000 0022 | 4903 da48 | 3b98 5001 | 0000 750d 
  0x000001b9c9be616c: 4883 8058 | 0100 0001 | e960 0000 | 0048 3b98 | 6001 0000 | 750d 4883 | 8068 0100 | 0001 e94a 
  0x000001b9c9be618c: 0000 0048 | 83b8 5001 | 0000 0075 | 1748 8998 | 5001 0000 | 48c7 8058 | 0100 0001 | 0000 00e9 
  0x000001b9c9be61ac: 2900 0000 | 4883 b860 | 0100 0000 | 7517 4889 | 9860 0100 | 0048 c780 | 6801 0000 | 0100 0000 
  0x000001b9c9be61cc: e908 0000 | 0048 8380 | 4801 0000 | 0148 8bd6 | 9048 b820 | 9ad3 eab9 

  0x000001b9c9be61e4: ;   {virtual_call}
  0x000001b9c9be61e4: 0100 00e8 

  0x000001b9c9be61e8: ; ImmutableOopMap {[112]=Oop [120]=Oop [128]=Oop [136]=Oop [144]=Oop }
                      ;*invokeinterface getFont {reexecute=0 rethrow=0 return_oop=0}
                      ; - com.sun.javafx.text.PrismTextLayout::shape@24 (line 832)
  0x000001b9c9be61e8: f494 ae06 

  0x000001b9c9be61ec: ;   {post_call_nop}
  0x000001b9c9be61ec: 0f1f 8400 | e402 0000 

  0x000001b9c9be61f4: ;   {metadata(method data for {method} {0x000001b9e6c65e00} 'shape' '(Lcom/sun/javafx/text/TextRun;[CLcom/sun/javafx/text/GlyphLayout;)V' in 'com/sun/javafx/text/PrismTextLayout')}
  0x000001b9c9be61f4: 4885 c048 | bf00 0040 | e8b9 0100 | 0075 0c80 | 8f71 0100 | 0001 e9c1 | 0000 008b | 5808 41ba 
  0x000001b9c9be6214: 0000 0022 | 4903 da48 | 3b9f 8001 | 0000 750d | 4883 8788 | 0100 0001 | e960 0000 | 0048 3b9f 
  0x000001b9c9be6234: 9001 0000 | 750d 4883 | 8798 0100 | 0001 e94a | 0000 0048 | 83bf 8001 | 0000 0075 | 1748 899f 
  0x000001b9c9be6254: 8001 0000 | 48c7 8788 | 0100 0001 | 0000 00e9 | 2900 0000 | 4883 bf90 | 0100 0000 | 7517 4889 
  0x000001b9c9be6274: 9f90 0100 | 0048 c787 | 9801 0000 | 0100 0000 | e908 0000 | 0048 8387 | 7801 0000 

  0x000001b9c9be6290: ;   {metadata('com/sun/javafx/font/PGFont')}
  0x000001b9c9be6290: 0148 bb88 | 730f 2300 | 0000 008b | 7808 41ba | 0000 0022 | 4903 fa48 | 3b5f 200f | 841f 0000 
  0x000001b9c9be62b0: 0048 3bfb | 0f84 1600 | 0000 5753 

  0x000001b9c9be62bc: ;   {runtime_call C1 Runtime slow_subtype_check_blob}
  0x000001b9c9be62bc: e89f 47bc | 065f 5f85 | ff0f 8487 | 1f00 00e9 | 0000 0000 | 488b f048 

  0x000001b9c9be62d4: ;   {metadata(method data for {method} {0x000001b9e6c65e00} 'shape' '(Lcom/sun/javafx/text/TextRun;[CLcom/sun/javafx/text/GlyphLayout;)V' in 'com/sun/javafx/text/PrismTextLayout')}
  0x000001b9c9be62d4: 85f6 48ba | 0000 40e8 | b901 0000 | bfa8 0100 | 0075 05bf | b801 0000 | 488b 1c3a | 488d 5b01 
  0x000001b9c9be62f4: 4889 1c3a | 0f85 2203 | 0000 488b | 7424 7048 

  0x000001b9c9be6304: ;   {metadata(method data for {method} {0x000001b9e6c65e00} 'shape' '(Lcom/sun/javafx/text/TextRun;[CLcom/sun/javafx/text/GlyphLayout;)V' in 'com/sun/javafx/text/PrismTextLayout')}
  0x000001b9c9be6304: 8bd6 48bf | 0000 40e8 | b901 0000 | 8b52 0841 | ba00 0000 | 2249 03d2 | 483b 97d0 | 0100 0075 
  0x000001b9c9be6324: 0d48 8387 | d801 0000 | 01e9 6000 | 0000 483b | 97e0 0100 | 0075 0d48 | 8387 e801 | 0000 01e9 
  0x000001b9c9be6344: 4a00 0000 | 4883 bfd0 | 0100 0000 | 7517 4889 | 97d0 0100 | 0048 c787 | d801 0000 | 0100 0000 
  0x000001b9c9be6364: e929 0000 | 0048 83bf | e001 0000 | 0075 1748 | 8997 e001 | 0000 48c7 | 87e8 0100 | 0001 0000 
  0x000001b9c9be6384: 00e9 0800 | 0000 4883 | 87c8 0100 | 0001 488b | d648 b848 | 9ad3 eab9 

  0x000001b9c9be639c: ;   {virtual_call}
  0x000001b9c9be639c: 0100 00e8 

  0x000001b9c9be63a0: ; ImmutableOopMap {[112]=Oop [128]=Oop }
                      ;*invokeinterface getBounds {reexecute=0 rethrow=0 return_oop=0}
                      ; - com.sun.javafx.text.PrismTextLayout::shape@41 (line 834)
  0x000001b9c9be63a0: 3c93 ae06 

  0x000001b9c9be63a4: ;   {post_call_nop}
  0x000001b9c9be63a4: 0f1f 8400 | 9c04 0001 | 488b 7424 

  0x000001b9c9be63b0: ;   {metadata(method data for {method} {0x000001b9e6c65e00} 'shape' '(Lcom/sun/javafx/text/TextRun;[CLcom/sun/javafx/text/GlyphLayout;)V' in 'com/sun/javafx/text/PrismTextLayout')}
  0x000001b9c9be63b0: 7048 ba00 | 0040 e8b9 | 0100 008b | 7608 41ba | 0000 0022 | 4903 f248 | 3bb2 0002 | 0000 750d 
  0x000001b9c9be63d0: 4883 8208 | 0200 0001 | e960 0000 | 0048 3bb2 | 1002 0000 | 750d 4883 | 8218 0200 | 0001 e94a 
  0x000001b9c9be63f0: 0000 0048 | 83ba 0002 | 0000 0075 | 1748 89b2 | 0002 0000 | 48c7 8208 | 0200 0001 | 0000 00e9 
  0x000001b9c9be6410: 2900 0000 | 4883 ba10 | 0200 0000 | 7517 4889 | b210 0200 | 0048 c782 | 1802 0000 | 0100 0000 
  0x000001b9c9be6430: e908 0000 | 0048 8382 | f801 0000 | 0148 8b54 | 2470 4889 | 8424 9800 | 0000 6666 | 9048 b870 
  0x000001b9c9be6450: 9ad3 eab9 

  0x000001b9c9be6454: ;   {virtual_call}
  0x000001b9c9be6454: 0100 00e8 

  0x000001b9c9be6458: ; ImmutableOopMap {[128]=Oop [152]=Oop }
                      ;*invokeinterface getText {reexecute=0 rethrow=0 return_oop=0}
                      ; - com.sun.javafx.text.PrismTextLayout::shape@53 (line 835)
  0x000001b9c9be6458: 8492 ae06 

  0x000001b9c9be645c: ;   {post_call_nop}
  0x000001b9c9be645c: 0f1f 8400 | 5405 0002 

  0x000001b9c9be6464: ; implicit exception: dispatches to 0x000001b9c9be825b
  0x000001b9c9be6464: 483b 004c 

  0x000001b9c9be6468: ;   {metadata(method data for {method} {0x000001b9e6c65e00} 'shape' '(Lcom/sun/javafx/text/TextRun;[CLcom/sun/javafx/text/GlyphLayout;)V' in 'com/sun/javafx/text/PrismTextLayout')}
  0x000001b9c9be6468: 8bc0 48ba | 0000 40e8 | b901 0000 | 458b 4008 | 41ba 0000 | 0022 4d03 | c24c 3b82 | 3002 0000 
  0x000001b9c9be6488: 750d 4883 | 8238 0200 | 0001 e960 | 0000 004c | 3b82 4002 | 0000 750d | 4883 8248 | 0200 0001 
  0x000001b9c9be64a8: e94a 0000 | 0048 83ba | 3002 0000 | 0075 174c | 8982 3002 | 0000 48c7 | 8238 0200 | 0001 0000 
  0x000001b9c9be64c8: 00e9 2900 | 0000 4883 | ba40 0200 | 0000 7517 | 4c89 8240 | 0200 0048 | c782 4802 | 0000 0100 
  0x000001b9c9be64e8: 0000 e908 | 0000 0048 | 8382 2802 

  0x000001b9c9be64f4: ;   {metadata(method data for {method} {0x0000000022187d60} 'length' '()I' in 'java/lang/String')}
  0x000001b9c9be64f4: 0000 0149 | b860 ee00 | e6b9 0100 | 0041 8b90 | 9000 0000 | 83c2 0241 | 8990 9000 | 0000 81e2 
  0x000001b9c9be6514: feff 1f00 | 85d2 0f84 | 401d 0000 | 448b 4014 | 49c1 e003 

  0x000001b9c9be6528: ; implicit exception: dispatches to 0x000001b9c9be8281
  0x000001b9c9be6528: 418b 700c 

  0x000001b9c9be652c: ;   {metadata(method data for {method} {0x0000000022187d60} 'length' '()I' in 'java/lang/String')}
  0x000001b9c9be652c: 4c8b c048 | ba60 ee00 | e6b9 0100 | 0045 8b40 | 0841 ba00 | 0000 224d | 03c2 4c3b | 82e0 0000 
  0x000001b9c9be654c: 0075 0d48 | 8382 e800 | 0000 01e9 | 6000 0000 | 4c3b 82f0 | 0000 0075 | 0d48 8382 | f800 0000 
  0x000001b9c9be656c: 01e9 4a00 | 0000 4883 | bae0 0000 | 0000 7517 | 4c89 82e0 | 0000 0048 | c782 e800 | 0000 0100 
  0x000001b9c9be658c: 0000 e929 | 0000 0048 | 83ba f000 | 0000 0075 | 174c 8982 | f000 0000 | 48c7 82f8 | 0000 0001 
  0x000001b9c9be65ac: 0000 00e9 | 0800 0000 | 4883 82d8 | 0000 0001 

  0x000001b9c9be65bc: ;   {metadata(method data for {method} {0x00000000224adaf8} 'coder' '()B' in 'java/lang/String')}
  0x000001b9c9be65bc: 49b8 20ed | 00e6 b901 | 0000 418b | 9090 0000 | 0083 c202 | 4189 9090 | 0000 0081 | e2fe ff1f 
  0x000001b9c9be65dc: 0085 d20f | 84a1 1c00 

  0x000001b9c9be65e4: ;   {metadata(method data for {method} {0x00000000224adaf8} 'coder' '()B' in 'java/lang/String')}
  0x000001b9c9be65e4: 0049 b820 | ed00 e6b9 | 0100 0041 | ff80 e800 | 0000 440f 

  0x000001b9c9be65f8: ;   {metadata(method data for {method} {0x00000000224adaf8} 'coder' '()B' in 'java/lang/String')}
  0x000001b9c9be65f8: be40 1048 | ba20 ed00 | e6b9 0100 | 00ff 82f8 | 0000 0041 | c1e0 1841 | c1f8 1848 | 8bbc 2480 
  0x000001b9c9be6618: 0000 00e9 | 901b 0000 | 4885 f60f | 8425 0000 

  0x000001b9c9be6628: ;   {metadata('com/sun/javafx/font/PrismFont')}
  0x000001b9c9be6628: 0048 bb88 | ac0f 2300 | 0000 008b | 7e08 41ba | 0000 0022 | 4903 fa48 | 3b5f 380f | 855e 1c00 
  0x000001b9c9be6648: 00e9 0000 | 0000 4c8b | c648 3b06 

  0x000001b9c9be6654: ;   {metadata(method data for {method} {0x000001b9e6c65e00} 'shape' '(Lcom/sun/javafx/text/TextRun;[CLcom/sun/javafx/text/GlyphLayout;)V' in 'com/sun/javafx/text/PrismTextLayout')}
  0x000001b9c9be6654: 4c8b c648 | ba00 0040 | e8b9 0100 | 0048 8382 | 9802 0000 

  0x000001b9c9be6668: ;   {metadata(method data for {method} {0x000001b9e6853bc0} 'getStrike' '(Lcom/sun/javafx/geom/transform/BaseTransform;)Lcom/sun/javafx/font/FontStrike;' in 'com/sun/javafx/font/PrismFont')}
  0x000001b9c9be6668: 0149 b890 | 7e57 e7b9 | 0100 0041 | 8b90 9000 | 0000 83c2 | 0241 8990 | 9000 0000 | 81e2 feff 
  0x000001b9c9be6688: 1f00 85d2 | 0f84 1f1c | 0000 8b56 | 1c48 c1e2 | 03c5 fa10 | 460c 483b | 024c 8bc2 

  0x000001b9c9be66a4: ;   {metadata(method data for {method} {0x000001b9e6853bc0} 'getStrike' '(Lcom/sun/javafx/geom/transform/BaseTransform;)Lcom/sun/javafx/font/FontStrike;' in 'com/sun/javafx/font/PrismFont')}
  0x000001b9c9be66a4: 48bf 907e | 57e7 b901 | 0000 458b | 4008 41ba | 0000 0022 | 4d03 c24c | 3b87 e000 | 0000 750d 
  0x000001b9c9be66c4: 4883 87e8 | 0000 0001 | e960 0000 | 004c 3b87 | f000 0000 | 750d 4883 | 87f8 0000 | 0001 e94a 
  0x000001b9c9be66e4: 0000 0048 | 83bf e000 | 0000 0075 | 174c 8987 | e000 0000 | 48c7 87e8 | 0000 0001 | 0000 00e9 
  0x000001b9c9be6704: 2900 0000 | 4883 bff0 | 0000 0000 | 7517 4c89 | 87f0 0000 | 0048 c787 | f800 0000 | 0100 0000 
  0x000001b9c9be6724: e908 0000 | 0048 8387 | d800 0000 

  0x000001b9c9be6730: ;   {oop(a 'com/sun/javafx/geom/transform/Identity'{0x000000060b5a1370})}
  0x000001b9c9be6730: 0149 b870 | 135a 0b06 | 0000 0048 | 89b4 24a0 | 0000 0066 | 9048 b898 | 9ad3 eab9 

  0x000001b9c9be674c: ;   {virtual_call}
  0x000001b9c9be674c: 0100 00e8 

  0x000001b9c9be6750: ; ImmutableOopMap {[120]=Oop [128]=Oop [136]=Oop [144]=Oop [160]=Oop }
                      ;*invokeinterface getStrike {reexecute=0 rethrow=0 return_oop=0}
                      ; - com.sun.javafx.font.PrismFont::getStrike@9 (line 79)
                      ; - com.sun.javafx.text.PrismTextLayout::shape@70 (line 838)
  0x000001b9c9be6750: 8c8f ae06 

  0x000001b9c9be6754: ;   {post_call_nop}
  0x000001b9c9be6754: 0f1f 8400 | 4c08 0003 

  0x000001b9c9be675c: ;   {metadata(method data for {method} {0x000001b9e6c65e00} 'shape' '(Lcom/sun/javafx/text/TextRun;[CLcom/sun/javafx/text/GlyphLayout;)V' in 'com/sun/javafx/text/PrismTextLayout')}
  0x000001b9c9be675c: 48ba 0000 | 40e8 b901 | 0000 ff82 | b802 0000 | 488b b424 | a000 0000 | 4c8b 8424 | 8000 0000 
  0x000001b9c9be677c: 488b 5424 | 78e9 2900 | 0000 4889 | bc24 9000 | 0000 4c89 | 8c24 8800 | 0000 8b72 | 3048 c1e6 
  0x000001b9c9be679c: 038b 7a34 | 48c1 e703 | 488b c74c | 8b84 2480 | 0000 0049 | 3b00 498b 

  0x000001b9c9be67b4: ;   {metadata(method data for {method} {0x000001b9e6c65e00} 'shape' '(Lcom/sun/javafx/text/TextRun;[CLcom/sun/javafx/text/GlyphLayout;)V' in 'com/sun/javafx/text/PrismTextLayout')}
  0x000001b9c9be67b4: f848 bb00 | 0040 e8b9 | 0100 0048 | 8383 e002 | 0000 01c4 | c17a 1040 

  0x000001b9c9be67cc: ;   {section_word}
  0x000001b9c9be67cc: 20c5 fa10 | 0d2b f8ff | ffc5 f82e | c1bf ffff | ffff 0f8a | 1400 0000 | 0f82 0e00 | 0000 bf00 
  0x000001b9c9be67ec: 0000 000f | 8403 0000 | 0048 ffc7 

  0x000001b9c9be67f8: ;   {metadata(method data for {method} {0x000001b9e6c65e00} 'shape' '(Lcom/sun/javafx/text/TextRun;[CLcom/sun/javafx/text/GlyphLayout;)V' in 'com/sun/javafx/text/PrismTextLayout')}
  0x000001b9c9be67f8: 85ff 48bf | 0000 40e8 | b901 0000 | bb10 0300 | 0074 05bb | 0003 0000 | 488b 0c1f | 488d 4901 
  0x000001b9c9be6818: 4889 0c1f | 4889 b424 | a800 0000 | 0f84 0d00 | 0000 4889 | 8424 b000 | 0000 e918 | 0900 0048 
  0x000001b9c9be6838: 3b00 488b 

  0x000001b9c9be683c: ;   {metadata(method data for {method} {0x000001b9e6c65e00} 'shape' '(Lcom/sun/javafx/text/TextRun;[CLcom/sun/javafx/text/GlyphLayout;)V' in 'com/sun/javafx/text/PrismTextLayout')}
  0x000001b9c9be683c: f848 bb00 | 0040 e8b9 | 0100 008b | 7f08 41ba | 0000 0022 | 4903 fa48 | 3bbb 2803 | 0000 750d 
  0x000001b9c9be685c: 4883 8330 | 0300 0001 | e960 0000 | 0048 3bbb | 3803 0000 | 750d 4883 | 8340 0300 | 0001 e94a 
  0x000001b9c9be687c: 0000 0048 | 83bb 2803 | 0000 0075 | 1748 89bb | 2803 0000 | 48c7 8330 | 0300 0001 | 0000 00e9 
  0x000001b9c9be689c: 2900 0000 | 4883 bb38 | 0300 0000 | 7517 4889 | bb38 0300 | 0048 c783 | 4003 0000 | 0100 0000 
  0x000001b9c9be68bc: e908 0000 | 0048 8383 | 2003 0000 | 0148 8bd0 | 4889 8424 | b000 0000 | 9048 b8c0 | 9ad3 eab9 
  0x000001b9c9be68dc: ;   {virtual_call}
  0x000001b9c9be68dc: 0100 00e8 

  0x000001b9c9be68e0: ; ImmutableOopMap {[120]=Oop [128]=Oop [136]=Oop [144]=Oop [168]=Oop [176]=Oop }
                      ;*invokeinterface getMetrics {reexecute=0 rethrow=0 return_oop=0}
                      ; - com.sun.javafx.text.PrismTextLayout::shape@103 (line 846)
  0x000001b9c9be68e0: 2e58 70ff 

  0x000001b9c9be68e4: ;   {post_call_nop}
  0x000001b9c9be68e4: 0f1f 8400 | dc09 0004 | 4889 8424 | b800 0000 | 488b 5424 | 788b 7220 | 81e6 0040 | 0000 81fe 
  0x000001b9c9be6904: 0040 0000 

  0x000001b9c9be6908: ;   {metadata(method data for {method} {0x000001b9e6c65e00} 'shape' '(Lcom/sun/javafx/text/TextRun;[CLcom/sun/javafx/text/GlyphLayout;)V' in 'com/sun/javafx/text/PrismTextLayout')}
  0x000001b9c9be6908: 48be 0000 | 40e8 b901 | 0000 bf50 | 0300 0075 | 05bf 6003 | 0000 488b | 1c3e 488d | 5b01 4889 
  0x000001b9c9be6928: 1c3e 0f85 | e206 0000 | 488b b424 | a800 0000 | 4885 c00f | 8425 0000 

  0x000001b9c9be6940: ;   {metadata('com/sun/javafx/font/PrismMetrics')}
  0x000001b9c9be6940: 0049 b810 | 6330 2300 | 0000 008b | 4808 41ba | 0000 0022 | 4903 ca4c | 3b41 380f | 8580 1900 
  0x000001b9c9be6960: 00e9 0000 | 0000 488b | f848 3b00 

  0x000001b9c9be696c: ;   {metadata(method data for {method} {0x000001b9e6c65e00} 'shape' '(Lcom/sun/javafx/text/TextRun;[CLcom/sun/javafx/text/GlyphLayout;)V' in 'com/sun/javafx/text/PrismTextLayout')}
  0x000001b9c9be696c: 488b f848 | bb00 0040 | e8b9 0100 | 0048 8383 | 8003 0000 | 01c5 fa10 | 400c 4885 | f60f 8425 
  0x000001b9c9be698c: ;   {metadata('com/sun/javafx/font/PrismFont')}
  0x000001b9c9be698c: 0000 0049 | b888 ac0f | 2300 0000 | 008b 4e08 | 41ba 0000 | 0022 4903 | ca4c 3b41 | 380f 853c 
  0x000001b9c9be69ac: 1900 00e9 | 0000 0000 | 488b fe48 | 3b06 488b 

  0x000001b9c9be69bc: ;   {metadata(method data for {method} {0x000001b9e6c65e00} 'shape' '(Lcom/sun/javafx/text/TextRun;[CLcom/sun/javafx/text/GlyphLayout;)V' in 'com/sun/javafx/text/PrismTextLayout')}
  0x000001b9c9be69bc: fe48 bb00 | 0040 e8b9 | 0100 0048 | 8383 b003 

  0x000001b9c9be69cc: ;   {metadata(method data for {method} {0x000001b9e6853898} 'getFamilyName' '()Ljava/lang/String;' in 'com/sun/javafx/font/PrismFont')}
  0x000001b9c9be69cc: 0000 0148 | bfe8 677f | e8b9 0100 | 008b 9f90 | 0000 0083 | c302 899f | 9000 0000 | 81e3 feff 
  0x000001b9c9be69ec: 1f00 85db | 0f84 ff18 | 0000 8b7e | 1c48 c1e7 | 0348 3b07 

  0x000001b9c9be6a00: ;   {metadata(method data for {method} {0x000001b9e6853898} 'getFamilyName' '()Ljava/lang/String;' in 'com/sun/javafx/font/PrismFont')}
  0x000001b9c9be6a00: 488b df48 | b9e8 677f | e8b9 0100 | 008b 5b08 | 41ba 0000 | 0022 4903 | da48 3b99 | e000 0000 
  0x000001b9c9be6a20: 750d 4883 | 81e8 0000 | 0001 e960 | 0000 0048 | 3b99 f000 | 0000 750d | 4883 81f8 | 0000 0001 
  0x000001b9c9be6a40: e94a 0000 | 0048 83b9 | e000 0000 | 0075 1748 | 8999 e000 | 0000 48c7 | 81e8 0000 | 0001 0000 
  0x000001b9c9be6a60: 00e9 2900 | 0000 4883 | b9f0 0000 | 0000 7517 | 4889 99f0 | 0000 0048 | c781 f800 | 0000 0100 
  0x000001b9c9be6a80: 0000 e908 | 0000 0048 | 8381 d800 | 0000 0148 | 8bd7 4889 | b424 a800 | 0000 c5fa | 1184 24ec 
  0x000001b9c9be6aa0: 0000 0066 | 9048 b8e8 | 9ad3 eab9 

  0x000001b9c9be6aac: ;   {virtual_call}
  0x000001b9c9be6aac: 0100 00e8 

  0x000001b9c9be6ab0: ; ImmutableOopMap {[120]=Oop [128]=Oop [136]=Oop [144]=Oop [168]=Oop [176]=Oop [184]=Oop }
                      ;*invokeinterface getFamilyName {reexecute=0 rethrow=0 return_oop=0}
                      ; - com.sun.javafx.font.PrismFont::getFamilyName@4 (line 51)
                      ; - com.sun.javafx.text.PrismTextLayout::shape@135 (line 859)
  0x000001b9c9be6ab0: 5eff 6dff 

  0x000001b9c9be6ab4: ;   {post_call_nop}
  0x000001b9c9be6ab4: 0f1f 8400 | ac0b 0005 

  0x000001b9c9be6abc: ; implicit exception: dispatches to 0x000001b9c9be831b
  0x000001b9c9be6abc: 483b 004c 

  0x000001b9c9be6ac0: ;   {metadata(method data for {method} {0x000001b9e6c65e00} 'shape' '(Lcom/sun/javafx/text/TextRun;[CLcom/sun/javafx/text/GlyphLayout;)V' in 'com/sun/javafx/text/PrismTextLayout')}
  0x000001b9c9be6ac0: 8bc0 48ba | 0000 40e8 | b901 0000 | 458b 4008 | 41ba 0000 | 0022 4d03 | c24c 3b82 | d803 0000 
  0x000001b9c9be6ae0: 750d 4883 | 82e0 0300 | 0001 e960 | 0000 004c | 3b82 e803 | 0000 750d | 4883 82f0 | 0300 0001 
  0x000001b9c9be6b00: e94a 0000 | 0048 83ba | d803 0000 | 0075 174c | 8982 d803 | 0000 48c7 | 82e0 0300 | 0001 0000 
  0x000001b9c9be6b20: 00e9 2900 | 0000 4883 | bae8 0300 | 0000 7517 | 4c89 82e8 | 0300 0048 | c782 f003 | 0000 0100 
  0x000001b9c9be6b40: 0000 e908 | 0000 0048 | 8382 d003 

  0x000001b9c9be6b4c: ;   {oop("Segoe UI"{0x000000060c0b2d08})}
  0x000001b9c9be6b4c: 0000 0149 | b808 2d0b | 0c06 0000 | 0048 8bd0 

  0x000001b9c9be6b5c: ;   {optimized virtual_call}
  0x000001b9c9be6b5c: 6666 90e8 

  0x000001b9c9be6b60: ; ImmutableOopMap {[120]=Oop [128]=Oop [136]=Oop [144]=Oop [168]=Oop [176]=Oop [184]=Oop }
                      ;*invokevirtual equals {reexecute=0 rethrow=0 return_oop=0}
                      ; - com.sun.javafx.text.PrismTextLayout::shape@143 (line 859)
  0x000001b9c9be6b60: 2c2f 2d07 

  0x000001b9c9be6b64: ;   {post_call_nop}
  0x000001b9c9be6b64: 0f1f 8400 | 5c0c 0006 

  0x000001b9c9be6b6c: ;   {metadata(method data for {method} {0x000001b9e6c65e00} 'shape' '(Lcom/sun/javafx/text/TextRun;[CLcom/sun/javafx/text/GlyphLayout;)V' in 'com/sun/javafx/text/PrismTextLayout')}
  0x000001b9c9be6b6c: 85c0 48ba | 0000 40e8 | b901 0000 | be00 0400 | 0074 05be | 1004 0000 | 488b 3c32 | 488d 7f01 
  0x000001b9c9be6b8c: 4889 3c32 | c5fa 1084 | 24ec 0000 | 000f 8410 | 0000 00c5 

  0x000001b9c9be6ba0: ;   {section_word}
  0x000001b9c9be6ba0: fa5a c0c5 | fb59 055d | f4ff ffc5 | fb5a c048 | 8b84 24b8 | 0000 00c5 

  0x000001b9c9be6bb8: ;   {section_word}
  0x000001b9c9be6bb8: fa5a c0c5 | fb5c 054d | f4ff ffc5 | fb2c d081 | fa00 0000 | 8075 0f48 | 83ec 08c5 | fb11 0424 
  0x000001b9c9be6bd8: ;   {runtime_call Stub::d2i_fixup}
  0x000001b9c9be6bd8: e89a a8a9 | 065a c5f2 | 2aca 4885 | c00f 8425 

  0x000001b9c9be6be8: ;   {metadata('com/sun/javafx/font/PrismMetrics')}
  0x000001b9c9be6be8: 0000 0048 | bb10 6330 | 2300 0000 | 008b 7808 | 41ba 0000 | 0022 4903 | fa48 3b5f | 380f 8515 
  0x000001b9c9be6c08: 1700 00e9 | 0000 0000 | 488b d048 

  0x000001b9c9be6c14: ;   {metadata(method data for {method} {0x000001b9e6c65e00} 'shape' '(Lcom/sun/javafx/text/TextRun;[CLcom/sun/javafx/text/GlyphLayout;)V' in 'com/sun/javafx/text/PrismTextLayout')}
  0x000001b9c9be6c14: 8bd0 48be | 0000 40e8 | b901 0000 | 4883 8630 | 0400 0001 | c5fa 1040 | 10c5 fa5a 

  0x000001b9c9be6c30: ;   {section_word}
  0x000001b9c9be6c30: c0c5 fb58 | 05df f3ff | ffc5 fb2c | d081 fa00 | 0000 8075 | 0f48 83ec | 08c5 fb11 

  0x000001b9c9be6c4c: ;   {runtime_call Stub::d2i_fixup}
  0x000001b9c9be6c4c: 0424 e824 | a8a9 065a | c5ea 2ad2 | 4885 c00f | 8425 0000 

  0x000001b9c9be6c60: ;   {metadata('com/sun/javafx/font/PrismMetrics')}
  0x000001b9c9be6c60: 0048 bb10 | 6330 2300 | 0000 008b | 7808 41ba | 0000 0022 | 4903 fa48 | 3b5f 380f | 85a4 1600 
  0x000001b9c9be6c80: 00e9 0000 | 0000 488b | d048 8bd0 

  0x000001b9c9be6c8c: ;   {metadata(method data for {method} {0x000001b9e6c65e00} 'shape' '(Lcom/sun/javafx/text/TextRun;[CLcom/sun/javafx/text/GlyphLayout;)V' in 'com/sun/javafx/text/PrismTextLayout')}
  0x000001b9c9be6c8c: 48be 0000 | 40e8 b901 | 0000 4883 | 8660 0400 | 0001 c5fa | 1040 14c5 

  0x000001b9c9be6ca4: ;   {section_word}
  0x000001b9c9be6ca4: fa5a c0c5 | fb58 0571 | f3ff ffc5 | fb2c d081 | fa00 0000 | 8075 0f48 | 83ec 08c5 | fb11 0424 
  0x000001b9c9be6cc4: ;   {runtime_call Stub::d2i_fixup}
  0x000001b9c9be6cc4: e8ae a7a9 | 065a c5e2 | 2ada 4885 | c00f 8425 

  0x000001b9c9be6cd4: ;   {metadata('com/sun/javafx/font/PrismMetrics')}
  0x000001b9c9be6cd4: 0000 0048 | bb10 6330 | 2300 0000 | 008b 7808 | 41ba 0000 | 0022 4903 | fa48 3b5f | 380f 8533 
  0x000001b9c9be6cf4: 1600 00e9 | 0000 0000 | 488b d048 

  0x000001b9c9be6d00: ;   {metadata(method data for {method} {0x000001b9e6c65e00} 'shape' '(Lcom/sun/javafx/text/TextRun;[CLcom/sun/javafx/text/GlyphLayout;)V' in 'com/sun/javafx/text/PrismTextLayout')}
  0x000001b9c9be6d00: 8bd0 48be | 0000 40e8 | b901 0000 | 4883 8690 | 0400 0001 

  0x000001b9c9be6d14: ;   {metadata(method data for {method} {0x000001b9e7050ac8} 'getCapHeight' '()F' in 'com/sun/javafx/font/PrismMetrics')}
  0x000001b9c9be6d14: 48ba a823 | 82e8 b901 | 0000 8bb2 | 9000 0000 | 83c6 0289 | b290 0000 | 0081 e6fe | ff1f 0085 
  0x000001b9c9be6d34: f60f 84f4 | 1500 0048 

  0x000001b9c9be6d3c: ;   {metadata(method data for {method} {0x000001b9e7050ac8} 'getCapHeight' '()F' in 'com/sun/javafx/font/PrismMetrics')}
  0x000001b9c9be6d3c: 8bd0 48be | a823 82e8 | b901 0000 | 4883 86d8 | 0000 0001 

  0x000001b9c9be6d50: ;   {metadata(method data for {method} {0x000001b9e7050838} 'checkStyleMetrics' '()V' in 'com/sun/javafx/font/PrismMetrics')}
  0x000001b9c9be6d50: 48ba f024 | 82e8 b901 | 0000 8bb2 | 9000 0000 | 83c6 0289 | b290 0000 | 0081 e6fe | ff1f 0085 
  0x000001b9c9be6d70: f60f 84d9 | 1500 008b | 5020 48c1 | e203 4885 

  0x000001b9c9be6d80: ;   {metadata(method data for {method} {0x000001b9e7050838} 'checkStyleMetrics' '()V' in 'com/sun/javafx/font/PrismMetrics')}
  0x000001b9c9be6d80: d248 baf0 | 2482 e8b9 | 0100 00be | e800 0000 | 7405 bed8 | 0000 0048 | 8b3c 3248 | 8d7f 0148 
  0x000001b9c9be6da0: 893c 32c5 | fa11 9c24 | f800 0000 | c5fa 1194 | 24f4 0000 | 00c5 fa11 | 8c24 f000 | 0000 0f84 
  0x000001b9c9be6dc0: 0800 0000 | 488b d0e9 | e400 0000 | 8b50 1c48 | c1e2 03c5 | fa10 4018 

  0x000001b9c9be6dd8: ; implicit exception: dispatches to 0x000001b9c9be8371
  0x000001b9c9be6dd8: 483b 0248 

  0x000001b9c9be6ddc: ;   {metadata(method data for {method} {0x000001b9e7050838} 'checkStyleMetrics' '()V' in 'com/sun/javafx/font/PrismMetrics')}
  0x000001b9c9be6ddc: 8bf2 48bf | f024 82e8 | b901 0000 | 8b76 0841 | ba00 0000 | 2249 03f2 | 483b b700 | 0100 0075 
  0x000001b9c9be6dfc: 0d48 8387 | 0801 0000 | 01e9 6000 | 0000 483b | b710 0100 | 0075 0d48 | 8387 1801 | 0000 01e9 
  0x000001b9c9be6e1c: 4a00 0000 | 4883 bf00 | 0100 0000 | 7517 4889 | b700 0100 | 0048 c787 | 0801 0000 | 0100 0000 
  0x000001b9c9be6e3c: e929 0000 | 0048 83bf | 1001 0000 | 0075 1748 | 89b7 1001 | 0000 48c7 | 8718 0100 | 0001 0000 
  0x000001b9c9be6e5c: 00e9 0800 | 0000 4883 | 87f8 0000 | 0001 0f1f 

  0x000001b9c9be6e6c: ;   {optimized virtual_call}
  0x000001b9c9be6e6c: 4400 00e8 

  0x000001b9c9be6e70: ; ImmutableOopMap {[120]=Oop [128]=Oop [136]=Oop [144]=Oop [168]=Oop [176]=Oop [184]=Oop }
                      ;*invokevirtual getStyleMetrics {reexecute=0 rethrow=0 return_oop=0}
                      ; - com.sun.javafx.font.PrismMetrics::checkStyleMetrics@16 (line 78)
                      ; - com.sun.javafx.font.PrismMetrics::getCapHeight@1 (line 102)
                      ; - com.sun.javafx.text.PrismTextLayout::shape@204 (line 865)
  0x000001b9c9be6e70: 6c83 ae06 

  0x000001b9c9be6e74: ;   {post_call_nop}
  0x000001b9c9be6e74: 0f1f 8400 | 6c0f 0007 | 410f be57 | 4885 d248 | 8b94 24b8 | 0000 000f | 85e5 1400 | 004c 8bd0 
  0x000001b9c9be6e94: 49c1 ea03 | 4489 5220 | 488b f248 | 33f0 48c1 | ee16 4883 | fe00 0f85 | e514 0000 | 8b52 2048 
  0x000001b9c9be6eb4: c1e2 0383 | 7a0c 010f | 86f6 1400 | 00c5 fa10 | 4214 c5fa | 1094 24f4 | 0000 00c5 

  0x000001b9c9be6ed0: ;   {section_word}
  0x000001b9c9be6ed0: fa5a c0c5 | fb58 054d | f1ff ffc5 | fb2c d081 | fa00 0000 | 8075 0f48 | 83ec 08c5 | fb11 0424 
  0x000001b9c9be6ef0: ;   {runtime_call Stub::d2i_fixup}
  0x000001b9c9be6ef0: e882 a5a9 | 065a c5fa | 2ac2 c5fa | 108c 24f0 

  0x000001b9c9be6f00: ;   {external_word}
  0x000001b9c9be6f00: 0000 0049 | bad0 b949 | 11fc 7f00 | 00c4 c170 | 570a c5f2 | 5cc8 c5f8 | 2eca baff | ffff ff0f 
  0x000001b9c9be6f20: 8a14 0000 | 000f 820e | 0000 00ba | 0000 0000 | 0f84 0300 | 0000 48ff 

  0x000001b9c9be6f38: ;   {metadata(method data for {method} {0x000001b9e6c65e00} 'shape' '(Lcom/sun/javafx/text/TextRun;[CLcom/sun/javafx/text/GlyphLayout;)V' in 'com/sun/javafx/text/PrismTextLayout')}
  0x000001b9c9be6f38: c285 d248 | ba00 0040 | e8b9 0100 | 00be b004 | 0000 7e05 | bec0 0400 | 0048 8b3c | 3248 8d7f 
  0x000001b9c9be6f58: 0148 893c | 320f 8e1e 

  0x000001b9c9be6f60: ;   {metadata(method data for {method} {0x000001b9e6c65e00} 'shape' '(Lcom/sun/javafx/text/TextRun;[CLcom/sun/javafx/text/GlyphLayout;)V' in 'com/sun/javafx/text/PrismTextLayout')}
  0x000001b9c9be6f60: 0000 0048 | ba00 0040 | e8b9 0100 | 00ff 82d0 | 0400 00c5 | fa10 8424 | f000 0000 | e91d 0000 
  0x000001b9c9be6f80: 00c5 fa10 | 8424 f000 | 0000 c5f2 | 5cca c5f8 | 28d9 c5e2 | 58d8 c5f8 | 28ca c5f8 | 28c3 c5fa 
  0x000001b9c9be6fa0: 109c 24f8 | 0000 004c | 8b84 2480 | 0000 0049 

  0x000001b9c9be6fb0: ;   {metadata(method data for {method} {0x000001b9e6c65e00} 'shape' '(Lcom/sun/javafx/text/TextRun;[CLcom/sun/javafx/text/GlyphLayout;)V' in 'com/sun/javafx/text/PrismTextLayout')}
  0x000001b9c9be6fb0: 8bd0 48be | 0000 40e8 | b901 0000 | 4883 86f8 | 0400 0001 

  0x000001b9c9be6fc4: ;   {metadata(method data for {method} {0x000001b9e7045d10} 'setMetrics' '(FFF)V' in 'com/sun/javafx/text/TextRun')}
  0x000001b9c9be6fc4: 48ba 2032 | 82e8 b901 | 0000 8bb2 | 9000 0000 | 83c6 0289 | b290 0000 | 0081 e6fe | ff1f 0085 
  0x000001b9c9be6fe4: f60f 84de | 1300 00c4 | c17a 1140 | 20c4 c17a | 1148 24c4 | c17a 1158 

  0x000001b9c9be6ffc: ;   {metadata(method data for {method} {0x000001b9e6c65e00} 'shape' '(Lcom/sun/javafx/text/TextRun;[CLcom/sun/javafx/text/GlyphLayout;)V' in 'com/sun/javafx/text/PrismTextLayout')}
  0x000001b9c9be6ffc: 2848 ba00 | 0040 e8b9 | 0100 00ff | 8218 0500 | 00e9 3d01 | 0000 4c8b | 8424 8000 | 0000 488b 
  0x000001b9c9be701c: d048 85d2 | 0f84 2500 

  0x000001b9c9be7024: ;   {metadata('com/sun/javafx/font/PrismMetrics')}
  0x000001b9c9be7024: 0000 48b8 | 1063 3023 | 0000 0000 | 8b5a 0841 | ba00 0000 | 2249 03da | 483b 4338 | 0f85 a413 
  0x000001b9c9be7044: 0000 e900 | 0000 0048 | 8bf2 483b | 0248 8bc2 

  0x000001b9c9be7054: ;   {metadata(method data for {method} {0x000001b9e6c65e00} 'shape' '(Lcom/sun/javafx/text/TextRun;[CLcom/sun/javafx/text/GlyphLayout;)V' in 'com/sun/javafx/text/PrismTextLayout')}
  0x000001b9c9be7054: 48be 0000 | 40e8 b901 | 0000 4883 | 8640 0500 | 0001 c5fa | 1042 0c48 | 85d2 0f84 | 2500 0000 
  0x000001b9c9be7074: ;   {metadata('com/sun/javafx/font/PrismMetrics')}
  0x000001b9c9be7074: 48b8 1063 | 3023 0000 | 0000 8b5a | 0841 ba00 | 0000 2249 | 03da 483b | 4338 0f85 | 6013 0000 
  0x000001b9c9be7094: e900 0000 | 0048 8bf2 

  0x000001b9c9be709c: ;   {metadata(method data for {method} {0x000001b9e6c65e00} 'shape' '(Lcom/sun/javafx/text/TextRun;[CLcom/sun/javafx/text/GlyphLayout;)V' in 'com/sun/javafx/text/PrismTextLayout')}
  0x000001b9c9be709c: 488b c248 | be00 0040 | e8b9 0100 | 0048 8386 | 7005 0000 | 01c5 fa10 | 4a10 4885 | d20f 8425 
  0x000001b9c9be70bc: ;   {metadata('com/sun/javafx/font/PrismMetrics')}
  0x000001b9c9be70bc: 0000 0048 | b810 6330 | 2300 0000 | 008b 5a08 | 41ba 0000 | 0022 4903 | da48 3b43 | 380f 851a 
  0x000001b9c9be70dc: 1300 00e9 | 0000 0000 | 488b f248 

  0x000001b9c9be70e8: ;   {metadata(method data for {method} {0x000001b9e6c65e00} 'shape' '(Lcom/sun/javafx/text/TextRun;[CLcom/sun/javafx/text/GlyphLayout;)V' in 'com/sun/javafx/text/PrismTextLayout')}
  0x000001b9c9be70e8: 8bc2 48be | 0000 40e8 | b901 0000 | 4883 86a0 | 0500 0001 | c5fa 1052 | 1449 8bd0 

  0x000001b9c9be7104: ;   {metadata(method data for {method} {0x000001b9e6c65e00} 'shape' '(Lcom/sun/javafx/text/TextRun;[CLcom/sun/javafx/text/GlyphLayout;)V' in 'com/sun/javafx/text/PrismTextLayout')}
  0x000001b9c9be7104: 48be 0000 | 40e8 b901 | 0000 4883 | 86d0 0500 

  0x000001b9c9be7114: ;   {metadata(method data for {method} {0x000001b9e7045d10} 'setMetrics' '(FFF)V' in 'com/sun/javafx/text/TextRun')}
  0x000001b9c9be7114: 0001 48ba | 2032 82e8 | b901 0000 | 8bb2 9000 | 0000 83c6 | 0289 b290 | 0000 0081 | e6fe ff1f 
  0x000001b9c9be7134: 0085 f60f | 84c1 1200 | 00c4 c17a | 1140 20c4 | c17a 1148 | 24c4 c17a | 1150 2849 

  0x000001b9c9be7150: ;   {metadata(method data for {method} {0x000001b9e6c65e00} 'shape' '(Lcom/sun/javafx/text/TextRun;[CLcom/sun/javafx/text/GlyphLayout;)V' in 'com/sun/javafx/text/PrismTextLayout')}
  0x000001b9c9be7150: 8bd0 48be | 0000 40e8 | b901 0000 | 4883 8600 | 0600 0001 

  0x000001b9c9be7164: ;   {metadata(method data for {method} {0x000001b9e70452b8} 'isTab' '()Z' in 'com/sun/javafx/text/TextRun')}
  0x000001b9c9be7164: 48ba f0fd | 2fe8 b901 | 0000 8bb2 | 9000 0000 | 83c6 0289 | b290 0000 | 0081 e6fe | ff1f 0085 
  0x000001b9c9be7184: f60f 8494 | 1200 0041 | 8b50 2c48 | 8bf2 83e6 

  0x000001b9c9be7194: ;   {metadata(method data for {method} {0x000001b9e70452b8} 'isTab' '()Z' in 'com/sun/javafx/text/TextRun')}
  0x000001b9c9be7194: 0185 f648 | bef0 fd2f | e8b9 0100 | 00bf d800 | 0000 7405 | bfe8 0000 | 0048 8b1c | 3e48 8d5b 
  0x000001b9c9be71b4: 0148 891c | 3e0f 841a 

  0x000001b9c9be71bc: ;   {metadata(method data for {method} {0x000001b9e70452b8} 'isTab' '()Z' in 'com/sun/javafx/text/TextRun')}
  0x000001b9c9be71bc: 0000 0048 | bef0 fd2f | e8b9 0100 | 00ff 86f8 | 0000 00be | 0100 0000 | e905 0000 | 00be 0000 
  0x000001b9c9be71dc: 0000 83e6 

  0x000001b9c9be71e0: ;   {metadata(method data for {method} {0x000001b9e6c65e00} 'shape' '(Lcom/sun/javafx/text/TextRun;[CLcom/sun/javafx/text/GlyphLayout;)V' in 'com/sun/javafx/text/PrismTextLayout')}
  0x000001b9c9be71e0: 0185 f648 | be00 0040 | e8b9 0100 | 00bf 3006 | 0000 7505 | bf20 0600 | 0048 8b1c | 3e48 8d5b 
  0x000001b9c9be7200: 0148 891c | 3e0f 8592 | 0f00 0049 

  0x000001b9c9be720c: ;   {metadata(method data for {method} {0x000001b9e6c65e00} 'shape' '(Lcom/sun/javafx/text/TextRun;[CLcom/sun/javafx/text/GlyphLayout;)V' in 'com/sun/javafx/text/PrismTextLayout')}
  0x000001b9c9be720c: 8bf0 48bf | 0000 40e8 | b901 0000 | 4883 8750 | 0600 0001 

  0x000001b9c9be7220: ;   {metadata(method data for {method} {0x000001b9e7045008} 'isLinebreak' '()Z' in 'com/sun/javafx/text/TextRun')}
  0x000001b9c9be7220: 48be 800b | 40e8 b901 | 0000 8bbe | 9000 0000 | 83c7 0289 | be90 0000 | 0081 e7fe | ff1f 0085 
  0x000001b9c9be7240: ff0f 84f9 | 1100 0048 | 8bf2 83e6 

  0x000001b9c9be724c: ;   {metadata(method data for {method} {0x000001b9e7045008} 'isLinebreak' '()Z' in 'com/sun/javafx/text/TextRun')}
  0x000001b9c9be724c: 0285 f648 | be80 0b40 | e8b9 0100 | 00bf d800 | 0000 7405 | bfe8 0000 | 0048 8b1c | 3e48 8d5b 
  0x000001b9c9be726c: 0148 891c | 3e0f 841a 

  0x000001b9c9be7274: ;   {metadata(method data for {method} {0x000001b9e7045008} 'isLinebreak' '()Z' in 'com/sun/javafx/text/TextRun')}
  0x000001b9c9be7274: 0000 0048 | be80 0b40 | e8b9 0100 | 00ff 86f8 | 0000 00be | 0100 0000 | e905 0000 | 00be 0000 
  0x000001b9c9be7294: 0000 83e6 

  0x000001b9c9be7298: ;   {metadata(method data for {method} {0x000001b9e6c65e00} 'shape' '(Lcom/sun/javafx/text/TextRun;[CLcom/sun/javafx/text/GlyphLayout;)V' in 'com/sun/javafx/text/PrismTextLayout')}
  0x000001b9c9be7298: 0185 f648 | be00 0040 | e8b9 0100 | 00bf 8006 | 0000 7505 | bf70 0600 | 0048 8b1c | 3e48 8d5b 
  0x000001b9c9be72b8: 0148 891c | 3e0f 85c7 | 0e00 0049 

  0x000001b9c9be72c4: ;   {metadata(method data for {method} {0x000001b9e6c65e00} 'shape' '(Lcom/sun/javafx/text/TextRun;[CLcom/sun/javafx/text/GlyphLayout;)V' in 'com/sun/javafx/text/PrismTextLayout')}
  0x000001b9c9be72c4: 8bf0 48bf | 0000 40e8 | b901 0000 | 4883 87a0 | 0600 0001 | 418b 700c 

  0x000001b9c9be72dc: ;   {metadata(method data for {method} {0x000001b9e6c65e00} 'shape' '(Lcom/sun/javafx/text/TextRun;[CLcom/sun/javafx/text/GlyphLayout;)V' in 'com/sun/javafx/text/PrismTextLayout')}
  0x000001b9c9be72dc: 85f6 48be | 0000 40e8 | b901 0000 | bfd0 0600 | 007f 05bf | c006 0000 | 488b 1c3e | 488d 5b01 
  0x000001b9c9be72fc: 4889 1c3e | 0f8f 710e | 0000 498b 

  0x000001b9c9be7308: ;   {metadata(method data for {method} {0x000001b9e6c65e00} 'shape' '(Lcom/sun/javafx/text/TextRun;[CLcom/sun/javafx/text/GlyphLayout;)V' in 'com/sun/javafx/text/PrismTextLayout')}
  0x000001b9c9be7308: f048 bf00 | 0040 e8b9 | 0100 0048 | 8387 f006 

  0x000001b9c9be7318: ;   {metadata(method data for {method} {0x000001b9e7045708} 'isComplex' '()Z' in 'com/sun/javafx/text/TextRun')}
  0x000001b9c9be7318: 0000 0148 | be38 1c40 | e8b9 0100 | 008b be90 | 0000 0083 | c702 89be | 9000 0000 | 81e7 feff 
  0x000001b9c9be7338: 1f00 85ff | 0f84 1f11 | 0000 83e2 

  0x000001b9c9be7344: ;   {metadata(method data for {method} {0x000001b9e7045708} 'isComplex' '()Z' in 'com/sun/javafx/text/TextRun')}
  0x000001b9c9be7344: 2085 d248 | ba38 1c40 | e8b9 0100 | 00be d800 | 0000 7405 | bee8 0000 | 0048 8b3c | 3248 8d7f 
  0x000001b9c9be7364: 0148 893c | 320f 841a 

  0x000001b9c9be736c: ;   {metadata(method data for {method} {0x000001b9e7045708} 'isComplex' '()Z' in 'com/sun/javafx/text/TextRun')}
  0x000001b9c9be736c: 0000 0048 | ba38 1c40 | e8b9 0100 | 00ff 82f8 | 0000 00ba | 0100 0000 | e905 0000 | 00ba 0000 
  0x000001b9c9be738c: 0000 83e2 

  0x000001b9c9be7390: ;   {metadata(method data for {method} {0x000001b9e6c65e00} 'shape' '(Lcom/sun/javafx/text/TextRun;[CLcom/sun/javafx/text/GlyphLayout;)V' in 'com/sun/javafx/text/PrismTextLayout')}
  0x000001b9c9be7390: 0185 d248 | ba00 0040 | e8b9 0100 | 00be 2007 | 0000 7505 | be10 0700 | 0048 8b3c | 3248 8d7f 
  0x000001b9c9be73b0: 0148 893c | 320f 852d | 0d00 0048 | 8b84 24b0 | 0000 0048 | 3b00 488b 

  0x000001b9c9be73c8: ;   {metadata(method data for {method} {0x000001b9e6c65e00} 'shape' '(Lcom/sun/javafx/text/TextRun;[CLcom/sun/javafx/text/GlyphLayout;)V' in 'com/sun/javafx/text/PrismTextLayout')}
  0x000001b9c9be73c8: f048 bf00 | 0040 e8b9 | 0100 008b | 7608 41ba | 0000 0022 | 4903 f248 | 3bb7 8007 | 0000 750d 
  0x000001b9c9be73e8: 4883 8788 | 0700 0001 | e960 0000 | 0048 3bb7 | 9007 0000 | 750d 4883 | 8798 0700 | 0001 e94a 
  0x000001b9c9be7408: 0000 0048 | 83bf 8007 | 0000 0075 | 1748 89b7 | 8007 0000 | 48c7 8788 | 0700 0001 | 0000 00e9 
  0x000001b9c9be7428: 2900 0000 | 4883 bf90 | 0700 0000 | 7517 4889 | b790 0700 | 0048 c787 | 9807 0000 | 0100 0000 
  0x000001b9c9be7448: e908 0000 | 0048 8387 | 7807 0000 | 0148 8bd0 | 4889 8424 | b000 0000 | 0f1f 4400 | 0048 b810 
  0x000001b9c9be7468: 9bd3 eab9 

  0x000001b9c9be746c: ;   {virtual_call}
  0x000001b9c9be746c: 0100 00e8 

  0x000001b9c9be7470: ; ImmutableOopMap {[120]=Oop [128]=Oop [136]=Oop [176]=Oop }
                      ;*invokeinterface getFontResource {reexecute=0 rethrow=0 return_oop=0}
                      ; - com.sun.javafx.text.PrismTextLayout::shape@335 (line 885)
  0x000001b9c9be7470: 9e6e 3407 

  0x000001b9c9be7474: ;   {post_call_nop}
  0x000001b9c9be7474: 0f1f 8400 | 6c15 0008 | 4889 8424 | c000 0000 | 4c8b 8424 | 8000 0000 

  0x000001b9c9be748c: ;   {metadata(method data for {method} {0x000001b9e6c65e00} 'shape' '(Lcom/sun/javafx/text/TextRun;[CLcom/sun/javafx/text/GlyphLayout;)V' in 'com/sun/javafx/text/PrismTextLayout')}
  0x000001b9c9be748c: 48ba 0000 | 40e8 b901 | 0000 4883 | 82b8 0700 | 0001 4c8b | 8424 8000 | 0000 418b | 7010 89b4 
  0x000001b9c9be74ac: 24cc 0000 | 0049 8bd0 

  0x000001b9c9be74b4: ;   {metadata(method data for {method} {0x000001b9e6c65e00} 'shape' '(Lcom/sun/javafx/text/TextRun;[CLcom/sun/javafx/text/GlyphLayout;)V' in 'com/sun/javafx/text/PrismTextLayout')}
  0x000001b9c9be74b4: 48bf 0000 | 40e8 b901 | 0000 4883 | 87e8 0700 | 0001 418b | 7814 89bc | 24c8 0000 | 0048 8b54 
  0x000001b9c9be74d4: 2478 8b5a | 4c48 c1e3 | 0348 85db 

  0x000001b9c9be74e0: ;   {metadata(method data for {method} {0x000001b9e6c65e00} 'shape' '(Lcom/sun/javafx/text/TextRun;[CLcom/sun/javafx/text/GlyphLayout;)V' in 'com/sun/javafx/text/PrismTextLayout')}
  0x000001b9c9be74e0: 48b9 0000 | 40e8 b901 | 0000 41b9 | 0808 0000 | 7506 41b9 | 1808 0000 | 4e8b 1c09 | 4d8d 5b01 
  0x000001b9c9be7500: 4e89 1c09 | 0f85 1d05 | 0000 488b | 9424 b000 

  0x000001b9c9be7510: ;   {metadata(method data for {method} {0x000001b9e6c65e00} 'shape' '(Lcom/sun/javafx/text/TextRun;[CLcom/sun/javafx/text/GlyphLayout;)V' in 'com/sun/javafx/text/PrismTextLayout')}
  0x000001b9c9be7510: 0000 48bb | 0000 40e8 | b901 0000 | 8b52 0841 | ba00 0000 | 2249 03d2 | 483b 9330 | 0800 0075 
  0x000001b9c9be7530: 0d48 8383 | 3808 0000 | 01e9 6000 | 0000 483b | 9340 0800 | 0075 0d48 | 8383 4808 | 0000 01e9 
  0x000001b9c9be7550: 4a00 0000 | 4883 bb30 | 0800 0000 | 7517 4889 | 9330 0800 | 0048 c783 | 3808 0000 | 0100 0000 
  0x000001b9c9be7570: e929 0000 | 0048 83bb | 4008 0000 | 0075 1748 | 8993 4008 | 0000 48c7 | 8348 0800 | 0001 0000 
  0x000001b9c9be7590: 00e9 0800 | 0000 4883 | 8328 0800 | 0001 488b | 9424 b000 | 0000 0f1f | 8000 0000 | 0048 b838 
  0x000001b9c9be75b0: 9bd3 eab9 

  0x000001b9c9be75b4: ;   {virtual_call}
  0x000001b9c9be75b4: 0100 00e8 

  0x000001b9c9be75b8: ; ImmutableOopMap {[128]=Oop [136]=Oop [192]=Oop }
                      ;*invokeinterface getSize {reexecute=0 rethrow=0 return_oop=0}
                      ; - com.sun.javafx.text.PrismTextLayout::shape@363 (line 891)
  0x000001b9c9be75b8: 5679 3407 

  0x000001b9c9be75bc: ;   {post_call_nop}
  0x000001b9c9be75bc: 0f1f 8400 | b416 0009 | c5fa 1184 | 24fc 0000 | 0048 8b84 | 24c0 0000 | 0048 3b00 

  0x000001b9c9be75d8: ;   {metadata(method data for {method} {0x000001b9e6c65e00} 'shape' '(Lcom/sun/javafx/text/TextRun;[CLcom/sun/javafx/text/GlyphLayout;)V' in 'com/sun/javafx/text/PrismTextLayout')}
  0x000001b9c9be75d8: 488b d048 | be00 0040 | e8b9 0100 | 008b 5208 | 41ba 0000 | 0022 4903 | d248 3b96 | 6008 0000 
  0x000001b9c9be75f8: 750d 4883 | 8668 0800 | 0001 e960 | 0000 0048 | 3b96 7008 | 0000 750d | 4883 8678 | 0800 0001 
  0x000001b9c9be7618: e94a 0000 | 0048 83be | 6008 0000 | 0075 1748 | 8996 6008 | 0000 48c7 | 8668 0800 | 0001 0000 
  0x000001b9c9be7638: 00e9 2900 | 0000 4883 | be70 0800 | 0000 7517 | 4889 9670 | 0800 0048 | c786 7808 | 0000 0100 
  0x000001b9c9be7658: 0000 e908 | 0000 0048 | 8386 5808 | 0000 0148 | 8bd0 6666 | 9048 b860 | 9bd3 eab9 

  0x000001b9c9be7674: ;   {virtual_call}
  0x000001b9c9be7674: 0100 00e8 

  0x000001b9c9be7678: ; ImmutableOopMap {[128]=Oop [136]=Oop [192]=Oop }
                      ;*invokeinterface getGlyphMapper {reexecute=0 rethrow=0 return_oop=0}
                      ; - com.sun.javafx.text.PrismTextLayout::shape@372 (line 892)
  0x000001b9c9be7678: 9679 f6ff 

  0x000001b9c9be767c: ;   {post_call_nop}
  0x000001b9c9be767c: 0f1f 8400 | 7417 000a | 4c8b d88b | 9c24 c800 

  0x000001b9c9be768c: ;   {metadata({type array int})}
  0x000001b9c9be768c: 0000 48ba | 5847 1822 | 0000 0000 | 4863 db48 | 8bfb 4881 | fbff ffff | 000f 87e1 | 0d00 00be 
  0x000001b9c9be76ac: 1700 0000 | 488d 349e | 4883 e6f8 | 498b 87c8 | 0100 0048 | 8d34 3049 | 3bb7 d801 | 0000 0f87 
  0x000001b9c9be76cc: bc0d 0000 | 4989 b7c8 | 0100 0048 | 2bf0 48c7 | 0001 0000 | 0048 8bca | 41ba 0000 | 0022 492b 
  0x000001b9c9be76ec: ca89 4808 | 8958 0c48 | 83ee 1048 | 85f6 0f84 | 1100 0000 | 4833 db48 | c1ee 0348 | 895c f008 
  0x000001b9c9be770c: 48ff ce75 | f648 8984 | 24d0 0000 | 0049 3b03 

  0x000001b9c9be771c: ;   {metadata(method data for {method} {0x000001b9e6c65e00} 'shape' '(Lcom/sun/javafx/text/TextRun;[CLcom/sun/javafx/text/GlyphLayout;)V' in 'com/sun/javafx/text/PrismTextLayout')}
  0x000001b9c9be771c: 4d8b c349 | b900 0040 | e8b9 0100 | 0045 8b40 | 0841 ba00 | 0000 224d | 03c2 4d3b | 8190 0800 
  0x000001b9c9be773c: 0075 0d49 | 8381 9808 | 0000 01e9 | 6000 0000 | 4d3b 81a0 | 0800 0075 | 0d49 8381 | a808 0000 
  0x000001b9c9be775c: 01e9 4a00 | 0000 4983 | b990 0800 | 0000 7517 | 4d89 8190 | 0800 0049 | c781 9808 | 0000 0100 
  0x000001b9c9be777c: 0000 e929 | 0000 0049 | 83b9 a008 | 0000 0075 | 174d 8981 | a008 0000 | 49c7 81a8 | 0800 0001 
  0x000001b9c9be779c: 0000 00e9 | 0800 0000 | 4983 8188 | 0800 0001 | 448b 8424 | cc00 0000 | 448b 8c24 | c800 0000 
  0x000001b9c9be77bc: 488b bc24 | 8800 0000 | 488b f049 | 8bd3 0f1f 

  0x000001b9c9be77cc: ;   {optimized virtual_call}
  0x000001b9c9be77cc: 4400 00e8 

  0x000001b9c9be77d0: ; ImmutableOopMap {[128]=Oop [192]=Oop [208]=Oop }
                      ;*invokevirtual charsToGlyphs {reexecute=0 rethrow=0 return_oop=0}
                      ; - com.sun.javafx.text.PrismTextLayout::shape@394 (line 896)
  0x000001b9c9be77d0: 7910 0000 

  0x000001b9c9be77d4: ;   {post_call_nop}
  0x000001b9c9be77d4: 0f1f 8400 | cc18 000b | 8bbc 24c8 | 0000 00ff | c7d1 e748 

  0x000001b9c9be77e8: ;   {metadata({type array float})}
  0x000001b9c9be77e8: 8bdf 48ba | 583f 1822 | 0000 0000 | 4863 db48 | 8bfb 4881 | fbff ffff | 000f 8794 | 0c00 00be 
  0x000001b9c9be7808: 1700 0000 | 488d 349e | 4883 e6f8 | 498b 87c8 | 0100 0048 | 8d34 3049 | 3bb7 d801 | 0000 0f87 
  0x000001b9c9be7828: 6f0c 0000 | 4989 b7c8 | 0100 0048 | 2bf0 48c7 | 0001 0000 | 0048 8bca | 41ba 0000 | 0022 492b 
  0x000001b9c9be7848: ca89 4808 | 8958 0c48 | 83ee 1048 | 85f6 0f84 | 1100 0000 | 4833 db48 | c1ee 0348 | 895c f008 
  0x000001b9c9be7868: 48ff ce75 | f648 8984 | 24e0 0000 | 00be 0000 

  0x000001b9c9be7878: ;   {section_word}
  0x000001b9c9be7878: 0000 c5fa | 100d aee7 | ffff e948 | 0100 0090 | 3b70 0c0f | 8314 0c00 | 004c 63c6 | 468b 4480 
  0x000001b9c9be7898: 1048 8bd3 

  0x000001b9c9be789c: ;   {metadata(method data for {method} {0x000001b9e6c65e00} 'shape' '(Lcom/sun/javafx/text/TextRun;[CLcom/sun/javafx/text/GlyphLayout;)V' in 'com/sun/javafx/text/PrismTextLayout')}
  0x000001b9c9be789c: 49b9 0000 | 40e8 b901 | 0000 8b52 | 0841 ba00 | 0000 2249 | 03d2 493b | 91e0 0800 | 0075 0d49 
  0x000001b9c9be78bc: 8381 e808 | 0000 01e9 | 6000 0000 | 493b 91f0 | 0800 0075 | 0d49 8381 | f808 0000 | 01e9 4a00 
  0x000001b9c9be78dc: 0000 4983 | b9e0 0800 | 0000 7517 | 4989 91e0 | 0800 0049 | c781 e808 | 0000 0100 | 0000 e929 
  0x000001b9c9be78fc: 0000 0049 | 83b9 f008 | 0000 0075 | 1749 8991 | f008 0000 | 49c7 81f8 | 0800 0001 | 0000 00e9 
  0x000001b9c9be791c: 0800 0000 | 4983 81d8 | 0800 0001 | c5f8 28d0 | c5f8 28c2 | 488b d389 | b424 d800 | 0000 6666 
  0x000001b9c9be793c: 9048 b888 | 9bd3 eab9 

  0x000001b9c9be7944: ;   {virtual_call}
  0x000001b9c9be7944: 0100 00e8 

  0x000001b9c9be7948: ; ImmutableOopMap {[128]=Oop [192]=Oop [208]=Oop [224]=Oop }
                      ;*invokeinterface getAdvance {reexecute=0 rethrow=0 return_oop=0}
                      ; - com.sun.javafx.text.PrismTextLayout::shape@429 (line 900)
  0x000001b9c9be7948: c6cb f6ff 

  0x000001b9c9be794c: ;   {post_call_nop}
  0x000001b9c9be794c: 0f1f 8400 | 441a 000c | 8bb4 24d8 | 0000 00d1 | e648 8b84 | 24e0 0000 | 003b 700c | 0f83 450b 
  0x000001b9c9be796c: 0000 4863 | f6c5 fa10 | 8c24 0001 | 0000 c5fa | 114c b010 | c5fa 58c1 | 8bb4 24d8 | 0000 00ff 
  0x000001b9c9be798c: ;   {metadata(method data for {method} {0x000001b9e6c65e00} 'shape' '(Lcom/sun/javafx/text/TextRun;[CLcom/sun/javafx/text/GlyphLayout;)V' in 'com/sun/javafx/text/PrismTextLayout')}
  0x000001b9c9be798c: c648 ba00 | 0040 e8b9 | 0100 008b | ba94 0000 | 0083 c702 | 89ba 9400 | 0000 81e7 | fe3f 0000 
  0x000001b9c9be79ac: 85ff 0f84 | 0d0b 0000 

  0x000001b9c9be79b4: ; ImmutableOopMap {rax=Oop [128]=Oop [192]=Oop [208]=Oop [224]=Oop }
                      ;*goto {reexecute=1 rethrow=0 return_oop=0}
                      ; - (reexecute) com.sun.javafx.text.PrismTextLayout::shape@455 (line 899)
  0x000001b9c9be79b4: 4d8b 5730 

  0x000001b9c9be79b8: ;   {poll}
  0x000001b9c9be79b8: 4185 0248 | ba00 0040 | e8b9 0100 | 00ff 8208 | 0900 00c5 | f828 c8c5 | fa11 8c24 | 0001 0000 
  0x000001b9c9be79d8: 488b 8424 | d000 0000 | c5fa 1084 | 24fc 0000 | 008b bc24 | c800 0000 | 488b 9c24 | c000 0000 
  0x000001b9c9be79f8: ;   {metadata(method data for {method} {0x000001b9e6c65e00} 'shape' '(Lcom/sun/javafx/text/TextRun;[CLcom/sun/javafx/text/GlyphLayout;)V' in 'com/sun/javafx/text/PrismTextLayout')}
  0x000001b9c9be79f8: 3bf7 49b8 | 0000 40e8 | b901 0000 | bab8 0800 | 007d 05ba | c808 0000 | 4d8b 0c10 | 4d8d 4901 
  0x000001b9c9be7a18: 4d89 0c10 | 0f8d ac05 | 0000 e961 | feff ff0f | be73 1c85 

  0x000001b9c9be7a2c: ;   {metadata(method data for {method} {0x000001b9e6c65e00} 'shape' '(Lcom/sun/javafx/text/TextRun;[CLcom/sun/javafx/text/GlyphLayout;)V' in 'com/sun/javafx/text/PrismTextLayout')}
  0x000001b9c9be7a2c: f648 be00 | 0040 e8b9 | 0100 00bf | 7809 0000 | 7405 bf68 | 0900 0048 | 8b1c 3e48 | 8d5b 0148 
  0x000001b9c9be7a4c: 891c 3e0f | 8415 0000 | 0044 8b84 | 24c8 0000 | 0048 8bbc | 2480 0000 | 00e9 7b04 | 0000 488b 
  0x000001b9c9be7a6c: bc24 b000 

  0x000001b9c9be7a70: ;   {metadata(method data for {method} {0x000001b9e6c65e00} 'shape' '(Lcom/sun/javafx/text/TextRun;[CLcom/sun/javafx/text/GlyphLayout;)V' in 'com/sun/javafx/text/PrismTextLayout')}
  0x000001b9c9be7a70: 0000 48bb | 0000 40e8 | b901 0000 | 8b7f 0841 | ba00 0000 | 2249 03fa | 483b bb90 | 0900 0075 
  0x000001b9c9be7a90: 0d48 8383 | 9809 0000 | 01e9 6000 | 0000 483b | bba0 0900 | 0075 0d48 | 8383 a809 | 0000 01e9 
  0x000001b9c9be7ab0: 4a00 0000 | 4883 bb90 | 0900 0000 | 7517 4889 | bb90 0900 | 0048 c783 | 9809 0000 | 0100 0000 
  0x000001b9c9be7ad0: e929 0000 | 0048 83bb | a009 0000 | 0075 1748 | 89bb a009 | 0000 48c7 | 83a8 0900 | 0001 0000 
  0x000001b9c9be7af0: 00e9 0800 | 0000 4883 | 8388 0900 | 0001 488b | 9424 b000 | 0000 0f1f | 8000 0000 | 0048 b8b0 
  0x000001b9c9be7b10: 9bd3 eab9 

  0x000001b9c9be7b14: ;   {virtual_call}
  0x000001b9c9be7b14: 0100 00e8 

  0x000001b9c9be7b18: ; ImmutableOopMap {[120]=Oop [128]=Oop [136]=Oop [192]=Oop }
                      ;*invokeinterface getSize {reexecute=0 rethrow=0 return_oop=0}
                      ; - com.sun.javafx.text.PrismTextLayout::shape@493 (line 912)
  0x000001b9c9be7b18: f673 3407 

  0x000001b9c9be7b1c: ;   {post_call_nop}
  0x000001b9c9be7b1c: 0f1f 8400 | 141c 000e | c5fa 1184 | 2404 0100 | 0048 8b84 | 24c0 0000 | 0048 3b00 

  0x000001b9c9be7b38: ;   {metadata(method data for {method} {0x000001b9e6c65e00} 'shape' '(Lcom/sun/javafx/text/TextRun;[CLcom/sun/javafx/text/GlyphLayout;)V' in 'com/sun/javafx/text/PrismTextLayout')}
  0x000001b9c9be7b38: 488b d048 | be00 0040 | e8b9 0100 | 008b 5208 | 41ba 0000 | 0022 4903 | d248 3b96 | c009 0000 
  0x000001b9c9be7b58: 750d 4883 | 86c8 0900 | 0001 e960 | 0000 0048 | 3b96 d009 | 0000 750d | 4883 86d8 | 0900 0001 
  0x000001b9c9be7b78: e94a 0000 | 0048 83be | c009 0000 | 0075 1748 | 8996 c009 | 0000 48c7 | 86c8 0900 | 0001 0000 
  0x000001b9c9be7b98: 00e9 2900 | 0000 4883 | bed0 0900 | 0000 7517 | 4889 96d0 | 0900 0048 | c786 d809 | 0000 0100 
  0x000001b9c9be7bb8: 0000 e908 | 0000 0048 | 8386 b809 | 0000 0148 | 8bd0 6666 | 9048 b8d8 | 9bd3 eab9 

  0x000001b9c9be7bd4: ;   {virtual_call}
  0x000001b9c9be7bd4: 0100 00e8 

  0x000001b9c9be7bd8: ; ImmutableOopMap {[120]=Oop [128]=Oop [136]=Oop [192]=Oop }
                      ;*invokeinterface getGlyphMapper {reexecute=0 rethrow=0 return_oop=0}
                      ; - com.sun.javafx.text.PrismTextLayout::shape@502 (line 913)
  0x000001b9c9be7bd8: 3674 f6ff 

  0x000001b9c9be7bdc: ;   {post_call_nop}
  0x000001b9c9be7bdc: 0f1f 8400 | d41c 000f | 488b 5424 | 7844 8b42 | 4c49 c1e0 | 0341 8b70 | 2048 c1e6 | 0348 3b00 
  0x000001b9c9be7bfc: ;   {metadata(method data for {method} {0x000001b9e6c65e00} 'shape' '(Lcom/sun/javafx/text/TextRun;[CLcom/sun/javafx/text/GlyphLayout;)V' in 'com/sun/javafx/text/PrismTextLayout')}
  0x000001b9c9be7bfc: 4c8b c049 | b900 0040 | e8b9 0100 | 0045 8b40 | 0841 ba00 | 0000 224d | 03c2 4d3b | 81f0 0900 
  0x000001b9c9be7c1c: 0075 0d49 | 8381 f809 | 0000 01e9 | 6000 0000 | 4d3b 8100 | 0a00 0075 | 0d49 8381 | 080a 0000 
  0x000001b9c9be7c3c: 01e9 4a00 | 0000 4983 | b9f0 0900 | 0000 7517 | 4d89 81f0 | 0900 0049 | c781 f809 | 0000 0100 
  0x000001b9c9be7c5c: 0000 e929 | 0000 0049 | 83b9 000a | 0000 0075 | 174d 8981 | 000a 0000 | 49c7 8108 | 0a00 0001 
  0x000001b9c9be7c7c: 0000 00e9 | 0800 0000 | 4983 81e8 | 0900 0001 | 448b 8424 | cc00 0000 | 448b 8c24 | c800 0000 
  0x000001b9c9be7c9c: 488b bc24 | 8800 0000 | 8b8c 24cc | 0000 0048 

  0x000001b9c9be7cac: ;   {optimized virtual_call}
  0x000001b9c9be7cac: 8bd0 90e8 

  0x000001b9c9be7cb0: ; ImmutableOopMap {[120]=Oop [128]=Oop [192]=Oop }
                      ;*invokevirtual charsToGlyphs {reexecute=0 rethrow=0 return_oop=0}
                      ; - com.sun.javafx.text.PrismTextLayout::shape@525 (line 914)
  0x000001b9c9be7cb0: d90b 0000 

  0x000001b9c9be7cb4: ;   {post_call_nop}
  0x000001b9c9be7cb4: 0f1f 8400 | ac1d 0010 | 8bb4 24cc | 0000 0003 | b424 c800 | 0000 89b4 | 24e8 0000 | 008b bc24 
  0x000001b9c9be7cd4: cc00 0000 

  0x000001b9c9be7cd8: ;   {section_word}
  0x000001b9c9be7cd8: c5fa 100d | 54e3 ffff | c5fa 118c | 2408 0100 | 00c5 fa10 | 8424 0401 | 0000 488b | 8424 c000 
  0x000001b9c9be7cf8: 0000 488b | 5424 78e9 | 8401 0000 | 0f1f 4000 | 448b 424c | 49c1 e003 

  0x000001b9c9be7d10: ; implicit exception: dispatches to 0x000001b9c9be84f6
  0x000001b9c9be7d10: 458b 4020 | 49c1 e003 

  0x000001b9c9be7d18: ; implicit exception: dispatches to 0x000001b9c9be84fb
  0x000001b9c9be7d18: 413b 780c | 0f83 e307 | 0000 4863 | df45 8b44 | 9810 488b 

  0x000001b9c9be7d2c: ;   {metadata(method data for {method} {0x000001b9e6c65e00} 'shape' '(Lcom/sun/javafx/text/TextRun;[CLcom/sun/javafx/text/GlyphLayout;)V' in 'com/sun/javafx/text/PrismTextLayout')}
  0x000001b9c9be7d2c: d848 b900 | 0040 e8b9 | 0100 008b | 5b08 41ba | 0000 0022 | 4903 da48 | 3b99 400a | 0000 750d 
  0x000001b9c9be7d4c: 4883 8148 | 0a00 0001 | e960 0000 | 0048 3b99 | 500a 0000 | 750d 4883 | 8158 0a00 | 0001 e94a 
  0x000001b9c9be7d6c: 0000 0048 | 83b9 400a | 0000 0075 | 1748 8999 | 400a 0000 | 48c7 8148 | 0a00 0001 | 0000 00e9 
  0x000001b9c9be7d8c: 2900 0000 | 4883 b950 | 0a00 0000 | 7517 4889 | 9950 0a00 | 0048 c781 | 580a 0000 | 0100 0000 
  0x000001b9c9be7dac: e908 0000 | 0048 8381 | 380a 0000 | 01c5 f828 | d0c5 f828 | c248 8bd0 | 89bc 24dc | 0000 0066 
  0x000001b9c9be7dcc: 9048 b800 | 9cd3 eab9 

  0x000001b9c9be7dd4: ;   {virtual_call}
  0x000001b9c9be7dd4: 0100 00e8 

  0x000001b9c9be7dd8: ; ImmutableOopMap {[120]=Oop [128]=Oop [192]=Oop }
                      ;*invokeinterface getAdvance {reexecute=0 rethrow=0 return_oop=0}
                      ; - com.sun.javafx.text.PrismTextLayout::shape@563 (line 918)
  0x000001b9c9be7dd8: 36c7 f6ff 

  0x000001b9c9be7ddc: ;   {post_call_nop}
  0x000001b9c9be7ddc: 0f1f 8400 | d41e 0011 | 488b 5424 | 7844 8b42 | 4c49 c1e0 | 0345 8b40 | 2449 c1e0 | 038b bc24 
  0x000001b9c9be7dfc: dc00 0000 

  0x000001b9c9be7e00: ; implicit exception: dispatches to 0x000001b9c9be8518
  0x000001b9c9be7e00: 413b 780c | 0f83 1807 | 0000 4c63 | cfc4 817a | 1144 8810 | c5fa 5884 | 2408 0100 

  0x000001b9c9be7e1c: ;   {metadata(method data for {method} {0x000001b9e6c65e00} 'shape' '(Lcom/sun/javafx/text/TextRun;[CLcom/sun/javafx/text/GlyphLayout;)V' in 'com/sun/javafx/text/PrismTextLayout')}
  0x000001b9c9be7e1c: 00ff c749 | b800 0040 | e8b9 0100 | 0045 8b88 | 9400 0000 | 4183 c102 | 4589 8894 | 0000 0041 
  0x000001b9c9be7e3c: 81e1 fe3f | 0000 4585 | c90f 84e5 | 0600 004d 

  0x000001b9c9be7e4c: ; ImmutableOopMap {rdx=Oop [120]=Oop [128]=Oop [192]=Oop }
                      ;*goto {reexecute=1 rethrow=0 return_oop=0}
                      ; - (reexecute) com.sun.javafx.text.PrismTextLayout::shape@592 (line 917)
                      ;   {poll}
  0x000001b9c9be7e4c: 8b57 3041 

  0x000001b9c9be7e50: ;   {metadata(method data for {method} {0x000001b9e6c65e00} 'shape' '(Lcom/sun/javafx/text/TextRun;[CLcom/sun/javafx/text/GlyphLayout;)V' in 'com/sun/javafx/text/PrismTextLayout')}
  0x000001b9c9be7e50: 8502 49b8 | 0000 40e8 | b901 0000 | 41ff 8068 | 0a00 00c5 | f828 c8c5 | fa11 8c24 | 0801 0000 
  0x000001b9c9be7e70: 8bb4 24e8 | 0000 00c5 | fa10 8424 | 0401 0000 | 488b 8424 | c000 0000 

  0x000001b9c9be7e88: ;   {metadata(method data for {method} {0x000001b9e6c65e00} 'shape' '(Lcom/sun/javafx/text/TextRun;[CLcom/sun/javafx/text/GlyphLayout;)V' in 'com/sun/javafx/text/PrismTextLayout')}
  0x000001b9c9be7e88: 3bfe 49b8 | 0000 40e8 | b901 0000 | bb28 0a00 | 007c 05bb | 180a 0000 | 498b 0c18 | 488d 4901 
  0x000001b9c9be7ea8: 4989 0c18 | 0f8c 56fe | ffff c5fa | 108c 2408 | 0100 0048 | 8bbc 2480 | 0000 004c 

  0x000001b9c9be7ec4: ;   {metadata(method data for {method} {0x000001b9e6c65e00} 'shape' '(Lcom/sun/javafx/text/TextRun;[CLcom/sun/javafx/text/GlyphLayout;)V' in 'com/sun/javafx/text/PrismTextLayout')}
  0x000001b9c9be7ec4: 8bc7 49b9 | 0000 40e8 | b901 0000 | 4983 8190 | 0a00 0001 | c5fa 114f | 1844 8b84 | 24c8 0000 
  0x000001b9c9be7ee4: 0044 8b4a | 4c49 c1e1 | 0341 8b71 | 2048 c1e6 | 0345 8b49 | 2449 c1e1 | 0348 8bd7 

  0x000001b9c9be7f00: ;   {metadata(method data for {method} {0x000001b9e6c65e00} 'shape' '(Lcom/sun/javafx/text/TextRun;[CLcom/sun/javafx/text/GlyphLayout;)V' in 'com/sun/javafx/text/PrismTextLayout')}
  0x000001b9c9be7f00: 48bb 0000 | 40e8 b901 | 0000 4883 | 83c0 0a00 

  0x000001b9c9be7f10: ;   {metadata(method data for {method} {0x000001b9e7048bb0} 'shape' '(I[I[F)V' in 'com/sun/javafx/text/TextRun')}
  0x000001b9c9be7f10: 0001 48ba | c043 82e8 | b901 0000 | 8b9a 9000 | 0000 83c3 | 0289 9a90 | 0000 0081 | e3fe ff1f 
  0x000001b9c9be7f30: 0085 db0f | 841d 0600 | 0044 8947 | 0c45 0fbe | 4748 4585 | c00f 852c | 0600 004c | 8bd6 49c1 
  0x000001b9c9be7f50: ea03 4489 | 5740 4c8b | c74c 33c6 | 49c1 e816 | 4983 f800 | 0f85 2d06 | 0000 450f | be47 4845 
  0x000001b9c9be7f70: 85c0 0f85 | 3706 0000 | 4d8b d149 | c1ea 0344 | 8957 444c | 8bc7 4d33 | c149 c1e8 | 1649 83f8 
  0x000001b9c9be7f90: 000f 8538 | 0600 0045 | 0fbe 4748 | 4585 c00f | 8542 0600 | 00c7 4748 | 0000 0000 | 448b 472c 
  0x000001b9c9be7fb0: 4181 c800 | 1000 0044 | 8947 2c48 | 81c4 2001 

  0x000001b9c9be7fc0: ;   {poll_return}
  0x000001b9c9be7fc0: 0000 5d49 | 3b67 280f | 873a 0600 | 00c3 c5fa | 108c 2400 | 0100 004c | 8bc8 4c8b | c748 8bbc 
  0x000001b9c9be7fe0: 2480 0000 | 0048 8b84 | 24e0 0000 | 0049 8bf0 | d1e6 3b70 | 0c0f 8322 | 0600 0048 | 63f6 c5fa 
  0x000001b9c9be8000: 114c b010 

  0x000001b9c9be8004: ;   {metadata(method data for {method} {0x000001b9e6c65e00} 'shape' '(Lcom/sun/javafx/text/TextRun;[CLcom/sun/javafx/text/GlyphLayout;)V' in 'com/sun/javafx/text/PrismTextLayout')}
  0x000001b9c9be8004: 488b f748 | ba00 0040 | e8b9 0100 

  0x000001b9c9be8010: ;   {metadata('com/sun/javafx/text/TextRun')}
  0x000001b9c9be8010: 0049 ba00 | 4b30 2300 | 0000 004c | 8992 2809 | 0000 4883 | 8230 0900 

  0x000001b9c9be8028: ;   {metadata(method data for {method} {0x000001b9e7048af0} 'shape' '(I[I[F[I)V' in 'com/sun/javafx/text/TextRun')}
  0x000001b9c9be8028: 0001 48be | 483e 82e8 | b901 0000 | 8b96 9000 | 0000 83c2 | 0289 9690 | 0000 0081 | e2fe ff1f 
  0x000001b9c9be8048: 0085 d20f | 84da 0500 | 0044 8947 | 0c45 0fbe | 4748 4585 | c00f 85e9 | 0500 004d | 8bd1 49c1 
  0x000001b9c9be8068: ea03 4489 | 5740 4c8b | c74d 33c1 | 49c1 e816 | 4983 f800 | 0f85 ea05 | 0000 450f | be47 4845 
  0x000001b9c9be8088: 85c0 0f85 | f405 0000 | 4c8b d049 | c1ea 0344 | 8957 444c | 8bc7 4c33 | c049 c1e8 | 1649 83f8 
  0x000001b9c9be80a8: 000f 85f5 | 0500 0045 | 0fbe 4748 | 4585 c00f | 85ff 0500 | 00c7 4748 | 0000 0000 

  0x000001b9c9be80c4: ;   {metadata(method data for {method} {0x000001b9e6c65e00} 'shape' '(Lcom/sun/javafx/text/TextRun;[CLcom/sun/javafx/text/GlyphLayout;)V' in 'com/sun/javafx/text/PrismTextLayout')}
  0x000001b9c9be80c4: 49b8 0000 | 40e8 b901 | 0000 41ff | 8050 0900 | 0048 81c4 | 2001 0000 

  0x000001b9c9be80dc: ;   {poll_return}
  0x000001b9c9be80dc: 5d49 3b67 | 280f 87f5 | 0500 00c3 | 488b b424 | a800 0000 | 488b 8424 | b000 0000 | 488b 9424 
  0x000001b9c9be80fc: 9000 0000 | 488b 9c24 | 8800 0000 | 498b f848 | 3b02 4c8b 

  0x000001b9c9be8110: ;   {metadata(method data for {method} {0x000001b9e6c65e00} 'shape' '(Lcom/sun/javafx/text/TextRun;[CLcom/sun/javafx/text/GlyphLayout;)V' in 'com/sun/javafx/text/PrismTextLayout')}
  0x000001b9c9be8110: c249 b900 | 0040 e8b9 

  0x000001b9c9be8118: ;   {metadata('com/sun/javafx/font/directwrite/DWGlyphLayout')}
  0x000001b9c9be8118: 0100 0049 | ba10 cb0f | 2300 0000 | 004d 8991 | 3807 0000 | 4983 8140 | 0700 0001 | 4c8b c74c 
  0x000001b9c9be8138: 8bce 488b | f848 8bf3 | 0f1f 8000 

  0x000001b9c9be8144: ;   {optimized virtual_call}
  0x000001b9c9be8144: 0000 00e8 

  0x000001b9c9be8148: ; ImmutableOopMap {}
                      ;*invokevirtual layout {reexecute=0 rethrow=0 return_oop=0}
                      ; - com.sun.javafx.text.PrismTextLayout::shape@327 (line 883)
  0x000001b9c9be8148: 6107 0000 

  0x000001b9c9be814c: ;   {post_call_nop}
  0x000001b9c9be814c: 0f1f 8400 | 4422 0013 

  0x000001b9c9be8154: ;   {metadata(method data for {method} {0x000001b9e6c65e00} 'shape' '(Lcom/sun/javafx/text/TextRun;[CLcom/sun/javafx/text/GlyphLayout;)V' in 'com/sun/javafx/text/PrismTextLayout')}
  0x000001b9c9be8154: 48b9 0000 | 40e8 b901 | 0000 ff81 | 6007 0000 | 4881 c420 | 0100 005d 

  0x000001b9c9be816c: ;   {poll_return}
  0x000001b9c9be816c: 493b 6728 | 0f87 8105 | 0000 c348 | 81c4 2001 

  0x000001b9c9be817c: ;   {poll_return}
  0x000001b9c9be817c: 0000 5d49 | 3b67 280f | 8784 0500 | 00c3 4881 | c420 0100 

  0x000001b9c9be8190: ;   {poll_return}
  0x000001b9c9be8190: 005d 493b | 6728 0f87 | 8705 0000 | c348 81c4 | 2001 0000 

  0x000001b9c9be81a4: ;   {poll_return}
  0x000001b9c9be81a4: 5d49 3b67 | 280f 878a | 0500 00c3 | 498b c8d3 | fe48 8b84 | 2498 0000 | 004c 8bc7 

  0x000001b9c9be81c0: ;   {metadata(method data for {method} {0x000001b9e6c65e00} 'shape' '(Lcom/sun/javafx/text/TextRun;[CLcom/sun/javafx/text/GlyphLayout;)V' in 'com/sun/javafx/text/PrismTextLayout')}
  0x000001b9c9be81c0: 49b9 0000 | 40e8 b901 

  0x000001b9c9be81c8: ;   {metadata('com/sun/javafx/text/TextRun')}
  0x000001b9c9be81c8: 0000 49ba | 004b 3023 | 0000 0000 | 4d89 9160 | 0200 0049 | 8381 6802 | 0000 014c | 8bc0 4c8b 
  0x000001b9c9be81e8: ce48 8bd7 

  0x000001b9c9be81ec: ;   {optimized virtual_call}
  0x000001b9c9be81ec: 6666 90e8 

  0x000001b9c9be81f0: ; ImmutableOopMap {}
                      ;*invokevirtual setEmbedded {reexecute=0 rethrow=0 return_oop=0}
                      ; - com.sun.javafx.text.PrismTextLayout::shape@61 (line 835)
  0x000001b9c9be81f0: ec6f ae06 

  0x000001b9c9be81f4: ;   {post_call_nop}
  0x000001b9c9be81f4: 0f1f 8400 | ec22 0014 | 4881 c420 | 0100 005d 

  0x000001b9c9be8204: ;   {poll_return}
  0x000001b9c9be8204: 493b 6728 | 0f87 4105 | 0000 c348 | 81c4 2001 

  0x000001b9c9be8214: ;   {poll_return}
  0x000001b9c9be8214: 0000 5d49 | 3b67 280f | 8744 0500 

  0x000001b9c9be8220: ;   {metadata({method} {0x000001b9e6c65e00} 'shape' '(Lcom/sun/javafx/text/TextRun;[CLcom/sun/javafx/text/GlyphLayout;)V' in 'com/sun/javafx/text/PrismTextLayout')}
  0x000001b9c9be8220: 00c3 49ba | f85d c6e6 | b901 0000 | 4c89 5424 | 0848 c704 | 24ff ffff 

  0x000001b9c9be8238: ;   {runtime_call C1 Runtime counter_overflow_blob}
  0x000001b9c9be8238: ffe8 a25b 

  0x000001b9c9be823c: ; ImmutableOopMap {rdx=Oop r8=Oop r9=Oop rdi=Oop [120]=Oop [128]=Oop }
                      ;*synchronization entry
                      ; - com.sun.javafx.text.PrismTextLayout::shape@-1 (line 829)
  0x000001b9c9be823c: bc06 e970 

  0x000001b9c9be8240: ;   {runtime_call C1 Runtime throw_null_pointer_exception_blob}
  0x000001b9c9be8240: deff ffe8 

  0x000001b9c9be8244: ; ImmutableOopMap {rdx=Oop r8=Oop r9=Oop rdi=Oop [120]=Oop [128]=Oop }
                      ;*arraylength {reexecute=0 rethrow=0 return_oop=0}
                      ; - com.sun.javafx.text.PrismTextLayout::shape@11 (line 830)
  0x000001b9c9be8244: 18fa bb06 

  0x000001b9c9be8248: ;   {runtime_call C1 Runtime throw_null_pointer_exception_blob}
  0x000001b9c9be8248: e813 fabb 

  0x000001b9c9be824c: ; ImmutableOopMap {r8=Oop [120]=Oop [128]=Oop [136]=Oop [144]=Oop }
                      ;*invokevirtual getTextSpan {reexecute=0 rethrow=0 return_oop=0}
                      ; - com.sun.javafx.text.PrismTextLayout::shape@17 (line 831)
                      ;   {runtime_call C1 Runtime throw_null_pointer_exception_blob}
  0x000001b9c9be824c: 06e8 0efa 

  0x000001b9c9be8250: ; ImmutableOopMap {r8=Oop rsi=Oop [112]=Oop [120]=Oop [128]=Oop [136]=Oop [144]=Oop }
                      ;*invokeinterface getFont {reexecute=0 rethrow=0 return_oop=0}
                      ; - com.sun.javafx.text.PrismTextLayout::shape@24 (line 832)
  0x000001b9c9be8250: bb06 4889 

  0x000001b9c9be8254: ;   {runtime_call C1 Runtime throw_class_cast_exception_blob}
  0x000001b9c9be8254: 0424 e805 

  0x000001b9c9be8258: ; ImmutableOopMap {[112]=Oop [120]=Oop [128]=Oop [136]=Oop [144]=Oop }
                      ;*checkcast {reexecute=0 rethrow=0 return_oop=0}
                      ; - com.sun.javafx.text.PrismTextLayout::shape@29 (line 832)
                      ;   {runtime_call C1 Runtime throw_null_pointer_exception_blob}
  0x000001b9c9be8258: 22bc 06e8 

  0x000001b9c9be825c: ; ImmutableOopMap {rax=Oop [128]=Oop [152]=Oop }
                      ;*invokevirtual length {reexecute=0 rethrow=0 return_oop=0}
                      ; - com.sun.javafx.text.PrismTextLayout::shape@58 (line 835)
  0x000001b9c9be825c: 00fa bb06 

  0x000001b9c9be8260: ;   {metadata({method} {0x0000000022187d60} 'length' '()I' in 'java/lang/String')}
  0x000001b9c9be8260: 49ba 587d | 1822 0000 | 0000 4c89 | 5424 0848 | c704 24ff 

  0x000001b9c9be8274: ;   {runtime_call C1 Runtime counter_overflow_blob}
  0x000001b9c9be8274: ffff ffe8 

  0x000001b9c9be8278: ; ImmutableOopMap {rax=Oop [128]=Oop [152]=Oop }
                      ;*synchronization entry
                      ; - java.lang.String::length@-1 (line 1583)
                      ; - com.sun.javafx.text.PrismTextLayout::shape@58 (line 835)
  0x000001b9c9be8278: 645b bc06 | e99f e2ff 

  0x000001b9c9be8280: ;   {runtime_call C1 Runtime throw_null_pointer_exception_blob}
  0x000001b9c9be8280: ffe8 daf9 

  0x000001b9c9be8284: ; ImmutableOopMap {rax=Oop [128]=Oop [152]=Oop }
                      ;*arraylength {reexecute=0 rethrow=0 return_oop=0}
                      ; - java.lang.String::length@4 (line 1583)
                      ; - com.sun.javafx.text.PrismTextLayout::shape@58 (line 835)
                      ;   {metadata({method} {0x00000000224adaf8} 'coder' '()B' in 'java/lang/String')}
  0x000001b9c9be8284: bb06 49ba | f0da 4a22 | 0000 0000 | 4c89 5424 | 0848 c704 | 24ff ffff 

  0x000001b9c9be829c: ;   {runtime_call C1 Runtime counter_overflow_blob}
  0x000001b9c9be829c: ffe8 3e5b 

  0x000001b9c9be82a0: ; ImmutableOopMap {rax=Oop [128]=Oop [152]=Oop }
                      ;*synchronization entry
                      ; - java.lang.String::coder@-1 (line 4885)
                      ; - java.lang.String::length@6 (line 1583)
                      ; - com.sun.javafx.text.PrismTextLayout::shape@58 (line 835)
  0x000001b9c9be82a0: bc06 e93e 

  0x000001b9c9be82a4: ;   {runtime_call C1 Runtime throw_incompatible_class_change_error_blob}
  0x000001b9c9be82a4: e3ff ffe8 

  0x000001b9c9be82a8: ; ImmutableOopMap {rsi=Oop [120]=Oop [128]=Oop [136]=Oop [144]=Oop }
                      ;*invokeinterface getStrike {reexecute=0 rethrow=0 return_oop=0}
                      ; - com.sun.javafx.text.PrismTextLayout::shape@70 (line 838)
  0x000001b9c9be82a8: b424 bc06 

  0x000001b9c9be82ac: ;   {runtime_call C1 Runtime throw_null_pointer_exception_blob}
  0x000001b9c9be82ac: e8af f9bb 

  0x000001b9c9be82b0: ; ImmutableOopMap {rsi=Oop [120]=Oop [128]=Oop [136]=Oop [144]=Oop }
                      ;*invokeinterface getStrike {reexecute=0 rethrow=0 return_oop=0}
                      ; - com.sun.javafx.text.PrismTextLayout::shape@70 (line 838)
                      ;   {metadata({method} {0x000001b9e6853bc0} 'getStrike' '(Lcom/sun/javafx/geom/transform/BaseTransform;)Lcom/sun/javafx/font/FontStrike;' in 'com/sun/javafx/font/PrismFont')}
  0x000001b9c9be82b0: 0649 bab8 | 3b85 e6b9 | 0100 004c | 8954 2408 | 48c7 0424 | ffff ffff 

  0x000001b9c9be82c8: ;   {runtime_call C1 Runtime counter_overflow_blob}
  0x000001b9c9be82c8: e813 5bbc 

  0x000001b9c9be82cc: ; ImmutableOopMap {rsi=Oop [120]=Oop [128]=Oop [136]=Oop [144]=Oop }
                      ;*synchronization entry
                      ; - com.sun.javafx.font.PrismFont::getStrike@-1 (line 79)
                      ; - com.sun.javafx.text.PrismTextLayout::shape@70 (line 838)
  0x000001b9c9be82cc: 06e9 c0e3 

  0x000001b9c9be82d0: ;   {runtime_call C1 Runtime throw_null_pointer_exception_blob}
  0x000001b9c9be82d0: ffff e889 

  0x000001b9c9be82d4: ; ImmutableOopMap {rsi=Oop rdx=Oop [120]=Oop [128]=Oop [136]=Oop [144]=Oop }
                      ;*invokeinterface getStrike {reexecute=0 rethrow=0 return_oop=0}
                      ; - com.sun.javafx.font.PrismFont::getStrike@9 (line 79)
                      ; - com.sun.javafx.text.PrismTextLayout::shape@70 (line 838)
                      ;   {runtime_call C1 Runtime throw_null_pointer_exception_blob}
  0x000001b9c9be82d4: f9bb 06e8 

  0x000001b9c9be82d8: ; ImmutableOopMap {rdx=Oop rsi=Oop rax=Oop r8=Oop [120]=Oop [128]=Oop [136]=Oop [144]=Oop }
                      ;*invokevirtual getAscent {reexecute=0 rethrow=0 return_oop=0}
                      ; - com.sun.javafx.text.PrismTextLayout::shape@93 (line 845)
  0x000001b9c9be82d8: 84f9 bb06 

  0x000001b9c9be82dc: ;   {runtime_call C1 Runtime throw_null_pointer_exception_blob}
  0x000001b9c9be82dc: e87f f9bb 

  0x000001b9c9be82e0: ; ImmutableOopMap {rax=Oop [120]=Oop [128]=Oop [136]=Oop [144]=Oop [168]=Oop }
                      ;*invokeinterface getMetrics {reexecute=0 rethrow=0 return_oop=0}
                      ; - com.sun.javafx.text.PrismTextLayout::shape@103 (line 846)
                      ;   {runtime_call C1 Runtime throw_incompatible_class_change_error_blob}
  0x000001b9c9be82e0: 06e8 7a24 

  0x000001b9c9be82e4: ; ImmutableOopMap {rax=Oop rsi=Oop [120]=Oop [128]=Oop [136]=Oop [144]=Oop [176]=Oop [184]=Oop }
                      ;*invokeinterface getAscent {reexecute=0 rethrow=0 return_oop=0}
                      ; - com.sun.javafx.text.PrismTextLayout::shape@126 (line 853)
                      ;   {runtime_call C1 Runtime throw_null_pointer_exception_blob}
  0x000001b9c9be82e4: bc06 e875 

  0x000001b9c9be82e8: ; ImmutableOopMap {rax=Oop rsi=Oop [120]=Oop [128]=Oop [136]=Oop [144]=Oop [176]=Oop [184]=Oop }
                      ;*invokeinterface getAscent {reexecute=0 rethrow=0 return_oop=0}
                      ; - com.sun.javafx.text.PrismTextLayout::shape@126 (line 853)
                      ;   {runtime_call C1 Runtime throw_incompatible_class_change_error_blob}
  0x000001b9c9be82e8: f9bb 06e8 

  0x000001b9c9be82ec: ; ImmutableOopMap {rax=Oop rsi=Oop [120]=Oop [128]=Oop [136]=Oop [144]=Oop [176]=Oop [184]=Oop }
                      ;*invokeinterface getFamilyName {reexecute=0 rethrow=0 return_oop=0}
                      ; - com.sun.javafx.text.PrismTextLayout::shape@135 (line 859)
  0x000001b9c9be82ec: 7024 bc06 

  0x000001b9c9be82f0: ;   {runtime_call C1 Runtime throw_null_pointer_exception_blob}
  0x000001b9c9be82f0: e86b f9bb 

  0x000001b9c9be82f4: ; ImmutableOopMap {rax=Oop rsi=Oop [120]=Oop [128]=Oop [136]=Oop [144]=Oop [176]=Oop [184]=Oop }
                      ;*invokeinterface getFamilyName {reexecute=0 rethrow=0 return_oop=0}
                      ; - com.sun.javafx.text.PrismTextLayout::shape@135 (line 859)
                      ;   {metadata({method} {0x000001b9e6853898} 'getFamilyName' '()Ljava/lang/String;' in 'com/sun/javafx/font/PrismFont')}
  0x000001b9c9be82f4: 0649 ba90 | 3885 e6b9 | 0100 004c | 8954 2408 | 48c7 0424 | ffff ffff 

  0x000001b9c9be830c: ;   {runtime_call C1 Runtime counter_overflow_blob}
  0x000001b9c9be830c: e8cf 5abc 

  0x000001b9c9be8310: ; ImmutableOopMap {rax=Oop rsi=Oop [120]=Oop [128]=Oop [136]=Oop [144]=Oop [176]=Oop [184]=Oop }
                      ;*synchronization entry
                      ; - com.sun.javafx.font.PrismFont::getFamilyName@-1 (line 51)
                      ; - com.sun.javafx.text.PrismTextLayout::shape@135 (line 859)
  0x000001b9c9be8310: 06e9 e0e6 

  0x000001b9c9be8314: ;   {runtime_call C1 Runtime throw_null_pointer_exception_blob}
  0x000001b9c9be8314: ffff e845 

  0x000001b9c9be8318: ; ImmutableOopMap {rax=Oop rsi=Oop rdi=Oop [120]=Oop [128]=Oop [136]=Oop [144]=Oop [176]=Oop [184]=Oop }
                      ;*invokeinterface getFamilyName {reexecute=0 rethrow=0 return_oop=0}
                      ; - com.sun.javafx.font.PrismFont::getFamilyName@4 (line 51)
                      ; - com.sun.javafx.text.PrismTextLayout::shape@135 (line 859)
                      ;   {runtime_call C1 Runtime throw_null_pointer_exception_blob}
  0x000001b9c9be8318: f9bb 06e8 

  0x000001b9c9be831c: ; ImmutableOopMap {rax=Oop [120]=Oop [128]=Oop [136]=Oop [144]=Oop [168]=Oop [176]=Oop [184]=Oop }
                      ;*invokevirtual equals {reexecute=0 rethrow=0 return_oop=0}
                      ; - com.sun.javafx.text.PrismTextLayout::shape@143 (line 859)
  0x000001b9c9be831c: 40f9 bb06 

  0x000001b9c9be8320: ;   {runtime_call C1 Runtime throw_incompatible_class_change_error_blob}
  0x000001b9c9be8320: e83b 24bc 

  0x000001b9c9be8324: ; ImmutableOopMap {rax=Oop [120]=Oop [128]=Oop [136]=Oop [144]=Oop [168]=Oop [176]=Oop [184]=Oop }
                      ;*invokeinterface getDescent {reexecute=0 rethrow=0 return_oop=0}
                      ; - com.sun.javafx.text.PrismTextLayout::shape@172 (line 863)
                      ;   {runtime_call C1 Runtime throw_incompatible_class_change_error_blob}
  0x000001b9c9be8324: 06e8 3624 

  0x000001b9c9be8328: ; ImmutableOopMap {rax=Oop [120]=Oop [128]=Oop [136]=Oop [144]=Oop [168]=Oop [176]=Oop [184]=Oop }
                      ;*invokeinterface getLineGap {reexecute=0 rethrow=0 return_oop=0}
                      ; - com.sun.javafx.text.PrismTextLayout::shape@188 (line 864)
                      ;   {runtime_call C1 Runtime throw_incompatible_class_change_error_blob}
  0x000001b9c9be8328: bc06 e831 

  0x000001b9c9be832c: ; ImmutableOopMap {rax=Oop [120]=Oop [128]=Oop [136]=Oop [144]=Oop [168]=Oop [176]=Oop [184]=Oop }
                      ;*invokeinterface getCapHeight {reexecute=0 rethrow=0 return_oop=0}
                      ; - com.sun.javafx.text.PrismTextLayout::shape@204 (line 865)
                      ;   {metadata({method} {0x000001b9e7050ac8} 'getCapHeight' '()F' in 'com/sun/javafx/font/PrismMetrics')}
  0x000001b9c9be832c: 24bc 0649 | bac0 0a05 | e7b9 0100 | 004c 8954 | 2408 48c7 | 0424 ffff 

  0x000001b9c9be8344: ;   {runtime_call C1 Runtime counter_overflow_blob}
  0x000001b9c9be8344: ffff e895 

  0x000001b9c9be8348: ; ImmutableOopMap {rax=Oop [120]=Oop [128]=Oop [136]=Oop [144]=Oop [168]=Oop [176]=Oop [184]=Oop }
                      ;*synchronization entry
                      ; - com.sun.javafx.font.PrismMetrics::getCapHeight@-1 (line 102)
                      ; - com.sun.javafx.text.PrismTextLayout::shape@204 (line 865)
  0x000001b9c9be8348: 5abc 06e9 | ebe9 ffff 

  0x000001b9c9be8350: ;   {metadata({method} {0x000001b9e7050838} 'checkStyleMetrics' '()V' in 'com/sun/javafx/font/PrismMetrics')}
  0x000001b9c9be8350: 49ba 3008 | 05e7 b901 | 0000 4c89 | 5424 0848 | c704 24ff 

  0x000001b9c9be8364: ;   {runtime_call C1 Runtime counter_overflow_blob}
  0x000001b9c9be8364: ffff ffe8 

  0x000001b9c9be8368: ; ImmutableOopMap {rax=Oop [120]=Oop [128]=Oop [136]=Oop [144]=Oop [168]=Oop [176]=Oop [184]=Oop }
                      ;*synchronization entry
                      ; - com.sun.javafx.font.PrismMetrics::checkStyleMetrics@-1 (line 77)
                      ; - com.sun.javafx.font.PrismMetrics::getCapHeight@1 (line 102)
                      ; - com.sun.javafx.text.PrismTextLayout::shape@204 (line 865)
  0x000001b9c9be8368: 745a bc06 | e906 eaff 

  0x000001b9c9be8370: ;   {runtime_call C1 Runtime throw_null_pointer_exception_blob}
  0x000001b9c9be8370: ffe8 eaf8 

  0x000001b9c9be8374: ; ImmutableOopMap {rax=Oop rdx=Oop [120]=Oop [128]=Oop [136]=Oop [144]=Oop [168]=Oop [176]=Oop [184]=Oop }
                      ;*invokevirtual getStyleMetrics {reexecute=0 rethrow=0 return_oop=0}
                      ; - com.sun.javafx.font.PrismMetrics::checkStyleMetrics@16 (line 78)
                      ; - com.sun.javafx.font.PrismMetrics::getCapHeight@1 (line 102)
                      ; - com.sun.javafx.text.PrismTextLayout::shape@204 (line 865)
  0x000001b9c9be8374: bb06 8b72 | 2048 c1e6 | 0348 83fe | 000f 840a | ebff ff48 

  0x000001b9c9be8388: ;   {runtime_call g1_pre_barrier_slow}
  0x000001b9c9be8388: 8934 24e8 | 5066 bc06 | e9fc eaff | ff48 83f8 | 000f 8411 | ebff ff48 

  0x000001b9c9be83a0: ;   {runtime_call g1_post_barrier_slow}
  0x000001b9c9be83a0: 8914 24e8 | 386e bc06 | e903 ebff 

  0x000001b9c9be83ac: ;   {runtime_call C1 Runtime throw_null_pointer_exception_blob}
  0x000001b9c9be83ac: ffe8 aef8 

  0x000001b9c9be83b0: ; ImmutableOopMap {rdx=Oop [120]=Oop [128]=Oop [136]=Oop [144]=Oop [168]=Oop [176]=Oop }
                      ;*faload {reexecute=0 rethrow=0 return_oop=0}
                      ; - com.sun.javafx.font.PrismMetrics::getCapHeight@9 (line 103)
                      ; - com.sun.javafx.text.PrismTextLayout::shape@204 (line 865)
                      ;   {runtime_call C1 Runtime throw_null_pointer_exception_blob}
  0x000001b9c9be83b0: bb06 e8a9 

  0x000001b9c9be83b4: ; ImmutableOopMap {rdx=Oop [120]=Oop [128]=Oop [136]=Oop [144]=Oop [168]=Oop [176]=Oop }
                      ;*faload {reexecute=0 rethrow=0 return_oop=0}
                      ; - com.sun.javafx.font.PrismMetrics::getCapHeight@9 (line 103)
                      ; - com.sun.javafx.text.PrismTextLayout::shape@204 (line 865)
  0x000001b9c9be83b4: f8bb 0648 | c704 2401 | 0000 0048 | 8954 2408 

  0x000001b9c9be83c4: ;   {runtime_call C1 Runtime throw_range_check_failed_blob}
  0x000001b9c9be83c4: e817 ebbb 

  0x000001b9c9be83c8: ; ImmutableOopMap {rdx=Oop [120]=Oop [128]=Oop [136]=Oop [144]=Oop [168]=Oop [176]=Oop }
                      ;*faload {reexecute=0 rethrow=0 return_oop=0}
                      ; - com.sun.javafx.font.PrismMetrics::getCapHeight@9 (line 103)
                      ; - com.sun.javafx.text.PrismTextLayout::shape@204 (line 865)
                      ;   {metadata({method} {0x000001b9e7045d10} 'setMetrics' '(FFF)V' in 'com/sun/javafx/text/TextRun')}
  0x000001b9c9be83c8: 0649 ba08 | 5d04 e7b9 | 0100 004c | 8954 2408 | 48c7 0424 | ffff ffff 

  0x000001b9c9be83e0: ;   {runtime_call C1 Runtime counter_overflow_blob}
  0x000001b9c9be83e0: e8fb 59bc 

  0x000001b9c9be83e4: ; ImmutableOopMap {r8=Oop [120]=Oop [128]=Oop [136]=Oop [144]=Oop [168]=Oop [176]=Oop }
                      ;*synchronization entry
                      ; - com.sun.javafx.text.TextRun::setMetrics@-1 (line 205)
                      ; - com.sun.javafx.text.PrismTextLayout::shape@258 (line 872)
  0x000001b9c9be83e4: 06e9 01ec 

  0x000001b9c9be83e8: ;   {runtime_call C1 Runtime throw_incompatible_class_change_error_blob}
  0x000001b9c9be83e8: ffff e871 

  0x000001b9c9be83ec: ; ImmutableOopMap {r8=Oop rdx=Oop [120]=Oop [128]=Oop [136]=Oop [144]=Oop [168]=Oop [176]=Oop [184]=Oop }
                      ;*invokeinterface getAscent {reexecute=0 rethrow=0 return_oop=0}
                      ; - com.sun.javafx.text.PrismTextLayout::shape@267 (line 874)
                      ;   {runtime_call C1 Runtime throw_null_pointer_exception_blob}
  0x000001b9c9be83ec: 23bc 06e8 

  0x000001b9c9be83f0: ; ImmutableOopMap {r8=Oop rdx=Oop [120]=Oop [128]=Oop [136]=Oop [144]=Oop [168]=Oop [176]=Oop [184]=Oop }
                      ;*invokeinterface getAscent {reexecute=0 rethrow=0 return_oop=0}
                      ; - com.sun.javafx.text.PrismTextLayout::shape@267 (line 874)
  0x000001b9c9be83f0: 6cf8 bb06 

  0x000001b9c9be83f4: ;   {runtime_call C1 Runtime throw_incompatible_class_change_error_blob}
  0x000001b9c9be83f4: e867 23bc 

  0x000001b9c9be83f8: ; ImmutableOopMap {r8=Oop rdx=Oop [120]=Oop [128]=Oop [136]=Oop [144]=Oop [168]=Oop [176]=Oop [184]=Oop }
                      ;*invokeinterface getDescent {reexecute=0 rethrow=0 return_oop=0}
                      ; - com.sun.javafx.text.PrismTextLayout::shape@274 (line 874)
                      ;   {runtime_call C1 Runtime throw_incompatible_class_change_error_blob}
  0x000001b9c9be83f8: 06e8 6223 

  0x000001b9c9be83fc: ; ImmutableOopMap {r8=Oop rdx=Oop [120]=Oop [128]=Oop [136]=Oop [144]=Oop [168]=Oop [176]=Oop [184]=Oop }
                      ;*invokeinterface getLineGap {reexecute=0 rethrow=0 return_oop=0}
                      ; - com.sun.javafx.text.PrismTextLayout::shape@281 (line 874)
                      ;   {metadata({method} {0x000001b9e7045d10} 'setMetrics' '(FFF)V' in 'com/sun/javafx/text/TextRun')}
  0x000001b9c9be83fc: bc06 49ba | 085d 04e7 | b901 0000 | 4c89 5424 | 0848 c704 | 24ff ffff 

  0x000001b9c9be8414: ;   {runtime_call C1 Runtime counter_overflow_blob}
  0x000001b9c9be8414: ffe8 c659 

  0x000001b9c9be8418: ; ImmutableOopMap {r8=Oop [120]=Oop [128]=Oop [136]=Oop [144]=Oop [168]=Oop [176]=Oop }
                      ;*synchronization entry
                      ; - com.sun.javafx.text.TextRun::setMetrics@-1 (line 205)
                      ; - com.sun.javafx.text.PrismTextLayout::shape@286 (line 874)
  0x000001b9c9be8418: bc06 e91e 

  0x000001b9c9be841c: ;   {metadata({method} {0x000001b9e70452b8} 'isTab' '()Z' in 'com/sun/javafx/text/TextRun')}
  0x000001b9c9be841c: edff ff49 | bab0 5204 | e7b9 0100 | 004c 8954 | 2408 48c7 | 0424 ffff 

  0x000001b9c9be8434: ;   {runtime_call C1 Runtime counter_overflow_blob}
  0x000001b9c9be8434: ffff e8a5 

  0x000001b9c9be8438: ; ImmutableOopMap {r8=Oop [120]=Oop [128]=Oop [136]=Oop [144]=Oop [168]=Oop [176]=Oop }
                      ;*synchronization entry
                      ; - com.sun.javafx.text.TextRun::isTab@-1 (line 134)
                      ; - com.sun.javafx.text.PrismTextLayout::shape@290 (line 878)
  0x000001b9c9be8438: 59bc 06e9 | 4bed ffff 

  0x000001b9c9be8440: ;   {metadata({method} {0x000001b9e7045008} 'isLinebreak' '()Z' in 'com/sun/javafx/text/TextRun')}
  0x000001b9c9be8440: 49ba 0050 | 04e7 b901 | 0000 4c89 | 5424 0848 | c704 24ff 

  0x000001b9c9be8454: ;   {runtime_call C1 Runtime counter_overflow_blob}
  0x000001b9c9be8454: ffff ffe8 

  0x000001b9c9be8458: ; ImmutableOopMap {r8=Oop [120]=Oop [128]=Oop [136]=Oop [144]=Oop [168]=Oop [176]=Oop }
                      ;*synchronization entry
                      ; - com.sun.javafx.text.TextRun::isLinebreak@-1 (line 118)
                      ; - com.sun.javafx.text.PrismTextLayout::shape@298 (line 879)
  0x000001b9c9be8458: 8459 bc06 | e9e6 edff 

  0x000001b9c9be8460: ;   {metadata({method} {0x000001b9e7045708} 'isComplex' '()Z' in 'com/sun/javafx/text/TextRun')}
  0x000001b9c9be8460: ff49 ba00 | 5704 e7b9 | 0100 004c | 8954 2408 | 48c7 0424 | ffff ffff 

  0x000001b9c9be8478: ;   {runtime_call C1 Runtime counter_overflow_blob}
  0x000001b9c9be8478: e863 59bc 

  0x000001b9c9be847c: ; ImmutableOopMap {r8=Oop [120]=Oop [128]=Oop [136]=Oop [144]=Oop [168]=Oop [176]=Oop }
                      ;*synchronization entry
                      ; - com.sun.javafx.text.TextRun::isComplex@-1 (line 158)
                      ; - com.sun.javafx.text.PrismTextLayout::shape@314 (line 881)
  0x000001b9c9be847c: 06e9 c0ee 

  0x000001b9c9be8480: ;   {runtime_call C1 Runtime throw_null_pointer_exception_blob}
  0x000001b9c9be8480: ffff e8d9 

  0x000001b9c9be8484: ; ImmutableOopMap {rax=Oop [120]=Oop [128]=Oop [136]=Oop }
                      ;*invokeinterface getFontResource {reexecute=0 rethrow=0 return_oop=0}
                      ; - com.sun.javafx.text.PrismTextLayout::shape@335 (line 885)
                      ;   {runtime_call C1 Runtime throw_null_pointer_exception_blob}
  0x000001b9c9be8484: f7bb 06e8 

  0x000001b9c9be8488: ; ImmutableOopMap {rax=Oop [128]=Oop [136]=Oop [192]=Oop }
                      ;*invokeinterface getGlyphMapper {reexecute=0 rethrow=0 return_oop=0}
                      ; - com.sun.javafx.text.PrismTextLayout::shape@372 (line 892)
  0x000001b9c9be8488: d4f7 bb06 

  0x000001b9c9be848c: ;   {runtime_call C1 Runtime new_type_array_blob}
  0x000001b9c9be848c: e8cf 08bc 

  0x000001b9c9be8490: ; ImmutableOopMap {r11=Oop [128]=Oop [136]=Oop [192]=Oop }
                      ;*newarray {reexecute=0 rethrow=0 return_oop=0}
                      ; - com.sun.javafx.text.PrismTextLayout::shape@381 (line 895)
  0x000001b9c9be8490: 06e9 7bf2 

  0x000001b9c9be8494: ;   {runtime_call C1 Runtime throw_null_pointer_exception_blob}
  0x000001b9c9be8494: ffff e8c5 

  0x000001b9c9be8498: ; ImmutableOopMap {r11=Oop rax=Oop [128]=Oop [136]=Oop [192]=Oop [208]=Oop }
                      ;*invokevirtual charsToGlyphs {reexecute=0 rethrow=0 return_oop=0}
                      ; - com.sun.javafx.text.PrismTextLayout::shape@394 (line 896)
                      ;   {runtime_call C1 Runtime new_type_array_blob}
  0x000001b9c9be8498: f7bb 06e8 

  0x000001b9c9be849c: ; ImmutableOopMap {[128]=Oop [192]=Oop [208]=Oop }
                      ;*newarray {reexecute=0 rethrow=0 return_oop=0}
                      ; - com.sun.javafx.text.PrismTextLayout::shape@403 (line 897)
  0x000001b9c9be849c: c008 bc06 | e9c8 f3ff | ff48 8934 | 2448 8944 

  0x000001b9c9be84ac: ;   {runtime_call C1 Runtime throw_range_check_failed_blob}
  0x000001b9c9be84ac: 2408 e82d 

  0x000001b9c9be84b0: ; ImmutableOopMap {rax=Oop rbx=Oop [128]=Oop [192]=Oop [208]=Oop [224]=Oop }
                      ;*iaload {reexecute=0 rethrow=0 return_oop=0}
                      ; - com.sun.javafx.text.PrismTextLayout::shape@426 (line 900)
  0x000001b9c9be84b0: eabb 0648 | 8934 2448 | 8944 2408 

  0x000001b9c9be84bc: ;   {runtime_call C1 Runtime throw_range_check_failed_blob}
  0x000001b9c9be84bc: e81f eabb 

  0x000001b9c9be84c0: ; ImmutableOopMap {rax=Oop [128]=Oop [192]=Oop [208]=Oop [224]=Oop }
                      ;*fastore {reexecute=0 rethrow=0 return_oop=0}
                      ; - com.sun.javafx.text.PrismTextLayout::shape@444 (line 901)
                      ;   {metadata({method} {0x000001b9e6c65e00} 'shape' '(Lcom/sun/javafx/text/TextRun;[CLcom/sun/javafx/text/GlyphLayout;)V' in 'com/sun/javafx/text/PrismTextLayout')}
  0x000001b9c9be84c0: 0649 baf8 | 5dc6 e6b9 | 0100 004c | 8954 2408 | 48c7 0424 | c701 0000 

  0x000001b9c9be84d8: ;   {runtime_call C1 Runtime counter_overflow_blob}
  0x000001b9c9be84d8: e803 59bc 

  0x000001b9c9be84dc: ; ImmutableOopMap {rax=Oop [128]=Oop [192]=Oop [208]=Oop [224]=Oop }
                      ;*goto {reexecute=1 rethrow=0 return_oop=0}
                      ; - (reexecute) com.sun.javafx.text.PrismTextLayout::shape@455 (line 899)
  0x000001b9c9be84dc: 06e9 d2f4 

  0x000001b9c9be84e0: ;   {runtime_call C1 Runtime throw_null_pointer_exception_blob}
  0x000001b9c9be84e0: ffff e879 

  0x000001b9c9be84e4: ; ImmutableOopMap {rdx=Oop [120]=Oop [128]=Oop [136]=Oop [176]=Oop [192]=Oop }
                      ;*getfield valid {reexecute=1 rethrow=0 return_oop=0}
                      ; - (reexecute) com.sun.javafx.text.PrismTextLayout::shape@485 (line 911)
                      ;   {runtime_call C1 Runtime throw_null_pointer_exception_blob}
  0x000001b9c9be84e4: f7bb 06e8 

  0x000001b9c9be84e8: ; ImmutableOopMap {rax=Oop [120]=Oop [128]=Oop [136]=Oop [192]=Oop }
                      ;*invokeinterface getGlyphMapper {reexecute=0 rethrow=0 return_oop=0}
                      ; - com.sun.javafx.text.PrismTextLayout::shape@502 (line 913)
  0x000001b9c9be84e8: 74f7 bb06 

  0x000001b9c9be84ec: ;   {runtime_call C1 Runtime throw_null_pointer_exception_blob}
  0x000001b9c9be84ec: e86f f7bb 

  0x000001b9c9be84f0: ; ImmutableOopMap {rax=Oop rdx=Oop [120]=Oop [128]=Oop [136]=Oop [192]=Oop }
                      ;*getfield glyphs {reexecute=1 rethrow=0 return_oop=0}
                      ; - (reexecute) com.sun.javafx.text.PrismTextLayout::shape@520 (line 914)
                      ;   {runtime_call C1 Runtime throw_null_pointer_exception_blob}
  0x000001b9c9be84f0: 06e8 6af7 

  0x000001b9c9be84f4: ; ImmutableOopMap {rax=Oop rdx=Oop rsi=Oop [120]=Oop [128]=Oop [136]=Oop [192]=Oop }
                      ;*invokevirtual charsToGlyphs {reexecute=0 rethrow=0 return_oop=0}
                      ; - com.sun.javafx.text.PrismTextLayout::shape@525 (line 914)
                      ;   {runtime_call C1 Runtime throw_null_pointer_exception_blob}
  0x000001b9c9be84f4: bb06 e865 

  0x000001b9c9be84f8: ; ImmutableOopMap {rdx=Oop rax=Oop [120]=Oop [128]=Oop [192]=Oop }
                      ;*getfield glyphs {reexecute=1 rethrow=0 return_oop=0}
                      ; - (reexecute) com.sun.javafx.text.PrismTextLayout::shape@555 (line 918)
                      ;   {runtime_call C1 Runtime throw_null_pointer_exception_blob}
  0x000001b9c9be84f8: f7bb 06e8 

  0x000001b9c9be84fc: ; ImmutableOopMap {rdx=Oop rax=Oop r8=Oop [120]=Oop [128]=Oop [192]=Oop }
                      ;*iaload {reexecute=0 rethrow=0 return_oop=0}
                      ; - com.sun.javafx.text.PrismTextLayout::shape@560 (line 918)
  0x000001b9c9be84fc: 60f7 bb06 

  0x000001b9c9be8500: ;   {runtime_call C1 Runtime throw_null_pointer_exception_blob}
  0x000001b9c9be8500: e85b f7bb 

  0x000001b9c9be8504: ; ImmutableOopMap {rdx=Oop rax=Oop r8=Oop [120]=Oop [128]=Oop [192]=Oop }
                      ;*iaload {reexecute=0 rethrow=0 return_oop=0}
                      ; - com.sun.javafx.text.PrismTextLayout::shape@560 (line 918)
  0x000001b9c9be8504: 0648 893c | 244c 8944 

  0x000001b9c9be850c: ;   {runtime_call C1 Runtime throw_range_check_failed_blob}
  0x000001b9c9be850c: 2408 e8cd 

  0x000001b9c9be8510: ; ImmutableOopMap {rdx=Oop rax=Oop r8=Oop [120]=Oop [128]=Oop [192]=Oop }
                      ;*iaload {reexecute=0 rethrow=0 return_oop=0}
                      ; - com.sun.javafx.text.PrismTextLayout::shape@560 (line 918)
                      ;   {runtime_call C1 Runtime throw_null_pointer_exception_blob}
  0x000001b9c9be8510: e9bb 06e8 

  0x000001b9c9be8514: ; ImmutableOopMap {rdx=Oop [120]=Oop [128]=Oop [192]=Oop }
                      ;*getfield advances {reexecute=1 rethrow=0 return_oop=0}
                      ; - (reexecute) com.sun.javafx.text.PrismTextLayout::shape@574 (line 919)
  0x000001b9c9be8514: 48f7 bb06 

  0x000001b9c9be8518: ;   {runtime_call C1 Runtime throw_null_pointer_exception_blob}
  0x000001b9c9be8518: e843 f7bb 

  0x000001b9c9be851c: ; ImmutableOopMap {rdx=Oop r8=Oop [120]=Oop [128]=Oop [192]=Oop }
                      ;*fastore {reexecute=0 rethrow=0 return_oop=0}
                      ; - com.sun.javafx.text.PrismTextLayout::shape@581 (line 919)
                      ;   {runtime_call C1 Runtime throw_null_pointer_exception_blob}
  0x000001b9c9be851c: 06e8 3ef7 

  0x000001b9c9be8520: ; ImmutableOopMap {rdx=Oop r8=Oop [120]=Oop [128]=Oop [192]=Oop }
                      ;*fastore {reexecute=0 rethrow=0 return_oop=0}
                      ; - com.sun.javafx.text.PrismTextLayout::shape@581 (line 919)
  0x000001b9c9be8520: bb06 4889 | 3c24 4c89 

  0x000001b9c9be8528: ;   {runtime_call C1 Runtime throw_range_check_failed_blob}
  0x000001b9c9be8528: 4424 08e8 

  0x000001b9c9be852c: ; ImmutableOopMap {rdx=Oop r8=Oop [120]=Oop [128]=Oop [192]=Oop }
                      ;*fastore {reexecute=0 rethrow=0 return_oop=0}
                      ; - com.sun.javafx.text.PrismTextLayout::shape@581 (line 919)
  0x000001b9c9be852c: b0e9 bb06 

  0x000001b9c9be8530: ;   {metadata({method} {0x000001b9e6c65e00} 'shape' '(Lcom/sun/javafx/text/TextRun;[CLcom/sun/javafx/text/GlyphLayout;)V' in 'com/sun/javafx/text/PrismTextLayout')}
  0x000001b9c9be8530: 49ba f85d | c6e6 b901 | 0000 4c89 | 5424 0848 | c704 2450 

  0x000001b9c9be8544: ;   {runtime_call C1 Runtime counter_overflow_blob}
  0x000001b9c9be8544: 0200 00e8 

  0x000001b9c9be8548: ; ImmutableOopMap {rdx=Oop [120]=Oop [128]=Oop [192]=Oop }
                      ;*goto {reexecute=1 rethrow=0 return_oop=0}
                      ; - (reexecute) com.sun.javafx.text.PrismTextLayout::shape@592 (line 917)
  0x000001b9c9be8548: 9458 bc06 | e9fa f8ff 

  0x000001b9c9be8550: ;   {runtime_call C1 Runtime throw_null_pointer_exception_blob}
  0x000001b9c9be8550: ffe8 0af7 

  0x000001b9c9be8554: ; ImmutableOopMap {rdi=Oop r9=Oop [128]=Oop }
                      ;*getfield glyphs {reexecute=1 rethrow=0 return_oop=0}
                      ; - (reexecute) com.sun.javafx.text.PrismTextLayout::shape@608 (line 924)
                      ;   {metadata({method} {0x000001b9e7048bb0} 'shape' '(I[I[F)V' in 'com/sun/javafx/text/TextRun')}
  0x000001b9c9be8554: bb06 49ba | a88b 04e7 | b901 0000 | 4c89 5424 | 0848 c704 | 24ff ffff 

  0x000001b9c9be856c: ;   {runtime_call C1 Runtime counter_overflow_blob}
  0x000001b9c9be856c: ffe8 6e58 

  0x000001b9c9be8570: ; ImmutableOopMap {rdi=Oop rsi=Oop r9=Oop [128]=Oop }
                      ;*synchronization entry
                      ; - com.sun.javafx.text.TextRun::shape@-1 (line 361)
                      ; - com.sun.javafx.text.PrismTextLayout::shape@618 (line 924)
  0x000001b9c9be8570: bc06 e9c2 | f9ff ff44 | 8b47 4049 | c1e0 0349 | 83f8 000f | 84c2 f9ff | ff4c 8904 

  0x000001b9c9be858c: ;   {runtime_call g1_pre_barrier_slow}
  0x000001b9c9be858c: 24e8 4e64 | bc06 e9b4 | f9ff ff48 | 83fe 000f | 84c9 f9ff | ff48 893c 

  0x000001b9c9be85a4: ;   {runtime_call g1_post_barrier_slow}
  0x000001b9c9be85a4: 24e8 366c | bc06 e9bb | f9ff ff44 | 8b47 4449 | c1e0 0349 | 83f8 000f | 84b7 f9ff | ff4c 8904 
  0x000001b9c9be85c4: ;   {runtime_call g1_pre_barrier_slow}
  0x000001b9c9be85c4: 24e8 1664 | bc06 e9a9 | f9ff ff49 | 83f9 000f | 84be f9ff | ff48 893c 

  0x000001b9c9be85dc: ;   {runtime_call g1_post_barrier_slow}
  0x000001b9c9be85dc: 24e8 fe6b | bc06 e9b0 | f9ff ff44 | 8b47 4849 | c1e0 0349 | 83f8 000f | 84ac f9ff | ff4c 8904 
  0x000001b9c9be85fc: ;   {runtime_call g1_pre_barrier_slow}
  0x000001b9c9be85fc: 24e8 de63 | bc06 e99e 

  0x000001b9c9be8604: ;   {internal_word}
  0x000001b9c9be8604: f9ff ff49 | bac3 7fbe | c9b9 0100 | 004d 8997 | e004 0000 

  0x000001b9c9be8618: ;   {runtime_call SafepointBlob}
  0x000001b9c9be8618: e943 9cae | 0648 8934 | 2448 8944 

  0x000001b9c9be8624: ;   {runtime_call C1 Runtime throw_range_check_failed_blob}
  0x000001b9c9be8624: 2408 e8b5 

  0x000001b9c9be8628: ; ImmutableOopMap {r9=Oop rax=Oop rdi=Oop [128]=Oop [208]=Oop [224]=Oop }
                      ;*fastore {reexecute=0 rethrow=0 return_oop=0}
                      ; - com.sun.javafx.text.PrismTextLayout::shape@466 (line 905)
                      ;   {metadata({method} {0x000001b9e7048af0} 'shape' '(I[I[F[I)V' in 'com/sun/javafx/text/TextRun')}
  0x000001b9c9be8628: e8bb 0649 | bae8 8a04 | e7b9 0100 | 004c 8954 | 2408 48c7 | 0424 ffff 

  0x000001b9c9be8640: ;   {runtime_call C1 Runtime counter_overflow_blob}
  0x000001b9c9be8640: ffff e899 

  0x000001b9c9be8644: ; ImmutableOopMap {r9=Oop rax=Oop rdi=Oop [128]=Oop [208]=Oop [224]=Oop }
                      ;*synchronization entry
                      ; - com.sun.javafx.text.TextRun::shape@-1 (line 354)
                      ; - com.sun.javafx.text.PrismTextLayout::shape@475 (line 906)
  0x000001b9c9be8644: 57bc 06e9 | 05fa ffff | 448b 4740 | 49c1 e003 | 4983 f800 | 0f84 05fa | ffff 4c89 

  0x000001b9c9be8660: ;   {runtime_call g1_pre_barrier_slow}
  0x000001b9c9be8660: 0424 e879 | 63bc 06e9 | f7f9 ffff | 4983 f900 | 0f84 0cfa | ffff 4889 

  0x000001b9c9be8678: ;   {runtime_call g1_post_barrier_slow}
  0x000001b9c9be8678: 3c24 e861 | 6bbc 06e9 | fef9 ffff | 448b 4744 | 49c1 e003 | 4983 f800 | 0f84 faf9 | ffff 4c89 
  0x000001b9c9be8698: ;   {runtime_call g1_pre_barrier_slow}
  0x000001b9c9be8698: 0424 e841 | 63bc 06e9 | ecf9 ffff | 4883 f800 | 0f84 01fa | ffff 4889 

  0x000001b9c9be86b0: ;   {runtime_call g1_post_barrier_slow}
  0x000001b9c9be86b0: 3c24 e829 | 6bbc 06e9 | f3f9 ffff | 448b 4748 | 49c1 e003 | 4983 f800 | 0f84 eff9 | ffff 4c89 
  0x000001b9c9be86d0: ;   {runtime_call g1_pre_barrier_slow}
  0x000001b9c9be86d0: 0424 e809 | 63bc 06e9 | e1f9 ffff 

  0x000001b9c9be86dc: ;   {internal_word}
  0x000001b9c9be86dc: 49ba dd80 | bec9 b901 | 0000 4d89 | 97e0 0400 

  0x000001b9c9be86ec: ;   {runtime_call SafepointBlob}
  0x000001b9c9be86ec: 00e9 6e9b 

  0x000001b9c9be86f0: ;   {runtime_call C1 Runtime throw_null_pointer_exception_blob}
  0x000001b9c9be86f0: ae06 e869 

  0x000001b9c9be86f4: ; ImmutableOopMap {rbx=Oop rdx=Oop rax=Oop rsi=Oop rdi=Oop [128]=Oop }
                      ;*invokevirtual layout {reexecute=0 rethrow=0 return_oop=0}
                      ; - com.sun.javafx.text.PrismTextLayout::shape@327 (line 883)
                      ;   {internal_word}
  0x000001b9c9be86f4: f5bb 0649 | ba6c 81be | c9b9 0100 | 004d 8997 | e004 0000 

  0x000001b9c9be8708: ;   {runtime_call SafepointBlob}
  0x000001b9c9be8708: e953 9bae 

  0x000001b9c9be870c: ;   {internal_word}
  0x000001b9c9be870c: 0649 ba7f | 81be c9b9 | 0100 004d | 8997 e004 

  0x000001b9c9be871c: ;   {runtime_call SafepointBlob}
  0x000001b9c9be871c: 0000 e93d 

  0x000001b9c9be8720: ;   {internal_word}
  0x000001b9c9be8720: 9bae 0649 | ba92 81be | c9b9 0100 | 004d 8997 | e004 0000 

  0x000001b9c9be8734: ;   {runtime_call SafepointBlob}
  0x000001b9c9be8734: e927 9bae 

  0x000001b9c9be8738: ;   {internal_word}
  0x000001b9c9be8738: 0649 baa5 | 81be c9b9 | 0100 004d | 8997 e004 

  0x000001b9c9be8748: ;   {runtime_call SafepointBlob}
  0x000001b9c9be8748: 0000 e911 

  0x000001b9c9be874c: ;   {internal_word}
  0x000001b9c9be874c: 9bae 0649 | ba04 82be | c9b9 0100 | 004d 8997 | e004 0000 

  0x000001b9c9be8760: ;   {runtime_call SafepointBlob}
  0x000001b9c9be8760: e9fb 9aae 

  0x000001b9c9be8764: ;   {internal_word}
  0x000001b9c9be8764: 0649 ba17 | 82be c9b9 | 0100 004d | 8997 e004 

  0x000001b9c9be8774: ;   {runtime_call SafepointBlob}
  0x000001b9c9be8774: 0000 e9e5 | 9aae 0649 | 8b87 8805 | 0000 49c7 | 8788 0500 | 0000 0000 | 0049 c787 | 9005 0000 
  0x000001b9c9be8794: 0000 0000 | 4881 c420 | 0100 005d 

  0x000001b9c9be87a0: ;   {runtime_call C1 Runtime unwind_exception_blob}
  0x000001b9c9be87a0: e93b e1bb | 06f4 f4f4 
[Stub Code]
  0x000001b9c9be87a8: ;   {other}
  0x000001b9c9be87a8: 0f1f 4400 

  0x000001b9c9be87ac: ;   {static_stub}
  0x000001b9c9be87ac: 0048 bb00 | 0000 0000 

  0x000001b9c9be87b4: ;   {runtime_call nmethod}
  0x000001b9c9be87b4: 0000 00e9 | fbff ffff 

  0x000001b9c9be87bc: ;   {static_stub}
  0x000001b9c9be87bc: 9048 bb00 | 0000 0000 

  0x000001b9c9be87c4: ;   {runtime_call nmethod}
  0x000001b9c9be87c4: 0000 00e9 | fbff ffff 

  0x000001b9c9be87cc: ;   {static_stub}
  0x000001b9c9be87cc: 9048 bb00 | 0000 0000 

  0x000001b9c9be87d4: ;   {runtime_call nmethod}
  0x000001b9c9be87d4: 0000 00e9 | fbff ffff 

  0x000001b9c9be87dc: ;   {static_stub}
  0x000001b9c9be87dc: 9048 bb00 | 0000 0000 

  0x000001b9c9be87e4: ;   {runtime_call nmethod}
  0x000001b9c9be87e4: 0000 00e9 | fbff ffff 

  0x000001b9c9be87ec: ;   {static_stub}
  0x000001b9c9be87ec: 9048 bb00 | 0000 0000 

  0x000001b9c9be87f4: ;   {runtime_call nmethod}
  0x000001b9c9be87f4: 0000 00e9 | fbff ffff 

  0x000001b9c9be87fc: ;   {static_stub}
  0x000001b9c9be87fc: 9048 bb00 | 0000 0000 

  0x000001b9c9be8804: ;   {runtime_call nmethod}
  0x000001b9c9be8804: 0000 00e9 | fbff ffff 

  0x000001b9c9be880c: ;   {static_stub}
  0x000001b9c9be880c: 9048 bb00 | 0000 0000 

  0x000001b9c9be8814: ;   {runtime_call nmethod}
  0x000001b9c9be8814: 0000 00e9 | fbff ffff 

  0x000001b9c9be881c: ;   {static_stub}
  0x000001b9c9be881c: 9048 bb00 | 0000 0000 

  0x000001b9c9be8824: ;   {runtime_call nmethod}
  0x000001b9c9be8824: 0000 00e9 | fbff ffff 

  0x000001b9c9be882c: ;   {static_stub}
  0x000001b9c9be882c: 9048 bb00 | 0000 0000 

  0x000001b9c9be8834: ;   {runtime_call nmethod}
  0x000001b9c9be8834: 0000 00e9 | fbff ffff 

  0x000001b9c9be883c: ;   {static_stub}
  0x000001b9c9be883c: 9048 bb00 | 0000 0000 

  0x000001b9c9be8844: ;   {runtime_call nmethod}
  0x000001b9c9be8844: 0000 00e9 | fbff ffff 

  0x000001b9c9be884c: ;   {static_stub}
  0x000001b9c9be884c: 9048 bb60 | 6b84 e6b9 

  0x000001b9c9be8854: ;   {runtime_call I2C/C2I adapters}
  0x000001b9c9be8854: 0100 00e9 | 668f af06 

  0x000001b9c9be885c: ;   {static_stub}
  0x000001b9c9be885c: 9048 bb00 | 0000 0000 

  0x000001b9c9be8864: ;   {runtime_call nmethod}
  0x000001b9c9be8864: 0000 00e9 | fbff ffff 

  0x000001b9c9be886c: ;   {static_stub}
  0x000001b9c9be886c: 9048 bb00 | 0000 0000 

  0x000001b9c9be8874: ;   {runtime_call nmethod}
  0x000001b9c9be8874: 0000 00e9 | fbff ffff 

  0x000001b9c9be887c: ;   {static_stub}
  0x000001b9c9be887c: 9048 bb00 | 0000 0000 

  0x000001b9c9be8884: ;   {runtime_call nmethod}
  0x000001b9c9be8884: 0000 00e9 | fbff ffff 

  0x000001b9c9be888c: ;   {static_stub}
  0x000001b9c9be888c: 9048 bba8 | 6a84 e6b9 

  0x000001b9c9be8894: ;   {runtime_call I2C/C2I adapters}
  0x000001b9c9be8894: 0100 00e9 | a92d dd06 

  0x000001b9c9be889c: ;   {static_stub}
  0x000001b9c9be889c: 9048 bb00 | 0000 0000 

  0x000001b9c9be88a4: ;   {runtime_call nmethod}
  0x000001b9c9be88a4: 0000 00e9 | fbff ffff 

  0x000001b9c9be88ac: ;   {static_stub}
  0x000001b9c9be88ac: 9048 bbe0 | d283 e6b9 

  0x000001b9c9be88b4: ;   {runtime_call I2C/C2I adapters}
  0x000001b9c9be88b4: 0100 00e9 | 86ad ab06 

  0x000001b9c9be88bc: ;   {static_stub}
  0x000001b9c9be88bc: 9048 bb00 | 0000 0000 

  0x000001b9c9be88c4: ;   {runtime_call nmethod}
  0x000001b9c9be88c4: 0000 00e9 | fbff ffff 

  0x000001b9c9be88cc: ;   {static_stub}
  0x000001b9c9be88cc: 48bb 0000 | 0000 0000 

  0x000001b9c9be88d4: ;   {runtime_call nmethod}
  0x000001b9c9be88d4: 0000 e9fb 

  0x000001b9c9be88d8: ;   {runtime_call C1 Runtime handle_exception_from_callee_blob}
  0x000001b9c9be88d8: ffff ffe8 | 8015 bc06 

  0x000001b9c9be88e0: ;   {external_word}
  0x000001b9c9be88e0: 48b9 a001 | 1e11 fc7f | 0000 4883 

  0x000001b9c9be88ec: ;   {runtime_call}
  0x000001b9c9be88ec: e4f0 48b8 | 105c d810 | fc7f 0000 

  0x000001b9c9be88f8: ;   {section_word}
  0x000001b9c9be88f8: ffd0 f449 | bafb 88be | c9b9 0100 

  0x000001b9c9be8904: ;   {runtime_call DeoptimizationBlob}
  0x000001b9c9be8904: 0041 52e9 | d480 ae06 | f4f4 f4f4 
[/MachCode]


Compiled method (c1) 9218 5514   !   3       com.sun.javafx.text.PrismTextLayout::layout (1636 bytes)
 total in heap  [0x000001b9c99ea008,0x000001b9c99ef870] = 22632
 constants      [0x000001b9c99ea100,0x000001b9c99ea160] = 96
 main code      [0x000001b9c99ea160,0x000001b9c99ef5f8] = 21656
 stub code      [0x000001b9c99ef5f8,0x000001b9c99ef860] = 616
 oops           [0x000001b9c99ef860,0x000001b9c99ef870] = 16
 mutable data [0x000001b982fb8540,0x000001b982fb8d90] = 2128
 relocation     [0x000001b982fb8540,0x000001b982fb8c18] = 1752
 metadata       [0x000001b982fb8c18,0x000001b982fb8d90] = 376
 immutable data [0x000001b9832a4830,0x000001b9832a6fc8] = 10136
 dependencies   [0x000001b9832a4830,0x000001b9832a48c8] = 152
 nul chk table  [0x000001b9832a48c8,0x000001b9832a4ab0] = 488
 handler table  [0x000001b9832a4ab0,0x000001b9832a4af8] = 72
 scopes pcs     [0x000001b9832a4af8,0x000001b9832a5668] = 2928
 scopes data    [0x000001b9832a5668,0x000001b9832a6fc8] = 6496


[Constant Pool]
             Address          hex4                    hex8      
  0x000001b9c99ea100:   0x00000000      0x0000000000000000      
  0x000001b9c99ea104:   0x00000000                              
  0x000001b9c99ea108:   0x00000000      0x0000000000000000      
  0x000001b9c99ea10c:   0x00000000                              
  0x000001b9c99ea110:   0x00000000      0x3f80000000000000      
  0x000001b9c99ea114:   0x3f800000                              
  0x000001b9c99ea118:   0x00000000      0x0000000000000000      
  0x000001b9c99ea11c:   0x00000000                              
  0x000001b9c99ea120:   0x3f800000      0x3f0000003f800000      
  0x000001b9c99ea124:   0x3f000000                              
  0x000001b9c99ea128:   0x00000000      0x0000000000000000      
  0x000001b9c99ea12c:   0x00000000                              
  0x000001b9c99ea130:   0x00000000      0x0000000000000000      
  0x000001b9c99ea134:   0x00000000                              
  0x000001b9c99ea138:   0x00000000      0x0000000000000000      
  0x000001b9c99ea13c:   0x00000000                              
  0x000001b9c99ea140:   0x00000000      0x0000000000000000      
  0x000001b9c99ea144:   0x00000000                              
  0x000001b9c99ea148:   0xf4f4f4f4      0xf4f4f4f4f4f4f4f4      
  0x000001b9c99ea14c:   0xf4f4f4f4                              
  0x000001b9c99ea150:   0xf4f4f4f4      0xf4f4f4f4f4f4f4f4      
  0x000001b9c99ea154:   0xf4f4f4f4                              
  0x000001b9c99ea158:   0xf4f4f4f4      0xf4f4f4f4f4f4f4f4      
  0x000001b9c99ea15c:   0xf4f4f4f4                              

[MachCode]
[Instructions begin]
  0x000001b9c99ea160: ;   {other}
  0x000001b9c99ea160: 660f 1f84 | 0000 0000 | 0066 0f1f | 8400 0000 | 0000 448b | 5208 443b 

  0x000001b9c99ea178: ;   {runtime_call Shared Runtime ic_miss_blob}
  0x000001b9c99ea178: 5008 0f85 | 604b ce06 
[Verified Entry Point]
  0x000001b9c99ea180: 8984 2400 | 80ff ff55 | 4881 ec00 | 0200 0090 | 4181 7f20 | 0900 0000 

  0x000001b9c99ea198: ;   {runtime_call Stub::method_entry_barrier}
  0x000001b9c99ea198: 7405 e841 | c4cc 0648 | 8994 24b0 

  0x000001b9c99ea1a4: ;   {metadata(method data for {method} {0x000001b9e6c66fc8} 'layout' '()V' in 'com/sun/javafx/text/PrismTextLayout')}
  0x000001b9c99ea1a4: 0000 0048 | be78 2255 | e7b9 0100 | 008b be90 | 0000 0083 | c702 89be | 9000 0000 | 81e7 fe07 
  0x000001b9c99ea1c4: 0000 85ff | 0f84 ec47 | 0000 488b 

  0x000001b9c99ea1d0: ;   {metadata(method data for {method} {0x000001b9e6c66fc8} 'layout' '()V' in 'com/sun/javafx/text/PrismTextLayout')}
  0x000001b9c99ea1d0: f248 bf78 | 2255 e7b9 | 0100 0048 | 8387 d800 | 0000 0148 | 8bf2 488b | d666 0f1f 

  0x000001b9c99ea1ec: ;   {optimized virtual_call}
  0x000001b9c99ea1ec: 4400 00e8 

  0x000001b9c99ea1f0: ; ImmutableOopMap {[176]=Oop }
                      ;*invokevirtual initCache {reexecute=0 rethrow=0 return_oop=0}
                      ; - com.sun.javafx.text.PrismTextLayout::layout@1 (line 1060)
  0x000001b9c99ea1f0: ccbd e2ff 

  0x000001b9c99ea1f4: ;   {post_call_nop}
  0x000001b9c99ea1f4: 0f1f 8400 | ec01 0000 | 488b 9424 | b000 0000 | 8b72 3c48 | c1e6 0348 

  0x000001b9c99ea20c: ;   {metadata(method data for {method} {0x000001b9e6c66fc8} 'layout' '()V' in 'com/sun/javafx/text/PrismTextLayout')}
  0x000001b9c99ea20c: 85f6 48be | 7822 55e7 | b901 0000 | bf18 0100 | 0075 05bf | 0801 0000 | 488b 1c3e | 488d 5b01 
  0x000001b9c99ea22c: 4889 1c3e | 0f85 e646 | 0000 488b 

  0x000001b9c99ea238: ;   {metadata(method data for {method} {0x000001b9e6c66fc8} 'layout' '()V' in 'com/sun/javafx/text/PrismTextLayout')}
  0x000001b9c99ea238: f248 bf78 | 2255 e7b9 | 0100 0048 | 8387 2801 | 0000 0148 | 8bf2 488b | d666 0f1f 

  0x000001b9c99ea254: ;   {optimized virtual_call}
  0x000001b9c99ea254: 4400 00e8 

  0x000001b9c99ea258: ; ImmutableOopMap {[176]=Oop }
                      ;*invokevirtual getText {reexecute=0 rethrow=0 return_oop=0}
                      ; - com.sun.javafx.text.PrismTextLayout::layout@13 (line 1064)
  0x000001b9c99ea258: c4d2 f2ff 

  0x000001b9c99ea25c: ;   {post_call_nop}
  0x000001b9c99ea25c: 0f1f 8400 | 5402 0001 | 4889 8424 | b800 0000 | 488b 9424 | b000 0000 | 8b72 2083 | e602 85f6 
  0x000001b9c99ea27c: ;   {metadata(method data for {method} {0x000001b9e6c66fc8} 'layout' '()V' in 'com/sun/javafx/text/PrismTextLayout')}
  0x000001b9c99ea27c: 48be 7822 | 55e7 b901 | 0000 bf58 | 0100 0074 | 05bf 6801 | 0000 488b | 1c3e 488d | 5b01 4889 
  0x000001b9c99ea29c: 1c3e 0f84 | 5200 0000 

  0x000001b9c99ea2a4: ;   {metadata(method data for {method} {0x000001b9e6c66fc8} 'layout' '()V' in 'com/sun/javafx/text/PrismTextLayout')}
  0x000001b9c99ea2a4: 488b f248 | bf78 2255 | e7b9 0100 | 0048 8387 | 7801 0000 | 0148 8bf2 

  0x000001b9c99ea2bc: ;   {optimized virtual_call}
  0x000001b9c99ea2bc: 488b d6e8 

  0x000001b9c99ea2c0: ; ImmutableOopMap {[176]=Oop [184]=Oop }
                      ;*invokevirtual isSimpleLayout {reexecute=0 rethrow=0 return_oop=0}
                      ; - com.sun.javafx.text.PrismTextLayout::layout@27 (line 1067)
  0x000001b9c99ea2c0: fc41 90ff 

  0x000001b9c99ea2c4: ;   {post_call_nop}
  0x000001b9c99ea2c4: 0f1f 8400 | bc02 0002 

  0x000001b9c99ea2cc: ;   {metadata(method data for {method} {0x000001b9e6c66fc8} 'layout' '()V' in 'com/sun/javafx/text/PrismTextLayout')}
  0x000001b9c99ea2cc: 85c0 49b8 | 7822 55e7 | b901 0000 | bab8 0100 | 0075 05ba | a801 0000 | 498b 3410 | 488d 7601 
  0x000001b9c99ea2ec: 4989 3410 | 0f85 4300 | 0000 488b | 9424 b000 

  0x000001b9c99ea2fc: ;   {metadata(method data for {method} {0x000001b9e6c66fc8} 'layout' '()V' in 'com/sun/javafx/text/PrismTextLayout')}
  0x000001b9c99ea2fc: 0000 49b8 | 7822 55e7 | b901 0000 | 4983 8010 | 0200 0001 | 4c8b 8424 | b800 0000 | 488b 9424 
  0x000001b9c99ea31c: b000 0000 | 0f1f 8000 

  0x000001b9c99ea324: ;   {optimized virtual_call}
  0x000001b9c99ea324: 0000 00e8 

  0x000001b9c99ea328: ; ImmutableOopMap {[176]=Oop [184]=Oop }
                      ;*invokevirtual buildRuns {reexecute=0 rethrow=0 return_oop=0}
                      ; - com.sun.javafx.text.PrismTextLayout::layout@42 (line 1070)
  0x000001b9c99ea328: f4b2 2e00 

  0x000001b9c99ea32c: ;   {post_call_nop}
  0x000001b9c99ea32c: 0f1f 8400 | 2403 0003 | e943 0000 | 0048 8b94 | 24b0 0000 

  0x000001b9c99ea340: ;   {metadata(method data for {method} {0x000001b9e6c66fc8} 'layout' '()V' in 'com/sun/javafx/text/PrismTextLayout')}
  0x000001b9c99ea340: 0048 be78 | 2255 e7b9 | 0100 0048 | 8386 c801 | 0000 0148 | 8b94 24b0 | 0000 000f 

  0x000001b9c99ea35c: ;   {optimized virtual_call}
  0x000001b9c99ea35c: 1f40 00e8 

  0x000001b9c99ea360: ; ImmutableOopMap {[176]=Oop [184]=Oop }
                      ;*invokevirtual reuseRuns {reexecute=0 rethrow=0 return_oop=0}
                      ; - com.sun.javafx.text.PrismTextLayout::layout@34 (line 1068)
  0x000001b9c99ea360: 2f54 0000 

  0x000001b9c99ea364: ;   {post_call_nop}
  0x000001b9c99ea364: 0f1f 8400 | 5c03 0004 

  0x000001b9c99ea36c: ;   {metadata(method data for {method} {0x000001b9e6c66fc8} 'layout' '()V' in 'com/sun/javafx/text/PrismTextLayout')}
  0x000001b9c99ea36c: 48be 7822 | 55e7 b901 | 0000 ff86 | f801 0000 | 488b 9424 | b000 0000 | 8b72 2083 | e610 85f6 
  0x000001b9c99ea38c: ;   {metadata(method data for {method} {0x000001b9e6c66fc8} 'layout' '()V' in 'com/sun/javafx/text/PrismTextLayout')}
  0x000001b9c99ea38c: 48be 7822 | 55e7 b901 | 0000 bf50 | 0200 0075 | 05bf 4002 | 0000 488b | 1c3e 488d | 5b01 4889 
  0x000001b9c99ea3ac: 1c3e 0f85 | 0f00 0000 

  0x000001b9c99ea3b4: ;   {oop(nullptr)}
  0x000001b9c99ea3b4: 48be 0000 | 0000 0000 | 0000 e92c 

  0x000001b9c99ea3c0: ;   {metadata(method data for {method} {0x000001b9e6c66fc8} 'layout' '()V' in 'com/sun/javafx/text/PrismTextLayout')}
  0x000001b9c99ea3c0: 0000 0048 | be78 2255 | e7b9 0100 | 0048 8386 | 6002 0000 

  0x000001b9c99ea3d4: ;   {static_call}
  0x000001b9c99ea3d4: 0166 90e8 

  0x000001b9c99ea3d8: ; ImmutableOopMap {[176]=Oop [184]=Oop }
                      ;*invokestatic getInstance {reexecute=0 rethrow=0 return_oop=0}
                      ; - com.sun.javafx.text.PrismTextLayout::layout@57 (line 1075)
  0x000001b9c99ea3d8: 24a8 2e00 

  0x000001b9c99ea3dc: ;   {post_call_nop}
  0x000001b9c99ea3dc: 0f1f 8400 | d403 0005 | 488b f048 | 8b94 24b0 | 0000 008b | 7a20 83e7 

  0x000001b9c99ea3f4: ;   {metadata(method data for {method} {0x000001b9e6c66fc8} 'layout' '()V' in 'com/sun/javafx/text/PrismTextLayout')}
  0x000001b9c99ea3f4: 0485 ff48 | bf78 2255 | e7b9 0100 | 00bb 8002 | 0000 7505 | bb70 0200 | 0048 8b04 | 1f48 8d40 
  0x000001b9c99ea414: 0148 8904 | 1f0f 8515 

  0x000001b9c99ea41c: ;   {section_word}
  0x000001b9c99ea41c: 0000 00c5 | fa10 05d9 | fcff ff48 | 89b4 24c0 | 0000 00e9 | 3800 0000 | 4889 b424 | c000 0000 
  0x000001b9c99ea43c: ;   {metadata(method data for {method} {0x000001b9e6c66fc8} 'layout' '()V' in 'com/sun/javafx/text/PrismTextLayout')}
  0x000001b9c99ea43c: 488b fa48 | bb78 2255 | e7b9 0100 | 0048 8383 | 9002 0000 | 0148 8bfa 

  0x000001b9c99ea454: ;   {optimized virtual_call}
  0x000001b9c99ea454: 488b d7e8 

  0x000001b9c99ea458: ; ImmutableOopMap {[176]=Oop [184]=Oop [192]=Oop }
                      ;*invokevirtual getTabAdvance {reexecute=0 rethrow=0 return_oop=0}
                      ; - com.sun.javafx.text.PrismTextLayout::layout@73 (line 1080)
  0x000001b9c99ea458: 844d ce06 

  0x000001b9c99ea45c: ;   {post_call_nop}
  0x000001b9c99ea45c: 0f1f 8400 | 5404 0006 | 488b 9424 | b000 0000 | c5fa 104a 

  0x000001b9c99ea470: ;   {section_word}
  0x000001b9c99ea470: 18c5 fa10 | 158b fcff | ffc5 f82e | cabe ffff | ffff 0f8a | 1400 0000 | 0f82 0e00 | 0000 be00 
  0x000001b9c99ea490: 0000 000f | 8403 0000 | 0048 ffc6 

  0x000001b9c99ea49c: ;   {metadata(method data for {method} {0x000001b9e6c66fc8} 'layout' '()V' in 'com/sun/javafx/text/PrismTextLayout')}
  0x000001b9c99ea49c: 85f6 48be | 7822 55e7 | b901 0000 | bfd0 0200 | 007f 05bf | c002 0000 | 488b 1c3e | 488d 5b01 
  0x000001b9c99ea4bc: 4889 1c3e | 0f8f 2000 

  0x000001b9c99ea4c4: ;   {oop(nullptr)}
  0x000001b9c99ea4c4: 0000 48be | 0000 0000 | 0000 0000 | 4889 b424 | d800 0000 | c5fa 1184 | 24bc 0100 | 00e9 f600 
  0x000001b9c99ea4e4: 0000 8b72 | 2083 e650 

  0x000001b9c99ea4ec: ;   {metadata(method data for {method} {0x000001b9e6c66fc8} 'layout' '()V' in 'com/sun/javafx/text/PrismTextLayout')}
  0x000001b9c99ea4ec: 85f6 48be | 7822 55e7 | b901 0000 | bff0 0200 | 0075 05bf | e002 0000 | 488b 1c3e | 488d 5b01 
  0x000001b9c99ea50c: 4889 1c3e | 0f85 2000 

  0x000001b9c99ea514: ;   {oop(nullptr)}
  0x000001b9c99ea514: 0000 48be | 0000 0000 | 0000 0000 | 4889 b424 | d800 0000 | c5fa 1184 | 24bc 0100 | 00e9 a600 
  0x000001b9c99ea534: 0000 c5fa | 1184 24bc 

  0x000001b9c99ea53c: ;   {static_call}
  0x000001b9c99ea53c: 0100 00e8 

  0x000001b9c99ea540: ; ImmutableOopMap {[176]=Oop [184]=Oop [192]=Oop }
                      ;*invokestatic getLineInstance {reexecute=0 rethrow=0 return_oop=0}
                      ; - com.sun.javafx.text.PrismTextLayout::layout@99 (line 1086)
  0x000001b9c99ea540: 9c56 ce06 

  0x000001b9c99ea544: ;   {post_call_nop}
  0x000001b9c99ea544: 0f1f 8400 | 3c05 0007 | 0f1f 4000 

  0x000001b9c99ea550: ;   {other}
  0x000001b9c99ea550: e995 4400 | 0000 0000 | 0000 4889 | 8424 d000 | 0000 e98d | 4400 004c 

  0x000001b9c99ea568: ;   {metadata(method data for {method} {0x000001b9e6c66fc8} 'layout' '()V' in 'com/sun/javafx/text/PrismTextLayout')}
  0x000001b9c99ea568: 8bc0 48ba | 7822 55e7 | b901 0000 | 4883 8210 | 0300 0001 | 4c8b 8424 | b800 0000 | 488b d048 
  0x000001b9c99ea588: 8984 24c8 

  0x000001b9c99ea58c: ;   {optimized virtual_call}
  0x000001b9c99ea58c: 0000 00e8 

  0x000001b9c99ea590: ; ImmutableOopMap {[176]=Oop [184]=Oop [192]=Oop [200]=Oop [208]=Oop }
                      ;*invokespecial <init> {reexecute=0 rethrow=0 return_oop=0}
                      ; - com.sun.javafx.text.PrismTextLayout::layout@111 (line 1087)
  0x000001b9c99ea590: 4c4c ce06 

  0x000001b9c99ea594: ;   {post_call_nop}
  0x000001b9c99ea594: 0f1f 8400 | 8c05 0008 | 4c8b 8424 | c800 0000 | 488b 9424 | d000 0000 | 9048 b8f0 | c5b4 ffb9 
  0x000001b9c99ea5b4: ;   {virtual_call}
  0x000001b9c99ea5b4: 0100 00e8 

  0x000001b9c99ea5b8: ; ImmutableOopMap {[176]=Oop [184]=Oop [192]=Oop [208]=Oop }
                      ;*invokevirtual setText {reexecute=0 rethrow=0 return_oop=0}
                      ; - com.sun.javafx.text.PrismTextLayout::layout@114 (line 1087)
  0x000001b9c99ea5b8: 2451 ce06 

  0x000001b9c99ea5bc: ;   {post_call_nop}
  0x000001b9c99ea5bc: 0f1f 8400 | b405 0009 | 488b b424 | d000 0000 | 4889 b424 | d800 0000 | 488b 9424 | b000 0000 
  0x000001b9c99ea5dc: 8b7a 2081 | e700 003c | 0089 bc24 | e000 0000 

  0x000001b9c99ea5ec: ;   {metadata(method data for {method} {0x000001b9e6c66fc8} 'layout' '()V' in 'com/sun/javafx/text/PrismTextLayout')}
  0x000001b9c99ea5ec: 488b da48 | b878 2255 | e7b9 0100 | 0048 8380 | 5003 0000 | 0148 8bda 

  0x000001b9c99ea604: ;   {optimized virtual_call}
  0x000001b9c99ea604: 488b d3e8 

  0x000001b9c99ea608: ; ImmutableOopMap {[176]=Oop [184]=Oop [192]=Oop [216]=Oop }
                      ;*invokevirtual isSimpleLayout {reexecute=0 rethrow=0 return_oop=0}
                      ; - com.sun.javafx.text.PrismTextLayout::layout@127 (line 1097)
  0x000001b9c99ea608: b43e 90ff 

  0x000001b9c99ea60c: ;   {post_call_nop}
  0x000001b9c99ea60c: 0f1f 8400 | 0406 000a 

  0x000001b9c99ea614: ;   {metadata(method data for {method} {0x000001b9e6c66fc8} 'layout' '()V' in 'com/sun/javafx/text/PrismTextLayout')}
  0x000001b9c99ea614: 85c0 48ba | 7822 55e7 | b901 0000 | be80 0300 | 0074 05be | 9003 0000 | 488b 3c32 | 488d 7f01 
  0x000001b9c99ea634: 4889 3c32 | 0f84 d302 | 0000 488b | 9424 b000 | 0000 8b72 | 4c48 c1e6 | 0348 85f6 

  0x000001b9c99ea650: ;   {metadata(method data for {method} {0x000001b9e6c66fc8} 'layout' '()V' in 'com/sun/javafx/text/PrismTextLayout')}
  0x000001b9c99ea650: 48be 7822 | 55e7 b901 | 0000 bfb0 | 0300 0074 | 05bf a003 | 0000 488b | 043e 488d | 4001 4889 
  0x000001b9c99ea670: 043e 0f84 | 1000 0000 | 4c8b ac24 | b800 0000 | 4c8b dae9 | ae02 0000 | 488b 8424 | b800 0000 
  0x000001b9c99ea690: ;   {metadata('com/sun/javafx/text/LayoutCache')}
  0x000001b9c99ea690: 4c8b da48 | ba40 5330 | 2300 0000 | 004c 8be8 | 498b 87c8 | 0100 0048 | 8d78 3849 | 3bbf d801 
  0x000001b9c99ea6b0: 0000 0f87 | 4943 0000 | 4989 bfc8 | 0100 0048 | c700 0100 | 0000 488b | ca41 ba00 | 0000 2249 
  0x000001b9c99ea6d0: 2bca 8948 | 0848 33c9 | 8948 0c48 | 33c9 bf05 | 0000 0048 | 894c f808 | 48ff cf75 | f64c 8bc0 
  0x000001b9c99ea6f0: ;   {metadata(method data for {method} {0x000001b9e6c66fc8} 'layout' '()V' in 'com/sun/javafx/text/PrismTextLayout')}
  0x000001b9c99ea6f0: 498b d848 | ba78 2255 | e7b9 0100 | 0048 8382 | c003 0000 

  0x000001b9c99ea704: ;   {metadata(method data for {method} {0x000001b9e704b6a0} '<init>' '()V' in 'com/sun/javafx/text/LayoutCache')}
  0x000001b9c99ea704: 0148 bbe8 | fc2f e8b9 | 0100 008b | 9390 0000 | 0083 c202 | 8993 9000 | 0000 81e2 | feff 1f00 
  0x000001b9c99ea724: 85d2 0f84 | e242 0000 

  0x000001b9c99ea72c: ;   {metadata(method data for {method} {0x000001b9e704b6a0} '<init>' '()V' in 'com/sun/javafx/text/LayoutCache')}
  0x000001b9c99ea72c: 498b d848 | bae8 fc2f | e8b9 0100 | 0048 8382 | d800 0000 

  0x000001b9c99ea740: ;   {metadata(method data for {method} {0x00000000224b32d8} '<init>' '()V' in 'java/lang/Object')}
  0x000001b9c99ea740: 0148 bbb0 | c300 e6b9 | 0100 008b | 9390 0000 | 0083 c202 | 8993 9000 | 0000 81e2 | feff 1f00 
  0x000001b9c99ea760: 85d2 0f84 | c742 0000 | 410f be5f | 4885 db0f | 85db 4200 | 004d 8bd0 | 49c1 ea03 | 4589 534c 
  0x000001b9c99ea780: 498b d349 | 33d0 48c1 | ea16 4883 | fa00 0f85 | dc42 0000 

  0x000001b9c99ea794: ; implicit exception: dispatches to 0x000001b9c99eea88
  0x000001b9c99ea794: 458b 4d0c 

  0x000001b9c99ea798: ;   {metadata({type array int})}
  0x000001b9c99ea798: 498b d948 | ba58 4718 | 2200 0000 | 0048 63db | 488b fb48 | 81fb ffff | ff00 0f87 | d542 0000 
  0x000001b9c99ea7b8: be17 0000 | 0048 8d34 | 9e48 83e6 | f849 8b87 | c801 0000 | 488d 3430 | 493b b7d8 | 0100 000f 
  0x000001b9c99ea7d8: 87b0 4200 | 0049 89b7 | c801 0000 | 482b f048 | c700 0100 | 0000 488b | ca41 ba00 | 0000 2249 
  0x000001b9c99ea7f8: 2bca 8948 | 0889 580c | 4883 ee10 | 4885 f60f | 8411 0000 | 0048 33db | 48c1 ee03 | 4889 5cf0 
  0x000001b9c99ea818: 0848 ffce | 75f6 410f | be5f 4885 | db0f 856c | 4200 004c | 8bd0 49c1 | ea03 4589 | 5020 498b 
  0x000001b9c99ea838: d848 33d8 | 48c1 eb16 | 4883 fb00 | 0f85 6d42 | 0000 498b 

  0x000001b9c99ea84c: ;   {metadata({type array float})}
  0x000001b9c99ea84c: d948 ba58 | 3f18 2200 | 0000 0048 | 63db 488b | fb48 81fb | ffff ff00 | 0f87 6542 | 0000 be17 
  0x000001b9c99ea86c: 0000 0048 | 8d34 9e48 | 83e6 f849 | 8b87 c801 | 0000 488d | 3430 493b | b7d8 0100 | 000f 8740 
  0x000001b9c99ea88c: 4200 0049 | 89b7 c801 | 0000 482b | f048 c700 | 0100 0000 | 488b ca41 | ba00 0000 | 2249 2bca 
  0x000001b9c99ea8ac: 8948 0889 | 580c 4883 | ee10 4885 | f60f 8411 | 0000 0048 | 33db 48c1 | ee03 4889 | 5cf0 0848 
  0x000001b9c99ea8cc: ffce 75f6 | 410f be57 | 4885 d20f | 85fc 4100 | 004c 8bd0 | 49c1 ea03 | 4589 5024 | 498b d048 
  0x000001b9c99ea8ec: 33d0 48c1 | ea16 4883 | fa00 0f85 | fd41 0000 

  0x000001b9c99ea8fc: ;   {metadata(method data for {method} {0x000001b9e6c66fc8} 'layout' '()V' in 'com/sun/javafx/text/PrismTextLayout')}
  0x000001b9c99ea8fc: 48ba 7822 | 55e7 b901 | 0000 ff82 | d003 0000 | e925 0000 | 004c 8bac | 24b8 0000 | 004c 8b9c 
  0x000001b9c99ea91c: 24b0 0000 | 0041 0fbe | 5748 85d2 | 0f85 e341 | 0000 41c7 | 434c 0000 

  0x000001b9c99ea934: ;   {metadata('java/util/ArrayList')}
  0x000001b9c99ea934: 0000 48ba | b0d4 2122 | 0000 0000 | 498b 87c8 | 0100 0048 | 8d78 1849 | 3bbf d801 | 0000 0f87 
  0x000001b9c99ea954: d941 0000 | 4989 bfc8 | 0100 0048 | c700 0100 | 0000 488b | ca41 ba00 | 0000 2249 | 2bca 8948 
  0x000001b9c99ea974: 0848 33c9 | 8948 0c48 | 33c9 4889 | 4810 4889 | 8424 f000 | 0000 4c8b 

  0x000001b9c99ea98c: ;   {metadata(method data for {method} {0x000001b9e6c66fc8} 'layout' '()V' in 'com/sun/javafx/text/PrismTextLayout')}
  0x000001b9c99ea98c: c049 b978 | 2255 e7b9 | 0100 0049 | 8381 e803 

  0x000001b9c99ea99c: ;   {metadata(method data for {method} {0x0000000022221f60} '<init>' '()V' in 'java/util/ArrayList')}
  0x000001b9c99ea99c: 0000 0149 | b890 f024 | e6b9 0100 | 0045 8b88 | 9000 0000 | 4183 c102 | 4589 8890 | 0000 0041 
  0x000001b9c99ea9bc: 81e1 feff | 1f00 4585 | c90f 8473 | 4100 004c 

  0x000001b9c99ea9cc: ;   {metadata(method data for {method} {0x0000000022221f60} '<init>' '()V' in 'java/util/ArrayList')}
  0x000001b9c99ea9cc: 8bc0 49b9 | 90f0 24e6 | b901 0000 | 4983 81d8 | 0000 0001 

  0x000001b9c99ea9e0: ;   {metadata(method data for {method} {0x0000000022220bf8} '<init>' '()V' in 'java/util/AbstractList')}
  0x000001b9c99ea9e0: 49b8 08cb | 14e6 b901 | 0000 458b | 8890 0000 | 0041 83c1 | 0245 8988 | 9000 0000 | 4181 e1fe 
  0x000001b9c99eaa00: ff1f 0045 | 85c9 0f84 | 5341 0000 

  0x000001b9c99eaa0c: ;   {metadata(method data for {method} {0x0000000022220bf8} '<init>' '()V' in 'java/util/AbstractList')}
  0x000001b9c99eaa0c: 4c8b c049 | b908 cb14 | e6b9 0100 | 0049 8381 | d800 0000 

  0x000001b9c99eaa20: ;   {metadata(method data for {method} {0x000000002221ffb8} '<init>' '()V' in 'java/util/AbstractCollection')}
  0x000001b9c99eaa20: 0149 b820 | 3001 e6b9 | 0100 0045 | 8b88 9000 | 0000 4183 | c102 4589 | 8890 0000 | 0041 81e1 
  0x000001b9c99eaa40: feff 1f00 | 4585 c90f | 8433 4100 | 004c 8bc0 

  0x000001b9c99eaa50: ;   {metadata(method data for {method} {0x000000002221ffb8} '<init>' '()V' in 'java/util/AbstractCollection')}
  0x000001b9c99eaa50: 49b9 2030 | 01e6 b901 | 0000 4983 | 81d8 0000 

  0x000001b9c99eaa60: ;   {metadata(method data for {method} {0x00000000224b32d8} '<init>' '()V' in 'java/lang/Object')}
  0x000001b9c99eaa60: 0001 49b8 | b0c3 00e6 | b901 0000 | 458b 8890 | 0000 0041 | 83c1 0245 | 8988 9000 | 0000 4181 
  0x000001b9c99eaa80: e1fe ff1f | 0045 85c9 | 0f84 1341 | 0000 450f | be47 4845 | 85c0 0f85 | 2641 0000 

  0x000001b9c99eaa9c: ;   {oop(a 'java/lang/Object'[0] {0x000000060b562558})}
  0x000001b9c99eaa9c: 49ba 5825 | 560b 0600 | 0000 49c1 | ea03 4489 

  0x000001b9c99eaaac: ;   {oop(a 'java/lang/Object'[0] {0x000000060b562558})}
  0x000001b9c99eaaac: 5014 49b8 | 5825 560b | 0600 0000 | 4c8b c84d | 33c8 49c1 | e916 4983 | f900 0f85 | 1641 0000 
  0x000001b9c99eaacc: be00 0000 | 00bb 0000 | 0000 b900 

  0x000001b9c99eaad8: ;   {section_word}
  0x000001b9c99eaad8: 0000 00c5 | fa10 0525 | f6ff ff89 | 9c24 ec00 | 0000 898c | 2400 0100 | 00c5 fa11 | 8424 c001 
  0x000001b9c99eaaf8: 0000 488b | 9c24 c000 | 0000 660f | 1f44 0000 | 418b 7b0c 

  0x000001b9c99eab0c: ;   {metadata(method data for {method} {0x000001b9e6c66fc8} 'layout' '()V' in 'com/sun/javafx/text/PrismTextLayout')}
  0x000001b9c99eab0c: 3bf7 49b8 | 7822 55e7 | b901 0000 | 41b9 f803 | 0000 7d06 | 41b9 0804 | 0000 89bc | 24e4 0000 
  0x000001b9c99eab2c: 004b 8b3c | 0848 8d7f | 014b 893c | 080f 8d85 | 1a00 0045 | 8b43 4049 | c1e0 0341 | 3b70 0c0f 
  0x000001b9c99eab4c: 83b3 4000 | 004c 63ce | 438b 7c88 | 1048 c1e7 | 0348 89bc | 24f8 0000 | 004d 8bc3 | 89b4 24e8 
  0x000001b9c99eab6c: ;   {metadata(method data for {method} {0x000001b9e6c66fc8} 'layout' '()V' in 'com/sun/javafx/text/PrismTextLayout')}
  0x000001b9c99eab6c: 0000 0049 | b978 2255 | e7b9 0100 | 0049 8381 | 1804 0000 | 014c 8bc7 | 4d8b cd48 | 8bfb 498b 
  0x000001b9c99eab8c: d348 899c | 24c0 0000 

  0x000001b9c99eab94: ;   {optimized virtual_call}
  0x000001b9c99eab94: 0066 90e8 

  0x000001b9c99eab98: ; ImmutableOopMap {[176]=Oop [184]=Oop [192]=Oop [216]=Oop [240]=Oop [248]=Oop }
                      ;*invokevirtual shape {reexecute=0 rethrow=0 return_oop=0}
                      ; - com.sun.javafx.text.PrismTextLayout::layout@225 (line 1113)
  0x000001b9c99eab98: c4b4 1f00 

  0x000001b9c99eab9c: ;   {post_call_nop}
  0x000001b9c99eab9c: 0f1f 8400 | 940b 000b | 488b bc24 | f800 0000 

  0x000001b9c99eabac: ; implicit exception: dispatches to 0x000001b9c99eec12
  0x000001b9c99eabac: 483b 0748 

  0x000001b9c99eabb0: ;   {metadata(method data for {method} {0x000001b9e6c66fc8} 'layout' '()V' in 'com/sun/javafx/text/PrismTextLayout')}
  0x000001b9c99eabb0: 8bd7 48be | 7822 55e7 | b901 0000 | 4883 8658 | 0400 0001 

  0x000001b9c99eabc4: ;   {metadata(method data for {method} {0x000001b9e70452b8} 'isTab' '()Z' in 'com/sun/javafx/text/TextRun')}
  0x000001b9c99eabc4: 48ba f0fd | 2fe8 b901 | 0000 8bb2 | 9000 0000 | 83c6 0289 | b290 0000 | 0081 e6fe | ff1f 0085 
  0x000001b9c99eabe4: f60f 842c | 4000 008b | 572c 83e2 

  0x000001b9c99eabf0: ;   {metadata(method data for {method} {0x000001b9e70452b8} 'isTab' '()Z' in 'com/sun/javafx/text/TextRun')}
  0x000001b9c99eabf0: 0185 d248 | baf0 fd2f | e8b9 0100 | 00be d800 | 0000 7405 | bee8 0000 | 0048 8b1c | 3248 8d5b 
  0x000001b9c99eac10: 0148 891c | 320f 841a 

  0x000001b9c99eac18: ;   {metadata(method data for {method} {0x000001b9e70452b8} 'isTab' '()Z' in 'com/sun/javafx/text/TextRun')}
  0x000001b9c99eac18: 0000 0048 | baf0 fd2f | e8b9 0100 | 00ff 82f8 | 0000 00ba | 0100 0000 | e905 0000 | 00ba 0000 
  0x000001b9c99eac38: 0000 83e2 

  0x000001b9c99eac3c: ;   {metadata(method data for {method} {0x000001b9e6c66fc8} 'layout' '()V' in 'com/sun/javafx/text/PrismTextLayout')}
  0x000001b9c99eac3c: 0185 d248 | ba78 2255 | e7b9 0100 | 00be 7804 | 0000 7405 | be88 0400 | 0048 8b1c | 3248 8d5b 
  0x000001b9c99eac5c: 0148 891c | 320f 8478 | 0000 00c5 | fa10 8424 | bc01 0000 | c5fa 108c | 24c0 0100 | 00c5 f25e 
  0x000001b9c99eac7c: c8c5 fa2c | d181 fa00 | 0000 8075 | 0f48 83ec | 08c5 fa11 

  0x000001b9c99eac90: ;   {runtime_call Stub::f2i_fixup}
  0x000001b9c99eac90: 0c24 e853 | 67c9 065a | ffc2 c5f2 | 2aca c5f2 | 59c8 488b 

  0x000001b9c99eaca4: ;   {metadata(method data for {method} {0x000001b9e6c66fc8} 'layout' '()V' in 'com/sun/javafx/text/PrismTextLayout')}
  0x000001b9c99eaca4: d748 be78 | 2255 e7b9 

  0x000001b9c99eacac: ;   {metadata('com/sun/javafx/text/TextRun')}
  0x000001b9c99eacac: 0100 0049 | ba00 4b30 | 2300 0000 | 004c 8996 | a004 0000 | 4883 86a8 | 0400 0001 | c5f2 5c8c 
  0x000001b9c99eaccc: 24c0 0100 | 00c5 fa11 | 4f18 c5fa | 1184 24bc | 0100 0048 

  0x000001b9c99eace0: ;   {metadata(method data for {method} {0x000001b9e6c66fc8} 'layout' '()V' in 'com/sun/javafx/text/PrismTextLayout')}
  0x000001b9c99eace0: 8bf7 48bb | 7822 55e7 | b901 0000 | 4883 83d8 | 0400 0001 

  0x000001b9c99eacf4: ;   {optimized virtual_call}
  0x000001b9c99eacf4: 488b d7e8 

  0x000001b9c99eacf8: ; ImmutableOopMap {[176]=Oop [184]=Oop [192]=Oop [216]=Oop [240]=Oop [248]=Oop }
                      ;*invokevirtual getWidth {reexecute=0 rethrow=0 return_oop=0}
                      ; - com.sun.javafx.text.PrismTextLayout::layout@260 (line 1119)
  0x000001b9c99eacf8: c413 dfff 

  0x000001b9c99eacfc: ;   {post_call_nop}
  0x000001b9c99eacfc: 0f1f 8400 | f40c 000c | 488b 9424 | b000 0000 | c5fa 104a 

  0x000001b9c99ead10: ;   {section_word}
  0x000001b9c99ead10: 18c5 fa10 | 15f3 f3ff | ffc5 f82e | cabe ffff | ffff 0f8a | 1400 0000 | 0f82 0e00 | 0000 be00 
  0x000001b9c99ead30: 0000 000f | 8403 0000 | 0048 ffc6 

  0x000001b9c99ead3c: ;   {metadata(method data for {method} {0x000001b9e6c66fc8} 'layout' '()V' in 'com/sun/javafx/text/PrismTextLayout')}
  0x000001b9c99ead3c: 85f6 48be | 7822 55e7 | b901 0000 | bf08 0500 | 007f 05bf | f804 0000 | 488b 1c3e | 488d 5b01 
  0x000001b9c99ead5c: 4889 1c3e | 0f8f 1400 | 0000 488b | bc24 f800 | 0000 8bb4 | 24e8 0000 | 00e9 3213 | 0000 c5f8 
  0x000001b9c99ead7c: 28d0 c5ea | 5894 24c0 | 0100 00c5 | f82e d1be | ffff ffff | 0f8a 1400 | 0000 0f82 | 0e00 0000 
  0x000001b9c99ead9c: be00 0000 | 000f 8403 | 0000 0048 | ffc6 85f6 

  0x000001b9c99eadac: ;   {metadata(method data for {method} {0x000001b9e6c66fc8} 'layout' '()V' in 'com/sun/javafx/text/PrismTextLayout')}
  0x000001b9c99eadac: 48be 7822 | 55e7 b901 | 0000 bf28 | 0500 007f | 05bf 1805 | 0000 488b | 1c3e 488d | 5b01 4889 
  0x000001b9c99eadcc: 1c3e 488b | bc24 f800 | 0000 0f8f | 0c00 0000 | 8bb4 24e8 | 0000 00e9 | c412 0000 

  0x000001b9c99eade8: ;   {metadata(method data for {method} {0x000001b9e6c66fc8} 'layout' '()V' in 'com/sun/javafx/text/PrismTextLayout')}
  0x000001b9c99eade8: 488b f748 | bb78 2255 | e7b9 0100 

  0x000001b9c99eadf4: ;   {metadata('com/sun/javafx/text/TextRun')}
  0x000001b9c99eadf4: 0049 ba00 | 4b30 2300 | 0000 004c | 8993 4005 | 0000 4883 | 8348 0500 

  0x000001b9c99eae0c: ;   {metadata(method data for {method} {0x000001b9e7045008} 'isLinebreak' '()Z' in 'com/sun/javafx/text/TextRun')}
  0x000001b9c99eae0c: 0001 48be | 800b 40e8 | b901 0000 | 8b9e 9000 | 0000 83c3 | 0289 9e90 | 0000 0081 | e3fe ff1f 
  0x000001b9c99eae2c: 0085 db0f | 8403 3e00 | 008b 772c | 83e6 0285 

  0x000001b9c99eae3c: ;   {metadata(method data for {method} {0x000001b9e7045008} 'isLinebreak' '()Z' in 'com/sun/javafx/text/TextRun')}
  0x000001b9c99eae3c: f648 be80 | 0b40 e8b9 | 0100 00bb | d800 0000 | 7405 bbe8 | 0000 0048 | 8b04 1e48 | 8d40 0148 
  0x000001b9c99eae5c: 8904 1e0f | 841a 0000 

  0x000001b9c99eae64: ;   {metadata(method data for {method} {0x000001b9e7045008} 'isLinebreak' '()Z' in 'com/sun/javafx/text/TextRun')}
  0x000001b9c99eae64: 0048 be80 | 0b40 e8b9 | 0100 00ff | 86f8 0000 | 00be 0100 | 0000 e905 | 0000 00be | 0000 0000 
  0x000001b9c99eae84: 83e6 0185 

  0x000001b9c99eae88: ;   {metadata(method data for {method} {0x000001b9e6c66fc8} 'layout' '()V' in 'com/sun/javafx/text/PrismTextLayout')}
  0x000001b9c99eae88: f648 be78 | 2255 e7b9 | 0100 00bb | 7805 0000 | 7405 bb68 | 0500 0048 | 8b04 1e48 | 8d40 0148 
  0x000001b9c99eaea8: 8904 1e0f | 840c 0000 | 008b b424 | e800 0000 | e9ef 1100 | 00c5 fa11 | 8424 c401 | 0000 488b 
  0x000001b9c99eaec8: ;   {metadata(method data for {method} {0x000001b9e6c66fc8} 'layout' '()V' in 'com/sun/javafx/text/PrismTextLayout')}
  0x000001b9c99eaec8: f748 bb78 | 2255 e7b9 

  0x000001b9c99eaed0: ;   {metadata('com/sun/javafx/text/TextRun')}
  0x000001b9c99eaed0: 0100 0049 | ba00 4b30 | 2300 0000 | 004c 8993 | 9005 0000 | 4883 8398 | 0500 0001 | 8b77 1048 
  0x000001b9c99eaef0: ;   {metadata(method data for {method} {0x000001b9e6c66fc8} 'layout' '()V' in 'com/sun/javafx/text/PrismTextLayout')}
  0x000001b9c99eaef0: 8bdf 48b8 | 7822 55e7 | b901 0000 

  0x000001b9c99eaefc: ;   {metadata('com/sun/javafx/text/TextRun')}
  0x000001b9c99eaefc: 49ba 004b | 3023 0000 | 0000 4c89 | 90c0 0500 | 0048 8380 | c805 0000 | 01c5 f25c | 8c24 c001 
  0x000001b9c99eaf1c: 0000 c5f8 | 28c1 488b | d789 b424 | 0401 0000 

  0x000001b9c99eaf2c: ;   {optimized virtual_call}
  0x000001b9c99eaf2c: 6666 90e8 

  0x000001b9c99eaf30: ; ImmutableOopMap {[176]=Oop [184]=Oop [192]=Oop [216]=Oop [240]=Oop [248]=Oop }
                      ;*invokevirtual getWrapIndex {reexecute=0 rethrow=0 return_oop=0}
                      ; - com.sun.javafx.text.PrismTextLayout::layout@309 (line 1123)
  0x000001b9c99eaf30: 0947 0000 

  0x000001b9c99eaf34: ;   {post_call_nop}
  0x000001b9c99eaf34: 0f1f 8400 | 2c0f 000d | 8bb4 2404 | 0100 0003 | f048 8bbc | 24f8 0000 

  0x000001b9c99eaf4c: ;   {metadata(method data for {method} {0x000001b9e6c66fc8} 'layout' '()V' in 'com/sun/javafx/text/PrismTextLayout')}
  0x000001b9c99eaf4c: 0049 b878 | 2255 e7b9 

  0x000001b9c99eaf54: ;   {metadata('com/sun/javafx/text/TextRun')}
  0x000001b9c99eaf54: 0100 0049 | ba00 4b30 | 2300 0000 | 004d 8990 | f005 0000 | 4983 80f8 | 0500 0001 

  0x000001b9c99eaf70: ;   {metadata(method data for {method} {0x000001b9e7047ac8} 'getEnd' '()I' in 'com/sun/javafx/text/TextRun')}
  0x000001b9c99eaf70: 49b8 1014 | 40e8 b901 | 0000 418b | 9090 0000 | 0083 c202 | 4189 9090 | 0000 0081 | e2fe ff1f 
  0x000001b9c99eaf90: 0085 d20f | 84c0 3c00 | 0048 8bbc | 24f8 0000 | 0044 8b47 | 108b 5714 | 4403 c248 | 8bd6 ffc2 
  0x000001b9c99eafb0: ;   {metadata(method data for {method} {0x000001b9e6c66fc8} 'layout' '()V' in 'com/sun/javafx/text/PrismTextLayout')}
  0x000001b9c99eafb0: 413b d049 | b878 2255 | e7b9 0100 | 00bb 2806 | 0000 7c05 | bb18 0600 | 0049 8b04 | 1848 8d40 
  0x000001b9c99eafd0: 0149 8904 | 180f 8c18 | 0000 0048 | 8bde 488b | 8c24 d800 | 0000 488b | 8424 b800 | 0000 e961 
  0x000001b9c99eaff0: 0000 0048 | 8b84 24b8 | 0000 003b | 700c 0f83 | 803c 0000 | 4c63 c646 | 0fb7 4440 | 1041 83f8 
  0x000001b9c99eb010: ;   {metadata(method data for {method} {0x000001b9e6c66fc8} 'layout' '()V' in 'com/sun/javafx/text/PrismTextLayout')}
  0x000001b9c99eb010: 2049 b878 | 2255 e7b9 | 0100 00bb | 4806 0000 | 7405 bb38 | 0600 0049 | 8b0c 1848 | 8d49 0149 
  0x000001b9c99eb030: 890c 180f | 8410 0000 | 0048 8bde | 488b 8c24 | d800 0000 | e90b 0000 | 0048 8bda | 488b 8c24 
  0x000001b9c99eb050: d800 0000 

  0x000001b9c99eb054: ;   {metadata(method data for {method} {0x000001b9e6c66fc8} 'layout' '()V' in 'com/sun/javafx/text/PrismTextLayout')}
  0x000001b9c99eb054: 4885 c949 | b878 2255 | e7b9 0100 | 00ba 5806 | 0000 7405 | ba68 0600 | 004d 8b0c | 104d 8d49 
  0x000001b9c99eb074: 014d 890c | 1089 b424 | 0c01 0000 | 0f84 f600 | 0000 4c8b | c348 8bd1 | 4889 8c24 | d800 0000 
  0x000001b9c99eb094: 899c 2408 | 0100 0066 | 9048 b818 | c6b4 ffb9 

  0x000001b9c99eb0a4: ;   {virtual_call}
  0x000001b9c99eb0a4: 0100 00e8 

  0x000001b9c99eb0a8: ; ImmutableOopMap {[176]=Oop [184]=Oop [192]=Oop [216]=Oop [240]=Oop [248]=Oop }
                      ;*invokevirtual isBoundary {reexecute=0 rethrow=0 return_oop=0}
                      ; - com.sun.javafx.text.PrismTextLayout::layout@360 (line 1142)
  0x000001b9c99eb0a8: 3446 ce06 

  0x000001b9c99eb0ac: ;   {post_call_nop}
  0x000001b9c99eb0ac: 0f1f 8400 | a410 000e 

  0x000001b9c99eb0b4: ;   {metadata(method data for {method} {0x000001b9e6c66fc8} 'layout' '()V' in 'com/sun/javafx/text/PrismTextLayout')}
  0x000001b9c99eb0b4: 85c0 49b8 | 7822 55e7 | b901 0000 | baa8 0600 | 0075 05ba | b806 0000 | 498b 3410 | 488d 7601 
  0x000001b9c99eb0d4: 4989 3410 | 8b9c 2408 | 0100 0048 | 8b84 24b8 | 0000 000f | 853e 0000 | 003b 580c | 0f83 a63b 
  0x000001b9c99eb0f4: 0000 4c63 | c346 0fb7 | 4440 1041 

  0x000001b9c99eb100: ;   {metadata(method data for {method} {0x000001b9e6c66fc8} 'layout' '()V' in 'com/sun/javafx/text/PrismTextLayout')}
  0x000001b9c99eb100: 83f8 0949 | b878 2255 | e7b9 0100 | 00ba c806 | 0000 7505 | bad8 0600 | 0049 8b34 | 1048 8d76 
  0x000001b9c99eb120: 0149 8934 | 100f 8516 

  0x000001b9c99eb128: ;   {metadata(method data for {method} {0x000001b9e6c66fc8} 'layout' '()V' in 'com/sun/javafx/text/PrismTextLayout')}
  0x000001b9c99eb128: 0000 0049 | b878 2255 | e7b9 0100 | 0041 ff80 | e806 0000 | e926 0000 | 004c 8bc3 | 488b 9424 
  0x000001b9c99eb148: d800 0000 | 9048 b840 | c6b4 ffb9 

  0x000001b9c99eb154: ;   {virtual_call}
  0x000001b9c99eb154: 0100 00e8 

  0x000001b9c99eb158: ; ImmutableOopMap {[176]=Oop [184]=Oop [192]=Oop [216]=Oop [240]=Oop [248]=Oop }
                      ;*invokevirtual preceding {reexecute=0 rethrow=0 return_oop=0}
                      ; - com.sun.javafx.text.PrismTextLayout::layout@384 (line 1142)
  0x000001b9c99eb158: 8445 ce06 

  0x000001b9c99eb15c: ;   {post_call_nop}
  0x000001b9c99eb15c: 0f1f 8400 | 5411 000f 

  0x000001b9c99eb164: ;   {metadata(method data for {method} {0x000001b9e6c66fc8} 'layout' '()V' in 'com/sun/javafx/text/PrismTextLayout')}
  0x000001b9c99eb164: 488b d848 | ba78 2255 | e7b9 0100 | 00ff 8230 | 0700 00e9 | 1404 0000 | 4889 8c24 | d800 0000 
  0x000001b9c99eb184: ; implicit exception: dispatches to 0x000001b9c99eecaa
  0x000001b9c99eb184: 3b58 0c0f | 8327 3b00 | 0048 63d3 | 0fb7 7450 

  0x000001b9c99eb194: ;   {metadata(method data for {method} {0x000001b9e6c66fc8} 'layout' '()V' in 'com/sun/javafx/text/PrismTextLayout')}
  0x000001b9c99eb194: 1048 ba78 | 2255 e7b9 | 0100 0048 | 8382 4807 

  0x000001b9c99eb1a4: ;   {metadata(method data for {method} {0x00000000221a8bc8} 'isWhitespace' '(C)Z' in 'java/lang/Character')}
  0x000001b9c99eb1a4: 0000 0148 | baf8 0832 | e6b9 0100 | 008b ba90 | 0000 0083 | c702 89ba | 9000 0000 | 81e7 feff 
  0x000001b9c99eb1c4: 1f00 85ff | 0f84 f43a 

  0x000001b9c99eb1cc: ;   {metadata(method data for {method} {0x00000000221a8bc8} 'isWhitespace' '(C)Z' in 'java/lang/Character')}
  0x000001b9c99eb1cc: 0000 48ba | f808 32e6 | b901 0000 | 4883 82d8 | 0000 0001 

  0x000001b9c99eb1e0: ;   {metadata(method data for {method} {0x00000000221a8c20} 'isWhitespace' '(I)Z' in 'java/lang/Character')}
  0x000001b9c99eb1e0: 48ba 9004 | 32e6 b901 | 0000 8bba | 9000 0000 | 83c7 0289 | ba90 0000 | 0081 e7fe | ff1f 0085 
  0x000001b9c99eb200: ff0f 84dc 

  0x000001b9c99eb204: ;   {metadata(method data for {method} {0x00000000221a8c20} 'isWhitespace' '(I)Z' in 'java/lang/Character')}
  0x000001b9c99eb204: 3a00 0048 | ba90 0432 | e6b9 0100 | 0048 8382 | d800 0000 | 0148 8bd6 | 899c 2408 | 0100 0089 
  0x000001b9c99eb224: b424 1001 | 0000 0f1f 

  0x000001b9c99eb22c: ;   {static_call}
  0x000001b9c99eb22c: 4400 00e8 

  0x000001b9c99eb230: ; ImmutableOopMap {[176]=Oop [184]=Oop [192]=Oop [216]=Oop [240]=Oop [248]=Oop }
                      ;*invokestatic of {reexecute=0 rethrow=0 return_oop=0}
                      ; - java.lang.Character::isWhitespace@1 (line 11711)
                      ; - java.lang.Character::isWhitespace@1 (line 11680)
                      ; - com.sun.javafx.text.PrismTextLayout::layout@396 (line 1145)
  0x000001b9c99eb230: ac49 ce06 

  0x000001b9c99eb234: ;   {post_call_nop}
  0x000001b9c99eb234: 0f1f 8400 | 2c12 0010 

  0x000001b9c99eb23c: ; implicit exception: dispatches to 0x000001b9c99eed04
  0x000001b9c99eb23c: 483b 004c 

  0x000001b9c99eb240: ;   {metadata(method data for {method} {0x00000000221a8c20} 'isWhitespace' '(I)Z' in 'java/lang/Character')}
  0x000001b9c99eb240: 8bc0 48ba | 9004 32e6 | b901 0000 | 458b 4008 | 41ba 0000 | 0022 4d03 | c24c 3b82 | f000 0000 
  0x000001b9c99eb260: 750d 4883 | 82f8 0000 | 0001 e960 | 0000 004c | 3b82 0001 | 0000 750d | 4883 8208 | 0100 0001 
  0x000001b9c99eb280: e94a 0000 | 0048 83ba | f000 0000 | 0075 174c | 8982 f000 | 0000 48c7 | 82f8 0000 | 0001 0000 
  0x000001b9c99eb2a0: 00e9 2900 | 0000 4883 | ba00 0100 | 0000 7517 | 4c89 8200 | 0100 0048 | c782 0801 | 0000 0100 
  0x000001b9c99eb2c0: 0000 e908 | 0000 0048 | 8382 e800 | 0000 0144 | 8b84 2410 | 0100 0048 | 8bd0 6666 | 9048 b868 
  0x000001b9c99eb2e0: c6b4 ffb9 

  0x000001b9c99eb2e4: ;   {virtual_call}
  0x000001b9c99eb2e4: 0100 00e8 

  0x000001b9c99eb2e8: ; ImmutableOopMap {[176]=Oop [184]=Oop [192]=Oop [216]=Oop [240]=Oop [248]=Oop }
                      ;*invokevirtual isWhitespace {reexecute=0 rethrow=0 return_oop=0}
                      ; - java.lang.Character::isWhitespace@5 (line 11711)
                      ; - java.lang.Character::isWhitespace@1 (line 11680)
                      ; - com.sun.javafx.text.PrismTextLayout::layout@396 (line 1145)
  0x000001b9c99eb2e8: 1601 4307 

  0x000001b9c99eb2ec: ;   {post_call_nop}
  0x000001b9c99eb2ec: 0f1f 8400 | e412 0011 | 83e0 0183 | e001 8b9c | 2408 0100 | 0089 8424 | 1801 0000 | 488b 8424 
  0x000001b9c99eb30c: b800 0000 | 3b9c 24ec 

  0x000001b9c99eb314: ;   {metadata(method data for {method} {0x000001b9e6c66fc8} 'layout' '()V' in 'com/sun/javafx/text/PrismTextLayout')}
  0x000001b9c99eb314: 0000 0048 | ba78 2255 | e7b9 0100 | 00bf 5807 | 0000 7e05 | bf68 0700 | 0048 8b0c | 3a48 8d49 
  0x000001b9c99eb334: 0148 890c | 3a48 8bd3 | 0f8e 2c02 | 0000 ffca | 3b50 0c0f | 83bc 3900 | 0048 63d2 | 0fb7 7c50 
  0x000001b9c99eb354: ;   {metadata(method data for {method} {0x000001b9e6c66fc8} 'layout' '()V' in 'com/sun/javafx/text/PrismTextLayout')}
  0x000001b9c99eb354: 1048 ba78 | 2255 e7b9 | 0100 0048 | 8382 7807 

  0x000001b9c99eb364: ;   {metadata(method data for {method} {0x00000000221a8bc8} 'isWhitespace' '(C)Z' in 'java/lang/Character')}
  0x000001b9c99eb364: 0000 0148 | baf8 0832 | e6b9 0100 | 008b 8a90 | 0000 0083 | c102 898a | 9000 0000 | 81e1 feff 
  0x000001b9c99eb384: 1f00 85c9 | 0f84 8939 

  0x000001b9c99eb38c: ;   {metadata(method data for {method} {0x00000000221a8bc8} 'isWhitespace' '(C)Z' in 'java/lang/Character')}
  0x000001b9c99eb38c: 0000 48ba | f808 32e6 | b901 0000 | 4883 82d8 | 0000 0001 

  0x000001b9c99eb3a0: ;   {metadata(method data for {method} {0x00000000221a8c20} 'isWhitespace' '(I)Z' in 'java/lang/Character')}
  0x000001b9c99eb3a0: 48ba 9004 | 32e6 b901 | 0000 8b8a | 9000 0000 | 83c1 0289 | 8a90 0000 | 0081 e1fe | ff1f 0085 
  0x000001b9c99eb3c0: c90f 8471 

  0x000001b9c99eb3c4: ;   {metadata(method data for {method} {0x00000000221a8c20} 'isWhitespace' '(I)Z' in 'java/lang/Character')}
  0x000001b9c99eb3c4: 3900 0048 | ba90 0432 | e6b9 0100 | 0048 8382 | d800 0000 | 0148 8bd7 | 899c 241c | 0100 0089 
  0x000001b9c99eb3e4: bc24 1401 | 0000 0f1f 

  0x000001b9c99eb3ec: ;   {static_call}
  0x000001b9c99eb3ec: 4400 00e8 

  0x000001b9c99eb3f0: ; ImmutableOopMap {[176]=Oop [184]=Oop [192]=Oop [216]=Oop [240]=Oop [248]=Oop }
                      ;*invokestatic of {reexecute=0 rethrow=0 return_oop=0}
                      ; - java.lang.Character::isWhitespace@1 (line 11711)
                      ; - java.lang.Character::isWhitespace@1 (line 11680)
                      ; - com.sun.javafx.text.PrismTextLayout::layout@414 (line 1147)
  0x000001b9c99eb3f0: ec47 ce06 

  0x000001b9c99eb3f4: ;   {post_call_nop}
  0x000001b9c99eb3f4: 0f1f 8400 | ec13 0012 

  0x000001b9c99eb3fc: ; implicit exception: dispatches to 0x000001b9c99eed59
  0x000001b9c99eb3fc: 483b 004c 

  0x000001b9c99eb400: ;   {metadata(method data for {method} {0x00000000221a8c20} 'isWhitespace' '(I)Z' in 'java/lang/Character')}
  0x000001b9c99eb400: 8bc0 48ba | 9004 32e6 | b901 0000 | 458b 4008 | 41ba 0000 | 0022 4d03 | c24c 3b82 | f000 0000 
  0x000001b9c99eb420: 750d 4883 | 82f8 0000 | 0001 e960 | 0000 004c | 3b82 0001 | 0000 750d | 4883 8208 | 0100 0001 
  0x000001b9c99eb440: e94a 0000 | 0048 83ba | f000 0000 | 0075 174c | 8982 f000 | 0000 48c7 | 82f8 0000 | 0001 0000 
  0x000001b9c99eb460: 00e9 2900 | 0000 4883 | ba00 0100 | 0000 7517 | 4c89 8200 | 0100 0048 | c782 0801 | 0000 0100 
  0x000001b9c99eb480: 0000 e908 | 0000 0048 | 8382 e800 | 0000 0144 | 8b84 2414 | 0100 0048 | 8bd0 6666 | 9048 b890 
  0x000001b9c99eb4a0: c6b4 ffb9 

  0x000001b9c99eb4a4: ;   {virtual_call}
  0x000001b9c99eb4a4: 0100 00e8 

  0x000001b9c99eb4a8: ; ImmutableOopMap {[176]=Oop [184]=Oop [192]=Oop [216]=Oop [240]=Oop [248]=Oop }
                      ;*invokevirtual isWhitespace {reexecute=0 rethrow=0 return_oop=0}
                      ; - java.lang.Character::isWhitespace@5 (line 11711)
                      ; - java.lang.Character::isWhitespace@1 (line 11680)
                      ; - com.sun.javafx.text.PrismTextLayout::layout@414 (line 1147)
  0x000001b9c99eb4a8: 56ff 4207 

  0x000001b9c99eb4ac: ;   {post_call_nop}
  0x000001b9c99eb4ac: 0f1f 8400 | a414 0013 | 83e0 0183 | e001 8b9c | 2418 0100 

  0x000001b9c99eb4c0: ;   {metadata(method data for {method} {0x000001b9e6c66fc8} 'layout' '()V' in 'com/sun/javafx/text/PrismTextLayout')}
  0x000001b9c99eb4c0: 0085 db48 | bb78 2255 | e7b9 0100 | 00ba 8807 | 0000 7505 | ba98 0700 | 0048 8b34 | 1348 8d76 
  0x000001b9c99eb4e0: 0148 8934 | 130f 852a | 0000 0085 

  0x000001b9c99eb4ec: ;   {metadata(method data for {method} {0x000001b9e6c66fc8} 'layout' '()V' in 'com/sun/javafx/text/PrismTextLayout')}
  0x000001b9c99eb4ec: c048 bb78 | 2255 e7b9 | 0100 00ba | b807 0000 | 7505 baa8 | 0700 0048 | 8b34 1348 | 8d76 0148 
  0x000001b9c99eb50c: 8934 130f | 8561 0000 | 008b 9424 | 1c01 0000 

  0x000001b9c99eb51c: ;   {metadata(method data for {method} {0x000001b9e6c66fc8} 'layout' '()V' in 'com/sun/javafx/text/PrismTextLayout')}
  0x000001b9c99eb51c: ffca 48bb | 7822 55e7 | b901 0000 | 8bb3 9400 | 0000 83c6 | 0289 b394 | 0000 0081 | e6fe 3f00 
  0x000001b9c99eb53c: 0085 f60f | 8419 3800 | 004d 8b57 

  0x000001b9c99eb548: ; ImmutableOopMap {[176]=Oop [184]=Oop [192]=Oop [216]=Oop [240]=Oop [248]=Oop }
                      ;*goto {reexecute=1 rethrow=0 return_oop=0}
                      ; - (reexecute) com.sun.javafx.text.PrismTextLayout::layout@439 (line 1151)
                      ;   {poll}
  0x000001b9c99eb548: 3041 8502 

  0x000001b9c99eb54c: ;   {metadata(method data for {method} {0x000001b9e6c66fc8} 'layout' '()V' in 'com/sun/javafx/text/PrismTextLayout')}
  0x000001b9c99eb54c: 48bb 7822 | 55e7 b901 | 0000 ff83 | e007 0000 | 488b d889 | 9c24 1801 | 0000 488b | dae9 9afd 
  0x000001b9c99eb56c: ffff 488b | dae9 1a00 | 0000 8b94 | 241c 0100 

  0x000001b9c99eb57c: ;   {metadata(method data for {method} {0x000001b9e6c66fc8} 'layout' '()V' in 'com/sun/javafx/text/PrismTextLayout')}
  0x000001b9c99eb57c: 0048 bb78 | 2255 e7b9 | 0100 00ff | 83c8 0700 | 0048 8bda | 3b9c 24ec 

  0x000001b9c99eb594: ;   {metadata(method data for {method} {0x000001b9e6c66fc8} 'layout' '()V' in 'com/sun/javafx/text/PrismTextLayout')}
  0x000001b9c99eb594: 0000 0048 | ba78 2255 | e7b9 0100 | 00be f807 | 0000 7d05 | be08 0800 | 0048 8b3c | 3248 8d7f 
  0x000001b9c99eb5b4: 0148 893c | 320f 8d07 | 0000 008b | 9c24 ec00 | 0000 8b8c | 2400 0100 

  0x000001b9c99eb5cc: ;   {oop(nullptr)}
  0x000001b9c99eb5cc: 0048 ba00 | 0000 0000 | 0000 004c | 8b9c 24b0 | 0000 00e9 | e100 0000 | 0f1f 4000 | 418b 5340 
  0x000001b9c99eb5ec: 48c1 e203 

  0x000001b9c99eb5f0: ; implicit exception: dispatches to 0x000001b9c99eed7f
  0x000001b9c99eb5f0: 3b4a 0c0f | 8390 3700 | 0048 63f9 | 8b54 ba10 | 48c1 e203 

  0x000001b9c99eb604: ; implicit exception: dispatches to 0x000001b9c99eed97
  0x000001b9c99eb604: 483b 0248 

  0x000001b9c99eb608: ;   {metadata(method data for {method} {0x000001b9e6c66fc8} 'layout' '()V' in 'com/sun/javafx/text/PrismTextLayout')}
  0x000001b9c99eb608: 8bfa 48b8 | 7822 55e7 | b901 0000 

  0x000001b9c99eb614: ;   {metadata('com/sun/javafx/text/TextRun')}
  0x000001b9c99eb614: 49ba 004b | 3023 0000 | 0000 4c89 | 9040 0800 | 0048 8380 | 4808 0000 

  0x000001b9c99eb62c: ;   {metadata(method data for {method} {0x000001b9e7047ac8} 'getEnd' '()I' in 'com/sun/javafx/text/TextRun')}
  0x000001b9c99eb62c: 0148 bf10 | 1440 e8b9 | 0100 008b | 8790 0000 | 0083 c002 | 8987 9000 | 0000 25fe | ff1f 0085 
  0x000001b9c99eb64c: c00f 8449 | 3700 008b | 7a10 8b42 | 1403 f83b 

  0x000001b9c99eb65c: ;   {metadata(method data for {method} {0x000001b9e6c66fc8} 'layout' '()V' in 'com/sun/javafx/text/PrismTextLayout')}
  0x000001b9c99eb65c: fb48 bf78 | 2255 e7b9 | 0100 00b8 | 7808 0000 | 7f05 b868 | 0800 004c | 8b04 074d | 8d40 014c 
  0x000001b9c99eb67c: 8904 070f | 8f73 0000 

  0x000001b9c99eb684: ;   {metadata(method data for {method} {0x000001b9e6c66fc8} 'layout' '()V' in 'com/sun/javafx/text/PrismTextLayout')}
  0x000001b9c99eb684: 00ff c148 | be78 2255 | e7b9 0100 | 008b be94 | 0000 0083 | c702 89be | 9400 0000 | 81e7 fe3f 
  0x000001b9c99eb6a4: 0000 85ff | 0f84 0f37 | 0000 4d8b 

  0x000001b9c99eb6b0: ; ImmutableOopMap {r11=Oop rdx=Oop [176]=Oop [184]=Oop [192]=Oop [216]=Oop [240]=Oop [248]=Oop }
                      ;*goto {reexecute=1 rethrow=0 return_oop=0}
                      ; - (reexecute) com.sun.javafx.text.PrismTextLayout::layout@494 (line 1163)
                      ;   {poll}
  0x000001b9c99eb6b0: 5730 4185 

  0x000001b9c99eb6b4: ;   {metadata(method data for {method} {0x000001b9e6c66fc8} 'layout' '()V' in 'com/sun/javafx/text/PrismTextLayout')}
  0x000001b9c99eb6b4: 0248 be78 | 2255 e7b9 | 0100 00ff | 86a0 0800 | 0041 8b73 

  0x000001b9c99eb6c8: ;   {metadata(method data for {method} {0x000001b9e6c66fc8} 'layout' '()V' in 'com/sun/javafx/text/PrismTextLayout')}
  0x000001b9c99eb6c8: 0c3b ce48 | bf78 2255 | e7b9 0100 | 00b8 1808 | 0000 7d05 | b828 0800 | 004c 8b04 | 074d 8d40 
  0x000001b9c99eb6e8: 014c 8904 | 070f 8d15 | 0000 00e9 | f0fe ffff 

  0x000001b9c99eb6f8: ;   {metadata(method data for {method} {0x000001b9e6c66fc8} 'layout' '()V' in 'com/sun/javafx/text/PrismTextLayout')}
  0x000001b9c99eb6f8: 48bf 7822 | 55e7 b901 | 0000 ff87 | 8808 0000 | 3b9c 24ec 

  0x000001b9c99eb70c: ;   {metadata(method data for {method} {0x000001b9e6c66fc8} 'layout' '()V' in 'com/sun/javafx/text/PrismTextLayout')}
  0x000001b9c99eb70c: 0000 0048 | bf78 2255 | e7b9 0100 | 00b8 b808 | 0000 7505 | b8c8 0800 | 004c 8b04 | 074d 8d40 
  0x000001b9c99eb72c: 014c 8904 | 070f 8516 | 0000 008b | 9c24 0c01 | 0000 488b | 9424 f800 | 0000 8b8c | 24e8 0000 
  0x000001b9c99eb74c: 0048 3b02 

  0x000001b9c99eb750: ;   {metadata(method data for {method} {0x000001b9e6c66fc8} 'layout' '()V' in 'com/sun/javafx/text/PrismTextLayout')}
  0x000001b9c99eb750: 488b fa48 | b878 2255 | e7b9 0100 

  0x000001b9c99eb75c: ;   {metadata('com/sun/javafx/text/TextRun')}
  0x000001b9c99eb75c: 0049 ba00 | 4b30 2300 | 0000 004c | 8990 e008 | 0000 4883 | 80e8 0800 | 0001 8b7a | 102b df85 
  0x000001b9c99eb77c: ;   {metadata(method data for {method} {0x000001b9e6c66fc8} 'layout' '()V' in 'com/sun/javafx/text/PrismTextLayout')}
  0x000001b9c99eb77c: db48 bf78 | 2255 e7b9 | 0100 00b8 | 0809 0000 | 7505 b818 | 0900 004c | 8b04 074d | 8d40 014c 
  0x000001b9c99eb79c: 8904 070f | 852f 0000 | 003b 8c24 | 0001 0000 

  0x000001b9c99eb7ac: ;   {metadata(method data for {method} {0x000001b9e6c66fc8} 'layout' '()V' in 'com/sun/javafx/text/PrismTextLayout')}
  0x000001b9c99eb7ac: 48bf 7822 | 55e7 b901 | 0000 b838 | 0900 0075 | 05b8 2809 | 0000 4c8b | 0407 4d8d | 4001 4c89 
  0x000001b9c99eb7cc: 0407 0f85 | d706 0000 

  0x000001b9c99eb7d4: ;   {metadata(method data for {method} {0x000001b9e6c66fc8} 'layout' '()V' in 'com/sun/javafx/text/PrismTextLayout')}
  0x000001b9c99eb7d4: 85db 48bf | 7822 55e7 | b901 0000 | b860 0900 | 0075 05b8 | 7009 0000 | 4c8b 0407 | 4d8d 4001 
  0x000001b9c99eb7f4: 4c89 0407 | 0f85 0200 | 0000 ffc3 

  0x000001b9c99eb800: ;   {metadata(method data for {method} {0x000001b9e6c66fc8} 'layout' '()V' in 'com/sun/javafx/text/PrismTextLayout')}
  0x000001b9c99eb800: 488b fa48 | b878 2255 | e7b9 0100 

  0x000001b9c99eb80c: ;   {metadata('com/sun/javafx/text/TextRun')}
  0x000001b9c99eb80c: 0049 ba00 | 4b30 2300 | 0000 004c | 8990 8809 | 0000 4883 | 8090 0900 | 0001 8b7a 

  0x000001b9c99eb828: ;   {metadata(method data for {method} {0x000001b9e6c66fc8} 'layout' '()V' in 'com/sun/javafx/text/PrismTextLayout')}
  0x000001b9c99eb828: 143b df48 | bf78 2255 | e7b9 0100 | 00b8 c009 | 0000 7c05 | b8b0 0900 | 004c 8b04 | 074d 8d40 
  0x000001b9c99eb848: 014c 8904 | 070f 8c08 | 0000 0049 | 8bd3 e966 | 0600 0045 | 8b4b 4049 | c1e1 0341 | 8b79 0c3b 
  0x000001b9c99eb868: ;   {metadata(method data for {method} {0x000001b9e6c66fc8} 'layout' '()V' in 'com/sun/javafx/text/PrismTextLayout')}
  0x000001b9c99eb868: f748 b878 | 2255 e7b9 | 0100 0041 | b8d0 0900 | 007c 0641 | b8e0 0900 | 004e 8b2c | 004d 8d6d 
  0x000001b9c99eb888: 014e 892c | 0089 9c24 | 3801 0000 | 4889 9424 | 3001 0000 | 0f8c 5102 | 0000 83c7 | 4048 8bdf 
  0x000001b9c99eb8a8: ;   {metadata('com/sun/javafx/text/TextRun'[])}
  0x000001b9c99eb8a8: 48ba 4051 | 3023 0000 | 0000 4c8b | c148 63db | 488b fb48 | 81fb ffff | ff00 0f87 | 2035 0000 
  0x000001b9c99eb8c8: be17 0000 | 0048 8d34 | 9e48 83e6 | f849 8b87 | c801 0000 | 488d 3430 | 493b b7d8 | 0100 000f 
  0x000001b9c99eb8e8: 87fb 3400 | 0049 89b7 | c801 0000 | 482b f048 | c700 0100 | 0000 488b | ca41 ba00 | 0000 2249 
  0x000001b9c99eb908: 2bca 8948 | 0889 580c | 4883 ee10 | 4885 f60f | 8411 0000 | 0048 33db | 48c1 ee03 | 4889 5cf0 
  0x000001b9c99eb928: 0848 ffce 

  0x000001b9c99eb92c: ;   {metadata(method data for {method} {0x000001b9e6c66fc8} 'layout' '()V' in 'com/sun/javafx/text/PrismTextLayout')}
  0x000001b9c99eb92c: 75f6 48ba | 7822 55e7 | b901 0000 | 4883 82f0 | 0900 0001 | 498b c8ff | c149 8bd1 | 4489 8424 
  0x000001b9c99eb94c: 2001 0000 | 41b8 0000 | 0000 4c8b | c8bf 0000 | 0000 488b | f148 8984 | 2428 0100 | 0089 8c24 
  0x000001b9c99eb96c: 2401 0000 | 498d 0c30 | 3b4a 0c0f | 8775 3400 | 0048 8d0c | 3741 3b49 | 0c0f 8767 | 3400 0085 
  0x000001b9c99eb98c: f60f 8c5f | 3400 004d | 63c0 4863 | ff4a 8d4c | 8210 498d | 54b9 104c | 8bc6 4883 | ec20 40f6 
  0x000001b9c99eb9ac: c40f 0f84 | 1200 0000 | 4883 ec08 

  0x000001b9c99eb9b8: ;   {runtime_call Stub::oop_disjoint_arraycopy}
  0x000001b9c99eb9b8: e863 71cc | 0648 83c4 | 08e9 0500 

  0x000001b9c99eb9c4: ;   {runtime_call Stub::oop_disjoint_arraycopy}
  0x000001b9c99eb9c4: 0000 e855 | 71cc 0648 | 83c4 2048 | 8b94 24b0 | 0000 0044 | 8b42 4049 | c1e0 0345 

  0x000001b9c99eb9e0: ;   {metadata(method data for {method} {0x000001b9e6c66fc8} 'layout' '()V' in 'com/sun/javafx/text/PrismTextLayout')}
  0x000001b9c99eb9e0: 8b48 0c48 | bf78 2255 | e7b9 0100 | 0048 8387 | 000a 0000 | 018b 8c24 | 2001 0000 | 83c1 0244 
  0x000001b9c99eba00: 2b8c 2420 | 0100 0049 | 8bf1 ffce | 498b d044 | 8b84 2424 | 0100 004c | 8b8c 2428 | 0100 0048 
  0x000001b9c99eba20: 8bf9 4585 | c00f 8cdb | 3300 0085 | ff0f 8cd3 | 3300 0049 | 8d0c 303b | 4a0c 0f87 | c633 0000 
  0x000001b9c99eba40: 488d 0c37 | 413b 490c | 0f87 b833 | 0000 85f6 | 0f8c b033 | 0000 4d63 | c048 63ff | 4a8d 4c82 
  0x000001b9c99eba60: 1049 8d54 | b910 4c8b | c648 83ec | 2040 f6c4 | 0f0f 8412 | 0000 0048 

  0x000001b9c99eba78: ;   {runtime_call Stub::oop_arraycopy}
  0x000001b9c99eba78: 83ec 08e8 | 407a cc06 | 4883 c408 | e905 0000 

  0x000001b9c99eba88: ;   {runtime_call Stub::oop_arraycopy}
  0x000001b9c99eba88: 00e8 327a | cc06 4883 | c420 410f | be57 4885 | d248 8b94 | 24b0 0000 | 000f 856a | 3300 0048 
  0x000001b9c99ebaa8: 8b84 2428 | 0100 004c | 8bd0 49c1 | ea03 4489 | 5240 4c8b | c24c 33c0 | 49c1 e816 | 4983 f800 
  0x000001b9c99ebac8: 0f85 6333 

  0x000001b9c99ebacc: ;   {metadata(method data for {method} {0x000001b9e6c66fc8} 'layout' '()V' in 'com/sun/javafx/text/PrismTextLayout')}
  0x000001b9c99ebacc: 0000 49b8 | 7822 55e7 | b901 0000 | 41ff 8010 | 0a00 008b | 9c24 3801 | 0000 488b | b424 3001 
  0x000001b9c99ebaec: 0000 e9c2 | 0000 0089 | 8c24 2001 

  0x000001b9c99ebaf8: ;   {metadata(method data for {method} {0x000001b9e6c66fc8} 'layout' '()V' in 'com/sun/javafx/text/PrismTextLayout')}
  0x000001b9c99ebaf8: 0000 49b8 | 7822 55e7 | b901 0000 | 4983 8028 | 0a00 0001 | 8b8c 2420 | 0100 00ff | c18b bc24 
  0x000001b9c99ebb18: 2001 0000 | 83c7 022b | b424 2001 | 0000 ffce | 498b d14c | 8bc1 4585 | c00f 8c12 | 3300 0085 
  0x000001b9c99ebb38: ff0f 8c0a | 3300 0049 | 8d0c 303b | 4a0c 0f87 | fd32 0000 | 488d 0c37 | 413b 490c | 0f87 ef32 
  0x000001b9c99ebb58: 0000 85f6 | 0f8c e732 | 0000 4d63 | c048 63ff | 4a8d 4c82 | 1049 8d54 | b910 4c8b | c648 83ec 
  0x000001b9c99ebb78: 2040 f6c4 | 0f0f 8412 | 0000 0048 

  0x000001b9c99ebb84: ;   {runtime_call Stub::oop_arraycopy}
  0x000001b9c99ebb84: 83ec 08e8 | 3479 cc06 | 4883 c408 | e905 0000 

  0x000001b9c99ebb94: ;   {runtime_call Stub::oop_arraycopy}
  0x000001b9c99ebb94: 00e8 2679 | cc06 4883 | c420 8b9c | 2438 0100 | 0048 8bb4 | 2430 0100 | 0048 8b94 | 24b0 0000 
  0x000001b9c99ebbb4: 008b 7a40 | 48c1 e703 

  0x000001b9c99ebbbc: ;   {metadata(method data for {method} {0x000001b9e6c66fc8} 'layout' '()V' in 'com/sun/javafx/text/PrismTextLayout')}
  0x000001b9c99ebbbc: 4c8b c648 | b878 2255 | e7b9 0100 

  0x000001b9c99ebbc8: ;   {metadata('com/sun/javafx/text/TextRun')}
  0x000001b9c99ebbc8: 0049 ba00 | 4b30 2300 | 0000 004c | 8990 400a | 0000 4883 | 8048 0a00 | 0001 8b8c | 2420 0100 
  0x000001b9c99ebbe8: 00ff c14c | 8bc3 488b | d648 89b4 | 2430 0100 | 0048 89bc | 2440 0100 | 0089 8c24 | 3c01 0000 
  0x000001b9c99ebc08: 0f1f 8000 

  0x000001b9c99ebc0c: ;   {optimized virtual_call}
  0x000001b9c99ebc0c: 0000 00e8 

  0x000001b9c99ebc10: ; ImmutableOopMap {[176]=Oop [184]=Oop [192]=Oop [216]=Oop [240]=Oop [248]=Oop [304]=Oop [320]=Oop }
                      ;*invokevirtual split {reexecute=0 rethrow=0 return_oop=0}
                      ; - com.sun.javafx.text.PrismTextLayout::layout@685 (line 1200)
  0x000001b9c99ebc10: 793a 0000 

  0x000001b9c99ebc14: ;   {post_call_nop}
  0x000001b9c99ebc14: 0f1f 8400 | 0c1c 0016 | 8b8c 243c | 0100 0048 | 8bbc 2440 | 0100 003b | 4f0c 0f83 | 2f32 0000 
  0x000001b9c99ebc34: ;   {metadata(method data for {method} {0x000001b9e6c66fc8} 'layout' '()V' in 'com/sun/javafx/text/PrismTextLayout')}
  0x000001b9c99ebc34: 4885 c049 | b978 2255 | e7b9 0100 | 0075 0d41 | 8089 610a | 0000 01e9 | da00 0000 | 448b 4008 
  0x000001b9c99ebc54: 41ba 0000 | 0022 4d03 | c24d 3b81 | 700a 0000 | 750d 4983 | 8178 0a00 | 0001 e960 | 0000 004d 
  0x000001b9c99ebc74: 3b81 800a | 0000 750d | 4983 8188 | 0a00 0001 | e94a 0000 | 0049 83b9 | 700a 0000 | 0075 174d 
  0x000001b9c99ebc94: 8981 700a | 0000 49c7 | 8178 0a00 | 0001 0000 | 00e9 2900 | 0000 4983 | b980 0a00 | 0000 7517 
  0x000001b9c99ebcb4: 4d89 8180 | 0a00 0049 | c781 880a | 0000 0100 | 0000 e908 | 0000 0049 | 8381 680a | 0000 0144 
  0x000001b9c99ebcd4: 8b47 0841 | ba00 0000 | 224d 03c2 | 448b 4808 | 41ba 0000 | 0022 4d03 | ca4d 8b80 | e000 0000 
  0x000001b9c99ebcf4: 4d3b c80f | 842d 0000 | 0041 8b50 | 144d 3b04 | 110f 841f | 0000 0083 | fa20 0f85 | 6231 0000 
  0x000001b9c99ebd14: 4151 4150 

  0x000001b9c99ebd18: ;   {runtime_call C1 Runtime slow_subtype_check_blob}
  0x000001b9c99ebd18: e843 eddb | 0641 5941 | 5845 85c0 | 0f84 4c31 | 0000 4863 | c94c 8d44 | 8f10 450f | be4f 4845 
  0x000001b9c99ebd38: 85c9 0f85 | 3f31 0000 | 4c8b d049 | c1ea 0345 | 8910 4d8b | c84c 33c8 | 49c1 e916 | 4983 f900 
  0x000001b9c99ebd58: 0f85 4031 | 0000 488b | 9424 3001 

  0x000001b9c99ebd64: ;   {metadata(method data for {method} {0x000001b9e6c66fc8} 'layout' '()V' in 'com/sun/javafx/text/PrismTextLayout')}
  0x000001b9c99ebd64: 0000 49b8 | 7822 55e7 | b901 0000 

  0x000001b9c99ebd70: ;   {metadata('com/sun/javafx/text/TextRun')}
  0x000001b9c99ebd70: 49ba 004b | 3023 0000 | 0000 4d89 | 90a0 0a00 | 0049 8380 | a80a 0000 

  0x000001b9c99ebd88: ;   {metadata(method data for {method} {0x000001b9e7045708} 'isComplex' '()Z' in 'com/sun/javafx/text/TextRun')}
  0x000001b9c99ebd88: 0149 b838 | 1c40 e8b9 | 0100 0045 | 8b88 9000 | 0000 4183 | c102 4589 | 8890 0000 | 0041 81e1 
  0x000001b9c99ebda8: feff 1f00 | 4585 c90f | 8401 3100 | 0048 8b94 | 2430 0100 | 0044 8b42 | 2c41 83e0 | 2045 85c0 
  0x000001b9c99ebdc8: ;   {metadata(method data for {method} {0x000001b9e7045708} 'isComplex' '()Z' in 'com/sun/javafx/text/TextRun')}
  0x000001b9c99ebdc8: 49b8 381c | 40e8 b901 | 0000 41b9 | d800 0000 | 7406 41b9 | e800 0000 | 4b8b 3c08 | 488d 7f01 
  0x000001b9c99ebde8: 4b89 3c08 | 0f84 1c00 

  0x000001b9c99ebdf0: ;   {metadata(method data for {method} {0x000001b9e7045708} 'isComplex' '()Z' in 'com/sun/javafx/text/TextRun')}
  0x000001b9c99ebdf0: 0000 49b8 | 381c 40e8 | b901 0000 | 41ff 80f8 | 0000 0041 | b801 0000 | 00e9 0600 | 0000 41b8 
  0x000001b9c99ebe10: 0000 0000 | 4183 e001 

  0x000001b9c99ebe18: ;   {metadata(method data for {method} {0x000001b9e6c66fc8} 'layout' '()V' in 'com/sun/javafx/text/PrismTextLayout')}
  0x000001b9c99ebe18: 4585 c049 | b878 2255 | e7b9 0100 | 0041 b9c8 | 0a00 0074 | 0641 b9d8 | 0a00 004b | 8b3c 0848 
  0x000001b9c99ebe38: 8d7f 014b | 893c 080f | 8447 0000 | 004c 8b84 | 24b0 0000 

  0x000001b9c99ebe4c: ;   {metadata(method data for {method} {0x000001b9e6c66fc8} 'layout' '()V' in 'com/sun/javafx/text/PrismTextLayout')}
  0x000001b9c99ebe4c: 0049 b978 | 2255 e7b9 | 0100 0049 | 8381 e80a | 0000 014c | 8bc2 4c8b | 8c24 b800 | 0000 488b 
  0x000001b9c99ebe6c: bc24 c000 | 0000 488b | 9424 b000 | 0000 0f1f 

  0x000001b9c99ebe7c: ;   {optimized virtual_call}
  0x000001b9c99ebe7c: 4400 00e8 

  0x000001b9c99ebe80: ; ImmutableOopMap {[176]=Oop [184]=Oop [192]=Oop [216]=Oop [240]=Oop [248]=Oop }
                      ;*invokevirtual shape {reexecute=0 rethrow=0 return_oop=0}
                      ; - com.sun.javafx.text.PrismTextLayout::layout@702 (line 1202)
  0x000001b9c99ebe80: 5c33 ce06 

  0x000001b9c99ebe84: ;   {post_call_nop}
  0x000001b9c99ebe84: 0f1f 8400 | 7c1e 0017 | 488b 9424 | b000 0000 | 448b 420c | 41ff c044 | 8942 0c8b | 8c24 2001 
  0x000001b9c99ebea4: 0000 e916 | 0000 0049 | 8bd3 ffc9 

  0x000001b9c99ebeb0: ;   {metadata(method data for {method} {0x000001b9e6c66fc8} 'layout' '()V' in 'com/sun/javafx/text/PrismTextLayout')}
  0x000001b9c99ebeb0: 49b8 7822 | 55e7 b901 | 0000 41ff | 8048 0900 | 004c 8bc1 | 41ff c044 | 8b4a 0c45 

  0x000001b9c99ebecc: ;   {metadata(method data for {method} {0x000001b9e6c66fc8} 'layout' '()V' in 'com/sun/javafx/text/PrismTextLayout')}
  0x000001b9c99ebecc: 3bc1 49b9 | 7822 55e7 | b901 0000 | bf28 0b00 | 007c 05bf | 180b 0000 | 498b 3439 | 488d 7601 
  0x000001b9c99ebeec: 4989 3439 | 0f8c 1900 | 0000 488b | bc24 f800 | 0000 488b | f1c5 fa10 | 8424 c401 | 0000 e99d 
  0x000001b9c99ebf0c: 0100 0044 | 8b4a 4049 | c1e1 0345 | 3b41 0c0f | 83c0 2f00 | 004d 63c0 | 478b 4481 | 1049 c1e0 
  0x000001b9c99ebf2c: 0349 3b00 

  0x000001b9c99ebf30: ;   {metadata(method data for {method} {0x000001b9e6c66fc8} 'layout' '()V' in 'com/sun/javafx/text/PrismTextLayout')}
  0x000001b9c99ebf30: 498b f848 | be78 2255 | e7b9 0100 

  0x000001b9c99ebf3c: ;   {metadata('com/sun/javafx/text/TextRun')}
  0x000001b9c99ebf3c: 0049 ba00 | 4b30 2300 | 0000 004c | 8996 400b | 0000 4883 | 8648 0b00 

  0x000001b9c99ebf54: ;   {metadata(method data for {method} {0x000001b9e7045008} 'isLinebreak' '()Z' in 'com/sun/javafx/text/TextRun')}
  0x000001b9c99ebf54: 0001 48bf | 800b 40e8 | b901 0000 | 8bb7 9000 | 0000 83c6 | 0289 b790 | 0000 0081 | e6fe ff1f 
  0x000001b9c99ebf74: 0085 f60f | 8477 2f00 | 0045 8b40 | 2c41 83e0 | 0245 85c0 

  0x000001b9c99ebf88: ;   {metadata(method data for {method} {0x000001b9e7045008} 'isLinebreak' '()Z' in 'com/sun/javafx/text/TextRun')}
  0x000001b9c99ebf88: 49b8 800b | 40e8 b901 | 0000 bfd8 | 0000 0074 | 05bf e800 | 0000 498b | 3438 488d | 7601 4989 
  0x000001b9c99ebfa8: 3438 0f84 | 1c00 0000 

  0x000001b9c99ebfb0: ;   {metadata(method data for {method} {0x000001b9e7045008} 'isLinebreak' '()Z' in 'com/sun/javafx/text/TextRun')}
  0x000001b9c99ebfb0: 49b8 800b | 40e8 b901 | 0000 41ff | 80f8 0000 | 0041 b801 | 0000 00e9 | 0600 0000 | 41b8 0000 
  0x000001b9c99ebfd0: 0000 4183 | e001 4585 

  0x000001b9c99ebfd8: ;   {metadata(method data for {method} {0x000001b9e6c66fc8} 'layout' '()V' in 'com/sun/javafx/text/PrismTextLayout')}
  0x000001b9c99ebfd8: c049 b878 | 2255 e7b9 | 0100 00bf | 780b 0000 | 7405 bf68 | 0b00 0049 | 8b34 3848 | 8d76 0149 
  0x000001b9c99ebff8: 8934 380f | 8419 0000 | 0048 8bbc | 24f8 0000 | 0048 8bf1 | c5fa 1084 | 24c4 0100 | 00e9 9200 
  0x000001b9c99ec018: 0000 413b | 490c 0f83 | f12e 0000 | 4c63 c147 | 8b44 8110 | 49c1 e003 

  0x000001b9c99ec030: ; implicit exception: dispatches to 0x000001b9c99eef23
  0x000001b9c99ec030: 493b 004d 

  0x000001b9c99ec034: ;   {metadata(method data for {method} {0x000001b9e6c66fc8} 'layout' '()V' in 'com/sun/javafx/text/PrismTextLayout')}
  0x000001b9c99ec034: 8bc8 48bf | 7822 55e7 | b901 0000 

  0x000001b9c99ec040: ;   {metadata('com/sun/javafx/text/TextRun')}
  0x000001b9c99ec040: 49ba 004b | 3023 0000 | 0000 4c89 | 9790 0b00 | 0048 8387 | 980b 0000 

  0x000001b9c99ec058: ;   {metadata(method data for {method} {0x000001b9e7048318} 'setSoftbreak' '()V' in 'com/sun/javafx/text/TextRun')}
  0x000001b9c99ec058: 0149 b970 | 1d40 e8b9 | 0100 0041 | 8bb9 9000 | 0000 83c7 | 0241 89b9 | 9000 0000 | 81e7 feff 
  0x000001b9c99ec078: 1f00 85ff | 0f84 a62e | 0000 458b | 482c 4183 | c904 4589 | 482c 448b | 4a20 4181 | c980 0000 
  0x000001b9c99ec098: 0044 894a | 2049 8bf8 | 488b f1c5 | fa10 8424 | c401 0000 | c5fa 5884 | 24c0 0100 | 0048 3b07 
  0x000001b9c99ec0b8: ;   {metadata(method data for {method} {0x000001b9e6c66fc8} 'layout' '()V' in 'com/sun/javafx/text/PrismTextLayout')}
  0x000001b9c99ec0b8: 4c8b c749 | b978 2255 | e7b9 0100 | 0049 8381 | c80b 0000 

  0x000001b9c99ec0cc: ;   {metadata(method data for {method} {0x000001b9e7045200} 'isBreak' '()Z' in 'com/sun/javafx/text/TextRun')}
  0x000001b9c99ec0cc: 0149 b878 | 1e40 e8b9 | 0100 0045 | 8b88 9000 | 0000 4183 | c102 4589 | 8890 0000 | 0041 81e1 
  0x000001b9c99ec0ec: feff 1f00 | 4585 c90f | 8455 2e00 | 0044 8b47 | 2c41 83e0 | 0645 85c0 

  0x000001b9c99ec104: ;   {metadata(method data for {method} {0x000001b9e7045200} 'isBreak' '()Z' in 'com/sun/javafx/text/TextRun')}
  0x000001b9c99ec104: 49b8 781e | 40e8 b901 | 0000 41b9 | d800 0000 | 7406 41b9 | e800 0000 | 4b8b 3c08 | 488d 7f01 
  0x000001b9c99ec124: 4b89 3c08 | 0f84 1c00 

  0x000001b9c99ec12c: ;   {metadata(method data for {method} {0x000001b9e7045200} 'isBreak' '()Z' in 'com/sun/javafx/text/TextRun')}
  0x000001b9c99ec12c: 0000 49b8 | 781e 40e8 | b901 0000 | 41ff 80f8 | 0000 0041 | b801 0000 | 00e9 0600 | 0000 41b8 
  0x000001b9c99ec14c: 0000 0000 | 4183 e001 

  0x000001b9c99ec154: ;   {metadata(method data for {method} {0x000001b9e6c66fc8} 'layout' '()V' in 'com/sun/javafx/text/PrismTextLayout')}
  0x000001b9c99ec154: 4585 c049 | b878 2255 | e7b9 0100 | 0041 b9f8 | 0b00 0075 | 0641 b9e8 | 0b00 004b | 8b3c 0848 
  0x000001b9c99ec174: 8d7f 014b | 893c 080f | 851e 0000 | 008b 9c24 | ec00 0000 | 8b8c 2400 | 0100 004c | 8bc6 488b 
  0x000001b9c99ec194: b424 f000 | 0000 e9aa | 0300 004c 

  0x000001b9c99ec1a0: ;   {metadata(method data for {method} {0x000001b9e6c66fc8} 'layout' '()V' in 'com/sun/javafx/text/PrismTextLayout')}
  0x000001b9c99ec1a0: 8bc2 49b9 | 7822 55e7 | b901 0000 | 4983 8108 | 0c00 0001 | 448b 8424 | 0001 0000 | 4c8b ce8b 
  0x000001b9c99ec1c0: bc24 ec00 | 0000 488b | da48 8bd3 | 89b4 2448 | 0100 000f 

  0x000001b9c99ec1d4: ;   {optimized virtual_call}
  0x000001b9c99ec1d4: 1f40 00e8 

  0x000001b9c99ec1d8: ; ImmutableOopMap {[176]=Oop [184]=Oop [192]=Oop [216]=Oop [240]=Oop }
                      ;*invokevirtual createLine {reexecute=0 rethrow=0 return_oop=0}
                      ; - com.sun.javafx.text.PrismTextLayout::layout@789 (line 1232)
  0x000001b9c99ec1d8: 1136 0000 

  0x000001b9c99ec1dc: ;   {post_call_nop}
  0x000001b9c99ec1dc: 0f1f 8400 | d421 0018 | 4c8b 8424 | f000 0000 

  0x000001b9c99ec1ec: ;   {metadata(method data for {method} {0x000001b9e6c66fc8} 'layout' '()V' in 'com/sun/javafx/text/PrismTextLayout')}
  0x000001b9c99ec1ec: 48ba 7822 | 55e7 b901 | 0000 458b | 4008 41ba | 0000 0022 | 4d03 c24c | 3b82 400c | 0000 750d 
  0x000001b9c99ec20c: 4883 8248 | 0c00 0001 | e960 0000 | 004c 3b82 | 500c 0000 | 750d 4883 | 8258 0c00 | 0001 e94a 
  0x000001b9c99ec22c: 0000 0048 | 83ba 400c | 0000 0075 | 174c 8982 | 400c 0000 | 48c7 8248 | 0c00 0001 | 0000 00e9 
  0x000001b9c99ec24c: 2900 0000 | 4883 ba50 | 0c00 0000 | 7517 4c89 | 8250 0c00 | 0048 c782 | 580c 0000 | 0100 0000 
  0x000001b9c99ec26c: e908 0000 | 0048 8382 | 380c 0000 

  0x000001b9c99ec278: ;   {metadata(method data for {method} {0x0000000022221148} 'add' '(Ljava/lang/Object;)Z' in 'java/util/ArrayList')}
  0x000001b9c99ec278: 0149 b8d8 | 850c e6b9 | 0100 0041 | 8b90 9000 | 0000 83c2 | 0241 8990 | 9000 0000 | 81e2 feff 
  0x000001b9c99ec298: 1f00 85d2 | 0f84 cd2c | 0000 488b | b424 f000 | 0000 448b | 460c 41ff | c044 8946 | 0c44 8b46 
  0x000001b9c99ec2b8: 1449 c1e0 | 038b 7e10 

  0x000001b9c99ec2c0: ;   {metadata(method data for {method} {0x0000000022221148} 'add' '(Ljava/lang/Object;)Z' in 'java/util/ArrayList')}
  0x000001b9c99ec2c0: 488b d648 | bbd8 850c | e6b9 0100 | 0048 8383 | d800 0000 

  0x000001b9c99ec2d4: ;   {metadata(method data for {method} {0x0000000022222068} 'add' '(Ljava/lang/Object;[Ljava/lang/Object;I)V' in 'java/util/ArrayList')}
  0x000001b9c99ec2d4: 0148 ba68 | 870c e6b9 | 0100 008b | 9a90 0000 | 0083 c302 | 899a 9000 | 0000 81e3 | feff 1f00 
  0x000001b9c99ec2f4: 85db 0f84 | 942c 0000 

  0x000001b9c99ec2fc: ; implicit exception: dispatches to 0x000001b9c99eefb1
  0x000001b9c99ec2fc: 418b 500c 

  0x000001b9c99ec300: ;   {metadata(method data for {method} {0x0000000022222068} 'add' '(Ljava/lang/Object;[Ljava/lang/Object;I)V' in 'java/util/ArrayList')}
  0x000001b9c99ec300: 3bfa 48ba | 6887 0ce6 | b901 0000 | bbd8 0000 | 0075 05bb | e800 0000 | 488b 0c1a | 488d 4901 
  0x000001b9c99ec320: 4889 0c1a | 0f85 9400 | 0000 4889 | 8424 5001 | 0000 4c8b 

  0x000001b9c99ec334: ;   {metadata(method data for {method} {0x0000000022222068} 'add' '(Ljava/lang/Object;[Ljava/lang/Object;I)V' in 'java/util/ArrayList')}
  0x000001b9c99ec334: c648 ba68 | 870c e6b9 | 0100 0048 | 8382 f800 

  0x000001b9c99ec344: ;   {metadata(method data for {method} {0x00000000222221c8} 'grow' '()[Ljava/lang/Object;' in 'java/util/ArrayList')}
  0x000001b9c99ec344: 0000 0149 | b858 8a0c | e6b9 0100 | 0041 8b90 | 9000 0000 | 83c2 0241 | 8990 9000 | 0000 81e2 
  0x000001b9c99ec364: feff 1f00 | 85d2 0f84 | 462c 0000 

  0x000001b9c99ec370: ;   {metadata(method data for {method} {0x00000000222221c8} 'grow' '()[Ljava/lang/Object;' in 'java/util/ArrayList')}
  0x000001b9c99ec370: 4c8b c648 | ba58 8a0c | e6b9 0100 | 0048 8382 | d800 0000 | 014c 8bc7 | 41ff c048 | 8bd6 89bc 
  0x000001b9c99ec390: 244c 0100 

  0x000001b9c99ec394: ;   {optimized virtual_call}
  0x000001b9c99ec394: 0066 90e8 

  0x000001b9c99ec398: ; ImmutableOopMap {[176]=Oop [184]=Oop [192]=Oop [216]=Oop [240]=Oop [336]=Oop }
                      ;*invokevirtual grow {reexecute=0 rethrow=0 return_oop=0}
                      ; - java.util.ArrayList::grow@7 (line 245)
                      ; - java.util.ArrayList::add@7 (line 484)
                      ; - java.util.ArrayList::add@20 (line 497)
                      ; - com.sun.javafx.text.PrismTextLayout::layout@798 (line 1233)
  0x000001b9c99ec398: 7400 6007 

  0x000001b9c99ec39c: ;   {post_call_nop}
  0x000001b9c99ec39c: 0f1f 8400 | 9423 0019 | 4c8b c08b | bc24 4c01 | 0000 488b | 8424 5001 | 0000 488b | b424 f000 
  0x000001b9c99ec3bc: 0000 413b | 780c 0f83 | 192c 0000 

  0x000001b9c99ec3c8: ;   {metadata(method data for {method} {0x0000000022222068} 'add' '(Ljava/lang/Object;[Ljava/lang/Object;I)V' in 'java/util/ArrayList')}
  0x000001b9c99ec3c8: 4885 c048 | ba68 870c | e6b9 0100 | 0075 0c80 | 8a21 0100 | 0001 e9d7 | 0000 0044 | 8b48 0841 
  0x000001b9c99ec3e8: ba00 0000 | 224d 03ca | 4c3b 8a30 | 0100 0075 | 0d48 8382 | 3801 0000 | 01e9 6000 | 0000 4c3b 
  0x000001b9c99ec408: 8a40 0100 | 0075 0d48 | 8382 4801 | 0000 01e9 | 4a00 0000 | 4883 ba30 | 0100 0000 | 7517 4c89 
  0x000001b9c99ec428: 8a30 0100 | 0048 c782 | 3801 0000 | 0100 0000 | e929 0000 | 0048 83ba | 4001 0000 | 0075 174c 
  0x000001b9c99ec448: 898a 4001 | 0000 48c7 | 8248 0100 | 0001 0000 | 00e9 0800 | 0000 4883 | 8228 0100 | 0001 458b 
  0x000001b9c99ec468: 4808 41ba | 0000 0022 | 4d03 ca8b | 5008 41ba | 0000 0022 | 4903 d24d | 8b89 e000 | 0000 493b 
  0x000001b9c99ec488: d10f 842b | 0000 0041 | 8b59 144c | 3b0c 1a0f | 841d 0000 | 0083 fb20 | 0f85 4e2b | 0000 5241 
  0x000001b9c99ec4a8: ;   {runtime_call C1 Runtime slow_subtype_check_blob}
  0x000001b9c99ec4a8: 51e8 b2e5 | db06 5a41 | 5945 85c9 | 0f84 3a2b | 0000 4c63 | cf4f 8d44 | 8810 450f | be4f 4845 
  0x000001b9c99ec4c8: 85c9 0f85 | 2d2b 0000 | 4c8b d049 | c1ea 0345 | 8910 4d8b | c84c 33c8 | 49c1 e916 | 4983 f900 
  0x000001b9c99ec4e8: 0f85 2e2b | 0000 ffc7 | 897e 1044 | 8b84 2448 | 0100 0041 | ffc0 483b | 004c 8bc8 

  0x000001b9c99ec504: ;   {metadata(method data for {method} {0x000001b9e6c66fc8} 'layout' '()V' in 'com/sun/javafx/text/PrismTextLayout')}
  0x000001b9c99ec504: 48bf 7822 | 55e7 b901 

  0x000001b9c99ec50c: ;   {metadata('com/sun/javafx/text/TextLine')}
  0x000001b9c99ec50c: 0000 49ba | 0868 3023 | 0000 0000 | 4c89 9770 | 0c00 0048 | 8387 780c | 0000 0144 | 8b48 1c44 
  0x000001b9c99ec52c: 038c 24ec | 0000 0049 | 8bd9 498b 

  0x000001b9c99ec538: ;   {section_word}
  0x000001b9c99ec538: c8c5 fa10 | 05cf dbff | ff44 8b84 | 2448 0100 | 0041 ffc0 

  0x000001b9c99ec54c: ;   {metadata(method data for {method} {0x000001b9e6c66fc8} 'layout' '()V' in 'com/sun/javafx/text/PrismTextLayout')}
  0x000001b9c99ec54c: 49b9 7822 | 55e7 b901 | 0000 418b | b994 0000 | 0083 c702 | 4189 b994 | 0000 0081 | e7fe 3f00 
  0x000001b9c99ec56c: 0085 ff0f | 84c4 2a00 | 004d 8b57 

  0x000001b9c99ec578: ; ImmutableOopMap {rsi=Oop [176]=Oop [184]=Oop [192]=Oop [216]=Oop [240]=Oop }
                      ;*goto {reexecute=1 rethrow=0 return_oop=0}
                      ; - (reexecute) com.sun.javafx.text.PrismTextLayout::layout@824 (line 1111)
                      ;   {poll}
  0x000001b9c99ec578: 3041 8502 

  0x000001b9c99ec57c: ;   {metadata(method data for {method} {0x000001b9e6c66fc8} 'layout' '()V' in 'com/sun/javafx/text/PrismTextLayout')}
  0x000001b9c99ec57c: 49b9 7822 | 55e7 b901 | 0000 41ff | 8198 0c00 | 0089 9c24 | ec00 0000 | 898c 2400 | 0100 00c5 
  0x000001b9c99ec59c: fa11 8424 | c001 0000 | 488b 9c24 | c000 0000 | 4c8b ac24 | b800 0000 | 4c8b 9c24 | b000 0000 
  0x000001b9c99ec5bc: 498b f0e9 | 44e5 ffff | 8b8c 2400 | 0100 0048 | 8bb4 24f0 | 0000 004c | 8bc3 8b9c | 24ec 0000 
  0x000001b9c99ec5dc: 004d 85c0 

  0x000001b9c99ec5e0: ;   {metadata(method data for {method} {0x000001b9e6c66fc8} 'layout' '()V' in 'com/sun/javafx/text/PrismTextLayout')}
  0x000001b9c99ec5e0: 49b9 7822 | 55e7 b901 | 0000 bfb0 | 0c00 0074 | 05bf c00c | 0000 498b | 1439 488d | 5201 4989 
  0x000001b9c99ec600: 1439 0f84 | 0d01 0000 

  0x000001b9c99ec608: ; implicit exception: dispatches to 0x000001b9c99ef05a
  0x000001b9c99ec608: 493b 004d 

  0x000001b9c99ec60c: ;   {metadata(method data for {method} {0x000001b9e6c66fc8} 'layout' '()V' in 'com/sun/javafx/text/PrismTextLayout')}
  0x000001b9c99ec60c: 8bc8 48bf | 7822 55e7 | b901 0000 | 458b 4908 | 41ba 0000 | 0022 4d03 | ca4c 3b8f | d80c 0000 
  0x000001b9c99ec62c: 750d 4883 | 87e0 0c00 | 0001 e960 | 0000 004c | 3b8f e80c | 0000 750d | 4883 87f0 | 0c00 0001 
  0x000001b9c99ec64c: e94a 0000 | 0048 83bf | d80c 0000 | 0075 174c | 898f d80c | 0000 48c7 | 87e0 0c00 | 0001 0000 
  0x000001b9c99ec66c: 00e9 2900 | 0000 4883 | bfe8 0c00 | 0000 7517 | 4c89 8fe8 | 0c00 0048 | c787 f00c | 0000 0100 
  0x000001b9c99ec68c: 0000 e908 | 0000 0048 | 8387 d00c 

  0x000001b9c99ec698: ;   {metadata(method data for {method} {0x000001b9e683bba0} 'dispose' '()V' in 'com/sun/javafx/text/GlyphLayout')}
  0x000001b9c99ec698: 0000 0149 | b9f0 2340 | e8b9 0100 | 0041 8bb9 | 9000 0000 | 83c7 0241 | 89b9 9000 | 0000 81e7 
  0x000001b9c99ec6b8: feff 1f00 | 85ff 0f84 | 9b29 0000 

  0x000001b9c99ec6c4: ;   {oop(a 'java/lang/Class'{0x000000060d261f00} = 'com/sun/javafx/text/GlyphLayout')}
  0x000001b9c99ec6c4: 49b9 001f | 260d 0600 | 0000 458b | 497c 49c1 | e103 4d3b 

  0x000001b9c99ec6d8: ;   {metadata(method data for {method} {0x000001b9e683bba0} 'dispose' '()V' in 'com/sun/javafx/text/GlyphLayout')}
  0x000001b9c99ec6d8: c149 b8f0 | 2340 e8b9 | 0100 0041 | b9d8 0000 | 0075 0641 | b9e8 0000 | 004b 8b3c | 0848 8d7f 
  0x000001b9c99ec6f8: 014b 893c | 080f 8512 

  0x000001b9c99ec700: ;   {oop(a 'java/lang/Class'{0x000000060d261f00} = 'com/sun/javafx/text/GlyphLayout')}
  0x000001b9c99ec700: 0000 0049 | b800 1f26 | 0d06 0000 | 0041 c680 | 9800 0000 | 008b bc24 | e400 0000 | 488b 9424 
  0x000001b9c99ec720: b000 0000 

  0x000001b9c99ec724: ;   {metadata(method data for {method} {0x000001b9e6c66fc8} 'layout' '()V' in 'com/sun/javafx/text/PrismTextLayout')}
  0x000001b9c99ec724: 49b8 7822 | 55e7 b901 | 0000 4983 | 8000 0d00 | 0001 ffcf | 4c8b c14c | 8bcf 488b | fb48 8b94 
  0x000001b9c99ec744: 24b0 0000 | 0066 0f1f 

  0x000001b9c99ec74c: ;   {optimized virtual_call}
  0x000001b9c99ec74c: 4400 00e8 

  0x000001b9c99ec750: ; ImmutableOopMap {[176]=Oop [184]=Oop [240]=Oop }
                      ;*invokevirtual createLine {reexecute=0 rethrow=0 return_oop=0}
                      ; - com.sun.javafx.text.PrismTextLayout::layout@848 (line 1241)
  0x000001b9c99ec750: ec3f 1f00 

  0x000001b9c99ec754: ;   {post_call_nop}
  0x000001b9c99ec754: 0f1f 8400 | 4c27 001b | 4c8b 8424 | f000 0000 

  0x000001b9c99ec764: ;   {metadata(method data for {method} {0x000001b9e6c66fc8} 'layout' '()V' in 'com/sun/javafx/text/PrismTextLayout')}
  0x000001b9c99ec764: 48ba 7822 | 55e7 b901 | 0000 458b | 4008 41ba | 0000 0022 | 4d03 c24c | 3b82 380d | 0000 750d 
  0x000001b9c99ec784: 4883 8240 | 0d00 0001 | e960 0000 | 004c 3b82 | 480d 0000 | 750d 4883 | 8250 0d00 | 0001 e94a 
  0x000001b9c99ec7a4: 0000 0048 | 83ba 380d | 0000 0075 | 174c 8982 | 380d 0000 | 48c7 8240 | 0d00 0001 | 0000 00e9 
  0x000001b9c99ec7c4: 2900 0000 | 4883 ba48 | 0d00 0000 | 7517 4c89 | 8248 0d00 | 0048 c782 | 500d 0000 | 0100 0000 
  0x000001b9c99ec7e4: e908 0000 | 0048 8382 | 300d 0000 

  0x000001b9c99ec7f0: ;   {metadata(method data for {method} {0x0000000022221148} 'add' '(Ljava/lang/Object;)Z' in 'java/util/ArrayList')}
  0x000001b9c99ec7f0: 0149 b8d8 | 850c e6b9 | 0100 0041 | 8b90 9000 | 0000 83c2 | 0241 8990 | 9000 0000 | 81e2 feff 
  0x000001b9c99ec810: 1f00 85d2 | 0f84 6628 | 0000 488b | b424 f000 | 0000 448b | 460c 41ff | c044 8946 | 0c44 8b46 
  0x000001b9c99ec830: 1449 c1e0 | 038b 7e10 

  0x000001b9c99ec838: ;   {metadata(method data for {method} {0x0000000022221148} 'add' '(Ljava/lang/Object;)Z' in 'java/util/ArrayList')}
  0x000001b9c99ec838: 488b d648 | bbd8 850c | e6b9 0100 | 0048 8383 | d800 0000 

  0x000001b9c99ec84c: ;   {metadata(method data for {method} {0x0000000022222068} 'add' '(Ljava/lang/Object;[Ljava/lang/Object;I)V' in 'java/util/ArrayList')}
  0x000001b9c99ec84c: 0148 ba68 | 870c e6b9 | 0100 008b | 9a90 0000 | 0083 c302 | 899a 9000 | 0000 81e3 | feff 1f00 
  0x000001b9c99ec86c: 85db 0f84 | 2d28 0000 

  0x000001b9c99ec874: ; implicit exception: dispatches to 0x000001b9c99ef0c2
  0x000001b9c99ec874: 418b 500c 

  0x000001b9c99ec878: ;   {metadata(method data for {method} {0x0000000022222068} 'add' '(Ljava/lang/Object;[Ljava/lang/Object;I)V' in 'java/util/ArrayList')}
  0x000001b9c99ec878: 3bfa 48ba | 6887 0ce6 | b901 0000 | bbe8 0000 | 0074 05bb | d800 0000 | 488b 0c1a | 488d 4901 
  0x000001b9c99ec898: 4889 0c1a | 0f84 0800 | 0000 4c8b | cee9 9400 | 0000 4889 | 8424 6001 | 0000 4c8b 

  0x000001b9c99ec8b4: ;   {metadata(method data for {method} {0x0000000022222068} 'add' '(Ljava/lang/Object;[Ljava/lang/Object;I)V' in 'java/util/ArrayList')}
  0x000001b9c99ec8b4: c648 ba68 | 870c e6b9 | 0100 0048 | 8382 f800 

  0x000001b9c99ec8c4: ;   {metadata(method data for {method} {0x00000000222221c8} 'grow' '()[Ljava/lang/Object;' in 'java/util/ArrayList')}
  0x000001b9c99ec8c4: 0000 0149 | b858 8a0c | e6b9 0100 | 0041 8b90 | 9000 0000 | 83c2 0241 | 8990 9000 | 0000 81e2 
  0x000001b9c99ec8e4: feff 1f00 | 85d2 0f84 | d727 0000 

  0x000001b9c99ec8f0: ;   {metadata(method data for {method} {0x00000000222221c8} 'grow' '()[Ljava/lang/Object;' in 'java/util/ArrayList')}
  0x000001b9c99ec8f0: 4c8b c648 | ba58 8a0c | e6b9 0100 | 0048 8382 | d800 0000 | 014c 8bc7 | 41ff c048 | 8bd6 89bc 
  0x000001b9c99ec910: 2458 0100 

  0x000001b9c99ec914: ;   {optimized virtual_call}
  0x000001b9c99ec914: 0066 90e8 

  0x000001b9c99ec918: ; ImmutableOopMap {[176]=Oop [184]=Oop [240]=Oop [352]=Oop }
                      ;*invokevirtual grow {reexecute=0 rethrow=0 return_oop=0}
                      ; - java.util.ArrayList::grow@7 (line 245)
                      ; - java.util.ArrayList::add@7 (line 484)
                      ; - java.util.ArrayList::add@20 (line 497)
                      ; - com.sun.javafx.text.PrismTextLayout::layout@851 (line 1241)
  0x000001b9c99ec918: f4fa 5f07 

  0x000001b9c99ec91c: ;   {post_call_nop}
  0x000001b9c99ec91c: 0f1f 8400 | 1429 001c | 4c8b c08b | bc24 5801 | 0000 488b | 8424 6001 | 0000 4c8b | 8c24 f000 
  0x000001b9c99ec93c: 0000 413b | 780c 0f83 | aa27 0000 

  0x000001b9c99ec948: ;   {metadata(method data for {method} {0x0000000022222068} 'add' '(Ljava/lang/Object;[Ljava/lang/Object;I)V' in 'java/util/ArrayList')}
  0x000001b9c99ec948: 4885 c048 | ba68 870c | e6b9 0100 | 0075 0c80 | 8a21 0100 | 0001 e9d2 | 0000 008b | 5808 41ba 
  0x000001b9c99ec968: 0000 0022 | 4903 da48 | 3b9a 3001 | 0000 750d | 4883 8238 | 0100 0001 | e960 0000 | 0048 3b9a 
  0x000001b9c99ec988: 4001 0000 | 750d 4883 | 8248 0100 | 0001 e94a | 0000 0048 | 83ba 3001 | 0000 0075 | 1748 899a 
  0x000001b9c99ec9a8: 3001 0000 | 48c7 8238 | 0100 0001 | 0000 00e9 | 2900 0000 | 4883 ba40 | 0100 0000 | 7517 4889 
  0x000001b9c99ec9c8: 9a40 0100 | 0048 c782 | 4801 0000 | 0100 0000 | e908 0000 | 0048 8382 | 2801 0000 | 0141 8b58 
  0x000001b9c99ec9e8: 0841 ba00 | 0000 2249 | 03da 8b50 | 0841 ba00 | 0000 2249 | 03d2 488b | 9be0 0000 | 0048 3bd3 
  0x000001b9c99eca08: 0f84 2700 | 0000 8b73 | 1448 3b1c | 320f 841a | 0000 0083 | fe20 0f85 | e126 0000 

  0x000001b9c99eca24: ;   {runtime_call C1 Runtime slow_subtype_check_blob}
  0x000001b9c99eca24: 5253 e835 | e0db 065a | 5b85 db0f | 84d0 2600 | 0048 63df | 498d 5c98 | 1041 0fbe | 5748 85d2 
  0x000001b9c99eca44: 0f85 c426 | 0000 4c8b | d049 c1ea | 0344 8913 | 488b d348 | 33d0 48c1 | ea16 4883 | fa00 0f85 
  0x000001b9c99eca64: c426 0000 | ffc7 4189 | 7910 488b | 9424 b000 | 0000 498b 

  0x000001b9c99eca78: ;   {metadata(method data for {method} {0x000001b9e6c66fc8} 'layout' '()V' in 'com/sun/javafx/text/PrismTextLayout')}
  0x000001b9c99eca78: c148 bb78 | 2255 e7b9 | 0100 008b | 4008 41ba | 0000 0022 | 4903 c248 | 3b83 680d | 0000 750d 
  0x000001b9c99eca98: 4883 8370 | 0d00 0001 | e960 0000 | 0048 3b83 | 780d 0000 | 750d 4883 | 8380 0d00 | 0001 e94a 
  0x000001b9c99ecab8: 0000 0048 | 83bb 680d | 0000 0075 | 1748 8983 | 680d 0000 | 48c7 8370 | 0d00 0001 | 0000 00e9 
  0x000001b9c99ecad8: 2900 0000 | 4883 bb78 | 0d00 0000 | 7517 4889 | 8378 0d00 | 0048 c783 | 800d 0000 | 0100 0000 
  0x000001b9c99ecaf8: e908 0000 | 0048 8383 | 600d 0000 | 0141 8b59 | 104c 8bda 

  0x000001b9c99ecb0c: ;   {metadata('com/sun/javafx/text/TextLine'[])}
  0x000001b9c99ecb0c: 48ba b86c | 3023 0000 | 0000 4863 | db48 8bfb | 4881 fbff | ffff 000f | 871b 2600 | 00be 1700 
  0x000001b9c99ecb2c: 0000 488d | 349e 4883 | e6f8 498b | 87c8 0100 | 0048 8d34 | 3049 3bb7 | d801 0000 | 0f87 f625 
  0x000001b9c99ecb4c: 0000 4989 | b7c8 0100 | 0048 2bf0 | 48c7 0001 | 0000 0048 | 8bca 41ba | 0000 0022 | 492b ca89 
  0x000001b9c99ecb6c: 4808 8958 | 0c48 83ee | 1048 85f6 | 0f84 1100 | 0000 4833 | db48 c1ee | 0348 895c | f008 48ff 
  0x000001b9c99ecb8c: ce75 f645 | 0fbe 4748 | 4585 c00f | 85b1 2500 | 004c 8bd0 | 49c1 ea03 | 4589 533c | 498b d348 
  0x000001b9c99ecbac: 33d0 48c1 | ea16 4883 | fa00 0f85 | b225 0000 

  0x000001b9c99ecbbc: ;   {metadata(method data for {method} {0x000001b9e6c66fc8} 'layout' '()V' in 'com/sun/javafx/text/PrismTextLayout')}
  0x000001b9c99ecbbc: 4d8b c148 | ba78 2255 | e7b9 0100 | 0045 8b40 | 0841 ba00 | 0000 224d | 03c2 4c3b | 8298 0d00 
  0x000001b9c99ecbdc: 0075 0d48 | 8382 a00d | 0000 01e9 | 6000 0000 | 4c3b 82a8 | 0d00 0075 | 0d48 8382 | b00d 0000 
  0x000001b9c99ecbfc: 01e9 4a00 | 0000 4883 | ba98 0d00 | 0000 7517 | 4c89 8298 | 0d00 0048 | c782 a00d | 0000 0100 
  0x000001b9c99ecc1c: 0000 e929 | 0000 0048 | 83ba a80d | 0000 0075 | 174c 8982 | a80d 0000 | 48c7 82b0 | 0d00 0001 
  0x000001b9c99ecc3c: 0000 00e9 | 0800 0000 | 4883 8290 | 0d00 0001 | 4c8b c049 | 8bd1 0f1f 

  0x000001b9c99ecc54: ;   {optimized virtual_call}
  0x000001b9c99ecc54: 4400 00e8 

  0x000001b9c99ecc58: ; ImmutableOopMap {[176]=Oop [184]=Oop }
                      ;*invokevirtual toArray {reexecute=0 rethrow=0 return_oop=0}
                      ; - com.sun.javafx.text.PrismTextLayout::layout@873 (line 1243)
  0x000001b9c99ecc58: c4c4 cfff 

  0x000001b9c99ecc5c: ;   {post_call_nop}
  0x000001b9c99ecc5c: 0f1f 8400 | 542c 001d | 488b 9424 | b000 0000 | c5fa 1042 | 18c5 fa10 

  0x000001b9c99ecc74: ;   {metadata(method data for {method} {0x000001b9e6c66fc8} 'layout' '()V' in 'com/sun/javafx/text/PrismTextLayout')}
  0x000001b9c99ecc74: 4a10 48be | 7822 55e7 | b901 0000 | 4883 86c0 | 0d00 0001 | 0f1f 8000 

  0x000001b9c99ecc8c: ;   {static_call}
  0x000001b9c99ecc8c: 0000 00e8 

  0x000001b9c99ecc90: ; ImmutableOopMap {[176]=Oop [184]=Oop }
                      ;*invokestatic max {reexecute=0 rethrow=0 return_oop=0}
                      ; - com.sun.javafx.text.PrismTextLayout::layout@885 (line 1245)
  0x000001b9c99ecc90: 8cee 6407 

  0x000001b9c99ecc94: ;   {post_call_nop}
  0x000001b9c99ecc94: 0f1f 8400 | 8c2c 001e | c5fa 1184 | 24c8 0100 | 0048 8b94 | 24b0 0000 

  0x000001b9c99eccac: ;   {metadata(method data for {method} {0x000001b9e6c66fc8} 'layout' '()V' in 'com/sun/javafx/text/PrismTextLayout')}
  0x000001b9c99eccac: 0048 be78 | 2255 e7b9 | 0100 0048 | 8386 d00d | 0000 0148 | 8b94 24b0 

  0x000001b9c99eccc4: ;   {optimized virtual_call}
  0x000001b9c99eccc4: 0000 00e8 

  0x000001b9c99eccc8: ; ImmutableOopMap {[176]=Oop [184]=Oop }
                      ;*invokevirtual isMirrored {reexecute=0 rethrow=0 return_oop=0}
                      ; - com.sun.javafx.text.PrismTextLayout::layout@894 (line 1248)
  0x000001b9c99eccc8: d4fd deff 

  0x000001b9c99ecccc: ;   {post_call_nop}
  0x000001b9c99ecccc: 0f1f 8400 | c42c 001f 

  0x000001b9c99eccd4: ;   {metadata(method data for {method} {0x000001b9e6c66fc8} 'layout' '()V' in 'com/sun/javafx/text/PrismTextLayout')}
  0x000001b9c99eccd4: 85c0 49b8 | 7822 55e7 | b901 0000 | ba00 0e00 | 0074 05ba | 100e 0000 | 498b 3410 | 488d 7601 
  0x000001b9c99eccf4: 4989 3410 | 8bbc 24e0 | 0000 000f | 8459 0000 | 0081 ff00 

  0x000001b9c99ecd08: ;   {metadata(method data for {method} {0x000001b9e6c66fc8} 'layout' '()V' in 'com/sun/javafx/text/PrismTextLayout')}
  0x000001b9c99ecd08: 0010 0049 | b878 2255 | e7b9 0100 | 00ba 300e | 0000 7405 | ba20 0e00 | 0049 8b34 | 1048 8d76 
  0x000001b9c99ecd28: 0149 8934 | 100f 840d 

  0x000001b9c99ecd30: ;   {section_word}
  0x000001b9c99ecd30: 0000 00c5 | fa10 05d9 | d3ff ffe9 | 6100 0000 

  0x000001b9c99ecd40: ;   {metadata(method data for {method} {0x000001b9e6c66fc8} 'layout' '()V' in 'com/sun/javafx/text/PrismTextLayout')}
  0x000001b9c99ecd40: 49b8 7822 | 55e7 b901 | 0000 41ff | 8040 0e00 

  0x000001b9c99ecd50: ;   {section_word}
  0x000001b9c99ecd50: 00c5 fa10 | 05bf d3ff | ffe9 4300 | 0000 81ff | 0000 1000 

  0x000001b9c99ecd64: ;   {metadata(method data for {method} {0x000001b9e6c66fc8} 'layout' '()V' in 'com/sun/javafx/text/PrismTextLayout')}
  0x000001b9c99ecd64: 49b8 7822 | 55e7 b901 | 0000 ba68 | 0e00 0074 | 05ba 580e | 0000 498b | 3410 488d | 7601 4989 
  0x000001b9c99ecd84: 3410 0f84 | 0d00 0000 

  0x000001b9c99ecd8c: ;   {section_word}
  0x000001b9c99ecd8c: c5fa 1005 | 88d3 ffff | e908 0000 

  0x000001b9c99ecd98: ;   {section_word}
  0x000001b9c99ecd98: 00c5 fa10 | 057f d3ff | ff81 ff00 

  0x000001b9c99ecda4: ;   {metadata(method data for {method} {0x000001b9e6c66fc8} 'layout' '()V' in 'com/sun/javafx/text/PrismTextLayout')}
  0x000001b9c99ecda4: 0008 0049 | b878 2255 | e7b9 0100 | 00ba 780e | 0000 7505 | ba88 0e00 | 0049 8b34 | 1048 8d76 
  0x000001b9c99ecdc4: 0149 8934 | 100f 8508 

  0x000001b9c99ecdcc: ;   {section_word}
  0x000001b9c99ecdcc: 0000 00c5 | fa10 054d | d3ff ffbe | 0000 0000 

  0x000001b9c99ecddc: ;   {section_word}
  0x000001b9c99ecddc: c5fa 100d | 44d3 ffff | c5fa 118c | 24d0 0100 | 00c5 fa10 | 8c24 c801 | 0000 6690 | 488b 8424 
  0x000001b9c99ecdfc: b800 0000 | 488b 9424 | b000 0000 | 8b5a 3c48 | c1e3 0344 | 8b43 0c41 

  0x000001b9c99ece14: ;   {metadata(method data for {method} {0x000001b9e6c66fc8} 'layout' '()V' in 'com/sun/javafx/text/PrismTextLayout')}
  0x000001b9c99ece14: 3bf0 49b8 | 7822 55e7 | b901 0000 | b998 0e00 | 007d 05b9 | a80e 0000 | 4d8b 0c08 | 4d8d 4901 
  0x000001b9c99ece34: 4d89 0c08 | 0f8d 1614 | 0000 4c63 | c642 8b5c | 8310 48c1 | e303 4889 | 9c24 7801 | 0000 483b 
  0x000001b9c99ece54: 034c 8bc3 

  0x000001b9c99ece58: ;   {metadata(method data for {method} {0x000001b9e6c66fc8} 'layout' '()V' in 'com/sun/javafx/text/PrismTextLayout')}
  0x000001b9c99ece58: 48b9 7822 | 55e7 b901 | 0000 4883 | 81c8 0e00 | 0001 448b | 4318 488b 

  0x000001b9c99ece70: ;   {metadata(method data for {method} {0x000001b9e6c66fc8} 'layout' '()V' in 'com/sun/javafx/text/PrismTextLayout')}
  0x000001b9c99ece70: cb49 b978 | 2255 e7b9 | 0100 0049 | 8381 f80e | 0000 018b | 4b24 48c1 | e103 4889 | 8c24 8001 
  0x000001b9c99ece90: 0000 483b | 014c 8bc9 

  0x000001b9c99ece98: ;   {metadata(method data for {method} {0x000001b9e6c66fc8} 'layout' '()V' in 'com/sun/javafx/text/PrismTextLayout')}
  0x000001b9c99ece98: 49bb 7822 | 55e7 b901 | 0000 458b | 4908 41ba | 0000 0022 | 4d03 ca4d | 3b8b 200f | 0000 750d 
  0x000001b9c99eceb8: 4983 8328 | 0f00 0001 | e960 0000 | 004d 3b8b | 300f 0000 | 750d 4983 | 8338 0f00 | 0001 e94a 
  0x000001b9c99eced8: 0000 0049 | 83bb 200f | 0000 0075 | 174d 898b | 200f 0000 | 49c7 8328 | 0f00 0001 | 0000 00e9 
  0x000001b9c99ecef8: 2900 0000 | 4983 bb30 | 0f00 0000 | 7517 4d89 | 8b30 0f00 | 0049 c783 | 380f 0000 | 0100 0000 
  0x000001b9c99ecf18: e908 0000 | 0049 8383 | 180f 0000 

  0x000001b9c99ecf24: ;   {metadata(method data for {method} {0x000001b9e66e3078} 'getWidth' '()F' in 'com/sun/javafx/geom/RectBounds')}
  0x000001b9c99ecf24: 0149 b9b8 | 7854 e7b9 | 0100 0045 | 8b99 9000 | 0000 4183 | c302 4589 | 9990 0000 | 0041 81e3 
  0x000001b9c99ecf44: feff 1f00 | 4585 db0f | 8444 2200 | 00c5 fa10 | 5910 c5fa | 1061 0cc5 | f828 ebc5 | d25c ecc5 
  0x000001b9c99ecf64: f828 e1c5 | da5c e5c5 | da59 e04c 

  0x000001b9c99ecf70: ;   {metadata(method data for {method} {0x000001b9e6c66fc8} 'layout' '()V' in 'com/sun/javafx/text/PrismTextLayout')}
  0x000001b9c99ecf70: 8bcb 49bb | 7822 55e7 | b901 0000 | 4983 8358 | 0f00 0001 

  0x000001b9c99ecf84: ;   {metadata(method data for {method} {0x000001b9e70529c8} 'setAlignment' '(F)V' in 'com/sun/javafx/text/TextLine')}
  0x000001b9c99ecf84: 49b9 2825 | 40e8 b901 | 0000 458b | 9990 0000 | 0041 83c3 | 0245 8999 | 9000 0000 | 4181 e3fe 
  0x000001b9c99ecfa4: ff1f 0045 | 85db 0f84 | 0622 0000 

  0x000001b9c99ecfb0: ;   {metadata(method data for {method} {0x000001b9e70529c8} 'setAlignment' '(F)V' in 'com/sun/javafx/text/TextLine')}
  0x000001b9c99ecfb0: 4c8b c949 | bb28 2540 | e8b9 0100 | 0045 8b49 | 0841 ba00 | 0000 224d | 03ca 4d3b | 8be0 0000 
  0x000001b9c99ecfd0: 0075 0d49 | 8383 e800 | 0000 01e9 | 6000 0000 | 4d3b 8bf0 | 0000 0075 | 0d49 8383 | f800 0000 
  0x000001b9c99ecff0: 01e9 4a00 | 0000 4983 | bbe0 0000 | 0000 7517 | 4d89 8be0 | 0000 0049 | c783 e800 | 0000 0100 
  0x000001b9c99ed010: 0000 e929 | 0000 0049 | 83bb f000 | 0000 0075 | 174d 898b | f000 0000 | 49c7 83f8 | 0000 0001 
  0x000001b9c99ed030: 0000 00e9 | 0800 0000 | 4983 83d8 | 0000 0001 | c5fa 1161 | 0c4c 8bc9 

  0x000001b9c99ed048: ;   {metadata(method data for {method} {0x000001b9e70529c8} 'setAlignment' '(F)V' in 'com/sun/javafx/text/TextLine')}
  0x000001b9c99ed048: 49bb 2825 | 40e8 b901 | 0000 458b | 4908 41ba | 0000 0022 | 4d03 ca4d | 3b8b 1001 | 0000 750d 
  0x000001b9c99ed068: 4983 8318 | 0100 0001 | e960 0000 | 004d 3b8b | 2001 0000 | 750d 4983 | 8328 0100 | 0001 e94a 
  0x000001b9c99ed088: 0000 0049 | 83bb 1001 | 0000 0075 | 174d 898b | 1001 0000 | 49c7 8318 | 0100 0001 | 0000 00e9 
  0x000001b9c99ed0a8: 2900 0000 | 4983 bb20 | 0100 0000 | 7517 4d89 | 8b20 0100 | 0049 c783 | 2801 0000 | 0100 0000 
  0x000001b9c99ed0c8: e908 0000 | 0049 8383 | 0801 0000 | 014c 8bc9 

  0x000001b9c99ed0d8: ;   {metadata(method data for {method} {0x000001b9e70529c8} 'setAlignment' '(F)V' in 'com/sun/javafx/text/TextLine')}
  0x000001b9c99ed0d8: 49bb 2825 | 40e8 b901 | 0000 458b | 4908 41ba | 0000 0022 | 4d03 ca4d | 3b8b 4001 | 0000 750d 
  0x000001b9c99ed0f8: 4983 8348 | 0100 0001 | e960 0000 | 004d 3b8b | 5001 0000 | 750d 4983 | 8358 0100 | 0001 e94a 
  0x000001b9c99ed118: 0000 0049 | 83bb 4001 | 0000 0075 | 174d 898b | 4001 0000 | 49c7 8348 | 0100 0001 | 0000 00e9 
  0x000001b9c99ed138: 2900 0000 | 4983 bb50 | 0100 0000 | 7517 4d89 | 8b50 0100 | 0049 c783 | 5801 0000 | 0100 0000 
  0x000001b9c99ed158: e908 0000 | 0049 8383 | 3801 0000 | 01c5 e258 | dcc5 fa11 | 5910 c5fa 

  0x000001b9c99ed170: ;   {section_word}
  0x000001b9c99ed170: 105a 18c5 | fa10 2db1 | cfff ffc5 | f82e dd41 | b9ff ffff | ff0f 8a15 | 0000 000f | 820f 0000 
  0x000001b9c99ed190: 0041 b900 | 0000 000f | 8403 0000 | 0049 ffc1 

  0x000001b9c99ed1a0: ;   {metadata(method data for {method} {0x000001b9e6c66fc8} 'layout' '()V' in 'com/sun/javafx/text/PrismTextLayout')}
  0x000001b9c99ed1a0: 4585 c949 | b978 2255 | e7b9 0100 | 0041 bb78 | 0f00 007e | 0641 bb88 | 0f00 004f | 8b2c 194d 
  0x000001b9c99ed1c0: 8d6d 014f | 892c 190f | 8e30 0000 | 0081 ff00 

  0x000001b9c99ed1d0: ;   {metadata(method data for {method} {0x000001b9e6c66fc8} 'layout' '()V' in 'com/sun/javafx/text/PrismTextLayout')}
  0x000001b9c99ed1d0: 0020 0049 | b978 2255 | e7b9 0100 | 0041 bba8 | 0f00 0074 | 0641 bb98 | 0f00 004f | 8b2c 194d 
  0x000001b9c99ed1f0: 8d6d 014f | 892c 190f | 840b 0000 | 0041 b900 | 0000 00e9 | 1700 0000 

  0x000001b9c99ed208: ;   {metadata(method data for {method} {0x000001b9e6c66fc8} 'layout' '()V' in 'com/sun/javafx/text/PrismTextLayout')}
  0x000001b9c99ed208: 49b9 7822 | 55e7 b901 | 0000 41ff | 81b8 0f00 | 0041 b901 | 0000 0045 

  0x000001b9c99ed220: ;   {metadata(method data for {method} {0x000001b9e6c66fc8} 'layout' '()V' in 'com/sun/javafx/text/PrismTextLayout')}
  0x000001b9c99ed220: 85c9 49b9 | 7822 55e7 | b901 0000 | 41bb e00f | 0000 7506 | 41bb d00f | 0000 4f8b | 2c19 4d8d 
  0x000001b9c99ed240: 6d01 4f89 | 2c19 89b4 | 245c 0100 | 000f 850e | 0000 00c5 | fa11 8424 | d401 0000 | e9cf 0a00 
  0x000001b9c99ed260: 004c 8bcb 

  0x000001b9c99ed264: ;   {metadata(method data for {method} {0x000001b9e6c66fc8} 'layout' '()V' in 'com/sun/javafx/text/PrismTextLayout')}
  0x000001b9c99ed264: 49bb 7822 | 55e7 b901 

  0x000001b9c99ed26c: ;   {metadata('com/sun/javafx/text/TextLine')}
  0x000001b9c99ed26c: 0000 49ba | 0868 3023 | 0000 0000 | 4d89 93f8 | 0f00 0049 | 8383 0010 | 0000 0144 | 8b4b 2049 
  0x000001b9c99ed28c: c1e1 034c | 898c 2468 | 0100 0045 | 8b59 0c44 | 899c 2470 | 0100 0045 

  0x000001b9c99ed2a4: ;   {metadata(method data for {method} {0x000001b9e6c66fc8} 'layout' '()V' in 'com/sun/javafx/text/PrismTextLayout')}
  0x000001b9c99ed2a4: 85db 49bd | 7822 55e7 | b901 0000 | 41be 3010 | 0000 7f06 | 41be 2010 | 0000 4b8b | 7435 0048 
  0x000001b9c99ed2c4: 8d76 014b | 8974 3500 | 0f8f 0e00 | 0000 c5fa | 1184 24d4 | 0100 00e9 | 500a 0000 | 498b f3ff 
  0x000001b9c99ed2e4: ce41 3b71 | 0c0f 83ed | 1e00 0048 | 63f6 418b | 74b1 1048 | c1e6 0348 | 3b06 4c8b 

  0x000001b9c99ed300: ;   {metadata(method data for {method} {0x000001b9e6c66fc8} 'layout' '()V' in 'com/sun/javafx/text/PrismTextLayout')}
  0x000001b9c99ed300: ee49 be78 | 2255 e7b9 

  0x000001b9c99ed308: ;   {metadata('com/sun/javafx/text/TextRun')}
  0x000001b9c99ed308: 0100 0049 | ba00 4b30 | 2300 0000 | 004d 8996 | 4810 0000 | 4983 8650 | 1000 0001 

  0x000001b9c99ed324: ;   {metadata(method data for {method} {0x000001b9e7045158} 'isSoftbreak' '()Z' in 'com/sun/javafx/text/TextRun')}
  0x000001b9c99ed324: 49b9 d826 | 40e8 b901 | 0000 458b | a990 0000 | 0041 83c5 | 0245 89a9 | 9000 0000 | 4181 e5fe 
  0x000001b9c99ed344: ff1f 0045 | 85ed 0f84 | 9f1e 0000 | 8b76 2c83 | e604 85f6 

  0x000001b9c99ed358: ;   {metadata(method data for {method} {0x000001b9e7045158} 'isSoftbreak' '()Z' in 'com/sun/javafx/text/TextRun')}
  0x000001b9c99ed358: 48be d826 | 40e8 b901 | 0000 41b9 | d800 0000 | 7406 41b9 | e800 0000 | 4e8b 2c0e | 4d8d 6d01 
  0x000001b9c99ed378: 4e89 2c0e | 0f84 1a00 

  0x000001b9c99ed380: ;   {metadata(method data for {method} {0x000001b9e7045158} 'isSoftbreak' '()Z' in 'com/sun/javafx/text/TextRun')}
  0x000001b9c99ed380: 0000 48be | d826 40e8 | b901 0000 | ff86 f800 | 0000 be01 | 0000 00e9 | 0500 0000 | be00 0000 
  0x000001b9c99ed3a0: 0083 e601 

  0x000001b9c99ed3a4: ;   {metadata(method data for {method} {0x000001b9e6c66fc8} 'layout' '()V' in 'com/sun/javafx/text/PrismTextLayout')}
  0x000001b9c99ed3a4: 85f6 48be | 7822 55e7 | b901 0000 | 41b9 8010 | 0000 7506 | 41b9 7010 | 0000 4e8b | 2c0e 4d8d 
  0x000001b9c99ed3c4: 6d01 4e89 | 2c0e 0f85 | 0e00 0000 | c5fa 1184 | 24d4 0100 | 00e9 5209 | 0000 488b 

  0x000001b9c99ed3e0: ;   {metadata(method data for {method} {0x000001b9e6c66fc8} 'layout' '()V' in 'com/sun/javafx/text/PrismTextLayout')}
  0x000001b9c99ed3e0: f349 b978 | 2255 e7b9 

  0x000001b9c99ed3e8: ;   {metadata('com/sun/javafx/text/TextLine')}
  0x000001b9c99ed3e8: 0100 0049 | ba08 6830 | 2300 0000 | 004d 8991 | 9810 0000 | 4983 81a0 | 1000 0001 | 8b73 1c41 
  0x000001b9c99ed408: 03f0 ffce | 41b9 0000 | 0000 41bd | 0000 0000 

  0x000001b9c99ed418: ;   {metadata(method data for {method} {0x000001b9e6c66fc8} 'layout' '()V' in 'com/sun/javafx/text/PrismTextLayout')}
  0x000001b9c99ed418: 413b f049 | be78 2255 | e7b9 0100 | 0041 bbc0 | 1000 007c | 0641 bbd0 | 1000 004b | 8b3c 1e48 
  0x000001b9c99ed438: 8d7f 014b | 893c 1e0f | 8c29 0100 | 0045 85c9 

  0x000001b9c99ed448: ;   {metadata(method data for {method} {0x000001b9e6c66fc8} 'layout' '()V' in 'com/sun/javafx/text/PrismTextLayout')}
  0x000001b9c99ed448: 48bf 7822 | 55e7 b901 | 0000 41bb | e010 0000 | 7506 41bb | f010 0000 | 4e8b 341f | 4d8d 7601 
  0x000001b9c99ed468: 4e89 341f | 0f85 4400 | 0000 3b70 | 0c0f 839f | 1d00 0048 | 63fe 0fb7 | 7c78 1083 

  0x000001b9c99ed484: ;   {metadata(method data for {method} {0x000001b9e6c66fc8} 'layout' '()V' in 'com/sun/javafx/text/PrismTextLayout')}
  0x000001b9c99ed484: ff20 48bf | 7822 55e7 | b901 0000 | 41bb 0011 | 0000 7406 | 41bb 1011 | 0000 4e8b | 341f 4d8d 
  0x000001b9c99ed4a4: 7601 4e89 | 341f 0f84 | 0600 0000 | 41b9 0100 | 0000 4585 

  0x000001b9c99ed4b8: ;   {metadata(method data for {method} {0x000001b9e6c66fc8} 'layout' '()V' in 'com/sun/javafx/text/PrismTextLayout')}
  0x000001b9c99ed4b8: c948 bf78 | 2255 e7b9 | 0100 0041 | bb20 1100 | 0074 0641 | bb30 1100 | 004e 8b34 | 1f4d 8d76 
  0x000001b9c99ed4d8: 014e 8934 | 1f0f 8441 | 0000 003b | 700c 0f83 | 461d 0000 | 4863 fe0f | b77c 7810 

  0x000001b9c99ed4f4: ;   {metadata(method data for {method} {0x000001b9e6c66fc8} 'layout' '()V' in 'com/sun/javafx/text/PrismTextLayout')}
  0x000001b9c99ed4f4: 83ff 2048 | bf78 2255 | e7b9 0100 | 0041 bb40 | 1100 0075 | 0641 bb50 | 1100 004e | 8b34 1f4d 
  0x000001b9c99ed514: 8d76 014e | 8934 1f0f | 8503 0000 | 0041 ffc5 

  0x000001b9c99ed524: ;   {metadata(method data for {method} {0x000001b9e6c66fc8} 'layout' '()V' in 'com/sun/javafx/text/PrismTextLayout')}
  0x000001b9c99ed524: ffce 48bf | 7822 55e7 | b901 0000 | 448b 9f94 | 0000 0041 | 83c3 0244 | 899f 9400 | 0000 4181 
  0x000001b9c99ed544: e3fe 3f00 | 0045 85db | 0f84 ee1c | 0000 4d8b 

  0x000001b9c99ed554: ; ImmutableOopMap {rdx=Oop rax=Oop rbx=Oop rcx=Oop [176]=Oop [184]=Oop [360]=Oop [376]=Oop [384]=Oop }
                      ;*goto {reexecute=1 rethrow=0 return_oop=0}
                      ; - (reexecute) com.sun.javafx.text.PrismTextLayout::layout@1121 (line 1275)
                      ;   {poll}
  0x000001b9c99ed554: 5730 4185 

  0x000001b9c99ed558: ;   {metadata(method data for {method} {0x000001b9e6c66fc8} 'layout' '()V' in 'com/sun/javafx/text/PrismTextLayout')}
  0x000001b9c99ed558: 0248 bf78 | 2255 e7b9 | 0100 00ff | 8760 1100 | 00e9 aafe | ffff 4585 

  0x000001b9c99ed570: ;   {metadata(method data for {method} {0x000001b9e6c66fc8} 'layout' '()V' in 'com/sun/javafx/text/PrismTextLayout')}
  0x000001b9c99ed570: ed49 b878 | 2255 e7b9 | 0100 00be | 8811 0000 | 7505 be78 | 1100 0049 | 8b3c 3048 | 8d7f 0149 
  0x000001b9c99ed590: 893c 300f | 850e 0000 | 00c5 fa11 | 8424 d401 | 0000 e989 | 0700 004c 

  0x000001b9c99ed5a8: ;   {metadata(method data for {method} {0x000001b9e6c66fc8} 'layout' '()V' in 'com/sun/javafx/text/PrismTextLayout')}
  0x000001b9c99ed5a8: 8bc1 48be | 7822 55e7 | b901 0000 | 458b 4008 | 41ba 0000 | 0022 4d03 | c24c 3b86 | a011 0000 
  0x000001b9c99ed5c8: 750d 4883 | 86a8 1100 | 0001 e960 | 0000 004c | 3b86 b011 | 0000 750d | 4883 86b8 | 1100 0001 
  0x000001b9c99ed5e8: e94a 0000 | 0048 83be | a011 0000 | 0075 174c | 8986 a011 | 0000 48c7 | 86a8 1100 | 0001 0000 
  0x000001b9c99ed608: 00e9 2900 | 0000 4883 | beb0 1100 | 0000 7517 | 4c89 86b0 | 1100 0048 | c786 b811 | 0000 0100 
  0x000001b9c99ed628: 0000 e908 | 0000 0048 | 8386 9811 

  0x000001b9c99ed634: ;   {metadata(method data for {method} {0x000001b9e66e3078} 'getWidth' '()F' in 'com/sun/javafx/geom/RectBounds')}
  0x000001b9c99ed634: 0000 0149 | b8b8 7854 | e7b9 0100 | 0041 8bb0 | 9000 0000 | 83c6 0241 | 89b0 9000 | 0000 81e6 
  0x000001b9c99ed654: feff 1f00 | 85f6 0f84 | 011c 0000 | c5fa 1059 | 10c5 fa10 | 610c c5e2 | 5cdc c5f8 | 28e1 c5da 
  0x000001b9c99ed674: 5ce3 c4c1 | 622a ddc5 | da5e e3c5 | fa11 a424 | cc01 0000 | be00 0000 | 0044 8b9c | 2470 0100 
  0x000001b9c99ed694: 004c 8b8c | 2468 0100 | 00c5 fa11 | 8424 d401 | 0000 6690 

  0x000001b9c99ed6a8: ;   {metadata(method data for {method} {0x000001b9e6c66fc8} 'layout' '()V' in 'com/sun/javafx/text/PrismTextLayout')}
  0x000001b9c99ed6a8: 413b f349 | b878 2255 | e7b9 0100 | 00b8 c811 | 0000 7d05 | b8d8 1100 | 0049 8b3c | 0048 8d7f 
  0x000001b9c99ed6c8: 0149 893c | 000f 8da0 | 0200 004c | 63c6 438b | 7c81 1048 | c1e7 0348 | 89bc 2490 | 0100 0048 
  0x000001b9c99ed6e8: 3b07 4c8b | c789 b424 | 7401 0000 

  0x000001b9c99ed6f4: ;   {metadata(method data for {method} {0x000001b9e6c66fc8} 'layout' '()V' in 'com/sun/javafx/text/PrismTextLayout')}
  0x000001b9c99ed6f4: 48b8 7822 | 55e7 b901 

  0x000001b9c99ed6fc: ;   {metadata('com/sun/javafx/text/TextRun')}
  0x000001b9c99ed6fc: 0000 49ba | 004b 3023 | 0000 0000 | 4c89 90f0 | 1100 0048 | 8380 f811 | 0000 018b | 7710 89b4 
  0x000001b9c99ed71c: 2488 0100 | 004c 8bc7 

  0x000001b9c99ed724: ;   {metadata(method data for {method} {0x000001b9e6c66fc8} 'layout' '()V' in 'com/sun/javafx/text/PrismTextLayout')}
  0x000001b9c99ed724: 48b8 7822 | 55e7 b901 

  0x000001b9c99ed72c: ;   {metadata('com/sun/javafx/text/TextRun')}
  0x000001b9c99ed72c: 0000 49ba | 004b 3023 | 0000 0000 | 4c89 9020 | 1200 0048 | 8380 2812 

  0x000001b9c99ed744: ;   {metadata(method data for {method} {0x000001b9e7047ac8} 'getEnd' '()I' in 'com/sun/javafx/text/TextRun')}
  0x000001b9c99ed744: 0000 0149 | b810 1440 | e8b9 0100 | 0041 8b98 | 9000 0000 | 83c3 0241 | 8998 9000 | 0000 81e3 
  0x000001b9c99ed764: feff 1f00 | 85db 0f84 | 171b 0000 | 448b 4714 | 4403 c644 | 8984 249c | 0100 0048 | 8bde 660f 
  0x000001b9c99ed784: 1f44 0000 | 488b 8424 | b800 0000 

  0x000001b9c99ed790: ;   {metadata(method data for {method} {0x000001b9e6c66fc8} 'layout' '()V' in 'com/sun/javafx/text/PrismTextLayout')}
  0x000001b9c99ed790: 413b d848 | be78 2255 | e7b9 0100 | 00bf 4812 | 0000 7d05 | bf58 1200 | 0048 8b14 | 3e48 8d52 
  0x000001b9c99ed7b0: 0148 8914 | 3e0f 8d3f | 0100 003b | 580c 0f83 | ee1a 0000 | 4863 d30f | b754 5010 

  0x000001b9c99ed7cc: ;   {metadata(method data for {method} {0x000001b9e6c66fc8} 'layout' '()V' in 'com/sun/javafx/text/PrismTextLayout')}
  0x000001b9c99ed7cc: 83fa 2048 | ba78 2255 | e7b9 0100 | 00be 7812 | 0000 7405 | be68 1200 | 0048 8b3c | 3248 8d7f 
  0x000001b9c99ed7ec: 0148 893c | 320f 840c | 0000 0089 | 9c24 9801 | 0000 e997 | 0000 0044 | 89ac 248c | 0100 008b 
  0x000001b9c99ed80c: b424 8801 | 0000 488b | bc24 9001 | 0000 488b 

  0x000001b9c99ed81c: ;   {metadata(method data for {method} {0x000001b9e6c66fc8} 'layout' '()V' in 'com/sun/javafx/text/PrismTextLayout')}
  0x000001b9c99ed81c: c748 b978 | 2255 e7b9 

  0x000001b9c99ed824: ;   {metadata('com/sun/javafx/text/TextRun')}
  0x000001b9c99ed824: 0100 0049 | ba00 4b30 | 2300 0000 | 004c 8991 | 9012 0000 | 4883 8198 | 1200 0001 | 488b c32b 
  0x000001b9c99ed844: c64c 8bc0 | c5f8 28c4 | 488b d789 | 9c24 9801 

  0x000001b9c99ed854: ;   {optimized virtual_call}
  0x000001b9c99ed854: 0000 90e8 

  0x000001b9c99ed858: ; ImmutableOopMap {[176]=Oop [184]=Oop [360]=Oop [376]=Oop [384]=Oop [400]=Oop }
                      ;*invokevirtual justify {reexecute=0 rethrow=0 return_oop=0}
                      ; - com.sun.javafx.text.PrismTextLayout::layout@1203 (line 1289)
  0x000001b9c99ed858: 8419 ce06 

  0x000001b9c99ed85c: ;   {post_call_nop}
  0x000001b9c99ed85c: 0f1f 8400 | 5438 0021 | 448b ac24 | 8c01 0000 | 41ff cd45 

  0x000001b9c99ed870: ;   {metadata(method data for {method} {0x000001b9e6c66fc8} 'layout' '()V' in 'com/sun/javafx/text/PrismTextLayout')}
  0x000001b9c99ed870: 85ed 49b8 | 7822 55e7 | b901 0000 | bac8 1200 | 0074 05ba | b812 0000 | 498b 3410 | 488d 7601 
  0x000001b9c99ed890: 4989 3410 | 0f84 c800 | 0000 8b9c | 2498 0100 

  0x000001b9c99ed8a0: ;   {metadata(method data for {method} {0x000001b9e6c66fc8} 'layout' '()V' in 'com/sun/javafx/text/PrismTextLayout')}
  0x000001b9c99ed8a0: 00ff c349 | b878 2255 | e7b9 0100 | 0041 8b90 | 9400 0000 | 83c2 0241 | 8990 9400 | 0000 81e2 
  0x000001b9c99ed8c0: fe3f 0000 | 85d2 0f84 | f419 0000 

  0x000001b9c99ed8cc: ; ImmutableOopMap {[176]=Oop [184]=Oop [360]=Oop [376]=Oop [384]=Oop [400]=Oop }
                      ;*goto {reexecute=1 rethrow=0 return_oop=0}
                      ; - (reexecute) com.sun.javafx.text.PrismTextLayout::layout@1220 (line 1286)
  0x000001b9c99ed8cc: 4d8b 5730 

  0x000001b9c99ed8d0: ;   {poll}
  0x000001b9c99ed8d0: 4185 0249 | b878 2255 | e7b9 0100 | 0041 ff80 | f012 0000 | 448b 8424 | 9c01 0000 | c5fa 10a4 
  0x000001b9c99ed8f0: 24cc 0100 | 00e9 8efe | ffff 8bb4 | 2474 0100 

  0x000001b9c99ed900: ;   {metadata(method data for {method} {0x000001b9e6c66fc8} 'layout' '()V' in 'com/sun/javafx/text/PrismTextLayout')}
  0x000001b9c99ed900: 00ff c649 | b878 2255 | e7b9 0100 | 0041 8b90 | 9400 0000 | 83c2 0241 | 8990 9400 | 0000 81e2 
  0x000001b9c99ed920: fe3f 0000 | 85d2 0f84 | b519 0000 

  0x000001b9c99ed92c: ; ImmutableOopMap {[176]=Oop [184]=Oop [360]=Oop [376]=Oop [384]=Oop }
                      ;*goto {reexecute=1 rethrow=0 return_oop=0}
                      ; - (reexecute) com.sun.javafx.text.PrismTextLayout::layout@1226 (line 1282)
  0x000001b9c99ed92c: 4d8b 5730 

  0x000001b9c99ed930: ;   {poll}
  0x000001b9c99ed930: 4185 0249 | b878 2255 | e7b9 0100 | 0041 ff80 | 0813 0000 | c5fa 10a4 | 24cc 0100 | 0044 8b9c 
  0x000001b9c99ed950: 2470 0100 | 004c 8b8c | 2468 0100 | 00e9 46fd 

  0x000001b9c99ed960: ;   {metadata(method data for {method} {0x000001b9e6c66fc8} 'layout' '()V' in 'com/sun/javafx/text/PrismTextLayout')}
  0x000001b9c99ed960: ffff 49b8 | 7822 55e7 | b901 0000 | 41ff 80d8 | 1200 0048 | 8b9c 2478 | 0100 004c 

  0x000001b9c99ed97c: ;   {metadata(method data for {method} {0x000001b9e6c66fc8} 'layout' '()V' in 'com/sun/javafx/text/PrismTextLayout')}
  0x000001b9c99ed97c: 8bc3 48ba | 7822 55e7 | b901 0000 

  0x000001b9c99ed988: ;   {metadata('com/sun/javafx/text/TextLine')}
  0x000001b9c99ed988: 49ba 0868 | 3023 0000 | 0000 4c89 | 9228 1300 | 0048 8382 | 3013 0000 

  0x000001b9c99ed9a0: ;   {metadata(method data for {method} {0x000001b9e70529c8} 'setAlignment' '(F)V' in 'com/sun/javafx/text/TextLine')}
  0x000001b9c99ed9a0: 0149 b828 | 2540 e8b9 | 0100 0041 | 8b90 9000 | 0000 83c2 | 0241 8990 | 9000 0000 | 81e2 feff 
  0x000001b9c99ed9c0: 1f00 85d2 | 0f84 3819 | 0000 448b | 4324 49c1 | e003 493b | 0049 8bd0 

  0x000001b9c99ed9d8: ;   {metadata(method data for {method} {0x000001b9e70529c8} 'setAlignment' '(F)V' in 'com/sun/javafx/text/TextLine')}
  0x000001b9c99ed9d8: 48be 2825 | 40e8 b901 | 0000 8b52 | 0841 ba00 | 0000 2249 | 03d2 483b | 96e0 0000 | 0075 0d48 
  0x000001b9c99ed9f8: 8386 e800 | 0000 01e9 | 6000 0000 | 483b 96f0 | 0000 0075 | 0d48 8386 | f800 0000 | 01e9 4a00 
  0x000001b9c99eda18: 0000 4883 | bee0 0000 | 0000 7517 | 4889 96e0 | 0000 0048 | c786 e800 | 0000 0100 | 0000 e929 
  0x000001b9c99eda38: 0000 0048 | 83be f000 | 0000 0075 | 1748 8996 | f000 0000 | 48c7 86f8 | 0000 0001 | 0000 00e9 
  0x000001b9c99eda58: 0800 0000 | 4883 86d8 | 0000 0001 | 41c7 400c | 0000 0000 

  0x000001b9c99eda6c: ;   {metadata(method data for {method} {0x000001b9e70529c8} 'setAlignment' '(F)V' in 'com/sun/javafx/text/TextLine')}
  0x000001b9c99eda6c: 498b d048 | be28 2540 | e8b9 0100 | 008b 5208 | 41ba 0000 | 0022 4903 | d248 3b96 | 1001 0000 
  0x000001b9c99eda8c: 750d 4883 | 8618 0100 | 0001 e960 | 0000 0048 | 3b96 2001 | 0000 750d | 4883 8628 | 0100 0001 
  0x000001b9c99edaac: e94a 0000 | 0048 83be | 1001 0000 | 0075 1748 | 8996 1001 | 0000 48c7 | 8618 0100 | 0001 0000 
  0x000001b9c99edacc: 00e9 2900 | 0000 4883 | be20 0100 | 0000 7517 | 4889 9620 | 0100 0048 | c786 2801 | 0000 0100 
  0x000001b9c99edaec: 0000 e908 | 0000 0048 | 8386 0801 | 0000 01c4 | c17a 1040 | 1049 8bd0 

  0x000001b9c99edb04: ;   {metadata(method data for {method} {0x000001b9e70529c8} 'setAlignment' '(F)V' in 'com/sun/javafx/text/TextLine')}
  0x000001b9c99edb04: 48be 2825 | 40e8 b901 | 0000 8b52 | 0841 ba00 | 0000 2249 | 03d2 483b | 9640 0100 | 0075 0d48 
  0x000001b9c99edb24: 8386 4801 | 0000 01e9 | 6000 0000 | 483b 9650 | 0100 0075 | 0d48 8386 | 5801 0000 | 01e9 4a00 
  0x000001b9c99edb44: 0000 4883 | be40 0100 | 0000 7517 | 4889 9640 | 0100 0048 | c786 4801 | 0000 0100 | 0000 e929 
  0x000001b9c99edb64: 0000 0048 | 83be 5001 | 0000 0075 | 1748 8996 | 5001 0000 | 48c7 8658 | 0100 0001 | 0000 00e9 
  0x000001b9c99edb84: 0800 0000 | 4883 8638 | 0100 0001 

  0x000001b9c99edb90: ;   {section_word}
  0x000001b9c99edb90: c5fa 5805 | 98c5 ffff | c4c1 7a11 | 4010 488b 

  0x000001b9c99edba0: ;   {metadata(method data for {method} {0x000001b9e6c66fc8} 'layout' '()V' in 'com/sun/javafx/text/PrismTextLayout')}
  0x000001b9c99edba0: d348 be78 | 2255 e7b9 

  0x000001b9c99edba8: ;   {metadata('com/sun/javafx/text/TextLine')}
  0x000001b9c99edba8: 0100 0049 | ba08 6830 | 2300 0000 | 004c 8996 | 5813 0000 | 4883 8660 | 1300 0001 

  0x000001b9c99edbc4: ;   {metadata(method data for {method} {0x000001b9e7052a70} 'setWidth' '(F)V' in 'com/sun/javafx/text/TextLine')}
  0x000001b9c99edbc4: 48ba 082c | 40e8 b901 | 0000 8bb2 | 9000 0000 | 83c6 0289 | b290 0000 | 0081 e6fe | ff1f 0085 
  0x000001b9c99edbe4: f60f 843d | 1700 0049 

  0x000001b9c99edbec: ;   {metadata(method data for {method} {0x000001b9e7052a70} 'setWidth' '(F)V' in 'com/sun/javafx/text/TextLine')}
  0x000001b9c99edbec: 8bd0 48be | 082c 40e8 | b901 0000 | 8b52 0841 | ba00 0000 | 2249 03d2 | 483b 96e0 | 0000 0075 
  0x000001b9c99edc0c: 0d48 8386 | e800 0000 | 01e9 6000 | 0000 483b | 96f0 0000 | 0075 0d48 | 8386 f800 | 0000 01e9 
  0x000001b9c99edc2c: 4a00 0000 | 4883 bee0 | 0000 0000 | 7517 4889 | 96e0 0000 | 0048 c786 | e800 0000 | 0100 0000 
  0x000001b9c99edc4c: e929 0000 | 0048 83be | f000 0000 | 0075 1748 | 8996 f000 | 0000 48c7 | 86f8 0000 | 0001 0000 
  0x000001b9c99edc6c: 00e9 0800 | 0000 4883 | 86d8 0000 | 0001 498b 

  0x000001b9c99edc7c: ;   {metadata(method data for {method} {0x000001b9e7052a70} 'setWidth' '(F)V' in 'com/sun/javafx/text/TextLine')}
  0x000001b9c99edc7c: d048 be08 | 2c40 e8b9 | 0100 008b | 5208 41ba | 0000 0022 | 4903 d248 | 3b96 1001 | 0000 750d 
  0x000001b9c99edc9c: 4883 8618 | 0100 0001 | e960 0000 | 0048 3b96 | 2001 0000 | 750d 4883 | 8628 0100 | 0001 e94a 
  0x000001b9c99edcbc: 0000 0048 | 83be 1001 | 0000 0075 | 1748 8996 | 1001 0000 | 48c7 8618 | 0100 0001 | 0000 00e9 
  0x000001b9c99edcdc: 2900 0000 | 4883 be20 | 0100 0000 | 7517 4889 | 9620 0100 | 0048 c786 | 2801 0000 | 0100 0000 
  0x000001b9c99edcfc: e908 0000 | 0048 8386 | 0801 0000 | 01c5 fa10 | 8424 c801 

  0x000001b9c99edd10: ;   {section_word}
  0x000001b9c99edd10: 0000 c5fa | 5805 1ac4 | ffff c4c1 | 7a11 4010 

  0x000001b9c99edd20: ;   {section_word}
  0x000001b9c99edd20: c5fa 1025 | 10c4 ffff | 488b 9424 | b000 0000 | 448b 4220 | 4183 e008 

  0x000001b9c99edd38: ;   {metadata(method data for {method} {0x000001b9e6c66fc8} 'layout' '()V' in 'com/sun/javafx/text/PrismTextLayout')}
  0x000001b9c99edd38: 4585 c049 | b878 2255 | e7b9 0100 | 00be 8013 | 0000 7405 | be90 1300 | 0049 8b3c | 3048 8d7f 
  0x000001b9c99edd58: 0149 893c | 30c5 fa11 | a424 d801 | 0000 0f84 | 3800 0000 

  0x000001b9c99edd6c: ;   {metadata(method data for {method} {0x000001b9e6c66fc8} 'layout' '()V' in 'com/sun/javafx/text/PrismTextLayout')}
  0x000001b9c99edd6c: 4c8b c248 | be78 2255 | e7b9 0100 | 0048 8386 | a013 0000 | 014c 8bc3 | 488b f248 | 8bd6 0f1f 
  0x000001b9c99edd8c: ;   {optimized virtual_call}
  0x000001b9c99edd8c: 4400 00e8 

  0x000001b9c99edd90: ; ImmutableOopMap {[176]=Oop [184]=Oop [376]=Oop [384]=Oop }
                      ;*invokevirtual reorderLine {reexecute=0 rethrow=0 return_oop=0}
                      ; - com.sun.javafx.text.PrismTextLayout::layout@1259 (line 1302)
  0x000001b9c99edd90: a519 0000 

  0x000001b9c99edd94: ;   {post_call_nop}
  0x000001b9c99edd94: 0f1f 8400 | 8c3d 0024 | 488b 9c24 | 7801 0000 | 488b 9424 | b000 0000 

  0x000001b9c99eddac: ;   {metadata(method data for {method} {0x000001b9e6c66fc8} 'layout' '()V' in 'com/sun/javafx/text/PrismTextLayout')}
  0x000001b9c99eddac: 49b8 7822 | 55e7 b901 | 0000 4983 | 80d0 1300 | 0001 4c8b | c348 8b94 | 24b0 0000 | 0066 0f1f 
  0x000001b9c99eddcc: ;   {optimized virtual_call}
  0x000001b9c99eddcc: 4400 00e8 

  0x000001b9c99eddd0: ; ImmutableOopMap {[176]=Oop [184]=Oop [376]=Oop [384]=Oop }
                      ;*invokevirtual computeSideBearings {reexecute=0 rethrow=0 return_oop=0}
                      ; - com.sun.javafx.text.PrismTextLayout::layout@1265 (line 1305)
  0x000001b9c99eddd0: 8c6b 1f00 

  0x000001b9c99eddd4: ;   {post_call_nop}
  0x000001b9c99eddd4: 0f1f 8400 | cc3d 0025 | 488b 9c24 | 7801 0000 

  0x000001b9c99edde4: ;   {metadata(method data for {method} {0x000001b9e6c66fc8} 'layout' '()V' in 'com/sun/javafx/text/PrismTextLayout')}
  0x000001b9c99edde4: 48ba 7822 | 55e7 b901 | 0000 4883 | 8210 1400 | 0001 488b | 9c24 7801 | 0000 8b73 | 2048 c1e6 
  0x000001b9c99ede04: 0348 89b4 | 24b0 0100 | 00c5 fa10 | a424 d801 | 0000 bf00 | 0000 00e9 | 3801 0000 | 4863 d78b 
  0x000001b9c99ede24: 4496 1048 | c1e0 0348 | 3b00 488b 

  0x000001b9c99ede30: ;   {metadata(method data for {method} {0x000001b9e6c66fc8} 'layout' '()V' in 'com/sun/javafx/text/PrismTextLayout')}
  0x000001b9c99ede30: d048 b978 | 2255 e7b9 | 0100 0048 | 8381 6014 | 0000 01c5 | f828 c4c5 | fa10 8c24 | d001 0000 
  0x000001b9c99ede50: 488b d089 | bc24 a801 | 0000 4889 | 8424 a001 | 0000 c5fa | 11a4 24dc | 0100 000f 

  0x000001b9c99ede6c: ;   {optimized virtual_call}
  0x000001b9c99ede6c: 1f40 00e8 

  0x000001b9c99ede70: ; ImmutableOopMap {[176]=Oop [184]=Oop [376]=Oop [384]=Oop [416]=Oop [432]=Oop }
                      ;*invokevirtual setLocation {reexecute=0 rethrow=0 return_oop=0}
                      ; - com.sun.javafx.text.PrismTextLayout::layout@1303 (line 1312)
  0x000001b9c99ede70: ac66 1f00 

  0x000001b9c99ede74: ;   {post_call_nop}
  0x000001b9c99ede74: 0f1f 8400 | 6c3e 0026 | 488b 8424 | a001 0000 

  0x000001b9c99ede84: ;   {metadata(method data for {method} {0x000001b9e6c66fc8} 'layout' '()V' in 'com/sun/javafx/text/PrismTextLayout')}
  0x000001b9c99ede84: 48ba 7822 | 55e7 b901 | 0000 4883 | 8290 1400 | 0001 410f | be57 4885 | d248 8b84 | 24a0 0100 
  0x000001b9c99edea4: 000f 85a3 | 1400 0048 | 8b9c 2478 | 0100 004c | 8bd3 49c1 | ea03 4489 | 5050 488b | d048 33d3 
  0x000001b9c99edec4: 48c1 ea16 | 4883 fa00 | 0f85 9b14 | 0000 488b 

  0x000001b9c99eded4: ;   {metadata(method data for {method} {0x000001b9e6c66fc8} 'layout' '()V' in 'com/sun/javafx/text/PrismTextLayout')}
  0x000001b9c99eded4: d048 be78 | 2255 e7b9 | 0100 0048 | 8386 c014 | 0000 0148 | 8bd0 0f1f 

  0x000001b9c99edeec: ;   {optimized virtual_call}
  0x000001b9c99edeec: 4400 00e8 

  0x000001b9c99edef0: ; ImmutableOopMap {[176]=Oop [184]=Oop [376]=Oop [384]=Oop [432]=Oop }
                      ;*invokevirtual getWidth {reexecute=0 rethrow=0 return_oop=0}
                      ; - com.sun.javafx.text.PrismTextLayout::layout@1317 (line 1314)
  0x000001b9c99edef0: cce1 deff 

  0x000001b9c99edef4: ;   {post_call_nop}
  0x000001b9c99edef4: 0f1f 8400 | ec3e 0027 | c5fa 5884 | 24dc 0100 | 008b bc24 | a801 0000 

  0x000001b9c99edf0c: ;   {metadata(method data for {method} {0x000001b9e6c66fc8} 'layout' '()V' in 'com/sun/javafx/text/PrismTextLayout')}
  0x000001b9c99edf0c: ffc7 48be | 7822 55e7 | b901 0000 | 8b9e 9400 | 0000 83c3 | 0289 9e94 | 0000 0081 | e3fe 3f00 
  0x000001b9c99edf2c: 0085 db0f | 8450 1400 | 004d 8b57 

  0x000001b9c99edf38: ; ImmutableOopMap {[176]=Oop [184]=Oop [376]=Oop [384]=Oop [432]=Oop }
                      ;*goto {reexecute=1 rethrow=0 return_oop=0}
                      ; - (reexecute) com.sun.javafx.text.PrismTextLayout::layout@1326 (line 1310)
                      ;   {poll}
  0x000001b9c99edf38: 3041 8502 

  0x000001b9c99edf3c: ;   {metadata(method data for {method} {0x000001b9e6c66fc8} 'layout' '()V' in 'com/sun/javafx/text/PrismTextLayout')}
  0x000001b9c99edf3c: 48be 7822 | 55e7 b901 | 0000 ff86 | e014 0000 | c5f8 28e0 | 488b b424 | b001 0000 

  0x000001b9c99edf58: ; implicit exception: dispatches to 0x000001b9c99ef3a6
  0x000001b9c99edf58: 8b56 0c3b 

  0x000001b9c99edf5c: ;   {metadata(method data for {method} {0x000001b9e6c66fc8} 'layout' '()V' in 'com/sun/javafx/text/PrismTextLayout')}
  0x000001b9c99edf5c: fa48 ba78 | 2255 e7b9 | 0100 00b8 | 4014 0000 | 7c05 b830 | 1400 0048 | 8b0c 0248 | 8d49 0148 
  0x000001b9c99edf7c: 890c 020f | 8c9b feff | ff48 8b94 | 24b0 0000 | 008b b424 | 5c01 0000 | ffc6 8b7a | 3c48 c1e7 
  0x000001b9c99edf9c: 038b 7f0c 

  0x000001b9c99edfa0: ;   {metadata(method data for {method} {0x000001b9e6c66fc8} 'layout' '()V' in 'com/sun/javafx/text/PrismTextLayout')}
  0x000001b9c99edfa0: 3bf7 48bf | 7822 55e7 | b901 0000 | bbf8 1400 | 007d 05bb | 0815 0000 | 488b 041f | 488d 4001 
  0x000001b9c99edfc0: 4889 041f | 89b4 24ac | 0100 0048 | 8b8c 2480 | 0100 000f | 8d18 0100 | 0048 8bf9 

  0x000001b9c99edfdc: ;   {metadata(method data for {method} {0x000001b9e6c66fc8} 'layout' '()V' in 'com/sun/javafx/text/PrismTextLayout')}
  0x000001b9c99edfdc: 48bb 7822 | 55e7 b901 | 0000 8b7f | 0841 ba00 | 0000 2249 | 03fa 483b | bb20 1500 | 0075 0d48 
  0x000001b9c99edffc: 8383 2815 | 0000 01e9 | 6000 0000 | 483b bb30 | 1500 0075 | 0d48 8383 | 3815 0000 | 01e9 4a00 
  0x000001b9c99ee01c: 0000 4883 | bb20 1500 | 0000 7517 | 4889 bb20 | 1500 0048 | c783 2815 | 0000 0100 | 0000 e929 
  0x000001b9c99ee03c: 0000 0048 | 83bb 3015 | 0000 0075 | 1748 89bb | 3015 0000 | 48c7 8338 | 1500 0001 | 0000 00e9 
  0x000001b9c99ee05c: 0800 0000 | 4883 8318 | 1500 0001 

  0x000001b9c99ee068: ;   {metadata(method data for {method} {0x000001b9e66e3118} 'getHeight' '()F' in 'com/sun/javafx/geom/RectBounds')}
  0x000001b9c99ee068: 48bf b8f9 | 51e7 b901 | 0000 8b9f | 9000 0000 | 83c3 0289 | 9f90 0000 | 0081 e3fe | ff1f 0085 
  0x000001b9c99ee088: db0f 8421 | 1300 00c5 | fa10 4118 | c5fa 1049 | 14c5 fa10 

  0x000001b9c99ee09c: ;   {metadata(method data for {method} {0x000001b9e6c66fc8} 'layout' '()V' in 'com/sun/javafx/text/PrismTextLayout')}
  0x000001b9c99ee09c: 521c 48bf | 7822 55e7 | b901 0000 | 4883 8748 | 1500 0001 | c5fa 5cc1 | c5fa 5884 | 24d0 0100 
  0x000001b9c99ee0bc: 00c5 f828 | c8c5 f258 | cac5 fa10 | 8424 d001 

  0x000001b9c99ee0cc: ;   {static_call}
  0x000001b9c99ee0cc: 0000 90e8 

  0x000001b9c99ee0d0: ; ImmutableOopMap {[176]=Oop [184]=Oop }
                      ;*invokestatic max {reexecute=0 rethrow=0 return_oop=0}
                      ; - com.sun.javafx.text.PrismTextLayout::layout@1356 (line 1317)
  0x000001b9c99ee0d0: 4cda 6407 

  0x000001b9c99ee0d4: ;   {post_call_nop}
  0x000001b9c99ee0d4: 0f1f 8400 | cc40 0029 

  0x000001b9c99ee0dc: ;   {metadata(method data for {method} {0x000001b9e6c66fc8} 'layout' '()V' in 'com/sun/javafx/text/PrismTextLayout')}
  0x000001b9c99ee0dc: 48ba 7822 | 55e7 b901 | 0000 ff82 | 5815 0000 | e9f3 0000 | 0048 8b9c | 2478 0100 | 0048 8bd1 
  0x000001b9c99ee0fc: ;   {metadata(method data for {method} {0x000001b9e6c66fc8} 'layout' '()V' in 'com/sun/javafx/text/PrismTextLayout')}
  0x000001b9c99ee0fc: 48be 7822 | 55e7 b901 | 0000 8b52 | 0841 ba00 | 0000 2249 | 03d2 483b | 9678 1500 | 0075 0d48 
  0x000001b9c99ee11c: 8386 8015 | 0000 01e9 | 6000 0000 | 483b 9688 | 1500 0075 | 0d48 8386 | 9015 0000 | 01e9 4a00 
  0x000001b9c99ee13c: 0000 4883 | be78 1500 | 0000 7517 | 4889 9678 | 1500 0048 | c786 8015 | 0000 0100 | 0000 e929 
  0x000001b9c99ee15c: 0000 0048 | 83be 8815 | 0000 0075 | 1748 8996 | 8815 0000 | 48c7 8690 | 1500 0001 | 0000 00e9 
  0x000001b9c99ee17c: 0800 0000 | 4883 8670 | 1500 0001 

  0x000001b9c99ee188: ;   {metadata(method data for {method} {0x000001b9e66e3118} 'getHeight' '()F' in 'com/sun/javafx/geom/RectBounds')}
  0x000001b9c99ee188: 48ba b8f9 | 51e7 b901 | 0000 8bb2 | 9000 0000 | 83c6 0289 | b290 0000 | 0081 e6fe | ff1f 0085 
  0x000001b9c99ee1a8: f60f 8422 | 1200 00c5 | fa10 4118 | c5fa 1049 | 1448 8bd3 

  0x000001b9c99ee1bc: ;   {metadata(method data for {method} {0x000001b9e6c66fc8} 'layout' '()V' in 'com/sun/javafx/text/PrismTextLayout')}
  0x000001b9c99ee1bc: 48be 7822 | 55e7 b901 | 0000 4883 | 86b0 1500 | 0001 c5fa | 1053 14c5 | fa5c c1c5 | fa5c c2c5 
  0x000001b9c99ee1dc: fa58 8424 | d001 0000 | 8bb4 24ac 

  0x000001b9c99ee1e8: ;   {metadata(method data for {method} {0x000001b9e6c66fc8} 'layout' '()V' in 'com/sun/javafx/text/PrismTextLayout')}
  0x000001b9c99ee1e8: 0100 0048 | ba78 2255 | e7b9 0100 | 008b ba94 | 0000 0083 | c702 89ba | 9400 0000 | 81e7 fe3f 
  0x000001b9c99ee208: 0000 85ff | 0f84 e011 | 0000 4d8b 

  0x000001b9c99ee214: ; ImmutableOopMap {[176]=Oop [184]=Oop }
                      ;*goto {reexecute=1 rethrow=0 return_oop=0}
                      ; - (reexecute) com.sun.javafx.text.PrismTextLayout::layout@1383 (line 1256)
                      ;   {poll}
  0x000001b9c99ee214: 5730 4185 

  0x000001b9c99ee218: ;   {metadata(method data for {method} {0x000001b9e6c66fc8} 'layout' '()V' in 'com/sun/javafx/text/PrismTextLayout')}
  0x000001b9c99ee218: 0248 ba78 | 2255 e7b9 | 0100 00ff | 82d0 1500 | 00c5 f828 | c8c5 fa11 | 8c24 d001 | 0000 c5fa 
  0x000001b9c99ee238: 1084 24d4 | 0100 00c5 | fa10 8c24 | c801 0000 | 8bbc 24e0 | 0000 00e9 | a4eb ffff | c5fa 108c 
  0x000001b9c99ee258: 24d0 0100 | 0083 7b0c | 000f 86ac | 1100 008b | 7310 48c1 | e603 483b | 0648 8bfe 

  0x000001b9c99ee274: ;   {metadata(method data for {method} {0x000001b9e6c66fc8} 'layout' '()V' in 'com/sun/javafx/text/PrismTextLayout')}
  0x000001b9c99ee274: 48bb 7822 | 55e7 b901 | 0000 4883 | 83f8 1500 | 0001 8b76 | 2448 c1e6 | 0348 3b06 

  0x000001b9c99ee290: ;   {metadata(method data for {method} {0x000001b9e6c66fc8} 'layout' '()V' in 'com/sun/javafx/text/PrismTextLayout')}
  0x000001b9c99ee290: 488b fe48 | bb78 2255 | e7b9 0100 | 008b 7f08 | 41ba 0000 | 0022 4903 | fa48 3bbb | 2016 0000 
  0x000001b9c99ee2b0: 750d 4883 | 8328 1600 | 0001 e960 | 0000 0048 | 3bbb 3016 | 0000 750d | 4883 8338 | 1600 0001 
  0x000001b9c99ee2d0: e94a 0000 | 0048 83bb | 2016 0000 | 0075 1748 | 89bb 2016 | 0000 48c7 | 8328 1600 | 0001 0000 
  0x000001b9c99ee2f0: 00e9 2900 | 0000 4883 | bb30 1600 | 0000 7517 | 4889 bb30 | 1600 0048 | c783 3816 | 0000 0100 
  0x000001b9c99ee310: 0000 e908 | 0000 0048 | 8383 1816 | 0000 01c5 | fa10 5614 | c5fa 114a | 148b 7244 | 48c1 e603 
  0x000001b9c99ee330: c5fa 105a | 1048 3b06 

  0x000001b9c99ee338: ;   {metadata(method data for {method} {0x000001b9e6c66fc8} 'layout' '()V' in 'com/sun/javafx/text/PrismTextLayout')}
  0x000001b9c99ee338: 488b fe48 | bb78 2255 | e7b9 0100 | 008b 7f08 | 41ba 0000 | 0022 4903 | fa48 3bbb | 5016 0000 
  0x000001b9c99ee358: 750d 4883 | 8358 1600 | 0001 e960 | 0000 0048 | 3bbb 6016 | 0000 750d | 4883 8368 | 1600 0001 
  0x000001b9c99ee378: e94a 0000 | 0048 83bb | 5016 0000 | 0075 1748 | 89bb 5016 | 0000 48c7 | 8358 1600 | 0001 0000 
  0x000001b9c99ee398: 00e9 2900 | 0000 4883 | bb60 1600 | 0000 7517 | 4889 bb60 | 1600 0048 | c783 6816 | 0000 0100 
  0x000001b9c99ee3b8: 0000 e908 | 0000 0048 | 8383 4816 | 0000 01c5 | f828 e2c5 

  0x000001b9c99ee3cc: ;   {section_word}
  0x000001b9c99ee3cc: da58 e1c5 | fa10 0565 | bdff ffc5 

  0x000001b9c99ee3d8: ;   {section_word}
  0x000001b9c99ee3d8: f828 cac5 | fa10 155d 

  0x000001b9c99ee3e0: ;   {section_word}
  0x000001b9c99ee3e0: bdff ffc5 | fa10 2d59 | bdff ff48 | 8bd6 0f1f | 8000 0000 | 0048 b8b8 | c6b4 ffb9 

  0x000001b9c99ee3fc: ;   {virtual_call}
  0x000001b9c99ee3fc: 0100 00e8 

  0x000001b9c99ee400: ; ImmutableOopMap {[176]=Oop [184]=Oop }
                      ;*invokevirtual deriveWithNewBounds {reexecute=0 rethrow=0 return_oop=0}
                      ; - com.sun.javafx.text.PrismTextLayout::layout@1427 (line 1324)
  0x000001b9c99ee400: 2e8a d5ff 

  0x000001b9c99ee404: ;   {post_call_nop}
  0x000001b9c99ee404: 0f1f 8400 | fc43 002b | 410f be57 | 4885 d248 | 8b94 24b0 | 0000 000f | 8513 1000 | 004c 8bd0 
  0x000001b9c99ee424: 49c1 ea03 | 4489 5244 | 488b f248 | 33f0 48c1 | ee16 4883 | fe00 0f85 | 1310 0000 | 8b72 4c48 
  0x000001b9c99ee444: c1e6 0348 

  0x000001b9c99ee448: ;   {metadata(method data for {method} {0x000001b9e6c66fc8} 'layout' '()V' in 'com/sun/javafx/text/PrismTextLayout')}
  0x000001b9c99ee448: 85f6 48bf | 7822 55e7 | b901 0000 | bb78 1600 | 0074 05bb | 8816 0000 | 488b 041f | 488d 4001 
  0x000001b9c99ee468: 4889 041f | 0f84 9704 | 0000 8b7a | 3848 c1e7 | 0348 85ff 

  0x000001b9c99ee47c: ;   {metadata(method data for {method} {0x000001b9e6c66fc8} 'layout' '()V' in 'com/sun/javafx/text/PrismTextLayout')}
  0x000001b9c99ee47c: 48bf 7822 | 55e7 b901 | 0000 bb98 | 1600 0074 | 05bb a816 | 0000 488b | 041f 488d | 4001 4889 
  0x000001b9c99ee49c: 041f 0f84 | 5a04 0000 

  0x000001b9c99ee4a4: ; implicit exception: dispatches to 0x000001b9c99ef46b
  0x000001b9c99ee4a4: 0fbe 761c 

  0x000001b9c99ee4a8: ;   {metadata(method data for {method} {0x000001b9e6c66fc8} 'layout' '()V' in 'com/sun/javafx/text/PrismTextLayout')}
  0x000001b9c99ee4a8: 85f6 48be | 7822 55e7 | b901 0000 | bfb8 1600 | 0075 05bf | c816 0000 | 488b 1c3e | 488d 5b01 
  0x000001b9c99ee4c8: 4889 1c3e | 0f85 2c04 | 0000 488b 

  0x000001b9c99ee4d4: ;   {metadata(method data for {method} {0x000001b9e6c66fc8} 'layout' '()V' in 'com/sun/javafx/text/PrismTextLayout')}
  0x000001b9c99ee4d4: f248 bf78 | 2255 e7b9 | 0100 0048 | 8387 d816 | 0000 0148 | 8bf2 488b 

  0x000001b9c99ee4ec: ;   {optimized virtual_call}
  0x000001b9c99ee4ec: d666 90e8 

  0x000001b9c99ee4f0: ; ImmutableOopMap {[176]=Oop [184]=Oop }
                      ;*invokevirtual copyCache {reexecute=0 rethrow=0 return_oop=0}
                      ; - com.sun.javafx.text.PrismTextLayout::layout@1458 (line 1329)
  0x000001b9c99ee4f0: cc29 1600 

  0x000001b9c99ee4f4: ;   {post_call_nop}
  0x000001b9c99ee4f4: 0f1f 8400 | ec44 002c 

  0x000001b9c99ee4fc: ;   {metadata(method data for {method} {0x000001b9e6c66fc8} 'layout' '()V' in 'com/sun/javafx/text/PrismTextLayout')}
  0x000001b9c99ee4fc: 85c0 48b8 | 7822 55e7 | b901 0000 | ba08 1700 | 0075 05ba | 1817 0000 | 488b 3410 | 488d 7601 
  0x000001b9c99ee51c: 4889 3410 | 488b 9424 | b000 0000 | 0f85 d003 | 0000 8b42 | 4c48 c1e0 | 038b 7230 | 48c1 e603 
  0x000001b9c99ee53c: 410f be7f | 4885 ff0f | 8527 0f00 | 004c 8bd6 | 49c1 ea03 

  0x000001b9c99ee550: ; implicit exception: dispatches to 0x000001b9c99ef48f
  0x000001b9c99ee550: 4489 502c | 488b f848 | 33fe 48c1 | ef16 4883 | ff00 0f85 | 2c0f 0000 | 8b72 2848 | c1e6 0341 
  0x000001b9c99ee570: 0fbe 7f48 | 85ff 0f85 | 300f 0000 | 4c8b d649 | c1ea 0344 | 8950 2848 | 8bf8 4833 | fe48 c1ef 
  0x000001b9c99ee590: 1648 83ff | 000f 8530 | 0f00 008b | 7240 48c1 | e603 410f | be7f 4885 | ff0f 8534 | 0f00 004c 
  0x000001b9c99ee5b0: 8bd6 49c1 | ea03 4489 | 5030 488b | f848 33fe | 48c1 ef16 | 4883 ff00 | 0f85 340f | 0000 8b72 
  0x000001b9c99ee5d0: 0c89 7010 | 8b72 3c48 | c1e6 0341 | 0fbe 7f48 | 85ff 0f85 | 320f 0000 | 4c8b d649 | c1ea 0344 
  0x000001b9c99ee5f0: 8950 3448 | 8bf8 4833 | fe48 c1ef 

  0x000001b9c99ee5fc: ;   {other}
  0x000001b9c99ee5fc: 1648 83ff | 000f 8532 | 0f00 00c5 | fa10 4210 | c5fa 1140 | 14c5 fa10 | 4214 c5fa | 1140 188b 
  0x000001b9c99ee61c: 7220 81e6 | ff07 0000 

  0x000001b9c99ee624: ;   {oop(a 'java/lang/Object'{0x000000060bf951b8})}
  0x000001b9c99ee624: 8970 0c48 | beb8 51f9 | 0b06 0000 | 0048 8dbc | 24e0 0100 | 0048 8977 | 0848 8b06 | 418b 9fd8 
  0x000001b9c99ee644: 0600 0081 | fb28 0700 | 000f 8dfe | 0e00 0049 | 3b74 1ff8 | 0f84 2500 | 0000 a802 | 0f85 eb0e 
  0x000001b9c99ee664: 0000 488b | d848 83e3 | fe48 83c8 | 01f0 480f | b11e 0f85 | d50e 0000 | 418b 9fd8 | 0600 0049 
  0x000001b9c99ee684: 8934 1f83 | c308 4189 | 9fd8 0600 | 0048 8b84 | 24b8 0000 | 008b 700c | 89b4 24b8 

  0x000001b9c99ee6a0: ;   {oop(a 'java/lang/Class'{0x000000060bf95118} = 'com/sun/javafx/text/PrismTextLayout')}
  0x000001b9c99ee6a0: 0100 0048 | bf18 51f9 | 0b06 0000 | 008b bf94 | 0000 0003 | fe81 ff00 

  0x000001b9c99ee6b8: ;   {metadata(method data for {method} {0x000001b9e6c66fc8} 'layout' '()V' in 'com/sun/javafx/text/PrismTextLayout')}
  0x000001b9c99ee6b8: 0001 0048 | bf78 2255 | e7b9 0100 | 00bb 2817 | 0000 7e05 | bb38 1700 | 0048 8b04 | 1f48 8d40 
  0x000001b9c99ee6d8: 0148 8904 | 1f0f 8ec6 

  0x000001b9c99ee6e0: ;   {oop(a 'java/util/Hashtable'{0x000000060bf951c8})}
  0x000001b9c99ee6e0: 0000 0048 | bfc8 51f9 | 0b06 0000 | 0048 8bdf 

  0x000001b9c99ee6f0: ;   {metadata(method data for {method} {0x000001b9e6c66fc8} 'layout' '()V' in 'com/sun/javafx/text/PrismTextLayout')}
  0x000001b9c99ee6f0: 48b8 7822 | 55e7 b901 | 0000 8b5b | 0841 ba00 | 0000 2249 | 03da 483b | 9850 1700 | 0075 0d48 
  0x000001b9c99ee710: 8380 5817 | 0000 01e9 | 6000 0000 | 483b 9860 | 1700 0075 | 0d48 8380 | 6817 0000 | 01e9 4a00 
  0x000001b9c99ee730: 0000 4883 | b850 1700 | 0000 7517 | 4889 9850 | 1700 0048 | c780 5817 | 0000 0100 | 0000 e929 
  0x000001b9c99ee750: 0000 0048 | 83b8 6017 | 0000 0075 | 1748 8998 | 6017 0000 | 48c7 8068 | 1700 0001 | 0000 00e9 
  0x000001b9c99ee770: 0800 0000 | 4883 8048 | 1700 0001 

  0x000001b9c99ee77c: ;   {optimized virtual_call}
  0x000001b9c99ee77c: 488b d7e8 

  0x000001b9c99ee780: ; ImmutableOopMap {[176]=Oop [488]=Oop }
                      ;*invokevirtual clear {reexecute=0 rethrow=0 return_oop=0}
                      ; - com.sun.javafx.text.PrismTextLayout::layout@1582 (line 1346)
  0x000001b9c99ee780: 5c0a ce06 

  0x000001b9c99ee784: ;   {post_call_nop}
  0x000001b9c99ee784: 0f1f 8400 | 7c47 002d 

  0x000001b9c99ee78c: ;   {oop(a 'java/lang/Class'{0x000000060bf95118} = 'com/sun/javafx/text/PrismTextLayout')}
  0x000001b9c99ee78c: 49b8 1851 | f90b 0600 | 0000 41c7 | 8094 0000 | 0000 0000 | 0048 8b94 | 24b0 0000 | 0044 8b42 
  0x000001b9c99ee7ac: 3849 c1e0 | 0344 8b4a | 4c49 c1e1 

  0x000001b9c99ee7b8: ;   {oop(a 'java/util/Hashtable'{0x000000060bf951c8})}
  0x000001b9c99ee7b8: 0348 bfc8 | 51f9 0b06 | 0000 0048 

  0x000001b9c99ee7c4: ;   {metadata(method data for {method} {0x000001b9e6c66fc8} 'layout' '()V' in 'com/sun/javafx/text/PrismTextLayout')}
  0x000001b9c99ee7c4: 8bdf 48b8 | 7822 55e7 | b901 0000 | 8b5b 0841 | ba00 0000 | 2249 03da | 483b 9880 | 1700 0075 
  0x000001b9c99ee7e4: 0d48 8380 | 8817 0000 | 01e9 6000 | 0000 483b | 9890 1700 | 0075 0d48 | 8380 9817 | 0000 01e9 
  0x000001b9c99ee804: 4a00 0000 | 4883 b880 | 1700 0000 | 7517 4889 | 9880 1700 | 0048 c780 | 8817 0000 | 0100 0000 
  0x000001b9c99ee824: e929 0000 | 0048 83b8 | 9017 0000 | 0075 1748 | 8998 9017 | 0000 48c7 | 8098 1700 | 0001 0000 
  0x000001b9c99ee844: 00e9 0800 | 0000 4883 | 8078 1700 | 0001 488b 

  0x000001b9c99ee854: ;   {optimized virtual_call}
  0x000001b9c99ee854: d766 90e8 

  0x000001b9c99ee858: ; ImmutableOopMap {[176]=Oop [488]=Oop }
                      ;*invokevirtual put {reexecute=0 rethrow=0 return_oop=0}
                      ; - com.sun.javafx.text.PrismTextLayout::layout@1600 (line 1349)
  0x000001b9c99ee858: 4481 fcff 

  0x000001b9c99ee85c: ;   {post_call_nop}
  0x000001b9c99ee85c: 0f1f 8400 | 5448 002e 

  0x000001b9c99ee864: ;   {oop(a 'java/lang/Class'{0x000000060bf95118} = 'com/sun/javafx/text/PrismTextLayout')}
  0x000001b9c99ee864: 48b8 1851 | f90b 0600 | 0000 8bb0 | 9400 0000 | 03b4 24b8 | 0100 0089 | b094 0000 

  0x000001b9c99ee880: ;   {oop(a 'java/lang/Object'{0x000000060bf951b8})}
  0x000001b9c99ee880: 0048 b8b8 | 51f9 0b06 | 0000 0048 | 8d84 24e0 | 0100 0048 | 8b78 0841 | 8bb7 d806 | 0000 493b 
  0x000001b9c99ee8a0: 7c37 f80f | 85c0 0c00 | 0041 83af | d806 0000 | 0849 3b7c | 37f0 0f84 | 2a00 0000 | 488b 07a8 
  0x000001b9c99ee8c0: 020f 8512 | 0000 0048 | 8bf0 4883 | ce01 f048 | 0fb1 370f | 840d 0000 | 0041 8387 | d806 0000 
  0x000001b9c99ee8e0: 08e9 830c 

  0x000001b9c99ee8e4: ;   {metadata(method data for {method} {0x000001b9e6c66fc8} 'layout' '()V' in 'com/sun/javafx/text/PrismTextLayout')}
  0x000001b9c99ee8e4: 0000 48b8 | 7822 55e7 | b901 0000 | ff80 a817 | 0000 488b | 9424 b000 | 0000 8b42 | 4c48 c1e0 
  0x000001b9c99ee904: 03c6 401c | 0148 81c4 | 0002 0000 

  0x000001b9c99ee910: ;   {poll_return}
  0x000001b9c99ee910: 5d49 3b67 | 280f 8769 | 0c00 00c3 | 4881 c400 | 0200 005d 

  0x000001b9c99ee924: ;   {poll_return}
  0x000001b9c99ee924: 493b 6728 | 0f87 6c0c | 0000 c349 | 8b87 8805 | 0000 4d33 | d24d 8997 | 8805 0000 | 4d33 d24d 
  0x000001b9c99ee944: 8997 9005 | 0000 488b 

  0x000001b9c99ee94c: ;   {oop(a 'java/lang/Object'{0x000000060bf951b8})}
  0x000001b9c99ee94c: f048 b8b8 | 51f9 0b06 | 0000 0048 | 8d84 24e0 | 0100 0048 | 8b58 0841 | 8bbf d806 | 0000 493b 
  0x000001b9c99ee96c: 5c3f f80f | 853b 0c00 | 0041 83af | d806 0000 | 0849 3b5c | 3ff0 0f84 | 2a00 0000 | 488b 03a8 
  0x000001b9c99ee98c: 020f 8512 | 0000 0048 | 8bf8 4883 | cf01 f048 | 0fb1 3b0f | 840d 0000 | 0041 8387 | d806 0000 
  0x000001b9c99ee9ac: 08e9 fe0b | 0000 488b | c6e9 2e0c 

  0x000001b9c99ee9b8: ;   {metadata({method} {0x000001b9e6c66fc8} 'layout' '()V' in 'com/sun/javafx/text/PrismTextLayout')}
  0x000001b9c99ee9b8: 0000 49ba | c06f c6e6 | b901 0000 | 4c89 5424 | 0848 c704 | 24ff ffff 

  0x000001b9c99ee9d0: ;   {runtime_call C1 Runtime counter_overflow_blob}
  0x000001b9c99ee9d0: ffe8 0af4 

  0x000001b9c99ee9d4: ; ImmutableOopMap {rdx=Oop [176]=Oop }
                      ;*synchronization entry
                      ; - com.sun.javafx.text.PrismTextLayout::layout@-1 (line 1060)
  0x000001b9c99ee9d4: db06 e9f3 

  0x000001b9c99ee9d8: ;   {metadata(nullptr)}
  0x000001b9c99ee9d8: b7ff ff48 | ba00 0000 | 0000 0000 | 00b8 000f 

  0x000001b9c99ee9e8: ;   {runtime_call C1 Runtime load_klass_patching_blob}
  0x000001b9c99ee9e8: 050a e871 

  0x000001b9c99ee9ec: ; ImmutableOopMap {rax=Oop [176]=Oop [184]=Oop [192]=Oop }
                      ;*new {reexecute=1 rethrow=0 return_oop=0}
                      ; - (reexecute) com.sun.javafx.text.PrismTextLayout::layout@106 (line 1087)
  0x000001b9c99ee9ec: dddb 06e9 | 5cbb ffff 

  0x000001b9c99ee9f4: ;   {runtime_call C1 Runtime new_instance_blob}
  0x000001b9c99ee9f4: 488b d2e8 

  0x000001b9c99ee9f8: ; ImmutableOopMap {[176]=Oop [184]=Oop [192]=Oop [208]=Oop }
                      ;*new {reexecute=0 rethrow=0 return_oop=0}
                      ; - com.sun.javafx.text.PrismTextLayout::layout@106 (line 1087)
  0x000001b9c99ee9f8: e498 db06 | e966 bbff | ff48 8bd2 

  0x000001b9c99eea04: ;   {runtime_call C1 Runtime fast_new_instance_blob}
  0x000001b9c99eea04: e857 9cdb 

  0x000001b9c99eea08: ; ImmutableOopMap {r11=Oop r13=Oop [176]=Oop [184]=Oop [192]=Oop [216]=Oop }
                      ;*new {reexecute=0 rethrow=0 return_oop=0}
                      ; - com.sun.javafx.text.PrismTextLayout::layout@141 (line 1099)
  0x000001b9c99eea08: 06e9 dfbc 

  0x000001b9c99eea0c: ;   {metadata({method} {0x000001b9e704b6a0} '<init>' '()V' in 'com/sun/javafx/text/LayoutCache')}
  0x000001b9c99eea0c: ffff 49ba | 98b6 04e7 | b901 0000 | 4c89 5424 | 0848 c704 | 24ff ffff 

  0x000001b9c99eea24: ;   {runtime_call C1 Runtime counter_overflow_blob}
  0x000001b9c99eea24: ffe8 b6f3 

  0x000001b9c99eea28: ; ImmutableOopMap {r11=Oop r13=Oop r8=Oop [176]=Oop [184]=Oop [192]=Oop [216]=Oop }
                      ;*synchronization entry
                      ; - com.sun.javafx.text.LayoutCache::<init>@-1 (line 30)
                      ; - com.sun.javafx.text.PrismTextLayout::layout@145 (line 1099)
  0x000001b9c99eea28: db06 e9fd 

  0x000001b9c99eea2c: ;   {metadata({method} {0x00000000224b32d8} '<init>' '()V' in 'java/lang/Object')}
  0x000001b9c99eea2c: bcff ff49 | bad0 324b | 2200 0000 | 004c 8954 | 2408 48c7 | 0424 ffff 

  0x000001b9c99eea44: ;   {runtime_call C1 Runtime counter_overflow_blob}
  0x000001b9c99eea44: ffff e895 

  0x000001b9c99eea48: ; ImmutableOopMap {r11=Oop r13=Oop r8=Oop [176]=Oop [184]=Oop [192]=Oop [216]=Oop }
                      ;*synchronization entry
                      ; - java.lang.Object::<init>@-1 (line 44)
                      ; - com.sun.javafx.text.LayoutCache::<init>@1 (line 30)
                      ; - com.sun.javafx.text.PrismTextLayout::layout@145 (line 1099)
  0x000001b9c99eea48: f3db 06e9 | 18bd ffff | 418b 5b4c | 48c1 e303 | 4883 fb00 | 0f84 13bd | ffff 4889 

  0x000001b9c99eea64: ;   {runtime_call g1_pre_barrier_slow}
  0x000001b9c99eea64: 1c24 e875 | ffdb 06e9 | 05bd ffff | 4983 f800 | 0f84 1abd | ffff 4c89 

  0x000001b9c99eea7c: ;   {runtime_call g1_post_barrier_slow}
  0x000001b9c99eea7c: 1c24 e85d | 07dc 06e9 | 0cbd ffff 

  0x000001b9c99eea88: ;   {runtime_call C1 Runtime throw_null_pointer_exception_blob}
  0x000001b9c99eea88: e8d3 91db 

  0x000001b9c99eea8c: ; ImmutableOopMap {r11=Oop r13=Oop r8=Oop [176]=Oop [184]=Oop [192]=Oop [216]=Oop }
                      ;*arraylength {reexecute=0 rethrow=0 return_oop=0}
                      ; - com.sun.javafx.text.PrismTextLayout::layout@156 (line 1100)
                      ;   {runtime_call C1 Runtime new_type_array_blob}
  0x000001b9c99eea8c: 06e8 cea2 

  0x000001b9c99eea90: ; ImmutableOopMap {r11=Oop r13=Oop r8=Oop [176]=Oop [184]=Oop [192]=Oop [216]=Oop }
                      ;*newarray {reexecute=0 rethrow=0 return_oop=0}
                      ; - com.sun.javafx.text.PrismTextLayout::layout@157 (line 1100)
  0x000001b9c99eea90: db06 e987 | bdff ff41 | 8b58 2048 | c1e3 0348 | 83fb 000f | 8482 bdff | ff48 891c 

  0x000001b9c99eeaac: ;   {runtime_call g1_pre_barrier_slow}
  0x000001b9c99eeaac: 24e8 2eff | db06 e974 | bdff ff48 | 83f8 000f | 8489 bdff | ff4c 8904 

  0x000001b9c99eeac4: ;   {runtime_call g1_post_barrier_slow}
  0x000001b9c99eeac4: 24e8 1607 | dc06 e97b 

  0x000001b9c99eeacc: ;   {runtime_call C1 Runtime new_type_array_blob}
  0x000001b9c99eeacc: bdff ffe8 

  0x000001b9c99eead0: ; ImmutableOopMap {r11=Oop r13=Oop r8=Oop [176]=Oop [184]=Oop [192]=Oop [216]=Oop }
                      ;*newarray {reexecute=0 rethrow=0 return_oop=0}
                      ; - com.sun.javafx.text.PrismTextLayout::layout@168 (line 1101)
  0x000001b9c99eead0: 8ca2 db06 | e9f7 bdff | ff41 8b50 | 2448 c1e2 | 0348 83fa | 000f 84f2 | bdff ff48 

  0x000001b9c99eeaec: ;   {runtime_call g1_pre_barrier_slow}
  0x000001b9c99eeaec: 8914 24e8 | ecfe db06 | e9e4 bdff | ff48 83f8 | 000f 84f9 | bdff ff4c 

  0x000001b9c99eeb04: ;   {runtime_call g1_post_barrier_slow}
  0x000001b9c99eeb04: 8904 24e8 | d406 dc06 | e9eb bdff | ff41 8b53 | 4c48 c1e2 | 0348 83fa | 000f 840b | beff ff48 
  0x000001b9c99eeb24: ;   {runtime_call g1_pre_barrier_slow}
  0x000001b9c99eeb24: 8914 24e8 | b4fe db06 | e9fd bdff | ff48 8bd2 

  0x000001b9c99eeb34: ;   {runtime_call C1 Runtime fast_new_instance_blob}
  0x000001b9c99eeb34: e827 9bdb 

  0x000001b9c99eeb38: ; ImmutableOopMap {r11=Oop r13=Oop [176]=Oop [184]=Oop [192]=Oop [216]=Oop }
                      ;*new {reexecute=0 rethrow=0 return_oop=0}
                      ; - com.sun.javafx.text.PrismTextLayout::layout@190 (line 1110)
  0x000001b9c99eeb38: 06e9 44be 

  0x000001b9c99eeb3c: ;   {metadata({method} {0x0000000022221f60} '<init>' '()V' in 'java/util/ArrayList')}
  0x000001b9c99eeb3c: ffff 49ba | 581f 2222 | 0000 0000 | 4c89 5424 | 0848 c704 | 24ff ffff 

  0x000001b9c99eeb54: ;   {runtime_call C1 Runtime counter_overflow_blob}
  0x000001b9c99eeb54: ffe8 86f2 

  0x000001b9c99eeb58: ; ImmutableOopMap {r11=Oop r13=Oop rax=Oop [176]=Oop [184]=Oop [192]=Oop [216]=Oop [240]=Oop }
                      ;*synchronization entry
                      ; - java.util.ArrayList::<init>@-1 (line 169)
                      ; - com.sun.javafx.text.PrismTextLayout::layout@194 (line 1110)
  0x000001b9c99eeb58: db06 e96c 

  0x000001b9c99eeb5c: ;   {metadata({method} {0x0000000022220bf8} '<init>' '()V' in 'java/util/AbstractList')}
  0x000001b9c99eeb5c: beff ff49 | baf0 0b22 | 2200 0000 | 004c 8954 | 2408 48c7 | 0424 ffff 

  0x000001b9c99eeb74: ;   {runtime_call C1 Runtime counter_overflow_blob}
  0x000001b9c99eeb74: ffff e865 

  0x000001b9c99eeb78: ; ImmutableOopMap {r11=Oop r13=Oop rax=Oop [176]=Oop [184]=Oop [192]=Oop [216]=Oop [240]=Oop }
                      ;*synchronization entry
                      ; - java.util.AbstractList::<init>@-1 (line 80)
                      ; - java.util.ArrayList::<init>@1 (line 169)
                      ; - com.sun.javafx.text.PrismTextLayout::layout@194 (line 1110)
  0x000001b9c99eeb78: f2db 06e9 | 8cbe ffff 

  0x000001b9c99eeb80: ;   {metadata({method} {0x000000002221ffb8} '<init>' '()V' in 'java/util/AbstractCollection')}
  0x000001b9c99eeb80: 49ba b0ff | 2122 0000 | 0000 4c89 | 5424 0848 | c704 24ff 

  0x000001b9c99eeb94: ;   {runtime_call C1 Runtime counter_overflow_blob}
  0x000001b9c99eeb94: ffff ffe8 

  0x000001b9c99eeb98: ; ImmutableOopMap {r11=Oop r13=Oop rax=Oop [176]=Oop [184]=Oop [192]=Oop [216]=Oop [240]=Oop }
                      ;*synchronization entry
                      ; - java.util.AbstractCollection::<init>@-1 (line 70)
                      ; - java.util.AbstractList::<init>@1 (line 80)
                      ; - java.util.ArrayList::<init>@1 (line 169)
                      ; - com.sun.javafx.text.PrismTextLayout::layout@194 (line 1110)
  0x000001b9c99eeb98: 44f2 db06 | e9ac beff 

  0x000001b9c99eeba0: ;   {metadata({method} {0x00000000224b32d8} '<init>' '()V' in 'java/lang/Object')}
  0x000001b9c99eeba0: ff49 bad0 | 324b 2200 | 0000 004c | 8954 2408 | 48c7 0424 | ffff ffff 

  0x000001b9c99eebb8: ;   {runtime_call C1 Runtime counter_overflow_blob}
  0x000001b9c99eebb8: e823 f2db 

  0x000001b9c99eebbc: ; ImmutableOopMap {r11=Oop r13=Oop rax=Oop [176]=Oop [184]=Oop [192]=Oop [216]=Oop [240]=Oop }
                      ;*synchronization entry
                      ; - java.lang.Object::<init>@-1 (line 44)
                      ; - java.util.AbstractCollection::<init>@1 (line 70)
                      ; - java.util.AbstractList::<init>@1 (line 80)
                      ; - java.util.ArrayList::<init>@1 (line 169)
                      ; - com.sun.javafx.text.PrismTextLayout::layout@194 (line 1110)
  0x000001b9c99eebbc: 06e9 ccbe | ffff 448b | 4014 49c1 | e003 4983 | f800 0f84 | c8be ffff | 4c89 0424 

  0x000001b9c99eebd8: ;   {runtime_call g1_pre_barrier_slow}
  0x000001b9c99eebd8: e803 fedb | 06e9 babe | ffff 4983 | f800 0f84 | e0be ffff | 4889 0424 

  0x000001b9c99eebf0: ;   {runtime_call g1_post_barrier_slow}
  0x000001b9c99eebf0: e8eb 05dc | 06e9 d2be 

  0x000001b9c99eebf8: ;   {runtime_call C1 Runtime throw_null_pointer_exception_blob}
  0x000001b9c99eebf8: ffff e861 

  0x000001b9c99eebfc: ; ImmutableOopMap {r11=Oop r13=Oop rbx=Oop r8=Oop [176]=Oop [184]=Oop [216]=Oop [240]=Oop }
                      ;*aaload {reexecute=0 rethrow=0 return_oop=0}
                      ; - com.sun.javafx.text.PrismTextLayout::layout@217 (line 1112)
                      ;   {runtime_call C1 Runtime throw_null_pointer_exception_blob}
  0x000001b9c99eebfc: 90db 06e8 

  0x000001b9c99eec00: ; ImmutableOopMap {r11=Oop r13=Oop rbx=Oop r8=Oop [176]=Oop [184]=Oop [216]=Oop [240]=Oop }
                      ;*aaload {reexecute=0 rethrow=0 return_oop=0}
                      ; - com.sun.javafx.text.PrismTextLayout::layout@217 (line 1112)
  0x000001b9c99eec00: 5c90 db06 | 4889 3424 | 4c89 4424 

  0x000001b9c99eec0c: ;   {runtime_call C1 Runtime throw_range_check_failed_blob}
  0x000001b9c99eec0c: 08e8 ce82 

  0x000001b9c99eec10: ; ImmutableOopMap {r11=Oop r13=Oop rbx=Oop r8=Oop [176]=Oop [184]=Oop [216]=Oop [240]=Oop }
                      ;*aaload {reexecute=0 rethrow=0 return_oop=0}
                      ; - com.sun.javafx.text.PrismTextLayout::layout@217 (line 1112)
                      ;   {runtime_call C1 Runtime throw_null_pointer_exception_blob}
  0x000001b9c99eec10: db06 e849 

  0x000001b9c99eec14: ; ImmutableOopMap {rdi=Oop [176]=Oop [184]=Oop [192]=Oop [216]=Oop [240]=Oop [248]=Oop }
                      ;*invokevirtual isTab {reexecute=0 rethrow=0 return_oop=0}
                      ; - com.sun.javafx.text.PrismTextLayout::layout@230 (line 1114)
                      ;   {metadata({method} {0x000001b9e70452b8} 'isTab' '()Z' in 'com/sun/javafx/text/TextRun')}
  0x000001b9c99eec14: 90db 0649 | bab0 5204 | e7b9 0100 | 004c 8954 | 2408 48c7 | 0424 ffff 

  0x000001b9c99eec2c: ;   {runtime_call C1 Runtime counter_overflow_blob}
  0x000001b9c99eec2c: ffff e8ad 

  0x000001b9c99eec30: ; ImmutableOopMap {rdi=Oop [176]=Oop [184]=Oop [192]=Oop [216]=Oop [240]=Oop [248]=Oop }
                      ;*synchronization entry
                      ; - com.sun.javafx.text.TextRun::isTab@-1 (line 134)
                      ; - com.sun.javafx.text.PrismTextLayout::layout@230 (line 1114)
  0x000001b9c99eec30: f1db 06e9 | b3bf ffff 

  0x000001b9c99eec38: ;   {metadata({method} {0x000001b9e7045008} 'isLinebreak' '()Z' in 'com/sun/javafx/text/TextRun')}
  0x000001b9c99eec38: 49ba 0050 | 04e7 b901 | 0000 4c89 | 5424 0848 | c704 24ff 

  0x000001b9c99eec4c: ;   {runtime_call C1 Runtime counter_overflow_blob}
  0x000001b9c99eec4c: ffff ffe8 

  0x000001b9c99eec50: ; ImmutableOopMap {rdx=Oop rdi=Oop [176]=Oop [184]=Oop [192]=Oop [216]=Oop [240]=Oop [248]=Oop }
                      ;*synchronization entry
                      ; - com.sun.javafx.text.TextRun::isLinebreak@-1 (line 118)
                      ; - com.sun.javafx.text.PrismTextLayout::layout@289 (line 1120)
  0x000001b9c99eec50: 8cf1 db06 | e9dc c1ff 

  0x000001b9c99eec58: ;   {metadata({method} {0x000001b9e7047ac8} 'getEnd' '()I' in 'com/sun/javafx/text/TextRun')}
  0x000001b9c99eec58: ff49 bac0 | 7a04 e7b9 | 0100 004c | 8954 2408 | 48c7 0424 | ffff ffff 

  0x000001b9c99eec70: ;   {runtime_call C1 Runtime counter_overflow_blob}
  0x000001b9c99eec70: e86b f1db 

  0x000001b9c99eec74: ; ImmutableOopMap {[176]=Oop [184]=Oop [192]=Oop [216]=Oop [240]=Oop [248]=Oop }
                      ;*synchronization entry
                      ; - com.sun.javafx.text.TextRun::getEnd@-1 (line 86)
                      ; - com.sun.javafx.text.PrismTextLayout::layout@321 (line 1129)
  0x000001b9c99eec74: 06e9 1fc3 

  0x000001b9c99eec78: ;   {runtime_call C1 Runtime throw_null_pointer_exception_blob}
  0x000001b9c99eec78: ffff e8e1 

  0x000001b9c99eec7c: ; ImmutableOopMap {rdi=Oop rax=Oop [176]=Oop [184]=Oop [192]=Oop [216]=Oop [240]=Oop [248]=Oop }
                      ;*caload {reexecute=0 rethrow=0 return_oop=0}
                      ; - com.sun.javafx.text.PrismTextLayout::layout@338 (line 1130)
                      ;   {runtime_call C1 Runtime throw_null_pointer_exception_blob}
  0x000001b9c99eec7c: 8fdb 06e8 

  0x000001b9c99eec80: ; ImmutableOopMap {rdi=Oop rax=Oop [176]=Oop [184]=Oop [192]=Oop [216]=Oop [240]=Oop [248]=Oop }
                      ;*caload {reexecute=0 rethrow=0 return_oop=0}
                      ; - com.sun.javafx.text.PrismTextLayout::layout@338 (line 1130)
  0x000001b9c99eec80: dc8f db06 | 4889 3424 | 4889 4424 

  0x000001b9c99eec8c: ;   {runtime_call C1 Runtime throw_range_check_failed_blob}
  0x000001b9c99eec8c: 08e8 4e82 

  0x000001b9c99eec90: ; ImmutableOopMap {rdi=Oop rax=Oop [176]=Oop [184]=Oop [192]=Oop [216]=Oop [240]=Oop [248]=Oop }
                      ;*caload {reexecute=0 rethrow=0 return_oop=0}
                      ; - com.sun.javafx.text.PrismTextLayout::layout@338 (line 1130)
                      ;   {runtime_call C1 Runtime throw_null_pointer_exception_blob}
  0x000001b9c99eec90: db06 e8c9 

  0x000001b9c99eec94: ; ImmutableOopMap {rax=Oop [176]=Oop [184]=Oop [192]=Oop [216]=Oop [240]=Oop [248]=Oop }
                      ;*caload {reexecute=0 rethrow=0 return_oop=0}
                      ; - com.sun.javafx.text.PrismTextLayout::layout@369 (line 1142)
                      ;   {runtime_call C1 Runtime throw_null_pointer_exception_blob}
  0x000001b9c99eec94: 8fdb 06e8 

  0x000001b9c99eec98: ; ImmutableOopMap {rax=Oop [176]=Oop [184]=Oop [192]=Oop [216]=Oop [240]=Oop [248]=Oop }
                      ;*caload {reexecute=0 rethrow=0 return_oop=0}
                      ; - com.sun.javafx.text.PrismTextLayout::layout@369 (line 1142)
  0x000001b9c99eec98: c48f db06 | 4889 1c24 | 4889 4424 

  0x000001b9c99eeca4: ;   {runtime_call C1 Runtime throw_range_check_failed_blob}
  0x000001b9c99eeca4: 08e8 3682 

  0x000001b9c99eeca8: ; ImmutableOopMap {rax=Oop [176]=Oop [184]=Oop [192]=Oop [216]=Oop [240]=Oop [248]=Oop }
                      ;*caload {reexecute=0 rethrow=0 return_oop=0}
                      ; - com.sun.javafx.text.PrismTextLayout::layout@369 (line 1142)
                      ;   {runtime_call C1 Runtime throw_null_pointer_exception_blob}
  0x000001b9c99eeca8: db06 e8b1 

  0x000001b9c99eecac: ; ImmutableOopMap {rax=Oop [176]=Oop [184]=Oop [192]=Oop [216]=Oop [240]=Oop [248]=Oop }
                      ;*caload {reexecute=0 rethrow=0 return_oop=0}
                      ; - com.sun.javafx.text.PrismTextLayout::layout@395 (line 1145)
                      ;   {runtime_call C1 Runtime throw_null_pointer_exception_blob}
  0x000001b9c99eecac: 8fdb 06e8 

  0x000001b9c99eecb0: ; ImmutableOopMap {rax=Oop [176]=Oop [184]=Oop [192]=Oop [216]=Oop [240]=Oop [248]=Oop }
                      ;*caload {reexecute=0 rethrow=0 return_oop=0}
                      ; - com.sun.javafx.text.PrismTextLayout::layout@395 (line 1145)
  0x000001b9c99eecb0: ac8f db06 | 4889 1c24 | 4889 4424 

  0x000001b9c99eecbc: ;   {runtime_call C1 Runtime throw_range_check_failed_blob}
  0x000001b9c99eecbc: 08e8 1e82 

  0x000001b9c99eecc0: ; ImmutableOopMap {rax=Oop [176]=Oop [184]=Oop [192]=Oop [216]=Oop [240]=Oop [248]=Oop }
                      ;*caload {reexecute=0 rethrow=0 return_oop=0}
                      ; - com.sun.javafx.text.PrismTextLayout::layout@395 (line 1145)
                      ;   {metadata({method} {0x00000000221a8bc8} 'isWhitespace' '(C)Z' in 'java/lang/Character')}
  0x000001b9c99eecc0: db06 49ba | c08b 1a22 | 0000 0000 | 4c89 5424 | 0848 c704 | 24ff ffff 

  0x000001b9c99eecd8: ;   {runtime_call C1 Runtime counter_overflow_blob}
  0x000001b9c99eecd8: ffe8 02f1 

  0x000001b9c99eecdc: ; ImmutableOopMap {rax=Oop [176]=Oop [184]=Oop [192]=Oop [216]=Oop [240]=Oop [248]=Oop }
                      ;*synchronization entry
                      ; - java.lang.Character::isWhitespace@-1 (line 11680)
                      ; - com.sun.javafx.text.PrismTextLayout::layout@396 (line 1145)
  0x000001b9c99eecdc: db06 e9eb 

  0x000001b9c99eece0: ;   {metadata({method} {0x00000000221a8c20} 'isWhitespace' '(I)Z' in 'java/lang/Character')}
  0x000001b9c99eece0: c4ff ff49 | ba18 8c1a | 2200 0000 | 004c 8954 | 2408 48c7 | 0424 ffff 

  0x000001b9c99eecf8: ;   {runtime_call C1 Runtime counter_overflow_blob}
  0x000001b9c99eecf8: ffff e8e1 

  0x000001b9c99eecfc: ; ImmutableOopMap {rax=Oop [176]=Oop [184]=Oop [192]=Oop [216]=Oop [240]=Oop [248]=Oop }
                      ;*synchronization entry
                      ; - java.lang.Character::isWhitespace@-1 (line 11711)
                      ; - java.lang.Character::isWhitespace@1 (line 11680)
                      ; - com.sun.javafx.text.PrismTextLayout::layout@396 (line 1145)
  0x000001b9c99eecfc: f0db 06e9 | 03c5 ffff 

  0x000001b9c99eed04: ;   {runtime_call C1 Runtime throw_null_pointer_exception_blob}
  0x000001b9c99eed04: e857 8fdb 

  0x000001b9c99eed08: ; ImmutableOopMap {rax=Oop [176]=Oop [184]=Oop [192]=Oop [216]=Oop [240]=Oop [248]=Oop }
                      ;*invokevirtual isWhitespace {reexecute=0 rethrow=0 return_oop=0}
                      ; - java.lang.Character::isWhitespace@5 (line 11711)
                      ; - java.lang.Character::isWhitespace@1 (line 11680)
                      ; - com.sun.javafx.text.PrismTextLayout::layout@396 (line 1145)
  0x000001b9c99eed08: 0648 8914 | 2448 8944 

  0x000001b9c99eed10: ;   {runtime_call C1 Runtime throw_range_check_failed_blob}
  0x000001b9c99eed10: 2408 e8c9 

  0x000001b9c99eed14: ; ImmutableOopMap {rax=Oop [176]=Oop [184]=Oop [192]=Oop [216]=Oop [240]=Oop [248]=Oop }
                      ;*caload {reexecute=0 rethrow=0 return_oop=0}
                      ; - com.sun.javafx.text.PrismTextLayout::layout@413 (line 1147)
                      ;   {metadata({method} {0x00000000221a8bc8} 'isWhitespace' '(C)Z' in 'java/lang/Character')}
  0x000001b9c99eed14: 81db 0649 | bac0 8b1a | 2200 0000 | 004c 8954 | 2408 48c7 | 0424 ffff 

  0x000001b9c99eed2c: ;   {runtime_call C1 Runtime counter_overflow_blob}
  0x000001b9c99eed2c: ffff e8ad 

  0x000001b9c99eed30: ; ImmutableOopMap {rax=Oop [176]=Oop [184]=Oop [192]=Oop [216]=Oop [240]=Oop [248]=Oop }
                      ;*synchronization entry
                      ; - java.lang.Character::isWhitespace@-1 (line 11680)
                      ; - com.sun.javafx.text.PrismTextLayout::layout@414 (line 1147)
  0x000001b9c99eed30: f0db 06e9 | 56c6 ffff 

  0x000001b9c99eed38: ;   {metadata({method} {0x00000000221a8c20} 'isWhitespace' '(I)Z' in 'java/lang/Character')}
  0x000001b9c99eed38: 49ba 188c | 1a22 0000 | 0000 4c89 | 5424 0848 | c704 24ff 

  0x000001b9c99eed4c: ;   {runtime_call C1 Runtime counter_overflow_blob}
  0x000001b9c99eed4c: ffff ffe8 

  0x000001b9c99eed50: ; ImmutableOopMap {rax=Oop [176]=Oop [184]=Oop [192]=Oop [216]=Oop [240]=Oop [248]=Oop }
                      ;*synchronization entry
                      ; - java.lang.Character::isWhitespace@-1 (line 11711)
                      ; - java.lang.Character::isWhitespace@1 (line 11680)
                      ; - com.sun.javafx.text.PrismTextLayout::layout@414 (line 1147)
  0x000001b9c99eed50: 8cf0 db06 | e96e c6ff 

  0x000001b9c99eed58: ;   {runtime_call C1 Runtime throw_null_pointer_exception_blob}
  0x000001b9c99eed58: ffe8 028f 

  0x000001b9c99eed5c: ; ImmutableOopMap {rax=Oop [176]=Oop [184]=Oop [192]=Oop [216]=Oop [240]=Oop [248]=Oop }
                      ;*invokevirtual isWhitespace {reexecute=0 rethrow=0 return_oop=0}
                      ; - java.lang.Character::isWhitespace@5 (line 11711)
                      ; - java.lang.Character::isWhitespace@1 (line 11680)
                      ; - com.sun.javafx.text.PrismTextLayout::layout@414 (line 1147)
                      ;   {metadata({method} {0x000001b9e6c66fc8} 'layout' '()V' in 'com/sun/javafx/text/PrismTextLayout')}
  0x000001b9c99eed5c: db06 49ba | c06f c6e6 | b901 0000 | 4c89 5424 | 0848 c704 | 24b7 0100 

  0x000001b9c99eed74: ;   {runtime_call C1 Runtime counter_overflow_blob}
  0x000001b9c99eed74: 00e8 66f0 

  0x000001b9c99eed78: ; ImmutableOopMap {[176]=Oop [184]=Oop [192]=Oop [216]=Oop [240]=Oop [248]=Oop }
                      ;*goto {reexecute=1 rethrow=0 return_oop=0}
                      ; - (reexecute) com.sun.javafx.text.PrismTextLayout::layout@439 (line 1151)
  0x000001b9c99eed78: db06 e9c6 

  0x000001b9c99eed7c: ;   {runtime_call C1 Runtime throw_null_pointer_exception_blob}
  0x000001b9c99eed7c: c7ff ffe8 

  0x000001b9c99eed80: ; ImmutableOopMap {r11=Oop rdx=Oop [176]=Oop [184]=Oop [192]=Oop [216]=Oop [240]=Oop [248]=Oop }
                      ;*aaload {reexecute=0 rethrow=0 return_oop=0}
                      ; - com.sun.javafx.text.PrismTextLayout::layout@475 (line 1161)
  0x000001b9c99eed80: dc8e db06 

  0x000001b9c99eed84: ;   {runtime_call C1 Runtime throw_null_pointer_exception_blob}
  0x000001b9c99eed84: e8d7 8edb 

  0x000001b9c99eed88: ; ImmutableOopMap {r11=Oop rdx=Oop [176]=Oop [184]=Oop [192]=Oop [216]=Oop [240]=Oop [248]=Oop }
                      ;*aaload {reexecute=0 rethrow=0 return_oop=0}
                      ; - com.sun.javafx.text.PrismTextLayout::layout@475 (line 1161)
  0x000001b9c99eed88: 0648 890c | 2448 8954 

  0x000001b9c99eed90: ;   {runtime_call C1 Runtime throw_range_check_failed_blob}
  0x000001b9c99eed90: 2408 e849 

  0x000001b9c99eed94: ; ImmutableOopMap {r11=Oop rdx=Oop [176]=Oop [184]=Oop [192]=Oop [216]=Oop [240]=Oop [248]=Oop }
                      ;*aaload {reexecute=0 rethrow=0 return_oop=0}
                      ; - com.sun.javafx.text.PrismTextLayout::layout@475 (line 1161)
                      ;   {runtime_call C1 Runtime throw_null_pointer_exception_blob}
  0x000001b9c99eed94: 81db 06e8 

  0x000001b9c99eed98: ; ImmutableOopMap {r11=Oop rdx=Oop [176]=Oop [184]=Oop [192]=Oop [216]=Oop [240]=Oop [248]=Oop }
                      ;*invokevirtual getEnd {reexecute=0 rethrow=0 return_oop=0}
                      ; - com.sun.javafx.text.PrismTextLayout::layout@480 (line 1162)
  0x000001b9c99eed98: c48e db06 

  0x000001b9c99eed9c: ;   {metadata({method} {0x000001b9e7047ac8} 'getEnd' '()I' in 'com/sun/javafx/text/TextRun')}
  0x000001b9c99eed9c: 49ba c07a | 04e7 b901 | 0000 4c89 | 5424 0848 | c704 24ff 

  0x000001b9c99eedb0: ;   {runtime_call C1 Runtime counter_overflow_blob}
  0x000001b9c99eedb0: ffff ffe8 

  0x000001b9c99eedb4: ; ImmutableOopMap {r11=Oop rdx=Oop [176]=Oop [184]=Oop [192]=Oop [216]=Oop [240]=Oop [248]=Oop }
                      ;*synchronization entry
                      ; - com.sun.javafx.text.TextRun::getEnd@-1 (line 86)
                      ; - com.sun.javafx.text.PrismTextLayout::layout@480 (line 1162)
  0x000001b9c99eedb4: 28f0 db06 | e996 c8ff 

  0x000001b9c99eedbc: ;   {metadata({method} {0x000001b9e6c66fc8} 'layout' '()V' in 'com/sun/javafx/text/PrismTextLayout')}
  0x000001b9c99eedbc: ff49 bac0 | 6fc6 e6b9 | 0100 004c | 8954 2408 | 48c7 0424 | ee01 0000 

  0x000001b9c99eedd4: ;   {runtime_call C1 Runtime counter_overflow_blob}
  0x000001b9c99eedd4: e807 f0db 

  0x000001b9c99eedd8: ; ImmutableOopMap {r11=Oop rdx=Oop [176]=Oop [184]=Oop [192]=Oop [216]=Oop [240]=Oop [248]=Oop }
                      ;*goto {reexecute=1 rethrow=0 return_oop=0}
                      ; - (reexecute) com.sun.javafx.text.PrismTextLayout::layout@494 (line 1163)
  0x000001b9c99eedd8: 06e9 d0c8 

  0x000001b9c99eeddc: ;   {runtime_call C1 Runtime throw_null_pointer_exception_blob}
  0x000001b9c99eeddc: ffff e87d 

  0x000001b9c99eede0: ; ImmutableOopMap {r11=Oop rdx=Oop [176]=Oop [184]=Oop [192]=Oop [216]=Oop [240]=Oop [248]=Oop }
                      ;*invokevirtual getStart {reexecute=0 rethrow=0 return_oop=0}
                      ; - com.sun.javafx.text.PrismTextLayout::layout@520 (line 1175)
                      ;   {runtime_call C1 Runtime throw_null_pointer_exception_blob}
  0x000001b9c99eede0: 8edb 06e8 

  0x000001b9c99eede4: ; ImmutableOopMap {r11=Oop rdx=Oop r9=Oop [176]=Oop [184]=Oop [192]=Oop [216]=Oop [240]=Oop [248]=Oop }
                      ;*arraylength {reexecute=0 rethrow=0 return_oop=0}
                      ; - com.sun.javafx.text.PrismTextLayout::layout@577 (line 1192)
  0x000001b9c99eede4: 788e db06 

  0x000001b9c99eede8: ;   {runtime_call C1 Runtime new_object_array_blob}
  0x000001b9c99eede8: e8f3 a2db 

  0x000001b9c99eedec: ; ImmutableOopMap {r9=Oop [176]=Oop [184]=Oop [192]=Oop [216]=Oop [240]=Oop [248]=Oop [304]=Oop }
                      ;*anewarray {reexecute=0 rethrow=0 return_oop=0}
                      ; - com.sun.javafx.text.PrismTextLayout::layout@589 (line 1193)
  0x000001b9c99eedec: 06e9 3ccb | ffff 0f1f 

  0x000001b9c99eedf4: ;   {static_call}
  0x000001b9c99eedf4: 4400 00e8 

  0x000001b9c99eedf8: ; ImmutableOopMap {[176]=Oop [184]=Oop [192]=Oop [216]=Oop [240]=Oop [248]=Oop [296]=Oop [304]=Oop }
                      ;*invokestatic arraycopy {reexecute=0 rethrow=0 return_oop=0}
                      ; - com.sun.javafx.text.PrismTextLayout::layout@606 (line 1194)
  0x000001b9c99eedf8: e40d ce06 | e9ce cbff 

  0x000001b9c99eee00: ;   {runtime_call C1 Runtime throw_null_pointer_exception_blob}
  0x000001b9c99eee00: ffe8 5a8e 

  0x000001b9c99eee04: ; ImmutableOopMap {rdx=Oop r8=Oop [176]=Oop [184]=Oop [192]=Oop [216]=Oop [240]=Oop [248]=Oop [296]=Oop [304]=Oop }
                      ;*arraylength {reexecute=0 rethrow=0 return_oop=0}
                      ; - com.sun.javafx.text.PrismTextLayout::layout@627 (line 1195)
                      ;   {static_call}
  0x000001b9c99eee04: db06 90e8 

  0x000001b9c99eee08: ; ImmutableOopMap {[176]=Oop [184]=Oop [192]=Oop [216]=Oop [240]=Oop [248]=Oop [296]=Oop [304]=Oop }
                      ;*invokestatic arraycopy {reexecute=0 rethrow=0 return_oop=0}
                      ; - com.sun.javafx.text.PrismTextLayout::layout@633 (line 1195)
  0x000001b9c99eee08: d40d ce06 | e981 ccff | ff44 8b42 | 4049 c1e0 | 0349 83f8 | 000f 8484 | ccff ff4c 

  0x000001b9c99eee24: ;   {runtime_call g1_pre_barrier_slow}
  0x000001b9c99eee24: 8904 24e8 | b4fb db06 | e976 ccff | ff48 83f8 | 000f 8493 | ccff ff48 

  0x000001b9c99eee3c: ;   {runtime_call g1_post_barrier_slow}
  0x000001b9c99eee3c: 8914 24e8 | 9c03 dc06 | e985 ccff | ff66 0f1f 

  0x000001b9c99eee4c: ;   {static_call}
  0x000001b9c99eee4c: 4400 00e8 

  0x000001b9c99eee50: ; ImmutableOopMap {[176]=Oop [184]=Oop [192]=Oop [216]=Oop [240]=Oop [248]=Oop [304]=Oop }
                      ;*invokestatic arraycopy {reexecute=0 rethrow=0 return_oop=0}
                      ; - com.sun.javafx.text.PrismTextLayout::layout@670 (line 1198)
  0x000001b9c99eee50: 8c0d ce06 | e945 cdff 

  0x000001b9c99eee58: ;   {runtime_call C1 Runtime throw_null_pointer_exception_blob}
  0x000001b9c99eee58: ffe8 028e 

  0x000001b9c99eee5c: ; ImmutableOopMap {rax=Oop rdi=Oop [176]=Oop [184]=Oop [192]=Oop [216]=Oop [240]=Oop [248]=Oop [304]=Oop }
                      ;*aastore {reexecute=1 rethrow=0 return_oop=0}
                      ; - (reexecute) com.sun.javafx.text.PrismTextLayout::layout@688 (line 1200)
                      ;   {runtime_call C1 Runtime throw_null_pointer_exception_blob}
  0x000001b9c99eee5c: db06 e8fd 

  0x000001b9c99eee60: ; ImmutableOopMap {rax=Oop rdi=Oop [176]=Oop [184]=Oop [192]=Oop [216]=Oop [240]=Oop [248]=Oop [304]=Oop }
                      ;*aastore {reexecute=1 rethrow=0 return_oop=0}
                      ; - (reexecute) com.sun.javafx.text.PrismTextLayout::layout@688 (line 1200)
  0x000001b9c99eee60: 8ddb 0648 | 890c 2448 | 897c 2408 

  0x000001b9c99eee6c: ;   {runtime_call C1 Runtime throw_range_check_failed_blob}
  0x000001b9c99eee6c: e86f 80db 

  0x000001b9c99eee70: ; ImmutableOopMap {rax=Oop rdi=Oop [176]=Oop [184]=Oop [192]=Oop [216]=Oop [240]=Oop [248]=Oop [304]=Oop }
                      ;*aastore {reexecute=1 rethrow=0 return_oop=0}
                      ; - (reexecute) com.sun.javafx.text.PrismTextLayout::layout@688 (line 1200)
                      ;   {runtime_call C1 Runtime throw_null_pointer_exception_blob}
  0x000001b9c99eee70: 06e8 ea8d 

  0x000001b9c99eee74: ; ImmutableOopMap {rax=Oop rdi=Oop [176]=Oop [184]=Oop [192]=Oop [216]=Oop [240]=Oop [248]=Oop [304]=Oop }
                      ;*aastore {reexecute=1 rethrow=0 return_oop=0}
                      ; - (reexecute) com.sun.javafx.text.PrismTextLayout::layout@688 (line 1200)
  0x000001b9c99eee74: db06 4889 

  0x000001b9c99eee78: ;   {runtime_call C1 Runtime throw_array_store_exception_blob}
  0x000001b9c99eee78: 0424 e8e1 

  0x000001b9c99eee7c: ; ImmutableOopMap {rax=Oop rdi=Oop [176]=Oop [184]=Oop [192]=Oop [216]=Oop [240]=Oop [248]=Oop [304]=Oop }
                      ;*aastore {reexecute=1 rethrow=0 return_oop=0}
                      ; - (reexecute) com.sun.javafx.text.PrismTextLayout::layout@688 (line 1200)
  0x000001b9c99eee7c: b2db 0645 | 8b08 49c1 | e103 4983 | f900 0f84 | b0ce ffff | 4c89 0c24 

  0x000001b9c99eee94: ;   {runtime_call g1_pre_barrier_slow}
  0x000001b9c99eee94: e847 fbdb | 06e9 a2ce | ffff 4883 | f800 0f84 | b6ce ffff | 4c89 0424 

  0x000001b9c99eeeac: ;   {runtime_call g1_post_barrier_slow}
  0x000001b9c99eeeac: e82f 03dc | 06e9 a8ce 

  0x000001b9c99eeeb4: ;   {metadata({method} {0x000001b9e7045708} 'isComplex' '()Z' in 'com/sun/javafx/text/TextRun')}
  0x000001b9c99eeeb4: ffff 49ba | 0057 04e7 | b901 0000 | 4c89 5424 | 0848 c704 | 24ff ffff 

  0x000001b9c99eeecc: ;   {runtime_call C1 Runtime counter_overflow_blob}
  0x000001b9c99eeecc: ffe8 0eef 

  0x000001b9c99eeed0: ; ImmutableOopMap {[176]=Oop [184]=Oop [192]=Oop [216]=Oop [240]=Oop [248]=Oop [304]=Oop }
                      ;*synchronization entry
                      ; - com.sun.javafx.text.TextRun::isComplex@-1 (line 158)
                      ; - com.sun.javafx.text.PrismTextLayout::layout@691 (line 1201)
  0x000001b9c99eeed0: db06 e9de 

  0x000001b9c99eeed4: ;   {runtime_call C1 Runtime throw_null_pointer_exception_blob}
  0x000001b9c99eeed4: ceff ffe8 

  0x000001b9c99eeed8: ; ImmutableOopMap {rdx=Oop r9=Oop [176]=Oop [184]=Oop [192]=Oop [216]=Oop [240]=Oop [248]=Oop }
                      ;*aaload {reexecute=0 rethrow=0 return_oop=0}
                      ; - com.sun.javafx.text.PrismTextLayout::layout@734 (line 1209)
  0x000001b9c99eeed8: 848d db06 

  0x000001b9c99eeedc: ;   {runtime_call C1 Runtime throw_null_pointer_exception_blob}
  0x000001b9c99eeedc: e87f 8ddb 

  0x000001b9c99eeee0: ; ImmutableOopMap {rdx=Oop r9=Oop [176]=Oop [184]=Oop [192]=Oop [216]=Oop [240]=Oop [248]=Oop }
                      ;*aaload {reexecute=0 rethrow=0 return_oop=0}
                      ; - com.sun.javafx.text.PrismTextLayout::layout@734 (line 1209)
  0x000001b9c99eeee0: 064c 8904 | 244c 894c 

  0x000001b9c99eeee8: ;   {runtime_call C1 Runtime throw_range_check_failed_blob}
  0x000001b9c99eeee8: 2408 e8f1 

  0x000001b9c99eeeec: ; ImmutableOopMap {rdx=Oop r9=Oop [176]=Oop [184]=Oop [192]=Oop [216]=Oop [240]=Oop [248]=Oop }
                      ;*aaload {reexecute=0 rethrow=0 return_oop=0}
                      ; - com.sun.javafx.text.PrismTextLayout::layout@734 (line 1209)
                      ;   {runtime_call C1 Runtime throw_null_pointer_exception_blob}
  0x000001b9c99eeeec: 7fdb 06e8 

  0x000001b9c99eeef0: ; ImmutableOopMap {rdx=Oop r9=Oop r8=Oop [176]=Oop [184]=Oop [192]=Oop [216]=Oop [240]=Oop [248]=Oop }
                      ;*invokevirtual isLinebreak {reexecute=0 rethrow=0 return_oop=0}
                      ; - com.sun.javafx.text.PrismTextLayout::layout@735 (line 1209)
  0x000001b9c99eeef0: 6c8d db06 

  0x000001b9c99eeef4: ;   {metadata({method} {0x000001b9e7045008} 'isLinebreak' '()Z' in 'com/sun/javafx/text/TextRun')}
  0x000001b9c99eeef4: 49ba 0050 | 04e7 b901 | 0000 4c89 | 5424 0848 | c704 24ff 

  0x000001b9c99eef08: ;   {runtime_call C1 Runtime counter_overflow_blob}
  0x000001b9c99eef08: ffff ffe8 

  0x000001b9c99eef0c: ; ImmutableOopMap {rdx=Oop r9=Oop r8=Oop [176]=Oop [184]=Oop [192]=Oop [216]=Oop [240]=Oop [248]=Oop }
                      ;*synchronization entry
                      ; - com.sun.javafx.text.TextRun::isLinebreak@-1 (line 118)
                      ; - com.sun.javafx.text.PrismTextLayout::layout@735 (line 1209)
  0x000001b9c99eef0c: d0ee db06 | e968 d0ff | ff48 890c | 244c 894c 

  0x000001b9c99eef1c: ;   {runtime_call C1 Runtime throw_range_check_failed_blob}
  0x000001b9c99eef1c: 2408 e8bd 

  0x000001b9c99eef20: ; ImmutableOopMap {rdx=Oop r9=Oop [176]=Oop [184]=Oop [192]=Oop [216]=Oop [240]=Oop }
                      ;*aaload {reexecute=0 rethrow=0 return_oop=0}
                      ; - com.sun.javafx.text.PrismTextLayout::layout@747 (line 1210)
                      ;   {runtime_call C1 Runtime throw_null_pointer_exception_blob}
  0x000001b9c99eef20: 7fdb 06e8 

  0x000001b9c99eef24: ; ImmutableOopMap {rdx=Oop r8=Oop [176]=Oop [184]=Oop [192]=Oop [216]=Oop [240]=Oop }
                      ;*invokevirtual setSoftbreak {reexecute=0 rethrow=0 return_oop=0}
                      ; - com.sun.javafx.text.PrismTextLayout::layout@752 (line 1211)
  0x000001b9c99eef24: 388d db06 

  0x000001b9c99eef28: ;   {metadata({method} {0x000001b9e7048318} 'setSoftbreak' '()V' in 'com/sun/javafx/text/TextRun')}
  0x000001b9c99eef28: 49ba 1083 | 04e7 b901 | 0000 4c89 | 5424 0848 | c704 24ff 

  0x000001b9c99eef3c: ;   {runtime_call C1 Runtime counter_overflow_blob}
  0x000001b9c99eef3c: ffff ffe8 

  0x000001b9c99eef40: ; ImmutableOopMap {rdx=Oop r8=Oop [176]=Oop [184]=Oop [192]=Oop [216]=Oop [240]=Oop }
                      ;*synchronization entry
                      ; - com.sun.javafx.text.TextRun::setSoftbreak@-1 (line 247)
                      ; - com.sun.javafx.text.PrismTextLayout::layout@752 (line 1211)
  0x000001b9c99eef40: 9cee db06 | e939 d1ff 

  0x000001b9c99eef48: ;   {runtime_call C1 Runtime throw_null_pointer_exception_blob}
  0x000001b9c99eef48: ffe8 128d 

  0x000001b9c99eef4c: ; ImmutableOopMap {rdx=Oop rdi=Oop [176]=Oop [184]=Oop [192]=Oop [216]=Oop [240]=Oop }
                      ;*invokevirtual isBreak {reexecute=0 rethrow=0 return_oop=0}
                      ; - com.sun.javafx.text.PrismTextLayout::layout@776 (line 1231)
                      ;   {metadata({method} {0x000001b9e7045200} 'isBreak' '()Z' in 'com/sun/javafx/text/TextRun')}
  0x000001b9c99eef4c: db06 49ba | f851 04e7 | b901 0000 | 4c89 5424 | 0848 c704 | 24ff ffff 

  0x000001b9c99eef64: ;   {runtime_call C1 Runtime counter_overflow_blob}
  0x000001b9c99eef64: ffe8 76ee 

  0x000001b9c99eef68: ; ImmutableOopMap {rdx=Oop rdi=Oop [176]=Oop [184]=Oop [192]=Oop [216]=Oop [240]=Oop }
                      ;*synchronization entry
                      ; - com.sun.javafx.text.TextRun::isBreak@-1 (line 130)
                      ; - com.sun.javafx.text.PrismTextLayout::layout@776 (line 1231)
  0x000001b9c99eef68: db06 e98a 

  0x000001b9c99eef6c: ;   {metadata({method} {0x0000000022221148} 'add' '(Ljava/lang/Object;)Z' in 'java/util/ArrayList')}
  0x000001b9c99eef6c: d1ff ff49 | ba40 1122 | 2200 0000 | 004c 8954 | 2408 48c7 | 0424 ffff 

  0x000001b9c99eef84: ;   {runtime_call C1 Runtime counter_overflow_blob}
  0x000001b9c99eef84: ffff e855 

  0x000001b9c99eef88: ; ImmutableOopMap {rax=Oop [176]=Oop [184]=Oop [192]=Oop [216]=Oop [240]=Oop }
                      ;*synchronization entry
                      ; - java.util.ArrayList::add@-1 (line 496)
                      ; - com.sun.javafx.text.PrismTextLayout::layout@798 (line 1233)
  0x000001b9c99eef88: eedb 06e9 | 12d3 ffff 

  0x000001b9c99eef90: ;   {metadata({method} {0x0000000022222068} 'add' '(Ljava/lang/Object;[Ljava/lang/Object;I)V' in 'java/util/ArrayList')}
  0x000001b9c99eef90: 49ba 6020 | 2222 0000 | 0000 4c89 | 5424 0848 | c704 24ff 

  0x000001b9c99eefa4: ;   {runtime_call C1 Runtime counter_overflow_blob}
  0x000001b9c99eefa4: ffff ffe8 

  0x000001b9c99eefa8: ; ImmutableOopMap {rax=Oop rsi=Oop r8=Oop [176]=Oop [184]=Oop [192]=Oop [216]=Oop [240]=Oop }
                      ;*synchronization entry
                      ; - java.util.ArrayList::add@-1 (line 483)
                      ; - java.util.ArrayList::add@20 (line 497)
                      ; - com.sun.javafx.text.PrismTextLayout::layout@798 (line 1233)
  0x000001b9c99eefa8: 34ee db06 | e94b d3ff 

  0x000001b9c99eefb0: ;   {runtime_call C1 Runtime throw_null_pointer_exception_blob}
  0x000001b9c99eefb0: ffe8 aa8c 

  0x000001b9c99eefb4: ; ImmutableOopMap {rax=Oop rsi=Oop r8=Oop [176]=Oop [184]=Oop [192]=Oop [216]=Oop [240]=Oop }
                      ;*arraylength {reexecute=0 rethrow=0 return_oop=0}
                      ; - java.util.ArrayList::add@2 (line 483)
                      ; - java.util.ArrayList::add@20 (line 497)
                      ; - com.sun.javafx.text.PrismTextLayout::layout@798 (line 1233)
                      ;   {metadata({method} {0x00000000222221c8} 'grow' '()[Ljava/lang/Object;' in 'java/util/ArrayList')}
  0x000001b9c99eefb4: db06 49ba | c021 2222 | 0000 0000 | 4c89 5424 | 0848 c704 | 24ff ffff 

  0x000001b9c99eefcc: ;   {runtime_call C1 Runtime counter_overflow_blob}
  0x000001b9c99eefcc: ffe8 0eee 

  0x000001b9c99eefd0: ; ImmutableOopMap {rsi=Oop [176]=Oop [184]=Oop [192]=Oop [216]=Oop [240]=Oop [336]=Oop }
                      ;*synchronization entry
                      ; - java.util.ArrayList::grow@-1 (line 245)
                      ; - java.util.ArrayList::add@7 (line 484)
                      ; - java.util.ArrayList::add@20 (line 497)
                      ; - com.sun.javafx.text.PrismTextLayout::layout@798 (line 1233)
  0x000001b9c99eefd0: db06 e999 

  0x000001b9c99eefd4: ;   {runtime_call C1 Runtime throw_null_pointer_exception_blob}
  0x000001b9c99eefd4: d3ff ffe8 

  0x000001b9c99eefd8: ; ImmutableOopMap {r8=Oop rsi=Oop rax=Oop [176]=Oop [184]=Oop [192]=Oop [216]=Oop [240]=Oop }
                      ;*aastore {reexecute=1 rethrow=0 return_oop=0}
                      ; - (reexecute) java.util.ArrayList::add@14 (line 485)
                      ; - java.util.ArrayList::add@20 (line 497)
                      ; - com.sun.javafx.text.PrismTextLayout::layout@798 (line 1233)
  0x000001b9c99eefd8: 848c db06 

  0x000001b9c99eefdc: ;   {runtime_call C1 Runtime throw_null_pointer_exception_blob}
  0x000001b9c99eefdc: e87f 8cdb 

  0x000001b9c99eefe0: ; ImmutableOopMap {r8=Oop rsi=Oop rax=Oop [176]=Oop [184]=Oop [192]=Oop [216]=Oop [240]=Oop }
                      ;*aastore {reexecute=1 rethrow=0 return_oop=0}
                      ; - (reexecute) java.util.ArrayList::add@14 (line 485)
                      ; - java.util.ArrayList::add@20 (line 497)
                      ; - com.sun.javafx.text.PrismTextLayout::layout@798 (line 1233)
  0x000001b9c99eefe0: 0648 893c | 244c 8944 

  0x000001b9c99eefe8: ;   {runtime_call C1 Runtime throw_range_check_failed_blob}
  0x000001b9c99eefe8: 2408 e8f1 

  0x000001b9c99eefec: ; ImmutableOopMap {r8=Oop rsi=Oop rax=Oop [176]=Oop [184]=Oop [192]=Oop [216]=Oop [240]=Oop }
                      ;*aastore {reexecute=1 rethrow=0 return_oop=0}
                      ; - (reexecute) java.util.ArrayList::add@14 (line 485)
                      ; - java.util.ArrayList::add@20 (line 497)
                      ; - com.sun.javafx.text.PrismTextLayout::layout@798 (line 1233)
                      ;   {runtime_call C1 Runtime throw_null_pointer_exception_blob}
  0x000001b9c99eefec: 7edb 06e8 

  0x000001b9c99eeff0: ; ImmutableOopMap {r8=Oop rsi=Oop rax=Oop [176]=Oop [184]=Oop [192]=Oop [216]=Oop [240]=Oop }
                      ;*aastore {reexecute=1 rethrow=0 return_oop=0}
                      ; - (reexecute) java.util.ArrayList::add@14 (line 485)
                      ; - java.util.ArrayList::add@20 (line 497)
                      ; - com.sun.javafx.text.PrismTextLayout::layout@798 (line 1233)
  0x000001b9c99eeff0: 6c8c db06 | 4889 0424 

  0x000001b9c99eeff8: ;   {runtime_call C1 Runtime throw_array_store_exception_blob}
  0x000001b9c99eeff8: e863 b1db 

  0x000001b9c99eeffc: ; ImmutableOopMap {r8=Oop rsi=Oop rax=Oop [176]=Oop [184]=Oop [192]=Oop [216]=Oop [240]=Oop }
                      ;*aastore {reexecute=1 rethrow=0 return_oop=0}
                      ; - (reexecute) java.util.ArrayList::add@14 (line 485)
                      ; - java.util.ArrayList::add@20 (line 497)
                      ; - com.sun.javafx.text.PrismTextLayout::layout@798 (line 1233)
  0x000001b9c99eeffc: 0645 8b08 | 49c1 e103 | 4983 f900 | 0f84 c2d4 | ffff 4c89 

  0x000001b9c99ef010: ;   {runtime_call g1_pre_barrier_slow}
  0x000001b9c99ef010: 0c24 e8c9 | f9db 06e9 | b4d4 ffff | 4883 f800 | 0f84 c8d4 | ffff 4c89 

  0x000001b9c99ef028: ;   {runtime_call g1_post_barrier_slow}
  0x000001b9c99ef028: 0424 e8b1 | 01dc 06e9 | bad4 ffff 

  0x000001b9c99ef034: ;   {runtime_call C1 Runtime throw_null_pointer_exception_blob}
  0x000001b9c99ef034: e827 8cdb 

  0x000001b9c99ef038: ; ImmutableOopMap {rsi=Oop rax=Oop [176]=Oop [184]=Oop [192]=Oop [216]=Oop [240]=Oop }
                      ;*invokevirtual getLength {reexecute=0 rethrow=0 return_oop=0}
                      ; - com.sun.javafx.text.PrismTextLayout::layout@812 (line 1235)
                      ;   {metadata({method} {0x000001b9e6c66fc8} 'layout' '()V' in 'com/sun/javafx/text/PrismTextLayout')}
  0x000001b9c99ef038: 0649 bac0 | 6fc6 e6b9 | 0100 004c | 8954 2408 | 48c7 0424 | 3803 0000 

  0x000001b9c99ef050: ;   {runtime_call C1 Runtime counter_overflow_blob}
  0x000001b9c99ef050: e88b eddb 

  0x000001b9c99ef054: ; ImmutableOopMap {rsi=Oop [176]=Oop [184]=Oop [192]=Oop [216]=Oop [240]=Oop }
                      ;*goto {reexecute=1 rethrow=0 return_oop=0}
                      ; - (reexecute) com.sun.javafx.text.PrismTextLayout::layout@824 (line 1111)
  0x000001b9c99ef054: 06e9 1bd5 

  0x000001b9c99ef058: ;   {runtime_call C1 Runtime throw_null_pointer_exception_blob}
  0x000001b9c99ef058: ffff e801 

  0x000001b9c99ef05c: ; ImmutableOopMap {rsi=Oop r8=Oop [176]=Oop [184]=Oop [240]=Oop }
                      ;*invokevirtual dispose {reexecute=0 rethrow=0 return_oop=0}
                      ; - com.sun.javafx.text.PrismTextLayout::layout@832 (line 1239)
                      ;   {metadata({method} {0x000001b9e683bba0} 'dispose' '()V' in 'com/sun/javafx/text/GlyphLayout')}
  0x000001b9c99ef05c: 8cdb 0649 | ba98 bb83 | e6b9 0100 | 004c 8954 | 2408 48c7 | 0424 ffff 

  0x000001b9c99ef074: ;   {runtime_call C1 Runtime counter_overflow_blob}
  0x000001b9c99ef074: ffff e865 

  0x000001b9c99ef078: ; ImmutableOopMap {rsi=Oop r8=Oop [176]=Oop [184]=Oop [240]=Oop }
                      ;*synchronization entry
                      ; - com.sun.javafx.text.GlyphLayout::dispose@-1 (line 433)
                      ; - com.sun.javafx.text.PrismTextLayout::layout@832 (line 1239)
  0x000001b9c99ef078: eddb 06e9 | 44d6 ffff 

  0x000001b9c99ef080: ;   {metadata({method} {0x0000000022221148} 'add' '(Ljava/lang/Object;)Z' in 'java/util/ArrayList')}
  0x000001b9c99ef080: 49ba 4011 | 2222 0000 | 0000 4c89 | 5424 0848 | c704 24ff 

  0x000001b9c99ef094: ;   {runtime_call C1 Runtime counter_overflow_blob}
  0x000001b9c99ef094: ffff ffe8 

  0x000001b9c99ef098: ; ImmutableOopMap {rax=Oop [176]=Oop [184]=Oop [240]=Oop }
                      ;*synchronization entry
                      ; - java.util.ArrayList::add@-1 (line 496)
                      ; - com.sun.javafx.text.PrismTextLayout::layout@851 (line 1241)
  0x000001b9c99ef098: 44ed db06 | e979 d7ff 

  0x000001b9c99ef0a0: ;   {metadata({method} {0x0000000022222068} 'add' '(Ljava/lang/Object;[Ljava/lang/Object;I)V' in 'java/util/ArrayList')}
  0x000001b9c99ef0a0: ff49 ba60 | 2022 2200 | 0000 004c | 8954 2408 | 48c7 0424 | ffff ffff 

  0x000001b9c99ef0b8: ;   {runtime_call C1 Runtime counter_overflow_blob}
  0x000001b9c99ef0b8: e823 eddb 

  0x000001b9c99ef0bc: ; ImmutableOopMap {rax=Oop rsi=Oop r8=Oop [176]=Oop [184]=Oop [240]=Oop }
                      ;*synchronization entry
                      ; - java.util.ArrayList::add@-1 (line 483)
                      ; - java.util.ArrayList::add@20 (line 497)
                      ; - com.sun.javafx.text.PrismTextLayout::layout@851 (line 1241)
  0x000001b9c99ef0bc: 06e9 b2d7 

  0x000001b9c99ef0c0: ;   {runtime_call C1 Runtime throw_null_pointer_exception_blob}
  0x000001b9c99ef0c0: ffff e899 

  0x000001b9c99ef0c4: ; ImmutableOopMap {rax=Oop rsi=Oop r8=Oop [176]=Oop [184]=Oop [240]=Oop }
                      ;*arraylength {reexecute=0 rethrow=0 return_oop=0}
                      ; - java.util.ArrayList::add@2 (line 483)
                      ; - java.util.ArrayList::add@20 (line 497)
                      ; - com.sun.javafx.text.PrismTextLayout::layout@851 (line 1241)
                      ;   {metadata({method} {0x00000000222221c8} 'grow' '()[Ljava/lang/Object;' in 'java/util/ArrayList')}
  0x000001b9c99ef0c4: 8bdb 0649 | bac0 2122 | 2200 0000 | 004c 8954 | 2408 48c7 | 0424 ffff 

  0x000001b9c99ef0dc: ;   {runtime_call C1 Runtime counter_overflow_blob}
  0x000001b9c99ef0dc: ffff e8fd 

  0x000001b9c99ef0e0: ; ImmutableOopMap {rsi=Oop [176]=Oop [184]=Oop [240]=Oop [352]=Oop }
                      ;*synchronization entry
                      ; - java.util.ArrayList::grow@-1 (line 245)
                      ; - java.util.ArrayList::add@7 (line 484)
                      ; - java.util.ArrayList::add@20 (line 497)
                      ; - com.sun.javafx.text.PrismTextLayout::layout@851 (line 1241)
  0x000001b9c99ef0e0: ecdb 06e9 | 08d8 ffff 

  0x000001b9c99ef0e8: ;   {runtime_call C1 Runtime throw_null_pointer_exception_blob}
  0x000001b9c99ef0e8: e873 8bdb 

  0x000001b9c99ef0ec: ; ImmutableOopMap {r8=Oop r9=Oop rax=Oop [176]=Oop [184]=Oop [240]=Oop }
                      ;*aastore {reexecute=1 rethrow=0 return_oop=0}
                      ; - (reexecute) java.util.ArrayList::add@14 (line 485)
                      ; - java.util.ArrayList::add@20 (line 497)
                      ; - com.sun.javafx.text.PrismTextLayout::layout@851 (line 1241)
                      ;   {runtime_call C1 Runtime throw_null_pointer_exception_blob}
  0x000001b9c99ef0ec: 06e8 6e8b 

  0x000001b9c99ef0f0: ; ImmutableOopMap {r8=Oop r9=Oop rax=Oop [176]=Oop [184]=Oop [240]=Oop }
                      ;*aastore {reexecute=1 rethrow=0 return_oop=0}
                      ; - (reexecute) java.util.ArrayList::add@14 (line 485)
                      ; - java.util.ArrayList::add@20 (line 497)
                      ; - com.sun.javafx.text.PrismTextLayout::layout@851 (line 1241)
  0x000001b9c99ef0f0: db06 4889 | 3c24 4c89 

  0x000001b9c99ef0f8: ;   {runtime_call C1 Runtime throw_range_check_failed_blob}
  0x000001b9c99ef0f8: 4424 08e8 

  0x000001b9c99ef0fc: ; ImmutableOopMap {r8=Oop r9=Oop rax=Oop [176]=Oop [184]=Oop [240]=Oop }
                      ;*aastore {reexecute=1 rethrow=0 return_oop=0}
                      ; - (reexecute) java.util.ArrayList::add@14 (line 485)
                      ; - java.util.ArrayList::add@20 (line 497)
                      ; - com.sun.javafx.text.PrismTextLayout::layout@851 (line 1241)
  0x000001b9c99ef0fc: e07d db06 

  0x000001b9c99ef100: ;   {runtime_call C1 Runtime throw_null_pointer_exception_blob}
  0x000001b9c99ef100: e85b 8bdb 

  0x000001b9c99ef104: ; ImmutableOopMap {r8=Oop r9=Oop rax=Oop [176]=Oop [184]=Oop [240]=Oop }
                      ;*aastore {reexecute=1 rethrow=0 return_oop=0}
                      ; - (reexecute) java.util.ArrayList::add@14 (line 485)
                      ; - java.util.ArrayList::add@20 (line 497)
                      ; - com.sun.javafx.text.PrismTextLayout::layout@851 (line 1241)
  0x000001b9c99ef104: 0648 8904 

  0x000001b9c99ef108: ;   {runtime_call C1 Runtime throw_array_store_exception_blob}
  0x000001b9c99ef108: 24e8 52b0 

  0x000001b9c99ef10c: ; ImmutableOopMap {r8=Oop r9=Oop rax=Oop [176]=Oop [184]=Oop [240]=Oop }
                      ;*aastore {reexecute=1 rethrow=0 return_oop=0}
                      ; - (reexecute) java.util.ArrayList::add@14 (line 485)
                      ; - java.util.ArrayList::add@20 (line 497)
                      ; - com.sun.javafx.text.PrismTextLayout::layout@851 (line 1241)
  0x000001b9c99ef10c: db06 8b13 | 48c1 e203 | 4883 fa00 | 0f84 2cd9 | ffff 4889 

  0x000001b9c99ef120: ;   {runtime_call g1_pre_barrier_slow}
  0x000001b9c99ef120: 1424 e8b9 | f8db 06e9 | 1ed9 ffff | 4883 f800 | 0f84 32d9 | ffff 4889 

  0x000001b9c99ef138: ;   {runtime_call g1_post_barrier_slow}
  0x000001b9c99ef138: 1c24 e8a1 | 00dc 06e9 | 24d9 ffff 

  0x000001b9c99ef144: ;   {runtime_call C1 Runtime new_object_array_blob}
  0x000001b9c99ef144: e897 9fdb 

  0x000001b9c99ef148: ; ImmutableOopMap {r9=Oop r11=Oop [176]=Oop [184]=Oop [240]=Oop }
                      ;*anewarray {reexecute=0 rethrow=0 return_oop=0}
                      ; - com.sun.javafx.text.PrismTextLayout::layout@861 (line 1242)
  0x000001b9c99ef148: 06e9 41da | ffff 458b | 433c 49c1 | e003 4983 | f800 0f84 | 3dda ffff | 4c89 0424 

  0x000001b9c99ef164: ;   {runtime_call g1_pre_barrier_slow}
  0x000001b9c99ef164: e877 f8db | 06e9 2fda | ffff 4883 | f800 0f84 | 44da ffff | 4c89 1c24 

  0x000001b9c99ef17c: ;   {runtime_call g1_post_barrier_slow}
  0x000001b9c99ef17c: e85f 00dc | 06e9 36da 

  0x000001b9c99ef184: ;   {runtime_call C1 Runtime throw_null_pointer_exception_blob}
  0x000001b9c99ef184: ffff e8d5 

  0x000001b9c99ef188: ; ImmutableOopMap {rdx=Oop rax=Oop rbx=Oop [176]=Oop [184]=Oop }
                      ;*arraylength {reexecute=0 rethrow=0 return_oop=0}
                      ; - com.sun.javafx.text.PrismTextLayout::layout@950 (line 1256)
                      ;   {runtime_call C1 Runtime throw_null_pointer_exception_blob}
  0x000001b9c99ef188: 8adb 06e8 

  0x000001b9c99ef18c: ; ImmutableOopMap {rdx=Oop rax=Oop rbx=Oop [176]=Oop [184]=Oop [376]=Oop }
                      ;*invokevirtual getStart {reexecute=0 rethrow=0 return_oop=0}
                      ; - com.sun.javafx.text.PrismTextLayout::layout@965 (line 1258)
  0x000001b9c99ef18c: d08a db06 

  0x000001b9c99ef190: ;   {runtime_call C1 Runtime throw_null_pointer_exception_blob}
  0x000001b9c99ef190: e8cb 8adb 

  0x000001b9c99ef194: ; ImmutableOopMap {rdx=Oop rax=Oop rbx=Oop rcx=Oop [176]=Oop [184]=Oop [376]=Oop [384]=Oop }
                      ;*invokevirtual getWidth {reexecute=0 rethrow=0 return_oop=0}
                      ; - com.sun.javafx.text.PrismTextLayout::layout@981 (line 1262)
                      ;   {metadata({method} {0x000001b9e66e3078} 'getWidth' '()F' in 'com/sun/javafx/geom/RectBounds')}
  0x000001b9c99ef194: 0649 ba70 | 306e e6b9 | 0100 004c | 8954 2408 | 48c7 0424 | ffff ffff 

  0x000001b9c99ef1ac: ;   {runtime_call C1 Runtime counter_overflow_blob}
  0x000001b9c99ef1ac: e82f ecdb 

  0x000001b9c99ef1b0: ; ImmutableOopMap {rdx=Oop rax=Oop rbx=Oop rcx=Oop [176]=Oop [184]=Oop [376]=Oop [384]=Oop }
                      ;*synchronization entry
                      ; - com.sun.javafx.geom.RectBounds::getWidth@-1 (line 90)
                      ; - com.sun.javafx.text.PrismTextLayout::layout@981 (line 1262)
  0x000001b9c99ef1b0: 06e9 9bdd 

  0x000001b9c99ef1b4: ;   {metadata({method} {0x000001b9e70529c8} 'setAlignment' '(F)V' in 'com/sun/javafx/text/TextLine')}
  0x000001b9c99ef1b4: ffff 49ba | c029 05e7 | b901 0000 | 4c89 5424 | 0848 c704 | 24ff ffff 

  0x000001b9c99ef1cc: ;   {runtime_call C1 Runtime counter_overflow_blob}
  0x000001b9c99ef1cc: ffe8 0eec 

  0x000001b9c99ef1d0: ; ImmutableOopMap {rdx=Oop rax=Oop rbx=Oop rcx=Oop [176]=Oop [184]=Oop [376]=Oop [384]=Oop }
                      ;*synchronization entry
                      ; - com.sun.javafx.text.TextLine::setAlignment@-1 (line 86)
                      ; - com.sun.javafx.text.PrismTextLayout::layout@994 (line 1263)
  0x000001b9c99ef1d0: db06 e9d9 

  0x000001b9c99ef1d4: ;   {runtime_call C1 Runtime throw_null_pointer_exception_blob}
  0x000001b9c99ef1d4: ddff ffe8 

  0x000001b9c99ef1d8: ; ImmutableOopMap {rdx=Oop rax=Oop rbx=Oop rcx=Oop r9=Oop [176]=Oop [184]=Oop [360]=Oop [376]=Oop [384]=Oop }
                      ;*arraylength {reexecute=0 rethrow=0 return_oop=0}
                      ; - com.sun.javafx.text.PrismTextLayout::layout@1034 (line 1269)
  0x000001b9c99ef1d8: 848a db06 | 4889 3424 | 4c89 4c24 

  0x000001b9c99ef1e4: ;   {runtime_call C1 Runtime throw_range_check_failed_blob}
  0x000001b9c99ef1e4: 08e8 f67c 

  0x000001b9c99ef1e8: ; ImmutableOopMap {rdx=Oop rax=Oop rbx=Oop rcx=Oop r9=Oop [176]=Oop [184]=Oop [360]=Oop [376]=Oop [384]=Oop }
                      ;*aaload {reexecute=0 rethrow=0 return_oop=0}
                      ; - com.sun.javafx.text.PrismTextLayout::layout@1048 (line 1270)
                      ;   {runtime_call C1 Runtime throw_null_pointer_exception_blob}
  0x000001b9c99ef1e8: db06 e871 

  0x000001b9c99ef1ec: ; ImmutableOopMap {rdx=Oop rax=Oop rbx=Oop rcx=Oop r9=Oop rsi=Oop [176]=Oop [184]=Oop [360]=Oop [376]=Oop [384]=Oop }
                      ;*invokevirtual isSoftbreak {reexecute=0 rethrow=0 return_oop=0}
                      ; - com.sun.javafx.text.PrismTextLayout::layout@1049 (line 1270)
                      ;   {metadata({method} {0x000001b9e7045158} 'isSoftbreak' '()Z' in 'com/sun/javafx/text/TextRun')}
  0x000001b9c99ef1ec: 8adb 0649 | ba50 5104 | e7b9 0100 | 004c 8954 | 2408 48c7 | 0424 ffff 

  0x000001b9c99ef204: ;   {runtime_call C1 Runtime counter_overflow_blob}
  0x000001b9c99ef204: ffff e8d5 

  0x000001b9c99ef208: ; ImmutableOopMap {rdx=Oop rax=Oop rbx=Oop rcx=Oop rsi=Oop [176]=Oop [184]=Oop [360]=Oop [376]=Oop [384]=Oop }
                      ;*synchronization entry
                      ; - com.sun.javafx.text.TextRun::isSoftbreak@-1 (line 126)
                      ; - com.sun.javafx.text.PrismTextLayout::layout@1049 (line 1270)
  0x000001b9c99ef208: ebdb 06e9 | 40e1 ffff 

  0x000001b9c99ef210: ;   {runtime_call C1 Runtime throw_null_pointer_exception_blob}
  0x000001b9c99ef210: e84b 8adb 

  0x000001b9c99ef214: ; ImmutableOopMap {rdx=Oop rax=Oop rbx=Oop rcx=Oop [176]=Oop [184]=Oop [360]=Oop [376]=Oop [384]=Oop }
                      ;*caload {reexecute=0 rethrow=0 return_oop=0}
                      ; - com.sun.javafx.text.PrismTextLayout::layout@1092 (line 1276)
                      ;   {runtime_call C1 Runtime throw_null_pointer_exception_blob}
  0x000001b9c99ef214: 06e8 468a 

  0x000001b9c99ef218: ; ImmutableOopMap {rdx=Oop rax=Oop rbx=Oop rcx=Oop [176]=Oop [184]=Oop [360]=Oop [376]=Oop [384]=Oop }
                      ;*caload {reexecute=0 rethrow=0 return_oop=0}
                      ; - com.sun.javafx.text.PrismTextLayout::layout@1092 (line 1276)
  0x000001b9c99ef218: db06 4889 | 3424 4889 

  0x000001b9c99ef220: ;   {runtime_call C1 Runtime throw_range_check_failed_blob}
  0x000001b9c99ef220: 4424 08e8 

  0x000001b9c99ef224: ; ImmutableOopMap {rdx=Oop rax=Oop rbx=Oop rcx=Oop [176]=Oop [184]=Oop [360]=Oop [376]=Oop [384]=Oop }
                      ;*caload {reexecute=0 rethrow=0 return_oop=0}
                      ; - com.sun.javafx.text.PrismTextLayout::layout@1092 (line 1276)
  0x000001b9c99ef224: b87c db06 

  0x000001b9c99ef228: ;   {runtime_call C1 Runtime throw_null_pointer_exception_blob}
  0x000001b9c99ef228: e833 8adb 

  0x000001b9c99ef22c: ; ImmutableOopMap {rdx=Oop rax=Oop rbx=Oop rcx=Oop [176]=Oop [184]=Oop [360]=Oop [376]=Oop [384]=Oop }
                      ;*caload {reexecute=0 rethrow=0 return_oop=0}
                      ; - com.sun.javafx.text.PrismTextLayout::layout@1109 (line 1277)
                      ;   {runtime_call C1 Runtime throw_null_pointer_exception_blob}
  0x000001b9c99ef22c: 06e8 2e8a 

  0x000001b9c99ef230: ; ImmutableOopMap {rdx=Oop rax=Oop rbx=Oop rcx=Oop [176]=Oop [184]=Oop [360]=Oop [376]=Oop [384]=Oop }
                      ;*caload {reexecute=0 rethrow=0 return_oop=0}
                      ; - com.sun.javafx.text.PrismTextLayout::layout@1109 (line 1277)
  0x000001b9c99ef230: db06 4889 | 3424 4889 

  0x000001b9c99ef238: ;   {runtime_call C1 Runtime throw_range_check_failed_blob}
  0x000001b9c99ef238: 4424 08e8 

  0x000001b9c99ef23c: ; ImmutableOopMap {rdx=Oop rax=Oop rbx=Oop rcx=Oop [176]=Oop [184]=Oop [360]=Oop [376]=Oop [384]=Oop }
                      ;*caload {reexecute=0 rethrow=0 return_oop=0}
                      ; - com.sun.javafx.text.PrismTextLayout::layout@1109 (line 1277)
  0x000001b9c99ef23c: a07c db06 

  0x000001b9c99ef240: ;   {metadata({method} {0x000001b9e6c66fc8} 'layout' '()V' in 'com/sun/javafx/text/PrismTextLayout')}
  0x000001b9c99ef240: 49ba c06f | c6e6 b901 | 0000 4c89 | 5424 0848 | c704 2461 

  0x000001b9c99ef254: ;   {runtime_call C1 Runtime counter_overflow_blob}
  0x000001b9c99ef254: 0400 00e8 

  0x000001b9c99ef258: ; ImmutableOopMap {rdx=Oop rax=Oop rbx=Oop rcx=Oop [176]=Oop [184]=Oop [360]=Oop [376]=Oop [384]=Oop }
                      ;*goto {reexecute=1 rethrow=0 return_oop=0}
                      ; - (reexecute) com.sun.javafx.text.PrismTextLayout::layout@1121 (line 1275)
  0x000001b9c99ef258: 84eb db06 | e9f1 e2ff 

  0x000001b9c99ef260: ;   {metadata({method} {0x000001b9e66e3078} 'getWidth' '()F' in 'com/sun/javafx/geom/RectBounds')}
  0x000001b9c99ef260: ff49 ba70 | 306e e6b9 | 0100 004c | 8954 2408 | 48c7 0424 | ffff ffff 

  0x000001b9c99ef278: ;   {runtime_call C1 Runtime counter_overflow_blob}
  0x000001b9c99ef278: e863 ebdb 

  0x000001b9c99ef27c: ; ImmutableOopMap {rdx=Oop rax=Oop rbx=Oop rcx=Oop [176]=Oop [184]=Oop [360]=Oop [376]=Oop [384]=Oop }
                      ;*synchronization entry
                      ; - com.sun.javafx.geom.RectBounds::getWidth@-1 (line 90)
                      ; - com.sun.javafx.text.PrismTextLayout::layout@1133 (line 1280)
  0x000001b9c99ef27c: 06e9 dee3 

  0x000001b9c99ef280: ;   {runtime_call C1 Runtime throw_null_pointer_exception_blob}
  0x000001b9c99ef280: ffff e8d9 

  0x000001b9c99ef284: ; ImmutableOopMap {r9=Oop rdi=Oop [176]=Oop [184]=Oop [360]=Oop [376]=Oop [384]=Oop [400]=Oop }
                      ;*invokevirtual getStart {reexecute=0 rethrow=0 return_oop=0}
                      ; - com.sun.javafx.text.PrismTextLayout::layout@1162 (line 1284)
                      ;   {metadata({method} {0x000001b9e7047ac8} 'getEnd' '()I' in 'com/sun/javafx/text/TextRun')}
  0x000001b9c99ef284: 89db 0649 | bac0 7a04 | e7b9 0100 | 004c 8954 | 2408 48c7 | 0424 ffff 

  0x000001b9c99ef29c: ;   {runtime_call C1 Runtime counter_overflow_blob}
  0x000001b9c99ef29c: ffff e83d 

  0x000001b9c99ef2a0: ; ImmutableOopMap {r9=Oop rdi=Oop [176]=Oop [184]=Oop [360]=Oop [376]=Oop [384]=Oop [400]=Oop }
                      ;*synchronization entry
                      ; - com.sun.javafx.text.TextRun::getEnd@-1 (line 86)
                      ; - com.sun.javafx.text.PrismTextLayout::layout@1169 (line 1285)
  0x000001b9c99ef2a0: ebdb 06e9 | c8e4 ffff 

  0x000001b9c99ef2a8: ;   {runtime_call C1 Runtime throw_null_pointer_exception_blob}
  0x000001b9c99ef2a8: e8b3 89db 

  0x000001b9c99ef2ac: ; ImmutableOopMap {rax=Oop [176]=Oop [184]=Oop [360]=Oop [376]=Oop [384]=Oop [400]=Oop }
                      ;*caload {reexecute=0 rethrow=0 return_oop=0}
                      ; - com.sun.javafx.text.PrismTextLayout::layout@1188 (line 1288)
                      ;   {runtime_call C1 Runtime throw_null_pointer_exception_blob}
  0x000001b9c99ef2ac: 06e8 ae89 

  0x000001b9c99ef2b0: ; ImmutableOopMap {rax=Oop [176]=Oop [184]=Oop [360]=Oop [376]=Oop [384]=Oop [400]=Oop }
                      ;*caload {reexecute=0 rethrow=0 return_oop=0}
                      ; - com.sun.javafx.text.PrismTextLayout::layout@1188 (line 1288)
  0x000001b9c99ef2b0: db06 4889 | 1c24 4889 

  0x000001b9c99ef2b8: ;   {runtime_call C1 Runtime throw_range_check_failed_blob}
  0x000001b9c99ef2b8: 4424 08e8 

  0x000001b9c99ef2bc: ; ImmutableOopMap {rax=Oop [176]=Oop [184]=Oop [360]=Oop [376]=Oop [384]=Oop [400]=Oop }
                      ;*caload {reexecute=0 rethrow=0 return_oop=0}
                      ; - com.sun.javafx.text.PrismTextLayout::layout@1188 (line 1288)
  0x000001b9c99ef2bc: 207c db06 

  0x000001b9c99ef2c0: ;   {metadata({method} {0x000001b9e6c66fc8} 'layout' '()V' in 'com/sun/javafx/text/PrismTextLayout')}
  0x000001b9c99ef2c0: 49ba c06f | c6e6 b901 | 0000 4c89 | 5424 0848 | c704 24c4 

  0x000001b9c99ef2d4: ;   {runtime_call C1 Runtime counter_overflow_blob}
  0x000001b9c99ef2d4: 0400 00e8 

  0x000001b9c99ef2d8: ; ImmutableOopMap {[176]=Oop [184]=Oop [360]=Oop [376]=Oop [384]=Oop [400]=Oop }
                      ;*goto {reexecute=1 rethrow=0 return_oop=0}
                      ; - (reexecute) com.sun.javafx.text.PrismTextLayout::layout@1220 (line 1286)
  0x000001b9c99ef2d8: 04eb db06 | e9eb e5ff 

  0x000001b9c99ef2e0: ;   {metadata({method} {0x000001b9e6c66fc8} 'layout' '()V' in 'com/sun/javafx/text/PrismTextLayout')}
  0x000001b9c99ef2e0: ff49 bac0 | 6fc6 e6b9 | 0100 004c | 8954 2408 | 48c7 0424 | ca04 0000 

  0x000001b9c99ef2f8: ;   {runtime_call C1 Runtime counter_overflow_blob}
  0x000001b9c99ef2f8: e8e3 eadb 

  0x000001b9c99ef2fc: ; ImmutableOopMap {[176]=Oop [184]=Oop [360]=Oop [376]=Oop [384]=Oop }
                      ;*goto {reexecute=1 rethrow=0 return_oop=0}
                      ; - (reexecute) com.sun.javafx.text.PrismTextLayout::layout@1226 (line 1282)
  0x000001b9c99ef2fc: 06e9 2ae6 

  0x000001b9c99ef300: ;   {metadata({method} {0x000001b9e70529c8} 'setAlignment' '(F)V' in 'com/sun/javafx/text/TextLine')}
  0x000001b9c99ef300: ffff 49ba | c029 05e7 | b901 0000 | 4c89 5424 | 0848 c704 | 24ff ffff 

  0x000001b9c99ef318: ;   {runtime_call C1 Runtime counter_overflow_blob}
  0x000001b9c99ef318: ffe8 c2ea 

  0x000001b9c99ef31c: ; ImmutableOopMap {rbx=Oop [176]=Oop [184]=Oop [376]=Oop [384]=Oop }
                      ;*synchronization entry
                      ; - com.sun.javafx.text.TextLine::setAlignment@-1 (line 86)
                      ; - com.sun.javafx.text.PrismTextLayout::layout@1236 (line 1295)
  0x000001b9c99ef31c: db06 e9a7 

  0x000001b9c99ef320: ;   {runtime_call C1 Runtime throw_null_pointer_exception_blob}
  0x000001b9c99ef320: e6ff ffe8 

  0x000001b9c99ef324: ; ImmutableOopMap {rbx=Oop r8=Oop [176]=Oop [184]=Oop [376]=Oop [384]=Oop }
                      ;*invokevirtual setMinX {reexecute=0 rethrow=0 return_oop=0}
                      ; - com.sun.javafx.text.TextLine::setAlignment@5 (line 86)
                      ; - com.sun.javafx.text.PrismTextLayout::layout@1236 (line 1295)
  0x000001b9c99ef324: 3889 db06 

  0x000001b9c99ef328: ;   {metadata({method} {0x000001b9e7052a70} 'setWidth' '(F)V' in 'com/sun/javafx/text/TextLine')}
  0x000001b9c99ef328: 49ba 682a | 05e7 b901 | 0000 4c89 | 5424 0848 | c704 24ff 

  0x000001b9c99ef33c: ;   {runtime_call C1 Runtime counter_overflow_blob}
  0x000001b9c99ef33c: ffff ffe8 

  0x000001b9c99ef340: ; ImmutableOopMap {rbx=Oop r8=Oop [176]=Oop [184]=Oop [376]=Oop [384]=Oop }
                      ;*synchronization entry
                      ; - com.sun.javafx.text.TextLine::setWidth@-1 (line 91)
                      ; - com.sun.javafx.text.PrismTextLayout::layout@1243 (line 1296)
  0x000001b9c99ef340: 9cea db06 | e9a2 e8ff 

  0x000001b9c99ef348: ;   {runtime_call C1 Runtime throw_null_pointer_exception_blob}
  0x000001b9c99ef348: ffe8 1289 

  0x000001b9c99ef34c: ; ImmutableOopMap {rsi=Oop rax=Oop [176]=Oop [184]=Oop [376]=Oop [384]=Oop [432]=Oop }
                      ;*invokevirtual setLocation {reexecute=0 rethrow=0 return_oop=0}
                      ; - com.sun.javafx.text.PrismTextLayout::layout@1303 (line 1312)
  0x000001b9c99ef34c: db06 8b50 | 5048 c1e2 | 0348 83fa | 000f 844c | ebff ff48 

  0x000001b9c99ef360: ;   {runtime_call g1_pre_barrier_slow}
  0x000001b9c99ef360: 8914 24e8 | 78f6 db06 | e93e ebff | ff48 83fb | 000f 845b | ebff ff48 

  0x000001b9c99ef378: ;   {runtime_call g1_post_barrier_slow}
  0x000001b9c99ef378: 8904 24e8 | 60fe db06 | e94d ebff 

  0x000001b9c99ef384: ;   {metadata({method} {0x000001b9e6c66fc8} 'layout' '()V' in 'com/sun/javafx/text/PrismTextLayout')}
  0x000001b9c99ef384: ff49 bac0 | 6fc6 e6b9 | 0100 004c | 8954 2408 | 48c7 0424 | 2e05 0000 

  0x000001b9c99ef39c: ;   {runtime_call C1 Runtime counter_overflow_blob}
  0x000001b9c99ef39c: e83f eadb 

  0x000001b9c99ef3a0: ; ImmutableOopMap {[176]=Oop [184]=Oop [376]=Oop [384]=Oop [432]=Oop }
                      ;*goto {reexecute=1 rethrow=0 return_oop=0}
                      ; - (reexecute) com.sun.javafx.text.PrismTextLayout::layout@1326 (line 1310)
  0x000001b9c99ef3a0: 06e9 8feb 

  0x000001b9c99ef3a4: ;   {runtime_call C1 Runtime throw_null_pointer_exception_blob}
  0x000001b9c99ef3a4: ffff e8b5 

  0x000001b9c99ef3a8: ; ImmutableOopMap {rsi=Oop [176]=Oop [184]=Oop [376]=Oop [384]=Oop [432]=Oop }
                      ;*arraylength {reexecute=0 rethrow=0 return_oop=0}
                      ; - com.sun.javafx.text.PrismTextLayout::layout@1286 (line 1310)
                      ;   {runtime_call C1 Runtime throw_null_pointer_exception_blob}
  0x000001b9c99ef3a8: 88db 06e8 

  0x000001b9c99ef3ac: ; ImmutableOopMap {rdx=Oop [176]=Oop [184]=Oop [376]=Oop [384]=Oop }
                      ;*arraylength {reexecute=0 rethrow=0 return_oop=0}
                      ; - com.sun.javafx.text.PrismTextLayout::layout@1337 (line 1316)
  0x000001b9c99ef3ac: b088 db06 

  0x000001b9c99ef3b0: ;   {metadata({method} {0x000001b9e66e3118} 'getHeight' '()F' in 'com/sun/javafx/geom/RectBounds')}
  0x000001b9c99ef3b0: 49ba 1031 | 6ee6 b901 | 0000 4c89 | 5424 0848 | c704 24ff 

  0x000001b9c99ef3c4: ;   {runtime_call C1 Runtime counter_overflow_blob}
  0x000001b9c99ef3c4: ffff ffe8 

  0x000001b9c99ef3c8: ; ImmutableOopMap {rdx=Oop rcx=Oop [176]=Oop [184]=Oop [384]=Oop }
                      ;*synchronization entry
                      ; - com.sun.javafx.geom.RectBounds::getHeight@-1 (line 98)
                      ; - com.sun.javafx.text.PrismTextLayout::layout@1347 (line 1317)
  0x000001b9c99ef3c8: 14ea db06 | e9be ecff 

  0x000001b9c99ef3d0: ;   {metadata({method} {0x000001b9e66e3118} 'getHeight' '()F' in 'com/sun/javafx/geom/RectBounds')}
  0x000001b9c99ef3d0: ff49 ba10 | 316e e6b9 | 0100 004c | 8954 2408 | 48c7 0424 | ffff ffff 

  0x000001b9c99ef3e8: ;   {runtime_call C1 Runtime counter_overflow_blob}
  0x000001b9c99ef3e8: e8f3 e9db 

  0x000001b9c99ef3ec: ; ImmutableOopMap {rbx=Oop rcx=Oop [176]=Oop [184]=Oop [376]=Oop [384]=Oop }
                      ;*synchronization entry
                      ; - com.sun.javafx.geom.RectBounds::getHeight@-1 (line 98)
                      ; - com.sun.javafx.text.PrismTextLayout::layout@1368 (line 1319)
  0x000001b9c99ef3ec: 06e9 bded 

  0x000001b9c99ef3f0: ;   {metadata({method} {0x000001b9e6c66fc8} 'layout' '()V' in 'com/sun/javafx/text/PrismTextLayout')}
  0x000001b9c99ef3f0: ffff 49ba | c06f c6e6 | b901 0000 | 4c89 5424 | 0848 c704 | 2467 0500 

  0x000001b9c99ef408: ;   {runtime_call C1 Runtime counter_overflow_blob}
  0x000001b9c99ef408: 00e8 d2e9 

  0x000001b9c99ef40c: ; ImmutableOopMap {[176]=Oop [184]=Oop }
                      ;*goto {reexecute=1 rethrow=0 return_oop=0}
                      ; - (reexecute) com.sun.javafx.text.PrismTextLayout::layout@1383 (line 1256)
  0x000001b9c99ef40c: db06 e9ff | edff ff48 | c704 2400 | 0000 0048 | 895c 2408 

  0x000001b9c99ef420: ;   {runtime_call C1 Runtime throw_range_check_failed_blob}
  0x000001b9c99ef420: e8bb 7adb 

  0x000001b9c99ef424: ; ImmutableOopMap {rdx=Oop rbx=Oop [176]=Oop [184]=Oop }
                      ;*aaload {reexecute=0 rethrow=0 return_oop=0}
                      ; - com.sun.javafx.text.PrismTextLayout::layout@1391 (line 1322)
                      ;   {runtime_call C1 Runtime throw_null_pointer_exception_blob}
  0x000001b9c99ef424: 06e8 3688 

  0x000001b9c99ef428: ; ImmutableOopMap {rdx=Oop rsi=Oop [176]=Oop [184]=Oop }
                      ;*invokevirtual getBounds {reexecute=0 rethrow=0 return_oop=0}
                      ; - com.sun.javafx.text.PrismTextLayout::layout@1392 (line 1322)
                      ;   {runtime_call C1 Runtime throw_null_pointer_exception_blob}
  0x000001b9c99ef428: db06 e831 

  0x000001b9c99ef42c: ; ImmutableOopMap {rdx=Oop rsi=Oop [176]=Oop [184]=Oop }
                      ;*invokevirtual getMinY {reexecute=0 rethrow=0 return_oop=0}
                      ; - com.sun.javafx.text.PrismTextLayout::layout@1395 (line 1322)
                      ;   {runtime_call C1 Runtime throw_null_pointer_exception_blob}
  0x000001b9c99ef42c: 88db 06e8 

  0x000001b9c99ef430: ; ImmutableOopMap {rdx=Oop rsi=Oop [176]=Oop [184]=Oop }
                      ;*invokevirtual deriveWithNewBounds {reexecute=0 rethrow=0 return_oop=0}
                      ; - com.sun.javafx.text.PrismTextLayout::layout@1427 (line 1324)
  0x000001b9c99ef430: 2c88 db06 | 8b72 4448 | c1e6 0348 | 83fe 000f | 84dc efff | ff48 8934 

  0x000001b9c99ef448: ;   {runtime_call g1_pre_barrier_slow}
  0x000001b9c99ef448: 24e8 92f5 | db06 e9ce | efff ff48 | 83f8 000f | 84e3 efff | ff48 8914 

  0x000001b9c99ef460: ;   {runtime_call g1_post_barrier_slow}
  0x000001b9c99ef460: 24e8 7afd | db06 e9d5 

  0x000001b9c99ef468: ;   {runtime_call C1 Runtime throw_null_pointer_exception_blob}
  0x000001b9c99ef468: efff ffe8 

  0x000001b9c99ef46c: ; ImmutableOopMap {rdx=Oop [176]=Oop [184]=Oop }
                      ;*getfield valid {reexecute=1 rethrow=0 return_oop=0}
                      ; - (reexecute) com.sun.javafx.text.PrismTextLayout::layout@1451 (line 1329)
  0x000001b9c99ef46c: f087 db06 

  0x000001b9c99ef470: ; implicit exception: dispatches to 0x000001b9c99ef5c6
  0x000001b9c99ef470: 8b78 2c48 | c1e7 0348 | 83ff 000f | 84c8 f0ff | ff48 893c 

  0x000001b9c99ef484: ;   {runtime_call g1_pre_barrier_slow}
  0x000001b9c99ef484: 24e8 56f5 | db06 e9ba 

  0x000001b9c99ef48c: ;   {runtime_call C1 Runtime throw_null_pointer_exception_blob}
  0x000001b9c99ef48c: f0ff ffe8 

  0x000001b9c99ef490: ; ImmutableOopMap {rdx=Oop rax=Oop rsi=Oop [176]=Oop [184]=Oop }
                      ;*putfield font {reexecute=1 rethrow=0 return_oop=0}
                      ; - (reexecute) com.sun.javafx.text.PrismTextLayout::layout@1472 (line 1335)
  0x000001b9c99ef490: cc87 db06 | 4883 fe00 | 0f84 caf0 | ffff 4889 

  0x000001b9c99ef4a0: ;   {runtime_call g1_post_barrier_slow}
  0x000001b9c99ef4a0: 0424 e839 | fddb 06e9 | bcf0 ffff | 8b78 2848 | c1e7 0348 | 83ff 000f | 84bf f0ff | ff48 893c 
  0x000001b9c99ef4c0: ;   {runtime_call g1_pre_barrier_slow}
  0x000001b9c99ef4c0: 24e8 1af5 | db06 e9b1 | f0ff ff48 | 83fe 000f | 84c6 f0ff | ff48 8904 

  0x000001b9c99ef4d8: ;   {runtime_call g1_post_barrier_slow}
  0x000001b9c99ef4d8: 24e8 02fd | db06 e9b8 | f0ff ff8b | 7830 48c1 | e703 4883 | ff00 0f84 | bbf0 ffff | 4889 3c24 
  0x000001b9c99ef4f8: ;   {runtime_call g1_pre_barrier_slow}
  0x000001b9c99ef4f8: e8e3 f4db | 06e9 adf0 | ffff 4883 | fe00 0f84 | c2f0 ffff | 4889 0424 

  0x000001b9c99ef510: ;   {runtime_call g1_post_barrier_slow}
  0x000001b9c99ef510: e8cb fcdb | 06e9 b4f0 | ffff 8b78 | 3448 c1e7 | 0348 83ff | 000f 84bd | f0ff ff48 

  0x000001b9c99ef52c: ;   {runtime_call g1_pre_barrier_slow}
  0x000001b9c99ef52c: 893c 24e8 | acf4 db06 | e9af f0ff | ff48 83fe | 000f 84c4 | f0ff ff48 

  0x000001b9c99ef544: ;   {runtime_call g1_post_barrier_slow}
  0x000001b9c99ef544: 8904 24e8 | 94fc db06 | e9b6 f0ff | ff48 8974 | 2408 4889 

  0x000001b9c99ef558: ;   {runtime_call C1 Runtime monitorenter_blob}
  0x000001b9c99ef558: 3c24 e801 

  0x000001b9c99ef55c: ; ImmutableOopMap {rdx=Oop rsi=Oop [176]=Oop [184]=Oop [488]=Oop }
                      ;*monitorenter {reexecute=0 rethrow=0 return_oop=0}
                      ; - com.sun.javafx.text.PrismTextLayout::layout@1562 (line 1343)
  0x000001b9c99ef55c: bbdb 06e9 | 2df1 ffff 

  0x000001b9c99ef564: ;   {runtime_call C1 Runtime throw_null_pointer_exception_blob}
  0x000001b9c99ef564: e8f7 86db 

  0x000001b9c99ef568: ; ImmutableOopMap {rdx=Oop [176]=Oop [488]=Oop }
                      ;*arraylength {reexecute=0 rethrow=0 return_oop=0}
                      ; - com.sun.javafx.text.PrismTextLayout::layout@1564 (line 1344)
  0x000001b9c99ef568: 0648 8d84 | 24e0 0100 | 0048 8904 

  0x000001b9c99ef574: ;   {runtime_call C1 Runtime monitorexit_blob}
  0x000001b9c99ef574: 24e8 66c1 | db06 e967 

  0x000001b9c99ef57c: ;   {runtime_call C1 Runtime throw_null_pointer_exception_blob}
  0x000001b9c99ef57c: f3ff ffe8 

  0x000001b9c99ef580: ; ImmutableOopMap {}
                      ;*putfield valid {reexecute=1 rethrow=0 return_oop=0}
                      ; - (reexecute) com.sun.javafx.text.PrismTextLayout::layout@1632 (line 1353)
  0x000001b9c99ef580: dc86 db06 

  0x000001b9c99ef584: ;   {internal_word}
  0x000001b9c99ef584: 49ba 11e9 | 9ec9 b901 | 0000 4d89 | 97e0 0400 

  0x000001b9c99ef594: ;   {runtime_call SafepointBlob}
  0x000001b9c99ef594: 00e9 c62c 

  0x000001b9c99ef598: ;   {internal_word}
  0x000001b9c99ef598: ce06 49ba | 24e9 9ec9 | b901 0000 | 4d89 97e0 

  0x000001b9c99ef5a8: ;   {runtime_call SafepointBlob}
  0x000001b9c99ef5a8: 0400 00e9 | b02c ce06 | 488d 8424 | e001 0000 | 4889 0424 

  0x000001b9c99ef5bc: ;   {runtime_call C1 Runtime monitorexit_blob}
  0x000001b9c99ef5bc: e81f c1db | 06e9 ecf3 

  0x000001b9c99ef5c4: ;   {runtime_call C1 Runtime throw_null_pointer_exception_blob}
  0x000001b9c99ef5c4: ffff e895 

  0x000001b9c99ef5c8: ; ImmutableOopMap {rdx=Oop rax=Oop rsi=Oop [176]=Oop [184]=Oop }
                      ;*putfield font {reexecute=1 rethrow=0 return_oop=0}
                      ; - (reexecute) com.sun.javafx.text.PrismTextLayout::layout@1472 (line 1335)
  0x000001b9c99ef5c8: 86db 0649 | 8b87 8805 | 0000 49c7 | 8788 0500 | 0000 0000 | 0049 c787 | 9005 0000 | 0000 0000 
  0x000001b9c99ef5e8: 4881 c400 | 0200 005d 

  0x000001b9c99ef5f0: ;   {runtime_call C1 Runtime unwind_exception_blob}
  0x000001b9c99ef5f0: e9eb 72db | 06f4 f4f4 
[Stub Code]
  0x000001b9c99ef5f8: ;   {other}
  0x000001b9c99ef5f8: 0f1f 4400 

  0x000001b9c99ef5fc: ;   {static_stub}
  0x000001b9c99ef5fc: 0048 bb00 | 0000 0000 

  0x000001b9c99ef604: ;   {runtime_call nmethod}
  0x000001b9c99ef604: 0000 00e9 | fbff ffff 

  0x000001b9c99ef60c: ;   {static_stub}
  0x000001b9c99ef60c: 9048 bb00 | 0000 0000 

  0x000001b9c99ef614: ;   {runtime_call nmethod}
  0x000001b9c99ef614: 0000 00e9 | fbff ffff 

  0x000001b9c99ef61c: ;   {static_stub}
  0x000001b9c99ef61c: 9048 bb00 | 0000 0000 

  0x000001b9c99ef624: ;   {runtime_call nmethod}
  0x000001b9c99ef624: 0000 00e9 | fbff ffff 

  0x000001b9c99ef62c: ;   {static_stub}
  0x000001b9c99ef62c: 9048 bb00 | 0000 0000 

  0x000001b9c99ef634: ;   {runtime_call nmethod}
  0x000001b9c99ef634: 0000 00e9 | fbff ffff 

  0x000001b9c99ef63c: ;   {static_stub}
  0x000001b9c99ef63c: 9048 bbb8 | 8504 e7b9 

  0x000001b9c99ef644: ;   {runtime_call I2C/C2I adapters}
  0x000001b9c99ef644: 0100 00e9 | 6b5f cb06 

  0x000001b9c99ef64c: ;   {static_stub}
  0x000001b9c99ef64c: 9048 bb00 | 0000 0000 

  0x000001b9c99ef654: ;   {runtime_call nmethod}
  0x000001b9c99ef654: 0000 00e9 | fbff ffff 

  0x000001b9c99ef65c: ;   {static_stub}
  0x000001b9c99ef65c: 9048 bb00 | 0000 0000 

  0x000001b9c99ef664: ;   {runtime_call nmethod}
  0x000001b9c99ef664: 0000 00e9 | fbff ffff 

  0x000001b9c99ef66c: ;   {static_stub}
  0x000001b9c99ef66c: 9048 bb00 | 0000 0000 

  0x000001b9c99ef674: ;   {runtime_call nmethod}
  0x000001b9c99ef674: 0000 00e9 | fbff ffff 

  0x000001b9c99ef67c: ;   {static_stub}
  0x000001b9c99ef67c: 9048 bb00 | 0000 0000 

  0x000001b9c99ef684: ;   {runtime_call nmethod}
  0x000001b9c99ef684: 0000 00e9 | fbff ffff 

  0x000001b9c99ef68c: ;   {static_stub}
  0x000001b9c99ef68c: 9048 bba0 | 9204 e7b9 

  0x000001b9c99ef694: ;   {runtime_call I2C/C2I adapters}
  0x000001b9c99ef694: 0100 00e9 | 9a80 ce06 

  0x000001b9c99ef69c: ;   {static_stub}
  0x000001b9c99ef69c: 9048 bb00 | 0000 0000 

  0x000001b9c99ef6a4: ;   {runtime_call nmethod}
  0x000001b9c99ef6a4: 0000 00e9 | fbff ffff 

  0x000001b9c99ef6ac: ;   {static_stub}
  0x000001b9c99ef6ac: 9048 bb00 | 0000 0000 

  0x000001b9c99ef6b4: ;   {runtime_call nmethod}
  0x000001b9c99ef6b4: 0000 00e9 | fbff ffff 

  0x000001b9c99ef6bc: ;   {static_stub}
  0x000001b9c99ef6bc: 9048 bb90 | 5f04 e7b9 

  0x000001b9c99ef6c4: ;   {runtime_call I2C/C2I adapters}
  0x000001b9c99ef6c4: 0100 00e9 | 70b4 dc06 

  0x000001b9c99ef6cc: ;   {static_stub}
  0x000001b9c99ef6cc: 9048 bb00 | 0000 0000 

  0x000001b9c99ef6d4: ;   {runtime_call nmethod}
  0x000001b9c99ef6d4: 0000 00e9 | fbff ffff 

  0x000001b9c99ef6dc: ;   {static_stub}
  0x000001b9c99ef6dc: 9048 bb00 | 0000 0000 

  0x000001b9c99ef6e4: ;   {runtime_call nmethod}
  0x000001b9c99ef6e4: 0000 00e9 | fbff ffff 

  0x000001b9c99ef6ec: ;   {static_stub}
  0x000001b9c99ef6ec: 9048 bb00 | 0000 0000 

  0x000001b9c99ef6f4: ;   {runtime_call nmethod}
  0x000001b9c99ef6f4: 0000 00e9 | fbff ffff 

  0x000001b9c99ef6fc: ;   {static_stub}
  0x000001b9c99ef6fc: 9048 bb00 | 0000 0000 

  0x000001b9c99ef704: ;   {runtime_call nmethod}
  0x000001b9c99ef704: 0000 00e9 | fbff ffff 

  0x000001b9c99ef70c: ;   {static_stub}
  0x000001b9c99ef70c: 48bb 0000 | 0000 0000 

  0x000001b9c99ef714: ;   {runtime_call nmethod}
  0x000001b9c99ef714: 0000 e9fb 

  0x000001b9c99ef718: ;   {static_stub}
  0x000001b9c99ef718: ffff ff48 | bb00 0000 | 0000 0000 

  0x000001b9c99ef724: ;   {runtime_call nmethod}
  0x000001b9c99ef724: 00e9 fbff 

  0x000001b9c99ef728: ;   {static_stub}
  0x000001b9c99ef728: ffff 48bb | 0000 0000 | 0000 0000 

  0x000001b9c99ef734: ;   {runtime_call nmethod}
  0x000001b9c99ef734: e9fb ffff 

  0x000001b9c99ef738: ;   {static_stub}
  0x000001b9c99ef738: ff48 bb68 | 61c6 e6b9 

  0x000001b9c99ef740: ;   {runtime_call I2C/C2I adapters}
  0x000001b9c99ef740: 0100 00e9 | 6e84 ce06 

  0x000001b9c99ef748: ;   {static_stub}
  0x000001b9c99ef748: 48bb a879 | c6e6 b901 

  0x000001b9c99ef750: ;   {runtime_call I2C/C2I adapters}
  0x000001b9c99ef750: 0000 e95f 

  0x000001b9c99ef754: ;   {static_stub}
  0x000001b9c99ef754: 84ce 0648 | bb10 53c6 | e6b9 0100 

  0x000001b9c99ef760: ;   {runtime_call I2C/C2I adapters}
  0x000001b9c99ef760: 00e9 4c36 

  0x000001b9c99ef764: ;   {static_stub}
  0x000001b9c99ef764: ce06 48bb | 0000 0000 | 0000 0000 

  0x000001b9c99ef770: ;   {runtime_call nmethod}
  0x000001b9c99ef770: e9fb ffff 

  0x000001b9c99ef774: ;   {static_stub}
  0x000001b9c99ef774: ff48 bba0 | 62c6 e6b9 

  0x000001b9c99ef77c: ;   {runtime_call I2C/C2I adapters}
  0x000001b9c99ef77c: 0100 00e9 | 2e36 ce06 

  0x000001b9c99ef784: ;   {static_stub}
  0x000001b9c99ef784: 48bb 9063 | c6e6 b901 

  0x000001b9c99ef78c: ;   {runtime_call I2C/C2I adapters}
  0x000001b9c99ef78c: 0000 e91f 

  0x000001b9c99ef790: ;   {static_stub}
  0x000001b9c99ef790: 36ce 0648 | bba0 66c6 | e6b9 0100 

  0x000001b9c99ef79c: ;   {runtime_call I2C/C2I adapters}
  0x000001b9c99ef79c: 00e9 1036 

  0x000001b9c99ef7a0: ;   {static_stub}
  0x000001b9c99ef7a0: ce06 48bb | 985a c6e6 | b901 0000 

  0x000001b9c99ef7ac: ;   {runtime_call I2C/C2I adapters}
  0x000001b9c99ef7ac: e905 84ce 

  0x000001b9c99ef7b0: ;   {static_stub}
  0x000001b9c99ef7b0: 0648 bb00 | 0000 0000 

  0x000001b9c99ef7b8: ;   {runtime_call nmethod}
  0x000001b9c99ef7b8: 0000 00e9 | fbff ffff 

  0x000001b9c99ef7c0: ;   {static_stub}
  0x000001b9c99ef7c0: 48bb 0000 | 0000 0000 

  0x000001b9c99ef7c8: ;   {runtime_call nmethod}
  0x000001b9c99ef7c8: 0000 e9fb 

  0x000001b9c99ef7cc: ;   {static_stub}
  0x000001b9c99ef7cc: ffff ff48 | bbf8 5dc6 | e6b9 0100 

  0x000001b9c99ef7d8: ;   {runtime_call I2C/C2I adapters}
  0x000001b9c99ef7d8: 00e9 6048 

  0x000001b9c99ef7dc: ;   {static_stub}
  0x000001b9c99ef7dc: cd06 48bb | 0000 0000 | 0000 0000 

  0x000001b9c99ef7e8: ;   {runtime_call nmethod}
  0x000001b9c99ef7e8: e9fb ffff 

  0x000001b9c99ef7ec: ;   {static_stub}
  0x000001b9c99ef7ec: ff48 bb48 | 60c6 e6b9 

  0x000001b9c99ef7f4: ;   {runtime_call I2C/C2I adapters}
  0x000001b9c99ef7f4: 0100 00e9 | c1d3 cb06 

  0x000001b9c99ef7fc: ;   {static_stub}
  0x000001b9c99ef7fc: 9048 bb00 | 0000 0000 

  0x000001b9c99ef804: ;   {runtime_call nmethod}
  0x000001b9c99ef804: 0000 00e9 | fbff ffff 

  0x000001b9c99ef80c: ;   {static_stub}
  0x000001b9c99ef80c: 9048 bb00 | 0000 0000 

  0x000001b9c99ef814: ;   {runtime_call nmethod}
  0x000001b9c99ef814: 0000 00e9 | fbff ffff 

  0x000001b9c99ef81c: ;   {static_stub}
  0x000001b9c99ef81c: 9048 bb00 | 0000 0000 

  0x000001b9c99ef824: ;   {runtime_call nmethod}
  0x000001b9c99ef824: 0000 00e9 | fbff ffff 
[Exception Handler]
  0x000001b9c99ef82c: ;   {runtime_call C1 Runtime handle_exception_from_callee_blob}
  0x000001b9c99ef82c: e82f a6db 

  0x000001b9c99ef830: ;   {external_word}
  0x000001b9c99ef830: 0648 b9a0 | 011e 11fc | 7f00 0048 

  0x000001b9c99ef83c: ;   {runtime_call}
  0x000001b9c99ef83c: 83e4 f048 | b810 5cd8 | 10fc 7f00 | 00ff d0f4 
[Deopt Handler Code]
  0x000001b9c99ef84c: ;   {section_word}
  0x000001b9c99ef84c: 49ba 4cf8 | 9ec9 b901 | 0000 4152 

  0x000001b9c99ef858: ;   {runtime_call DeoptimizationBlob}
  0x000001b9c99ef858: e983 11ce | 06f4 f4f4 
[/MachCode]


---------------  P R O C E S S  ---------------

Threads class SMR info:
_java_thread_list=0x000001b9fdda12f0, length=34, elements={
0x000001b9be2d8240, 0x000001b9e2aeaab0, 0x000001b9e2aeb3c0, 0x000001b9e2aec2d0,
0x000001b9e2af0020, 0x000001b9e2af15c0, 0x000001b9e2aef2b0, 0x000001b9e2b01f50,
0x000001b9e2b04fd0, 0x000001b9e5b8ddb0, 0x000001b9ea09b810, 0x000001b9ea11b7e0,
0x000001b9ea157ce0, 0x000001b9eabed9d0, 0x000001b9eabab350, 0x000001b9ea9e77d0,
0x000001b9eab48eb0, 0x000001b9eab604b0, 0x000001b9eab6ae30, 0x000001b9eab68720,
0x000001b9eb118e40, 0x000001b9eb119de0, 0x000001b9fd09ebf0, 0x000001b9fd09c4e0,
0x000001b9fee0fd30, 0x000001b9ffc6c540, 0x000001b9ffc703c0, 0x000001b9ea8332c0,
0x000001b9ea837340, 0x000001b9ea835b10, 0x000001b9e2b0b8a0, 0x000001b9e2b0b090,
0x000001b9e2b08030, 0x000001b9ea835300
}

Java Threads: ( => current thread )
  0x000001b9be2d8240 JavaThread "main"                              [_thread_blocked, id=17856, stack(0x0000004cc4200000,0x0000004cc4300000) (1024K)]
  0x000001b9e2aeaab0 JavaThread "Reference Handler"          daemon [_thread_blocked, id=7436, stack(0x0000004cc4a00000,0x0000004cc4b00000) (1024K)]
  0x000001b9e2aeb3c0 JavaThread "Finalizer"                  daemon [_thread_blocked, id=24332, stack(0x0000004cc4b00000,0x0000004cc4c00000) (1024K)]
  0x000001b9e2aec2d0 JavaThread "Signal Dispatcher"          daemon [_thread_blocked, id=10828, stack(0x0000004cc4c00000,0x0000004cc4d00000) (1024K)]
  0x000001b9e2af0020 JavaThread "Attach Listener"            daemon [_thread_blocked, id=22804, stack(0x0000004cc4d00000,0x0000004cc4e00000) (1024K)]
  0x000001b9e2af15c0 JavaThread "Service Thread"             daemon [_thread_blocked, id=20984, stack(0x0000004cc4e00000,0x0000004cc4f00000) (1024K)]
  0x000001b9e2aef2b0 JavaThread "Monitor Deflation Thread"   daemon [_thread_blocked, id=11348, stack(0x0000004cc4f00000,0x0000004cc5000000) (1024K)]
  0x000001b9e2b01f50 JavaThread "C2 CompilerThread0"         daemon [_thread_blocked, id=2600, stack(0x0000004cc5000000,0x0000004cc5100000) (1024K)]
  0x000001b9e2b04fd0 JavaThread "C1 CompilerThread0"         daemon [_thread_blocked, id=20048, stack(0x0000004cc5100000,0x0000004cc5200000) (1024K)]
  0x000001b9e5b8ddb0 JavaThread "Common-Cleaner"             daemon [_thread_blocked, id=19168, stack(0x0000004cc5600000,0x0000004cc5700000) (1024K)]
  0x000001b9ea09b810 JavaThread "Monitor Ctrl-Break"         daemon [_thread_in_native, id=16424, stack(0x0000004cc5700000,0x0000004cc5800000) (1024K)]
  0x000001b9ea11b7e0 JavaThread "Notification Thread"        daemon [_thread_blocked, id=23624, stack(0x0000004cc5800000,0x0000004cc5900000) (1024K)]
  0x000001b9ea157ce0 JavaThread "JavaFX-Launcher"                   [_thread_blocked, id=6880, stack(0x0000004cc5900000,0x0000004cc5a00000) (1024K)]
  0x000001b9eabed9d0 JavaThread "RMI TCP Accept-0"           daemon [_thread_in_native, id=10332, stack(0x0000004cc5d00000,0x0000004cc5e00000) (1024K)]
  0x000001b9eabab350 JavaThread "RMI TCP Connection(1)-192.168.1.13" daemon [_thread_in_native, id=21208, stack(0x0000004cc5e00000,0x0000004cc5f00000) (1024K)]
  0x000001b9ea9e77d0 JavaThread "RMI Scheduler(0)"           daemon [_thread_blocked, id=23532, stack(0x0000004cc5f00000,0x0000004cc6000000) (1024K)]
  0x000001b9eab48eb0 JavaThread "QuantumRenderer-0"          daemon [_thread_blocked, id=23144, stack(0x0000004cc6000000,0x0000004cc6100000) (1024K)]
  0x000001b9eab604b0 JavaThread "JMX server connection timeout 42" daemon [_thread_blocked, id=5172, stack(0x0000004cc6100000,0x0000004cc6200000) (1024K)]
  0x000001b9eab6ae30 JavaThread "InvokeLaterDispatcher"      daemon [_thread_blocked, id=21776, stack(0x0000004cc6200000,0x0000004cc6300000) (1024K)]
=>0x000001b9eab68720 JavaThread "JavaFX Application Thread"         [_thread_in_native, id=12012, stack(0x0000004cc6300000,0x0000004cc6400000) (1024K)]
  0x000001b9eb118e40 JavaThread "Thread-3"                   daemon [_thread_in_native, id=3608, stack(0x0000004cc5c00000,0x0000004cc5d00000) (1024K)]
  0x000001b9eb119de0 JavaThread "JNA Cleaner"                daemon [_thread_blocked, id=8288, stack(0x0000004cc7300000,0x0000004cc7400000) (1024K)]
  0x000001b9fd09ebf0 JavaThread "Prism Font Disposer"        daemon [_thread_blocked, id=15372, stack(0x0000004cc7f00000,0x0000004cc8000000) (1024K)]
  0x000001b9fd09c4e0 JavaThread "ForkJoinPool.commonPool-worker-1" daemon [_thread_blocked, id=15988, stack(0x0000004cc8000000,0x0000004cc8100000) (1024K)]
  0x000001b9fee0fd30 JavaThread "Cleaner-0"                  daemon [_thread_blocked, id=21468, stack(0x0000004cc8600000,0x0000004cc8700000) (1024K)]
  0x000001b9ffc6c540 JavaThread "Cleaner-1"                  daemon [_thread_blocked, id=20180, stack(0x0000004cc9100000,0x0000004cc9200000) (1024K)]
  0x000001b9ffc703c0 JavaThread "DefaultSleeper"             daemon [_thread_blocked, id=14732, stack(0x0000004cc9200000,0x0000004cc9300000) (1024K)]
  0x000001b9ea8332c0 JavaThread "C1 CompilerThread1"         daemon [_thread_blocked, id=2704, stack(0x0000004cc5300000,0x0000004cc5400000) (1024K)]
  0x000001b9ea837340 JavaThread "C1 CompilerThread2"         daemon [_thread_blocked, id=12096, stack(0x0000004cc5b00000,0x0000004cc5c00000) (1024K)]
  0x000001b9ea835b10 JavaThread "C2 CompilerThread1"         daemon [_thread_blocked, id=25376, stack(0x0000004cc5400000,0x0000004cc5500000) (1024K)]
  0x000001b9e2b0b8a0 JavaThread "C2 CompilerThread2"         daemon [_thread_blocked, id=12780, stack(0x0000004cc9000000,0x0000004cc9100000) (1024K)]
  0x000001b9e2b0b090 JavaThread "C2 CompilerThread3"         daemon [_thread_blocked, id=7740, stack(0x0000004cc9500000,0x0000004cc9600000) (1024K)]
  0x000001b9e2b08030 JavaThread "C2 CompilerThread4"         daemon [_thread_blocked, id=25072, stack(0x0000004cc9600000,0x0000004cc9700000) (1024K)]
  0x000001b9ea835300 JavaThread "C2 CompilerThread5"         daemon [_thread_blocked, id=12908, stack(0x0000004cc9700000,0x0000004cc9800000) (1024K)]
Total: 34

Other Threads:
  0x000001b9e2ad6be0 VMThread "VM Thread"                           [id=4948, stack(0x0000004cc4900000,0x0000004cc4a00000) (1024K)]
  0x000001b9e2ac4d90 WatcherThread "VM Periodic Task Thread"        [id=12964, stack(0x0000004cc4800000,0x0000004cc4900000) (1024K)]
  0x000001b9e294ea10 WorkerThread "GC Thread#0"                     [id=16980, stack(0x0000004cc4300000,0x0000004cc4400000) (1024K)]
  0x000001b9e5a49d10 WorkerThread "GC Thread#1"                     [id=16580, stack(0x0000004cc7400000,0x0000004cc7500000) (1024K)]
  0x000001b9fd061e30 WorkerThread "GC Thread#2"                     [id=2612, stack(0x0000004cc7500000,0x0000004cc7600000) (1024K)]
  0x000001b9fd062b20 WorkerThread "GC Thread#3"                     [id=1600, stack(0x0000004cc7600000,0x0000004cc7700000) (1024K)]
  0x000001b9fd060450 WorkerThread "GC Thread#4"                     [id=20440, stack(0x0000004cc7700000,0x0000004cc7800000) (1024K)]
  0x000001b9fd0608a0 WorkerThread "GC Thread#5"                     [id=3640, stack(0x0000004cc7800000,0x0000004cc7900000) (1024K)]
  0x000001b9fd060cf0 WorkerThread "GC Thread#6"                     [id=9840, stack(0x0000004cc7900000,0x0000004cc7a00000) (1024K)]
  0x000001b9fd0626d0 WorkerThread "GC Thread#7"                     [id=6812, stack(0x0000004cc7a00000,0x0000004cc7b00000) (1024K)]
  0x000001b9fd05f760 WorkerThread "GC Thread#8"                     [id=16460, stack(0x0000004cc7b00000,0x0000004cc7c00000) (1024K)]
  0x000001b9fd061140 WorkerThread "GC Thread#9"                     [id=3728, stack(0x0000004cc7c00000,0x0000004cc7d00000) (1024K)]
  0x000001b9fd05f310 WorkerThread "GC Thread#10"                    [id=20724, stack(0x0000004cc7d00000,0x0000004cc7e00000) (1024K)]
  0x000001b9fd061590 WorkerThread "GC Thread#11"                    [id=20588, stack(0x0000004cc7e00000,0x0000004cc7f00000) (1024K)]
  0x000001b9fdb183c0 WorkerThread "GC Thread#12"                    [id=16660, stack(0x0000004cc5500000,0x0000004cc5600000) (1024K)]
  0x000001b9e294fb40 ConcurrentGCThread "G1 Main Marker"            [id=11656, stack(0x0000004cc4400000,0x0000004cc4500000) (1024K)]
  0x000001b9c079a0f0 WorkerThread "G1 Conc#0"                       [id=24568, stack(0x0000004cc4500000,0x0000004cc4600000) (1024K)]
  0x000001b9fd063810 WorkerThread "G1 Conc#1"                       [id=24616, stack(0x0000004cc8400000,0x0000004cc8500000) (1024K)]
  0x000001b9fd05fbb0 WorkerThread "G1 Conc#2"                       [id=13672, stack(0x0000004cc8500000,0x0000004cc8600000) (1024K)]
  0x000001b9c07cea70 ConcurrentGCThread "G1 Refine#0"               [id=3000, stack(0x0000004cc4600000,0x0000004cc4700000) (1024K)]
  0x000001b9e2990520 ConcurrentGCThread "G1 Service"                [id=7088, stack(0x0000004cc4700000,0x0000004cc4800000) (1024K)]
Total: 21

Threads with active compile tasks:
Total: 0

VM state: not at safepoint (normal execution)

VM Mutex/Monitor currently owned by a thread: None

Heap address: 0x000000060b400000, size: 8012 MB, Compressed Oops mode: Zero based, Oop shift amount: 3

CDS archive(s) mapped at: [0x0000000022000000-0x0000000022db0000-0x0000000022db0000), size 14352384, SharedBaseAddress: 0x0000000022000000, ArchiveRelocationMode: 1.
Compressed class space mapped at: 0x0000000023000000-0x0000000063000000, reserved size: 1073741824
UseCompressedClassPointers 1, UseCompactObjectHeaders 0
Narrow klass pointer bits 32, Max shift 3
Narrow klass base: 0x0000000022000000, Narrow klass shift: 0
Encoding Range: [0x0000000022000000 - 0x0000000122000000), (4294967296 bytes)
Klass Range:    [0x0000000022010000 - 0x0000000063000000), (1090453504 bytes)
Klass ID Range:  [65536 - 1090519033) (1090453497)
Protection zone: [0x0000000022000000 - 0x0000000022010000), (65536 bytes)

GC Precious Log:
 CardTable entry size: 512
 Card Set container configuration: InlinePtr #cards 4 size 8 Array Of Cards #cards 32 size 80 Howl #buckets 8 coarsen threshold 7372 Howl Bitmap #cards 1024 size 144 coarsen threshold 921 Card regions per heap region 1 cards per card region 8192
 CPUs: 16 total, 16 available
 Memory: 32042M
 Large Page Support: Disabled
 NUMA Support: Disabled
 Compressed Oops: Enabled (Zero based)
 Heap Region Size: 4M
 Heap Min Capacity: 8M
 Heap Initial Capacity: 504M
 Heap Max Capacity: 8012M
 Pre-touch: Disabled
 Parallel Workers: 13
 Concurrent Workers: 3
 Concurrent Refinement Workers: 13
 Periodic GC: Disabled

Heap:
 garbage-first heap   total reserved 8204288K, committed 81920K, used 58832K [0x000000060b400000, 0x0000000800000000)
  region size 4096K, 6 young (24576K), 1 survivors (4096K)

Heap Regions: E=young(eden), S=young(survivor), O=old, HS=humongous(starts), HC=humongous(continues), CS=collection set, F=free, TAMS=top-at-mark-start, PB=parsable bottom
|   0|0x000000060b400000, 0x000000060b800000, 0x000000060b800000|100%| O|  |TAMS 0x000000060b400000| PB 0x000000060b400000| Untracked |  0
|   1|0x000000060b800000, 0x000000060bc00000, 0x000000060bc00000|100%| O|  |TAMS 0x000000060b800000| PB 0x000000060b800000| Untracked |  0
|   2|0x000000060bc00000, 0x000000060c000000, 0x000000060c000000|100%| O|  |TAMS 0x000000060bc00000| PB 0x000000060bc00000| Untracked |  0
|   3|0x000000060c000000, 0x000000060c400000, 0x000000060c400000|100%| O|  |TAMS 0x000000060c000000| PB 0x000000060c000000| Untracked |  0
|   4|0x000000060c400000, 0x000000060c800000, 0x000000060c800000|100%| O|  |TAMS 0x000000060c400000| PB 0x000000060c400000| Untracked |  0
|   5|0x000000060c800000, 0x000000060cc00000, 0x000000060cc00000|100%| O|Cm|TAMS 0x000000060c800000| PB 0x000000060c800000| Complete |  0
|   6|0x000000060cc00000, 0x000000060cc00000, 0x000000060d000000|  0%| F|  |TAMS 0x000000060cc00000| PB 0x000000060cc00000| Untracked |  0
|   7|0x000000060d000000, 0x000000060d400000, 0x000000060d400000|100%| O|  |TAMS 0x000000060d000000| PB 0x000000060d000000| Untracked |  0
|   8|0x000000060d400000, 0x000000060d800000, 0x000000060d800000|100%| O|  |TAMS 0x000000060d400000| PB 0x000000060d400000| Untracked |  0
|   9|0x000000060d800000, 0x000000060dc00000, 0x000000060dc00000|100%| O|  |TAMS 0x000000060d800000| PB 0x000000060d800000| Untracked |  0
|  10|0x000000060dc00000, 0x000000060e000000, 0x000000060e000000|100%| O|Cm|TAMS 0x000000060dc00000| PB 0x000000060dc00000| Complete |  0
|  11|0x000000060e000000, 0x000000060e332a00, 0x000000060e400000| 79%| O|  |TAMS 0x000000060e000000| PB 0x000000060e000000| Untracked |  0
|  12|0x000000060e400000, 0x000000060e400000, 0x000000060e800000|  0%| F|  |TAMS 0x000000060e400000| PB 0x000000060e400000| Untracked |  0
|  13|0x000000060e800000, 0x000000060e800000, 0x000000060ec00000|  0%| F|  |TAMS 0x000000060e800000| PB 0x000000060e800000| Untracked |  0
|  14|0x000000060ec00000, 0x000000060ef7c778, 0x000000060f000000| 87%| E|  |TAMS 0x000000060ec00000| PB 0x000000060ec00000| Complete |  0
| 114|0x0000000627c00000, 0x0000000627e41808, 0x0000000628000000| 56%| S|CS|TAMS 0x0000000627c00000| PB 0x0000000627c00000| Complete |  0
| 115|0x0000000628000000, 0x00000006283fff40, 0x0000000628400000| 99%| E|  |TAMS 0x0000000628000000| PB 0x0000000628000000| Complete |  0
| 116|0x0000000628400000, 0x0000000628800000, 0x0000000628800000|100%| E|CS|TAMS 0x0000000628400000| PB 0x0000000628400000| Complete |  0
| 125|0x000000062a800000, 0x000000062ac00000, 0x000000062ac00000|100%| E|CS|TAMS 0x000000062a800000| PB 0x000000062a800000| Complete |  0
|2002|0x00000007ffc00000, 0x0000000800000000, 0x0000000800000000|100%| E|CS|TAMS 0x00000007ffc00000| PB 0x00000007ffc00000| Complete |  0

Card table byte_map: [0x000001b9d9b70000,0x000001b9dab20000] _byte_map_base: 0x000001b9d6b16000

Marking Bits: (CMBitMap*) 0x000001b9e294f1a0
 Bits: [0x000001b9dab20000, 0x000001b9e2850000)

Polling page: 0x000001b9be7d0000

Metaspace:
Metaspace        used 49265K, committed 49792K, reserved 1114112K
 class space     used 6935K, committed 7168K, reserved 1048576K

Usage:
  Non-class:     41.34 MB used.
      Class:      6.77 MB used.
       Both:     48.11 MB used.

Virtual space:
  Non-class space:       64.00 MB reserved,      41.62 MB ( 65%) committed,  1 nodes.
      Class space:        1.00 GB reserved,       7.00 MB ( <1%) committed,  1 nodes.
             Both:        1.06 GB reserved,      48.62 MB (  4%) committed. 

Chunk freelists:
   Non-Class:  6.42 MB
       Class:  8.97 MB
        Both:  15.39 MB

MaxMetaspaceSize: unlimited
CompressedClassSpaceSize: 1.00 GB
Initial GC threshold: 21.00 MB
Current GC threshold: 81.06 MB
CDS: on
 - commit_granule_bytes: 65536.
 - commit_granule_words: 8192.
 - virtual_space_node_default_size: 8388608.
 - enlarge_chunks_in_place: 1.
UseCompressedClassPointers 1, UseCompactObjectHeaders 0
Narrow klass pointer bits 32, Max shift 3
Narrow klass base: 0x0000000022000000, Narrow klass shift: 0
Encoding Range: [0x0000000022000000 - 0x0000000122000000), (4294967296 bytes)
Klass Range:    [0x0000000022010000 - 0x0000000063000000), (1090453504 bytes)
Klass ID Range:  [65536 - 1090519033) (1090453497)
Protection zone: [0x0000000022000000 - 0x0000000022010000), (65536 bytes)


Internal statistics:

num_allocs_failed_limit: 6.
num_arena_births: 528.
num_arena_deaths: 0.
num_vsnodes_births: 2.
num_vsnodes_deaths: 0.
num_space_committed: 777.
num_space_uncommitted: 0.
num_chunks_returned_to_freelist: 6.
num_chunks_taken_from_freelist: 1999.
num_chunk_merges: 6.
num_chunk_splits: 1405.
num_chunks_enlarged: 1104.
num_inconsistent_stats: 0.

CodeHeap 'non-profiled nmethods': size=119168Kb used=2857Kb max_used=2857Kb free=116310Kb
 bounds [0x000001b9d0dd0000, 0x000001b9d10b0000, 0x000001b9d8230000]
CodeHeap 'profiled nmethods': size=119168Kb used=10378Kb max_used=11175Kb free=108790Kb
 bounds [0x000001b9c9220000, 0x000001b9c9d10000, 0x000001b9d0680000]
CodeHeap 'non-nmethods': size=7488Kb used=3287Kb max_used=3983Kb free=4200Kb
 bounds [0x000001b9d0680000, 0x000001b9d0a90000, 0x000001b9d0dd0000]
CodeCache: size=245824Kb, used=16522Kb, max_used=18015Kb, free=229300Kb
 total_blobs=7595, nmethods=6567, adapters=928, full_count=0
Compilation: enabled, stopped_count=0, restarted_count=0

Compilation events (20 events):
Event: 9.038 Thread 0x000001b9ea8332c0 nmethod 7519 0x000001b9c9278c08 code [0x000001b9c9278d00, 0x000001b9c9278e98]
Event: 9.038 Thread 0x000001b9ea8332c0 7521  s    3       com.sun.javafx.font.FallbackResource::getSlotResource (91 bytes)
Event: 9.038 Thread 0x000001b9ea835b10 7522       4       java.nio.ByteBuffer::<init> (47 bytes)
Event: 9.039 Thread 0x000001b9e2b04fd0 nmethod 7520 0x000001b9c934e588 code [0x000001b9c934e680, 0x000001b9c934e890]
Event: 9.039 Thread 0x000001b9e2b04fd0 7523       3       com.sun.javafx.font.CompositeGlyphMapper::getSlotMapper (78 bytes)
Event: 9.039 Thread 0x000001b9ea8332c0 nmethod 7521 0x000001b9c92e7808 code [0x000001b9c92e7900, 0x000001b9c92e8108]
Event: 9.039 Thread 0x000001b9e2b04fd0 nmethod 7523 0x000001b9c9258b08 code [0x000001b9c9258c00, 0x000001b9c9259350]
Event: 9.039 Thread 0x000001b9ea837340 nmethod 7516 0x000001b9c922c108 code [0x000001b9c922c200, 0x000001b9c922da38]
Event: 9.039 Thread 0x000001b9ea837340 7524       3       com.sun.javafx.font.PrismFontFactory::dotStyleStr (24 bytes)
Event: 9.039 Thread 0x000001b9ea837340 nmethod 7524 0x000001b9c93a5d88 code [0x000001b9c93a5e80, 0x000001b9c93a60a8]
Event: 9.039 Thread 0x000001b9ea835b10 nmethod 7522 0x000001b9d0e7d588 code [0x000001b9d0e7d680, 0x000001b9d0e7da10]
Event: 9.041 Thread 0x000001b9ea835b10 7525 %     4       java.lang.StringUTF16::toLowerCase @ 23 (304 bytes)
Event: 9.041 Thread 0x000001b9ea835300 7526       4       sun.nio.cs.UTF_8$Decoder::isMalformed3 (45 bytes)
Event: 9.041 Thread 0x000001b9ea8332c0 7527       3       sun.nio.cs.UTF_8$Decoder::decodeArrayLoop (688 bytes)
Event: 9.041 Thread 0x000001b9ea837340 7528       3       java.lang.CharacterData00::isIdeographic (19 bytes)
Event: 9.041 Thread 0x000001b9e2b04fd0 7529       3       java.lang.CharacterData00::getPropertiesEx (32 bytes)
Event: 9.041 Thread 0x000001b9e2b04fd0 nmethod 7529 0x000001b9c92be688 code [0x000001b9c92be780, 0x000001b9c92be930]
Event: 9.041 Thread 0x000001b9ea837340 nmethod 7528 0x000001b9c9527108 code [0x000001b9c9527200, 0x000001b9c9527408]
Event: 9.041 Thread 0x000001b9ea835300 nmethod 7526 0x000001b9d0ea3908 code [0x000001b9d0ea3a00, 0x000001b9d0ea3aa8]
Event: 9.041 Thread 0x000001b9ea835300 7530       4       sun.nio.cs.UTF_8$Decoder::malformedForLength (13 bytes)

GC Heap Usage History (20 events):
Event: 2.753 {heap Before GC invocations=4 (full 0):
 garbage-first heap   total reserved 8204288K, committed 73728K, used 41491K [0x000000060b400000, 0x0000000800000000)
  region size 4096K, 10 young (40960K), 4 survivors (16384K)
}
Event: 2.759 {heap After GC invocations=5 (full 0):
 garbage-first heap   total reserved 8204288K, committed 73728K, used 21304K [0x000000060b400000, 0x0000000800000000)
  region size 4096K, 1 young (4096K), 1 survivors (4096K)
}
Event: 3.837 {heap Before GC invocations=5 (full 0):
 garbage-first heap   total reserved 8204288K, committed 73728K, used 49976K [0x000000060b400000, 0x0000000800000000)
  region size 4096K, 8 young (32768K), 1 survivors (4096K)
}
Event: 3.839 {heap After GC invocations=6 (full 0):
 garbage-first heap   total reserved 8204288K, committed 73728K, used 25453K [0x000000060b400000, 0x0000000800000000)
  region size 4096K, 1 young (4096K), 1 survivors (4096K)
}
Event: 3.881 {heap Before GC invocations=6 (full 0):
 garbage-first heap   total reserved 8204288K, committed 73728K, used 29549K [0x000000060b400000, 0x0000000800000000)
  region size 4096K, 3 young (12288K), 1 survivors (4096K)
}
Event: 3.883 {heap After GC invocations=7 (full 0):
 garbage-first heap   total reserved 8204288K, committed 73728K, used 25957K [0x000000060b400000, 0x0000000800000000)
  region size 4096K, 1 young (4096K), 1 survivors (4096K)
}
Event: 4.254 {heap Before GC invocations=8 (full 0):
 garbage-first heap   total reserved 8204288K, committed 73728K, used 50533K [0x000000060b400000, 0x0000000800000000)
  region size 4096K, 8 young (32768K), 1 survivors (4096K)
}
Event: 4.257 {heap After GC invocations=9 (full 0):
 garbage-first heap   total reserved 8204288K, committed 73728K, used 31295K [0x000000060b400000, 0x0000000800000000)
  region size 4096K, 1 young (4096K), 1 survivors (4096K)
}
Event: 6.422 {heap Before GC invocations=9 (full 0):
 garbage-first heap   total reserved 8204288K, committed 73728K, used 51775K [0x000000060b400000, 0x0000000800000000)
  region size 4096K, 7 young (28672K), 1 survivors (4096K)
}
Event: 6.426 {heap After GC invocations=10 (full 0):
 garbage-first heap   total reserved 8204288K, committed 73728K, used 33317K [0x000000060b400000, 0x0000000800000000)
  region size 4096K, 1 young (4096K), 1 survivors (4096K)
}
Event: 6.867 {heap Before GC invocations=10 (full 0):
 garbage-first heap   total reserved 8204288K, committed 73728K, used 53797K [0x000000060b400000, 0x0000000800000000)
  region size 4096K, 6 young (24576K), 1 survivors (4096K)
}
Event: 6.869 {heap After GC invocations=11 (full 0):
 garbage-first heap   total reserved 8204288K, committed 73728K, used 35428K [0x000000060b400000, 0x0000000800000000)
  region size 4096K, 1 young (4096K), 1 survivors (4096K)
}
Event: 7.614 {heap Before GC invocations=11 (full 0):
 garbage-first heap   total reserved 8204288K, committed 73728K, used 55908K [0x000000060b400000, 0x0000000800000000)
  region size 4096K, 6 young (24576K), 1 survivors (4096K)
}
Event: 7.616 {heap After GC invocations=12 (full 0):
 garbage-first heap   total reserved 8204288K, committed 73728K, used 38454K [0x000000060b400000, 0x0000000800000000)
  region size 4096K, 1 young (4096K), 1 survivors (4096K)
}
Event: 8.944 {heap Before GC invocations=13 (full 0):
 garbage-first heap   total reserved 8204288K, committed 73728K, used 54838K [0x000000060b400000, 0x0000000800000000)
  region size 4096K, 6 young (24576K), 1 survivors (4096K)
}
Event: 8.947 {heap After GC invocations=14 (full 0):
 garbage-first heap   total reserved 8204288K, committed 73728K, used 43058K [0x000000060b400000, 0x0000000800000000)
  region size 4096K, 1 young (4096K), 1 survivors (4096K)
}
Event: 8.971 {heap Before GC invocations=14 (full 0):
 garbage-first heap   total reserved 8204288K, committed 73728K, used 59442K [0x000000060b400000, 0x0000000800000000)
  region size 4096K, 5 young (20480K), 1 survivors (4096K)
}
Event: 8.975 {heap After GC invocations=15 (full 0):
 garbage-first heap   total reserved 8204288K, committed 73728K, used 46369K [0x000000060b400000, 0x0000000800000000)
  region size 4096K, 1 young (4096K), 1 survivors (4096K)
}
Event: 9.014 {heap Before GC invocations=15 (full 0):
 garbage-first heap   total reserved 8204288K, committed 73728K, used 58657K [0x000000060b400000, 0x0000000800000000)
  region size 4096K, 4 young (16384K), 1 survivors (4096K)
}
Event: 9.015 {heap After GC invocations=16 (full 0):
 garbage-first heap   total reserved 8204288K, committed 73728K, used 45621K [0x000000060b400000, 0x0000000800000000)
  region size 4096K, 1 young (4096K), 1 survivors (4096K)
}

Metaspace Usage History (20 events):
Event: 2.753 {metaspace Before GC invocations=4 (full 0):
 Metaspace       used 25885K, committed 26304K, reserved 1114112K
  class space    used 3984K, committed 4160K, reserved 1048576K
}
Event: 2.759 {metaspace After GC invocations=5 (full 0):
 Metaspace       used 25885K, committed 26304K, reserved 1114112K
  class space    used 3984K, committed 4160K, reserved 1048576K
}
Event: 3.837 {metaspace Before GC invocations=5 (full 0):
 Metaspace       used 33754K, committed 34112K, reserved 1114112K
  class space    used 4770K, committed 4928K, reserved 1048576K
}
Event: 3.839 {metaspace After GC invocations=6 (full 0):
 Metaspace       used 33754K, committed 34112K, reserved 1114112K
  class space    used 4770K, committed 4928K, reserved 1048576K
}
Event: 3.881 {metaspace Before GC invocations=6 (full 0):
 Metaspace       used 35527K, committed 35968K, reserved 1114112K
  class space    used 4966K, committed 5184K, reserved 1048576K
}
Event: 3.883 {metaspace After GC invocations=7 (full 0):
 Metaspace       used 35527K, committed 35968K, reserved 1114112K
  class space    used 4966K, committed 5184K, reserved 1048576K
}
Event: 4.254 {metaspace Before GC invocations=8 (full 0):
 Metaspace       used 40777K, committed 41280K, reserved 1114112K
  class space    used 5637K, committed 5888K, reserved 1048576K
}
Event: 4.257 {metaspace After GC invocations=9 (full 0):
 Metaspace       used 40777K, committed 41280K, reserved 1114112K
  class space    used 5637K, committed 5888K, reserved 1048576K
}
Event: 6.422 {metaspace Before GC invocations=9 (full 0):
 Metaspace       used 42809K, committed 43264K, reserved 1114112K
  class space    used 5893K, committed 6080K, reserved 1048576K
}
Event: 6.426 {metaspace After GC invocations=10 (full 0):
 Metaspace       used 42809K, committed 43264K, reserved 1114112K
  class space    used 5893K, committed 6080K, reserved 1048576K
}
Event: 6.867 {metaspace Before GC invocations=10 (full 0):
 Metaspace       used 46185K, committed 46656K, reserved 1114112K
  class space    used 6409K, committed 6592K, reserved 1048576K
}
Event: 6.869 {metaspace After GC invocations=11 (full 0):
 Metaspace       used 46185K, committed 46656K, reserved 1114112K
  class space    used 6409K, committed 6592K, reserved 1048576K
}
Event: 7.614 {metaspace Before GC invocations=11 (full 0):
 Metaspace       used 47933K, committed 48384K, reserved 1114112K
  class space    used 6757K, committed 6976K, reserved 1048576K
}
Event: 7.616 {metaspace After GC invocations=12 (full 0):
 Metaspace       used 47933K, committed 48384K, reserved 1114112K
  class space    used 6757K, committed 6976K, reserved 1048576K
}
Event: 8.944 {metaspace Before GC invocations=13 (full 0):
 Metaspace       used 48877K, committed 49344K, reserved 1114112K
  class space    used 6919K, committed 7168K, reserved 1048576K
}
Event: 8.947 {metaspace After GC invocations=14 (full 0):
 Metaspace       used 48877K, committed 49344K, reserved 1114112K
  class space    used 6919K, committed 7168K, reserved 1048576K
}
Event: 8.971 {metaspace Before GC invocations=14 (full 0):
 Metaspace       used 48999K, committed 49472K, reserved 1114112K
  class space    used 6925K, committed 7168K, reserved 1048576K
}
Event: 8.975 {metaspace After GC invocations=15 (full 0):
 Metaspace       used 48999K, committed 49472K, reserved 1114112K
  class space    used 6925K, committed 7168K, reserved 1048576K
}
Event: 9.014 {metaspace Before GC invocations=15 (full 0):
 Metaspace       used 49127K, committed 49600K, reserved 1114112K
  class space    used 6925K, committed 7168K, reserved 1048576K
}
Event: 9.015 {metaspace After GC invocations=16 (full 0):
 Metaspace       used 49127K, committed 49600K, reserved 1114112K
  class space    used 6925K, committed 7168K, reserved 1048576K
}

Dll operation events (20 events):
Event: 0.288 Attempting to load shared library C:\Users\matea\.openjfx\cache\21.0.6+3\amd64\vcruntime140.dll
Event: 0.289 Loaded shared library C:\Users\matea\.openjfx\cache\21.0.6+3\amd64\vcruntime140.dll
Event: 0.291 Attempting to load shared library C:\Users\matea\.openjfx\cache\21.0.6+3\amd64\vcruntime140_1.dll
Event: 0.292 Loaded shared library C:\Users\matea\.openjfx\cache\21.0.6+3\amd64\vcruntime140_1.dll
Event: 0.297 Attempting to load shared library C:\Users\matea\.openjfx\cache\21.0.6+3\amd64\msvcp140.dll
Event: 0.297 Loaded shared library C:\Users\matea\.openjfx\cache\21.0.6+3\amd64\msvcp140.dll
Event: 0.299 Attempting to load shared library C:\Users\matea\.openjfx\cache\21.0.6+3\amd64\msvcp140_1.dll
Event: 0.300 Loaded shared library C:\Users\matea\.openjfx\cache\21.0.6+3\amd64\msvcp140_1.dll
Event: 0.304 Attempting to load shared library C:\Users\matea\.openjfx\cache\21.0.6+3\amd64\msvcp140_2.dll
Event: 0.304 Loaded shared library C:\Users\matea\.openjfx\cache\21.0.6+3\amd64\msvcp140_2.dll
Event: 0.326 Attempting to load shared library C:\Users\matea\.openjfx\cache\21.0.6+3\amd64\prism_d3d.dll
Event: 0.329 Loaded shared library C:\Users\matea\.openjfx\cache\21.0.6+3\amd64\prism_d3d.dll
Event: 0.389 Attempting to load shared library C:\Users\matea\.openjfx\cache\21.0.6+3\amd64\glass.dll
Event: 0.390 Loaded shared library C:\Users\matea\.openjfx\cache\21.0.6+3\amd64\glass.dll
Event: 0.478 Attempting to load shared library C:\Users\matea\.openjfx\cache\21.0.6+3\amd64\javafx_font.dll
Event: 0.478 Loaded shared library C:\Users\matea\.openjfx\cache\21.0.6+3\amd64\javafx_font.dll
Event: 0.507 Attempting to load shared library C:\Users\matea\AppData\Local\Temp\jna-103668220\jna16540012069366784199.dll
Event: 0.552 Loaded shared library C:\Users\matea\AppData\Local\Temp\jna-103668220\jna16540012069366784199.dll
Event: 3.815 Attempting to load shared library C:\Users\matea\.jdks\corretto-25.0.4.1\bin\sunmscapi.dll
Event: 3.816 Loaded shared library C:\Users\matea\.jdks\corretto-25.0.4.1\bin\sunmscapi.dll

Deoptimization events (20 events):
Event: 8.961 Thread 0x000001b9ffc76950 DEOPT PACKING pc=0x000001b9c990288f sp=0x0000004cc52ff0f0
Event: 8.961 Thread 0x000001b9ffc76950 DEOPT UNPACKING pc=0x000001b9d06d12a2 sp=0x0000004cc52fe5f8 mode 0
Event: 8.961 Thread 0x000001b9ffc76950 DEOPT PACKING pc=0x000001b9c990288f sp=0x0000004cc52ff0f0
Event: 8.961 Thread 0x000001b9ffc76950 DEOPT UNPACKING pc=0x000001b9d06d12a2 sp=0x0000004cc52fe5f8 mode 0
Event: 8.961 Thread 0x000001b9ffc76950 DEOPT PACKING pc=0x000001b9c990288f sp=0x0000004cc52ff0f0
Event: 8.961 Thread 0x000001b9ffc76950 DEOPT UNPACKING pc=0x000001b9d06d12a2 sp=0x0000004cc52fe5f8 mode 0
Event: 8.988 Thread 0x000001b9ffc76950 Uncommon trap: trap_request=0xffffff45 fr.pc=0x000001b9d1067be8 relative=0x0000000000000068
Event: 8.988 Thread 0x000001b9ffc76950 Uncommon trap: reason=unstable_if action=reinterpret pc=0x000001b9d1067be8 method=com.bwxor.piejfx.controller.impl.SearchInFilesViewController.isStale(J)Z @ 9 c2
Event: 8.988 Thread 0x000001b9ffc76950 DEOPT PACKING pc=0x000001b9d1067be8 sp=0x0000004cc52ff1d0
Event: 8.988 Thread 0x000001b9ffc76950 DEOPT UNPACKING pc=0x000001b9d07b2102 sp=0x0000004cc52ff160 mode 2
Event: 9.004 Thread 0x000001b9883db4b0 Uncommon trap: trap_request=0xffffff45 fr.pc=0x000001b9d0eaf848 relative=0x0000000000001ac8
Event: 9.004 Thread 0x000001b9883db4b0 Uncommon trap: reason=unstable_if action=reinterpret pc=0x000001b9d0eaf848 method=sun.nio.cs.UTF_8$Decoder.decodeArrayLoop(Ljava/nio/ByteBuffer;Ljava/nio/CharBuffer;)Ljava/nio/charset/CoderResult; @ 607 c2
Event: 9.004 Thread 0x000001b9883db4b0 DEOPT PACKING pc=0x000001b9d0eaf848 sp=0x0000004cc52fea80
Event: 9.004 Thread 0x000001b9883db4b0 DEOPT UNPACKING pc=0x000001b9d07b2102 sp=0x0000004cc52fe9e0 mode 2
Event: 9.040 Thread 0x000001b9883db4b0 Uncommon trap: trap_request=0xffffff45 fr.pc=0x000001b9d108759c relative=0x000000000000121c
Event: 9.040 Thread 0x000001b9883db4b0 Uncommon trap: reason=unstable_if action=reinterpret pc=0x000001b9d108759c method=sun.nio.cs.UTF_8$Decoder.decodeArrayLoop(Ljava/nio/ByteBuffer;Ljava/nio/CharBuffer;)Ljava/nio/charset/CoderResult; @ 181 c2
Event: 9.040 Thread 0x000001b9883db4b0 DEOPT PACKING pc=0x000001b9d108759c sp=0x0000004cc52fea60
Event: 9.040 Thread 0x000001b9883db4b0 DEOPT UNPACKING pc=0x000001b9d07b2102 sp=0x0000004cc52fe9b8 mode 2
Event: 9.041 Thread 0x000001b9883db4b0 DEOPT PACKING pc=0x000001b9c9456f70 sp=0x0000004cc52fed60
Event: 9.041 Thread 0x000001b9883db4b0 DEOPT UNPACKING pc=0x000001b9d06d12a2 sp=0x0000004cc52fe230 mode 0

Classes loaded (20 events):
Event: 8.960 Loading class sun/util/locale/provider/BreakIteratorProviderImpl$CharacterIteratorCharSequence
Event: 8.960 Loading class sun/util/locale/provider/BreakIteratorProviderImpl$CharacterIteratorCharSequence done
Event: 8.960 Loading class java/text/BreakIterator$BreakIteratorCache
Event: 8.960 Loading class java/text/BreakIterator$BreakIteratorCache done
Event: 8.960 Loading class jdk/internal/util/regex/Grapheme
Event: 8.960 Loading class jdk/internal/util/regex/Grapheme done
Event: 8.960 Loading class jdk/internal/util/regex/IndicConjunctBreak
Event: 8.960 Loading class jdk/internal/util/regex/IndicConjunctBreak done
Event: 9.020 Loading class jdk/internal/icu/text/BidiBase$BracketData
Event: 9.020 Loading class jdk/internal/icu/text/BidiBase$BracketData done
Event: 9.020 Loading class jdk/internal/icu/text/BidiBase$Opening
Event: 9.020 Loading class jdk/internal/icu/text/BidiBase$Opening done
Event: 9.020 Loading class jdk/internal/icu/text/BidiBase$IsoRun
Event: 9.020 Loading class jdk/internal/icu/text/BidiBase$IsoRun done
Event: 9.020 Loading class jdk/internal/icu/text/BidiBase$LevState
Event: 9.020 Loading class jdk/internal/icu/text/BidiBase$LevState done
Event: 9.020 Loading class java/util/DualPivotQuicksort
Event: 9.020 Loading class java/util/DualPivotQuicksort done
Event: 9.021 Loading class java/util/DualPivotQuicksort$SortOperation
Event: 9.021 Loading class java/util/DualPivotQuicksort$SortOperation done

Classes unloaded (0 events):
No events

Classes redefined (0 events):
No events

Internal exceptions (20 events):
Event: 6.620 Thread 0x000001b9eab68720 Exception <a 'sun/nio/fs/WindowsException'{0x000000062a9187d0}> (0x000000062a9187d0) 
thrown [s\src\hotspot\share\prims\jni.cpp, line 516]
Event: 6.620 Thread 0x000001b9eab68720 Exception <a 'sun/nio/fs/WindowsException'{0x000000062a9191e8}> (0x000000062a9191e8) 
thrown [s\src\hotspot\share\prims\jni.cpp, line 516]
Event: 6.628 Thread 0x000001b9eab68720 Exception <a 'sun/nio/fs/WindowsException'{0x000000062a945f80}> (0x000000062a945f80) 
thrown [s\src\hotspot\share\prims\jni.cpp, line 516]
Event: 6.629 Thread 0x000001b9eab68720 Exception <a 'sun/nio/fs/WindowsException'{0x000000062a946c48}> (0x000000062a946c48) 
thrown [s\src\hotspot\share\prims\jni.cpp, line 516]
Event: 6.629 Thread 0x000001b9eab68720 Exception <a 'sun/nio/fs/WindowsException'{0x000000062a947d88}> (0x000000062a947d88) 
thrown [s\src\hotspot\share\prims\jni.cpp, line 516]
Event: 6.785 Thread 0x000001b9eab68720 Exception <a 'sun/nio/fs/WindowsException'{0x000000062abeff28}> (0x000000062abeff28) 
thrown [s\src\hotspot\share\prims\jni.cpp, line 516]
Event: 6.785 Thread 0x000001b9eab68720 Exception <a 'sun/nio/fs/WindowsException'{0x000000062abf0940}> (0x000000062abf0940) 
thrown [s\src\hotspot\share\prims\jni.cpp, line 516]
Event: 6.785 Thread 0x000001b9eab68720 Exception <a 'sun/nio/fs/WindowsException'{0x000000062abf1680}> (0x000000062abf1680) 
thrown [s\src\hotspot\share\prims\jni.cpp, line 516]
Event: 6.785 Thread 0x000001b9eab68720 Exception <a 'sun/nio/fs/WindowsException'{0x000000062abf2098}> (0x000000062abf2098) 
thrown [s\src\hotspot\share\prims\jni.cpp, line 516]
Event: 6.795 Thread 0x000001b9eab68720 Exception <a 'java/lang/NoSuchMethodError'{0x000000062853b398}: 'void java.lang.invoke.DirectMethodHandle$Holder.invokeStatic(java.lang.Object, int)'> (0x000000062853b398) 
thrown [s\src\hotspot\share\interpreter\linkResolver.cpp, line 804]
Event: 6.796 Thread 0x000001b9eab68720 Exception <a 'java/lang/NoSuchMethodError'{0x00000006285435f8}: 'void java.lang.invoke.DirectMethodHandle$Holder.invokeStaticInit(java.lang.Object, int)'> (0x00000006285435f8) 
thrown [s\src\hotspot\share\interpreter\linkResolver.cpp, line 804]
Event: 6.801 Thread 0x000001b9eab68720 Implicit null exception at 0x000001b9d0fe53eb to 0x000001b9d0fe5748
Event: 6.943 Thread 0x000001b9eab68720 Exception <a 'java/lang/NoSuchMethodError'{0x00000006287c4cb8}: 'void java.lang.invoke.DirectMethodHandle$Holder.invokeSpecial(java.lang.Object, java.lang.Object, int, int)'> (0x00000006287c4cb8) 
thrown [s\src\hotspot\share\interpreter\linkResolver.cpp, line 804]
Event: 6.943 Thread 0x000001b9eab68720 Exception <a 'java/lang/NoSuchMethodError'{0x00000006287d4c70}: 'java.lang.Object java.lang.invoke.DirectMethodHandle$Holder.newInvokeSpecial(java.lang.Object, java.lang.Object, int, int)'> (0x00000006287d4c70) 
thrown [s\src\hotspot\share\interpreter\linkResolver.cpp, line 804]
Event: 6.944 Thread 0x000001b9eab68720 Exception <a 'java/lang/NoSuchMethodError'{0x00000006287dd778}: 'java.lang.Object java.lang.invoke.Invokers$Holder.linkToTargetMethod(java.lang.Object, int, int, java.lang.Object)'> (0x00000006287dd778) 
thrown [s\src\hotspot\share\interpreter\linkResolver.cpp, line 804]
Event: 6.964 Thread 0x000001b9eab68720 Exception <a 'java/lang/IncompatibleClassChangeError'{0x00000006281da3c0}: Found class java.lang.Object, but interface was expected> (0x00000006281da3c0) 
thrown [s\src\hotspot\share\interpreter\linkResolver.cpp, line 871]
Event: 8.896 Thread 0x000001b9eab68720 Exception <a 'java/lang/NoSuchMethodError'{0x00000006286450f0}: 'java.lang.Object java.lang.invoke.DirectMethodHandle$Holder.newInvokeSpecial(java.lang.Object, java.lang.Object, java.lang.Object, long)'> (0x00000006286450f0) 
thrown [s\src\hotspot\share\interpreter\linkResolver.cpp, line 804]
Event: 8.915 Thread 0x000001b9ffc76950 Exception <a 'java/lang/NoSuchMethodError'{0x0000000628733a88}: 'java.lang.Object java.lang.invoke.DirectMethodHandle$Holder.newInvokeSpecial(java.lang.Object, java.lang.Object, long, java.lang.Object)'> (0x0000000628733a88) 
thrown [s\src\hotspot\share\interpreter\linkResolver.cpp, line 804]
Event: 8.915 Thread 0x000001b9ffc76950 Exception <a 'java/lang/NoSuchMethodError'{0x000000062873fce0}: 'java.lang.Object java.lang.invoke.Invokers$Holder.linkToTargetMethod(java.lang.Object, long, java.lang.Object, java.lang.Object)'> (0x000000062873fce0) 
thrown [s\src\hotspot\share\interpreter\linkResolver.cpp, line 804]
Event: 9.021 Thread 0x000001b9eab68720 Exception <a 'java/lang/NoSuchMethodError'{0x00000007ffecda58}: 'void java.lang.invoke.DirectMethodHandle$Holder.invokeStatic(java.lang.Object, java.lang.Object, int, int)'> (0x00000007ffecda58) 
thrown [s\src\hotspot\share\interpreter\linkResolver.cpp, line 804]

VM Operations (20 events):
Event: 6.867 Executing safepoint VM operation: G1CollectForAllocation (G1 Evacuation Pause)
Event: 6.869 Executing safepoint VM operation: G1CollectForAllocation (G1 Evacuation Pause) done
Event: 7.614 Executing safepoint VM operation: G1CollectForAllocation (G1 Evacuation Pause)
Event: 7.616 Executing safepoint VM operation: G1CollectForAllocation (G1 Evacuation Pause) done
Event: 7.628 Executing safepoint VM operation: G1PauseRemark
Event: 7.630 Executing safepoint VM operation: G1PauseRemark done
Event: 7.634 Executing safepoint VM operation: G1PauseCleanup
Event: 7.634 Executing safepoint VM operation: G1PauseCleanup done
Event: 7.683 Executing non-safepoint VM operation: HandshakeAllThreads (Deoptimize)
Event: 7.683 Executing non-safepoint VM operation: HandshakeAllThreads (Deoptimize) done
Event: 8.944 Executing safepoint VM operation: G1CollectForAllocation (G1 Evacuation Pause)
Event: 8.947 Executing safepoint VM operation: G1CollectForAllocation (G1 Evacuation Pause) done
Event: 8.971 Executing safepoint VM operation: G1CollectForAllocation (G1 Evacuation Pause)
Event: 8.975 Executing safepoint VM operation: G1CollectForAllocation (G1 Evacuation Pause) done
Event: 9.013 Executing safepoint VM operation: G1CollectForAllocation (G1 Evacuation Pause)
Event: 9.015 Executing safepoint VM operation: G1CollectForAllocation (G1 Evacuation Pause) done
Event: 9.032 Executing safepoint VM operation: G1PauseRemark
Event: 9.034 Executing safepoint VM operation: G1PauseRemark done
Event: 9.040 Executing safepoint VM operation: G1PauseCleanup
Event: 9.040 Executing safepoint VM operation: G1PauseCleanup done

Memory protections (0 events):
No events

Nmethod flushes (20 events):
Event: 9.034 Thread 0x000001b9e2ad6be0 flushing  nmethod 0x000001b9c9593b08
Event: 9.034 Thread 0x000001b9e2ad6be0 flushing  nmethod 0x000001b9c9594088
Event: 9.034 Thread 0x000001b9e2ad6be0 flushing  nmethod 0x000001b9c9596e88
Event: 9.034 Thread 0x000001b9e2ad6be0 flushing  nmethod 0x000001b9c965b208
Event: 9.034 Thread 0x000001b9e2ad6be0 flushing osr nmethod 0x000001b9c965cf08
Event: 9.034 Thread 0x000001b9e2ad6be0 flushing osr nmethod 0x000001b9c965d708
Event: 9.034 Thread 0x000001b9e2ad6be0 flushing  nmethod 0x000001b9c96aad08
Event: 9.034 Thread 0x000001b9e2ad6be0 flushing  nmethod 0x000001b9c96ab608
Event: 9.034 Thread 0x000001b9e2ad6be0 flushing  nmethod 0x000001b9c96ac508
Event: 9.034 Thread 0x000001b9e2ad6be0 flushing  nmethod 0x000001b9c96aeb88
Event: 9.034 Thread 0x000001b9e2ad6be0 flushing  nmethod 0x000001b9c96b0608
Event: 9.034 Thread 0x000001b9e2ad6be0 flushing  nmethod 0x000001b9c96b1888
Event: 9.034 Thread 0x000001b9e2ad6be0 flushing  nmethod 0x000001b9c9707488
Event: 9.034 Thread 0x000001b9e2ad6be0 flushing  nmethod 0x000001b9c970b688
Event: 9.034 Thread 0x000001b9e2ad6be0 flushing  nmethod 0x000001b9c9714b08
Event: 9.034 Thread 0x000001b9e2ad6be0 flushing  nmethod 0x000001b9c9718408
Event: 9.034 Thread 0x000001b9e2ad6be0 flushing  nmethod 0x000001b9c976de08
Event: 9.034 Thread 0x000001b9e2ad6be0 flushing  nmethod 0x000001b9c994fd88
Event: 9.034 Thread 0x000001b9e2ad6be0 flushing  nmethod 0x000001b9c9a17388
Event: 9.034 Thread 0x000001b9e2ad6be0 flushing  nmethod 0x000001b9c9a19e08

Events (20 events):
Event: 6.862 Thread 0x000001b9ea8332c0 Thread added: 0x000001b9ea836320
Event: 6.889 Thread 0x000001b9ea8332c0 Thread added: 0x000001b9ea836b30
Event: 6.890 Thread 0x000001b9e2b01f50 Thread added: 0x000001b9e2b08030
Event: 7.144 Thread 0x000001b9e2b08030 Thread exited: 0x000001b9e2b08030
Event: 7.144 Thread 0x000001b9ea836b30 Thread exited: 0x000001b9ea836b30
Event: 7.144 Thread 0x000001b9ea8322a0 Thread exited: 0x000001b9ea8322a0
Event: 7.144 Thread 0x000001b9ea835300 Thread exited: 0x000001b9ea835300
Event: 7.652 Thread 0x000001b9ea837340 Thread added: 0x000001b9e2b08030
Event: 7.655 Thread 0x000001b9e2b04fd0 Thread added: 0x000001b9e2b06800
Event: 7.814 Thread 0x000001b9e2b06800 Thread exited: 0x000001b9e2b06800
Event: 7.959 Thread 0x000001b9e2b08030 Thread exited: 0x000001b9e2b08030
Event: 8.493 Thread 0x000001b9ea836320 Thread exited: 0x000001b9ea836320
Event: 8.896 Thread 0x000001b9eab68720 Thread added: 0x000001b9ffc76950
Event: 8.914 Thread 0x000001b9e2b01f50 Thread added: 0x000001b9ea835b10
Event: 8.918 Thread 0x000001b9e2b04fd0 Thread added: 0x000001b9e2b0b8a0
Event: 8.933 Thread 0x000001b9e2b04fd0 Thread added: 0x000001b9e2b0b090
Event: 8.935 Thread 0x000001b9ea8332c0 Thread added: 0x000001b9e2b08030
Event: 8.935 Thread 0x000001b9ea837340 Thread added: 0x000001b9ea835300
Event: 8.988 Thread 0x000001b9ffc76950 Thread exited: 0x000001b9ffc76950
Event: 8.989 Thread 0x000001b9eab68720 Thread added: 0x000001b9883db4b0


Dynamic libraries:
0x00007ff68c230000 - 0x00007ff68c23e000 	C:\Users\matea\.jdks\corretto-25.0.4.1\bin\java.exe
0x00007ffc92980000 - 0x00007ffc92be7000 	C:\WINDOWS\SYSTEM32\ntdll.dll
0x00007ffc91760000 - 0x00007ffc9182a000 	C:\WINDOWS\System32\KERNEL32.DLL
0x00007ffc8ff10000 - 0x00007ffc90310000 	C:\WINDOWS\System32\KERNELBASE.dll
0x00007ffc8fdb0000 - 0x00007ffc8fefc000 	C:\WINDOWS\System32\ucrtbase.dll
0x00007ffc853e0000 - 0x00007ffc853f7000 	C:\Users\matea\.jdks\corretto-25.0.4.1\bin\jli.dll
0x00007ffc8c4c0000 - 0x00007ffc8c4de000 	C:\Users\matea\.jdks\corretto-25.0.4.1\bin\VCRUNTIME140.dll
0x00007ffc908a0000 - 0x00007ffc90a7d000 	C:\WINDOWS\System32\USER32.dll
0x00007ffc84cd0000 - 0x00007ffc84f60000 	C:\WINDOWS\WinSxS\amd64_microsoft.windows.common-controls_6595b64144ccf1df_6.0.26100.9596_none_3e0f4960e32e3260\COMCTL32.dll
0x00007ffc90490000 - 0x00007ffc904b7000 	C:\WINDOWS\System32\win32u.dll
0x00007ffc91910000 - 0x00007ffc919b9000 	C:\WINDOWS\System32\msvcrt.dll
0x00007ffc91c60000 - 0x00007ffc91c8b000 	C:\WINDOWS\System32\GDI32.dll
0x00007ffc90580000 - 0x00007ffc906a7000 	C:\WINDOWS\System32\gdi32full.dll
0x00007ffc90320000 - 0x00007ffc903c3000 	C:\WINDOWS\System32\msvcp_win.dll
0x00007ffc91c90000 - 0x00007ffc91cc1000 	C:\WINDOWS\System32\IMM32.DLL
0x00007ffc84730000 - 0x00007ffc8473c000 	C:\Users\matea\.jdks\corretto-25.0.4.1\bin\vcruntime140_1.dll
0x00007ffc6b470000 - 0x00007ffc6b4f9000 	C:\Users\matea\.jdks\corretto-25.0.4.1\bin\msvcp140.dll
0x00007ffc10690000 - 0x00007ffc115c7000 	C:\Users\matea\.jdks\corretto-25.0.4.1\bin\server\jvm.dll
0x00007ffc91830000 - 0x00007ffc918eb000 	C:\WINDOWS\System32\ADVAPI32.dll
0x00007ffc90e80000 - 0x00007ffc90f28000 	C:\WINDOWS\System32\sechost.dll
0x00007ffc91d60000 - 0x00007ffc91e78000 	C:\WINDOWS\System32\RPCRT4.dll
0x00007ffc90f30000 - 0x00007ffc90fb0000 	C:\WINDOWS\System32\WS2_32.dll
0x00007ffc8f9e0000 - 0x00007ffc8fa3e000 	C:\WINDOWS\SYSTEM32\POWRPROF.dll
0x00007ffc8b7c0000 - 0x00007ffc8b7cb000 	C:\WINDOWS\SYSTEM32\VERSION.dll
0x00007ffc8bf70000 - 0x00007ffc8bfa6000 	C:\WINDOWS\SYSTEM32\WINMM.dll
0x00007ffc8f9c0000 - 0x00007ffc8f9d5000 	C:\WINDOWS\SYSTEM32\UMPDC.dll
0x00007ffc8e310000 - 0x00007ffc8e32b000 	C:\WINDOWS\SYSTEM32\kernel.appcore.dll
0x00007ffc84720000 - 0x00007ffc8472a000 	C:\Users\matea\.jdks\corretto-25.0.4.1\bin\jimage.dll
0x00007ffc8cab0000 - 0x00007ffc8ccfc000 	C:\WINDOWS\SYSTEM32\DBGHELP.DLL
0x00007ffc925b0000 - 0x00007ffc9293a000 	C:\WINDOWS\System32\combase.dll
0x00007ffc91f70000 - 0x00007ffc92049000 	C:\WINDOWS\System32\OLEAUT32.dll
0x00007ffc8bf30000 - 0x00007ffc8bf6b000 	C:\WINDOWS\SYSTEM32\dbgcore.DLL
0x00007ffc903d0000 - 0x00007ffc9047c000 	C:\WINDOWS\System32\bcryptPrimitives.dll
0x00007ffc84600000 - 0x00007ffc84610000 	C:\Users\matea\.jdks\corretto-25.0.4.1\bin\instrument.dll
0x00007ffc84680000 - 0x00007ffc8469f000 	C:\Users\matea\.jdks\corretto-25.0.4.1\bin\java.dll
0x00007ffc919c0000 - 0x00007ffc91b59000 	C:\WINDOWS\System32\ole32.dll
0x00007ffc90fc0000 - 0x00007ffc91758000 	C:\WINDOWS\System32\SHELL32.dll
0x00007ffc8d090000 - 0x00007ffc8d93e000 	C:\WINDOWS\SYSTEM32\windows.storage.dll
0x00007ffc91b60000 - 0x00007ffc91c5b000 	C:\WINDOWS\System32\SHCORE.dll
0x00007ffc90c20000 - 0x00007ffc90c86000 	C:\WINDOWS\System32\shlwapi.dll
0x00007ffc8faa0000 - 0x00007ffc8fac9000 	C:\WINDOWS\SYSTEM32\profapi.dll
0x00007ffc82190000 - 0x00007ffc821a6000 	C:\Users\matea\.jdks\corretto-25.0.4.1\bin\zip.dll
0x00007ffc845e0000 - 0x00007ffc845f2000 	C:\Users\matea\.jdks\corretto-25.0.4.1\bin\net.dll
0x00007ffc8e8a0000 - 0x00007ffc8e90b000 	C:\WINDOWS\system32\mswsock.dll
0x00007ffc82380000 - 0x00007ffc82396000 	C:\Users\matea\.jdks\corretto-25.0.4.1\bin\nio.dll
0x00007ffc833f0000 - 0x00007ffc833f9000 	C:\Users\matea\.jdks\corretto-25.0.4.1\bin\extnet.dll
0x00007ffc8dbd0000 - 0x00007ffc8dd1c000 	C:\WINDOWS\SYSTEM32\DNSAPI.dll
0x00007ffc8e6a0000 - 0x00007ffc8e6ad000 	C:\WINDOWS\SYSTEM32\DSPARSE.dll
0x00007ffc8de20000 - 0x00007ffc8de53000 	C:\WINDOWS\SYSTEM32\IPHLPAPI.DLL
0x00007ffc924e0000 - 0x00007ffc924ea000 	C:\WINDOWS\System32\NSI.dll
0x00007ffc81230000 - 0x00007ffc8123b000 	C:\Windows\System32\rasadhlp.dll
0x00007ffc81e50000 - 0x00007ffc81ed6000 	C:\WINDOWS\System32\fwpuclnt.dll
0x00007ffc83380000 - 0x00007ffc8338a000 	C:\Users\matea\.jdks\corretto-25.0.4.1\bin\management.dll
0x00007ffc81c70000 - 0x00007ffc81c7c000 	C:\Users\matea\.jdks\corretto-25.0.4.1\bin\management_ext.dll
0x00007ffc925a0000 - 0x00007ffc925a8000 	C:\WINDOWS\System32\PSAPI.DLL
0x000001b9c0670000 - 0x000001b9c0673000 	C:\Users\matea\.openjfx\cache\21.0.6+3\amd64\api-ms-win-core-console-l1-1-0.dll
0x000001b9c0680000 - 0x000001b9c0683000 	C:\Users\matea\.openjfx\cache\21.0.6+3\amd64\api-ms-win-core-console-l1-2-0.dll
0x000001b9c0690000 - 0x000001b9c0693000 	C:\Users\matea\.openjfx\cache\21.0.6+3\amd64\api-ms-win-core-datetime-l1-1-0.dll
0x000001b9c06a0000 - 0x000001b9c06a3000 	C:\Users\matea\.openjfx\cache\21.0.6+3\amd64\api-ms-win-core-debug-l1-1-0.dll
0x000001b9c06b0000 - 0x000001b9c06b3000 	C:\Users\matea\.openjfx\cache\21.0.6+3\amd64\api-ms-win-core-errorhandling-l1-1-0.dll
0x000001b9c06c0000 - 0x000001b9c06c4000 	C:\Users\matea\.openjfx\cache\21.0.6+3\amd64\api-ms-win-core-file-l1-1-0.dll
0x000001b9e5df0000 - 0x000001b9e5df3000 	C:\Users\matea\.openjfx\cache\21.0.6+3\amd64\api-ms-win-core-file-l1-2-0.dll
0x000001b9e5e00000 - 0x000001b9e5e03000 	C:\Users\matea\.openjfx\cache\21.0.6+3\amd64\api-ms-win-core-file-l2-1-0.dll
0x000001b9e5e10000 - 0x000001b9e5e13000 	C:\Users\matea\.openjfx\cache\21.0.6+3\amd64\api-ms-win-core-handle-l1-1-0.dll
0x000001b9e5e20000 - 0x000001b9e5e23000 	C:\Users\matea\.openjfx\cache\21.0.6+3\amd64\api-ms-win-core-heap-l1-1-0.dll
0x000001b9e5e30000 - 0x000001b9e5e33000 	C:\Users\matea\.openjfx\cache\21.0.6+3\amd64\api-ms-win-core-interlocked-l1-1-0.dll
0x000001b9e5e40000 - 0x000001b9e5e43000 	C:\Users\matea\.openjfx\cache\21.0.6+3\amd64\api-ms-win-core-libraryloader-l1-1-0.dll
0x000001b9e5e50000 - 0x000001b9e5e53000 	C:\Users\matea\.openjfx\cache\21.0.6+3\amd64\api-ms-win-core-localization-l1-2-0.dll
0x000001b9e5e60000 - 0x000001b9e5e63000 	C:\Users\matea\.openjfx\cache\21.0.6+3\amd64\api-ms-win-core-memory-l1-1-0.dll
0x000001b9e5e70000 - 0x000001b9e5e73000 	C:\Users\matea\.openjfx\cache\21.0.6+3\amd64\api-ms-win-core-namedpipe-l1-1-0.dll
0x000001b9e5e80000 - 0x000001b9e5e83000 	C:\Users\matea\.openjfx\cache\21.0.6+3\amd64\api-ms-win-core-processenvironment-l1-1-0.dll
0x000001b9e5e90000 - 0x000001b9e5e93000 	C:\Users\matea\.openjfx\cache\21.0.6+3\amd64\api-ms-win-core-processthreads-l1-1-0.dll
0x000001b9e5ea0000 - 0x000001b9e5ea3000 	C:\Users\matea\.openjfx\cache\21.0.6+3\amd64\api-ms-win-core-processthreads-l1-1-1.dll
0x000001b9e5eb0000 - 0x000001b9e5eb3000 	C:\Users\matea\.openjfx\cache\21.0.6+3\amd64\api-ms-win-core-profile-l1-1-0.dll
0x000001b9e5ec0000 - 0x000001b9e5ec3000 	C:\Users\matea\.openjfx\cache\21.0.6+3\amd64\api-ms-win-core-rtlsupport-l1-1-0.dll
0x000001b9e5ed0000 - 0x000001b9e5ed3000 	C:\Users\matea\.openjfx\cache\21.0.6+3\amd64\api-ms-win-core-string-l1-1-0.dll
0x000001b9e5ee0000 - 0x000001b9e5ee3000 	C:\Users\matea\.openjfx\cache\21.0.6+3\amd64\api-ms-win-core-synch-l1-1-0.dll
0x000001b9e5ef0000 - 0x000001b9e5ef3000 	C:\Users\matea\.openjfx\cache\21.0.6+3\amd64\api-ms-win-core-synch-l1-2-0.dll
0x000001b9e5f00000 - 0x000001b9e5f03000 	C:\Users\matea\.openjfx\cache\21.0.6+3\amd64\api-ms-win-core-sysinfo-l1-1-0.dll
0x000001b9e5f10000 - 0x000001b9e5f13000 	C:\Users\matea\.openjfx\cache\21.0.6+3\amd64\api-ms-win-core-timezone-l1-1-0.dll
0x000001b9e5f20000 - 0x000001b9e5f23000 	C:\Users\matea\.openjfx\cache\21.0.6+3\amd64\api-ms-win-core-util-l1-1-0.dll
0x000001b9e5f30000 - 0x000001b9e5f33000 	C:\Users\matea\.openjfx\cache\21.0.6+3\amd64\api-ms-win-crt-conio-l1-1-0.dll
0x000001b9e5f40000 - 0x000001b9e5f44000 	C:\Users\matea\.openjfx\cache\21.0.6+3\amd64\api-ms-win-crt-convert-l1-1-0.dll
0x000001b9e5f50000 - 0x000001b9e5f53000 	C:\Users\matea\.openjfx\cache\21.0.6+3\amd64\api-ms-win-crt-environment-l1-1-0.dll
0x000001b9e5f60000 - 0x000001b9e5f63000 	C:\Users\matea\.openjfx\cache\21.0.6+3\amd64\api-ms-win-crt-filesystem-l1-1-0.dll
0x000001b9e5f70000 - 0x000001b9e5f73000 	C:\Users\matea\.openjfx\cache\21.0.6+3\amd64\api-ms-win-crt-heap-l1-1-0.dll
0x000001b9e5f80000 - 0x000001b9e5f83000 	C:\Users\matea\.openjfx\cache\21.0.6+3\amd64\api-ms-win-crt-locale-l1-1-0.dll
0x000001b9e5f90000 - 0x000001b9e5f95000 	C:\Users\matea\.openjfx\cache\21.0.6+3\amd64\api-ms-win-crt-math-l1-1-0.dll
0x000001b9e5fa0000 - 0x000001b9e5fa5000 	C:\Users\matea\.openjfx\cache\21.0.6+3\amd64\api-ms-win-crt-multibyte-l1-1-0.dll
0x000001b9e5fb0000 - 0x000001b9e5fc0000 	C:\Users\matea\.openjfx\cache\21.0.6+3\amd64\api-ms-win-crt-private-l1-1-0.dll
0x000001b9e5fc0000 - 0x000001b9e5fc3000 	C:\Users\matea\.openjfx\cache\21.0.6+3\amd64\api-ms-win-crt-process-l1-1-0.dll
0x00007ffc8eca0000 - 0x00007ffc8ecbb000 	C:\WINDOWS\SYSTEM32\CRYPTSP.dll
0x000001b9e5fd0000 - 0x000001b9e5fd4000 	C:\Users\matea\.openjfx\cache\21.0.6+3\amd64\api-ms-win-crt-runtime-l1-1-0.dll
0x00007ffc8e270000 - 0x00007ffc8e2a9000 	C:\WINDOWS\system32\rsaenh.dll
0x00007ffc8e940000 - 0x00007ffc8e974000 	C:\WINDOWS\SYSTEM32\USERENV.dll
0x00007ffc8fa70000 - 0x00007ffc8fa9a000 	C:\WINDOWS\SYSTEM32\bcrypt.dll
0x000001b9e5fe0000 - 0x000001b9e5fe4000 	C:\Users\matea\.openjfx\cache\21.0.6+3\amd64\api-ms-win-crt-stdio-l1-1-0.dll
0x00007ffc8ec70000 - 0x00007ffc8ec7c000 	C:\WINDOWS\SYSTEM32\CRYPTBASE.dll
0x000001b9e5ff0000 - 0x000001b9e5ff4000 	C:\Users\matea\.openjfx\cache\21.0.6+3\amd64\api-ms-win-crt-string-l1-1-0.dll
0x000001b9ebb10000 - 0x000001b9ebb13000 	C:\Users\matea\.openjfx\cache\21.0.6+3\amd64\api-ms-win-crt-time-l1-1-0.dll
0x000001b9ebb20000 - 0x000001b9ebb23000 	C:\Users\matea\.openjfx\cache\21.0.6+3\amd64\api-ms-win-crt-utility-l1-1-0.dll
0x00007ffc64760000 - 0x00007ffc6485c000 	C:\Users\matea\.openjfx\cache\21.0.6+3\amd64\ucrtbase.dll
0x00007ffc8f420000 - 0x00007ffc8f438000 	C:\WINDOWS\system32\napinsp.dll
0x00007ffc8f250000 - 0x00007ffc8f263000 	C:\WINDOWS\System32\winrnr.dll
0x00007ffc8b920000 - 0x00007ffc8b947000 	C:\WINDOWS\system32\nlansp_c.dll
0x00007ffc821d0000 - 0x00007ffc821e6000 	C:\WINDOWS\system32\wshbth.dll
0x00007ffc81ab0000 - 0x00007ffc81acb000 	C:\Users\matea\.openjfx\cache\21.0.6+3\amd64\vcruntime140.dll
0x00007ffc80030000 - 0x00007ffc8003c000 	C:\Users\matea\.openjfx\cache\21.0.6+3\amd64\vcruntime140_1.dll
0x00007ffc6b3e0000 - 0x00007ffc6b46e000 	C:\Users\matea\.openjfx\cache\21.0.6+3\amd64\msvcp140.dll
0x00007ffc7fd80000 - 0x00007ffc7fd89000 	C:\Users\matea\.openjfx\cache\21.0.6+3\amd64\msvcp140_1.dll
0x00007ffc6f720000 - 0x00007ffc6f761000 	C:\Users\matea\.openjfx\cache\21.0.6+3\amd64\msvcp140_2.dll
0x00007ffc7d650000 - 0x00007ffc7d680000 	C:\Users\matea\.openjfx\cache\21.0.6+3\amd64\prism_d3d.dll
0x00007ffc62090000 - 0x00007ffc62242000 	C:\WINDOWS\system32\d3d9.dll
0x00007ffc8c820000 - 0x00007ffc8c84e000 	C:\WINDOWS\SYSTEM32\dwmapi.dll
0x00007ffc8c660000 - 0x00007ffc8c6aa000 	C:\WINDOWS\SYSTEM32\dxcore.dll
0x00007ffc8fc20000 - 0x00007ffc8fd9e000 	C:\WINDOWS\System32\CRYPT32.dll
0x00007ffc8c580000 - 0x00007ffc8c62a000 	C:\WINDOWS\system32\uxtheme.dll
0x00007ffc7d140000 - 0x00007ffc7d15f000 	C:\WINDOWS\System32\DriverStore\FileRepository\u0203304.inf_amd64_a6e5a337568ce3f0\B026373\atidx9loader64.dll
0x00007ffbe1fe0000 - 0x00007ffbe46c5000 	C:\WINDOWS\System32\DriverStore\FileRepository\u0203304.inf_amd64_a6e5a337568ce3f0\B026373\AMDXN64.DLL
0x00007ffc92050000 - 0x00007ffc924d7000 	C:\WINDOWS\System32\SETUPAPI.dll
0x00007ffc8c6b0000 - 0x00007ffc8c7ec000 	C:\WINDOWS\SYSTEM32\dxgi.dll
0x00007ffc83c80000 - 0x00007ffc83cd8000 	C:\WINDOWS\SYSTEM32\pdh.dll
0x00007ffc867b0000 - 0x00007ffc867ee000 	C:\WINDOWS\System32\DriverStore\FileRepository\u0203304.inf_amd64_a6e5a337568ce3f0\B026373\amdihk64.dll
0x00007ffc8b7d0000 - 0x00007ffc8b82e000 	C:\WINDOWS\SYSTEM32\directxdatabasehelper.dll
0x00007ffc8f6e0000 - 0x00007ffc8f732000 	C:\WINDOWS\SYSTEM32\cfgmgr32.dll
0x00007ffc6b6c0000 - 0x00007ffc6b702000 	C:\Users\matea\.openjfx\cache\21.0.6+3\amd64\glass.dll
0x00007ffc90b20000 - 0x00007ffc90c15000 	C:\WINDOWS\System32\COMDLG32.dll
0x00007ffc906b0000 - 0x00007ffc9080a000 	C:\WINDOWS\System32\MSCTF.dll

JVMTI agents:
C:\Program Files\JetBrains\IntelliJ IDEA 2026.2.3\lib\idea_rt.jar path:C:\Users\matea\.jdks\corretto-25.0.4.1\bin\instrument.dll, loaded, initialized, instrumentlib options:64966

dbghelp: loaded successfully - version: 4.0.5 - missing functions: none
symbol engine: initialized successfully - sym options: 0x614 - pdb path: .;C:\Users\matea\.jdks\corretto-25.0.4.1\bin;C:\WINDOWS\SYSTEM32;C:\WINDOWS\WinSxS\amd64_microsoft.windows.common-controls_6595b64144ccf1df_6.0.26100.9596_none_3e0f4960e32e3260;C:\Users\matea\.jdks\corretto-25.0.4.1\bin\server;C:\Users\matea\.openjfx\cache\21.0.6+3\amd64;C:\WINDOWS\System32\DriverStore\FileRepository\u0203304.inf_amd64_a6e5a337568ce3f0\B026373;C:\Users\matea\AppData\Local\Temp\jna-103668220;C:\Program Files\Common Files\Microsoft Shared\Ink;C:\WINDOWS\WinSxS\amd64_microsoft.windows.gdiplus_6595b64144ccf1df_1.1.26100.9596_none_6efa3c463dc0ac2e

VM Arguments:
jvm_args: -javaagent:C:\Program Files\JetBrains\IntelliJ IDEA 2026.2.3\lib\idea_rt.jar=64966 -Dfile.encoding=UTF-8 -Dsun.stdout.encoding=UTF-8 -Dsun.stderr.encoding=UTF-8 
java_command: com.bwxor.piejfx.Launcher
java_class_path (initial): C:\git\piejfx\piejfx\target\classes;C:\Users\matea\.m2\repository\org\openjfx\javafx-controls\21.0.6\javafx-controls-21.0.6.jar;C:\Users\matea\.m2\repository\org\openjfx\javafx-controls\21.0.6\javafx-controls-21.0.6-win.jar;C:\Users\matea\.m2\repository\org\openjfx\javafx-graphics\21.0.6\javafx-graphics-21.0.6.jar;C:\Users\matea\.m2\repository\org\openjfx\javafx-graphics\21.0.6\javafx-graphics-21.0.6-win.jar;C:\Users\matea\.m2\repository\org\openjfx\javafx-fxml\21.0.6\javafx-fxml-21.0.6.jar;C:\Users\matea\.m2\repository\org\openjfx\javafx-fxml\21.0.6\javafx-fxml-21.0.6-win.jar;C:\Users\matea\.m2\repository\org\openjfx\javafx-swing\21.0.6\javafx-swing-21.0.6.jar;C:\Users\matea\.m2\repository\org\openjfx\javafx-swing\21.0.6\javafx-swing-21.0.6-win.jar;C:\Users\matea\.m2\repository\org\controlsfx\controlsfx\11.2.1\controlsfx-11.2.1.jar;C:\Users\matea\.m2\repository\com\dlsc\formsfx\formsfx-core\11.6.0\formsfx-core-11.6.0.jar;C:\Users\matea\.m2\repository\org\openjfx\javafx-web\21.0.6\javafx-web-21.0.6.jar;C:\Users\matea\.m2\repository\org\openjfx\javafx-web\21.0.6\javafx-web-21.0.6-win.jar;C:\Users\matea\.m2\repository\org\openjfx\javafx-media\21.0.6\javafx-media-21.0.6.jar;C:\Users\matea\.m2\repository\org\openjfx\javafx-media\21.0.6\javafx-media-21.0.6-win.jar;C:\Users\matea\.m2\repository\com\bwxor\piejfx-plugin-core\1.0-SNAPSHOT\piejfx-plugin-core-1.0-SNAPSHOT.jar;C:\Users\matea\.m2\repository\org\fxmisc\richtext\richtextfx\0.11.7\richtextfx-0.11.7.jar;C:\Users\matea\.m2\repository\org\reactfx\reactfx\2.0-M5\reactfx-2.0-M5.jar;C:\Users\matea\.m2\repository\org\fxmisc\undo\undofx\2.1.1\undofx-2.1.1.jar;C:\Users\matea\.m2\repository\org\fxmisc\flowless\flowless\0.7.4\flowless-0.7.4.jar;C:\Users\matea\.m2\repository\org\fxmisc\wellbehaved\wellbehavedfx\0.3.3\wellbehavedfx-0.3.3.jar;C:\Users\matea\.m2\repository\com\techsenger\jeditermfx\jeditermfx-core\1.1.0\jeditermfx-core-1.1.0.jar;C:\Users\matea\.m2\repository\org\jetbrains\annotations\24.0.1\annotations-24.0.1.jar;C:\Users\matea\.m2\repository\org\jetbrains\kotlin\kotlin-stdlib\1.9.22\kotlin-stdlib-1.9.22.jar;C:\Users\matea\.m2\repository\org\slf4j\slf4j-api\2.0.9\slf4j-api-2.0.9.jar;C:\Users\matea\.m2\repository\com\techsenger\jeditermfx\jeditermfx-ui\1.1.0\jeditermfx-ui-1.1.0.jar;C:\Users\matea\.m2\repository\org\jetbrains\pty4j\pty4j\0.12.25\pty4j-0.12.25.jar;C:\Users\matea\.m2\repository\org\jetbrains\pty4j\purejavacomm\0.0.11.1\purejavacomm-0.0.11.1.jar;C:\Users\matea\.m2\repository\net\java\dev\jna\jna\5.13.0\jna-5.13.0.jar;C:\Users\matea\.m2\repository\org\openjfx\javafx-base\21.0.6\javafx-base-21.0.6.jar;C:\Users\matea\.m2\repository\org\openjfx\javafx-base\21.0.6\javafx-base-21.0.6-win.jar;C:\Users\matea\.m2\repository\org\json\json\20250517\json-20250517.jar;C:\Users\matea\.m2\repository\com\helger\ph-css\8.1.1\ph-css-8.1.1.jar;C:\Users\matea\.m2\repository\com\helger\commons\ph-typeconvert\12.1.0\ph-typeconvert-12.1.0.jar;C:\Users\matea\.m2\repository\com\helger\commons\ph-collection\12.1.0\ph-collection-12.1.0.jar;C:\Users\matea\.m2\repository\com\helger\commons\ph-base\12.1.0\ph-base-12.1.0.jar;C:\Users\matea\.m2\repository\com\helger\commons\ph-cache\12.1.0\ph-cache-12.1.0.jar;C:\Users\matea\.m2\repository\com\helger\commons\ph-annotations\12.1.0\ph-annotations-12.1.0.jar;C:\Users\matea\.m2\repository\org\jspecify\jspecify\1.0.0\jspecify-1.0.0.jar;C:\Users\matea\.m2\repository\com\helger\commons\ph-statistics\12.1.0\ph-statistics-12.1.0.jar;C:\Users\matea\.m2\repository\com\helger\commons\ph-io\12.1.0\ph-io-12.1.0.jar;C:\Users\matea\.m2\repository\com\helger\commons\ph-mime\12.1.0\ph-mime-12.1.0.jar;C:\Users\matea\.m2\repository\com\helger\commons\ph-text\12.1.0\ph-text-12.1.0.jar;C:\Users\matea\.m2\repository\net\harawata\appdirs\1.5.0\appdirs-1.5.0.jar;C:\Users\matea\.m2\repository\net\java\dev\jna\jna-platform\5.18.1\jna-platform-5.18.1.jar
Launcher Type: SUN_STANDARD

[Global flags]
     intx CICompilerCount                          = 12                                        {product} {ergonomic}
     uint ConcGCThreads                            = 3                                         {product} {ergonomic}
     uint G1ConcRefinementThreads                  = 13                                        {product} {ergonomic}
   size_t G1HeapRegionSize                         = 4194304                                   {product} {ergonomic}
   size_t InitialHeapSize                          = 528482304                                 {product} {ergonomic}
   size_t MarkStackSize                            = 4194304                                   {product} {ergonomic}
   size_t MarkStackSizeMax                         = 536870912                                 {product} {ergonomic}
   size_t MaxHeapSize                              = 8401190912                                {product} {ergonomic}
   size_t MaxNewSize                               = 5037359104                                {product} {ergonomic}
   size_t MinHeapDeltaBytes                        = 4194304                                   {product} {ergonomic}
   size_t MinHeapSize                              = 8388608                                   {product} {ergonomic}
    uintx NonNMethodCodeHeapSize                   = 7667712                                {pd product} {ergonomic}
    uintx NonProfiledCodeHeapSize                  = 122028032                              {pd product} {ergonomic}
    uintx ProfiledCodeHeapSize                     = 122028032                              {pd product} {ergonomic}
    uintx ReservedCodeCacheSize                    = 251723776                              {pd product} {ergonomic}
     bool SegmentedCodeCache                       = true                                      {product} {ergonomic}
   size_t SoftMaxHeapSize                          = 8401190912                             {manageable} {ergonomic}
     bool UseCompressedOops                        = true                           {product lp64_product} {ergonomic}
     bool UseG1GC                                  = true                                      {product} {ergonomic}
     bool UseLargePagesIndividualAllocation        = false                                  {pd product} {ergonomic}

Logging:
Log output configuration:
 #0: stdout all=warning uptime,level,tags foldmultilines=false
 #1: stderr all=off uptime,level,tags foldmultilines=false

Release file:
IMPLEMENTOR="Amazon.com Inc." 
IMPLEMENTOR_VERSION="Corretto-25.0.4.10.1" 
JAVA_RUNTIME_VERSION="25.0.4.1+10-LTS" 
JAVA_VERSION="25.0.4.1" 
JAVA_VERSION_DATE="2026-08-18" 
LIBC="default" 
MODULES="java.base java.compiler java.datatransfer java.xml java.prefs java.desktop java.instrument java.logging java.management java.security.sasl java.naming java.rmi java.management.rmi java.net.http java.scripting java.security.jgss java.transaction.xa java.sql java.sql.rowset java.xml.crypto java.se java.smartcardio jdk.accessibility jdk.internal.jvmstat jdk.attach jdk.charsets jdk.internal.opt jdk.zipfs jdk.compiler jdk.crypto.cryptoki jdk.crypto.ec jdk.crypto.mscapi jdk.dynalink jdk.internal.ed jdk.editpad jdk.internal.vm.ci jdk.graal.compiler jdk.graal.compiler.management jdk.hotspot.agent jdk.httpserver jdk.incubator.vector jdk.internal.le jdk.internal.md jdk.jartool jdk.javadoc jdk.jcmd jdk.management jdk.management.agent jdk.jconsole jdk.jdeps jdk.jdwp.agent jdk.jdi jdk.jfr jdk.jlink jdk.jpackage jdk.jshell jdk.jsobject jdk.jstatd jdk.localedata jdk.management.jfr jdk.naming.dns jdk.naming.rmi jdk.net jdk.nio.mapmode jdk.sctp jdk.security.auth jdk.security.jgss jdk.unsupported jdk.unsupported.desktop jdk.xml.dom" 
OS_ARCH="x86_64" 
OS_NAME="Windows" 
SOURCE="" 

Environment Variables:
JAVA_HOME=C:\Program Files\Java\jdk-27
PATH=C:\Program Files\Common Files\Oracle\Java\javapath;C:\WINDOWS\system32;C:\WINDOWS;C:\WINDOWS\System32\Wbem;C:\WINDOWS\System32\WindowsPowerShell\v1.0\;C:\WINDOWS\System32\OpenSSH\;C:\Program Files (x86)\NVIDIA Corporation\PhysX\Common;C:\Program Files\NVIDIA Corporation\NVIDIA App\NvDLISR;C:\Program Files\Git\cmd;C:\Program Files\Java\jdk-27\bin;C:\apache-maven-3.10.0\bin;C:\Users\matea\AppData\Local\Microsoft\WindowsApps;C:\Program Files\JetBrains\IntelliJ IDEA 2026.2.3\bin;C:\Users\matea\AppData\Local\Programs\keystore;
USERNAME=matea
OS=Windows_NT
PROCESSOR_IDENTIFIER=AMD64 Family 26 Model 96 Stepping 0, AuthenticAMD
TMP=C:\Users\matea\AppData\Local\Temp
TEMP=C:\Users\matea\AppData\Local\Temp




Compilation memory statistics disabled.

Periodic native trim disabled

---------------  S Y S T E M  ---------------

OS:
 Windows 11 , 64 bit Build 26100 (10.0.26100.9596)
OS uptime: 0 days 18:51 hours
Hyper-V role detected

CPU: total 16 (initial active 16) (16 cores per cpu, 2 threads per core) family 26 model 96 stepping 0 microcode 0xb600037, cx8, cmov, fxsr, ht, mmx, 3dnowpref, sse, sse2, sse3, ssse3, sse4a, sse4.1, sse4.2, popcnt, lzcnt, tsc, tscinvbit, avx, avx2, aes, erms, clmul, bmi1, bmi2, adx, avx512f, avx512dq, avx512cd, avx512bw, avx512vl, sha, fma, vzeroupper, avx512_vpopcntdq, avx512_vpclmulqdq, avx512_vaes, avx512_vnni, clflush, clflushopt, clwb, avx512_vbmi2, avx512_vbmi, hv, rdtscp, rdpid, fsrm, gfni, avx512_bitalg, f16c, cet_ss, avx512_ifma
Processor Information for the first 16 processors :
  Max Mhz: 2000, Current Mhz: 2000, Mhz Limit: 2000

Memory: 4k page, system-wide physical 32042M (14288M free)
TotalPageFile size 37162M (AvailPageFile size 14696M)
current process WorkingSet (physical memory assigned to process): 393M, peak: 415M
current process commit charge ("private bytes"): 423M, peak: 753M

vm_info: OpenJDK 64-Bit Server VM (25.0.4.1+10-LTS) for windows-amd64 JRE (25.0.4.1+10-LTS), built on 2026-09-18T17:33:34Z with MS VC++ 17.14 (VS2022)

END.
