#
# A fatal error has been detected by the Java Runtime Environment:
#
#  EXCEPTION_ACCESS_VIOLATION (0xc0000005) at pc=0x00007ffc75ec7278, pid=19736, tid=18848
#
# JRE version: OpenJDK Runtime Environment Corretto-25.0.4.10.1 (25.0.4.1+10) (build 25.0.4.1+10-LTS)
# Java VM: OpenJDK 64-Bit Server VM Corretto-25.0.4.10.1 (25.0.4.1+10-LTS, mixed mode, sharing, tiered, compressed oops, compressed class ptrs, g1 gc, windows-amd64)
# Problematic frame:
# C  0x00007ffc75ec7278
#
# No core dump will be written. Minidumps are not enabled by default on client versions of Windows
#
# If you would like to submit a bug report, please visit:
#   https://github.com/corretto/corretto-25/issues/
# The crash happened outside the Java Virtual Machine in native code.
# See problematic frame for where to report the bug.
#

---------------  S U M M A R Y ------------

Command Line: -javaagent:C:\Program Files\JetBrains\IntelliJ IDEA 2026.2.3\lib\idea_rt.jar=56077 -Dfile.encoding=UTF-8 -Dsun.stdout.encoding=UTF-8 -Dsun.stderr.encoding=UTF-8 com.bwxor.piejfx.Launcher

Host: AMD Ryzen AI 7 350 w/ Radeon 860M              , 16 cores, 31G,  Windows 11 , 64 bit Build 26100 (10.0.26100.9596)
Time: Thu Oct  8 11:21:57 2026 GTB Daylight Time elapsed time: 10.384066 seconds (0d 0h 0m 10s)

---------------  T H R E A D  ---------------

Current thread (0x000001d21e59e010):  JavaThread "JavaFX Application Thread"        [_thread_in_native, id=18848, stack(0x000000adee400000,0x000000adee500000) (1024K)]

Stack: [0x000000adee400000,0x000000adee500000],  sp=0x000000adee4fcdd0,  free space=1011k
Native frames: (J=compiled Java code, j=interpreted, Vv=VM code, C=native code)
C  0x00007ffc75ec7278  (no source info available)
C  0x000001d20746d2b3  (no source info available)

The last pc belongs to native method entry point (kind = native) (printed below).
Java frames: (J=compiled Java code, j=interpreted, Vv=VM code)
j  com.sun.javafx.font.directwrite.OS.JFXTextRendererGetGlyphOffsets(J[FI)I+0
j  com.sun.javafx.font.directwrite.JFXTextRenderer.GetGlyphOffsets([FI)I+6
j  com.sun.javafx.font.directwrite.DWGlyphLayout.renderShape([CLcom/sun/javafx/text/TextRun;Lcom/sun/javafx/font/PGFont;I)V+301
j  com.sun.javafx.font.directwrite.DWGlyphLayout.layout(Lcom/sun/javafx/text/TextRun;Lcom/sun/javafx/font/PGFont;Lcom/sun/javafx/font/FontStrike;[C)V+429
J 6512 c1 com.sun.javafx.text.PrismTextLayout.shape(Lcom/sun/javafx/text/TextRun;[CLcom/sun/javafx/text/GlyphLayout;)V (622 bytes) @ 0x000001d20098d5cc [0x000001d20098b4c0+0x000000000000210c]
J 5457 c1 com.sun.javafx.text.PrismTextLayout.layout()V (1636 bytes) @ 0x000001d2007be51c [0x000001d2007bdae0+0x0000000000000a3c]
J 6304 c1 com.sun.javafx.scene.control.skin.Utils.computeTextHeight(Ljavafx/scene/text/Font;Ljava/lang/String;DDLjavafx/scene/text/TextBoundsType;)D (92 bytes) @ 0x000001d200925acc [0x000001d200925580+0x000000000000054c]
J 6527 c1 javafx.scene.control.skin.LabeledSkinBase.computePrefHeight(DDDDD)D (311 bytes) @ 0x000001d200998b0c [0x000001d200993b40+0x0000000000004fcc]
J 6501 c1 javafx.scene.control.Control.computePrefHeight(D)D (51 bytes) @ 0x000001d200984ee4 [0x000001d200982ae0+0x0000000000002404]
J 5490 c1 javafx.scene.Parent.prefHeight(D)D (89 bytes) @ 0x000001d2007c588c [0x000001d2007c56c0+0x00000000000001cc]
J 3962 c1 javafx.scene.layout.Region.prefHeight(D)D (38 bytes) @ 0x000001d2005ecbb4 [0x000001d2005ec6a0+0x0000000000000514]
j  javafx.scene.control.skin.TableRowSkinBase.computePrefHeight(DDDDD)D+88
J 6501 c1 javafx.scene.control.Control.computePrefHeight(D)D (51 bytes) @ 0x000001d200984ee4 [0x000001d200982ae0+0x0000000000002404]
J 5490 c1 javafx.scene.Parent.prefHeight(D)D (89 bytes) @ 0x000001d2007c5a84 [0x000001d2007c56c0+0x00000000000003c4]
J 3962 c1 javafx.scene.layout.Region.prefHeight(D)D (38 bytes) @ 0x000001d2005ecbb4 [0x000001d2005ec6a0+0x0000000000000514]
J 7703 c1 javafx.scene.control.skin.VirtualFlow.resizeCell(Ljavafx/scene/control/IndexedCell;)V (102 bytes) @ 0x000001d200b41684 [0x000001d200b40e80+0x0000000000000804]
j  javafx.scene.control.skin.VirtualFlow.addTrailingCells(Z)Z+181
j  javafx.scene.control.skin.VirtualFlow.layoutChildren()V+1054
j  javafx.scene.control.skin.VirtualFlow$5.invalidated()V+166
J 6272 c1 javafx.beans.property.IntegerPropertyBase.set(I)V (76 bytes) @ 0x000001d20091c074 [0x000001d20091bb80+0x00000000000004f4]
j  javafx.scene.control.skin.VirtualFlow.setCellCount(I)V+5
j  javafx.scene.control.skin.TableViewSkinBase.updateItemCount()V+42
j  javafx.scene.control.skin.VirtualContainerBase.checkState()V+8
j  javafx.scene.control.skin.VirtualContainerBase.layoutChildren(DDDD)V+1
j  javafx.scene.control.skin.TableViewSkinBase.layoutChildren(DDDD)V+19
J 7148 c1 javafx.scene.control.Control.layoutChildren()V (91 bytes) @ 0x000001d200ab603c [0x000001d200ab2280+0x0000000000003dbc]
J 5447 c1 javafx.scene.Parent.layout()V (160 bytes) @ 0x000001d2007aeb0c [0x000001d2007ae680+0x000000000000048c]
J 5447 c1 javafx.scene.Parent.layout()V (160 bytes) @ 0x000001d2007af024 [0x000001d2007ae680+0x00000000000009a4]
J 5447 c1 javafx.scene.Parent.layout()V (160 bytes) @ 0x000001d2007af024 [0x000001d2007ae680+0x00000000000009a4]
J 5447 c1 javafx.scene.Parent.layout()V (160 bytes) @ 0x000001d2007af024 [0x000001d2007ae680+0x00000000000009a4]
J 5447 c1 javafx.scene.Parent.layout()V (160 bytes) @ 0x000001d2007af024 [0x000001d2007ae680+0x00000000000009a4]
J 6963 c1 javafx.scene.Scene.doLayoutPass()V (14 bytes) @ 0x000001d200a71734 [0x000001d200a71280+0x00000000000004b4]
J 6966 c1 javafx.scene.Scene$ScenePulseListener.pulse()V (504 bytes) @ 0x000001d200a76de4 [0x000001d200a76080+0x0000000000000d64]
J 6837 c1 com.sun.javafx.tk.Toolkit$$Lambda+0x00000000a03c0e88.run()Ljava/lang/Object; (8 bytes) @ 0x000001d200a42944 [0x000001d200a42800+0x0000000000000144]
J 6835 c1 com.sun.javafx.tk.Toolkit.runPulse(Lcom/sun/javafx/tk/TKPulseListener;Ljava/security/AccessControlContext;)V (26 bytes) @ 0x000001d200a42094 [0x000001d200a41b80+0x0000000000000514]
j  com.sun.javafx.tk.Toolkit.firePulse()V+191
j  com.sun.javafx.tk.quantum.QuantumToolkit.pulse(Z)V+93
j  com.sun.javafx.tk.quantum.QuantumToolkit.pulse()V+2
j  com.sun.javafx.tk.quantum.QuantumToolkit.pulseFromQueue()V+1
j  com.sun.javafx.tk.quantum.QuantumToolkit.lambda$runToolkit$11()V+1
j  com.sun.javafx.tk.quantum.QuantumToolkit$$Lambda+0x00000000a00ecd68.run()V+4
J 6934 c1 com.sun.glass.ui.InvokeLaterDispatcher$Future.run()V (91 bytes) @ 0x000001d200a61a94 [0x000001d200a61980+0x0000000000000114]
v  ~StubRoutines::call_stub 0x000001d2074612ed
j  com.sun.glass.ui.win.WinApplication._runLoop(Ljava/lang/Runnable;)V+0
j  com.sun.glass.ui.win.WinApplication.lambda$runLoop$3(ILjava/lang/Runnable;)V+8
j  com.sun.glass.ui.win.WinApplication$$Lambda+0x00000000a00e0680.run()V+12
j  java.lang.Thread.runWith(Ljava/lang/Object;Ljava/lang/Runnable;)V+5 java.base@25.0.4.1
j  java.lang.Thread.run()V+19 java.base@25.0.4.1
v  ~StubRoutines::call_stub 0x000001d2074612ed

siginfo: EXCEPTION_ACCESS_VIOLATION (0xc0000005), reading address 0x0000000000000000


Registers:
RAX=0x0000000000000000, RBX=0x0000000000000000, RCX=0x0000000000000000, RDX=0x0000000000000001
RSP=0x000000adee4fcdd0, RBP=0x000000adee4fcec0, RSI=0x0000000000000002, RDI=0x000001d23b0331c0
R8 =0x0000000000000002, R9 =0x0000000000000000, R10=0x0000000000000000, R11=0x000000adee4fcd90
R12=0x0000000000000000, R13=0x000001d219866ef0, R14=0x000001d21e59e458, R15=0x000001d230478230
RIP=0x00007ffc75ec7278, EFLAGS=0x0000000000010202

XMM[0]=0x0000000000000000 0x0000000000000000
XMM[1]=0x0000000000000000 0x0000000000000000
XMM[2]=0x0000000000000000 0x0000000000000000
XMM[3]=0x0000000000000000 0x0000000041500000
XMM[4]=0x0000000000000000 0x000000004b000000
XMM[5]=0x000000000000008c 0x0000000000000000
XMM[6]=0x0000000000000000 0xe8ab0ab538b19f4e
XMM[7]=0x0000000000000000 0x4ada2f5cecad55d2
XMM[8]=0x0000000000000000 0x02bd4b5c4245fb4e
XMM[9]=0x0000000000000000 0xd97849eded539294
XMM[10]=0x0000000000000000 0x0000000013db48a7
XMM[11]=0x0000000000000000 0x049196acf1e52940
XMM[12]=0x0000000000000000 0x00000000ed539294
XMM[13]=0x0000000000000000 0x0000000000000000
XMM[14]=0x0000000000000000 0x0000000000000000
XMM[15]=0x0000000000000000 0x0000000000000000
  MXCSR=0x00001faf


Register to memory mapping:

RAX=0x0 is null
RBX=0x0 is null
RCX=0x0 is null
RDX=0x0000000000000001 is an unknown value
RSP=0x000000adee4fcdd0 is pointing into the stack for thread: 0x000001d21e59e010
RBP=0x000000adee4fcec0 is pointing into the stack for thread: 0x000001d21e59e010
RSI=0x0000000000000002 is an unknown value
RDI=0x000001d23b0331c0 points into unknown readable memory: 0x0000000000000000 | 00 00 00 00 00 00 00 00
R8 =0x0000000000000002 is an unknown value
R9 =0x0 is null
R10=0x0 is null
R11=0x000000adee4fcd90 is pointing into the stack for thread: 0x000001d21e59e010
R12=0x0 is null
R13={method} {0x000001d219866ef8} 'JFXTextRendererGetGlyphOffsets' '(J[FI)I' in 'com/sun/javafx/font/directwrite/OS'
R14=0x000001d21e59e458 points into unknown readable memory: 0x00007ffc1061edc0 | c0 ed 61 10 fc 7f 00 00
R15=0x000001d230478230 points into unknown readable memory: 0x00007ffc75ecccc8 | c8 cc ec 75 fc 7f 00 00

Top of Stack: (sp=0x000000adee4fcdd0)
0x000000adee4fcdd0:   0000000000000000 0000000000000002   ................
0x000000adee4fcde0:   000001d219866ef0 000000adee4fcec0   .n........O.....
0x000000adee4fcdf0:   000001d21e59e010 000000adee4fced0   ..Y.......O.....
0x000000adee4fce00:   000001d207468c60 000001d20746d2b3   `.F.......F.....
0x000000adee4fce10:   000001d219866ef0 000000adee4fce98   .n........O.....
0x000000adee4fce20:   000000060b63d2ae 0000000000000000   ..c.............
0x000000adee4fce30:   000000ad00000000 000001d207468c60   ........`.F.....
0x000000adee4fce40:   fffffffffffffff7 0000000000000000   ................
0x000000adee4fce50:   fffffffffffffff7 0000000000000000   ................
0x000000adee4fce60:   0000000000000007 000001d2198696e0   ................
0x000000adee4fce70:   0000000000000000 000000060bdbd1f0   ................
0x000000adee4fce80:   000001d219866ef0 0000000000000000   .n..............
0x000000adee4fce90:   000000adee4fceb8 000000adee4fcf20   ..O..... .O.....
0x000000adee4fcea0:   000001d207468c60 000000060bdbd1f0   `.F.............
0x000000adee4fceb0:   000001d20746a755 0000000000000000   U.F.............
0x000000adee4fcec0:   00000007fff53080 000001d230478230   .0......0.G0....
0x000000adee4fced0:   0000000000000000 fffffffffffffff7   ................
0x000000adee4fcee0:   000001d21b9ff666 0000000000000004   f...............
0x000000adee4fcef0:   000001d21b9ff8c8 0000000000000000   ................
0x000000adee4fcf00:   00000007fff0c498 000001d21b9ff670   ........p.......
0x000000adee4fcf10:   fffffffffffffff3 000000adee4fcf30   ........0.O.....
0x000000adee4fcf20:   000000adee4fcf90 000001d207468c60   ..O.....`.F.....
0x000000adee4fcf30:   0000000000000000 00000007fff53080   .........0......
0x000000adee4fcf40:   00000007fff53038 fffffffffffffff7   80..............
0x000000adee4fcf50:   000001d219863e75 0000000000000020   u>...... .......
0x000000adee4fcf60:   000001d21a0732e8 0000000000000000   .2..............
0x000000adee4fcf70:   000000060bdbd478 000001d219863f70   x.......p?......
0x000000adee4fcf80:   fffffffffffffff4 000000adee4fd070   ........p.O.....
0x000000adee4fcf90:   000000adee4fd0e0 000001d207468b18   ..O.......F.....
0x000000adee4fcfa0:   0000000000000000 0000000000000000   ................
0x000000adee4fcfb0:   00000007fff530b0 0000000000000000   .0..............
0x000000adee4fcfc0:   0000000000000000 00000007fff53098   .........0......

Instructions: (pc=0x00007ffc75ec7278)
  0x00007ffc75ec7178:   24 68 eb 02 33 c0 48 8b 6c 24 70 0f 28 74 24 20
  0x00007ffc75ec7188:   48 83 c4 30 41 5f 41 5e 41 5d 41 5c 5e c3 cc cc
  0x00007ffc75ec7198:   cc cc cc cc cc cc cc cc 48 89 5c 24 08 48 89 6c
  0x00007ffc75ec71a8:   24 10 48 89 74 24 18 57 41 56 41 57 48 83 ec 20
  0x00007ffc75ec71b8:   49 8b e9 4d 8b f8 4c 8b f1 4d 85 c9 0f 84 ea 00
  0x00007ffc75ec71c8:   00 00 48 8b 01 45 33 c0 49 8b d1 ff 90 e8 05 00
  0x00007ffc75ec71d8:   00 48 8b f8 48 85 c0 0f 84 cf 00 00 00 8b 5c 24
  0x00007ffc75ec71e8:   60 85 db 0f 88 c3 00 00 00 49 8b cf e8 47 ac ff
  0x00007ffc75ec71f8:   ff 4d 8b 06 8b f0 48 8b d5 49 8b ce 03 f6 41 ff
  0x00007ffc75ec7208:   90 58 05 00 00 2b c3 3b c6 0f 4e f0 40 f6 c6 01
  0x00007ffc75ec7218:   0f 85 96 00 00 00 4d 8b 4f 10 48 b8 a3 8b 2e ba
  0x00007ffc75ec7228:   e8 a2 8b 2e 49 8b 4f 18 45 33 c0 45 8b 57 28 49
  0x00007ffc75ec7238:   2b c9 48 f7 e9 48 c1 fa 04 48 8b c2 48 c1 e8 3f
  0x00007ffc75ec7248:   48 03 d0 4c 3b d2 72 05 45 8b c8 eb 0c 49 63 c2
  0x00007ffc75ec7258:   48 6b c8 58 4e 8b 4c 09 20 41 8b d0 85 f6 74 32
  0x00007ffc75ec7268:   0f 1f 84 00 00 00 00 00 8b c2 41 83 c0 02 ff c2
=>0x00007ffc75ec7278:   f3 41 0f 10 04 c1 f3 41 0f 10 4c c1 04 8b c3 ff
  0x00007ffc75ec7288:   c3 f3 0f 11 04 87 f3 0f 11 0c 9f ff c3 44 3b c6
  0x00007ffc75ec7298:   72 d6 4d 8b 16 45 33 c9 4c 8b c7 48 8b d5 49 8b
  0x00007ffc75ec72a8:   ce 41 ff 92 28 06 00 00 8b c6 eb 02 33 c0 48 8b
  0x00007ffc75ec72b8:   5c 24 40 48 8b 6c 24 48 48 8b 74 24 50 48 83 c4
  0x00007ffc75ec72c8:   20 41 5f 41 5e 5f c3 cc 4d 8b 48 10 48 b8 a3 8b
  0x00007ffc75ec72d8:   2e ba e8 a2 8b 2e 49 8b 48 18 45 8b 50 28 49 2b
  0x00007ffc75ec72e8:   c9 48 f7 e9 48 c1 fa 04 48 8b c2 48 c1 e8 3f 48
  0x00007ffc75ec72f8:   03 d0 4c 3b d2 72 03 33 c0 c3 49 63 c2 48 6b c8
  0x00007ffc75ec7308:   58 42 8b 44 09 40 c3 cc 4d 8b 48 10 48 b8 a3 8b
  0x00007ffc75ec7318:   2e ba e8 a2 8b 2e 49 8b 48 18 45 8b 50 28 49 2b
  0x00007ffc75ec7328:   c9 48 f7 e9 48 c1 fa 04 48 8b c2 48 c1 e8 3f 48
  0x00007ffc75ec7338:   03 d0 4c 3b d2 72 03 33 c0 c3 49 63 c2 48 6b c8
  0x00007ffc75ec7348:   58 42 8b 44 09 50 c3 cc 41 8b 40 2c c3 cc cc cc
  0x00007ffc75ec7358:   cc cc cc cc cc cc cc cc 41 ff 40 28 48 b8 a3 8b
  0x00007ffc75ec7368:   2e ba e8 a2 8b 2e 49 8b 48 18 49 2b 48 10 45 8b


Stack slot to memory mapping:

stack at sp + 0 slots: 0x0 is null
stack at sp + 1 slots: 0x0000000000000002 is an unknown value
stack at sp + 2 slots: {method} {0x000001d219866ef8} 'JFXTextRendererGetGlyphOffsets' '(J[FI)I' in 'com/sun/javafx/font/directwrite/OS'
stack at sp + 3 slots: 0x000000adee4fcec0 is pointing into the stack for thread: 0x000001d21e59e010
stack at sp + 4 slots: 0x000001d21e59e010 is a thread
stack at sp + 5 slots: 0x000000adee4fced0 is pointing into the stack for thread: 0x000001d21e59e010
stack at sp + 6 slots: 0x000001d207468c60 is at code_begin+1600 in an Interpreter codelet
return entry points  [0x000001d207468620, 0x000001d207469298]  3192 bytes
stack at sp + 7 slots: 0x000001d20746d2b3 is at code_begin+979 in an Interpreter codelet
native method entry point (kind = native)  [0x000001d20746cee0, 0x000001d20746dae0]  3072 bytes

Lock stack of current Java thread (top to bottom):

native method entry point (kind = native)  [0x000001d20746cee0, 0x000001d20746dae0]  3072 bytes
[MachCode]
  0x000001d20746cee0: 488b 4b08 | 0fb7 492e | 584c 8d74 | ccf8 6800 | 0000 0068 | 0000 0000 | 5055 488b | ec41 5548 
  0x000001d20746cf00: 8b43 084c | 8d68 3848 | 8b40 0868 | 0000 0000 | 5348 8b50 | 1848 8b52 | 7048 8b12 | 5248 8b53 
  0x000001d20746cf20: 1048 85d2 | 7407 4881 | c2d0 0000 | 0052 488b | 5010 5249 | 8bc6 482b | c548 c1e8 | 0350 6800 
  0x000001d20746cf40: 0000 0068 | f7ff ffff | 41c6 87f1 | 0400 0001 | 488b 4310 | 4885 c074 | 208b 8890 | 0000 0083 
  0x000001d20746cf60: c102 8988 | 9000 0000 | 2388 a400 | 0000 0f84 | b80a 0000 | e9cf 0000 | 0048 8b43 | 1848 85c0 
  0x000001d20746cf80: 0f85 b000 | 0000 e805 | 0000 00e9 | 9900 0000 | 488b d348 | 8d44 2408 | 4c89 6dc0 | 498b cfc5 
  0x000001d20746cfa0: f877 4989 | af38 0400 | 0049 8987 | 2804 0000 | 4883 ec20 | 40f6 c40f | 0f84 1900 | 0000 4883 
  0x000001d20746cfc0: ec08 48b8 | 60d5 ce0f | fc7f 0000 | ffd0 4883 | c408 e90c | 0000 0048 | b860 d5ce | 0ffc 7f00 
  0x000001d20746cfe0: 00ff d048 | 83c4 2049 | c787 2804 | 0000 0000 | 0000 49c7 | 8738 0400 | 0000 0000 | 0049 c787 
  0x000001d20746d000: 3004 0000 | 0000 0000 | c5f8 7749 | 837f 0800 | 0f84 0500 | 0000 e9c5 | 41ff ff4c | 8b6d c04c 
  0x000001d20746d020: 8b75 c84e | 8d74 f500 | c348 8b43 | 1848 85c0 | 0f84 1200 | 0000 8b48 | 0883 c102 | 8948 0823 
  0x000001d20746d040: 482c 0f84 | e409 0000 | 493b a770 | 0500 000f | 8748 0000 | 0089 8424 | 00f0 ffff | 8984 2400 
  0x000001d20746d060: e0ff ff89 | 8424 00d0 | ffff 8984 | 2400 c0ff | ff89 8424 | 00b0 ffff | 8984 2400 | a0ff ff89 
  0x000001d20746d080: 8424 0090 | ffff 8984 | 2400 80ff | ff49 3ba7 | 6805 0000 | 7607 4989 | a770 0500 | 0041 c687 
  0x000001d20746d0a0: f104 0000 | 0048 8b5d | e84c 8b5b | 0845 0fb7 | 5b2e 41c1 | e303 492b | e348 83ec | 2048 83e4 
  0x000001d20746d0c0: f04c 8b5b | 604d 85db | 0f85 ab00 | 0000 e805 | 0000 00e9 | 9900 0000 | 488b d348 | 8d44 2408 
  0x000001d20746d0e0: 4c89 6dc0 | 498b cfc5 | f877 4989 | af38 0400 | 0049 8987 | 2804 0000 | 4883 ec20 | 40f6 c40f 
  0x000001d20746d100: 0f84 1900 | 0000 4883 | ec08 48b8 | c0ff ce0f | fc7f 0000 | ffd0 4883 | c408 e90c | 0000 0048 
  0x000001d20746d120: b8c0 ffce | 0ffc 7f00 | 00ff d048 | 83c4 2049 | c787 2804 | 0000 0000 | 0000 49c7 | 8738 0400 
  0x000001d20746d140: 0000 0000 | 0049 c787 | 3004 0000 | 0000 0000 | c5f8 7749 | 837f 0800 | 0f84 0500 | 0000 e97d 
  0x000001d20746d160: 40ff ff4c | 8b6d c04c | 8b75 c84e | 8d74 f500 | c348 8b5d | e84c 8b5b | 6041 ffd3 | 488b 5de8 
  0x000001d20746d180: 4889 4518 | 440f b75b | 2c41 f6c3 | 080f 841b | 0000 004c | 8b5b 084d | 8b5b 084d | 8b5b 184d 
  0x000001d20746d1a0: 8b5b 704d | 8b1b 4c89 | 5d10 488d | 5510 488b | 4358 49ba | f005 0a10 | fc7f 0000 | 493b c20f 
  0x000001d20746d1c0: 85ab 0000 | 00e8 0500 | 0000 e999 | 0000 0048 | 8bd3 488d | 4424 084c | 896d c049 | 8bcf c5f8 
  0x000001d20746d1e0: 7749 89af | 3804 0000 | 4989 8728 | 0400 0048 | 83ec 2040 | f6c4 0f0f | 8419 0000 | 0048 83ec 
  0x000001d20746d200: 0848 b8c0 | ffce 0ffc | 7f00 00ff | d048 83c4 | 08e9 0c00 | 0000 48b8 | c0ff ce0f | fc7f 0000 
  0x000001d20746d220: ffd0 4883 | c420 49c7 | 8728 0400 | 0000 0000 | 0049 c787 | 3804 0000 | 0000 0000 | 49c7 8730 
  0x000001d20746d240: 0400 0000 | 0000 00c5 | f877 4983 | 7f08 000f | 8405 0000 | 00e9 863f | ffff 4c8b | 6dc0 4c8b 
  0x000001d20746d260: 75c8 4e8d | 74f5 00c3 | 488b 5de8 | 488b 4358 | 498d 8f48 | 0400 004c | 8d15 d500 | 0000 4d89 
  0x000001d20746d280: 9730 0400 | 00c5 f877 | 4989 af38 | 0400 0049 | 89a7 2804 | 0000 41c7 | 87d4 0400 | 0004 0000 
  0x000001d20746d2a0: 0049 3ba7 | c805 0000 | 7607 4989 | a7c8 0500 | 00ff d049 | 3ba7 c805 | 0000 720b | 49c7 87c8 
  0x000001d20746d2c0: 0500 0000 | 0000 00c5 | f877 4883 | ec10 c5fb | 1104 2448 | 83ec 1048 | 8904 2448 | c744 2408 
  0x000001d20746d2e0: 0000 0000 | 41c7 87d4 | 0400 0005 | 0000 00f0 | 8344 24c0 | 0049 3b6f | 280f 870e | 0000 0041 
  0x000001d20746d300: 83bf d004 | 0000 000f | 8420 0000 | 0049 8bcf | 4c8b e448 | 83ec 2048 | 83e4 f048 | b8d0 6ad0 
  0x000001d20746d320: 0ffc 7f00 | 00ff d049 | 8be4 4d33 | e441 c787 | d404 0000 | 0800 0000 | 4d8b 97f0 | 0500 0049 
  0x000001d20746d340: 83fa 0074 | 3549 c787 | f005 0000 | 0000 0000 | 41ff e249 | ba60 be46 | 07d2 0100 | 0041 ffd2 
  0x000001d20746d360: 4883 ec10 | c5fb 1104 | 2448 83ec | 1048 8904 | 2448 c744 | 2408 0000 | 0000 49c7 | 8728 0400 
  0x000001d20746d380: 0000 0000 | 0049 c787 | 3804 0000 | 0000 0000 | 49c7 8730 | 0400 0000 | 0000 00c5 | f877 4d8b 
  0x000001d20746d3a0: 9fb8 0400 | 0041 c783 | 0001 0000 | 0000 0000 | 49bb 5aa7 | 4607 d201 | 0000 4c3b | 5d18 0f85 
  0x000001d20746d3c0: 5b02 0000 | 488b 0424 | 4883 c410 | 4885 c00f | 8435 0200 | 00a8 030f | 8508 0000 | 0048 8b00 
  0x000001d20746d3e0: e925 0200 | 00a8 010f | 8509 0000 | 0048 8b40 | fee9 1402 | 0000 488b | 40ff 4180 | 7f48 000f 
  0x000001d20746d400: 8405 0200 | 0048 83f8 | 000f 84fb | 0100 004d | 8b5f 384d | 85db 0f84 | 1400 0000 | 4983 eb08 
  0x000001d20746d420: 4d89 5f38 | 4d03 5f40 | 4989 03e9 | da01 0000 | 4881 ecf0 | 0000 0048 | 8904 2448 | 894c 2408 
  0x000001d20746d440: 4889 5424 | 104c 8944 | 2418 4c89 | 4c24 204c | 8954 2428 | 4c89 5c24 | 30c5 fb11 | 4424 40c5 
  0x000001d20746d460: fb11 4c24 | 48c5 fb11 | 5424 50c5 | fb11 5c24 | 58c5 fb11 | 6424 60c5 | fb11 6c24 | 6862 e1ff 
  0x000001d20746d480: 0811 4424 | 0e62 e1ff | 0811 4c24 | 0f62 e1ff | 0811 5424 | 1062 e1ff | 0811 5c24 | 1162 e1ff 
  0x000001d20746d4a0: 0811 6424 | 1262 e1ff | 0811 6c24 | 1362 e1ff | 0811 7424 | 1462 e1ff | 0811 7c24 | 1562 61ff 
  0x000001d20746d4c0: 0811 4424 | 1662 61ff | 0811 4c24 | 1762 61ff | 0811 5424 | 1862 61ff | 0811 5c24 | 1962 61ff 
  0x000001d20746d4e0: 0811 6424 | 1a62 61ff | 0811 6c24 | 1b62 61ff | 0811 7424 | 1c62 61ff | 0811 7c24 | 1d49 8bd7 
  0x000001d20746d500: 488b c848 | 83ec 2040 | f6c4 0f0f | 8419 0000 | 0048 83ec | 0848 b850 | 19c3 0ffc | 7f00 00ff 
  0x000001d20746d520: d048 83c4 | 08e9 0c00 | 0000 48b8 | 5019 c30f | fc7f 0000 | ffd0 4883 | c420 6261 | ff08 107c 
  0x000001d20746d540: 241d 6261 | ff08 1074 | 241c 6261 | ff08 106c | 241b 6261 | ff08 1064 | 241a 6261 | ff08 105c 
  0x000001d20746d560: 2419 6261 | ff08 1054 | 2418 6261 | ff08 104c | 2417 6261 | ff08 1044 | 2416 62e1 | ff08 107c 
  0x000001d20746d580: 2415 62e1 | ff08 1074 | 2414 62e1 | ff08 106c | 2413 62e1 | ff08 1064 | 2412 62e1 | ff08 105c 
  0x000001d20746d5a0: 2411 62e1 | ff08 1054 | 2410 62e1 | ff08 104c | 240f 62e1 | ff08 1044 | 240e c5fb | 106c 2468 
  0x000001d20746d5c0: c5fb 1064 | 2460 c5fb | 105c 2458 | c5fb 1054 | 2450 c5fb | 104c 2448 | c5fb 1044 | 2440 4c8b 
  0x000001d20746d5e0: 5c24 304c | 8b54 2428 | 4c8b 4c24 | 204c 8b44 | 2418 488b | 5424 1048 | 8b4c 2408 | 488b 0424 
  0x000001d20746d600: 4881 c4f0 | 0000 00c5 | f877 4889 | 4510 4883 | ec10 4889 | 0424 48c7 | 4424 0800 | 0000 0041 
  0x000001d20746d620: 83bf 5005 | 0000 020f | 85bf 0000 | 0048 81ec | 8000 0000 | 4889 4424 | 7848 894c | 2470 4889 
  0x000001d20746d640: 5424 6848 | 895c 2460 | 4889 6c24 | 5048 8974 | 2448 4889 | 7c24 404c | 8944 2438 | 4c89 4c24 
  0x000001d20746d660: 304c 8954 | 2428 4c89 | 5c24 204c | 8964 2418 | 4c89 6c24 | 104c 8974 | 2408 4c89 | 3c24 4c8b 
  0x000001d20746d680: e448 83ec | 2048 83e4 | f048 b800 | ed09 10fc | 7f00 00ff | d049 8be4 | 4c8b 3c24 | 4c8b 7424 
  0x000001d20746d6a0: 084c 8b6c | 2410 4c8b | 6424 184c | 8b5c 2420 | 4c8b 5424 | 284c 8b4c | 2430 4c8b | 4424 3848 
  0x000001d20746d6c0: 8b7c 2440 | 488b 7424 | 4848 8b6c | 2450 488b | 5c24 6048 | 8b54 2468 | 488b 4c24 | 7048 8b44 
  0x000001d20746d6e0: 2478 4881 | c480 0000 | 004d 33e4 | 488b 5de8 | 4c8b 6b08 | 4d8d 6d38 | 4983 7f08 | 000f 84bb 
  0x000001d20746d700: 0000 00e8 | 0500 0000 | e996 0000 | 0048 8d44 | 2408 4c89 | 6dc0 498b | cfc5 f877 | 4989 af38 
  0x000001d20746d720: 0400 0049 | 8987 2804 | 0000 4883 | ec20 40f6 | c40f 0f84 | 1900 0000 | 4883 ec08 | 48b8 101f 
  0x000001d20746d740: cf0f fc7f | 0000 ffd0 | 4883 c408 | e90c 0000 | 0048 b810 | 1fcf 0ffc | 7f00 00ff | d048 83c4 
  0x000001d20746d760: 2049 c787 | 2804 0000 | 0000 0000 | 49c7 8738 | 0400 0000 | 0000 0049 | c787 3004 | 0000 0000 
  0x000001d20746d780: 0000 c5f8 | 7749 837f | 0800 0f84 | 0500 0000 | e94b 3aff | ff4c 8b6d | c04c 8b75 | c84e 8d74 
  0x000001d20746d7a0: f500 c348 | b9a0 013c | 10fc 7f00 | 0048 83e4 | f048 b810 | 5cf6 0ffc | 7f00 00ff | d0f4 440f 
  0x000001d20746d7c0: b75b 2c41 | f6c3 200f | 8472 0100 | 0048 8d55 | a84c 8b5a | 084d 85db | 0f85 bb00 | 0000 e805 
  0x000001d20746d7e0: 0000 00e9 | 9600 0000 | 488d 4424 | 084c 896d | c049 8bcf | c5f8 7749 | 89af 3804 | 0000 4989 
  0x000001d20746d800: 8728 0400 | 0048 83ec | 2040 f6c4 | 0f0f 8419 | 0000 0048 | 83ec 0848 | b840 1ecf | 0ffc 7f00 
  0x000001d20746d820: 00ff d048 | 83c4 08e9 | 0c00 0000 | 48b8 401e | cf0f fc7f | 0000 ffd0 | 4883 c420 | 49c7 8728 
  0x000001d20746d840: 0400 0000 | 0000 0049 | c787 3804 | 0000 0000 | 0000 49c7 | 8730 0400 | 0000 0000 | 00c5 f877 
  0x000001d20746d860: 4983 7f08 | 000f 8405 | 0000 00e9 | 7039 ffff | 4c8b 6dc0 | 4c8b 75c8 | 4e8d 74f5 | 00c3 48b9 
  0x000001d20746d880: a001 3c10 | fc7f 0000 | 4883 e4f0 | 48b8 105c | f60f fc7f | 0000 ffd0 | f44c 896d | c04c 8b4a 
  0x000001d20746d8a0: 0848 c742 | 0800 0000 | 0045 8b87 | d806 0000 | 4f3b 4c07 | f80f 8542 | 0000 0041 | 83af d806 
  0x000001d20746d8c0: 0000 084f | 3b4c 07f0 | 0f84 2a00 | 0000 498b | 01a8 020f | 8512 0000 | 004c 8bc0 | 4983 c801 
  0x000001d20746d8e0: f04d 0fb1 | 010f 840d | 0000 0041 | 8387 d806 | 0000 08e9 | 0500 0000 | e93e 0000 | 004c 894a 
  0x000001d20746d900: 0848 8bca | 4883 ec20 | 40f6 c40f | 0f84 1900 | 0000 4883 | ec08 48b8 | c0ee ce0f | fc7f 0000 
  0x000001d20746d920: ffd0 4883 | c408 e90c | 0000 0048 | b8c0 eece | 0ffc 7f00 | 00ff d048 | 83c4 204c | 8b6d c041 
  0x000001d20746d940: c687 9603 | 0000 0149 | 3b6f 280f | 8705 0000 | 00e9 ab00 | 0000 4883 | ec10 c5fb | 1104 2448 
  0x000001d20746d960: 83ec 1048 | 8904 2448 | c744 2408 | 0000 0000 | c5f8 7749 | 89af 3804 | 0000 49ba | 70d9 4607 
  0x000001d20746d980: d201 0000 | 4d89 9730 | 0400 0049 | 89a7 2804 | 0000 498b | cf48 83ec | 2040 f6c4 | 0f0f 8419 
  0x000001d20746d9a0: 0000 0048 | 83ec 0848 | b8f0 d4ce | 0ffc 7f00 | 00ff d048 | 83c4 08e9 | 0c00 0000 | 48b8 f0d4 
  0x000001d20746d9c0: ce0f fc7f | 0000 ffd0 | 4883 c420 | 49c7 8728 | 0400 0000 | 0000 0049 | c787 3804 | 0000 0000 
  0x000001d20746d9e0: 0000 49c7 | 8730 0400 | 0000 0000 | 00c5 f877 | 488b 0424 | 4883 c410 | c5fb 1004 | 2448 83c4 
  0x000001d20746da00: 1048 8b04 | 2448 83c4 | 10c5 fb10 | 0424 4883 | c410 4c8b | 5d18 41ff | d34c 8b5d | f8c9 41c6 
  0x000001d20746da20: 8796 0300 | 0000 5f49 | 8be3 ffe7 | ba00 0000 | 00e8 0500 | 0000 e996 | 0000 0048 | 8d44 2408 
  0x000001d20746da40: 4c89 6dc0 | 498b cfc5 | f877 4989 | af38 0400 | 0049 8987 | 2804 0000 | 4883 ec20 | 40f6 c40f 
  0x000001d20746da60: 0f84 1900 | 0000 4883 | ec08 48b8 | a0e4 ce0f | fc7f 0000 | ffd0 4883 | c408 e90c | 0000 0048 
  0x000001d20746da80: b8a0 e4ce | 0ffc 7f00 | 00ff d048 | 83c4 2049 | c787 2804 | 0000 0000 | 0000 49c7 | 8738 0400 
  0x000001d20746daa0: 0000 0000 | 0049 c787 | 3004 0000 | 0000 0000 | c5f8 7749 | 837f 0800 | 0f84 0500 | 0000 e91d 
  0x000001d20746dac0: 37ff ff4c | 8b6d c04c | 8b75 c84e | 8d74 f500 | c348 8b5d | e8e9 6ef5 | ffff 660f | 1f44 0000 
[/MachCode]

Compiled method (c1) 10490 6512       3       com.sun.javafx.text.PrismTextLayout::shape (622 bytes)
 total in heap  [0x000001d20098b388,0x000001d20098dda0] = 10776
 constants      [0x000001d20098b480,0x000001d20098b4c0] = 64
 main code      [0x000001d20098b4c0,0x000001d20098dc28] = 10088
 stub code      [0x000001d20098dc28,0x000001d20098dd90] = 360
 oops           [0x000001d20098dd90,0x000001d20098dda0] = 16
 mutable data [0x000001d232c5bef0,0x000001d232c5c3b0] = 1216
 relocation     [0x000001d232c5bef0,0x000001d232c5c260] = 880
 metadata       [0x000001d232c5c260,0x000001d232c5c3b0] = 336
 immutable data [0x000001d231d7d3b0,0x000001d231d7e158] = 3496
 dependencies   [0x000001d231d7d3b0,0x000001d231d7d420] = 112
 nul chk table  [0x000001d231d7d420,0x000001d231d7d528] = 264
 scopes pcs     [0x000001d231d7d528,0x000001d231d7dab8] = 1424
 scopes data    [0x000001d231d7dab8,0x000001d231d7e158] = 1696


[Constant Pool]
             Address          hex4                    hex8      
  0x000001d20098b480:   0x00000000      0x0000000000000000      
  0x000001d20098b484:   0x00000000                              
  0x000001d20098b488:   0x9999999a      0x3fe999999999999a      
  0x000001d20098b48c:   0x3fe99999                              
  0x000001d20098b490:   0x00000000      0x3fe8000000000000      
  0x000001d20098b494:   0x3fe80000                              
  0x000001d20098b498:   0x00000000      0x3fe8000000000000      
  0x000001d20098b49c:   0x3fe80000                              
  0x000001d20098b4a0:   0x00000000      0x3fe8000000000000      
  0x000001d20098b4a4:   0x3fe80000                              
  0x000001d20098b4a8:   0x00000000      0x3fe8000000000000      
  0x000001d20098b4ac:   0x3fe80000                              
  0x000001d20098b4b0:   0x00000000      0x0000000000000000      
  0x000001d20098b4b4:   0x00000000                              
  0x000001d20098b4b8:   0xf4f4f4f4      0xf4f4f4f4f4f4f4f4      
  0x000001d20098b4bc:   0xf4f4f4f4                              

[MachCode]
[Instructions begin]
  0x000001d20098b4c0: ;   {other}
  0x000001d20098b4c0: 660f 1f84 | 0000 0000 | 0066 0f1f | 8400 0000 | 0000 448b | 5208 443b 

  0x000001d20098b4d8: ;   {runtime_call Shared Runtime ic_miss_blob}
  0x000001d20098b4d8: 5008 0f85 | 0038 b206 
[Verified Entry Point]
  0x000001d20098b4e0: 8984 2400 | 80ff ff55 | 4881 ec20 | 0100 0090 | 4181 7f20 | 0700 0000 

  0x000001d20098b4f8: ;   {runtime_call Stub::method_entry_barrier}
  0x000001d20098b4f8: 7405 e8e1 | b0b0 0648 | 8954 2478 | 4c89 8424 | 8000 0000 

  0x000001d20098b50c: ;   {metadata(method data for {method} {0x000001d219c87f18} 'shape' '(Lcom/sun/javafx/text/TextRun;[CLcom/sun/javafx/text/GlyphLayout;)V' in 'com/sun/javafx/text/PrismTextLayout')}
  0x000001d20098b50c: 48be 50b8 | 2f1b d201 | 0000 8b9e | 9000 0000 | 83c3 0289 | 9e90 0000 | 0081 e3fe | 0700 0085 
  0x000001d20098b52c: db0f 846f | 2100 008b | 722c 48c1 | e603 4885 

  0x000001d20098b53c: ;   {metadata(method data for {method} {0x000001d219c87f18} 'shape' '(Lcom/sun/javafx/text/TextRun;[CLcom/sun/javafx/text/GlyphLayout;)V' in 'com/sun/javafx/text/PrismTextLayout')}
  0x000001d20098b53c: f648 bb50 | b82f 1bd2 | 0100 00b8 | d800 0000 | 7405 b8e8 | 0000 0048 | 8b0c 0348 | 8d49 0148 
  0x000001d20098b55c: 890c 030f | 84a1 0600 | 008b 760c 

  0x000001d20098b568: ;   {metadata(method data for {method} {0x000001d219c87f18} 'shape' '(Lcom/sun/javafx/text/TextRun;[CLcom/sun/javafx/text/GlyphLayout;)V' in 'com/sun/javafx/text/PrismTextLayout')}
  0x000001d20098b568: 85f6 48be | 50b8 2f1b | d201 0000 | bb08 0100 | 0074 05bb | f800 0000 | 488b 041e | 488d 4001 
  0x000001d20098b588: 4889 041e | 0f84 fd20 | 0000 4889 | bc24 9000 | 0000 4c89 | 8c24 8800 | 0000 493b | 0049 8bf0 
  0x000001d20098b5a8: ;   {metadata(method data for {method} {0x000001d219c87f18} 'shape' '(Lcom/sun/javafx/text/TextRun;[CLcom/sun/javafx/text/GlyphLayout;)V' in 'com/sun/javafx/text/PrismTextLayout')}
  0x000001d20098b5a8: 48bb 50b8 | 2f1b d201 | 0000 4883 | 8328 0100 | 0001 418b | 704c 48c1 | e603 4889 | 7424 7048 
  0x000001d20098b5c8: 3b06 488b 

  0x000001d20098b5cc: ;   {metadata(method data for {method} {0x000001d219c87f18} 'shape' '(Lcom/sun/javafx/text/TextRun;[CLcom/sun/javafx/text/GlyphLayout;)V' in 'com/sun/javafx/text/PrismTextLayout')}
  0x000001d20098b5cc: de48 b850 | b82f 1bd2 | 0100 008b | 5b08 41ba | 0000 009f | 4903 da48 | 3b98 5001 | 0000 750d 
  0x000001d20098b5ec: 4883 8058 | 0100 0001 | e960 0000 | 0048 3b98 | 6001 0000 | 750d 4883 | 8068 0100 | 0001 e94a 
  0x000001d20098b60c: 0000 0048 | 83b8 5001 | 0000 0075 | 1748 8998 | 5001 0000 | 48c7 8058 | 0100 0001 | 0000 00e9 
  0x000001d20098b62c: 2900 0000 | 4883 b860 | 0100 0000 | 7517 4889 | 9860 0100 | 0048 c780 | 6801 0000 | 0100 0000 
  0x000001d20098b64c: e908 0000 | 0048 8380 | 4801 0000 | 0148 8bd6 | 9048 b800 | 5d6d 31d2 

  0x000001d20098b664: ;   {virtual_call}
  0x000001d20098b664: 0100 00e8 

  0x000001d20098b668: ; ImmutableOopMap {[112]=Oop [120]=Oop [128]=Oop [136]=Oop [144]=Oop }
                      ;*invokeinterface getFont {reexecute=0 rethrow=0 return_oop=0}
                      ; - com.sun.javafx.text.PrismTextLayout::shape@24 (line 832)
  0x000001d20098b668: 7440 b206 

  0x000001d20098b66c: ;   {post_call_nop}
  0x000001d20098b66c: 0f1f 8400 | e402 0000 

  0x000001d20098b674: ;   {metadata(method data for {method} {0x000001d219c87f18} 'shape' '(Lcom/sun/javafx/text/TextRun;[CLcom/sun/javafx/text/GlyphLayout;)V' in 'com/sun/javafx/text/PrismTextLayout')}
  0x000001d20098b674: 4885 c048 | bf50 b82f | 1bd2 0100 | 0075 0c80 | 8f71 0100 | 0001 e9c1 | 0000 008b | 5808 41ba 
  0x000001d20098b694: 0000 009f | 4903 da48 | 3b9f 8001 | 0000 750d | 4883 8788 | 0100 0001 | e960 0000 | 0048 3b9f 
  0x000001d20098b6b4: 9001 0000 | 750d 4883 | 8798 0100 | 0001 e94a | 0000 0048 | 83bf 8001 | 0000 0075 | 1748 899f 
  0x000001d20098b6d4: 8001 0000 | 48c7 8788 | 0100 0001 | 0000 00e9 | 2900 0000 | 4883 bf90 | 0100 0000 | 7517 4889 
  0x000001d20098b6f4: 9f90 0100 | 0048 c787 | 9801 0000 | 0100 0000 | e908 0000 | 0048 8387 | 7801 0000 

  0x000001d20098b710: ;   {metadata('com/sun/javafx/font/PGFont')}
  0x000001d20098b710: 0148 bb88 | 730f a000 | 0000 008b | 7808 41ba | 0000 009f | 4903 fa48 | 3b5f 200f | 841f 0000 
  0x000001d20098b730: 0048 3bfb | 0f84 1600 | 0000 5753 

  0x000001d20098b73c: ;   {runtime_call C1 Runtime slow_subtype_check_blob}
  0x000001d20098b73c: e81f f3bf | 065f 5f85 | ff0f 8487 | 1f00 00e9 | 0000 0000 | 488b f048 

  0x000001d20098b754: ;   {metadata(method data for {method} {0x000001d219c87f18} 'shape' '(Lcom/sun/javafx/text/TextRun;[CLcom/sun/javafx/text/GlyphLayout;)V' in 'com/sun/javafx/text/PrismTextLayout')}
  0x000001d20098b754: 85f6 48ba | 50b8 2f1b | d201 0000 | bfa8 0100 | 0075 05bf | b801 0000 | 488b 1c3a | 488d 5b01 
  0x000001d20098b774: 4889 1c3a | 0f85 2203 | 0000 488b | 7424 7048 

  0x000001d20098b784: ;   {metadata(method data for {method} {0x000001d219c87f18} 'shape' '(Lcom/sun/javafx/text/TextRun;[CLcom/sun/javafx/text/GlyphLayout;)V' in 'com/sun/javafx/text/PrismTextLayout')}
  0x000001d20098b784: 8bd6 48bf | 50b8 2f1b | d201 0000 | 8b52 0841 | ba00 0000 | 9f49 03d2 | 483b 97d0 | 0100 0075 
  0x000001d20098b7a4: 0d48 8387 | d801 0000 | 01e9 6000 | 0000 483b | 97e0 0100 | 0075 0d48 | 8387 e801 | 0000 01e9 
  0x000001d20098b7c4: 4a00 0000 | 4883 bfd0 | 0100 0000 | 7517 4889 | 97d0 0100 | 0048 c787 | d801 0000 | 0100 0000 
  0x000001d20098b7e4: e929 0000 | 0048 83bf | e001 0000 | 0075 1748 | 8997 e001 | 0000 48c7 | 87e8 0100 | 0001 0000 
  0x000001d20098b804: 00e9 0800 | 0000 4883 | 87c8 0100 | 0001 488b | d648 b828 | 5d6d 31d2 

  0x000001d20098b81c: ;   {virtual_call}
  0x000001d20098b81c: 0100 00e8 

  0x000001d20098b820: ; ImmutableOopMap {[112]=Oop [128]=Oop }
                      ;*invokeinterface getBounds {reexecute=0 rethrow=0 return_oop=0}
                      ; - com.sun.javafx.text.PrismTextLayout::shape@41 (line 834)
  0x000001d20098b820: bc3e b206 

  0x000001d20098b824: ;   {post_call_nop}
  0x000001d20098b824: 0f1f 8400 | 9c04 0001 | 488b 7424 

  0x000001d20098b830: ;   {metadata(method data for {method} {0x000001d219c87f18} 'shape' '(Lcom/sun/javafx/text/TextRun;[CLcom/sun/javafx/text/GlyphLayout;)V' in 'com/sun/javafx/text/PrismTextLayout')}
  0x000001d20098b830: 7048 ba50 | b82f 1bd2 | 0100 008b | 7608 41ba | 0000 009f | 4903 f248 | 3bb2 0002 | 0000 750d 
  0x000001d20098b850: 4883 8208 | 0200 0001 | e960 0000 | 0048 3bb2 | 1002 0000 | 750d 4883 | 8218 0200 | 0001 e94a 
  0x000001d20098b870: 0000 0048 | 83ba 0002 | 0000 0075 | 1748 89b2 | 0002 0000 | 48c7 8208 | 0200 0001 | 0000 00e9 
  0x000001d20098b890: 2900 0000 | 4883 ba10 | 0200 0000 | 7517 4889 | b210 0200 | 0048 c782 | 1802 0000 | 0100 0000 
  0x000001d20098b8b0: e908 0000 | 0048 8382 | f801 0000 | 0148 8b54 | 2470 4889 | 8424 9800 | 0000 6666 | 9048 b850 
  0x000001d20098b8d0: 5d6d 31d2 

  0x000001d20098b8d4: ;   {virtual_call}
  0x000001d20098b8d4: 0100 00e8 

  0x000001d20098b8d8: ; ImmutableOopMap {[128]=Oop [152]=Oop }
                      ;*invokeinterface getText {reexecute=0 rethrow=0 return_oop=0}
                      ; - com.sun.javafx.text.PrismTextLayout::shape@53 (line 835)
  0x000001d20098b8d8: 043e b206 

  0x000001d20098b8dc: ;   {post_call_nop}
  0x000001d20098b8dc: 0f1f 8400 | 5405 0002 

  0x000001d20098b8e4: ; implicit exception: dispatches to 0x000001d20098d6db
  0x000001d20098b8e4: 483b 004c 

  0x000001d20098b8e8: ;   {metadata(method data for {method} {0x000001d219c87f18} 'shape' '(Lcom/sun/javafx/text/TextRun;[CLcom/sun/javafx/text/GlyphLayout;)V' in 'com/sun/javafx/text/PrismTextLayout')}
  0x000001d20098b8e8: 8bc0 48ba | 50b8 2f1b | d201 0000 | 458b 4008 | 41ba 0000 | 009f 4d03 | c24c 3b82 | 3002 0000 
  0x000001d20098b908: 750d 4883 | 8238 0200 | 0001 e960 | 0000 004c | 3b82 4002 | 0000 750d | 4883 8248 | 0200 0001 
  0x000001d20098b928: e94a 0000 | 0048 83ba | 3002 0000 | 0075 174c | 8982 3002 | 0000 48c7 | 8238 0200 | 0001 0000 
  0x000001d20098b948: 00e9 2900 | 0000 4883 | ba40 0200 | 0000 7517 | 4c89 8240 | 0200 0048 | c782 4802 | 0000 0100 
  0x000001d20098b968: 0000 e908 | 0000 0048 | 8382 2802 

  0x000001d20098b974: ;   {metadata(method data for {method} {0x000000009f187d60} 'length' '()I' in 'java/lang/String')}
  0x000001d20098b974: 0000 0149 | b8e0 f100 | 19d2 0100 | 0041 8b90 | 9000 0000 | 83c2 0241 | 8990 9000 | 0000 81e2 
  0x000001d20098b994: feff 1f00 | 85d2 0f84 | 401d 0000 | 448b 4014 | 49c1 e003 

  0x000001d20098b9a8: ; implicit exception: dispatches to 0x000001d20098d701
  0x000001d20098b9a8: 418b 700c 

  0x000001d20098b9ac: ;   {metadata(method data for {method} {0x000000009f187d60} 'length' '()I' in 'java/lang/String')}
  0x000001d20098b9ac: 4c8b c048 | bae0 f100 | 19d2 0100 | 0045 8b40 | 0841 ba00 | 0000 9f4d | 03c2 4c3b | 82e0 0000 
  0x000001d20098b9cc: 0075 0d48 | 8382 e800 | 0000 01e9 | 6000 0000 | 4c3b 82f0 | 0000 0075 | 0d48 8382 | f800 0000 
  0x000001d20098b9ec: 01e9 4a00 | 0000 4883 | bae0 0000 | 0000 7517 | 4c89 82e0 | 0000 0048 | c782 e800 | 0000 0100 
  0x000001d20098ba0c: 0000 e929 | 0000 0048 | 83ba f000 | 0000 0075 | 174c 8982 | f000 0000 | 48c7 82f8 | 0000 0001 
  0x000001d20098ba2c: 0000 00e9 | 0800 0000 | 4883 82d8 | 0000 0001 

  0x000001d20098ba3c: ;   {metadata(method data for {method} {0x000000009f4adaf8} 'coder' '()B' in 'java/lang/String')}
  0x000001d20098ba3c: 49b8 a0f0 | 0019 d201 | 0000 418b | 9090 0000 | 0083 c202 | 4189 9090 | 0000 0081 | e2fe ff1f 
  0x000001d20098ba5c: 0085 d20f | 84a1 1c00 

  0x000001d20098ba64: ;   {metadata(method data for {method} {0x000000009f4adaf8} 'coder' '()B' in 'java/lang/String')}
  0x000001d20098ba64: 0049 b8a0 | f000 19d2 | 0100 0041 | ff80 e800 | 0000 440f 

  0x000001d20098ba78: ;   {metadata(method data for {method} {0x000000009f4adaf8} 'coder' '()B' in 'java/lang/String')}
  0x000001d20098ba78: be40 1048 | baa0 f000 | 19d2 0100 | 00ff 82f8 | 0000 0041 | c1e0 1841 | c1f8 1848 | 8bbc 2480 
  0x000001d20098ba98: 0000 00e9 | 901b 0000 | 4885 f60f | 8425 0000 

  0x000001d20098baa8: ;   {metadata('com/sun/javafx/font/PrismFont')}
  0x000001d20098baa8: 0048 bb88 | ac0f a000 | 0000 008b | 7e08 41ba | 0000 009f | 4903 fa48 | 3b5f 380f | 855e 1c00 
  0x000001d20098bac8: 00e9 0000 | 0000 4c8b | c648 3b06 

  0x000001d20098bad4: ;   {metadata(method data for {method} {0x000001d219c87f18} 'shape' '(Lcom/sun/javafx/text/TextRun;[CLcom/sun/javafx/text/GlyphLayout;)V' in 'com/sun/javafx/text/PrismTextLayout')}
  0x000001d20098bad4: 4c8b c648 | ba50 b82f | 1bd2 0100 | 0048 8382 | 9802 0000 

  0x000001d20098bae8: ;   {metadata(method data for {method} {0x000001d219879bf0} 'getStrike' '(Lcom/sun/javafx/geom/transform/BaseTransform;)Lcom/sun/javafx/font/FontStrike;' in 'com/sun/javafx/font/PrismFont')}
  0x000001d20098bae8: 0149 b868 | fe59 1ad2 | 0100 0041 | 8b90 9000 | 0000 83c2 | 0241 8990 | 9000 0000 | 81e2 feff 
  0x000001d20098bb08: 1f00 85d2 | 0f84 1f1c | 0000 8b56 | 1c48 c1e2 | 03c5 fa10 | 460c 483b | 024c 8bc2 

  0x000001d20098bb24: ;   {metadata(method data for {method} {0x000001d219879bf0} 'getStrike' '(Lcom/sun/javafx/geom/transform/BaseTransform;)Lcom/sun/javafx/font/FontStrike;' in 'com/sun/javafx/font/PrismFont')}
  0x000001d20098bb24: 48bf 68fe | 591a d201 | 0000 458b | 4008 41ba | 0000 009f | 4d03 c24c | 3b87 e000 | 0000 750d 
  0x000001d20098bb44: 4883 87e8 | 0000 0001 | e960 0000 | 004c 3b87 | f000 0000 | 750d 4883 | 87f8 0000 | 0001 e94a 
  0x000001d20098bb64: 0000 0048 | 83bf e000 | 0000 0075 | 174c 8987 | e000 0000 | 48c7 87e8 | 0000 0001 | 0000 00e9 
  0x000001d20098bb84: 2900 0000 | 4883 bff0 | 0000 0000 | 7517 4c89 | 87f0 0000 | 0048 c787 | f800 0000 | 0100 0000 
  0x000001d20098bba4: e908 0000 | 0048 8387 | d800 0000 

  0x000001d20098bbb0: ;   {oop(a 'com/sun/javafx/geom/transform/Identity'{0x000000060b545dd0})}
  0x000001d20098bbb0: 0149 b8d0 | 5d54 0b06 | 0000 0048 | 89b4 24a0 | 0000 0066 | 9048 b878 | 5d6d 31d2 

  0x000001d20098bbcc: ;   {virtual_call}
  0x000001d20098bbcc: 0100 00e8 

  0x000001d20098bbd0: ; ImmutableOopMap {[120]=Oop [128]=Oop [136]=Oop [144]=Oop [160]=Oop }
                      ;*invokeinterface getStrike {reexecute=0 rethrow=0 return_oop=0}
                      ; - com.sun.javafx.font.PrismFont::getStrike@9 (line 79)
                      ; - com.sun.javafx.text.PrismTextLayout::shape@70 (line 838)
  0x000001d20098bbd0: 0c3b b206 

  0x000001d20098bbd4: ;   {post_call_nop}
  0x000001d20098bbd4: 0f1f 8400 | 4c08 0003 

  0x000001d20098bbdc: ;   {metadata(method data for {method} {0x000001d219c87f18} 'shape' '(Lcom/sun/javafx/text/TextRun;[CLcom/sun/javafx/text/GlyphLayout;)V' in 'com/sun/javafx/text/PrismTextLayout')}
  0x000001d20098bbdc: 48ba 50b8 | 2f1b d201 | 0000 ff82 | b802 0000 | 488b b424 | a000 0000 | 4c8b 8424 | 8000 0000 
  0x000001d20098bbfc: 488b 5424 | 78e9 2900 | 0000 4889 | bc24 9000 | 0000 4c89 | 8c24 8800 | 0000 8b72 | 3048 c1e6 
  0x000001d20098bc1c: 038b 7a34 | 48c1 e703 | 488b c74c | 8b84 2480 | 0000 0049 | 3b00 498b 

  0x000001d20098bc34: ;   {metadata(method data for {method} {0x000001d219c87f18} 'shape' '(Lcom/sun/javafx/text/TextRun;[CLcom/sun/javafx/text/GlyphLayout;)V' in 'com/sun/javafx/text/PrismTextLayout')}
  0x000001d20098bc34: f848 bb50 | b82f 1bd2 | 0100 0048 | 8383 e002 | 0000 01c4 | c17a 1040 

  0x000001d20098bc4c: ;   {section_word}
  0x000001d20098bc4c: 20c5 fa10 | 0d2b f8ff | ffc5 f82e | c1bf ffff | ffff 0f8a | 1400 0000 | 0f82 0e00 | 0000 bf00 
  0x000001d20098bc6c: 0000 000f | 8403 0000 | 0048 ffc7 

  0x000001d20098bc78: ;   {metadata(method data for {method} {0x000001d219c87f18} 'shape' '(Lcom/sun/javafx/text/TextRun;[CLcom/sun/javafx/text/GlyphLayout;)V' in 'com/sun/javafx/text/PrismTextLayout')}
  0x000001d20098bc78: 85ff 48bf | 50b8 2f1b | d201 0000 | bb10 0300 | 0074 05bb | 0003 0000 | 488b 0c1f | 488d 4901 
  0x000001d20098bc98: 4889 0c1f | 4889 b424 | a800 0000 | 0f84 0d00 | 0000 4889 | 8424 b000 | 0000 e918 | 0900 0048 
  0x000001d20098bcb8: 3b00 488b 

  0x000001d20098bcbc: ;   {metadata(method data for {method} {0x000001d219c87f18} 'shape' '(Lcom/sun/javafx/text/TextRun;[CLcom/sun/javafx/text/GlyphLayout;)V' in 'com/sun/javafx/text/PrismTextLayout')}
  0x000001d20098bcbc: f848 bb50 | b82f 1bd2 | 0100 008b | 7f08 41ba | 0000 009f | 4903 fa48 | 3bbb 2803 | 0000 750d 
  0x000001d20098bcdc: 4883 8330 | 0300 0001 | e960 0000 | 0048 3bbb | 3803 0000 | 750d 4883 | 8340 0300 | 0001 e94a 
  0x000001d20098bcfc: 0000 0048 | 83bb 2803 | 0000 0075 | 1748 89bb | 2803 0000 | 48c7 8330 | 0300 0001 | 0000 00e9 
  0x000001d20098bd1c: 2900 0000 | 4883 bb38 | 0300 0000 | 7517 4889 | bb38 0300 | 0048 c783 | 4003 0000 | 0100 0000 
  0x000001d20098bd3c: e908 0000 | 0048 8383 | 2003 0000 | 0148 8bd0 | 4889 8424 | b000 0000 | 9048 b8a0 | 5d6d 31d2 
  0x000001d20098bd5c: ;   {virtual_call}
  0x000001d20098bd5c: 0100 00e8 

  0x000001d20098bd60: ; ImmutableOopMap {[120]=Oop [128]=Oop [136]=Oop [144]=Oop [168]=Oop [176]=Oop }
                      ;*invokeinterface getMetrics {reexecute=0 rethrow=0 return_oop=0}
                      ; - com.sun.javafx.text.PrismTextLayout::shape@103 (line 846)
  0x000001d20098bd60: ae6b 1800 

  0x000001d20098bd64: ;   {post_call_nop}
  0x000001d20098bd64: 0f1f 8400 | dc09 0004 | 4889 8424 | b800 0000 | 488b 5424 | 788b 7220 | 81e6 0040 | 0000 81fe 
  0x000001d20098bd84: 0040 0000 

  0x000001d20098bd88: ;   {metadata(method data for {method} {0x000001d219c87f18} 'shape' '(Lcom/sun/javafx/text/TextRun;[CLcom/sun/javafx/text/GlyphLayout;)V' in 'com/sun/javafx/text/PrismTextLayout')}
  0x000001d20098bd88: 48be 50b8 | 2f1b d201 | 0000 bf50 | 0300 0075 | 05bf 6003 | 0000 488b | 1c3e 488d | 5b01 4889 
  0x000001d20098bda8: 1c3e 0f85 | e206 0000 | 488b b424 | a800 0000 | 4885 c00f | 8425 0000 

  0x000001d20098bdc0: ;   {metadata('com/sun/javafx/font/PrismMetrics')}
  0x000001d20098bdc0: 0049 b830 | 3a30 a000 | 0000 008b | 4808 41ba | 0000 009f | 4903 ca4c | 3b41 380f | 8580 1900 
  0x000001d20098bde0: 00e9 0000 | 0000 488b | f848 3b00 

  0x000001d20098bdec: ;   {metadata(method data for {method} {0x000001d219c87f18} 'shape' '(Lcom/sun/javafx/text/TextRun;[CLcom/sun/javafx/text/GlyphLayout;)V' in 'com/sun/javafx/text/PrismTextLayout')}
  0x000001d20098bdec: 488b f848 | bb50 b82f | 1bd2 0100 | 0048 8383 | 8003 0000 | 01c5 fa10 | 400c 4885 | f60f 8425 
  0x000001d20098be0c: ;   {metadata('com/sun/javafx/font/PrismFont')}
  0x000001d20098be0c: 0000 0049 | b888 ac0f | a000 0000 | 008b 4e08 | 41ba 0000 | 009f 4903 | ca4c 3b41 | 380f 853c 
  0x000001d20098be2c: 1900 00e9 | 0000 0000 | 488b fe48 | 3b06 488b 

  0x000001d20098be3c: ;   {metadata(method data for {method} {0x000001d219c87f18} 'shape' '(Lcom/sun/javafx/text/TextRun;[CLcom/sun/javafx/text/GlyphLayout;)V' in 'com/sun/javafx/text/PrismTextLayout')}
  0x000001d20098be3c: fe48 bb50 | b82f 1bd2 | 0100 0048 | 8383 b003 

  0x000001d20098be4c: ;   {metadata(method data for {method} {0x000001d2198798c8} 'getFamilyName' '()Ljava/lang/String;' in 'com/sun/javafx/font/PrismFont')}
  0x000001d20098be4c: 0000 0148 | bf90 e682 | 1bd2 0100 | 008b 9f90 | 0000 0083 | c302 899f | 9000 0000 | 81e3 feff 
  0x000001d20098be6c: 1f00 85db | 0f84 ff18 | 0000 8b7e | 1c48 c1e7 | 0348 3b07 

  0x000001d20098be80: ;   {metadata(method data for {method} {0x000001d2198798c8} 'getFamilyName' '()Ljava/lang/String;' in 'com/sun/javafx/font/PrismFont')}
  0x000001d20098be80: 488b df48 | b990 e682 | 1bd2 0100 | 008b 5b08 | 41ba 0000 | 009f 4903 | da48 3b99 | e000 0000 
  0x000001d20098bea0: 750d 4883 | 81e8 0000 | 0001 e960 | 0000 0048 | 3b99 f000 | 0000 750d | 4883 81f8 | 0000 0001 
  0x000001d20098bec0: e94a 0000 | 0048 83b9 | e000 0000 | 0075 1748 | 8999 e000 | 0000 48c7 | 81e8 0000 | 0001 0000 
  0x000001d20098bee0: 00e9 2900 | 0000 4883 | b9f0 0000 | 0000 7517 | 4889 99f0 | 0000 0048 | c781 f800 | 0000 0100 
  0x000001d20098bf00: 0000 e908 | 0000 0048 | 8381 d800 | 0000 0148 | 8bd7 4889 | b424 a800 | 0000 c5fa | 1184 24ec 
  0x000001d20098bf20: 0000 0066 | 9048 b8c8 | 5d6d 31d2 

  0x000001d20098bf2c: ;   {virtual_call}
  0x000001d20098bf2c: 0100 00e8 

  0x000001d20098bf30: ; ImmutableOopMap {[120]=Oop [128]=Oop [136]=Oop [144]=Oop [168]=Oop [176]=Oop [184]=Oop }
                      ;*invokeinterface getFamilyName {reexecute=0 rethrow=0 return_oop=0}
                      ; - com.sun.javafx.font.PrismFont::getFamilyName@4 (line 51)
                      ; - com.sun.javafx.text.PrismTextLayout::shape@135 (line 859)
  0x000001d20098bf30: 5ef3 1100 

  0x000001d20098bf34: ;   {post_call_nop}
  0x000001d20098bf34: 0f1f 8400 | ac0b 0005 

  0x000001d20098bf3c: ; implicit exception: dispatches to 0x000001d20098d79b
  0x000001d20098bf3c: 483b 004c 

  0x000001d20098bf40: ;   {metadata(method data for {method} {0x000001d219c87f18} 'shape' '(Lcom/sun/javafx/text/TextRun;[CLcom/sun/javafx/text/GlyphLayout;)V' in 'com/sun/javafx/text/PrismTextLayout')}
  0x000001d20098bf40: 8bc0 48ba | 50b8 2f1b | d201 0000 | 458b 4008 | 41ba 0000 | 009f 4d03 | c24c 3b82 | d803 0000 
  0x000001d20098bf60: 750d 4883 | 82e0 0300 | 0001 e960 | 0000 004c | 3b82 e803 | 0000 750d | 4883 82f0 | 0300 0001 
  0x000001d20098bf80: e94a 0000 | 0048 83ba | d803 0000 | 0075 174c | 8982 d803 | 0000 48c7 | 82e0 0300 | 0001 0000 
  0x000001d20098bfa0: 00e9 2900 | 0000 4883 | bae8 0300 | 0000 7517 | 4c89 82e8 | 0300 0048 | c782 f003 | 0000 0100 
  0x000001d20098bfc0: 0000 e908 | 0000 0048 | 8382 d003 

  0x000001d20098bfcc: ;   {oop("Segoe UI"{0x000000060c0a5e28})}
  0x000001d20098bfcc: 0000 0149 | b828 5e0a | 0c06 0000 | 0048 8bd0 

  0x000001d20098bfdc: ;   {optimized virtual_call}
  0x000001d20098bfdc: 6666 90e8 

  0x000001d20098bfe0: ; ImmutableOopMap {[120]=Oop [128]=Oop [136]=Oop [144]=Oop [168]=Oop [176]=Oop [184]=Oop }
                      ;*invokevirtual equals {reexecute=0 rethrow=0 return_oop=0}
                      ; - com.sun.javafx.text.PrismTextLayout::shape@143 (line 859)
  0x000001d20098bfe0: 2ccf 3107 

  0x000001d20098bfe4: ;   {post_call_nop}
  0x000001d20098bfe4: 0f1f 8400 | 5c0c 0006 

  0x000001d20098bfec: ;   {metadata(method data for {method} {0x000001d219c87f18} 'shape' '(Lcom/sun/javafx/text/TextRun;[CLcom/sun/javafx/text/GlyphLayout;)V' in 'com/sun/javafx/text/PrismTextLayout')}
  0x000001d20098bfec: 85c0 48ba | 50b8 2f1b | d201 0000 | be00 0400 | 0074 05be | 1004 0000 | 488b 3c32 | 488d 7f01 
  0x000001d20098c00c: 4889 3c32 | c5fa 1084 | 24ec 0000 | 000f 8410 | 0000 00c5 

  0x000001d20098c020: ;   {section_word}
  0x000001d20098c020: fa5a c0c5 | fb59 055d | f4ff ffc5 | fb5a c048 | 8b84 24b8 | 0000 00c5 

  0x000001d20098c038: ;   {section_word}
  0x000001d20098c038: fa5a c0c5 | fb5c 054d | f4ff ffc5 | fb2c d081 | fa00 0000 | 8075 0f48 | 83ec 08c5 | fb11 0424 
  0x000001d20098c058: ;   {runtime_call Stub::d2i_fixup}
  0x000001d20098c058: e81a 54ad | 065a c5f2 | 2aca 4885 | c00f 8425 

  0x000001d20098c068: ;   {metadata('com/sun/javafx/font/PrismMetrics')}
  0x000001d20098c068: 0000 0048 | bb30 3a30 | a000 0000 | 008b 7808 | 41ba 0000 | 009f 4903 | fa48 3b5f | 380f 8515 
  0x000001d20098c088: 1700 00e9 | 0000 0000 | 488b d048 

  0x000001d20098c094: ;   {metadata(method data for {method} {0x000001d219c87f18} 'shape' '(Lcom/sun/javafx/text/TextRun;[CLcom/sun/javafx/text/GlyphLayout;)V' in 'com/sun/javafx/text/PrismTextLayout')}
  0x000001d20098c094: 8bd0 48be | 50b8 2f1b | d201 0000 | 4883 8630 | 0400 0001 | c5fa 1040 | 10c5 fa5a 

  0x000001d20098c0b0: ;   {section_word}
  0x000001d20098c0b0: c0c5 fb58 | 05df f3ff | ffc5 fb2c | d081 fa00 | 0000 8075 | 0f48 83ec | 08c5 fb11 

  0x000001d20098c0cc: ;   {runtime_call Stub::d2i_fixup}
  0x000001d20098c0cc: 0424 e8a4 | 53ad 065a | c5ea 2ad2 | 4885 c00f | 8425 0000 

  0x000001d20098c0e0: ;   {metadata('com/sun/javafx/font/PrismMetrics')}
  0x000001d20098c0e0: 0048 bb30 | 3a30 a000 | 0000 008b | 7808 41ba | 0000 009f | 4903 fa48 | 3b5f 380f | 85a4 1600 
  0x000001d20098c100: 00e9 0000 | 0000 488b | d048 8bd0 

  0x000001d20098c10c: ;   {metadata(method data for {method} {0x000001d219c87f18} 'shape' '(Lcom/sun/javafx/text/TextRun;[CLcom/sun/javafx/text/GlyphLayout;)V' in 'com/sun/javafx/text/PrismTextLayout')}
  0x000001d20098c10c: 48be 50b8 | 2f1b d201 | 0000 4883 | 8660 0400 | 0001 c5fa | 1040 14c5 

  0x000001d20098c124: ;   {section_word}
  0x000001d20098c124: fa5a c0c5 | fb58 0571 | f3ff ffc5 | fb2c d081 | fa00 0000 | 8075 0f48 | 83ec 08c5 | fb11 0424 
  0x000001d20098c144: ;   {runtime_call Stub::d2i_fixup}
  0x000001d20098c144: e82e 53ad | 065a c5e2 | 2ada 4885 | c00f 8425 

  0x000001d20098c154: ;   {metadata('com/sun/javafx/font/PrismMetrics')}
  0x000001d20098c154: 0000 0048 | bb30 3a30 | a000 0000 | 008b 7808 | 41ba 0000 | 009f 4903 | fa48 3b5f | 380f 8533 
  0x000001d20098c174: 1600 00e9 | 0000 0000 | 488b d048 

  0x000001d20098c180: ;   {metadata(method data for {method} {0x000001d219c87f18} 'shape' '(Lcom/sun/javafx/text/TextRun;[CLcom/sun/javafx/text/GlyphLayout;)V' in 'com/sun/javafx/text/PrismTextLayout')}
  0x000001d20098c180: 8bd0 48be | 50b8 2f1b | d201 0000 | 4883 8690 | 0400 0001 

  0x000001d20098c194: ;   {metadata(method data for {method} {0x000001d21a0794a8} 'getCapHeight' '()F' in 'com/sun/javafx/font/PrismMetrics')}
  0x000001d20098c194: 48ba 7084 | 851b d201 | 0000 8bb2 | 9000 0000 | 83c6 0289 | b290 0000 | 0081 e6fe | ff1f 0085 
  0x000001d20098c1b4: f60f 84f4 | 1500 0048 

  0x000001d20098c1bc: ;   {metadata(method data for {method} {0x000001d21a0794a8} 'getCapHeight' '()F' in 'com/sun/javafx/font/PrismMetrics')}
  0x000001d20098c1bc: 8bd0 48be | 7084 851b | d201 0000 | 4883 86d8 | 0000 0001 

  0x000001d20098c1d0: ;   {metadata(method data for {method} {0x000001d21a079208} 'checkStyleMetrics' '()V' in 'com/sun/javafx/font/PrismMetrics')}
  0x000001d20098c1d0: 48ba b885 | 851b d201 | 0000 8bb2 | 9000 0000 | 83c6 0289 | b290 0000 | 0081 e6fe | ff1f 0085 
  0x000001d20098c1f0: f60f 84d9 | 1500 008b | 5020 48c1 | e203 4885 

  0x000001d20098c200: ;   {metadata(method data for {method} {0x000001d21a079208} 'checkStyleMetrics' '()V' in 'com/sun/javafx/font/PrismMetrics')}
  0x000001d20098c200: d248 bab8 | 8585 1bd2 | 0100 00be | e800 0000 | 7405 bed8 | 0000 0048 | 8b3c 3248 | 8d7f 0148 
  0x000001d20098c220: 893c 32c5 | fa11 9c24 | f800 0000 | c5fa 1194 | 24f4 0000 | 00c5 fa11 | 8c24 f000 | 0000 0f84 
  0x000001d20098c240: 0800 0000 | 488b d0e9 | e400 0000 | 8b50 1c48 | c1e2 03c5 | fa10 4018 

  0x000001d20098c258: ; implicit exception: dispatches to 0x000001d20098d7f1
  0x000001d20098c258: 483b 0248 

  0x000001d20098c25c: ;   {metadata(method data for {method} {0x000001d21a079208} 'checkStyleMetrics' '()V' in 'com/sun/javafx/font/PrismMetrics')}
  0x000001d20098c25c: 8bf2 48bf | b885 851b | d201 0000 | 8b76 0841 | ba00 0000 | 9f49 03f2 | 483b b700 | 0100 0075 
  0x000001d20098c27c: 0d48 8387 | 0801 0000 | 01e9 6000 | 0000 483b | b710 0100 | 0075 0d48 | 8387 1801 | 0000 01e9 
  0x000001d20098c29c: 4a00 0000 | 4883 bf00 | 0100 0000 | 7517 4889 | b700 0100 | 0048 c787 | 0801 0000 | 0100 0000 
  0x000001d20098c2bc: e929 0000 | 0048 83bf | 1001 0000 | 0075 1748 | 89b7 1001 | 0000 48c7 | 8718 0100 | 0001 0000 
  0x000001d20098c2dc: 00e9 0800 | 0000 4883 | 87f8 0000 | 0001 0f1f 

  0x000001d20098c2ec: ;   {optimized virtual_call}
  0x000001d20098c2ec: 4400 00e8 

  0x000001d20098c2f0: ; ImmutableOopMap {[120]=Oop [128]=Oop [136]=Oop [144]=Oop [168]=Oop [176]=Oop [184]=Oop }
                      ;*invokevirtual getStyleMetrics {reexecute=0 rethrow=0 return_oop=0}
                      ; - com.sun.javafx.font.PrismMetrics::checkStyleMetrics@16 (line 78)
                      ; - com.sun.javafx.font.PrismMetrics::getCapHeight@1 (line 102)
                      ; - com.sun.javafx.text.PrismTextLayout::shape@204 (line 865)
  0x000001d20098c2f0: ec2e b206 

  0x000001d20098c2f4: ;   {post_call_nop}
  0x000001d20098c2f4: 0f1f 8400 | 6c0f 0007 | 410f be57 | 4885 d248 | 8b94 24b8 | 0000 000f | 85e5 1400 | 004c 8bd0 
  0x000001d20098c314: 49c1 ea03 | 4489 5220 | 488b f248 | 33f0 48c1 | ee16 4883 | fe00 0f85 | e514 0000 | 8b52 2048 
  0x000001d20098c334: c1e2 0383 | 7a0c 010f | 86f6 1400 | 00c5 fa10 | 4214 c5fa | 1094 24f4 | 0000 00c5 

  0x000001d20098c350: ;   {section_word}
  0x000001d20098c350: fa5a c0c5 | fb58 054d | f1ff ffc5 | fb2c d081 | fa00 0000 | 8075 0f48 | 83ec 08c5 | fb11 0424 
  0x000001d20098c370: ;   {runtime_call Stub::d2i_fixup}
  0x000001d20098c370: e802 51ad | 065a c5fa | 2ac2 c5fa | 108c 24f0 

  0x000001d20098c380: ;   {external_word}
  0x000001d20098c380: 0000 0049 | bad0 b967 | 10fc 7f00 | 00c4 c170 | 570a c5f2 | 5cc8 c5f8 | 2eca baff | ffff ff0f 
  0x000001d20098c3a0: 8a14 0000 | 000f 820e | 0000 00ba | 0000 0000 | 0f84 0300 | 0000 48ff 

  0x000001d20098c3b8: ;   {metadata(method data for {method} {0x000001d219c87f18} 'shape' '(Lcom/sun/javafx/text/TextRun;[CLcom/sun/javafx/text/GlyphLayout;)V' in 'com/sun/javafx/text/PrismTextLayout')}
  0x000001d20098c3b8: c285 d248 | ba50 b82f | 1bd2 0100 | 00be b004 | 0000 7e05 | bec0 0400 | 0048 8b3c | 3248 8d7f 
  0x000001d20098c3d8: 0148 893c | 320f 8e1e 

  0x000001d20098c3e0: ;   {metadata(method data for {method} {0x000001d219c87f18} 'shape' '(Lcom/sun/javafx/text/TextRun;[CLcom/sun/javafx/text/GlyphLayout;)V' in 'com/sun/javafx/text/PrismTextLayout')}
  0x000001d20098c3e0: 0000 0048 | ba50 b82f | 1bd2 0100 | 00ff 82d0 | 0400 00c5 | fa10 8424 | f000 0000 | e91d 0000 
  0x000001d20098c400: 00c5 fa10 | 8424 f000 | 0000 c5f2 | 5cca c5f8 | 28d9 c5e2 | 58d8 c5f8 | 28ca c5f8 | 28c3 c5fa 
  0x000001d20098c420: 109c 24f8 | 0000 004c | 8b84 2480 | 0000 0049 

  0x000001d20098c430: ;   {metadata(method data for {method} {0x000001d219c87f18} 'shape' '(Lcom/sun/javafx/text/TextRun;[CLcom/sun/javafx/text/GlyphLayout;)V' in 'com/sun/javafx/text/PrismTextLayout')}
  0x000001d20098c430: 8bd0 48be | 50b8 2f1b | d201 0000 | 4883 86f8 | 0400 0001 

  0x000001d20098c444: ;   {metadata(method data for {method} {0x000001d21a070888} 'setMetrics' '(FFF)V' in 'com/sun/javafx/text/TextRun')}
  0x000001d20098c444: 48ba d091 | 851b d201 | 0000 8bb2 | 9000 0000 | 83c6 0289 | b290 0000 | 0081 e6fe | ff1f 0085 
  0x000001d20098c464: f60f 84de | 1300 00c4 | c17a 1140 | 20c4 c17a | 1148 24c4 | c17a 1158 

  0x000001d20098c47c: ;   {metadata(method data for {method} {0x000001d219c87f18} 'shape' '(Lcom/sun/javafx/text/TextRun;[CLcom/sun/javafx/text/GlyphLayout;)V' in 'com/sun/javafx/text/PrismTextLayout')}
  0x000001d20098c47c: 2848 ba50 | b82f 1bd2 | 0100 00ff | 8218 0500 | 00e9 3d01 | 0000 4c8b | 8424 8000 | 0000 488b 
  0x000001d20098c49c: d048 85d2 | 0f84 2500 

  0x000001d20098c4a4: ;   {metadata('com/sun/javafx/font/PrismMetrics')}
  0x000001d20098c4a4: 0000 48b8 | 303a 30a0 | 0000 0000 | 8b5a 0841 | ba00 0000 | 9f49 03da | 483b 4338 | 0f85 a413 
  0x000001d20098c4c4: 0000 e900 | 0000 0048 | 8bf2 483b | 0248 8bc2 

  0x000001d20098c4d4: ;   {metadata(method data for {method} {0x000001d219c87f18} 'shape' '(Lcom/sun/javafx/text/TextRun;[CLcom/sun/javafx/text/GlyphLayout;)V' in 'com/sun/javafx/text/PrismTextLayout')}
  0x000001d20098c4d4: 48be 50b8 | 2f1b d201 | 0000 4883 | 8640 0500 | 0001 c5fa | 1042 0c48 | 85d2 0f84 | 2500 0000 
  0x000001d20098c4f4: ;   {metadata('com/sun/javafx/font/PrismMetrics')}
  0x000001d20098c4f4: 48b8 303a | 30a0 0000 | 0000 8b5a | 0841 ba00 | 0000 9f49 | 03da 483b | 4338 0f85 | 6013 0000 
  0x000001d20098c514: e900 0000 | 0048 8bf2 

  0x000001d20098c51c: ;   {metadata(method data for {method} {0x000001d219c87f18} 'shape' '(Lcom/sun/javafx/text/TextRun;[CLcom/sun/javafx/text/GlyphLayout;)V' in 'com/sun/javafx/text/PrismTextLayout')}
  0x000001d20098c51c: 488b c248 | be50 b82f | 1bd2 0100 | 0048 8386 | 7005 0000 | 01c5 fa10 | 4a10 4885 | d20f 8425 
  0x000001d20098c53c: ;   {metadata('com/sun/javafx/font/PrismMetrics')}
  0x000001d20098c53c: 0000 0048 | b830 3a30 | a000 0000 | 008b 5a08 | 41ba 0000 | 009f 4903 | da48 3b43 | 380f 851a 
  0x000001d20098c55c: 1300 00e9 | 0000 0000 | 488b f248 

  0x000001d20098c568: ;   {metadata(method data for {method} {0x000001d219c87f18} 'shape' '(Lcom/sun/javafx/text/TextRun;[CLcom/sun/javafx/text/GlyphLayout;)V' in 'com/sun/javafx/text/PrismTextLayout')}
  0x000001d20098c568: 8bc2 48be | 50b8 2f1b | d201 0000 | 4883 86a0 | 0500 0001 | c5fa 1052 | 1449 8bd0 

  0x000001d20098c584: ;   {metadata(method data for {method} {0x000001d219c87f18} 'shape' '(Lcom/sun/javafx/text/TextRun;[CLcom/sun/javafx/text/GlyphLayout;)V' in 'com/sun/javafx/text/PrismTextLayout')}
  0x000001d20098c584: 48be 50b8 | 2f1b d201 | 0000 4883 | 86d0 0500 

  0x000001d20098c594: ;   {metadata(method data for {method} {0x000001d21a070888} 'setMetrics' '(FFF)V' in 'com/sun/javafx/text/TextRun')}
  0x000001d20098c594: 0001 48ba | d091 851b | d201 0000 | 8bb2 9000 | 0000 83c6 | 0289 b290 | 0000 0081 | e6fe ff1f 
  0x000001d20098c5b4: 0085 f60f | 84c1 1200 | 00c4 c17a | 1140 20c4 | c17a 1148 | 24c4 c17a | 1150 2849 

  0x000001d20098c5d0: ;   {metadata(method data for {method} {0x000001d219c87f18} 'shape' '(Lcom/sun/javafx/text/TextRun;[CLcom/sun/javafx/text/GlyphLayout;)V' in 'com/sun/javafx/text/PrismTextLayout')}
  0x000001d20098c5d0: 8bd0 48be | 50b8 2f1b | d201 0000 | 4883 8600 | 0600 0001 

  0x000001d20098c5e4: ;   {metadata(method data for {method} {0x000001d21a06ae28} 'isTab' '()Z' in 'com/sun/javafx/text/TextRun')}
  0x000001d20098c5e4: 48ba d0c3 | 2f1b d201 | 0000 8bb2 | 9000 0000 | 83c6 0289 | b290 0000 | 0081 e6fe | ff1f 0085 
  0x000001d20098c604: f60f 8494 | 1200 0041 | 8b50 2c48 | 8bf2 83e6 

  0x000001d20098c614: ;   {metadata(method data for {method} {0x000001d21a06ae28} 'isTab' '()Z' in 'com/sun/javafx/text/TextRun')}
  0x000001d20098c614: 0185 f648 | bed0 c32f | 1bd2 0100 | 00bf d800 | 0000 7405 | bfe8 0000 | 0048 8b1c | 3e48 8d5b 
  0x000001d20098c634: 0148 891c | 3e0f 841a 

  0x000001d20098c63c: ;   {metadata(method data for {method} {0x000001d21a06ae28} 'isTab' '()Z' in 'com/sun/javafx/text/TextRun')}
  0x000001d20098c63c: 0000 0048 | bed0 c32f | 1bd2 0100 | 00ff 86f8 | 0000 00be | 0100 0000 | e905 0000 | 00be 0000 
  0x000001d20098c65c: 0000 83e6 

  0x000001d20098c660: ;   {metadata(method data for {method} {0x000001d219c87f18} 'shape' '(Lcom/sun/javafx/text/TextRun;[CLcom/sun/javafx/text/GlyphLayout;)V' in 'com/sun/javafx/text/PrismTextLayout')}
  0x000001d20098c660: 0185 f648 | be50 b82f | 1bd2 0100 | 00bf 3006 | 0000 7505 | bf20 0600 | 0048 8b1c | 3e48 8d5b 
  0x000001d20098c680: 0148 891c | 3e0f 8592 | 0f00 0049 

  0x000001d20098c68c: ;   {metadata(method data for {method} {0x000001d219c87f18} 'shape' '(Lcom/sun/javafx/text/TextRun;[CLcom/sun/javafx/text/GlyphLayout;)V' in 'com/sun/javafx/text/PrismTextLayout')}
  0x000001d20098c68c: 8bf0 48bf | 50b8 2f1b | d201 0000 | 4883 8750 | 0600 0001 

  0x000001d20098c6a0: ;   {metadata(method data for {method} {0x000001d21a06ab78} 'isLinebreak' '()Z' in 'com/sun/javafx/text/TextRun')}
  0x000001d20098c6a0: 48be 08c5 | 2f1b d201 | 0000 8bbe | 9000 0000 | 83c7 0289 | be90 0000 | 0081 e7fe | ff1f 0085 
  0x000001d20098c6c0: ff0f 84f9 | 1100 0048 | 8bf2 83e6 

  0x000001d20098c6cc: ;   {metadata(method data for {method} {0x000001d21a06ab78} 'isLinebreak' '()Z' in 'com/sun/javafx/text/TextRun')}
  0x000001d20098c6cc: 0285 f648 | be08 c52f | 1bd2 0100 | 00bf d800 | 0000 7405 | bfe8 0000 | 0048 8b1c | 3e48 8d5b 
  0x000001d20098c6ec: 0148 891c | 3e0f 841a 

  0x000001d20098c6f4: ;   {metadata(method data for {method} {0x000001d21a06ab78} 'isLinebreak' '()Z' in 'com/sun/javafx/text/TextRun')}
  0x000001d20098c6f4: 0000 0048 | be08 c52f | 1bd2 0100 | 00ff 86f8 | 0000 00be | 0100 0000 | e905 0000 | 00be 0000 
  0x000001d20098c714: 0000 83e6 

  0x000001d20098c718: ;   {metadata(method data for {method} {0x000001d219c87f18} 'shape' '(Lcom/sun/javafx/text/TextRun;[CLcom/sun/javafx/text/GlyphLayout;)V' in 'com/sun/javafx/text/PrismTextLayout')}
  0x000001d20098c718: 0185 f648 | be50 b82f | 1bd2 0100 | 00bf 8006 | 0000 7505 | bf70 0600 | 0048 8b1c | 3e48 8d5b 
  0x000001d20098c738: 0148 891c | 3e0f 85c7 | 0e00 0049 

  0x000001d20098c744: ;   {metadata(method data for {method} {0x000001d219c87f18} 'shape' '(Lcom/sun/javafx/text/TextRun;[CLcom/sun/javafx/text/GlyphLayout;)V' in 'com/sun/javafx/text/PrismTextLayout')}
  0x000001d20098c744: 8bf0 48bf | 50b8 2f1b | d201 0000 | 4883 87a0 | 0600 0001 | 418b 700c 

  0x000001d20098c75c: ;   {metadata(method data for {method} {0x000001d219c87f18} 'shape' '(Lcom/sun/javafx/text/TextRun;[CLcom/sun/javafx/text/GlyphLayout;)V' in 'com/sun/javafx/text/PrismTextLayout')}
  0x000001d20098c75c: 85f6 48be | 50b8 2f1b | d201 0000 | bfd0 0600 | 007f 05bf | c006 0000 | 488b 1c3e | 488d 5b01 
  0x000001d20098c77c: 4889 1c3e | 0f8f 710e | 0000 498b 

  0x000001d20098c788: ;   {metadata(method data for {method} {0x000001d219c87f18} 'shape' '(Lcom/sun/javafx/text/TextRun;[CLcom/sun/javafx/text/GlyphLayout;)V' in 'com/sun/javafx/text/PrismTextLayout')}
  0x000001d20098c788: f048 bf50 | b82f 1bd2 | 0100 0048 | 8387 f006 

  0x000001d20098c798: ;   {metadata(method data for {method} {0x000001d21a070280} 'isComplex' '()Z' in 'com/sun/javafx/text/TextRun')}
  0x000001d20098c798: 0000 0148 | be80 cf2f | 1bd2 0100 | 008b be90 | 0000 0083 | c702 89be | 9000 0000 | 81e7 feff 
  0x000001d20098c7b8: 1f00 85ff | 0f84 1f11 | 0000 83e2 

  0x000001d20098c7c4: ;   {metadata(method data for {method} {0x000001d21a070280} 'isComplex' '()Z' in 'com/sun/javafx/text/TextRun')}
  0x000001d20098c7c4: 2085 d248 | ba80 cf2f | 1bd2 0100 | 00be d800 | 0000 7405 | bee8 0000 | 0048 8b3c | 3248 8d7f 
  0x000001d20098c7e4: 0148 893c | 320f 841a 

  0x000001d20098c7ec: ;   {metadata(method data for {method} {0x000001d21a070280} 'isComplex' '()Z' in 'com/sun/javafx/text/TextRun')}
  0x000001d20098c7ec: 0000 0048 | ba80 cf2f | 1bd2 0100 | 00ff 82f8 | 0000 00ba | 0100 0000 | e905 0000 | 00ba 0000 
  0x000001d20098c80c: 0000 83e2 

  0x000001d20098c810: ;   {metadata(method data for {method} {0x000001d219c87f18} 'shape' '(Lcom/sun/javafx/text/TextRun;[CLcom/sun/javafx/text/GlyphLayout;)V' in 'com/sun/javafx/text/PrismTextLayout')}
  0x000001d20098c810: 0185 d248 | ba50 b82f | 1bd2 0100 | 00be 2007 | 0000 7505 | be10 0700 | 0048 8b3c | 3248 8d7f 
  0x000001d20098c830: 0148 893c | 320f 852d | 0d00 0048 | 8b84 24b0 | 0000 0048 | 3b00 488b 

  0x000001d20098c848: ;   {metadata(method data for {method} {0x000001d219c87f18} 'shape' '(Lcom/sun/javafx/text/TextRun;[CLcom/sun/javafx/text/GlyphLayout;)V' in 'com/sun/javafx/text/PrismTextLayout')}
  0x000001d20098c848: f048 bf50 | b82f 1bd2 | 0100 008b | 7608 41ba | 0000 009f | 4903 f248 | 3bb7 8007 | 0000 750d 
  0x000001d20098c868: 4883 8788 | 0700 0001 | e960 0000 | 0048 3bb7 | 9007 0000 | 750d 4883 | 8798 0700 | 0001 e94a 
  0x000001d20098c888: 0000 0048 | 83bf 8007 | 0000 0075 | 1748 89b7 | 8007 0000 | 48c7 8788 | 0700 0001 | 0000 00e9 
  0x000001d20098c8a8: 2900 0000 | 4883 bf90 | 0700 0000 | 7517 4889 | b790 0700 | 0048 c787 | 9807 0000 | 0100 0000 
  0x000001d20098c8c8: e908 0000 | 0048 8387 | 7807 0000 | 0148 8bd0 | 4889 8424 | b000 0000 | 0f1f 4400 | 0048 b8f0 
  0x000001d20098c8e8: 5d6d 31d2 

  0x000001d20098c8ec: ;   {virtual_call}
  0x000001d20098c8ec: 0100 00e8 

  0x000001d20098c8f0: ; ImmutableOopMap {[120]=Oop [128]=Oop [136]=Oop [176]=Oop }
                      ;*invokeinterface getFontResource {reexecute=0 rethrow=0 return_oop=0}
                      ; - com.sun.javafx.text.PrismTextLayout::shape@335 (line 885)
  0x000001d20098c8f0: 9eb1 3707 

  0x000001d20098c8f4: ;   {post_call_nop}
  0x000001d20098c8f4: 0f1f 8400 | 6c15 0008 | 4889 8424 | c000 0000 | 4c8b 8424 | 8000 0000 

  0x000001d20098c90c: ;   {metadata(method data for {method} {0x000001d219c87f18} 'shape' '(Lcom/sun/javafx/text/TextRun;[CLcom/sun/javafx/text/GlyphLayout;)V' in 'com/sun/javafx/text/PrismTextLayout')}
  0x000001d20098c90c: 48ba 50b8 | 2f1b d201 | 0000 4883 | 82b8 0700 | 0001 4c8b | 8424 8000 | 0000 418b | 7010 89b4 
  0x000001d20098c92c: 24cc 0000 | 0049 8bd0 

  0x000001d20098c934: ;   {metadata(method data for {method} {0x000001d219c87f18} 'shape' '(Lcom/sun/javafx/text/TextRun;[CLcom/sun/javafx/text/GlyphLayout;)V' in 'com/sun/javafx/text/PrismTextLayout')}
  0x000001d20098c934: 48bf 50b8 | 2f1b d201 | 0000 4883 | 87e8 0700 | 0001 418b | 7814 89bc | 24c8 0000 | 0048 8b54 
  0x000001d20098c954: 2478 8b5a | 4c48 c1e3 | 0348 85db 

  0x000001d20098c960: ;   {metadata(method data for {method} {0x000001d219c87f18} 'shape' '(Lcom/sun/javafx/text/TextRun;[CLcom/sun/javafx/text/GlyphLayout;)V' in 'com/sun/javafx/text/PrismTextLayout')}
  0x000001d20098c960: 48b9 50b8 | 2f1b d201 | 0000 41b9 | 0808 0000 | 7506 41b9 | 1808 0000 | 4e8b 1c09 | 4d8d 5b01 
  0x000001d20098c980: 4e89 1c09 | 0f85 1d05 | 0000 488b | 9424 b000 

  0x000001d20098c990: ;   {metadata(method data for {method} {0x000001d219c87f18} 'shape' '(Lcom/sun/javafx/text/TextRun;[CLcom/sun/javafx/text/GlyphLayout;)V' in 'com/sun/javafx/text/PrismTextLayout')}
  0x000001d20098c990: 0000 48bb | 50b8 2f1b | d201 0000 | 8b52 0841 | ba00 0000 | 9f49 03d2 | 483b 9330 | 0800 0075 
  0x000001d20098c9b0: 0d48 8383 | 3808 0000 | 01e9 6000 | 0000 483b | 9340 0800 | 0075 0d48 | 8383 4808 | 0000 01e9 
  0x000001d20098c9d0: 4a00 0000 | 4883 bb30 | 0800 0000 | 7517 4889 | 9330 0800 | 0048 c783 | 3808 0000 | 0100 0000 
  0x000001d20098c9f0: e929 0000 | 0048 83bb | 4008 0000 | 0075 1748 | 8993 4008 | 0000 48c7 | 8348 0800 | 0001 0000 
  0x000001d20098ca10: 00e9 0800 | 0000 4883 | 8328 0800 | 0001 488b | 9424 b000 | 0000 0f1f | 8000 0000 | 0048 b818 
  0x000001d20098ca30: 5e6d 31d2 

  0x000001d20098ca34: ;   {virtual_call}
  0x000001d20098ca34: 0100 00e8 

  0x000001d20098ca38: ; ImmutableOopMap {[128]=Oop [136]=Oop [192]=Oop }
                      ;*invokeinterface getSize {reexecute=0 rethrow=0 return_oop=0}
                      ; - com.sun.javafx.text.PrismTextLayout::shape@363 (line 891)
  0x000001d20098ca38: 56b9 3707 

  0x000001d20098ca3c: ;   {post_call_nop}
  0x000001d20098ca3c: 0f1f 8400 | b416 0009 | c5fa 1184 | 24fc 0000 | 0048 8b84 | 24c0 0000 | 0048 3b00 

  0x000001d20098ca58: ;   {metadata(method data for {method} {0x000001d219c87f18} 'shape' '(Lcom/sun/javafx/text/TextRun;[CLcom/sun/javafx/text/GlyphLayout;)V' in 'com/sun/javafx/text/PrismTextLayout')}
  0x000001d20098ca58: 488b d048 | be50 b82f | 1bd2 0100 | 008b 5208 | 41ba 0000 | 009f 4903 | d248 3b96 | 6008 0000 
  0x000001d20098ca78: 750d 4883 | 8668 0800 | 0001 e960 | 0000 0048 | 3b96 7008 | 0000 750d | 4883 8678 | 0800 0001 
  0x000001d20098ca98: e94a 0000 | 0048 83be | 6008 0000 | 0075 1748 | 8996 6008 | 0000 48c7 | 8668 0800 | 0001 0000 
  0x000001d20098cab8: 00e9 2900 | 0000 4883 | be70 0800 | 0000 7517 | 4889 9670 | 0800 0048 | c786 7808 | 0000 0100 
  0x000001d20098cad8: 0000 e908 | 0000 0048 | 8386 5808 | 0000 0148 | 8bd0 6666 | 9048 b840 | 5e6d 31d2 

  0x000001d20098caf4: ;   {virtual_call}
  0x000001d20098caf4: 0100 00e8 

  0x000001d20098caf8: ; ImmutableOopMap {[128]=Oop [136]=Oop [192]=Oop }
                      ;*invokeinterface getGlyphMapper {reexecute=0 rethrow=0 return_oop=0}
                      ; - com.sun.javafx.text.PrismTextLayout::shape@372 (line 892)
  0x000001d20098caf8: 165c f7ff 

  0x000001d20098cafc: ;   {post_call_nop}
  0x000001d20098cafc: 0f1f 8400 | 7417 000a | 4c8b d88b | 9c24 c800 

  0x000001d20098cb0c: ;   {metadata({type array int})}
  0x000001d20098cb0c: 0000 48ba | 5847 189f | 0000 0000 | 4863 db48 | 8bfb 4881 | fbff ffff | 000f 87e1 | 0d00 00be 
  0x000001d20098cb2c: 1700 0000 | 488d 349e | 4883 e6f8 | 498b 87c8 | 0100 0048 | 8d34 3049 | 3bb7 d801 | 0000 0f87 
  0x000001d20098cb4c: bc0d 0000 | 4989 b7c8 | 0100 0048 | 2bf0 48c7 | 0001 0000 | 0048 8bca | 41ba 0000 | 009f 492b 
  0x000001d20098cb6c: ca89 4808 | 8958 0c48 | 83ee 1048 | 85f6 0f84 | 1100 0000 | 4833 db48 | c1ee 0348 | 895c f008 
  0x000001d20098cb8c: 48ff ce75 | f648 8984 | 24d0 0000 | 0049 3b03 

  0x000001d20098cb9c: ;   {metadata(method data for {method} {0x000001d219c87f18} 'shape' '(Lcom/sun/javafx/text/TextRun;[CLcom/sun/javafx/text/GlyphLayout;)V' in 'com/sun/javafx/text/PrismTextLayout')}
  0x000001d20098cb9c: 4d8b c349 | b950 b82f | 1bd2 0100 | 0045 8b40 | 0841 ba00 | 0000 9f4d | 03c2 4d3b | 8190 0800 
  0x000001d20098cbbc: 0075 0d49 | 8381 9808 | 0000 01e9 | 6000 0000 | 4d3b 81a0 | 0800 0075 | 0d49 8381 | a808 0000 
  0x000001d20098cbdc: 01e9 4a00 | 0000 4983 | b990 0800 | 0000 7517 | 4d89 8190 | 0800 0049 | c781 9808 | 0000 0100 
  0x000001d20098cbfc: 0000 e929 | 0000 0049 | 83b9 a008 | 0000 0075 | 174d 8981 | a008 0000 | 49c7 81a8 | 0800 0001 
  0x000001d20098cc1c: 0000 00e9 | 0800 0000 | 4983 8188 | 0800 0001 | 448b 8424 | cc00 0000 | 448b 8c24 | c800 0000 
  0x000001d20098cc3c: 488b bc24 | 8800 0000 | 488b f049 | 8bd3 0f1f 

  0x000001d20098cc4c: ;   {optimized virtual_call}
  0x000001d20098cc4c: 4400 00e8 

  0x000001d20098cc50: ; ImmutableOopMap {[128]=Oop [192]=Oop [208]=Oop }
                      ;*invokevirtual charsToGlyphs {reexecute=0 rethrow=0 return_oop=0}
                      ; - com.sun.javafx.text.PrismTextLayout::shape@394 (line 896)
  0x000001d20098cc50: 7910 0000 

  0x000001d20098cc54: ;   {post_call_nop}
  0x000001d20098cc54: 0f1f 8400 | cc18 000b | 8bbc 24c8 | 0000 00ff | c7d1 e748 

  0x000001d20098cc68: ;   {metadata({type array float})}
  0x000001d20098cc68: 8bdf 48ba | 583f 189f | 0000 0000 | 4863 db48 | 8bfb 4881 | fbff ffff | 000f 8794 | 0c00 00be 
  0x000001d20098cc88: 1700 0000 | 488d 349e | 4883 e6f8 | 498b 87c8 | 0100 0048 | 8d34 3049 | 3bb7 d801 | 0000 0f87 
  0x000001d20098cca8: 6f0c 0000 | 4989 b7c8 | 0100 0048 | 2bf0 48c7 | 0001 0000 | 0048 8bca | 41ba 0000 | 009f 492b 
  0x000001d20098ccc8: ca89 4808 | 8958 0c48 | 83ee 1048 | 85f6 0f84 | 1100 0000 | 4833 db48 | c1ee 0348 | 895c f008 
  0x000001d20098cce8: 48ff ce75 | f648 8984 | 24e0 0000 | 00be 0000 

  0x000001d20098ccf8: ;   {section_word}
  0x000001d20098ccf8: 0000 c5fa | 100d aee7 | ffff e948 | 0100 0090 | 3b70 0c0f | 8314 0c00 | 004c 63c6 | 468b 4480 
  0x000001d20098cd18: 1048 8bd3 

  0x000001d20098cd1c: ;   {metadata(method data for {method} {0x000001d219c87f18} 'shape' '(Lcom/sun/javafx/text/TextRun;[CLcom/sun/javafx/text/GlyphLayout;)V' in 'com/sun/javafx/text/PrismTextLayout')}
  0x000001d20098cd1c: 49b9 50b8 | 2f1b d201 | 0000 8b52 | 0841 ba00 | 0000 9f49 | 03d2 493b | 91e0 0800 | 0075 0d49 
  0x000001d20098cd3c: 8381 e808 | 0000 01e9 | 6000 0000 | 493b 91f0 | 0800 0075 | 0d49 8381 | f808 0000 | 01e9 4a00 
  0x000001d20098cd5c: 0000 4983 | b9e0 0800 | 0000 7517 | 4989 91e0 | 0800 0049 | c781 e808 | 0000 0100 | 0000 e929 
  0x000001d20098cd7c: 0000 0049 | 83b9 f008 | 0000 0075 | 1749 8991 | f008 0000 | 49c7 81f8 | 0800 0001 | 0000 00e9 
  0x000001d20098cd9c: 0800 0000 | 4983 81d8 | 0800 0001 | c5f8 28d0 | c5f8 28c2 | 488b d389 | b424 d800 | 0000 6666 
  0x000001d20098cdbc: 9048 b868 | 5e6d 31d2 

  0x000001d20098cdc4: ;   {virtual_call}
  0x000001d20098cdc4: 0100 00e8 

  0x000001d20098cdc8: ; ImmutableOopMap {[128]=Oop [192]=Oop [208]=Oop [224]=Oop }
                      ;*invokeinterface getAdvance {reexecute=0 rethrow=0 return_oop=0}
                      ; - com.sun.javafx.text.PrismTextLayout::shape@429 (line 900)
  0x000001d20098cdc8: 46b6 f7ff 

  0x000001d20098cdcc: ;   {post_call_nop}
  0x000001d20098cdcc: 0f1f 8400 | 441a 000c | 8bb4 24d8 | 0000 00d1 | e648 8b84 | 24e0 0000 | 003b 700c | 0f83 450b 
  0x000001d20098cdec: 0000 4863 | f6c5 fa10 | 8c24 0001 | 0000 c5fa | 114c b010 | c5fa 58c1 | 8bb4 24d8 | 0000 00ff 
  0x000001d20098ce0c: ;   {metadata(method data for {method} {0x000001d219c87f18} 'shape' '(Lcom/sun/javafx/text/TextRun;[CLcom/sun/javafx/text/GlyphLayout;)V' in 'com/sun/javafx/text/PrismTextLayout')}
  0x000001d20098ce0c: c648 ba50 | b82f 1bd2 | 0100 008b | ba94 0000 | 0083 c702 | 89ba 9400 | 0000 81e7 | fe3f 0000 
  0x000001d20098ce2c: 85ff 0f84 | 0d0b 0000 

  0x000001d20098ce34: ; ImmutableOopMap {rax=Oop [128]=Oop [192]=Oop [208]=Oop [224]=Oop }
                      ;*goto {reexecute=1 rethrow=0 return_oop=0}
                      ; - (reexecute) com.sun.javafx.text.PrismTextLayout::shape@455 (line 899)
  0x000001d20098ce34: 4d8b 5730 

  0x000001d20098ce38: ;   {poll}
  0x000001d20098ce38: 4185 0248 | ba50 b82f | 1bd2 0100 | 00ff 8208 | 0900 00c5 | f828 c8c5 | fa11 8c24 | 0001 0000 
  0x000001d20098ce58: 488b 8424 | d000 0000 | c5fa 1084 | 24fc 0000 | 008b bc24 | c800 0000 | 488b 9c24 | c000 0000 
  0x000001d20098ce78: ;   {metadata(method data for {method} {0x000001d219c87f18} 'shape' '(Lcom/sun/javafx/text/TextRun;[CLcom/sun/javafx/text/GlyphLayout;)V' in 'com/sun/javafx/text/PrismTextLayout')}
  0x000001d20098ce78: 3bf7 49b8 | 50b8 2f1b | d201 0000 | bab8 0800 | 007d 05ba | c808 0000 | 4d8b 0c10 | 4d8d 4901 
  0x000001d20098ce98: 4d89 0c10 | 0f8d ac05 | 0000 e961 | feff ff0f | be73 1c85 

  0x000001d20098ceac: ;   {metadata(method data for {method} {0x000001d219c87f18} 'shape' '(Lcom/sun/javafx/text/TextRun;[CLcom/sun/javafx/text/GlyphLayout;)V' in 'com/sun/javafx/text/PrismTextLayout')}
  0x000001d20098ceac: f648 be50 | b82f 1bd2 | 0100 00bf | 7809 0000 | 7405 bf68 | 0900 0048 | 8b1c 3e48 | 8d5b 0148 
  0x000001d20098cecc: 891c 3e0f | 8415 0000 | 0044 8b84 | 24c8 0000 | 0048 8bbc | 2480 0000 | 00e9 7b04 | 0000 488b 
  0x000001d20098ceec: bc24 b000 

  0x000001d20098cef0: ;   {metadata(method data for {method} {0x000001d219c87f18} 'shape' '(Lcom/sun/javafx/text/TextRun;[CLcom/sun/javafx/text/GlyphLayout;)V' in 'com/sun/javafx/text/PrismTextLayout')}
  0x000001d20098cef0: 0000 48bb | 50b8 2f1b | d201 0000 | 8b7f 0841 | ba00 0000 | 9f49 03fa | 483b bb90 | 0900 0075 
  0x000001d20098cf10: 0d48 8383 | 9809 0000 | 01e9 6000 | 0000 483b | bba0 0900 | 0075 0d48 | 8383 a809 | 0000 01e9 
  0x000001d20098cf30: 4a00 0000 | 4883 bb90 | 0900 0000 | 7517 4889 | bb90 0900 | 0048 c783 | 9809 0000 | 0100 0000 
  0x000001d20098cf50: e929 0000 | 0048 83bb | a009 0000 | 0075 1748 | 89bb a009 | 0000 48c7 | 83a8 0900 | 0001 0000 
  0x000001d20098cf70: 00e9 0800 | 0000 4883 | 8388 0900 | 0001 488b | 9424 b000 | 0000 0f1f | 8000 0000 | 0048 b890 
  0x000001d20098cf90: 5e6d 31d2 

  0x000001d20098cf94: ;   {virtual_call}
  0x000001d20098cf94: 0100 00e8 

  0x000001d20098cf98: ; ImmutableOopMap {[120]=Oop [128]=Oop [136]=Oop [192]=Oop }
                      ;*invokeinterface getSize {reexecute=0 rethrow=0 return_oop=0}
                      ; - com.sun.javafx.text.PrismTextLayout::shape@493 (line 912)
  0x000001d20098cf98: f6b3 3707 

  0x000001d20098cf9c: ;   {post_call_nop}
  0x000001d20098cf9c: 0f1f 8400 | 141c 000e | c5fa 1184 | 2404 0100 | 0048 8b84 | 24c0 0000 | 0048 3b00 

  0x000001d20098cfb8: ;   {metadata(method data for {method} {0x000001d219c87f18} 'shape' '(Lcom/sun/javafx/text/TextRun;[CLcom/sun/javafx/text/GlyphLayout;)V' in 'com/sun/javafx/text/PrismTextLayout')}
  0x000001d20098cfb8: 488b d048 | be50 b82f | 1bd2 0100 | 008b 5208 | 41ba 0000 | 009f 4903 | d248 3b96 | c009 0000 
  0x000001d20098cfd8: 750d 4883 | 86c8 0900 | 0001 e960 | 0000 0048 | 3b96 d009 | 0000 750d | 4883 86d8 | 0900 0001 
  0x000001d20098cff8: e94a 0000 | 0048 83be | c009 0000 | 0075 1748 | 8996 c009 | 0000 48c7 | 86c8 0900 | 0001 0000 
  0x000001d20098d018: 00e9 2900 | 0000 4883 | bed0 0900 | 0000 7517 | 4889 96d0 | 0900 0048 | c786 d809 | 0000 0100 
  0x000001d20098d038: 0000 e908 | 0000 0048 | 8386 b809 | 0000 0148 | 8bd0 6666 | 9048 b8b8 | 5e6d 31d2 

  0x000001d20098d054: ;   {virtual_call}
  0x000001d20098d054: 0100 00e8 

  0x000001d20098d058: ; ImmutableOopMap {[120]=Oop [128]=Oop [136]=Oop [192]=Oop }
                      ;*invokeinterface getGlyphMapper {reexecute=0 rethrow=0 return_oop=0}
                      ; - com.sun.javafx.text.PrismTextLayout::shape@502 (line 913)
  0x000001d20098d058: b656 f7ff 

  0x000001d20098d05c: ;   {post_call_nop}
  0x000001d20098d05c: 0f1f 8400 | d41c 000f | 488b 5424 | 7844 8b42 | 4c49 c1e0 | 0341 8b70 | 2048 c1e6 | 0348 3b00 
  0x000001d20098d07c: ;   {metadata(method data for {method} {0x000001d219c87f18} 'shape' '(Lcom/sun/javafx/text/TextRun;[CLcom/sun/javafx/text/GlyphLayout;)V' in 'com/sun/javafx/text/PrismTextLayout')}
  0x000001d20098d07c: 4c8b c049 | b950 b82f | 1bd2 0100 | 0045 8b40 | 0841 ba00 | 0000 9f4d | 03c2 4d3b | 81f0 0900 
  0x000001d20098d09c: 0075 0d49 | 8381 f809 | 0000 01e9 | 6000 0000 | 4d3b 8100 | 0a00 0075 | 0d49 8381 | 080a 0000 
  0x000001d20098d0bc: 01e9 4a00 | 0000 4983 | b9f0 0900 | 0000 7517 | 4d89 81f0 | 0900 0049 | c781 f809 | 0000 0100 
  0x000001d20098d0dc: 0000 e929 | 0000 0049 | 83b9 000a | 0000 0075 | 174d 8981 | 000a 0000 | 49c7 8108 | 0a00 0001 
  0x000001d20098d0fc: 0000 00e9 | 0800 0000 | 4983 81e8 | 0900 0001 | 448b 8424 | cc00 0000 | 448b 8c24 | c800 0000 
  0x000001d20098d11c: 488b bc24 | 8800 0000 | 8b8c 24cc | 0000 0048 

  0x000001d20098d12c: ;   {optimized virtual_call}
  0x000001d20098d12c: 8bd0 90e8 

  0x000001d20098d130: ; ImmutableOopMap {[120]=Oop [128]=Oop [192]=Oop }
                      ;*invokevirtual charsToGlyphs {reexecute=0 rethrow=0 return_oop=0}
                      ; - com.sun.javafx.text.PrismTextLayout::shape@525 (line 914)
  0x000001d20098d130: 6cf7 8cff 

  0x000001d20098d134: ;   {post_call_nop}
  0x000001d20098d134: 0f1f 8400 | ac1d 0010 | 8bb4 24cc | 0000 0003 | b424 c800 | 0000 89b4 | 24e8 0000 | 008b bc24 
  0x000001d20098d154: cc00 0000 

  0x000001d20098d158: ;   {section_word}
  0x000001d20098d158: c5fa 100d | 54e3 ffff | c5fa 118c | 2408 0100 | 00c5 fa10 | 8424 0401 | 0000 488b | 8424 c000 
  0x000001d20098d178: 0000 488b | 5424 78e9 | 8401 0000 | 0f1f 4000 | 448b 424c | 49c1 e003 

  0x000001d20098d190: ; implicit exception: dispatches to 0x000001d20098d976
  0x000001d20098d190: 458b 4020 | 49c1 e003 

  0x000001d20098d198: ; implicit exception: dispatches to 0x000001d20098d97b
  0x000001d20098d198: 413b 780c | 0f83 e307 | 0000 4863 | df45 8b44 | 9810 488b 

  0x000001d20098d1ac: ;   {metadata(method data for {method} {0x000001d219c87f18} 'shape' '(Lcom/sun/javafx/text/TextRun;[CLcom/sun/javafx/text/GlyphLayout;)V' in 'com/sun/javafx/text/PrismTextLayout')}
  0x000001d20098d1ac: d848 b950 | b82f 1bd2 | 0100 008b | 5b08 41ba | 0000 009f | 4903 da48 | 3b99 400a | 0000 750d 
  0x000001d20098d1cc: 4883 8148 | 0a00 0001 | e960 0000 | 0048 3b99 | 500a 0000 | 750d 4883 | 8158 0a00 | 0001 e94a 
  0x000001d20098d1ec: 0000 0048 | 83b9 400a | 0000 0075 | 1748 8999 | 400a 0000 | 48c7 8148 | 0a00 0001 | 0000 00e9 
  0x000001d20098d20c: 2900 0000 | 4883 b950 | 0a00 0000 | 7517 4889 | 9950 0a00 | 0048 c781 | 580a 0000 | 0100 0000 
  0x000001d20098d22c: e908 0000 | 0048 8381 | 380a 0000 | 01c5 f828 | d0c5 f828 | c248 8bd0 | 89bc 24dc | 0000 0066 
  0x000001d20098d24c: 9048 b8e0 | 5e6d 31d2 

  0x000001d20098d254: ;   {virtual_call}
  0x000001d20098d254: 0100 00e8 

  0x000001d20098d258: ; ImmutableOopMap {[120]=Oop [128]=Oop [192]=Oop }
                      ;*invokeinterface getAdvance {reexecute=0 rethrow=0 return_oop=0}
                      ; - com.sun.javafx.text.PrismTextLayout::shape@563 (line 918)
  0x000001d20098d258: b6b1 f7ff 

  0x000001d20098d25c: ;   {post_call_nop}
  0x000001d20098d25c: 0f1f 8400 | d41e 0011 | 488b 5424 | 7844 8b42 | 4c49 c1e0 | 0345 8b40 | 2449 c1e0 | 038b bc24 
  0x000001d20098d27c: dc00 0000 

  0x000001d20098d280: ; implicit exception: dispatches to 0x000001d20098d998
  0x000001d20098d280: 413b 780c | 0f83 1807 | 0000 4c63 | cfc4 817a | 1144 8810 | c5fa 5884 | 2408 0100 

  0x000001d20098d29c: ;   {metadata(method data for {method} {0x000001d219c87f18} 'shape' '(Lcom/sun/javafx/text/TextRun;[CLcom/sun/javafx/text/GlyphLayout;)V' in 'com/sun/javafx/text/PrismTextLayout')}
  0x000001d20098d29c: 00ff c749 | b850 b82f | 1bd2 0100 | 0045 8b88 | 9400 0000 | 4183 c102 | 4589 8894 | 0000 0041 
  0x000001d20098d2bc: 81e1 fe3f | 0000 4585 | c90f 84e5 | 0600 004d 

  0x000001d20098d2cc: ; ImmutableOopMap {rdx=Oop [120]=Oop [128]=Oop [192]=Oop }
                      ;*goto {reexecute=1 rethrow=0 return_oop=0}
                      ; - (reexecute) com.sun.javafx.text.PrismTextLayout::shape@592 (line 917)
                      ;   {poll}
  0x000001d20098d2cc: 8b57 3041 

  0x000001d20098d2d0: ;   {metadata(method data for {method} {0x000001d219c87f18} 'shape' '(Lcom/sun/javafx/text/TextRun;[CLcom/sun/javafx/text/GlyphLayout;)V' in 'com/sun/javafx/text/PrismTextLayout')}
  0x000001d20098d2d0: 8502 49b8 | 50b8 2f1b | d201 0000 | 41ff 8068 | 0a00 00c5 | f828 c8c5 | fa11 8c24 | 0801 0000 
  0x000001d20098d2f0: 8bb4 24e8 | 0000 00c5 | fa10 8424 | 0401 0000 | 488b 8424 | c000 0000 

  0x000001d20098d308: ;   {metadata(method data for {method} {0x000001d219c87f18} 'shape' '(Lcom/sun/javafx/text/TextRun;[CLcom/sun/javafx/text/GlyphLayout;)V' in 'com/sun/javafx/text/PrismTextLayout')}
  0x000001d20098d308: 3bfe 49b8 | 50b8 2f1b | d201 0000 | bb28 0a00 | 007c 05bb | 180a 0000 | 498b 0c18 | 488d 4901 
  0x000001d20098d328: 4989 0c18 | 0f8c 56fe | ffff c5fa | 108c 2408 | 0100 0048 | 8bbc 2480 | 0000 004c 

  0x000001d20098d344: ;   {metadata(method data for {method} {0x000001d219c87f18} 'shape' '(Lcom/sun/javafx/text/TextRun;[CLcom/sun/javafx/text/GlyphLayout;)V' in 'com/sun/javafx/text/PrismTextLayout')}
  0x000001d20098d344: 8bc7 49b9 | 50b8 2f1b | d201 0000 | 4983 8190 | 0a00 0001 | c5fa 114f | 1844 8b84 | 24c8 0000 
  0x000001d20098d364: 0044 8b4a | 4c49 c1e1 | 0341 8b71 | 2048 c1e6 | 0345 8b49 | 2449 c1e1 | 0348 8bd7 

  0x000001d20098d380: ;   {metadata(method data for {method} {0x000001d219c87f18} 'shape' '(Lcom/sun/javafx/text/TextRun;[CLcom/sun/javafx/text/GlyphLayout;)V' in 'com/sun/javafx/text/PrismTextLayout')}
  0x000001d20098d380: 48bb 50b8 | 2f1b d201 | 0000 4883 | 83c0 0a00 

  0x000001d20098d390: ;   {metadata(method data for {method} {0x000001d21a071720} 'shape' '(I[I[F)V' in 'com/sun/javafx/text/TextRun')}
  0x000001d20098d390: 0001 48ba | 30a2 851b | d201 0000 | 8b9a 9000 | 0000 83c3 | 0289 9a90 | 0000 0081 | e3fe ff1f 
  0x000001d20098d3b0: 0085 db0f | 841d 0600 | 0044 8947 | 0c45 0fbe | 4748 4585 | c00f 852c | 0600 004c | 8bd6 49c1 
  0x000001d20098d3d0: ea03 4489 | 5740 4c8b | c74c 33c6 | 49c1 e816 | 4983 f800 | 0f85 2d06 | 0000 450f | be47 4845 
  0x000001d20098d3f0: 85c0 0f85 | 3706 0000 | 4d8b d149 | c1ea 0344 | 8957 444c | 8bc7 4d33 | c149 c1e8 | 1649 83f8 
  0x000001d20098d410: 000f 8538 | 0600 0045 | 0fbe 4748 | 4585 c00f | 8542 0600 | 00c7 4748 | 0000 0000 | 448b 472c 
  0x000001d20098d430: 4181 c800 | 1000 0044 | 8947 2c48 | 81c4 2001 

  0x000001d20098d440: ;   {poll_return}
  0x000001d20098d440: 0000 5d49 | 3b67 280f | 873a 0600 | 00c3 c5fa | 108c 2400 | 0100 004c | 8bc8 4c8b | c748 8bbc 
  0x000001d20098d460: 2480 0000 | 0048 8b84 | 24e0 0000 | 0049 8bf0 | d1e6 3b70 | 0c0f 8322 | 0600 0048 | 63f6 c5fa 
  0x000001d20098d480: 114c b010 

  0x000001d20098d484: ;   {metadata(method data for {method} {0x000001d219c87f18} 'shape' '(Lcom/sun/javafx/text/TextRun;[CLcom/sun/javafx/text/GlyphLayout;)V' in 'com/sun/javafx/text/PrismTextLayout')}
  0x000001d20098d484: 488b f748 | ba50 b82f | 1bd2 0100 

  0x000001d20098d490: ;   {metadata('com/sun/javafx/text/TextRun')}
  0x000001d20098d490: 0049 ba00 | 6930 a000 | 0000 004c | 8992 2809 | 0000 4883 | 8230 0900 

  0x000001d20098d4a8: ;   {metadata(method data for {method} {0x000001d21a071660} 'shape' '(I[I[F[I)V' in 'com/sun/javafx/text/TextRun')}
  0x000001d20098d4a8: 0001 48be | 789e 851b | d201 0000 | 8b96 9000 | 0000 83c2 | 0289 9690 | 0000 0081 | e2fe ff1f 
  0x000001d20098d4c8: 0085 d20f | 84da 0500 | 0044 8947 | 0c45 0fbe | 4748 4585 | c00f 85e9 | 0500 004d | 8bd1 49c1 
  0x000001d20098d4e8: ea03 4489 | 5740 4c8b | c74d 33c1 | 49c1 e816 | 4983 f800 | 0f85 ea05 | 0000 450f | be47 4845 
  0x000001d20098d508: 85c0 0f85 | f405 0000 | 4c8b d049 | c1ea 0344 | 8957 444c | 8bc7 4c33 | c049 c1e8 | 1649 83f8 
  0x000001d20098d528: 000f 85f5 | 0500 0045 | 0fbe 4748 | 4585 c00f | 85ff 0500 | 00c7 4748 | 0000 0000 

  0x000001d20098d544: ;   {metadata(method data for {method} {0x000001d219c87f18} 'shape' '(Lcom/sun/javafx/text/TextRun;[CLcom/sun/javafx/text/GlyphLayout;)V' in 'com/sun/javafx/text/PrismTextLayout')}
  0x000001d20098d544: 49b8 50b8 | 2f1b d201 | 0000 41ff | 8050 0900 | 0048 81c4 | 2001 0000 

  0x000001d20098d55c: ;   {poll_return}
  0x000001d20098d55c: 5d49 3b67 | 280f 87f5 | 0500 00c3 | 488b b424 | a800 0000 | 488b 8424 | b000 0000 | 488b 9424 
  0x000001d20098d57c: 9000 0000 | 488b 9c24 | 8800 0000 | 498b f848 | 3b02 4c8b 

  0x000001d20098d590: ;   {metadata(method data for {method} {0x000001d219c87f18} 'shape' '(Lcom/sun/javafx/text/TextRun;[CLcom/sun/javafx/text/GlyphLayout;)V' in 'com/sun/javafx/text/PrismTextLayout')}
  0x000001d20098d590: c249 b950 | b82f 1bd2 

  0x000001d20098d598: ;   {metadata('com/sun/javafx/font/directwrite/DWGlyphLayout')}
  0x000001d20098d598: 0100 0049 | ba10 cb0f | a000 0000 | 004d 8991 | 3807 0000 | 4983 8140 | 0700 0001 | 4c8b c74c 
  0x000001d20098d5b8: 8bce 488b | f848 8bf3 | 0f1f 8000 

  0x000001d20098d5c4: ;   {optimized virtual_call}
  0x000001d20098d5c4: 0000 00e8 

  0x000001d20098d5c8: ; ImmutableOopMap {}
                      ;*invokevirtual layout {reexecute=0 rethrow=0 return_oop=0}
                      ; - com.sun.javafx.text.PrismTextLayout::shape@327 (line 883)
  0x000001d20098d5c8: 6107 0000 

  0x000001d20098d5cc: ;   {post_call_nop}
  0x000001d20098d5cc: 0f1f 8400 | 4422 0013 

  0x000001d20098d5d4: ;   {metadata(method data for {method} {0x000001d219c87f18} 'shape' '(Lcom/sun/javafx/text/TextRun;[CLcom/sun/javafx/text/GlyphLayout;)V' in 'com/sun/javafx/text/PrismTextLayout')}
  0x000001d20098d5d4: 48b9 50b8 | 2f1b d201 | 0000 ff81 | 6007 0000 | 4881 c420 | 0100 005d 

  0x000001d20098d5ec: ;   {poll_return}
  0x000001d20098d5ec: 493b 6728 | 0f87 8105 | 0000 c348 | 81c4 2001 

  0x000001d20098d5fc: ;   {poll_return}
  0x000001d20098d5fc: 0000 5d49 | 3b67 280f | 8784 0500 | 00c3 4881 | c420 0100 

  0x000001d20098d610: ;   {poll_return}
  0x000001d20098d610: 005d 493b | 6728 0f87 | 8705 0000 | c348 81c4 | 2001 0000 

  0x000001d20098d624: ;   {poll_return}
  0x000001d20098d624: 5d49 3b67 | 280f 878a | 0500 00c3 | 498b c8d3 | fe48 8b84 | 2498 0000 | 004c 8bc7 

  0x000001d20098d640: ;   {metadata(method data for {method} {0x000001d219c87f18} 'shape' '(Lcom/sun/javafx/text/TextRun;[CLcom/sun/javafx/text/GlyphLayout;)V' in 'com/sun/javafx/text/PrismTextLayout')}
  0x000001d20098d640: 49b9 50b8 | 2f1b d201 

  0x000001d20098d648: ;   {metadata('com/sun/javafx/text/TextRun')}
  0x000001d20098d648: 0000 49ba | 0069 30a0 | 0000 0000 | 4d89 9160 | 0200 0049 | 8381 6802 | 0000 014c | 8bc0 4c8b 
  0x000001d20098d668: ce48 8bd7 

  0x000001d20098d66c: ;   {optimized virtual_call}
  0x000001d20098d66c: 6666 90e8 

  0x000001d20098d670: ; ImmutableOopMap {}
                      ;*invokevirtual setEmbedded {reexecute=0 rethrow=0 return_oop=0}
                      ; - com.sun.javafx.text.PrismTextLayout::shape@61 (line 835)
  0x000001d20098d670: 6c1b b206 

  0x000001d20098d674: ;   {post_call_nop}
  0x000001d20098d674: 0f1f 8400 | ec22 0014 | 4881 c420 | 0100 005d 

  0x000001d20098d684: ;   {poll_return}
  0x000001d20098d684: 493b 6728 | 0f87 4105 | 0000 c348 | 81c4 2001 

  0x000001d20098d694: ;   {poll_return}
  0x000001d20098d694: 0000 5d49 | 3b67 280f | 8744 0500 

  0x000001d20098d6a0: ;   {metadata({method} {0x000001d219c87f18} 'shape' '(Lcom/sun/javafx/text/TextRun;[CLcom/sun/javafx/text/GlyphLayout;)V' in 'com/sun/javafx/text/PrismTextLayout')}
  0x000001d20098d6a0: 00c3 49ba | 107f c819 | d201 0000 | 4c89 5424 | 0848 c704 | 24ff ffff 

  0x000001d20098d6b8: ;   {runtime_call C1 Runtime counter_overflow_blob}
  0x000001d20098d6b8: ffe8 a21a 

  0x000001d20098d6bc: ; ImmutableOopMap {rdx=Oop r8=Oop r9=Oop rdi=Oop [120]=Oop [128]=Oop }
                      ;*synchronization entry
                      ; - com.sun.javafx.text.PrismTextLayout::shape@-1 (line 829)
  0x000001d20098d6bc: c006 e970 

  0x000001d20098d6c0: ;   {runtime_call C1 Runtime throw_null_pointer_exception_blob}
  0x000001d20098d6c0: deff ffe8 

  0x000001d20098d6c4: ; ImmutableOopMap {rdx=Oop r8=Oop r9=Oop rdi=Oop [120]=Oop [128]=Oop }
                      ;*arraylength {reexecute=0 rethrow=0 return_oop=0}
                      ; - com.sun.javafx.text.PrismTextLayout::shape@11 (line 830)
  0x000001d20098d6c4: 98a5 bf06 

  0x000001d20098d6c8: ;   {runtime_call C1 Runtime throw_null_pointer_exception_blob}
  0x000001d20098d6c8: e893 a5bf 

  0x000001d20098d6cc: ; ImmutableOopMap {r8=Oop [120]=Oop [128]=Oop [136]=Oop [144]=Oop }
                      ;*invokevirtual getTextSpan {reexecute=0 rethrow=0 return_oop=0}
                      ; - com.sun.javafx.text.PrismTextLayout::shape@17 (line 831)
                      ;   {runtime_call C1 Runtime throw_null_pointer_exception_blob}
  0x000001d20098d6cc: 06e8 8ea5 

  0x000001d20098d6d0: ; ImmutableOopMap {r8=Oop rsi=Oop [112]=Oop [120]=Oop [128]=Oop [136]=Oop [144]=Oop }
                      ;*invokeinterface getFont {reexecute=0 rethrow=0 return_oop=0}
                      ; - com.sun.javafx.text.PrismTextLayout::shape@24 (line 832)
  0x000001d20098d6d0: bf06 4889 

  0x000001d20098d6d4: ;   {runtime_call C1 Runtime throw_class_cast_exception_blob}
  0x000001d20098d6d4: 0424 e885 

  0x000001d20098d6d8: ; ImmutableOopMap {[112]=Oop [120]=Oop [128]=Oop [136]=Oop [144]=Oop }
                      ;*checkcast {reexecute=0 rethrow=0 return_oop=0}
                      ; - com.sun.javafx.text.PrismTextLayout::shape@29 (line 832)
                      ;   {runtime_call C1 Runtime throw_null_pointer_exception_blob}
  0x000001d20098d6d8: cdbf 06e8 

  0x000001d20098d6dc: ; ImmutableOopMap {rax=Oop [128]=Oop [152]=Oop }
                      ;*invokevirtual length {reexecute=0 rethrow=0 return_oop=0}
                      ; - com.sun.javafx.text.PrismTextLayout::shape@58 (line 835)
  0x000001d20098d6dc: 80a5 bf06 

  0x000001d20098d6e0: ;   {metadata({method} {0x000000009f187d60} 'length' '()I' in 'java/lang/String')}
  0x000001d20098d6e0: 49ba 587d | 189f 0000 | 0000 4c89 | 5424 0848 | c704 24ff 

  0x000001d20098d6f4: ;   {runtime_call C1 Runtime counter_overflow_blob}
  0x000001d20098d6f4: ffff ffe8 

  0x000001d20098d6f8: ; ImmutableOopMap {rax=Oop [128]=Oop [152]=Oop }
                      ;*synchronization entry
                      ; - java.lang.String::length@-1 (line 1583)
                      ; - com.sun.javafx.text.PrismTextLayout::shape@58 (line 835)
  0x000001d20098d6f8: 641a c006 | e99f e2ff 

  0x000001d20098d700: ;   {runtime_call C1 Runtime throw_null_pointer_exception_blob}
  0x000001d20098d700: ffe8 5aa5 

  0x000001d20098d704: ; ImmutableOopMap {rax=Oop [128]=Oop [152]=Oop }
                      ;*arraylength {reexecute=0 rethrow=0 return_oop=0}
                      ; - java.lang.String::length@4 (line 1583)
                      ; - com.sun.javafx.text.PrismTextLayout::shape@58 (line 835)
                      ;   {metadata({method} {0x000000009f4adaf8} 'coder' '()B' in 'java/lang/String')}
  0x000001d20098d704: bf06 49ba | f0da 4a9f | 0000 0000 | 4c89 5424 | 0848 c704 | 24ff ffff 

  0x000001d20098d71c: ;   {runtime_call C1 Runtime counter_overflow_blob}
  0x000001d20098d71c: ffe8 3e1a 

  0x000001d20098d720: ; ImmutableOopMap {rax=Oop [128]=Oop [152]=Oop }
                      ;*synchronization entry
                      ; - java.lang.String::coder@-1 (line 4885)
                      ; - java.lang.String::length@6 (line 1583)
                      ; - com.sun.javafx.text.PrismTextLayout::shape@58 (line 835)
  0x000001d20098d720: c006 e93e 

  0x000001d20098d724: ;   {runtime_call C1 Runtime throw_incompatible_class_change_error_blob}
  0x000001d20098d724: e3ff ffe8 

  0x000001d20098d728: ; ImmutableOopMap {rsi=Oop [120]=Oop [128]=Oop [136]=Oop [144]=Oop }
                      ;*invokeinterface getStrike {reexecute=0 rethrow=0 return_oop=0}
                      ; - com.sun.javafx.text.PrismTextLayout::shape@70 (line 838)
  0x000001d20098d728: 34d0 bf06 

  0x000001d20098d72c: ;   {runtime_call C1 Runtime throw_null_pointer_exception_blob}
  0x000001d20098d72c: e82f a5bf 

  0x000001d20098d730: ; ImmutableOopMap {rsi=Oop [120]=Oop [128]=Oop [136]=Oop [144]=Oop }
                      ;*invokeinterface getStrike {reexecute=0 rethrow=0 return_oop=0}
                      ; - com.sun.javafx.text.PrismTextLayout::shape@70 (line 838)
                      ;   {metadata({method} {0x000001d219879bf0} 'getStrike' '(Lcom/sun/javafx/geom/transform/BaseTransform;)Lcom/sun/javafx/font/FontStrike;' in 'com/sun/javafx/font/PrismFont')}
  0x000001d20098d730: 0649 bae8 | 9b87 19d2 | 0100 004c | 8954 2408 | 48c7 0424 | ffff ffff 

  0x000001d20098d748: ;   {runtime_call C1 Runtime counter_overflow_blob}
  0x000001d20098d748: e813 1ac0 

  0x000001d20098d74c: ; ImmutableOopMap {rsi=Oop [120]=Oop [128]=Oop [136]=Oop [144]=Oop }
                      ;*synchronization entry
                      ; - com.sun.javafx.font.PrismFont::getStrike@-1 (line 79)
                      ; - com.sun.javafx.text.PrismTextLayout::shape@70 (line 838)
  0x000001d20098d74c: 06e9 c0e3 

  0x000001d20098d750: ;   {runtime_call C1 Runtime throw_null_pointer_exception_blob}
  0x000001d20098d750: ffff e809 

  0x000001d20098d754: ; ImmutableOopMap {rsi=Oop rdx=Oop [120]=Oop [128]=Oop [136]=Oop [144]=Oop }
                      ;*invokeinterface getStrike {reexecute=0 rethrow=0 return_oop=0}
                      ; - com.sun.javafx.font.PrismFont::getStrike@9 (line 79)
                      ; - com.sun.javafx.text.PrismTextLayout::shape@70 (line 838)
                      ;   {runtime_call C1 Runtime throw_null_pointer_exception_blob}
  0x000001d20098d754: a5bf 06e8 

  0x000001d20098d758: ; ImmutableOopMap {rdx=Oop rsi=Oop rax=Oop r8=Oop [120]=Oop [128]=Oop [136]=Oop [144]=Oop }
                      ;*invokevirtual getAscent {reexecute=0 rethrow=0 return_oop=0}
                      ; - com.sun.javafx.text.PrismTextLayout::shape@93 (line 845)
  0x000001d20098d758: 04a5 bf06 

  0x000001d20098d75c: ;   {runtime_call C1 Runtime throw_null_pointer_exception_blob}
  0x000001d20098d75c: e8ff a4bf 

  0x000001d20098d760: ; ImmutableOopMap {rax=Oop [120]=Oop [128]=Oop [136]=Oop [144]=Oop [168]=Oop }
                      ;*invokeinterface getMetrics {reexecute=0 rethrow=0 return_oop=0}
                      ; - com.sun.javafx.text.PrismTextLayout::shape@103 (line 846)
                      ;   {runtime_call C1 Runtime throw_incompatible_class_change_error_blob}
  0x000001d20098d760: 06e8 facf 

  0x000001d20098d764: ; ImmutableOopMap {rax=Oop rsi=Oop [120]=Oop [128]=Oop [136]=Oop [144]=Oop [176]=Oop [184]=Oop }
                      ;*invokeinterface getAscent {reexecute=0 rethrow=0 return_oop=0}
                      ; - com.sun.javafx.text.PrismTextLayout::shape@126 (line 853)
                      ;   {runtime_call C1 Runtime throw_null_pointer_exception_blob}
  0x000001d20098d764: bf06 e8f5 

  0x000001d20098d768: ; ImmutableOopMap {rax=Oop rsi=Oop [120]=Oop [128]=Oop [136]=Oop [144]=Oop [176]=Oop [184]=Oop }
                      ;*invokeinterface getAscent {reexecute=0 rethrow=0 return_oop=0}
                      ; - com.sun.javafx.text.PrismTextLayout::shape@126 (line 853)
                      ;   {runtime_call C1 Runtime throw_incompatible_class_change_error_blob}
  0x000001d20098d768: a4bf 06e8 

  0x000001d20098d76c: ; ImmutableOopMap {rax=Oop rsi=Oop [120]=Oop [128]=Oop [136]=Oop [144]=Oop [176]=Oop [184]=Oop }
                      ;*invokeinterface getFamilyName {reexecute=0 rethrow=0 return_oop=0}
                      ; - com.sun.javafx.text.PrismTextLayout::shape@135 (line 859)
  0x000001d20098d76c: f0cf bf06 

  0x000001d20098d770: ;   {runtime_call C1 Runtime throw_null_pointer_exception_blob}
  0x000001d20098d770: e8eb a4bf 

  0x000001d20098d774: ; ImmutableOopMap {rax=Oop rsi=Oop [120]=Oop [128]=Oop [136]=Oop [144]=Oop [176]=Oop [184]=Oop }
                      ;*invokeinterface getFamilyName {reexecute=0 rethrow=0 return_oop=0}
                      ; - com.sun.javafx.text.PrismTextLayout::shape@135 (line 859)
                      ;   {metadata({method} {0x000001d2198798c8} 'getFamilyName' '()Ljava/lang/String;' in 'com/sun/javafx/font/PrismFont')}
  0x000001d20098d774: 0649 bac0 | 9887 19d2 | 0100 004c | 8954 2408 | 48c7 0424 | ffff ffff 

  0x000001d20098d78c: ;   {runtime_call C1 Runtime counter_overflow_blob}
  0x000001d20098d78c: e8cf 19c0 

  0x000001d20098d790: ; ImmutableOopMap {rax=Oop rsi=Oop [120]=Oop [128]=Oop [136]=Oop [144]=Oop [176]=Oop [184]=Oop }
                      ;*synchronization entry
                      ; - com.sun.javafx.font.PrismFont::getFamilyName@-1 (line 51)
                      ; - com.sun.javafx.text.PrismTextLayout::shape@135 (line 859)
  0x000001d20098d790: 06e9 e0e6 

  0x000001d20098d794: ;   {runtime_call C1 Runtime throw_null_pointer_exception_blob}
  0x000001d20098d794: ffff e8c5 

  0x000001d20098d798: ; ImmutableOopMap {rax=Oop rsi=Oop rdi=Oop [120]=Oop [128]=Oop [136]=Oop [144]=Oop [176]=Oop [184]=Oop }
                      ;*invokeinterface getFamilyName {reexecute=0 rethrow=0 return_oop=0}
                      ; - com.sun.javafx.font.PrismFont::getFamilyName@4 (line 51)
                      ; - com.sun.javafx.text.PrismTextLayout::shape@135 (line 859)
                      ;   {runtime_call C1 Runtime throw_null_pointer_exception_blob}
  0x000001d20098d798: a4bf 06e8 

  0x000001d20098d79c: ; ImmutableOopMap {rax=Oop [120]=Oop [128]=Oop [136]=Oop [144]=Oop [168]=Oop [176]=Oop [184]=Oop }
                      ;*invokevirtual equals {reexecute=0 rethrow=0 return_oop=0}
                      ; - com.sun.javafx.text.PrismTextLayout::shape@143 (line 859)
  0x000001d20098d79c: c0a4 bf06 

  0x000001d20098d7a0: ;   {runtime_call C1 Runtime throw_incompatible_class_change_error_blob}
  0x000001d20098d7a0: e8bb cfbf 

  0x000001d20098d7a4: ; ImmutableOopMap {rax=Oop [120]=Oop [128]=Oop [136]=Oop [144]=Oop [168]=Oop [176]=Oop [184]=Oop }
                      ;*invokeinterface getDescent {reexecute=0 rethrow=0 return_oop=0}
                      ; - com.sun.javafx.text.PrismTextLayout::shape@172 (line 863)
                      ;   {runtime_call C1 Runtime throw_incompatible_class_change_error_blob}
  0x000001d20098d7a4: 06e8 b6cf 

  0x000001d20098d7a8: ; ImmutableOopMap {rax=Oop [120]=Oop [128]=Oop [136]=Oop [144]=Oop [168]=Oop [176]=Oop [184]=Oop }
                      ;*invokeinterface getLineGap {reexecute=0 rethrow=0 return_oop=0}
                      ; - com.sun.javafx.text.PrismTextLayout::shape@188 (line 864)
                      ;   {runtime_call C1 Runtime throw_incompatible_class_change_error_blob}
  0x000001d20098d7a8: bf06 e8b1 

  0x000001d20098d7ac: ; ImmutableOopMap {rax=Oop [120]=Oop [128]=Oop [136]=Oop [144]=Oop [168]=Oop [176]=Oop [184]=Oop }
                      ;*invokeinterface getCapHeight {reexecute=0 rethrow=0 return_oop=0}
                      ; - com.sun.javafx.text.PrismTextLayout::shape@204 (line 865)
                      ;   {metadata({method} {0x000001d21a0794a8} 'getCapHeight' '()F' in 'com/sun/javafx/font/PrismMetrics')}
  0x000001d20098d7ac: cfbf 0649 | baa0 9407 | 1ad2 0100 | 004c 8954 | 2408 48c7 | 0424 ffff 

  0x000001d20098d7c4: ;   {runtime_call C1 Runtime counter_overflow_blob}
  0x000001d20098d7c4: ffff e895 

  0x000001d20098d7c8: ; ImmutableOopMap {rax=Oop [120]=Oop [128]=Oop [136]=Oop [144]=Oop [168]=Oop [176]=Oop [184]=Oop }
                      ;*synchronization entry
                      ; - com.sun.javafx.font.PrismMetrics::getCapHeight@-1 (line 102)
                      ; - com.sun.javafx.text.PrismTextLayout::shape@204 (line 865)
  0x000001d20098d7c8: 19c0 06e9 | ebe9 ffff 

  0x000001d20098d7d0: ;   {metadata({method} {0x000001d21a079208} 'checkStyleMetrics' '()V' in 'com/sun/javafx/font/PrismMetrics')}
  0x000001d20098d7d0: 49ba 0092 | 071a d201 | 0000 4c89 | 5424 0848 | c704 24ff 

  0x000001d20098d7e4: ;   {runtime_call C1 Runtime counter_overflow_blob}
  0x000001d20098d7e4: ffff ffe8 

  0x000001d20098d7e8: ; ImmutableOopMap {rax=Oop [120]=Oop [128]=Oop [136]=Oop [144]=Oop [168]=Oop [176]=Oop [184]=Oop }
                      ;*synchronization entry
                      ; - com.sun.javafx.font.PrismMetrics::checkStyleMetrics@-1 (line 77)
                      ; - com.sun.javafx.font.PrismMetrics::getCapHeight@1 (line 102)
                      ; - com.sun.javafx.text.PrismTextLayout::shape@204 (line 865)
  0x000001d20098d7e8: 7419 c006 | e906 eaff 

  0x000001d20098d7f0: ;   {runtime_call C1 Runtime throw_null_pointer_exception_blob}
  0x000001d20098d7f0: ffe8 6aa4 

  0x000001d20098d7f4: ; ImmutableOopMap {rax=Oop rdx=Oop [120]=Oop [128]=Oop [136]=Oop [144]=Oop [168]=Oop [176]=Oop [184]=Oop }
                      ;*invokevirtual getStyleMetrics {reexecute=0 rethrow=0 return_oop=0}
                      ; - com.sun.javafx.font.PrismMetrics::checkStyleMetrics@16 (line 78)
                      ; - com.sun.javafx.font.PrismMetrics::getCapHeight@1 (line 102)
                      ; - com.sun.javafx.text.PrismTextLayout::shape@204 (line 865)
  0x000001d20098d7f4: bf06 8b72 | 2048 c1e6 | 0348 83fe | 000f 840a | ebff ff48 

  0x000001d20098d808: ;   {runtime_call g1_pre_barrier_slow}
  0x000001d20098d808: 8934 24e8 | 502a c006 | e9fc eaff | ff48 83f8 | 000f 8411 | ebff ff48 

  0x000001d20098d820: ;   {runtime_call g1_post_barrier_slow}
  0x000001d20098d820: 8914 24e8 | 382d c006 | e903 ebff 

  0x000001d20098d82c: ;   {runtime_call C1 Runtime throw_null_pointer_exception_blob}
  0x000001d20098d82c: ffe8 2ea4 

  0x000001d20098d830: ; ImmutableOopMap {rdx=Oop [120]=Oop [128]=Oop [136]=Oop [144]=Oop [168]=Oop [176]=Oop }
                      ;*faload {reexecute=0 rethrow=0 return_oop=0}
                      ; - com.sun.javafx.font.PrismMetrics::getCapHeight@9 (line 103)
                      ; - com.sun.javafx.text.PrismTextLayout::shape@204 (line 865)
                      ;   {runtime_call C1 Runtime throw_null_pointer_exception_blob}
  0x000001d20098d830: bf06 e829 

  0x000001d20098d834: ; ImmutableOopMap {rdx=Oop [120]=Oop [128]=Oop [136]=Oop [144]=Oop [168]=Oop [176]=Oop }
                      ;*faload {reexecute=0 rethrow=0 return_oop=0}
                      ; - com.sun.javafx.font.PrismMetrics::getCapHeight@9 (line 103)
                      ; - com.sun.javafx.text.PrismTextLayout::shape@204 (line 865)
  0x000001d20098d834: a4bf 0648 | c704 2401 | 0000 0048 | 8954 2408 

  0x000001d20098d844: ;   {runtime_call C1 Runtime throw_range_check_failed_blob}
  0x000001d20098d844: e817 9bbf 

  0x000001d20098d848: ; ImmutableOopMap {rdx=Oop [120]=Oop [128]=Oop [136]=Oop [144]=Oop [168]=Oop [176]=Oop }
                      ;*faload {reexecute=0 rethrow=0 return_oop=0}
                      ; - com.sun.javafx.font.PrismMetrics::getCapHeight@9 (line 103)
                      ; - com.sun.javafx.text.PrismTextLayout::shape@204 (line 865)
                      ;   {metadata({method} {0x000001d21a070888} 'setMetrics' '(FFF)V' in 'com/sun/javafx/text/TextRun')}
  0x000001d20098d848: 0649 ba80 | 0807 1ad2 | 0100 004c | 8954 2408 | 48c7 0424 | ffff ffff 

  0x000001d20098d860: ;   {runtime_call C1 Runtime counter_overflow_blob}
  0x000001d20098d860: e8fb 18c0 

  0x000001d20098d864: ; ImmutableOopMap {r8=Oop [120]=Oop [128]=Oop [136]=Oop [144]=Oop [168]=Oop [176]=Oop }
                      ;*synchronization entry
                      ; - com.sun.javafx.text.TextRun::setMetrics@-1 (line 205)
                      ; - com.sun.javafx.text.PrismTextLayout::shape@258 (line 872)
  0x000001d20098d864: 06e9 01ec 

  0x000001d20098d868: ;   {runtime_call C1 Runtime throw_incompatible_class_change_error_blob}
  0x000001d20098d868: ffff e8f1 

  0x000001d20098d86c: ; ImmutableOopMap {r8=Oop rdx=Oop [120]=Oop [128]=Oop [136]=Oop [144]=Oop [168]=Oop [176]=Oop [184]=Oop }
                      ;*invokeinterface getAscent {reexecute=0 rethrow=0 return_oop=0}
                      ; - com.sun.javafx.text.PrismTextLayout::shape@267 (line 874)
                      ;   {runtime_call C1 Runtime throw_null_pointer_exception_blob}
  0x000001d20098d86c: cebf 06e8 

  0x000001d20098d870: ; ImmutableOopMap {r8=Oop rdx=Oop [120]=Oop [128]=Oop [136]=Oop [144]=Oop [168]=Oop [176]=Oop [184]=Oop }
                      ;*invokeinterface getAscent {reexecute=0 rethrow=0 return_oop=0}
                      ; - com.sun.javafx.text.PrismTextLayout::shape@267 (line 874)
  0x000001d20098d870: eca3 bf06 

  0x000001d20098d874: ;   {runtime_call C1 Runtime throw_incompatible_class_change_error_blob}
  0x000001d20098d874: e8e7 cebf 

  0x000001d20098d878: ; ImmutableOopMap {r8=Oop rdx=Oop [120]=Oop [128]=Oop [136]=Oop [144]=Oop [168]=Oop [176]=Oop [184]=Oop }
                      ;*invokeinterface getDescent {reexecute=0 rethrow=0 return_oop=0}
                      ; - com.sun.javafx.text.PrismTextLayout::shape@274 (line 874)
                      ;   {runtime_call C1 Runtime throw_incompatible_class_change_error_blob}
  0x000001d20098d878: 06e8 e2ce 

  0x000001d20098d87c: ; ImmutableOopMap {r8=Oop rdx=Oop [120]=Oop [128]=Oop [136]=Oop [144]=Oop [168]=Oop [176]=Oop [184]=Oop }
                      ;*invokeinterface getLineGap {reexecute=0 rethrow=0 return_oop=0}
                      ; - com.sun.javafx.text.PrismTextLayout::shape@281 (line 874)
                      ;   {metadata({method} {0x000001d21a070888} 'setMetrics' '(FFF)V' in 'com/sun/javafx/text/TextRun')}
  0x000001d20098d87c: bf06 49ba | 8008 071a | d201 0000 | 4c89 5424 | 0848 c704 | 24ff ffff 

  0x000001d20098d894: ;   {runtime_call C1 Runtime counter_overflow_blob}
  0x000001d20098d894: ffe8 c618 

  0x000001d20098d898: ; ImmutableOopMap {r8=Oop [120]=Oop [128]=Oop [136]=Oop [144]=Oop [168]=Oop [176]=Oop }
                      ;*synchronization entry
                      ; - com.sun.javafx.text.TextRun::setMetrics@-1 (line 205)
                      ; - com.sun.javafx.text.PrismTextLayout::shape@286 (line 874)
  0x000001d20098d898: c006 e91e 

  0x000001d20098d89c: ;   {metadata({method} {0x000001d21a06ae28} 'isTab' '()Z' in 'com/sun/javafx/text/TextRun')}
  0x000001d20098d89c: edff ff49 | ba20 ae06 | 1ad2 0100 | 004c 8954 | 2408 48c7 | 0424 ffff 

  0x000001d20098d8b4: ;   {runtime_call C1 Runtime counter_overflow_blob}
  0x000001d20098d8b4: ffff e8a5 

  0x000001d20098d8b8: ; ImmutableOopMap {r8=Oop [120]=Oop [128]=Oop [136]=Oop [144]=Oop [168]=Oop [176]=Oop }
                      ;*synchronization entry
                      ; - com.sun.javafx.text.TextRun::isTab@-1 (line 134)
                      ; - com.sun.javafx.text.PrismTextLayout::shape@290 (line 878)
  0x000001d20098d8b8: 18c0 06e9 | 4bed ffff 

  0x000001d20098d8c0: ;   {metadata({method} {0x000001d21a06ab78} 'isLinebreak' '()Z' in 'com/sun/javafx/text/TextRun')}
  0x000001d20098d8c0: 49ba 70ab | 061a d201 | 0000 4c89 | 5424 0848 | c704 24ff 

  0x000001d20098d8d4: ;   {runtime_call C1 Runtime counter_overflow_blob}
  0x000001d20098d8d4: ffff ffe8 

  0x000001d20098d8d8: ; ImmutableOopMap {r8=Oop [120]=Oop [128]=Oop [136]=Oop [144]=Oop [168]=Oop [176]=Oop }
                      ;*synchronization entry
                      ; - com.sun.javafx.text.TextRun::isLinebreak@-1 (line 118)
                      ; - com.sun.javafx.text.PrismTextLayout::shape@298 (line 879)
  0x000001d20098d8d8: 8418 c006 | e9e6 edff 

  0x000001d20098d8e0: ;   {metadata({method} {0x000001d21a070280} 'isComplex' '()Z' in 'com/sun/javafx/text/TextRun')}
  0x000001d20098d8e0: ff49 ba78 | 0207 1ad2 | 0100 004c | 8954 2408 | 48c7 0424 | ffff ffff 

  0x000001d20098d8f8: ;   {runtime_call C1 Runtime counter_overflow_blob}
  0x000001d20098d8f8: e863 18c0 

  0x000001d20098d8fc: ; ImmutableOopMap {r8=Oop [120]=Oop [128]=Oop [136]=Oop [144]=Oop [168]=Oop [176]=Oop }
                      ;*synchronization entry
                      ; - com.sun.javafx.text.TextRun::isComplex@-1 (line 158)
                      ; - com.sun.javafx.text.PrismTextLayout::shape@314 (line 881)
  0x000001d20098d8fc: 06e9 c0ee 

  0x000001d20098d900: ;   {runtime_call C1 Runtime throw_null_pointer_exception_blob}
  0x000001d20098d900: ffff e859 

  0x000001d20098d904: ; ImmutableOopMap {rax=Oop [120]=Oop [128]=Oop [136]=Oop }
                      ;*invokeinterface getFontResource {reexecute=0 rethrow=0 return_oop=0}
                      ; - com.sun.javafx.text.PrismTextLayout::shape@335 (line 885)
                      ;   {runtime_call C1 Runtime throw_null_pointer_exception_blob}
  0x000001d20098d904: a3bf 06e8 

  0x000001d20098d908: ; ImmutableOopMap {rax=Oop [128]=Oop [136]=Oop [192]=Oop }
                      ;*invokeinterface getGlyphMapper {reexecute=0 rethrow=0 return_oop=0}
                      ; - com.sun.javafx.text.PrismTextLayout::shape@372 (line 892)
  0x000001d20098d908: 54a3 bf06 

  0x000001d20098d90c: ;   {runtime_call C1 Runtime new_type_array_blob}
  0x000001d20098d90c: e84f b4bf 

  0x000001d20098d910: ; ImmutableOopMap {r11=Oop [128]=Oop [136]=Oop [192]=Oop }
                      ;*newarray {reexecute=0 rethrow=0 return_oop=0}
                      ; - com.sun.javafx.text.PrismTextLayout::shape@381 (line 895)
  0x000001d20098d910: 06e9 7bf2 

  0x000001d20098d914: ;   {runtime_call C1 Runtime throw_null_pointer_exception_blob}
  0x000001d20098d914: ffff e845 

  0x000001d20098d918: ; ImmutableOopMap {r11=Oop rax=Oop [128]=Oop [136]=Oop [192]=Oop [208]=Oop }
                      ;*invokevirtual charsToGlyphs {reexecute=0 rethrow=0 return_oop=0}
                      ; - com.sun.javafx.text.PrismTextLayout::shape@394 (line 896)
                      ;   {runtime_call C1 Runtime new_type_array_blob}
  0x000001d20098d918: a3bf 06e8 

  0x000001d20098d91c: ; ImmutableOopMap {[128]=Oop [192]=Oop [208]=Oop }
                      ;*newarray {reexecute=0 rethrow=0 return_oop=0}
                      ; - com.sun.javafx.text.PrismTextLayout::shape@403 (line 897)
  0x000001d20098d91c: 40b4 bf06 | e9c8 f3ff | ff48 8934 | 2448 8944 

  0x000001d20098d92c: ;   {runtime_call C1 Runtime throw_range_check_failed_blob}
  0x000001d20098d92c: 2408 e82d 

  0x000001d20098d930: ; ImmutableOopMap {rax=Oop rbx=Oop [128]=Oop [192]=Oop [208]=Oop [224]=Oop }
                      ;*iaload {reexecute=0 rethrow=0 return_oop=0}
                      ; - com.sun.javafx.text.PrismTextLayout::shape@426 (line 900)
  0x000001d20098d930: 9abf 0648 | 8934 2448 | 8944 2408 

  0x000001d20098d93c: ;   {runtime_call C1 Runtime throw_range_check_failed_blob}
  0x000001d20098d93c: e81f 9abf 

  0x000001d20098d940: ; ImmutableOopMap {rax=Oop [128]=Oop [192]=Oop [208]=Oop [224]=Oop }
                      ;*fastore {reexecute=0 rethrow=0 return_oop=0}
                      ; - com.sun.javafx.text.PrismTextLayout::shape@444 (line 901)
                      ;   {metadata({method} {0x000001d219c87f18} 'shape' '(Lcom/sun/javafx/text/TextRun;[CLcom/sun/javafx/text/GlyphLayout;)V' in 'com/sun/javafx/text/PrismTextLayout')}
  0x000001d20098d940: 0649 ba10 | 7fc8 19d2 | 0100 004c | 8954 2408 | 48c7 0424 | c701 0000 

  0x000001d20098d958: ;   {runtime_call C1 Runtime counter_overflow_blob}
  0x000001d20098d958: e803 18c0 

  0x000001d20098d95c: ; ImmutableOopMap {rax=Oop [128]=Oop [192]=Oop [208]=Oop [224]=Oop }
                      ;*goto {reexecute=1 rethrow=0 return_oop=0}
                      ; - (reexecute) com.sun.javafx.text.PrismTextLayout::shape@455 (line 899)
  0x000001d20098d95c: 06e9 d2f4 

  0x000001d20098d960: ;   {runtime_call C1 Runtime throw_null_pointer_exception_blob}
  0x000001d20098d960: ffff e8f9 

  0x000001d20098d964: ; ImmutableOopMap {rdx=Oop [120]=Oop [128]=Oop [136]=Oop [176]=Oop [192]=Oop }
                      ;*getfield valid {reexecute=1 rethrow=0 return_oop=0}
                      ; - (reexecute) com.sun.javafx.text.PrismTextLayout::shape@485 (line 911)
                      ;   {runtime_call C1 Runtime throw_null_pointer_exception_blob}
  0x000001d20098d964: a2bf 06e8 

  0x000001d20098d968: ; ImmutableOopMap {rax=Oop [120]=Oop [128]=Oop [136]=Oop [192]=Oop }
                      ;*invokeinterface getGlyphMapper {reexecute=0 rethrow=0 return_oop=0}
                      ; - com.sun.javafx.text.PrismTextLayout::shape@502 (line 913)
  0x000001d20098d968: f4a2 bf06 

  0x000001d20098d96c: ;   {runtime_call C1 Runtime throw_null_pointer_exception_blob}
  0x000001d20098d96c: e8ef a2bf 

  0x000001d20098d970: ; ImmutableOopMap {rax=Oop rdx=Oop [120]=Oop [128]=Oop [136]=Oop [192]=Oop }
                      ;*getfield glyphs {reexecute=1 rethrow=0 return_oop=0}
                      ; - (reexecute) com.sun.javafx.text.PrismTextLayout::shape@520 (line 914)
                      ;   {runtime_call C1 Runtime throw_null_pointer_exception_blob}
  0x000001d20098d970: 06e8 eaa2 

  0x000001d20098d974: ; ImmutableOopMap {rax=Oop rdx=Oop rsi=Oop [120]=Oop [128]=Oop [136]=Oop [192]=Oop }
                      ;*invokevirtual charsToGlyphs {reexecute=0 rethrow=0 return_oop=0}
                      ; - com.sun.javafx.text.PrismTextLayout::shape@525 (line 914)
                      ;   {runtime_call C1 Runtime throw_null_pointer_exception_blob}
  0x000001d20098d974: bf06 e8e5 

  0x000001d20098d978: ; ImmutableOopMap {rdx=Oop rax=Oop [120]=Oop [128]=Oop [192]=Oop }
                      ;*getfield glyphs {reexecute=1 rethrow=0 return_oop=0}
                      ; - (reexecute) com.sun.javafx.text.PrismTextLayout::shape@555 (line 918)
                      ;   {runtime_call C1 Runtime throw_null_pointer_exception_blob}
  0x000001d20098d978: a2bf 06e8 

  0x000001d20098d97c: ; ImmutableOopMap {rdx=Oop rax=Oop r8=Oop [120]=Oop [128]=Oop [192]=Oop }
                      ;*iaload {reexecute=0 rethrow=0 return_oop=0}
                      ; - com.sun.javafx.text.PrismTextLayout::shape@560 (line 918)
  0x000001d20098d97c: e0a2 bf06 

  0x000001d20098d980: ;   {runtime_call C1 Runtime throw_null_pointer_exception_blob}
  0x000001d20098d980: e8db a2bf 

  0x000001d20098d984: ; ImmutableOopMap {rdx=Oop rax=Oop r8=Oop [120]=Oop [128]=Oop [192]=Oop }
                      ;*iaload {reexecute=0 rethrow=0 return_oop=0}
                      ; - com.sun.javafx.text.PrismTextLayout::shape@560 (line 918)
  0x000001d20098d984: 0648 893c | 244c 8944 

  0x000001d20098d98c: ;   {runtime_call C1 Runtime throw_range_check_failed_blob}
  0x000001d20098d98c: 2408 e8cd 

  0x000001d20098d990: ; ImmutableOopMap {rdx=Oop rax=Oop r8=Oop [120]=Oop [128]=Oop [192]=Oop }
                      ;*iaload {reexecute=0 rethrow=0 return_oop=0}
                      ; - com.sun.javafx.text.PrismTextLayout::shape@560 (line 918)
                      ;   {runtime_call C1 Runtime throw_null_pointer_exception_blob}
  0x000001d20098d990: 99bf 06e8 

  0x000001d20098d994: ; ImmutableOopMap {rdx=Oop [120]=Oop [128]=Oop [192]=Oop }
                      ;*getfield advances {reexecute=1 rethrow=0 return_oop=0}
                      ; - (reexecute) com.sun.javafx.text.PrismTextLayout::shape@574 (line 919)
  0x000001d20098d994: c8a2 bf06 

  0x000001d20098d998: ;   {runtime_call C1 Runtime throw_null_pointer_exception_blob}
  0x000001d20098d998: e8c3 a2bf 

  0x000001d20098d99c: ; ImmutableOopMap {rdx=Oop r8=Oop [120]=Oop [128]=Oop [192]=Oop }
                      ;*fastore {reexecute=0 rethrow=0 return_oop=0}
                      ; - com.sun.javafx.text.PrismTextLayout::shape@581 (line 919)
                      ;   {runtime_call C1 Runtime throw_null_pointer_exception_blob}
  0x000001d20098d99c: 06e8 bea2 

  0x000001d20098d9a0: ; ImmutableOopMap {rdx=Oop r8=Oop [120]=Oop [128]=Oop [192]=Oop }
                      ;*fastore {reexecute=0 rethrow=0 return_oop=0}
                      ; - com.sun.javafx.text.PrismTextLayout::shape@581 (line 919)
  0x000001d20098d9a0: bf06 4889 | 3c24 4c89 

  0x000001d20098d9a8: ;   {runtime_call C1 Runtime throw_range_check_failed_blob}
  0x000001d20098d9a8: 4424 08e8 

  0x000001d20098d9ac: ; ImmutableOopMap {rdx=Oop r8=Oop [120]=Oop [128]=Oop [192]=Oop }
                      ;*fastore {reexecute=0 rethrow=0 return_oop=0}
                      ; - com.sun.javafx.text.PrismTextLayout::shape@581 (line 919)
  0x000001d20098d9ac: b099 bf06 

  0x000001d20098d9b0: ;   {metadata({method} {0x000001d219c87f18} 'shape' '(Lcom/sun/javafx/text/TextRun;[CLcom/sun/javafx/text/GlyphLayout;)V' in 'com/sun/javafx/text/PrismTextLayout')}
  0x000001d20098d9b0: 49ba 107f | c819 d201 | 0000 4c89 | 5424 0848 | c704 2450 

  0x000001d20098d9c4: ;   {runtime_call C1 Runtime counter_overflow_blob}
  0x000001d20098d9c4: 0200 00e8 

  0x000001d20098d9c8: ; ImmutableOopMap {rdx=Oop [120]=Oop [128]=Oop [192]=Oop }
                      ;*goto {reexecute=1 rethrow=0 return_oop=0}
                      ; - (reexecute) com.sun.javafx.text.PrismTextLayout::shape@592 (line 917)
  0x000001d20098d9c8: 9417 c006 | e9fa f8ff 

  0x000001d20098d9d0: ;   {runtime_call C1 Runtime throw_null_pointer_exception_blob}
  0x000001d20098d9d0: ffe8 8aa2 

  0x000001d20098d9d4: ; ImmutableOopMap {rdi=Oop r9=Oop [128]=Oop }
                      ;*getfield glyphs {reexecute=1 rethrow=0 return_oop=0}
                      ; - (reexecute) com.sun.javafx.text.PrismTextLayout::shape@608 (line 924)
                      ;   {metadata({method} {0x000001d21a071720} 'shape' '(I[I[F)V' in 'com/sun/javafx/text/TextRun')}
  0x000001d20098d9d4: bf06 49ba | 1817 071a | d201 0000 | 4c89 5424 | 0848 c704 | 24ff ffff 

  0x000001d20098d9ec: ;   {runtime_call C1 Runtime counter_overflow_blob}
  0x000001d20098d9ec: ffe8 6e17 

  0x000001d20098d9f0: ; ImmutableOopMap {rdi=Oop rsi=Oop r9=Oop [128]=Oop }
                      ;*synchronization entry
                      ; - com.sun.javafx.text.TextRun::shape@-1 (line 361)
                      ; - com.sun.javafx.text.PrismTextLayout::shape@618 (line 924)
  0x000001d20098d9f0: c006 e9c2 | f9ff ff44 | 8b47 4049 | c1e0 0349 | 83f8 000f | 84c2 f9ff | ff4c 8904 

  0x000001d20098da0c: ;   {runtime_call g1_pre_barrier_slow}
  0x000001d20098da0c: 24e8 4e28 | c006 e9b4 | f9ff ff48 | 83fe 000f | 84c9 f9ff | ff48 893c 

  0x000001d20098da24: ;   {runtime_call g1_post_barrier_slow}
  0x000001d20098da24: 24e8 362b | c006 e9bb | f9ff ff44 | 8b47 4449 | c1e0 0349 | 83f8 000f | 84b7 f9ff | ff4c 8904 
  0x000001d20098da44: ;   {runtime_call g1_pre_barrier_slow}
  0x000001d20098da44: 24e8 1628 | c006 e9a9 | f9ff ff49 | 83f9 000f | 84be f9ff | ff48 893c 

  0x000001d20098da5c: ;   {runtime_call g1_post_barrier_slow}
  0x000001d20098da5c: 24e8 fe2a | c006 e9b0 | f9ff ff44 | 8b47 4849 | c1e0 0349 | 83f8 000f | 84ac f9ff | ff4c 8904 
  0x000001d20098da7c: ;   {runtime_call g1_pre_barrier_slow}
  0x000001d20098da7c: 24e8 de27 | c006 e99e 

  0x000001d20098da84: ;   {internal_word}
  0x000001d20098da84: f9ff ff49 | ba43 d498 | 00d2 0100 | 004d 8997 | e004 0000 

  0x000001d20098da98: ;   {runtime_call SafepointBlob}
  0x000001d20098da98: e9c3 47b2 | 0648 8934 | 2448 8944 

  0x000001d20098daa4: ;   {runtime_call C1 Runtime throw_range_check_failed_blob}
  0x000001d20098daa4: 2408 e8b5 

  0x000001d20098daa8: ; ImmutableOopMap {r9=Oop rax=Oop rdi=Oop [128]=Oop [208]=Oop [224]=Oop }
                      ;*fastore {reexecute=0 rethrow=0 return_oop=0}
                      ; - com.sun.javafx.text.PrismTextLayout::shape@466 (line 905)
                      ;   {metadata({method} {0x000001d21a071660} 'shape' '(I[I[F[I)V' in 'com/sun/javafx/text/TextRun')}
  0x000001d20098daa8: 98bf 0649 | ba58 1607 | 1ad2 0100 | 004c 8954 | 2408 48c7 | 0424 ffff 

  0x000001d20098dac0: ;   {runtime_call C1 Runtime counter_overflow_blob}
  0x000001d20098dac0: ffff e899 

  0x000001d20098dac4: ; ImmutableOopMap {r9=Oop rax=Oop rdi=Oop [128]=Oop [208]=Oop [224]=Oop }
                      ;*synchronization entry
                      ; - com.sun.javafx.text.TextRun::shape@-1 (line 354)
                      ; - com.sun.javafx.text.PrismTextLayout::shape@475 (line 906)
  0x000001d20098dac4: 16c0 06e9 | 05fa ffff | 448b 4740 | 49c1 e003 | 4983 f800 | 0f84 05fa | ffff 4c89 

  0x000001d20098dae0: ;   {runtime_call g1_pre_barrier_slow}
  0x000001d20098dae0: 0424 e879 | 27c0 06e9 | f7f9 ffff | 4983 f900 | 0f84 0cfa | ffff 4889 

  0x000001d20098daf8: ;   {runtime_call g1_post_barrier_slow}
  0x000001d20098daf8: 3c24 e861 | 2ac0 06e9 | fef9 ffff | 448b 4744 | 49c1 e003 | 4983 f800 | 0f84 faf9 | ffff 4c89 
  0x000001d20098db18: ;   {runtime_call g1_pre_barrier_slow}
  0x000001d20098db18: 0424 e841 | 27c0 06e9 | ecf9 ffff | 4883 f800 | 0f84 01fa | ffff 4889 

  0x000001d20098db30: ;   {runtime_call g1_post_barrier_slow}
  0x000001d20098db30: 3c24 e829 | 2ac0 06e9 | f3f9 ffff | 448b 4748 | 49c1 e003 | 4983 f800 | 0f84 eff9 | ffff 4c89 
  0x000001d20098db50: ;   {runtime_call g1_pre_barrier_slow}
  0x000001d20098db50: 0424 e809 | 27c0 06e9 | e1f9 ffff 

  0x000001d20098db5c: ;   {internal_word}
  0x000001d20098db5c: 49ba 5dd5 | 9800 d201 | 0000 4d89 | 97e0 0400 

  0x000001d20098db6c: ;   {runtime_call SafepointBlob}
  0x000001d20098db6c: 00e9 ee46 

  0x000001d20098db70: ;   {runtime_call C1 Runtime throw_null_pointer_exception_blob}
  0x000001d20098db70: b206 e8e9 

  0x000001d20098db74: ; ImmutableOopMap {rbx=Oop rdx=Oop rax=Oop rsi=Oop rdi=Oop [128]=Oop }
                      ;*invokevirtual layout {reexecute=0 rethrow=0 return_oop=0}
                      ; - com.sun.javafx.text.PrismTextLayout::shape@327 (line 883)
                      ;   {internal_word}
  0x000001d20098db74: a0bf 0649 | baec d598 | 00d2 0100 | 004d 8997 | e004 0000 

  0x000001d20098db88: ;   {runtime_call SafepointBlob}
  0x000001d20098db88: e9d3 46b2 

  0x000001d20098db8c: ;   {internal_word}
  0x000001d20098db8c: 0649 baff | d598 00d2 | 0100 004d | 8997 e004 

  0x000001d20098db9c: ;   {runtime_call SafepointBlob}
  0x000001d20098db9c: 0000 e9bd 

  0x000001d20098dba0: ;   {internal_word}
  0x000001d20098dba0: 46b2 0649 | ba12 d698 | 00d2 0100 | 004d 8997 | e004 0000 

  0x000001d20098dbb4: ;   {runtime_call SafepointBlob}
  0x000001d20098dbb4: e9a7 46b2 

  0x000001d20098dbb8: ;   {internal_word}
  0x000001d20098dbb8: 0649 ba25 | d698 00d2 | 0100 004d | 8997 e004 

  0x000001d20098dbc8: ;   {runtime_call SafepointBlob}
  0x000001d20098dbc8: 0000 e991 

  0x000001d20098dbcc: ;   {internal_word}
  0x000001d20098dbcc: 46b2 0649 | ba84 d698 | 00d2 0100 | 004d 8997 | e004 0000 

  0x000001d20098dbe0: ;   {runtime_call SafepointBlob}
  0x000001d20098dbe0: e97b 46b2 

  0x000001d20098dbe4: ;   {internal_word}
  0x000001d20098dbe4: 0649 ba97 | d698 00d2 | 0100 004d | 8997 e004 

  0x000001d20098dbf4: ;   {runtime_call SafepointBlob}
  0x000001d20098dbf4: 0000 e965 | 46b2 0649 | 8b87 8805 | 0000 49c7 | 8788 0500 | 0000 0000 | 0049 c787 | 9005 0000 
  0x000001d20098dc14: 0000 0000 | 4881 c420 | 0100 005d 

  0x000001d20098dc20: ;   {runtime_call C1 Runtime unwind_exception_blob}
  0x000001d20098dc20: e9bb 8cbf | 06f4 f4f4 
[Stub Code]
  0x000001d20098dc28: ;   {other}
  0x000001d20098dc28: 0f1f 4400 

  0x000001d20098dc2c: ;   {static_stub}
  0x000001d20098dc2c: 0048 bb00 | 0000 0000 

  0x000001d20098dc34: ;   {runtime_call nmethod}
  0x000001d20098dc34: 0000 00e9 | fbff ffff 

  0x000001d20098dc3c: ;   {static_stub}
  0x000001d20098dc3c: 9048 bb00 | 0000 0000 

  0x000001d20098dc44: ;   {runtime_call nmethod}
  0x000001d20098dc44: 0000 00e9 | fbff ffff 

  0x000001d20098dc4c: ;   {static_stub}
  0x000001d20098dc4c: 9048 bb00 | 0000 0000 

  0x000001d20098dc54: ;   {runtime_call nmethod}
  0x000001d20098dc54: 0000 00e9 | fbff ffff 

  0x000001d20098dc5c: ;   {static_stub}
  0x000001d20098dc5c: 9048 bb00 | 0000 0000 

  0x000001d20098dc64: ;   {runtime_call nmethod}
  0x000001d20098dc64: 0000 00e9 | fbff ffff 

  0x000001d20098dc6c: ;   {static_stub}
  0x000001d20098dc6c: 9048 bb00 | 0000 0000 

  0x000001d20098dc74: ;   {runtime_call nmethod}
  0x000001d20098dc74: 0000 00e9 | fbff ffff 

  0x000001d20098dc7c: ;   {static_stub}
  0x000001d20098dc7c: 9048 bb00 | 0000 0000 

  0x000001d20098dc84: ;   {runtime_call nmethod}
  0x000001d20098dc84: 0000 00e9 | fbff ffff 

  0x000001d20098dc8c: ;   {static_stub}
  0x000001d20098dc8c: 9048 bb00 | 0000 0000 

  0x000001d20098dc94: ;   {runtime_call nmethod}
  0x000001d20098dc94: 0000 00e9 | fbff ffff 

  0x000001d20098dc9c: ;   {static_stub}
  0x000001d20098dc9c: 9048 bb00 | 0000 0000 

  0x000001d20098dca4: ;   {runtime_call nmethod}
  0x000001d20098dca4: 0000 00e9 | fbff ffff 

  0x000001d20098dcac: ;   {static_stub}
  0x000001d20098dcac: 9048 bb00 | 0000 0000 

  0x000001d20098dcb4: ;   {runtime_call nmethod}
  0x000001d20098dcb4: 0000 00e9 | fbff ffff 

  0x000001d20098dcbc: ;   {static_stub}
  0x000001d20098dcbc: 9048 bb00 | 0000 0000 

  0x000001d20098dcc4: ;   {runtime_call nmethod}
  0x000001d20098dcc4: 0000 00e9 | fbff ffff 

  0x000001d20098dccc: ;   {static_stub}
  0x000001d20098dccc: 9048 bb80 | eb86 19d2 

  0x000001d20098dcd4: ;   {runtime_call I2C/C2I adapters}
  0x000001d20098dcd4: 0100 00e9 | e63a b306 

  0x000001d20098dcdc: ;   {static_stub}
  0x000001d20098dcdc: 9048 bb00 | 0000 0000 

  0x000001d20098dce4: ;   {runtime_call nmethod}
  0x000001d20098dce4: 0000 00e9 | fbff ffff 

  0x000001d20098dcec: ;   {static_stub}
  0x000001d20098dcec: 9048 bb00 | 0000 0000 

  0x000001d20098dcf4: ;   {runtime_call nmethod}
  0x000001d20098dcf4: 0000 00e9 | fbff ffff 

  0x000001d20098dcfc: ;   {static_stub}
  0x000001d20098dcfc: 9048 bb00 | 0000 0000 

  0x000001d20098dd04: ;   {runtime_call nmethod}
  0x000001d20098dd04: 0000 00e9 | fbff ffff 

  0x000001d20098dd0c: ;   {static_stub}
  0x000001d20098dd0c: 9048 bbc8 | ea86 19d2 

  0x000001d20098dd14: ;   {runtime_call I2C/C2I adapters}
  0x000001d20098dd14: 0100 00e9 | a934 d806 

  0x000001d20098dd1c: ;   {static_stub}
  0x000001d20098dd1c: 9048 bb00 | 0000 0000 

  0x000001d20098dd24: ;   {runtime_call nmethod}
  0x000001d20098dd24: 0000 00e9 | fbff ffff 

  0x000001d20098dd2c: ;   {static_stub}
  0x000001d20098dd2c: 9048 bb08 | 3386 19d2 

  0x000001d20098dd34: ;   {runtime_call I2C/C2I adapters}
  0x000001d20098dd34: 0100 00e9 | 0659 af06 

  0x000001d20098dd3c: ;   {static_stub}
  0x000001d20098dd3c: 9048 bb00 | 0000 0000 

  0x000001d20098dd44: ;   {runtime_call nmethod}
  0x000001d20098dd44: 0000 00e9 | fbff ffff 

  0x000001d20098dd4c: ;   {static_stub}
  0x000001d20098dd4c: 48bb 0000 | 0000 0000 

  0x000001d20098dd54: ;   {runtime_call nmethod}
  0x000001d20098dd54: 0000 e9fb 

  0x000001d20098dd58: ;   {runtime_call C1 Runtime handle_exception_from_callee_blob}
  0x000001d20098dd58: ffff ffe8 | 00c1 bf06 

  0x000001d20098dd60: ;   {external_word}
  0x000001d20098dd60: 48b9 a001 | 3c10 fc7f | 0000 4883 

  0x000001d20098dd6c: ;   {runtime_call}
  0x000001d20098dd6c: e4f0 48b8 | 105c f60f | fc7f 0000 

  0x000001d20098dd78: ;   {section_word}
  0x000001d20098dd78: ffd0 f449 | ba7b dd98 | 00d2 0100 

  0x000001d20098dd84: ;   {runtime_call DeoptimizationBlob}
  0x000001d20098dd84: 0041 52e9 | 542c b206 | f4f4 f4f4 
[/MachCode]


Compiled method (c1) 10534 5457   !   3       com.sun.javafx.text.PrismTextLayout::layout (1636 bytes)
 total in heap  [0x000001d2007bd988,0x000001d2007c31f0] = 22632
 constants      [0x000001d2007bda80,0x000001d2007bdae0] = 96
 main code      [0x000001d2007bdae0,0x000001d2007c2f78] = 21656
 stub code      [0x000001d2007c2f78,0x000001d2007c31e0] = 616
 oops           [0x000001d2007c31e0,0x000001d2007c31f0] = 16
 mutable data [0x000001d23b8d0080,0x000001d23b8d08d0] = 2128
 relocation     [0x000001d23b8d0080,0x000001d23b8d0758] = 1752
 metadata       [0x000001d23b8d0758,0x000001d23b8d08d0] = 376
 immutable data [0x000001d232fa20c0,0x000001d232fa4858] = 10136
 dependencies   [0x000001d232fa20c0,0x000001d232fa2158] = 152
 nul chk table  [0x000001d232fa2158,0x000001d232fa2340] = 488
 handler table  [0x000001d232fa2340,0x000001d232fa2388] = 72
 scopes pcs     [0x000001d232fa2388,0x000001d232fa2ef8] = 2928
 scopes data    [0x000001d232fa2ef8,0x000001d232fa4858] = 6496


[Constant Pool]
             Address          hex4                    hex8      
  0x000001d2007bda80:   0x00000000      0x0000000000000000      
  0x000001d2007bda84:   0x00000000                              
  0x000001d2007bda88:   0x00000000      0x0000000000000000      
  0x000001d2007bda8c:   0x00000000                              
  0x000001d2007bda90:   0x00000000      0x3f80000000000000      
  0x000001d2007bda94:   0x3f800000                              
  0x000001d2007bda98:   0x00000000      0x0000000000000000      
  0x000001d2007bda9c:   0x00000000                              
  0x000001d2007bdaa0:   0x3f800000      0x3f0000003f800000      
  0x000001d2007bdaa4:   0x3f000000                              
  0x000001d2007bdaa8:   0x00000000      0x0000000000000000      
  0x000001d2007bdaac:   0x00000000                              
  0x000001d2007bdab0:   0x00000000      0x0000000000000000      
  0x000001d2007bdab4:   0x00000000                              
  0x000001d2007bdab8:   0x00000000      0x0000000000000000      
  0x000001d2007bdabc:   0x00000000                              
  0x000001d2007bdac0:   0x00000000      0x0000000000000000      
  0x000001d2007bdac4:   0x00000000                              
  0x000001d2007bdac8:   0xf4f4f4f4      0xf4f4f4f4f4f4f4f4      
  0x000001d2007bdacc:   0xf4f4f4f4                              
  0x000001d2007bdad0:   0xf4f4f4f4      0xf4f4f4f4f4f4f4f4      
  0x000001d2007bdad4:   0xf4f4f4f4                              
  0x000001d2007bdad8:   0xf4f4f4f4      0xf4f4f4f4f4f4f4f4      
  0x000001d2007bdadc:   0xf4f4f4f4                              

[MachCode]
[Instructions begin]
  0x000001d2007bdae0: ;   {other}
  0x000001d2007bdae0: 660f 1f84 | 0000 0000 | 0066 0f1f | 8400 0000 | 0000 448b | 5208 443b 

  0x000001d2007bdaf8: ;   {runtime_call Shared Runtime ic_miss_blob}
  0x000001d2007bdaf8: 5008 0f85 | e011 cf06 
[Verified Entry Point]
  0x000001d2007bdb00: 8984 2400 | 80ff ff55 | 4881 ec00 | 0200 0090 | 4181 7f20 | 0700 0000 

  0x000001d2007bdb18: ;   {runtime_call Stub::method_entry_barrier}
  0x000001d2007bdb18: 7405 e8c1 | 8acd 0648 | 8994 24b0 

  0x000001d2007bdb24: ;   {metadata(method data for {method} {0x000001d219c8c270} 'layout' '()V' in 'com/sun/javafx/text/PrismTextLayout')}
  0x000001d2007bdb24: 0000 0048 | bea0 c757 | 1ad2 0100 | 008b be90 | 0000 0083 | c702 89be | 9000 0000 | 81e7 fe07 
  0x000001d2007bdb44: 0000 85ff | 0f84 ec47 | 0000 488b 

  0x000001d2007bdb50: ;   {metadata(method data for {method} {0x000001d219c8c270} 'layout' '()V' in 'com/sun/javafx/text/PrismTextLayout')}
  0x000001d2007bdb50: f248 bfa0 | c757 1ad2 | 0100 0048 | 8387 d800 | 0000 0148 | 8bf2 488b | d666 0f1f 

  0x000001d2007bdb6c: ;   {optimized virtual_call}
  0x000001d2007bdb6c: 4400 00e8 

  0x000001d2007bdb70: ; ImmutableOopMap {[176]=Oop }
                      ;*invokevirtual initCache {reexecute=0 rethrow=0 return_oop=0}
                      ; - com.sun.javafx.text.PrismTextLayout::layout@1 (line 1060)
  0x000001d2007bdb70: cc38 e3ff 

  0x000001d2007bdb74: ;   {post_call_nop}
  0x000001d2007bdb74: 0f1f 8400 | ec01 0000 | 488b 9424 | b000 0000 | 8b72 3c48 | c1e6 0348 

  0x000001d2007bdb8c: ;   {metadata(method data for {method} {0x000001d219c8c270} 'layout' '()V' in 'com/sun/javafx/text/PrismTextLayout')}
  0x000001d2007bdb8c: 85f6 48be | a0c7 571a | d201 0000 | bf18 0100 | 0075 05bf | 0801 0000 | 488b 1c3e | 488d 5b01 
  0x000001d2007bdbac: 4889 1c3e | 0f85 e646 | 0000 488b 

  0x000001d2007bdbb8: ;   {metadata(method data for {method} {0x000001d219c8c270} 'layout' '()V' in 'com/sun/javafx/text/PrismTextLayout')}
  0x000001d2007bdbb8: f248 bfa0 | c757 1ad2 | 0100 0048 | 8387 2801 | 0000 0148 | 8bf2 488b | d666 0f1f 

  0x000001d2007bdbd4: ;   {optimized virtual_call}
  0x000001d2007bdbd4: 4400 00e8 

  0x000001d2007bdbd8: ; ImmutableOopMap {[176]=Oop }
                      ;*invokevirtual getText {reexecute=0 rethrow=0 return_oop=0}
                      ; - com.sun.javafx.text.PrismTextLayout::layout@13 (line 1064)
  0x000001d2007bdbd8: 442b 2e00 

  0x000001d2007bdbdc: ;   {post_call_nop}
  0x000001d2007bdbdc: 0f1f 8400 | 5402 0001 | 4889 8424 | b800 0000 | 488b 9424 | b000 0000 | 8b72 2083 | e602 85f6 
  0x000001d2007bdbfc: ;   {metadata(method data for {method} {0x000001d219c8c270} 'layout' '()V' in 'com/sun/javafx/text/PrismTextLayout')}
  0x000001d2007bdbfc: 48be a0c7 | 571a d201 | 0000 bf58 | 0100 0074 | 05bf 6801 | 0000 488b | 1c3e 488d | 5b01 4889 
  0x000001d2007bdc1c: 1c3e 0f84 | 5200 0000 

  0x000001d2007bdc24: ;   {metadata(method data for {method} {0x000001d219c8c270} 'layout' '()V' in 'com/sun/javafx/text/PrismTextLayout')}
  0x000001d2007bdc24: 488b f248 | bfa0 c757 | 1ad2 0100 | 0048 8387 | 7801 0000 | 0148 8bf2 

  0x000001d2007bdc3c: ;   {optimized virtual_call}
  0x000001d2007bdc3c: 488b d6e8 

  0x000001d2007bdc40: ; ImmutableOopMap {[176]=Oop [184]=Oop }
                      ;*invokevirtual isSimpleLayout {reexecute=0 rethrow=0 return_oop=0}
                      ; - com.sun.javafx.text.PrismTextLayout::layout@27 (line 1067)
  0x000001d2007bdc40: 7c52 1d00 

  0x000001d2007bdc44: ;   {post_call_nop}
  0x000001d2007bdc44: 0f1f 8400 | bc02 0002 

  0x000001d2007bdc4c: ;   {metadata(method data for {method} {0x000001d219c8c270} 'layout' '()V' in 'com/sun/javafx/text/PrismTextLayout')}
  0x000001d2007bdc4c: 85c0 49b8 | a0c7 571a | d201 0000 | bab8 0100 | 0075 05ba | a801 0000 | 498b 3410 | 488d 7601 
  0x000001d2007bdc6c: 4989 3410 | 0f85 4300 | 0000 488b | 9424 b000 

  0x000001d2007bdc7c: ;   {metadata(method data for {method} {0x000001d219c8c270} 'layout' '()V' in 'com/sun/javafx/text/PrismTextLayout')}
  0x000001d2007bdc7c: 0000 49b8 | a0c7 571a | d201 0000 | 4983 8010 | 0200 0001 | 4c8b 8424 | b800 0000 | 488b 9424 
  0x000001d2007bdc9c: b000 0000 | 0f1f 8000 

  0x000001d2007bdca4: ;   {optimized virtual_call}
  0x000001d2007bdca4: 0000 00e8 

  0x000001d2007bdca8: ; ImmutableOopMap {[176]=Oop [184]=Oop }
                      ;*invokevirtual buildRuns {reexecute=0 rethrow=0 return_oop=0}
                      ; - com.sun.javafx.text.PrismTextLayout::layout@42 (line 1070)
  0x000001d2007bdca8: 7433 90ff 

  0x000001d2007bdcac: ;   {post_call_nop}
  0x000001d2007bdcac: 0f1f 8400 | 2403 0003 | e943 0000 | 0048 8b94 | 24b0 0000 

  0x000001d2007bdcc0: ;   {metadata(method data for {method} {0x000001d219c8c270} 'layout' '()V' in 'com/sun/javafx/text/PrismTextLayout')}
  0x000001d2007bdcc0: 0048 bea0 | c757 1ad2 | 0100 0048 | 8386 c801 | 0000 0148 | 8b94 24b0 | 0000 000f 

  0x000001d2007bdcdc: ;   {optimized virtual_call}
  0x000001d2007bdcdc: 1f40 00e8 

  0x000001d2007bdce0: ; ImmutableOopMap {[176]=Oop [184]=Oop }
                      ;*invokevirtual reuseRuns {reexecute=0 rethrow=0 return_oop=0}
                      ; - com.sun.javafx.text.PrismTextLayout::layout@34 (line 1068)
  0x000001d2007bdce0: 2054 0000 

  0x000001d2007bdce4: ;   {post_call_nop}
  0x000001d2007bdce4: 0f1f 8400 | 5c03 0004 

  0x000001d2007bdcec: ;   {metadata(method data for {method} {0x000001d219c8c270} 'layout' '()V' in 'com/sun/javafx/text/PrismTextLayout')}
  0x000001d2007bdcec: 48be a0c7 | 571a d201 | 0000 ff86 | f801 0000 | 488b 9424 | b000 0000 | 8b72 2083 | e610 85f6 
  0x000001d2007bdd0c: ;   {metadata(method data for {method} {0x000001d219c8c270} 'layout' '()V' in 'com/sun/javafx/text/PrismTextLayout')}
  0x000001d2007bdd0c: 48be a0c7 | 571a d201 | 0000 bf50 | 0200 0075 | 05bf 4002 | 0000 488b | 1c3e 488d | 5b01 4889 
  0x000001d2007bdd2c: 1c3e 0f85 | 0f00 0000 

  0x000001d2007bdd34: ;   {oop(nullptr)}
  0x000001d2007bdd34: 48be 0000 | 0000 0000 | 0000 e92c 

  0x000001d2007bdd40: ;   {metadata(method data for {method} {0x000001d219c8c270} 'layout' '()V' in 'com/sun/javafx/text/PrismTextLayout')}
  0x000001d2007bdd40: 0000 0048 | bea0 c757 | 1ad2 0100 | 0048 8386 | 6002 0000 

  0x000001d2007bdd54: ;   {static_call}
  0x000001d2007bdd54: 0166 90e8 

  0x000001d2007bdd58: ; ImmutableOopMap {[176]=Oop [184]=Oop }
                      ;*invokestatic getInstance {reexecute=0 rethrow=0 return_oop=0}
                      ; - com.sun.javafx.text.PrismTextLayout::layout@57 (line 1075)
  0x000001d2007bdd58: 2435 85ff 

  0x000001d2007bdd5c: ;   {post_call_nop}
  0x000001d2007bdd5c: 0f1f 8400 | d403 0005 | 488b f048 | 8b94 24b0 | 0000 008b | 7a20 83e7 

  0x000001d2007bdd74: ;   {metadata(method data for {method} {0x000001d219c8c270} 'layout' '()V' in 'com/sun/javafx/text/PrismTextLayout')}
  0x000001d2007bdd74: 0485 ff48 | bfa0 c757 | 1ad2 0100 | 00bb 8002 | 0000 7505 | bb70 0200 | 0048 8b04 | 1f48 8d40 
  0x000001d2007bdd94: 0148 8904 | 1f0f 8515 

  0x000001d2007bdd9c: ;   {section_word}
  0x000001d2007bdd9c: 0000 00c5 | fa10 05d9 | fcff ff48 | 89b4 24c0 | 0000 00e9 | 3800 0000 | 4889 b424 | c000 0000 
  0x000001d2007bddbc: ;   {metadata(method data for {method} {0x000001d219c8c270} 'layout' '()V' in 'com/sun/javafx/text/PrismTextLayout')}
  0x000001d2007bddbc: 488b fa48 | bba0 c757 | 1ad2 0100 | 0048 8383 | 9002 0000 | 0148 8bfa 

  0x000001d2007bddd4: ;   {optimized virtual_call}
  0x000001d2007bddd4: 488b d7e8 

  0x000001d2007bddd8: ; ImmutableOopMap {[176]=Oop [184]=Oop [192]=Oop }
                      ;*invokevirtual getTabAdvance {reexecute=0 rethrow=0 return_oop=0}
                      ; - com.sun.javafx.text.PrismTextLayout::layout@73 (line 1080)
  0x000001d2007bddd8: 0414 cf06 

  0x000001d2007bdddc: ;   {post_call_nop}
  0x000001d2007bdddc: 0f1f 8400 | 5404 0006 | 488b 9424 | b000 0000 | c5fa 104a 

  0x000001d2007bddf0: ;   {section_word}
  0x000001d2007bddf0: 18c5 fa10 | 158b fcff | ffc5 f82e | cabe ffff | ffff 0f8a | 1400 0000 | 0f82 0e00 | 0000 be00 
  0x000001d2007bde10: 0000 000f | 8403 0000 | 0048 ffc6 

  0x000001d2007bde1c: ;   {metadata(method data for {method} {0x000001d219c8c270} 'layout' '()V' in 'com/sun/javafx/text/PrismTextLayout')}
  0x000001d2007bde1c: 85f6 48be | a0c7 571a | d201 0000 | bfd0 0200 | 007f 05bf | c002 0000 | 488b 1c3e | 488d 5b01 
  0x000001d2007bde3c: 4889 1c3e | 0f8f 2000 

  0x000001d2007bde44: ;   {oop(nullptr)}
  0x000001d2007bde44: 0000 48be | 0000 0000 | 0000 0000 | 4889 b424 | d800 0000 | c5fa 1184 | 24bc 0100 | 00e9 f600 
  0x000001d2007bde64: 0000 8b72 | 2083 e650 

  0x000001d2007bde6c: ;   {metadata(method data for {method} {0x000001d219c8c270} 'layout' '()V' in 'com/sun/javafx/text/PrismTextLayout')}
  0x000001d2007bde6c: 85f6 48be | a0c7 571a | d201 0000 | bff0 0200 | 0075 05bf | e002 0000 | 488b 1c3e | 488d 5b01 
  0x000001d2007bde8c: 4889 1c3e | 0f85 2000 

  0x000001d2007bde94: ;   {oop(nullptr)}
  0x000001d2007bde94: 0000 48be | 0000 0000 | 0000 0000 | 4889 b424 | d800 0000 | c5fa 1184 | 24bc 0100 | 00e9 a600 
  0x000001d2007bdeb4: 0000 c5fa | 1184 24bc 

  0x000001d2007bdebc: ;   {static_call}
  0x000001d2007bdebc: 0100 00e8 

  0x000001d2007bdec0: ; ImmutableOopMap {[176]=Oop [184]=Oop [192]=Oop }
                      ;*invokestatic getLineInstance {reexecute=0 rethrow=0 return_oop=0}
                      ; - com.sun.javafx.text.PrismTextLayout::layout@99 (line 1086)
  0x000001d2007bdec0: 1c1d cf06 

  0x000001d2007bdec4: ;   {post_call_nop}
  0x000001d2007bdec4: 0f1f 8400 | 3c05 0007 | 0f1f 4000 

  0x000001d2007bded0: ;   {other}
  0x000001d2007bded0: e995 4400 | 0000 0000 | 0000 4889 | 8424 d000 | 0000 e98d | 4400 004c 

  0x000001d2007bdee8: ;   {metadata(method data for {method} {0x000001d219c8c270} 'layout' '()V' in 'com/sun/javafx/text/PrismTextLayout')}
  0x000001d2007bdee8: 8bc0 48ba | a0c7 571a | d201 0000 | 4883 8210 | 0300 0001 | 4c8b 8424 | b800 0000 | 488b d048 
  0x000001d2007bdf08: 8984 24c8 

  0x000001d2007bdf0c: ;   {optimized virtual_call}
  0x000001d2007bdf0c: 0000 00e8 

  0x000001d2007bdf10: ; ImmutableOopMap {[176]=Oop [184]=Oop [192]=Oop [200]=Oop [208]=Oop }
                      ;*invokespecial <init> {reexecute=0 rethrow=0 return_oop=0}
                      ; - com.sun.javafx.text.PrismTextLayout::layout@111 (line 1087)
  0x000001d2007bdf10: cc12 cf06 

  0x000001d2007bdf14: ;   {post_call_nop}
  0x000001d2007bdf14: 0f1f 8400 | 8c05 0008 | 4c8b 8424 | c800 0000 | 488b 9424 | d000 0000 | 9048 b8b0 | 48fa 32d2 
  0x000001d2007bdf34: ;   {virtual_call}
  0x000001d2007bdf34: 0100 00e8 

  0x000001d2007bdf38: ; ImmutableOopMap {[176]=Oop [184]=Oop [192]=Oop [208]=Oop }
                      ;*invokevirtual setText {reexecute=0 rethrow=0 return_oop=0}
                      ; - com.sun.javafx.text.PrismTextLayout::layout@114 (line 1087)
  0x000001d2007bdf38: a417 cf06 

  0x000001d2007bdf3c: ;   {post_call_nop}
  0x000001d2007bdf3c: 0f1f 8400 | b405 0009 | 488b b424 | d000 0000 | 4889 b424 | d800 0000 | 488b 9424 | b000 0000 
  0x000001d2007bdf5c: 8b7a 2081 | e700 003c | 0089 bc24 | e000 0000 

  0x000001d2007bdf6c: ;   {metadata(method data for {method} {0x000001d219c8c270} 'layout' '()V' in 'com/sun/javafx/text/PrismTextLayout')}
  0x000001d2007bdf6c: 488b da48 | b8a0 c757 | 1ad2 0100 | 0048 8380 | 5003 0000 | 0148 8bda 

  0x000001d2007bdf84: ;   {optimized virtual_call}
  0x000001d2007bdf84: 488b d3e8 

  0x000001d2007bdf88: ; ImmutableOopMap {[176]=Oop [184]=Oop [192]=Oop [216]=Oop }
                      ;*invokevirtual isSimpleLayout {reexecute=0 rethrow=0 return_oop=0}
                      ; - com.sun.javafx.text.PrismTextLayout::layout@127 (line 1097)
  0x000001d2007bdf88: 344f 1d00 

  0x000001d2007bdf8c: ;   {post_call_nop}
  0x000001d2007bdf8c: 0f1f 8400 | 0406 000a 

  0x000001d2007bdf94: ;   {metadata(method data for {method} {0x000001d219c8c270} 'layout' '()V' in 'com/sun/javafx/text/PrismTextLayout')}
  0x000001d2007bdf94: 85c0 48ba | a0c7 571a | d201 0000 | be80 0300 | 0074 05be | 9003 0000 | 488b 3c32 | 488d 7f01 
  0x000001d2007bdfb4: 4889 3c32 | 0f84 d302 | 0000 488b | 9424 b000 | 0000 8b72 | 4c48 c1e6 | 0348 85f6 

  0x000001d2007bdfd0: ;   {metadata(method data for {method} {0x000001d219c8c270} 'layout' '()V' in 'com/sun/javafx/text/PrismTextLayout')}
  0x000001d2007bdfd0: 48be a0c7 | 571a d201 | 0000 bfb0 | 0300 0074 | 05bf a003 | 0000 488b | 043e 488d | 4001 4889 
  0x000001d2007bdff0: 043e 0f84 | 1000 0000 | 4c8b ac24 | b800 0000 | 4c8b dae9 | ae02 0000 | 488b 8424 | b800 0000 
  0x000001d2007be010: ;   {metadata('com/sun/javafx/text/LayoutCache')}
  0x000001d2007be010: 4c8b da48 | ba40 7130 | a000 0000 | 004c 8be8 | 498b 87c8 | 0100 0048 | 8d78 3849 | 3bbf d801 
  0x000001d2007be030: 0000 0f87 | 4943 0000 | 4989 bfc8 | 0100 0048 | c700 0100 | 0000 488b | ca41 ba00 | 0000 9f49 
  0x000001d2007be050: 2bca 8948 | 0848 33c9 | 8948 0c48 | 33c9 bf05 | 0000 0048 | 894c f808 | 48ff cf75 | f64c 8bc0 
  0x000001d2007be070: ;   {metadata(method data for {method} {0x000001d219c8c270} 'layout' '()V' in 'com/sun/javafx/text/PrismTextLayout')}
  0x000001d2007be070: 498b d848 | baa0 c757 | 1ad2 0100 | 0048 8382 | c003 0000 

  0x000001d2007be084: ;   {metadata(method data for {method} {0x000001d21a074080} '<init>' '()V' in 'com/sun/javafx/text/LayoutCache')}
  0x000001d2007be084: 0148 bbf8 | 7e2f 1bd2 | 0100 008b | 9390 0000 | 0083 c202 | 8993 9000 | 0000 81e2 | feff 1f00 
  0x000001d2007be0a4: 85d2 0f84 | e242 0000 

  0x000001d2007be0ac: ;   {metadata(method data for {method} {0x000001d21a074080} '<init>' '()V' in 'com/sun/javafx/text/LayoutCache')}
  0x000001d2007be0ac: 498b d848 | baf8 7e2f | 1bd2 0100 | 0048 8382 | d800 0000 

  0x000001d2007be0c0: ;   {metadata(method data for {method} {0x000000009f4b32d8} '<init>' '()V' in 'java/lang/Object')}
  0x000001d2007be0c0: 0148 bb30 | c800 19d2 | 0100 008b | 9390 0000 | 0083 c202 | 8993 9000 | 0000 81e2 | feff 1f00 
  0x000001d2007be0e0: 85d2 0f84 | c742 0000 | 410f be5f | 4885 db0f | 85db 4200 | 004d 8bd0 | 49c1 ea03 | 4589 534c 
  0x000001d2007be100: 498b d349 | 33d0 48c1 | ea16 4883 | fa00 0f85 | dc42 0000 

  0x000001d2007be114: ; implicit exception: dispatches to 0x000001d2007c2408
  0x000001d2007be114: 458b 4d0c 

  0x000001d2007be118: ;   {metadata({type array int})}
  0x000001d2007be118: 498b d948 | ba58 4718 | 9f00 0000 | 0048 63db | 488b fb48 | 81fb ffff | ff00 0f87 | d542 0000 
  0x000001d2007be138: be17 0000 | 0048 8d34 | 9e48 83e6 | f849 8b87 | c801 0000 | 488d 3430 | 493b b7d8 | 0100 000f 
  0x000001d2007be158: 87b0 4200 | 0049 89b7 | c801 0000 | 482b f048 | c700 0100 | 0000 488b | ca41 ba00 | 0000 9f49 
  0x000001d2007be178: 2bca 8948 | 0889 580c | 4883 ee10 | 4885 f60f | 8411 0000 | 0048 33db | 48c1 ee03 | 4889 5cf0 
  0x000001d2007be198: 0848 ffce | 75f6 410f | be5f 4885 | db0f 856c | 4200 004c | 8bd0 49c1 | ea03 4589 | 5020 498b 
  0x000001d2007be1b8: d848 33d8 | 48c1 eb16 | 4883 fb00 | 0f85 6d42 | 0000 498b 

  0x000001d2007be1cc: ;   {metadata({type array float})}
  0x000001d2007be1cc: d948 ba58 | 3f18 9f00 | 0000 0048 | 63db 488b | fb48 81fb | ffff ff00 | 0f87 6542 | 0000 be17 
  0x000001d2007be1ec: 0000 0048 | 8d34 9e48 | 83e6 f849 | 8b87 c801 | 0000 488d | 3430 493b | b7d8 0100 | 000f 8740 
  0x000001d2007be20c: 4200 0049 | 89b7 c801 | 0000 482b | f048 c700 | 0100 0000 | 488b ca41 | ba00 0000 | 9f49 2bca 
  0x000001d2007be22c: 8948 0889 | 580c 4883 | ee10 4885 | f60f 8411 | 0000 0048 | 33db 48c1 | ee03 4889 | 5cf0 0848 
  0x000001d2007be24c: ffce 75f6 | 410f be57 | 4885 d20f | 85fc 4100 | 004c 8bd0 | 49c1 ea03 | 4589 5024 | 498b d048 
  0x000001d2007be26c: 33d0 48c1 | ea16 4883 | fa00 0f85 | fd41 0000 

  0x000001d2007be27c: ;   {metadata(method data for {method} {0x000001d219c8c270} 'layout' '()V' in 'com/sun/javafx/text/PrismTextLayout')}
  0x000001d2007be27c: 48ba a0c7 | 571a d201 | 0000 ff82 | d003 0000 | e925 0000 | 004c 8bac | 24b8 0000 | 004c 8b9c 
  0x000001d2007be29c: 24b0 0000 | 0041 0fbe | 5748 85d2 | 0f85 e341 | 0000 41c7 | 434c 0000 

  0x000001d2007be2b4: ;   {metadata('java/util/ArrayList')}
  0x000001d2007be2b4: 0000 48ba | b0d4 219f | 0000 0000 | 498b 87c8 | 0100 0048 | 8d78 1849 | 3bbf d801 | 0000 0f87 
  0x000001d2007be2d4: d941 0000 | 4989 bfc8 | 0100 0048 | c700 0100 | 0000 488b | ca41 ba00 | 0000 9f49 | 2bca 8948 
  0x000001d2007be2f4: 0848 33c9 | 8948 0c48 | 33c9 4889 | 4810 4889 | 8424 f000 | 0000 4c8b 

  0x000001d2007be30c: ;   {metadata(method data for {method} {0x000001d219c8c270} 'layout' '()V' in 'com/sun/javafx/text/PrismTextLayout')}
  0x000001d2007be30c: c049 b9a0 | c757 1ad2 | 0100 0049 | 8381 e803 

  0x000001d2007be31c: ;   {metadata(method data for {method} {0x000000009f221f60} '<init>' '()V' in 'java/util/ArrayList')}
  0x000001d2007be31c: 0000 0149 | b8b8 cf2f | 19d2 0100 | 0045 8b88 | 9000 0000 | 4183 c102 | 4589 8890 | 0000 0041 
  0x000001d2007be33c: 81e1 feff | 1f00 4585 | c90f 8473 | 4100 004c 

  0x000001d2007be34c: ;   {metadata(method data for {method} {0x000000009f221f60} '<init>' '()V' in 'java/util/ArrayList')}
  0x000001d2007be34c: 8bc0 49b9 | b8cf 2f19 | d201 0000 | 4983 81d8 | 0000 0001 

  0x000001d2007be360: ;   {metadata(method data for {method} {0x000000009f220bf8} '<init>' '()V' in 'java/util/AbstractList')}
  0x000001d2007be360: 49b8 08cb | 1419 d201 | 0000 458b | 8890 0000 | 0041 83c1 | 0245 8988 | 9000 0000 | 4181 e1fe 
  0x000001d2007be380: ff1f 0045 | 85c9 0f84 | 5341 0000 

  0x000001d2007be38c: ;   {metadata(method data for {method} {0x000000009f220bf8} '<init>' '()V' in 'java/util/AbstractList')}
  0x000001d2007be38c: 4c8b c049 | b908 cb14 | 19d2 0100 | 0049 8381 | d800 0000 

  0x000001d2007be3a0: ;   {metadata(method data for {method} {0x000000009f21ffb8} '<init>' '()V' in 'java/util/AbstractCollection')}
  0x000001d2007be3a0: 0149 b8d8 | 2f01 19d2 | 0100 0045 | 8b88 9000 | 0000 4183 | c102 4589 | 8890 0000 | 0041 81e1 
  0x000001d2007be3c0: feff 1f00 | 4585 c90f | 8433 4100 | 004c 8bc0 

  0x000001d2007be3d0: ;   {metadata(method data for {method} {0x000000009f21ffb8} '<init>' '()V' in 'java/util/AbstractCollection')}
  0x000001d2007be3d0: 49b9 d82f | 0119 d201 | 0000 4983 | 81d8 0000 

  0x000001d2007be3e0: ;   {metadata(method data for {method} {0x000000009f4b32d8} '<init>' '()V' in 'java/lang/Object')}
  0x000001d2007be3e0: 0001 49b8 | 30c8 0019 | d201 0000 | 458b 8890 | 0000 0041 | 83c1 0245 | 8988 9000 | 0000 4181 
  0x000001d2007be400: e1fe ff1f | 0045 85c9 | 0f84 1341 | 0000 450f | be47 4845 | 85c0 0f85 | 2641 0000 

  0x000001d2007be41c: ;   {oop(a 'java/lang/Object'[0] {0x000000060b60db98})}
  0x000001d2007be41c: 49ba 98db | 600b 0600 | 0000 49c1 | ea03 4489 

  0x000001d2007be42c: ;   {oop(a 'java/lang/Object'[0] {0x000000060b60db98})}
  0x000001d2007be42c: 5014 49b8 | 98db 600b | 0600 0000 | 4c8b c84d | 33c8 49c1 | e916 4983 | f900 0f85 | 1641 0000 
  0x000001d2007be44c: be00 0000 | 00bb 0000 | 0000 b900 

  0x000001d2007be458: ;   {section_word}
  0x000001d2007be458: 0000 00c5 | fa10 0525 | f6ff ff89 | 9c24 ec00 | 0000 898c | 2400 0100 | 00c5 fa11 | 8424 c001 
  0x000001d2007be478: 0000 488b | 9c24 c000 | 0000 660f | 1f44 0000 | 418b 7b0c 

  0x000001d2007be48c: ;   {metadata(method data for {method} {0x000001d219c8c270} 'layout' '()V' in 'com/sun/javafx/text/PrismTextLayout')}
  0x000001d2007be48c: 3bf7 49b8 | a0c7 571a | d201 0000 | 41b9 f803 | 0000 7d06 | 41b9 0804 | 0000 89bc | 24e4 0000 
  0x000001d2007be4ac: 004b 8b3c | 0848 8d7f | 014b 893c | 080f 8d85 | 1a00 0045 | 8b43 4049 | c1e0 0341 | 3b70 0c0f 
  0x000001d2007be4cc: 83b3 4000 | 004c 63ce | 438b 7c88 | 1048 c1e7 | 0348 89bc | 24f8 0000 | 004d 8bc3 | 89b4 24e8 
  0x000001d2007be4ec: ;   {metadata(method data for {method} {0x000001d219c8c270} 'layout' '()V' in 'com/sun/javafx/text/PrismTextLayout')}
  0x000001d2007be4ec: 0000 0049 | b9a0 c757 | 1ad2 0100 | 0049 8381 | 1804 0000 | 014c 8bc7 | 4d8b cd48 | 8bfb 498b 
  0x000001d2007be50c: d348 899c | 24c0 0000 

  0x000001d2007be514: ;   {optimized virtual_call}
  0x000001d2007be514: 0066 90e8 

  0x000001d2007be518: ; ImmutableOopMap {[176]=Oop [184]=Oop [192]=Oop [216]=Oop [240]=Oop [248]=Oop }
                      ;*invokevirtual shape {reexecute=0 rethrow=0 return_oop=0}
                      ; - com.sun.javafx.text.PrismTextLayout::layout@225 (line 1113)
  0x000001d2007be518: c4cf 1c00 

  0x000001d2007be51c: ;   {post_call_nop}
  0x000001d2007be51c: 0f1f 8400 | 940b 000b | 488b bc24 | f800 0000 

  0x000001d2007be52c: ; implicit exception: dispatches to 0x000001d2007c2592
  0x000001d2007be52c: 483b 0748 

  0x000001d2007be530: ;   {metadata(method data for {method} {0x000001d219c8c270} 'layout' '()V' in 'com/sun/javafx/text/PrismTextLayout')}
  0x000001d2007be530: 8bd7 48be | a0c7 571a | d201 0000 | 4883 8658 | 0400 0001 

  0x000001d2007be544: ;   {metadata(method data for {method} {0x000001d21a06ae28} 'isTab' '()Z' in 'com/sun/javafx/text/TextRun')}
  0x000001d2007be544: 48ba d0c3 | 2f1b d201 | 0000 8bb2 | 9000 0000 | 83c6 0289 | b290 0000 | 0081 e6fe | ff1f 0085 
  0x000001d2007be564: f60f 842c | 4000 008b | 572c 83e2 

  0x000001d2007be570: ;   {metadata(method data for {method} {0x000001d21a06ae28} 'isTab' '()Z' in 'com/sun/javafx/text/TextRun')}
  0x000001d2007be570: 0185 d248 | bad0 c32f | 1bd2 0100 | 00be d800 | 0000 7405 | bee8 0000 | 0048 8b1c | 3248 8d5b 
  0x000001d2007be590: 0148 891c | 320f 841a 

  0x000001d2007be598: ;   {metadata(method data for {method} {0x000001d21a06ae28} 'isTab' '()Z' in 'com/sun/javafx/text/TextRun')}
  0x000001d2007be598: 0000 0048 | bad0 c32f | 1bd2 0100 | 00ff 82f8 | 0000 00ba | 0100 0000 | e905 0000 | 00ba 0000 
  0x000001d2007be5b8: 0000 83e2 

  0x000001d2007be5bc: ;   {metadata(method data for {method} {0x000001d219c8c270} 'layout' '()V' in 'com/sun/javafx/text/PrismTextLayout')}
  0x000001d2007be5bc: 0185 d248 | baa0 c757 | 1ad2 0100 | 00be 7804 | 0000 7405 | be88 0400 | 0048 8b1c | 3248 8d5b 
  0x000001d2007be5dc: 0148 891c | 320f 8478 | 0000 00c5 | fa10 8424 | bc01 0000 | c5fa 108c | 24c0 0100 | 00c5 f25e 
  0x000001d2007be5fc: c8c5 fa2c | d181 fa00 | 0000 8075 | 0f48 83ec | 08c5 fa11 

  0x000001d2007be610: ;   {runtime_call Stub::f2i_fixup}
  0x000001d2007be610: 0c24 e8d3 | 2dca 065a | ffc2 c5f2 | 2aca c5f2 | 59c8 488b 

  0x000001d2007be624: ;   {metadata(method data for {method} {0x000001d219c8c270} 'layout' '()V' in 'com/sun/javafx/text/PrismTextLayout')}
  0x000001d2007be624: d748 bea0 | c757 1ad2 

  0x000001d2007be62c: ;   {metadata('com/sun/javafx/text/TextRun')}
  0x000001d2007be62c: 0100 0049 | ba00 6930 | a000 0000 | 004c 8996 | a004 0000 | 4883 86a8 | 0400 0001 | c5f2 5c8c 
  0x000001d2007be64c: 24c0 0100 | 00c5 fa11 | 4f18 c5fa | 1184 24bc | 0100 0048 

  0x000001d2007be660: ;   {metadata(method data for {method} {0x000001d219c8c270} 'layout' '()V' in 'com/sun/javafx/text/PrismTextLayout')}
  0x000001d2007be660: 8bf7 48bb | a0c7 571a | d201 0000 | 4883 83d8 | 0400 0001 

  0x000001d2007be674: ;   {optimized virtual_call}
  0x000001d2007be674: 488b d7e8 

  0x000001d2007be678: ; ImmutableOopMap {[176]=Oop [184]=Oop [192]=Oop [216]=Oop [240]=Oop [248]=Oop }
                      ;*invokevirtual getWidth {reexecute=0 rethrow=0 return_oop=0}
                      ; - com.sun.javafx.text.PrismTextLayout::layout@260 (line 1119)
  0x000001d2007be678: c46b dfff 

  0x000001d2007be67c: ;   {post_call_nop}
  0x000001d2007be67c: 0f1f 8400 | f40c 000c | 488b 9424 | b000 0000 | c5fa 104a 

  0x000001d2007be690: ;   {section_word}
  0x000001d2007be690: 18c5 fa10 | 15f3 f3ff | ffc5 f82e | cabe ffff | ffff 0f8a | 1400 0000 | 0f82 0e00 | 0000 be00 
  0x000001d2007be6b0: 0000 000f | 8403 0000 | 0048 ffc6 

  0x000001d2007be6bc: ;   {metadata(method data for {method} {0x000001d219c8c270} 'layout' '()V' in 'com/sun/javafx/text/PrismTextLayout')}
  0x000001d2007be6bc: 85f6 48be | a0c7 571a | d201 0000 | bf08 0500 | 007f 05bf | f804 0000 | 488b 1c3e | 488d 5b01 
  0x000001d2007be6dc: 4889 1c3e | 0f8f 1400 | 0000 488b | bc24 f800 | 0000 8bb4 | 24e8 0000 | 00e9 3213 | 0000 c5f8 
  0x000001d2007be6fc: 28d0 c5ea | 5894 24c0 | 0100 00c5 | f82e d1be | ffff ffff | 0f8a 1400 | 0000 0f82 | 0e00 0000 
  0x000001d2007be71c: be00 0000 | 000f 8403 | 0000 0048 | ffc6 85f6 

  0x000001d2007be72c: ;   {metadata(method data for {method} {0x000001d219c8c270} 'layout' '()V' in 'com/sun/javafx/text/PrismTextLayout')}
  0x000001d2007be72c: 48be a0c7 | 571a d201 | 0000 bf28 | 0500 007f | 05bf 1805 | 0000 488b | 1c3e 488d | 5b01 4889 
  0x000001d2007be74c: 1c3e 488b | bc24 f800 | 0000 0f8f | 0c00 0000 | 8bb4 24e8 | 0000 00e9 | c412 0000 

  0x000001d2007be768: ;   {metadata(method data for {method} {0x000001d219c8c270} 'layout' '()V' in 'com/sun/javafx/text/PrismTextLayout')}
  0x000001d2007be768: 488b f748 | bba0 c757 | 1ad2 0100 

  0x000001d2007be774: ;   {metadata('com/sun/javafx/text/TextRun')}
  0x000001d2007be774: 0049 ba00 | 6930 a000 | 0000 004c | 8993 4005 | 0000 4883 | 8348 0500 

  0x000001d2007be78c: ;   {metadata(method data for {method} {0x000001d21a06ab78} 'isLinebreak' '()Z' in 'com/sun/javafx/text/TextRun')}
  0x000001d2007be78c: 0001 48be | 08c5 2f1b | d201 0000 | 8b9e 9000 | 0000 83c3 | 0289 9e90 | 0000 0081 | e3fe ff1f 
  0x000001d2007be7ac: 0085 db0f | 8403 3e00 | 008b 772c | 83e6 0285 

  0x000001d2007be7bc: ;   {metadata(method data for {method} {0x000001d21a06ab78} 'isLinebreak' '()Z' in 'com/sun/javafx/text/TextRun')}
  0x000001d2007be7bc: f648 be08 | c52f 1bd2 | 0100 00bb | d800 0000 | 7405 bbe8 | 0000 0048 | 8b04 1e48 | 8d40 0148 
  0x000001d2007be7dc: 8904 1e0f | 841a 0000 

  0x000001d2007be7e4: ;   {metadata(method data for {method} {0x000001d21a06ab78} 'isLinebreak' '()Z' in 'com/sun/javafx/text/TextRun')}
  0x000001d2007be7e4: 0048 be08 | c52f 1bd2 | 0100 00ff | 86f8 0000 | 00be 0100 | 0000 e905 | 0000 00be | 0000 0000 
  0x000001d2007be804: 83e6 0185 

  0x000001d2007be808: ;   {metadata(method data for {method} {0x000001d219c8c270} 'layout' '()V' in 'com/sun/javafx/text/PrismTextLayout')}
  0x000001d2007be808: f648 bea0 | c757 1ad2 | 0100 00bb | 7805 0000 | 7405 bb68 | 0500 0048 | 8b04 1e48 | 8d40 0148 
  0x000001d2007be828: 8904 1e0f | 840c 0000 | 008b b424 | e800 0000 | e9ef 1100 | 00c5 fa11 | 8424 c401 | 0000 488b 
  0x000001d2007be848: ;   {metadata(method data for {method} {0x000001d219c8c270} 'layout' '()V' in 'com/sun/javafx/text/PrismTextLayout')}
  0x000001d2007be848: f748 bba0 | c757 1ad2 

  0x000001d2007be850: ;   {metadata('com/sun/javafx/text/TextRun')}
  0x000001d2007be850: 0100 0049 | ba00 6930 | a000 0000 | 004c 8993 | 9005 0000 | 4883 8398 | 0500 0001 | 8b77 1048 
  0x000001d2007be870: ;   {metadata(method data for {method} {0x000001d219c8c270} 'layout' '()V' in 'com/sun/javafx/text/PrismTextLayout')}
  0x000001d2007be870: 8bdf 48b8 | a0c7 571a | d201 0000 

  0x000001d2007be87c: ;   {metadata('com/sun/javafx/text/TextRun')}
  0x000001d2007be87c: 49ba 0069 | 30a0 0000 | 0000 4c89 | 90c0 0500 | 0048 8380 | c805 0000 | 01c5 f25c | 8c24 c001 
  0x000001d2007be89c: 0000 c5f8 | 28c1 488b | d789 b424 | 0401 0000 

  0x000001d2007be8ac: ;   {optimized virtual_call}
  0x000001d2007be8ac: 6666 90e8 

  0x000001d2007be8b0: ; ImmutableOopMap {[176]=Oop [184]=Oop [192]=Oop [216]=Oop [240]=Oop [248]=Oop }
                      ;*invokevirtual getWrapIndex {reexecute=0 rethrow=0 return_oop=0}
                      ; - com.sun.javafx.text.PrismTextLayout::layout@309 (line 1123)
  0x000001d2007be8b0: 0947 0000 

  0x000001d2007be8b4: ;   {post_call_nop}
  0x000001d2007be8b4: 0f1f 8400 | 2c0f 000d | 8bb4 2404 | 0100 0003 | f048 8bbc | 24f8 0000 

  0x000001d2007be8cc: ;   {metadata(method data for {method} {0x000001d219c8c270} 'layout' '()V' in 'com/sun/javafx/text/PrismTextLayout')}
  0x000001d2007be8cc: 0049 b8a0 | c757 1ad2 

  0x000001d2007be8d4: ;   {metadata('com/sun/javafx/text/TextRun')}
  0x000001d2007be8d4: 0100 0049 | ba00 6930 | a000 0000 | 004d 8990 | f005 0000 | 4983 80f8 | 0500 0001 

  0x000001d2007be8f0: ;   {metadata(method data for {method} {0x000001d21a06be40} 'getEnd' '()I' in 'com/sun/javafx/text/TextRun')}
  0x000001d2007be8f0: 49b8 d8c9 | 2f1b d201 | 0000 418b | 9090 0000 | 0083 c202 | 4189 9090 | 0000 0081 | e2fe ff1f 
  0x000001d2007be910: 0085 d20f | 84c0 3c00 | 0048 8bbc | 24f8 0000 | 0044 8b47 | 108b 5714 | 4403 c248 | 8bd6 ffc2 
  0x000001d2007be930: ;   {metadata(method data for {method} {0x000001d219c8c270} 'layout' '()V' in 'com/sun/javafx/text/PrismTextLayout')}
  0x000001d2007be930: 413b d049 | b8a0 c757 | 1ad2 0100 | 00bb 2806 | 0000 7c05 | bb18 0600 | 0049 8b04 | 1848 8d40 
  0x000001d2007be950: 0149 8904 | 180f 8c18 | 0000 0048 | 8bde 488b | 8c24 d800 | 0000 488b | 8424 b800 | 0000 e961 
  0x000001d2007be970: 0000 0048 | 8b84 24b8 | 0000 003b | 700c 0f83 | 803c 0000 | 4c63 c646 | 0fb7 4440 | 1041 83f8 
  0x000001d2007be990: ;   {metadata(method data for {method} {0x000001d219c8c270} 'layout' '()V' in 'com/sun/javafx/text/PrismTextLayout')}
  0x000001d2007be990: 2049 b8a0 | c757 1ad2 | 0100 00bb | 4806 0000 | 7405 bb38 | 0600 0049 | 8b0c 1848 | 8d49 0149 
  0x000001d2007be9b0: 890c 180f | 8410 0000 | 0048 8bde | 488b 8c24 | d800 0000 | e90b 0000 | 0048 8bda | 488b 8c24 
  0x000001d2007be9d0: d800 0000 

  0x000001d2007be9d4: ;   {metadata(method data for {method} {0x000001d219c8c270} 'layout' '()V' in 'com/sun/javafx/text/PrismTextLayout')}
  0x000001d2007be9d4: 4885 c949 | b8a0 c757 | 1ad2 0100 | 00ba 5806 | 0000 7405 | ba68 0600 | 004d 8b0c | 104d 8d49 
  0x000001d2007be9f4: 014d 890c | 1089 b424 | 0c01 0000 | 0f84 f600 | 0000 4c8b | c348 8bd1 | 4889 8c24 | d800 0000 
  0x000001d2007bea14: 899c 2408 | 0100 0066 | 9048 b8d8 | 48fa 32d2 

  0x000001d2007bea24: ;   {virtual_call}
  0x000001d2007bea24: 0100 00e8 

  0x000001d2007bea28: ; ImmutableOopMap {[176]=Oop [184]=Oop [192]=Oop [216]=Oop [240]=Oop [248]=Oop }
                      ;*invokevirtual isBoundary {reexecute=0 rethrow=0 return_oop=0}
                      ; - com.sun.javafx.text.PrismTextLayout::layout@360 (line 1142)
  0x000001d2007bea28: b40c cf06 

  0x000001d2007bea2c: ;   {post_call_nop}
  0x000001d2007bea2c: 0f1f 8400 | a410 000e 

  0x000001d2007bea34: ;   {metadata(method data for {method} {0x000001d219c8c270} 'layout' '()V' in 'com/sun/javafx/text/PrismTextLayout')}
  0x000001d2007bea34: 85c0 49b8 | a0c7 571a | d201 0000 | baa8 0600 | 0075 05ba | b806 0000 | 498b 3410 | 488d 7601 
  0x000001d2007bea54: 4989 3410 | 8b9c 2408 | 0100 0048 | 8b84 24b8 | 0000 000f | 853e 0000 | 003b 580c | 0f83 a63b 
  0x000001d2007bea74: 0000 4c63 | c346 0fb7 | 4440 1041 

  0x000001d2007bea80: ;   {metadata(method data for {method} {0x000001d219c8c270} 'layout' '()V' in 'com/sun/javafx/text/PrismTextLayout')}
  0x000001d2007bea80: 83f8 0949 | b8a0 c757 | 1ad2 0100 | 00ba c806 | 0000 7505 | bad8 0600 | 0049 8b34 | 1048 8d76 
  0x000001d2007beaa0: 0149 8934 | 100f 8516 

  0x000001d2007beaa8: ;   {metadata(method data for {method} {0x000001d219c8c270} 'layout' '()V' in 'com/sun/javafx/text/PrismTextLayout')}
  0x000001d2007beaa8: 0000 0049 | b8a0 c757 | 1ad2 0100 | 0041 ff80 | e806 0000 | e926 0000 | 004c 8bc3 | 488b 9424 
  0x000001d2007beac8: d800 0000 | 9048 b800 | 49fa 32d2 

  0x000001d2007bead4: ;   {virtual_call}
  0x000001d2007bead4: 0100 00e8 

  0x000001d2007bead8: ; ImmutableOopMap {[176]=Oop [184]=Oop [192]=Oop [216]=Oop [240]=Oop [248]=Oop }
                      ;*invokevirtual preceding {reexecute=0 rethrow=0 return_oop=0}
                      ; - com.sun.javafx.text.PrismTextLayout::layout@384 (line 1142)
  0x000001d2007bead8: 040c cf06 

  0x000001d2007beadc: ;   {post_call_nop}
  0x000001d2007beadc: 0f1f 8400 | 5411 000f 

  0x000001d2007beae4: ;   {metadata(method data for {method} {0x000001d219c8c270} 'layout' '()V' in 'com/sun/javafx/text/PrismTextLayout')}
  0x000001d2007beae4: 488b d848 | baa0 c757 | 1ad2 0100 | 00ff 8230 | 0700 00e9 | 1404 0000 | 4889 8c24 | d800 0000 
  0x000001d2007beb04: ; implicit exception: dispatches to 0x000001d2007c262a
  0x000001d2007beb04: 3b58 0c0f | 8327 3b00 | 0048 63d3 | 0fb7 7450 

  0x000001d2007beb14: ;   {metadata(method data for {method} {0x000001d219c8c270} 'layout' '()V' in 'com/sun/javafx/text/PrismTextLayout')}
  0x000001d2007beb14: 1048 baa0 | c757 1ad2 | 0100 0048 | 8382 4807 

  0x000001d2007beb24: ;   {metadata(method data for {method} {0x000000009f1a8bc8} 'isWhitespace' '(C)Z' in 'java/lang/Character')}
  0x000001d2007beb24: 0000 0148 | ba78 6031 | 19d2 0100 | 008b ba90 | 0000 0083 | c702 89ba | 9000 0000 | 81e7 feff 
  0x000001d2007beb44: 1f00 85ff | 0f84 f43a 

  0x000001d2007beb4c: ;   {metadata(method data for {method} {0x000000009f1a8bc8} 'isWhitespace' '(C)Z' in 'java/lang/Character')}
  0x000001d2007beb4c: 0000 48ba | 7860 3119 | d201 0000 | 4883 82d8 | 0000 0001 

  0x000001d2007beb60: ;   {metadata(method data for {method} {0x000000009f1a8c20} 'isWhitespace' '(I)Z' in 'java/lang/Character')}
  0x000001d2007beb60: 48ba 2062 | 3119 d201 | 0000 8bba | 9000 0000 | 83c7 0289 | ba90 0000 | 0081 e7fe | ff1f 0085 
  0x000001d2007beb80: ff0f 84dc 

  0x000001d2007beb84: ;   {metadata(method data for {method} {0x000000009f1a8c20} 'isWhitespace' '(I)Z' in 'java/lang/Character')}
  0x000001d2007beb84: 3a00 0048 | ba20 6231 | 19d2 0100 | 0048 8382 | d800 0000 | 0148 8bd6 | 899c 2408 | 0100 0089 
  0x000001d2007beba4: b424 1001 | 0000 0f1f 

  0x000001d2007bebac: ;   {static_call}
  0x000001d2007bebac: 4400 00e8 

  0x000001d2007bebb0: ; ImmutableOopMap {[176]=Oop [184]=Oop [192]=Oop [216]=Oop [240]=Oop [248]=Oop }
                      ;*invokestatic of {reexecute=0 rethrow=0 return_oop=0}
                      ; - java.lang.Character::isWhitespace@1 (line 11711)
                      ; - java.lang.Character::isWhitespace@1 (line 11680)
                      ; - com.sun.javafx.text.PrismTextLayout::layout@396 (line 1145)
  0x000001d2007bebb0: cc25 1400 

  0x000001d2007bebb4: ;   {post_call_nop}
  0x000001d2007bebb4: 0f1f 8400 | 2c12 0010 

  0x000001d2007bebbc: ; implicit exception: dispatches to 0x000001d2007c2684
  0x000001d2007bebbc: 483b 004c 

  0x000001d2007bebc0: ;   {metadata(method data for {method} {0x000000009f1a8c20} 'isWhitespace' '(I)Z' in 'java/lang/Character')}
  0x000001d2007bebc0: 8bc0 48ba | 2062 3119 | d201 0000 | 458b 4008 | 41ba 0000 | 009f 4d03 | c24c 3b82 | f000 0000 
  0x000001d2007bebe0: 750d 4883 | 82f8 0000 | 0001 e960 | 0000 004c | 3b82 0001 | 0000 750d | 4883 8208 | 0100 0001 
  0x000001d2007bec00: e94a 0000 | 0048 83ba | f000 0000 | 0075 174c | 8982 f000 | 0000 48c7 | 82f8 0000 | 0001 0000 
  0x000001d2007bec20: 00e9 2900 | 0000 4883 | ba00 0100 | 0000 7517 | 4c89 8200 | 0100 0048 | c782 0801 | 0000 0100 
  0x000001d2007bec40: 0000 e908 | 0000 0048 | 8382 e800 | 0000 0144 | 8b84 2410 | 0100 0048 | 8bd0 6666 | 9048 b828 
  0x000001d2007bec60: 49fa 32d2 

  0x000001d2007bec64: ;   {virtual_call}
  0x000001d2007bec64: 0100 00e8 

  0x000001d2007bec68: ; ImmutableOopMap {[176]=Oop [184]=Oop [192]=Oop [216]=Oop [240]=Oop [248]=Oop }
                      ;*invokevirtual isWhitespace {reexecute=0 rethrow=0 return_oop=0}
                      ; - java.lang.Character::isWhitespace@5 (line 11711)
                      ; - java.lang.Character::isWhitespace@1 (line 11680)
                      ; - com.sun.javafx.text.PrismTextLayout::layout@396 (line 1145)
  0x000001d2007bec68: 967b 4307 

  0x000001d2007bec6c: ;   {post_call_nop}
  0x000001d2007bec6c: 0f1f 8400 | e412 0011 | 83e0 0183 | e001 8b9c | 2408 0100 | 0089 8424 | 1801 0000 | 488b 8424 
  0x000001d2007bec8c: b800 0000 | 3b9c 24ec 

  0x000001d2007bec94: ;   {metadata(method data for {method} {0x000001d219c8c270} 'layout' '()V' in 'com/sun/javafx/text/PrismTextLayout')}
  0x000001d2007bec94: 0000 0048 | baa0 c757 | 1ad2 0100 | 00bf 5807 | 0000 7e05 | bf68 0700 | 0048 8b0c | 3a48 8d49 
  0x000001d2007becb4: 0148 890c | 3a48 8bd3 | 0f8e 2c02 | 0000 ffca | 3b50 0c0f | 83bc 3900 | 0048 63d2 | 0fb7 7c50 
  0x000001d2007becd4: ;   {metadata(method data for {method} {0x000001d219c8c270} 'layout' '()V' in 'com/sun/javafx/text/PrismTextLayout')}
  0x000001d2007becd4: 1048 baa0 | c757 1ad2 | 0100 0048 | 8382 7807 

  0x000001d2007bece4: ;   {metadata(method data for {method} {0x000000009f1a8bc8} 'isWhitespace' '(C)Z' in 'java/lang/Character')}
  0x000001d2007bece4: 0000 0148 | ba78 6031 | 19d2 0100 | 008b 8a90 | 0000 0083 | c102 898a | 9000 0000 | 81e1 feff 
  0x000001d2007bed04: 1f00 85c9 | 0f84 8939 

  0x000001d2007bed0c: ;   {metadata(method data for {method} {0x000000009f1a8bc8} 'isWhitespace' '(C)Z' in 'java/lang/Character')}
  0x000001d2007bed0c: 0000 48ba | 7860 3119 | d201 0000 | 4883 82d8 | 0000 0001 

  0x000001d2007bed20: ;   {metadata(method data for {method} {0x000000009f1a8c20} 'isWhitespace' '(I)Z' in 'java/lang/Character')}
  0x000001d2007bed20: 48ba 2062 | 3119 d201 | 0000 8b8a | 9000 0000 | 83c1 0289 | 8a90 0000 | 0081 e1fe | ff1f 0085 
  0x000001d2007bed40: c90f 8471 

  0x000001d2007bed44: ;   {metadata(method data for {method} {0x000000009f1a8c20} 'isWhitespace' '(I)Z' in 'java/lang/Character')}
  0x000001d2007bed44: 3900 0048 | ba20 6231 | 19d2 0100 | 0048 8382 | d800 0000 | 0148 8bd7 | 899c 241c | 0100 0089 
  0x000001d2007bed64: bc24 1401 | 0000 0f1f 

  0x000001d2007bed6c: ;   {static_call}
  0x000001d2007bed6c: 4400 00e8 

  0x000001d2007bed70: ; ImmutableOopMap {[176]=Oop [184]=Oop [192]=Oop [216]=Oop [240]=Oop [248]=Oop }
                      ;*invokestatic of {reexecute=0 rethrow=0 return_oop=0}
                      ; - java.lang.Character::isWhitespace@1 (line 11711)
                      ; - java.lang.Character::isWhitespace@1 (line 11680)
                      ; - com.sun.javafx.text.PrismTextLayout::layout@414 (line 1147)
  0x000001d2007bed70: 0c24 1400 

  0x000001d2007bed74: ;   {post_call_nop}
  0x000001d2007bed74: 0f1f 8400 | ec13 0012 

  0x000001d2007bed7c: ; implicit exception: dispatches to 0x000001d2007c26d9
  0x000001d2007bed7c: 483b 004c 

  0x000001d2007bed80: ;   {metadata(method data for {method} {0x000000009f1a8c20} 'isWhitespace' '(I)Z' in 'java/lang/Character')}
  0x000001d2007bed80: 8bc0 48ba | 2062 3119 | d201 0000 | 458b 4008 | 41ba 0000 | 009f 4d03 | c24c 3b82 | f000 0000 
  0x000001d2007beda0: 750d 4883 | 82f8 0000 | 0001 e960 | 0000 004c | 3b82 0001 | 0000 750d | 4883 8208 | 0100 0001 
  0x000001d2007bedc0: e94a 0000 | 0048 83ba | f000 0000 | 0075 174c | 8982 f000 | 0000 48c7 | 82f8 0000 | 0001 0000 
  0x000001d2007bede0: 00e9 2900 | 0000 4883 | ba00 0100 | 0000 7517 | 4c89 8200 | 0100 0048 | c782 0801 | 0000 0100 
  0x000001d2007bee00: 0000 e908 | 0000 0048 | 8382 e800 | 0000 0144 | 8b84 2414 | 0100 0048 | 8bd0 6666 | 9048 b850 
  0x000001d2007bee20: 49fa 32d2 

  0x000001d2007bee24: ;   {virtual_call}
  0x000001d2007bee24: 0100 00e8 

  0x000001d2007bee28: ; ImmutableOopMap {[176]=Oop [184]=Oop [192]=Oop [216]=Oop [240]=Oop [248]=Oop }
                      ;*invokevirtual isWhitespace {reexecute=0 rethrow=0 return_oop=0}
                      ; - java.lang.Character::isWhitespace@5 (line 11711)
                      ; - java.lang.Character::isWhitespace@1 (line 11680)
                      ; - com.sun.javafx.text.PrismTextLayout::layout@414 (line 1147)
  0x000001d2007bee28: d679 4307 

  0x000001d2007bee2c: ;   {post_call_nop}
  0x000001d2007bee2c: 0f1f 8400 | a414 0013 | 83e0 0183 | e001 8b9c | 2418 0100 

  0x000001d2007bee40: ;   {metadata(method data for {method} {0x000001d219c8c270} 'layout' '()V' in 'com/sun/javafx/text/PrismTextLayout')}
  0x000001d2007bee40: 0085 db48 | bba0 c757 | 1ad2 0100 | 00ba 8807 | 0000 7505 | ba98 0700 | 0048 8b34 | 1348 8d76 
  0x000001d2007bee60: 0148 8934 | 130f 852a | 0000 0085 

  0x000001d2007bee6c: ;   {metadata(method data for {method} {0x000001d219c8c270} 'layout' '()V' in 'com/sun/javafx/text/PrismTextLayout')}
  0x000001d2007bee6c: c048 bba0 | c757 1ad2 | 0100 00ba | b807 0000 | 7505 baa8 | 0700 0048 | 8b34 1348 | 8d76 0148 
  0x000001d2007bee8c: 8934 130f | 8561 0000 | 008b 9424 | 1c01 0000 

  0x000001d2007bee9c: ;   {metadata(method data for {method} {0x000001d219c8c270} 'layout' '()V' in 'com/sun/javafx/text/PrismTextLayout')}
  0x000001d2007bee9c: ffca 48bb | a0c7 571a | d201 0000 | 8bb3 9400 | 0000 83c6 | 0289 b394 | 0000 0081 | e6fe 3f00 
  0x000001d2007beebc: 0085 f60f | 8419 3800 | 004d 8b57 

  0x000001d2007beec8: ; ImmutableOopMap {[176]=Oop [184]=Oop [192]=Oop [216]=Oop [240]=Oop [248]=Oop }
                      ;*goto {reexecute=1 rethrow=0 return_oop=0}
                      ; - (reexecute) com.sun.javafx.text.PrismTextLayout::layout@439 (line 1151)
                      ;   {poll}
  0x000001d2007beec8: 3041 8502 

  0x000001d2007beecc: ;   {metadata(method data for {method} {0x000001d219c8c270} 'layout' '()V' in 'com/sun/javafx/text/PrismTextLayout')}
  0x000001d2007beecc: 48bb a0c7 | 571a d201 | 0000 ff83 | e007 0000 | 488b d889 | 9c24 1801 | 0000 488b | dae9 9afd 
  0x000001d2007beeec: ffff 488b | dae9 1a00 | 0000 8b94 | 241c 0100 

  0x000001d2007beefc: ;   {metadata(method data for {method} {0x000001d219c8c270} 'layout' '()V' in 'com/sun/javafx/text/PrismTextLayout')}
  0x000001d2007beefc: 0048 bba0 | c757 1ad2 | 0100 00ff | 83c8 0700 | 0048 8bda | 3b9c 24ec 

  0x000001d2007bef14: ;   {metadata(method data for {method} {0x000001d219c8c270} 'layout' '()V' in 'com/sun/javafx/text/PrismTextLayout')}
  0x000001d2007bef14: 0000 0048 | baa0 c757 | 1ad2 0100 | 00be f807 | 0000 7d05 | be08 0800 | 0048 8b3c | 3248 8d7f 
  0x000001d2007bef34: 0148 893c | 320f 8d07 | 0000 008b | 9c24 ec00 | 0000 8b8c | 2400 0100 

  0x000001d2007bef4c: ;   {oop(nullptr)}
  0x000001d2007bef4c: 0048 ba00 | 0000 0000 | 0000 004c | 8b9c 24b0 | 0000 00e9 | e100 0000 | 0f1f 4000 | 418b 5340 
  0x000001d2007bef6c: 48c1 e203 

  0x000001d2007bef70: ; implicit exception: dispatches to 0x000001d2007c26ff
  0x000001d2007bef70: 3b4a 0c0f | 8390 3700 | 0048 63f9 | 8b54 ba10 | 48c1 e203 

  0x000001d2007bef84: ; implicit exception: dispatches to 0x000001d2007c2717
  0x000001d2007bef84: 483b 0248 

  0x000001d2007bef88: ;   {metadata(method data for {method} {0x000001d219c8c270} 'layout' '()V' in 'com/sun/javafx/text/PrismTextLayout')}
  0x000001d2007bef88: 8bfa 48b8 | a0c7 571a | d201 0000 

  0x000001d2007bef94: ;   {metadata('com/sun/javafx/text/TextRun')}
  0x000001d2007bef94: 49ba 0069 | 30a0 0000 | 0000 4c89 | 9040 0800 | 0048 8380 | 4808 0000 

  0x000001d2007befac: ;   {metadata(method data for {method} {0x000001d21a06be40} 'getEnd' '()I' in 'com/sun/javafx/text/TextRun')}
  0x000001d2007befac: 0148 bfd8 | c92f 1bd2 | 0100 008b | 8790 0000 | 0083 c002 | 8987 9000 | 0000 25fe | ff1f 0085 
  0x000001d2007befcc: c00f 8449 | 3700 008b | 7a10 8b42 | 1403 f83b 

  0x000001d2007befdc: ;   {metadata(method data for {method} {0x000001d219c8c270} 'layout' '()V' in 'com/sun/javafx/text/PrismTextLayout')}
  0x000001d2007befdc: fb48 bfa0 | c757 1ad2 | 0100 00b8 | 7808 0000 | 7f05 b868 | 0800 004c | 8b04 074d | 8d40 014c 
  0x000001d2007beffc: 8904 070f | 8f73 0000 

  0x000001d2007bf004: ;   {metadata(method data for {method} {0x000001d219c8c270} 'layout' '()V' in 'com/sun/javafx/text/PrismTextLayout')}
  0x000001d2007bf004: 00ff c148 | bea0 c757 | 1ad2 0100 | 008b be94 | 0000 0083 | c702 89be | 9400 0000 | 81e7 fe3f 
  0x000001d2007bf024: 0000 85ff | 0f84 0f37 | 0000 4d8b 

  0x000001d2007bf030: ; ImmutableOopMap {r11=Oop rdx=Oop [176]=Oop [184]=Oop [192]=Oop [216]=Oop [240]=Oop [248]=Oop }
                      ;*goto {reexecute=1 rethrow=0 return_oop=0}
                      ; - (reexecute) com.sun.javafx.text.PrismTextLayout::layout@494 (line 1163)
                      ;   {poll}
  0x000001d2007bf030: 5730 4185 

  0x000001d2007bf034: ;   {metadata(method data for {method} {0x000001d219c8c270} 'layout' '()V' in 'com/sun/javafx/text/PrismTextLayout')}
  0x000001d2007bf034: 0248 bea0 | c757 1ad2 | 0100 00ff | 86a0 0800 | 0041 8b73 

  0x000001d2007bf048: ;   {metadata(method data for {method} {0x000001d219c8c270} 'layout' '()V' in 'com/sun/javafx/text/PrismTextLayout')}
  0x000001d2007bf048: 0c3b ce48 | bfa0 c757 | 1ad2 0100 | 00b8 1808 | 0000 7d05 | b828 0800 | 004c 8b04 | 074d 8d40 
  0x000001d2007bf068: 014c 8904 | 070f 8d15 | 0000 00e9 | f0fe ffff 

  0x000001d2007bf078: ;   {metadata(method data for {method} {0x000001d219c8c270} 'layout' '()V' in 'com/sun/javafx/text/PrismTextLayout')}
  0x000001d2007bf078: 48bf a0c7 | 571a d201 | 0000 ff87 | 8808 0000 | 3b9c 24ec 

  0x000001d2007bf08c: ;   {metadata(method data for {method} {0x000001d219c8c270} 'layout' '()V' in 'com/sun/javafx/text/PrismTextLayout')}
  0x000001d2007bf08c: 0000 0048 | bfa0 c757 | 1ad2 0100 | 00b8 b808 | 0000 7505 | b8c8 0800 | 004c 8b04 | 074d 8d40 
  0x000001d2007bf0ac: 014c 8904 | 070f 8516 | 0000 008b | 9c24 0c01 | 0000 488b | 9424 f800 | 0000 8b8c | 24e8 0000 
  0x000001d2007bf0cc: 0048 3b02 

  0x000001d2007bf0d0: ;   {metadata(method data for {method} {0x000001d219c8c270} 'layout' '()V' in 'com/sun/javafx/text/PrismTextLayout')}
  0x000001d2007bf0d0: 488b fa48 | b8a0 c757 | 1ad2 0100 

  0x000001d2007bf0dc: ;   {metadata('com/sun/javafx/text/TextRun')}
  0x000001d2007bf0dc: 0049 ba00 | 6930 a000 | 0000 004c | 8990 e008 | 0000 4883 | 80e8 0800 | 0001 8b7a | 102b df85 
  0x000001d2007bf0fc: ;   {metadata(method data for {method} {0x000001d219c8c270} 'layout' '()V' in 'com/sun/javafx/text/PrismTextLayout')}
  0x000001d2007bf0fc: db48 bfa0 | c757 1ad2 | 0100 00b8 | 0809 0000 | 7505 b818 | 0900 004c | 8b04 074d | 8d40 014c 
  0x000001d2007bf11c: 8904 070f | 852f 0000 | 003b 8c24 | 0001 0000 

  0x000001d2007bf12c: ;   {metadata(method data for {method} {0x000001d219c8c270} 'layout' '()V' in 'com/sun/javafx/text/PrismTextLayout')}
  0x000001d2007bf12c: 48bf a0c7 | 571a d201 | 0000 b838 | 0900 0075 | 05b8 2809 | 0000 4c8b | 0407 4d8d | 4001 4c89 
  0x000001d2007bf14c: 0407 0f85 | d706 0000 

  0x000001d2007bf154: ;   {metadata(method data for {method} {0x000001d219c8c270} 'layout' '()V' in 'com/sun/javafx/text/PrismTextLayout')}
  0x000001d2007bf154: 85db 48bf | a0c7 571a | d201 0000 | b860 0900 | 0075 05b8 | 7009 0000 | 4c8b 0407 | 4d8d 4001 
  0x000001d2007bf174: 4c89 0407 | 0f85 0200 | 0000 ffc3 

  0x000001d2007bf180: ;   {metadata(method data for {method} {0x000001d219c8c270} 'layout' '()V' in 'com/sun/javafx/text/PrismTextLayout')}
  0x000001d2007bf180: 488b fa48 | b8a0 c757 | 1ad2 0100 

  0x000001d2007bf18c: ;   {metadata('com/sun/javafx/text/TextRun')}
  0x000001d2007bf18c: 0049 ba00 | 6930 a000 | 0000 004c | 8990 8809 | 0000 4883 | 8090 0900 | 0001 8b7a 

  0x000001d2007bf1a8: ;   {metadata(method data for {method} {0x000001d219c8c270} 'layout' '()V' in 'com/sun/javafx/text/PrismTextLayout')}
  0x000001d2007bf1a8: 143b df48 | bfa0 c757 | 1ad2 0100 | 00b8 c009 | 0000 7c05 | b8b0 0900 | 004c 8b04 | 074d 8d40 
  0x000001d2007bf1c8: 014c 8904 | 070f 8c08 | 0000 0049 | 8bd3 e966 | 0600 0045 | 8b4b 4049 | c1e1 0341 | 8b79 0c3b 
  0x000001d2007bf1e8: ;   {metadata(method data for {method} {0x000001d219c8c270} 'layout' '()V' in 'com/sun/javafx/text/PrismTextLayout')}
  0x000001d2007bf1e8: f748 b8a0 | c757 1ad2 | 0100 0041 | b8d0 0900 | 007c 0641 | b8e0 0900 | 004e 8b2c | 004d 8d6d 
  0x000001d2007bf208: 014e 892c | 0089 9c24 | 3801 0000 | 4889 9424 | 3001 0000 | 0f8c 5102 | 0000 83c7 | 4048 8bdf 
  0x000001d2007bf228: ;   {metadata('com/sun/javafx/text/TextRun'[])}
  0x000001d2007bf228: 48ba 406f | 30a0 0000 | 0000 4c8b | c148 63db | 488b fb48 | 81fb ffff | ff00 0f87 | 2035 0000 
  0x000001d2007bf248: be17 0000 | 0048 8d34 | 9e48 83e6 | f849 8b87 | c801 0000 | 488d 3430 | 493b b7d8 | 0100 000f 
  0x000001d2007bf268: 87fb 3400 | 0049 89b7 | c801 0000 | 482b f048 | c700 0100 | 0000 488b | ca41 ba00 | 0000 9f49 
  0x000001d2007bf288: 2bca 8948 | 0889 580c | 4883 ee10 | 4885 f60f | 8411 0000 | 0048 33db | 48c1 ee03 | 4889 5cf0 
  0x000001d2007bf2a8: 0848 ffce 

  0x000001d2007bf2ac: ;   {metadata(method data for {method} {0x000001d219c8c270} 'layout' '()V' in 'com/sun/javafx/text/PrismTextLayout')}
  0x000001d2007bf2ac: 75f6 48ba | a0c7 571a | d201 0000 | 4883 82f0 | 0900 0001 | 498b c8ff | c149 8bd1 | 4489 8424 
  0x000001d2007bf2cc: 2001 0000 | 41b8 0000 | 0000 4c8b | c8bf 0000 | 0000 488b | f148 8984 | 2428 0100 | 0089 8c24 
  0x000001d2007bf2ec: 2401 0000 | 498d 0c30 | 3b4a 0c0f | 8775 3400 | 0048 8d0c | 3741 3b49 | 0c0f 8767 | 3400 0085 
  0x000001d2007bf30c: f60f 8c5f | 3400 004d | 63c0 4863 | ff4a 8d4c | 8210 498d | 54b9 104c | 8bc6 4883 | ec20 40f6 
  0x000001d2007bf32c: c40f 0f84 | 1200 0000 | 4883 ec08 

  0x000001d2007bf338: ;   {runtime_call Stub::oop_disjoint_arraycopy}
  0x000001d2007bf338: e8e3 37cd | 0648 83c4 | 08e9 0500 

  0x000001d2007bf344: ;   {runtime_call Stub::oop_disjoint_arraycopy}
  0x000001d2007bf344: 0000 e8d5 | 37cd 0648 | 83c4 2048 | 8b94 24b0 | 0000 0044 | 8b42 4049 | c1e0 0345 

  0x000001d2007bf360: ;   {metadata(method data for {method} {0x000001d219c8c270} 'layout' '()V' in 'com/sun/javafx/text/PrismTextLayout')}
  0x000001d2007bf360: 8b48 0c48 | bfa0 c757 | 1ad2 0100 | 0048 8387 | 000a 0000 | 018b 8c24 | 2001 0000 | 83c1 0244 
  0x000001d2007bf380: 2b8c 2420 | 0100 0049 | 8bf1 ffce | 498b d044 | 8b84 2424 | 0100 004c | 8b8c 2428 | 0100 0048 
  0x000001d2007bf3a0: 8bf9 4585 | c00f 8cdb | 3300 0085 | ff0f 8cd3 | 3300 0049 | 8d0c 303b | 4a0c 0f87 | c633 0000 
  0x000001d2007bf3c0: 488d 0c37 | 413b 490c | 0f87 b833 | 0000 85f6 | 0f8c b033 | 0000 4d63 | c048 63ff | 4a8d 4c82 
  0x000001d2007bf3e0: 1049 8d54 | b910 4c8b | c648 83ec | 2040 f6c4 | 0f0f 8412 | 0000 0048 

  0x000001d2007bf3f8: ;   {runtime_call Stub::oop_arraycopy}
  0x000001d2007bf3f8: 83ec 08e8 | c040 cd06 | 4883 c408 | e905 0000 

  0x000001d2007bf408: ;   {runtime_call Stub::oop_arraycopy}
  0x000001d2007bf408: 00e8 b240 | cd06 4883 | c420 410f | be57 4885 | d248 8b94 | 24b0 0000 | 000f 856a | 3300 0048 
  0x000001d2007bf428: 8b84 2428 | 0100 004c | 8bd0 49c1 | ea03 4489 | 5240 4c8b | c24c 33c0 | 49c1 e816 | 4983 f800 
  0x000001d2007bf448: 0f85 6333 

  0x000001d2007bf44c: ;   {metadata(method data for {method} {0x000001d219c8c270} 'layout' '()V' in 'com/sun/javafx/text/PrismTextLayout')}
  0x000001d2007bf44c: 0000 49b8 | a0c7 571a | d201 0000 | 41ff 8010 | 0a00 008b | 9c24 3801 | 0000 488b | b424 3001 
  0x000001d2007bf46c: 0000 e9c2 | 0000 0089 | 8c24 2001 

  0x000001d2007bf478: ;   {metadata(method data for {method} {0x000001d219c8c270} 'layout' '()V' in 'com/sun/javafx/text/PrismTextLayout')}
  0x000001d2007bf478: 0000 49b8 | a0c7 571a | d201 0000 | 4983 8028 | 0a00 0001 | 8b8c 2420 | 0100 00ff | c18b bc24 
  0x000001d2007bf498: 2001 0000 | 83c7 022b | b424 2001 | 0000 ffce | 498b d14c | 8bc1 4585 | c00f 8c12 | 3300 0085 
  0x000001d2007bf4b8: ff0f 8c0a | 3300 0049 | 8d0c 303b | 4a0c 0f87 | fd32 0000 | 488d 0c37 | 413b 490c | 0f87 ef32 
  0x000001d2007bf4d8: 0000 85f6 | 0f8c e732 | 0000 4d63 | c048 63ff | 4a8d 4c82 | 1049 8d54 | b910 4c8b | c648 83ec 
  0x000001d2007bf4f8: 2040 f6c4 | 0f0f 8412 | 0000 0048 

  0x000001d2007bf504: ;   {runtime_call Stub::oop_arraycopy}
  0x000001d2007bf504: 83ec 08e8 | b43f cd06 | 4883 c408 | e905 0000 

  0x000001d2007bf514: ;   {runtime_call Stub::oop_arraycopy}
  0x000001d2007bf514: 00e8 a63f | cd06 4883 | c420 8b9c | 2438 0100 | 0048 8bb4 | 2430 0100 | 0048 8b94 | 24b0 0000 
  0x000001d2007bf534: 008b 7a40 | 48c1 e703 

  0x000001d2007bf53c: ;   {metadata(method data for {method} {0x000001d219c8c270} 'layout' '()V' in 'com/sun/javafx/text/PrismTextLayout')}
  0x000001d2007bf53c: 4c8b c648 | b8a0 c757 | 1ad2 0100 

  0x000001d2007bf548: ;   {metadata('com/sun/javafx/text/TextRun')}
  0x000001d2007bf548: 0049 ba00 | 6930 a000 | 0000 004c | 8990 400a | 0000 4883 | 8048 0a00 | 0001 8b8c | 2420 0100 
  0x000001d2007bf568: 00ff c14c | 8bc3 488b | d648 89b4 | 2430 0100 | 0048 89bc | 2440 0100 | 0089 8c24 | 3c01 0000 
  0x000001d2007bf588: 0f1f 8000 

  0x000001d2007bf58c: ;   {optimized virtual_call}
  0x000001d2007bf58c: 0000 00e8 

  0x000001d2007bf590: ; ImmutableOopMap {[176]=Oop [184]=Oop [192]=Oop [216]=Oop [240]=Oop [248]=Oop [304]=Oop [320]=Oop }
                      ;*invokevirtual split {reexecute=0 rethrow=0 return_oop=0}
                      ; - com.sun.javafx.text.PrismTextLayout::layout@685 (line 1200)
  0x000001d2007bf590: 793a 0000 

  0x000001d2007bf594: ;   {post_call_nop}
  0x000001d2007bf594: 0f1f 8400 | 0c1c 0016 | 8b8c 243c | 0100 0048 | 8bbc 2440 | 0100 003b | 4f0c 0f83 | 2f32 0000 
  0x000001d2007bf5b4: ;   {metadata(method data for {method} {0x000001d219c8c270} 'layout' '()V' in 'com/sun/javafx/text/PrismTextLayout')}
  0x000001d2007bf5b4: 4885 c049 | b9a0 c757 | 1ad2 0100 | 0075 0d41 | 8089 610a | 0000 01e9 | da00 0000 | 448b 4008 
  0x000001d2007bf5d4: 41ba 0000 | 009f 4d03 | c24d 3b81 | 700a 0000 | 750d 4983 | 8178 0a00 | 0001 e960 | 0000 004d 
  0x000001d2007bf5f4: 3b81 800a | 0000 750d | 4983 8188 | 0a00 0001 | e94a 0000 | 0049 83b9 | 700a 0000 | 0075 174d 
  0x000001d2007bf614: 8981 700a | 0000 49c7 | 8178 0a00 | 0001 0000 | 00e9 2900 | 0000 4983 | b980 0a00 | 0000 7517 
  0x000001d2007bf634: 4d89 8180 | 0a00 0049 | c781 880a | 0000 0100 | 0000 e908 | 0000 0049 | 8381 680a | 0000 0144 
  0x000001d2007bf654: 8b47 0841 | ba00 0000 | 9f4d 03c2 | 448b 4808 | 41ba 0000 | 009f 4d03 | ca4d 8b80 | e000 0000 
  0x000001d2007bf674: 4d3b c80f | 842d 0000 | 0041 8b50 | 144d 3b04 | 110f 841f | 0000 0083 | fa20 0f85 | 6231 0000 
  0x000001d2007bf694: 4151 4150 

  0x000001d2007bf698: ;   {runtime_call C1 Runtime slow_subtype_check_blob}
  0x000001d2007bf698: e8c3 b3dc | 0641 5941 | 5845 85c0 | 0f84 4c31 | 0000 4863 | c94c 8d44 | 8f10 450f | be4f 4845 
  0x000001d2007bf6b8: 85c9 0f85 | 3f31 0000 | 4c8b d049 | c1ea 0345 | 8910 4d8b | c84c 33c8 | 49c1 e916 | 4983 f900 
  0x000001d2007bf6d8: 0f85 4031 | 0000 488b | 9424 3001 

  0x000001d2007bf6e4: ;   {metadata(method data for {method} {0x000001d219c8c270} 'layout' '()V' in 'com/sun/javafx/text/PrismTextLayout')}
  0x000001d2007bf6e4: 0000 49b8 | a0c7 571a | d201 0000 

  0x000001d2007bf6f0: ;   {metadata('com/sun/javafx/text/TextRun')}
  0x000001d2007bf6f0: 49ba 0069 | 30a0 0000 | 0000 4d89 | 90a0 0a00 | 0049 8380 | a80a 0000 

  0x000001d2007bf708: ;   {metadata(method data for {method} {0x000001d21a070280} 'isComplex' '()Z' in 'com/sun/javafx/text/TextRun')}
  0x000001d2007bf708: 0149 b880 | cf2f 1bd2 | 0100 0045 | 8b88 9000 | 0000 4183 | c102 4589 | 8890 0000 | 0041 81e1 
  0x000001d2007bf728: feff 1f00 | 4585 c90f | 8401 3100 | 0048 8b94 | 2430 0100 | 0044 8b42 | 2c41 83e0 | 2045 85c0 
  0x000001d2007bf748: ;   {metadata(method data for {method} {0x000001d21a070280} 'isComplex' '()Z' in 'com/sun/javafx/text/TextRun')}
  0x000001d2007bf748: 49b8 80cf | 2f1b d201 | 0000 41b9 | d800 0000 | 7406 41b9 | e800 0000 | 4b8b 3c08 | 488d 7f01 
  0x000001d2007bf768: 4b89 3c08 | 0f84 1c00 

  0x000001d2007bf770: ;   {metadata(method data for {method} {0x000001d21a070280} 'isComplex' '()Z' in 'com/sun/javafx/text/TextRun')}
  0x000001d2007bf770: 0000 49b8 | 80cf 2f1b | d201 0000 | 41ff 80f8 | 0000 0041 | b801 0000 | 00e9 0600 | 0000 41b8 
  0x000001d2007bf790: 0000 0000 | 4183 e001 

  0x000001d2007bf798: ;   {metadata(method data for {method} {0x000001d219c8c270} 'layout' '()V' in 'com/sun/javafx/text/PrismTextLayout')}
  0x000001d2007bf798: 4585 c049 | b8a0 c757 | 1ad2 0100 | 0041 b9c8 | 0a00 0074 | 0641 b9d8 | 0a00 004b | 8b3c 0848 
  0x000001d2007bf7b8: 8d7f 014b | 893c 080f | 8447 0000 | 004c 8b84 | 24b0 0000 

  0x000001d2007bf7cc: ;   {metadata(method data for {method} {0x000001d219c8c270} 'layout' '()V' in 'com/sun/javafx/text/PrismTextLayout')}
  0x000001d2007bf7cc: 0049 b9a0 | c757 1ad2 | 0100 0049 | 8381 e80a | 0000 014c | 8bc2 4c8b | 8c24 b800 | 0000 488b 
  0x000001d2007bf7ec: bc24 c000 | 0000 488b | 9424 b000 | 0000 0f1f 

  0x000001d2007bf7fc: ;   {optimized virtual_call}
  0x000001d2007bf7fc: 4400 00e8 

  0x000001d2007bf800: ; ImmutableOopMap {[176]=Oop [184]=Oop [192]=Oop [216]=Oop [240]=Oop [248]=Oop }
                      ;*invokevirtual shape {reexecute=0 rethrow=0 return_oop=0}
                      ; - com.sun.javafx.text.PrismTextLayout::layout@702 (line 1202)
  0x000001d2007bf800: dcf9 ce06 

  0x000001d2007bf804: ;   {post_call_nop}
  0x000001d2007bf804: 0f1f 8400 | 7c1e 0017 | 488b 9424 | b000 0000 | 448b 420c | 41ff c044 | 8942 0c8b | 8c24 2001 
  0x000001d2007bf824: 0000 e916 | 0000 0049 | 8bd3 ffc9 

  0x000001d2007bf830: ;   {metadata(method data for {method} {0x000001d219c8c270} 'layout' '()V' in 'com/sun/javafx/text/PrismTextLayout')}
  0x000001d2007bf830: 49b8 a0c7 | 571a d201 | 0000 41ff | 8048 0900 | 004c 8bc1 | 41ff c044 | 8b4a 0c45 

  0x000001d2007bf84c: ;   {metadata(method data for {method} {0x000001d219c8c270} 'layout' '()V' in 'com/sun/javafx/text/PrismTextLayout')}
  0x000001d2007bf84c: 3bc1 49b9 | a0c7 571a | d201 0000 | bf28 0b00 | 007c 05bf | 180b 0000 | 498b 3439 | 488d 7601 
  0x000001d2007bf86c: 4989 3439 | 0f8c 1900 | 0000 488b | bc24 f800 | 0000 488b | f1c5 fa10 | 8424 c401 | 0000 e99d 
  0x000001d2007bf88c: 0100 0044 | 8b4a 4049 | c1e1 0345 | 3b41 0c0f | 83c0 2f00 | 004d 63c0 | 478b 4481 | 1049 c1e0 
  0x000001d2007bf8ac: 0349 3b00 

  0x000001d2007bf8b0: ;   {metadata(method data for {method} {0x000001d219c8c270} 'layout' '()V' in 'com/sun/javafx/text/PrismTextLayout')}
  0x000001d2007bf8b0: 498b f848 | bea0 c757 | 1ad2 0100 

  0x000001d2007bf8bc: ;   {metadata('com/sun/javafx/text/TextRun')}
  0x000001d2007bf8bc: 0049 ba00 | 6930 a000 | 0000 004c | 8996 400b | 0000 4883 | 8648 0b00 

  0x000001d2007bf8d4: ;   {metadata(method data for {method} {0x000001d21a06ab78} 'isLinebreak' '()Z' in 'com/sun/javafx/text/TextRun')}
  0x000001d2007bf8d4: 0001 48bf | 08c5 2f1b | d201 0000 | 8bb7 9000 | 0000 83c6 | 0289 b790 | 0000 0081 | e6fe ff1f 
  0x000001d2007bf8f4: 0085 f60f | 8477 2f00 | 0045 8b40 | 2c41 83e0 | 0245 85c0 

  0x000001d2007bf908: ;   {metadata(method data for {method} {0x000001d21a06ab78} 'isLinebreak' '()Z' in 'com/sun/javafx/text/TextRun')}
  0x000001d2007bf908: 49b8 08c5 | 2f1b d201 | 0000 bfd8 | 0000 0074 | 05bf e800 | 0000 498b | 3438 488d | 7601 4989 
  0x000001d2007bf928: 3438 0f84 | 1c00 0000 

  0x000001d2007bf930: ;   {metadata(method data for {method} {0x000001d21a06ab78} 'isLinebreak' '()Z' in 'com/sun/javafx/text/TextRun')}
  0x000001d2007bf930: 49b8 08c5 | 2f1b d201 | 0000 41ff | 80f8 0000 | 0041 b801 | 0000 00e9 | 0600 0000 | 41b8 0000 
  0x000001d2007bf950: 0000 4183 | e001 4585 

  0x000001d2007bf958: ;   {metadata(method data for {method} {0x000001d219c8c270} 'layout' '()V' in 'com/sun/javafx/text/PrismTextLayout')}
  0x000001d2007bf958: c049 b8a0 | c757 1ad2 | 0100 00bf | 780b 0000 | 7405 bf68 | 0b00 0049 | 8b34 3848 | 8d76 0149 
  0x000001d2007bf978: 8934 380f | 8419 0000 | 0048 8bbc | 24f8 0000 | 0048 8bf1 | c5fa 1084 | 24c4 0100 | 00e9 9200 
  0x000001d2007bf998: 0000 413b | 490c 0f83 | f12e 0000 | 4c63 c147 | 8b44 8110 | 49c1 e003 

  0x000001d2007bf9b0: ; implicit exception: dispatches to 0x000001d2007c28a3
  0x000001d2007bf9b0: 493b 004d 

  0x000001d2007bf9b4: ;   {metadata(method data for {method} {0x000001d219c8c270} 'layout' '()V' in 'com/sun/javafx/text/PrismTextLayout')}
  0x000001d2007bf9b4: 8bc8 48bf | a0c7 571a | d201 0000 

  0x000001d2007bf9c0: ;   {metadata('com/sun/javafx/text/TextRun')}
  0x000001d2007bf9c0: 49ba 0069 | 30a0 0000 | 0000 4c89 | 9790 0b00 | 0048 8387 | 980b 0000 

  0x000001d2007bf9d8: ;   {metadata(method data for {method} {0x000001d21a070e78} 'setSoftbreak' '()V' in 'com/sun/javafx/text/TextRun')}
  0x000001d2007bf9d8: 0149 b9b8 | d02f 1bd2 | 0100 0041 | 8bb9 9000 | 0000 83c7 | 0241 89b9 | 9000 0000 | 81e7 feff 
  0x000001d2007bf9f8: 1f00 85ff | 0f84 a62e | 0000 458b | 482c 4183 | c904 4589 | 482c 448b | 4a20 4181 | c980 0000 
  0x000001d2007bfa18: 0044 894a | 2049 8bf8 | 488b f1c5 | fa10 8424 | c401 0000 | c5fa 5884 | 24c0 0100 | 0048 3b07 
  0x000001d2007bfa38: ;   {metadata(method data for {method} {0x000001d219c8c270} 'layout' '()V' in 'com/sun/javafx/text/PrismTextLayout')}
  0x000001d2007bfa38: 4c8b c749 | b9a0 c757 | 1ad2 0100 | 0049 8381 | c80b 0000 

  0x000001d2007bfa4c: ;   {metadata(method data for {method} {0x000001d21a06ad70} 'isBreak' '()Z' in 'com/sun/javafx/text/TextRun')}
  0x000001d2007bfa4c: 0149 b8c0 | d12f 1bd2 | 0100 0045 | 8b88 9000 | 0000 4183 | c102 4589 | 8890 0000 | 0041 81e1 
  0x000001d2007bfa6c: feff 1f00 | 4585 c90f | 8455 2e00 | 0044 8b47 | 2c41 83e0 | 0645 85c0 

  0x000001d2007bfa84: ;   {metadata(method data for {method} {0x000001d21a06ad70} 'isBreak' '()Z' in 'com/sun/javafx/text/TextRun')}
  0x000001d2007bfa84: 49b8 c0d1 | 2f1b d201 | 0000 41b9 | d800 0000 | 7406 41b9 | e800 0000 | 4b8b 3c08 | 488d 7f01 
  0x000001d2007bfaa4: 4b89 3c08 | 0f84 1c00 

  0x000001d2007bfaac: ;   {metadata(method data for {method} {0x000001d21a06ad70} 'isBreak' '()Z' in 'com/sun/javafx/text/TextRun')}
  0x000001d2007bfaac: 0000 49b8 | c0d1 2f1b | d201 0000 | 41ff 80f8 | 0000 0041 | b801 0000 | 00e9 0600 | 0000 41b8 
  0x000001d2007bfacc: 0000 0000 | 4183 e001 

  0x000001d2007bfad4: ;   {metadata(method data for {method} {0x000001d219c8c270} 'layout' '()V' in 'com/sun/javafx/text/PrismTextLayout')}
  0x000001d2007bfad4: 4585 c049 | b8a0 c757 | 1ad2 0100 | 0041 b9f8 | 0b00 0075 | 0641 b9e8 | 0b00 004b | 8b3c 0848 
  0x000001d2007bfaf4: 8d7f 014b | 893c 080f | 851e 0000 | 008b 9c24 | ec00 0000 | 8b8c 2400 | 0100 004c | 8bc6 488b 
  0x000001d2007bfb14: b424 f000 | 0000 e9aa | 0300 004c 

  0x000001d2007bfb20: ;   {metadata(method data for {method} {0x000001d219c8c270} 'layout' '()V' in 'com/sun/javafx/text/PrismTextLayout')}
  0x000001d2007bfb20: 8bc2 49b9 | a0c7 571a | d201 0000 | 4983 8108 | 0c00 0001 | 448b 8424 | 0001 0000 | 4c8b ce8b 
  0x000001d2007bfb40: bc24 ec00 | 0000 488b | da48 8bd3 | 89b4 2448 | 0100 000f 

  0x000001d2007bfb54: ;   {optimized virtual_call}
  0x000001d2007bfb54: 1f40 00e8 

  0x000001d2007bfb58: ; ImmutableOopMap {[176]=Oop [184]=Oop [192]=Oop [216]=Oop [240]=Oop }
                      ;*invokevirtual createLine {reexecute=0 rethrow=0 return_oop=0}
                      ; - com.sun.javafx.text.PrismTextLayout::layout@789 (line 1232)
  0x000001d2007bfb58: 3f35 0000 

  0x000001d2007bfb5c: ;   {post_call_nop}
  0x000001d2007bfb5c: 0f1f 8400 | d421 0018 | 4c8b 8424 | f000 0000 

  0x000001d2007bfb6c: ;   {metadata(method data for {method} {0x000001d219c8c270} 'layout' '()V' in 'com/sun/javafx/text/PrismTextLayout')}
  0x000001d2007bfb6c: 48ba a0c7 | 571a d201 | 0000 458b | 4008 41ba | 0000 009f | 4d03 c24c | 3b82 400c | 0000 750d 
  0x000001d2007bfb8c: 4883 8248 | 0c00 0001 | e960 0000 | 004c 3b82 | 500c 0000 | 750d 4883 | 8258 0c00 | 0001 e94a 
  0x000001d2007bfbac: 0000 0048 | 83ba 400c | 0000 0075 | 174c 8982 | 400c 0000 | 48c7 8248 | 0c00 0001 | 0000 00e9 
  0x000001d2007bfbcc: 2900 0000 | 4883 ba50 | 0c00 0000 | 7517 4c89 | 8250 0c00 | 0048 c782 | 580c 0000 | 0100 0000 
  0x000001d2007bfbec: e908 0000 | 0048 8382 | 380c 0000 

  0x000001d2007bfbf8: ;   {metadata(method data for {method} {0x000000009f221148} 'add' '(Ljava/lang/Object;)Z' in 'java/util/ArrayList')}
  0x000001d2007bfbf8: 0149 b818 | 600d 19d2 | 0100 0041 | 8b90 9000 | 0000 83c2 | 0241 8990 | 9000 0000 | 81e2 feff 
  0x000001d2007bfc18: 1f00 85d2 | 0f84 cd2c | 0000 488b | b424 f000 | 0000 448b | 460c 41ff | c044 8946 | 0c44 8b46 
  0x000001d2007bfc38: 1449 c1e0 | 038b 7e10 

  0x000001d2007bfc40: ;   {metadata(method data for {method} {0x000000009f221148} 'add' '(Ljava/lang/Object;)Z' in 'java/util/ArrayList')}
  0x000001d2007bfc40: 488b d648 | bb18 600d | 19d2 0100 | 0048 8383 | d800 0000 

  0x000001d2007bfc54: ;   {metadata(method data for {method} {0x000000009f222068} 'add' '(Ljava/lang/Object;[Ljava/lang/Object;I)V' in 'java/util/ArrayList')}
  0x000001d2007bfc54: 0148 ba78 | 680d 19d2 | 0100 008b | 9a90 0000 | 0083 c302 | 899a 9000 | 0000 81e3 | feff 1f00 
  0x000001d2007bfc74: 85db 0f84 | 942c 0000 

  0x000001d2007bfc7c: ; implicit exception: dispatches to 0x000001d2007c2931
  0x000001d2007bfc7c: 418b 500c 

  0x000001d2007bfc80: ;   {metadata(method data for {method} {0x000000009f222068} 'add' '(Ljava/lang/Object;[Ljava/lang/Object;I)V' in 'java/util/ArrayList')}
  0x000001d2007bfc80: 3bfa 48ba | 7868 0d19 | d201 0000 | bbd8 0000 | 0075 05bb | e800 0000 | 488b 0c1a | 488d 4901 
  0x000001d2007bfca0: 4889 0c1a | 0f85 9400 | 0000 4889 | 8424 5001 | 0000 4c8b 

  0x000001d2007bfcb4: ;   {metadata(method data for {method} {0x000000009f222068} 'add' '(Ljava/lang/Object;[Ljava/lang/Object;I)V' in 'java/util/ArrayList')}
  0x000001d2007bfcb4: c648 ba78 | 680d 19d2 | 0100 0048 | 8382 f800 

  0x000001d2007bfcc4: ;   {metadata(method data for {method} {0x000000009f2221c8} 'grow' '()[Ljava/lang/Object;' in 'java/util/ArrayList')}
  0x000001d2007bfcc4: 0000 0149 | b830 6f0d | 19d2 0100 | 0041 8b90 | 9000 0000 | 83c2 0241 | 8990 9000 | 0000 81e2 
  0x000001d2007bfce4: feff 1f00 | 85d2 0f84 | 462c 0000 

  0x000001d2007bfcf0: ;   {metadata(method data for {method} {0x000000009f2221c8} 'grow' '()[Ljava/lang/Object;' in 'java/util/ArrayList')}
  0x000001d2007bfcf0: 4c8b c648 | ba30 6f0d | 19d2 0100 | 0048 8382 | d800 0000 | 014c 8bc7 | 41ff c048 | 8bd6 89bc 
  0x000001d2007bfd10: 244c 0100 

  0x000001d2007bfd14: ;   {optimized virtual_call}
  0x000001d2007bfd14: 0066 90e8 

  0x000001d2007bfd18: ; ImmutableOopMap {[176]=Oop [184]=Oop [192]=Oop [216]=Oop [240]=Oop [336]=Oop }
                      ;*invokevirtual grow {reexecute=0 rethrow=0 return_oop=0}
                      ; - java.util.ArrayList::grow@7 (line 245)
                      ; - java.util.ArrayList::add@7 (line 484)
                      ; - java.util.ArrayList::add@20 (line 497)
                      ; - com.sun.javafx.text.PrismTextLayout::layout@798 (line 1233)
  0x000001d2007bfd18: 742c 5c07 

  0x000001d2007bfd1c: ;   {post_call_nop}
  0x000001d2007bfd1c: 0f1f 8400 | 9423 0019 | 4c8b c08b | bc24 4c01 | 0000 488b | 8424 5001 | 0000 488b | b424 f000 
  0x000001d2007bfd3c: 0000 413b | 780c 0f83 | 192c 0000 

  0x000001d2007bfd48: ;   {metadata(method data for {method} {0x000000009f222068} 'add' '(Ljava/lang/Object;[Ljava/lang/Object;I)V' in 'java/util/ArrayList')}
  0x000001d2007bfd48: 4885 c048 | ba78 680d | 19d2 0100 | 0075 0c80 | 8a21 0100 | 0001 e9d7 | 0000 0044 | 8b48 0841 
  0x000001d2007bfd68: ba00 0000 | 9f4d 03ca | 4c3b 8a30 | 0100 0075 | 0d48 8382 | 3801 0000 | 01e9 6000 | 0000 4c3b 
  0x000001d2007bfd88: 8a40 0100 | 0075 0d48 | 8382 4801 | 0000 01e9 | 4a00 0000 | 4883 ba30 | 0100 0000 | 7517 4c89 
  0x000001d2007bfda8: 8a30 0100 | 0048 c782 | 3801 0000 | 0100 0000 | e929 0000 | 0048 83ba | 4001 0000 | 0075 174c 
  0x000001d2007bfdc8: 898a 4001 | 0000 48c7 | 8248 0100 | 0001 0000 | 00e9 0800 | 0000 4883 | 8228 0100 | 0001 458b 
  0x000001d2007bfde8: 4808 41ba | 0000 009f | 4d03 ca8b | 5008 41ba | 0000 009f | 4903 d24d | 8b89 e000 | 0000 493b 
  0x000001d2007bfe08: d10f 842b | 0000 0041 | 8b59 144c | 3b0c 1a0f | 841d 0000 | 0083 fb20 | 0f85 4e2b | 0000 5241 
  0x000001d2007bfe28: ;   {runtime_call C1 Runtime slow_subtype_check_blob}
  0x000001d2007bfe28: 51e8 32ac | dc06 5a41 | 5945 85c9 | 0f84 3a2b | 0000 4c63 | cf4f 8d44 | 8810 450f | be4f 4845 
  0x000001d2007bfe48: 85c9 0f85 | 2d2b 0000 | 4c8b d049 | c1ea 0345 | 8910 4d8b | c84c 33c8 | 49c1 e916 | 4983 f900 
  0x000001d2007bfe68: 0f85 2e2b | 0000 ffc7 | 897e 1044 | 8b84 2448 | 0100 0041 | ffc0 483b | 004c 8bc8 

  0x000001d2007bfe84: ;   {metadata(method data for {method} {0x000001d219c8c270} 'layout' '()V' in 'com/sun/javafx/text/PrismTextLayout')}
  0x000001d2007bfe84: 48bf a0c7 | 571a d201 

  0x000001d2007bfe8c: ;   {metadata('com/sun/javafx/text/TextLine')}
  0x000001d2007bfe8c: 0000 49ba | 0034 30a0 | 0000 0000 | 4c89 9770 | 0c00 0048 | 8387 780c | 0000 0144 | 8b48 1c44 
  0x000001d2007bfeac: 038c 24ec | 0000 0049 | 8bd9 498b 

  0x000001d2007bfeb8: ;   {section_word}
  0x000001d2007bfeb8: c8c5 fa10 | 05cf dbff | ff44 8b84 | 2448 0100 | 0041 ffc0 

  0x000001d2007bfecc: ;   {metadata(method data for {method} {0x000001d219c8c270} 'layout' '()V' in 'com/sun/javafx/text/PrismTextLayout')}
  0x000001d2007bfecc: 49b9 a0c7 | 571a d201 | 0000 418b | b994 0000 | 0083 c702 | 4189 b994 | 0000 0081 | e7fe 3f00 
  0x000001d2007bfeec: 0085 ff0f | 84c4 2a00 | 004d 8b57 

  0x000001d2007bfef8: ; ImmutableOopMap {rsi=Oop [176]=Oop [184]=Oop [192]=Oop [216]=Oop [240]=Oop }
                      ;*goto {reexecute=1 rethrow=0 return_oop=0}
                      ; - (reexecute) com.sun.javafx.text.PrismTextLayout::layout@824 (line 1111)
                      ;   {poll}
  0x000001d2007bfef8: 3041 8502 

  0x000001d2007bfefc: ;   {metadata(method data for {method} {0x000001d219c8c270} 'layout' '()V' in 'com/sun/javafx/text/PrismTextLayout')}
  0x000001d2007bfefc: 49b9 a0c7 | 571a d201 | 0000 41ff | 8198 0c00 | 0089 9c24 | ec00 0000 | 898c 2400 | 0100 00c5 
  0x000001d2007bff1c: fa11 8424 | c001 0000 | 488b 9c24 | c000 0000 | 4c8b ac24 | b800 0000 | 4c8b 9c24 | b000 0000 
  0x000001d2007bff3c: 498b f0e9 | 44e5 ffff | 8b8c 2400 | 0100 0048 | 8bb4 24f0 | 0000 004c | 8bc3 8b9c | 24ec 0000 
  0x000001d2007bff5c: 004d 85c0 

  0x000001d2007bff60: ;   {metadata(method data for {method} {0x000001d219c8c270} 'layout' '()V' in 'com/sun/javafx/text/PrismTextLayout')}
  0x000001d2007bff60: 49b9 a0c7 | 571a d201 | 0000 bfb0 | 0c00 0074 | 05bf c00c | 0000 498b | 1439 488d | 5201 4989 
  0x000001d2007bff80: 1439 0f84 | 0d01 0000 

  0x000001d2007bff88: ; implicit exception: dispatches to 0x000001d2007c29da
  0x000001d2007bff88: 493b 004d 

  0x000001d2007bff8c: ;   {metadata(method data for {method} {0x000001d219c8c270} 'layout' '()V' in 'com/sun/javafx/text/PrismTextLayout')}
  0x000001d2007bff8c: 8bc8 48bf | a0c7 571a | d201 0000 | 458b 4908 | 41ba 0000 | 009f 4d03 | ca4c 3b8f | d80c 0000 
  0x000001d2007bffac: 750d 4883 | 87e0 0c00 | 0001 e960 | 0000 004c | 3b8f e80c | 0000 750d | 4883 87f0 | 0c00 0001 
  0x000001d2007bffcc: e94a 0000 | 0048 83bf | d80c 0000 | 0075 174c | 898f d80c | 0000 48c7 | 87e0 0c00 | 0001 0000 
  0x000001d2007bffec: 00e9 2900 | 0000 4883 | bfe8 0c00 | 0000 7517 | 4c89 8fe8 | 0c00 0048 | c787 f00c | 0000 0100 
  0x000001d2007c000c: 0000 e908 | 0000 0048 | 8387 d00c 

  0x000001d2007c0018: ;   {metadata(method data for {method} {0x000001d219861bc8} 'dispose' '()V' in 'com/sun/javafx/text/GlyphLayout')}
  0x000001d2007c0018: 0000 0149 | b9a0 d92f | 1bd2 0100 | 0041 8bb9 | 9000 0000 | 83c7 0241 | 89b9 9000 | 0000 81e7 
  0x000001d2007c0038: feff 1f00 | 85ff 0f84 | 9b29 0000 

  0x000001d2007c0044: ;   {oop(a 'java/lang/Class'{0x000000060bc6ccf0} = 'com/sun/javafx/text/GlyphLayout')}
  0x000001d2007c0044: 49b9 f0cc | c60b 0600 | 0000 458b | 497c 49c1 | e103 4d3b 

  0x000001d2007c0058: ;   {metadata(method data for {method} {0x000001d219861bc8} 'dispose' '()V' in 'com/sun/javafx/text/GlyphLayout')}
  0x000001d2007c0058: c149 b8a0 | d92f 1bd2 | 0100 0041 | b9d8 0000 | 0075 0641 | b9e8 0000 | 004b 8b3c | 0848 8d7f 
  0x000001d2007c0078: 014b 893c | 080f 8512 

  0x000001d2007c0080: ;   {oop(a 'java/lang/Class'{0x000000060bc6ccf0} = 'com/sun/javafx/text/GlyphLayout')}
  0x000001d2007c0080: 0000 0049 | b8f0 ccc6 | 0b06 0000 | 0041 c680 | 9800 0000 | 008b bc24 | e400 0000 | 488b 9424 
  0x000001d2007c00a0: b000 0000 

  0x000001d2007c00a4: ;   {metadata(method data for {method} {0x000001d219c8c270} 'layout' '()V' in 'com/sun/javafx/text/PrismTextLayout')}
  0x000001d2007c00a4: 49b8 a0c7 | 571a d201 | 0000 4983 | 8000 0d00 | 0001 ffcf | 4c8b c14c | 8bcf 488b | fb48 8b94 
  0x000001d2007c00c4: 24b0 0000 | 0066 0f1f 

  0x000001d2007c00cc: ;   {optimized virtual_call}
  0x000001d2007c00cc: 4400 00e8 

  0x000001d2007c00d0: ; ImmutableOopMap {[176]=Oop [184]=Oop [240]=Oop }
                      ;*invokevirtual createLine {reexecute=0 rethrow=0 return_oop=0}
                      ; - com.sun.javafx.text.PrismTextLayout::layout@848 (line 1241)
  0x000001d2007c00d0: 6c83 1c00 

  0x000001d2007c00d4: ;   {post_call_nop}
  0x000001d2007c00d4: 0f1f 8400 | 4c27 001b | 4c8b 8424 | f000 0000 

  0x000001d2007c00e4: ;   {metadata(method data for {method} {0x000001d219c8c270} 'layout' '()V' in 'com/sun/javafx/text/PrismTextLayout')}
  0x000001d2007c00e4: 48ba a0c7 | 571a d201 | 0000 458b | 4008 41ba | 0000 009f | 4d03 c24c | 3b82 380d | 0000 750d 
  0x000001d2007c0104: 4883 8240 | 0d00 0001 | e960 0000 | 004c 3b82 | 480d 0000 | 750d 4883 | 8250 0d00 | 0001 e94a 
  0x000001d2007c0124: 0000 0048 | 83ba 380d | 0000 0075 | 174c 8982 | 380d 0000 | 48c7 8240 | 0d00 0001 | 0000 00e9 
  0x000001d2007c0144: 2900 0000 | 4883 ba48 | 0d00 0000 | 7517 4c89 | 8248 0d00 | 0048 c782 | 500d 0000 | 0100 0000 
  0x000001d2007c0164: e908 0000 | 0048 8382 | 300d 0000 

  0x000001d2007c0170: ;   {metadata(method data for {method} {0x000000009f221148} 'add' '(Ljava/lang/Object;)Z' in 'java/util/ArrayList')}
  0x000001d2007c0170: 0149 b818 | 600d 19d2 | 0100 0041 | 8b90 9000 | 0000 83c2 | 0241 8990 | 9000 0000 | 81e2 feff 
  0x000001d2007c0190: 1f00 85d2 | 0f84 6628 | 0000 488b | b424 f000 | 0000 448b | 460c 41ff | c044 8946 | 0c44 8b46 
  0x000001d2007c01b0: 1449 c1e0 | 038b 7e10 

  0x000001d2007c01b8: ;   {metadata(method data for {method} {0x000000009f221148} 'add' '(Ljava/lang/Object;)Z' in 'java/util/ArrayList')}
  0x000001d2007c01b8: 488b d648 | bb18 600d | 19d2 0100 | 0048 8383 | d800 0000 

  0x000001d2007c01cc: ;   {metadata(method data for {method} {0x000000009f222068} 'add' '(Ljava/lang/Object;[Ljava/lang/Object;I)V' in 'java/util/ArrayList')}
  0x000001d2007c01cc: 0148 ba78 | 680d 19d2 | 0100 008b | 9a90 0000 | 0083 c302 | 899a 9000 | 0000 81e3 | feff 1f00 
  0x000001d2007c01ec: 85db 0f84 | 2d28 0000 

  0x000001d2007c01f4: ; implicit exception: dispatches to 0x000001d2007c2a42
  0x000001d2007c01f4: 418b 500c 

  0x000001d2007c01f8: ;   {metadata(method data for {method} {0x000000009f222068} 'add' '(Ljava/lang/Object;[Ljava/lang/Object;I)V' in 'java/util/ArrayList')}
  0x000001d2007c01f8: 3bfa 48ba | 7868 0d19 | d201 0000 | bbe8 0000 | 0074 05bb | d800 0000 | 488b 0c1a | 488d 4901 
  0x000001d2007c0218: 4889 0c1a | 0f84 0800 | 0000 4c8b | cee9 9400 | 0000 4889 | 8424 6001 | 0000 4c8b 

  0x000001d2007c0234: ;   {metadata(method data for {method} {0x000000009f222068} 'add' '(Ljava/lang/Object;[Ljava/lang/Object;I)V' in 'java/util/ArrayList')}
  0x000001d2007c0234: c648 ba78 | 680d 19d2 | 0100 0048 | 8382 f800 

  0x000001d2007c0244: ;   {metadata(method data for {method} {0x000000009f2221c8} 'grow' '()[Ljava/lang/Object;' in 'java/util/ArrayList')}
  0x000001d2007c0244: 0000 0149 | b830 6f0d | 19d2 0100 | 0041 8b90 | 9000 0000 | 83c2 0241 | 8990 9000 | 0000 81e2 
  0x000001d2007c0264: feff 1f00 | 85d2 0f84 | d727 0000 

  0x000001d2007c0270: ;   {metadata(method data for {method} {0x000000009f2221c8} 'grow' '()[Ljava/lang/Object;' in 'java/util/ArrayList')}
  0x000001d2007c0270: 4c8b c648 | ba30 6f0d | 19d2 0100 | 0048 8382 | d800 0000 | 014c 8bc7 | 41ff c048 | 8bd6 89bc 
  0x000001d2007c0290: 2458 0100 

  0x000001d2007c0294: ;   {optimized virtual_call}
  0x000001d2007c0294: 0066 90e8 

  0x000001d2007c0298: ; ImmutableOopMap {[176]=Oop [184]=Oop [240]=Oop [352]=Oop }
                      ;*invokevirtual grow {reexecute=0 rethrow=0 return_oop=0}
                      ; - java.util.ArrayList::grow@7 (line 245)
                      ; - java.util.ArrayList::add@7 (line 484)
                      ; - java.util.ArrayList::add@20 (line 497)
                      ; - com.sun.javafx.text.PrismTextLayout::layout@851 (line 1241)
  0x000001d2007c0298: f426 5c07 

  0x000001d2007c029c: ;   {post_call_nop}
  0x000001d2007c029c: 0f1f 8400 | 1429 001c | 4c8b c08b | bc24 5801 | 0000 488b | 8424 6001 | 0000 4c8b | 8c24 f000 
  0x000001d2007c02bc: 0000 413b | 780c 0f83 | aa27 0000 

  0x000001d2007c02c8: ;   {metadata(method data for {method} {0x000000009f222068} 'add' '(Ljava/lang/Object;[Ljava/lang/Object;I)V' in 'java/util/ArrayList')}
  0x000001d2007c02c8: 4885 c048 | ba78 680d | 19d2 0100 | 0075 0c80 | 8a21 0100 | 0001 e9d2 | 0000 008b | 5808 41ba 
  0x000001d2007c02e8: 0000 009f | 4903 da48 | 3b9a 3001 | 0000 750d | 4883 8238 | 0100 0001 | e960 0000 | 0048 3b9a 
  0x000001d2007c0308: 4001 0000 | 750d 4883 | 8248 0100 | 0001 e94a | 0000 0048 | 83ba 3001 | 0000 0075 | 1748 899a 
  0x000001d2007c0328: 3001 0000 | 48c7 8238 | 0100 0001 | 0000 00e9 | 2900 0000 | 4883 ba40 | 0100 0000 | 7517 4889 
  0x000001d2007c0348: 9a40 0100 | 0048 c782 | 4801 0000 | 0100 0000 | e908 0000 | 0048 8382 | 2801 0000 | 0141 8b58 
  0x000001d2007c0368: 0841 ba00 | 0000 9f49 | 03da 8b50 | 0841 ba00 | 0000 9f49 | 03d2 488b | 9be0 0000 | 0048 3bd3 
  0x000001d2007c0388: 0f84 2700 | 0000 8b73 | 1448 3b1c | 320f 841a | 0000 0083 | fe20 0f85 | e126 0000 

  0x000001d2007c03a4: ;   {runtime_call C1 Runtime slow_subtype_check_blob}
  0x000001d2007c03a4: 5253 e8b5 | a6dc 065a | 5b85 db0f | 84d0 2600 | 0048 63df | 498d 5c98 | 1041 0fbe | 5748 85d2 
  0x000001d2007c03c4: 0f85 c426 | 0000 4c8b | d049 c1ea | 0344 8913 | 488b d348 | 33d0 48c1 | ea16 4883 | fa00 0f85 
  0x000001d2007c03e4: c426 0000 | ffc7 4189 | 7910 488b | 9424 b000 | 0000 498b 

  0x000001d2007c03f8: ;   {metadata(method data for {method} {0x000001d219c8c270} 'layout' '()V' in 'com/sun/javafx/text/PrismTextLayout')}
  0x000001d2007c03f8: c148 bba0 | c757 1ad2 | 0100 008b | 4008 41ba | 0000 009f | 4903 c248 | 3b83 680d | 0000 750d 
  0x000001d2007c0418: 4883 8370 | 0d00 0001 | e960 0000 | 0048 3b83 | 780d 0000 | 750d 4883 | 8380 0d00 | 0001 e94a 
  0x000001d2007c0438: 0000 0048 | 83bb 680d | 0000 0075 | 1748 8983 | 680d 0000 | 48c7 8370 | 0d00 0001 | 0000 00e9 
  0x000001d2007c0458: 2900 0000 | 4883 bb78 | 0d00 0000 | 7517 4889 | 8378 0d00 | 0048 c783 | 800d 0000 | 0100 0000 
  0x000001d2007c0478: e908 0000 | 0048 8383 | 600d 0000 | 0141 8b59 | 104c 8bda 

  0x000001d2007c048c: ;   {metadata('com/sun/javafx/text/TextLine'[])}
  0x000001d2007c048c: 48ba 0082 | 30a0 0000 | 0000 4863 | db48 8bfb | 4881 fbff | ffff 000f | 871b 2600 | 00be 1700 
  0x000001d2007c04ac: 0000 488d | 349e 4883 | e6f8 498b | 87c8 0100 | 0048 8d34 | 3049 3bb7 | d801 0000 | 0f87 f625 
  0x000001d2007c04cc: 0000 4989 | b7c8 0100 | 0048 2bf0 | 48c7 0001 | 0000 0048 | 8bca 41ba | 0000 009f | 492b ca89 
  0x000001d2007c04ec: 4808 8958 | 0c48 83ee | 1048 85f6 | 0f84 1100 | 0000 4833 | db48 c1ee | 0348 895c | f008 48ff 
  0x000001d2007c050c: ce75 f645 | 0fbe 4748 | 4585 c00f | 85b1 2500 | 004c 8bd0 | 49c1 ea03 | 4589 533c | 498b d348 
  0x000001d2007c052c: 33d0 48c1 | ea16 4883 | fa00 0f85 | b225 0000 

  0x000001d2007c053c: ;   {metadata(method data for {method} {0x000001d219c8c270} 'layout' '()V' in 'com/sun/javafx/text/PrismTextLayout')}
  0x000001d2007c053c: 4d8b c148 | baa0 c757 | 1ad2 0100 | 0045 8b40 | 0841 ba00 | 0000 9f4d | 03c2 4c3b | 8298 0d00 
  0x000001d2007c055c: 0075 0d48 | 8382 a00d | 0000 01e9 | 6000 0000 | 4c3b 82a8 | 0d00 0075 | 0d48 8382 | b00d 0000 
  0x000001d2007c057c: 01e9 4a00 | 0000 4883 | ba98 0d00 | 0000 7517 | 4c89 8298 | 0d00 0048 | c782 a00d | 0000 0100 
  0x000001d2007c059c: 0000 e929 | 0000 0048 | 83ba a80d | 0000 0075 | 174c 8982 | a80d 0000 | 48c7 82b0 | 0d00 0001 
  0x000001d2007c05bc: 0000 00e9 | 0800 0000 | 4883 8290 | 0d00 0001 | 4c8b c049 | 8bd1 0f1f 

  0x000001d2007c05d4: ;   {optimized virtual_call}
  0x000001d2007c05d4: 4400 00e8 

  0x000001d2007c05d8: ; ImmutableOopMap {[176]=Oop [184]=Oop }
                      ;*invokevirtual toArray {reexecute=0 rethrow=0 return_oop=0}
                      ; - com.sun.javafx.text.PrismTextLayout::layout@873 (line 1243)
  0x000001d2007c05d8: c4ba d4ff 

  0x000001d2007c05dc: ;   {post_call_nop}
  0x000001d2007c05dc: 0f1f 8400 | 542c 001d | 488b 9424 | b000 0000 | c5fa 1042 | 18c5 fa10 

  0x000001d2007c05f4: ;   {metadata(method data for {method} {0x000001d219c8c270} 'layout' '()V' in 'com/sun/javafx/text/PrismTextLayout')}
  0x000001d2007c05f4: 4a10 48be | a0c7 571a | d201 0000 | 4883 86c0 | 0d00 0001 | 0f1f 8000 

  0x000001d2007c060c: ;   {static_call}
  0x000001d2007c060c: 0000 00e8 

  0x000001d2007c0610: ; ImmutableOopMap {[176]=Oop [184]=Oop }
                      ;*invokestatic max {reexecute=0 rethrow=0 return_oop=0}
                      ; - com.sun.javafx.text.PrismTextLayout::layout@885 (line 1245)
  0x000001d2007c0610: 8c3f 6407 

  0x000001d2007c0614: ;   {post_call_nop}
  0x000001d2007c0614: 0f1f 8400 | 8c2c 001e | c5fa 1184 | 24c8 0100 | 0048 8b94 | 24b0 0000 

  0x000001d2007c062c: ;   {metadata(method data for {method} {0x000001d219c8c270} 'layout' '()V' in 'com/sun/javafx/text/PrismTextLayout')}
  0x000001d2007c062c: 0048 bea0 | c757 1ad2 | 0100 0048 | 8386 d00d | 0000 0148 | 8b94 24b0 

  0x000001d2007c0644: ;   {optimized virtual_call}
  0x000001d2007c0644: 0000 00e8 

  0x000001d2007c0648: ; ImmutableOopMap {[176]=Oop [184]=Oop }
                      ;*invokevirtual isMirrored {reexecute=0 rethrow=0 return_oop=0}
                      ; - com.sun.javafx.text.PrismTextLayout::layout@894 (line 1248)
  0x000001d2007c0648: 5453 dfff 

  0x000001d2007c064c: ;   {post_call_nop}
  0x000001d2007c064c: 0f1f 8400 | c42c 001f 

  0x000001d2007c0654: ;   {metadata(method data for {method} {0x000001d219c8c270} 'layout' '()V' in 'com/sun/javafx/text/PrismTextLayout')}
  0x000001d2007c0654: 85c0 49b8 | a0c7 571a | d201 0000 | ba00 0e00 | 0074 05ba | 100e 0000 | 498b 3410 | 488d 7601 
  0x000001d2007c0674: 4989 3410 | 8bbc 24e0 | 0000 000f | 8459 0000 | 0081 ff00 

  0x000001d2007c0688: ;   {metadata(method data for {method} {0x000001d219c8c270} 'layout' '()V' in 'com/sun/javafx/text/PrismTextLayout')}
  0x000001d2007c0688: 0010 0049 | b8a0 c757 | 1ad2 0100 | 00ba 300e | 0000 7405 | ba20 0e00 | 0049 8b34 | 1048 8d76 
  0x000001d2007c06a8: 0149 8934 | 100f 840d 

  0x000001d2007c06b0: ;   {section_word}
  0x000001d2007c06b0: 0000 00c5 | fa10 05d9 | d3ff ffe9 | 6100 0000 

  0x000001d2007c06c0: ;   {metadata(method data for {method} {0x000001d219c8c270} 'layout' '()V' in 'com/sun/javafx/text/PrismTextLayout')}
  0x000001d2007c06c0: 49b8 a0c7 | 571a d201 | 0000 41ff | 8040 0e00 

  0x000001d2007c06d0: ;   {section_word}
  0x000001d2007c06d0: 00c5 fa10 | 05bf d3ff | ffe9 4300 | 0000 81ff | 0000 1000 

  0x000001d2007c06e4: ;   {metadata(method data for {method} {0x000001d219c8c270} 'layout' '()V' in 'com/sun/javafx/text/PrismTextLayout')}
  0x000001d2007c06e4: 49b8 a0c7 | 571a d201 | 0000 ba68 | 0e00 0074 | 05ba 580e | 0000 498b | 3410 488d | 7601 4989 
  0x000001d2007c0704: 3410 0f84 | 0d00 0000 

  0x000001d2007c070c: ;   {section_word}
  0x000001d2007c070c: c5fa 1005 | 88d3 ffff | e908 0000 

  0x000001d2007c0718: ;   {section_word}
  0x000001d2007c0718: 00c5 fa10 | 057f d3ff | ff81 ff00 

  0x000001d2007c0724: ;   {metadata(method data for {method} {0x000001d219c8c270} 'layout' '()V' in 'com/sun/javafx/text/PrismTextLayout')}
  0x000001d2007c0724: 0008 0049 | b8a0 c757 | 1ad2 0100 | 00ba 780e | 0000 7505 | ba88 0e00 | 0049 8b34 | 1048 8d76 
  0x000001d2007c0744: 0149 8934 | 100f 8508 

  0x000001d2007c074c: ;   {section_word}
  0x000001d2007c074c: 0000 00c5 | fa10 054d | d3ff ffbe | 0000 0000 

  0x000001d2007c075c: ;   {section_word}
  0x000001d2007c075c: c5fa 100d | 44d3 ffff | c5fa 118c | 24d0 0100 | 00c5 fa10 | 8c24 c801 | 0000 6690 | 488b 8424 
  0x000001d2007c077c: b800 0000 | 488b 9424 | b000 0000 | 8b5a 3c48 | c1e3 0344 | 8b43 0c41 

  0x000001d2007c0794: ;   {metadata(method data for {method} {0x000001d219c8c270} 'layout' '()V' in 'com/sun/javafx/text/PrismTextLayout')}
  0x000001d2007c0794: 3bf0 49b8 | a0c7 571a | d201 0000 | b998 0e00 | 007d 05b9 | a80e 0000 | 4d8b 0c08 | 4d8d 4901 
  0x000001d2007c07b4: 4d89 0c08 | 0f8d 1614 | 0000 4c63 | c642 8b5c | 8310 48c1 | e303 4889 | 9c24 7801 | 0000 483b 
  0x000001d2007c07d4: 034c 8bc3 

  0x000001d2007c07d8: ;   {metadata(method data for {method} {0x000001d219c8c270} 'layout' '()V' in 'com/sun/javafx/text/PrismTextLayout')}
  0x000001d2007c07d8: 48b9 a0c7 | 571a d201 | 0000 4883 | 81c8 0e00 | 0001 448b | 4318 488b 

  0x000001d2007c07f0: ;   {metadata(method data for {method} {0x000001d219c8c270} 'layout' '()V' in 'com/sun/javafx/text/PrismTextLayout')}
  0x000001d2007c07f0: cb49 b9a0 | c757 1ad2 | 0100 0049 | 8381 f80e | 0000 018b | 4b24 48c1 | e103 4889 | 8c24 8001 
  0x000001d2007c0810: 0000 483b | 014c 8bc9 

  0x000001d2007c0818: ;   {metadata(method data for {method} {0x000001d219c8c270} 'layout' '()V' in 'com/sun/javafx/text/PrismTextLayout')}
  0x000001d2007c0818: 49bb a0c7 | 571a d201 | 0000 458b | 4908 41ba | 0000 009f | 4d03 ca4d | 3b8b 200f | 0000 750d 
  0x000001d2007c0838: 4983 8328 | 0f00 0001 | e960 0000 | 004d 3b8b | 300f 0000 | 750d 4983 | 8338 0f00 | 0001 e94a 
  0x000001d2007c0858: 0000 0049 | 83bb 200f | 0000 0075 | 174d 898b | 200f 0000 | 49c7 8328 | 0f00 0001 | 0000 00e9 
  0x000001d2007c0878: 2900 0000 | 4983 bb30 | 0f00 0000 | 7517 4d89 | 8b30 0f00 | 0049 c783 | 380f 0000 | 0100 0000 
  0x000001d2007c0898: e908 0000 | 0049 8383 | 180f 0000 

  0x000001d2007c08a4: ;   {metadata(method data for {method} {0x000001d2198090a0} 'getWidth' '()F' in 'com/sun/javafx/geom/RectBounds')}
  0x000001d2007c08a4: 0149 b910 | 1957 1ad2 | 0100 0045 | 8b99 9000 | 0000 4183 | c302 4589 | 9990 0000 | 0041 81e3 
  0x000001d2007c08c4: feff 1f00 | 4585 db0f | 8444 2200 | 00c5 fa10 | 5910 c5fa | 1061 0cc5 | f828 ebc5 | d25c ecc5 
  0x000001d2007c08e4: f828 e1c5 | da5c e5c5 | da59 e04c 

  0x000001d2007c08f0: ;   {metadata(method data for {method} {0x000001d219c8c270} 'layout' '()V' in 'com/sun/javafx/text/PrismTextLayout')}
  0x000001d2007c08f0: 8bcb 49bb | a0c7 571a | d201 0000 | 4983 8358 | 0f00 0001 

  0x000001d2007c0904: ;   {metadata(method data for {method} {0x000001d21a07b3a8} 'setAlignment' '(F)V' in 'com/sun/javafx/text/TextLine')}
  0x000001d2007c0904: 49b9 58dd | 2f1b d201 | 0000 458b | 9990 0000 | 0041 83c3 | 0245 8999 | 9000 0000 | 4181 e3fe 
  0x000001d2007c0924: ff1f 0045 | 85db 0f84 | 0622 0000 

  0x000001d2007c0930: ;   {metadata(method data for {method} {0x000001d21a07b3a8} 'setAlignment' '(F)V' in 'com/sun/javafx/text/TextLine')}
  0x000001d2007c0930: 4c8b c949 | bb58 dd2f | 1bd2 0100 | 0045 8b49 | 0841 ba00 | 0000 9f4d | 03ca 4d3b | 8be0 0000 
  0x000001d2007c0950: 0075 0d49 | 8383 e800 | 0000 01e9 | 6000 0000 | 4d3b 8bf0 | 0000 0075 | 0d49 8383 | f800 0000 
  0x000001d2007c0970: 01e9 4a00 | 0000 4983 | bbe0 0000 | 0000 7517 | 4d89 8be0 | 0000 0049 | c783 e800 | 0000 0100 
  0x000001d2007c0990: 0000 e929 | 0000 0049 | 83bb f000 | 0000 0075 | 174d 898b | f000 0000 | 49c7 83f8 | 0000 0001 
  0x000001d2007c09b0: 0000 00e9 | 0800 0000 | 4983 83d8 | 0000 0001 | c5fa 1161 | 0c4c 8bc9 

  0x000001d2007c09c8: ;   {metadata(method data for {method} {0x000001d21a07b3a8} 'setAlignment' '(F)V' in 'com/sun/javafx/text/TextLine')}
  0x000001d2007c09c8: 49bb 58dd | 2f1b d201 | 0000 458b | 4908 41ba | 0000 009f | 4d03 ca4d | 3b8b 1001 | 0000 750d 
  0x000001d2007c09e8: 4983 8318 | 0100 0001 | e960 0000 | 004d 3b8b | 2001 0000 | 750d 4983 | 8328 0100 | 0001 e94a 
  0x000001d2007c0a08: 0000 0049 | 83bb 1001 | 0000 0075 | 174d 898b | 1001 0000 | 49c7 8318 | 0100 0001 | 0000 00e9 
  0x000001d2007c0a28: 2900 0000 | 4983 bb20 | 0100 0000 | 7517 4d89 | 8b20 0100 | 0049 c783 | 2801 0000 | 0100 0000 
  0x000001d2007c0a48: e908 0000 | 0049 8383 | 0801 0000 | 014c 8bc9 

  0x000001d2007c0a58: ;   {metadata(method data for {method} {0x000001d21a07b3a8} 'setAlignment' '(F)V' in 'com/sun/javafx/text/TextLine')}
  0x000001d2007c0a58: 49bb 58dd | 2f1b d201 | 0000 458b | 4908 41ba | 0000 009f | 4d03 ca4d | 3b8b 4001 | 0000 750d 
  0x000001d2007c0a78: 4983 8348 | 0100 0001 | e960 0000 | 004d 3b8b | 5001 0000 | 750d 4983 | 8358 0100 | 0001 e94a 
  0x000001d2007c0a98: 0000 0049 | 83bb 4001 | 0000 0075 | 174d 898b | 4001 0000 | 49c7 8348 | 0100 0001 | 0000 00e9 
  0x000001d2007c0ab8: 2900 0000 | 4983 bb50 | 0100 0000 | 7517 4d89 | 8b50 0100 | 0049 c783 | 5801 0000 | 0100 0000 
  0x000001d2007c0ad8: e908 0000 | 0049 8383 | 3801 0000 | 01c5 e258 | dcc5 fa11 | 5910 c5fa 

  0x000001d2007c0af0: ;   {section_word}
  0x000001d2007c0af0: 105a 18c5 | fa10 2db1 | cfff ffc5 | f82e dd41 | b9ff ffff | ff0f 8a15 | 0000 000f | 820f 0000 
  0x000001d2007c0b10: 0041 b900 | 0000 000f | 8403 0000 | 0049 ffc1 

  0x000001d2007c0b20: ;   {metadata(method data for {method} {0x000001d219c8c270} 'layout' '()V' in 'com/sun/javafx/text/PrismTextLayout')}
  0x000001d2007c0b20: 4585 c949 | b9a0 c757 | 1ad2 0100 | 0041 bb78 | 0f00 007e | 0641 bb88 | 0f00 004f | 8b2c 194d 
  0x000001d2007c0b40: 8d6d 014f | 892c 190f | 8e30 0000 | 0081 ff00 

  0x000001d2007c0b50: ;   {metadata(method data for {method} {0x000001d219c8c270} 'layout' '()V' in 'com/sun/javafx/text/PrismTextLayout')}
  0x000001d2007c0b50: 0020 0049 | b9a0 c757 | 1ad2 0100 | 0041 bba8 | 0f00 0074 | 0641 bb98 | 0f00 004f | 8b2c 194d 
  0x000001d2007c0b70: 8d6d 014f | 892c 190f | 840b 0000 | 0041 b900 | 0000 00e9 | 1700 0000 

  0x000001d2007c0b88: ;   {metadata(method data for {method} {0x000001d219c8c270} 'layout' '()V' in 'com/sun/javafx/text/PrismTextLayout')}
  0x000001d2007c0b88: 49b9 a0c7 | 571a d201 | 0000 41ff | 81b8 0f00 | 0041 b901 | 0000 0045 

  0x000001d2007c0ba0: ;   {metadata(method data for {method} {0x000001d219c8c270} 'layout' '()V' in 'com/sun/javafx/text/PrismTextLayout')}
  0x000001d2007c0ba0: 85c9 49b9 | a0c7 571a | d201 0000 | 41bb e00f | 0000 7506 | 41bb d00f | 0000 4f8b | 2c19 4d8d 
  0x000001d2007c0bc0: 6d01 4f89 | 2c19 89b4 | 245c 0100 | 000f 850e | 0000 00c5 | fa11 8424 | d401 0000 | e9cf 0a00 
  0x000001d2007c0be0: 004c 8bcb 

  0x000001d2007c0be4: ;   {metadata(method data for {method} {0x000001d219c8c270} 'layout' '()V' in 'com/sun/javafx/text/PrismTextLayout')}
  0x000001d2007c0be4: 49bb a0c7 | 571a d201 

  0x000001d2007c0bec: ;   {metadata('com/sun/javafx/text/TextLine')}
  0x000001d2007c0bec: 0000 49ba | 0034 30a0 | 0000 0000 | 4d89 93f8 | 0f00 0049 | 8383 0010 | 0000 0144 | 8b4b 2049 
  0x000001d2007c0c0c: c1e1 034c | 898c 2468 | 0100 0045 | 8b59 0c44 | 899c 2470 | 0100 0045 

  0x000001d2007c0c24: ;   {metadata(method data for {method} {0x000001d219c8c270} 'layout' '()V' in 'com/sun/javafx/text/PrismTextLayout')}
  0x000001d2007c0c24: 85db 49bd | a0c7 571a | d201 0000 | 41be 3010 | 0000 7f06 | 41be 2010 | 0000 4b8b | 7435 0048 
  0x000001d2007c0c44: 8d76 014b | 8974 3500 | 0f8f 0e00 | 0000 c5fa | 1184 24d4 | 0100 00e9 | 500a 0000 | 498b f3ff 
  0x000001d2007c0c64: ce41 3b71 | 0c0f 83ed | 1e00 0048 | 63f6 418b | 74b1 1048 | c1e6 0348 | 3b06 4c8b 

  0x000001d2007c0c80: ;   {metadata(method data for {method} {0x000001d219c8c270} 'layout' '()V' in 'com/sun/javafx/text/PrismTextLayout')}
  0x000001d2007c0c80: ee49 bea0 | c757 1ad2 

  0x000001d2007c0c88: ;   {metadata('com/sun/javafx/text/TextRun')}
  0x000001d2007c0c88: 0100 0049 | ba00 6930 | a000 0000 | 004d 8996 | 4810 0000 | 4983 8650 | 1000 0001 

  0x000001d2007c0ca4: ;   {metadata(method data for {method} {0x000001d21a06acc8} 'isSoftbreak' '()Z' in 'com/sun/javafx/text/TextRun')}
  0x000001d2007c0ca4: 49b9 58e0 | 2f1b d201 | 0000 458b | a990 0000 | 0041 83c5 | 0245 89a9 | 9000 0000 | 4181 e5fe 
  0x000001d2007c0cc4: ff1f 0045 | 85ed 0f84 | 9f1e 0000 | 8b76 2c83 | e604 85f6 

  0x000001d2007c0cd8: ;   {metadata(method data for {method} {0x000001d21a06acc8} 'isSoftbreak' '()Z' in 'com/sun/javafx/text/TextRun')}
  0x000001d2007c0cd8: 48be 58e0 | 2f1b d201 | 0000 41b9 | d800 0000 | 7406 41b9 | e800 0000 | 4e8b 2c0e | 4d8d 6d01 
  0x000001d2007c0cf8: 4e89 2c0e | 0f84 1a00 

  0x000001d2007c0d00: ;   {metadata(method data for {method} {0x000001d21a06acc8} 'isSoftbreak' '()Z' in 'com/sun/javafx/text/TextRun')}
  0x000001d2007c0d00: 0000 48be | 58e0 2f1b | d201 0000 | ff86 f800 | 0000 be01 | 0000 00e9 | 0500 0000 | be00 0000 
  0x000001d2007c0d20: 0083 e601 

  0x000001d2007c0d24: ;   {metadata(method data for {method} {0x000001d219c8c270} 'layout' '()V' in 'com/sun/javafx/text/PrismTextLayout')}
  0x000001d2007c0d24: 85f6 48be | a0c7 571a | d201 0000 | 41b9 8010 | 0000 7506 | 41b9 7010 | 0000 4e8b | 2c0e 4d8d 
  0x000001d2007c0d44: 6d01 4e89 | 2c0e 0f85 | 0e00 0000 | c5fa 1184 | 24d4 0100 | 00e9 5209 | 0000 488b 

  0x000001d2007c0d60: ;   {metadata(method data for {method} {0x000001d219c8c270} 'layout' '()V' in 'com/sun/javafx/text/PrismTextLayout')}
  0x000001d2007c0d60: f349 b9a0 | c757 1ad2 

  0x000001d2007c0d68: ;   {metadata('com/sun/javafx/text/TextLine')}
  0x000001d2007c0d68: 0100 0049 | ba00 3430 | a000 0000 | 004d 8991 | 9810 0000 | 4983 81a0 | 1000 0001 | 8b73 1c41 
  0x000001d2007c0d88: 03f0 ffce | 41b9 0000 | 0000 41bd | 0000 0000 

  0x000001d2007c0d98: ;   {metadata(method data for {method} {0x000001d219c8c270} 'layout' '()V' in 'com/sun/javafx/text/PrismTextLayout')}
  0x000001d2007c0d98: 413b f049 | bea0 c757 | 1ad2 0100 | 0041 bbc0 | 1000 007c | 0641 bbd0 | 1000 004b | 8b3c 1e48 
  0x000001d2007c0db8: 8d7f 014b | 893c 1e0f | 8c29 0100 | 0045 85c9 

  0x000001d2007c0dc8: ;   {metadata(method data for {method} {0x000001d219c8c270} 'layout' '()V' in 'com/sun/javafx/text/PrismTextLayout')}
  0x000001d2007c0dc8: 48bf a0c7 | 571a d201 | 0000 41bb | e010 0000 | 7506 41bb | f010 0000 | 4e8b 341f | 4d8d 7601 
  0x000001d2007c0de8: 4e89 341f | 0f85 4400 | 0000 3b70 | 0c0f 839f | 1d00 0048 | 63fe 0fb7 | 7c78 1083 

  0x000001d2007c0e04: ;   {metadata(method data for {method} {0x000001d219c8c270} 'layout' '()V' in 'com/sun/javafx/text/PrismTextLayout')}
  0x000001d2007c0e04: ff20 48bf | a0c7 571a | d201 0000 | 41bb 0011 | 0000 7406 | 41bb 1011 | 0000 4e8b | 341f 4d8d 
  0x000001d2007c0e24: 7601 4e89 | 341f 0f84 | 0600 0000 | 41b9 0100 | 0000 4585 

  0x000001d2007c0e38: ;   {metadata(method data for {method} {0x000001d219c8c270} 'layout' '()V' in 'com/sun/javafx/text/PrismTextLayout')}
  0x000001d2007c0e38: c948 bfa0 | c757 1ad2 | 0100 0041 | bb20 1100 | 0074 0641 | bb30 1100 | 004e 8b34 | 1f4d 8d76 
  0x000001d2007c0e58: 014e 8934 | 1f0f 8441 | 0000 003b | 700c 0f83 | 461d 0000 | 4863 fe0f | b77c 7810 

  0x000001d2007c0e74: ;   {metadata(method data for {method} {0x000001d219c8c270} 'layout' '()V' in 'com/sun/javafx/text/PrismTextLayout')}
  0x000001d2007c0e74: 83ff 2048 | bfa0 c757 | 1ad2 0100 | 0041 bb40 | 1100 0075 | 0641 bb50 | 1100 004e | 8b34 1f4d 
  0x000001d2007c0e94: 8d76 014e | 8934 1f0f | 8503 0000 | 0041 ffc5 

  0x000001d2007c0ea4: ;   {metadata(method data for {method} {0x000001d219c8c270} 'layout' '()V' in 'com/sun/javafx/text/PrismTextLayout')}
  0x000001d2007c0ea4: ffce 48bf | a0c7 571a | d201 0000 | 448b 9f94 | 0000 0041 | 83c3 0244 | 899f 9400 | 0000 4181 
  0x000001d2007c0ec4: e3fe 3f00 | 0045 85db | 0f84 ee1c | 0000 4d8b 

  0x000001d2007c0ed4: ; ImmutableOopMap {rdx=Oop rax=Oop rbx=Oop rcx=Oop [176]=Oop [184]=Oop [360]=Oop [376]=Oop [384]=Oop }
                      ;*goto {reexecute=1 rethrow=0 return_oop=0}
                      ; - (reexecute) com.sun.javafx.text.PrismTextLayout::layout@1121 (line 1275)
                      ;   {poll}
  0x000001d2007c0ed4: 5730 4185 

  0x000001d2007c0ed8: ;   {metadata(method data for {method} {0x000001d219c8c270} 'layout' '()V' in 'com/sun/javafx/text/PrismTextLayout')}
  0x000001d2007c0ed8: 0248 bfa0 | c757 1ad2 | 0100 00ff | 8760 1100 | 00e9 aafe | ffff 4585 

  0x000001d2007c0ef0: ;   {metadata(method data for {method} {0x000001d219c8c270} 'layout' '()V' in 'com/sun/javafx/text/PrismTextLayout')}
  0x000001d2007c0ef0: ed49 b8a0 | c757 1ad2 | 0100 00be | 8811 0000 | 7505 be78 | 1100 0049 | 8b3c 3048 | 8d7f 0149 
  0x000001d2007c0f10: 893c 300f | 850e 0000 | 00c5 fa11 | 8424 d401 | 0000 e989 | 0700 004c 

  0x000001d2007c0f28: ;   {metadata(method data for {method} {0x000001d219c8c270} 'layout' '()V' in 'com/sun/javafx/text/PrismTextLayout')}
  0x000001d2007c0f28: 8bc1 48be | a0c7 571a | d201 0000 | 458b 4008 | 41ba 0000 | 009f 4d03 | c24c 3b86 | a011 0000 
  0x000001d2007c0f48: 750d 4883 | 86a8 1100 | 0001 e960 | 0000 004c | 3b86 b011 | 0000 750d | 4883 86b8 | 1100 0001 
  0x000001d2007c0f68: e94a 0000 | 0048 83be | a011 0000 | 0075 174c | 8986 a011 | 0000 48c7 | 86a8 1100 | 0001 0000 
  0x000001d2007c0f88: 00e9 2900 | 0000 4883 | beb0 1100 | 0000 7517 | 4c89 86b0 | 1100 0048 | c786 b811 | 0000 0100 
  0x000001d2007c0fa8: 0000 e908 | 0000 0048 | 8386 9811 

  0x000001d2007c0fb4: ;   {metadata(method data for {method} {0x000001d2198090a0} 'getWidth' '()F' in 'com/sun/javafx/geom/RectBounds')}
  0x000001d2007c0fb4: 0000 0149 | b810 1957 | 1ad2 0100 | 0041 8bb0 | 9000 0000 | 83c6 0241 | 89b0 9000 | 0000 81e6 
  0x000001d2007c0fd4: feff 1f00 | 85f6 0f84 | 011c 0000 | c5fa 1059 | 10c5 fa10 | 610c c5e2 | 5cdc c5f8 | 28e1 c5da 
  0x000001d2007c0ff4: 5ce3 c4c1 | 622a ddc5 | da5e e3c5 | fa11 a424 | cc01 0000 | be00 0000 | 0044 8b9c | 2470 0100 
  0x000001d2007c1014: 004c 8b8c | 2468 0100 | 00c5 fa11 | 8424 d401 | 0000 6690 

  0x000001d2007c1028: ;   {metadata(method data for {method} {0x000001d219c8c270} 'layout' '()V' in 'com/sun/javafx/text/PrismTextLayout')}
  0x000001d2007c1028: 413b f349 | b8a0 c757 | 1ad2 0100 | 00b8 c811 | 0000 7d05 | b8d8 1100 | 0049 8b3c | 0048 8d7f 
  0x000001d2007c1048: 0149 893c | 000f 8da0 | 0200 004c | 63c6 438b | 7c81 1048 | c1e7 0348 | 89bc 2490 | 0100 0048 
  0x000001d2007c1068: 3b07 4c8b | c789 b424 | 7401 0000 

  0x000001d2007c1074: ;   {metadata(method data for {method} {0x000001d219c8c270} 'layout' '()V' in 'com/sun/javafx/text/PrismTextLayout')}
  0x000001d2007c1074: 48b8 a0c7 | 571a d201 

  0x000001d2007c107c: ;   {metadata('com/sun/javafx/text/TextRun')}
  0x000001d2007c107c: 0000 49ba | 0069 30a0 | 0000 0000 | 4c89 90f0 | 1100 0048 | 8380 f811 | 0000 018b | 7710 89b4 
  0x000001d2007c109c: 2488 0100 | 004c 8bc7 

  0x000001d2007c10a4: ;   {metadata(method data for {method} {0x000001d219c8c270} 'layout' '()V' in 'com/sun/javafx/text/PrismTextLayout')}
  0x000001d2007c10a4: 48b8 a0c7 | 571a d201 

  0x000001d2007c10ac: ;   {metadata('com/sun/javafx/text/TextRun')}
  0x000001d2007c10ac: 0000 49ba | 0069 30a0 | 0000 0000 | 4c89 9020 | 1200 0048 | 8380 2812 

  0x000001d2007c10c4: ;   {metadata(method data for {method} {0x000001d21a06be40} 'getEnd' '()I' in 'com/sun/javafx/text/TextRun')}
  0x000001d2007c10c4: 0000 0149 | b8d8 c92f | 1bd2 0100 | 0041 8b98 | 9000 0000 | 83c3 0241 | 8998 9000 | 0000 81e3 
  0x000001d2007c10e4: feff 1f00 | 85db 0f84 | 171b 0000 | 448b 4714 | 4403 c644 | 8984 249c | 0100 0048 | 8bde 660f 
  0x000001d2007c1104: 1f44 0000 | 488b 8424 | b800 0000 

  0x000001d2007c1110: ;   {metadata(method data for {method} {0x000001d219c8c270} 'layout' '()V' in 'com/sun/javafx/text/PrismTextLayout')}
  0x000001d2007c1110: 413b d848 | bea0 c757 | 1ad2 0100 | 00bf 4812 | 0000 7d05 | bf58 1200 | 0048 8b14 | 3e48 8d52 
  0x000001d2007c1130: 0148 8914 | 3e0f 8d3f | 0100 003b | 580c 0f83 | ee1a 0000 | 4863 d30f | b754 5010 

  0x000001d2007c114c: ;   {metadata(method data for {method} {0x000001d219c8c270} 'layout' '()V' in 'com/sun/javafx/text/PrismTextLayout')}
  0x000001d2007c114c: 83fa 2048 | baa0 c757 | 1ad2 0100 | 00be 7812 | 0000 7405 | be68 1200 | 0048 8b3c | 3248 8d7f 
  0x000001d2007c116c: 0148 893c | 320f 840c | 0000 0089 | 9c24 9801 | 0000 e997 | 0000 0044 | 89ac 248c | 0100 008b 
  0x000001d2007c118c: b424 8801 | 0000 488b | bc24 9001 | 0000 488b 

  0x000001d2007c119c: ;   {metadata(method data for {method} {0x000001d219c8c270} 'layout' '()V' in 'com/sun/javafx/text/PrismTextLayout')}
  0x000001d2007c119c: c748 b9a0 | c757 1ad2 

  0x000001d2007c11a4: ;   {metadata('com/sun/javafx/text/TextRun')}
  0x000001d2007c11a4: 0100 0049 | ba00 6930 | a000 0000 | 004c 8991 | 9012 0000 | 4883 8198 | 1200 0001 | 488b c32b 
  0x000001d2007c11c4: c64c 8bc0 | c5f8 28c4 | 488b d789 | 9c24 9801 

  0x000001d2007c11d4: ;   {optimized virtual_call}
  0x000001d2007c11d4: 0000 90e8 

  0x000001d2007c11d8: ; ImmutableOopMap {[176]=Oop [184]=Oop [360]=Oop [376]=Oop [384]=Oop [400]=Oop }
                      ;*invokevirtual justify {reexecute=0 rethrow=0 return_oop=0}
                      ; - com.sun.javafx.text.PrismTextLayout::layout@1203 (line 1289)
  0x000001d2007c11d8: 04e0 ce06 

  0x000001d2007c11dc: ;   {post_call_nop}
  0x000001d2007c11dc: 0f1f 8400 | 5438 0021 | 448b ac24 | 8c01 0000 | 41ff cd45 

  0x000001d2007c11f0: ;   {metadata(method data for {method} {0x000001d219c8c270} 'layout' '()V' in 'com/sun/javafx/text/PrismTextLayout')}
  0x000001d2007c11f0: 85ed 49b8 | a0c7 571a | d201 0000 | bac8 1200 | 0074 05ba | b812 0000 | 498b 3410 | 488d 7601 
  0x000001d2007c1210: 4989 3410 | 0f84 c800 | 0000 8b9c | 2498 0100 

  0x000001d2007c1220: ;   {metadata(method data for {method} {0x000001d219c8c270} 'layout' '()V' in 'com/sun/javafx/text/PrismTextLayout')}
  0x000001d2007c1220: 00ff c349 | b8a0 c757 | 1ad2 0100 | 0041 8b90 | 9400 0000 | 83c2 0241 | 8990 9400 | 0000 81e2 
  0x000001d2007c1240: fe3f 0000 | 85d2 0f84 | f419 0000 

  0x000001d2007c124c: ; ImmutableOopMap {[176]=Oop [184]=Oop [360]=Oop [376]=Oop [384]=Oop [400]=Oop }
                      ;*goto {reexecute=1 rethrow=0 return_oop=0}
                      ; - (reexecute) com.sun.javafx.text.PrismTextLayout::layout@1220 (line 1286)
  0x000001d2007c124c: 4d8b 5730 

  0x000001d2007c1250: ;   {poll}
  0x000001d2007c1250: 4185 0249 | b8a0 c757 | 1ad2 0100 | 0041 ff80 | f012 0000 | 448b 8424 | 9c01 0000 | c5fa 10a4 
  0x000001d2007c1270: 24cc 0100 | 00e9 8efe | ffff 8bb4 | 2474 0100 

  0x000001d2007c1280: ;   {metadata(method data for {method} {0x000001d219c8c270} 'layout' '()V' in 'com/sun/javafx/text/PrismTextLayout')}
  0x000001d2007c1280: 00ff c649 | b8a0 c757 | 1ad2 0100 | 0041 8b90 | 9400 0000 | 83c2 0241 | 8990 9400 | 0000 81e2 
  0x000001d2007c12a0: fe3f 0000 | 85d2 0f84 | b519 0000 

  0x000001d2007c12ac: ; ImmutableOopMap {[176]=Oop [184]=Oop [360]=Oop [376]=Oop [384]=Oop }
                      ;*goto {reexecute=1 rethrow=0 return_oop=0}
                      ; - (reexecute) com.sun.javafx.text.PrismTextLayout::layout@1226 (line 1282)
  0x000001d2007c12ac: 4d8b 5730 

  0x000001d2007c12b0: ;   {poll}
  0x000001d2007c12b0: 4185 0249 | b8a0 c757 | 1ad2 0100 | 0041 ff80 | 0813 0000 | c5fa 10a4 | 24cc 0100 | 0044 8b9c 
  0x000001d2007c12d0: 2470 0100 | 004c 8b8c | 2468 0100 | 00e9 46fd 

  0x000001d2007c12e0: ;   {metadata(method data for {method} {0x000001d219c8c270} 'layout' '()V' in 'com/sun/javafx/text/PrismTextLayout')}
  0x000001d2007c12e0: ffff 49b8 | a0c7 571a | d201 0000 | 41ff 80d8 | 1200 0048 | 8b9c 2478 | 0100 004c 

  0x000001d2007c12fc: ;   {metadata(method data for {method} {0x000001d219c8c270} 'layout' '()V' in 'com/sun/javafx/text/PrismTextLayout')}
  0x000001d2007c12fc: 8bc3 48ba | a0c7 571a | d201 0000 

  0x000001d2007c1308: ;   {metadata('com/sun/javafx/text/TextLine')}
  0x000001d2007c1308: 49ba 0034 | 30a0 0000 | 0000 4c89 | 9228 1300 | 0048 8382 | 3013 0000 

  0x000001d2007c1320: ;   {metadata(method data for {method} {0x000001d21a07b3a8} 'setAlignment' '(F)V' in 'com/sun/javafx/text/TextLine')}
  0x000001d2007c1320: 0149 b858 | dd2f 1bd2 | 0100 0041 | 8b90 9000 | 0000 83c2 | 0241 8990 | 9000 0000 | 81e2 feff 
  0x000001d2007c1340: 1f00 85d2 | 0f84 3819 | 0000 448b | 4324 49c1 | e003 493b | 0049 8bd0 

  0x000001d2007c1358: ;   {metadata(method data for {method} {0x000001d21a07b3a8} 'setAlignment' '(F)V' in 'com/sun/javafx/text/TextLine')}
  0x000001d2007c1358: 48be 58dd | 2f1b d201 | 0000 8b52 | 0841 ba00 | 0000 9f49 | 03d2 483b | 96e0 0000 | 0075 0d48 
  0x000001d2007c1378: 8386 e800 | 0000 01e9 | 6000 0000 | 483b 96f0 | 0000 0075 | 0d48 8386 | f800 0000 | 01e9 4a00 
  0x000001d2007c1398: 0000 4883 | bee0 0000 | 0000 7517 | 4889 96e0 | 0000 0048 | c786 e800 | 0000 0100 | 0000 e929 
  0x000001d2007c13b8: 0000 0048 | 83be f000 | 0000 0075 | 1748 8996 | f000 0000 | 48c7 86f8 | 0000 0001 | 0000 00e9 
  0x000001d2007c13d8: 0800 0000 | 4883 86d8 | 0000 0001 | 41c7 400c | 0000 0000 

  0x000001d2007c13ec: ;   {metadata(method data for {method} {0x000001d21a07b3a8} 'setAlignment' '(F)V' in 'com/sun/javafx/text/TextLine')}
  0x000001d2007c13ec: 498b d048 | be58 dd2f | 1bd2 0100 | 008b 5208 | 41ba 0000 | 009f 4903 | d248 3b96 | 1001 0000 
  0x000001d2007c140c: 750d 4883 | 8618 0100 | 0001 e960 | 0000 0048 | 3b96 2001 | 0000 750d | 4883 8628 | 0100 0001 
  0x000001d2007c142c: e94a 0000 | 0048 83be | 1001 0000 | 0075 1748 | 8996 1001 | 0000 48c7 | 8618 0100 | 0001 0000 
  0x000001d2007c144c: 00e9 2900 | 0000 4883 | be20 0100 | 0000 7517 | 4889 9620 | 0100 0048 | c786 2801 | 0000 0100 
  0x000001d2007c146c: 0000 e908 | 0000 0048 | 8386 0801 | 0000 01c4 | c17a 1040 | 1049 8bd0 

  0x000001d2007c1484: ;   {metadata(method data for {method} {0x000001d21a07b3a8} 'setAlignment' '(F)V' in 'com/sun/javafx/text/TextLine')}
  0x000001d2007c1484: 48be 58dd | 2f1b d201 | 0000 8b52 | 0841 ba00 | 0000 9f49 | 03d2 483b | 9640 0100 | 0075 0d48 
  0x000001d2007c14a4: 8386 4801 | 0000 01e9 | 6000 0000 | 483b 9650 | 0100 0075 | 0d48 8386 | 5801 0000 | 01e9 4a00 
  0x000001d2007c14c4: 0000 4883 | be40 0100 | 0000 7517 | 4889 9640 | 0100 0048 | c786 4801 | 0000 0100 | 0000 e929 
  0x000001d2007c14e4: 0000 0048 | 83be 5001 | 0000 0075 | 1748 8996 | 5001 0000 | 48c7 8658 | 0100 0001 | 0000 00e9 
  0x000001d2007c1504: 0800 0000 | 4883 8638 | 0100 0001 

  0x000001d2007c1510: ;   {section_word}
  0x000001d2007c1510: c5fa 5805 | 98c5 ffff | c4c1 7a11 | 4010 488b 

  0x000001d2007c1520: ;   {metadata(method data for {method} {0x000001d219c8c270} 'layout' '()V' in 'com/sun/javafx/text/PrismTextLayout')}
  0x000001d2007c1520: d348 bea0 | c757 1ad2 

  0x000001d2007c1528: ;   {metadata('com/sun/javafx/text/TextLine')}
  0x000001d2007c1528: 0100 0049 | ba00 3430 | a000 0000 | 004c 8996 | 5813 0000 | 4883 8660 | 1300 0001 

  0x000001d2007c1544: ;   {metadata(method data for {method} {0x000001d21a07b450} 'setWidth' '(F)V' in 'com/sun/javafx/text/TextLine')}
  0x000001d2007c1544: 48ba 50e5 | 2f1b d201 | 0000 8bb2 | 9000 0000 | 83c6 0289 | b290 0000 | 0081 e6fe | ff1f 0085 
  0x000001d2007c1564: f60f 843d | 1700 0049 

  0x000001d2007c156c: ;   {metadata(method data for {method} {0x000001d21a07b450} 'setWidth' '(F)V' in 'com/sun/javafx/text/TextLine')}
  0x000001d2007c156c: 8bd0 48be | 50e5 2f1b | d201 0000 | 8b52 0841 | ba00 0000 | 9f49 03d2 | 483b 96e0 | 0000 0075 
  0x000001d2007c158c: 0d48 8386 | e800 0000 | 01e9 6000 | 0000 483b | 96f0 0000 | 0075 0d48 | 8386 f800 | 0000 01e9 
  0x000001d2007c15ac: 4a00 0000 | 4883 bee0 | 0000 0000 | 7517 4889 | 96e0 0000 | 0048 c786 | e800 0000 | 0100 0000 
  0x000001d2007c15cc: e929 0000 | 0048 83be | f000 0000 | 0075 1748 | 8996 f000 | 0000 48c7 | 86f8 0000 | 0001 0000 
  0x000001d2007c15ec: 00e9 0800 | 0000 4883 | 86d8 0000 | 0001 498b 

  0x000001d2007c15fc: ;   {metadata(method data for {method} {0x000001d21a07b450} 'setWidth' '(F)V' in 'com/sun/javafx/text/TextLine')}
  0x000001d2007c15fc: d048 be50 | e52f 1bd2 | 0100 008b | 5208 41ba | 0000 009f | 4903 d248 | 3b96 1001 | 0000 750d 
  0x000001d2007c161c: 4883 8618 | 0100 0001 | e960 0000 | 0048 3b96 | 2001 0000 | 750d 4883 | 8628 0100 | 0001 e94a 
  0x000001d2007c163c: 0000 0048 | 83be 1001 | 0000 0075 | 1748 8996 | 1001 0000 | 48c7 8618 | 0100 0001 | 0000 00e9 
  0x000001d2007c165c: 2900 0000 | 4883 be20 | 0100 0000 | 7517 4889 | 9620 0100 | 0048 c786 | 2801 0000 | 0100 0000 
  0x000001d2007c167c: e908 0000 | 0048 8386 | 0801 0000 | 01c5 fa10 | 8424 c801 

  0x000001d2007c1690: ;   {section_word}
  0x000001d2007c1690: 0000 c5fa | 5805 1ac4 | ffff c4c1 | 7a11 4010 

  0x000001d2007c16a0: ;   {section_word}
  0x000001d2007c16a0: c5fa 1025 | 10c4 ffff | 488b 9424 | b000 0000 | 448b 4220 | 4183 e008 

  0x000001d2007c16b8: ;   {metadata(method data for {method} {0x000001d219c8c270} 'layout' '()V' in 'com/sun/javafx/text/PrismTextLayout')}
  0x000001d2007c16b8: 4585 c049 | b8a0 c757 | 1ad2 0100 | 00be 8013 | 0000 7405 | be90 1300 | 0049 8b3c | 3048 8d7f 
  0x000001d2007c16d8: 0149 893c | 30c5 fa11 | a424 d801 | 0000 0f84 | 3800 0000 

  0x000001d2007c16ec: ;   {metadata(method data for {method} {0x000001d219c8c270} 'layout' '()V' in 'com/sun/javafx/text/PrismTextLayout')}
  0x000001d2007c16ec: 4c8b c248 | bea0 c757 | 1ad2 0100 | 0048 8386 | a013 0000 | 014c 8bc3 | 488b f248 | 8bd6 0f1f 
  0x000001d2007c170c: ;   {optimized virtual_call}
  0x000001d2007c170c: 4400 00e8 

  0x000001d2007c1710: ; ImmutableOopMap {[176]=Oop [184]=Oop [376]=Oop [384]=Oop }
                      ;*invokevirtual reorderLine {reexecute=0 rethrow=0 return_oop=0}
                      ; - com.sun.javafx.text.PrismTextLayout::layout@1259 (line 1302)
  0x000001d2007c1710: 3b1a 0000 

  0x000001d2007c1714: ;   {post_call_nop}
  0x000001d2007c1714: 0f1f 8400 | 8c3d 0024 | 488b 9c24 | 7801 0000 | 488b 9424 | b000 0000 

  0x000001d2007c172c: ;   {metadata(method data for {method} {0x000001d219c8c270} 'layout' '()V' in 'com/sun/javafx/text/PrismTextLayout')}
  0x000001d2007c172c: 49b8 a0c7 | 571a d201 | 0000 4983 | 80d0 1300 | 0001 4c8b | c348 8b94 | 24b0 0000 | 0066 0f1f 
  0x000001d2007c174c: ;   {optimized virtual_call}
  0x000001d2007c174c: 4400 00e8 

  0x000001d2007c1750: ; ImmutableOopMap {[176]=Oop [184]=Oop [376]=Oop [384]=Oop }
                      ;*invokevirtual computeSideBearings {reexecute=0 rethrow=0 return_oop=0}
                      ; - com.sun.javafx.text.PrismTextLayout::layout@1265 (line 1305)
  0x000001d2007c1750: 0c7a 1c00 

  0x000001d2007c1754: ;   {post_call_nop}
  0x000001d2007c1754: 0f1f 8400 | cc3d 0025 | 488b 9c24 | 7801 0000 

  0x000001d2007c1764: ;   {metadata(method data for {method} {0x000001d219c8c270} 'layout' '()V' in 'com/sun/javafx/text/PrismTextLayout')}
  0x000001d2007c1764: 48ba a0c7 | 571a d201 | 0000 4883 | 8210 1400 | 0001 488b | 9c24 7801 | 0000 8b73 | 2048 c1e6 
  0x000001d2007c1784: 0348 89b4 | 24b0 0100 | 00c5 fa10 | a424 d801 | 0000 bf00 | 0000 00e9 | 3801 0000 | 4863 d78b 
  0x000001d2007c17a4: 4496 1048 | c1e0 0348 | 3b00 488b 

  0x000001d2007c17b0: ;   {metadata(method data for {method} {0x000001d219c8c270} 'layout' '()V' in 'com/sun/javafx/text/PrismTextLayout')}
  0x000001d2007c17b0: d048 b9a0 | c757 1ad2 | 0100 0048 | 8381 6014 | 0000 01c5 | f828 c4c5 | fa10 8c24 | d001 0000 
  0x000001d2007c17d0: 488b d089 | bc24 a801 | 0000 4889 | 8424 a001 | 0000 c5fa | 11a4 24dc | 0100 000f 

  0x000001d2007c17ec: ;   {optimized virtual_call}
  0x000001d2007c17ec: 1f40 00e8 

  0x000001d2007c17f0: ; ImmutableOopMap {[176]=Oop [184]=Oop [376]=Oop [384]=Oop [416]=Oop [432]=Oop }
                      ;*invokevirtual setLocation {reexecute=0 rethrow=0 return_oop=0}
                      ; - com.sun.javafx.text.PrismTextLayout::layout@1303 (line 1312)
  0x000001d2007c17f0: 2cfe 3900 

  0x000001d2007c17f4: ;   {post_call_nop}
  0x000001d2007c17f4: 0f1f 8400 | 6c3e 0026 | 488b 8424 | a001 0000 

  0x000001d2007c1804: ;   {metadata(method data for {method} {0x000001d219c8c270} 'layout' '()V' in 'com/sun/javafx/text/PrismTextLayout')}
  0x000001d2007c1804: 48ba a0c7 | 571a d201 | 0000 4883 | 8290 1400 | 0001 410f | be57 4885 | d248 8b84 | 24a0 0100 
  0x000001d2007c1824: 000f 85a3 | 1400 0048 | 8b9c 2478 | 0100 004c | 8bd3 49c1 | ea03 4489 | 5050 488b | d048 33d3 
  0x000001d2007c1844: 48c1 ea16 | 4883 fa00 | 0f85 9b14 | 0000 488b 

  0x000001d2007c1854: ;   {metadata(method data for {method} {0x000001d219c8c270} 'layout' '()V' in 'com/sun/javafx/text/PrismTextLayout')}
  0x000001d2007c1854: d048 bea0 | c757 1ad2 | 0100 0048 | 8386 c014 | 0000 0148 | 8bd0 0f1f 

  0x000001d2007c186c: ;   {optimized virtual_call}
  0x000001d2007c186c: 4400 00e8 

  0x000001d2007c1870: ; ImmutableOopMap {[176]=Oop [184]=Oop [376]=Oop [384]=Oop [432]=Oop }
                      ;*invokevirtual getWidth {reexecute=0 rethrow=0 return_oop=0}
                      ; - com.sun.javafx.text.PrismTextLayout::layout@1317 (line 1314)
  0x000001d2007c1870: cc39 dfff 

  0x000001d2007c1874: ;   {post_call_nop}
  0x000001d2007c1874: 0f1f 8400 | ec3e 0027 | c5fa 5884 | 24dc 0100 | 008b bc24 | a801 0000 

  0x000001d2007c188c: ;   {metadata(method data for {method} {0x000001d219c8c270} 'layout' '()V' in 'com/sun/javafx/text/PrismTextLayout')}
  0x000001d2007c188c: ffc7 48be | a0c7 571a | d201 0000 | 8b9e 9400 | 0000 83c3 | 0289 9e94 | 0000 0081 | e3fe 3f00 
  0x000001d2007c18ac: 0085 db0f | 8450 1400 | 004d 8b57 

  0x000001d2007c18b8: ; ImmutableOopMap {[176]=Oop [184]=Oop [376]=Oop [384]=Oop [432]=Oop }
                      ;*goto {reexecute=1 rethrow=0 return_oop=0}
                      ; - (reexecute) com.sun.javafx.text.PrismTextLayout::layout@1326 (line 1310)
                      ;   {poll}
  0x000001d2007c18b8: 3041 8502 

  0x000001d2007c18bc: ;   {metadata(method data for {method} {0x000001d219c8c270} 'layout' '()V' in 'com/sun/javafx/text/PrismTextLayout')}
  0x000001d2007c18bc: 48be a0c7 | 571a d201 | 0000 ff86 | e014 0000 | c5f8 28e0 | 488b b424 | b001 0000 

  0x000001d2007c18d8: ; implicit exception: dispatches to 0x000001d2007c2d26
  0x000001d2007c18d8: 8b56 0c3b 

  0x000001d2007c18dc: ;   {metadata(method data for {method} {0x000001d219c8c270} 'layout' '()V' in 'com/sun/javafx/text/PrismTextLayout')}
  0x000001d2007c18dc: fa48 baa0 | c757 1ad2 | 0100 00b8 | 4014 0000 | 7c05 b830 | 1400 0048 | 8b0c 0248 | 8d49 0148 
  0x000001d2007c18fc: 890c 020f | 8c9b feff | ff48 8b94 | 24b0 0000 | 008b b424 | 5c01 0000 | ffc6 8b7a | 3c48 c1e7 
  0x000001d2007c191c: 038b 7f0c 

  0x000001d2007c1920: ;   {metadata(method data for {method} {0x000001d219c8c270} 'layout' '()V' in 'com/sun/javafx/text/PrismTextLayout')}
  0x000001d2007c1920: 3bf7 48bf | a0c7 571a | d201 0000 | bbf8 1400 | 007d 05bb | 0815 0000 | 488b 041f | 488d 4001 
  0x000001d2007c1940: 4889 041f | 89b4 24ac | 0100 0048 | 8b8c 2480 | 0100 000f | 8d18 0100 | 0048 8bf9 

  0x000001d2007c195c: ;   {metadata(method data for {method} {0x000001d219c8c270} 'layout' '()V' in 'com/sun/javafx/text/PrismTextLayout')}
  0x000001d2007c195c: 48bb a0c7 | 571a d201 | 0000 8b7f | 0841 ba00 | 0000 9f49 | 03fa 483b | bb20 1500 | 0075 0d48 
  0x000001d2007c197c: 8383 2815 | 0000 01e9 | 6000 0000 | 483b bb30 | 1500 0075 | 0d48 8383 | 3815 0000 | 01e9 4a00 
  0x000001d2007c199c: 0000 4883 | bb20 1500 | 0000 7517 | 4889 bb20 | 1500 0048 | c783 2815 | 0000 0100 | 0000 e929 
  0x000001d2007c19bc: 0000 0048 | 83bb 3015 | 0000 0075 | 1748 89bb | 3015 0000 | 48c7 8338 | 1500 0001 | 0000 00e9 
  0x000001d2007c19dc: 0800 0000 | 4883 8318 | 1500 0001 

  0x000001d2007c19e8: ;   {metadata(method data for {method} {0x000001d219809140} 'getHeight' '()F' in 'com/sun/javafx/geom/RectBounds')}
  0x000001d2007c19e8: 48bf 88fa | 561a d201 | 0000 8b9f | 9000 0000 | 83c3 0289 | 9f90 0000 | 0081 e3fe | ff1f 0085 
  0x000001d2007c1a08: db0f 8421 | 1300 00c5 | fa10 4118 | c5fa 1049 | 14c5 fa10 

  0x000001d2007c1a1c: ;   {metadata(method data for {method} {0x000001d219c8c270} 'layout' '()V' in 'com/sun/javafx/text/PrismTextLayout')}
  0x000001d2007c1a1c: 521c 48bf | a0c7 571a | d201 0000 | 4883 8748 | 1500 0001 | c5fa 5cc1 | c5fa 5884 | 24d0 0100 
  0x000001d2007c1a3c: 00c5 f828 | c8c5 f258 | cac5 fa10 | 8424 d001 

  0x000001d2007c1a4c: ;   {static_call}
  0x000001d2007c1a4c: 0000 90e8 

  0x000001d2007c1a50: ; ImmutableOopMap {[176]=Oop [184]=Oop }
                      ;*invokestatic max {reexecute=0 rethrow=0 return_oop=0}
                      ; - com.sun.javafx.text.PrismTextLayout::layout@1356 (line 1317)
  0x000001d2007c1a50: 4c2b 6407 

  0x000001d2007c1a54: ;   {post_call_nop}
  0x000001d2007c1a54: 0f1f 8400 | cc40 0029 

  0x000001d2007c1a5c: ;   {metadata(method data for {method} {0x000001d219c8c270} 'layout' '()V' in 'com/sun/javafx/text/PrismTextLayout')}
  0x000001d2007c1a5c: 48ba a0c7 | 571a d201 | 0000 ff82 | 5815 0000 | e9f3 0000 | 0048 8b9c | 2478 0100 | 0048 8bd1 
  0x000001d2007c1a7c: ;   {metadata(method data for {method} {0x000001d219c8c270} 'layout' '()V' in 'com/sun/javafx/text/PrismTextLayout')}
  0x000001d2007c1a7c: 48be a0c7 | 571a d201 | 0000 8b52 | 0841 ba00 | 0000 9f49 | 03d2 483b | 9678 1500 | 0075 0d48 
  0x000001d2007c1a9c: 8386 8015 | 0000 01e9 | 6000 0000 | 483b 9688 | 1500 0075 | 0d48 8386 | 9015 0000 | 01e9 4a00 
  0x000001d2007c1abc: 0000 4883 | be78 1500 | 0000 7517 | 4889 9678 | 1500 0048 | c786 8015 | 0000 0100 | 0000 e929 
  0x000001d2007c1adc: 0000 0048 | 83be 8815 | 0000 0075 | 1748 8996 | 8815 0000 | 48c7 8690 | 1500 0001 | 0000 00e9 
  0x000001d2007c1afc: 0800 0000 | 4883 8670 | 1500 0001 

  0x000001d2007c1b08: ;   {metadata(method data for {method} {0x000001d219809140} 'getHeight' '()F' in 'com/sun/javafx/geom/RectBounds')}
  0x000001d2007c1b08: 48ba 88fa | 561a d201 | 0000 8bb2 | 9000 0000 | 83c6 0289 | b290 0000 | 0081 e6fe | ff1f 0085 
  0x000001d2007c1b28: f60f 8422 | 1200 00c5 | fa10 4118 | c5fa 1049 | 1448 8bd3 

  0x000001d2007c1b3c: ;   {metadata(method data for {method} {0x000001d219c8c270} 'layout' '()V' in 'com/sun/javafx/text/PrismTextLayout')}
  0x000001d2007c1b3c: 48be a0c7 | 571a d201 | 0000 4883 | 86b0 1500 | 0001 c5fa | 1053 14c5 | fa5c c1c5 | fa5c c2c5 
  0x000001d2007c1b5c: fa58 8424 | d001 0000 | 8bb4 24ac 

  0x000001d2007c1b68: ;   {metadata(method data for {method} {0x000001d219c8c270} 'layout' '()V' in 'com/sun/javafx/text/PrismTextLayout')}
  0x000001d2007c1b68: 0100 0048 | baa0 c757 | 1ad2 0100 | 008b ba94 | 0000 0083 | c702 89ba | 9400 0000 | 81e7 fe3f 
  0x000001d2007c1b88: 0000 85ff | 0f84 e011 | 0000 4d8b 

  0x000001d2007c1b94: ; ImmutableOopMap {[176]=Oop [184]=Oop }
                      ;*goto {reexecute=1 rethrow=0 return_oop=0}
                      ; - (reexecute) com.sun.javafx.text.PrismTextLayout::layout@1383 (line 1256)
                      ;   {poll}
  0x000001d2007c1b94: 5730 4185 

  0x000001d2007c1b98: ;   {metadata(method data for {method} {0x000001d219c8c270} 'layout' '()V' in 'com/sun/javafx/text/PrismTextLayout')}
  0x000001d2007c1b98: 0248 baa0 | c757 1ad2 | 0100 00ff | 82d0 1500 | 00c5 f828 | c8c5 fa11 | 8c24 d001 | 0000 c5fa 
  0x000001d2007c1bb8: 1084 24d4 | 0100 00c5 | fa10 8c24 | c801 0000 | 8bbc 24e0 | 0000 00e9 | a4eb ffff | c5fa 108c 
  0x000001d2007c1bd8: 24d0 0100 | 0083 7b0c | 000f 86ac | 1100 008b | 7310 48c1 | e603 483b | 0648 8bfe 

  0x000001d2007c1bf4: ;   {metadata(method data for {method} {0x000001d219c8c270} 'layout' '()V' in 'com/sun/javafx/text/PrismTextLayout')}
  0x000001d2007c1bf4: 48bb a0c7 | 571a d201 | 0000 4883 | 83f8 1500 | 0001 8b76 | 2448 c1e6 | 0348 3b06 

  0x000001d2007c1c10: ;   {metadata(method data for {method} {0x000001d219c8c270} 'layout' '()V' in 'com/sun/javafx/text/PrismTextLayout')}
  0x000001d2007c1c10: 488b fe48 | bba0 c757 | 1ad2 0100 | 008b 7f08 | 41ba 0000 | 009f 4903 | fa48 3bbb | 2016 0000 
  0x000001d2007c1c30: 750d 4883 | 8328 1600 | 0001 e960 | 0000 0048 | 3bbb 3016 | 0000 750d | 4883 8338 | 1600 0001 
  0x000001d2007c1c50: e94a 0000 | 0048 83bb | 2016 0000 | 0075 1748 | 89bb 2016 | 0000 48c7 | 8328 1600 | 0001 0000 
  0x000001d2007c1c70: 00e9 2900 | 0000 4883 | bb30 1600 | 0000 7517 | 4889 bb30 | 1600 0048 | c783 3816 | 0000 0100 
  0x000001d2007c1c90: 0000 e908 | 0000 0048 | 8383 1816 | 0000 01c5 | fa10 5614 | c5fa 114a | 148b 7244 | 48c1 e603 
  0x000001d2007c1cb0: c5fa 105a | 1048 3b06 

  0x000001d2007c1cb8: ;   {metadata(method data for {method} {0x000001d219c8c270} 'layout' '()V' in 'com/sun/javafx/text/PrismTextLayout')}
  0x000001d2007c1cb8: 488b fe48 | bba0 c757 | 1ad2 0100 | 008b 7f08 | 41ba 0000 | 009f 4903 | fa48 3bbb | 5016 0000 
  0x000001d2007c1cd8: 750d 4883 | 8358 1600 | 0001 e960 | 0000 0048 | 3bbb 6016 | 0000 750d | 4883 8368 | 1600 0001 
  0x000001d2007c1cf8: e94a 0000 | 0048 83bb | 5016 0000 | 0075 1748 | 89bb 5016 | 0000 48c7 | 8358 1600 | 0001 0000 
  0x000001d2007c1d18: 00e9 2900 | 0000 4883 | bb60 1600 | 0000 7517 | 4889 bb60 | 1600 0048 | c783 6816 | 0000 0100 
  0x000001d2007c1d38: 0000 e908 | 0000 0048 | 8383 4816 | 0000 01c5 | f828 e2c5 

  0x000001d2007c1d4c: ;   {section_word}
  0x000001d2007c1d4c: da58 e1c5 | fa10 0565 | bdff ffc5 

  0x000001d2007c1d58: ;   {section_word}
  0x000001d2007c1d58: f828 cac5 | fa10 155d 

  0x000001d2007c1d60: ;   {section_word}
  0x000001d2007c1d60: bdff ffc5 | fa10 2d59 | bdff ff48 | 8bd6 0f1f | 8000 0000 | 0048 b878 | 49fa 32d2 

  0x000001d2007c1d7c: ;   {virtual_call}
  0x000001d2007c1d7c: 0100 00e8 

  0x000001d2007c1d80: ; ImmutableOopMap {[176]=Oop [184]=Oop }
                      ;*invokevirtual deriveWithNewBounds {reexecute=0 rethrow=0 return_oop=0}
                      ; - com.sun.javafx.text.PrismTextLayout::layout@1427 (line 1324)
  0x000001d2007c1d80: 1ece 6707 

  0x000001d2007c1d84: ;   {post_call_nop}
  0x000001d2007c1d84: 0f1f 8400 | fc43 002b | 410f be57 | 4885 d248 | 8b94 24b0 | 0000 000f | 8513 1000 | 004c 8bd0 
  0x000001d2007c1da4: 49c1 ea03 | 4489 5244 | 488b f248 | 33f0 48c1 | ee16 4883 | fe00 0f85 | 1310 0000 | 8b72 4c48 
  0x000001d2007c1dc4: c1e6 0348 

  0x000001d2007c1dc8: ;   {metadata(method data for {method} {0x000001d219c8c270} 'layout' '()V' in 'com/sun/javafx/text/PrismTextLayout')}
  0x000001d2007c1dc8: 85f6 48bf | a0c7 571a | d201 0000 | bb78 1600 | 0074 05bb | 8816 0000 | 488b 041f | 488d 4001 
  0x000001d2007c1de8: 4889 041f | 0f84 9704 | 0000 8b7a | 3848 c1e7 | 0348 85ff 

  0x000001d2007c1dfc: ;   {metadata(method data for {method} {0x000001d219c8c270} 'layout' '()V' in 'com/sun/javafx/text/PrismTextLayout')}
  0x000001d2007c1dfc: 48bf a0c7 | 571a d201 | 0000 bb98 | 1600 0074 | 05bb a816 | 0000 488b | 041f 488d | 4001 4889 
  0x000001d2007c1e1c: 041f 0f84 | 5a04 0000 

  0x000001d2007c1e24: ; implicit exception: dispatches to 0x000001d2007c2deb
  0x000001d2007c1e24: 0fbe 761c 

  0x000001d2007c1e28: ;   {metadata(method data for {method} {0x000001d219c8c270} 'layout' '()V' in 'com/sun/javafx/text/PrismTextLayout')}
  0x000001d2007c1e28: 85f6 48be | a0c7 571a | d201 0000 | bfb8 1600 | 0075 05bf | c816 0000 | 488b 1c3e | 488d 5b01 
  0x000001d2007c1e48: 4889 1c3e | 0f85 2c04 | 0000 488b 

  0x000001d2007c1e54: ;   {metadata(method data for {method} {0x000001d219c8c270} 'layout' '()V' in 'com/sun/javafx/text/PrismTextLayout')}
  0x000001d2007c1e54: f248 bfa0 | c757 1ad2 | 0100 0048 | 8387 d816 | 0000 0148 | 8bf2 488b 

  0x000001d2007c1e6c: ;   {optimized virtual_call}
  0x000001d2007c1e6c: d666 90e8 

  0x000001d2007c1e70: ; ImmutableOopMap {[176]=Oop [184]=Oop }
                      ;*invokevirtual copyCache {reexecute=0 rethrow=0 return_oop=0}
                      ; - com.sun.javafx.text.PrismTextLayout::layout@1458 (line 1329)
  0x000001d2007c1e70: 4c3a 1400 

  0x000001d2007c1e74: ;   {post_call_nop}
  0x000001d2007c1e74: 0f1f 8400 | ec44 002c 

  0x000001d2007c1e7c: ;   {metadata(method data for {method} {0x000001d219c8c270} 'layout' '()V' in 'com/sun/javafx/text/PrismTextLayout')}
  0x000001d2007c1e7c: 85c0 48b8 | a0c7 571a | d201 0000 | ba08 1700 | 0075 05ba | 1817 0000 | 488b 3410 | 488d 7601 
  0x000001d2007c1e9c: 4889 3410 | 488b 9424 | b000 0000 | 0f85 d003 | 0000 8b42 | 4c48 c1e0 | 038b 7230 | 48c1 e603 
  0x000001d2007c1ebc: 410f be7f | 4885 ff0f | 8527 0f00 | 004c 8bd6 | 49c1 ea03 

  0x000001d2007c1ed0: ; implicit exception: dispatches to 0x000001d2007c2e0f
  0x000001d2007c1ed0: 4489 502c | 488b f848 | 33fe 48c1 | ef16 4883 | ff00 0f85 | 2c0f 0000 | 8b72 2848 | c1e6 0341 
  0x000001d2007c1ef0: 0fbe 7f48 | 85ff 0f85 | 300f 0000 | 4c8b d649 | c1ea 0344 | 8950 2848 | 8bf8 4833 | fe48 c1ef 
  0x000001d2007c1f10: 1648 83ff | 000f 8530 | 0f00 008b | 7240 48c1 | e603 410f | be7f 4885 | ff0f 8534 | 0f00 004c 
  0x000001d2007c1f30: 8bd6 49c1 | ea03 4489 | 5030 488b | f848 33fe | 48c1 ef16 | 4883 ff00 | 0f85 340f | 0000 8b72 
  0x000001d2007c1f50: 0c89 7010 | 8b72 3c48 | c1e6 0341 | 0fbe 7f48 | 85ff 0f85 | 320f 0000 | 4c8b d649 | c1ea 0344 
  0x000001d2007c1f70: 8950 3448 | 8bf8 4833 | fe48 c1ef 

  0x000001d2007c1f7c: ;   {other}
  0x000001d2007c1f7c: 1648 83ff | 000f 8532 | 0f00 00c5 | fa10 4210 | c5fa 1140 | 14c5 fa10 | 4214 c5fa | 1140 188b 
  0x000001d2007c1f9c: 7220 81e6 | ff07 0000 

  0x000001d2007c1fa4: ;   {oop(a 'java/lang/Object'{0x000000060bf94670})}
  0x000001d2007c1fa4: 8970 0c48 | be70 46f9 | 0b06 0000 | 0048 8dbc | 24e0 0100 | 0048 8977 | 0848 8b06 | 418b 9fd8 
  0x000001d2007c1fc4: 0600 0081 | fb28 0700 | 000f 8dfe | 0e00 0049 | 3b74 1ff8 | 0f84 2500 | 0000 a802 | 0f85 eb0e 
  0x000001d2007c1fe4: 0000 488b | d848 83e3 | fe48 83c8 | 01f0 480f | b11e 0f85 | d50e 0000 | 418b 9fd8 | 0600 0049 
  0x000001d2007c2004: 8934 1f83 | c308 4189 | 9fd8 0600 | 0048 8b84 | 24b8 0000 | 008b 700c | 89b4 24b8 

  0x000001d2007c2020: ;   {oop(a 'java/lang/Class'{0x000000060bf945d0} = 'com/sun/javafx/text/PrismTextLayout')}
  0x000001d2007c2020: 0100 0048 | bfd0 45f9 | 0b06 0000 | 008b bf94 | 0000 0003 | fe81 ff00 

  0x000001d2007c2038: ;   {metadata(method data for {method} {0x000001d219c8c270} 'layout' '()V' in 'com/sun/javafx/text/PrismTextLayout')}
  0x000001d2007c2038: 0001 0048 | bfa0 c757 | 1ad2 0100 | 00bb 2817 | 0000 7e05 | bb38 1700 | 0048 8b04 | 1f48 8d40 
  0x000001d2007c2058: 0148 8904 | 1f0f 8ec6 

  0x000001d2007c2060: ;   {oop(a 'java/util/Hashtable'{0x000000060bf94680})}
  0x000001d2007c2060: 0000 0048 | bf80 46f9 | 0b06 0000 | 0048 8bdf 

  0x000001d2007c2070: ;   {metadata(method data for {method} {0x000001d219c8c270} 'layout' '()V' in 'com/sun/javafx/text/PrismTextLayout')}
  0x000001d2007c2070: 48b8 a0c7 | 571a d201 | 0000 8b5b | 0841 ba00 | 0000 9f49 | 03da 483b | 9850 1700 | 0075 0d48 
  0x000001d2007c2090: 8380 5817 | 0000 01e9 | 6000 0000 | 483b 9860 | 1700 0075 | 0d48 8380 | 6817 0000 | 01e9 4a00 
  0x000001d2007c20b0: 0000 4883 | b850 1700 | 0000 7517 | 4889 9850 | 1700 0048 | c780 5817 | 0000 0100 | 0000 e929 
  0x000001d2007c20d0: 0000 0048 | 83b8 6017 | 0000 0075 | 1748 8998 | 6017 0000 | 48c7 8068 | 1700 0001 | 0000 00e9 
  0x000001d2007c20f0: 0800 0000 | 4883 8048 | 1700 0001 

  0x000001d2007c20fc: ;   {optimized virtual_call}
  0x000001d2007c20fc: 488b d7e8 

  0x000001d2007c2100: ; ImmutableOopMap {[176]=Oop [488]=Oop }
                      ;*invokevirtual clear {reexecute=0 rethrow=0 return_oop=0}
                      ; - com.sun.javafx.text.PrismTextLayout::layout@1582 (line 1346)
  0x000001d2007c2100: dcd0 ce06 

  0x000001d2007c2104: ;   {post_call_nop}
  0x000001d2007c2104: 0f1f 8400 | 7c47 002d 

  0x000001d2007c210c: ;   {oop(a 'java/lang/Class'{0x000000060bf945d0} = 'com/sun/javafx/text/PrismTextLayout')}
  0x000001d2007c210c: 49b8 d045 | f90b 0600 | 0000 41c7 | 8094 0000 | 0000 0000 | 0048 8b94 | 24b0 0000 | 0044 8b42 
  0x000001d2007c212c: 3849 c1e0 | 0344 8b4a | 4c49 c1e1 

  0x000001d2007c2138: ;   {oop(a 'java/util/Hashtable'{0x000000060bf94680})}
  0x000001d2007c2138: 0348 bf80 | 46f9 0b06 | 0000 0048 

  0x000001d2007c2144: ;   {metadata(method data for {method} {0x000001d219c8c270} 'layout' '()V' in 'com/sun/javafx/text/PrismTextLayout')}
  0x000001d2007c2144: 8bdf 48b8 | a0c7 571a | d201 0000 | 8b5b 0841 | ba00 0000 | 9f49 03da | 483b 9880 | 1700 0075 
  0x000001d2007c2164: 0d48 8380 | 8817 0000 | 01e9 6000 | 0000 483b | 9890 1700 | 0075 0d48 | 8380 9817 | 0000 01e9 
  0x000001d2007c2184: 4a00 0000 | 4883 b880 | 1700 0000 | 7517 4889 | 9880 1700 | 0048 c780 | 8817 0000 | 0100 0000 
  0x000001d2007c21a4: e929 0000 | 0048 83b8 | 9017 0000 | 0075 1748 | 8998 9017 | 0000 48c7 | 8098 1700 | 0001 0000 
  0x000001d2007c21c4: 00e9 0800 | 0000 4883 | 8078 1700 | 0001 488b 

  0x000001d2007c21d4: ;   {optimized virtual_call}
  0x000001d2007c21d4: d766 90e8 

  0x000001d2007c21d8: ; ImmutableOopMap {[176]=Oop [488]=Oop }
                      ;*invokevirtual put {reexecute=0 rethrow=0 return_oop=0}
                      ; - com.sun.javafx.text.PrismTextLayout::layout@1600 (line 1349)
  0x000001d2007c21d8: 44ad fcff 

  0x000001d2007c21dc: ;   {post_call_nop}
  0x000001d2007c21dc: 0f1f 8400 | 5448 002e 

  0x000001d2007c21e4: ;   {oop(a 'java/lang/Class'{0x000000060bf945d0} = 'com/sun/javafx/text/PrismTextLayout')}
  0x000001d2007c21e4: 48b8 d045 | f90b 0600 | 0000 8bb0 | 9400 0000 | 03b4 24b8 | 0100 0089 | b094 0000 

  0x000001d2007c2200: ;   {oop(a 'java/lang/Object'{0x000000060bf94670})}
  0x000001d2007c2200: 0048 b870 | 46f9 0b06 | 0000 0048 | 8d84 24e0 | 0100 0048 | 8b78 0841 | 8bb7 d806 | 0000 493b 
  0x000001d2007c2220: 7c37 f80f | 85c0 0c00 | 0041 83af | d806 0000 | 0849 3b7c | 37f0 0f84 | 2a00 0000 | 488b 07a8 
  0x000001d2007c2240: 020f 8512 | 0000 0048 | 8bf0 4883 | ce01 f048 | 0fb1 370f | 840d 0000 | 0041 8387 | d806 0000 
  0x000001d2007c2260: 08e9 830c 

  0x000001d2007c2264: ;   {metadata(method data for {method} {0x000001d219c8c270} 'layout' '()V' in 'com/sun/javafx/text/PrismTextLayout')}
  0x000001d2007c2264: 0000 48b8 | a0c7 571a | d201 0000 | ff80 a817 | 0000 488b | 9424 b000 | 0000 8b42 | 4c48 c1e0 
  0x000001d2007c2284: 03c6 401c | 0148 81c4 | 0002 0000 

  0x000001d2007c2290: ;   {poll_return}
  0x000001d2007c2290: 5d49 3b67 | 280f 8769 | 0c00 00c3 | 4881 c400 | 0200 005d 

  0x000001d2007c22a4: ;   {poll_return}
  0x000001d2007c22a4: 493b 6728 | 0f87 6c0c | 0000 c349 | 8b87 8805 | 0000 4d33 | d24d 8997 | 8805 0000 | 4d33 d24d 
  0x000001d2007c22c4: 8997 9005 | 0000 488b 

  0x000001d2007c22cc: ;   {oop(a 'java/lang/Object'{0x000000060bf94670})}
  0x000001d2007c22cc: f048 b870 | 46f9 0b06 | 0000 0048 | 8d84 24e0 | 0100 0048 | 8b58 0841 | 8bbf d806 | 0000 493b 
  0x000001d2007c22ec: 5c3f f80f | 853b 0c00 | 0041 83af | d806 0000 | 0849 3b5c | 3ff0 0f84 | 2a00 0000 | 488b 03a8 
  0x000001d2007c230c: 020f 8512 | 0000 0048 | 8bf8 4883 | cf01 f048 | 0fb1 3b0f | 840d 0000 | 0041 8387 | d806 0000 
  0x000001d2007c232c: 08e9 fe0b | 0000 488b | c6e9 2e0c 

  0x000001d2007c2338: ;   {metadata({method} {0x000001d219c8c270} 'layout' '()V' in 'com/sun/javafx/text/PrismTextLayout')}
  0x000001d2007c2338: 0000 49ba | 68c2 c819 | d201 0000 | 4c89 5424 | 0848 c704 | 24ff ffff 

  0x000001d2007c2350: ;   {runtime_call C1 Runtime counter_overflow_blob}
  0x000001d2007c2350: ffe8 0ace 

  0x000001d2007c2354: ; ImmutableOopMap {rdx=Oop [176]=Oop }
                      ;*synchronization entry
                      ; - com.sun.javafx.text.PrismTextLayout::layout@-1 (line 1060)
  0x000001d2007c2354: dc06 e9f3 

  0x000001d2007c2358: ;   {metadata(nullptr)}
  0x000001d2007c2358: b7ff ff48 | ba00 0000 | 0000 0000 | 00b8 000f 

  0x000001d2007c2368: ;   {runtime_call C1 Runtime load_klass_patching_blob}
  0x000001d2007c2368: 050a e8f1 

  0x000001d2007c236c: ; ImmutableOopMap {rax=Oop [176]=Oop [184]=Oop [192]=Oop }
                      ;*new {reexecute=1 rethrow=0 return_oop=0}
                      ; - (reexecute) com.sun.javafx.text.PrismTextLayout::layout@106 (line 1087)
  0x000001d2007c236c: addc 06e9 | 5cbb ffff 

  0x000001d2007c2374: ;   {runtime_call C1 Runtime new_instance_blob}
  0x000001d2007c2374: 488b d2e8 

  0x000001d2007c2378: ; ImmutableOopMap {[176]=Oop [184]=Oop [192]=Oop [208]=Oop }
                      ;*new {reexecute=0 rethrow=0 return_oop=0}
                      ; - com.sun.javafx.text.PrismTextLayout::layout@106 (line 1087)
  0x000001d2007c2378: 645f dc06 | e966 bbff | ff48 8bd2 

  0x000001d2007c2384: ;   {runtime_call C1 Runtime fast_new_instance_blob}
  0x000001d2007c2384: e8d7 62dc 

  0x000001d2007c2388: ; ImmutableOopMap {r11=Oop r13=Oop [176]=Oop [184]=Oop [192]=Oop [216]=Oop }
                      ;*new {reexecute=0 rethrow=0 return_oop=0}
                      ; - com.sun.javafx.text.PrismTextLayout::layout@141 (line 1099)
  0x000001d2007c2388: 06e9 dfbc 

  0x000001d2007c238c: ;   {metadata({method} {0x000001d21a074080} '<init>' '()V' in 'com/sun/javafx/text/LayoutCache')}
  0x000001d2007c238c: ffff 49ba | 7840 071a | d201 0000 | 4c89 5424 | 0848 c704 | 24ff ffff 

  0x000001d2007c23a4: ;   {runtime_call C1 Runtime counter_overflow_blob}
  0x000001d2007c23a4: ffe8 b6cd 

  0x000001d2007c23a8: ; ImmutableOopMap {r11=Oop r13=Oop r8=Oop [176]=Oop [184]=Oop [192]=Oop [216]=Oop }
                      ;*synchronization entry
                      ; - com.sun.javafx.text.LayoutCache::<init>@-1 (line 30)
                      ; - com.sun.javafx.text.PrismTextLayout::layout@145 (line 1099)
  0x000001d2007c23a8: dc06 e9fd 

  0x000001d2007c23ac: ;   {metadata({method} {0x000000009f4b32d8} '<init>' '()V' in 'java/lang/Object')}
  0x000001d2007c23ac: bcff ff49 | bad0 324b | 9f00 0000 | 004c 8954 | 2408 48c7 | 0424 ffff 

  0x000001d2007c23c4: ;   {runtime_call C1 Runtime counter_overflow_blob}
  0x000001d2007c23c4: ffff e895 

  0x000001d2007c23c8: ; ImmutableOopMap {r11=Oop r13=Oop r8=Oop [176]=Oop [184]=Oop [192]=Oop [216]=Oop }
                      ;*synchronization entry
                      ; - java.lang.Object::<init>@-1 (line 44)
                      ; - com.sun.javafx.text.LayoutCache::<init>@1 (line 30)
                      ; - com.sun.javafx.text.PrismTextLayout::layout@145 (line 1099)
  0x000001d2007c23c8: cddc 06e9 | 18bd ffff | 418b 5b4c | 48c1 e303 | 4883 fb00 | 0f84 13bd | ffff 4889 

  0x000001d2007c23e4: ;   {runtime_call g1_pre_barrier_slow}
  0x000001d2007c23e4: 1c24 e875 | dedc 06e9 | 05bd ffff | 4983 f800 | 0f84 1abd | ffff 4c89 

  0x000001d2007c23fc: ;   {runtime_call g1_post_barrier_slow}
  0x000001d2007c23fc: 1c24 e85d | e1dc 06e9 | 0cbd ffff 

  0x000001d2007c2408: ;   {runtime_call C1 Runtime throw_null_pointer_exception_blob}
  0x000001d2007c2408: e853 58dc 

  0x000001d2007c240c: ; ImmutableOopMap {r11=Oop r13=Oop r8=Oop [176]=Oop [184]=Oop [192]=Oop [216]=Oop }
                      ;*arraylength {reexecute=0 rethrow=0 return_oop=0}
                      ; - com.sun.javafx.text.PrismTextLayout::layout@156 (line 1100)
                      ;   {runtime_call C1 Runtime new_type_array_blob}
  0x000001d2007c240c: 06e8 4e69 

  0x000001d2007c2410: ; ImmutableOopMap {r11=Oop r13=Oop r8=Oop [176]=Oop [184]=Oop [192]=Oop [216]=Oop }
                      ;*newarray {reexecute=0 rethrow=0 return_oop=0}
                      ; - com.sun.javafx.text.PrismTextLayout::layout@157 (line 1100)
  0x000001d2007c2410: dc06 e987 | bdff ff41 | 8b58 2048 | c1e3 0348 | 83fb 000f | 8482 bdff | ff48 891c 

  0x000001d2007c242c: ;   {runtime_call g1_pre_barrier_slow}
  0x000001d2007c242c: 24e8 2ede | dc06 e974 | bdff ff48 | 83f8 000f | 8489 bdff | ff4c 8904 

  0x000001d2007c2444: ;   {runtime_call g1_post_barrier_slow}
  0x000001d2007c2444: 24e8 16e1 | dc06 e97b 

  0x000001d2007c244c: ;   {runtime_call C1 Runtime new_type_array_blob}
  0x000001d2007c244c: bdff ffe8 

  0x000001d2007c2450: ; ImmutableOopMap {r11=Oop r13=Oop r8=Oop [176]=Oop [184]=Oop [192]=Oop [216]=Oop }
                      ;*newarray {reexecute=0 rethrow=0 return_oop=0}
                      ; - com.sun.javafx.text.PrismTextLayout::layout@168 (line 1101)
  0x000001d2007c2450: 0c69 dc06 | e9f7 bdff | ff41 8b50 | 2448 c1e2 | 0348 83fa | 000f 84f2 | bdff ff48 

  0x000001d2007c246c: ;   {runtime_call g1_pre_barrier_slow}
  0x000001d2007c246c: 8914 24e8 | ecdd dc06 | e9e4 bdff | ff48 83f8 | 000f 84f9 | bdff ff4c 

  0x000001d2007c2484: ;   {runtime_call g1_post_barrier_slow}
  0x000001d2007c2484: 8904 24e8 | d4e0 dc06 | e9eb bdff | ff41 8b53 | 4c48 c1e2 | 0348 83fa | 000f 840b | beff ff48 
  0x000001d2007c24a4: ;   {runtime_call g1_pre_barrier_slow}
  0x000001d2007c24a4: 8914 24e8 | b4dd dc06 | e9fd bdff | ff48 8bd2 

  0x000001d2007c24b4: ;   {runtime_call C1 Runtime fast_new_instance_blob}
  0x000001d2007c24b4: e8a7 61dc 

  0x000001d2007c24b8: ; ImmutableOopMap {r11=Oop r13=Oop [176]=Oop [184]=Oop [192]=Oop [216]=Oop }
                      ;*new {reexecute=0 rethrow=0 return_oop=0}
                      ; - com.sun.javafx.text.PrismTextLayout::layout@190 (line 1110)
  0x000001d2007c24b8: 06e9 44be 

  0x000001d2007c24bc: ;   {metadata({method} {0x000000009f221f60} '<init>' '()V' in 'java/util/ArrayList')}
  0x000001d2007c24bc: ffff 49ba | 581f 229f | 0000 0000 | 4c89 5424 | 0848 c704 | 24ff ffff 

  0x000001d2007c24d4: ;   {runtime_call C1 Runtime counter_overflow_blob}
  0x000001d2007c24d4: ffe8 86cc 

  0x000001d2007c24d8: ; ImmutableOopMap {r11=Oop r13=Oop rax=Oop [176]=Oop [184]=Oop [192]=Oop [216]=Oop [240]=Oop }
                      ;*synchronization entry
                      ; - java.util.ArrayList::<init>@-1 (line 169)
                      ; - com.sun.javafx.text.PrismTextLayout::layout@194 (line 1110)
  0x000001d2007c24d8: dc06 e96c 

  0x000001d2007c24dc: ;   {metadata({method} {0x000000009f220bf8} '<init>' '()V' in 'java/util/AbstractList')}
  0x000001d2007c24dc: beff ff49 | baf0 0b22 | 9f00 0000 | 004c 8954 | 2408 48c7 | 0424 ffff 

  0x000001d2007c24f4: ;   {runtime_call C1 Runtime counter_overflow_blob}
  0x000001d2007c24f4: ffff e865 

  0x000001d2007c24f8: ; ImmutableOopMap {r11=Oop r13=Oop rax=Oop [176]=Oop [184]=Oop [192]=Oop [216]=Oop [240]=Oop }
                      ;*synchronization entry
                      ; - java.util.AbstractList::<init>@-1 (line 80)
                      ; - java.util.ArrayList::<init>@1 (line 169)
                      ; - com.sun.javafx.text.PrismTextLayout::layout@194 (line 1110)
  0x000001d2007c24f8: ccdc 06e9 | 8cbe ffff 

  0x000001d2007c2500: ;   {metadata({method} {0x000000009f21ffb8} '<init>' '()V' in 'java/util/AbstractCollection')}
  0x000001d2007c2500: 49ba b0ff | 219f 0000 | 0000 4c89 | 5424 0848 | c704 24ff 

  0x000001d2007c2514: ;   {runtime_call C1 Runtime counter_overflow_blob}
  0x000001d2007c2514: ffff ffe8 

  0x000001d2007c2518: ; ImmutableOopMap {r11=Oop r13=Oop rax=Oop [176]=Oop [184]=Oop [192]=Oop [216]=Oop [240]=Oop }
                      ;*synchronization entry
                      ; - java.util.AbstractCollection::<init>@-1 (line 70)
                      ; - java.util.AbstractList::<init>@1 (line 80)
                      ; - java.util.ArrayList::<init>@1 (line 169)
                      ; - com.sun.javafx.text.PrismTextLayout::layout@194 (line 1110)
  0x000001d2007c2518: 44cc dc06 | e9ac beff 

  0x000001d2007c2520: ;   {metadata({method} {0x000000009f4b32d8} '<init>' '()V' in 'java/lang/Object')}
  0x000001d2007c2520: ff49 bad0 | 324b 9f00 | 0000 004c | 8954 2408 | 48c7 0424 | ffff ffff 

  0x000001d2007c2538: ;   {runtime_call C1 Runtime counter_overflow_blob}
  0x000001d2007c2538: e823 ccdc 

  0x000001d2007c253c: ; ImmutableOopMap {r11=Oop r13=Oop rax=Oop [176]=Oop [184]=Oop [192]=Oop [216]=Oop [240]=Oop }
                      ;*synchronization entry
                      ; - java.lang.Object::<init>@-1 (line 44)
                      ; - java.util.AbstractCollection::<init>@1 (line 70)
                      ; - java.util.AbstractList::<init>@1 (line 80)
                      ; - java.util.ArrayList::<init>@1 (line 169)
                      ; - com.sun.javafx.text.PrismTextLayout::layout@194 (line 1110)
  0x000001d2007c253c: 06e9 ccbe | ffff 448b | 4014 49c1 | e003 4983 | f800 0f84 | c8be ffff | 4c89 0424 

  0x000001d2007c2558: ;   {runtime_call g1_pre_barrier_slow}
  0x000001d2007c2558: e803 dddc | 06e9 babe | ffff 4983 | f800 0f84 | e0be ffff | 4889 0424 

  0x000001d2007c2570: ;   {runtime_call g1_post_barrier_slow}
  0x000001d2007c2570: e8eb dfdc | 06e9 d2be 

  0x000001d2007c2578: ;   {runtime_call C1 Runtime throw_null_pointer_exception_blob}
  0x000001d2007c2578: ffff e8e1 

  0x000001d2007c257c: ; ImmutableOopMap {r11=Oop r13=Oop rbx=Oop r8=Oop [176]=Oop [184]=Oop [216]=Oop [240]=Oop }
                      ;*aaload {reexecute=0 rethrow=0 return_oop=0}
                      ; - com.sun.javafx.text.PrismTextLayout::layout@217 (line 1112)
                      ;   {runtime_call C1 Runtime throw_null_pointer_exception_blob}
  0x000001d2007c257c: 56dc 06e8 

  0x000001d2007c2580: ; ImmutableOopMap {r11=Oop r13=Oop rbx=Oop r8=Oop [176]=Oop [184]=Oop [216]=Oop [240]=Oop }
                      ;*aaload {reexecute=0 rethrow=0 return_oop=0}
                      ; - com.sun.javafx.text.PrismTextLayout::layout@217 (line 1112)
  0x000001d2007c2580: dc56 dc06 | 4889 3424 | 4c89 4424 

  0x000001d2007c258c: ;   {runtime_call C1 Runtime throw_range_check_failed_blob}
  0x000001d2007c258c: 08e8 ce4d 

  0x000001d2007c2590: ; ImmutableOopMap {r11=Oop r13=Oop rbx=Oop r8=Oop [176]=Oop [184]=Oop [216]=Oop [240]=Oop }
                      ;*aaload {reexecute=0 rethrow=0 return_oop=0}
                      ; - com.sun.javafx.text.PrismTextLayout::layout@217 (line 1112)
                      ;   {runtime_call C1 Runtime throw_null_pointer_exception_blob}
  0x000001d2007c2590: dc06 e8c9 

  0x000001d2007c2594: ; ImmutableOopMap {rdi=Oop [176]=Oop [184]=Oop [192]=Oop [216]=Oop [240]=Oop [248]=Oop }
                      ;*invokevirtual isTab {reexecute=0 rethrow=0 return_oop=0}
                      ; - com.sun.javafx.text.PrismTextLayout::layout@230 (line 1114)
                      ;   {metadata({method} {0x000001d21a06ae28} 'isTab' '()Z' in 'com/sun/javafx/text/TextRun')}
  0x000001d2007c2594: 56dc 0649 | ba20 ae06 | 1ad2 0100 | 004c 8954 | 2408 48c7 | 0424 ffff 

  0x000001d2007c25ac: ;   {runtime_call C1 Runtime counter_overflow_blob}
  0x000001d2007c25ac: ffff e8ad 

  0x000001d2007c25b0: ; ImmutableOopMap {rdi=Oop [176]=Oop [184]=Oop [192]=Oop [216]=Oop [240]=Oop [248]=Oop }
                      ;*synchronization entry
                      ; - com.sun.javafx.text.TextRun::isTab@-1 (line 134)
                      ; - com.sun.javafx.text.PrismTextLayout::layout@230 (line 1114)
  0x000001d2007c25b0: cbdc 06e9 | b3bf ffff 

  0x000001d2007c25b8: ;   {metadata({method} {0x000001d21a06ab78} 'isLinebreak' '()Z' in 'com/sun/javafx/text/TextRun')}
  0x000001d2007c25b8: 49ba 70ab | 061a d201 | 0000 4c89 | 5424 0848 | c704 24ff 

  0x000001d2007c25cc: ;   {runtime_call C1 Runtime counter_overflow_blob}
  0x000001d2007c25cc: ffff ffe8 

  0x000001d2007c25d0: ; ImmutableOopMap {rdx=Oop rdi=Oop [176]=Oop [184]=Oop [192]=Oop [216]=Oop [240]=Oop [248]=Oop }
                      ;*synchronization entry
                      ; - com.sun.javafx.text.TextRun::isLinebreak@-1 (line 118)
                      ; - com.sun.javafx.text.PrismTextLayout::layout@289 (line 1120)
  0x000001d2007c25d0: 8ccb dc06 | e9dc c1ff 

  0x000001d2007c25d8: ;   {metadata({method} {0x000001d21a06be40} 'getEnd' '()I' in 'com/sun/javafx/text/TextRun')}
  0x000001d2007c25d8: ff49 ba38 | be06 1ad2 | 0100 004c | 8954 2408 | 48c7 0424 | ffff ffff 

  0x000001d2007c25f0: ;   {runtime_call C1 Runtime counter_overflow_blob}
  0x000001d2007c25f0: e86b cbdc 

  0x000001d2007c25f4: ; ImmutableOopMap {[176]=Oop [184]=Oop [192]=Oop [216]=Oop [240]=Oop [248]=Oop }
                      ;*synchronization entry
                      ; - com.sun.javafx.text.TextRun::getEnd@-1 (line 86)
                      ; - com.sun.javafx.text.PrismTextLayout::layout@321 (line 1129)
  0x000001d2007c25f4: 06e9 1fc3 

  0x000001d2007c25f8: ;   {runtime_call C1 Runtime throw_null_pointer_exception_blob}
  0x000001d2007c25f8: ffff e861 

  0x000001d2007c25fc: ; ImmutableOopMap {rdi=Oop rax=Oop [176]=Oop [184]=Oop [192]=Oop [216]=Oop [240]=Oop [248]=Oop }
                      ;*caload {reexecute=0 rethrow=0 return_oop=0}
                      ; - com.sun.javafx.text.PrismTextLayout::layout@338 (line 1130)
                      ;   {runtime_call C1 Runtime throw_null_pointer_exception_blob}
  0x000001d2007c25fc: 56dc 06e8 

  0x000001d2007c2600: ; ImmutableOopMap {rdi=Oop rax=Oop [176]=Oop [184]=Oop [192]=Oop [216]=Oop [240]=Oop [248]=Oop }
                      ;*caload {reexecute=0 rethrow=0 return_oop=0}
                      ; - com.sun.javafx.text.PrismTextLayout::layout@338 (line 1130)
  0x000001d2007c2600: 5c56 dc06 | 4889 3424 | 4889 4424 

  0x000001d2007c260c: ;   {runtime_call C1 Runtime throw_range_check_failed_blob}
  0x000001d2007c260c: 08e8 4e4d 

  0x000001d2007c2610: ; ImmutableOopMap {rdi=Oop rax=Oop [176]=Oop [184]=Oop [192]=Oop [216]=Oop [240]=Oop [248]=Oop }
                      ;*caload {reexecute=0 rethrow=0 return_oop=0}
                      ; - com.sun.javafx.text.PrismTextLayout::layout@338 (line 1130)
                      ;   {runtime_call C1 Runtime throw_null_pointer_exception_blob}
  0x000001d2007c2610: dc06 e849 

  0x000001d2007c2614: ; ImmutableOopMap {rax=Oop [176]=Oop [184]=Oop [192]=Oop [216]=Oop [240]=Oop [248]=Oop }
                      ;*caload {reexecute=0 rethrow=0 return_oop=0}
                      ; - com.sun.javafx.text.PrismTextLayout::layout@369 (line 1142)
                      ;   {runtime_call C1 Runtime throw_null_pointer_exception_blob}
  0x000001d2007c2614: 56dc 06e8 

  0x000001d2007c2618: ; ImmutableOopMap {rax=Oop [176]=Oop [184]=Oop [192]=Oop [216]=Oop [240]=Oop [248]=Oop }
                      ;*caload {reexecute=0 rethrow=0 return_oop=0}
                      ; - com.sun.javafx.text.PrismTextLayout::layout@369 (line 1142)
  0x000001d2007c2618: 4456 dc06 | 4889 1c24 | 4889 4424 

  0x000001d2007c2624: ;   {runtime_call C1 Runtime throw_range_check_failed_blob}
  0x000001d2007c2624: 08e8 364d 

  0x000001d2007c2628: ; ImmutableOopMap {rax=Oop [176]=Oop [184]=Oop [192]=Oop [216]=Oop [240]=Oop [248]=Oop }
                      ;*caload {reexecute=0 rethrow=0 return_oop=0}
                      ; - com.sun.javafx.text.PrismTextLayout::layout@369 (line 1142)
                      ;   {runtime_call C1 Runtime throw_null_pointer_exception_blob}
  0x000001d2007c2628: dc06 e831 

  0x000001d2007c262c: ; ImmutableOopMap {rax=Oop [176]=Oop [184]=Oop [192]=Oop [216]=Oop [240]=Oop [248]=Oop }
                      ;*caload {reexecute=0 rethrow=0 return_oop=0}
                      ; - com.sun.javafx.text.PrismTextLayout::layout@395 (line 1145)
                      ;   {runtime_call C1 Runtime throw_null_pointer_exception_blob}
  0x000001d2007c262c: 56dc 06e8 

  0x000001d2007c2630: ; ImmutableOopMap {rax=Oop [176]=Oop [184]=Oop [192]=Oop [216]=Oop [240]=Oop [248]=Oop }
                      ;*caload {reexecute=0 rethrow=0 return_oop=0}
                      ; - com.sun.javafx.text.PrismTextLayout::layout@395 (line 1145)
  0x000001d2007c2630: 2c56 dc06 | 4889 1c24 | 4889 4424 

  0x000001d2007c263c: ;   {runtime_call C1 Runtime throw_range_check_failed_blob}
  0x000001d2007c263c: 08e8 1e4d 

  0x000001d2007c2640: ; ImmutableOopMap {rax=Oop [176]=Oop [184]=Oop [192]=Oop [216]=Oop [240]=Oop [248]=Oop }
                      ;*caload {reexecute=0 rethrow=0 return_oop=0}
                      ; - com.sun.javafx.text.PrismTextLayout::layout@395 (line 1145)
                      ;   {metadata({method} {0x000000009f1a8bc8} 'isWhitespace' '(C)Z' in 'java/lang/Character')}
  0x000001d2007c2640: dc06 49ba | c08b 1a9f | 0000 0000 | 4c89 5424 | 0848 c704 | 24ff ffff 

  0x000001d2007c2658: ;   {runtime_call C1 Runtime counter_overflow_blob}
  0x000001d2007c2658: ffe8 02cb 

  0x000001d2007c265c: ; ImmutableOopMap {rax=Oop [176]=Oop [184]=Oop [192]=Oop [216]=Oop [240]=Oop [248]=Oop }
                      ;*synchronization entry
                      ; - java.lang.Character::isWhitespace@-1 (line 11680)
                      ; - com.sun.javafx.text.PrismTextLayout::layout@396 (line 1145)
  0x000001d2007c265c: dc06 e9eb 

  0x000001d2007c2660: ;   {metadata({method} {0x000000009f1a8c20} 'isWhitespace' '(I)Z' in 'java/lang/Character')}
  0x000001d2007c2660: c4ff ff49 | ba18 8c1a | 9f00 0000 | 004c 8954 | 2408 48c7 | 0424 ffff 

  0x000001d2007c2678: ;   {runtime_call C1 Runtime counter_overflow_blob}
  0x000001d2007c2678: ffff e8e1 

  0x000001d2007c267c: ; ImmutableOopMap {rax=Oop [176]=Oop [184]=Oop [192]=Oop [216]=Oop [240]=Oop [248]=Oop }
                      ;*synchronization entry
                      ; - java.lang.Character::isWhitespace@-1 (line 11711)
                      ; - java.lang.Character::isWhitespace@1 (line 11680)
                      ; - com.sun.javafx.text.PrismTextLayout::layout@396 (line 1145)
  0x000001d2007c267c: cadc 06e9 | 03c5 ffff 

  0x000001d2007c2684: ;   {runtime_call C1 Runtime throw_null_pointer_exception_blob}
  0x000001d2007c2684: e8d7 55dc 

  0x000001d2007c2688: ; ImmutableOopMap {rax=Oop [176]=Oop [184]=Oop [192]=Oop [216]=Oop [240]=Oop [248]=Oop }
                      ;*invokevirtual isWhitespace {reexecute=0 rethrow=0 return_oop=0}
                      ; - java.lang.Character::isWhitespace@5 (line 11711)
                      ; - java.lang.Character::isWhitespace@1 (line 11680)
                      ; - com.sun.javafx.text.PrismTextLayout::layout@396 (line 1145)
  0x000001d2007c2688: 0648 8914 | 2448 8944 

  0x000001d2007c2690: ;   {runtime_call C1 Runtime throw_range_check_failed_blob}
  0x000001d2007c2690: 2408 e8c9 

  0x000001d2007c2694: ; ImmutableOopMap {rax=Oop [176]=Oop [184]=Oop [192]=Oop [216]=Oop [240]=Oop [248]=Oop }
                      ;*caload {reexecute=0 rethrow=0 return_oop=0}
                      ; - com.sun.javafx.text.PrismTextLayout::layout@413 (line 1147)
                      ;   {metadata({method} {0x000000009f1a8bc8} 'isWhitespace' '(C)Z' in 'java/lang/Character')}
  0x000001d2007c2694: 4cdc 0649 | bac0 8b1a | 9f00 0000 | 004c 8954 | 2408 48c7 | 0424 ffff 

  0x000001d2007c26ac: ;   {runtime_call C1 Runtime counter_overflow_blob}
  0x000001d2007c26ac: ffff e8ad 

  0x000001d2007c26b0: ; ImmutableOopMap {rax=Oop [176]=Oop [184]=Oop [192]=Oop [216]=Oop [240]=Oop [248]=Oop }
                      ;*synchronization entry
                      ; - java.lang.Character::isWhitespace@-1 (line 11680)
                      ; - com.sun.javafx.text.PrismTextLayout::layout@414 (line 1147)
  0x000001d2007c26b0: cadc 06e9 | 56c6 ffff 

  0x000001d2007c26b8: ;   {metadata({method} {0x000000009f1a8c20} 'isWhitespace' '(I)Z' in 'java/lang/Character')}
  0x000001d2007c26b8: 49ba 188c | 1a9f 0000 | 0000 4c89 | 5424 0848 | c704 24ff 

  0x000001d2007c26cc: ;   {runtime_call C1 Runtime counter_overflow_blob}
  0x000001d2007c26cc: ffff ffe8 

  0x000001d2007c26d0: ; ImmutableOopMap {rax=Oop [176]=Oop [184]=Oop [192]=Oop [216]=Oop [240]=Oop [248]=Oop }
                      ;*synchronization entry
                      ; - java.lang.Character::isWhitespace@-1 (line 11711)
                      ; - java.lang.Character::isWhitespace@1 (line 11680)
                      ; - com.sun.javafx.text.PrismTextLayout::layout@414 (line 1147)
  0x000001d2007c26d0: 8cca dc06 | e96e c6ff 

  0x000001d2007c26d8: ;   {runtime_call C1 Runtime throw_null_pointer_exception_blob}
  0x000001d2007c26d8: ffe8 8255 

  0x000001d2007c26dc: ; ImmutableOopMap {rax=Oop [176]=Oop [184]=Oop [192]=Oop [216]=Oop [240]=Oop [248]=Oop }
                      ;*invokevirtual isWhitespace {reexecute=0 rethrow=0 return_oop=0}
                      ; - java.lang.Character::isWhitespace@5 (line 11711)
                      ; - java.lang.Character::isWhitespace@1 (line 11680)
                      ; - com.sun.javafx.text.PrismTextLayout::layout@414 (line 1147)
                      ;   {metadata({method} {0x000001d219c8c270} 'layout' '()V' in 'com/sun/javafx/text/PrismTextLayout')}
  0x000001d2007c26dc: dc06 49ba | 68c2 c819 | d201 0000 | 4c89 5424 | 0848 c704 | 24b7 0100 

  0x000001d2007c26f4: ;   {runtime_call C1 Runtime counter_overflow_blob}
  0x000001d2007c26f4: 00e8 66ca 

  0x000001d2007c26f8: ; ImmutableOopMap {[176]=Oop [184]=Oop [192]=Oop [216]=Oop [240]=Oop [248]=Oop }
                      ;*goto {reexecute=1 rethrow=0 return_oop=0}
                      ; - (reexecute) com.sun.javafx.text.PrismTextLayout::layout@439 (line 1151)
  0x000001d2007c26f8: dc06 e9c6 

  0x000001d2007c26fc: ;   {runtime_call C1 Runtime throw_null_pointer_exception_blob}
  0x000001d2007c26fc: c7ff ffe8 

  0x000001d2007c2700: ; ImmutableOopMap {r11=Oop rdx=Oop [176]=Oop [184]=Oop [192]=Oop [216]=Oop [240]=Oop [248]=Oop }
                      ;*aaload {reexecute=0 rethrow=0 return_oop=0}
                      ; - com.sun.javafx.text.PrismTextLayout::layout@475 (line 1161)
  0x000001d2007c2700: 5c55 dc06 

  0x000001d2007c2704: ;   {runtime_call C1 Runtime throw_null_pointer_exception_blob}
  0x000001d2007c2704: e857 55dc 

  0x000001d2007c2708: ; ImmutableOopMap {r11=Oop rdx=Oop [176]=Oop [184]=Oop [192]=Oop [216]=Oop [240]=Oop [248]=Oop }
                      ;*aaload {reexecute=0 rethrow=0 return_oop=0}
                      ; - com.sun.javafx.text.PrismTextLayout::layout@475 (line 1161)
  0x000001d2007c2708: 0648 890c | 2448 8954 

  0x000001d2007c2710: ;   {runtime_call C1 Runtime throw_range_check_failed_blob}
  0x000001d2007c2710: 2408 e849 

  0x000001d2007c2714: ; ImmutableOopMap {r11=Oop rdx=Oop [176]=Oop [184]=Oop [192]=Oop [216]=Oop [240]=Oop [248]=Oop }
                      ;*aaload {reexecute=0 rethrow=0 return_oop=0}
                      ; - com.sun.javafx.text.PrismTextLayout::layout@475 (line 1161)
                      ;   {runtime_call C1 Runtime throw_null_pointer_exception_blob}
  0x000001d2007c2714: 4cdc 06e8 

  0x000001d2007c2718: ; ImmutableOopMap {r11=Oop rdx=Oop [176]=Oop [184]=Oop [192]=Oop [216]=Oop [240]=Oop [248]=Oop }
                      ;*invokevirtual getEnd {reexecute=0 rethrow=0 return_oop=0}
                      ; - com.sun.javafx.text.PrismTextLayout::layout@480 (line 1162)
  0x000001d2007c2718: 4455 dc06 

  0x000001d2007c271c: ;   {metadata({method} {0x000001d21a06be40} 'getEnd' '()I' in 'com/sun/javafx/text/TextRun')}
  0x000001d2007c271c: 49ba 38be | 061a d201 | 0000 4c89 | 5424 0848 | c704 24ff 

  0x000001d2007c2730: ;   {runtime_call C1 Runtime counter_overflow_blob}
  0x000001d2007c2730: ffff ffe8 

  0x000001d2007c2734: ; ImmutableOopMap {r11=Oop rdx=Oop [176]=Oop [184]=Oop [192]=Oop [216]=Oop [240]=Oop [248]=Oop }
                      ;*synchronization entry
                      ; - com.sun.javafx.text.TextRun::getEnd@-1 (line 86)
                      ; - com.sun.javafx.text.PrismTextLayout::layout@480 (line 1162)
  0x000001d2007c2734: 28ca dc06 | e996 c8ff 

  0x000001d2007c273c: ;   {metadata({method} {0x000001d219c8c270} 'layout' '()V' in 'com/sun/javafx/text/PrismTextLayout')}
  0x000001d2007c273c: ff49 ba68 | c2c8 19d2 | 0100 004c | 8954 2408 | 48c7 0424 | ee01 0000 

  0x000001d2007c2754: ;   {runtime_call C1 Runtime counter_overflow_blob}
  0x000001d2007c2754: e807 cadc 

  0x000001d2007c2758: ; ImmutableOopMap {r11=Oop rdx=Oop [176]=Oop [184]=Oop [192]=Oop [216]=Oop [240]=Oop [248]=Oop }
                      ;*goto {reexecute=1 rethrow=0 return_oop=0}
                      ; - (reexecute) com.sun.javafx.text.PrismTextLayout::layout@494 (line 1163)
  0x000001d2007c2758: 06e9 d0c8 

  0x000001d2007c275c: ;   {runtime_call C1 Runtime throw_null_pointer_exception_blob}
  0x000001d2007c275c: ffff e8fd 

  0x000001d2007c2760: ; ImmutableOopMap {r11=Oop rdx=Oop [176]=Oop [184]=Oop [192]=Oop [216]=Oop [240]=Oop [248]=Oop }
                      ;*invokevirtual getStart {reexecute=0 rethrow=0 return_oop=0}
                      ; - com.sun.javafx.text.PrismTextLayout::layout@520 (line 1175)
                      ;   {runtime_call C1 Runtime throw_null_pointer_exception_blob}
  0x000001d2007c2760: 54dc 06e8 

  0x000001d2007c2764: ; ImmutableOopMap {r11=Oop rdx=Oop r9=Oop [176]=Oop [184]=Oop [192]=Oop [216]=Oop [240]=Oop [248]=Oop }
                      ;*arraylength {reexecute=0 rethrow=0 return_oop=0}
                      ; - com.sun.javafx.text.PrismTextLayout::layout@577 (line 1192)
  0x000001d2007c2764: f854 dc06 

  0x000001d2007c2768: ;   {runtime_call C1 Runtime new_object_array_blob}
  0x000001d2007c2768: e873 69dc 

  0x000001d2007c276c: ; ImmutableOopMap {r9=Oop [176]=Oop [184]=Oop [192]=Oop [216]=Oop [240]=Oop [248]=Oop [304]=Oop }
                      ;*anewarray {reexecute=0 rethrow=0 return_oop=0}
                      ; - com.sun.javafx.text.PrismTextLayout::layout@589 (line 1193)
  0x000001d2007c276c: 06e9 3ccb | ffff 0f1f 

  0x000001d2007c2774: ;   {static_call}
  0x000001d2007c2774: 4400 00e8 

  0x000001d2007c2778: ; ImmutableOopMap {[176]=Oop [184]=Oop [192]=Oop [216]=Oop [240]=Oop [248]=Oop [296]=Oop [304]=Oop }
                      ;*invokestatic arraycopy {reexecute=0 rethrow=0 return_oop=0}
                      ; - com.sun.javafx.text.PrismTextLayout::layout@606 (line 1194)
  0x000001d2007c2778: 64d4 ce06 | e9ce cbff 

  0x000001d2007c2780: ;   {runtime_call C1 Runtime throw_null_pointer_exception_blob}
  0x000001d2007c2780: ffe8 da54 

  0x000001d2007c2784: ; ImmutableOopMap {rdx=Oop r8=Oop [176]=Oop [184]=Oop [192]=Oop [216]=Oop [240]=Oop [248]=Oop [296]=Oop [304]=Oop }
                      ;*arraylength {reexecute=0 rethrow=0 return_oop=0}
                      ; - com.sun.javafx.text.PrismTextLayout::layout@627 (line 1195)
                      ;   {static_call}
  0x000001d2007c2784: dc06 90e8 

  0x000001d2007c2788: ; ImmutableOopMap {[176]=Oop [184]=Oop [192]=Oop [216]=Oop [240]=Oop [248]=Oop [296]=Oop [304]=Oop }
                      ;*invokestatic arraycopy {reexecute=0 rethrow=0 return_oop=0}
                      ; - com.sun.javafx.text.PrismTextLayout::layout@633 (line 1195)
  0x000001d2007c2788: 54d4 ce06 | e981 ccff | ff44 8b42 | 4049 c1e0 | 0349 83f8 | 000f 8484 | ccff ff4c 

  0x000001d2007c27a4: ;   {runtime_call g1_pre_barrier_slow}
  0x000001d2007c27a4: 8904 24e8 | b4da dc06 | e976 ccff | ff48 83f8 | 000f 8493 | ccff ff48 

  0x000001d2007c27bc: ;   {runtime_call g1_post_barrier_slow}
  0x000001d2007c27bc: 8914 24e8 | 9cdd dc06 | e985 ccff | ff66 0f1f 

  0x000001d2007c27cc: ;   {static_call}
  0x000001d2007c27cc: 4400 00e8 

  0x000001d2007c27d0: ; ImmutableOopMap {[176]=Oop [184]=Oop [192]=Oop [216]=Oop [240]=Oop [248]=Oop [304]=Oop }
                      ;*invokestatic arraycopy {reexecute=0 rethrow=0 return_oop=0}
                      ; - com.sun.javafx.text.PrismTextLayout::layout@670 (line 1198)
  0x000001d2007c27d0: 0cd4 ce06 | e945 cdff 

  0x000001d2007c27d8: ;   {runtime_call C1 Runtime throw_null_pointer_exception_blob}
  0x000001d2007c27d8: ffe8 8254 

  0x000001d2007c27dc: ; ImmutableOopMap {rax=Oop rdi=Oop [176]=Oop [184]=Oop [192]=Oop [216]=Oop [240]=Oop [248]=Oop [304]=Oop }
                      ;*aastore {reexecute=1 rethrow=0 return_oop=0}
                      ; - (reexecute) com.sun.javafx.text.PrismTextLayout::layout@688 (line 1200)
                      ;   {runtime_call C1 Runtime throw_null_pointer_exception_blob}
  0x000001d2007c27dc: dc06 e87d 

  0x000001d2007c27e0: ; ImmutableOopMap {rax=Oop rdi=Oop [176]=Oop [184]=Oop [192]=Oop [216]=Oop [240]=Oop [248]=Oop [304]=Oop }
                      ;*aastore {reexecute=1 rethrow=0 return_oop=0}
                      ; - (reexecute) com.sun.javafx.text.PrismTextLayout::layout@688 (line 1200)
  0x000001d2007c27e0: 54dc 0648 | 890c 2448 | 897c 2408 

  0x000001d2007c27ec: ;   {runtime_call C1 Runtime throw_range_check_failed_blob}
  0x000001d2007c27ec: e86f 4bdc 

  0x000001d2007c27f0: ; ImmutableOopMap {rax=Oop rdi=Oop [176]=Oop [184]=Oop [192]=Oop [216]=Oop [240]=Oop [248]=Oop [304]=Oop }
                      ;*aastore {reexecute=1 rethrow=0 return_oop=0}
                      ; - (reexecute) com.sun.javafx.text.PrismTextLayout::layout@688 (line 1200)
                      ;   {runtime_call C1 Runtime throw_null_pointer_exception_blob}
  0x000001d2007c27f0: 06e8 6a54 

  0x000001d2007c27f4: ; ImmutableOopMap {rax=Oop rdi=Oop [176]=Oop [184]=Oop [192]=Oop [216]=Oop [240]=Oop [248]=Oop [304]=Oop }
                      ;*aastore {reexecute=1 rethrow=0 return_oop=0}
                      ; - (reexecute) com.sun.javafx.text.PrismTextLayout::layout@688 (line 1200)
  0x000001d2007c27f4: dc06 4889 

  0x000001d2007c27f8: ;   {runtime_call C1 Runtime throw_array_store_exception_blob}
  0x000001d2007c27f8: 0424 e861 

  0x000001d2007c27fc: ; ImmutableOopMap {rax=Oop rdi=Oop [176]=Oop [184]=Oop [192]=Oop [216]=Oop [240]=Oop [248]=Oop [304]=Oop }
                      ;*aastore {reexecute=1 rethrow=0 return_oop=0}
                      ; - (reexecute) com.sun.javafx.text.PrismTextLayout::layout@688 (line 1200)
  0x000001d2007c27fc: 79dc 0645 | 8b08 49c1 | e103 4983 | f900 0f84 | b0ce ffff | 4c89 0c24 

  0x000001d2007c2814: ;   {runtime_call g1_pre_barrier_slow}
  0x000001d2007c2814: e847 dadc | 06e9 a2ce | ffff 4883 | f800 0f84 | b6ce ffff | 4c89 0424 

  0x000001d2007c282c: ;   {runtime_call g1_post_barrier_slow}
  0x000001d2007c282c: e82f dddc | 06e9 a8ce 

  0x000001d2007c2834: ;   {metadata({method} {0x000001d21a070280} 'isComplex' '()Z' in 'com/sun/javafx/text/TextRun')}
  0x000001d2007c2834: ffff 49ba | 7802 071a | d201 0000 | 4c89 5424 | 0848 c704 | 24ff ffff 

  0x000001d2007c284c: ;   {runtime_call C1 Runtime counter_overflow_blob}
  0x000001d2007c284c: ffe8 0ec9 

  0x000001d2007c2850: ; ImmutableOopMap {[176]=Oop [184]=Oop [192]=Oop [216]=Oop [240]=Oop [248]=Oop [304]=Oop }
                      ;*synchronization entry
                      ; - com.sun.javafx.text.TextRun::isComplex@-1 (line 158)
                      ; - com.sun.javafx.text.PrismTextLayout::layout@691 (line 1201)
  0x000001d2007c2850: dc06 e9de 

  0x000001d2007c2854: ;   {runtime_call C1 Runtime throw_null_pointer_exception_blob}
  0x000001d2007c2854: ceff ffe8 

  0x000001d2007c2858: ; ImmutableOopMap {rdx=Oop r9=Oop [176]=Oop [184]=Oop [192]=Oop [216]=Oop [240]=Oop [248]=Oop }
                      ;*aaload {reexecute=0 rethrow=0 return_oop=0}
                      ; - com.sun.javafx.text.PrismTextLayout::layout@734 (line 1209)
  0x000001d2007c2858: 0454 dc06 

  0x000001d2007c285c: ;   {runtime_call C1 Runtime throw_null_pointer_exception_blob}
  0x000001d2007c285c: e8ff 53dc 

  0x000001d2007c2860: ; ImmutableOopMap {rdx=Oop r9=Oop [176]=Oop [184]=Oop [192]=Oop [216]=Oop [240]=Oop [248]=Oop }
                      ;*aaload {reexecute=0 rethrow=0 return_oop=0}
                      ; - com.sun.javafx.text.PrismTextLayout::layout@734 (line 1209)
  0x000001d2007c2860: 064c 8904 | 244c 894c 

  0x000001d2007c2868: ;   {runtime_call C1 Runtime throw_range_check_failed_blob}
  0x000001d2007c2868: 2408 e8f1 

  0x000001d2007c286c: ; ImmutableOopMap {rdx=Oop r9=Oop [176]=Oop [184]=Oop [192]=Oop [216]=Oop [240]=Oop [248]=Oop }
                      ;*aaload {reexecute=0 rethrow=0 return_oop=0}
                      ; - com.sun.javafx.text.PrismTextLayout::layout@734 (line 1209)
                      ;   {runtime_call C1 Runtime throw_null_pointer_exception_blob}
  0x000001d2007c286c: 4adc 06e8 

  0x000001d2007c2870: ; ImmutableOopMap {rdx=Oop r9=Oop r8=Oop [176]=Oop [184]=Oop [192]=Oop [216]=Oop [240]=Oop [248]=Oop }
                      ;*invokevirtual isLinebreak {reexecute=0 rethrow=0 return_oop=0}
                      ; - com.sun.javafx.text.PrismTextLayout::layout@735 (line 1209)
  0x000001d2007c2870: ec53 dc06 

  0x000001d2007c2874: ;   {metadata({method} {0x000001d21a06ab78} 'isLinebreak' '()Z' in 'com/sun/javafx/text/TextRun')}
  0x000001d2007c2874: 49ba 70ab | 061a d201 | 0000 4c89 | 5424 0848 | c704 24ff 

  0x000001d2007c2888: ;   {runtime_call C1 Runtime counter_overflow_blob}
  0x000001d2007c2888: ffff ffe8 

  0x000001d2007c288c: ; ImmutableOopMap {rdx=Oop r9=Oop r8=Oop [176]=Oop [184]=Oop [192]=Oop [216]=Oop [240]=Oop [248]=Oop }
                      ;*synchronization entry
                      ; - com.sun.javafx.text.TextRun::isLinebreak@-1 (line 118)
                      ; - com.sun.javafx.text.PrismTextLayout::layout@735 (line 1209)
  0x000001d2007c288c: d0c8 dc06 | e968 d0ff | ff48 890c | 244c 894c 

  0x000001d2007c289c: ;   {runtime_call C1 Runtime throw_range_check_failed_blob}
  0x000001d2007c289c: 2408 e8bd 

  0x000001d2007c28a0: ; ImmutableOopMap {rdx=Oop r9=Oop [176]=Oop [184]=Oop [192]=Oop [216]=Oop [240]=Oop }
                      ;*aaload {reexecute=0 rethrow=0 return_oop=0}
                      ; - com.sun.javafx.text.PrismTextLayout::layout@747 (line 1210)
                      ;   {runtime_call C1 Runtime throw_null_pointer_exception_blob}
  0x000001d2007c28a0: 4adc 06e8 

  0x000001d2007c28a4: ; ImmutableOopMap {rdx=Oop r8=Oop [176]=Oop [184]=Oop [192]=Oop [216]=Oop [240]=Oop }
                      ;*invokevirtual setSoftbreak {reexecute=0 rethrow=0 return_oop=0}
                      ; - com.sun.javafx.text.PrismTextLayout::layout@752 (line 1211)
  0x000001d2007c28a4: b853 dc06 

  0x000001d2007c28a8: ;   {metadata({method} {0x000001d21a070e78} 'setSoftbreak' '()V' in 'com/sun/javafx/text/TextRun')}
  0x000001d2007c28a8: 49ba 700e | 071a d201 | 0000 4c89 | 5424 0848 | c704 24ff 

  0x000001d2007c28bc: ;   {runtime_call C1 Runtime counter_overflow_blob}
  0x000001d2007c28bc: ffff ffe8 

  0x000001d2007c28c0: ; ImmutableOopMap {rdx=Oop r8=Oop [176]=Oop [184]=Oop [192]=Oop [216]=Oop [240]=Oop }
                      ;*synchronization entry
                      ; - com.sun.javafx.text.TextRun::setSoftbreak@-1 (line 247)
                      ; - com.sun.javafx.text.PrismTextLayout::layout@752 (line 1211)
  0x000001d2007c28c0: 9cc8 dc06 | e939 d1ff 

  0x000001d2007c28c8: ;   {runtime_call C1 Runtime throw_null_pointer_exception_blob}
  0x000001d2007c28c8: ffe8 9253 

  0x000001d2007c28cc: ; ImmutableOopMap {rdx=Oop rdi=Oop [176]=Oop [184]=Oop [192]=Oop [216]=Oop [240]=Oop }
                      ;*invokevirtual isBreak {reexecute=0 rethrow=0 return_oop=0}
                      ; - com.sun.javafx.text.PrismTextLayout::layout@776 (line 1231)
                      ;   {metadata({method} {0x000001d21a06ad70} 'isBreak' '()Z' in 'com/sun/javafx/text/TextRun')}
  0x000001d2007c28cc: dc06 49ba | 68ad 061a | d201 0000 | 4c89 5424 | 0848 c704 | 24ff ffff 

  0x000001d2007c28e4: ;   {runtime_call C1 Runtime counter_overflow_blob}
  0x000001d2007c28e4: ffe8 76c8 

  0x000001d2007c28e8: ; ImmutableOopMap {rdx=Oop rdi=Oop [176]=Oop [184]=Oop [192]=Oop [216]=Oop [240]=Oop }
                      ;*synchronization entry
                      ; - com.sun.javafx.text.TextRun::isBreak@-1 (line 130)
                      ; - com.sun.javafx.text.PrismTextLayout::layout@776 (line 1231)
  0x000001d2007c28e8: dc06 e98a 

  0x000001d2007c28ec: ;   {metadata({method} {0x000000009f221148} 'add' '(Ljava/lang/Object;)Z' in 'java/util/ArrayList')}
  0x000001d2007c28ec: d1ff ff49 | ba40 1122 | 9f00 0000 | 004c 8954 | 2408 48c7 | 0424 ffff 

  0x000001d2007c2904: ;   {runtime_call C1 Runtime counter_overflow_blob}
  0x000001d2007c2904: ffff e855 

  0x000001d2007c2908: ; ImmutableOopMap {rax=Oop [176]=Oop [184]=Oop [192]=Oop [216]=Oop [240]=Oop }
                      ;*synchronization entry
                      ; - java.util.ArrayList::add@-1 (line 496)
                      ; - com.sun.javafx.text.PrismTextLayout::layout@798 (line 1233)
  0x000001d2007c2908: c8dc 06e9 | 12d3 ffff 

  0x000001d2007c2910: ;   {metadata({method} {0x000000009f222068} 'add' '(Ljava/lang/Object;[Ljava/lang/Object;I)V' in 'java/util/ArrayList')}
  0x000001d2007c2910: 49ba 6020 | 229f 0000 | 0000 4c89 | 5424 0848 | c704 24ff 

  0x000001d2007c2924: ;   {runtime_call C1 Runtime counter_overflow_blob}
  0x000001d2007c2924: ffff ffe8 

  0x000001d2007c2928: ; ImmutableOopMap {rax=Oop rsi=Oop r8=Oop [176]=Oop [184]=Oop [192]=Oop [216]=Oop [240]=Oop }
                      ;*synchronization entry
                      ; - java.util.ArrayList::add@-1 (line 483)
                      ; - java.util.ArrayList::add@20 (line 497)
                      ; - com.sun.javafx.text.PrismTextLayout::layout@798 (line 1233)
  0x000001d2007c2928: 34c8 dc06 | e94b d3ff 

  0x000001d2007c2930: ;   {runtime_call C1 Runtime throw_null_pointer_exception_blob}
  0x000001d2007c2930: ffe8 2a53 

  0x000001d2007c2934: ; ImmutableOopMap {rax=Oop rsi=Oop r8=Oop [176]=Oop [184]=Oop [192]=Oop [216]=Oop [240]=Oop }
                      ;*arraylength {reexecute=0 rethrow=0 return_oop=0}
                      ; - java.util.ArrayList::add@2 (line 483)
                      ; - java.util.ArrayList::add@20 (line 497)
                      ; - com.sun.javafx.text.PrismTextLayout::layout@798 (line 1233)
                      ;   {metadata({method} {0x000000009f2221c8} 'grow' '()[Ljava/lang/Object;' in 'java/util/ArrayList')}
  0x000001d2007c2934: dc06 49ba | c021 229f | 0000 0000 | 4c89 5424 | 0848 c704 | 24ff ffff 

  0x000001d2007c294c: ;   {runtime_call C1 Runtime counter_overflow_blob}
  0x000001d2007c294c: ffe8 0ec8 

  0x000001d2007c2950: ; ImmutableOopMap {rsi=Oop [176]=Oop [184]=Oop [192]=Oop [216]=Oop [240]=Oop [336]=Oop }
                      ;*synchronization entry
                      ; - java.util.ArrayList::grow@-1 (line 245)
                      ; - java.util.ArrayList::add@7 (line 484)
                      ; - java.util.ArrayList::add@20 (line 497)
                      ; - com.sun.javafx.text.PrismTextLayout::layout@798 (line 1233)
  0x000001d2007c2950: dc06 e999 

  0x000001d2007c2954: ;   {runtime_call C1 Runtime throw_null_pointer_exception_blob}
  0x000001d2007c2954: d3ff ffe8 

  0x000001d2007c2958: ; ImmutableOopMap {r8=Oop rsi=Oop rax=Oop [176]=Oop [184]=Oop [192]=Oop [216]=Oop [240]=Oop }
                      ;*aastore {reexecute=1 rethrow=0 return_oop=0}
                      ; - (reexecute) java.util.ArrayList::add@14 (line 485)
                      ; - java.util.ArrayList::add@20 (line 497)
                      ; - com.sun.javafx.text.PrismTextLayout::layout@798 (line 1233)
  0x000001d2007c2958: 0453 dc06 

  0x000001d2007c295c: ;   {runtime_call C1 Runtime throw_null_pointer_exception_blob}
  0x000001d2007c295c: e8ff 52dc 

  0x000001d2007c2960: ; ImmutableOopMap {r8=Oop rsi=Oop rax=Oop [176]=Oop [184]=Oop [192]=Oop [216]=Oop [240]=Oop }
                      ;*aastore {reexecute=1 rethrow=0 return_oop=0}
                      ; - (reexecute) java.util.ArrayList::add@14 (line 485)
                      ; - java.util.ArrayList::add@20 (line 497)
                      ; - com.sun.javafx.text.PrismTextLayout::layout@798 (line 1233)
  0x000001d2007c2960: 0648 893c | 244c 8944 

  0x000001d2007c2968: ;   {runtime_call C1 Runtime throw_range_check_failed_blob}
  0x000001d2007c2968: 2408 e8f1 

  0x000001d2007c296c: ; ImmutableOopMap {r8=Oop rsi=Oop rax=Oop [176]=Oop [184]=Oop [192]=Oop [216]=Oop [240]=Oop }
                      ;*aastore {reexecute=1 rethrow=0 return_oop=0}
                      ; - (reexecute) java.util.ArrayList::add@14 (line 485)
                      ; - java.util.ArrayList::add@20 (line 497)
                      ; - com.sun.javafx.text.PrismTextLayout::layout@798 (line 1233)
                      ;   {runtime_call C1 Runtime throw_null_pointer_exception_blob}
  0x000001d2007c296c: 49dc 06e8 

  0x000001d2007c2970: ; ImmutableOopMap {r8=Oop rsi=Oop rax=Oop [176]=Oop [184]=Oop [192]=Oop [216]=Oop [240]=Oop }
                      ;*aastore {reexecute=1 rethrow=0 return_oop=0}
                      ; - (reexecute) java.util.ArrayList::add@14 (line 485)
                      ; - java.util.ArrayList::add@20 (line 497)
                      ; - com.sun.javafx.text.PrismTextLayout::layout@798 (line 1233)
  0x000001d2007c2970: ec52 dc06 | 4889 0424 

  0x000001d2007c2978: ;   {runtime_call C1 Runtime throw_array_store_exception_blob}
  0x000001d2007c2978: e8e3 77dc 

  0x000001d2007c297c: ; ImmutableOopMap {r8=Oop rsi=Oop rax=Oop [176]=Oop [184]=Oop [192]=Oop [216]=Oop [240]=Oop }
                      ;*aastore {reexecute=1 rethrow=0 return_oop=0}
                      ; - (reexecute) java.util.ArrayList::add@14 (line 485)
                      ; - java.util.ArrayList::add@20 (line 497)
                      ; - com.sun.javafx.text.PrismTextLayout::layout@798 (line 1233)
  0x000001d2007c297c: 0645 8b08 | 49c1 e103 | 4983 f900 | 0f84 c2d4 | ffff 4c89 

  0x000001d2007c2990: ;   {runtime_call g1_pre_barrier_slow}
  0x000001d2007c2990: 0c24 e8c9 | d8dc 06e9 | b4d4 ffff | 4883 f800 | 0f84 c8d4 | ffff 4c89 

  0x000001d2007c29a8: ;   {runtime_call g1_post_barrier_slow}
  0x000001d2007c29a8: 0424 e8b1 | dbdc 06e9 | bad4 ffff 

  0x000001d2007c29b4: ;   {runtime_call C1 Runtime throw_null_pointer_exception_blob}
  0x000001d2007c29b4: e8a7 52dc 

  0x000001d2007c29b8: ; ImmutableOopMap {rsi=Oop rax=Oop [176]=Oop [184]=Oop [192]=Oop [216]=Oop [240]=Oop }
                      ;*invokevirtual getLength {reexecute=0 rethrow=0 return_oop=0}
                      ; - com.sun.javafx.text.PrismTextLayout::layout@812 (line 1235)
                      ;   {metadata({method} {0x000001d219c8c270} 'layout' '()V' in 'com/sun/javafx/text/PrismTextLayout')}
  0x000001d2007c29b8: 0649 ba68 | c2c8 19d2 | 0100 004c | 8954 2408 | 48c7 0424 | 3803 0000 

  0x000001d2007c29d0: ;   {runtime_call C1 Runtime counter_overflow_blob}
  0x000001d2007c29d0: e88b c7dc 

  0x000001d2007c29d4: ; ImmutableOopMap {rsi=Oop [176]=Oop [184]=Oop [192]=Oop [216]=Oop [240]=Oop }
                      ;*goto {reexecute=1 rethrow=0 return_oop=0}
                      ; - (reexecute) com.sun.javafx.text.PrismTextLayout::layout@824 (line 1111)
  0x000001d2007c29d4: 06e9 1bd5 

  0x000001d2007c29d8: ;   {runtime_call C1 Runtime throw_null_pointer_exception_blob}
  0x000001d2007c29d8: ffff e881 

  0x000001d2007c29dc: ; ImmutableOopMap {rsi=Oop r8=Oop [176]=Oop [184]=Oop [240]=Oop }
                      ;*invokevirtual dispose {reexecute=0 rethrow=0 return_oop=0}
                      ; - com.sun.javafx.text.PrismTextLayout::layout@832 (line 1239)
                      ;   {metadata({method} {0x000001d219861bc8} 'dispose' '()V' in 'com/sun/javafx/text/GlyphLayout')}
  0x000001d2007c29dc: 52dc 0649 | bac0 1b86 | 19d2 0100 | 004c 8954 | 2408 48c7 | 0424 ffff 

  0x000001d2007c29f4: ;   {runtime_call C1 Runtime counter_overflow_blob}
  0x000001d2007c29f4: ffff e865 

  0x000001d2007c29f8: ; ImmutableOopMap {rsi=Oop r8=Oop [176]=Oop [184]=Oop [240]=Oop }
                      ;*synchronization entry
                      ; - com.sun.javafx.text.GlyphLayout::dispose@-1 (line 433)
                      ; - com.sun.javafx.text.PrismTextLayout::layout@832 (line 1239)
  0x000001d2007c29f8: c7dc 06e9 | 44d6 ffff 

  0x000001d2007c2a00: ;   {metadata({method} {0x000000009f221148} 'add' '(Ljava/lang/Object;)Z' in 'java/util/ArrayList')}
  0x000001d2007c2a00: 49ba 4011 | 229f 0000 | 0000 4c89 | 5424 0848 | c704 24ff 

  0x000001d2007c2a14: ;   {runtime_call C1 Runtime counter_overflow_blob}
  0x000001d2007c2a14: ffff ffe8 

  0x000001d2007c2a18: ; ImmutableOopMap {rax=Oop [176]=Oop [184]=Oop [240]=Oop }
                      ;*synchronization entry
                      ; - java.util.ArrayList::add@-1 (line 496)
                      ; - com.sun.javafx.text.PrismTextLayout::layout@851 (line 1241)
  0x000001d2007c2a18: 44c7 dc06 | e979 d7ff 

  0x000001d2007c2a20: ;   {metadata({method} {0x000000009f222068} 'add' '(Ljava/lang/Object;[Ljava/lang/Object;I)V' in 'java/util/ArrayList')}
  0x000001d2007c2a20: ff49 ba60 | 2022 9f00 | 0000 004c | 8954 2408 | 48c7 0424 | ffff ffff 

  0x000001d2007c2a38: ;   {runtime_call C1 Runtime counter_overflow_blob}
  0x000001d2007c2a38: e823 c7dc 

  0x000001d2007c2a3c: ; ImmutableOopMap {rax=Oop rsi=Oop r8=Oop [176]=Oop [184]=Oop [240]=Oop }
                      ;*synchronization entry
                      ; - java.util.ArrayList::add@-1 (line 483)
                      ; - java.util.ArrayList::add@20 (line 497)
                      ; - com.sun.javafx.text.PrismTextLayout::layout@851 (line 1241)
  0x000001d2007c2a3c: 06e9 b2d7 

  0x000001d2007c2a40: ;   {runtime_call C1 Runtime throw_null_pointer_exception_blob}
  0x000001d2007c2a40: ffff e819 

  0x000001d2007c2a44: ; ImmutableOopMap {rax=Oop rsi=Oop r8=Oop [176]=Oop [184]=Oop [240]=Oop }
                      ;*arraylength {reexecute=0 rethrow=0 return_oop=0}
                      ; - java.util.ArrayList::add@2 (line 483)
                      ; - java.util.ArrayList::add@20 (line 497)
                      ; - com.sun.javafx.text.PrismTextLayout::layout@851 (line 1241)
                      ;   {metadata({method} {0x000000009f2221c8} 'grow' '()[Ljava/lang/Object;' in 'java/util/ArrayList')}
  0x000001d2007c2a44: 52dc 0649 | bac0 2122 | 9f00 0000 | 004c 8954 | 2408 48c7 | 0424 ffff 

  0x000001d2007c2a5c: ;   {runtime_call C1 Runtime counter_overflow_blob}
  0x000001d2007c2a5c: ffff e8fd 

  0x000001d2007c2a60: ; ImmutableOopMap {rsi=Oop [176]=Oop [184]=Oop [240]=Oop [352]=Oop }
                      ;*synchronization entry
                      ; - java.util.ArrayList::grow@-1 (line 245)
                      ; - java.util.ArrayList::add@7 (line 484)
                      ; - java.util.ArrayList::add@20 (line 497)
                      ; - com.sun.javafx.text.PrismTextLayout::layout@851 (line 1241)
  0x000001d2007c2a60: c6dc 06e9 | 08d8 ffff 

  0x000001d2007c2a68: ;   {runtime_call C1 Runtime throw_null_pointer_exception_blob}
  0x000001d2007c2a68: e8f3 51dc 

  0x000001d2007c2a6c: ; ImmutableOopMap {r8=Oop r9=Oop rax=Oop [176]=Oop [184]=Oop [240]=Oop }
                      ;*aastore {reexecute=1 rethrow=0 return_oop=0}
                      ; - (reexecute) java.util.ArrayList::add@14 (line 485)
                      ; - java.util.ArrayList::add@20 (line 497)
                      ; - com.sun.javafx.text.PrismTextLayout::layout@851 (line 1241)
                      ;   {runtime_call C1 Runtime throw_null_pointer_exception_blob}
  0x000001d2007c2a6c: 06e8 ee51 

  0x000001d2007c2a70: ; ImmutableOopMap {r8=Oop r9=Oop rax=Oop [176]=Oop [184]=Oop [240]=Oop }
                      ;*aastore {reexecute=1 rethrow=0 return_oop=0}
                      ; - (reexecute) java.util.ArrayList::add@14 (line 485)
                      ; - java.util.ArrayList::add@20 (line 497)
                      ; - com.sun.javafx.text.PrismTextLayout::layout@851 (line 1241)
  0x000001d2007c2a70: dc06 4889 | 3c24 4c89 

  0x000001d2007c2a78: ;   {runtime_call C1 Runtime throw_range_check_failed_blob}
  0x000001d2007c2a78: 4424 08e8 

  0x000001d2007c2a7c: ; ImmutableOopMap {r8=Oop r9=Oop rax=Oop [176]=Oop [184]=Oop [240]=Oop }
                      ;*aastore {reexecute=1 rethrow=0 return_oop=0}
                      ; - (reexecute) java.util.ArrayList::add@14 (line 485)
                      ; - java.util.ArrayList::add@20 (line 497)
                      ; - com.sun.javafx.text.PrismTextLayout::layout@851 (line 1241)
  0x000001d2007c2a7c: e048 dc06 

  0x000001d2007c2a80: ;   {runtime_call C1 Runtime throw_null_pointer_exception_blob}
  0x000001d2007c2a80: e8db 51dc 

  0x000001d2007c2a84: ; ImmutableOopMap {r8=Oop r9=Oop rax=Oop [176]=Oop [184]=Oop [240]=Oop }
                      ;*aastore {reexecute=1 rethrow=0 return_oop=0}
                      ; - (reexecute) java.util.ArrayList::add@14 (line 485)
                      ; - java.util.ArrayList::add@20 (line 497)
                      ; - com.sun.javafx.text.PrismTextLayout::layout@851 (line 1241)
  0x000001d2007c2a84: 0648 8904 

  0x000001d2007c2a88: ;   {runtime_call C1 Runtime throw_array_store_exception_blob}
  0x000001d2007c2a88: 24e8 d276 

  0x000001d2007c2a8c: ; ImmutableOopMap {r8=Oop r9=Oop rax=Oop [176]=Oop [184]=Oop [240]=Oop }
                      ;*aastore {reexecute=1 rethrow=0 return_oop=0}
                      ; - (reexecute) java.util.ArrayList::add@14 (line 485)
                      ; - java.util.ArrayList::add@20 (line 497)
                      ; - com.sun.javafx.text.PrismTextLayout::layout@851 (line 1241)
  0x000001d2007c2a8c: dc06 8b13 | 48c1 e203 | 4883 fa00 | 0f84 2cd9 | ffff 4889 

  0x000001d2007c2aa0: ;   {runtime_call g1_pre_barrier_slow}
  0x000001d2007c2aa0: 1424 e8b9 | d7dc 06e9 | 1ed9 ffff | 4883 f800 | 0f84 32d9 | ffff 4889 

  0x000001d2007c2ab8: ;   {runtime_call g1_post_barrier_slow}
  0x000001d2007c2ab8: 1c24 e8a1 | dadc 06e9 | 24d9 ffff 

  0x000001d2007c2ac4: ;   {runtime_call C1 Runtime new_object_array_blob}
  0x000001d2007c2ac4: e817 66dc 

  0x000001d2007c2ac8: ; ImmutableOopMap {r9=Oop r11=Oop [176]=Oop [184]=Oop [240]=Oop }
                      ;*anewarray {reexecute=0 rethrow=0 return_oop=0}
                      ; - com.sun.javafx.text.PrismTextLayout::layout@861 (line 1242)
  0x000001d2007c2ac8: 06e9 41da | ffff 458b | 433c 49c1 | e003 4983 | f800 0f84 | 3dda ffff | 4c89 0424 

  0x000001d2007c2ae4: ;   {runtime_call g1_pre_barrier_slow}
  0x000001d2007c2ae4: e877 d7dc | 06e9 2fda | ffff 4883 | f800 0f84 | 44da ffff | 4c89 1c24 

  0x000001d2007c2afc: ;   {runtime_call g1_post_barrier_slow}
  0x000001d2007c2afc: e85f dadc | 06e9 36da 

  0x000001d2007c2b04: ;   {runtime_call C1 Runtime throw_null_pointer_exception_blob}
  0x000001d2007c2b04: ffff e855 

  0x000001d2007c2b08: ; ImmutableOopMap {rdx=Oop rax=Oop rbx=Oop [176]=Oop [184]=Oop }
                      ;*arraylength {reexecute=0 rethrow=0 return_oop=0}
                      ; - com.sun.javafx.text.PrismTextLayout::layout@950 (line 1256)
                      ;   {runtime_call C1 Runtime throw_null_pointer_exception_blob}
  0x000001d2007c2b08: 51dc 06e8 

  0x000001d2007c2b0c: ; ImmutableOopMap {rdx=Oop rax=Oop rbx=Oop [176]=Oop [184]=Oop [376]=Oop }
                      ;*invokevirtual getStart {reexecute=0 rethrow=0 return_oop=0}
                      ; - com.sun.javafx.text.PrismTextLayout::layout@965 (line 1258)
  0x000001d2007c2b0c: 5051 dc06 

  0x000001d2007c2b10: ;   {runtime_call C1 Runtime throw_null_pointer_exception_blob}
  0x000001d2007c2b10: e84b 51dc 

  0x000001d2007c2b14: ; ImmutableOopMap {rdx=Oop rax=Oop rbx=Oop rcx=Oop [176]=Oop [184]=Oop [376]=Oop [384]=Oop }
                      ;*invokevirtual getWidth {reexecute=0 rethrow=0 return_oop=0}
                      ; - com.sun.javafx.text.PrismTextLayout::layout@981 (line 1262)
                      ;   {metadata({method} {0x000001d2198090a0} 'getWidth' '()F' in 'com/sun/javafx/geom/RectBounds')}
  0x000001d2007c2b14: 0649 ba98 | 9080 19d2 | 0100 004c | 8954 2408 | 48c7 0424 | ffff ffff 

  0x000001d2007c2b2c: ;   {runtime_call C1 Runtime counter_overflow_blob}
  0x000001d2007c2b2c: e82f c6dc 

  0x000001d2007c2b30: ; ImmutableOopMap {rdx=Oop rax=Oop rbx=Oop rcx=Oop [176]=Oop [184]=Oop [376]=Oop [384]=Oop }
                      ;*synchronization entry
                      ; - com.sun.javafx.geom.RectBounds::getWidth@-1 (line 90)
                      ; - com.sun.javafx.text.PrismTextLayout::layout@981 (line 1262)
  0x000001d2007c2b30: 06e9 9bdd 

  0x000001d2007c2b34: ;   {metadata({method} {0x000001d21a07b3a8} 'setAlignment' '(F)V' in 'com/sun/javafx/text/TextLine')}
  0x000001d2007c2b34: ffff 49ba | a0b3 071a | d201 0000 | 4c89 5424 | 0848 c704 | 24ff ffff 

  0x000001d2007c2b4c: ;   {runtime_call C1 Runtime counter_overflow_blob}
  0x000001d2007c2b4c: ffe8 0ec6 

  0x000001d2007c2b50: ; ImmutableOopMap {rdx=Oop rax=Oop rbx=Oop rcx=Oop [176]=Oop [184]=Oop [376]=Oop [384]=Oop }
                      ;*synchronization entry
                      ; - com.sun.javafx.text.TextLine::setAlignment@-1 (line 86)
                      ; - com.sun.javafx.text.PrismTextLayout::layout@994 (line 1263)
  0x000001d2007c2b50: dc06 e9d9 

  0x000001d2007c2b54: ;   {runtime_call C1 Runtime throw_null_pointer_exception_blob}
  0x000001d2007c2b54: ddff ffe8 

  0x000001d2007c2b58: ; ImmutableOopMap {rdx=Oop rax=Oop rbx=Oop rcx=Oop r9=Oop [176]=Oop [184]=Oop [360]=Oop [376]=Oop [384]=Oop }
                      ;*arraylength {reexecute=0 rethrow=0 return_oop=0}
                      ; - com.sun.javafx.text.PrismTextLayout::layout@1034 (line 1269)
  0x000001d2007c2b58: 0451 dc06 | 4889 3424 | 4c89 4c24 

  0x000001d2007c2b64: ;   {runtime_call C1 Runtime throw_range_check_failed_blob}
  0x000001d2007c2b64: 08e8 f647 

  0x000001d2007c2b68: ; ImmutableOopMap {rdx=Oop rax=Oop rbx=Oop rcx=Oop r9=Oop [176]=Oop [184]=Oop [360]=Oop [376]=Oop [384]=Oop }
                      ;*aaload {reexecute=0 rethrow=0 return_oop=0}
                      ; - com.sun.javafx.text.PrismTextLayout::layout@1048 (line 1270)
                      ;   {runtime_call C1 Runtime throw_null_pointer_exception_blob}
  0x000001d2007c2b68: dc06 e8f1 

  0x000001d2007c2b6c: ; ImmutableOopMap {rdx=Oop rax=Oop rbx=Oop rcx=Oop r9=Oop rsi=Oop [176]=Oop [184]=Oop [360]=Oop [376]=Oop [384]=Oop }
                      ;*invokevirtual isSoftbreak {reexecute=0 rethrow=0 return_oop=0}
                      ; - com.sun.javafx.text.PrismTextLayout::layout@1049 (line 1270)
                      ;   {metadata({method} {0x000001d21a06acc8} 'isSoftbreak' '()Z' in 'com/sun/javafx/text/TextRun')}
  0x000001d2007c2b6c: 50dc 0649 | bac0 ac06 | 1ad2 0100 | 004c 8954 | 2408 48c7 | 0424 ffff 

  0x000001d2007c2b84: ;   {runtime_call C1 Runtime counter_overflow_blob}
  0x000001d2007c2b84: ffff e8d5 

  0x000001d2007c2b88: ; ImmutableOopMap {rdx=Oop rax=Oop rbx=Oop rcx=Oop rsi=Oop [176]=Oop [184]=Oop [360]=Oop [376]=Oop [384]=Oop }
                      ;*synchronization entry
                      ; - com.sun.javafx.text.TextRun::isSoftbreak@-1 (line 126)
                      ; - com.sun.javafx.text.PrismTextLayout::layout@1049 (line 1270)
  0x000001d2007c2b88: c5dc 06e9 | 40e1 ffff 

  0x000001d2007c2b90: ;   {runtime_call C1 Runtime throw_null_pointer_exception_blob}
  0x000001d2007c2b90: e8cb 50dc 

  0x000001d2007c2b94: ; ImmutableOopMap {rdx=Oop rax=Oop rbx=Oop rcx=Oop [176]=Oop [184]=Oop [360]=Oop [376]=Oop [384]=Oop }
                      ;*caload {reexecute=0 rethrow=0 return_oop=0}
                      ; - com.sun.javafx.text.PrismTextLayout::layout@1092 (line 1276)
                      ;   {runtime_call C1 Runtime throw_null_pointer_exception_blob}
  0x000001d2007c2b94: 06e8 c650 

  0x000001d2007c2b98: ; ImmutableOopMap {rdx=Oop rax=Oop rbx=Oop rcx=Oop [176]=Oop [184]=Oop [360]=Oop [376]=Oop [384]=Oop }
                      ;*caload {reexecute=0 rethrow=0 return_oop=0}
                      ; - com.sun.javafx.text.PrismTextLayout::layout@1092 (line 1276)
  0x000001d2007c2b98: dc06 4889 | 3424 4889 

  0x000001d2007c2ba0: ;   {runtime_call C1 Runtime throw_range_check_failed_blob}
  0x000001d2007c2ba0: 4424 08e8 

  0x000001d2007c2ba4: ; ImmutableOopMap {rdx=Oop rax=Oop rbx=Oop rcx=Oop [176]=Oop [184]=Oop [360]=Oop [376]=Oop [384]=Oop }
                      ;*caload {reexecute=0 rethrow=0 return_oop=0}
                      ; - com.sun.javafx.text.PrismTextLayout::layout@1092 (line 1276)
  0x000001d2007c2ba4: b847 dc06 

  0x000001d2007c2ba8: ;   {runtime_call C1 Runtime throw_null_pointer_exception_blob}
  0x000001d2007c2ba8: e8b3 50dc 

  0x000001d2007c2bac: ; ImmutableOopMap {rdx=Oop rax=Oop rbx=Oop rcx=Oop [176]=Oop [184]=Oop [360]=Oop [376]=Oop [384]=Oop }
                      ;*caload {reexecute=0 rethrow=0 return_oop=0}
                      ; - com.sun.javafx.text.PrismTextLayout::layout@1109 (line 1277)
                      ;   {runtime_call C1 Runtime throw_null_pointer_exception_blob}
  0x000001d2007c2bac: 06e8 ae50 

  0x000001d2007c2bb0: ; ImmutableOopMap {rdx=Oop rax=Oop rbx=Oop rcx=Oop [176]=Oop [184]=Oop [360]=Oop [376]=Oop [384]=Oop }
                      ;*caload {reexecute=0 rethrow=0 return_oop=0}
                      ; - com.sun.javafx.text.PrismTextLayout::layout@1109 (line 1277)
  0x000001d2007c2bb0: dc06 4889 | 3424 4889 

  0x000001d2007c2bb8: ;   {runtime_call C1 Runtime throw_range_check_failed_blob}
  0x000001d2007c2bb8: 4424 08e8 

  0x000001d2007c2bbc: ; ImmutableOopMap {rdx=Oop rax=Oop rbx=Oop rcx=Oop [176]=Oop [184]=Oop [360]=Oop [376]=Oop [384]=Oop }
                      ;*caload {reexecute=0 rethrow=0 return_oop=0}
                      ; - com.sun.javafx.text.PrismTextLayout::layout@1109 (line 1277)
  0x000001d2007c2bbc: a047 dc06 

  0x000001d2007c2bc0: ;   {metadata({method} {0x000001d219c8c270} 'layout' '()V' in 'com/sun/javafx/text/PrismTextLayout')}
  0x000001d2007c2bc0: 49ba 68c2 | c819 d201 | 0000 4c89 | 5424 0848 | c704 2461 

  0x000001d2007c2bd4: ;   {runtime_call C1 Runtime counter_overflow_blob}
  0x000001d2007c2bd4: 0400 00e8 

  0x000001d2007c2bd8: ; ImmutableOopMap {rdx=Oop rax=Oop rbx=Oop rcx=Oop [176]=Oop [184]=Oop [360]=Oop [376]=Oop [384]=Oop }
                      ;*goto {reexecute=1 rethrow=0 return_oop=0}
                      ; - (reexecute) com.sun.javafx.text.PrismTextLayout::layout@1121 (line 1275)
  0x000001d2007c2bd8: 84c5 dc06 | e9f1 e2ff 

  0x000001d2007c2be0: ;   {metadata({method} {0x000001d2198090a0} 'getWidth' '()F' in 'com/sun/javafx/geom/RectBounds')}
  0x000001d2007c2be0: ff49 ba98 | 9080 19d2 | 0100 004c | 8954 2408 | 48c7 0424 | ffff ffff 

  0x000001d2007c2bf8: ;   {runtime_call C1 Runtime counter_overflow_blob}
  0x000001d2007c2bf8: e863 c5dc 

  0x000001d2007c2bfc: ; ImmutableOopMap {rdx=Oop rax=Oop rbx=Oop rcx=Oop [176]=Oop [184]=Oop [360]=Oop [376]=Oop [384]=Oop }
                      ;*synchronization entry
                      ; - com.sun.javafx.geom.RectBounds::getWidth@-1 (line 90)
                      ; - com.sun.javafx.text.PrismTextLayout::layout@1133 (line 1280)
  0x000001d2007c2bfc: 06e9 dee3 

  0x000001d2007c2c00: ;   {runtime_call C1 Runtime throw_null_pointer_exception_blob}
  0x000001d2007c2c00: ffff e859 

  0x000001d2007c2c04: ; ImmutableOopMap {r9=Oop rdi=Oop [176]=Oop [184]=Oop [360]=Oop [376]=Oop [384]=Oop [400]=Oop }
                      ;*invokevirtual getStart {reexecute=0 rethrow=0 return_oop=0}
                      ; - com.sun.javafx.text.PrismTextLayout::layout@1162 (line 1284)
                      ;   {metadata({method} {0x000001d21a06be40} 'getEnd' '()I' in 'com/sun/javafx/text/TextRun')}
  0x000001d2007c2c04: 50dc 0649 | ba38 be06 | 1ad2 0100 | 004c 8954 | 2408 48c7 | 0424 ffff 

  0x000001d2007c2c1c: ;   {runtime_call C1 Runtime counter_overflow_blob}
  0x000001d2007c2c1c: ffff e83d 

  0x000001d2007c2c20: ; ImmutableOopMap {r9=Oop rdi=Oop [176]=Oop [184]=Oop [360]=Oop [376]=Oop [384]=Oop [400]=Oop }
                      ;*synchronization entry
                      ; - com.sun.javafx.text.TextRun::getEnd@-1 (line 86)
                      ; - com.sun.javafx.text.PrismTextLayout::layout@1169 (line 1285)
  0x000001d2007c2c20: c5dc 06e9 | c8e4 ffff 

  0x000001d2007c2c28: ;   {runtime_call C1 Runtime throw_null_pointer_exception_blob}
  0x000001d2007c2c28: e833 50dc 

  0x000001d2007c2c2c: ; ImmutableOopMap {rax=Oop [176]=Oop [184]=Oop [360]=Oop [376]=Oop [384]=Oop [400]=Oop }
                      ;*caload {reexecute=0 rethrow=0 return_oop=0}
                      ; - com.sun.javafx.text.PrismTextLayout::layout@1188 (line 1288)
                      ;   {runtime_call C1 Runtime throw_null_pointer_exception_blob}
  0x000001d2007c2c2c: 06e8 2e50 

  0x000001d2007c2c30: ; ImmutableOopMap {rax=Oop [176]=Oop [184]=Oop [360]=Oop [376]=Oop [384]=Oop [400]=Oop }
                      ;*caload {reexecute=0 rethrow=0 return_oop=0}
                      ; - com.sun.javafx.text.PrismTextLayout::layout@1188 (line 1288)
  0x000001d2007c2c30: dc06 4889 | 1c24 4889 

  0x000001d2007c2c38: ;   {runtime_call C1 Runtime throw_range_check_failed_blob}
  0x000001d2007c2c38: 4424 08e8 

  0x000001d2007c2c3c: ; ImmutableOopMap {rax=Oop [176]=Oop [184]=Oop [360]=Oop [376]=Oop [384]=Oop [400]=Oop }
                      ;*caload {reexecute=0 rethrow=0 return_oop=0}
                      ; - com.sun.javafx.text.PrismTextLayout::layout@1188 (line 1288)
  0x000001d2007c2c3c: 2047 dc06 

  0x000001d2007c2c40: ;   {metadata({method} {0x000001d219c8c270} 'layout' '()V' in 'com/sun/javafx/text/PrismTextLayout')}
  0x000001d2007c2c40: 49ba 68c2 | c819 d201 | 0000 4c89 | 5424 0848 | c704 24c4 

  0x000001d2007c2c54: ;   {runtime_call C1 Runtime counter_overflow_blob}
  0x000001d2007c2c54: 0400 00e8 

  0x000001d2007c2c58: ; ImmutableOopMap {[176]=Oop [184]=Oop [360]=Oop [376]=Oop [384]=Oop [400]=Oop }
                      ;*goto {reexecute=1 rethrow=0 return_oop=0}
                      ; - (reexecute) com.sun.javafx.text.PrismTextLayout::layout@1220 (line 1286)
  0x000001d2007c2c58: 04c5 dc06 | e9eb e5ff 

  0x000001d2007c2c60: ;   {metadata({method} {0x000001d219c8c270} 'layout' '()V' in 'com/sun/javafx/text/PrismTextLayout')}
  0x000001d2007c2c60: ff49 ba68 | c2c8 19d2 | 0100 004c | 8954 2408 | 48c7 0424 | ca04 0000 

  0x000001d2007c2c78: ;   {runtime_call C1 Runtime counter_overflow_blob}
  0x000001d2007c2c78: e8e3 c4dc 

  0x000001d2007c2c7c: ; ImmutableOopMap {[176]=Oop [184]=Oop [360]=Oop [376]=Oop [384]=Oop }
                      ;*goto {reexecute=1 rethrow=0 return_oop=0}
                      ; - (reexecute) com.sun.javafx.text.PrismTextLayout::layout@1226 (line 1282)
  0x000001d2007c2c7c: 06e9 2ae6 

  0x000001d2007c2c80: ;   {metadata({method} {0x000001d21a07b3a8} 'setAlignment' '(F)V' in 'com/sun/javafx/text/TextLine')}
  0x000001d2007c2c80: ffff 49ba | a0b3 071a | d201 0000 | 4c89 5424 | 0848 c704 | 24ff ffff 

  0x000001d2007c2c98: ;   {runtime_call C1 Runtime counter_overflow_blob}
  0x000001d2007c2c98: ffe8 c2c4 

  0x000001d2007c2c9c: ; ImmutableOopMap {rbx=Oop [176]=Oop [184]=Oop [376]=Oop [384]=Oop }
                      ;*synchronization entry
                      ; - com.sun.javafx.text.TextLine::setAlignment@-1 (line 86)
                      ; - com.sun.javafx.text.PrismTextLayout::layout@1236 (line 1295)
  0x000001d2007c2c9c: dc06 e9a7 

  0x000001d2007c2ca0: ;   {runtime_call C1 Runtime throw_null_pointer_exception_blob}
  0x000001d2007c2ca0: e6ff ffe8 

  0x000001d2007c2ca4: ; ImmutableOopMap {rbx=Oop r8=Oop [176]=Oop [184]=Oop [376]=Oop [384]=Oop }
                      ;*invokevirtual setMinX {reexecute=0 rethrow=0 return_oop=0}
                      ; - com.sun.javafx.text.TextLine::setAlignment@5 (line 86)
                      ; - com.sun.javafx.text.PrismTextLayout::layout@1236 (line 1295)
  0x000001d2007c2ca4: b84f dc06 

  0x000001d2007c2ca8: ;   {metadata({method} {0x000001d21a07b450} 'setWidth' '(F)V' in 'com/sun/javafx/text/TextLine')}
  0x000001d2007c2ca8: 49ba 48b4 | 071a d201 | 0000 4c89 | 5424 0848 | c704 24ff 

  0x000001d2007c2cbc: ;   {runtime_call C1 Runtime counter_overflow_blob}
  0x000001d2007c2cbc: ffff ffe8 

  0x000001d2007c2cc0: ; ImmutableOopMap {rbx=Oop r8=Oop [176]=Oop [184]=Oop [376]=Oop [384]=Oop }
                      ;*synchronization entry
                      ; - com.sun.javafx.text.TextLine::setWidth@-1 (line 91)
                      ; - com.sun.javafx.text.PrismTextLayout::layout@1243 (line 1296)
  0x000001d2007c2cc0: 9cc4 dc06 | e9a2 e8ff 

  0x000001d2007c2cc8: ;   {runtime_call C1 Runtime throw_null_pointer_exception_blob}
  0x000001d2007c2cc8: ffe8 924f 

  0x000001d2007c2ccc: ; ImmutableOopMap {rsi=Oop rax=Oop [176]=Oop [184]=Oop [376]=Oop [384]=Oop [432]=Oop }
                      ;*invokevirtual setLocation {reexecute=0 rethrow=0 return_oop=0}
                      ; - com.sun.javafx.text.PrismTextLayout::layout@1303 (line 1312)
  0x000001d2007c2ccc: dc06 8b50 | 5048 c1e2 | 0348 83fa | 000f 844c | ebff ff48 

  0x000001d2007c2ce0: ;   {runtime_call g1_pre_barrier_slow}
  0x000001d2007c2ce0: 8914 24e8 | 78d5 dc06 | e93e ebff | ff48 83fb | 000f 845b | ebff ff48 

  0x000001d2007c2cf8: ;   {runtime_call g1_post_barrier_slow}
  0x000001d2007c2cf8: 8904 24e8 | 60d8 dc06 | e94d ebff 

  0x000001d2007c2d04: ;   {metadata({method} {0x000001d219c8c270} 'layout' '()V' in 'com/sun/javafx/text/PrismTextLayout')}
  0x000001d2007c2d04: ff49 ba68 | c2c8 19d2 | 0100 004c | 8954 2408 | 48c7 0424 | 2e05 0000 

  0x000001d2007c2d1c: ;   {runtime_call C1 Runtime counter_overflow_blob}
  0x000001d2007c2d1c: e83f c4dc 

  0x000001d2007c2d20: ; ImmutableOopMap {[176]=Oop [184]=Oop [376]=Oop [384]=Oop [432]=Oop }
                      ;*goto {reexecute=1 rethrow=0 return_oop=0}
                      ; - (reexecute) com.sun.javafx.text.PrismTextLayout::layout@1326 (line 1310)
  0x000001d2007c2d20: 06e9 8feb 

  0x000001d2007c2d24: ;   {runtime_call C1 Runtime throw_null_pointer_exception_blob}
  0x000001d2007c2d24: ffff e835 

  0x000001d2007c2d28: ; ImmutableOopMap {rsi=Oop [176]=Oop [184]=Oop [376]=Oop [384]=Oop [432]=Oop }
                      ;*arraylength {reexecute=0 rethrow=0 return_oop=0}
                      ; - com.sun.javafx.text.PrismTextLayout::layout@1286 (line 1310)
                      ;   {runtime_call C1 Runtime throw_null_pointer_exception_blob}
  0x000001d2007c2d28: 4fdc 06e8 

  0x000001d2007c2d2c: ; ImmutableOopMap {rdx=Oop [176]=Oop [184]=Oop [376]=Oop [384]=Oop }
                      ;*arraylength {reexecute=0 rethrow=0 return_oop=0}
                      ; - com.sun.javafx.text.PrismTextLayout::layout@1337 (line 1316)
  0x000001d2007c2d2c: 304f dc06 

  0x000001d2007c2d30: ;   {metadata({method} {0x000001d219809140} 'getHeight' '()F' in 'com/sun/javafx/geom/RectBounds')}
  0x000001d2007c2d30: 49ba 3891 | 8019 d201 | 0000 4c89 | 5424 0848 | c704 24ff 

  0x000001d2007c2d44: ;   {runtime_call C1 Runtime counter_overflow_blob}
  0x000001d2007c2d44: ffff ffe8 

  0x000001d2007c2d48: ; ImmutableOopMap {rdx=Oop rcx=Oop [176]=Oop [184]=Oop [384]=Oop }
                      ;*synchronization entry
                      ; - com.sun.javafx.geom.RectBounds::getHeight@-1 (line 98)
                      ; - com.sun.javafx.text.PrismTextLayout::layout@1347 (line 1317)
  0x000001d2007c2d48: 14c4 dc06 | e9be ecff 

  0x000001d2007c2d50: ;   {metadata({method} {0x000001d219809140} 'getHeight' '()F' in 'com/sun/javafx/geom/RectBounds')}
  0x000001d2007c2d50: ff49 ba38 | 9180 19d2 | 0100 004c | 8954 2408 | 48c7 0424 | ffff ffff 

  0x000001d2007c2d68: ;   {runtime_call C1 Runtime counter_overflow_blob}
  0x000001d2007c2d68: e8f3 c3dc 

  0x000001d2007c2d6c: ; ImmutableOopMap {rbx=Oop rcx=Oop [176]=Oop [184]=Oop [376]=Oop [384]=Oop }
                      ;*synchronization entry
                      ; - com.sun.javafx.geom.RectBounds::getHeight@-1 (line 98)
                      ; - com.sun.javafx.text.PrismTextLayout::layout@1368 (line 1319)
  0x000001d2007c2d6c: 06e9 bded 

  0x000001d2007c2d70: ;   {metadata({method} {0x000001d219c8c270} 'layout' '()V' in 'com/sun/javafx/text/PrismTextLayout')}
  0x000001d2007c2d70: ffff 49ba | 68c2 c819 | d201 0000 | 4c89 5424 | 0848 c704 | 2467 0500 

  0x000001d2007c2d88: ;   {runtime_call C1 Runtime counter_overflow_blob}
  0x000001d2007c2d88: 00e8 d2c3 

  0x000001d2007c2d8c: ; ImmutableOopMap {[176]=Oop [184]=Oop }
                      ;*goto {reexecute=1 rethrow=0 return_oop=0}
                      ; - (reexecute) com.sun.javafx.text.PrismTextLayout::layout@1383 (line 1256)
  0x000001d2007c2d8c: dc06 e9ff | edff ff48 | c704 2400 | 0000 0048 | 895c 2408 

  0x000001d2007c2da0: ;   {runtime_call C1 Runtime throw_range_check_failed_blob}
  0x000001d2007c2da0: e8bb 45dc 

  0x000001d2007c2da4: ; ImmutableOopMap {rdx=Oop rbx=Oop [176]=Oop [184]=Oop }
                      ;*aaload {reexecute=0 rethrow=0 return_oop=0}
                      ; - com.sun.javafx.text.PrismTextLayout::layout@1391 (line 1322)
                      ;   {runtime_call C1 Runtime throw_null_pointer_exception_blob}
  0x000001d2007c2da4: 06e8 b64e 

  0x000001d2007c2da8: ; ImmutableOopMap {rdx=Oop rsi=Oop [176]=Oop [184]=Oop }
                      ;*invokevirtual getBounds {reexecute=0 rethrow=0 return_oop=0}
                      ; - com.sun.javafx.text.PrismTextLayout::layout@1392 (line 1322)
                      ;   {runtime_call C1 Runtime throw_null_pointer_exception_blob}
  0x000001d2007c2da8: dc06 e8b1 

  0x000001d2007c2dac: ; ImmutableOopMap {rdx=Oop rsi=Oop [176]=Oop [184]=Oop }
                      ;*invokevirtual getMinY {reexecute=0 rethrow=0 return_oop=0}
                      ; - com.sun.javafx.text.PrismTextLayout::layout@1395 (line 1322)
                      ;   {runtime_call C1 Runtime throw_null_pointer_exception_blob}
  0x000001d2007c2dac: 4edc 06e8 

  0x000001d2007c2db0: ; ImmutableOopMap {rdx=Oop rsi=Oop [176]=Oop [184]=Oop }
                      ;*invokevirtual deriveWithNewBounds {reexecute=0 rethrow=0 return_oop=0}
                      ; - com.sun.javafx.text.PrismTextLayout::layout@1427 (line 1324)
  0x000001d2007c2db0: ac4e dc06 | 8b72 4448 | c1e6 0348 | 83fe 000f | 84dc efff | ff48 8934 

  0x000001d2007c2dc8: ;   {runtime_call g1_pre_barrier_slow}
  0x000001d2007c2dc8: 24e8 92d4 | dc06 e9ce | efff ff48 | 83f8 000f | 84e3 efff | ff48 8914 

  0x000001d2007c2de0: ;   {runtime_call g1_post_barrier_slow}
  0x000001d2007c2de0: 24e8 7ad7 | dc06 e9d5 

  0x000001d2007c2de8: ;   {runtime_call C1 Runtime throw_null_pointer_exception_blob}
  0x000001d2007c2de8: efff ffe8 

  0x000001d2007c2dec: ; ImmutableOopMap {rdx=Oop [176]=Oop [184]=Oop }
                      ;*getfield valid {reexecute=1 rethrow=0 return_oop=0}
                      ; - (reexecute) com.sun.javafx.text.PrismTextLayout::layout@1451 (line 1329)
  0x000001d2007c2dec: 704e dc06 

  0x000001d2007c2df0: ; implicit exception: dispatches to 0x000001d2007c2f46
  0x000001d2007c2df0: 8b78 2c48 | c1e7 0348 | 83ff 000f | 84c8 f0ff | ff48 893c 

  0x000001d2007c2e04: ;   {runtime_call g1_pre_barrier_slow}
  0x000001d2007c2e04: 24e8 56d4 | dc06 e9ba 

  0x000001d2007c2e0c: ;   {runtime_call C1 Runtime throw_null_pointer_exception_blob}
  0x000001d2007c2e0c: f0ff ffe8 

  0x000001d2007c2e10: ; ImmutableOopMap {rdx=Oop rax=Oop rsi=Oop [176]=Oop [184]=Oop }
                      ;*putfield font {reexecute=1 rethrow=0 return_oop=0}
                      ; - (reexecute) com.sun.javafx.text.PrismTextLayout::layout@1472 (line 1335)
  0x000001d2007c2e10: 4c4e dc06 | 4883 fe00 | 0f84 caf0 | ffff 4889 

  0x000001d2007c2e20: ;   {runtime_call g1_post_barrier_slow}
  0x000001d2007c2e20: 0424 e839 | d7dc 06e9 | bcf0 ffff | 8b78 2848 | c1e7 0348 | 83ff 000f | 84bf f0ff | ff48 893c 
  0x000001d2007c2e40: ;   {runtime_call g1_pre_barrier_slow}
  0x000001d2007c2e40: 24e8 1ad4 | dc06 e9b1 | f0ff ff48 | 83fe 000f | 84c6 f0ff | ff48 8904 

  0x000001d2007c2e58: ;   {runtime_call g1_post_barrier_slow}
  0x000001d2007c2e58: 24e8 02d7 | dc06 e9b8 | f0ff ff8b | 7830 48c1 | e703 4883 | ff00 0f84 | bbf0 ffff | 4889 3c24 
  0x000001d2007c2e78: ;   {runtime_call g1_pre_barrier_slow}
  0x000001d2007c2e78: e8e3 d3dc | 06e9 adf0 | ffff 4883 | fe00 0f84 | c2f0 ffff | 4889 0424 

  0x000001d2007c2e90: ;   {runtime_call g1_post_barrier_slow}
  0x000001d2007c2e90: e8cb d6dc | 06e9 b4f0 | ffff 8b78 | 3448 c1e7 | 0348 83ff | 000f 84bd | f0ff ff48 

  0x000001d2007c2eac: ;   {runtime_call g1_pre_barrier_slow}
  0x000001d2007c2eac: 893c 24e8 | acd3 dc06 | e9af f0ff | ff48 83fe | 000f 84c4 | f0ff ff48 

  0x000001d2007c2ec4: ;   {runtime_call g1_post_barrier_slow}
  0x000001d2007c2ec4: 8904 24e8 | 94d6 dc06 | e9b6 f0ff | ff48 8974 | 2408 4889 

  0x000001d2007c2ed8: ;   {runtime_call C1 Runtime monitorenter_blob}
  0x000001d2007c2ed8: 3c24 e881 

  0x000001d2007c2edc: ; ImmutableOopMap {rdx=Oop rsi=Oop [176]=Oop [184]=Oop [488]=Oop }
                      ;*monitorenter {reexecute=0 rethrow=0 return_oop=0}
                      ; - com.sun.javafx.text.PrismTextLayout::layout@1562 (line 1343)
  0x000001d2007c2edc: 81dc 06e9 | 2df1 ffff 

  0x000001d2007c2ee4: ;   {runtime_call C1 Runtime throw_null_pointer_exception_blob}
  0x000001d2007c2ee4: e877 4ddc 

  0x000001d2007c2ee8: ; ImmutableOopMap {rdx=Oop [176]=Oop [488]=Oop }
                      ;*arraylength {reexecute=0 rethrow=0 return_oop=0}
                      ; - com.sun.javafx.text.PrismTextLayout::layout@1564 (line 1344)
  0x000001d2007c2ee8: 0648 8d84 | 24e0 0100 | 0048 8904 

  0x000001d2007c2ef4: ;   {runtime_call C1 Runtime monitorexit_blob}
  0x000001d2007c2ef4: 24e8 e687 | dc06 e967 

  0x000001d2007c2efc: ;   {runtime_call C1 Runtime throw_null_pointer_exception_blob}
  0x000001d2007c2efc: f3ff ffe8 

  0x000001d2007c2f00: ; ImmutableOopMap {}
                      ;*putfield valid {reexecute=1 rethrow=0 return_oop=0}
                      ; - (reexecute) com.sun.javafx.text.PrismTextLayout::layout@1632 (line 1353)
  0x000001d2007c2f00: 5c4d dc06 

  0x000001d2007c2f04: ;   {internal_word}
  0x000001d2007c2f04: 49ba 9122 | 7c00 d201 | 0000 4d89 | 97e0 0400 

  0x000001d2007c2f14: ;   {runtime_call SafepointBlob}
  0x000001d2007c2f14: 00e9 46f3 

  0x000001d2007c2f18: ;   {internal_word}
  0x000001d2007c2f18: ce06 49ba | a422 7c00 | d201 0000 | 4d89 97e0 

  0x000001d2007c2f28: ;   {runtime_call SafepointBlob}
  0x000001d2007c2f28: 0400 00e9 | 30f3 ce06 | 488d 8424 | e001 0000 | 4889 0424 

  0x000001d2007c2f3c: ;   {runtime_call C1 Runtime monitorexit_blob}
  0x000001d2007c2f3c: e89f 87dc | 06e9 ecf3 

  0x000001d2007c2f44: ;   {runtime_call C1 Runtime throw_null_pointer_exception_blob}
  0x000001d2007c2f44: ffff e815 

  0x000001d2007c2f48: ; ImmutableOopMap {rdx=Oop rax=Oop rsi=Oop [176]=Oop [184]=Oop }
                      ;*putfield font {reexecute=1 rethrow=0 return_oop=0}
                      ; - (reexecute) com.sun.javafx.text.PrismTextLayout::layout@1472 (line 1335)
  0x000001d2007c2f48: 4ddc 0649 | 8b87 8805 | 0000 49c7 | 8788 0500 | 0000 0000 | 0049 c787 | 9005 0000 | 0000 0000 
  0x000001d2007c2f68: 4881 c400 | 0200 005d 

  0x000001d2007c2f70: ;   {runtime_call C1 Runtime unwind_exception_blob}
  0x000001d2007c2f70: e96b 39dc | 06f4 f4f4 
[Stub Code]
  0x000001d2007c2f78: ;   {other}
  0x000001d2007c2f78: 0f1f 4400 

  0x000001d2007c2f7c: ;   {static_stub}
  0x000001d2007c2f7c: 0048 bb00 | 0000 0000 

  0x000001d2007c2f84: ;   {runtime_call nmethod}
  0x000001d2007c2f84: 0000 00e9 | fbff ffff 

  0x000001d2007c2f8c: ;   {static_stub}
  0x000001d2007c2f8c: 9048 bb00 | 0000 0000 

  0x000001d2007c2f94: ;   {runtime_call nmethod}
  0x000001d2007c2f94: 0000 00e9 | fbff ffff 

  0x000001d2007c2f9c: ;   {static_stub}
  0x000001d2007c2f9c: 9048 bb00 | 0000 0000 

  0x000001d2007c2fa4: ;   {runtime_call nmethod}
  0x000001d2007c2fa4: 0000 00e9 | fbff ffff 

  0x000001d2007c2fac: ;   {static_stub}
  0x000001d2007c2fac: 9048 bb00 | 0000 0000 

  0x000001d2007c2fb4: ;   {runtime_call nmethod}
  0x000001d2007c2fb4: 0000 00e9 | fbff ffff 

  0x000001d2007c2fbc: ;   {static_stub}
  0x000001d2007c2fbc: 9048 bb18 | 1107 1ad2 

  0x000001d2007c2fc4: ;   {runtime_call I2C/C2I adapters}
  0x000001d2007c2fc4: 0100 00e9 | eb25 cc06 

  0x000001d2007c2fcc: ;   {static_stub}
  0x000001d2007c2fcc: 9048 bb00 | 0000 0000 

  0x000001d2007c2fd4: ;   {runtime_call nmethod}
  0x000001d2007c2fd4: 0000 00e9 | fbff ffff 

  0x000001d2007c2fdc: ;   {static_stub}
  0x000001d2007c2fdc: 9048 bb00 | 0000 0000 

  0x000001d2007c2fe4: ;   {runtime_call nmethod}
  0x000001d2007c2fe4: 0000 00e9 | fbff ffff 

  0x000001d2007c2fec: ;   {static_stub}
  0x000001d2007c2fec: 9048 bb00 | 0000 0000 

  0x000001d2007c2ff4: ;   {runtime_call nmethod}
  0x000001d2007c2ff4: 0000 00e9 | fbff ffff 

  0x000001d2007c2ffc: ;   {static_stub}
  0x000001d2007c2ffc: 9048 bb00 | 0000 0000 

  0x000001d2007c3004: ;   {runtime_call nmethod}
  0x000001d2007c3004: 0000 00e9 | fbff ffff 

  0x000001d2007c300c: ;   {static_stub}
  0x000001d2007c300c: 9048 bb10 | 1e07 1ad2 

  0x000001d2007c3014: ;   {runtime_call I2C/C2I adapters}
  0x000001d2007c3014: 0100 00e9 | 1a47 cf06 

  0x000001d2007c301c: ;   {static_stub}
  0x000001d2007c301c: 9048 bb00 | 0000 0000 

  0x000001d2007c3024: ;   {runtime_call nmethod}
  0x000001d2007c3024: 0000 00e9 | fbff ffff 

  0x000001d2007c302c: ;   {static_stub}
  0x000001d2007c302c: 9048 bb00 | 0000 0000 

  0x000001d2007c3034: ;   {runtime_call nmethod}
  0x000001d2007c3034: 0000 00e9 | fbff ffff 

  0x000001d2007c303c: ;   {static_stub}
  0x000001d2007c303c: 9048 bb08 | 0b07 1ad2 

  0x000001d2007c3044: ;   {runtime_call I2C/C2I adapters}
  0x000001d2007c3044: 0100 00e9 | f044 dd06 

  0x000001d2007c304c: ;   {static_stub}
  0x000001d2007c304c: 9048 bb00 | 0000 0000 

  0x000001d2007c3054: ;   {runtime_call nmethod}
  0x000001d2007c3054: 0000 00e9 | fbff ffff 

  0x000001d2007c305c: ;   {static_stub}
  0x000001d2007c305c: 9048 bb00 | 0000 0000 

  0x000001d2007c3064: ;   {runtime_call nmethod}
  0x000001d2007c3064: 0000 00e9 | fbff ffff 

  0x000001d2007c306c: ;   {static_stub}
  0x000001d2007c306c: 9048 bb00 | 0000 0000 

  0x000001d2007c3074: ;   {runtime_call nmethod}
  0x000001d2007c3074: 0000 00e9 | fbff ffff 

  0x000001d2007c307c: ;   {static_stub}
  0x000001d2007c307c: 9048 bb00 | 0000 0000 

  0x000001d2007c3084: ;   {runtime_call nmethod}
  0x000001d2007c3084: 0000 00e9 | fbff ffff 

  0x000001d2007c308c: ;   {static_stub}
  0x000001d2007c308c: 48bb 0000 | 0000 0000 

  0x000001d2007c3094: ;   {runtime_call nmethod}
  0x000001d2007c3094: 0000 e9fb 

  0x000001d2007c3098: ;   {static_stub}
  0x000001d2007c3098: ffff ff48 | bb68 7fc8 | 19d2 0100 

  0x000001d2007c30a4: ;   {runtime_call I2C/C2I adapters}
  0x000001d2007c30a4: 00e9 139b 

  0x000001d2007c30a8: ;   {static_stub}
  0x000001d2007c30a8: cc06 48bb | 0000 0000 | 0000 0000 

  0x000001d2007c30b4: ;   {runtime_call nmethod}
  0x000001d2007c30b4: e9fb ffff 

  0x000001d2007c30b8: ;   {static_stub}
  0x000001d2007c30b8: ff48 bb00 | 0000 0000 

  0x000001d2007c30c0: ;   {runtime_call nmethod}
  0x000001d2007c30c0: 0000 00e9 | fbff ffff 

  0x000001d2007c30c8: ;   {static_stub}
  0x000001d2007c30c8: 48bb 0000 | 0000 0000 

  0x000001d2007c30d0: ;   {runtime_call nmethod}
  0x000001d2007c30d0: 0000 e9fb 

  0x000001d2007c30d4: ;   {static_stub}
  0x000001d2007c30d4: ffff ff48 | bb00 0000 | 0000 0000 

  0x000001d2007c30e0: ;   {runtime_call nmethod}
  0x000001d2007c30e0: 00e9 fbff 

  0x000001d2007c30e4: ;   {static_stub}
  0x000001d2007c30e4: ffff 48bb | 58b5 c819 | d201 0000 

  0x000001d2007c30f0: ;   {runtime_call I2C/C2I adapters}
  0x000001d2007c30f0: e9bd fcce 

  0x000001d2007c30f4: ;   {static_stub}
  0x000001d2007c30f4: 0648 bb48 | b6c8 19d2 

  0x000001d2007c30fc: ;   {runtime_call I2C/C2I adapters}
  0x000001d2007c30fc: 0100 00e9 | aefc ce06 

  0x000001d2007c3104: ;   {static_stub}
  0x000001d2007c3104: 48bb 48b9 | c819 d201 

  0x000001d2007c310c: ;   {runtime_call I2C/C2I adapters}
  0x000001d2007c310c: 0000 e99f 

  0x000001d2007c3110: ;   {static_stub}
  0x000001d2007c3110: fcce 0648 | bb20 b1c8 | 19d2 0100 

  0x000001d2007c311c: ;   {runtime_call I2C/C2I adapters}
  0x000001d2007c311c: 00e9 944a 

  0x000001d2007c3120: ;   {static_stub}
  0x000001d2007c3120: cf06 48bb | 0000 0000 | 0000 0000 

  0x000001d2007c312c: ;   {runtime_call nmethod}
  0x000001d2007c312c: e9fb ffff 

  0x000001d2007c3130: ;   {static_stub}
  0x000001d2007c3130: ff48 bb00 | 0000 0000 

  0x000001d2007c3138: ;   {runtime_call nmethod}
  0x000001d2007c3138: 0000 00e9 | fbff ffff 

  0x000001d2007c3140: ;   {static_stub}
  0x000001d2007c3140: 48bb 107f | c819 d201 

  0x000001d2007c3148: ;   {runtime_call I2C/C2I adapters}
  0x000001d2007c3148: 0000 e9ef 

  0x000001d2007c314c: ;   {static_stub}
  0x000001d2007c314c: 0ece 0648 | bb20 b4c8 | 19d2 0100 

  0x000001d2007c3158: ;   {runtime_call I2C/C2I adapters}
  0x000001d2007c3158: 00e9 584a 

  0x000001d2007c315c: ;   {static_stub}
  0x000001d2007c315c: cf06 48bb | 50cc c819 | d201 0000 

  0x000001d2007c3168: ;   {runtime_call I2C/C2I adapters}
  0x000001d2007c3168: e949 4acf 

  0x000001d2007c316c: ;   {static_stub}
  0x000001d2007c316c: 0648 bb08 | abc8 19d2 

  0x000001d2007c3174: ;   {runtime_call I2C/C2I adapters}
  0x000001d2007c3174: 0100 00e9 | 36fc ce06 

  0x000001d2007c317c: ;   {static_stub}
  0x000001d2007c317c: 9048 bb00 | 0000 0000 

  0x000001d2007c3184: ;   {runtime_call nmethod}
  0x000001d2007c3184: 0000 00e9 | fbff ffff 

  0x000001d2007c318c: ;   {static_stub}
  0x000001d2007c318c: 9048 bb00 | 0000 0000 

  0x000001d2007c3194: ;   {runtime_call nmethod}
  0x000001d2007c3194: 0000 00e9 | fbff ffff 

  0x000001d2007c319c: ;   {static_stub}
  0x000001d2007c319c: 9048 bb00 | 0000 0000 

  0x000001d2007c31a4: ;   {runtime_call nmethod}
  0x000001d2007c31a4: 0000 00e9 | fbff ffff 
[Exception Handler]
  0x000001d2007c31ac: ;   {runtime_call C1 Runtime handle_exception_from_callee_blob}
  0x000001d2007c31ac: e8af 6cdc 

  0x000001d2007c31b0: ;   {external_word}
  0x000001d2007c31b0: 0648 b9a0 | 013c 10fc | 7f00 0048 

  0x000001d2007c31bc: ;   {runtime_call}
  0x000001d2007c31bc: 83e4 f048 | b810 5cf6 | 0ffc 7f00 | 00ff d0f4 
[Deopt Handler Code]
  0x000001d2007c31cc: ;   {section_word}
  0x000001d2007c31cc: 49ba cc31 | 7c00 d201 | 0000 4152 

  0x000001d2007c31d8: ;   {runtime_call DeoptimizationBlob}
  0x000001d2007c31d8: e903 d8ce | 06f4 f4f4 
[/MachCode]


---------------  P R O C E S S  ---------------

Threads class SMR info:
_java_thread_list=0x000001d23b536e00, length=34, elements={
0x000001d271852a60, 0x000001d27ecb6180, 0x000001d27ecb6a90, 0x000001d27ecba9a0,
0x000001d27ecbba30, 0x000001d27ecbcca0, 0x000001d21d020830, 0x000001d21d021320,
0x000001d27eccd620, 0x000001d21d1eac60, 0x000001d21d336f70, 0x000001d21d337730,
0x000001d21d521fc0, 0x000001d21e0ea480, 0x000001d21e1088b0, 0x000001d21dfb7e00,
0x000001d21dfb4180, 0x000001d21e2147c0, 0x000001d21db3a680, 0x000001d21e59e010,
0x000001d21e9f09e0, 0x000001d21e9efa40, 0x000001d230123570, 0x000001d230b26900,
0x000001d230b28840, 0x000001d232888f10, 0x000001d232886800, 0x000001d2300b3940,
0x000001d2300b5170, 0x000001d2300b6190, 0x000001d2300b79c0, 0x000001d2300b9a00,
0x000001d2300b10f0, 0x000001d2300bb230
}

Java Threads: ( => current thread )
  0x000001d271852a60 JavaThread "main"                              [_thread_blocked, id=24924, stack(0x000000adec400000,0x000000adec500000) (1024K)]
  0x000001d27ecb6180 JavaThread "Reference Handler"          daemon [_thread_blocked, id=3000, stack(0x000000adecc00000,0x000000adecd00000) (1024K)]
  0x000001d27ecb6a90 JavaThread "Finalizer"                  daemon [_thread_blocked, id=7088, stack(0x000000adecd00000,0x000000adece00000) (1024K)]
  0x000001d27ecba9a0 JavaThread "Signal Dispatcher"          daemon [_thread_blocked, id=9836, stack(0x000000adece00000,0x000000adecf00000) (1024K)]
  0x000001d27ecbba30 JavaThread "Attach Listener"            daemon [_thread_blocked, id=15236, stack(0x000000adecf00000,0x000000aded000000) (1024K)]
  0x000001d27ecbcca0 JavaThread "Service Thread"             daemon [_thread_blocked, id=5980, stack(0x000000aded000000,0x000000aded100000) (1024K)]
  0x000001d21d020830 JavaThread "Monitor Deflation Thread"   daemon [_thread_blocked, id=15628, stack(0x000000aded100000,0x000000aded200000) (1024K)]
  0x000001d21d021320 JavaThread "C2 CompilerThread0"         daemon [_thread_blocked, id=2556, stack(0x000000aded200000,0x000000aded300000) (1024K)]
  0x000001d27eccd620 JavaThread "C1 CompilerThread0"         daemon [_thread_blocked, id=3412, stack(0x000000aded300000,0x000000aded400000) (1024K)]
  0x000001d21d1eac60 JavaThread "Common-Cleaner"             daemon [_thread_blocked, id=4820, stack(0x000000aded700000,0x000000aded800000) (1024K)]
  0x000001d21d336f70 JavaThread "Monitor Ctrl-Break"         daemon [_thread_in_native, id=20736, stack(0x000000aded800000,0x000000aded900000) (1024K)]
  0x000001d21d337730 JavaThread "Notification Thread"        daemon [_thread_blocked, id=8576, stack(0x000000aded900000,0x000000adeda00000) (1024K)]
  0x000001d21d521fc0 JavaThread "JavaFX-Launcher"                   [_thread_blocked, id=23440, stack(0x000000adeda00000,0x000000adedb00000) (1024K)]
  0x000001d21e0ea480 JavaThread "RMI TCP Accept-0"           daemon [_thread_in_native, id=7364, stack(0x000000adede00000,0x000000adedf00000) (1024K)]
  0x000001d21e1088b0 JavaThread "RMI TCP Connection(1)-192.168.1.13" daemon [_thread_in_native, id=4328, stack(0x000000adedf00000,0x000000adee000000) (1024K)]
  0x000001d21dfb7e00 JavaThread "RMI Scheduler(0)"           daemon [_thread_blocked, id=12964, stack(0x000000adee000000,0x000000adee100000) (1024K)]
  0x000001d21dfb4180 JavaThread "JMX server connection timeout 41" daemon [_thread_blocked, id=4948, stack(0x000000adee100000,0x000000adee200000) (1024K)]
  0x000001d21e2147c0 JavaThread "QuantumRenderer-0"          daemon [_thread_blocked, id=23624, stack(0x000000adee200000,0x000000adee300000) (1024K)]
  0x000001d21db3a680 JavaThread "InvokeLaterDispatcher"      daemon [_thread_blocked, id=7436, stack(0x000000adee300000,0x000000adee400000) (1024K)]
=>0x000001d21e59e010 JavaThread "JavaFX Application Thread"         [_thread_in_native, id=18848, stack(0x000000adee400000,0x000000adee500000) (1024K)]
  0x000001d21e9f09e0 JavaThread "Thread-3"                   daemon [_thread_in_native, id=6880, stack(0x000000adef400000,0x000000adef500000) (1024K)]
  0x000001d21e9efa40 JavaThread "JNA Cleaner"                daemon [_thread_blocked, id=13280, stack(0x000000adedc00000,0x000000adedd00000) (1024K)]
  0x000001d230123570 JavaThread "Prism Font Disposer"        daemon [_thread_blocked, id=11444, stack(0x000000adeff00000,0x000000adf0000000) (1024K)]
  0x000001d230b26900 JavaThread "ForkJoinPool.commonPool-worker-1" daemon [_thread_blocked, id=14300, stack(0x000000adf0000000,0x000000adf0100000) (1024K)]
  0x000001d230b28840 JavaThread "Cleaner-0"                  daemon [_thread_blocked, id=23144, stack(0x000000adf0600000,0x000000adf0700000) (1024K)]
  0x000001d232888f10 JavaThread "Cleaner-1"                  daemon [_thread_blocked, id=23648, stack(0x000000adf1200000,0x000000adf1300000) (1024K)]
  0x000001d232886800 JavaThread "DefaultSleeper"             daemon [_thread_blocked, id=10156, stack(0x000000adf1300000,0x000000adf1400000) (1024K)]
  0x000001d2300b3940 JavaThread "C1 CompilerThread1"         daemon [_thread_blocked, id=15260, stack(0x000000aded500000,0x000000aded600000) (1024K)]
  0x000001d2300b5170 JavaThread "C1 CompilerThread2"         daemon [_thread_blocked, id=19328, stack(0x000000adf1700000,0x000000adf1800000) (1024K)]
  0x000001d2300b6190 JavaThread "C1 CompilerThread3"         daemon [_thread_blocked, id=9588, stack(0x000000adf1800000,0x000000adf1900000) (1024K)]
  0x000001d2300b79c0 JavaThread "C2 CompilerThread1"         daemon [_thread_blocked, id=21036, stack(0x000000adedb00000,0x000000adedc00000) (1024K)]
  0x000001d2300b9a00 JavaThread "C2 CompilerThread2"         daemon [_thread_blocked, id=16328, stack(0x000000adf1000000,0x000000adf1100000) (1024K)]
  0x000001d2300b10f0 JavaThread "C2 CompilerThread3"         daemon [_thread_blocked, id=18004, stack(0x000000aded400000,0x000000aded500000) (1024K)]
  0x000001d2300bb230 JavaThread "C2 CompilerThread4"         daemon [_thread_blocked, id=19004, stack(0x000000adf1600000,0x000000adf1700000) (1024K)]
Total: 34

Other Threads:
  0x000001d27ec9dd80 VMThread "VM Thread"                           [id=11656, stack(0x000000adecb00000,0x000000adecc00000) (1024K)]
  0x000001d27eb6c010 WatcherThread "VM Periodic Task Thread"        [id=24568, stack(0x000000adeca00000,0x000000adecb00000) (1024K)]
  0x000001d27eb1ea10 WorkerThread "GC Thread#0"                     [id=16368, stack(0x000000adec500000,0x000000adec600000) (1024K)]
  0x000001d21ecc1280 WorkerThread "GC Thread#1"                     [id=6372, stack(0x000000adedd00000,0x000000adede00000) (1024K)]
  0x000001d21ecbf8a0 WorkerThread "GC Thread#2"                     [id=10660, stack(0x000000adef500000,0x000000adef600000) (1024K)]
  0x000001d21ecbfcf0 WorkerThread "GC Thread#3"                     [id=9000, stack(0x000000adef600000,0x000000adef700000) (1024K)]
  0x000001d21ecc0590 WorkerThread "GC Thread#4"                     [id=13332, stack(0x000000adef700000,0x000000adef800000) (1024K)]
  0x000001d21ecc16d0 WorkerThread "GC Thread#5"                     [id=23260, stack(0x000000adef800000,0x000000adef900000) (1024K)]
  0x000001d21ecbebb0 WorkerThread "GC Thread#6"                     [id=19156, stack(0x000000adef900000,0x000000adefa00000) (1024K)]
  0x000001d21ecbe760 WorkerThread "GC Thread#7"                     [id=3608, stack(0x000000adefa00000,0x000000adefb00000) (1024K)]
  0x000001d21ecc1b20 WorkerThread "GC Thread#8"                     [id=1852, stack(0x000000adefb00000,0x000000adefc00000) (1024K)]
  0x000001d21ecc0140 WorkerThread "GC Thread#9"                     [id=24888, stack(0x000000adefc00000,0x000000adefd00000) (1024K)]
  0x000001d21ecbe310 WorkerThread "GC Thread#10"                    [id=9820, stack(0x000000adefd00000,0x000000adefe00000) (1024K)]
  0x000001d21ecc23c0 WorkerThread "GC Thread#11"                    [id=10332, stack(0x000000adefe00000,0x000000adeff00000) (1024K)]
  0x000001d231998fa0 WorkerThread "GC Thread#12"                    [id=5172, stack(0x000000aded600000,0x000000aded700000) (1024K)]
  0x000001d27eb1faa0 ConcurrentGCThread "G1 Main Marker"            [id=20172, stack(0x000000adec600000,0x000000adec700000) (1024K)]
  0x000001d2718d9340 WorkerThread "G1 Conc#0"                       [id=3864, stack(0x000000adec700000,0x000000adec800000) (1024K)]
  0x000001d21ecc3500 WorkerThread "G1 Conc#1"                       [id=21208, stack(0x000000adf0400000,0x000000adf0500000) (1024K)]
  0x000001d21ecc3950 WorkerThread "G1 Conc#2"                       [id=23532, stack(0x000000adf0500000,0x000000adf0600000) (1024K)]
  0x000001d27190e6a0 ConcurrentGCThread "G1 Refine#0"               [id=14596, stack(0x000000adec800000,0x000000adec900000) (1024K)]
  0x000001d27eb5f060 ConcurrentGCThread "G1 Service"                [id=16980, stack(0x000000adec900000,0x000000adeca00000) (1024K)]
Total: 21

Threads with active compile tasks:
Total: 0

VM state: not at safepoint (normal execution)

VM Mutex/Monitor currently owned by a thread: None

Heap address: 0x000000060b400000, size: 8012 MB, Compressed Oops mode: Zero based, Oop shift amount: 3

CDS archive(s) mapped at: [0x000000009f000000-0x000000009fdb0000-0x000000009fdb0000), size 14352384, SharedBaseAddress: 0x000000009f000000, ArchiveRelocationMode: 1.
Compressed class space mapped at: 0x00000000a0000000-0x00000000e0000000, reserved size: 1073741824
UseCompressedClassPointers 1, UseCompactObjectHeaders 0
Narrow klass pointer bits 32, Max shift 3
Narrow klass base: 0x000000009f000000, Narrow klass shift: 0
Encoding Range: [0x000000009f000000 - 0x000000019f000000), (4294967296 bytes)
Klass Range:    [0x000000009f010000 - 0x00000000e0000000), (1090453504 bytes)
Klass ID Range:  [65536 - 1090519033) (1090453497)
Protection zone: [0x000000009f000000 - 0x000000009f010000), (65536 bytes)

GC Precious Log:
 CardTable entry size: 512
 Card Set container configuration: InlinePtr #cards 4 size 8 Array Of Cards #cards 32 size 80 Howl #buckets 8 coarsen threshold 7372 Howl Bitmap #cards 1024 size 144 coarsen threshold 921 Card regions per heap region 1 cards per card region 8192
 CPUs: 16 total, 16 available
 Memory: 32042M
 Large Page Support: Disabled
 NUMA Support: Disabled
 Compressed Oops: Enabled (Zero based)
 Heap Region Size: 4M
 Heap Min Capacity: 8M
 Heap Initial Capacity: 504M
 Heap Max Capacity: 8012M
 Pre-touch: Disabled
 Parallel Workers: 13
 Concurrent Workers: 3
 Concurrent Refinement Workers: 13
 Periodic GC: Disabled

Heap:
 garbage-first heap   total reserved 8204288K, committed 73728K, used 43056K [0x000000060b400000, 0x0000000800000000)
  region size 4096K, 2 young (8192K), 1 survivors (4096K)

Heap Regions: E=young(eden), S=young(survivor), O=old, HS=humongous(starts), HC=humongous(continues), CS=collection set, F=free, TAMS=top-at-mark-start, PB=parsable bottom
|   0|0x000000060b400000, 0x000000060b800000, 0x000000060b800000|100%| O|  |TAMS 0x000000060b400000| PB 0x000000060b400000| Untracked |  0
|   1|0x000000060b800000, 0x000000060bc00000, 0x000000060bc00000|100%| O|  |TAMS 0x000000060b800000| PB 0x000000060b800000| Untracked |  0
|   2|0x000000060bc00000, 0x000000060c000000, 0x000000060c000000|100%| O|  |TAMS 0x000000060bc00000| PB 0x000000060bc00000| Untracked |  0
|   3|0x000000060c000000, 0x000000060c400000, 0x000000060c400000|100%| O|  |TAMS 0x000000060c000000| PB 0x000000060c000000| Untracked |  0
|   4|0x000000060c400000, 0x000000060c800000, 0x000000060c800000|100%| O|  |TAMS 0x000000060c400000| PB 0x000000060c400000| Untracked |  0
|   5|0x000000060c800000, 0x000000060cc00000, 0x000000060cc00000|100%| O|Cm|TAMS 0x000000060c800000| PB 0x000000060c800000| Complete |  0
|   6|0x000000060cc00000, 0x000000060d000000, 0x000000060d000000|100%| O|  |TAMS 0x000000060cc00000| PB 0x000000060cc00000| Untracked |  0
|   7|0x000000060d000000, 0x000000060d400000, 0x000000060d400000|100%| O|  |TAMS 0x000000060d000000| PB 0x000000060d000000| Untracked |  0
|   8|0x000000060d400000, 0x000000060d800000, 0x000000060d800000|100%| O|  |TAMS 0x000000060d400000| PB 0x000000060d400000| Untracked |  0
|   9|0x000000060d800000, 0x000000060da7aa90, 0x000000060dc00000| 61%| O|  |TAMS 0x000000060d800000| PB 0x000000060d800000| Untracked |  0
|  10|0x000000060dc00000, 0x000000060dc00000, 0x000000060e000000|  0%| F|  |TAMS 0x000000060dc00000| PB 0x000000060dc00000| Untracked |  0
|  11|0x000000060e000000, 0x000000060e3916e0, 0x000000060e400000| 89%| S|CS|TAMS 0x000000060e000000| PB 0x000000060e000000| Complete |  0
|  12|0x000000060e400000, 0x000000060e400000, 0x000000060e800000|  0%| F|  |TAMS 0x000000060e400000| PB 0x000000060e400000| Untracked |  0
| 114|0x0000000627c00000, 0x0000000627c00000, 0x0000000628000000|  0%| F|  |TAMS 0x0000000627c00000| PB 0x0000000627c00000| Untracked |  0
| 115|0x0000000628000000, 0x0000000628000000, 0x0000000628400000|  0%| F|  |TAMS 0x0000000628000000| PB 0x0000000628000000| Untracked |  0
| 116|0x0000000628400000, 0x0000000628400000, 0x0000000628800000|  0%| F|  |TAMS 0x0000000628400000| PB 0x0000000628400000| Untracked |  0
| 125|0x000000062a800000, 0x000000062a800000, 0x000000062ac00000|  0%| F|  |TAMS 0x000000062a800000| PB 0x000000062a800000| Untracked |  0
|2002|0x00000007ffc00000, 0x00000007fff570c8, 0x0000000800000000| 83%| E|  |TAMS 0x00000007ffc00000| PB 0x00000007ffc00000| Complete |  0

Card table byte_map: [0x000001d27da70000,0x000001d27ea20000] _byte_map_base: 0x000001d27aa16000

Marking Bits: (CMBitMap*) 0x000001d27eb1f1a0
 Bits: [0x000001d20f010000, 0x000001d216d40000)

Polling page: 0x000001d271920000

Metaspace:
Metaspace        used 49779K, committed 50304K, reserved 1114112K
 class space     used 6984K, committed 7232K, reserved 1048576K

Usage:
  Non-class:     41.79 MB used.
      Class:      6.82 MB used.
       Both:     48.61 MB used.

Virtual space:
  Non-class space:       64.00 MB reserved,      42.06 MB ( 66%) committed,  1 nodes.
      Class space:        1.00 GB reserved,       7.06 MB ( <1%) committed,  1 nodes.
             Both:        1.06 GB reserved,      49.12 MB (  5%) committed. 

Chunk freelists:
   Non-Class:  5.98 MB
       Class:  8.92 MB
        Both:  14.90 MB

MaxMetaspaceSize: unlimited
CompressedClassSpaceSize: 1.00 GB
Initial GC threshold: 21.00 MB
Current GC threshold: 80.00 MB
CDS: on
 - commit_granule_bytes: 65536.
 - commit_granule_words: 8192.
 - virtual_space_node_default_size: 8388608.
 - enlarge_chunks_in_place: 1.
UseCompressedClassPointers 1, UseCompactObjectHeaders 0
Narrow klass pointer bits 32, Max shift 3
Narrow klass base: 0x000000009f000000, Narrow klass shift: 0
Encoding Range: [0x000000009f000000 - 0x000000019f000000), (4294967296 bytes)
Klass Range:    [0x000000009f010000 - 0x00000000e0000000), (1090453504 bytes)
Klass ID Range:  [65536 - 1090519033) (1090453497)
Protection zone: [0x000000009f000000 - 0x000000009f010000), (65536 bytes)


Internal statistics:

num_allocs_failed_limit: 6.
num_arena_births: 526.
num_arena_deaths: 2.
num_vsnodes_births: 2.
num_vsnodes_deaths: 0.
num_space_committed: 785.
num_space_uncommitted: 0.
num_chunks_returned_to_freelist: 8.
num_chunks_taken_from_freelist: 2037.
num_chunk_merges: 6.
num_chunk_splits: 1426.
num_chunks_enlarged: 1129.
num_inconsistent_stats: 0.

CodeHeap 'non-profiled nmethods': size=119168Kb used=3132Kb max_used=3132Kb free=116035Kb
 bounds [0x000001d207bb0000, 0x000001d207ec0000, 0x000001d20f010000]
CodeHeap 'profiled nmethods': size=119168Kb used=11929Kb max_used=11929Kb free=107238Kb
 bounds [0x000001d200000000, 0x000001d200bb0000, 0x000001d207460000]
CodeHeap 'non-nmethods': size=7488Kb used=3848Kb max_used=4003Kb free=3639Kb
 bounds [0x000001d207460000, 0x000001d207860000, 0x000001d207bb0000]
CodeCache: size=245824Kb, used=18909Kb, max_used=19064Kb, free=226912Kb
 total_blobs=8203, nmethods=7178, adapters=925, full_count=0
Compilation: enabled, stopped_count=0, restarted_count=0

Compilation events (20 events):
Event: 10.366 Thread 0x000001d2300b6190 nmethod 7788 0x000001d200b9f308 code [0x000001d200b9f400, 0x000001d200b9f600]
Event: 10.367 Thread 0x000001d2300b6190 7790       3       jdk.internal.icu.text.BidiBase::processPropertySeq (1016 bytes)
Event: 10.367 Thread 0x000001d2300b5170 7791       3       jdk.internal.icu.text.BidiBase::GetState (6 bytes)
Event: 10.367 Thread 0x000001d2300b3940 7792       3       jdk.internal.icu.text.BidiBase::GetAction (5 bytes)
Event: 10.367 Thread 0x000001d2300b5170 nmethod 7791 0x000001d200b9f688 code [0x000001d200b9f780, 0x000001d200b9f878]
Event: 10.367 Thread 0x000001d2300b3940 nmethod 7792 0x000001d200b9f988 code [0x000001d200b9fa80, 0x000001d200b9fb78]
Event: 10.367 Thread 0x000001d2300b3940 7793       3       com.sun.javafx.font.CompositeGlyphMapper::getSlotMapper (78 bytes)
Event: 10.367 Thread 0x000001d2300b5170 7794       3       java.lang.CharacterData00::isIdeographic (19 bytes)
Event: 10.368 Thread 0x000001d27eccd620 nmethod 7784 0x000001d200b9fc88 code [0x000001d200b9fd80, 0x000001d200ba39d8]
Event: 10.368 Thread 0x000001d27eccd620 7795       3       java.lang.CharacterData00::getPropertiesEx (32 bytes)
Event: 10.368 Thread 0x000001d2300b9a00 7796       4       com.sun.javafx.font.CompositeGlyphMapper::getGlyphCode (42 bytes)
Event: 10.368 Thread 0x000001d2300b3940 nmethod 7793 0x000001d200ba3a88 code [0x000001d200ba3b80, 0x000001d200ba42d0]
Event: 10.368 Thread 0x000001d2300b5170 nmethod 7794 0x000001d200ba4308 code [0x000001d200ba4400, 0x000001d200ba4608]
Event: 10.368 Thread 0x000001d2300bb230 7797       4       com.sun.javafx.font.CompositeGlyphMapper::getAsciiGlyphCode (115 bytes)
Event: 10.368 Thread 0x000001d27eccd620 nmethod 7795 0x000001d200ba4688 code [0x000001d200ba4780, 0x000001d200ba4930]
Event: 10.368 Thread 0x000001d2300bb230 nmethod 7797 0x000001d207eb0188 code [0x000001d207eb0280, 0x000001d207eb0378]
Event: 10.368 Thread 0x000001d2300b6190 nmethod 7790 0x000001d200ba4988 code [0x000001d200ba4a80, 0x000001d200ba62b8]
Event: 10.369 Thread 0x000001d2300b10f0 nmethod 7780 0x000001d207eb0488 code [0x000001d207eb0580, 0x000001d207eb0d50]
Event: 10.369 Thread 0x000001d2300bb230 7798       4       java.lang.reflect.Method::isCallerSensitive (38 bytes)
Event: 10.370 Thread 0x000001d2300b5170 7799       3       com.sun.javafx.font.directwrite.IUnknown::Release (26 bytes)

GC Heap Usage History (20 events):
Event: 1.029 {heap Before GC invocations=1 (full 0):
 garbage-first heap   total reserved 8204288K, committed 520192K, used 40960K [0x000000060b400000, 0x0000000800000000)
  region size 4096K, 11 young (45056K), 2 survivors (8192K)
}
Event: 1.032 {heap After GC invocations=2 (full 0):
 garbage-first heap   total reserved 8204288K, committed 520192K, used 11009K [0x000000060b400000, 0x0000000800000000)
  region size 4096K, 3 young (12288K), 3 survivors (12288K)
}
Event: 1.798 {heap Before GC invocations=3 (full 0):
 garbage-first heap   total reserved 8204288K, committed 57344K, used 51969K [0x000000060b400000, 0x0000000800000000)
  region size 4096K, 13 young (53248K), 3 survivors (12288K)
}
Event: 1.802 {heap After GC invocations=4 (full 0):
 garbage-first heap   total reserved 8204288K, committed 73728K, used 16622K [0x000000060b400000, 0x0000000800000000)
  region size 4096K, 4 young (16384K), 4 survivors (16384K)
}
Event: 3.688 {heap Before GC invocations=4 (full 0):
 garbage-first heap   total reserved 8204288K, committed 73728K, used 41198K [0x000000060b400000, 0x0000000800000000)
  region size 4096K, 10 young (40960K), 4 survivors (16384K)
}
Event: 3.694 {heap After GC invocations=5 (full 0):
 garbage-first heap   total reserved 8204288K, committed 73728K, used 22252K [0x000000060b400000, 0x0000000800000000)
  region size 4096K, 2 young (8192K), 2 survivors (8192K)
}
Event: 3.926 {heap Before GC invocations=5 (full 0):
 garbage-first heap   total reserved 8204288K, committed 73728K, used 42732K [0x000000060b400000, 0x0000000800000000)
  region size 4096K, 8 young (32768K), 2 survivors (8192K)
}
Event: 3.928 {heap After GC invocations=6 (full 0):
 garbage-first heap   total reserved 8204288K, committed 73728K, used 24686K [0x000000060b400000, 0x0000000800000000)
  region size 4096K, 1 young (4096K), 1 survivors (4096K)
}
Event: 3.977 {heap Before GC invocations=6 (full 0):
 garbage-first heap   total reserved 8204288K, committed 73728K, used 32878K [0x000000060b400000, 0x0000000800000000)
  region size 4096K, 4 young (16384K), 1 survivors (4096K)
}
Event: 3.979 {heap After GC invocations=7 (full 0):
 garbage-first heap   total reserved 8204288K, committed 73728K, used 25003K [0x000000060b400000, 0x0000000800000000)
  region size 4096K, 1 young (4096K), 1 survivors (4096K)
}
Event: 4.344 {heap Before GC invocations=8 (full 0):
 garbage-first heap   total reserved 8204288K, committed 73728K, used 49579K [0x000000060b400000, 0x0000000800000000)
  region size 4096K, 8 young (32768K), 1 survivors (4096K)
}
Event: 4.346 {heap After GC invocations=9 (full 0):
 garbage-first heap   total reserved 8204288K, committed 73728K, used 30312K [0x000000060b400000, 0x0000000800000000)
  region size 4096K, 1 young (4096K), 1 survivors (4096K)
}
Event: 6.869 {heap Before GC invocations=9 (full 0):
 garbage-first heap   total reserved 8204288K, committed 73728K, used 50792K [0x000000060b400000, 0x0000000800000000)
  region size 4096K, 7 young (28672K), 1 survivors (4096K)
}
Event: 6.872 {heap After GC invocations=10 (full 0):
 garbage-first heap   total reserved 8204288K, committed 73728K, used 32611K [0x000000060b400000, 0x0000000800000000)
  region size 4096K, 1 young (4096K), 1 survivors (4096K)
}
Event: 7.172 {heap Before GC invocations=10 (full 0):
 garbage-first heap   total reserved 8204288K, committed 73728K, used 53091K [0x000000060b400000, 0x0000000800000000)
  region size 4096K, 7 young (28672K), 1 survivors (4096K)
}
Event: 7.175 {heap After GC invocations=11 (full 0):
 garbage-first heap   total reserved 8204288K, committed 73728K, used 35405K [0x000000060b400000, 0x0000000800000000)
  region size 4096K, 1 young (4096K), 1 survivors (4096K)
}
Event: 9.810 {heap Before GC invocations=11 (full 0):
 garbage-first heap   total reserved 8204288K, committed 73728K, used 55885K [0x000000060b400000, 0x0000000800000000)
  region size 4096K, 6 young (24576K), 1 survivors (4096K)
}
Event: 9.812 {heap After GC invocations=12 (full 0):
 garbage-first heap   total reserved 8204288K, committed 73728K, used 39250K [0x000000060b400000, 0x0000000800000000)
  region size 4096K, 1 young (4096K), 1 survivors (4096K)
}
Event: 10.334 {heap Before GC invocations=13 (full 0):
 garbage-first heap   total reserved 8204288K, committed 73728K, used 59730K [0x000000060b400000, 0x0000000800000000)
  region size 4096K, 6 young (24576K), 1 survivors (4096K)
}
Event: 10.337 {heap After GC invocations=14 (full 0):
 garbage-first heap   total reserved 8204288K, committed 73728K, used 43056K [0x000000060b400000, 0x0000000800000000)
  region size 4096K, 1 young (4096K), 1 survivors (4096K)
}

Metaspace Usage History (20 events):
Event: 1.029 {metaspace Before GC invocations=1 (full 0):
 Metaspace       used 21176K, committed 21504K, reserved 1114112K
  class space    used 3248K, committed 3392K, reserved 1048576K
}
Event: 1.032 {metaspace After GC invocations=2 (full 0):
 Metaspace       used 21176K, committed 21504K, reserved 1114112K
  class space    used 3248K, committed 3392K, reserved 1048576K
}
Event: 1.798 {metaspace Before GC invocations=3 (full 0):
 Metaspace       used 24755K, committed 25088K, reserved 1114112K
  class space    used 3837K, committed 3968K, reserved 1048576K
}
Event: 1.802 {metaspace After GC invocations=4 (full 0):
 Metaspace       used 24755K, committed 25088K, reserved 1114112K
  class space    used 3837K, committed 3968K, reserved 1048576K
}
Event: 3.688 {metaspace Before GC invocations=4 (full 0):
 Metaspace       used 25909K, committed 26240K, reserved 1114112K
  class space    used 3982K, committed 4096K, reserved 1048576K
}
Event: 3.694 {metaspace After GC invocations=5 (full 0):
 Metaspace       used 25909K, committed 26240K, reserved 1114112K
  class space    used 3982K, committed 4096K, reserved 1048576K
}
Event: 3.926 {metaspace Before GC invocations=5 (full 0):
 Metaspace       used 33633K, committed 33984K, reserved 1114112K
  class space    used 4765K, committed 4928K, reserved 1048576K
}
Event: 3.928 {metaspace After GC invocations=6 (full 0):
 Metaspace       used 33633K, committed 33984K, reserved 1114112K
  class space    used 4765K, committed 4928K, reserved 1048576K
}
Event: 3.977 {metaspace Before GC invocations=6 (full 0):
 Metaspace       used 35537K, committed 35968K, reserved 1114112K
  class space    used 4970K, committed 5184K, reserved 1048576K
}
Event: 3.979 {metaspace After GC invocations=7 (full 0):
 Metaspace       used 35537K, committed 35968K, reserved 1114112K
  class space    used 4970K, committed 5184K, reserved 1048576K
}
Event: 4.344 {metaspace Before GC invocations=8 (full 0):
 Metaspace       used 40789K, committed 41280K, reserved 1114112K
  class space    used 5641K, committed 5888K, reserved 1048576K
}
Event: 4.346 {metaspace After GC invocations=9 (full 0):
 Metaspace       used 40789K, committed 41280K, reserved 1114112K
  class space    used 5641K, committed 5888K, reserved 1048576K
}
Event: 6.869 {metaspace Before GC invocations=9 (full 0):
 Metaspace       used 42792K, committed 43264K, reserved 1114112K
  class space    used 5896K, committed 6080K, reserved 1048576K
}
Event: 6.872 {metaspace After GC invocations=10 (full 0):
 Metaspace       used 42792K, committed 43264K, reserved 1114112K
  class space    used 5896K, committed 6080K, reserved 1048576K
}
Event: 7.172 {metaspace Before GC invocations=10 (full 0):
 Metaspace       used 46799K, committed 47296K, reserved 1114112K
  class space    used 6552K, committed 6784K, reserved 1048576K
}
Event: 7.175 {metaspace After GC invocations=11 (full 0):
 Metaspace       used 46799K, committed 47296K, reserved 1114112K
  class space    used 6552K, committed 6784K, reserved 1048576K
}
Event: 9.810 {metaspace Before GC invocations=11 (full 0):
 Metaspace       used 48611K, committed 49088K, reserved 1114112K
  class space    used 6812K, committed 7040K, reserved 1048576K
}
Event: 9.812 {metaspace After GC invocations=12 (full 0):
 Metaspace       used 48611K, committed 49088K, reserved 1114112K
  class space    used 6812K, committed 7040K, reserved 1048576K
}
Event: 10.334 {metaspace Before GC invocations=13 (full 0):
 Metaspace       used 49645K, committed 50176K, reserved 1114112K
  class space    used 6976K, committed 7232K, reserved 1048576K
}
Event: 10.337 {metaspace After GC invocations=14 (full 0):
 Metaspace       used 49645K, committed 50176K, reserved 1114112K
  class space    used 6976K, committed 7232K, reserved 1048576K
}

Dll operation events (20 events):
Event: 0.298 Attempting to load shared library C:\Users\matea\.openjfx\cache\21.0.6+3\amd64\vcruntime140.dll
Event: 0.298 Loaded shared library C:\Users\matea\.openjfx\cache\21.0.6+3\amd64\vcruntime140.dll
Event: 0.300 Attempting to load shared library C:\Users\matea\.openjfx\cache\21.0.6+3\amd64\vcruntime140_1.dll
Event: 0.301 Loaded shared library C:\Users\matea\.openjfx\cache\21.0.6+3\amd64\vcruntime140_1.dll
Event: 0.306 Attempting to load shared library C:\Users\matea\.openjfx\cache\21.0.6+3\amd64\msvcp140.dll
Event: 0.307 Loaded shared library C:\Users\matea\.openjfx\cache\21.0.6+3\amd64\msvcp140.dll
Event: 0.309 Attempting to load shared library C:\Users\matea\.openjfx\cache\21.0.6+3\amd64\msvcp140_1.dll
Event: 0.309 Loaded shared library C:\Users\matea\.openjfx\cache\21.0.6+3\amd64\msvcp140_1.dll
Event: 0.313 Attempting to load shared library C:\Users\matea\.openjfx\cache\21.0.6+3\amd64\msvcp140_2.dll
Event: 0.313 Loaded shared library C:\Users\matea\.openjfx\cache\21.0.6+3\amd64\msvcp140_2.dll
Event: 0.340 Attempting to load shared library C:\Users\matea\.openjfx\cache\21.0.6+3\amd64\prism_d3d.dll
Event: 0.343 Loaded shared library C:\Users\matea\.openjfx\cache\21.0.6+3\amd64\prism_d3d.dll
Event: 0.409 Attempting to load shared library C:\Users\matea\.openjfx\cache\21.0.6+3\amd64\glass.dll
Event: 0.411 Loaded shared library C:\Users\matea\.openjfx\cache\21.0.6+3\amd64\glass.dll
Event: 0.506 Attempting to load shared library C:\Users\matea\.openjfx\cache\21.0.6+3\amd64\javafx_font.dll
Event: 0.507 Loaded shared library C:\Users\matea\.openjfx\cache\21.0.6+3\amd64\javafx_font.dll
Event: 0.535 Attempting to load shared library C:\Users\matea\AppData\Local\Temp\jna-103668220\jna9424209260490456860.dll
Event: 0.576 Loaded shared library C:\Users\matea\AppData\Local\Temp\jna-103668220\jna9424209260490456860.dll
Event: 3.912 Attempting to load shared library C:\Users\matea\.jdks\corretto-25.0.4.1\bin\sunmscapi.dll
Event: 3.913 Loaded shared library C:\Users\matea\.jdks\corretto-25.0.4.1\bin\sunmscapi.dll

Deoptimization events (20 events):
Event: 10.344 Thread 0x000001d21d8a6bc0 DEOPT PACKING pc=0x000001d200034c8f sp=0x000000adf14ff020
Event: 10.344 Thread 0x000001d21d8a6bc0 DEOPT UNPACKING pc=0x000001d2074b12a2 sp=0x000000adf14fe528 mode 0
Event: 10.344 Thread 0x000001d21d8a6bc0 DEOPT PACKING pc=0x000001d200034c8f sp=0x000000adf14ff020
Event: 10.344 Thread 0x000001d21d8a6bc0 DEOPT UNPACKING pc=0x000001d2074b12a2 sp=0x000000adf14fe528 mode 0
Event: 10.345 Thread 0x000001d21d8a6bc0 DEOPT PACKING pc=0x000001d200034c8f sp=0x000000adf14ff020
Event: 10.345 Thread 0x000001d21d8a6bc0 DEOPT UNPACKING pc=0x000001d2074b12a2 sp=0x000000adf14fe528 mode 0
Event: 10.346 Thread 0x000001d21d8a6bc0 DEOPT PACKING pc=0x000001d200034c8f sp=0x000000adf14ff020
Event: 10.346 Thread 0x000001d21d8a6bc0 DEOPT UNPACKING pc=0x000001d2074b12a2 sp=0x000000adf14fe528 mode 0
Event: 10.347 Thread 0x000001d21d8a6bc0 DEOPT PACKING pc=0x000001d200034c8f sp=0x000000adf14ff020
Event: 10.347 Thread 0x000001d21d8a6bc0 DEOPT UNPACKING pc=0x000001d2074b12a2 sp=0x000000adf14fe528 mode 0
Event: 10.349 Thread 0x000001d21d8a6bc0 DEOPT PACKING pc=0x000001d200034c8f sp=0x000000adf14ff020
Event: 10.349 Thread 0x000001d21d8a6bc0 DEOPT UNPACKING pc=0x000001d2074b12a2 sp=0x000000adf14fe528 mode 0
Event: 10.349 Thread 0x000001d21e2147c0 Uncommon trap: trap_request=0xffffffde fr.pc=0x000001d207e545bc relative=0x0000000000000f1c
Event: 10.349 Thread 0x000001d21e2147c0 Uncommon trap: reason=class_check action=maybe_recompile pc=0x000001d207e545bc method=com.sun.prism.d3d.D3DContext.updateShaderTransform(Lcom/sun/prism/ps/Shader;Lcom/sun/javafx/geom/transform/BaseTransform;)V @ 14 c2
Event: 10.349 Thread 0x000001d21e2147c0 DEOPT PACKING pc=0x000001d207e545bc sp=0x000000adee2fca80
Event: 10.349 Thread 0x000001d21e2147c0 DEOPT UNPACKING pc=0x000001d207591702 sp=0x000000adee2fc9f0 mode 2
Event: 10.349 Thread 0x000001d21d8a6bc0 DEOPT PACKING pc=0x000001d200034c8f sp=0x000000adf14ff020
Event: 10.349 Thread 0x000001d21d8a6bc0 DEOPT UNPACKING pc=0x000001d2074b12a2 sp=0x000000adf14fe528 mode 0
Event: 10.350 Thread 0x000001d21d8a6bc0 DEOPT PACKING pc=0x000001d200034c8f sp=0x000000adf14ff020
Event: 10.350 Thread 0x000001d21d8a6bc0 DEOPT UNPACKING pc=0x000001d2074b12a2 sp=0x000000adf14fe528 mode 0

Classes loaded (20 events):
Event: 10.283 Loading class java/lang/CharacterDataUndefined
Event: 10.283 Loading class java/lang/CharacterDataUndefined done
Event: 10.285 Loading class java/lang/ConditionalSpecialCasing
Event: 10.285 Loading class java/lang/ConditionalSpecialCasing done
Event: 10.285 Loading class java/lang/ConditionalSpecialCasing$Entry
Event: 10.285 Loading class java/lang/ConditionalSpecialCasing$Entry done
Event: 10.286 Loading class java/lang/CharacterData0E
Event: 10.286 Loading class java/lang/CharacterData0E done
Event: 10.286 Loading class java/lang/CharacterData03
Event: 10.286 Loading class java/lang/CharacterData03 done
Event: 10.357 Loading class jdk/internal/icu/text/BidiBase$BracketData
Event: 10.357 Loading class jdk/internal/icu/text/BidiBase$BracketData done
Event: 10.357 Loading class jdk/internal/icu/text/BidiBase$Opening
Event: 10.357 Loading class jdk/internal/icu/text/BidiBase$Opening done
Event: 10.358 Loading class jdk/internal/icu/text/BidiBase$IsoRun
Event: 10.358 Loading class jdk/internal/icu/text/BidiBase$IsoRun done
Event: 10.358 Loading class jdk/internal/icu/text/BidiBase$LevState
Event: 10.358 Loading class jdk/internal/icu/text/BidiBase$LevState done
Event: 10.358 Loading class java/util/DualPivotQuicksort$SortOperation
Event: 10.358 Loading class java/util/DualPivotQuicksort$SortOperation done

Classes unloaded (1 events):
Event: 9.822 Thread 0x000001d27ec9dd80 Unloading class 0x00000000a0528800 'java/lang/invoke/LambdaForm$DMH+0x00000000a0528800'

Classes redefined (0 events):
No events

Internal exceptions (20 events):
Event: 7.041 Thread 0x000001d21e59e010 Exception <a 'sun/nio/fs/WindowsException'{0x000000062a950278}> (0x000000062a950278) 
thrown [s\src\hotspot\share\prims\jni.cpp, line 516]
Event: 7.048 Thread 0x000001d21e59e010 Exception <a 'sun/nio/fs/WindowsException'{0x000000062a9ba680}> (0x000000062a9ba680) 
thrown [s\src\hotspot\share\prims\jni.cpp, line 516]
Event: 7.048 Thread 0x000001d21e59e010 Exception <a 'sun/nio/fs/WindowsException'{0x000000062a9bb348}> (0x000000062a9bb348) 
thrown [s\src\hotspot\share\prims\jni.cpp, line 516]
Event: 7.051 Thread 0x000001d21e59e010 Exception <a 'sun/nio/fs/WindowsException'{0x000000062a9f8818}> (0x000000062a9f8818) 
thrown [s\src\hotspot\share\prims\jni.cpp, line 516]
Event: 7.051 Thread 0x000001d21e59e010 Exception <a 'sun/nio/fs/WindowsException'{0x000000062a9f94e0}> (0x000000062a9f94e0) 
thrown [s\src\hotspot\share\prims\jni.cpp, line 516]
Event: 7.061 Thread 0x000001d21e59e010 Exception <a 'sun/nio/fs/WindowsException'{0x000000062aab4488}> (0x000000062aab4488) 
thrown [s\src\hotspot\share\prims\jni.cpp, line 516]
Event: 7.062 Thread 0x000001d21e59e010 Exception <a 'sun/nio/fs/WindowsException'{0x000000062aab4ea0}> (0x000000062aab4ea0) 
thrown [s\src\hotspot\share\prims\jni.cpp, line 516]
Event: 7.062 Thread 0x000001d21e59e010 Exception <a 'sun/nio/fs/WindowsException'{0x000000062aab5bd8}> (0x000000062aab5bd8) 
thrown [s\src\hotspot\share\prims\jni.cpp, line 516]
Event: 7.062 Thread 0x000001d21e59e010 Exception <a 'sun/nio/fs/WindowsException'{0x000000062aab65f0}> (0x000000062aab65f0) 
thrown [s\src\hotspot\share\prims\jni.cpp, line 516]
Event: 7.074 Thread 0x000001d21e59e010 Exception <a 'java/lang/NoSuchMethodError'{0x000000062abef7b8}: 'void java.lang.invoke.DirectMethodHandle$Holder.invokeStatic(java.lang.Object, int)'> (0x000000062abef7b8) 
thrown [s\src\hotspot\share\interpreter\linkResolver.cpp, line 804]
Event: 7.074 Thread 0x000001d21e59e010 Exception <a 'java/lang/NoSuchMethodError'{0x000000062abf7a18}: 'void java.lang.invoke.DirectMethodHandle$Holder.invokeStaticInit(java.lang.Object, int)'> (0x000000062abf7a18) 
thrown [s\src\hotspot\share\interpreter\linkResolver.cpp, line 804]
Event: 7.082 Thread 0x000001d21e59e010 Implicit null exception at 0x000001d207dbafeb to 0x000001d207dbb348
Event: 7.230 Thread 0x000001d21e59e010 Exception <a 'java/lang/NoSuchMethodError'{0x000000062ab18560}: 'void java.lang.invoke.DirectMethodHandle$Holder.invokeSpecial(java.lang.Object, java.lang.Object, int, int)'> (0x000000062ab18560) 
thrown [s\src\hotspot\share\interpreter\linkResolver.cpp, line 804]
Event: 7.231 Thread 0x000001d21e59e010 Exception <a 'java/lang/NoSuchMethodError'{0x000000062ab27b08}: 'java.lang.Object java.lang.invoke.DirectMethodHandle$Holder.newInvokeSpecial(java.lang.Object, java.lang.Object, int, int)'> (0x000000062ab27b08) 
thrown [s\src\hotspot\share\interpreter\linkResolver.cpp, line 804]
Event: 7.232 Thread 0x000001d21e59e010 Exception <a 'java/lang/NoSuchMethodError'{0x000000062ab30610}: 'java.lang.Object java.lang.invoke.Invokers$Holder.linkToTargetMethod(java.lang.Object, int, int, java.lang.Object)'> (0x000000062ab30610) 
thrown [s\src\hotspot\share\interpreter\linkResolver.cpp, line 804]
Event: 7.257 Thread 0x000001d21e59e010 Exception <a 'java/lang/IncompatibleClassChangeError'{0x00000006285661d0}: Found class java.lang.Object, but interface was expected> (0x00000006285661d0) 
thrown [s\src\hotspot\share\interpreter\linkResolver.cpp, line 871]
Event: 10.273 Thread 0x000001d21e59e010 Exception <a 'java/lang/NoSuchMethodError'{0x0000000628567230}: 'java.lang.Object java.lang.invoke.DirectMethodHandle$Holder.newInvokeSpecial(java.lang.Object, java.lang.Object, java.lang.Object, long)'> (0x0000000628567230) 
thrown [s\src\hotspot\share\interpreter\linkResolver.cpp, line 804]
Event: 10.290 Thread 0x000001d21d89f690 Exception <a 'java/lang/NoSuchMethodError'{0x000000062879c7d8}: 'java.lang.Object java.lang.invoke.DirectMethodHandle$Holder.newInvokeSpecial(java.lang.Object, java.lang.Object, long, java.lang.Object)'> (0x000000062879c7d8) 
thrown [s\src\hotspot\share\interpreter\linkResolver.cpp, line 804]
Event: 10.291 Thread 0x000001d21d89f690 Exception <a 'java/lang/NoSuchMethodError'{0x00000006287accb0}: 'java.lang.Object java.lang.invoke.Invokers$Holder.linkToTargetMethod(java.lang.Object, long, java.lang.Object, java.lang.Object)'> (0x00000006287accb0) 
thrown [s\src\hotspot\share\interpreter\linkResolver.cpp, line 804]
Event: 10.358 Thread 0x000001d21e59e010 Exception <a 'java/lang/NoSuchMethodError'{0x00000007ffddea20}: 'void java.lang.invoke.DirectMethodHandle$Holder.invokeStatic(java.lang.Object, java.lang.Object, int, int)'> (0x00000007ffddea20) 
thrown [s\src\hotspot\share\interpreter\linkResolver.cpp, line 804]

VM Operations (20 events):
Event: 7.005 Executing non-safepoint VM operation: HandshakeAllThreads (Deoptimize)
Event: 7.005 Executing non-safepoint VM operation: HandshakeAllThreads (Deoptimize) done
Event: 7.068 Executing non-safepoint VM operation: HandshakeAllThreads (Deoptimize)
Event: 7.068 Executing non-safepoint VM operation: HandshakeAllThreads (Deoptimize) done
Event: 7.076 Executing non-safepoint VM operation: HandshakeAllThreads (Deoptimize)
Event: 7.076 Executing non-safepoint VM operation: HandshakeAllThreads (Deoptimize) done
Event: 7.076 Executing non-safepoint VM operation: HandshakeAllThreads (Deoptimize)
Event: 7.077 Executing non-safepoint VM operation: HandshakeAllThreads (Deoptimize) done
Event: 7.172 Executing safepoint VM operation: G1CollectForAllocation (G1 Evacuation Pause)
Event: 7.175 Executing safepoint VM operation: G1CollectForAllocation (G1 Evacuation Pause) done
Event: 9.810 Executing safepoint VM operation: G1CollectForAllocation (G1 Evacuation Pause)
Event: 9.812 Executing safepoint VM operation: G1CollectForAllocation (G1 Evacuation Pause) done
Event: 9.822 Executing safepoint VM operation: G1PauseRemark
Event: 9.826 Executing safepoint VM operation: G1PauseRemark done
Event: 9.829 Executing safepoint VM operation: G1PauseCleanup
Event: 9.829 Executing safepoint VM operation: G1PauseCleanup done
Event: 9.883 Executing non-safepoint VM operation: HandshakeAllThreads (Deoptimize)
Event: 9.883 Executing non-safepoint VM operation: HandshakeAllThreads (Deoptimize) done
Event: 10.334 Executing safepoint VM operation: G1CollectForAllocation (G1 Evacuation Pause)
Event: 10.337 Executing safepoint VM operation: G1CollectForAllocation (G1 Evacuation Pause) done

Memory protections (0 events):
No events

Nmethod flushes (20 events):
Event: 9.825 Thread 0x000001d27ec9dd80 flushing  nmethod 0x000001d200037e88
Event: 9.825 Thread 0x000001d27ec9dd80 flushing  nmethod 0x000001d20008c508
Event: 9.825 Thread 0x000001d27ec9dd80 flushing  nmethod 0x000001d20008ca88
Event: 9.825 Thread 0x000001d27ec9dd80 flushing  nmethod 0x000001d2000cad88
Event: 9.825 Thread 0x000001d27ec9dd80 flushing  nmethod 0x000001d2000cc008
Event: 9.825 Thread 0x000001d27ec9dd80 flushing  nmethod 0x000001d2000cd308
Event: 9.825 Thread 0x000001d27ec9dd80 flushing  nmethod 0x000001d2000cd908
Event: 9.825 Thread 0x000001d27ec9dd80 flushing  nmethod 0x000001d20012ab08
Event: 9.825 Thread 0x000001d27ec9dd80 flushing  nmethod 0x000001d2001e0888
Event: 9.825 Thread 0x000001d27ec9dd80 flushing  nmethod 0x000001d20021e008
Event: 9.825 Thread 0x000001d27ec9dd80 flushing  nmethod 0x000001d200266c88
Event: 9.825 Thread 0x000001d27ec9dd80 flushing  nmethod 0x000001d2002a4588
Event: 9.825 Thread 0x000001d27ec9dd80 flushing  nmethod 0x000001d200337408
Event: 9.825 Thread 0x000001d27ec9dd80 flushing  nmethod 0x000001d200337e88
Event: 9.825 Thread 0x000001d27ec9dd80 flushing  nmethod 0x000001d20049a288
Event: 9.825 Thread 0x000001d27ec9dd80 flushing  nmethod 0x000001d2004c2d08
Event: 9.825 Thread 0x000001d27ec9dd80 flushing  nmethod 0x000001d200592588
Event: 9.825 Thread 0x000001d27ec9dd80 flushing  nmethod 0x000001d200592c08
Event: 9.825 Thread 0x000001d27ec9dd80 flushing  nmethod 0x000001d20071a088
Event: 9.825 Thread 0x000001d27ec9dd80 flushing  nmethod 0x000001d20071a808

Events (20 events):
Event: 8.004 Thread 0x000001d2300b10f0 Thread exited: 0x000001d2300b10f0
Event: 9.273 Thread 0x000001d232457840 Thread exited: 0x000001d232457840
Event: 9.273 Thread 0x000001d2324568a0 Thread exited: 0x000001d2324568a0
Event: 9.274 Thread 0x000001d23288c5c0 Thread exited: 0x000001d23288c5c0
Event: 9.296 Thread 0x000001d2300b3940 Thread added: 0x000001d2300b10f0
Event: 9.298 Thread 0x000001d2300b6190 Thread added: 0x000001d2300b79c0
Event: 9.576 Thread 0x000001d2300b10f0 Thread exited: 0x000001d2300b10f0
Event: 9.576 Thread 0x000001d2300b79c0 Thread exited: 0x000001d2300b79c0
Event: 9.810 Thread 0x000001d2300b3940 Thread added: 0x000001d2300b10f0
Event: 9.853 Thread 0x000001d2300b6190 Thread added: 0x000001d2300b9a00
Event: 10.036 Thread 0x000001d2300b9a00 Thread exited: 0x000001d2300b9a00
Event: 10.156 Thread 0x000001d2300b10f0 Thread exited: 0x000001d2300b10f0
Event: 10.274 Thread 0x000001d21e59e010 Thread added: 0x000001d21d89f690
Event: 10.280 Thread 0x000001d2300b3940 Thread added: 0x000001d2300b79c0
Event: 10.281 Thread 0x000001d2300b79c0 Thread added: 0x000001d2300b9a00
Event: 10.299 Thread 0x000001d21d89f690 Thread exited: 0x000001d21d89f690
Event: 10.322 Thread 0x000001d2300b5170 Thread added: 0x000001d2300b10f0
Event: 10.323 Thread 0x000001d21e59e010 Thread added: 0x000001d21d8a6bc0
Event: 10.333 Thread 0x000001d2300b3940 Thread added: 0x000001d2300bb230
Event: 10.354 Thread 0x000001d21d8a6bc0 Thread exited: 0x000001d21d8a6bc0


Dynamic libraries:
0x00007ff68c230000 - 0x00007ff68c23e000 	C:\Users\matea\.jdks\corretto-25.0.4.1\bin\java.exe
0x00007ffc92980000 - 0x00007ffc92be7000 	C:\WINDOWS\SYSTEM32\ntdll.dll
0x00007ffc91760000 - 0x00007ffc9182a000 	C:\WINDOWS\System32\KERNEL32.DLL
0x00007ffc8ff10000 - 0x00007ffc90310000 	C:\WINDOWS\System32\KERNELBASE.dll
0x00007ffc8fdb0000 - 0x00007ffc8fefc000 	C:\WINDOWS\System32\ucrtbase.dll
0x00007ffc853e0000 - 0x00007ffc853fe000 	C:\Users\matea\.jdks\corretto-25.0.4.1\bin\VCRUNTIME140.dll
0x00007ffc845f0000 - 0x00007ffc84607000 	C:\Users\matea\.jdks\corretto-25.0.4.1\bin\jli.dll
0x00007ffc908a0000 - 0x00007ffc90a7d000 	C:\WINDOWS\System32\USER32.dll
0x00007ffc90490000 - 0x00007ffc904b7000 	C:\WINDOWS\System32\win32u.dll
0x00007ffc84cd0000 - 0x00007ffc84f60000 	C:\WINDOWS\WinSxS\amd64_microsoft.windows.common-controls_6595b64144ccf1df_6.0.26100.9596_none_3e0f4960e32e3260\COMCTL32.dll
0x00007ffc91c60000 - 0x00007ffc91c8b000 	C:\WINDOWS\System32\GDI32.dll
0x00007ffc90580000 - 0x00007ffc906a7000 	C:\WINDOWS\System32\gdi32full.dll
0x00007ffc91910000 - 0x00007ffc919b9000 	C:\WINDOWS\System32\msvcrt.dll
0x00007ffc90320000 - 0x00007ffc903c3000 	C:\WINDOWS\System32\msvcp_win.dll
0x00007ffc91c90000 - 0x00007ffc91cc1000 	C:\WINDOWS\System32\IMM32.DLL
0x00007ffc845e0000 - 0x00007ffc845ec000 	C:\Users\matea\.jdks\corretto-25.0.4.1\bin\vcruntime140_1.dll
0x00007ffc61960000 - 0x00007ffc619e9000 	C:\Users\matea\.jdks\corretto-25.0.4.1\bin\msvcp140.dll
0x00007ffc0f870000 - 0x00007ffc107a7000 	C:\Users\matea\.jdks\corretto-25.0.4.1\bin\server\jvm.dll
0x00007ffc91830000 - 0x00007ffc918eb000 	C:\WINDOWS\System32\ADVAPI32.dll
0x00007ffc90e80000 - 0x00007ffc90f28000 	C:\WINDOWS\System32\sechost.dll
0x00007ffc91d60000 - 0x00007ffc91e78000 	C:\WINDOWS\System32\RPCRT4.dll
0x00007ffc90f30000 - 0x00007ffc90fb0000 	C:\WINDOWS\System32\WS2_32.dll
0x00007ffc8f9e0000 - 0x00007ffc8fa3e000 	C:\WINDOWS\SYSTEM32\POWRPROF.dll
0x00007ffc8bf70000 - 0x00007ffc8bfa6000 	C:\WINDOWS\SYSTEM32\WINMM.dll
0x00007ffc8b7c0000 - 0x00007ffc8b7cb000 	C:\WINDOWS\SYSTEM32\VERSION.dll
0x00007ffc8f9c0000 - 0x00007ffc8f9d5000 	C:\WINDOWS\SYSTEM32\UMPDC.dll
0x00007ffc8e310000 - 0x00007ffc8e32b000 	C:\WINDOWS\SYSTEM32\kernel.appcore.dll
0x00007ffc7fd80000 - 0x00007ffc7fd8a000 	C:\Users\matea\.jdks\corretto-25.0.4.1\bin\jimage.dll
0x00007ffc8cab0000 - 0x00007ffc8ccfc000 	C:\WINDOWS\SYSTEM32\DBGHELP.DLL
0x00007ffc925b0000 - 0x00007ffc9293a000 	C:\WINDOWS\System32\combase.dll
0x00007ffc91f70000 - 0x00007ffc92049000 	C:\WINDOWS\System32\OLEAUT32.dll
0x00007ffc8bf30000 - 0x00007ffc8bf6b000 	C:\WINDOWS\SYSTEM32\dbgcore.DLL
0x00007ffc903d0000 - 0x00007ffc9047c000 	C:\WINDOWS\System32\bcryptPrimitives.dll
0x00007ffc7fba0000 - 0x00007ffc7fbb0000 	C:\Users\matea\.jdks\corretto-25.0.4.1\bin\instrument.dll
0x00007ffc7d660000 - 0x00007ffc7d67f000 	C:\Users\matea\.jdks\corretto-25.0.4.1\bin\java.dll
0x00007ffc919c0000 - 0x00007ffc91b59000 	C:\WINDOWS\System32\ole32.dll
0x00007ffc90fc0000 - 0x00007ffc91758000 	C:\WINDOWS\System32\SHELL32.dll
0x00007ffc8d090000 - 0x00007ffc8d93e000 	C:\WINDOWS\SYSTEM32\windows.storage.dll
0x00007ffc91b60000 - 0x00007ffc91c5b000 	C:\WINDOWS\System32\SHCORE.dll
0x00007ffc90c20000 - 0x00007ffc90c86000 	C:\WINDOWS\System32\shlwapi.dll
0x00007ffc8faa0000 - 0x00007ffc8fac9000 	C:\WINDOWS\SYSTEM32\profapi.dll
0x00007ffc743d0000 - 0x00007ffc743e6000 	C:\Users\matea\.jdks\corretto-25.0.4.1\bin\zip.dll
0x00007ffc77390000 - 0x00007ffc773a2000 	C:\Users\matea\.jdks\corretto-25.0.4.1\bin\net.dll
0x00007ffc8e8a0000 - 0x00007ffc8e90b000 	C:\WINDOWS\system32\mswsock.dll
0x00007ffc74570000 - 0x00007ffc74586000 	C:\Users\matea\.jdks\corretto-25.0.4.1\bin\nio.dll
0x00007ffc7d650000 - 0x00007ffc7d659000 	C:\Users\matea\.jdks\corretto-25.0.4.1\bin\extnet.dll
0x00007ffc8dbd0000 - 0x00007ffc8dd1c000 	C:\WINDOWS\SYSTEM32\DNSAPI.dll
0x00007ffc8e6a0000 - 0x00007ffc8e6ad000 	C:\WINDOWS\SYSTEM32\DSPARSE.dll
0x00007ffc8de20000 - 0x00007ffc8de53000 	C:\WINDOWS\SYSTEM32\IPHLPAPI.DLL
0x00007ffc924e0000 - 0x00007ffc924ea000 	C:\WINDOWS\System32\NSI.dll
0x00007ffc81230000 - 0x00007ffc8123b000 	C:\Windows\System32\rasadhlp.dll
0x00007ffc81e50000 - 0x00007ffc81ed6000 	C:\WINDOWS\System32\fwpuclnt.dll
0x00007ffc77380000 - 0x00007ffc7738a000 	C:\Users\matea\.jdks\corretto-25.0.4.1\bin\management.dll
0x00007ffc74730000 - 0x00007ffc7473c000 	C:\Users\matea\.jdks\corretto-25.0.4.1\bin\management_ext.dll
0x00007ffc925a0000 - 0x00007ffc925a8000 	C:\WINDOWS\System32\PSAPI.DLL
0x000001d218e60000 - 0x000001d218e63000 	C:\Users\matea\.openjfx\cache\21.0.6+3\amd64\api-ms-win-core-console-l1-1-0.dll
0x000001d218e70000 - 0x000001d218e73000 	C:\Users\matea\.openjfx\cache\21.0.6+3\amd64\api-ms-win-core-console-l1-2-0.dll
0x000001d218e80000 - 0x000001d218e83000 	C:\Users\matea\.openjfx\cache\21.0.6+3\amd64\api-ms-win-core-datetime-l1-1-0.dll
0x000001d218e90000 - 0x000001d218e93000 	C:\Users\matea\.openjfx\cache\21.0.6+3\amd64\api-ms-win-core-debug-l1-1-0.dll
0x000001d218ea0000 - 0x000001d218ea3000 	C:\Users\matea\.openjfx\cache\21.0.6+3\amd64\api-ms-win-core-errorhandling-l1-1-0.dll
0x000001d218eb0000 - 0x000001d218eb4000 	C:\Users\matea\.openjfx\cache\21.0.6+3\amd64\api-ms-win-core-file-l1-1-0.dll
0x000001d218ec0000 - 0x000001d218ec3000 	C:\Users\matea\.openjfx\cache\21.0.6+3\amd64\api-ms-win-core-file-l1-2-0.dll
0x000001d218ed0000 - 0x000001d218ed3000 	C:\Users\matea\.openjfx\cache\21.0.6+3\amd64\api-ms-win-core-file-l2-1-0.dll
0x000001d218ee0000 - 0x000001d218ee3000 	C:\Users\matea\.openjfx\cache\21.0.6+3\amd64\api-ms-win-core-handle-l1-1-0.dll
0x000001d218ef0000 - 0x000001d218ef3000 	C:\Users\matea\.openjfx\cache\21.0.6+3\amd64\api-ms-win-core-heap-l1-1-0.dll
0x000001d218f00000 - 0x000001d218f03000 	C:\Users\matea\.openjfx\cache\21.0.6+3\amd64\api-ms-win-core-interlocked-l1-1-0.dll
0x000001d218f10000 - 0x000001d218f13000 	C:\Users\matea\.openjfx\cache\21.0.6+3\amd64\api-ms-win-core-libraryloader-l1-1-0.dll
0x000001d218f20000 - 0x000001d218f23000 	C:\Users\matea\.openjfx\cache\21.0.6+3\amd64\api-ms-win-core-localization-l1-2-0.dll
0x000001d218f30000 - 0x000001d218f33000 	C:\Users\matea\.openjfx\cache\21.0.6+3\amd64\api-ms-win-core-memory-l1-1-0.dll
0x000001d218f40000 - 0x000001d218f43000 	C:\Users\matea\.openjfx\cache\21.0.6+3\amd64\api-ms-win-core-namedpipe-l1-1-0.dll
0x000001d218f50000 - 0x000001d218f53000 	C:\Users\matea\.openjfx\cache\21.0.6+3\amd64\api-ms-win-core-processenvironment-l1-1-0.dll
0x000001d218f60000 - 0x000001d218f63000 	C:\Users\matea\.openjfx\cache\21.0.6+3\amd64\api-ms-win-core-processthreads-l1-1-0.dll
0x000001d218f70000 - 0x000001d218f73000 	C:\Users\matea\.openjfx\cache\21.0.6+3\amd64\api-ms-win-core-processthreads-l1-1-1.dll
0x000001d218f80000 - 0x000001d218f83000 	C:\Users\matea\.openjfx\cache\21.0.6+3\amd64\api-ms-win-core-profile-l1-1-0.dll
0x000001d218f90000 - 0x000001d218f93000 	C:\Users\matea\.openjfx\cache\21.0.6+3\amd64\api-ms-win-core-rtlsupport-l1-1-0.dll
0x000001d218fa0000 - 0x000001d218fa3000 	C:\Users\matea\.openjfx\cache\21.0.6+3\amd64\api-ms-win-core-string-l1-1-0.dll
0x000001d218fb0000 - 0x000001d218fb3000 	C:\Users\matea\.openjfx\cache\21.0.6+3\amd64\api-ms-win-core-synch-l1-1-0.dll
0x000001d218fc0000 - 0x000001d218fc3000 	C:\Users\matea\.openjfx\cache\21.0.6+3\amd64\api-ms-win-core-synch-l1-2-0.dll
0x000001d218fd0000 - 0x000001d218fd3000 	C:\Users\matea\.openjfx\cache\21.0.6+3\amd64\api-ms-win-core-sysinfo-l1-1-0.dll
0x000001d218fe0000 - 0x000001d218fe3000 	C:\Users\matea\.openjfx\cache\21.0.6+3\amd64\api-ms-win-core-timezone-l1-1-0.dll
0x000001d218ff0000 - 0x000001d218ff3000 	C:\Users\matea\.openjfx\cache\21.0.6+3\amd64\api-ms-win-core-util-l1-1-0.dll
0x000001d21ef10000 - 0x000001d21ef13000 	C:\Users\matea\.openjfx\cache\21.0.6+3\amd64\api-ms-win-crt-conio-l1-1-0.dll
0x00007ffc8eca0000 - 0x00007ffc8ecbb000 	C:\WINDOWS\SYSTEM32\CRYPTSP.dll
0x00007ffc8e270000 - 0x00007ffc8e2a9000 	C:\WINDOWS\system32\rsaenh.dll
0x00007ffc8e940000 - 0x00007ffc8e974000 	C:\WINDOWS\SYSTEM32\USERENV.dll
0x000001d21ef20000 - 0x000001d21ef24000 	C:\Users\matea\.openjfx\cache\21.0.6+3\amd64\api-ms-win-crt-convert-l1-1-0.dll
0x00007ffc8fa70000 - 0x00007ffc8fa9a000 	C:\WINDOWS\SYSTEM32\bcrypt.dll
0x00007ffc8ec70000 - 0x00007ffc8ec7c000 	C:\WINDOWS\SYSTEM32\CRYPTBASE.dll
0x000001d21ef30000 - 0x000001d21ef33000 	C:\Users\matea\.openjfx\cache\21.0.6+3\amd64\api-ms-win-crt-environment-l1-1-0.dll
0x000001d21ef40000 - 0x000001d21ef43000 	C:\Users\matea\.openjfx\cache\21.0.6+3\amd64\api-ms-win-crt-filesystem-l1-1-0.dll
0x000001d21ef50000 - 0x000001d21ef53000 	C:\Users\matea\.openjfx\cache\21.0.6+3\amd64\api-ms-win-crt-heap-l1-1-0.dll
0x000001d21ef60000 - 0x000001d21ef63000 	C:\Users\matea\.openjfx\cache\21.0.6+3\amd64\api-ms-win-crt-locale-l1-1-0.dll
0x000001d21ef70000 - 0x000001d21ef75000 	C:\Users\matea\.openjfx\cache\21.0.6+3\amd64\api-ms-win-crt-math-l1-1-0.dll
0x000001d21ef80000 - 0x000001d21ef85000 	C:\Users\matea\.openjfx\cache\21.0.6+3\amd64\api-ms-win-crt-multibyte-l1-1-0.dll
0x000001d21ef90000 - 0x000001d21efa0000 	C:\Users\matea\.openjfx\cache\21.0.6+3\amd64\api-ms-win-crt-private-l1-1-0.dll
0x00007ffc8f420000 - 0x00007ffc8f438000 	C:\WINDOWS\system32\napinsp.dll
0x00007ffc8f250000 - 0x00007ffc8f263000 	C:\WINDOWS\System32\winrnr.dll
0x000001d21efa0000 - 0x000001d21efa3000 	C:\Users\matea\.openjfx\cache\21.0.6+3\amd64\api-ms-win-crt-process-l1-1-0.dll
0x00007ffc8b920000 - 0x00007ffc8b947000 	C:\WINDOWS\system32\nlansp_c.dll
0x00007ffc821d0000 - 0x00007ffc821e6000 	C:\WINDOWS\system32\wshbth.dll
0x000001d21efb0000 - 0x000001d21efb4000 	C:\Users\matea\.openjfx\cache\21.0.6+3\amd64\api-ms-win-crt-runtime-l1-1-0.dll
0x000001d21efc0000 - 0x000001d21efc4000 	C:\Users\matea\.openjfx\cache\21.0.6+3\amd64\api-ms-win-crt-stdio-l1-1-0.dll
0x000001d21efd0000 - 0x000001d21efd4000 	C:\Users\matea\.openjfx\cache\21.0.6+3\amd64\api-ms-win-crt-string-l1-1-0.dll
0x000001d21efe0000 - 0x000001d21efe3000 	C:\Users\matea\.openjfx\cache\21.0.6+3\amd64\api-ms-win-crt-time-l1-1-0.dll
0x000001d21eff0000 - 0x000001d21eff3000 	C:\Users\matea\.openjfx\cache\21.0.6+3\amd64\api-ms-win-crt-utility-l1-1-0.dll
0x00007ffc64760000 - 0x00007ffc6485c000 	C:\Users\matea\.openjfx\cache\21.0.6+3\amd64\ucrtbase.dll
0x00007ffc7d140000 - 0x00007ffc7d15b000 	C:\Users\matea\.openjfx\cache\21.0.6+3\amd64\vcruntime140.dll
0x00007ffc833f0000 - 0x00007ffc833fc000 	C:\Users\matea\.openjfx\cache\21.0.6+3\amd64\vcruntime140_1.dll
0x00007ffc6b3e0000 - 0x00007ffc6b46e000 	C:\Users\matea\.openjfx\cache\21.0.6+3\amd64\msvcp140.dll
0x00007ffc83380000 - 0x00007ffc83389000 	C:\Users\matea\.openjfx\cache\21.0.6+3\amd64\msvcp140_1.dll
0x00007ffc6f720000 - 0x00007ffc6f761000 	C:\Users\matea\.openjfx\cache\21.0.6+3\amd64\msvcp140_2.dll
0x00007ffc83c80000 - 0x00007ffc83cd8000 	C:\WINDOWS\SYSTEM32\pdh.dll
0x00007ffc74a80000 - 0x00007ffc74ab0000 	C:\Users\matea\.openjfx\cache\21.0.6+3\amd64\prism_d3d.dll
0x00007ffc62090000 - 0x00007ffc62242000 	C:\WINDOWS\system32\d3d9.dll
0x00007ffc8c820000 - 0x00007ffc8c84e000 	C:\WINDOWS\SYSTEM32\dwmapi.dll
0x00007ffc8c660000 - 0x00007ffc8c6aa000 	C:\WINDOWS\SYSTEM32\dxcore.dll
0x00007ffc8fc20000 - 0x00007ffc8fd9e000 	C:\WINDOWS\System32\CRYPT32.dll
0x00007ffc8c580000 - 0x00007ffc8c62a000 	C:\WINDOWS\system32\uxtheme.dll
0x00007ffc76d10000 - 0x00007ffc76d2f000 	C:\WINDOWS\System32\DriverStore\FileRepository\u0203304.inf_amd64_a6e5a337568ce3f0\B026373\atidx9loader64.dll
0x00007ffbe1fe0000 - 0x00007ffbe46c5000 	C:\WINDOWS\System32\DriverStore\FileRepository\u0203304.inf_amd64_a6e5a337568ce3f0\B026373\AMDXN64.DLL
0x00007ffc92050000 - 0x00007ffc924d7000 	C:\WINDOWS\System32\SETUPAPI.dll
0x00007ffc8c6b0000 - 0x00007ffc8c7ec000 	C:\WINDOWS\SYSTEM32\dxgi.dll
0x00007ffc867b0000 - 0x00007ffc867ee000 	C:\WINDOWS\System32\DriverStore\FileRepository\u0203304.inf_amd64_a6e5a337568ce3f0\B026373\amdihk64.dll
0x00007ffc8b7d0000 - 0x00007ffc8b82e000 	C:\WINDOWS\SYSTEM32\directxdatabasehelper.dll
0x00007ffc8f6e0000 - 0x00007ffc8f732000 	C:\WINDOWS\SYSTEM32\cfgmgr32.dll
0x00007ffc6be70000 - 0x00007ffc6beb2000 	C:\Users\matea\.openjfx\cache\21.0.6+3\amd64\glass.dll
0x00007ffc90b20000 - 0x00007ffc90c15000 	C:\WINDOWS\System32\COMDLG32.dll
0x00007ffc906b0000 - 0x00007ffc9080a000 	C:\WINDOWS\System32\MSCTF.dll

JVMTI agents:
C:\Program Files\JetBrains\IntelliJ IDEA 2026.2.3\lib\idea_rt.jar path:C:\Users\matea\.jdks\corretto-25.0.4.1\bin\instrument.dll, loaded, initialized, instrumentlib options:56077

dbghelp: loaded successfully - version: 4.0.5 - missing functions: none
symbol engine: initialized successfully - sym options: 0x614 - pdb path: .;C:\Users\matea\.jdks\corretto-25.0.4.1\bin;C:\WINDOWS\SYSTEM32;C:\WINDOWS\WinSxS\amd64_microsoft.windows.common-controls_6595b64144ccf1df_6.0.26100.9596_none_3e0f4960e32e3260;C:\Users\matea\.jdks\corretto-25.0.4.1\bin\server;C:\Users\matea\.openjfx\cache\21.0.6+3\amd64;C:\WINDOWS\System32\DriverStore\FileRepository\u0203304.inf_amd64_a6e5a337568ce3f0\B026373;C:\Users\matea\AppData\Local\Temp\jna-103668220;C:\Program Files\Common Files\Microsoft Shared\Ink;C:\WINDOWS\WinSxS\amd64_microsoft.windows.gdiplus_6595b64144ccf1df_1.1.26100.9596_none_6efa3c463dc0ac2e

VM Arguments:
jvm_args: -javaagent:C:\Program Files\JetBrains\IntelliJ IDEA 2026.2.3\lib\idea_rt.jar=56077 -Dfile.encoding=UTF-8 -Dsun.stdout.encoding=UTF-8 -Dsun.stderr.encoding=UTF-8 
java_command: com.bwxor.piejfx.Launcher
java_class_path (initial): C:\git\piejfx\piejfx\target\classes;C:\Users\matea\.m2\repository\org\openjfx\javafx-controls\21.0.6\javafx-controls-21.0.6.jar;C:\Users\matea\.m2\repository\org\openjfx\javafx-controls\21.0.6\javafx-controls-21.0.6-win.jar;C:\Users\matea\.m2\repository\org\openjfx\javafx-graphics\21.0.6\javafx-graphics-21.0.6.jar;C:\Users\matea\.m2\repository\org\openjfx\javafx-graphics\21.0.6\javafx-graphics-21.0.6-win.jar;C:\Users\matea\.m2\repository\org\openjfx\javafx-fxml\21.0.6\javafx-fxml-21.0.6.jar;C:\Users\matea\.m2\repository\org\openjfx\javafx-fxml\21.0.6\javafx-fxml-21.0.6-win.jar;C:\Users\matea\.m2\repository\org\openjfx\javafx-swing\21.0.6\javafx-swing-21.0.6.jar;C:\Users\matea\.m2\repository\org\openjfx\javafx-swing\21.0.6\javafx-swing-21.0.6-win.jar;C:\Users\matea\.m2\repository\org\controlsfx\controlsfx\11.2.1\controlsfx-11.2.1.jar;C:\Users\matea\.m2\repository\com\dlsc\formsfx\formsfx-core\11.6.0\formsfx-core-11.6.0.jar;C:\Users\matea\.m2\repository\org\openjfx\javafx-web\21.0.6\javafx-web-21.0.6.jar;C:\Users\matea\.m2\repository\org\openjfx\javafx-web\21.0.6\javafx-web-21.0.6-win.jar;C:\Users\matea\.m2\repository\org\openjfx\javafx-media\21.0.6\javafx-media-21.0.6.jar;C:\Users\matea\.m2\repository\org\openjfx\javafx-media\21.0.6\javafx-media-21.0.6-win.jar;C:\Users\matea\.m2\repository\com\bwxor\piejfx-plugin-core\1.0-SNAPSHOT\piejfx-plugin-core-1.0-SNAPSHOT.jar;C:\Users\matea\.m2\repository\org\fxmisc\richtext\richtextfx\0.11.7\richtextfx-0.11.7.jar;C:\Users\matea\.m2\repository\org\reactfx\reactfx\2.0-M5\reactfx-2.0-M5.jar;C:\Users\matea\.m2\repository\org\fxmisc\undo\undofx\2.1.1\undofx-2.1.1.jar;C:\Users\matea\.m2\repository\org\fxmisc\flowless\flowless\0.7.4\flowless-0.7.4.jar;C:\Users\matea\.m2\repository\org\fxmisc\wellbehaved\wellbehavedfx\0.3.3\wellbehavedfx-0.3.3.jar;C:\Users\matea\.m2\repository\com\techsenger\jeditermfx\jeditermfx-core\1.1.0\jeditermfx-core-1.1.0.jar;C:\Users\matea\.m2\repository\org\jetbrains\annotations\24.0.1\annotations-24.0.1.jar;C:\Users\matea\.m2\repository\org\jetbrains\kotlin\kotlin-stdlib\1.9.22\kotlin-stdlib-1.9.22.jar;C:\Users\matea\.m2\repository\org\slf4j\slf4j-api\2.0.9\slf4j-api-2.0.9.jar;C:\Users\matea\.m2\repository\com\techsenger\jeditermfx\jeditermfx-ui\1.1.0\jeditermfx-ui-1.1.0.jar;C:\Users\matea\.m2\repository\org\jetbrains\pty4j\pty4j\0.12.25\pty4j-0.12.25.jar;C:\Users\matea\.m2\repository\org\jetbrains\pty4j\purejavacomm\0.0.11.1\purejavacomm-0.0.11.1.jar;C:\Users\matea\.m2\repository\net\java\dev\jna\jna\5.13.0\jna-5.13.0.jar;C:\Users\matea\.m2\repository\org\openjfx\javafx-base\21.0.6\javafx-base-21.0.6.jar;C:\Users\matea\.m2\repository\org\openjfx\javafx-base\21.0.6\javafx-base-21.0.6-win.jar;C:\Users\matea\.m2\repository\org\json\json\20250517\json-20250517.jar;C:\Users\matea\.m2\repository\com\helger\ph-css\8.1.1\ph-css-8.1.1.jar;C:\Users\matea\.m2\repository\com\helger\commons\ph-typeconvert\12.1.0\ph-typeconvert-12.1.0.jar;C:\Users\matea\.m2\repository\com\helger\commons\ph-collection\12.1.0\ph-collection-12.1.0.jar;C:\Users\matea\.m2\repository\com\helger\commons\ph-base\12.1.0\ph-base-12.1.0.jar;C:\Users\matea\.m2\repository\com\helger\commons\ph-cache\12.1.0\ph-cache-12.1.0.jar;C:\Users\matea\.m2\repository\com\helger\commons\ph-annotations\12.1.0\ph-annotations-12.1.0.jar;C:\Users\matea\.m2\repository\org\jspecify\jspecify\1.0.0\jspecify-1.0.0.jar;C:\Users\matea\.m2\repository\com\helger\commons\ph-statistics\12.1.0\ph-statistics-12.1.0.jar;C:\Users\matea\.m2\repository\com\helger\commons\ph-io\12.1.0\ph-io-12.1.0.jar;C:\Users\matea\.m2\repository\com\helger\commons\ph-mime\12.1.0\ph-mime-12.1.0.jar;C:\Users\matea\.m2\repository\com\helger\commons\ph-text\12.1.0\ph-text-12.1.0.jar;C:\Users\matea\.m2\repository\net\harawata\appdirs\1.5.0\appdirs-1.5.0.jar;C:\Users\matea\.m2\repository\net\java\dev\jna\jna-platform\5.18.1\jna-platform-5.18.1.jar
Launcher Type: SUN_STANDARD

[Global flags]
     intx CICompilerCount                          = 12                                        {product} {ergonomic}
     uint ConcGCThreads                            = 3                                         {product} {ergonomic}
     uint G1ConcRefinementThreads                  = 13                                        {product} {ergonomic}
   size_t G1HeapRegionSize                         = 4194304                                   {product} {ergonomic}
   size_t InitialHeapSize                          = 528482304                                 {product} {ergonomic}
   size_t MarkStackSize                            = 4194304                                   {product} {ergonomic}
   size_t MarkStackSizeMax                         = 536870912                                 {product} {ergonomic}
   size_t MaxHeapSize                              = 8401190912                                {product} {ergonomic}
   size_t MaxNewSize                               = 5037359104                                {product} {ergonomic}
   size_t MinHeapDeltaBytes                        = 4194304                                   {product} {ergonomic}
   size_t MinHeapSize                              = 8388608                                   {product} {ergonomic}
    uintx NonNMethodCodeHeapSize                   = 7667712                                {pd product} {ergonomic}
    uintx NonProfiledCodeHeapSize                  = 122028032                              {pd product} {ergonomic}
    uintx ProfiledCodeHeapSize                     = 122028032                              {pd product} {ergonomic}
    uintx ReservedCodeCacheSize                    = 251723776                              {pd product} {ergonomic}
     bool SegmentedCodeCache                       = true                                      {product} {ergonomic}
   size_t SoftMaxHeapSize                          = 8401190912                             {manageable} {ergonomic}
     bool UseCompressedOops                        = true                           {product lp64_product} {ergonomic}
     bool UseG1GC                                  = true                                      {product} {ergonomic}
     bool UseLargePagesIndividualAllocation        = false                                  {pd product} {ergonomic}

Logging:
Log output configuration:
 #0: stdout all=warning uptime,level,tags foldmultilines=false
 #1: stderr all=off uptime,level,tags foldmultilines=false

Release file:
IMPLEMENTOR="Amazon.com Inc." 
IMPLEMENTOR_VERSION="Corretto-25.0.4.10.1" 
JAVA_RUNTIME_VERSION="25.0.4.1+10-LTS" 
JAVA_VERSION="25.0.4.1" 
JAVA_VERSION_DATE="2026-08-18" 
LIBC="default" 
MODULES="java.base java.compiler java.datatransfer java.xml java.prefs java.desktop java.instrument java.logging java.management java.security.sasl java.naming java.rmi java.management.rmi java.net.http java.scripting java.security.jgss java.transaction.xa java.sql java.sql.rowset java.xml.crypto java.se java.smartcardio jdk.accessibility jdk.internal.jvmstat jdk.attach jdk.charsets jdk.internal.opt jdk.zipfs jdk.compiler jdk.crypto.cryptoki jdk.crypto.ec jdk.crypto.mscapi jdk.dynalink jdk.internal.ed jdk.editpad jdk.internal.vm.ci jdk.graal.compiler jdk.graal.compiler.management jdk.hotspot.agent jdk.httpserver jdk.incubator.vector jdk.internal.le jdk.internal.md jdk.jartool jdk.javadoc jdk.jcmd jdk.management jdk.management.agent jdk.jconsole jdk.jdeps jdk.jdwp.agent jdk.jdi jdk.jfr jdk.jlink jdk.jpackage jdk.jshell jdk.jsobject jdk.jstatd jdk.localedata jdk.management.jfr jdk.naming.dns jdk.naming.rmi jdk.net jdk.nio.mapmode jdk.sctp jdk.security.auth jdk.security.jgss jdk.unsupported jdk.unsupported.desktop jdk.xml.dom" 
OS_ARCH="x86_64" 
OS_NAME="Windows" 
SOURCE="" 

Environment Variables:
JAVA_HOME=C:\Program Files\Java\jdk-27
PATH=C:\Program Files\Common Files\Oracle\Java\javapath;C:\WINDOWS\system32;C:\WINDOWS;C:\WINDOWS\System32\Wbem;C:\WINDOWS\System32\WindowsPowerShell\v1.0\;C:\WINDOWS\System32\OpenSSH\;C:\Program Files (x86)\NVIDIA Corporation\PhysX\Common;C:\Program Files\NVIDIA Corporation\NVIDIA App\NvDLISR;C:\Program Files\Git\cmd;C:\Program Files\Java\jdk-27\bin;C:\apache-maven-3.10.0\bin;C:\Users\matea\AppData\Local\Microsoft\WindowsApps;C:\Program Files\JetBrains\IntelliJ IDEA 2026.2.3\bin;C:\Users\matea\AppData\Local\Programs\keystore;
USERNAME=matea
OS=Windows_NT
PROCESSOR_IDENTIFIER=AMD64 Family 26 Model 96 Stepping 0, AuthenticAMD
TMP=C:\Users\matea\AppData\Local\Temp
TEMP=C:\Users\matea\AppData\Local\Temp




Compilation memory statistics disabled.

Periodic native trim disabled

---------------  S Y S T E M  ---------------

OS:
 Windows 11 , 64 bit Build 26100 (10.0.26100.9596)
OS uptime: 0 days 18:48 hours
Hyper-V role detected

CPU: total 16 (initial active 16) (16 cores per cpu, 2 threads per core) family 26 model 96 stepping 0 microcode 0xb600037, cx8, cmov, fxsr, ht, mmx, 3dnowpref, sse, sse2, sse3, ssse3, sse4a, sse4.1, sse4.2, popcnt, lzcnt, tsc, tscinvbit, avx, avx2, aes, erms, clmul, bmi1, bmi2, adx, avx512f, avx512dq, avx512cd, avx512bw, avx512vl, sha, fma, vzeroupper, avx512_vpopcntdq, avx512_vpclmulqdq, avx512_vaes, avx512_vnni, clflush, clflushopt, clwb, avx512_vbmi2, avx512_vbmi, hv, rdtscp, rdpid, fsrm, gfni, avx512_bitalg, f16c, cet_ss, avx512_ifma
Processor Information for the first 16 processors :
  Max Mhz: 2000, Current Mhz: 2000, Mhz Limit: 2000

Memory: 4k page, system-wide physical 32042M (13362M free)
TotalPageFile size 37162M (AvailPageFile size 14073M)
current process WorkingSet (physical memory assigned to process): 418M, peak: 429M
current process commit charge ("private bytes"): 434M, peak: 751M

vm_info: OpenJDK 64-Bit Server VM (25.0.4.1+10-LTS) for windows-amd64 JRE (25.0.4.1+10-LTS), built on 2026-09-18T17:33:34Z with MS VC++ 17.14 (VS2022)

END.
