#
# A fatal error has been detected by the Java Runtime Environment:
#
#  EXCEPTION_ACCESS_VIOLATION (0xc0000005) at pc=0x00007ffc18b17278, pid=4988, tid=33600
#
# JRE version: OpenJDK Runtime Environment (25.0.1+8) (build 25.0.1+8-27)
# Java VM: OpenJDK 64-Bit Server VM (25.0.1+8-27, mixed mode, sharing, tiered, compressed oops, compressed class ptrs, g1 gc, windows-amd64)
# Problematic frame:
# C  [javafx_font.dll+0x7278]
#
# No core dump will be written. Minidumps are not enabled by default on client versions of Windows
#
# If you would like to submit a bug report, please visit:
#   https://bugreport.java.com/bugreport/crash.jsp
# The crash happened outside the Java Virtual Machine in native code.
# See problematic frame for where to report the bug.
#

---------------  S U M M A R Y ------------

Command Line: --enable-preview -javaagent:C:\Program Files\JetBrains\IntelliJ IDEA Community Edition 2025.1.3\lib\idea_rt.jar=53105 -Dfile.encoding=UTF-8 -Dsun.stdout.encoding=UTF-8 -Dsun.stderr.encoding=UTF-8 --module-path=C:\Users\Mario-MihaiMateas\.m2\repository\org\reactfx\reactfx\2.0-M5\reactfx-2.0-M5.jar;C:\Users\Mario-MihaiMateas\.m2\repository\org\openjfx\javafx-media\21.0.6\javafx-media-21.0.6-win.jar;C:\Users\Mario-MihaiMateas\.m2\repository\org\jetbrains\annotations\24.0.1\annotations-24.0.1.jar;C:\Users\Mario-MihaiMateas\.m2\repository\org\json\json\20250517\json-20250517.jar;C:\Users\Mario-MihaiMateas\.m2\repository\org\jetbrains\pty4j\purejavacomm\0.0.11.1\purejavacomm-0.0.11.1.jar;C:\Users\Mario-MihaiMateas\.m2\repository\net\harawata\appdirs\1.5.0\appdirs-1.5.0.jar;C:\Users\Mario-MihaiMateas\.m2\repository\org\jetbrains\pty4j\pty4j\0.12.25\pty4j-0.12.25.jar;C:\Users\Mario-MihaiMateas\.m2\repository\org\openjfx\javafx-fxml\21.0.6\javafx-fxml-21.0.6-win.jar;C:\Users\Mario-MihaiMateas\.m2\repository\org\openjfx\javafx-base\19.0.2.1\javafx-base-19.0.2.1-win.jar;C:\Users\Mario-MihaiMateas\.m2\repository\org\openjfx\javafx-graphics\21.0.6\javafx-graphics-21.0.6-win.jar;C:\Users\Mario-MihaiMateas\.m2\repository\org\openjfx\javafx-controls\21.0.6\javafx-controls-21.0.6-win.jar;C:\Users\Mario-MihaiMateas\.m2\repository\org\controlsfx\controlsfx\11.2.1\controlsfx-11.2.1.jar;C:\Users\Mario-MihaiMateas\.m2\repository\com\helger\commons\ph-base\12.1.0\ph-base-12.1.0.jar;C:\Users\Mario-MihaiMateas\.m2\repository\com\techsenger\jeditermfx\jeditermfx-ui\1.1.0\jeditermfx-ui-1.1.0.jar;C:\Users\Mario-MihaiMateas\.m2\repository\org\openjfx\javafx-web\21.0.6\javafx-web-21.0.6-win.jar;C:\Users\Mario-MihaiMateas\.m2\repository\org\fxmisc\richtext\richtextfx\0.11.7\richtextfx-0.11.7.jar;C:\Users\Mario-MihaiMateas\.m2\repository\com\helger\ph-css\8.1.1\ph-css-8.1.1.jar;C:\Users\Mario-MihaiMateas\.m2\repository\com\dlsc\formsfx\formsfx-core\11.6.0\formsfx-core-11.6.0.jar;C:\git\piejfx\piejfx\target\classes;C:\Users\Mario-MihaiMateas\.m2\repository\org\jetbrains\kotlin\kotlin-stdlib\1.9.22\kotlin-stdlib-1.9.22.jar;C:\Users\Mario-MihaiMateas\.m2\repository\com\techsenger\jeditermfx\-Djdk.module.main=com.bwxor.piejfx com.bwxor.piejfx/com.bwxor.piejfx.Application

Host: Intel(R) Core(TM) Ultra 5 135U, 14 cores, 15G,  Windows 11 , 64 bit Build 26100 (10.0.26100.8875)
Time: Tue Aug 25 11:08:39 2026 GTB Daylight Time elapsed time: 27.322913 seconds (0d 0h 0m 27s)

---------------  T H R E A D  ---------------

Current thread (0x0000011d146a0b20):  JavaThread "JavaFX Application Thread"        [_thread_in_native, id=33600, stack(0x000000119d300000,0x000000119d400000) (1024K)]

Stack: [0x000000119d300000,0x000000119d400000],  sp=0x000000119d3f8170,  free space=992k
Native frames: (J=compiled Java code, j=interpreted, Vv=VM code, C=native code)
C  [javafx_font.dll+0x7278]  (no source info available)
C  0x0000011d0753d193  (no source info available)

The last pc belongs to native method entry point (kind = native) (printed below).
Java frames: (J=compiled Java code, j=interpreted, Vv=VM code)
j  com.sun.javafx.font.directwrite.OS.JFXTextRendererGetGlyphOffsets(J[FI)I+0 javafx.graphics@21.0.6
j  com.sun.javafx.font.directwrite.JFXTextRenderer.GetGlyphOffsets([FI)I+6 javafx.graphics@21.0.6
j  com.sun.javafx.font.directwrite.DWGlyphLayout.renderShape([CLcom/sun/javafx/text/TextRun;Lcom/sun/javafx/font/PGFont;I)V+301 javafx.graphics@21.0.6
j  com.sun.javafx.font.directwrite.DWGlyphLayout.layout(Lcom/sun/javafx/text/TextRun;Lcom/sun/javafx/font/PGFont;Lcom/sun/javafx/font/FontStrike;[C)V+429 javafx.graphics@21.0.6
J 6229 c1 com.sun.javafx.text.PrismTextLayout.shape(Lcom/sun/javafx/text/TextRun;[CLcom/sun/javafx/text/GlyphLayout;)V javafx.graphics@21.0.6 (622 bytes) @ 0x0000011d00922c44 [0x0000011d00920b40+0x0000000000002104]
J 4387 c1 com.sun.javafx.text.PrismTextLayout.layout()V javafx.graphics@21.0.6 (1636 bytes) @ 0x0000011d006b17d4 [0x0000011d006b0da0+0x0000000000000a34]
J 6162 c1 com.sun.javafx.scene.control.skin.Utils.computeTextWidth(Ljavafx/scene/text/Font;Ljava/lang/String;D)D javafx.controls@21.0.6 (47 bytes) @ 0x0000011d009031e4 [0x0000011d00902e80+0x0000000000000364]
j  javafx.scene.control.skin.TextAreaSkin$ContentView.computePrefWidth(D)D+72 javafx.controls@21.0.6
J 4812 c1 javafx.scene.Parent.prefWidth(D)D javafx.graphics@21.0.6 (89 bytes) @ 0x0000011d007872ec [0x0000011d00787120+0x00000000000001cc]
J 4040 c1 javafx.scene.layout.Region.prefWidth(D)D javafx.graphics@21.0.6 (38 bytes) @ 0x0000011d00613d2c [0x0000011d00613820+0x000000000000050c]
j  javafx.scene.control.skin.ScrollPaneSkin.computeScrollNodeSize(DD)V+178 javafx.controls@21.0.6
j  javafx.scene.control.skin.ScrollPaneSkin.layoutChildren(DDDD)V+135 javafx.controls@21.0.6
J 6460 c1 javafx.scene.control.Control.layoutChildren()V javafx.controls@21.0.6 (91 bytes) @ 0x0000011d009b8314 [0x0000011d009b4560+0x0000000000003db4]
J 3831 c1 javafx.scene.Parent.layout()V javafx.graphics@21.0.6 (160 bytes) @ 0x0000011d0059ac8c [0x0000011d0059a800+0x000000000000048c]
J 3831 c1 javafx.scene.Parent.layout()V javafx.graphics@21.0.6 (160 bytes) @ 0x0000011d0059b1a4 [0x0000011d0059a800+0x00000000000009a4]
J 3831 c1 javafx.scene.Parent.layout()V javafx.graphics@21.0.6 (160 bytes) @ 0x0000011d0059b1a4 [0x0000011d0059a800+0x00000000000009a4]
J 3831 c1 javafx.scene.Parent.layout()V javafx.graphics@21.0.6 (160 bytes) @ 0x0000011d0059b1a4 [0x0000011d0059a800+0x00000000000009a4]
J 3831 c1 javafx.scene.Parent.layout()V javafx.graphics@21.0.6 (160 bytes) @ 0x0000011d0059b1a4 [0x0000011d0059a800+0x00000000000009a4]
J 3831 c1 javafx.scene.Parent.layout()V javafx.graphics@21.0.6 (160 bytes) @ 0x0000011d0059b1a4 [0x0000011d0059a800+0x00000000000009a4]
J 3831 c1 javafx.scene.Parent.layout()V javafx.graphics@21.0.6 (160 bytes) @ 0x0000011d0059b1a4 [0x0000011d0059a800+0x00000000000009a4]
J 4484 c1 javafx.scene.Scene.doLayoutPass()V javafx.graphics@21.0.6 (14 bytes) @ 0x0000011d006f1d34 [0x0000011d006f1880+0x00000000000004b4]
j  javafx.scene.Scene.preferredSize()V+15 javafx.graphics@21.0.6
j  javafx.scene.Scene$2.preferredSize(Ljavafx/scene/Scene;)V+1 javafx.graphics@21.0.6
j  com.sun.javafx.scene.SceneHelper.preferredSize(Ljavafx/scene/Scene;)V+4 javafx.graphics@21.0.6
j  javafx.stage.Window$12.invalidated()V+384 javafx.graphics@21.0.6
J 7890 c2 javafx.beans.property.BooleanPropertyBase.set(Z)V javafx.base@19.0.2.1 (76 bytes) @ 0x0000011d07c4a468 [0x0000011d07c4a400+0x0000000000000068]
j  javafx.stage.Window.setShowing(Z)V+11 javafx.graphics@21.0.6
j  javafx.stage.Window.show()V+2 javafx.graphics@21.0.6
j  javafx.stage.Stage.show()V+1 javafx.graphics@21.0.6
j  javafx.stage.Stage.showAndWait()V+81 javafx.graphics@21.0.6
j  com.bwxor.piejfxsdk.service.GitFileDiffViewService.showFileDiffWindow(Ljava/lang/String;Ljava/lang/String;Ljava/lang/String;Ljava/lang/String;Ljava/lang/String;)V+188
j  com.bwxor.piejfxsdk.service.GitService.showFileDiff(Ljava/lang/String;Ljava/lang/String;Lorg/eclipse/jgit/diff/DiffEntry$ChangeType;)V+184
j  com.bwxor.piejfxsdk.controller.impl.GitCommitFilesViewController.onListMouseClicked(Ljavafx/scene/input/MouseEvent;)V+59
j  com.bwxor.piejfxsdk.controller.impl.GitCommitFilesViewController$$Lambda+0x0000000009517870.handle(Ljavafx/event/Event;)V+8
J 4477 c1 com.sun.javafx.event.CompositeEventHandler.dispatchBubblingEvent(Ljavafx/event/Event;)V javafx.base@19.0.2.1 (57 bytes) @ 0x0000011d006ef624 [0x0000011d006ef280+0x00000000000003a4]
J 7833 c2 com.sun.javafx.event.EventHandlerManager.dispatchBubblingEvent(Ljavafx/event/Event;)Ljavafx/event/Event; javafx.base@19.0.2.1 (23 bytes) @ 0x0000011d07db3964 [0x0000011d07db3700+0x0000000000000264]
J 3732 c1 com.sun.javafx.event.CompositeEventDispatcher.dispatchBubblingEvent(Ljavafx/event/Event;)Ljavafx/event/Event; javafx.base@19.0.2.1 (35 bytes) @ 0x0000011d0057814c [0x0000011d00577f80+0x00000000000001cc]
J 6940 c2 com.sun.javafx.event.BasicEventDispatcher.dispatchEvent(Ljavafx/event/Event;Ljavafx/event/EventDispatchChain;)Ljavafx/event/Event; javafx.base@19.0.2.1 (44 bytes) @ 0x0000011d07d339cc [0x0000011d07d33880+0x000000000000014c]
J 6940 c2 com.sun.javafx.event.BasicEventDispatcher.dispatchEvent(Ljavafx/event/Event;Ljavafx/event/EventDispatchChain;)Ljavafx/event/Event; javafx.base@19.0.2.1 (44 bytes) @ 0x0000011d07d33978 [0x0000011d07d33880+0x00000000000000f8]
J 6940 c2 com.sun.javafx.event.BasicEventDispatcher.dispatchEvent(Ljavafx/event/Event;Ljavafx/event/EventDispatchChain;)Ljavafx/event/Event; javafx.base@19.0.2.1 (44 bytes) @ 0x0000011d07d33978 [0x0000011d07d33880+0x00000000000000f8]
J 6940 c2 com.sun.javafx.event.BasicEventDispatcher.dispatchEvent(Ljavafx/event/Event;Ljavafx/event/EventDispatchChain;)Ljavafx/event/Event; javafx.base@19.0.2.1 (44 bytes) @ 0x0000011d07d33978 [0x0000011d07d33880+0x00000000000000f8]
J 6481 c2 com.sun.javafx.event.EventDispatchChainImpl.dispatchEvent(Ljavafx/event/Event;)Ljavafx/event/Event; javafx.base@19.0.2.1 (101 bytes) @ 0x0000011d07cc6734 [0x0000011d07cc6680+0x00000000000000b4]
J 6578 c1 com.sun.javafx.event.EventUtil.fireEvent(Ljavafx/event/EventTarget;Ljavafx/event/Event;)Ljavafx/event/Event; javafx.base@19.0.2.1 (81 bytes) @ 0x0000011d009e4834 [0x0000011d009e3a00+0x0000000000000e34]
J 6579 c1 javafx.scene.Scene$ClickGenerator.postProcess(Ljavafx/scene/input/MouseEvent;Ljavafx/scene/Scene$TargetWrapper;Ljavafx/scene/Scene$TargetWrapper;)V javafx.graphics@21.0.6 (266 bytes) @ 0x0000011d009e669c [0x0000011d009e4e00+0x000000000000189c]
J 4603 c1 javafx.scene.Scene$MouseHandler.process(Ljavafx/scene/input/MouseEvent;Z)V javafx.graphics@21.0.6 (793 bytes) @ 0x0000011d007313dc [0x0000011d0072e600+0x0000000000002ddc]
J 4649 c1 javafx.scene.Scene$ScenePeerListener.mouseEvent(Ljavafx/event/EventType;DDDDLjavafx/scene/input/MouseButton;ZZZZZZZZZZZ)V javafx.graphics@21.0.6 (54 bytes) @ 0x0000011d007493a4 [0x0000011d00749100+0x00000000000002a4]
J 4645 c1 com.sun.javafx.tk.quantum.GlassViewEventHandler$MouseEventNotification.run()Ljava/lang/Void; javafx.graphics@21.0.6 (703 bytes) @ 0x0000011d00747fec [0x0000011d00746da0+0x000000000000124c]
J 4642 c1 com.sun.javafx.tk.quantum.GlassViewEventHandler$$Lambda+0x00000000092ee580.get()Ljava/lang/Object; javafx.graphics@21.0.6 (8 bytes) @ 0x0000011d007461cc [0x0000011d00745f80+0x000000000000024c]
J 3970 c1 com.sun.javafx.tk.quantum.QuantumToolkit.runWithoutRenderLock(Ljava/util/function/Supplier;)Ljava/lang/Object; javafx.graphics@21.0.6 (49 bytes) @ 0x0000011d005e963c [0x0000011d005e9000+0x000000000000063c]
J 4640 c1 com.sun.javafx.tk.quantum.GlassViewEventHandler.handleMouseEvent(Lcom/sun/glass/ui/View;JIIIIIIIZZ)V javafx.graphics@21.0.6 (108 bytes) @ 0x0000011d0074593c [0x0000011d00745500+0x000000000000043c]
J 4639 c1 com.sun.glass.ui.View.handleMouseEvent(JIIIIIIIZZ)V javafx.graphics@21.0.6 (34 bytes) @ 0x0000011d007452cc [0x0000011d00745100+0x00000000000001cc]
J 4636 c1 com.sun.glass.ui.View.notifyMouse(IIIIIIIZZ)V javafx.graphics@21.0.6 (221 bytes) @ 0x0000011d00743ce4 [0x0000011d00742f80+0x0000000000000d64]
v  ~StubRoutines::call_stub 0x0000011d075312ed
j  com.sun.glass.ui.win.WinApplication._enterNestedEventLoopImpl()Ljava/lang/Object;+0 javafx.graphics@21.0.6
j  com.sun.glass.ui.win.WinApplication._enterNestedEventLoop()Ljava/lang/Object;+15 javafx.graphics@21.0.6
j  com.sun.glass.ui.Application.enterNestedEventLoop()Ljava/lang/Object;+14 javafx.graphics@21.0.6
j  com.sun.glass.ui.EventLoop.enter()Ljava/lang/Object;+42 javafx.graphics@21.0.6
j  com.sun.javafx.tk.quantum.QuantumToolkit.enterNestedEventLoop(Ljava/lang/Object;)Ljava/lang/Object;+98 javafx.graphics@21.0.6
j  javafx.stage.Stage.showAndWait()V+93 javafx.graphics@21.0.6
j  com.bwxor.piejfxsdk.service.GitCommitFilesViewService.showCommitFilesWindow(Ljava/lang/String;Ljava/util/List;)V+176
j  com.bwxor.piejfxsdk.service.GitService.showCommitFiles(Ljava/lang/String;)V+340
j  com.bwxor.piejfxsdk.controller.impl.GitLogViewController.onListMouseClicked(Ljavafx/scene/input/MouseEvent;)V+46
j  java.lang.invoke.DirectMethodHandle$Holder.invokeVirtual(Ljava/lang/Object;Ljava/lang/Object;Ljava/lang/Object;)V+11 java.base@25.0.1
j  java.lang.invoke.LambdaForm$MH+0x000000000911dc00.invoke(Ljava/lang/Object;Ljava/lang/Object;Ljava/lang/Object;)Ljava/lang/Object;+52 java.base@25.0.1
J 7748 c2 jdk.internal.reflect.DirectMethodHandleAccessor.invoke(Ljava/lang/Object;[Ljava/lang/Object;)Ljava/lang/Object; java.base@25.0.1 (92 bytes) @ 0x0000011d07d9d0e0 [0x0000011d07d9cf00+0x00000000000001e0]
J 4242 c1 com.sun.javafx.reflect.MethodUtil.invoke(Ljava/lang/reflect/Method;Ljava/lang/Object;[Ljava/lang/Object;)Ljava/lang/Object; javafx.base@19.0.2.1 (111 bytes) @ 0x0000011d006896a4 [0x0000011d00687680+0x0000000000002024]
J 4241 c1 com.sun.javafx.fxml.MethodHelper.invoke(Ljava/lang/reflect/Method;Ljava/lang/Object;[Ljava/lang/Object;)Ljava/lang/Object; javafx.fxml@21.0.6 (146 bytes) @ 0x0000011d00686d34 [0x0000011d00686000+0x0000000000000d34]
j  javafx.fxml.FXMLLoader$MethodHandler.invoke([Ljava/lang/Object;)V+19 javafx.fxml@21.0.6
j  javafx.fxml.FXMLLoader$ControllerMethodEventHandler.handle(Ljavafx/event/Event;)V+12 javafx.fxml@21.0.6
J 4477 c1 com.sun.javafx.event.CompositeEventHandler.dispatchBubblingEvent(Ljavafx/event/Event;)V javafx.base@19.0.2.1 (57 bytes) @ 0x0000011d006ef624 [0x0000011d006ef280+0x00000000000003a4]
J 7833 c2 com.sun.javafx.event.EventHandlerManager.dispatchBubblingEvent(Ljavafx/event/Event;)Ljavafx/event/Event; javafx.base@19.0.2.1 (23 bytes) @ 0x0000011d07db3964 [0x0000011d07db3700+0x0000000000000264]
J 3732 c1 com.sun.javafx.event.CompositeEventDispatcher.dispatchBubblingEvent(Ljavafx/event/Event;)Ljavafx/event/Event; javafx.base@19.0.2.1 (35 bytes) @ 0x0000011d0057814c [0x0000011d00577f80+0x00000000000001cc]
J 6940 c2 com.sun.javafx.event.BasicEventDispatcher.dispatchEvent(Ljavafx/event/Event;Ljavafx/event/EventDispatchChain;)Ljavafx/event/Event; javafx.base@19.0.2.1 (44 bytes) @ 0x0000011d07d339cc [0x0000011d07d33880+0x000000000000014c]
J 6940 c2 com.sun.javafx.event.BasicEventDispatcher.dispatchEvent(Ljavafx/event/Event;Ljavafx/event/EventDispatchChain;)Ljavafx/event/Event; javafx.base@19.0.2.1 (44 bytes) @ 0x0000011d07d33978 [0x0000011d07d33880+0x00000000000000f8]
J 6940 c2 com.sun.javafx.event.BasicEventDispatcher.dispatchEvent(Ljavafx/event/Event;Ljavafx/event/EventDispatchChain;)Ljavafx/event/Event; javafx.base@19.0.2.1 (44 bytes) @ 0x0000011d07d33978 [0x0000011d07d33880+0x00000000000000f8]
J 6940 c2 com.sun.javafx.event.BasicEventDispatcher.dispatchEvent(Ljavafx/event/Event;Ljavafx/event/EventDispatchChain;)Ljavafx/event/Event; javafx.base@19.0.2.1 (44 bytes) @ 0x0000011d07d33978 [0x0000011d07d33880+0x00000000000000f8]
J 6481 c2 com.sun.javafx.event.EventDispatchChainImpl.dispatchEvent(Ljavafx/event/Event;)Ljavafx/event/Event; javafx.base@19.0.2.1 (101 bytes) @ 0x0000011d07cc6734 [0x0000011d07cc6680+0x00000000000000b4]
J 6578 c1 com.sun.javafx.event.EventUtil.fireEvent(Ljavafx/event/EventTarget;Ljavafx/event/Event;)Ljavafx/event/Event; javafx.base@19.0.2.1 (81 bytes) @ 0x0000011d009e4834 [0x0000011d009e3a00+0x0000000000000e34]
J 6579 c1 javafx.scene.Scene$ClickGenerator.postProcess(Ljavafx/scene/input/MouseEvent;Ljavafx/scene/Scene$TargetWrapper;Ljavafx/scene/Scene$TargetWrapper;)V javafx.graphics@21.0.6 (266 bytes) @ 0x0000011d009e669c [0x0000011d009e4e00+0x000000000000189c]
J 4603 c1 javafx.scene.Scene$MouseHandler.process(Ljavafx/scene/input/MouseEvent;Z)V javafx.graphics@21.0.6 (793 bytes) @ 0x0000011d007313dc [0x0000011d0072e600+0x0000000000002ddc]
J 4649 c1 javafx.scene.Scene$ScenePeerListener.mouseEvent(Ljavafx/event/EventType;DDDDLjavafx/scene/input/MouseButton;ZZZZZZZZZZZ)V javafx.graphics@21.0.6 (54 bytes) @ 0x0000011d007493a4 [0x0000011d00749100+0x00000000000002a4]
J 4645 c1 com.sun.javafx.tk.quantum.GlassViewEventHandler$MouseEventNotification.run()Ljava/lang/Void; javafx.graphics@21.0.6 (703 bytes) @ 0x0000011d00747fec [0x0000011d00746da0+0x000000000000124c]
J 4642 c1 com.sun.javafx.tk.quantum.GlassViewEventHandler$$Lambda+0x00000000092ee580.get()Ljava/lang/Object; javafx.graphics@21.0.6 (8 bytes) @ 0x0000011d007461cc [0x0000011d00745f80+0x000000000000024c]
J 3970 c1 com.sun.javafx.tk.quantum.QuantumToolkit.runWithoutRenderLock(Ljava/util/function/Supplier;)Ljava/lang/Object; javafx.graphics@21.0.6 (49 bytes) @ 0x0000011d005e963c [0x0000011d005e9000+0x000000000000063c]
J 4640 c1 com.sun.javafx.tk.quantum.GlassViewEventHandler.handleMouseEvent(Lcom/sun/glass/ui/View;JIIIIIIIZZ)V javafx.graphics@21.0.6 (108 bytes) @ 0x0000011d0074593c [0x0000011d00745500+0x000000000000043c]
J 4639 c1 com.sun.glass.ui.View.handleMouseEvent(JIIIIIIIZZ)V javafx.graphics@21.0.6 (34 bytes) @ 0x0000011d007452cc [0x0000011d00745100+0x00000000000001cc]
J 4636 c1 com.sun.glass.ui.View.notifyMouse(IIIIIIIZZ)V javafx.graphics@21.0.6 (221 bytes) @ 0x0000011d00743ce4 [0x0000011d00742f80+0x0000000000000d64]
v  ~StubRoutines::call_stub 0x0000011d075312ed
j  com.sun.glass.ui.win.WinApplication._enterNestedEventLoopImpl()Ljava/lang/Object;+0 javafx.graphics@21.0.6
j  com.sun.glass.ui.win.WinApplication._enterNestedEventLoop()Ljava/lang/Object;+15 javafx.graphics@21.0.6
j  com.sun.glass.ui.Application.enterNestedEventLoop()Ljava/lang/Object;+14 javafx.graphics@21.0.6
j  com.sun.glass.ui.EventLoop.enter()Ljava/lang/Object;+42 javafx.graphics@21.0.6
j  com.sun.javafx.tk.quantum.QuantumToolkit.enterNestedEventLoop(Ljava/lang/Object;)Ljava/lang/Object;+98 javafx.graphics@21.0.6
j  javafx.stage.Stage.showAndWait()V+93 javafx.graphics@21.0.6
j  com.bwxor.piejfxsdk.service.GitLogViewService.showGitLogWindow(Ljava/util/List;)V+165
j  com.bwxor.piejfxsdk.service.GitService.showCommitLog()V+191
j  com.bwxor.piejfxsdk.factory.TabFactory.lambda$createCommitLogButton$0(Lcom/bwxor/piejfxsdk/state/ServiceState;Ljavafx/event/ActionEvent;)V+4
j  com.bwxor.piejfxsdk.factory.TabFactory$$Lambda+0x00000000094215e0.handle(Ljavafx/event/Event;)V+8
J 4477 c1 com.sun.javafx.event.CompositeEventHandler.dispatchBubblingEvent(Ljavafx/event/Event;)V javafx.base@19.0.2.1 (57 bytes) @ 0x0000011d006ef624 [0x0000011d006ef280+0x00000000000003a4]
J 5620 c2 com.sun.javafx.event.EventHandlerManager.dispatchBubblingEvent(Ljavafx/event/EventType;Ljavafx/event/Event;)Ljavafx/event/Event; javafx.base@19.0.2.1 (41 bytes) @ 0x0000011d07c795ac [0x0000011d07c79380+0x000000000000022c]
J 3733 c1 com.sun.javafx.event.EventHandlerManager.dispatchBubblingEvent(Ljavafx/event/Event;)Ljavafx/event/Event; javafx.base@19.0.2.1 (23 bytes) @ 0x0000011d00577c64 [0x0000011d00577b00+0x0000000000000164]
J 3732 c1 com.sun.javafx.event.CompositeEventDispatcher.dispatchBubblingEvent(Ljavafx/event/Event;)Ljavafx/event/Event; javafx.base@19.0.2.1 (35 bytes) @ 0x0000011d0057814c [0x0000011d00577f80+0x00000000000001cc]
J 6940 c2 com.sun.javafx.event.BasicEventDispatcher.dispatchEvent(Ljavafx/event/Event;Ljavafx/event/EventDispatchChain;)Ljavafx/event/Event; javafx.base@19.0.2.1 (44 bytes) @ 0x0000011d07d339cc [0x0000011d07d33880+0x000000000000014c]
J 6940 c2 com.sun.javafx.event.BasicEventDispatcher.dispatchEvent(Ljavafx/event/Event;Ljavafx/event/EventDispatchChain;)Ljavafx/event/Event; javafx.base@19.0.2.1 (44 bytes) @ 0x0000011d07d33978 [0x0000011d07d33880+0x00000000000000f8]
J 6940 c2 com.sun.javafx.event.BasicEventDispatcher.dispatchEvent(Ljavafx/event/Event;Ljavafx/event/EventDispatchChain;)Ljavafx/event/Event; javafx.base@19.0.2.1 (44 bytes) @ 0x0000011d07d33978 [0x0000011d07d33880+0x00000000000000f8]
J 6940 c2 com.sun.javafx.event.BasicEventDispatcher.dispatchEvent(Ljavafx/event/Event;Ljavafx/event/EventDispatchChain;)Ljavafx/event/Event; javafx.base@19.0.2.1 (44 bytes) @ 0x0000011d07d33978 [0x0000011d07d33880+0x00000000000000f8]
J 6940 c2 com.sun.javafx.event.BasicEventDispatcher.dispatchEvent(Ljavafx/event/Event;Ljavafx/event/EventDispatchChain;)Ljavafx/event/Event; javafx.base@19.0.2.1 (44 bytes) @ 0x0000011d07d33978 [0x0000011d07d33880+0x00000000000000f8]
J 6940 c2 com.sun.javafx.event.BasicEventDispatcher.dispatchEvent(Ljavafx/event/Event;Ljavafx/event/EventDispatchChain;)Ljavafx/event/Event; javafx.base@19.0.2.1 (44 bytes) @ 0x0000011d07d33978 [0x0000011d07d33880+0x00000000000000f8]
J 6940 c2 com.sun.javafx.event.BasicEventDispatcher.dispatchEvent(Ljavafx/event/Event;Ljavafx/event/EventDispatchChain;)Ljavafx/event/Event; javafx.base@19.0.2.1 (44 bytes) @ 0x0000011d07d33978 [0x0000011d07d33880+0x00000000000000f8]
J 6940 c2 com.sun.javafx.event.BasicEventDispatcher.dispatchEvent(Ljavafx/event/Event;Ljavafx/event/EventDispatchChain;)Ljavafx/event/Event; javafx.base@19.0.2.1 (44 bytes) @ 0x0000011d07d33978 [0x0000011d07d33880+0x00000000000000f8]
J 6940 c2 com.sun.javafx.event.BasicEventDispatcher.dispatchEvent(Ljavafx/event/Event;Ljavafx/event/EventDispatchChain;)Ljavafx/event/Event; javafx.base@19.0.2.1 (44 bytes) @ 0x0000011d07d33978 [0x0000011d07d33880+0x00000000000000f8]
J 6481 c2 com.sun.javafx.event.EventDispatchChainImpl.dispatchEvent(Ljavafx/event/Event;)Ljavafx/event/Event; javafx.base@19.0.2.1 (101 bytes) @ 0x0000011d07cc6734 [0x0000011d07cc6680+0x00000000000000b4]
J 6578 c1 com.sun.javafx.event.EventUtil.fireEvent(Ljavafx/event/EventTarget;Ljavafx/event/Event;)Ljavafx/event/Event; javafx.base@19.0.2.1 (81 bytes) @ 0x0000011d009e4834 [0x0000011d009e3a00+0x0000000000000e34]
J 4106 c1 javafx.event.Event.fireEvent(Ljavafx/event/EventTarget;Ljavafx/event/Event;)V javafx.base@19.0.2.1 (35 bytes) @ 0x0000011d00630034 [0x0000011d0062ff80+0x00000000000000b4]
j  javafx.scene.Node.fireEvent(Ljavafx/event/Event;)V+86 javafx.graphics@21.0.6
j  javafx.scene.control.Button.fire()V+15 javafx.controls@21.0.6
j  com.sun.javafx.scene.control.behavior.ButtonBehavior.mouseReleased(Ljavafx/scene/input/MouseEvent;)V+27 javafx.controls@21.0.6
j  com.sun.javafx.scene.control.behavior.ButtonBehavior$$Lambda+0x000000000929d9a0.handle(Ljavafx/event/Event;)V+8 javafx.controls@21.0.6
j  com.sun.javafx.scene.control.inputmap.InputMap.handle(Ljavafx/event/Event;)V+61 javafx.controls@21.0.6
j  com.sun.javafx.scene.control.inputmap.InputMap$$Lambda+0x000000000929cc70.handle(Ljavafx/event/Event;)V+5 javafx.controls@21.0.6
J 4441 c1 com.sun.javafx.event.CompositeEventHandler$NormalEventHandlerRecord.handleBubblingEvent(Ljavafx/event/Event;)V javafx.base@19.0.2.1 (11 bytes) @ 0x0000011d006e0e0c [0x0000011d006e0d00+0x000000000000010c]
J 4477 c1 com.sun.javafx.event.CompositeEventHandler.dispatchBubblingEvent(Ljavafx/event/Event;)V javafx.base@19.0.2.1 (57 bytes) @ 0x0000011d006ef4c4 [0x0000011d006ef280+0x0000000000000244]
J 5620 c2 com.sun.javafx.event.EventHandlerManager.dispatchBubblingEvent(Ljavafx/event/EventType;Ljavafx/event/Event;)Ljavafx/event/Event; javafx.base@19.0.2.1 (41 bytes) @ 0x0000011d07c795ac [0x0000011d07c79380+0x000000000000022c]
J 3733 c1 com.sun.javafx.event.EventHandlerManager.dispatchBubblingEvent(Ljavafx/event/Event;)Ljavafx/event/Event; javafx.base@19.0.2.1 (23 bytes) @ 0x0000011d00577c64 [0x0000011d00577b00+0x0000000000000164]
J 3732 c1 com.sun.javafx.event.CompositeEventDispatcher.dispatchBubblingEvent(Ljavafx/event/Event;)Ljavafx/event/Event; javafx.base@19.0.2.1 (35 bytes) @ 0x0000011d0057814c [0x0000011d00577f80+0x00000000000001cc]
J 6940 c2 com.sun.javafx.event.BasicEventDispatcher.dispatchEvent(Ljavafx/event/Event;Ljavafx/event/EventDispatchChain;)Ljavafx/event/Event; javafx.base@19.0.2.1 (44 bytes) @ 0x0000011d07d339cc [0x0000011d07d33880+0x000000000000014c]
J 6940 c2 com.sun.javafx.event.BasicEventDispatcher.dispatchEvent(Ljavafx/event/Event;Ljavafx/event/EventDispatchChain;)Ljavafx/event/Event; javafx.base@19.0.2.1 (44 bytes) @ 0x0000011d07d33978 [0x0000011d07d33880+0x00000000000000f8]
J 6940 c2 com.sun.javafx.event.BasicEventDispatcher.dispatchEvent(Ljavafx/event/Event;Ljavafx/event/EventDispatchChain;)Ljavafx/event/Event; javafx.base@19.0.2.1 (44 bytes) @ 0x0000011d07d33978 [0x0000011d07d33880+0x00000000000000f8]
J 6940 c2 com.sun.javafx.event.BasicEventDispatcher.dispatchEvent(Ljavafx/event/Event;Ljavafx/event/EventDispatchChain;)Ljavafx/event/Event; javafx.base@19.0.2.1 (44 bytes) @ 0x0000011d07d33978 [0x0000011d07d33880+0x00000000000000f8]
J 6940 c2 com.sun.javafx.event.BasicEventDispatcher.dispatchEvent(Ljavafx/event/Event;Ljavafx/event/EventDispatchChain;)Ljavafx/event/Event; javafx.base@19.0.2.1 (44 bytes) @ 0x0000011d07d33978 [0x0000011d07d33880+0x00000000000000f8]
J 6940 c2 com.sun.javafx.event.BasicEventDispatcher.dispatchEvent(Ljavafx/event/Event;Ljavafx/event/EventDispatchChain;)Ljavafx/event/Event; javafx.base@19.0.2.1 (44 bytes) @ 0x0000011d07d33978 [0x0000011d07d33880+0x00000000000000f8]
J 6940 c2 com.sun.javafx.event.BasicEventDispatcher.dispatchEvent(Ljavafx/event/Event;Ljavafx/event/EventDispatchChain;)Ljavafx/event/Event; javafx.base@19.0.2.1 (44 bytes) @ 0x0000011d07d33978 [0x0000011d07d33880+0x00000000000000f8]
J 6940 c2 com.sun.javafx.event.BasicEventDispatcher.dispatchEvent(Ljavafx/event/Event;Ljavafx/event/EventDispatchChain;)Ljavafx/event/Event; javafx.base@19.0.2.1 (44 bytes) @ 0x0000011d07d33978 [0x0000011d07d33880+0x00000000000000f8]
J 6940 c2 com.sun.javafx.event.BasicEventDispatcher.dispatchEvent(Ljavafx/event/Event;Ljavafx/event/EventDispatchChain;)Ljavafx/event/Event; javafx.base@19.0.2.1 (44 bytes) @ 0x0000011d07d33978 [0x0000011d07d33880+0x00000000000000f8]
J 6481 c2 com.sun.javafx.event.EventDispatchChainImpl.dispatchEvent(Ljavafx/event/Event;)Ljavafx/event/Event; javafx.base@19.0.2.1 (101 bytes) @ 0x0000011d07cc6734 [0x0000011d07cc6680+0x00000000000000b4]
J 6578 c1 com.sun.javafx.event.EventUtil.fireEvent(Ljavafx/event/EventTarget;Ljavafx/event/Event;)Ljavafx/event/Event; javafx.base@19.0.2.1 (81 bytes) @ 0x0000011d009e4394 [0x0000011d009e3a00+0x0000000000000994]
J 4603 c1 javafx.scene.Scene$MouseHandler.process(Ljavafx/scene/input/MouseEvent;Z)V javafx.graphics@21.0.6 (793 bytes) @ 0x0000011d007311dc [0x0000011d0072e600+0x0000000000002bdc]
J 4649 c1 javafx.scene.Scene$ScenePeerListener.mouseEvent(Ljavafx/event/EventType;DDDDLjavafx/scene/input/MouseButton;ZZZZZZZZZZZ)V javafx.graphics@21.0.6 (54 bytes) @ 0x0000011d007493a4 [0x0000011d00749100+0x00000000000002a4]
J 4645 c1 com.sun.javafx.tk.quantum.GlassViewEventHandler$MouseEventNotification.run()Ljava/lang/Void; javafx.graphics@21.0.6 (703 bytes) @ 0x0000011d00747fec [0x0000011d00746da0+0x000000000000124c]
J 4642 c1 com.sun.javafx.tk.quantum.GlassViewEventHandler$$Lambda+0x00000000092ee580.get()Ljava/lang/Object; javafx.graphics@21.0.6 (8 bytes) @ 0x0000011d007461cc [0x0000011d00745f80+0x000000000000024c]
J 3970 c1 com.sun.javafx.tk.quantum.QuantumToolkit.runWithoutRenderLock(Ljava/util/function/Supplier;)Ljava/lang/Object; javafx.graphics@21.0.6 (49 bytes) @ 0x0000011d005e963c [0x0000011d005e9000+0x000000000000063c]
J 4640 c1 com.sun.javafx.tk.quantum.GlassViewEventHandler.handleMouseEvent(Lcom/sun/glass/ui/View;JIIIIIIIZZ)V javafx.graphics@21.0.6 (108 bytes) @ 0x0000011d0074593c [0x0000011d00745500+0x000000000000043c]
J 4639 c1 com.sun.glass.ui.View.handleMouseEvent(JIIIIIIIZZ)V javafx.graphics@21.0.6 (34 bytes) @ 0x0000011d007452cc [0x0000011d00745100+0x00000000000001cc]
J 4636 c1 com.sun.glass.ui.View.notifyMouse(IIIIIIIZZ)V javafx.graphics@21.0.6 (221 bytes) @ 0x0000011d00743ce4 [0x0000011d00742f80+0x0000000000000d64]
v  ~StubRoutines::call_stub 0x0000011d075312ed
j  com.sun.glass.ui.win.WinApplication._runLoop(Ljava/lang/Runnable;)V+0 javafx.graphics@21.0.6
j  com.sun.glass.ui.win.WinApplication.lambda$runLoop$3(ILjava/lang/Runnable;)V+8 javafx.graphics@21.0.6
j  com.sun.glass.ui.win.WinApplication$$Lambda+0x000000000905d160.run()V+12 javafx.graphics@21.0.6
j  java.lang.Thread.runWith(Ljava/lang/Object;Ljava/lang/Runnable;)V+5 java.base@25.0.1
j  java.lang.Thread.run()V+19 java.base@25.0.1
v  ~StubRoutines::call_stub 0x0000011d075312ed

siginfo: EXCEPTION_ACCESS_VIOLATION (0xc0000005), reading address 0x0000000000000000


Registers:
RAX=0x0000000000000000, RBX=0x0000000000000000, RCX=0x0000000000000000, RDX=0x0000000000000001
RSP=0x000000119d3f8170, RBP=0x000000119d3f8260, RSI=0x0000000000000004, RDI=0x0000011d1e382e20
R8 =0x0000000000000002, R9 =0x0000000000000000, R10=0x0000000000000000, R11=0x000000119d3f8120
R12=0x0000000000000000, R13=0x0000011d105fe6a8, R14=0x0000011d146a0f68, R15=0x0000011d14f46450
RIP=0x00007ffc18b17278, EFLAGS=0x0000000000010202

XMM[0]=0x0000000000000000 0x0000000000000000
XMM[1]=0x0000000000000000 0x0000000000000000
XMM[2]=0x0000000000000000 0x495520656f676553
XMM[3]=0x0000000000000000 0x0000000000000000
XMM[4]=0x0000000000000000 0x000000004b000000
XMM[5]=0x0000000000000096 0x0000000000000000
XMM[6]=0x0000000000000000 0x0000000000000000
XMM[7]=0x0000000000000000 0x0000000000000000
XMM[8]=0x0000000000000000 0x0000000000000000
XMM[9]=0x0000000000000000 0x0000000000000000
XMM[10]=0x0000000000000000 0x00000000a5ec7020
XMM[11]=0x0000000000000000 0x614ff5d462c40467
XMM[12]=0x0000000000000000 0x0000000001740e93
XMM[13]=0x0000000000000000 0x0000000000000000
XMM[14]=0x0000000000000000 0x00000000ff000000
XMM[15]=0x0000000000000000 0x0000000000000000
  MXCSR=0x00001faf


Register to memory mapping:

RAX=0x0 is null
RBX=0x0 is null
RCX=0x0 is null
RDX=0x0000000000000001 is an unknown value
RSP=0x000000119d3f8170 is pointing into the stack for thread: 0x0000011d146a0b20
RBP=0x000000119d3f8260 is pointing into the stack for thread: 0x0000011d146a0b20
RSI=0x0000000000000004 is an unknown value
RDI=0x0000011d1e382e20 points into unknown readable memory: 0x0000000000000000 | 00 00 00 00 00 00 00 00
R8 =0x0000000000000002 is an unknown value
R9 =0x0 is null
R10=0x0 is null
R11=0x000000119d3f8120 is pointing into the stack for thread: 0x0000011d146a0b20
R12=0x0 is null
R13={method} {0x0000011d105fe6b0} 'JFXTextRendererGetGlyphOffsets' '(J[FI)I' in 'com/sun/javafx/font/directwrite/OS'
R14=0x0000011d146a0f68 points into unknown readable memory: 0x00007ffbb8876b50 | 50 6b 87 b8 fb 7f 00 00
R15=0x0000011d14f46450 points into unknown readable memory: 0x00007ffc18b1ccc8 | c8 cc b1 18 fc 7f 00 00

Top of Stack: (sp=0x000000119d3f8170)
0x000000119d3f8170:   0000000000000002 0000000000000000   ................
0x000000119d3f8180:   0000000000000004 0000011d0753d7f3   ..........S.....
0x000000119d3f8190:   0000011d146a0b20 000000119d3f8270    .j.....p.?.....
0x000000119d3f81a0:   0000011d07538c60 0000011d0753d193   `.S.......S.....
0x000000119d3f81b0:   0000011d105fe6a8 000000119d3f8238   .._.....8.?.....
0x000000119d3f81c0:   00000007092bf0b6 0000000000000000   ..+.............
0x000000119d3f81d0:   0000001100000000 0000011d07538c60   ........`.S.....
0x000000119d3f81e0:   fffffffffffffff7 0000000000000000   ................
0x000000119d3f81f0:   fffffffffffffff7 0000000000000000   ................
0x000000119d3f8200:   0000000000000007 0000011d10600e88   ..........`.....
0x000000119d3f8210:   0000000000000000 0000000709cce190   ................
0x000000119d3f8220:   0000011d105fe6a8 0000000000000000   .._.............
0x000000119d3f8230:   000000119d3f8258 000000119d3f82c0   X.?.......?.....
0x000000119d3f8240:   0000011d07538c60 0000000709cce190   `.S.............
0x000000119d3f8250:   0000011d0753a755 0000000000000000   U.S.............
0x000000119d3f8260:   000000070be65bf8 0000011d14f46450   .[......Pd......
0x000000119d3f8270:   0000000000000000 fffffffffffffff7   ................
0x000000119d3f8280:   0000011d1245b56e 0000000000000004   n.E.............
0x000000119d3f8290:   00000000094fbfa0 0000000000000000   ..O.............
0x000000119d3f82a0:   000000070be09808 0000011d1245b578   ........x.E.....
0x000000119d3f82b0:   fffffffffffffff3 000000119d3f82d0   ..........?.....
0x000000119d3f82c0:   000000119d3f8330 0000011d07538c60   0.?.....`.S.....
0x000000119d3f82d0:   0000000000000000 000000070be65bf8   .........[......
0x000000119d3f82e0:   000000070be65bb0 fffffffffffffff7   .[..............
0x000000119d3f82f0:   0000011d105f275d 0000000000000020   ]'_..... .......
0x000000119d3f8300:   0000011d10e53700 0000000000000000   .7..............
0x000000119d3f8310:   0000000709a554d0 0000011d105f2858   .T......X(_.....
0x000000119d3f8320:   fffffffffffffff4 000000119d3f8410   ..........?.....
0x000000119d3f8330:   000000119d3f8480 0000011d07538b18   ..?.......S.....
0x000000119d3f8340:   0000000000000000 0000000000000000   ................
0x000000119d3f8350:   000000070be65c30 0000000000000000   0\..............
0x000000119d3f8360:   0000000000000000 000000070be65c18   .........\......

Instructions: (pc=0x00007ffc18b17278)
  0x00007ffc18b17178:   24 68 eb 02 33 c0 48 8b 6c 24 70 0f 28 74 24 20
  0x00007ffc18b17188:   48 83 c4 30 41 5f 41 5e 41 5d 41 5c 5e c3 cc cc
  0x00007ffc18b17198:   cc cc cc cc cc cc cc cc 48 89 5c 24 08 48 89 6c
  0x00007ffc18b171a8:   24 10 48 89 74 24 18 57 41 56 41 57 48 83 ec 20
  0x00007ffc18b171b8:   49 8b e9 4d 8b f8 4c 8b f1 4d 85 c9 0f 84 ea 00
  0x00007ffc18b171c8:   00 00 48 8b 01 45 33 c0 49 8b d1 ff 90 e8 05 00
  0x00007ffc18b171d8:   00 48 8b f8 48 85 c0 0f 84 cf 00 00 00 8b 5c 24
  0x00007ffc18b171e8:   60 85 db 0f 88 c3 00 00 00 49 8b cf e8 47 ac ff
  0x00007ffc18b171f8:   ff 4d 8b 06 8b f0 48 8b d5 49 8b ce 03 f6 41 ff
  0x00007ffc18b17208:   90 58 05 00 00 2b c3 3b c6 0f 4e f0 40 f6 c6 01
  0x00007ffc18b17218:   0f 85 96 00 00 00 4d 8b 4f 10 48 b8 a3 8b 2e ba
  0x00007ffc18b17228:   e8 a2 8b 2e 49 8b 4f 18 45 33 c0 45 8b 57 28 49
  0x00007ffc18b17238:   2b c9 48 f7 e9 48 c1 fa 04 48 8b c2 48 c1 e8 3f
  0x00007ffc18b17248:   48 03 d0 4c 3b d2 72 05 45 8b c8 eb 0c 49 63 c2
  0x00007ffc18b17258:   48 6b c8 58 4e 8b 4c 09 20 41 8b d0 85 f6 74 32
  0x00007ffc18b17268:   0f 1f 84 00 00 00 00 00 8b c2 41 83 c0 02 ff c2
=>0x00007ffc18b17278:   f3 41 0f 10 04 c1 f3 41 0f 10 4c c1 04 8b c3 ff
  0x00007ffc18b17288:   c3 f3 0f 11 04 87 f3 0f 11 0c 9f ff c3 44 3b c6
  0x00007ffc18b17298:   72 d6 4d 8b 16 45 33 c9 4c 8b c7 48 8b d5 49 8b
  0x00007ffc18b172a8:   ce 41 ff 92 28 06 00 00 8b c6 eb 02 33 c0 48 8b
  0x00007ffc18b172b8:   5c 24 40 48 8b 6c 24 48 48 8b 74 24 50 48 83 c4
  0x00007ffc18b172c8:   20 41 5f 41 5e 5f c3 cc 4d 8b 48 10 48 b8 a3 8b
  0x00007ffc18b172d8:   2e ba e8 a2 8b 2e 49 8b 48 18 45 8b 50 28 49 2b
  0x00007ffc18b172e8:   c9 48 f7 e9 48 c1 fa 04 48 8b c2 48 c1 e8 3f 48
  0x00007ffc18b172f8:   03 d0 4c 3b d2 72 03 33 c0 c3 49 63 c2 48 6b c8
  0x00007ffc18b17308:   58 42 8b 44 09 40 c3 cc 4d 8b 48 10 48 b8 a3 8b
  0x00007ffc18b17318:   2e ba e8 a2 8b 2e 49 8b 48 18 45 8b 50 28 49 2b
  0x00007ffc18b17328:   c9 48 f7 e9 48 c1 fa 04 48 8b c2 48 c1 e8 3f 48
  0x00007ffc18b17338:   03 d0 4c 3b d2 72 03 33 c0 c3 49 63 c2 48 6b c8
  0x00007ffc18b17348:   58 42 8b 44 09 50 c3 cc 41 8b 40 2c c3 cc cc cc
  0x00007ffc18b17358:   cc cc cc cc cc cc cc cc 41 ff 40 28 48 b8 a3 8b
  0x00007ffc18b17368:   2e ba e8 a2 8b 2e 49 8b 48 18 49 2b 48 10 45 8b


Stack slot to memory mapping:

stack at sp + 0 slots: 0x0000000000000002 is an unknown value
stack at sp + 1 slots: 0x0 is null
stack at sp + 2 slots: 0x0000000000000004 is an unknown value
stack at sp + 3 slots: 0x0000011d0753d7f3 is at code_begin+2611 in an Interpreter codelet
native method entry point (kind = native)  [0x0000011d0753cdc0, 0x0000011d0753d8b8]  2808 bytes
stack at sp + 4 slots: 0x0000011d146a0b20 is a thread
stack at sp + 5 slots: 0x000000119d3f8270 is pointing into the stack for thread: 0x0000011d146a0b20
stack at sp + 6 slots: 0x0000011d07538c60 is at code_begin+1600 in an Interpreter codelet
return entry points  [0x0000011d07538620, 0x0000011d07539298]  3192 bytes
stack at sp + 7 slots: 0x0000011d0753d193 is at code_begin+979 in an Interpreter codelet
native method entry point (kind = native)  [0x0000011d0753cdc0, 0x0000011d0753d8b8]  2808 bytes

Lock stack of current Java thread (top to bottom):

native method entry point (kind = native)  [0x0000011d0753cdc0, 0x0000011d0753d8b8]  2808 bytes
[MachCode]
  0x0000011d0753cdc0: 488b 4b08 | 0fb7 492e | 584c 8d74 | ccf8 6800 | 0000 0068 | 0000 0000 | 5055 488b | ec41 5548 
  0x0000011d0753cde0: 8b43 084c | 8d68 3848 | 8b40 0868 | 0000 0000 | 5348 8b50 | 1848 8b52 | 7048 8b12 | 5248 8b53 
  0x0000011d0753ce00: 1048 85d2 | 7407 4881 | c2d0 0000 | 0052 488b | 5010 5249 | 8bc6 482b | c548 c1e8 | 0350 6800 
  0x0000011d0753ce20: 0000 0068 | f7ff ffff | 41c6 87f1 | 0400 0001 | 488b 4310 | 4885 c074 | 208b 8890 | 0000 0083 
  0x0000011d0753ce40: c102 8988 | 9000 0000 | 2388 a400 | 0000 0f84 | b209 0000 | e9cf 0000 | 0048 8b43 | 1848 85c0 
  0x0000011d0753ce60: 0f85 b000 | 0000 e805 | 0000 00e9 | 9900 0000 | 488b d348 | 8d44 2408 | 4c89 6dc0 | 498b cfc5 
  0x0000011d0753ce80: f877 4989 | af38 0400 | 0049 8987 | 2804 0000 | 4883 ec20 | 40f6 c40f | 0f84 1900 | 0000 4883 
  0x0000011d0753cea0: ec08 48b8 | 401f 00b8 | fb7f 0000 | ffd0 4883 | c408 e90c | 0000 0048 | b840 1f00 | b8fb 7f00 
  0x0000011d0753cec0: 00ff d048 | 83c4 2049 | c787 2804 | 0000 0000 | 0000 49c7 | 8738 0400 | 0000 0000 | 0049 c787 
  0x0000011d0753cee0: 3004 0000 | 0000 0000 | c5f8 7749 | 837f 0800 | 0f84 0500 | 0000 e9e5 | 42ff ff4c | 8b6d c04c 
  0x0000011d0753cf00: 8b75 c84e | 8d74 f500 | c348 8b43 | 1848 85c0 | 0f84 1200 | 0000 8b48 | 0883 c102 | 8948 0823 
  0x0000011d0753cf20: 482c 0f84 | de08 0000 | 493b a770 | 0500 000f | 8748 0000 | 0089 8424 | 00f0 ffff | 8984 2400 
  0x0000011d0753cf40: e0ff ff89 | 8424 00d0 | ffff 8984 | 2400 c0ff | ff89 8424 | 00b0 ffff | 8984 2400 | a0ff ff89 
  0x0000011d0753cf60: 8424 0090 | ffff 8984 | 2400 80ff | ff49 3ba7 | 6805 0000 | 7607 4989 | a770 0500 | 0041 c687 
  0x0000011d0753cf80: f104 0000 | 0048 8b5d | e84c 8b5b | 0845 0fb7 | 5b2e 41c1 | e303 492b | e348 83ec | 2048 83e4 
  0x0000011d0753cfa0: f04c 8b5b | 604d 85db | 0f85 ab00 | 0000 e805 | 0000 00e9 | 9900 0000 | 488b d348 | 8d44 2408 
  0x0000011d0753cfc0: 4c89 6dc0 | 498b cfc5 | f877 4989 | af38 0400 | 0049 8987 | 2804 0000 | 4883 ec20 | 40f6 c40f 
  0x0000011d0753cfe0: 0f84 1900 | 0000 4883 | ec08 48b8 | 7048 00b8 | fb7f 0000 | ffd0 4883 | c408 e90c | 0000 0048 
  0x0000011d0753d000: b870 4800 | b8fb 7f00 | 00ff d048 | 83c4 2049 | c787 2804 | 0000 0000 | 0000 49c7 | 8738 0400 
  0x0000011d0753d020: 0000 0000 | 0049 c787 | 3004 0000 | 0000 0000 | c5f8 7749 | 837f 0800 | 0f84 0500 | 0000 e99d 
  0x0000011d0753d040: 41ff ff4c | 8b6d c04c | 8b75 c84e | 8d74 f500 | c348 8b5d | e84c 8b5b | 6041 ffd3 | 488b 5de8 
  0x0000011d0753d060: 4889 4518 | 440f b75b | 2c41 f6c3 | 080f 841b | 0000 004c | 8b5b 084d | 8b5b 084d | 8b5b 184d 
  0x0000011d0753d080: 8b5b 704d | 8b1b 4c89 | 5d10 488d | 5510 488b | 4358 49ba | a00f 3bb8 | fb7f 0000 | 493b c20f 
  0x0000011d0753d0a0: 85ab 0000 | 00e8 0500 | 0000 e999 | 0000 0048 | 8bd3 488d | 4424 084c | 896d c049 | 8bcf c5f8 
  0x0000011d0753d0c0: 7749 89af | 3804 0000 | 4989 8728 | 0400 0048 | 83ec 2040 | f6c4 0f0f | 8419 0000 | 0048 83ec 
  0x0000011d0753d0e0: 0848 b870 | 4800 b8fb | 7f00 00ff | d048 83c4 | 08e9 0c00 | 0000 48b8 | 7048 00b8 | fb7f 0000 
  0x0000011d0753d100: ffd0 4883 | c420 49c7 | 8728 0400 | 0000 0000 | 0049 c787 | 3804 0000 | 0000 0000 | 49c7 8730 
  0x0000011d0753d120: 0400 0000 | 0000 00c5 | f877 4983 | 7f08 000f | 8405 0000 | 00e9 a640 | ffff 4c8b | 6dc0 4c8b 
  0x0000011d0753d140: 75c8 4e8d | 74f5 00c3 | 488b 5de8 | 488b 4358 | 498d 8f48 | 0400 004c | 8d15 d500 | 0000 4d89 
  0x0000011d0753d160: 9730 0400 | 00c5 f877 | 4989 af38 | 0400 0049 | 89a7 2804 | 0000 41c7 | 87d4 0400 | 0004 0000 
  0x0000011d0753d180: 0049 3ba7 | c805 0000 | 7607 4989 | a7c8 0500 | 00ff d049 | 3ba7 c805 | 0000 720b | 49c7 87c8 
  0x0000011d0753d1a0: 0500 0000 | 0000 00c5 | f877 4883 | ec10 c5fb | 1104 2448 | 83ec 1048 | 8904 2448 | c744 2408 
  0x0000011d0753d1c0: 0000 0000 | 41c7 87d4 | 0400 0005 | 0000 00f0 | 8344 24c0 | 0049 3b6f | 280f 870e | 0000 0041 
  0x0000011d0753d1e0: 83bf d004 | 0000 000f | 8420 0000 | 0049 8bcf | 4c8b e448 | 83ec 2048 | 83e4 f048 | b8a0 ac01 
  0x0000011d0753d200: b8fb 7f00 | 00ff d049 | 8be4 4d33 | e441 c787 | d404 0000 | 0800 0000 | 4d8b 97f0 | 0500 0049 
  0x0000011d0753d220: 83fa 0074 | 3549 c787 | f005 0000 | 0000 0000 | 41ff e249 | ba60 be53 | 071d 0100 | 0041 ffd2 
  0x0000011d0753d240: 4883 ec10 | c5fb 1104 | 2448 83ec | 1048 8904 | 2448 c744 | 2408 0000 | 0000 49c7 | 8728 0400 
  0x0000011d0753d260: 0000 0000 | 0049 c787 | 3804 0000 | 0000 0000 | 49c7 8730 | 0400 0000 | 0000 00c5 | f877 4d8b 
  0x0000011d0753d280: 9fb8 0400 | 0041 c783 | 0001 0000 | 0000 0000 | 49bb 5aa7 | 5307 1d01 | 0000 4c3b | 5d18 0f85 
  0x0000011d0753d2a0: 5501 0000 | 488b 0424 | 4883 c410 | 4885 c00f | 842f 0100 | 00a8 030f | 8508 0000 | 0048 8b00 
  0x0000011d0753d2c0: e91f 0100 | 00a8 010f | 8509 0000 | 0048 8b40 | fee9 0e01 | 0000 488b | 40ff 4180 | 7f48 000f 
  0x0000011d0753d2e0: 84ff 0000 | 0048 83f8 | 000f 84f5 | 0000 004d | 8b5f 384d | 85db 0f84 | 1400 0000 | 4983 eb08 
  0x0000011d0753d300: 4d89 5f38 | 4d03 5f40 | 4989 03e9 | d400 0000 | 4883 ec70 | 4889 0424 | 4889 4c24 | 0848 8954 
  0x0000011d0753d320: 2410 4c89 | 4424 184c | 894c 2420 | 4c89 5424 | 284c 895c | 2430 c5fb | 1144 2440 | c5fb 114c 
  0x0000011d0753d340: 2448 c5fb | 1154 2450 | c5fb 115c | 2458 c5fb | 1164 2460 | c5fb 116c | 2468 498b | d748 8bc8 
  0x0000011d0753d360: 4883 ec20 | 40f6 c40f | 0f84 1900 | 0000 4883 | ec08 48b8 | 2076 f4b7 | fb7f 0000 | ffd0 4883 
  0x0000011d0753d380: c408 e90c | 0000 0048 | b820 76f4 | b7fb 7f00 | 00ff d048 | 83c4 20c5 | fb10 6c24 | 68c5 fb10 
  0x0000011d0753d3a0: 6424 60c5 | fb10 5c24 | 58c5 fb10 | 5424 50c5 | fb10 4c24 | 48c5 fb10 | 4424 404c | 8b5c 2430 
  0x0000011d0753d3c0: 4c8b 5424 | 284c 8b4c | 2420 4c8b | 4424 1848 | 8b54 2410 | 488b 4c24 | 0848 8b04 | 2448 83c4 
  0x0000011d0753d3e0: 70c5 f877 | 4889 4510 | 4883 ec10 | 4889 0424 | 48c7 4424 | 0800 0000 | 0041 83bf | 5005 0000 
  0x0000011d0753d400: 020f 85bf | 0000 0048 | 81ec 8000 | 0000 4889 | 4424 7848 | 894c 2470 | 4889 5424 | 6848 895c 
  0x0000011d0753d420: 2460 4889 | 6c24 5048 | 8974 2448 | 4889 7c24 | 404c 8944 | 2438 4c89 | 4c24 304c | 8954 2428 
  0x0000011d0753d440: 4c89 5c24 | 204c 8964 | 2418 4c89 | 6c24 104c | 8974 2408 | 4c89 3c24 | 4c8b e448 | 83ec 2048 
  0x0000011d0753d460: 83e4 f048 | b810 f73a | b8fb 7f00 | 00ff d049 | 8be4 4c8b | 3c24 4c8b | 7424 084c | 8b6c 2410 
  0x0000011d0753d480: 4c8b 6424 | 184c 8b5c | 2420 4c8b | 5424 284c | 8b4c 2430 | 4c8b 4424 | 3848 8b7c | 2440 488b 
  0x0000011d0753d4a0: 7424 4848 | 8b6c 2450 | 488b 5c24 | 6048 8b54 | 2468 488b | 4c24 7048 | 8b44 2478 | 4881 c480 
  0x0000011d0753d4c0: 0000 004d | 33e4 488b | 5de8 4c8b | 6b08 4d8d | 6d38 4983 | 7f08 000f | 84bb 0000 | 00e8 0500 
  0x0000011d0753d4e0: 0000 e996 | 0000 0048 | 8d44 2408 | 4c89 6dc0 | 498b cfc5 | f877 4989 | af38 0400 | 0049 8987 
  0x0000011d0753d500: 2804 0000 | 4883 ec20 | 40f6 c40f | 0f84 1900 | 0000 4883 | ec08 48b8 | b066 00b8 | fb7f 0000 
  0x0000011d0753d520: ffd0 4883 | c408 e90c | 0000 0048 | b8b0 6600 | b8fb 7f00 | 00ff d048 | 83c4 2049 | c787 2804 
  0x0000011d0753d540: 0000 0000 | 0000 49c7 | 8738 0400 | 0000 0000 | 0049 c787 | 3004 0000 | 0000 0000 | c5f8 7749 
  0x0000011d0753d560: 837f 0800 | 0f84 0500 | 0000 e971 | 3cff ff4c | 8b6d c04c | 8b75 c84e | 8d74 f500 | c348 b928 
  0x0000011d0753d580: 0864 b8fb | 7f00 0048 | 83e4 f048 | b800 8d27 | b8fb 7f00 | 00ff d0f4 | 440f b75b | 2c41 f6c3 
  0x0000011d0753d5a0: 200f 8472 | 0100 0048 | 8d55 a84c | 8b5a 084d | 85db 0f85 | bb00 0000 | e805 0000 | 00e9 9600 
  0x0000011d0753d5c0: 0000 488d | 4424 084c | 896d c049 | 8bcf c5f8 | 7749 89af | 3804 0000 | 4989 8728 | 0400 0048 
  0x0000011d0753d5e0: 83ec 2040 | f6c4 0f0f | 8419 0000 | 0048 83ec | 0848 b8e0 | 6500 b8fb | 7f00 00ff | d048 83c4 
  0x0000011d0753d600: 08e9 0c00 | 0000 48b8 | e065 00b8 | fb7f 0000 | ffd0 4883 | c420 49c7 | 8728 0400 | 0000 0000 
  0x0000011d0753d620: 0049 c787 | 3804 0000 | 0000 0000 | 49c7 8730 | 0400 0000 | 0000 00c5 | f877 4983 | 7f08 000f 
  0x0000011d0753d640: 8405 0000 | 00e9 963b | ffff 4c8b | 6dc0 4c8b | 75c8 4e8d | 74f5 00c3 | 48b9 2808 | 64b8 fb7f 
  0x0000011d0753d660: 0000 4883 | e4f0 48b8 | 008d 27b8 | fb7f 0000 | ffd0 f44c | 896d c04c | 8b4a 0848 | c742 0800 
  0x0000011d0753d680: 0000 0045 | 8b87 d806 | 0000 4f3b | 4c07 f80f | 8542 0000 | 0041 83af | d806 0000 | 084f 3b4c 
  0x0000011d0753d6a0: 07f0 0f84 | 2a00 0000 | 498b 01a8 | 020f 8512 | 0000 004c | 8bc0 4983 | c801 f04d | 0fb1 010f 
  0x0000011d0753d6c0: 840d 0000 | 0041 8387 | d806 0000 | 08e9 0500 | 0000 e93e | 0000 004c | 894a 0848 | 8bca 4883 
  0x0000011d0753d6e0: ec20 40f6 | c40f 0f84 | 1900 0000 | 4883 ec08 | 48b8 3038 | 00b8 fb7f | 0000 ffd0 | 4883 c408 
  0x0000011d0753d700: e90c 0000 | 0048 b830 | 3800 b8fb | 7f00 00ff | d048 83c4 | 204c 8b6d | c041 c687 | 9603 0000 
  0x0000011d0753d720: 0149 3b6f | 280f 8705 | 0000 00e9 | ab00 0000 | 4883 ec10 | c5fb 1104 | 2448 83ec | 1048 8904 
  0x0000011d0753d740: 2448 c744 | 2408 0000 | 0000 c5f8 | 7749 89af | 3804 0000 | 49ba 4ad7 | 5307 1d01 | 0000 4d89 
  0x0000011d0753d760: 9730 0400 | 0049 89a7 | 2804 0000 | 498b cf48 | 83ec 2040 | f6c4 0f0f | 8419 0000 | 0048 83ec 
  0x0000011d0753d780: 0848 b8d0 | 1e00 b8fb | 7f00 00ff | d048 83c4 | 08e9 0c00 | 0000 48b8 | d01e 00b8 | fb7f 0000 
  0x0000011d0753d7a0: ffd0 4883 | c420 49c7 | 8728 0400 | 0000 0000 | 0049 c787 | 3804 0000 | 0000 0000 | 49c7 8730 
  0x0000011d0753d7c0: 0400 0000 | 0000 00c5 | f877 488b | 0424 4883 | c410 c5fb | 1004 2448 | 83c4 1048 | 8b04 2448 
  0x0000011d0753d7e0: 83c4 10c5 | fb10 0424 | 4883 c410 | 4c8b 5d18 | 41ff d34c | 8b5d f8c9 | 41c6 8796 | 0300 0000 
  0x0000011d0753d800: 5f49 8be3 | ffe7 ba00 | 0000 00e8 | 0500 0000 | e996 0000 | 0048 8d44 | 2408 4c89 | 6dc0 498b 
  0x0000011d0753d820: cfc5 f877 | 4989 af38 | 0400 0049 | 8987 2804 | 0000 4883 | ec20 40f6 | c40f 0f84 | 1900 0000 
  0x0000011d0753d840: 4883 ec08 | 48b8 202e | 00b8 fb7f | 0000 ffd0 | 4883 c408 | e90c 0000 | 0048 b820 | 2e00 b8fb 
  0x0000011d0753d860: 7f00 00ff | d048 83c4 | 2049 c787 | 2804 0000 | 0000 0000 | 49c7 8738 | 0400 0000 | 0000 0049 
  0x0000011d0753d880: c787 3004 | 0000 0000 | 0000 c5f8 | 7749 837f | 0800 0f84 | 0500 0000 | e943 39ff | ff4c 8b6d 
  0x0000011d0753d8a0: c04c 8b75 | c84e 8d74 | f500 c348 | 8b5d e8e9 | 74f6 ffff | 0f1f 4000 
[/MachCode]

Compiled method (c1) 27536 6229       3       com.sun.javafx.text.PrismTextLayout::shape (622 bytes)
 total in heap  [0x0000011d00920a08,0x0000011d00923418] = 10768
 constants      [0x0000011d00920b00,0x0000011d00920b40] = 64
 main code      [0x0000011d00920b40,0x0000011d009232a0] = 10080
 stub code      [0x0000011d009232a0,0x0000011d00923408] = 360
 oops           [0x0000011d00923408,0x0000011d00923418] = 16
 mutable data [0x0000011d1e03b710,0x0000011d1e03bbb8] = 1192
 relocation     [0x0000011d1e03b710,0x0000011d1e03ba68] = 856
 metadata       [0x0000011d1e03ba68,0x0000011d1e03bbb8] = 336
 immutable data [0x0000011d0f32edb0,0x0000011d0f32fb58] = 3496
 dependencies   [0x0000011d0f32edb0,0x0000011d0f32ee20] = 112
 nul chk table  [0x0000011d0f32ee20,0x0000011d0f32ef28] = 264
 scopes pcs     [0x0000011d0f32ef28,0x0000011d0f32f4b8] = 1424
 scopes data    [0x0000011d0f32f4b8,0x0000011d0f32fb58] = 1696


[Constant Pool]
             Address          hex4                    hex8      
  0x0000011d00920b00:   0x9999999a      0x3fe999999999999a      
  0x0000011d00920b04:   0x3fe99999                              
  0x0000011d00920b08:   0x00000000      0x3fe8000000000000      
  0x0000011d00920b0c:   0x3fe80000                              
  0x0000011d00920b10:   0x00000000      0x3fe8000000000000      
  0x0000011d00920b14:   0x3fe80000                              
  0x0000011d00920b18:   0x00000000      0x3fe8000000000000      
  0x0000011d00920b1c:   0x3fe80000                              
  0x0000011d00920b20:   0x00000000      0x3fe8000000000000      
  0x0000011d00920b24:   0x3fe80000                              
  0x0000011d00920b28:   0xf4f4f4f4      0xf4f4f4f4f4f4f4f4      
  0x0000011d00920b2c:   0xf4f4f4f4                              
  0x0000011d00920b30:   0xf4f4f4f4      0xf4f4f4f4f4f4f4f4      
  0x0000011d00920b34:   0xf4f4f4f4                              
  0x0000011d00920b38:   0xf4f4f4f4      0xf4f4f4f4f4f4f4f4      
  0x0000011d00920b3c:   0xf4f4f4f4                              

[MachCode]
[Instructions begin]
  0x0000011d00920b40: ;   {other}
  0x0000011d00920b40: 6666 660f | 1f84 0000 | 0000 0066 | 6666 9066 | 6690 448b | 5208 443b 

  0x0000011d00920b58: ;   {runtime_call Shared Runtime ic_miss_blob}
  0x0000011d00920b58: 5008 0f85 | 80df c506 
[Verified Entry Point]
  0x0000011d00920b60: 8984 2400 | 80ff ff55 | 4881 ec20 | 0100 0090 | 4181 7f20 | 0700 0000 

  0x0000011d00920b78: ;   {runtime_call Stub::method_entry_barrier}
  0x0000011d00920b78: 7405 e8c1 | 36c4 0648 | 8954 2478 | 4c89 8424 | 8000 0000 

  0x0000011d00920b8c: ;   {metadata(method data for {method} {0x0000011d10934cf8} 'shape' '(Lcom/sun/javafx/text/TextRun;[CLcom/sun/javafx/text/GlyphLayout;)V' in 'com/sun/javafx/text/PrismTextLayout')}
  0x0000011d00920b8c: 48be 0080 | 4711 1d01 | 0000 8b9e | 9000 0000 | 83c3 0289 | 9e90 0000 | 0081 e3fe | 0700 0085 
  0x0000011d00920bac: db0f 8467 | 2100 008b | 722c 48c1 | e603 4885 

  0x0000011d00920bbc: ;   {metadata(method data for {method} {0x0000011d10934cf8} 'shape' '(Lcom/sun/javafx/text/TextRun;[CLcom/sun/javafx/text/GlyphLayout;)V' in 'com/sun/javafx/text/PrismTextLayout')}
  0x0000011d00920bbc: f648 bb00 | 8047 111d | 0100 00b8 | d800 0000 | 7405 b8e8 | 0000 0048 | 8b0c 0348 | 8d49 0148 
  0x0000011d00920bdc: 890c 030f | 84a1 0600 | 008b 760c 

  0x0000011d00920be8: ;   {metadata(method data for {method} {0x0000011d10934cf8} 'shape' '(Lcom/sun/javafx/text/TextRun;[CLcom/sun/javafx/text/GlyphLayout;)V' in 'com/sun/javafx/text/PrismTextLayout')}
  0x0000011d00920be8: 85f6 48be | 0080 4711 | 1d01 0000 | bb08 0100 | 0074 05bb | f800 0000 | 488b 041e | 488d 4001 
  0x0000011d00920c08: 4889 041e | 0f84 f520 | 0000 4889 | bc24 9000 | 0000 4c89 | 8c24 8800 | 0000 493b | 0049 8bf0 
  0x0000011d00920c28: ;   {metadata(method data for {method} {0x0000011d10934cf8} 'shape' '(Lcom/sun/javafx/text/TextRun;[CLcom/sun/javafx/text/GlyphLayout;)V' in 'com/sun/javafx/text/PrismTextLayout')}
  0x0000011d00920c28: 48bb 0080 | 4711 1d01 | 0000 4883 | 8328 0100 | 0001 418b | 704c 48c1 | e603 4889 | 7424 7048 
  0x0000011d00920c48: 3b06 488b 

  0x0000011d00920c4c: ;   {metadata(method data for {method} {0x0000011d10934cf8} 'shape' '(Lcom/sun/javafx/text/TextRun;[CLcom/sun/javafx/text/GlyphLayout;)V' in 'com/sun/javafx/text/PrismTextLayout')}
  0x0000011d00920c4c: de48 b800 | 8047 111d | 0100 008b | 5b08 41ba | 0000 0008 | 4903 da48 | 3b98 5001 | 0000 750d 
  0x0000011d00920c6c: 4883 8058 | 0100 0001 | e960 0000 | 0048 3b98 | 6001 0000 | 750d 4883 | 8068 0100 | 0001 e94a 
  0x0000011d00920c8c: 0000 0048 | 83b8 5001 | 0000 0075 | 1748 8998 | 5001 0000 | 48c7 8058 | 0100 0001 | 0000 00e9 
  0x0000011d00920cac: 2900 0000 | 4883 b860 | 0100 0000 | 7517 4889 | 9860 0100 | 0048 c780 | 6801 0000 | 0100 0000 
  0x0000011d00920ccc: e908 0000 | 0048 8380 | 4801 0000 | 0148 8bd6 | 9048 b8c0 | 7f01 1d1d 

  0x0000011d00920ce4: ;   {virtual_call}
  0x0000011d00920ce4: 0100 00e8 

  0x0000011d00920ce8: ; ImmutableOopMap {[112]=Oop [120]=Oop [128]=Oop [136]=Oop [144]=Oop }
                      ;*invokeinterface getFont {reexecute=0 rethrow=0 return_oop=0}
                      ; - com.sun.javafx.text.PrismTextLayout::shape@24 (line 832)
  0x0000011d00920ce8: 25f7 c506 

  0x0000011d00920cec: ;   {post_call_nop}
  0x0000011d00920cec: 0f1f 8400 | e402 0000 

  0x0000011d00920cf4: ;   {metadata(method data for {method} {0x0000011d10934cf8} 'shape' '(Lcom/sun/javafx/text/TextRun;[CLcom/sun/javafx/text/GlyphLayout;)V' in 'com/sun/javafx/text/PrismTextLayout')}
  0x0000011d00920cf4: 4885 c048 | bf00 8047 | 111d 0100 | 0075 0c80 | 8f71 0100 | 0001 e9c1 | 0000 008b | 5808 41ba 
  0x0000011d00920d14: 0000 0008 | 4903 da48 | 3b9f 8001 | 0000 750d | 4883 8788 | 0100 0001 | e960 0000 | 0048 3b9f 
  0x0000011d00920d34: 9001 0000 | 750d 4883 | 8798 0100 | 0001 e94a | 0000 0048 | 83bf 8001 | 0000 0075 | 1748 899f 
  0x0000011d00920d54: 8001 0000 | 48c7 8788 | 0100 0001 | 0000 00e9 | 2900 0000 | 4883 bf90 | 0100 0000 | 7517 4889 
  0x0000011d00920d74: 9f90 0100 | 0048 c787 | 9801 0000 | 0100 0000 | e908 0000 | 0048 8387 | 7801 0000 

  0x0000011d00920d90: ;   {metadata('com/sun/javafx/font/PGFont')}
  0x0000011d00920d90: 0148 bb80 | b45e 101d | 0100 008b | 7808 41ba | 0000 0008 | 4903 fa48 | 3b5f 200f | 841f 0000 
  0x0000011d00920db0: 0048 3bfb | 0f84 1600 | 0000 5753 

  0x0000011d00920dbc: ;   {runtime_call C1 Runtime slow_subtype_check_blob}
  0x0000011d00920dbc: e81f 9fd2 | 065f 5f85 | ff0f 847f | 1f00 00e9 | 0000 0000 | 488b f048 

  0x0000011d00920dd4: ;   {metadata(method data for {method} {0x0000011d10934cf8} 'shape' '(Lcom/sun/javafx/text/TextRun;[CLcom/sun/javafx/text/GlyphLayout;)V' in 'com/sun/javafx/text/PrismTextLayout')}
  0x0000011d00920dd4: 85f6 48ba | 0080 4711 | 1d01 0000 | bfa8 0100 | 0075 05bf | b801 0000 | 488b 1c3a | 488d 5b01 
  0x0000011d00920df4: 4889 1c3a | 0f85 2203 | 0000 488b | 7424 7048 

  0x0000011d00920e04: ;   {metadata(method data for {method} {0x0000011d10934cf8} 'shape' '(Lcom/sun/javafx/text/TextRun;[CLcom/sun/javafx/text/GlyphLayout;)V' in 'com/sun/javafx/text/PrismTextLayout')}
  0x0000011d00920e04: 8bd6 48bf | 0080 4711 | 1d01 0000 | 8b52 0841 | ba00 0000 | 0849 03d2 | 483b 97d0 | 0100 0075 
  0x0000011d00920e24: 0d48 8387 | d801 0000 | 01e9 6000 | 0000 483b | 97e0 0100 | 0075 0d48 | 8387 e801 | 0000 01e9 
  0x0000011d00920e44: 4a00 0000 | 4883 bfd0 | 0100 0000 | 7517 4889 | 97d0 0100 | 0048 c787 | d801 0000 | 0100 0000 
  0x0000011d00920e64: e929 0000 | 0048 83bf | e001 0000 | 0075 1748 | 8997 e001 | 0000 48c7 | 87e8 0100 | 0001 0000 
  0x0000011d00920e84: 00e9 0800 | 0000 4883 | 87c8 0100 | 0001 488b | d648 b8e8 | 7f01 1d1d 

  0x0000011d00920e9c: ;   {virtual_call}
  0x0000011d00920e9c: 0100 00e8 

  0x0000011d00920ea0: ; ImmutableOopMap {[112]=Oop [128]=Oop }
                      ;*invokeinterface getBounds {reexecute=0 rethrow=0 return_oop=0}
                      ; - com.sun.javafx.text.PrismTextLayout::shape@41 (line 834)
  0x0000011d00920ea0: 3ce2 c506 

  0x0000011d00920ea4: ;   {post_call_nop}
  0x0000011d00920ea4: 0f1f 8400 | 9c04 0001 | 488b 7424 

  0x0000011d00920eb0: ;   {metadata(method data for {method} {0x0000011d10934cf8} 'shape' '(Lcom/sun/javafx/text/TextRun;[CLcom/sun/javafx/text/GlyphLayout;)V' in 'com/sun/javafx/text/PrismTextLayout')}
  0x0000011d00920eb0: 7048 ba00 | 8047 111d | 0100 008b | 7608 41ba | 0000 0008 | 4903 f248 | 3bb2 0002 | 0000 750d 
  0x0000011d00920ed0: 4883 8208 | 0200 0001 | e960 0000 | 0048 3bb2 | 1002 0000 | 750d 4883 | 8218 0200 | 0001 e94a 
  0x0000011d00920ef0: 0000 0048 | 83ba 0002 | 0000 0075 | 1748 89b2 | 0002 0000 | 48c7 8208 | 0200 0001 | 0000 00e9 
  0x0000011d00920f10: 2900 0000 | 4883 ba10 | 0200 0000 | 7517 4889 | b210 0200 | 0048 c782 | 1802 0000 | 0100 0000 
  0x0000011d00920f30: e908 0000 | 0048 8382 | f801 0000 | 0148 8b54 | 2470 4889 | 8424 9800 | 0000 6666 | 9048 b810 
  0x0000011d00920f50: 8001 1d1d 

  0x0000011d00920f54: ;   {virtual_call}
  0x0000011d00920f54: 0100 00e8 

  0x0000011d00920f58: ; ImmutableOopMap {[128]=Oop [152]=Oop }
                      ;*invokeinterface getText {reexecute=0 rethrow=0 return_oop=0}
                      ; - com.sun.javafx.text.PrismTextLayout::shape@53 (line 835)
  0x0000011d00920f58: 84e1 c506 

  0x0000011d00920f5c: ;   {post_call_nop}
  0x0000011d00920f5c: 0f1f 8400 | 5405 0002 

  0x0000011d00920f64: ; implicit exception: dispatches to 0x0000011d00922d53
  0x0000011d00920f64: 483b 004c 

  0x0000011d00920f68: ;   {metadata(method data for {method} {0x0000011d10934cf8} 'shape' '(Lcom/sun/javafx/text/TextRun;[CLcom/sun/javafx/text/GlyphLayout;)V' in 'com/sun/javafx/text/PrismTextLayout')}
  0x0000011d00920f68: 8bc0 48ba | 0080 4711 | 1d01 0000 | 458b 4008 | 41ba 0000 | 0008 4d03 | c24c 3b82 | 3002 0000 
  0x0000011d00920f88: 750d 4883 | 8238 0200 | 0001 e960 | 0000 004c | 3b82 4002 | 0000 750d | 4883 8248 | 0200 0001 
  0x0000011d00920fa8: e94a 0000 | 0048 83ba | 3002 0000 | 0075 174c | 8982 3002 | 0000 48c7 | 8238 0200 | 0001 0000 
  0x0000011d00920fc8: 00e9 2900 | 0000 4883 | ba40 0200 | 0000 7517 | 4c89 8240 | 0200 0048 | c782 4802 | 0000 0100 
  0x0000011d00920fe8: 0000 e908 | 0000 0048 | 8382 2802 

  0x0000011d00920ff4: ;   {metadata(method data for {method} {0x0000000008188058} 'length' '()I' in 'java/lang/String')}
  0x0000011d00920ff4: 0000 0149 | b8c0 ef00 | 101d 0100 | 0041 8b90 | 9000 0000 | 83c2 0241 | 8990 9000 | 0000 81e2 
  0x0000011d00921014: feff 1f00 | 85d2 0f84 | 381d 0000 | 448b 4014 | 49c1 e003 

  0x0000011d00921028: ; implicit exception: dispatches to 0x0000011d00922d79
  0x0000011d00921028: 418b 700c 

  0x0000011d0092102c: ;   {metadata(method data for {method} {0x0000000008188058} 'length' '()I' in 'java/lang/String')}
  0x0000011d0092102c: 4c8b c048 | bac0 ef00 | 101d 0100 | 0045 8b40 | 0841 ba00 | 0000 084d | 03c2 4c3b | 82e0 0000 
  0x0000011d0092104c: 0075 0d48 | 8382 e800 | 0000 01e9 | 6000 0000 | 4c3b 82f0 | 0000 0075 | 0d48 8382 | f800 0000 
  0x0000011d0092106c: 01e9 4a00 | 0000 4883 | bae0 0000 | 0000 7517 | 4c89 82e0 | 0000 0048 | c782 e800 | 0000 0100 
  0x0000011d0092108c: 0000 e929 | 0000 0048 | 83ba f000 | 0000 0075 | 174c 8982 | f000 0000 | 48c7 82f8 | 0000 0001 
  0x0000011d009210ac: 0000 00e9 | 0800 0000 | 4883 82d8 | 0000 0001 

  0x0000011d009210bc: ;   {metadata(method data for {method} {0x00000000084ae8c8} 'coder' '()B' in 'java/lang/String')}
  0x0000011d009210bc: 49b8 00e6 | 0010 1d01 | 0000 418b | 9090 0000 | 0083 c202 | 4189 9090 | 0000 0081 | e2fe ff1f 
  0x0000011d009210dc: 0085 d20f | 8499 1c00 

  0x0000011d009210e4: ;   {metadata(method data for {method} {0x00000000084ae8c8} 'coder' '()B' in 'java/lang/String')}
  0x0000011d009210e4: 0049 b800 | e600 101d | 0100 0041 | ff80 e800 | 0000 440f 

  0x0000011d009210f8: ;   {metadata(method data for {method} {0x00000000084ae8c8} 'coder' '()B' in 'java/lang/String')}
  0x0000011d009210f8: be40 1048 | ba00 e600 | 101d 0100 | 00ff 82f8 | 0000 0041 | c1e0 1841 | c1f8 1848 | 8bbc 2480 
  0x0000011d00921118: 0000 00e9 | 881b 0000 | 4885 f60f | 8425 0000 

  0x0000011d00921128: ;   {metadata('com/sun/javafx/font/PrismFont')}
  0x0000011d00921128: 0048 bb88 | 4c07 0900 | 0000 008b | 7e08 41ba | 0000 0008 | 4903 fa48 | 3b5f 380f | 8556 1c00 
  0x0000011d00921148: 00e9 0000 | 0000 4c8b | c648 3b06 

  0x0000011d00921154: ;   {metadata(method data for {method} {0x0000011d10934cf8} 'shape' '(Lcom/sun/javafx/text/TextRun;[CLcom/sun/javafx/text/GlyphLayout;)V' in 'com/sun/javafx/text/PrismTextLayout')}
  0x0000011d00921154: 4c8b c648 | ba00 8047 | 111d 0100 | 0048 8382 | 9802 0000 

  0x0000011d00921168: ;   {metadata(method data for {method} {0x0000011d10611c30} 'getStrike' '(Lcom/sun/javafx/geom/transform/BaseTransform;)Lcom/sun/javafx/font/FontStrike;' in 'com/sun/javafx/font/PrismFont')}
  0x0000011d00921168: 0149 b8e0 | 5047 111d | 0100 0041 | 8b90 9000 | 0000 83c2 | 0241 8990 | 9000 0000 | 81e2 feff 
  0x0000011d00921188: 1f00 85d2 | 0f84 171c | 0000 8b56 | 1c48 c1e2 | 03c5 fa10 | 460c 483b | 024c 8bc2 

  0x0000011d009211a4: ;   {metadata(method data for {method} {0x0000011d10611c30} 'getStrike' '(Lcom/sun/javafx/geom/transform/BaseTransform;)Lcom/sun/javafx/font/FontStrike;' in 'com/sun/javafx/font/PrismFont')}
  0x0000011d009211a4: 48bf e050 | 4711 1d01 | 0000 458b | 4008 41ba | 0000 0008 | 4d03 c24c | 3b87 e000 | 0000 750d 
  0x0000011d009211c4: 4883 87e8 | 0000 0001 | e960 0000 | 004c 3b87 | f000 0000 | 750d 4883 | 87f8 0000 | 0001 e94a 
  0x0000011d009211e4: 0000 0048 | 83bf e000 | 0000 0075 | 174c 8987 | e000 0000 | 48c7 87e8 | 0000 0001 | 0000 00e9 
  0x0000011d00921204: 2900 0000 | 4883 bff0 | 0000 0000 | 7517 4c89 | 87f0 0000 | 0048 c787 | f800 0000 | 0100 0000 
  0x0000011d00921224: e908 0000 | 0048 8387 | d800 0000 

  0x0000011d00921230: ;   {oop(a 'com/sun/javafx/geom/transform/Identity'{0x00000007092db7a0})}
  0x0000011d00921230: 0149 b8a0 | b72d 0907 | 0000 0048 | 89b4 24a0 | 0000 0066 | 9048 b838 | 8001 1d1d 

  0x0000011d0092124c: ;   {virtual_call}
  0x0000011d0092124c: 0100 00e8 

  0x0000011d00921250: ; ImmutableOopMap {[120]=Oop [128]=Oop [136]=Oop [144]=Oop [160]=Oop }
                      ;*invokeinterface getStrike {reexecute=0 rethrow=0 return_oop=0}
                      ; - com.sun.javafx.font.PrismFont::getStrike@9 (line 79)
                      ; - com.sun.javafx.text.PrismTextLayout::shape@70 (line 838)
  0x0000011d00921250: c60f d406 

  0x0000011d00921254: ;   {post_call_nop}
  0x0000011d00921254: 0f1f 8400 | 4c08 0003 

  0x0000011d0092125c: ;   {metadata(method data for {method} {0x0000011d10934cf8} 'shape' '(Lcom/sun/javafx/text/TextRun;[CLcom/sun/javafx/text/GlyphLayout;)V' in 'com/sun/javafx/text/PrismTextLayout')}
  0x0000011d0092125c: 48ba 0080 | 4711 1d01 | 0000 ff82 | b802 0000 | 488b b424 | a000 0000 | 4c8b 8424 | 8000 0000 
  0x0000011d0092127c: 488b 5424 | 78e9 2900 | 0000 4889 | bc24 9000 | 0000 4c89 | 8c24 8800 | 0000 8b72 | 3048 c1e6 
  0x0000011d0092129c: 038b 7a34 | 48c1 e703 | 488b c74c | 8b84 2480 | 0000 0049 | 3b00 498b 

  0x0000011d009212b4: ;   {metadata(method data for {method} {0x0000011d10934cf8} 'shape' '(Lcom/sun/javafx/text/TextRun;[CLcom/sun/javafx/text/GlyphLayout;)V' in 'com/sun/javafx/text/PrismTextLayout')}
  0x0000011d009212b4: f848 bb00 | 8047 111d | 0100 0048 | 8383 e002 | 0000 01c4 | c17a 1040 | 20c5 f057 | c9c5 f82e 
  0x0000011d009212d4: c1bf ffff | ffff 0f8a | 1400 0000 | 0f82 0e00 | 0000 bf00 | 0000 000f | 8403 0000 | 0048 ffc7 
  0x0000011d009212f4: ;   {metadata(method data for {method} {0x0000011d10934cf8} 'shape' '(Lcom/sun/javafx/text/TextRun;[CLcom/sun/javafx/text/GlyphLayout;)V' in 'com/sun/javafx/text/PrismTextLayout')}
  0x0000011d009212f4: 85ff 48bf | 0080 4711 | 1d01 0000 | bb10 0300 | 0074 05bb | 0003 0000 | 488b 0c1f | 488d 4901 
  0x0000011d00921314: 4889 0c1f | 4889 b424 | a800 0000 | 0f84 0d00 | 0000 4889 | 8424 b000 | 0000 e91c | 0900 0048 
  0x0000011d00921334: 3b00 488b 

  0x0000011d00921338: ;   {metadata(method data for {method} {0x0000011d10934cf8} 'shape' '(Lcom/sun/javafx/text/TextRun;[CLcom/sun/javafx/text/GlyphLayout;)V' in 'com/sun/javafx/text/PrismTextLayout')}
  0x0000011d00921338: f848 bb00 | 8047 111d | 0100 008b | 7f08 41ba | 0000 0008 | 4903 fa48 | 3bbb 2803 | 0000 750d 
  0x0000011d00921358: 4883 8330 | 0300 0001 | e960 0000 | 0048 3bbb | 3803 0000 | 750d 4883 | 8340 0300 | 0001 e94a 
  0x0000011d00921378: 0000 0048 | 83bb 2803 | 0000 0075 | 1748 89bb | 2803 0000 | 48c7 8330 | 0300 0001 | 0000 00e9 
  0x0000011d00921398: 2900 0000 | 4883 bb38 | 0300 0000 | 7517 4889 | bb38 0300 | 0048 c783 | 4003 0000 | 0100 0000 
  0x0000011d009213b8: e908 0000 | 0048 8383 | 2003 0000 | 0148 8bd0 | 4889 8424 | b000 0000 | 0f1f 4400 | 0048 b860 
  0x0000011d009213d8: 8001 1d1d 

  0x0000011d009213dc: ;   {virtual_call}
  0x0000011d009213dc: 0100 00e8 

  0x0000011d009213e0: ; ImmutableOopMap {[120]=Oop [128]=Oop [136]=Oop [144]=Oop [168]=Oop [176]=Oop }
                      ;*invokeinterface getMetrics {reexecute=0 rethrow=0 return_oop=0}
                      ; - com.sun.javafx.text.PrismTextLayout::shape@103 (line 846)
  0x0000011d009213e0: 2e24 2600 

  0x0000011d009213e4: ;   {post_call_nop}
  0x0000011d009213e4: 0f1f 8400 | dc09 0004 | 4889 8424 | b800 0000 | 488b 5424 | 788b 7220 | 81e6 0040 | 0000 81fe 
  0x0000011d00921404: 0040 0000 

  0x0000011d00921408: ;   {metadata(method data for {method} {0x0000011d10934cf8} 'shape' '(Lcom/sun/javafx/text/TextRun;[CLcom/sun/javafx/text/GlyphLayout;)V' in 'com/sun/javafx/text/PrismTextLayout')}
  0x0000011d00921408: 48be 0080 | 4711 1d01 | 0000 bf50 | 0300 0075 | 05bf 6003 | 0000 488b | 1c3e 488d | 5b01 4889 
  0x0000011d00921428: 1c3e 0f85 | e206 0000 | 488b b424 | a800 0000 | 4885 c00f | 8425 0000 

  0x0000011d00921440: ;   {metadata('com/sun/javafx/font/PrismMetrics')}
  0x0000011d00921440: 0049 b840 | e323 0900 | 0000 008b | 4808 41ba | 0000 0008 | 4903 ca4c | 3b41 380f | 8578 1900 
  0x0000011d00921460: 00e9 0000 | 0000 488b | f848 3b00 

  0x0000011d0092146c: ;   {metadata(method data for {method} {0x0000011d10934cf8} 'shape' '(Lcom/sun/javafx/text/TextRun;[CLcom/sun/javafx/text/GlyphLayout;)V' in 'com/sun/javafx/text/PrismTextLayout')}
  0x0000011d0092146c: 488b f848 | bb00 8047 | 111d 0100 | 0048 8383 | 8003 0000 | 01c5 fa10 | 400c 4885 | f60f 8425 
  0x0000011d0092148c: ;   {metadata('com/sun/javafx/font/PrismFont')}
  0x0000011d0092148c: 0000 0049 | b888 4c07 | 0900 0000 | 008b 4e08 | 41ba 0000 | 0008 4903 | ca4c 3b41 | 380f 8534 
  0x0000011d009214ac: 1900 00e9 | 0000 0000 | 488b fe48 | 3b06 488b 

  0x0000011d009214bc: ;   {metadata(method data for {method} {0x0000011d10934cf8} 'shape' '(Lcom/sun/javafx/text/TextRun;[CLcom/sun/javafx/text/GlyphLayout;)V' in 'com/sun/javafx/text/PrismTextLayout')}
  0x0000011d009214bc: fe48 bb00 | 8047 111d | 0100 0048 | 8383 b003 

  0x0000011d009214cc: ;   {metadata(method data for {method} {0x0000011d10611908} 'getFamilyName' '()Ljava/lang/String;' in 'com/sun/javafx/font/PrismFont')}
  0x0000011d009214cc: 0000 0148 | bfd8 274e | 111d 0100 | 008b 9f90 | 0000 0083 | c302 899f | 9000 0000 | 81e3 feff 
  0x0000011d009214ec: 1f00 85db | 0f84 f718 | 0000 8b7e | 1c48 c1e7 | 0348 3b07 

  0x0000011d00921500: ;   {metadata(method data for {method} {0x0000011d10611908} 'getFamilyName' '()Ljava/lang/String;' in 'com/sun/javafx/font/PrismFont')}
  0x0000011d00921500: 488b df48 | b9d8 274e | 111d 0100 | 008b 5b08 | 41ba 0000 | 0008 4903 | da48 3b99 | e000 0000 
  0x0000011d00921520: 750d 4883 | 81e8 0000 | 0001 e960 | 0000 0048 | 3b99 f000 | 0000 750d | 4883 81f8 | 0000 0001 
  0x0000011d00921540: e94a 0000 | 0048 83b9 | e000 0000 | 0075 1748 | 8999 e000 | 0000 48c7 | 81e8 0000 | 0001 0000 
  0x0000011d00921560: 00e9 2900 | 0000 4883 | b9f0 0000 | 0000 7517 | 4889 99f0 | 0000 0048 | c781 f800 | 0000 0100 
  0x0000011d00921580: 0000 e908 | 0000 0048 | 8381 d800 | 0000 0148 | 8bd7 4889 | b424 a800 | 0000 c5fa | 1184 24ec 
  0x0000011d009215a0: 0000 0066 | 9048 b888 | 8001 1d1d 

  0x0000011d009215ac: ;   {virtual_call}
  0x0000011d009215ac: 0100 00e8 

  0x0000011d009215b0: ; ImmutableOopMap {[120]=Oop [128]=Oop [136]=Oop [144]=Oop [168]=Oop [176]=Oop [184]=Oop }
                      ;*invokeinterface getFamilyName {reexecute=0 rethrow=0 return_oop=0}
                      ; - com.sun.javafx.font.PrismFont::getFamilyName@4 (line 51)
                      ; - com.sun.javafx.text.PrismTextLayout::shape@135 (line 859)
  0x0000011d009215b0: 845e d306 

  0x0000011d009215b4: ;   {post_call_nop}
  0x0000011d009215b4: 0f1f 8400 | ac0b 0005 

  0x0000011d009215bc: ; implicit exception: dispatches to 0x0000011d00922e13
  0x0000011d009215bc: 483b 004c 

  0x0000011d009215c0: ;   {metadata(method data for {method} {0x0000011d10934cf8} 'shape' '(Lcom/sun/javafx/text/TextRun;[CLcom/sun/javafx/text/GlyphLayout;)V' in 'com/sun/javafx/text/PrismTextLayout')}
  0x0000011d009215c0: 8bc0 48ba | 0080 4711 | 1d01 0000 | 458b 4008 | 41ba 0000 | 0008 4d03 | c24c 3b82 | d803 0000 
  0x0000011d009215e0: 750d 4883 | 82e0 0300 | 0001 e960 | 0000 004c | 3b82 e803 | 0000 750d | 4883 82f0 | 0300 0001 
  0x0000011d00921600: e94a 0000 | 0048 83ba | d803 0000 | 0075 174c | 8982 d803 | 0000 48c7 | 82e0 0300 | 0001 0000 
  0x0000011d00921620: 00e9 2900 | 0000 4883 | bae8 0300 | 0000 7517 | 4c89 82e8 | 0300 0048 | c782 f003 | 0000 0100 
  0x0000011d00921640: 0000 e908 | 0000 0048 | 8382 d003 

  0x0000011d0092164c: ;   {oop("Segoe UI"{0x000000070a075cd0})}
  0x0000011d0092164c: 0000 0149 | b8d0 5c07 | 0a07 0000 | 0048 8bd0 

  0x0000011d0092165c: ;   {optimized virtual_call}
  0x0000011d0092165c: 6666 90e8 

  0x0000011d00921660: ; ImmutableOopMap {[120]=Oop [128]=Oop [136]=Oop [144]=Oop [168]=Oop [176]=Oop [184]=Oop }
                      ;*invokevirtual equals {reexecute=0 rethrow=0 return_oop=0}
                      ; - com.sun.javafx.text.PrismTextLayout::shape@143 (line 859)
  0x0000011d00921660: accb 2807 

  0x0000011d00921664: ;   {post_call_nop}
  0x0000011d00921664: 0f1f 8400 | 5c0c 0006 

  0x0000011d0092166c: ;   {metadata(method data for {method} {0x0000011d10934cf8} 'shape' '(Lcom/sun/javafx/text/TextRun;[CLcom/sun/javafx/text/GlyphLayout;)V' in 'com/sun/javafx/text/PrismTextLayout')}
  0x0000011d0092166c: 85c0 48ba | 0080 4711 | 1d01 0000 | be00 0400 | 0074 05be | 1004 0000 | 488b 3c32 | 488d 7f01 
  0x0000011d0092168c: 4889 3c32 | c5fa 1084 | 24ec 0000 | 000f 8410 | 0000 00c5 

  0x0000011d009216a0: ;   {section_word}
  0x0000011d009216a0: fa5a c0c5 | fb59 0555 | f4ff ffc5 | fb5a c048 | 8b84 24b8 | 0000 00c5 

  0x0000011d009216b8: ;   {section_word}
  0x0000011d009216b8: fa5a c0c5 | fb5c 0545 | f4ff ffc5 | fb2c d081 | fa00 0000 | 8075 0f48 | 83ec 08c5 | fb11 0424 
  0x0000011d009216d8: ;   {runtime_call Stub::d2i_fixup}
  0x0000011d009216d8: e89a fdc0 | 065a c5f2 | 2aca 4885 | c00f 8425 

  0x0000011d009216e8: ;   {metadata('com/sun/javafx/font/PrismMetrics')}
  0x0000011d009216e8: 0000 0048 | bb40 e323 | 0900 0000 | 008b 7808 | 41ba 0000 | 0008 4903 | fa48 3b5f | 380f 850d 
  0x0000011d00921708: 1700 00e9 | 0000 0000 | 488b d048 

  0x0000011d00921714: ;   {metadata(method data for {method} {0x0000011d10934cf8} 'shape' '(Lcom/sun/javafx/text/TextRun;[CLcom/sun/javafx/text/GlyphLayout;)V' in 'com/sun/javafx/text/PrismTextLayout')}
  0x0000011d00921714: 8bd0 48be | 0080 4711 | 1d01 0000 | 4883 8630 | 0400 0001 | c5fa 1040 | 10c5 fa5a 

  0x0000011d00921730: ;   {section_word}
  0x0000011d00921730: c0c5 fb58 | 05d7 f3ff | ffc5 fb2c | d081 fa00 | 0000 8075 | 0f48 83ec | 08c5 fb11 

  0x0000011d0092174c: ;   {runtime_call Stub::d2i_fixup}
  0x0000011d0092174c: 0424 e824 | fdc0 065a | c5ea 2ad2 | 4885 c00f | 8425 0000 

  0x0000011d00921760: ;   {metadata('com/sun/javafx/font/PrismMetrics')}
  0x0000011d00921760: 0048 bb40 | e323 0900 | 0000 008b | 7808 41ba | 0000 0008 | 4903 fa48 | 3b5f 380f | 859c 1600 
  0x0000011d00921780: 00e9 0000 | 0000 488b | d048 8bd0 

  0x0000011d0092178c: ;   {metadata(method data for {method} {0x0000011d10934cf8} 'shape' '(Lcom/sun/javafx/text/TextRun;[CLcom/sun/javafx/text/GlyphLayout;)V' in 'com/sun/javafx/text/PrismTextLayout')}
  0x0000011d0092178c: 48be 0080 | 4711 1d01 | 0000 4883 | 8660 0400 | 0001 c5fa | 1040 14c5 

  0x0000011d009217a4: ;   {section_word}
  0x0000011d009217a4: fa5a c0c5 | fb58 0569 | f3ff ffc5 | fb2c d081 | fa00 0000 | 8075 0f48 | 83ec 08c5 | fb11 0424 
  0x0000011d009217c4: ;   {runtime_call Stub::d2i_fixup}
  0x0000011d009217c4: e8ae fcc0 | 065a c5e2 | 2ada 4885 | c00f 8425 

  0x0000011d009217d4: ;   {metadata('com/sun/javafx/font/PrismMetrics')}
  0x0000011d009217d4: 0000 0048 | bb40 e323 | 0900 0000 | 008b 7808 | 41ba 0000 | 0008 4903 | fa48 3b5f | 380f 852b 
  0x0000011d009217f4: 1600 00e9 | 0000 0000 | 488b d048 

  0x0000011d00921800: ;   {metadata(method data for {method} {0x0000011d10934cf8} 'shape' '(Lcom/sun/javafx/text/TextRun;[CLcom/sun/javafx/text/GlyphLayout;)V' in 'com/sun/javafx/text/PrismTextLayout')}
  0x0000011d00921800: 8bd0 48be | 0080 4711 | 1d01 0000 | 4883 8690 | 0400 0001 

  0x0000011d00921814: ;   {metadata(method data for {method} {0x0000011d10e5c2d0} 'getCapHeight' '()F' in 'com/sun/javafx/font/PrismMetrics')}
  0x0000011d00921814: 48ba 7057 | 2712 1d01 | 0000 8bb2 | 9000 0000 | 83c6 0289 | b290 0000 | 0081 e6fe | ff1f 0085 
  0x0000011d00921834: f60f 84ec | 1500 0048 

  0x0000011d0092183c: ;   {metadata(method data for {method} {0x0000011d10e5c2d0} 'getCapHeight' '()F' in 'com/sun/javafx/font/PrismMetrics')}
  0x0000011d0092183c: 8bd0 48be | 7057 2712 | 1d01 0000 | 4883 86d8 | 0000 0001 

  0x0000011d00921850: ;   {metadata(method data for {method} {0x0000011d10e5c030} 'checkStyleMetrics' '()V' in 'com/sun/javafx/font/PrismMetrics')}
  0x0000011d00921850: 48ba b858 | 2712 1d01 | 0000 8bb2 | 9000 0000 | 83c6 0289 | b290 0000 | 0081 e6fe | ff1f 0085 
  0x0000011d00921870: f60f 84d1 | 1500 008b | 5020 48c1 | e203 4885 

  0x0000011d00921880: ;   {metadata(method data for {method} {0x0000011d10e5c030} 'checkStyleMetrics' '()V' in 'com/sun/javafx/font/PrismMetrics')}
  0x0000011d00921880: d248 bab8 | 5827 121d | 0100 00be | e800 0000 | 7405 bed8 | 0000 0048 | 8b3c 3248 | 8d7f 0148 
  0x0000011d009218a0: 893c 32c5 | fa11 9c24 | f800 0000 | c5fa 1194 | 24f4 0000 | 00c5 fa11 | 8c24 f000 | 0000 0f84 
  0x0000011d009218c0: 0800 0000 | 488b d0e9 | e400 0000 | 8b50 1c48 | c1e2 03c5 | fa10 4018 

  0x0000011d009218d8: ; implicit exception: dispatches to 0x0000011d00922e69
  0x0000011d009218d8: 483b 0248 

  0x0000011d009218dc: ;   {metadata(method data for {method} {0x0000011d10e5c030} 'checkStyleMetrics' '()V' in 'com/sun/javafx/font/PrismMetrics')}
  0x0000011d009218dc: 8bf2 48bf | b858 2712 | 1d01 0000 | 8b76 0841 | ba00 0000 | 0849 03f2 | 483b b700 | 0100 0075 
  0x0000011d009218fc: 0d48 8387 | 0801 0000 | 01e9 6000 | 0000 483b | b710 0100 | 0075 0d48 | 8387 1801 | 0000 01e9 
  0x0000011d0092191c: 4a00 0000 | 4883 bf00 | 0100 0000 | 7517 4889 | b700 0100 | 0048 c787 | 0801 0000 | 0100 0000 
  0x0000011d0092193c: e929 0000 | 0048 83bf | 1001 0000 | 0075 1748 | 89b7 1001 | 0000 48c7 | 8718 0100 | 0001 0000 
  0x0000011d0092195c: 00e9 0800 | 0000 4883 | 87f8 0000 | 0001 0f1f 

  0x0000011d0092196c: ;   {optimized virtual_call}
  0x0000011d0092196c: 4400 00e8 

  0x0000011d00921970: ; ImmutableOopMap {[120]=Oop [128]=Oop [136]=Oop [144]=Oop [168]=Oop [176]=Oop [184]=Oop }
                      ;*invokevirtual getStyleMetrics {reexecute=0 rethrow=0 return_oop=0}
                      ; - com.sun.javafx.font.PrismMetrics::checkStyleMetrics@16 (line 78)
                      ; - com.sun.javafx.font.PrismMetrics::getCapHeight@1 (line 102)
                      ; - com.sun.javafx.text.PrismTextLayout::shape@204 (line 865)
  0x0000011d00921970: 9119 0000 

  0x0000011d00921974: ;   {post_call_nop}
  0x0000011d00921974: 0f1f 8400 | 6c0f 0007 | 410f be57 | 4885 d248 | 8b94 24b8 | 0000 000f | 85dd 1400 | 004c 8bd0 
  0x0000011d00921994: 49c1 ea03 | 4489 5220 | 488b f248 | 33f0 48c1 | ee15 4883 | fe00 0f85 | dd14 0000 | 8b52 2048 
  0x0000011d009219b4: c1e2 0383 | 7a0c 010f | 86ee 1400 | 00c5 fa10 | 4214 c5fa | 1094 24f4 | 0000 00c5 

  0x0000011d009219d0: ;   {section_word}
  0x0000011d009219d0: fa5a c0c5 | fb58 0545 | f1ff ffc5 | fb2c d081 | fa00 0000 | 8075 0f48 | 83ec 08c5 | fb11 0424 
  0x0000011d009219f0: ;   {runtime_call Stub::d2i_fixup}
  0x0000011d009219f0: e882 fac0 | 065a c5fa | 2ac2 c5fa | 108c 24f0 

  0x0000011d00921a00: ;   {external_word}
  0x0000011d00921a00: 0000 0049 | ba70 d78c | b8fb 7f00 | 00c4 c170 | 570a c5f2 | 5cc8 c5f8 | 2eca baff | ffff ff0f 
  0x0000011d00921a20: 8a14 0000 | 000f 820e | 0000 00ba | 0000 0000 | 0f84 0300 | 0000 48ff 

  0x0000011d00921a38: ;   {metadata(method data for {method} {0x0000011d10934cf8} 'shape' '(Lcom/sun/javafx/text/TextRun;[CLcom/sun/javafx/text/GlyphLayout;)V' in 'com/sun/javafx/text/PrismTextLayout')}
  0x0000011d00921a38: c285 d248 | ba00 8047 | 111d 0100 | 00be b004 | 0000 7e05 | bec0 0400 | 0048 8b3c | 3248 8d7f 
  0x0000011d00921a58: 0148 893c | 320f 8e1e 

  0x0000011d00921a60: ;   {metadata(method data for {method} {0x0000011d10934cf8} 'shape' '(Lcom/sun/javafx/text/TextRun;[CLcom/sun/javafx/text/GlyphLayout;)V' in 'com/sun/javafx/text/PrismTextLayout')}
  0x0000011d00921a60: 0000 0048 | ba00 8047 | 111d 0100 | 00ff 82d0 | 0400 00c5 | fa10 8424 | f000 0000 | e91d 0000 
  0x0000011d00921a80: 00c5 fa10 | 8424 f000 | 0000 c5f2 | 5cca c5f8 | 28d9 c5e2 | 58d8 c5f8 | 28ca c5f8 | 28c3 c5fa 
  0x0000011d00921aa0: 109c 24f8 | 0000 004c | 8b84 2480 | 0000 0049 

  0x0000011d00921ab0: ;   {metadata(method data for {method} {0x0000011d10934cf8} 'shape' '(Lcom/sun/javafx/text/TextRun;[CLcom/sun/javafx/text/GlyphLayout;)V' in 'com/sun/javafx/text/PrismTextLayout')}
  0x0000011d00921ab0: 8bd0 48be | 0080 4711 | 1d01 0000 | 4883 86f8 | 0400 0001 

  0x0000011d00921ac4: ;   {metadata(method data for {method} {0x0000011d10e56b10} 'setMetrics' '(FFF)V' in 'com/sun/javafx/text/TextRun')}
  0x0000011d00921ac4: 48ba c863 | 2712 1d01 | 0000 8bb2 | 9000 0000 | 83c6 0289 | b290 0000 | 0081 e6fe | ff1f 0085 
  0x0000011d00921ae4: f60f 84d6 | 1300 00c4 | c17a 1140 | 20c4 c17a | 1148 24c4 | c17a 1158 

  0x0000011d00921afc: ;   {metadata(method data for {method} {0x0000011d10934cf8} 'shape' '(Lcom/sun/javafx/text/TextRun;[CLcom/sun/javafx/text/GlyphLayout;)V' in 'com/sun/javafx/text/PrismTextLayout')}
  0x0000011d00921afc: 2848 ba00 | 8047 111d | 0100 00ff | 8218 0500 | 00e9 3d01 | 0000 4c8b | 8424 8000 | 0000 488b 
  0x0000011d00921b1c: d048 85d2 | 0f84 2500 

  0x0000011d00921b24: ;   {metadata('com/sun/javafx/font/PrismMetrics')}
  0x0000011d00921b24: 0000 48b8 | 40e3 2309 | 0000 0000 | 8b5a 0841 | ba00 0000 | 0849 03da | 483b 4338 | 0f85 9c13 
  0x0000011d00921b44: 0000 e900 | 0000 0048 | 8bf2 483b | 0248 8bc2 

  0x0000011d00921b54: ;   {metadata(method data for {method} {0x0000011d10934cf8} 'shape' '(Lcom/sun/javafx/text/TextRun;[CLcom/sun/javafx/text/GlyphLayout;)V' in 'com/sun/javafx/text/PrismTextLayout')}
  0x0000011d00921b54: 48be 0080 | 4711 1d01 | 0000 4883 | 8640 0500 | 0001 c5fa | 1042 0c48 | 85d2 0f84 | 2500 0000 
  0x0000011d00921b74: ;   {metadata('com/sun/javafx/font/PrismMetrics')}
  0x0000011d00921b74: 48b8 40e3 | 2309 0000 | 0000 8b5a | 0841 ba00 | 0000 0849 | 03da 483b | 4338 0f85 | 5813 0000 
  0x0000011d00921b94: e900 0000 | 0048 8bf2 

  0x0000011d00921b9c: ;   {metadata(method data for {method} {0x0000011d10934cf8} 'shape' '(Lcom/sun/javafx/text/TextRun;[CLcom/sun/javafx/text/GlyphLayout;)V' in 'com/sun/javafx/text/PrismTextLayout')}
  0x0000011d00921b9c: 488b c248 | be00 8047 | 111d 0100 | 0048 8386 | 7005 0000 | 01c5 fa10 | 4a10 4885 | d20f 8425 
  0x0000011d00921bbc: ;   {metadata('com/sun/javafx/font/PrismMetrics')}
  0x0000011d00921bbc: 0000 0048 | b840 e323 | 0900 0000 | 008b 5a08 | 41ba 0000 | 0008 4903 | da48 3b43 | 380f 8512 
  0x0000011d00921bdc: 1300 00e9 | 0000 0000 | 488b f248 

  0x0000011d00921be8: ;   {metadata(method data for {method} {0x0000011d10934cf8} 'shape' '(Lcom/sun/javafx/text/TextRun;[CLcom/sun/javafx/text/GlyphLayout;)V' in 'com/sun/javafx/text/PrismTextLayout')}
  0x0000011d00921be8: 8bc2 48be | 0080 4711 | 1d01 0000 | 4883 86a0 | 0500 0001 | c5fa 1052 | 1449 8bd0 

  0x0000011d00921c04: ;   {metadata(method data for {method} {0x0000011d10934cf8} 'shape' '(Lcom/sun/javafx/text/TextRun;[CLcom/sun/javafx/text/GlyphLayout;)V' in 'com/sun/javafx/text/PrismTextLayout')}
  0x0000011d00921c04: 48be 0080 | 4711 1d01 | 0000 4883 | 86d0 0500 

  0x0000011d00921c14: ;   {metadata(method data for {method} {0x0000011d10e56b10} 'setMetrics' '(FFF)V' in 'com/sun/javafx/text/TextRun')}
  0x0000011d00921c14: 0001 48ba | c863 2712 | 1d01 0000 | 8bb2 9000 | 0000 83c6 | 0289 b290 | 0000 0081 | e6fe ff1f 
  0x0000011d00921c34: 0085 f60f | 84b9 1200 | 00c4 c17a | 1140 20c4 | c17a 1148 | 24c4 c17a | 1150 2849 

  0x0000011d00921c50: ;   {metadata(method data for {method} {0x0000011d10934cf8} 'shape' '(Lcom/sun/javafx/text/TextRun;[CLcom/sun/javafx/text/GlyphLayout;)V' in 'com/sun/javafx/text/PrismTextLayout')}
  0x0000011d00921c50: 8bd0 48be | 0080 4711 | 1d01 0000 | 4883 8600 | 0600 0001 

  0x0000011d00921c64: ;   {metadata(method data for {method} {0x0000011d10e560b8} 'isTab' '()Z' in 'com/sun/javafx/text/TextRun')}
  0x0000011d00921c64: 48ba 808b | 4711 1d01 | 0000 8bb2 | 9000 0000 | 83c6 0289 | b290 0000 | 0081 e6fe | ff1f 0085 
  0x0000011d00921c84: f60f 848c | 1200 0041 | 8b50 2c48 | 8bf2 83e6 

  0x0000011d00921c94: ;   {metadata(method data for {method} {0x0000011d10e560b8} 'isTab' '()Z' in 'com/sun/javafx/text/TextRun')}
  0x0000011d00921c94: 0185 f648 | be80 8b47 | 111d 0100 | 00bf d800 | 0000 7405 | bfe8 0000 | 0048 8b1c | 3e48 8d5b 
  0x0000011d00921cb4: 0148 891c | 3e0f 841a 

  0x0000011d00921cbc: ;   {metadata(method data for {method} {0x0000011d10e560b8} 'isTab' '()Z' in 'com/sun/javafx/text/TextRun')}
  0x0000011d00921cbc: 0000 0048 | be80 8b47 | 111d 0100 | 00ff 86f8 | 0000 00be | 0100 0000 | e905 0000 | 00be 0000 
  0x0000011d00921cdc: 0000 83e6 

  0x0000011d00921ce0: ;   {metadata(method data for {method} {0x0000011d10934cf8} 'shape' '(Lcom/sun/javafx/text/TextRun;[CLcom/sun/javafx/text/GlyphLayout;)V' in 'com/sun/javafx/text/PrismTextLayout')}
  0x0000011d00921ce0: 0185 f648 | be00 8047 | 111d 0100 | 00bf 3006 | 0000 7505 | bf20 0600 | 0048 8b1c | 3e48 8d5b 
  0x0000011d00921d00: 0148 891c | 3e0f 858a | 0f00 0049 

  0x0000011d00921d0c: ;   {metadata(method data for {method} {0x0000011d10934cf8} 'shape' '(Lcom/sun/javafx/text/TextRun;[CLcom/sun/javafx/text/GlyphLayout;)V' in 'com/sun/javafx/text/PrismTextLayout')}
  0x0000011d00921d0c: 8bf0 48bf | 0080 4711 | 1d01 0000 | 4883 8750 | 0600 0001 

  0x0000011d00921d20: ;   {metadata(method data for {method} {0x0000011d10e55dd8} 'isLinebreak' '()Z' in 'com/sun/javafx/text/TextRun')}
  0x0000011d00921d20: 48be b88c | 4711 1d01 | 0000 8bbe | 9000 0000 | 83c7 0289 | be90 0000 | 0081 e7fe | ff1f 0085 
  0x0000011d00921d40: ff0f 84f1 | 1100 0048 | 8bf2 83e6 

  0x0000011d00921d4c: ;   {metadata(method data for {method} {0x0000011d10e55dd8} 'isLinebreak' '()Z' in 'com/sun/javafx/text/TextRun')}
  0x0000011d00921d4c: 0285 f648 | beb8 8c47 | 111d 0100 | 00bf d800 | 0000 7405 | bfe8 0000 | 0048 8b1c | 3e48 8d5b 
  0x0000011d00921d6c: 0148 891c | 3e0f 841a 

  0x0000011d00921d74: ;   {metadata(method data for {method} {0x0000011d10e55dd8} 'isLinebreak' '()Z' in 'com/sun/javafx/text/TextRun')}
  0x0000011d00921d74: 0000 0048 | beb8 8c47 | 111d 0100 | 00ff 86f8 | 0000 00be | 0100 0000 | e905 0000 | 00be 0000 
  0x0000011d00921d94: 0000 83e6 

  0x0000011d00921d98: ;   {metadata(method data for {method} {0x0000011d10934cf8} 'shape' '(Lcom/sun/javafx/text/TextRun;[CLcom/sun/javafx/text/GlyphLayout;)V' in 'com/sun/javafx/text/PrismTextLayout')}
  0x0000011d00921d98: 0185 f648 | be00 8047 | 111d 0100 | 00bf 8006 | 0000 7505 | bf70 0600 | 0048 8b1c | 3e48 8d5b 
  0x0000011d00921db8: 0148 891c | 3e0f 85bf | 0e00 0049 

  0x0000011d00921dc4: ;   {metadata(method data for {method} {0x0000011d10934cf8} 'shape' '(Lcom/sun/javafx/text/TextRun;[CLcom/sun/javafx/text/GlyphLayout;)V' in 'com/sun/javafx/text/PrismTextLayout')}
  0x0000011d00921dc4: 8bf0 48bf | 0080 4711 | 1d01 0000 | 4883 87a0 | 0600 0001 | 418b 700c 

  0x0000011d00921ddc: ;   {metadata(method data for {method} {0x0000011d10934cf8} 'shape' '(Lcom/sun/javafx/text/TextRun;[CLcom/sun/javafx/text/GlyphLayout;)V' in 'com/sun/javafx/text/PrismTextLayout')}
  0x0000011d00921ddc: 85f6 48be | 0080 4711 | 1d01 0000 | bfd0 0600 | 007f 05bf | c006 0000 | 488b 1c3e | 488d 5b01 
  0x0000011d00921dfc: 4889 1c3e | 0f8f 690e | 0000 498b 

  0x0000011d00921e08: ;   {metadata(method data for {method} {0x0000011d10934cf8} 'shape' '(Lcom/sun/javafx/text/TextRun;[CLcom/sun/javafx/text/GlyphLayout;)V' in 'com/sun/javafx/text/PrismTextLayout')}
  0x0000011d00921e08: f048 bf00 | 8047 111d | 0100 0048 | 8387 f006 

  0x0000011d00921e18: ;   {metadata(method data for {method} {0x0000011d10e56508} 'isComplex' '()Z' in 'com/sun/javafx/text/TextRun')}
  0x0000011d00921e18: 0000 0148 | be30 9747 | 111d 0100 | 008b be90 | 0000 0083 | c702 89be | 9000 0000 | 81e7 feff 
  0x0000011d00921e38: 1f00 85ff | 0f84 1711 | 0000 83e2 

  0x0000011d00921e44: ;   {metadata(method data for {method} {0x0000011d10e56508} 'isComplex' '()Z' in 'com/sun/javafx/text/TextRun')}
  0x0000011d00921e44: 2085 d248 | ba30 9747 | 111d 0100 | 00be d800 | 0000 7405 | bee8 0000 | 0048 8b3c | 3248 8d7f 
  0x0000011d00921e64: 0148 893c | 320f 841a 

  0x0000011d00921e6c: ;   {metadata(method data for {method} {0x0000011d10e56508} 'isComplex' '()Z' in 'com/sun/javafx/text/TextRun')}
  0x0000011d00921e6c: 0000 0048 | ba30 9747 | 111d 0100 | 00ff 82f8 | 0000 00ba | 0100 0000 | e905 0000 | 00ba 0000 
  0x0000011d00921e8c: 0000 83e2 

  0x0000011d00921e90: ;   {metadata(method data for {method} {0x0000011d10934cf8} 'shape' '(Lcom/sun/javafx/text/TextRun;[CLcom/sun/javafx/text/GlyphLayout;)V' in 'com/sun/javafx/text/PrismTextLayout')}
  0x0000011d00921e90: 0185 d248 | ba00 8047 | 111d 0100 | 00be 2007 | 0000 7505 | be10 0700 | 0048 8b3c | 3248 8d7f 
  0x0000011d00921eb0: 0148 893c | 320f 8525 | 0d00 0048 | 8b84 24b0 | 0000 0048 | 3b00 488b 

  0x0000011d00921ec8: ;   {metadata(method data for {method} {0x0000011d10934cf8} 'shape' '(Lcom/sun/javafx/text/TextRun;[CLcom/sun/javafx/text/GlyphLayout;)V' in 'com/sun/javafx/text/PrismTextLayout')}
  0x0000011d00921ec8: f048 bf00 | 8047 111d | 0100 008b | 7608 41ba | 0000 0008 | 4903 f248 | 3bb7 8007 | 0000 750d 
  0x0000011d00921ee8: 4883 8788 | 0700 0001 | e960 0000 | 0048 3bb7 | 9007 0000 | 750d 4883 | 8798 0700 | 0001 e94a 
  0x0000011d00921f08: 0000 0048 | 83bf 8007 | 0000 0075 | 1748 89b7 | 8007 0000 | 48c7 8788 | 0700 0001 | 0000 00e9 
  0x0000011d00921f28: 2900 0000 | 4883 bf90 | 0700 0000 | 7517 4889 | b790 0700 | 0048 c787 | 9807 0000 | 0100 0000 
  0x0000011d00921f48: e908 0000 | 0048 8387 | 7807 0000 | 0148 8bd0 | 4889 8424 | b000 0000 | 0f1f 4400 | 0048 b8b0 
  0x0000011d00921f68: 8001 1d1d 

  0x0000011d00921f6c: ;   {virtual_call}
  0x0000011d00921f6c: 0100 00e8 

  0x0000011d00921f70: ; ImmutableOopMap {[120]=Oop [128]=Oop [136]=Oop [176]=Oop }
                      ;*invokeinterface getFontResource {reexecute=0 rethrow=0 return_oop=0}
                      ; - com.sun.javafx.text.PrismTextLayout::shape@335 (line 885)
  0x0000011d00921f70: 1ee0 2d07 

  0x0000011d00921f74: ;   {post_call_nop}
  0x0000011d00921f74: 0f1f 8400 | 6c15 0008 | 4889 8424 | c000 0000 | 4c8b 8424 | 8000 0000 

  0x0000011d00921f8c: ;   {metadata(method data for {method} {0x0000011d10934cf8} 'shape' '(Lcom/sun/javafx/text/TextRun;[CLcom/sun/javafx/text/GlyphLayout;)V' in 'com/sun/javafx/text/PrismTextLayout')}
  0x0000011d00921f8c: 48ba 0080 | 4711 1d01 | 0000 4883 | 82b8 0700 | 0001 4c8b | 8424 8000 | 0000 418b | 7010 89b4 
  0x0000011d00921fac: 24cc 0000 | 0049 8bd0 

  0x0000011d00921fb4: ;   {metadata(method data for {method} {0x0000011d10934cf8} 'shape' '(Lcom/sun/javafx/text/TextRun;[CLcom/sun/javafx/text/GlyphLayout;)V' in 'com/sun/javafx/text/PrismTextLayout')}
  0x0000011d00921fb4: 48bf 0080 | 4711 1d01 | 0000 4883 | 87e8 0700 | 0001 418b | 7814 89bc | 24c8 0000 | 0048 8b54 
  0x0000011d00921fd4: 2478 8b5a | 4c48 c1e3 | 0348 85db 

  0x0000011d00921fe0: ;   {metadata(method data for {method} {0x0000011d10934cf8} 'shape' '(Lcom/sun/javafx/text/TextRun;[CLcom/sun/javafx/text/GlyphLayout;)V' in 'com/sun/javafx/text/PrismTextLayout')}
  0x0000011d00921fe0: 48b9 0080 | 4711 1d01 | 0000 41b9 | 0808 0000 | 7506 41b9 | 1808 0000 | 4e8b 1c09 | 4d8d 5b01 
  0x0000011d00922000: 4e89 1c09 | 0f85 1d05 | 0000 488b | 9424 b000 

  0x0000011d00922010: ;   {metadata(method data for {method} {0x0000011d10934cf8} 'shape' '(Lcom/sun/javafx/text/TextRun;[CLcom/sun/javafx/text/GlyphLayout;)V' in 'com/sun/javafx/text/PrismTextLayout')}
  0x0000011d00922010: 0000 48bb | 0080 4711 | 1d01 0000 | 8b52 0841 | ba00 0000 | 0849 03d2 | 483b 9330 | 0800 0075 
  0x0000011d00922030: 0d48 8383 | 3808 0000 | 01e9 6000 | 0000 483b | 9340 0800 | 0075 0d48 | 8383 4808 | 0000 01e9 
  0x0000011d00922050: 4a00 0000 | 4883 bb30 | 0800 0000 | 7517 4889 | 9330 0800 | 0048 c783 | 3808 0000 | 0100 0000 
  0x0000011d00922070: e929 0000 | 0048 83bb | 4008 0000 | 0075 1748 | 8993 4008 | 0000 48c7 | 8348 0800 | 0001 0000 
  0x0000011d00922090: 00e9 0800 | 0000 4883 | 8328 0800 | 0001 488b | 9424 b000 | 0000 0f1f | 8000 0000 | 0048 b8d8 
  0x0000011d009220b0: 8001 1d1d 

  0x0000011d009220b4: ;   {virtual_call}
  0x0000011d009220b4: 0100 00e8 

  0x0000011d009220b8: ; ImmutableOopMap {[128]=Oop [136]=Oop [192]=Oop }
                      ;*invokeinterface getSize {reexecute=0 rethrow=0 return_oop=0}
                      ; - com.sun.javafx.text.PrismTextLayout::shape@363 (line 891)
  0x0000011d009220b8: d6f3 2d07 

  0x0000011d009220bc: ;   {post_call_nop}
  0x0000011d009220bc: 0f1f 8400 | b416 0009 | c5fa 1184 | 24fc 0000 | 0048 8b84 | 24c0 0000 | 0048 3b00 

  0x0000011d009220d8: ;   {metadata(method data for {method} {0x0000011d10934cf8} 'shape' '(Lcom/sun/javafx/text/TextRun;[CLcom/sun/javafx/text/GlyphLayout;)V' in 'com/sun/javafx/text/PrismTextLayout')}
  0x0000011d009220d8: 488b d048 | be00 8047 | 111d 0100 | 008b 5208 | 41ba 0000 | 0008 4903 | d248 3b96 | 6008 0000 
  0x0000011d009220f8: 750d 4883 | 8668 0800 | 0001 e960 | 0000 0048 | 3b96 7008 | 0000 750d | 4883 8678 | 0800 0001 
  0x0000011d00922118: e94a 0000 | 0048 83be | 6008 0000 | 0075 1748 | 8996 6008 | 0000 48c7 | 8668 0800 | 0001 0000 
  0x0000011d00922138: 00e9 2900 | 0000 4883 | be70 0800 | 0000 7517 | 4889 9670 | 0800 0048 | c786 7808 | 0000 0100 
  0x0000011d00922158: 0000 e908 | 0000 0048 | 8386 5808 | 0000 0148 | 8bd0 6666 | 9048 b800 | 8101 1d1d 

  0x0000011d00922174: ;   {virtual_call}
  0x0000011d00922174: 0100 00e8 

  0x0000011d00922178: ; ImmutableOopMap {[128]=Oop [136]=Oop [192]=Oop }
                      ;*invokeinterface getGlyphMapper {reexecute=0 rethrow=0 return_oop=0}
                      ; - com.sun.javafx.text.PrismTextLayout::shape@372 (line 892)
  0x0000011d00922178: 062f 4907 

  0x0000011d0092217c: ;   {post_call_nop}
  0x0000011d0092217c: 0f1f 8400 | 7417 000a | 4c8b d88b | 9c24 c800 

  0x0000011d0092218c: ;   {metadata({type array int})}
  0x0000011d0092218c: 0000 48ba | 504a 1808 | 0000 0000 | 4863 db48 | 8bfb 4881 | fbff ffff | 000f 87d9 | 0d00 00be 
  0x0000011d009221ac: 1700 0000 | 488d 349e | 4883 e6f8 | 498b 87c8 | 0100 0048 | 8d34 3049 | 3bb7 d801 | 0000 0f87 
  0x0000011d009221cc: b40d 0000 | 4989 b7c8 | 0100 0048 | 2bf0 48c7 | 0001 0000 | 0048 8bca | 41ba 0000 | 0008 492b 
  0x0000011d009221ec: ca89 4808 | 8958 0c48 | 83ee 1048 | 85f6 0f84 | 1100 0000 | 4833 db48 | c1ee 0348 | 895c f008 
  0x0000011d0092220c: 48ff ce75 | f648 8984 | 24d0 0000 | 0049 3b03 

  0x0000011d0092221c: ;   {metadata(method data for {method} {0x0000011d10934cf8} 'shape' '(Lcom/sun/javafx/text/TextRun;[CLcom/sun/javafx/text/GlyphLayout;)V' in 'com/sun/javafx/text/PrismTextLayout')}
  0x0000011d0092221c: 4d8b c349 | b900 8047 | 111d 0100 | 0045 8b40 | 0841 ba00 | 0000 084d | 03c2 4d3b | 8190 0800 
  0x0000011d0092223c: 0075 0d49 | 8381 9808 | 0000 01e9 | 6000 0000 | 4d3b 81a0 | 0800 0075 | 0d49 8381 | a808 0000 
  0x0000011d0092225c: 01e9 4a00 | 0000 4983 | b990 0800 | 0000 7517 | 4d89 8190 | 0800 0049 | c781 9808 | 0000 0100 
  0x0000011d0092227c: 0000 e929 | 0000 0049 | 83b9 a008 | 0000 0075 | 174d 8981 | a008 0000 | 49c7 81a8 | 0800 0001 
  0x0000011d0092229c: 0000 00e9 | 0800 0000 | 4983 8188 | 0800 0001 | 448b 8424 | cc00 0000 | 448b 8c24 | c800 0000 
  0x0000011d009222bc: 488b bc24 | 8800 0000 | 488b f049 | 8bd3 0f1f 

  0x0000011d009222cc: ;   {optimized virtual_call}
  0x0000011d009222cc: 4400 00e8 

  0x0000011d009222d0: ; ImmutableOopMap {[128]=Oop [192]=Oop [208]=Oop }
                      ;*invokevirtual charsToGlyphs {reexecute=0 rethrow=0 return_oop=0}
                      ; - com.sun.javafx.text.PrismTextLayout::shape@394 (line 896)
  0x0000011d009222d0: 7110 0000 

  0x0000011d009222d4: ;   {post_call_nop}
  0x0000011d009222d4: 0f1f 8400 | cc18 000b | 8bbc 24c8 | 0000 00ff | c7d1 e748 

  0x0000011d009222e8: ;   {metadata({type array float})}
  0x0000011d009222e8: 8bdf 48ba | 5042 1808 | 0000 0000 | 4863 db48 | 8bfb 4881 | fbff ffff | 000f 878c | 0c00 00be 
  0x0000011d00922308: 1700 0000 | 488d 349e | 4883 e6f8 | 498b 87c8 | 0100 0048 | 8d34 3049 | 3bb7 d801 | 0000 0f87 
  0x0000011d00922328: 670c 0000 | 4989 b7c8 | 0100 0048 | 2bf0 48c7 | 0001 0000 | 0048 8bca | 41ba 0000 | 0008 492b 
  0x0000011d00922348: ca89 4808 | 8958 0c48 | 83ee 1048 | 85f6 0f84 | 1100 0000 | 4833 db48 | c1ee 0348 | 895c f008 
  0x0000011d00922368: 48ff ce75 | f648 8984 | 24e0 0000 | 00be 0000 | 0000 c5f0 | 57c9 e94c | 0100 000f | 1f44 0000 
  0x0000011d00922388: 3b70 0c0f | 830c 0c00 | 004c 63c6 | 468b 4480 | 1048 8bd3 

  0x0000011d0092239c: ;   {metadata(method data for {method} {0x0000011d10934cf8} 'shape' '(Lcom/sun/javafx/text/TextRun;[CLcom/sun/javafx/text/GlyphLayout;)V' in 'com/sun/javafx/text/PrismTextLayout')}
  0x0000011d0092239c: 49b9 0080 | 4711 1d01 | 0000 8b52 | 0841 ba00 | 0000 0849 | 03d2 493b | 91e0 0800 | 0075 0d49 
  0x0000011d009223bc: 8381 e808 | 0000 01e9 | 6000 0000 | 493b 91f0 | 0800 0075 | 0d49 8381 | f808 0000 | 01e9 4a00 
  0x0000011d009223dc: 0000 4983 | b9e0 0800 | 0000 7517 | 4989 91e0 | 0800 0049 | c781 e808 | 0000 0100 | 0000 e929 
  0x0000011d009223fc: 0000 0049 | 83b9 f008 | 0000 0075 | 1749 8991 | f008 0000 | 49c7 81f8 | 0800 0001 | 0000 00e9 
  0x0000011d0092241c: 0800 0000 | 4983 81d8 | 0800 0001 | c5f8 28d0 | c5f8 28c2 | 488b d389 | b424 d800 | 0000 6666 
  0x0000011d0092243c: 9048 b828 | 8101 1d1d 

  0x0000011d00922444: ;   {virtual_call}
  0x0000011d00922444: 0100 00e8 

  0x0000011d00922448: ; ImmutableOopMap {[128]=Oop [192]=Oop [208]=Oop [224]=Oop }
                      ;*invokeinterface getAdvance {reexecute=0 rethrow=0 return_oop=0}
                      ; - com.sun.javafx.text.PrismTextLayout::shape@429 (line 900)
  0x0000011d00922448: c644 d9ff 

  0x0000011d0092244c: ;   {post_call_nop}
  0x0000011d0092244c: 0f1f 8400 | 441a 000c | 8bb4 24d8 | 0000 00d1 | e648 8b84 | 24e0 0000 | 003b 700c | 0f83 3d0b 
  0x0000011d0092246c: 0000 4863 | f6c5 fa10 | 8c24 0001 | 0000 c5fa | 114c b010 | c5fa 58c1 | 8bb4 24d8 | 0000 00ff 
  0x0000011d0092248c: ;   {metadata(method data for {method} {0x0000011d10934cf8} 'shape' '(Lcom/sun/javafx/text/TextRun;[CLcom/sun/javafx/text/GlyphLayout;)V' in 'com/sun/javafx/text/PrismTextLayout')}
  0x0000011d0092248c: c648 ba00 | 8047 111d | 0100 008b | ba94 0000 | 0083 c702 | 89ba 9400 | 0000 81e7 | fe3f 0000 
  0x0000011d009224ac: 85ff 0f84 | 050b 0000 

  0x0000011d009224b4: ; ImmutableOopMap {rax=Oop [128]=Oop [192]=Oop [208]=Oop [224]=Oop }
                      ;*goto {reexecute=1 rethrow=0 return_oop=0}
                      ; - (reexecute) com.sun.javafx.text.PrismTextLayout::shape@455 (line 899)
  0x0000011d009224b4: 4d8b 5730 

  0x0000011d009224b8: ;   {poll}
  0x0000011d009224b8: 4185 0248 | ba00 8047 | 111d 0100 | 00ff 8208 | 0900 00c5 | f828 c8c5 | fa11 8c24 | 0001 0000 
  0x0000011d009224d8: 488b 8424 | d000 0000 | c5fa 1084 | 24fc 0000 | 008b bc24 | c800 0000 | 488b 9c24 | c000 0000 
  0x0000011d009224f8: ;   {metadata(method data for {method} {0x0000011d10934cf8} 'shape' '(Lcom/sun/javafx/text/TextRun;[CLcom/sun/javafx/text/GlyphLayout;)V' in 'com/sun/javafx/text/PrismTextLayout')}
  0x0000011d009224f8: 3bf7 49b8 | 0080 4711 | 1d01 0000 | bab8 0800 | 007d 05ba | c808 0000 | 4d8b 0c10 | 4d8d 4901 
  0x0000011d00922518: 4d89 0c10 | 0f8d a405 | 0000 e961 | feff ff0f | be73 1c85 

  0x0000011d0092252c: ;   {metadata(method data for {method} {0x0000011d10934cf8} 'shape' '(Lcom/sun/javafx/text/TextRun;[CLcom/sun/javafx/text/GlyphLayout;)V' in 'com/sun/javafx/text/PrismTextLayout')}
  0x0000011d0092252c: f648 be00 | 8047 111d | 0100 00bf | 7809 0000 | 7405 bf68 | 0900 0048 | 8b1c 3e48 | 8d5b 0148 
  0x0000011d0092254c: 891c 3e0f | 8415 0000 | 0044 8b84 | 24c8 0000 | 0048 8bbc | 2480 0000 | 00e9 7304 | 0000 488b 
  0x0000011d0092256c: bc24 b000 

  0x0000011d00922570: ;   {metadata(method data for {method} {0x0000011d10934cf8} 'shape' '(Lcom/sun/javafx/text/TextRun;[CLcom/sun/javafx/text/GlyphLayout;)V' in 'com/sun/javafx/text/PrismTextLayout')}
  0x0000011d00922570: 0000 48bb | 0080 4711 | 1d01 0000 | 8b7f 0841 | ba00 0000 | 0849 03fa | 483b bb90 | 0900 0075 
  0x0000011d00922590: 0d48 8383 | 9809 0000 | 01e9 6000 | 0000 483b | bba0 0900 | 0075 0d48 | 8383 a809 | 0000 01e9 
  0x0000011d009225b0: 4a00 0000 | 4883 bb90 | 0900 0000 | 7517 4889 | bb90 0900 | 0048 c783 | 9809 0000 | 0100 0000 
  0x0000011d009225d0: e929 0000 | 0048 83bb | a009 0000 | 0075 1748 | 89bb a009 | 0000 48c7 | 83a8 0900 | 0001 0000 
  0x0000011d009225f0: 00e9 0800 | 0000 4883 | 8388 0900 | 0001 488b | 9424 b000 | 0000 0f1f | 8000 0000 | 0048 b850 
  0x0000011d00922610: 8101 1d1d 

  0x0000011d00922614: ;   {virtual_call}
  0x0000011d00922614: 0100 00e8 

  0x0000011d00922618: ; ImmutableOopMap {[120]=Oop [128]=Oop [136]=Oop [192]=Oop }
                      ;*invokeinterface getSize {reexecute=0 rethrow=0 return_oop=0}
                      ; - com.sun.javafx.text.PrismTextLayout::shape@493 (line 912)
  0x0000011d00922618: 76ee 2d07 

  0x0000011d0092261c: ;   {post_call_nop}
  0x0000011d0092261c: 0f1f 8400 | 141c 000e | c5fa 1184 | 2404 0100 | 0048 8b84 | 24c0 0000 | 0048 3b00 

  0x0000011d00922638: ;   {metadata(method data for {method} {0x0000011d10934cf8} 'shape' '(Lcom/sun/javafx/text/TextRun;[CLcom/sun/javafx/text/GlyphLayout;)V' in 'com/sun/javafx/text/PrismTextLayout')}
  0x0000011d00922638: 488b d048 | be00 8047 | 111d 0100 | 008b 5208 | 41ba 0000 | 0008 4903 | d248 3b96 | c009 0000 
  0x0000011d00922658: 750d 4883 | 86c8 0900 | 0001 e960 | 0000 0048 | 3b96 d009 | 0000 750d | 4883 86d8 | 0900 0001 
  0x0000011d00922678: e94a 0000 | 0048 83be | c009 0000 | 0075 1748 | 8996 c009 | 0000 48c7 | 86c8 0900 | 0001 0000 
  0x0000011d00922698: 00e9 2900 | 0000 4883 | bed0 0900 | 0000 7517 | 4889 96d0 | 0900 0048 | c786 d809 | 0000 0100 
  0x0000011d009226b8: 0000 e908 | 0000 0048 | 8386 b809 | 0000 0148 | 8bd0 6666 | 9048 b878 | 8101 1d1d 

  0x0000011d009226d4: ;   {virtual_call}
  0x0000011d009226d4: 0100 00e8 

  0x0000011d009226d8: ; ImmutableOopMap {[120]=Oop [128]=Oop [136]=Oop [192]=Oop }
                      ;*invokeinterface getGlyphMapper {reexecute=0 rethrow=0 return_oop=0}
                      ; - com.sun.javafx.text.PrismTextLayout::shape@502 (line 913)
  0x0000011d009226d8: 24e9 d706 

  0x0000011d009226dc: ;   {post_call_nop}
  0x0000011d009226dc: 0f1f 8400 | d41c 000f | 488b 5424 | 7844 8b42 | 4c49 c1e0 | 0341 8b70 | 2048 c1e6 | 0348 3b00 
  0x0000011d009226fc: ;   {metadata(method data for {method} {0x0000011d10934cf8} 'shape' '(Lcom/sun/javafx/text/TextRun;[CLcom/sun/javafx/text/GlyphLayout;)V' in 'com/sun/javafx/text/PrismTextLayout')}
  0x0000011d009226fc: 4c8b c049 | b900 8047 | 111d 0100 | 0045 8b40 | 0841 ba00 | 0000 084d | 03c2 4d3b | 81f0 0900 
  0x0000011d0092271c: 0075 0d49 | 8381 f809 | 0000 01e9 | 6000 0000 | 4d3b 8100 | 0a00 0075 | 0d49 8381 | 080a 0000 
  0x0000011d0092273c: 01e9 4a00 | 0000 4983 | b9f0 0900 | 0000 7517 | 4d89 81f0 | 0900 0049 | c781 f809 | 0000 0100 
  0x0000011d0092275c: 0000 e929 | 0000 0049 | 83b9 000a | 0000 0075 | 174d 8981 | 000a 0000 | 49c7 8108 | 0a00 0001 
  0x0000011d0092277c: 0000 00e9 | 0800 0000 | 4983 81e8 | 0900 0001 | 448b 8424 | cc00 0000 | 448b 8c24 | c800 0000 
  0x0000011d0092279c: 488b bc24 | 8800 0000 | 8b8c 24cc | 0000 0048 

  0x0000011d009227ac: ;   {optimized virtual_call}
  0x0000011d009227ac: 8bd0 90e8 

  0x0000011d009227b0: ; ImmutableOopMap {[120]=Oop [128]=Oop [192]=Oop }
                      ;*invokevirtual charsToGlyphs {reexecute=0 rethrow=0 return_oop=0}
                      ; - com.sun.javafx.text.PrismTextLayout::shape@525 (line 914)
  0x0000011d009227b0: ec15 2600 

  0x0000011d009227b4: ;   {post_call_nop}
  0x0000011d009227b4: 0f1f 8400 | ac1d 0010 | 8bb4 24cc | 0000 0003 | b424 c800 | 0000 89b4 | 24e8 0000 | 008b bc24 
  0x0000011d009227d4: cc00 0000 | c5f0 57c9 | c5fa 118c | 2408 0100 | 00c5 fa10 | 8424 0401 | 0000 488b | 8424 c000 
  0x0000011d009227f4: 0000 488b | 5424 78e9 | 8001 0000 | 448b 424c | 49c1 e003 

  0x0000011d00922808: ; implicit exception: dispatches to 0x0000011d00922fee
  0x0000011d00922808: 458b 4020 | 49c1 e003 

  0x0000011d00922810: ; implicit exception: dispatches to 0x0000011d00922ff3
  0x0000011d00922810: 413b 780c | 0f83 e307 | 0000 4863 | df45 8b44 | 9810 488b 

  0x0000011d00922824: ;   {metadata(method data for {method} {0x0000011d10934cf8} 'shape' '(Lcom/sun/javafx/text/TextRun;[CLcom/sun/javafx/text/GlyphLayout;)V' in 'com/sun/javafx/text/PrismTextLayout')}
  0x0000011d00922824: d848 b900 | 8047 111d | 0100 008b | 5b08 41ba | 0000 0008 | 4903 da48 | 3b99 400a | 0000 750d 
  0x0000011d00922844: 4883 8148 | 0a00 0001 | e960 0000 | 0048 3b99 | 500a 0000 | 750d 4883 | 8158 0a00 | 0001 e94a 
  0x0000011d00922864: 0000 0048 | 83b9 400a | 0000 0075 | 1748 8999 | 400a 0000 | 48c7 8148 | 0a00 0001 | 0000 00e9 
  0x0000011d00922884: 2900 0000 | 4883 b950 | 0a00 0000 | 7517 4889 | 9950 0a00 | 0048 c781 | 580a 0000 | 0100 0000 
  0x0000011d009228a4: e908 0000 | 0048 8381 | 380a 0000 | 01c5 f828 | d0c5 f828 | c248 8bd0 | 89bc 24dc | 0000 0066 
  0x0000011d009228c4: 9048 b8a0 | 8101 1d1d 

  0x0000011d009228cc: ;   {virtual_call}
  0x0000011d009228cc: 0100 00e8 

  0x0000011d009228d0: ; ImmutableOopMap {[120]=Oop [128]=Oop [192]=Oop }
                      ;*invokeinterface getAdvance {reexecute=0 rethrow=0 return_oop=0}
                      ; - com.sun.javafx.text.PrismTextLayout::shape@563 (line 918)
  0x0000011d009228d0: 4451 d306 

  0x0000011d009228d4: ;   {post_call_nop}
  0x0000011d009228d4: 0f1f 8400 | cc1e 0011 | 488b 5424 | 7844 8b42 | 4c49 c1e0 | 0345 8b40 | 2449 c1e0 | 038b bc24 
  0x0000011d009228f4: dc00 0000 

  0x0000011d009228f8: ; implicit exception: dispatches to 0x0000011d00923010
  0x0000011d009228f8: 413b 780c | 0f83 1807 | 0000 4c63 | cfc4 817a | 1144 8810 | c5fa 5884 | 2408 0100 

  0x0000011d00922914: ;   {metadata(method data for {method} {0x0000011d10934cf8} 'shape' '(Lcom/sun/javafx/text/TextRun;[CLcom/sun/javafx/text/GlyphLayout;)V' in 'com/sun/javafx/text/PrismTextLayout')}
  0x0000011d00922914: 00ff c749 | b800 8047 | 111d 0100 | 0045 8b88 | 9400 0000 | 4183 c102 | 4589 8894 | 0000 0041 
  0x0000011d00922934: 81e1 fe3f | 0000 4585 | c90f 84e5 | 0600 004d 

  0x0000011d00922944: ; ImmutableOopMap {rdx=Oop [120]=Oop [128]=Oop [192]=Oop }
                      ;*goto {reexecute=1 rethrow=0 return_oop=0}
                      ; - (reexecute) com.sun.javafx.text.PrismTextLayout::shape@592 (line 917)
                      ;   {poll}
  0x0000011d00922944: 8b57 3041 

  0x0000011d00922948: ;   {metadata(method data for {method} {0x0000011d10934cf8} 'shape' '(Lcom/sun/javafx/text/TextRun;[CLcom/sun/javafx/text/GlyphLayout;)V' in 'com/sun/javafx/text/PrismTextLayout')}
  0x0000011d00922948: 8502 49b8 | 0080 4711 | 1d01 0000 | 41ff 8068 | 0a00 00c5 | f828 c8c5 | fa11 8c24 | 0801 0000 
  0x0000011d00922968: 8bb4 24e8 | 0000 00c5 | fa10 8424 | 0401 0000 | 488b 8424 | c000 0000 

  0x0000011d00922980: ;   {metadata(method data for {method} {0x0000011d10934cf8} 'shape' '(Lcom/sun/javafx/text/TextRun;[CLcom/sun/javafx/text/GlyphLayout;)V' in 'com/sun/javafx/text/PrismTextLayout')}
  0x0000011d00922980: 3bfe 49b8 | 0080 4711 | 1d01 0000 | bb28 0a00 | 007c 05bb | 180a 0000 | 498b 0c18 | 488d 4901 
  0x0000011d009229a0: 4989 0c18 | 0f8c 56fe | ffff c5fa | 108c 2408 | 0100 0048 | 8bbc 2480 | 0000 004c 

  0x0000011d009229bc: ;   {metadata(method data for {method} {0x0000011d10934cf8} 'shape' '(Lcom/sun/javafx/text/TextRun;[CLcom/sun/javafx/text/GlyphLayout;)V' in 'com/sun/javafx/text/PrismTextLayout')}
  0x0000011d009229bc: 8bc7 49b9 | 0080 4711 | 1d01 0000 | 4983 8190 | 0a00 0001 | c5fa 114f | 1844 8b84 | 24c8 0000 
  0x0000011d009229dc: 0044 8b4a | 4c49 c1e1 | 0341 8b71 | 2048 c1e6 | 0345 8b49 | 2449 c1e1 | 0348 8bd7 

  0x0000011d009229f8: ;   {metadata(method data for {method} {0x0000011d10934cf8} 'shape' '(Lcom/sun/javafx/text/TextRun;[CLcom/sun/javafx/text/GlyphLayout;)V' in 'com/sun/javafx/text/PrismTextLayout')}
  0x0000011d009229f8: 48bb 0080 | 4711 1d01 | 0000 4883 | 83c0 0a00 

  0x0000011d00922a08: ;   {metadata(method data for {method} {0x0000011d10e579a8} 'shape' '(I[I[F)V' in 'com/sun/javafx/text/TextRun')}
  0x0000011d00922a08: 0001 48ba | 0872 2712 | 1d01 0000 | 8b9a 9000 | 0000 83c3 | 0289 9a90 | 0000 0081 | e3fe ff1f 
  0x0000011d00922a28: 0085 db0f | 841d 0600 | 0044 8947 | 0c45 0fbe | 4748 4585 | c00f 852c | 0600 004c | 8bd6 49c1 
  0x0000011d00922a48: ea03 4489 | 5740 4c8b | c74c 33c6 | 49c1 e815 | 4983 f800 | 0f85 2d06 | 0000 450f | be47 4845 
  0x0000011d00922a68: 85c0 0f85 | 3706 0000 | 4d8b d149 | c1ea 0344 | 8957 444c | 8bc7 4d33 | c149 c1e8 | 1549 83f8 
  0x0000011d00922a88: 000f 8538 | 0600 0045 | 0fbe 4748 | 4585 c00f | 8542 0600 | 00c7 4748 | 0000 0000 | 448b 472c 
  0x0000011d00922aa8: 4181 c800 | 1000 0044 | 8947 2c48 | 81c4 2001 

  0x0000011d00922ab8: ;   {poll_return}
  0x0000011d00922ab8: 0000 5d49 | 3b67 280f | 873a 0600 | 00c3 c5fa | 108c 2400 | 0100 004c | 8bc8 4c8b | c748 8bbc 
  0x0000011d00922ad8: 2480 0000 | 0048 8b84 | 24e0 0000 | 0049 8bf0 | d1e6 3b70 | 0c0f 8322 | 0600 0048 | 63f6 c5fa 
  0x0000011d00922af8: 114c b010 

  0x0000011d00922afc: ;   {metadata(method data for {method} {0x0000011d10934cf8} 'shape' '(Lcom/sun/javafx/text/TextRun;[CLcom/sun/javafx/text/GlyphLayout;)V' in 'com/sun/javafx/text/PrismTextLayout')}
  0x0000011d00922afc: 488b f748 | ba00 8047 | 111d 0100 

  0x0000011d00922b08: ;   {metadata('com/sun/javafx/text/TextRun')}
  0x0000011d00922b08: 0049 ba38 | cd23 0900 | 0000 004c | 8992 2809 | 0000 4883 | 8230 0900 

  0x0000011d00922b20: ;   {metadata(method data for {method} {0x0000011d10e578e8} 'shape' '(I[I[F[I)V' in 'com/sun/javafx/text/TextRun')}
  0x0000011d00922b20: 0001 48be | 506e 2712 | 1d01 0000 | 8b96 9000 | 0000 83c2 | 0289 9690 | 0000 0081 | e2fe ff1f 
  0x0000011d00922b40: 0085 d20f | 84da 0500 | 0044 8947 | 0c45 0fbe | 4748 4585 | c00f 85e9 | 0500 004d | 8bd1 49c1 
  0x0000011d00922b60: ea03 4489 | 5740 4c8b | c74d 33c1 | 49c1 e815 | 4983 f800 | 0f85 ea05 | 0000 450f | be47 4845 
  0x0000011d00922b80: 85c0 0f85 | f405 0000 | 4c8b d049 | c1ea 0344 | 8957 444c | 8bc7 4c33 | c049 c1e8 | 1549 83f8 
  0x0000011d00922ba0: 000f 85f5 | 0500 0045 | 0fbe 4748 | 4585 c00f | 85ff 0500 | 00c7 4748 | 0000 0000 

  0x0000011d00922bbc: ;   {metadata(method data for {method} {0x0000011d10934cf8} 'shape' '(Lcom/sun/javafx/text/TextRun;[CLcom/sun/javafx/text/GlyphLayout;)V' in 'com/sun/javafx/text/PrismTextLayout')}
  0x0000011d00922bbc: 49b8 0080 | 4711 1d01 | 0000 41ff | 8050 0900 | 0048 81c4 | 2001 0000 

  0x0000011d00922bd4: ;   {poll_return}
  0x0000011d00922bd4: 5d49 3b67 | 280f 87f5 | 0500 00c3 | 488b b424 | a800 0000 | 488b 8424 | b000 0000 | 488b 9424 
  0x0000011d00922bf4: 9000 0000 | 488b 9c24 | 8800 0000 | 498b f848 | 3b02 4c8b 

  0x0000011d00922c08: ;   {metadata(method data for {method} {0x0000011d10934cf8} 'shape' '(Lcom/sun/javafx/text/TextRun;[CLcom/sun/javafx/text/GlyphLayout;)V' in 'com/sun/javafx/text/PrismTextLayout')}
  0x0000011d00922c08: c249 b900 | 8047 111d 

  0x0000011d00922c10: ;   {metadata('com/sun/javafx/font/directwrite/DWGlyphLayout')}
  0x0000011d00922c10: 0100 0049 | bad0 ee06 | 0900 0000 | 004d 8991 | 3807 0000 | 4983 8140 | 0700 0001 | 4c8b c74c 
  0x0000011d00922c30: 8bce 488b | f848 8bf3 | 0f1f 8000 

  0x0000011d00922c3c: ;   {optimized virtual_call}
  0x0000011d00922c3c: 0000 00e8 

  0x0000011d00922c40: ; ImmutableOopMap {}
                      ;*invokevirtual layout {reexecute=0 rethrow=0 return_oop=0}
                      ; - com.sun.javafx.text.PrismTextLayout::shape@327 (line 883)
  0x0000011d00922c40: 6107 0000 

  0x0000011d00922c44: ;   {post_call_nop}
  0x0000011d00922c44: 0f1f 8400 | 3c22 0013 

  0x0000011d00922c4c: ;   {metadata(method data for {method} {0x0000011d10934cf8} 'shape' '(Lcom/sun/javafx/text/TextRun;[CLcom/sun/javafx/text/GlyphLayout;)V' in 'com/sun/javafx/text/PrismTextLayout')}
  0x0000011d00922c4c: 48b9 0080 | 4711 1d01 | 0000 ff81 | 6007 0000 | 4881 c420 | 0100 005d 

  0x0000011d00922c64: ;   {poll_return}
  0x0000011d00922c64: 493b 6728 | 0f87 8105 | 0000 c348 | 81c4 2001 

  0x0000011d00922c74: ;   {poll_return}
  0x0000011d00922c74: 0000 5d49 | 3b67 280f | 8784 0500 | 00c3 4881 | c420 0100 

  0x0000011d00922c88: ;   {poll_return}
  0x0000011d00922c88: 005d 493b | 6728 0f87 | 8705 0000 | c348 81c4 | 2001 0000 

  0x0000011d00922c9c: ;   {poll_return}
  0x0000011d00922c9c: 5d49 3b67 | 280f 878a | 0500 00c3 | 498b c8d3 | fe48 8b84 | 2498 0000 | 004c 8bc7 

  0x0000011d00922cb8: ;   {metadata(method data for {method} {0x0000011d10934cf8} 'shape' '(Lcom/sun/javafx/text/TextRun;[CLcom/sun/javafx/text/GlyphLayout;)V' in 'com/sun/javafx/text/PrismTextLayout')}
  0x0000011d00922cb8: 49b9 0080 | 4711 1d01 

  0x0000011d00922cc0: ;   {metadata('com/sun/javafx/text/TextRun')}
  0x0000011d00922cc0: 0000 49ba | 38cd 2309 | 0000 0000 | 4d89 9160 | 0200 0049 | 8381 6802 | 0000 014c | 8bc0 4c8b 
  0x0000011d00922ce0: ce48 8bd7 

  0x0000011d00922ce4: ;   {optimized virtual_call}
  0x0000011d00922ce4: 6666 90e8 

  0x0000011d00922ce8: ; ImmutableOopMap {}
                      ;*invokevirtual setEmbedded {reexecute=0 rethrow=0 return_oop=0}
                      ; - com.sun.javafx.text.PrismTextLayout::shape@61 (line 835)
  0x0000011d00922ce8: f4c0 c506 

  0x0000011d00922cec: ;   {post_call_nop}
  0x0000011d00922cec: 0f1f 8400 | e422 0014 | 4881 c420 | 0100 005d 

  0x0000011d00922cfc: ;   {poll_return}
  0x0000011d00922cfc: 493b 6728 | 0f87 4105 | 0000 c348 | 81c4 2001 

  0x0000011d00922d0c: ;   {poll_return}
  0x0000011d00922d0c: 0000 5d49 | 3b67 280f | 8744 0500 

  0x0000011d00922d18: ;   {metadata({method} {0x0000011d10934cf8} 'shape' '(Lcom/sun/javafx/text/TextRun;[CLcom/sun/javafx/text/GlyphLayout;)V' in 'com/sun/javafx/text/PrismTextLayout')}
  0x0000011d00922d18: 00c3 49ba | f04c 9310 | 1d01 0000 | 4c89 5424 | 0848 c704 | 24ff ffff 

  0x0000011d00922d30: ;   {runtime_call C1 Runtime counter_overflow_blob}
  0x0000011d00922d30: ffe8 2aad 

  0x0000011d00922d34: ; ImmutableOopMap {rdx=Oop r8=Oop r9=Oop rdi=Oop [120]=Oop [128]=Oop }
                      ;*synchronization entry
                      ; - com.sun.javafx.text.PrismTextLayout::shape@-1 (line 829)
  0x0000011d00922d34: d206 e978 

  0x0000011d00922d38: ;   {runtime_call C1 Runtime throw_null_pointer_exception_blob}
  0x0000011d00922d38: deff ffe8 

  0x0000011d00922d3c: ; ImmutableOopMap {rdx=Oop r8=Oop r9=Oop rdi=Oop [120]=Oop [128]=Oop }
                      ;*arraylength {reexecute=0 rethrow=0 return_oop=0}
                      ; - com.sun.javafx.text.PrismTextLayout::shape@11 (line 830)
  0x0000011d00922d3c: a055 d206 

  0x0000011d00922d40: ;   {runtime_call C1 Runtime throw_null_pointer_exception_blob}
  0x0000011d00922d40: e89b 55d2 

  0x0000011d00922d44: ; ImmutableOopMap {r8=Oop [120]=Oop [128]=Oop [136]=Oop [144]=Oop }
                      ;*invokevirtual getTextSpan {reexecute=0 rethrow=0 return_oop=0}
                      ; - com.sun.javafx.text.PrismTextLayout::shape@17 (line 831)
                      ;   {runtime_call C1 Runtime throw_null_pointer_exception_blob}
  0x0000011d00922d44: 06e8 9655 

  0x0000011d00922d48: ; ImmutableOopMap {r8=Oop rsi=Oop [112]=Oop [120]=Oop [128]=Oop [136]=Oop [144]=Oop }
                      ;*invokeinterface getFont {reexecute=0 rethrow=0 return_oop=0}
                      ; - com.sun.javafx.text.PrismTextLayout::shape@24 (line 832)
  0x0000011d00922d48: d206 4889 

  0x0000011d00922d4c: ;   {runtime_call C1 Runtime throw_class_cast_exception_blob}
  0x0000011d00922d4c: 0424 e88d 

  0x0000011d00922d50: ; ImmutableOopMap {[112]=Oop [120]=Oop [128]=Oop [136]=Oop [144]=Oop }
                      ;*checkcast {reexecute=0 rethrow=0 return_oop=0}
                      ; - com.sun.javafx.text.PrismTextLayout::shape@29 (line 832)
                      ;   {runtime_call C1 Runtime throw_null_pointer_exception_blob}
  0x0000011d00922d50: 79d2 06e8 

  0x0000011d00922d54: ; ImmutableOopMap {rax=Oop [128]=Oop [152]=Oop }
                      ;*invokevirtual length {reexecute=0 rethrow=0 return_oop=0}
                      ; - com.sun.javafx.text.PrismTextLayout::shape@58 (line 835)
  0x0000011d00922d54: 8855 d206 

  0x0000011d00922d58: ;   {metadata({method} {0x0000000008188058} 'length' '()I' in 'java/lang/String')}
  0x0000011d00922d58: 49ba 5080 | 1808 0000 | 0000 4c89 | 5424 0848 | c704 24ff 

  0x0000011d00922d6c: ;   {runtime_call C1 Runtime counter_overflow_blob}
  0x0000011d00922d6c: ffff ffe8 

  0x0000011d00922d70: ; ImmutableOopMap {rax=Oop [128]=Oop [152]=Oop }
                      ;*synchronization entry
                      ; - java.lang.String::length@-1 (line 1583)
                      ; - com.sun.javafx.text.PrismTextLayout::shape@58 (line 835)
  0x0000011d00922d70: ecac d206 | e9a7 e2ff 

  0x0000011d00922d78: ;   {runtime_call C1 Runtime throw_null_pointer_exception_blob}
  0x0000011d00922d78: ffe8 6255 

  0x0000011d00922d7c: ; ImmutableOopMap {rax=Oop [128]=Oop [152]=Oop }
                      ;*arraylength {reexecute=0 rethrow=0 return_oop=0}
                      ; - java.lang.String::length@4 (line 1583)
                      ; - com.sun.javafx.text.PrismTextLayout::shape@58 (line 835)
                      ;   {metadata({method} {0x00000000084ae8c8} 'coder' '()B' in 'java/lang/String')}
  0x0000011d00922d7c: d206 49ba | c0e8 4a08 | 0000 0000 | 4c89 5424 | 0848 c704 | 24ff ffff 

  0x0000011d00922d94: ;   {runtime_call C1 Runtime counter_overflow_blob}
  0x0000011d00922d94: ffe8 c6ac 

  0x0000011d00922d98: ; ImmutableOopMap {rax=Oop [128]=Oop [152]=Oop }
                      ;*synchronization entry
                      ; - java.lang.String::coder@-1 (line 4885)
                      ; - java.lang.String::length@6 (line 1583)
                      ; - com.sun.javafx.text.PrismTextLayout::shape@58 (line 835)
  0x0000011d00922d98: d206 e946 

  0x0000011d00922d9c: ;   {runtime_call C1 Runtime throw_incompatible_class_change_error_blob}
  0x0000011d00922d9c: e3ff ffe8 

  0x0000011d00922da0: ; ImmutableOopMap {rsi=Oop [120]=Oop [128]=Oop [136]=Oop [144]=Oop }
                      ;*invokeinterface getStrike {reexecute=0 rethrow=0 return_oop=0}
                      ; - com.sun.javafx.text.PrismTextLayout::shape@70 (line 838)
  0x0000011d00922da0: 3c7c d206 

  0x0000011d00922da4: ;   {runtime_call C1 Runtime throw_null_pointer_exception_blob}
  0x0000011d00922da4: e837 55d2 

  0x0000011d00922da8: ; ImmutableOopMap {rsi=Oop [120]=Oop [128]=Oop [136]=Oop [144]=Oop }
                      ;*invokeinterface getStrike {reexecute=0 rethrow=0 return_oop=0}
                      ; - com.sun.javafx.text.PrismTextLayout::shape@70 (line 838)
                      ;   {metadata({method} {0x0000011d10611c30} 'getStrike' '(Lcom/sun/javafx/geom/transform/BaseTransform;)Lcom/sun/javafx/font/FontStrike;' in 'com/sun/javafx/font/PrismFont')}
  0x0000011d00922da8: 0649 ba28 | 1c61 101d | 0100 004c | 8954 2408 | 48c7 0424 | ffff ffff 

  0x0000011d00922dc0: ;   {runtime_call C1 Runtime counter_overflow_blob}
  0x0000011d00922dc0: e89b acd2 

  0x0000011d00922dc4: ; ImmutableOopMap {rsi=Oop [120]=Oop [128]=Oop [136]=Oop [144]=Oop }
                      ;*synchronization entry
                      ; - com.sun.javafx.font.PrismFont::getStrike@-1 (line 79)
                      ; - com.sun.javafx.text.PrismTextLayout::shape@70 (line 838)
  0x0000011d00922dc4: 06e9 c8e3 

  0x0000011d00922dc8: ;   {runtime_call C1 Runtime throw_null_pointer_exception_blob}
  0x0000011d00922dc8: ffff e811 

  0x0000011d00922dcc: ; ImmutableOopMap {rsi=Oop rdx=Oop [120]=Oop [128]=Oop [136]=Oop [144]=Oop }
                      ;*invokeinterface getStrike {reexecute=0 rethrow=0 return_oop=0}
                      ; - com.sun.javafx.font.PrismFont::getStrike@9 (line 79)
                      ; - com.sun.javafx.text.PrismTextLayout::shape@70 (line 838)
                      ;   {runtime_call C1 Runtime throw_null_pointer_exception_blob}
  0x0000011d00922dcc: 55d2 06e8 

  0x0000011d00922dd0: ; ImmutableOopMap {rdx=Oop rsi=Oop rax=Oop r8=Oop [120]=Oop [128]=Oop [136]=Oop [144]=Oop }
                      ;*invokevirtual getAscent {reexecute=0 rethrow=0 return_oop=0}
                      ; - com.sun.javafx.text.PrismTextLayout::shape@93 (line 845)
  0x0000011d00922dd0: 0c55 d206 

  0x0000011d00922dd4: ;   {runtime_call C1 Runtime throw_null_pointer_exception_blob}
  0x0000011d00922dd4: e807 55d2 

  0x0000011d00922dd8: ; ImmutableOopMap {rax=Oop [120]=Oop [128]=Oop [136]=Oop [144]=Oop [168]=Oop }
                      ;*invokeinterface getMetrics {reexecute=0 rethrow=0 return_oop=0}
                      ; - com.sun.javafx.text.PrismTextLayout::shape@103 (line 846)
                      ;   {runtime_call C1 Runtime throw_incompatible_class_change_error_blob}
  0x0000011d00922dd8: 06e8 027c 

  0x0000011d00922ddc: ; ImmutableOopMap {rax=Oop rsi=Oop [120]=Oop [128]=Oop [136]=Oop [144]=Oop [176]=Oop [184]=Oop }
                      ;*invokeinterface getAscent {reexecute=0 rethrow=0 return_oop=0}
                      ; - com.sun.javafx.text.PrismTextLayout::shape@126 (line 853)
                      ;   {runtime_call C1 Runtime throw_null_pointer_exception_blob}
  0x0000011d00922ddc: d206 e8fd 

  0x0000011d00922de0: ; ImmutableOopMap {rax=Oop rsi=Oop [120]=Oop [128]=Oop [136]=Oop [144]=Oop [176]=Oop [184]=Oop }
                      ;*invokeinterface getAscent {reexecute=0 rethrow=0 return_oop=0}
                      ; - com.sun.javafx.text.PrismTextLayout::shape@126 (line 853)
                      ;   {runtime_call C1 Runtime throw_incompatible_class_change_error_blob}
  0x0000011d00922de0: 54d2 06e8 

  0x0000011d00922de4: ; ImmutableOopMap {rax=Oop rsi=Oop [120]=Oop [128]=Oop [136]=Oop [144]=Oop [176]=Oop [184]=Oop }
                      ;*invokeinterface getFamilyName {reexecute=0 rethrow=0 return_oop=0}
                      ; - com.sun.javafx.text.PrismTextLayout::shape@135 (line 859)
  0x0000011d00922de4: f87b d206 

  0x0000011d00922de8: ;   {runtime_call C1 Runtime throw_null_pointer_exception_blob}
  0x0000011d00922de8: e8f3 54d2 

  0x0000011d00922dec: ; ImmutableOopMap {rax=Oop rsi=Oop [120]=Oop [128]=Oop [136]=Oop [144]=Oop [176]=Oop [184]=Oop }
                      ;*invokeinterface getFamilyName {reexecute=0 rethrow=0 return_oop=0}
                      ; - com.sun.javafx.text.PrismTextLayout::shape@135 (line 859)
                      ;   {metadata({method} {0x0000011d10611908} 'getFamilyName' '()Ljava/lang/String;' in 'com/sun/javafx/font/PrismFont')}
  0x0000011d00922dec: 0649 ba00 | 1961 101d | 0100 004c | 8954 2408 | 48c7 0424 | ffff ffff 

  0x0000011d00922e04: ;   {runtime_call C1 Runtime counter_overflow_blob}
  0x0000011d00922e04: e857 acd2 

  0x0000011d00922e08: ; ImmutableOopMap {rax=Oop rsi=Oop [120]=Oop [128]=Oop [136]=Oop [144]=Oop [176]=Oop [184]=Oop }
                      ;*synchronization entry
                      ; - com.sun.javafx.font.PrismFont::getFamilyName@-1 (line 51)
                      ; - com.sun.javafx.text.PrismTextLayout::shape@135 (line 859)
  0x0000011d00922e08: 06e9 e8e6 

  0x0000011d00922e0c: ;   {runtime_call C1 Runtime throw_null_pointer_exception_blob}
  0x0000011d00922e0c: ffff e8cd 

  0x0000011d00922e10: ; ImmutableOopMap {rax=Oop rsi=Oop rdi=Oop [120]=Oop [128]=Oop [136]=Oop [144]=Oop [176]=Oop [184]=Oop }
                      ;*invokeinterface getFamilyName {reexecute=0 rethrow=0 return_oop=0}
                      ; - com.sun.javafx.font.PrismFont::getFamilyName@4 (line 51)
                      ; - com.sun.javafx.text.PrismTextLayout::shape@135 (line 859)
                      ;   {runtime_call C1 Runtime throw_null_pointer_exception_blob}
  0x0000011d00922e10: 54d2 06e8 

  0x0000011d00922e14: ; ImmutableOopMap {rax=Oop [120]=Oop [128]=Oop [136]=Oop [144]=Oop [168]=Oop [176]=Oop [184]=Oop }
                      ;*invokevirtual equals {reexecute=0 rethrow=0 return_oop=0}
                      ; - com.sun.javafx.text.PrismTextLayout::shape@143 (line 859)
  0x0000011d00922e14: c854 d206 

  0x0000011d00922e18: ;   {runtime_call C1 Runtime throw_incompatible_class_change_error_blob}
  0x0000011d00922e18: e8c3 7bd2 

  0x0000011d00922e1c: ; ImmutableOopMap {rax=Oop [120]=Oop [128]=Oop [136]=Oop [144]=Oop [168]=Oop [176]=Oop [184]=Oop }
                      ;*invokeinterface getDescent {reexecute=0 rethrow=0 return_oop=0}
                      ; - com.sun.javafx.text.PrismTextLayout::shape@172 (line 863)
                      ;   {runtime_call C1 Runtime throw_incompatible_class_change_error_blob}
  0x0000011d00922e1c: 06e8 be7b 

  0x0000011d00922e20: ; ImmutableOopMap {rax=Oop [120]=Oop [128]=Oop [136]=Oop [144]=Oop [168]=Oop [176]=Oop [184]=Oop }
                      ;*invokeinterface getLineGap {reexecute=0 rethrow=0 return_oop=0}
                      ; - com.sun.javafx.text.PrismTextLayout::shape@188 (line 864)
                      ;   {runtime_call C1 Runtime throw_incompatible_class_change_error_blob}
  0x0000011d00922e20: d206 e8b9 

  0x0000011d00922e24: ; ImmutableOopMap {rax=Oop [120]=Oop [128]=Oop [136]=Oop [144]=Oop [168]=Oop [176]=Oop [184]=Oop }
                      ;*invokeinterface getCapHeight {reexecute=0 rethrow=0 return_oop=0}
                      ; - com.sun.javafx.text.PrismTextLayout::shape@204 (line 865)
                      ;   {metadata({method} {0x0000011d10e5c2d0} 'getCapHeight' '()F' in 'com/sun/javafx/font/PrismMetrics')}
  0x0000011d00922e24: 7bd2 0649 | bac8 c2e5 | 101d 0100 | 004c 8954 | 2408 48c7 | 0424 ffff 

  0x0000011d00922e3c: ;   {runtime_call C1 Runtime counter_overflow_blob}
  0x0000011d00922e3c: ffff e81d 

  0x0000011d00922e40: ; ImmutableOopMap {rax=Oop [120]=Oop [128]=Oop [136]=Oop [144]=Oop [168]=Oop [176]=Oop [184]=Oop }
                      ;*synchronization entry
                      ; - com.sun.javafx.font.PrismMetrics::getCapHeight@-1 (line 102)
                      ; - com.sun.javafx.text.PrismTextLayout::shape@204 (line 865)
  0x0000011d00922e40: acd2 06e9 | f3e9 ffff 

  0x0000011d00922e48: ;   {metadata({method} {0x0000011d10e5c030} 'checkStyleMetrics' '()V' in 'com/sun/javafx/font/PrismMetrics')}
  0x0000011d00922e48: 49ba 28c0 | e510 1d01 | 0000 4c89 | 5424 0848 | c704 24ff 

  0x0000011d00922e5c: ;   {runtime_call C1 Runtime counter_overflow_blob}
  0x0000011d00922e5c: ffff ffe8 

  0x0000011d00922e60: ; ImmutableOopMap {rax=Oop [120]=Oop [128]=Oop [136]=Oop [144]=Oop [168]=Oop [176]=Oop [184]=Oop }
                      ;*synchronization entry
                      ; - com.sun.javafx.font.PrismMetrics::checkStyleMetrics@-1 (line 77)
                      ; - com.sun.javafx.font.PrismMetrics::getCapHeight@1 (line 102)
                      ; - com.sun.javafx.text.PrismTextLayout::shape@204 (line 865)
  0x0000011d00922e60: fcab d206 | e90e eaff 

  0x0000011d00922e68: ;   {runtime_call C1 Runtime throw_null_pointer_exception_blob}
  0x0000011d00922e68: ffe8 7254 

  0x0000011d00922e6c: ; ImmutableOopMap {rax=Oop rdx=Oop [120]=Oop [128]=Oop [136]=Oop [144]=Oop [168]=Oop [176]=Oop [184]=Oop }
                      ;*invokevirtual getStyleMetrics {reexecute=0 rethrow=0 return_oop=0}
                      ; - com.sun.javafx.font.PrismMetrics::checkStyleMetrics@16 (line 78)
                      ; - com.sun.javafx.font.PrismMetrics::getCapHeight@1 (line 102)
                      ; - com.sun.javafx.text.PrismTextLayout::shape@204 (line 865)
  0x0000011d00922e6c: d206 8b72 | 2048 c1e6 | 0348 83fe | 000f 8412 | ebff ff48 

  0x0000011d00922e80: ;   {runtime_call g1_pre_barrier_slow}
  0x0000011d00922e80: 8934 24e8 | d8b1 d206 | e904 ebff | ff48 83f8 | 000f 8419 | ebff ff48 

  0x0000011d00922e98: ;   {runtime_call g1_post_barrier_slow}
  0x0000011d00922e98: 8914 24e8 | 40b9 d206 | e90b ebff 

  0x0000011d00922ea4: ;   {runtime_call C1 Runtime throw_null_pointer_exception_blob}
  0x0000011d00922ea4: ffe8 3654 

  0x0000011d00922ea8: ; ImmutableOopMap {rdx=Oop [120]=Oop [128]=Oop [136]=Oop [144]=Oop [168]=Oop [176]=Oop }
                      ;*faload {reexecute=0 rethrow=0 return_oop=0}
                      ; - com.sun.javafx.font.PrismMetrics::getCapHeight@9 (line 103)
                      ; - com.sun.javafx.text.PrismTextLayout::shape@204 (line 865)
                      ;   {runtime_call C1 Runtime throw_null_pointer_exception_blob}
  0x0000011d00922ea8: d206 e831 

  0x0000011d00922eac: ; ImmutableOopMap {rdx=Oop [120]=Oop [128]=Oop [136]=Oop [144]=Oop [168]=Oop [176]=Oop }
                      ;*faload {reexecute=0 rethrow=0 return_oop=0}
                      ; - com.sun.javafx.font.PrismMetrics::getCapHeight@9 (line 103)
                      ; - com.sun.javafx.text.PrismTextLayout::shape@204 (line 865)
  0x0000011d00922eac: 54d2 0648 | c704 2401 | 0000 0048 | 8954 2408 

  0x0000011d00922ebc: ;   {runtime_call C1 Runtime throw_range_check_failed_blob}
  0x0000011d00922ebc: e81f 4bd2 

  0x0000011d00922ec0: ; ImmutableOopMap {rdx=Oop [120]=Oop [128]=Oop [136]=Oop [144]=Oop [168]=Oop [176]=Oop }
                      ;*faload {reexecute=0 rethrow=0 return_oop=0}
                      ; - com.sun.javafx.font.PrismMetrics::getCapHeight@9 (line 103)
                      ; - com.sun.javafx.text.PrismTextLayout::shape@204 (line 865)
                      ;   {metadata({method} {0x0000011d10e56b10} 'setMetrics' '(FFF)V' in 'com/sun/javafx/text/TextRun')}
  0x0000011d00922ec0: 0649 ba08 | 6be5 101d | 0100 004c | 8954 2408 | 48c7 0424 | ffff ffff 

  0x0000011d00922ed8: ;   {runtime_call C1 Runtime counter_overflow_blob}
  0x0000011d00922ed8: e883 abd2 

  0x0000011d00922edc: ; ImmutableOopMap {r8=Oop [120]=Oop [128]=Oop [136]=Oop [144]=Oop [168]=Oop [176]=Oop }
                      ;*synchronization entry
                      ; - com.sun.javafx.text.TextRun::setMetrics@-1 (line 205)
                      ; - com.sun.javafx.text.PrismTextLayout::shape@258 (line 872)
  0x0000011d00922edc: 06e9 09ec 

  0x0000011d00922ee0: ;   {runtime_call C1 Runtime throw_incompatible_class_change_error_blob}
  0x0000011d00922ee0: ffff e8f9 

  0x0000011d00922ee4: ; ImmutableOopMap {r8=Oop rdx=Oop [120]=Oop [128]=Oop [136]=Oop [144]=Oop [168]=Oop [176]=Oop [184]=Oop }
                      ;*invokeinterface getAscent {reexecute=0 rethrow=0 return_oop=0}
                      ; - com.sun.javafx.text.PrismTextLayout::shape@267 (line 874)
                      ;   {runtime_call C1 Runtime throw_null_pointer_exception_blob}
  0x0000011d00922ee4: 7ad2 06e8 

  0x0000011d00922ee8: ; ImmutableOopMap {r8=Oop rdx=Oop [120]=Oop [128]=Oop [136]=Oop [144]=Oop [168]=Oop [176]=Oop [184]=Oop }
                      ;*invokeinterface getAscent {reexecute=0 rethrow=0 return_oop=0}
                      ; - com.sun.javafx.text.PrismTextLayout::shape@267 (line 874)
  0x0000011d00922ee8: f453 d206 

  0x0000011d00922eec: ;   {runtime_call C1 Runtime throw_incompatible_class_change_error_blob}
  0x0000011d00922eec: e8ef 7ad2 

  0x0000011d00922ef0: ; ImmutableOopMap {r8=Oop rdx=Oop [120]=Oop [128]=Oop [136]=Oop [144]=Oop [168]=Oop [176]=Oop [184]=Oop }
                      ;*invokeinterface getDescent {reexecute=0 rethrow=0 return_oop=0}
                      ; - com.sun.javafx.text.PrismTextLayout::shape@274 (line 874)
                      ;   {runtime_call C1 Runtime throw_incompatible_class_change_error_blob}
  0x0000011d00922ef0: 06e8 ea7a 

  0x0000011d00922ef4: ; ImmutableOopMap {r8=Oop rdx=Oop [120]=Oop [128]=Oop [136]=Oop [144]=Oop [168]=Oop [176]=Oop [184]=Oop }
                      ;*invokeinterface getLineGap {reexecute=0 rethrow=0 return_oop=0}
                      ; - com.sun.javafx.text.PrismTextLayout::shape@281 (line 874)
                      ;   {metadata({method} {0x0000011d10e56b10} 'setMetrics' '(FFF)V' in 'com/sun/javafx/text/TextRun')}
  0x0000011d00922ef4: d206 49ba | 086b e510 | 1d01 0000 | 4c89 5424 | 0848 c704 | 24ff ffff 

  0x0000011d00922f0c: ;   {runtime_call C1 Runtime counter_overflow_blob}
  0x0000011d00922f0c: ffe8 4eab 

  0x0000011d00922f10: ; ImmutableOopMap {r8=Oop [120]=Oop [128]=Oop [136]=Oop [144]=Oop [168]=Oop [176]=Oop }
                      ;*synchronization entry
                      ; - com.sun.javafx.text.TextRun::setMetrics@-1 (line 205)
                      ; - com.sun.javafx.text.PrismTextLayout::shape@286 (line 874)
  0x0000011d00922f10: d206 e926 

  0x0000011d00922f14: ;   {metadata({method} {0x0000011d10e560b8} 'isTab' '()Z' in 'com/sun/javafx/text/TextRun')}
  0x0000011d00922f14: edff ff49 | bab0 60e5 | 101d 0100 | 004c 8954 | 2408 48c7 | 0424 ffff 

  0x0000011d00922f2c: ;   {runtime_call C1 Runtime counter_overflow_blob}
  0x0000011d00922f2c: ffff e82d 

  0x0000011d00922f30: ; ImmutableOopMap {r8=Oop [120]=Oop [128]=Oop [136]=Oop [144]=Oop [168]=Oop [176]=Oop }
                      ;*synchronization entry
                      ; - com.sun.javafx.text.TextRun::isTab@-1 (line 134)
                      ; - com.sun.javafx.text.PrismTextLayout::shape@290 (line 878)
  0x0000011d00922f30: abd2 06e9 | 53ed ffff 

  0x0000011d00922f38: ;   {metadata({method} {0x0000011d10e55dd8} 'isLinebreak' '()Z' in 'com/sun/javafx/text/TextRun')}
  0x0000011d00922f38: 49ba d05d | e510 1d01 | 0000 4c89 | 5424 0848 | c704 24ff 

  0x0000011d00922f4c: ;   {runtime_call C1 Runtime counter_overflow_blob}
  0x0000011d00922f4c: ffff ffe8 

  0x0000011d00922f50: ; ImmutableOopMap {r8=Oop [120]=Oop [128]=Oop [136]=Oop [144]=Oop [168]=Oop [176]=Oop }
                      ;*synchronization entry
                      ; - com.sun.javafx.text.TextRun::isLinebreak@-1 (line 118)
                      ; - com.sun.javafx.text.PrismTextLayout::shape@298 (line 879)
  0x0000011d00922f50: 0cab d206 | e9ee edff 

  0x0000011d00922f58: ;   {metadata({method} {0x0000011d10e56508} 'isComplex' '()Z' in 'com/sun/javafx/text/TextRun')}
  0x0000011d00922f58: ff49 ba00 | 65e5 101d | 0100 004c | 8954 2408 | 48c7 0424 | ffff ffff 

  0x0000011d00922f70: ;   {runtime_call C1 Runtime counter_overflow_blob}
  0x0000011d00922f70: e8eb aad2 

  0x0000011d00922f74: ; ImmutableOopMap {r8=Oop [120]=Oop [128]=Oop [136]=Oop [144]=Oop [168]=Oop [176]=Oop }
                      ;*synchronization entry
                      ; - com.sun.javafx.text.TextRun::isComplex@-1 (line 158)
                      ; - com.sun.javafx.text.PrismTextLayout::shape@314 (line 881)
  0x0000011d00922f74: 06e9 c8ee 

  0x0000011d00922f78: ;   {runtime_call C1 Runtime throw_null_pointer_exception_blob}
  0x0000011d00922f78: ffff e861 

  0x0000011d00922f7c: ; ImmutableOopMap {rax=Oop [120]=Oop [128]=Oop [136]=Oop }
                      ;*invokeinterface getFontResource {reexecute=0 rethrow=0 return_oop=0}
                      ; - com.sun.javafx.text.PrismTextLayout::shape@335 (line 885)
                      ;   {runtime_call C1 Runtime throw_null_pointer_exception_blob}
  0x0000011d00922f7c: 53d2 06e8 

  0x0000011d00922f80: ; ImmutableOopMap {rax=Oop [128]=Oop [136]=Oop [192]=Oop }
                      ;*invokeinterface getGlyphMapper {reexecute=0 rethrow=0 return_oop=0}
                      ; - com.sun.javafx.text.PrismTextLayout::shape@372 (line 892)
  0x0000011d00922f80: 5c53 d206 

  0x0000011d00922f84: ;   {runtime_call C1 Runtime new_type_array_blob}
  0x0000011d00922f84: e857 62d2 

  0x0000011d00922f88: ; ImmutableOopMap {r11=Oop [128]=Oop [136]=Oop [192]=Oop }
                      ;*newarray {reexecute=0 rethrow=0 return_oop=0}
                      ; - com.sun.javafx.text.PrismTextLayout::shape@381 (line 895)
  0x0000011d00922f88: 06e9 83f2 

  0x0000011d00922f8c: ;   {runtime_call C1 Runtime throw_null_pointer_exception_blob}
  0x0000011d00922f8c: ffff e84d 

  0x0000011d00922f90: ; ImmutableOopMap {r11=Oop rax=Oop [128]=Oop [136]=Oop [192]=Oop [208]=Oop }
                      ;*invokevirtual charsToGlyphs {reexecute=0 rethrow=0 return_oop=0}
                      ; - com.sun.javafx.text.PrismTextLayout::shape@394 (line 896)
                      ;   {runtime_call C1 Runtime new_type_array_blob}
  0x0000011d00922f90: 53d2 06e8 

  0x0000011d00922f94: ; ImmutableOopMap {[128]=Oop [192]=Oop [208]=Oop }
                      ;*newarray {reexecute=0 rethrow=0 return_oop=0}
                      ; - com.sun.javafx.text.PrismTextLayout::shape@403 (line 897)
  0x0000011d00922f94: 4862 d206 | e9d0 f3ff | ff48 8934 | 2448 8944 

  0x0000011d00922fa4: ;   {runtime_call C1 Runtime throw_range_check_failed_blob}
  0x0000011d00922fa4: 2408 e835 

  0x0000011d00922fa8: ; ImmutableOopMap {rax=Oop rbx=Oop [128]=Oop [192]=Oop [208]=Oop [224]=Oop }
                      ;*iaload {reexecute=0 rethrow=0 return_oop=0}
                      ; - com.sun.javafx.text.PrismTextLayout::shape@426 (line 900)
  0x0000011d00922fa8: 4ad2 0648 | 8934 2448 | 8944 2408 

  0x0000011d00922fb4: ;   {runtime_call C1 Runtime throw_range_check_failed_blob}
  0x0000011d00922fb4: e827 4ad2 

  0x0000011d00922fb8: ; ImmutableOopMap {rax=Oop [128]=Oop [192]=Oop [208]=Oop [224]=Oop }
                      ;*fastore {reexecute=0 rethrow=0 return_oop=0}
                      ; - com.sun.javafx.text.PrismTextLayout::shape@444 (line 901)
                      ;   {metadata({method} {0x0000011d10934cf8} 'shape' '(Lcom/sun/javafx/text/TextRun;[CLcom/sun/javafx/text/GlyphLayout;)V' in 'com/sun/javafx/text/PrismTextLayout')}
  0x0000011d00922fb8: 0649 baf0 | 4c93 101d | 0100 004c | 8954 2408 | 48c7 0424 | c701 0000 

  0x0000011d00922fd0: ;   {runtime_call C1 Runtime counter_overflow_blob}
  0x0000011d00922fd0: e88b aad2 

  0x0000011d00922fd4: ; ImmutableOopMap {rax=Oop [128]=Oop [192]=Oop [208]=Oop [224]=Oop }
                      ;*goto {reexecute=1 rethrow=0 return_oop=0}
                      ; - (reexecute) com.sun.javafx.text.PrismTextLayout::shape@455 (line 899)
  0x0000011d00922fd4: 06e9 daf4 

  0x0000011d00922fd8: ;   {runtime_call C1 Runtime throw_null_pointer_exception_blob}
  0x0000011d00922fd8: ffff e801 

  0x0000011d00922fdc: ; ImmutableOopMap {rdx=Oop [120]=Oop [128]=Oop [136]=Oop [176]=Oop [192]=Oop }
                      ;*getfield valid {reexecute=1 rethrow=0 return_oop=0}
                      ; - (reexecute) com.sun.javafx.text.PrismTextLayout::shape@485 (line 911)
                      ;   {runtime_call C1 Runtime throw_null_pointer_exception_blob}
  0x0000011d00922fdc: 53d2 06e8 

  0x0000011d00922fe0: ; ImmutableOopMap {rax=Oop [120]=Oop [128]=Oop [136]=Oop [192]=Oop }
                      ;*invokeinterface getGlyphMapper {reexecute=0 rethrow=0 return_oop=0}
                      ; - com.sun.javafx.text.PrismTextLayout::shape@502 (line 913)
  0x0000011d00922fe0: fc52 d206 

  0x0000011d00922fe4: ;   {runtime_call C1 Runtime throw_null_pointer_exception_blob}
  0x0000011d00922fe4: e8f7 52d2 

  0x0000011d00922fe8: ; ImmutableOopMap {rax=Oop rdx=Oop [120]=Oop [128]=Oop [136]=Oop [192]=Oop }
                      ;*getfield glyphs {reexecute=1 rethrow=0 return_oop=0}
                      ; - (reexecute) com.sun.javafx.text.PrismTextLayout::shape@520 (line 914)
                      ;   {runtime_call C1 Runtime throw_null_pointer_exception_blob}
  0x0000011d00922fe8: 06e8 f252 

  0x0000011d00922fec: ; ImmutableOopMap {rax=Oop rdx=Oop rsi=Oop [120]=Oop [128]=Oop [136]=Oop [192]=Oop }
                      ;*invokevirtual charsToGlyphs {reexecute=0 rethrow=0 return_oop=0}
                      ; - com.sun.javafx.text.PrismTextLayout::shape@525 (line 914)
                      ;   {runtime_call C1 Runtime throw_null_pointer_exception_blob}
  0x0000011d00922fec: d206 e8ed 

  0x0000011d00922ff0: ; ImmutableOopMap {rdx=Oop rax=Oop [120]=Oop [128]=Oop [192]=Oop }
                      ;*getfield glyphs {reexecute=1 rethrow=0 return_oop=0}
                      ; - (reexecute) com.sun.javafx.text.PrismTextLayout::shape@555 (line 918)
                      ;   {runtime_call C1 Runtime throw_null_pointer_exception_blob}
  0x0000011d00922ff0: 52d2 06e8 

  0x0000011d00922ff4: ; ImmutableOopMap {rdx=Oop rax=Oop r8=Oop [120]=Oop [128]=Oop [192]=Oop }
                      ;*iaload {reexecute=0 rethrow=0 return_oop=0}
                      ; - com.sun.javafx.text.PrismTextLayout::shape@560 (line 918)
  0x0000011d00922ff4: e852 d206 

  0x0000011d00922ff8: ;   {runtime_call C1 Runtime throw_null_pointer_exception_blob}
  0x0000011d00922ff8: e8e3 52d2 

  0x0000011d00922ffc: ; ImmutableOopMap {rdx=Oop rax=Oop r8=Oop [120]=Oop [128]=Oop [192]=Oop }
                      ;*iaload {reexecute=0 rethrow=0 return_oop=0}
                      ; - com.sun.javafx.text.PrismTextLayout::shape@560 (line 918)
  0x0000011d00922ffc: 0648 893c | 244c 8944 

  0x0000011d00923004: ;   {runtime_call C1 Runtime throw_range_check_failed_blob}
  0x0000011d00923004: 2408 e8d5 

  0x0000011d00923008: ; ImmutableOopMap {rdx=Oop rax=Oop r8=Oop [120]=Oop [128]=Oop [192]=Oop }
                      ;*iaload {reexecute=0 rethrow=0 return_oop=0}
                      ; - com.sun.javafx.text.PrismTextLayout::shape@560 (line 918)
                      ;   {runtime_call C1 Runtime throw_null_pointer_exception_blob}
  0x0000011d00923008: 49d2 06e8 

  0x0000011d0092300c: ; ImmutableOopMap {rdx=Oop [120]=Oop [128]=Oop [192]=Oop }
                      ;*getfield advances {reexecute=1 rethrow=0 return_oop=0}
                      ; - (reexecute) com.sun.javafx.text.PrismTextLayout::shape@574 (line 919)
  0x0000011d0092300c: d052 d206 

  0x0000011d00923010: ;   {runtime_call C1 Runtime throw_null_pointer_exception_blob}
  0x0000011d00923010: e8cb 52d2 

  0x0000011d00923014: ; ImmutableOopMap {rdx=Oop r8=Oop [120]=Oop [128]=Oop [192]=Oop }
                      ;*fastore {reexecute=0 rethrow=0 return_oop=0}
                      ; - com.sun.javafx.text.PrismTextLayout::shape@581 (line 919)
                      ;   {runtime_call C1 Runtime throw_null_pointer_exception_blob}
  0x0000011d00923014: 06e8 c652 

  0x0000011d00923018: ; ImmutableOopMap {rdx=Oop r8=Oop [120]=Oop [128]=Oop [192]=Oop }
                      ;*fastore {reexecute=0 rethrow=0 return_oop=0}
                      ; - com.sun.javafx.text.PrismTextLayout::shape@581 (line 919)
  0x0000011d00923018: d206 4889 | 3c24 4c89 

  0x0000011d00923020: ;   {runtime_call C1 Runtime throw_range_check_failed_blob}
  0x0000011d00923020: 4424 08e8 

  0x0000011d00923024: ; ImmutableOopMap {rdx=Oop r8=Oop [120]=Oop [128]=Oop [192]=Oop }
                      ;*fastore {reexecute=0 rethrow=0 return_oop=0}
                      ; - com.sun.javafx.text.PrismTextLayout::shape@581 (line 919)
  0x0000011d00923024: b849 d206 

  0x0000011d00923028: ;   {metadata({method} {0x0000011d10934cf8} 'shape' '(Lcom/sun/javafx/text/TextRun;[CLcom/sun/javafx/text/GlyphLayout;)V' in 'com/sun/javafx/text/PrismTextLayout')}
  0x0000011d00923028: 49ba f04c | 9310 1d01 | 0000 4c89 | 5424 0848 | c704 2450 

  0x0000011d0092303c: ;   {runtime_call C1 Runtime counter_overflow_blob}
  0x0000011d0092303c: 0200 00e8 

  0x0000011d00923040: ; ImmutableOopMap {rdx=Oop [120]=Oop [128]=Oop [192]=Oop }
                      ;*goto {reexecute=1 rethrow=0 return_oop=0}
                      ; - (reexecute) com.sun.javafx.text.PrismTextLayout::shape@592 (line 917)
  0x0000011d00923040: 1caa d206 | e9fa f8ff 

  0x0000011d00923048: ;   {runtime_call C1 Runtime throw_null_pointer_exception_blob}
  0x0000011d00923048: ffe8 9252 

  0x0000011d0092304c: ; ImmutableOopMap {rdi=Oop r9=Oop [128]=Oop }
                      ;*getfield glyphs {reexecute=1 rethrow=0 return_oop=0}
                      ; - (reexecute) com.sun.javafx.text.PrismTextLayout::shape@608 (line 924)
                      ;   {metadata({method} {0x0000011d10e579a8} 'shape' '(I[I[F)V' in 'com/sun/javafx/text/TextRun')}
  0x0000011d0092304c: d206 49ba | a079 e510 | 1d01 0000 | 4c89 5424 | 0848 c704 | 24ff ffff 

  0x0000011d00923064: ;   {runtime_call C1 Runtime counter_overflow_blob}
  0x0000011d00923064: ffe8 f6a9 

  0x0000011d00923068: ; ImmutableOopMap {rdi=Oop rsi=Oop r9=Oop [128]=Oop }
                      ;*synchronization entry
                      ; - com.sun.javafx.text.TextRun::shape@-1 (line 361)
                      ; - com.sun.javafx.text.PrismTextLayout::shape@618 (line 924)
  0x0000011d00923068: d206 e9c2 | f9ff ff44 | 8b47 4049 | c1e0 0349 | 83f8 000f | 84c2 f9ff | ff4c 8904 

  0x0000011d00923084: ;   {runtime_call g1_pre_barrier_slow}
  0x0000011d00923084: 24e8 d6af | d206 e9b4 | f9ff ff48 | 83fe 000f | 84c9 f9ff | ff48 893c 

  0x0000011d0092309c: ;   {runtime_call g1_post_barrier_slow}
  0x0000011d0092309c: 24e8 3eb7 | d206 e9bb | f9ff ff44 | 8b47 4449 | c1e0 0349 | 83f8 000f | 84b7 f9ff | ff4c 8904 
  0x0000011d009230bc: ;   {runtime_call g1_pre_barrier_slow}
  0x0000011d009230bc: 24e8 9eaf | d206 e9a9 | f9ff ff49 | 83f9 000f | 84be f9ff | ff48 893c 

  0x0000011d009230d4: ;   {runtime_call g1_post_barrier_slow}
  0x0000011d009230d4: 24e8 06b7 | d206 e9b0 | f9ff ff44 | 8b47 4849 | c1e0 0349 | 83f8 000f | 84ac f9ff | ff4c 8904 
  0x0000011d009230f4: ;   {runtime_call g1_pre_barrier_slow}
  0x0000011d009230f4: 24e8 66af | d206 e99e 

  0x0000011d009230fc: ;   {internal_word}
  0x0000011d009230fc: f9ff ff49 | babb 2a92 | 001d 0100 | 004d 8997 | e004 0000 

  0x0000011d00923110: ;   {runtime_call SafepointBlob}
  0x0000011d00923110: e94b dec5 | 0648 8934 | 2448 8944 

  0x0000011d0092311c: ;   {runtime_call C1 Runtime throw_range_check_failed_blob}
  0x0000011d0092311c: 2408 e8bd 

  0x0000011d00923120: ; ImmutableOopMap {r9=Oop rax=Oop rdi=Oop [128]=Oop [208]=Oop [224]=Oop }
                      ;*fastore {reexecute=0 rethrow=0 return_oop=0}
                      ; - com.sun.javafx.text.PrismTextLayout::shape@466 (line 905)
                      ;   {metadata({method} {0x0000011d10e578e8} 'shape' '(I[I[F[I)V' in 'com/sun/javafx/text/TextRun')}
  0x0000011d00923120: 48d2 0649 | bae0 78e5 | 101d 0100 | 004c 8954 | 2408 48c7 | 0424 ffff 

  0x0000011d00923138: ;   {runtime_call C1 Runtime counter_overflow_blob}
  0x0000011d00923138: ffff e821 

  0x0000011d0092313c: ; ImmutableOopMap {r9=Oop rax=Oop rdi=Oop [128]=Oop [208]=Oop [224]=Oop }
                      ;*synchronization entry
                      ; - com.sun.javafx.text.TextRun::shape@-1 (line 354)
                      ; - com.sun.javafx.text.PrismTextLayout::shape@475 (line 906)
  0x0000011d0092313c: a9d2 06e9 | 05fa ffff | 448b 4740 | 49c1 e003 | 4983 f800 | 0f84 05fa | ffff 4c89 

  0x0000011d00923158: ;   {runtime_call g1_pre_barrier_slow}
  0x0000011d00923158: 0424 e801 | afd2 06e9 | f7f9 ffff | 4983 f900 | 0f84 0cfa | ffff 4889 

  0x0000011d00923170: ;   {runtime_call g1_post_barrier_slow}
  0x0000011d00923170: 3c24 e869 | b6d2 06e9 | fef9 ffff | 448b 4744 | 49c1 e003 | 4983 f800 | 0f84 faf9 | ffff 4c89 
  0x0000011d00923190: ;   {runtime_call g1_pre_barrier_slow}
  0x0000011d00923190: 0424 e8c9 | aed2 06e9 | ecf9 ffff | 4883 f800 | 0f84 01fa | ffff 4889 

  0x0000011d009231a8: ;   {runtime_call g1_post_barrier_slow}
  0x0000011d009231a8: 3c24 e831 | b6d2 06e9 | f3f9 ffff | 448b 4748 | 49c1 e003 | 4983 f800 | 0f84 eff9 | ffff 4c89 
  0x0000011d009231c8: ;   {runtime_call g1_pre_barrier_slow}
  0x0000011d009231c8: 0424 e891 | aed2 06e9 | e1f9 ffff 

  0x0000011d009231d4: ;   {internal_word}
  0x0000011d009231d4: 49ba d52b | 9200 1d01 | 0000 4d89 | 97e0 0400 

  0x0000011d009231e4: ;   {runtime_call SafepointBlob}
  0x0000011d009231e4: 00e9 76dd 

  0x0000011d009231e8: ;   {runtime_call C1 Runtime throw_null_pointer_exception_blob}
  0x0000011d009231e8: c506 e8f1 

  0x0000011d009231ec: ; ImmutableOopMap {rbx=Oop rdx=Oop rax=Oop rsi=Oop rdi=Oop [128]=Oop }
                      ;*invokevirtual layout {reexecute=0 rethrow=0 return_oop=0}
                      ; - com.sun.javafx.text.PrismTextLayout::shape@327 (line 883)
                      ;   {internal_word}
  0x0000011d009231ec: 50d2 0649 | ba64 2c92 | 001d 0100 | 004d 8997 | e004 0000 

  0x0000011d00923200: ;   {runtime_call SafepointBlob}
  0x0000011d00923200: e95b ddc5 

  0x0000011d00923204: ;   {internal_word}
  0x0000011d00923204: 0649 ba77 | 2c92 001d | 0100 004d | 8997 e004 

  0x0000011d00923214: ;   {runtime_call SafepointBlob}
  0x0000011d00923214: 0000 e945 

  0x0000011d00923218: ;   {internal_word}
  0x0000011d00923218: ddc5 0649 | ba8a 2c92 | 001d 0100 | 004d 8997 | e004 0000 

  0x0000011d0092322c: ;   {runtime_call SafepointBlob}
  0x0000011d0092322c: e92f ddc5 

  0x0000011d00923230: ;   {internal_word}
  0x0000011d00923230: 0649 ba9d | 2c92 001d | 0100 004d | 8997 e004 

  0x0000011d00923240: ;   {runtime_call SafepointBlob}
  0x0000011d00923240: 0000 e919 

  0x0000011d00923244: ;   {internal_word}
  0x0000011d00923244: ddc5 0649 | bafc 2c92 | 001d 0100 | 004d 8997 | e004 0000 

  0x0000011d00923258: ;   {runtime_call SafepointBlob}
  0x0000011d00923258: e903 ddc5 

  0x0000011d0092325c: ;   {internal_word}
  0x0000011d0092325c: 0649 ba0f | 2d92 001d | 0100 004d | 8997 e004 

  0x0000011d0092326c: ;   {runtime_call SafepointBlob}
  0x0000011d0092326c: 0000 e9ed | dcc5 0649 | 8b87 8805 | 0000 49c7 | 8788 0500 | 0000 0000 | 0049 c787 | 9005 0000 
  0x0000011d0092328c: 0000 0000 | 4881 c420 | 0100 005d 

  0x0000011d00923298: ;   {runtime_call C1 Runtime unwind_exception_blob}
  0x0000011d00923298: e943 41d2 | 06f4 f4f4 
[Stub Code]
  0x0000011d009232a0: ;   {other}
  0x0000011d009232a0: 0f1f 4400 

  0x0000011d009232a4: ;   {static_stub}
  0x0000011d009232a4: 0048 bb00 | 0000 0000 

  0x0000011d009232ac: ;   {runtime_call nmethod}
  0x0000011d009232ac: 0000 00e9 | fbff ffff 

  0x0000011d009232b4: ;   {static_stub}
  0x0000011d009232b4: 9048 bb00 | 0000 0000 

  0x0000011d009232bc: ;   {runtime_call nmethod}
  0x0000011d009232bc: 0000 00e9 | fbff ffff 

  0x0000011d009232c4: ;   {static_stub}
  0x0000011d009232c4: 9048 bb00 | 0000 0000 

  0x0000011d009232cc: ;   {runtime_call nmethod}
  0x0000011d009232cc: 0000 00e9 | fbff ffff 

  0x0000011d009232d4: ;   {static_stub}
  0x0000011d009232d4: 9048 bb00 | 0000 0000 

  0x0000011d009232dc: ;   {runtime_call nmethod}
  0x0000011d009232dc: 0000 00e9 | fbff ffff 

  0x0000011d009232e4: ;   {static_stub}
  0x0000011d009232e4: 9048 bb00 | 0000 0000 

  0x0000011d009232ec: ;   {runtime_call nmethod}
  0x0000011d009232ec: 0000 00e9 | fbff ffff 

  0x0000011d009232f4: ;   {static_stub}
  0x0000011d009232f4: 9048 bb00 | 0000 0000 

  0x0000011d009232fc: ;   {runtime_call nmethod}
  0x0000011d009232fc: 0000 00e9 | fbff ffff 

  0x0000011d00923304: ;   {static_stub}
  0x0000011d00923304: 9048 bb78 | 965f 101d 

  0x0000011d0092330c: ;   {runtime_call I2C/C2I adapters}
  0x0000011d0092330c: 0100 00e9 | 23ed c206 

  0x0000011d00923314: ;   {static_stub}
  0x0000011d00923314: 9048 bb00 | 0000 0000 

  0x0000011d0092331c: ;   {runtime_call nmethod}
  0x0000011d0092331c: 0000 00e9 | fbff ffff 

  0x0000011d00923324: ;   {static_stub}
  0x0000011d00923324: 9048 bb00 | 0000 0000 

  0x0000011d0092332c: ;   {runtime_call nmethod}
  0x0000011d0092332c: 0000 00e9 | fbff ffff 

  0x0000011d00923334: ;   {static_stub}
  0x0000011d00923334: 9048 bb00 | 0000 0000 

  0x0000011d0092333c: ;   {runtime_call nmethod}
  0x0000011d0092333c: 0000 00e9 | fbff ffff 

  0x0000011d00923344: ;   {static_stub}
  0x0000011d00923344: 9048 bb68 | 6560 101d 

  0x0000011d0092334c: ;   {runtime_call I2C/C2I adapters}
  0x0000011d0092334c: 0100 00e9 | ee59 c606 

  0x0000011d00923354: ;   {static_stub}
  0x0000011d00923354: 9048 bb00 | 0000 0000 

  0x0000011d0092335c: ;   {runtime_call nmethod}
  0x0000011d0092335c: 0000 00e9 | fbff ffff 

  0x0000011d00923364: ;   {static_stub}
  0x0000011d00923364: 9048 bb00 | 0000 0000 

  0x0000011d0092336c: ;   {runtime_call nmethod}
  0x0000011d0092336c: 0000 00e9 | fbff ffff 

  0x0000011d00923374: ;   {static_stub}
  0x0000011d00923374: 9048 bb00 | 0000 0000 

  0x0000011d0092337c: ;   {runtime_call nmethod}
  0x0000011d0092337c: 0000 00e9 | fbff ffff 

  0x0000011d00923384: ;   {static_stub}
  0x0000011d00923384: 9048 bbb0 | 6460 101d 

  0x0000011d0092338c: ;   {runtime_call I2C/C2I adapters}
  0x0000011d0092338c: 0100 00e9 | 3128 d706 

  0x0000011d00923394: ;   {static_stub}
  0x0000011d00923394: 9048 bb00 | 0000 0000 

  0x0000011d0092339c: ;   {runtime_call nmethod}
  0x0000011d0092339c: 0000 00e9 | fbff ffff 

  0x0000011d009233a4: ;   {static_stub}
  0x0000011d009233a4: 9048 bbf0 | 1b5f 101d 

  0x0000011d009233ac: ;   {runtime_call I2C/C2I adapters}
  0x0000011d009233ac: 0100 00e9 | 8e2f c606 

  0x0000011d009233b4: ;   {static_stub}
  0x0000011d009233b4: 9048 bb00 | 0000 0000 

  0x0000011d009233bc: ;   {runtime_call nmethod}
  0x0000011d009233bc: 0000 00e9 | fbff ffff 

  0x0000011d009233c4: ;   {static_stub}
  0x0000011d009233c4: 48bb 0000 | 0000 0000 

  0x0000011d009233cc: ;   {runtime_call nmethod}
  0x0000011d009233cc: 0000 e9fb 

  0x0000011d009233d0: ;   {runtime_call C1 Runtime handle_exception_from_callee_blob}
  0x0000011d009233d0: ffff ffe8 | 086d d206 

  0x0000011d009233d8: ;   {external_word}
  0x0000011d009233d8: 48b9 2808 | 64b8 fb7f | 0000 4883 

  0x0000011d009233e4: ;   {runtime_call}
  0x0000011d009233e4: e4f0 48b8 | 008d 27b8 | fb7f 0000 

  0x0000011d009233f0: ;   {section_word}
  0x0000011d009233f0: ffd0 f449 | baf3 3392 | 001d 0100 

  0x0000011d009233fc: ;   {runtime_call DeoptimizationBlob}
  0x0000011d009233fc: 0041 52e9 | 5cde c506 | f4f4 f4f4 
[/MachCode]


Compiled method (c1) 27596 4387   !   3       com.sun.javafx.text.PrismTextLayout::layout (1636 bytes)
 total in heap  [0x0000011d006b0c88,0x0000011d006b6480] = 22520
 constants      [0x0000011d006b0d80,0x0000011d006b0da0] = 32
 main code      [0x0000011d006b0da0,0x0000011d006b6208] = 21608
 stub code      [0x0000011d006b6208,0x0000011d006b6470] = 616
 oops           [0x0000011d006b6470,0x0000011d006b6480] = 16
 mutable data [0x0000011d1d19f420,0x0000011d1d19fc20] = 2048
 relocation     [0x0000011d1d19f420,0x0000011d1d19faa8] = 1672
 metadata       [0x0000011d1d19faa8,0x0000011d1d19fc20] = 376
 immutable data [0x0000011d1ce85380,0x0000011d1ce87b18] = 10136
 dependencies   [0x0000011d1ce85380,0x0000011d1ce85418] = 152
 nul chk table  [0x0000011d1ce85418,0x0000011d1ce85600] = 488
 handler table  [0x0000011d1ce85600,0x0000011d1ce85648] = 72
 scopes pcs     [0x0000011d1ce85648,0x0000011d1ce861b8] = 2928
 scopes data    [0x0000011d1ce861b8,0x0000011d1ce87b18] = 6496


[Constant Pool]
             Address          hex4                    hex8      
  0x0000011d006b0d80:   0x3f800000      0x3f8000003f800000      
  0x0000011d006b0d84:   0x3f800000                              
  0x0000011d006b0d88:   0x3f000000      0x000000003f000000      
  0x0000011d006b0d8c:   0x00000000                              
  0x0000011d006b0d90:   0x00000000      0xf4f4f4f400000000      
  0x0000011d006b0d94:   0xf4f4f4f4                              
  0x0000011d006b0d98:   0xf4f4f4f4      0xf4f4f4f4f4f4f4f4      
  0x0000011d006b0d9c:   0xf4f4f4f4                              

[MachCode]
[Instructions begin]
  0x0000011d006b0da0: ;   {other}
  0x0000011d006b0da0: 6666 660f | 1f84 0000 | 0000 0066 | 6666 9066 | 6690 448b | 5208 443b 

  0x0000011d006b0db8: ;   {runtime_call Shared Runtime ic_miss_blob}
  0x0000011d006b0db8: 5008 0f85 | 20dd ec06 
[Verified Entry Point]
  0x0000011d006b0dc0: 8984 2400 | 80ff ff55 | 4881 ec00 | 0200 0090 | 4181 7f20 | 0700 0000 

  0x0000011d006b0dd8: ;   {runtime_call Stub::method_entry_barrier}
  0x0000011d006b0dd8: 7405 e861 | 34eb 0648 | 8994 24b0 

  0x0000011d006b0de4: ;   {metadata(method data for {method} {0x0000011d10935ec0} 'layout' '()V' in 'com/sun/javafx/text/PrismTextLayout')}
  0x0000011d006b0de4: 0000 0048 | be80 8c2c | 111d 0100 | 008b be90 | 0000 0083 | c702 89be | 9000 0000 | 81e7 fe07 
  0x0000011d006b0e04: 0000 85ff | 0f84 bc47 | 0000 488b 

  0x0000011d006b0e10: ;   {metadata(method data for {method} {0x0000011d10935ec0} 'layout' '()V' in 'com/sun/javafx/text/PrismTextLayout')}
  0x0000011d006b0e10: f248 bf80 | 8c2c 111d | 0100 0048 | 8387 d800 | 0000 0148 | 8bf2 488b | d666 0f1f 

  0x0000011d006b0e2c: ;   {optimized virtual_call}
  0x0000011d006b0e2c: 4400 00e8 

  0x0000011d006b0e30: ; ImmutableOopMap {[176]=Oop }
                      ;*invokevirtual initCache {reexecute=0 rethrow=0 return_oop=0}
                      ; - com.sun.javafx.text.PrismTextLayout::layout@1 (line 1060)
  0x0000011d006b0e30: eca6 0000 

  0x0000011d006b0e34: ;   {post_call_nop}
  0x0000011d006b0e34: 0f1f 8400 | ac01 0000 | 488b 9424 | b000 0000 | 8b72 3c48 | c1e6 0348 

  0x0000011d006b0e4c: ;   {metadata(method data for {method} {0x0000011d10935ec0} 'layout' '()V' in 'com/sun/javafx/text/PrismTextLayout')}
  0x0000011d006b0e4c: 85f6 48be | 808c 2c11 | 1d01 0000 | bf18 0100 | 0075 05bf | 0801 0000 | 488b 1c3e | 488d 5b01 
  0x0000011d006b0e6c: 4889 1c3e | 0f85 b646 | 0000 488b 

  0x0000011d006b0e78: ;   {metadata(method data for {method} {0x0000011d10935ec0} 'layout' '()V' in 'com/sun/javafx/text/PrismTextLayout')}
  0x0000011d006b0e78: f248 bf80 | 8c2c 111d | 0100 0048 | 8387 2801 | 0000 0148 | 8bf2 488b | d666 0f1f 

  0x0000011d006b0e94: ;   {optimized virtual_call}
  0x0000011d006b0e94: 4400 00e8 

  0x0000011d006b0e98: ; ImmutableOopMap {[176]=Oop }
                      ;*invokevirtual getText {reexecute=0 rethrow=0 return_oop=0}
                      ; - com.sun.javafx.text.PrismTextLayout::layout@13 (line 1064)
  0x0000011d006b0e98: 0417 2900 

  0x0000011d006b0e9c: ;   {post_call_nop}
  0x0000011d006b0e9c: 0f1f 8400 | 1402 0001 | 4889 8424 | b800 0000 | 488b 9424 | b000 0000 | 8b72 2083 | e602 85f6 
  0x0000011d006b0ebc: ;   {metadata(method data for {method} {0x0000011d10935ec0} 'layout' '()V' in 'com/sun/javafx/text/PrismTextLayout')}
  0x0000011d006b0ebc: 48be 808c | 2c11 1d01 | 0000 bf58 | 0100 0074 | 05bf 6801 | 0000 488b | 1c3e 488d | 5b01 4889 
  0x0000011d006b0edc: 1c3e 0f84 | 5200 0000 

  0x0000011d006b0ee4: ;   {metadata(method data for {method} {0x0000011d10935ec0} 'layout' '()V' in 'com/sun/javafx/text/PrismTextLayout')}
  0x0000011d006b0ee4: 488b f248 | bf80 8c2c | 111d 0100 | 0048 8387 | 7801 0000 | 0148 8bf2 

  0x0000011d006b0efc: ;   {optimized virtual_call}
  0x0000011d006b0efc: 488b d6e8 

  0x0000011d006b0f00: ; ImmutableOopMap {[176]=Oop [184]=Oop }
                      ;*invokevirtual isSimpleLayout {reexecute=0 rethrow=0 return_oop=0}
                      ; - com.sun.javafx.text.PrismTextLayout::layout@27 (line 1067)
  0x0000011d006b0f00: 1c1f 2a00 

  0x0000011d006b0f04: ;   {post_call_nop}
  0x0000011d006b0f04: 0f1f 8400 | 7c02 0002 

  0x0000011d006b0f0c: ;   {metadata(method data for {method} {0x0000011d10935ec0} 'layout' '()V' in 'com/sun/javafx/text/PrismTextLayout')}
  0x0000011d006b0f0c: 85c0 49b8 | 808c 2c11 | 1d01 0000 | bab8 0100 | 0075 05ba | a801 0000 | 498b 3410 | 488d 7601 
  0x0000011d006b0f2c: 4989 3410 | 0f85 4300 | 0000 488b | 9424 b000 

  0x0000011d006b0f3c: ;   {metadata(method data for {method} {0x0000011d10935ec0} 'layout' '()V' in 'com/sun/javafx/text/PrismTextLayout')}
  0x0000011d006b0f3c: 0000 49b8 | 808c 2c11 | 1d01 0000 | 4983 8010 | 0200 0001 | 4c8b 8424 | b800 0000 | 488b 9424 
  0x0000011d006b0f5c: b000 0000 | 0f1f 8000 

  0x0000011d006b0f64: ;   {optimized virtual_call}
  0x0000011d006b0f64: 0000 00e8 

  0x0000011d006b0f68: ; ImmutableOopMap {[176]=Oop [184]=Oop }
                      ;*invokevirtual buildRuns {reexecute=0 rethrow=0 return_oop=0}
                      ; - com.sun.javafx.text.PrismTextLayout::layout@42 (line 1070)
  0x0000011d006b0f68: b4b6 2d00 

  0x0000011d006b0f6c: ;   {post_call_nop}
  0x0000011d006b0f6c: 0f1f 8400 | e402 0003 | e943 0000 | 0048 8b94 | 24b0 0000 

  0x0000011d006b0f80: ;   {metadata(method data for {method} {0x0000011d10935ec0} 'layout' '()V' in 'com/sun/javafx/text/PrismTextLayout')}
  0x0000011d006b0f80: 0048 be80 | 8c2c 111d | 0100 0048 | 8386 c801 | 0000 0148 | 8b94 24b0 | 0000 000f 

  0x0000011d006b0f9c: ;   {optimized virtual_call}
  0x0000011d006b0f9c: 1f40 00e8 

  0x0000011d006b0fa0: ; ImmutableOopMap {[176]=Oop [184]=Oop }
                      ;*invokevirtual reuseRuns {reexecute=0 rethrow=0 return_oop=0}
                      ; - com.sun.javafx.text.PrismTextLayout::layout@34 (line 1068)
  0x0000011d006b0fa0: 1d54 0000 

  0x0000011d006b0fa4: ;   {post_call_nop}
  0x0000011d006b0fa4: 0f1f 8400 | 1c03 0004 

  0x0000011d006b0fac: ;   {metadata(method data for {method} {0x0000011d10935ec0} 'layout' '()V' in 'com/sun/javafx/text/PrismTextLayout')}
  0x0000011d006b0fac: 48be 808c | 2c11 1d01 | 0000 ff86 | f801 0000 | 488b 9424 | b000 0000 | 8b72 2083 | e610 85f6 
  0x0000011d006b0fcc: ;   {metadata(method data for {method} {0x0000011d10935ec0} 'layout' '()V' in 'com/sun/javafx/text/PrismTextLayout')}
  0x0000011d006b0fcc: 48be 808c | 2c11 1d01 | 0000 bf50 | 0200 0075 | 05bf 4002 | 0000 488b | 1c3e 488d | 5b01 4889 
  0x0000011d006b0fec: 1c3e 0f85 | 0f00 0000 

  0x0000011d006b0ff4: ;   {oop(nullptr)}
  0x0000011d006b0ff4: 48be 0000 | 0000 0000 | 0000 e92c 

  0x0000011d006b1000: ;   {metadata(method data for {method} {0x0000011d10935ec0} 'layout' '()V' in 'com/sun/javafx/text/PrismTextLayout')}
  0x0000011d006b1000: 0000 0048 | be80 8c2c | 111d 0100 | 0048 8386 | 6002 0000 

  0x0000011d006b1014: ;   {static_call}
  0x0000011d006b1014: 0166 90e8 

  0x0000011d006b1018: ; ImmutableOopMap {[176]=Oop [184]=Oop }
                      ;*invokestatic getInstance {reexecute=0 rethrow=0 return_oop=0}
                      ; - com.sun.javafx.text.PrismTextLayout::layout@57 (line 1075)
  0x0000011d006b1018: e41b 3000 

  0x0000011d006b101c: ;   {post_call_nop}
  0x0000011d006b101c: 0f1f 8400 | 9403 0005 | 488b f048 | 8b94 24b0 | 0000 008b | 7a20 83e7 

  0x0000011d006b1034: ;   {metadata(method data for {method} {0x0000011d10935ec0} 'layout' '()V' in 'com/sun/javafx/text/PrismTextLayout')}
  0x0000011d006b1034: 0485 ff48 | bf80 8c2c | 111d 0100 | 00bb 8002 | 0000 7505 | bb70 0200 | 0048 8b04 | 1f48 8d40 
  0x0000011d006b1054: 0148 8904 | 1f0f 8511 | 0000 00c5 | f857 c048 | 89b4 24c0 | 0000 00e9 | 3c00 0000 | 4889 b424 
  0x0000011d006b1074: c000 0000 

  0x0000011d006b1078: ;   {metadata(method data for {method} {0x0000011d10935ec0} 'layout' '()V' in 'com/sun/javafx/text/PrismTextLayout')}
  0x0000011d006b1078: 488b fa48 | bb80 8c2c | 111d 0100 | 0048 8383 | 9002 0000 | 0148 8bfa | 488b d70f 

  0x0000011d006b1094: ;   {optimized virtual_call}
  0x0000011d006b1094: 1f40 00e8 

  0x0000011d006b1098: ; ImmutableOopMap {[176]=Oop [184]=Oop [192]=Oop }
                      ;*invokevirtual getTabAdvance {reexecute=0 rethrow=0 return_oop=0}
                      ; - com.sun.javafx.text.PrismTextLayout::layout@73 (line 1080)
  0x0000011d006b1098: 5253 0000 

  0x0000011d006b109c: ;   {post_call_nop}
  0x0000011d006b109c: 0f1f 8400 | 1404 0006 | 488b 9424 | b000 0000 | c5fa 104a | 18c5 e857 | d2c5 f82e | cabe ffff 
  0x0000011d006b10bc: ffff 0f8a | 1400 0000 | 0f82 0e00 | 0000 be00 | 0000 000f | 8403 0000 | 0048 ffc6 

  0x0000011d006b10d8: ;   {metadata(method data for {method} {0x0000011d10935ec0} 'layout' '()V' in 'com/sun/javafx/text/PrismTextLayout')}
  0x0000011d006b10d8: 85f6 48be | 808c 2c11 | 1d01 0000 | bfd0 0200 | 007f 05bf | c002 0000 | 488b 1c3e | 488d 5b01 
  0x0000011d006b10f8: 4889 1c3e | 0f8f 2000 

  0x0000011d006b1100: ;   {oop(nullptr)}
  0x0000011d006b1100: 0000 48be | 0000 0000 | 0000 0000 | 4889 b424 | d800 0000 | c5fa 1184 | 24bc 0100 | 00e9 fa00 
  0x0000011d006b1120: 0000 8b72 | 2083 e650 

  0x0000011d006b1128: ;   {metadata(method data for {method} {0x0000011d10935ec0} 'layout' '()V' in 'com/sun/javafx/text/PrismTextLayout')}
  0x0000011d006b1128: 85f6 48be | 808c 2c11 | 1d01 0000 | bff0 0200 | 0075 05bf | e002 0000 | 488b 1c3e | 488d 5b01 
  0x0000011d006b1148: 4889 1c3e | 0f85 2000 

  0x0000011d006b1150: ;   {oop(nullptr)}
  0x0000011d006b1150: 0000 48be | 0000 0000 | 0000 0000 | 4889 b424 | d800 0000 | c5fa 1184 | 24bc 0100 | 00e9 aa00 
  0x0000011d006b1170: 0000 c5fa | 1184 24bc | 0100 000f 

  0x0000011d006b117c: ;   {static_call}
  0x0000011d006b117c: 1f40 00e8 

  0x0000011d006b1180: ; ImmutableOopMap {[176]=Oop [184]=Oop [192]=Oop }
                      ;*invokestatic getLineInstance {reexecute=0 rethrow=0 return_oop=0}
                      ; - com.sun.javafx.text.PrismTextLayout::layout@99 (line 1086)
  0x0000011d006b1180: 5ce2 ec06 

  0x0000011d006b1184: ;   {post_call_nop}
  0x0000011d006b1184: 0f1f 8400 | fc04 0007 | 0f1f 4000 

  0x0000011d006b1190: ;   {other}
  0x0000011d006b1190: e965 4400 | 0000 0000 | 0000 4889 | 8424 d000 | 0000 e95d | 4400 004c 

  0x0000011d006b11a8: ;   {metadata(method data for {method} {0x0000011d10935ec0} 'layout' '()V' in 'com/sun/javafx/text/PrismTextLayout')}
  0x0000011d006b11a8: 8bc0 48ba | 808c 2c11 | 1d01 0000 | 4883 8210 | 0300 0001 | 4c8b 8424 | b800 0000 | 488b d048 
  0x0000011d006b11c8: 8984 24c8 

  0x0000011d006b11cc: ;   {optimized virtual_call}
  0x0000011d006b11cc: 0000 00e8 

  0x0000011d006b11d0: ; ImmutableOopMap {[176]=Oop [184]=Oop [192]=Oop [200]=Oop [208]=Oop }
                      ;*invokespecial <init> {reexecute=0 rethrow=0 return_oop=0}
                      ; - com.sun.javafx.text.PrismTextLayout::layout@111 (line 1087)
  0x0000011d006b11d0: 0cdc ec06 

  0x0000011d006b11d4: ;   {post_call_nop}
  0x0000011d006b11d4: 0f1f 8400 | 4c05 0008 | 4c8b 8424 | c800 0000 | 488b 9424 | d000 0000 | 9048 b800 | 114d 0f1d 
  0x0000011d006b11f4: ;   {virtual_call}
  0x0000011d006b11f4: 0100 00e8 

  0x0000011d006b11f8: ; ImmutableOopMap {[176]=Oop [184]=Oop [192]=Oop [208]=Oop }
                      ;*invokevirtual setText {reexecute=0 rethrow=0 return_oop=0}
                      ; - com.sun.javafx.text.PrismTextLayout::layout@114 (line 1087)
  0x0000011d006b11f8: e4de ec06 

  0x0000011d006b11fc: ;   {post_call_nop}
  0x0000011d006b11fc: 0f1f 8400 | 7405 0009 | 488b b424 | d000 0000 | 4889 b424 | d800 0000 | 488b 9424 | b000 0000 
  0x0000011d006b121c: 8b7a 2081 | e700 003c | 0089 bc24 | e000 0000 

  0x0000011d006b122c: ;   {metadata(method data for {method} {0x0000011d10935ec0} 'layout' '()V' in 'com/sun/javafx/text/PrismTextLayout')}
  0x0000011d006b122c: 488b da48 | b880 8c2c | 111d 0100 | 0048 8380 | 5003 0000 | 0148 8bda 

  0x0000011d006b1244: ;   {optimized virtual_call}
  0x0000011d006b1244: 488b d3e8 

  0x0000011d006b1248: ; ImmutableOopMap {[176]=Oop [184]=Oop [192]=Oop [216]=Oop }
                      ;*invokevirtual isSimpleLayout {reexecute=0 rethrow=0 return_oop=0}
                      ; - com.sun.javafx.text.PrismTextLayout::layout@127 (line 1097)
  0x0000011d006b1248: d41b 2a00 

  0x0000011d006b124c: ;   {post_call_nop}
  0x0000011d006b124c: 0f1f 8400 | c405 000a 

  0x0000011d006b1254: ;   {metadata(method data for {method} {0x0000011d10935ec0} 'layout' '()V' in 'com/sun/javafx/text/PrismTextLayout')}
  0x0000011d006b1254: 85c0 48ba | 808c 2c11 | 1d01 0000 | be80 0300 | 0074 05be | 9003 0000 | 488b 3c32 | 488d 7f01 
  0x0000011d006b1274: 4889 3c32 | 0f84 d302 | 0000 488b | 9424 b000 | 0000 8b72 | 4c48 c1e6 | 0348 85f6 

  0x0000011d006b1290: ;   {metadata(method data for {method} {0x0000011d10935ec0} 'layout' '()V' in 'com/sun/javafx/text/PrismTextLayout')}
  0x0000011d006b1290: 48be 808c | 2c11 1d01 | 0000 bfb0 | 0300 0074 | 05bf a003 | 0000 488b | 043e 488d | 4001 4889 
  0x0000011d006b12b0: 043e 0f84 | 1000 0000 | 4c8b ac24 | b800 0000 | 4c8b dae9 | ae02 0000 | 488b 8424 | b800 0000 
  0x0000011d006b12d0: ;   {metadata('com/sun/javafx/text/LayoutCache')}
  0x0000011d006b12d0: 4c8b da48 | ba78 d523 | 0900 0000 | 004c 8be8 | 498b 87c8 | 0100 0048 | 8d78 3849 | 3bbf d801 
  0x0000011d006b12f0: 0000 0f87 | 1943 0000 | 4989 bfc8 | 0100 0048 | c700 0100 | 0000 488b | ca41 ba00 | 0000 0849 
  0x0000011d006b1310: 2bca 8948 | 0848 33c9 | 8948 0c48 | 33c9 bf05 | 0000 0048 | 894c f808 | 48ff cf75 | f64c 8bc0 
  0x0000011d006b1330: ;   {metadata(method data for {method} {0x0000011d10935ec0} 'layout' '()V' in 'com/sun/javafx/text/PrismTextLayout')}
  0x0000011d006b1330: 498b d848 | ba80 8c2c | 111d 0100 | 0048 8382 | c003 0000 

  0x0000011d006b1344: ;   {metadata(method data for {method} {0x0000011d10e514b0} '<init>' '()V' in 'com/sun/javafx/text/LayoutCache')}
  0x0000011d006b1344: 0148 bb70 | 0e47 111d | 0100 008b | 9390 0000 | 0083 c202 | 8993 9000 | 0000 81e2 | feff 1f00 
  0x0000011d006b1364: 85d2 0f84 | b242 0000 

  0x0000011d006b136c: ;   {metadata(method data for {method} {0x0000011d10e514b0} '<init>' '()V' in 'com/sun/javafx/text/LayoutCache')}
  0x0000011d006b136c: 498b d848 | ba70 0e47 | 111d 0100 | 0048 8382 | d800 0000 

  0x0000011d006b1380: ;   {metadata(method data for {method} {0x00000000084b40a8} '<init>' '()V' in 'java/lang/Object')}
  0x0000011d006b1380: 0148 bb50 | de00 101d | 0100 008b | 9390 0000 | 0083 c202 | 8993 9000 | 0000 81e2 | feff 1f00 
  0x0000011d006b13a0: 85d2 0f84 | 9742 0000 | 410f be5f | 4885 db0f | 85ab 4200 | 004d 8bd0 | 49c1 ea03 | 4589 534c 
  0x0000011d006b13c0: 498b d349 | 33d0 48c1 | ea15 4883 | fa00 0f85 | ac42 0000 

  0x0000011d006b13d4: ; implicit exception: dispatches to 0x0000011d006b5698
  0x0000011d006b13d4: 458b 4d0c 

  0x0000011d006b13d8: ;   {metadata({type array int})}
  0x0000011d006b13d8: 498b d948 | ba50 4a18 | 0800 0000 | 0048 63db | 488b fb48 | 81fb ffff | ff00 0f87 | a542 0000 
  0x0000011d006b13f8: be17 0000 | 0048 8d34 | 9e48 83e6 | f849 8b87 | c801 0000 | 488d 3430 | 493b b7d8 | 0100 000f 
  0x0000011d006b1418: 8780 4200 | 0049 89b7 | c801 0000 | 482b f048 | c700 0100 | 0000 488b | ca41 ba00 | 0000 0849 
  0x0000011d006b1438: 2bca 8948 | 0889 580c | 4883 ee10 | 4885 f60f | 8411 0000 | 0048 33db | 48c1 ee03 | 4889 5cf0 
  0x0000011d006b1458: 0848 ffce | 75f6 410f | be5f 4885 | db0f 853c | 4200 004c | 8bd0 49c1 | ea03 4589 | 5020 498b 
  0x0000011d006b1478: d848 33d8 | 48c1 eb15 | 4883 fb00 | 0f85 3d42 | 0000 498b 

  0x0000011d006b148c: ;   {metadata({type array float})}
  0x0000011d006b148c: d948 ba50 | 4218 0800 | 0000 0048 | 63db 488b | fb48 81fb | ffff ff00 | 0f87 3542 | 0000 be17 
  0x0000011d006b14ac: 0000 0048 | 8d34 9e48 | 83e6 f849 | 8b87 c801 | 0000 488d | 3430 493b | b7d8 0100 | 000f 8710 
  0x0000011d006b14cc: 4200 0049 | 89b7 c801 | 0000 482b | f048 c700 | 0100 0000 | 488b ca41 | ba00 0000 | 0849 2bca 
  0x0000011d006b14ec: 8948 0889 | 580c 4883 | ee10 4885 | f60f 8411 | 0000 0048 | 33db 48c1 | ee03 4889 | 5cf0 0848 
  0x0000011d006b150c: ffce 75f6 | 410f be57 | 4885 d20f | 85cc 4100 | 004c 8bd0 | 49c1 ea03 | 4589 5024 | 498b d048 
  0x0000011d006b152c: 33d0 48c1 | ea15 4883 | fa00 0f85 | cd41 0000 

  0x0000011d006b153c: ;   {metadata(method data for {method} {0x0000011d10935ec0} 'layout' '()V' in 'com/sun/javafx/text/PrismTextLayout')}
  0x0000011d006b153c: 48ba 808c | 2c11 1d01 | 0000 ff82 | d003 0000 | e925 0000 | 004c 8bac | 24b8 0000 | 004c 8b9c 
  0x0000011d006b155c: 24b0 0000 | 0041 0fbe | 5748 85d2 | 0f85 b341 | 0000 41c7 | 434c 0000 

  0x0000011d006b1574: ;   {metadata('java/util/ArrayList')}
  0x0000011d006b1574: 0000 48ba | 50d7 2108 | 0000 0000 | 498b 87c8 | 0100 0048 | 8d78 1849 | 3bbf d801 | 0000 0f87 
  0x0000011d006b1594: a941 0000 | 4989 bfc8 | 0100 0048 | c700 0100 | 0000 488b | ca41 ba00 | 0000 0849 | 2bca 8948 
  0x0000011d006b15b4: 0848 33c9 | 8948 0c48 | 33c9 4889 | 4810 4889 | 8424 f000 | 0000 4c8b 

  0x0000011d006b15cc: ;   {metadata(method data for {method} {0x0000011d10935ec0} 'layout' '()V' in 'com/sun/javafx/text/PrismTextLayout')}
  0x0000011d006b15cc: c049 b980 | 8c2c 111d | 0100 0049 | 8381 e803 

  0x0000011d006b15dc: ;   {metadata(method data for {method} {0x0000000008222200} '<init>' '()V' in 'java/util/ArrayList')}
  0x0000011d006b15dc: 0000 0149 | b8f8 090b | 101d 0100 | 0045 8b88 | 9000 0000 | 4183 c102 | 4589 8890 | 0000 0041 
  0x0000011d006b15fc: 81e1 feff | 1f00 4585 | c90f 8443 | 4100 004c 

  0x0000011d006b160c: ;   {metadata(method data for {method} {0x0000000008222200} '<init>' '()V' in 'java/util/ArrayList')}
  0x0000011d006b160c: 8bc0 49b9 | f809 0b10 | 1d01 0000 | 4983 81d8 | 0000 0001 

  0x0000011d006b1620: ;   {metadata(method data for {method} {0x0000000008220e98} '<init>' '()V' in 'java/util/AbstractList')}
  0x0000011d006b1620: 49b8 100b | 0b10 1d01 | 0000 458b | 8890 0000 | 0041 83c1 | 0245 8988 | 9000 0000 | 4181 e1fe 
  0x0000011d006b1640: ff1f 0045 | 85c9 0f84 | 2341 0000 

  0x0000011d006b164c: ;   {metadata(method data for {method} {0x0000000008220e98} '<init>' '()V' in 'java/util/AbstractList')}
  0x0000011d006b164c: 4c8b c049 | b910 0b0b | 101d 0100 | 0049 8381 | d800 0000 

  0x0000011d006b1660: ;   {metadata(method data for {method} {0x0000000008220258} '<init>' '()V' in 'java/util/AbstractCollection')}
  0x0000011d006b1660: 0149 b820 | 5001 101d | 0100 0045 | 8b88 9000 | 0000 4183 | c102 4589 | 8890 0000 | 0041 81e1 
  0x0000011d006b1680: feff 1f00 | 4585 c90f | 8403 4100 | 004c 8bc0 

  0x0000011d006b1690: ;   {metadata(method data for {method} {0x0000000008220258} '<init>' '()V' in 'java/util/AbstractCollection')}
  0x0000011d006b1690: 49b9 2050 | 0110 1d01 | 0000 4983 | 81d8 0000 

  0x0000011d006b16a0: ;   {metadata(method data for {method} {0x00000000084b40a8} '<init>' '()V' in 'java/lang/Object')}
  0x0000011d006b16a0: 0001 49b8 | 50de 0010 | 1d01 0000 | 458b 8890 | 0000 0041 | 83c1 0245 | 8988 9000 | 0000 4181 
  0x0000011d006b16c0: e1fe ff1f | 0045 85c9 | 0f84 e340 | 0000 450f | be47 4845 | 85c0 0f85 | f640 0000 

  0x0000011d006b16dc: ;   {oop(a 'java/lang/Object'[0] {0x00000007092db700})}
  0x0000011d006b16dc: 49ba 00b7 | 2d09 0700 | 0000 49c1 | ea03 4489 

  0x0000011d006b16ec: ;   {oop(a 'java/lang/Object'[0] {0x00000007092db700})}
  0x0000011d006b16ec: 5014 49b8 | 00b7 2d09 | 0700 0000 | 4c8b c84d | 33c8 49c1 | e915 4983 | f900 0f85 | e640 0000 
  0x0000011d006b170c: be00 0000 | 00bb 0000 | 0000 b900 | 0000 00c5 | f857 c089 | 9c24 ec00 | 0000 898c | 2400 0100 
  0x0000011d006b172c: 00c5 fa11 | 8424 c001 | 0000 488b | 9c24 c000 | 0000 6690 | 418b 7b0c 

  0x0000011d006b1744: ;   {metadata(method data for {method} {0x0000011d10935ec0} 'layout' '()V' in 'com/sun/javafx/text/PrismTextLayout')}
  0x0000011d006b1744: 3bf7 49b8 | 808c 2c11 | 1d01 0000 | 41b9 f803 | 0000 7d06 | 41b9 0804 | 0000 89bc | 24e4 0000 
  0x0000011d006b1764: 004b 8b3c | 0848 8d7f | 014b 893c | 080f 8d81 | 1a00 0045 | 8b43 4049 | c1e0 0341 | 3b70 0c0f 
  0x0000011d006b1784: 838b 4000 | 004c 63ce | 438b 7c88 | 1048 c1e7 | 0348 89bc | 24f8 0000 | 004d 8bc3 | 89b4 24e8 
  0x0000011d006b17a4: ;   {metadata(method data for {method} {0x0000011d10935ec0} 'layout' '()V' in 'com/sun/javafx/text/PrismTextLayout')}
  0x0000011d006b17a4: 0000 0049 | b980 8c2c | 111d 0100 | 0049 8381 | 1804 0000 | 014c 8bc7 | 4d8b cd48 | 8bfb 498b 
  0x0000011d006b17c4: d348 899c | 24c0 0000 

  0x0000011d006b17cc: ;   {optimized virtual_call}
  0x0000011d006b17cc: 0066 90e8 

  0x0000011d006b17d0: ; ImmutableOopMap {[176]=Oop [184]=Oop [192]=Oop [216]=Oop [240]=Oop [248]=Oop }
                      ;*invokevirtual shape {reexecute=0 rethrow=0 return_oop=0}
                      ; - com.sun.javafx.text.PrismTextLayout::layout@225 (line 1113)
  0x0000011d006b17d0: 8cf3 2600 

  0x0000011d006b17d4: ;   {post_call_nop}
  0x0000011d006b17d4: 0f1f 8400 | 4c0b 000b | 488b bc24 | f800 0000 

  0x0000011d006b17e4: ; implicit exception: dispatches to 0x0000011d006b5822
  0x0000011d006b17e4: 483b 0748 

  0x0000011d006b17e8: ;   {metadata(method data for {method} {0x0000011d10935ec0} 'layout' '()V' in 'com/sun/javafx/text/PrismTextLayout')}
  0x0000011d006b17e8: 8bd7 48be | 808c 2c11 | 1d01 0000 | 4883 8658 | 0400 0001 

  0x0000011d006b17fc: ;   {metadata(method data for {method} {0x0000011d10e560b8} 'isTab' '()Z' in 'com/sun/javafx/text/TextRun')}
  0x0000011d006b17fc: 48ba 808b | 4711 1d01 | 0000 8bb2 | 9000 0000 | 83c6 0289 | b290 0000 | 0081 e6fe | ff1f 0085 
  0x0000011d006b181c: f60f 8404 | 4000 008b | 572c 83e2 

  0x0000011d006b1828: ;   {metadata(method data for {method} {0x0000011d10e560b8} 'isTab' '()Z' in 'com/sun/javafx/text/TextRun')}
  0x0000011d006b1828: 0185 d248 | ba80 8b47 | 111d 0100 | 00be d800 | 0000 7405 | bee8 0000 | 0048 8b1c | 3248 8d5b 
  0x0000011d006b1848: 0148 891c | 320f 841a 

  0x0000011d006b1850: ;   {metadata(method data for {method} {0x0000011d10e560b8} 'isTab' '()Z' in 'com/sun/javafx/text/TextRun')}
  0x0000011d006b1850: 0000 0048 | ba80 8b47 | 111d 0100 | 00ff 82f8 | 0000 00ba | 0100 0000 | e905 0000 | 00ba 0000 
  0x0000011d006b1870: 0000 83e2 

  0x0000011d006b1874: ;   {metadata(method data for {method} {0x0000011d10935ec0} 'layout' '()V' in 'com/sun/javafx/text/PrismTextLayout')}
  0x0000011d006b1874: 0185 d248 | ba80 8c2c | 111d 0100 | 00be 7804 | 0000 7405 | be88 0400 | 0048 8b1c | 3248 8d5b 
  0x0000011d006b1894: 0148 891c | 320f 8478 | 0000 00c5 | fa10 8424 | bc01 0000 | c5fa 108c | 24c0 0100 | 00c5 f25e 
  0x0000011d006b18b4: c8c5 fa2c | d181 fa00 | 0000 8075 | 0f48 83ec | 08c5 fa11 

  0x0000011d006b18c8: ;   {runtime_call Stub::f2i_fixup}
  0x0000011d006b18c8: 0c24 e81b | fbe7 065a | ffc2 c5f2 | 2aca c5f2 | 59c8 488b 

  0x0000011d006b18dc: ;   {metadata(method data for {method} {0x0000011d10935ec0} 'layout' '()V' in 'com/sun/javafx/text/PrismTextLayout')}
  0x0000011d006b18dc: d748 be80 | 8c2c 111d 

  0x0000011d006b18e4: ;   {metadata('com/sun/javafx/text/TextRun')}
  0x0000011d006b18e4: 0100 0049 | ba38 cd23 | 0900 0000 | 004c 8996 | a004 0000 | 4883 86a8 | 0400 0001 | c5f2 5c8c 
  0x0000011d006b1904: 24c0 0100 | 00c5 fa11 | 4f18 c5fa | 1184 24bc | 0100 0048 

  0x0000011d006b1918: ;   {metadata(method data for {method} {0x0000011d10935ec0} 'layout' '()V' in 'com/sun/javafx/text/PrismTextLayout')}
  0x0000011d006b1918: 8bf7 48bb | 808c 2c11 | 1d01 0000 | 4883 83d8 | 0400 0001 

  0x0000011d006b192c: ;   {optimized virtual_call}
  0x0000011d006b192c: 488b d7e8 

  0x0000011d006b1930: ; ImmutableOopMap {[176]=Oop [184]=Oop [192]=Oop [216]=Oop [240]=Oop [248]=Oop }
                      ;*invokevirtual getWidth {reexecute=0 rethrow=0 return_oop=0}
                      ; - com.sun.javafx.text.PrismTextLayout::layout@260 (line 1119)
  0x0000011d006b1930: 0c20 f1ff 

  0x0000011d006b1934: ;   {post_call_nop}
  0x0000011d006b1934: 0f1f 8400 | ac0c 000c | 488b 9424 | b000 0000 | c5fa 104a | 18c5 e857 | d2c5 f82e | cabe ffff 
  0x0000011d006b1954: ffff 0f8a | 1400 0000 | 0f82 0e00 | 0000 be00 | 0000 000f | 8403 0000 | 0048 ffc6 

  0x0000011d006b1970: ;   {metadata(method data for {method} {0x0000011d10935ec0} 'layout' '()V' in 'com/sun/javafx/text/PrismTextLayout')}
  0x0000011d006b1970: 85f6 48be | 808c 2c11 | 1d01 0000 | bf08 0500 | 007f 05bf | f804 0000 | 488b 1c3e | 488d 5b01 
  0x0000011d006b1990: 4889 1c3e | 0f8f 1400 | 0000 488b | bc24 f800 | 0000 8bb4 | 24e8 0000 | 00e9 3613 | 0000 c5f8 
  0x0000011d006b19b0: 28d0 c5ea | 5894 24c0 | 0100 00c5 | f82e d1be | ffff ffff | 0f8a 1400 | 0000 0f82 | 0e00 0000 
  0x0000011d006b19d0: be00 0000 | 000f 8403 | 0000 0048 | ffc6 85f6 

  0x0000011d006b19e0: ;   {metadata(method data for {method} {0x0000011d10935ec0} 'layout' '()V' in 'com/sun/javafx/text/PrismTextLayout')}
  0x0000011d006b19e0: 48be 808c | 2c11 1d01 | 0000 bf28 | 0500 007f | 05bf 1805 | 0000 488b | 1c3e 488d | 5b01 4889 
  0x0000011d006b1a00: 1c3e 488b | bc24 f800 | 0000 0f8f | 0c00 0000 | 8bb4 24e8 | 0000 00e9 | c812 0000 

  0x0000011d006b1a1c: ;   {metadata(method data for {method} {0x0000011d10935ec0} 'layout' '()V' in 'com/sun/javafx/text/PrismTextLayout')}
  0x0000011d006b1a1c: 488b f748 | bb80 8c2c | 111d 0100 

  0x0000011d006b1a28: ;   {metadata('com/sun/javafx/text/TextRun')}
  0x0000011d006b1a28: 0049 ba38 | cd23 0900 | 0000 004c | 8993 4005 | 0000 4883 | 8348 0500 

  0x0000011d006b1a40: ;   {metadata(method data for {method} {0x0000011d10e55dd8} 'isLinebreak' '()Z' in 'com/sun/javafx/text/TextRun')}
  0x0000011d006b1a40: 0001 48be | b88c 4711 | 1d01 0000 | 8b9e 9000 | 0000 83c3 | 0289 9e90 | 0000 0081 | e3fe ff1f 
  0x0000011d006b1a60: 0085 db0f | 84df 3d00 | 008b 772c | 83e6 0285 

  0x0000011d006b1a70: ;   {metadata(method data for {method} {0x0000011d10e55dd8} 'isLinebreak' '()Z' in 'com/sun/javafx/text/TextRun')}
  0x0000011d006b1a70: f648 beb8 | 8c47 111d | 0100 00bb | d800 0000 | 7405 bbe8 | 0000 0048 | 8b04 1e48 | 8d40 0148 
  0x0000011d006b1a90: 8904 1e0f | 841a 0000 

  0x0000011d006b1a98: ;   {metadata(method data for {method} {0x0000011d10e55dd8} 'isLinebreak' '()Z' in 'com/sun/javafx/text/TextRun')}
  0x0000011d006b1a98: 0048 beb8 | 8c47 111d | 0100 00ff | 86f8 0000 | 00be 0100 | 0000 e905 | 0000 00be | 0000 0000 
  0x0000011d006b1ab8: 83e6 0185 

  0x0000011d006b1abc: ;   {metadata(method data for {method} {0x0000011d10935ec0} 'layout' '()V' in 'com/sun/javafx/text/PrismTextLayout')}
  0x0000011d006b1abc: f648 be80 | 8c2c 111d | 0100 00bb | 7805 0000 | 7405 bb68 | 0500 0048 | 8b04 1e48 | 8d40 0148 
  0x0000011d006b1adc: 8904 1e0f | 840c 0000 | 008b b424 | e800 0000 | e9f3 1100 | 00c5 fa11 | 8424 c401 | 0000 488b 
  0x0000011d006b1afc: ;   {metadata(method data for {method} {0x0000011d10935ec0} 'layout' '()V' in 'com/sun/javafx/text/PrismTextLayout')}
  0x0000011d006b1afc: f748 bb80 | 8c2c 111d 

  0x0000011d006b1b04: ;   {metadata('com/sun/javafx/text/TextRun')}
  0x0000011d006b1b04: 0100 0049 | ba38 cd23 | 0900 0000 | 004c 8993 | 9005 0000 | 4883 8398 | 0500 0001 | 8b77 1048 
  0x0000011d006b1b24: ;   {metadata(method data for {method} {0x0000011d10935ec0} 'layout' '()V' in 'com/sun/javafx/text/PrismTextLayout')}
  0x0000011d006b1b24: 8bdf 48b8 | 808c 2c11 | 1d01 0000 

  0x0000011d006b1b30: ;   {metadata('com/sun/javafx/text/TextRun')}
  0x0000011d006b1b30: 49ba 38cd | 2309 0000 | 0000 4c89 | 90c0 0500 | 0048 8380 | c805 0000 | 01c5 f25c | 8c24 c001 
  0x0000011d006b1b50: 0000 c5f8 | 28c1 488b | d789 b424 | 0401 0000 | 0f1f 8000 

  0x0000011d006b1b64: ;   {optimized virtual_call}
  0x0000011d006b1b64: 0000 00e8 

  0x0000011d006b1b68: ; ImmutableOopMap {[176]=Oop [184]=Oop [192]=Oop [216]=Oop [240]=Oop [248]=Oop }
                      ;*invokevirtual getWrapIndex {reexecute=0 rethrow=0 return_oop=0}
                      ; - com.sun.javafx.text.PrismTextLayout::layout@309 (line 1123)
  0x0000011d006b1b68: e146 0000 

  0x0000011d006b1b6c: ;   {post_call_nop}
  0x0000011d006b1b6c: 0f1f 8400 | e40e 000d | 8bb4 2404 | 0100 0003 | f048 8bbc | 24f8 0000 

  0x0000011d006b1b84: ;   {metadata(method data for {method} {0x0000011d10935ec0} 'layout' '()V' in 'com/sun/javafx/text/PrismTextLayout')}
  0x0000011d006b1b84: 0049 b880 | 8c2c 111d 

  0x0000011d006b1b8c: ;   {metadata('com/sun/javafx/text/TextRun')}
  0x0000011d006b1b8c: 0100 0049 | ba38 cd23 | 0900 0000 | 004d 8990 | f005 0000 | 4983 80f8 | 0500 0001 

  0x0000011d006b1ba8: ;   {metadata(method data for {method} {0x0000011d10e558d0} 'getEnd' '()I' in 'com/sun/javafx/text/TextRun')}
  0x0000011d006b1ba8: 49b8 8891 | 4711 1d01 | 0000 418b | 9090 0000 | 0083 c202 | 4189 9090 | 0000 0081 | e2fe ff1f 
  0x0000011d006b1bc8: 0085 d20f | 8498 3c00 | 0048 8bbc | 24f8 0000 | 0044 8b47 | 108b 5714 | 4403 c248 | 8bd6 ffc2 
  0x0000011d006b1be8: ;   {metadata(method data for {method} {0x0000011d10935ec0} 'layout' '()V' in 'com/sun/javafx/text/PrismTextLayout')}
  0x0000011d006b1be8: 413b d049 | b880 8c2c | 111d 0100 | 00bb 2806 | 0000 7c05 | bb18 0600 | 0049 8b04 | 1848 8d40 
  0x0000011d006b1c08: 0149 8904 | 180f 8c18 | 0000 0048 | 8bde 488b | 8c24 d800 | 0000 488b | 8424 b800 | 0000 e961 
  0x0000011d006b1c28: 0000 0048 | 8b84 24b8 | 0000 003b | 700c 0f83 | 583c 0000 | 4c63 c646 | 0fb7 4440 | 1041 83f8 
  0x0000011d006b1c48: ;   {metadata(method data for {method} {0x0000011d10935ec0} 'layout' '()V' in 'com/sun/javafx/text/PrismTextLayout')}
  0x0000011d006b1c48: 2049 b880 | 8c2c 111d | 0100 00bb | 4806 0000 | 7405 bb38 | 0600 0049 | 8b0c 1848 | 8d49 0149 
  0x0000011d006b1c68: 890c 180f | 8410 0000 | 0048 8bde | 488b 8c24 | d800 0000 | e90b 0000 | 0048 8bda | 488b 8c24 
  0x0000011d006b1c88: d800 0000 

  0x0000011d006b1c8c: ;   {metadata(method data for {method} {0x0000011d10935ec0} 'layout' '()V' in 'com/sun/javafx/text/PrismTextLayout')}
  0x0000011d006b1c8c: 4885 c949 | b880 8c2c | 111d 0100 | 00ba 5806 | 0000 7405 | ba68 0600 | 004d 8b0c | 104d 8d49 
  0x0000011d006b1cac: 014d 890c | 1089 b424 | 0c01 0000 | 0f84 f600 | 0000 4c8b | c348 8bd1 | 4889 8c24 | d800 0000 
  0x0000011d006b1ccc: 899c 2408 | 0100 0066 | 9048 b828 | 114d 0f1d 

  0x0000011d006b1cdc: ;   {virtual_call}
  0x0000011d006b1cdc: 0100 00e8 

  0x0000011d006b1ce0: ; ImmutableOopMap {[176]=Oop [184]=Oop [192]=Oop [216]=Oop [240]=Oop [248]=Oop }
                      ;*invokevirtual isBoundary {reexecute=0 rethrow=0 return_oop=0}
                      ; - com.sun.javafx.text.PrismTextLayout::layout@360 (line 1142)
  0x0000011d006b1ce0: fcd3 ec06 

  0x0000011d006b1ce4: ;   {post_call_nop}
  0x0000011d006b1ce4: 0f1f 8400 | 5c10 000e 

  0x0000011d006b1cec: ;   {metadata(method data for {method} {0x0000011d10935ec0} 'layout' '()V' in 'com/sun/javafx/text/PrismTextLayout')}
  0x0000011d006b1cec: 85c0 49b8 | 808c 2c11 | 1d01 0000 | baa8 0600 | 0075 05ba | b806 0000 | 498b 3410 | 488d 7601 
  0x0000011d006b1d0c: 4989 3410 | 8b9c 2408 | 0100 0048 | 8b84 24b8 | 0000 000f | 853e 0000 | 003b 580c | 0f83 7e3b 
  0x0000011d006b1d2c: 0000 4c63 | c346 0fb7 | 4440 1041 

  0x0000011d006b1d38: ;   {metadata(method data for {method} {0x0000011d10935ec0} 'layout' '()V' in 'com/sun/javafx/text/PrismTextLayout')}
  0x0000011d006b1d38: 83f8 0949 | b880 8c2c | 111d 0100 | 00ba c806 | 0000 7505 | bad8 0600 | 0049 8b34 | 1048 8d76 
  0x0000011d006b1d58: 0149 8934 | 100f 8516 

  0x0000011d006b1d60: ;   {metadata(method data for {method} {0x0000011d10935ec0} 'layout' '()V' in 'com/sun/javafx/text/PrismTextLayout')}
  0x0000011d006b1d60: 0000 0049 | b880 8c2c | 111d 0100 | 0041 ff80 | e806 0000 | e926 0000 | 004c 8bc3 | 488b 9424 
  0x0000011d006b1d80: d800 0000 | 9048 b850 | 114d 0f1d 

  0x0000011d006b1d8c: ;   {virtual_call}
  0x0000011d006b1d8c: 0100 00e8 

  0x0000011d006b1d90: ; ImmutableOopMap {[176]=Oop [184]=Oop [192]=Oop [216]=Oop [240]=Oop [248]=Oop }
                      ;*invokevirtual preceding {reexecute=0 rethrow=0 return_oop=0}
                      ; - com.sun.javafx.text.PrismTextLayout::layout@384 (line 1142)
  0x0000011d006b1d90: 4cd3 ec06 

  0x0000011d006b1d94: ;   {post_call_nop}
  0x0000011d006b1d94: 0f1f 8400 | 0c11 000f 

  0x0000011d006b1d9c: ;   {metadata(method data for {method} {0x0000011d10935ec0} 'layout' '()V' in 'com/sun/javafx/text/PrismTextLayout')}
  0x0000011d006b1d9c: 488b d848 | ba80 8c2c | 111d 0100 | 00ff 8230 | 0700 00e9 | 1404 0000 | 4889 8c24 | d800 0000 
  0x0000011d006b1dbc: ; implicit exception: dispatches to 0x0000011d006b58ba
  0x0000011d006b1dbc: 3b58 0c0f | 83ff 3a00 | 0048 63d3 | 0fb7 7450 

  0x0000011d006b1dcc: ;   {metadata(method data for {method} {0x0000011d10935ec0} 'layout' '()V' in 'com/sun/javafx/text/PrismTextLayout')}
  0x0000011d006b1dcc: 1048 ba80 | 8c2c 111d | 0100 0048 | 8382 4807 

  0x0000011d006b1ddc: ;   {metadata(method data for {method} {0x00000000081a8e68} 'isWhitespace' '(C)Z' in 'java/lang/Character')}
  0x0000011d006b1ddc: 0000 0148 | ba48 213c | 101d 0100 | 008b ba90 | 0000 0083 | c702 89ba | 9000 0000 | 81e7 feff 
  0x0000011d006b1dfc: 1f00 85ff | 0f84 cc3a 

  0x0000011d006b1e04: ;   {metadata(method data for {method} {0x00000000081a8e68} 'isWhitespace' '(C)Z' in 'java/lang/Character')}
  0x0000011d006b1e04: 0000 48ba | 4821 3c10 | 1d01 0000 | 4883 82d8 | 0000 0001 

  0x0000011d006b1e18: ;   {metadata(method data for {method} {0x00000000081a8ec0} 'isWhitespace' '(I)Z' in 'java/lang/Character')}
  0x0000011d006b1e18: 48ba 7022 | 3c10 1d01 | 0000 8bba | 9000 0000 | 83c7 0289 | ba90 0000 | 0081 e7fe | ff1f 0085 
  0x0000011d006b1e38: ff0f 84b4 

  0x0000011d006b1e3c: ;   {metadata(method data for {method} {0x00000000081a8ec0} 'isWhitespace' '(I)Z' in 'java/lang/Character')}
  0x0000011d006b1e3c: 3a00 0048 | ba70 223c | 101d 0100 | 0048 8382 | d800 0000 | 0148 8bd6 | 899c 2408 | 0100 0089 
  0x0000011d006b1e5c: b424 1001 | 0000 0f1f 

  0x0000011d006b1e64: ;   {static_call}
  0x0000011d006b1e64: 4400 00e8 

  0x0000011d006b1e68: ; ImmutableOopMap {[176]=Oop [184]=Oop [192]=Oop [216]=Oop [240]=Oop [248]=Oop }
                      ;*invokestatic of {reexecute=0 rethrow=0 return_oop=0}
                      ; - java.lang.Character::isWhitespace@1 (line 11711)
                      ; - java.lang.Character::isWhitespace@1 (line 11680)
                      ; - com.sun.javafx.text.PrismTextLayout::layout@396 (line 1145)
  0x0000011d006b1e68: 74d5 ec06 

  0x0000011d006b1e6c: ;   {post_call_nop}
  0x0000011d006b1e6c: 0f1f 8400 | e411 0010 

  0x0000011d006b1e74: ; implicit exception: dispatches to 0x0000011d006b5914
  0x0000011d006b1e74: 483b 004c 

  0x0000011d006b1e78: ;   {metadata(method data for {method} {0x00000000081a8ec0} 'isWhitespace' '(I)Z' in 'java/lang/Character')}
  0x0000011d006b1e78: 8bc0 48ba | 7022 3c10 | 1d01 0000 | 458b 4008 | 41ba 0000 | 0008 4d03 | c24c 3b82 | f000 0000 
  0x0000011d006b1e98: 750d 4883 | 82f8 0000 | 0001 e960 | 0000 004c | 3b82 0001 | 0000 750d | 4883 8208 | 0100 0001 
  0x0000011d006b1eb8: e94a 0000 | 0048 83ba | f000 0000 | 0075 174c | 8982 f000 | 0000 48c7 | 82f8 0000 | 0001 0000 
  0x0000011d006b1ed8: 00e9 2900 | 0000 4883 | ba00 0100 | 0000 7517 | 4c89 8200 | 0100 0048 | c782 0801 | 0000 0100 
  0x0000011d006b1ef8: 0000 e908 | 0000 0048 | 8382 e800 | 0000 0144 | 8b84 2410 | 0100 0048 | 8bd0 6666 | 9048 b878 
  0x0000011d006b1f18: 114d 0f1d 

  0x0000011d006b1f1c: ;   {virtual_call}
  0x0000011d006b1f1c: 0100 00e8 

  0x0000011d006b1f20: ; ImmutableOopMap {[176]=Oop [184]=Oop [192]=Oop [216]=Oop [240]=Oop [248]=Oop }
                      ;*invokevirtual isWhitespace {reexecute=0 rethrow=0 return_oop=0}
                      ; - java.lang.Character::isWhitespace@5 (line 11711)
                      ; - java.lang.Character::isWhitespace@1 (line 11680)
                      ; - com.sun.javafx.text.PrismTextLayout::layout@396 (line 1145)
  0x0000011d006b1f20: 5ed6 5a07 

  0x0000011d006b1f24: ;   {post_call_nop}
  0x0000011d006b1f24: 0f1f 8400 | 9c12 0011 | 83e0 0183 | e001 8b9c | 2408 0100 | 0089 8424 | 1801 0000 | 488b 8424 
  0x0000011d006b1f44: b800 0000 | 3b9c 24ec 

  0x0000011d006b1f4c: ;   {metadata(method data for {method} {0x0000011d10935ec0} 'layout' '()V' in 'com/sun/javafx/text/PrismTextLayout')}
  0x0000011d006b1f4c: 0000 0048 | ba80 8c2c | 111d 0100 | 00bf 5807 | 0000 7e05 | bf68 0700 | 0048 8b0c | 3a48 8d49 
  0x0000011d006b1f6c: 0148 890c | 3a48 8bd3 | 0f8e 2c02 | 0000 ffca | 3b50 0c0f | 8394 3900 | 0048 63d2 | 0fb7 7c50 
  0x0000011d006b1f8c: ;   {metadata(method data for {method} {0x0000011d10935ec0} 'layout' '()V' in 'com/sun/javafx/text/PrismTextLayout')}
  0x0000011d006b1f8c: 1048 ba80 | 8c2c 111d | 0100 0048 | 8382 7807 

  0x0000011d006b1f9c: ;   {metadata(method data for {method} {0x00000000081a8e68} 'isWhitespace' '(C)Z' in 'java/lang/Character')}
  0x0000011d006b1f9c: 0000 0148 | ba48 213c | 101d 0100 | 008b 8a90 | 0000 0083 | c102 898a | 9000 0000 | 81e1 feff 
  0x0000011d006b1fbc: 1f00 85c9 | 0f84 6139 

  0x0000011d006b1fc4: ;   {metadata(method data for {method} {0x00000000081a8e68} 'isWhitespace' '(C)Z' in 'java/lang/Character')}
  0x0000011d006b1fc4: 0000 48ba | 4821 3c10 | 1d01 0000 | 4883 82d8 | 0000 0001 

  0x0000011d006b1fd8: ;   {metadata(method data for {method} {0x00000000081a8ec0} 'isWhitespace' '(I)Z' in 'java/lang/Character')}
  0x0000011d006b1fd8: 48ba 7022 | 3c10 1d01 | 0000 8b8a | 9000 0000 | 83c1 0289 | 8a90 0000 | 0081 e1fe | ff1f 0085 
  0x0000011d006b1ff8: c90f 8449 

  0x0000011d006b1ffc: ;   {metadata(method data for {method} {0x00000000081a8ec0} 'isWhitespace' '(I)Z' in 'java/lang/Character')}
  0x0000011d006b1ffc: 3900 0048 | ba70 223c | 101d 0100 | 0048 8382 | d800 0000 | 0148 8bd7 | 899c 241c | 0100 0089 
  0x0000011d006b201c: bc24 1401 | 0000 0f1f 

  0x0000011d006b2024: ;   {static_call}
  0x0000011d006b2024: 4400 00e8 

  0x0000011d006b2028: ; ImmutableOopMap {[176]=Oop [184]=Oop [192]=Oop [216]=Oop [240]=Oop [248]=Oop }
                      ;*invokestatic of {reexecute=0 rethrow=0 return_oop=0}
                      ; - java.lang.Character::isWhitespace@1 (line 11711)
                      ; - java.lang.Character::isWhitespace@1 (line 11680)
                      ; - com.sun.javafx.text.PrismTextLayout::layout@414 (line 1147)
  0x0000011d006b2028: b4d3 ec06 

  0x0000011d006b202c: ;   {post_call_nop}
  0x0000011d006b202c: 0f1f 8400 | a413 0012 

  0x0000011d006b2034: ; implicit exception: dispatches to 0x0000011d006b5969
  0x0000011d006b2034: 483b 004c 

  0x0000011d006b2038: ;   {metadata(method data for {method} {0x00000000081a8ec0} 'isWhitespace' '(I)Z' in 'java/lang/Character')}
  0x0000011d006b2038: 8bc0 48ba | 7022 3c10 | 1d01 0000 | 458b 4008 | 41ba 0000 | 0008 4d03 | c24c 3b82 | f000 0000 
  0x0000011d006b2058: 750d 4883 | 82f8 0000 | 0001 e960 | 0000 004c | 3b82 0001 | 0000 750d | 4883 8208 | 0100 0001 
  0x0000011d006b2078: e94a 0000 | 0048 83ba | f000 0000 | 0075 174c | 8982 f000 | 0000 48c7 | 82f8 0000 | 0001 0000 
  0x0000011d006b2098: 00e9 2900 | 0000 4883 | ba00 0100 | 0000 7517 | 4c89 8200 | 0100 0048 | c782 0801 | 0000 0100 
  0x0000011d006b20b8: 0000 e908 | 0000 0048 | 8382 e800 | 0000 0144 | 8b84 2414 | 0100 0048 | 8bd0 6666 | 9048 b8a0 
  0x0000011d006b20d8: 114d 0f1d 

  0x0000011d006b20dc: ;   {virtual_call}
  0x0000011d006b20dc: 0100 00e8 

  0x0000011d006b20e0: ; ImmutableOopMap {[176]=Oop [184]=Oop [192]=Oop [216]=Oop [240]=Oop [248]=Oop }
                      ;*invokevirtual isWhitespace {reexecute=0 rethrow=0 return_oop=0}
                      ; - java.lang.Character::isWhitespace@5 (line 11711)
                      ; - java.lang.Character::isWhitespace@1 (line 11680)
                      ; - com.sun.javafx.text.PrismTextLayout::layout@414 (line 1147)
  0x0000011d006b20e0: 9ed4 5a07 

  0x0000011d006b20e4: ;   {post_call_nop}
  0x0000011d006b20e4: 0f1f 8400 | 5c14 0013 | 83e0 0183 | e001 8b9c | 2418 0100 

  0x0000011d006b20f8: ;   {metadata(method data for {method} {0x0000011d10935ec0} 'layout' '()V' in 'com/sun/javafx/text/PrismTextLayout')}
  0x0000011d006b20f8: 0085 db48 | bb80 8c2c | 111d 0100 | 00ba 8807 | 0000 7505 | ba98 0700 | 0048 8b34 | 1348 8d76 
  0x0000011d006b2118: 0148 8934 | 130f 852a | 0000 0085 

  0x0000011d006b2124: ;   {metadata(method data for {method} {0x0000011d10935ec0} 'layout' '()V' in 'com/sun/javafx/text/PrismTextLayout')}
  0x0000011d006b2124: c048 bb80 | 8c2c 111d | 0100 00ba | b807 0000 | 7505 baa8 | 0700 0048 | 8b34 1348 | 8d76 0148 
  0x0000011d006b2144: 8934 130f | 8561 0000 | 008b 9424 | 1c01 0000 

  0x0000011d006b2154: ;   {metadata(method data for {method} {0x0000011d10935ec0} 'layout' '()V' in 'com/sun/javafx/text/PrismTextLayout')}
  0x0000011d006b2154: ffca 48bb | 808c 2c11 | 1d01 0000 | 8bb3 9400 | 0000 83c6 | 0289 b394 | 0000 0081 | e6fe 3f00 
  0x0000011d006b2174: 0085 f60f | 84f1 3700 | 004d 8b57 

  0x0000011d006b2180: ; ImmutableOopMap {[176]=Oop [184]=Oop [192]=Oop [216]=Oop [240]=Oop [248]=Oop }
                      ;*goto {reexecute=1 rethrow=0 return_oop=0}
                      ; - (reexecute) com.sun.javafx.text.PrismTextLayout::layout@439 (line 1151)
                      ;   {poll}
  0x0000011d006b2180: 3041 8502 

  0x0000011d006b2184: ;   {metadata(method data for {method} {0x0000011d10935ec0} 'layout' '()V' in 'com/sun/javafx/text/PrismTextLayout')}
  0x0000011d006b2184: 48bb 808c | 2c11 1d01 | 0000 ff83 | e007 0000 | 488b d889 | 9c24 1801 | 0000 488b | dae9 9afd 
  0x0000011d006b21a4: ffff 488b | dae9 1a00 | 0000 8b94 | 241c 0100 

  0x0000011d006b21b4: ;   {metadata(method data for {method} {0x0000011d10935ec0} 'layout' '()V' in 'com/sun/javafx/text/PrismTextLayout')}
  0x0000011d006b21b4: 0048 bb80 | 8c2c 111d | 0100 00ff | 83c8 0700 | 0048 8bda | 3b9c 24ec 

  0x0000011d006b21cc: ;   {metadata(method data for {method} {0x0000011d10935ec0} 'layout' '()V' in 'com/sun/javafx/text/PrismTextLayout')}
  0x0000011d006b21cc: 0000 0048 | ba80 8c2c | 111d 0100 | 00be f807 | 0000 7d05 | be08 0800 | 0048 8b3c | 3248 8d7f 
  0x0000011d006b21ec: 0148 893c | 320f 8d07 | 0000 008b | 9c24 ec00 | 0000 8b8c | 2400 0100 

  0x0000011d006b2204: ;   {oop(nullptr)}
  0x0000011d006b2204: 0048 ba00 | 0000 0000 | 0000 004c | 8b9c 24b0 | 0000 00e9 | e100 0000 | 0f1f 4000 | 418b 5340 
  0x0000011d006b2224: 48c1 e203 

  0x0000011d006b2228: ; implicit exception: dispatches to 0x0000011d006b598f
  0x0000011d006b2228: 3b4a 0c0f | 8368 3700 | 0048 63f9 | 8b54 ba10 | 48c1 e203 

  0x0000011d006b223c: ; implicit exception: dispatches to 0x0000011d006b59a7
  0x0000011d006b223c: 483b 0248 

  0x0000011d006b2240: ;   {metadata(method data for {method} {0x0000011d10935ec0} 'layout' '()V' in 'com/sun/javafx/text/PrismTextLayout')}
  0x0000011d006b2240: 8bfa 48b8 | 808c 2c11 | 1d01 0000 

  0x0000011d006b224c: ;   {metadata('com/sun/javafx/text/TextRun')}
  0x0000011d006b224c: 49ba 38cd | 2309 0000 | 0000 4c89 | 9040 0800 | 0048 8380 | 4808 0000 

  0x0000011d006b2264: ;   {metadata(method data for {method} {0x0000011d10e558d0} 'getEnd' '()I' in 'com/sun/javafx/text/TextRun')}
  0x0000011d006b2264: 0148 bf88 | 9147 111d | 0100 008b | 8790 0000 | 0083 c002 | 8987 9000 | 0000 25fe | ff1f 0085 
  0x0000011d006b2284: c00f 8421 | 3700 008b | 7a10 8b42 | 1403 f83b 

  0x0000011d006b2294: ;   {metadata(method data for {method} {0x0000011d10935ec0} 'layout' '()V' in 'com/sun/javafx/text/PrismTextLayout')}
  0x0000011d006b2294: fb48 bf80 | 8c2c 111d | 0100 00b8 | 7808 0000 | 7f05 b868 | 0800 004c | 8b04 074d | 8d40 014c 
  0x0000011d006b22b4: 8904 070f | 8f73 0000 

  0x0000011d006b22bc: ;   {metadata(method data for {method} {0x0000011d10935ec0} 'layout' '()V' in 'com/sun/javafx/text/PrismTextLayout')}
  0x0000011d006b22bc: 00ff c148 | be80 8c2c | 111d 0100 | 008b be94 | 0000 0083 | c702 89be | 9400 0000 | 81e7 fe3f 
  0x0000011d006b22dc: 0000 85ff | 0f84 e736 | 0000 4d8b 

  0x0000011d006b22e8: ; ImmutableOopMap {r11=Oop rdx=Oop [176]=Oop [184]=Oop [192]=Oop [216]=Oop [240]=Oop [248]=Oop }
                      ;*goto {reexecute=1 rethrow=0 return_oop=0}
                      ; - (reexecute) com.sun.javafx.text.PrismTextLayout::layout@494 (line 1163)
                      ;   {poll}
  0x0000011d006b22e8: 5730 4185 

  0x0000011d006b22ec: ;   {metadata(method data for {method} {0x0000011d10935ec0} 'layout' '()V' in 'com/sun/javafx/text/PrismTextLayout')}
  0x0000011d006b22ec: 0248 be80 | 8c2c 111d | 0100 00ff | 86a0 0800 | 0041 8b73 

  0x0000011d006b2300: ;   {metadata(method data for {method} {0x0000011d10935ec0} 'layout' '()V' in 'com/sun/javafx/text/PrismTextLayout')}
  0x0000011d006b2300: 0c3b ce48 | bf80 8c2c | 111d 0100 | 00b8 1808 | 0000 7d05 | b828 0800 | 004c 8b04 | 074d 8d40 
  0x0000011d006b2320: 014c 8904 | 070f 8d15 | 0000 00e9 | f0fe ffff 

  0x0000011d006b2330: ;   {metadata(method data for {method} {0x0000011d10935ec0} 'layout' '()V' in 'com/sun/javafx/text/PrismTextLayout')}
  0x0000011d006b2330: 48bf 808c | 2c11 1d01 | 0000 ff87 | 8808 0000 | 3b9c 24ec 

  0x0000011d006b2344: ;   {metadata(method data for {method} {0x0000011d10935ec0} 'layout' '()V' in 'com/sun/javafx/text/PrismTextLayout')}
  0x0000011d006b2344: 0000 0048 | bf80 8c2c | 111d 0100 | 00b8 b808 | 0000 7505 | b8c8 0800 | 004c 8b04 | 074d 8d40 
  0x0000011d006b2364: 014c 8904 | 070f 8516 | 0000 008b | 9c24 0c01 | 0000 488b | 9424 f800 | 0000 8b8c | 24e8 0000 
  0x0000011d006b2384: 0048 3b02 

  0x0000011d006b2388: ;   {metadata(method data for {method} {0x0000011d10935ec0} 'layout' '()V' in 'com/sun/javafx/text/PrismTextLayout')}
  0x0000011d006b2388: 488b fa48 | b880 8c2c | 111d 0100 

  0x0000011d006b2394: ;   {metadata('com/sun/javafx/text/TextRun')}
  0x0000011d006b2394: 0049 ba38 | cd23 0900 | 0000 004c | 8990 e008 | 0000 4883 | 80e8 0800 | 0001 8b7a | 102b df85 
  0x0000011d006b23b4: ;   {metadata(method data for {method} {0x0000011d10935ec0} 'layout' '()V' in 'com/sun/javafx/text/PrismTextLayout')}
  0x0000011d006b23b4: db48 bf80 | 8c2c 111d | 0100 00b8 | 0809 0000 | 7505 b818 | 0900 004c | 8b04 074d | 8d40 014c 
  0x0000011d006b23d4: 8904 070f | 852f 0000 | 003b 8c24 | 0001 0000 

  0x0000011d006b23e4: ;   {metadata(method data for {method} {0x0000011d10935ec0} 'layout' '()V' in 'com/sun/javafx/text/PrismTextLayout')}
  0x0000011d006b23e4: 48bf 808c | 2c11 1d01 | 0000 b838 | 0900 0075 | 05b8 2809 | 0000 4c8b | 0407 4d8d | 4001 4c89 
  0x0000011d006b2404: 0407 0f85 | d706 0000 

  0x0000011d006b240c: ;   {metadata(method data for {method} {0x0000011d10935ec0} 'layout' '()V' in 'com/sun/javafx/text/PrismTextLayout')}
  0x0000011d006b240c: 85db 48bf | 808c 2c11 | 1d01 0000 | b860 0900 | 0075 05b8 | 7009 0000 | 4c8b 0407 | 4d8d 4001 
  0x0000011d006b242c: 4c89 0407 | 0f85 0200 | 0000 ffc3 

  0x0000011d006b2438: ;   {metadata(method data for {method} {0x0000011d10935ec0} 'layout' '()V' in 'com/sun/javafx/text/PrismTextLayout')}
  0x0000011d006b2438: 488b fa48 | b880 8c2c | 111d 0100 

  0x0000011d006b2444: ;   {metadata('com/sun/javafx/text/TextRun')}
  0x0000011d006b2444: 0049 ba38 | cd23 0900 | 0000 004c | 8990 8809 | 0000 4883 | 8090 0900 | 0001 8b7a 

  0x0000011d006b2460: ;   {metadata(method data for {method} {0x0000011d10935ec0} 'layout' '()V' in 'com/sun/javafx/text/PrismTextLayout')}
  0x0000011d006b2460: 143b df48 | bf80 8c2c | 111d 0100 | 00b8 c009 | 0000 7c05 | b8b0 0900 | 004c 8b04 | 074d 8d40 
  0x0000011d006b2480: 014c 8904 | 070f 8c08 | 0000 0049 | 8bd3 e966 | 0600 0045 | 8b4b 4049 | c1e1 0341 | 8b79 0c3b 
  0x0000011d006b24a0: ;   {metadata(method data for {method} {0x0000011d10935ec0} 'layout' '()V' in 'com/sun/javafx/text/PrismTextLayout')}
  0x0000011d006b24a0: f748 b880 | 8c2c 111d | 0100 0041 | b8d0 0900 | 007c 0641 | b8e0 0900 | 004e 8b2c | 004d 8d6d 
  0x0000011d006b24c0: 014e 892c | 0089 9c24 | 3801 0000 | 4889 9424 | 3001 0000 | 0f8c 5102 | 0000 83c7 | 4048 8bdf 
  0x0000011d006b24e0: ;   {metadata('com/sun/javafx/text/TextRun'[])}
  0x0000011d006b24e0: 48ba 78d3 | 2309 0000 | 0000 4c8b | c148 63db | 488b fb48 | 81fb ffff | ff00 0f87 | f834 0000 
  0x0000011d006b2500: be17 0000 | 0048 8d34 | 9e48 83e6 | f849 8b87 | c801 0000 | 488d 3430 | 493b b7d8 | 0100 000f 
  0x0000011d006b2520: 87d3 3400 | 0049 89b7 | c801 0000 | 482b f048 | c700 0100 | 0000 488b | ca41 ba00 | 0000 0849 
  0x0000011d006b2540: 2bca 8948 | 0889 580c | 4883 ee10 | 4885 f60f | 8411 0000 | 0048 33db | 48c1 ee03 | 4889 5cf0 
  0x0000011d006b2560: 0848 ffce 

  0x0000011d006b2564: ;   {metadata(method data for {method} {0x0000011d10935ec0} 'layout' '()V' in 'com/sun/javafx/text/PrismTextLayout')}
  0x0000011d006b2564: 75f6 48ba | 808c 2c11 | 1d01 0000 | 4883 82f0 | 0900 0001 | 498b c8ff | c149 8bd1 | 4489 8424 
  0x0000011d006b2584: 2001 0000 | 41b8 0000 | 0000 4c8b | c8bf 0000 | 0000 488b | f148 8984 | 2428 0100 | 0089 8c24 
  0x0000011d006b25a4: 2401 0000 | 498d 0c30 | 3b4a 0c0f | 874d 3400 | 0048 8d0c | 3741 3b49 | 0c0f 873f | 3400 0085 
  0x0000011d006b25c4: f60f 8c37 | 3400 004d | 63c0 4863 | ff4a 8d4c | 8210 498d | 54b9 104c | 8bc6 4883 | ec20 40f6 
  0x0000011d006b25e4: c40f 0f84 | 1200 0000 | 4883 ec08 

  0x0000011d006b25f0: ;   {runtime_call Stub::oop_disjoint_arraycopy}
  0x0000011d006b25f0: e80b 03eb | 0648 83c4 | 08e9 0500 

  0x0000011d006b25fc: ;   {runtime_call Stub::oop_disjoint_arraycopy}
  0x0000011d006b25fc: 0000 e8fd | 02eb 0648 | 83c4 2048 | 8b94 24b0 | 0000 0044 | 8b42 4049 | c1e0 0345 

  0x0000011d006b2618: ;   {metadata(method data for {method} {0x0000011d10935ec0} 'layout' '()V' in 'com/sun/javafx/text/PrismTextLayout')}
  0x0000011d006b2618: 8b48 0c48 | bf80 8c2c | 111d 0100 | 0048 8387 | 000a 0000 | 018b 8c24 | 2001 0000 | 83c1 0244 
  0x0000011d006b2638: 2b8c 2420 | 0100 0049 | 8bf1 ffce | 498b d044 | 8b84 2424 | 0100 004c | 8b8c 2428 | 0100 0048 
  0x0000011d006b2658: 8bf9 4585 | c00f 8cb3 | 3300 0085 | ff0f 8cab | 3300 0049 | 8d0c 303b | 4a0c 0f87 | 9e33 0000 
  0x0000011d006b2678: 488d 0c37 | 413b 490c | 0f87 9033 | 0000 85f6 | 0f8c 8833 | 0000 4d63 | c048 63ff | 4a8d 4c82 
  0x0000011d006b2698: 1049 8d54 | b910 4c8b | c648 83ec | 2040 f6c4 | 0f0f 8412 | 0000 0048 

  0x0000011d006b26b0: ;   {runtime_call Stub::oop_arraycopy}
  0x0000011d006b26b0: 83ec 08e8 | e804 eb06 | 4883 c408 | e905 0000 

  0x0000011d006b26c0: ;   {runtime_call Stub::oop_arraycopy}
  0x0000011d006b26c0: 00e8 da04 | eb06 4883 | c420 410f | be57 4885 | d248 8b94 | 24b0 0000 | 000f 8542 | 3300 0048 
  0x0000011d006b26e0: 8b84 2428 | 0100 004c | 8bd0 49c1 | ea03 4489 | 5240 4c8b | c24c 33c0 | 49c1 e815 | 4983 f800 
  0x0000011d006b2700: 0f85 3b33 

  0x0000011d006b2704: ;   {metadata(method data for {method} {0x0000011d10935ec0} 'layout' '()V' in 'com/sun/javafx/text/PrismTextLayout')}
  0x0000011d006b2704: 0000 49b8 | 808c 2c11 | 1d01 0000 | 41ff 8010 | 0a00 008b | 9c24 3801 | 0000 488b | b424 3001 
  0x0000011d006b2724: 0000 e9c2 | 0000 0089 | 8c24 2001 

  0x0000011d006b2730: ;   {metadata(method data for {method} {0x0000011d10935ec0} 'layout' '()V' in 'com/sun/javafx/text/PrismTextLayout')}
  0x0000011d006b2730: 0000 49b8 | 808c 2c11 | 1d01 0000 | 4983 8028 | 0a00 0001 | 8b8c 2420 | 0100 00ff | c18b bc24 
  0x0000011d006b2750: 2001 0000 | 83c7 022b | b424 2001 | 0000 ffce | 498b d14c | 8bc1 4585 | c00f 8cea | 3200 0085 
  0x0000011d006b2770: ff0f 8ce2 | 3200 0049 | 8d0c 303b | 4a0c 0f87 | d532 0000 | 488d 0c37 | 413b 490c | 0f87 c732 
  0x0000011d006b2790: 0000 85f6 | 0f8c bf32 | 0000 4d63 | c048 63ff | 4a8d 4c82 | 1049 8d54 | b910 4c8b | c648 83ec 
  0x0000011d006b27b0: 2040 f6c4 | 0f0f 8412 | 0000 0048 

  0x0000011d006b27bc: ;   {runtime_call Stub::oop_arraycopy}
  0x0000011d006b27bc: 83ec 08e8 | dc03 eb06 | 4883 c408 | e905 0000 

  0x0000011d006b27cc: ;   {runtime_call Stub::oop_arraycopy}
  0x0000011d006b27cc: 00e8 ce03 | eb06 4883 | c420 8b9c | 2438 0100 | 0048 8bb4 | 2430 0100 | 0048 8b94 | 24b0 0000 
  0x0000011d006b27ec: 008b 7a40 | 48c1 e703 

  0x0000011d006b27f4: ;   {metadata(method data for {method} {0x0000011d10935ec0} 'layout' '()V' in 'com/sun/javafx/text/PrismTextLayout')}
  0x0000011d006b27f4: 4c8b c648 | b880 8c2c | 111d 0100 

  0x0000011d006b2800: ;   {metadata('com/sun/javafx/text/TextRun')}
  0x0000011d006b2800: 0049 ba38 | cd23 0900 | 0000 004c | 8990 400a | 0000 4883 | 8048 0a00 | 0001 8b8c | 2420 0100 
  0x0000011d006b2820: 00ff c14c | 8bc3 488b | d648 89b4 | 2430 0100 | 0048 89bc | 2440 0100 | 0089 8c24 | 3c01 0000 
  0x0000011d006b2840: 0f1f 8000 

  0x0000011d006b2844: ;   {optimized virtual_call}
  0x0000011d006b2844: 0000 00e8 

  0x0000011d006b2848: ; ImmutableOopMap {[176]=Oop [184]=Oop [192]=Oop [216]=Oop [240]=Oop [248]=Oop [304]=Oop [320]=Oop }
                      ;*invokevirtual split {reexecute=0 rethrow=0 return_oop=0}
                      ; - com.sun.javafx.text.PrismTextLayout::layout@685 (line 1200)
  0x0000011d006b2848: 513a 0000 

  0x0000011d006b284c: ;   {post_call_nop}
  0x0000011d006b284c: 0f1f 8400 | c41b 0016 | 8b8c 243c | 0100 0048 | 8bbc 2440 | 0100 003b | 4f0c 0f83 | 0732 0000 
  0x0000011d006b286c: ;   {metadata(method data for {method} {0x0000011d10935ec0} 'layout' '()V' in 'com/sun/javafx/text/PrismTextLayout')}
  0x0000011d006b286c: 4885 c049 | b980 8c2c | 111d 0100 | 0075 0d41 | 8089 610a | 0000 01e9 | da00 0000 | 448b 4008 
  0x0000011d006b288c: 41ba 0000 | 0008 4d03 | c24d 3b81 | 700a 0000 | 750d 4983 | 8178 0a00 | 0001 e960 | 0000 004d 
  0x0000011d006b28ac: 3b81 800a | 0000 750d | 4983 8188 | 0a00 0001 | e94a 0000 | 0049 83b9 | 700a 0000 | 0075 174d 
  0x0000011d006b28cc: 8981 700a | 0000 49c7 | 8178 0a00 | 0001 0000 | 00e9 2900 | 0000 4983 | b980 0a00 | 0000 7517 
  0x0000011d006b28ec: 4d89 8180 | 0a00 0049 | c781 880a | 0000 0100 | 0000 e908 | 0000 0049 | 8381 680a | 0000 0144 
  0x0000011d006b290c: 8b47 0841 | ba00 0000 | 084d 03c2 | 448b 4808 | 41ba 0000 | 0008 4d03 | ca4d 8b80 | e000 0000 
  0x0000011d006b292c: 4d3b c80f | 842d 0000 | 0041 8b50 | 144d 3b04 | 110f 841f | 0000 0083 | fa20 0f85 | 3a31 0000 
  0x0000011d006b294c: 4151 4150 

  0x0000011d006b2950: ;   {runtime_call C1 Runtime slow_subtype_check_blob}
  0x0000011d006b2950: e88b 83f9 | 0641 5941 | 5845 85c0 | 0f84 2431 | 0000 4863 | c94c 8d44 | 8f10 450f | be4f 4845 
  0x0000011d006b2970: 85c9 0f85 | 1731 0000 | 4c8b d049 | c1ea 0345 | 8910 4d8b | c84c 33c8 | 49c1 e915 | 4983 f900 
  0x0000011d006b2990: 0f85 1831 | 0000 488b | 9424 3001 

  0x0000011d006b299c: ;   {metadata(method data for {method} {0x0000011d10935ec0} 'layout' '()V' in 'com/sun/javafx/text/PrismTextLayout')}
  0x0000011d006b299c: 0000 49b8 | 808c 2c11 | 1d01 0000 

  0x0000011d006b29a8: ;   {metadata('com/sun/javafx/text/TextRun')}
  0x0000011d006b29a8: 49ba 38cd | 2309 0000 | 0000 4d89 | 90a0 0a00 | 0049 8380 | a80a 0000 

  0x0000011d006b29c0: ;   {metadata(method data for {method} {0x0000011d10e56508} 'isComplex' '()Z' in 'com/sun/javafx/text/TextRun')}
  0x0000011d006b29c0: 0149 b830 | 9747 111d | 0100 0045 | 8b88 9000 | 0000 4183 | c102 4589 | 8890 0000 | 0041 81e1 
  0x0000011d006b29e0: feff 1f00 | 4585 c90f | 84d9 3000 | 0048 8b94 | 2430 0100 | 0044 8b42 | 2c41 83e0 | 2045 85c0 
  0x0000011d006b2a00: ;   {metadata(method data for {method} {0x0000011d10e56508} 'isComplex' '()Z' in 'com/sun/javafx/text/TextRun')}
  0x0000011d006b2a00: 49b8 3097 | 4711 1d01 | 0000 41b9 | d800 0000 | 7406 41b9 | e800 0000 | 4b8b 3c08 | 488d 7f01 
  0x0000011d006b2a20: 4b89 3c08 | 0f84 1c00 

  0x0000011d006b2a28: ;   {metadata(method data for {method} {0x0000011d10e56508} 'isComplex' '()Z' in 'com/sun/javafx/text/TextRun')}
  0x0000011d006b2a28: 0000 49b8 | 3097 4711 | 1d01 0000 | 41ff 80f8 | 0000 0041 | b801 0000 | 00e9 0600 | 0000 41b8 
  0x0000011d006b2a48: 0000 0000 | 4183 e001 

  0x0000011d006b2a50: ;   {metadata(method data for {method} {0x0000011d10935ec0} 'layout' '()V' in 'com/sun/javafx/text/PrismTextLayout')}
  0x0000011d006b2a50: 4585 c049 | b880 8c2c | 111d 0100 | 0041 b9c8 | 0a00 0074 | 0641 b9d8 | 0a00 004b | 8b3c 0848 
  0x0000011d006b2a70: 8d7f 014b | 893c 080f | 8447 0000 | 004c 8b84 | 24b0 0000 

  0x0000011d006b2a84: ;   {metadata(method data for {method} {0x0000011d10935ec0} 'layout' '()V' in 'com/sun/javafx/text/PrismTextLayout')}
  0x0000011d006b2a84: 0049 b980 | 8c2c 111d | 0100 0049 | 8381 e80a | 0000 014c | 8bc2 4c8b | 8c24 b800 | 0000 488b 
  0x0000011d006b2aa4: bc24 c000 | 0000 488b | 9424 b000 | 0000 0f1f 

  0x0000011d006b2ab4: ;   {optimized virtual_call}
  0x0000011d006b2ab4: 4400 00e8 

  0x0000011d006b2ab8: ; ImmutableOopMap {[176]=Oop [184]=Oop [192]=Oop [216]=Oop [240]=Oop [248]=Oop }
                      ;*invokevirtual shape {reexecute=0 rethrow=0 return_oop=0}
                      ; - com.sun.javafx.text.PrismTextLayout::layout@702 (line 1202)
  0x0000011d006b2ab8: 24c3 ec06 

  0x0000011d006b2abc: ;   {post_call_nop}
  0x0000011d006b2abc: 0f1f 8400 | 341e 0017 | 488b 9424 | b000 0000 | 448b 420c | 41ff c044 | 8942 0c8b | 8c24 2001 
  0x0000011d006b2adc: 0000 e916 | 0000 0049 | 8bd3 ffc9 

  0x0000011d006b2ae8: ;   {metadata(method data for {method} {0x0000011d10935ec0} 'layout' '()V' in 'com/sun/javafx/text/PrismTextLayout')}
  0x0000011d006b2ae8: 49b8 808c | 2c11 1d01 | 0000 41ff | 8048 0900 | 004c 8bc1 | 41ff c044 | 8b4a 0c45 

  0x0000011d006b2b04: ;   {metadata(method data for {method} {0x0000011d10935ec0} 'layout' '()V' in 'com/sun/javafx/text/PrismTextLayout')}
  0x0000011d006b2b04: 3bc1 49b9 | 808c 2c11 | 1d01 0000 | bf28 0b00 | 007c 05bf | 180b 0000 | 498b 3439 | 488d 7601 
  0x0000011d006b2b24: 4989 3439 | 0f8c 1900 | 0000 488b | bc24 f800 | 0000 488b | f1c5 fa10 | 8424 c401 | 0000 e99d 
  0x0000011d006b2b44: 0100 0044 | 8b4a 4049 | c1e1 0345 | 3b41 0c0f | 8398 2f00 | 004d 63c0 | 478b 4481 | 1049 c1e0 
  0x0000011d006b2b64: 0349 3b00 

  0x0000011d006b2b68: ;   {metadata(method data for {method} {0x0000011d10935ec0} 'layout' '()V' in 'com/sun/javafx/text/PrismTextLayout')}
  0x0000011d006b2b68: 498b f848 | be80 8c2c | 111d 0100 

  0x0000011d006b2b74: ;   {metadata('com/sun/javafx/text/TextRun')}
  0x0000011d006b2b74: 0049 ba38 | cd23 0900 | 0000 004c | 8996 400b | 0000 4883 | 8648 0b00 

  0x0000011d006b2b8c: ;   {metadata(method data for {method} {0x0000011d10e55dd8} 'isLinebreak' '()Z' in 'com/sun/javafx/text/TextRun')}
  0x0000011d006b2b8c: 0001 48bf | b88c 4711 | 1d01 0000 | 8bb7 9000 | 0000 83c6 | 0289 b790 | 0000 0081 | e6fe ff1f 
  0x0000011d006b2bac: 0085 f60f | 844f 2f00 | 0045 8b40 | 2c41 83e0 | 0245 85c0 

  0x0000011d006b2bc0: ;   {metadata(method data for {method} {0x0000011d10e55dd8} 'isLinebreak' '()Z' in 'com/sun/javafx/text/TextRun')}
  0x0000011d006b2bc0: 49b8 b88c | 4711 1d01 | 0000 bfd8 | 0000 0074 | 05bf e800 | 0000 498b | 3438 488d | 7601 4989 
  0x0000011d006b2be0: 3438 0f84 | 1c00 0000 

  0x0000011d006b2be8: ;   {metadata(method data for {method} {0x0000011d10e55dd8} 'isLinebreak' '()Z' in 'com/sun/javafx/text/TextRun')}
  0x0000011d006b2be8: 49b8 b88c | 4711 1d01 | 0000 41ff | 80f8 0000 | 0041 b801 | 0000 00e9 | 0600 0000 | 41b8 0000 
  0x0000011d006b2c08: 0000 4183 | e001 4585 

  0x0000011d006b2c10: ;   {metadata(method data for {method} {0x0000011d10935ec0} 'layout' '()V' in 'com/sun/javafx/text/PrismTextLayout')}
  0x0000011d006b2c10: c049 b880 | 8c2c 111d | 0100 00bf | 780b 0000 | 7405 bf68 | 0b00 0049 | 8b34 3848 | 8d76 0149 
  0x0000011d006b2c30: 8934 380f | 8419 0000 | 0048 8bbc | 24f8 0000 | 0048 8bf1 | c5fa 1084 | 24c4 0100 | 00e9 9200 
  0x0000011d006b2c50: 0000 413b | 490c 0f83 | c92e 0000 | 4c63 c147 | 8b44 8110 | 49c1 e003 

  0x0000011d006b2c68: ; implicit exception: dispatches to 0x0000011d006b5b33
  0x0000011d006b2c68: 493b 004d 

  0x0000011d006b2c6c: ;   {metadata(method data for {method} {0x0000011d10935ec0} 'layout' '()V' in 'com/sun/javafx/text/PrismTextLayout')}
  0x0000011d006b2c6c: 8bc8 48bf | 808c 2c11 | 1d01 0000 

  0x0000011d006b2c78: ;   {metadata('com/sun/javafx/text/TextRun')}
  0x0000011d006b2c78: 49ba 38cd | 2309 0000 | 0000 4c89 | 9790 0b00 | 0048 8387 | 980b 0000 

  0x0000011d006b2c90: ;   {metadata(method data for {method} {0x0000011d10e57100} 'setSoftbreak' '()V' in 'com/sun/javafx/text/TextRun')}
  0x0000011d006b2c90: 0149 b968 | 9847 111d | 0100 0041 | 8bb9 9000 | 0000 83c7 | 0241 89b9 | 9000 0000 | 81e7 feff 
  0x0000011d006b2cb0: 1f00 85ff | 0f84 7e2e | 0000 458b | 482c 4183 | c904 4589 | 482c 448b | 4a20 4181 | c980 0000 
  0x0000011d006b2cd0: 0044 894a | 2049 8bf8 | 488b f1c5 | fa10 8424 | c401 0000 | c5fa 5884 | 24c0 0100 | 0048 3b07 
  0x0000011d006b2cf0: ;   {metadata(method data for {method} {0x0000011d10935ec0} 'layout' '()V' in 'com/sun/javafx/text/PrismTextLayout')}
  0x0000011d006b2cf0: 4c8b c749 | b980 8c2c | 111d 0100 | 0049 8381 | c80b 0000 

  0x0000011d006b2d04: ;   {metadata(method data for {method} {0x0000011d10e56000} 'isBreak' '()Z' in 'com/sun/javafx/text/TextRun')}
  0x0000011d006b2d04: 0149 b870 | 9947 111d | 0100 0045 | 8b88 9000 | 0000 4183 | c102 4589 | 8890 0000 | 0041 81e1 
  0x0000011d006b2d24: feff 1f00 | 4585 c90f | 842d 2e00 | 0044 8b47 | 2c41 83e0 | 0645 85c0 

  0x0000011d006b2d3c: ;   {metadata(method data for {method} {0x0000011d10e56000} 'isBreak' '()Z' in 'com/sun/javafx/text/TextRun')}
  0x0000011d006b2d3c: 49b8 7099 | 4711 1d01 | 0000 41b9 | d800 0000 | 7406 41b9 | e800 0000 | 4b8b 3c08 | 488d 7f01 
  0x0000011d006b2d5c: 4b89 3c08 | 0f84 1c00 

  0x0000011d006b2d64: ;   {metadata(method data for {method} {0x0000011d10e56000} 'isBreak' '()Z' in 'com/sun/javafx/text/TextRun')}
  0x0000011d006b2d64: 0000 49b8 | 7099 4711 | 1d01 0000 | 41ff 80f8 | 0000 0041 | b801 0000 | 00e9 0600 | 0000 41b8 
  0x0000011d006b2d84: 0000 0000 | 4183 e001 

  0x0000011d006b2d8c: ;   {metadata(method data for {method} {0x0000011d10935ec0} 'layout' '()V' in 'com/sun/javafx/text/PrismTextLayout')}
  0x0000011d006b2d8c: 4585 c049 | b880 8c2c | 111d 0100 | 0041 b9f8 | 0b00 0075 | 0641 b9e8 | 0b00 004b | 8b3c 0848 
  0x0000011d006b2dac: 8d7f 014b | 893c 080f | 851e 0000 | 008b 9c24 | ec00 0000 | 8b8c 2400 | 0100 004c | 8bc6 488b 
  0x0000011d006b2dcc: b424 f000 | 0000 e9a6 | 0300 004c 

  0x0000011d006b2dd8: ;   {metadata(method data for {method} {0x0000011d10935ec0} 'layout' '()V' in 'com/sun/javafx/text/PrismTextLayout')}
  0x0000011d006b2dd8: 8bc2 49b9 | 808c 2c11 | 1d01 0000 | 4983 8108 | 0c00 0001 | 448b 8424 | 0001 0000 | 4c8b ce8b 
  0x0000011d006b2df8: bc24 ec00 | 0000 488b | da48 8bd3 | 89b4 2448 | 0100 000f 

  0x0000011d006b2e0c: ;   {optimized virtual_call}
  0x0000011d006b2e0c: 1f40 00e8 

  0x0000011d006b2e10: ; ImmutableOopMap {[176]=Oop [184]=Oop [192]=Oop [216]=Oop [240]=Oop }
                      ;*invokevirtual createLine {reexecute=0 rethrow=0 return_oop=0}
                      ; - com.sun.javafx.text.PrismTextLayout::layout@789 (line 1232)
  0x0000011d006b2e10: 8c07 2700 

  0x0000011d006b2e14: ;   {post_call_nop}
  0x0000011d006b2e14: 0f1f 8400 | 8c21 0018 | 4c8b 8424 | f000 0000 

  0x0000011d006b2e24: ;   {metadata(method data for {method} {0x0000011d10935ec0} 'layout' '()V' in 'com/sun/javafx/text/PrismTextLayout')}
  0x0000011d006b2e24: 48ba 808c | 2c11 1d01 | 0000 458b | 4008 41ba | 0000 0008 | 4d03 c24c | 3b82 400c | 0000 750d 
  0x0000011d006b2e44: 4883 8248 | 0c00 0001 | e960 0000 | 004c 3b82 | 500c 0000 | 750d 4883 | 8258 0c00 | 0001 e94a 
  0x0000011d006b2e64: 0000 0048 | 83ba 400c | 0000 0075 | 174c 8982 | 400c 0000 | 48c7 8248 | 0c00 0001 | 0000 00e9 
  0x0000011d006b2e84: 2900 0000 | 4883 ba50 | 0c00 0000 | 7517 4c89 | 8250 0c00 | 0048 c782 | 580c 0000 | 0100 0000 
  0x0000011d006b2ea4: e908 0000 | 0048 8382 | 380c 0000 

  0x0000011d006b2eb0: ;   {metadata(method data for {method} {0x00000000082213e8} 'add' '(Ljava/lang/Object;)Z' in 'java/util/ArrayList')}
  0x0000011d006b2eb0: 0149 b8b0 | fb0a 101d | 0100 0041 | 8b90 9000 | 0000 83c2 | 0241 8990 | 9000 0000 | 81e2 feff 
  0x0000011d006b2ed0: 1f00 85d2 | 0f84 a52c | 0000 488b | b424 f000 | 0000 448b | 460c 41ff | c044 8946 | 0c44 8b46 
  0x0000011d006b2ef0: 1449 c1e0 | 038b 7e10 

  0x0000011d006b2ef8: ;   {metadata(method data for {method} {0x00000000082213e8} 'add' '(Ljava/lang/Object;)Z' in 'java/util/ArrayList')}
  0x0000011d006b2ef8: 488b d648 | bbb0 fb0a | 101d 0100 | 0048 8383 | d800 0000 

  0x0000011d006b2f0c: ;   {metadata(method data for {method} {0x0000000008222308} 'add' '(Ljava/lang/Object;[Ljava/lang/Object;I)V' in 'java/util/ArrayList')}
  0x0000011d006b2f0c: 0148 ba00 | fd0a 101d | 0100 008b | 9a90 0000 | 0083 c302 | 899a 9000 | 0000 81e3 | feff 1f00 
  0x0000011d006b2f2c: 85db 0f84 | 6c2c 0000 

  0x0000011d006b2f34: ; implicit exception: dispatches to 0x0000011d006b5bc1
  0x0000011d006b2f34: 418b 500c 

  0x0000011d006b2f38: ;   {metadata(method data for {method} {0x0000000008222308} 'add' '(Ljava/lang/Object;[Ljava/lang/Object;I)V' in 'java/util/ArrayList')}
  0x0000011d006b2f38: 3bfa 48ba | 00fd 0a10 | 1d01 0000 | bbd8 0000 | 0075 05bb | e800 0000 | 488b 0c1a | 488d 4901 
  0x0000011d006b2f58: 4889 0c1a | 0f85 9400 | 0000 4889 | 8424 5001 | 0000 4c8b 

  0x0000011d006b2f6c: ;   {metadata(method data for {method} {0x0000000008222308} 'add' '(Ljava/lang/Object;[Ljava/lang/Object;I)V' in 'java/util/ArrayList')}
  0x0000011d006b2f6c: c648 ba00 | fd0a 101d | 0100 0048 | 8382 f800 

  0x0000011d006b2f7c: ;   {metadata(method data for {method} {0x0000000008222468} 'grow' '()[Ljava/lang/Object;' in 'java/util/ArrayList')}
  0x0000011d006b2f7c: 0000 0149 | b870 0d0b | 101d 0100 | 0041 8b90 | 9000 0000 | 83c2 0241 | 8990 9000 | 0000 81e2 
  0x0000011d006b2f9c: feff 1f00 | 85d2 0f84 | 1e2c 0000 

  0x0000011d006b2fa8: ;   {metadata(method data for {method} {0x0000000008222468} 'grow' '()[Ljava/lang/Object;' in 'java/util/ArrayList')}
  0x0000011d006b2fa8: 4c8b c648 | ba70 0d0b | 101d 0100 | 0048 8382 | d800 0000 | 014c 8bc7 | 41ff c048 | 8bd6 89bc 
  0x0000011d006b2fc8: 244c 0100 

  0x0000011d006b2fcc: ;   {optimized virtual_call}
  0x0000011d006b2fcc: 0066 90e8 

  0x0000011d006b2fd0: ; ImmutableOopMap {[176]=Oop [184]=Oop [192]=Oop [216]=Oop [240]=Oop [336]=Oop }
                      ;*invokevirtual grow {reexecute=0 rethrow=0 return_oop=0}
                      ; - java.util.ArrayList::grow@7 (line 245)
                      ; - java.util.ArrayList::add@7 (line 484)
                      ; - java.util.ArrayList::add@20 (line 497)
                      ; - com.sun.javafx.text.PrismTextLayout::layout@798 (line 1233)
  0x0000011d006b2fd0: 3cfc 5b07 

  0x0000011d006b2fd4: ;   {post_call_nop}
  0x0000011d006b2fd4: 0f1f 8400 | 4c23 0019 | 4c8b c08b | bc24 4c01 | 0000 488b | 8424 5001 | 0000 488b | b424 f000 
  0x0000011d006b2ff4: 0000 413b | 780c 0f83 | f12b 0000 

  0x0000011d006b3000: ;   {metadata(method data for {method} {0x0000000008222308} 'add' '(Ljava/lang/Object;[Ljava/lang/Object;I)V' in 'java/util/ArrayList')}
  0x0000011d006b3000: 4885 c048 | ba00 fd0a | 101d 0100 | 0075 0c80 | 8a21 0100 | 0001 e9d7 | 0000 0044 | 8b48 0841 
  0x0000011d006b3020: ba00 0000 | 084d 03ca | 4c3b 8a30 | 0100 0075 | 0d48 8382 | 3801 0000 | 01e9 6000 | 0000 4c3b 
  0x0000011d006b3040: 8a40 0100 | 0075 0d48 | 8382 4801 | 0000 01e9 | 4a00 0000 | 4883 ba30 | 0100 0000 | 7517 4c89 
  0x0000011d006b3060: 8a30 0100 | 0048 c782 | 3801 0000 | 0100 0000 | e929 0000 | 0048 83ba | 4001 0000 | 0075 174c 
  0x0000011d006b3080: 898a 4001 | 0000 48c7 | 8248 0100 | 0001 0000 | 00e9 0800 | 0000 4883 | 8228 0100 | 0001 458b 
  0x0000011d006b30a0: 4808 41ba | 0000 0008 | 4d03 ca8b | 5008 41ba | 0000 0008 | 4903 d24d | 8b89 e000 | 0000 493b 
  0x0000011d006b30c0: d10f 842b | 0000 0041 | 8b59 144c | 3b0c 1a0f | 841d 0000 | 0083 fb20 | 0f85 262b | 0000 5241 
  0x0000011d006b30e0: ;   {runtime_call C1 Runtime slow_subtype_check_blob}
  0x0000011d006b30e0: 51e8 fa7b | f906 5a41 | 5945 85c9 | 0f84 122b | 0000 4c63 | cf4f 8d44 | 8810 450f | be4f 4845 
  0x0000011d006b3100: 85c9 0f85 | 052b 0000 | 4c8b d049 | c1ea 0345 | 8910 4d8b | c84c 33c8 | 49c1 e915 | 4983 f900 
  0x0000011d006b3120: 0f85 062b | 0000 ffc7 | 897e 1044 | 8b84 2448 | 0100 0041 | ffc0 483b | 004c 8bc8 

  0x0000011d006b313c: ;   {metadata(method data for {method} {0x0000011d10935ec0} 'layout' '()V' in 'com/sun/javafx/text/PrismTextLayout')}
  0x0000011d006b313c: 48bf 808c | 2c11 1d01 

  0x0000011d006b3144: ;   {metadata('com/sun/javafx/text/TextLine')}
  0x0000011d006b3144: 0000 49ba | 38e8 2309 | 0000 0000 | 4c89 9770 | 0c00 0048 | 8387 780c | 0000 0144 | 8b48 1c44 
  0x0000011d006b3164: 038c 24ec | 0000 0049 | 8bd9 498b | c8c5 f857 | c044 8b84 | 2448 0100 | 0041 ffc0 

  0x0000011d006b3180: ;   {metadata(method data for {method} {0x0000011d10935ec0} 'layout' '()V' in 'com/sun/javafx/text/PrismTextLayout')}
  0x0000011d006b3180: 49b9 808c | 2c11 1d01 | 0000 418b | b994 0000 | 0083 c702 | 4189 b994 | 0000 0081 | e7fe 3f00 
  0x0000011d006b31a0: 0085 ff0f | 84a0 2a00 | 004d 8b57 

  0x0000011d006b31ac: ; ImmutableOopMap {rsi=Oop [176]=Oop [184]=Oop [192]=Oop [216]=Oop [240]=Oop }
                      ;*goto {reexecute=1 rethrow=0 return_oop=0}
                      ; - (reexecute) com.sun.javafx.text.PrismTextLayout::layout@824 (line 1111)
                      ;   {poll}
  0x0000011d006b31ac: 3041 8502 

  0x0000011d006b31b0: ;   {metadata(method data for {method} {0x0000011d10935ec0} 'layout' '()V' in 'com/sun/javafx/text/PrismTextLayout')}
  0x0000011d006b31b0: 49b9 808c | 2c11 1d01 | 0000 41ff | 8198 0c00 | 0089 9c24 | ec00 0000 | 898c 2400 | 0100 00c5 
  0x0000011d006b31d0: fa11 8424 | c001 0000 | 488b 9c24 | c000 0000 | 4c8b ac24 | b800 0000 | 4c8b 9c24 | b000 0000 
  0x0000011d006b31f0: 498b f0e9 | 48e5 ffff | 8b8c 2400 | 0100 0048 | 8bb4 24f0 | 0000 004c | 8bc3 8b9c | 24ec 0000 
  0x0000011d006b3210: 004d 85c0 

  0x0000011d006b3214: ;   {metadata(method data for {method} {0x0000011d10935ec0} 'layout' '()V' in 'com/sun/javafx/text/PrismTextLayout')}
  0x0000011d006b3214: 49b9 808c | 2c11 1d01 | 0000 bfb0 | 0c00 0074 | 05bf c00c | 0000 498b | 1439 488d | 5201 4989 
  0x0000011d006b3234: 1439 0f84 | 0d01 0000 

  0x0000011d006b323c: ; implicit exception: dispatches to 0x0000011d006b5c6a
  0x0000011d006b323c: 493b 004d 

  0x0000011d006b3240: ;   {metadata(method data for {method} {0x0000011d10935ec0} 'layout' '()V' in 'com/sun/javafx/text/PrismTextLayout')}
  0x0000011d006b3240: 8bc8 48bf | 808c 2c11 | 1d01 0000 | 458b 4908 | 41ba 0000 | 0008 4d03 | ca4c 3b8f | d80c 0000 
  0x0000011d006b3260: 750d 4883 | 87e0 0c00 | 0001 e960 | 0000 004c | 3b8f e80c | 0000 750d | 4883 87f0 | 0c00 0001 
  0x0000011d006b3280: e94a 0000 | 0048 83bf | d80c 0000 | 0075 174c | 898f d80c | 0000 48c7 | 87e0 0c00 | 0001 0000 
  0x0000011d006b32a0: 00e9 2900 | 0000 4883 | bfe8 0c00 | 0000 7517 | 4c89 8fe8 | 0c00 0048 | c787 f00c | 0000 0100 
  0x0000011d006b32c0: 0000 e908 | 0000 0048 | 8387 d00c 

  0x0000011d006b32cc: ;   {metadata(method data for {method} {0x0000011d105f0298} 'dispose' '()V' in 'com/sun/javafx/text/GlyphLayout')}
  0x0000011d006b32cc: 0000 0149 | b990 9d47 | 111d 0100 | 0041 8bb9 | 9000 0000 | 83c7 0241 | 89b9 9000 | 0000 81e7 
  0x0000011d006b32ec: feff 1f00 | 85ff 0f84 | 7729 0000 

  0x0000011d006b32f8: ;   {oop(a 'java/lang/Class'{0x0000000709a55620} = 'com/sun/javafx/text/GlyphLayout')}
  0x0000011d006b32f8: 49b9 2056 | a509 0700 | 0000 458b | 497c 49c1 | e103 4d3b 

  0x0000011d006b330c: ;   {metadata(method data for {method} {0x0000011d105f0298} 'dispose' '()V' in 'com/sun/javafx/text/GlyphLayout')}
  0x0000011d006b330c: c149 b890 | 9d47 111d | 0100 0041 | b9d8 0000 | 0075 0641 | b9e8 0000 | 004b 8b3c | 0848 8d7f 
  0x0000011d006b332c: 014b 893c | 080f 8512 

  0x0000011d006b3334: ;   {oop(a 'java/lang/Class'{0x0000000709a55620} = 'com/sun/javafx/text/GlyphLayout')}
  0x0000011d006b3334: 0000 0049 | b820 56a5 | 0907 0000 | 0041 c680 | 9800 0000 | 008b bc24 | e400 0000 | 488b 9424 
  0x0000011d006b3354: b000 0000 

  0x0000011d006b3358: ;   {metadata(method data for {method} {0x0000011d10935ec0} 'layout' '()V' in 'com/sun/javafx/text/PrismTextLayout')}
  0x0000011d006b3358: 49b8 808c | 2c11 1d01 | 0000 4983 | 8000 0d00 | 0001 ffcf | 4c8b c14c | 8bcf 488b | fb48 8b94 
  0x0000011d006b3378: 24b0 0000 

  0x0000011d006b337c: ;   {optimized virtual_call}
  0x0000011d006b337c: 0066 90e8 

  0x0000011d006b3380: ; ImmutableOopMap {[176]=Oop [184]=Oop [240]=Oop }
                      ;*invokevirtual createLine {reexecute=0 rethrow=0 return_oop=0}
                      ; - com.sun.javafx.text.PrismTextLayout::layout@848 (line 1241)
  0x0000011d006b3380: 1c02 2700 

  0x0000011d006b3384: ;   {post_call_nop}
  0x0000011d006b3384: 0f1f 8400 | fc26 001b | 4c8b 8424 | f000 0000 

  0x0000011d006b3394: ;   {metadata(method data for {method} {0x0000011d10935ec0} 'layout' '()V' in 'com/sun/javafx/text/PrismTextLayout')}
  0x0000011d006b3394: 48ba 808c | 2c11 1d01 | 0000 458b | 4008 41ba | 0000 0008 | 4d03 c24c | 3b82 380d | 0000 750d 
  0x0000011d006b33b4: 4883 8240 | 0d00 0001 | e960 0000 | 004c 3b82 | 480d 0000 | 750d 4883 | 8250 0d00 | 0001 e94a 
  0x0000011d006b33d4: 0000 0048 | 83ba 380d | 0000 0075 | 174c 8982 | 380d 0000 | 48c7 8240 | 0d00 0001 | 0000 00e9 
  0x0000011d006b33f4: 2900 0000 | 4883 ba48 | 0d00 0000 | 7517 4c89 | 8248 0d00 | 0048 c782 | 500d 0000 | 0100 0000 
  0x0000011d006b3414: e908 0000 | 0048 8382 | 300d 0000 

  0x0000011d006b3420: ;   {metadata(method data for {method} {0x00000000082213e8} 'add' '(Ljava/lang/Object;)Z' in 'java/util/ArrayList')}
  0x0000011d006b3420: 0149 b8b0 | fb0a 101d | 0100 0041 | 8b90 9000 | 0000 83c2 | 0241 8990 | 9000 0000 | 81e2 feff 
  0x0000011d006b3440: 1f00 85d2 | 0f84 4628 | 0000 488b | b424 f000 | 0000 448b | 460c 41ff | c044 8946 | 0c44 8b46 
  0x0000011d006b3460: 1449 c1e0 | 038b 7e10 

  0x0000011d006b3468: ;   {metadata(method data for {method} {0x00000000082213e8} 'add' '(Ljava/lang/Object;)Z' in 'java/util/ArrayList')}
  0x0000011d006b3468: 488b d648 | bbb0 fb0a | 101d 0100 | 0048 8383 | d800 0000 

  0x0000011d006b347c: ;   {metadata(method data for {method} {0x0000000008222308} 'add' '(Ljava/lang/Object;[Ljava/lang/Object;I)V' in 'java/util/ArrayList')}
  0x0000011d006b347c: 0148 ba00 | fd0a 101d | 0100 008b | 9a90 0000 | 0083 c302 | 899a 9000 | 0000 81e3 | feff 1f00 
  0x0000011d006b349c: 85db 0f84 | 0d28 0000 

  0x0000011d006b34a4: ; implicit exception: dispatches to 0x0000011d006b5cd2
  0x0000011d006b34a4: 418b 500c 

  0x0000011d006b34a8: ;   {metadata(method data for {method} {0x0000000008222308} 'add' '(Ljava/lang/Object;[Ljava/lang/Object;I)V' in 'java/util/ArrayList')}
  0x0000011d006b34a8: 3bfa 48ba | 00fd 0a10 | 1d01 0000 | bbe8 0000 | 0074 05bb | d800 0000 | 488b 0c1a | 488d 4901 
  0x0000011d006b34c8: 4889 0c1a | 0f84 0800 | 0000 4c8b | cee9 9400 | 0000 4889 | 8424 6001 | 0000 4c8b 

  0x0000011d006b34e4: ;   {metadata(method data for {method} {0x0000000008222308} 'add' '(Ljava/lang/Object;[Ljava/lang/Object;I)V' in 'java/util/ArrayList')}
  0x0000011d006b34e4: c648 ba00 | fd0a 101d | 0100 0048 | 8382 f800 

  0x0000011d006b34f4: ;   {metadata(method data for {method} {0x0000000008222468} 'grow' '()[Ljava/lang/Object;' in 'java/util/ArrayList')}
  0x0000011d006b34f4: 0000 0149 | b870 0d0b | 101d 0100 | 0041 8b90 | 9000 0000 | 83c2 0241 | 8990 9000 | 0000 81e2 
  0x0000011d006b3514: feff 1f00 | 85d2 0f84 | b727 0000 

  0x0000011d006b3520: ;   {metadata(method data for {method} {0x0000000008222468} 'grow' '()[Ljava/lang/Object;' in 'java/util/ArrayList')}
  0x0000011d006b3520: 4c8b c648 | ba70 0d0b | 101d 0100 | 0048 8382 | d800 0000 | 014c 8bc7 | 41ff c048 | 8bd6 89bc 
  0x0000011d006b3540: 2458 0100 

  0x0000011d006b3544: ;   {optimized virtual_call}
  0x0000011d006b3544: 0066 90e8 

  0x0000011d006b3548: ; ImmutableOopMap {[176]=Oop [184]=Oop [240]=Oop [352]=Oop }
                      ;*invokevirtual grow {reexecute=0 rethrow=0 return_oop=0}
                      ; - java.util.ArrayList::grow@7 (line 245)
                      ; - java.util.ArrayList::add@7 (line 484)
                      ; - java.util.ArrayList::add@20 (line 497)
                      ; - com.sun.javafx.text.PrismTextLayout::layout@851 (line 1241)
  0x0000011d006b3548: c4f6 5b07 

  0x0000011d006b354c: ;   {post_call_nop}
  0x0000011d006b354c: 0f1f 8400 | c428 001c | 4c8b c08b | bc24 5801 | 0000 488b | 8424 6001 | 0000 4c8b | 8c24 f000 
  0x0000011d006b356c: 0000 413b | 780c 0f83 | 8a27 0000 

  0x0000011d006b3578: ;   {metadata(method data for {method} {0x0000000008222308} 'add' '(Ljava/lang/Object;[Ljava/lang/Object;I)V' in 'java/util/ArrayList')}
  0x0000011d006b3578: 4885 c048 | ba00 fd0a | 101d 0100 | 0075 0c80 | 8a21 0100 | 0001 e9d2 | 0000 008b | 5808 41ba 
  0x0000011d006b3598: 0000 0008 | 4903 da48 | 3b9a 3001 | 0000 750d | 4883 8238 | 0100 0001 | e960 0000 | 0048 3b9a 
  0x0000011d006b35b8: 4001 0000 | 750d 4883 | 8248 0100 | 0001 e94a | 0000 0048 | 83ba 3001 | 0000 0075 | 1748 899a 
  0x0000011d006b35d8: 3001 0000 | 48c7 8238 | 0100 0001 | 0000 00e9 | 2900 0000 | 4883 ba40 | 0100 0000 | 7517 4889 
  0x0000011d006b35f8: 9a40 0100 | 0048 c782 | 4801 0000 | 0100 0000 | e908 0000 | 0048 8382 | 2801 0000 | 0141 8b58 
  0x0000011d006b3618: 0841 ba00 | 0000 0849 | 03da 8b50 | 0841 ba00 | 0000 0849 | 03d2 488b | 9be0 0000 | 0048 3bd3 
  0x0000011d006b3638: 0f84 2700 | 0000 8b73 | 1448 3b1c | 320f 841a | 0000 0083 | fe20 0f85 | c126 0000 

  0x0000011d006b3654: ;   {runtime_call C1 Runtime slow_subtype_check_blob}
  0x0000011d006b3654: 5253 e885 | 76f9 065a | 5b85 db0f | 84b0 2600 | 0048 63df | 498d 5c98 | 1041 0fbe | 5748 85d2 
  0x0000011d006b3674: 0f85 a426 | 0000 4c8b | d049 c1ea | 0344 8913 | 488b d348 | 33d0 48c1 | ea15 4883 | fa00 0f85 
  0x0000011d006b3694: a426 0000 | ffc7 4189 | 7910 488b | 9424 b000 | 0000 498b 

  0x0000011d006b36a8: ;   {metadata(method data for {method} {0x0000011d10935ec0} 'layout' '()V' in 'com/sun/javafx/text/PrismTextLayout')}
  0x0000011d006b36a8: c148 bb80 | 8c2c 111d | 0100 008b | 4008 41ba | 0000 0008 | 4903 c248 | 3b83 680d | 0000 750d 
  0x0000011d006b36c8: 4883 8370 | 0d00 0001 | e960 0000 | 0048 3b83 | 780d 0000 | 750d 4883 | 8380 0d00 | 0001 e94a 
  0x0000011d006b36e8: 0000 0048 | 83bb 680d | 0000 0075 | 1748 8983 | 680d 0000 | 48c7 8370 | 0d00 0001 | 0000 00e9 
  0x0000011d006b3708: 2900 0000 | 4883 bb78 | 0d00 0000 | 7517 4889 | 8378 0d00 | 0048 c783 | 800d 0000 | 0100 0000 
  0x0000011d006b3728: e908 0000 | 0048 8383 | 600d 0000 | 0141 8b59 | 104c 8bda 

  0x0000011d006b373c: ;   {metadata('com/sun/javafx/text/TextLine'[])}
  0x0000011d006b373c: 48ba e8ec | 2309 0000 | 0000 4863 | db48 8bfb | 4881 fbff | ffff 000f | 87fb 2500 | 00be 1700 
  0x0000011d006b375c: 0000 488d | 349e 4883 | e6f8 498b | 87c8 0100 | 0048 8d34 | 3049 3bb7 | d801 0000 | 0f87 d625 
  0x0000011d006b377c: 0000 4989 | b7c8 0100 | 0048 2bf0 | 48c7 0001 | 0000 0048 | 8bca 41ba | 0000 0008 | 492b ca89 
  0x0000011d006b379c: 4808 8958 | 0c48 83ee | 1048 85f6 | 0f84 1100 | 0000 4833 | db48 c1ee | 0348 895c | f008 48ff 
  0x0000011d006b37bc: ce75 f645 | 0fbe 4748 | 4585 c00f | 8591 2500 | 004c 8bd0 | 49c1 ea03 | 4589 533c | 498b d348 
  0x0000011d006b37dc: 33d0 48c1 | ea15 4883 | fa00 0f85 | 9225 0000 

  0x0000011d006b37ec: ;   {metadata(method data for {method} {0x0000011d10935ec0} 'layout' '()V' in 'com/sun/javafx/text/PrismTextLayout')}
  0x0000011d006b37ec: 4d8b c148 | ba80 8c2c | 111d 0100 | 0045 8b40 | 0841 ba00 | 0000 084d | 03c2 4c3b | 8298 0d00 
  0x0000011d006b380c: 0075 0d48 | 8382 a00d | 0000 01e9 | 6000 0000 | 4c3b 82a8 | 0d00 0075 | 0d48 8382 | b00d 0000 
  0x0000011d006b382c: 01e9 4a00 | 0000 4883 | ba98 0d00 | 0000 7517 | 4c89 8298 | 0d00 0048 | c782 a00d | 0000 0100 
  0x0000011d006b384c: 0000 e929 | 0000 0048 | 83ba a80d | 0000 0075 | 174c 8982 | a80d 0000 | 48c7 82b0 | 0d00 0001 
  0x0000011d006b386c: 0000 00e9 | 0800 0000 | 4883 8290 | 0d00 0001 | 4c8b c049 | 8bd1 0f1f 

  0x0000011d006b3884: ;   {optimized virtual_call}
  0x0000011d006b3884: 4400 00e8 

  0x0000011d006b3888: ; ImmutableOopMap {[176]=Oop [184]=Oop }
                      ;*invokevirtual toArray {reexecute=0 rethrow=0 return_oop=0}
                      ; - com.sun.javafx.text.PrismTextLayout::layout@873 (line 1243)
  0x0000011d006b3888: 142d f2ff 

  0x0000011d006b388c: ;   {post_call_nop}
  0x0000011d006b388c: 0f1f 8400 | 042c 001d | 488b 9424 | b000 0000 | c5fa 1042 | 18c5 fa10 

  0x0000011d006b38a4: ;   {metadata(method data for {method} {0x0000011d10935ec0} 'layout' '()V' in 'com/sun/javafx/text/PrismTextLayout')}
  0x0000011d006b38a4: 4a10 48be | 808c 2c11 | 1d01 0000 | 4883 86c0 | 0d00 0001 | 0f1f 8000 

  0x0000011d006b38bc: ;   {static_call}
  0x0000011d006b38bc: 0000 00e8 

  0x0000011d006b38c0: ; ImmutableOopMap {[176]=Oop [184]=Oop }
                      ;*invokestatic max {reexecute=0 rethrow=0 return_oop=0}
                      ; - com.sun.javafx.text.PrismTextLayout::layout@885 (line 1245)
  0x0000011d006b38c0: 5c45 5807 

  0x0000011d006b38c4: ;   {post_call_nop}
  0x0000011d006b38c4: 0f1f 8400 | 3c2c 001e | c5fa 1184 | 24c8 0100 | 0048 8b94 | 24b0 0000 

  0x0000011d006b38dc: ;   {metadata(method data for {method} {0x0000011d10935ec0} 'layout' '()V' in 'com/sun/javafx/text/PrismTextLayout')}
  0x0000011d006b38dc: 0048 be80 | 8c2c 111d | 0100 0048 | 8386 d00d | 0000 0148 | 8b94 24b0 

  0x0000011d006b38f4: ;   {optimized virtual_call}
  0x0000011d006b38f4: 0000 00e8 

  0x0000011d006b38f8: ; ImmutableOopMap {[176]=Oop [184]=Oop }
                      ;*invokevirtual isMirrored {reexecute=0 rethrow=0 return_oop=0}
                      ; - com.sun.javafx.text.PrismTextLayout::layout@894 (line 1248)
  0x0000011d006b38f8: 24b2 f1ff 

  0x0000011d006b38fc: ;   {post_call_nop}
  0x0000011d006b38fc: 0f1f 8400 | 742c 001f 

  0x0000011d006b3904: ;   {metadata(method data for {method} {0x0000011d10935ec0} 'layout' '()V' in 'com/sun/javafx/text/PrismTextLayout')}
  0x0000011d006b3904: 85c0 49b8 | 808c 2c11 | 1d01 0000 | ba00 0e00 | 0074 05ba | 100e 0000 | 498b 3410 | 488d 7601 
  0x0000011d006b3924: 4989 3410 | 8bbc 24e0 | 0000 000f | 8455 0000 | 0081 ff00 

  0x0000011d006b3938: ;   {metadata(method data for {method} {0x0000011d10935ec0} 'layout' '()V' in 'com/sun/javafx/text/PrismTextLayout')}
  0x0000011d006b3938: 0010 0049 | b880 8c2c | 111d 0100 | 00ba 300e | 0000 7405 | ba20 0e00 | 0049 8b34 | 1048 8d76 
  0x0000011d006b3958: 0149 8934 | 100f 840d 

  0x0000011d006b3960: ;   {section_word}
  0x0000011d006b3960: 0000 00c5 | fa10 0515 | d4ff ffe9 | 5900 0000 

  0x0000011d006b3970: ;   {metadata(method data for {method} {0x0000011d10935ec0} 'layout' '()V' in 'com/sun/javafx/text/PrismTextLayout')}
  0x0000011d006b3970: 49b8 808c | 2c11 1d01 | 0000 41ff | 8040 0e00 | 00c5 f857 | c0e9 3f00 | 0000 81ff | 0000 1000 
  0x0000011d006b3990: ;   {metadata(method data for {method} {0x0000011d10935ec0} 'layout' '()V' in 'com/sun/javafx/text/PrismTextLayout')}
  0x0000011d006b3990: 49b8 808c | 2c11 1d01 | 0000 ba68 | 0e00 0074 | 05ba 580e | 0000 498b | 3410 488d | 7601 4989 
  0x0000011d006b39b0: 3410 0f84 | 0900 0000 | c5f8 57c0 | e908 0000 

  0x0000011d006b39c0: ;   {section_word}
  0x0000011d006b39c0: 00c5 fa10 | 05bb d3ff | ff81 ff00 

  0x0000011d006b39cc: ;   {metadata(method data for {method} {0x0000011d10935ec0} 'layout' '()V' in 'com/sun/javafx/text/PrismTextLayout')}
  0x0000011d006b39cc: 0008 0049 | b880 8c2c | 111d 0100 | 00ba 780e | 0000 7505 | ba88 0e00 | 0049 8b34 | 1048 8d76 
  0x0000011d006b39ec: 0149 8934 | 100f 8508 

  0x0000011d006b39f4: ;   {section_word}
  0x0000011d006b39f4: 0000 00c5 | fa10 0589 | d3ff ffbe | 0000 0000 | c5f0 57c9 | c5fa 118c | 24d0 0100 | 00c5 fa10 
  0x0000011d006b3a14: 8c24 c801 | 0000 660f | 1f44 0000 | 488b 8424 | b800 0000 | 488b 9424 | b000 0000 | 8b5a 3c48 
  0x0000011d006b3a34: c1e3 0344 | 8b43 0c41 

  0x0000011d006b3a3c: ;   {metadata(method data for {method} {0x0000011d10935ec0} 'layout' '()V' in 'com/sun/javafx/text/PrismTextLayout')}
  0x0000011d006b3a3c: 3bf0 49b8 | 808c 2c11 | 1d01 0000 | b998 0e00 | 007d 05b9 | a80e 0000 | 4d8b 0c08 | 4d8d 4901 
  0x0000011d006b3a5c: 4d89 0c08 | 0f8d 0e14 | 0000 4c63 | c642 8b5c | 8310 48c1 | e303 4889 | 9c24 7801 | 0000 483b 
  0x0000011d006b3a7c: 034c 8bc3 

  0x0000011d006b3a80: ;   {metadata(method data for {method} {0x0000011d10935ec0} 'layout' '()V' in 'com/sun/javafx/text/PrismTextLayout')}
  0x0000011d006b3a80: 48b9 808c | 2c11 1d01 | 0000 4883 | 81c8 0e00 | 0001 448b | 4318 488b 

  0x0000011d006b3a98: ;   {metadata(method data for {method} {0x0000011d10935ec0} 'layout' '()V' in 'com/sun/javafx/text/PrismTextLayout')}
  0x0000011d006b3a98: cb49 b980 | 8c2c 111d | 0100 0049 | 8381 f80e | 0000 018b | 4b24 48c1 | e103 4889 | 8c24 8001 
  0x0000011d006b3ab8: 0000 483b | 014c 8bc9 

  0x0000011d006b3ac0: ;   {metadata(method data for {method} {0x0000011d10935ec0} 'layout' '()V' in 'com/sun/javafx/text/PrismTextLayout')}
  0x0000011d006b3ac0: 49bb 808c | 2c11 1d01 | 0000 458b | 4908 41ba | 0000 0008 | 4d03 ca4d | 3b8b 200f | 0000 750d 
  0x0000011d006b3ae0: 4983 8328 | 0f00 0001 | e960 0000 | 004d 3b8b | 300f 0000 | 750d 4983 | 8338 0f00 | 0001 e94a 
  0x0000011d006b3b00: 0000 0049 | 83bb 200f | 0000 0075 | 174d 898b | 200f 0000 | 49c7 8328 | 0f00 0001 | 0000 00e9 
  0x0000011d006b3b20: 2900 0000 | 4983 bb30 | 0f00 0000 | 7517 4d89 | 8b30 0f00 | 0049 c783 | 380f 0000 | 0100 0000 
  0x0000011d006b3b40: e908 0000 | 0049 8383 | 180f 0000 

  0x0000011d006b3b4c: ;   {metadata(method data for {method} {0x0000011d1058f2d8} 'getWidth' '()F' in 'com/sun/javafx/geom/RectBounds')}
  0x0000011d006b3b4c: 0149 b940 | 7c28 111d | 0100 0045 | 8b99 9000 | 0000 4183 | c302 4589 | 9990 0000 | 0041 81e3 
  0x0000011d006b3b6c: feff 1f00 | 4585 db0f | 842c 2200 | 00c5 fa10 | 5910 c5fa | 1061 0cc5 | f828 ebc5 | d25c ecc5 
  0x0000011d006b3b8c: f828 e1c5 | da5c e5c5 | da59 e04c 

  0x0000011d006b3b98: ;   {metadata(method data for {method} {0x0000011d10935ec0} 'layout' '()V' in 'com/sun/javafx/text/PrismTextLayout')}
  0x0000011d006b3b98: 8bcb 49bb | 808c 2c11 | 1d01 0000 | 4983 8358 | 0f00 0001 

  0x0000011d006b3bac: ;   {metadata(method data for {method} {0x0000011d10e5e1d0} 'setAlignment' '(F)V' in 'com/sun/javafx/text/TextLine')}
  0x0000011d006b3bac: 49b9 c89e | 4711 1d01 | 0000 458b | 9990 0000 | 0041 83c3 | 0245 8999 | 9000 0000 | 4181 e3fe 
  0x0000011d006b3bcc: ff1f 0045 | 85db 0f84 | ee21 0000 

  0x0000011d006b3bd8: ;   {metadata(method data for {method} {0x0000011d10e5e1d0} 'setAlignment' '(F)V' in 'com/sun/javafx/text/TextLine')}
  0x0000011d006b3bd8: 4c8b c949 | bbc8 9e47 | 111d 0100 | 0045 8b49 | 0841 ba00 | 0000 084d | 03ca 4d3b | 8be0 0000 
  0x0000011d006b3bf8: 0075 0d49 | 8383 e800 | 0000 01e9 | 6000 0000 | 4d3b 8bf0 | 0000 0075 | 0d49 8383 | f800 0000 
  0x0000011d006b3c18: 01e9 4a00 | 0000 4983 | bbe0 0000 | 0000 7517 | 4d89 8be0 | 0000 0049 | c783 e800 | 0000 0100 
  0x0000011d006b3c38: 0000 e929 | 0000 0049 | 83bb f000 | 0000 0075 | 174d 898b | f000 0000 | 49c7 83f8 | 0000 0001 
  0x0000011d006b3c58: 0000 00e9 | 0800 0000 | 4983 83d8 | 0000 0001 | c5fa 1161 | 0c4c 8bc9 

  0x0000011d006b3c70: ;   {metadata(method data for {method} {0x0000011d10e5e1d0} 'setAlignment' '(F)V' in 'com/sun/javafx/text/TextLine')}
  0x0000011d006b3c70: 49bb c89e | 4711 1d01 | 0000 458b | 4908 41ba | 0000 0008 | 4d03 ca4d | 3b8b 1001 | 0000 750d 
  0x0000011d006b3c90: 4983 8318 | 0100 0001 | e960 0000 | 004d 3b8b | 2001 0000 | 750d 4983 | 8328 0100 | 0001 e94a 
  0x0000011d006b3cb0: 0000 0049 | 83bb 1001 | 0000 0075 | 174d 898b | 1001 0000 | 49c7 8318 | 0100 0001 | 0000 00e9 
  0x0000011d006b3cd0: 2900 0000 | 4983 bb20 | 0100 0000 | 7517 4d89 | 8b20 0100 | 0049 c783 | 2801 0000 | 0100 0000 
  0x0000011d006b3cf0: e908 0000 | 0049 8383 | 0801 0000 | 014c 8bc9 

  0x0000011d006b3d00: ;   {metadata(method data for {method} {0x0000011d10e5e1d0} 'setAlignment' '(F)V' in 'com/sun/javafx/text/TextLine')}
  0x0000011d006b3d00: 49bb c89e | 4711 1d01 | 0000 458b | 4908 41ba | 0000 0008 | 4d03 ca4d | 3b8b 4001 | 0000 750d 
  0x0000011d006b3d20: 4983 8348 | 0100 0001 | e960 0000 | 004d 3b8b | 5001 0000 | 750d 4983 | 8358 0100 | 0001 e94a 
  0x0000011d006b3d40: 0000 0049 | 83bb 4001 | 0000 0075 | 174d 898b | 4001 0000 | 49c7 8348 | 0100 0001 | 0000 00e9 
  0x0000011d006b3d60: 2900 0000 | 4983 bb50 | 0100 0000 | 7517 4d89 | 8b50 0100 | 0049 c783 | 5801 0000 | 0100 0000 
  0x0000011d006b3d80: e908 0000 | 0049 8383 | 3801 0000 | 01c5 e258 | dcc5 fa11 | 5910 c5fa | 105a 18c5 | d057 edc5 
  0x0000011d006b3da0: f82e dd41 | b9ff ffff | ff0f 8a15 | 0000 000f | 820f 0000 | 0041 b900 | 0000 000f | 8403 0000 
  0x0000011d006b3dc0: 0049 ffc1 

  0x0000011d006b3dc4: ;   {metadata(method data for {method} {0x0000011d10935ec0} 'layout' '()V' in 'com/sun/javafx/text/PrismTextLayout')}
  0x0000011d006b3dc4: 4585 c949 | b980 8c2c | 111d 0100 | 0041 bb78 | 0f00 007e | 0641 bb88 | 0f00 004f | 8b2c 194d 
  0x0000011d006b3de4: 8d6d 014f | 892c 190f | 8e30 0000 | 0081 ff00 

  0x0000011d006b3df4: ;   {metadata(method data for {method} {0x0000011d10935ec0} 'layout' '()V' in 'com/sun/javafx/text/PrismTextLayout')}
  0x0000011d006b3df4: 0020 0049 | b980 8c2c | 111d 0100 | 0041 bba8 | 0f00 0074 | 0641 bb98 | 0f00 004f | 8b2c 194d 
  0x0000011d006b3e14: 8d6d 014f | 892c 190f | 840b 0000 | 0041 b900 | 0000 00e9 | 1700 0000 

  0x0000011d006b3e2c: ;   {metadata(method data for {method} {0x0000011d10935ec0} 'layout' '()V' in 'com/sun/javafx/text/PrismTextLayout')}
  0x0000011d006b3e2c: 49b9 808c | 2c11 1d01 | 0000 41ff | 81b8 0f00 | 0041 b901 | 0000 0045 

  0x0000011d006b3e44: ;   {metadata(method data for {method} {0x0000011d10935ec0} 'layout' '()V' in 'com/sun/javafx/text/PrismTextLayout')}
  0x0000011d006b3e44: 85c9 49b9 | 808c 2c11 | 1d01 0000 | 41bb e00f | 0000 7506 | 41bb d00f | 0000 4f8b | 2c19 4d8d 
  0x0000011d006b3e64: 6d01 4f89 | 2c19 89b4 | 245c 0100 | 000f 850e | 0000 00c5 | fa11 8424 | d401 0000 | e9cf 0a00 
  0x0000011d006b3e84: 004c 8bcb 

  0x0000011d006b3e88: ;   {metadata(method data for {method} {0x0000011d10935ec0} 'layout' '()V' in 'com/sun/javafx/text/PrismTextLayout')}
  0x0000011d006b3e88: 49bb 808c | 2c11 1d01 

  0x0000011d006b3e90: ;   {metadata('com/sun/javafx/text/TextLine')}
  0x0000011d006b3e90: 0000 49ba | 38e8 2309 | 0000 0000 | 4d89 93f8 | 0f00 0049 | 8383 0010 | 0000 0144 | 8b4b 2049 
  0x0000011d006b3eb0: c1e1 034c | 898c 2468 | 0100 0045 | 8b59 0c44 | 899c 2470 | 0100 0045 

  0x0000011d006b3ec8: ;   {metadata(method data for {method} {0x0000011d10935ec0} 'layout' '()V' in 'com/sun/javafx/text/PrismTextLayout')}
  0x0000011d006b3ec8: 85db 49bd | 808c 2c11 | 1d01 0000 | 41be 3010 | 0000 7f06 | 41be 2010 | 0000 4b8b | 7435 0048 
  0x0000011d006b3ee8: 8d76 014b | 8974 3500 | 0f8f 0e00 | 0000 c5fa | 1184 24d4 | 0100 00e9 | 500a 0000 | 498b f3ff 
  0x0000011d006b3f08: ce41 3b71 | 0c0f 83d9 | 1e00 0048 | 63f6 418b | 74b1 1048 | c1e6 0348 | 3b06 4c8b 

  0x0000011d006b3f24: ;   {metadata(method data for {method} {0x0000011d10935ec0} 'layout' '()V' in 'com/sun/javafx/text/PrismTextLayout')}
  0x0000011d006b3f24: ee49 be80 | 8c2c 111d 

  0x0000011d006b3f2c: ;   {metadata('com/sun/javafx/text/TextRun')}
  0x0000011d006b3f2c: 0100 0049 | ba38 cd23 | 0900 0000 | 004d 8996 | 4810 0000 | 4983 8650 | 1000 0001 

  0x0000011d006b3f48: ;   {metadata(method data for {method} {0x0000011d10e55f48} 'isSoftbreak' '()Z' in 'com/sun/javafx/text/TextRun')}
  0x0000011d006b3f48: 49b9 78a0 | 4711 1d01 | 0000 458b | a990 0000 | 0041 83c5 | 0245 89a9 | 9000 0000 | 4181 e5fe 
  0x0000011d006b3f68: ff1f 0045 | 85ed 0f84 | 8b1e 0000 | 8b76 2c83 | e604 85f6 

  0x0000011d006b3f7c: ;   {metadata(method data for {method} {0x0000011d10e55f48} 'isSoftbreak' '()Z' in 'com/sun/javafx/text/TextRun')}
  0x0000011d006b3f7c: 48be 78a0 | 4711 1d01 | 0000 41b9 | d800 0000 | 7406 41b9 | e800 0000 | 4e8b 2c0e | 4d8d 6d01 
  0x0000011d006b3f9c: 4e89 2c0e | 0f84 1a00 

  0x0000011d006b3fa4: ;   {metadata(method data for {method} {0x0000011d10e55f48} 'isSoftbreak' '()Z' in 'com/sun/javafx/text/TextRun')}
  0x0000011d006b3fa4: 0000 48be | 78a0 4711 | 1d01 0000 | ff86 f800 | 0000 be01 | 0000 00e9 | 0500 0000 | be00 0000 
  0x0000011d006b3fc4: 0083 e601 

  0x0000011d006b3fc8: ;   {metadata(method data for {method} {0x0000011d10935ec0} 'layout' '()V' in 'com/sun/javafx/text/PrismTextLayout')}
  0x0000011d006b3fc8: 85f6 48be | 808c 2c11 | 1d01 0000 | 41b9 8010 | 0000 7506 | 41b9 7010 | 0000 4e8b | 2c0e 4d8d 
  0x0000011d006b3fe8: 6d01 4e89 | 2c0e 0f85 | 0e00 0000 | c5fa 1184 | 24d4 0100 | 00e9 5209 | 0000 488b 

  0x0000011d006b4004: ;   {metadata(method data for {method} {0x0000011d10935ec0} 'layout' '()V' in 'com/sun/javafx/text/PrismTextLayout')}
  0x0000011d006b4004: f349 b980 | 8c2c 111d 

  0x0000011d006b400c: ;   {metadata('com/sun/javafx/text/TextLine')}
  0x0000011d006b400c: 0100 0049 | ba38 e823 | 0900 0000 | 004d 8991 | 9810 0000 | 4983 81a0 | 1000 0001 | 8b73 1c41 
  0x0000011d006b402c: 03f0 ffce | 41b9 0000 | 0000 41bd | 0000 0000 | 0f1f 4000 

  0x0000011d006b4040: ;   {metadata(method data for {method} {0x0000011d10935ec0} 'layout' '()V' in 'com/sun/javafx/text/PrismTextLayout')}
  0x0000011d006b4040: 413b f049 | be80 8c2c | 111d 0100 | 0041 bbc0 | 1000 007c | 0641 bbd0 | 1000 004b | 8b3c 1e48 
  0x0000011d006b4060: 8d7f 014b | 893c 1e0f | 8c29 0100 | 0045 85c9 

  0x0000011d006b4070: ;   {metadata(method data for {method} {0x0000011d10935ec0} 'layout' '()V' in 'com/sun/javafx/text/PrismTextLayout')}
  0x0000011d006b4070: 48bf 808c | 2c11 1d01 | 0000 41bb | e010 0000 | 7506 41bb | f010 0000 | 4e8b 341f | 4d8d 7601 
  0x0000011d006b4090: 4e89 341f | 0f85 4400 | 0000 3b70 | 0c0f 8387 | 1d00 0048 | 63fe 0fb7 | 7c78 1083 

  0x0000011d006b40ac: ;   {metadata(method data for {method} {0x0000011d10935ec0} 'layout' '()V' in 'com/sun/javafx/text/PrismTextLayout')}
  0x0000011d006b40ac: ff20 48bf | 808c 2c11 | 1d01 0000 | 41bb 0011 | 0000 7406 | 41bb 1011 | 0000 4e8b | 341f 4d8d 
  0x0000011d006b40cc: 7601 4e89 | 341f 0f84 | 0600 0000 | 41b9 0100 | 0000 4585 

  0x0000011d006b40e0: ;   {metadata(method data for {method} {0x0000011d10935ec0} 'layout' '()V' in 'com/sun/javafx/text/PrismTextLayout')}
  0x0000011d006b40e0: c948 bf80 | 8c2c 111d | 0100 0041 | bb20 1100 | 0074 0641 | bb30 1100 | 004e 8b34 | 1f4d 8d76 
  0x0000011d006b4100: 014e 8934 | 1f0f 8441 | 0000 003b | 700c 0f83 | 2e1d 0000 | 4863 fe0f | b77c 7810 

  0x0000011d006b411c: ;   {metadata(method data for {method} {0x0000011d10935ec0} 'layout' '()V' in 'com/sun/javafx/text/PrismTextLayout')}
  0x0000011d006b411c: 83ff 2048 | bf80 8c2c | 111d 0100 | 0041 bb40 | 1100 0075 | 0641 bb50 | 1100 004e | 8b34 1f4d 
  0x0000011d006b413c: 8d76 014e | 8934 1f0f | 8503 0000 | 0041 ffc5 

  0x0000011d006b414c: ;   {metadata(method data for {method} {0x0000011d10935ec0} 'layout' '()V' in 'com/sun/javafx/text/PrismTextLayout')}
  0x0000011d006b414c: ffce 48bf | 808c 2c11 | 1d01 0000 | 448b 9f94 | 0000 0041 | 83c3 0244 | 899f 9400 | 0000 4181 
  0x0000011d006b416c: e3fe 3f00 | 0045 85db | 0f84 d61c | 0000 4d8b 

  0x0000011d006b417c: ; ImmutableOopMap {rdx=Oop rax=Oop rbx=Oop rcx=Oop [176]=Oop [184]=Oop [360]=Oop [376]=Oop [384]=Oop }
                      ;*goto {reexecute=1 rethrow=0 return_oop=0}
                      ; - (reexecute) com.sun.javafx.text.PrismTextLayout::layout@1121 (line 1275)
                      ;   {poll}
  0x0000011d006b417c: 5730 4185 

  0x0000011d006b4180: ;   {metadata(method data for {method} {0x0000011d10935ec0} 'layout' '()V' in 'com/sun/javafx/text/PrismTextLayout')}
  0x0000011d006b4180: 0248 bf80 | 8c2c 111d | 0100 00ff | 8760 1100 | 00e9 aafe | ffff 4585 

  0x0000011d006b4198: ;   {metadata(method data for {method} {0x0000011d10935ec0} 'layout' '()V' in 'com/sun/javafx/text/PrismTextLayout')}
  0x0000011d006b4198: ed49 b880 | 8c2c 111d | 0100 00be | 8811 0000 | 7505 be78 | 1100 0049 | 8b3c 3048 | 8d7f 0149 
  0x0000011d006b41b8: 893c 300f | 850e 0000 | 00c5 fa11 | 8424 d401 | 0000 e985 | 0700 004c 

  0x0000011d006b41d0: ;   {metadata(method data for {method} {0x0000011d10935ec0} 'layout' '()V' in 'com/sun/javafx/text/PrismTextLayout')}
  0x0000011d006b41d0: 8bc1 48be | 808c 2c11 | 1d01 0000 | 458b 4008 | 41ba 0000 | 0008 4d03 | c24c 3b86 | a011 0000 
  0x0000011d006b41f0: 750d 4883 | 86a8 1100 | 0001 e960 | 0000 004c | 3b86 b011 | 0000 750d | 4883 86b8 | 1100 0001 
  0x0000011d006b4210: e94a 0000 | 0048 83be | a011 0000 | 0075 174c | 8986 a011 | 0000 48c7 | 86a8 1100 | 0001 0000 
  0x0000011d006b4230: 00e9 2900 | 0000 4883 | beb0 1100 | 0000 7517 | 4c89 86b0 | 1100 0048 | c786 b811 | 0000 0100 
  0x0000011d006b4250: 0000 e908 | 0000 0048 | 8386 9811 

  0x0000011d006b425c: ;   {metadata(method data for {method} {0x0000011d1058f2d8} 'getWidth' '()F' in 'com/sun/javafx/geom/RectBounds')}
  0x0000011d006b425c: 0000 0149 | b840 7c28 | 111d 0100 | 0041 8bb0 | 9000 0000 | 83c6 0241 | 89b0 9000 | 0000 81e6 
  0x0000011d006b427c: feff 1f00 | 85f6 0f84 | e91b 0000 | c5fa 1059 | 10c5 fa10 | 610c c5e2 | 5cdc c5f8 | 28e1 c5da 
  0x0000011d006b429c: 5ce3 c4c1 | 622a ddc5 | da5e e3c5 | fa11 a424 | cc01 0000 | be00 0000 | 0044 8b9c | 2470 0100 
  0x0000011d006b42bc: 004c 8b8c | 2468 0100 | 00c5 fa11 | 8424 d401 | 0000 6690 

  0x0000011d006b42d0: ;   {metadata(method data for {method} {0x0000011d10935ec0} 'layout' '()V' in 'com/sun/javafx/text/PrismTextLayout')}
  0x0000011d006b42d0: 413b f349 | b880 8c2c | 111d 0100 | 00b8 c811 | 0000 7d05 | b8d8 1100 | 0049 8b3c | 0048 8d7f 
  0x0000011d006b42f0: 0149 893c | 000f 8da0 | 0200 004c | 63c6 438b | 7c81 1048 | c1e7 0348 | 89bc 2490 | 0100 0048 
  0x0000011d006b4310: 3b07 4c8b | c789 b424 | 7401 0000 

  0x0000011d006b431c: ;   {metadata(method data for {method} {0x0000011d10935ec0} 'layout' '()V' in 'com/sun/javafx/text/PrismTextLayout')}
  0x0000011d006b431c: 48b8 808c | 2c11 1d01 

  0x0000011d006b4324: ;   {metadata('com/sun/javafx/text/TextRun')}
  0x0000011d006b4324: 0000 49ba | 38cd 2309 | 0000 0000 | 4c89 90f0 | 1100 0048 | 8380 f811 | 0000 018b | 7710 89b4 
  0x0000011d006b4344: 2488 0100 | 004c 8bc7 

  0x0000011d006b434c: ;   {metadata(method data for {method} {0x0000011d10935ec0} 'layout' '()V' in 'com/sun/javafx/text/PrismTextLayout')}
  0x0000011d006b434c: 48b8 808c | 2c11 1d01 

  0x0000011d006b4354: ;   {metadata('com/sun/javafx/text/TextRun')}
  0x0000011d006b4354: 0000 49ba | 38cd 2309 | 0000 0000 | 4c89 9020 | 1200 0048 | 8380 2812 

  0x0000011d006b436c: ;   {metadata(method data for {method} {0x0000011d10e558d0} 'getEnd' '()I' in 'com/sun/javafx/text/TextRun')}
  0x0000011d006b436c: 0000 0149 | b888 9147 | 111d 0100 | 0041 8b98 | 9000 0000 | 83c3 0241 | 8998 9000 | 0000 81e3 
  0x0000011d006b438c: feff 1f00 | 85db 0f84 | ff1a 0000 | 448b 4714 | 4403 c644 | 8984 249c | 0100 0048 | 8bde 660f 
  0x0000011d006b43ac: 1f44 0000 | 488b 8424 | b800 0000 

  0x0000011d006b43b8: ;   {metadata(method data for {method} {0x0000011d10935ec0} 'layout' '()V' in 'com/sun/javafx/text/PrismTextLayout')}
  0x0000011d006b43b8: 413b d848 | be80 8c2c | 111d 0100 | 00bf 4812 | 0000 7d05 | bf58 1200 | 0048 8b14 | 3e48 8d52 
  0x0000011d006b43d8: 0148 8914 | 3e0f 8d3f | 0100 003b | 580c 0f83 | d61a 0000 | 4863 d30f | b754 5010 

  0x0000011d006b43f4: ;   {metadata(method data for {method} {0x0000011d10935ec0} 'layout' '()V' in 'com/sun/javafx/text/PrismTextLayout')}
  0x0000011d006b43f4: 83fa 2048 | ba80 8c2c | 111d 0100 | 00be 7812 | 0000 7405 | be68 1200 | 0048 8b3c | 3248 8d7f 
  0x0000011d006b4414: 0148 893c | 320f 840c | 0000 0089 | 9c24 9801 | 0000 e997 | 0000 0044 | 89ac 248c | 0100 008b 
  0x0000011d006b4434: b424 8801 | 0000 488b | bc24 9001 | 0000 488b 

  0x0000011d006b4444: ;   {metadata(method data for {method} {0x0000011d10935ec0} 'layout' '()V' in 'com/sun/javafx/text/PrismTextLayout')}
  0x0000011d006b4444: c748 b980 | 8c2c 111d 

  0x0000011d006b444c: ;   {metadata('com/sun/javafx/text/TextRun')}
  0x0000011d006b444c: 0100 0049 | ba38 cd23 | 0900 0000 | 004c 8991 | 9012 0000 | 4883 8198 | 1200 0001 | 488b c32b 
  0x0000011d006b446c: c64c 8bc0 | c5f8 28c4 | 488b d789 | 9c24 9801 

  0x0000011d006b447c: ;   {optimized virtual_call}
  0x0000011d006b447c: 0000 90e8 

  0x0000011d006b4480: ; ImmutableOopMap {[176]=Oop [184]=Oop [360]=Oop [376]=Oop [384]=Oop [400]=Oop }
                      ;*invokevirtual justify {reexecute=0 rethrow=0 return_oop=0}
                      ; - com.sun.javafx.text.PrismTextLayout::layout@1203 (line 1289)
  0x0000011d006b4480: 5ca9 ec06 

  0x0000011d006b4484: ;   {post_call_nop}
  0x0000011d006b4484: 0f1f 8400 | fc37 0021 | 448b ac24 | 8c01 0000 | 41ff cd45 

  0x0000011d006b4498: ;   {metadata(method data for {method} {0x0000011d10935ec0} 'layout' '()V' in 'com/sun/javafx/text/PrismTextLayout')}
  0x0000011d006b4498: 85ed 49b8 | 808c 2c11 | 1d01 0000 | bac8 1200 | 0074 05ba | b812 0000 | 498b 3410 | 488d 7601 
  0x0000011d006b44b8: 4989 3410 | 0f84 c800 | 0000 8b9c | 2498 0100 

  0x0000011d006b44c8: ;   {metadata(method data for {method} {0x0000011d10935ec0} 'layout' '()V' in 'com/sun/javafx/text/PrismTextLayout')}
  0x0000011d006b44c8: 00ff c349 | b880 8c2c | 111d 0100 | 0041 8b90 | 9400 0000 | 83c2 0241 | 8990 9400 | 0000 81e2 
  0x0000011d006b44e8: fe3f 0000 | 85d2 0f84 | dc19 0000 

  0x0000011d006b44f4: ; ImmutableOopMap {[176]=Oop [184]=Oop [360]=Oop [376]=Oop [384]=Oop [400]=Oop }
                      ;*goto {reexecute=1 rethrow=0 return_oop=0}
                      ; - (reexecute) com.sun.javafx.text.PrismTextLayout::layout@1220 (line 1286)
  0x0000011d006b44f4: 4d8b 5730 

  0x0000011d006b44f8: ;   {poll}
  0x0000011d006b44f8: 4185 0249 | b880 8c2c | 111d 0100 | 0041 ff80 | f012 0000 | 448b 8424 | 9c01 0000 | c5fa 10a4 
  0x0000011d006b4518: 24cc 0100 | 00e9 8efe | ffff 8bb4 | 2474 0100 

  0x0000011d006b4528: ;   {metadata(method data for {method} {0x0000011d10935ec0} 'layout' '()V' in 'com/sun/javafx/text/PrismTextLayout')}
  0x0000011d006b4528: 00ff c649 | b880 8c2c | 111d 0100 | 0041 8b90 | 9400 0000 | 83c2 0241 | 8990 9400 | 0000 81e2 
  0x0000011d006b4548: fe3f 0000 | 85d2 0f84 | 9d19 0000 

  0x0000011d006b4554: ; ImmutableOopMap {[176]=Oop [184]=Oop [360]=Oop [376]=Oop [384]=Oop }
                      ;*goto {reexecute=1 rethrow=0 return_oop=0}
                      ; - (reexecute) com.sun.javafx.text.PrismTextLayout::layout@1226 (line 1282)
  0x0000011d006b4554: 4d8b 5730 

  0x0000011d006b4558: ;   {poll}
  0x0000011d006b4558: 4185 0249 | b880 8c2c | 111d 0100 | 0041 ff80 | 0813 0000 | c5fa 10a4 | 24cc 0100 | 0044 8b9c 
  0x0000011d006b4578: 2470 0100 | 004c 8b8c | 2468 0100 | 00e9 46fd 

  0x0000011d006b4588: ;   {metadata(method data for {method} {0x0000011d10935ec0} 'layout' '()V' in 'com/sun/javafx/text/PrismTextLayout')}
  0x0000011d006b4588: ffff 49b8 | 808c 2c11 | 1d01 0000 | 41ff 80d8 | 1200 0048 | 8b9c 2478 | 0100 004c 

  0x0000011d006b45a4: ;   {metadata(method data for {method} {0x0000011d10935ec0} 'layout' '()V' in 'com/sun/javafx/text/PrismTextLayout')}
  0x0000011d006b45a4: 8bc3 48ba | 808c 2c11 | 1d01 0000 

  0x0000011d006b45b0: ;   {metadata('com/sun/javafx/text/TextLine')}
  0x0000011d006b45b0: 49ba 38e8 | 2309 0000 | 0000 4c89 | 9228 1300 | 0048 8382 | 3013 0000 

  0x0000011d006b45c8: ;   {metadata(method data for {method} {0x0000011d10e5e1d0} 'setAlignment' '(F)V' in 'com/sun/javafx/text/TextLine')}
  0x0000011d006b45c8: 0149 b8c8 | 9e47 111d | 0100 0041 | 8b90 9000 | 0000 83c2 | 0241 8990 | 9000 0000 | 81e2 feff 
  0x0000011d006b45e8: 1f00 85d2 | 0f84 2019 | 0000 448b | 4324 49c1 | e003 493b | 0049 8bd0 

  0x0000011d006b4600: ;   {metadata(method data for {method} {0x0000011d10e5e1d0} 'setAlignment' '(F)V' in 'com/sun/javafx/text/TextLine')}
  0x0000011d006b4600: 48be c89e | 4711 1d01 | 0000 8b52 | 0841 ba00 | 0000 0849 | 03d2 483b | 96e0 0000 | 0075 0d48 
  0x0000011d006b4620: 8386 e800 | 0000 01e9 | 6000 0000 | 483b 96f0 | 0000 0075 | 0d48 8386 | f800 0000 | 01e9 4a00 
  0x0000011d006b4640: 0000 4883 | bee0 0000 | 0000 7517 | 4889 96e0 | 0000 0048 | c786 e800 | 0000 0100 | 0000 e929 
  0x0000011d006b4660: 0000 0048 | 83be f000 | 0000 0075 | 1748 8996 | f000 0000 | 48c7 86f8 | 0000 0001 | 0000 00e9 
  0x0000011d006b4680: 0800 0000 | 4883 86d8 | 0000 0001 | 41c7 400c | 0000 0000 

  0x0000011d006b4694: ;   {metadata(method data for {method} {0x0000011d10e5e1d0} 'setAlignment' '(F)V' in 'com/sun/javafx/text/TextLine')}
  0x0000011d006b4694: 498b d048 | bec8 9e47 | 111d 0100 | 008b 5208 | 41ba 0000 | 0008 4903 | d248 3b96 | 1001 0000 
  0x0000011d006b46b4: 750d 4883 | 8618 0100 | 0001 e960 | 0000 0048 | 3b96 2001 | 0000 750d | 4883 8628 | 0100 0001 
  0x0000011d006b46d4: e94a 0000 | 0048 83be | 1001 0000 | 0075 1748 | 8996 1001 | 0000 48c7 | 8618 0100 | 0001 0000 
  0x0000011d006b46f4: 00e9 2900 | 0000 4883 | be20 0100 | 0000 7517 | 4889 9620 | 0100 0048 | c786 2801 | 0000 0100 
  0x0000011d006b4714: 0000 e908 | 0000 0048 | 8386 0801 | 0000 01c4 | c17a 1040 | 1049 8bd0 

  0x0000011d006b472c: ;   {metadata(method data for {method} {0x0000011d10e5e1d0} 'setAlignment' '(F)V' in 'com/sun/javafx/text/TextLine')}
  0x0000011d006b472c: 48be c89e | 4711 1d01 | 0000 8b52 | 0841 ba00 | 0000 0849 | 03d2 483b | 9640 0100 | 0075 0d48 
  0x0000011d006b474c: 8386 4801 | 0000 01e9 | 6000 0000 | 483b 9650 | 0100 0075 | 0d48 8386 | 5801 0000 | 01e9 4a00 
  0x0000011d006b476c: 0000 4883 | be40 0100 | 0000 7517 | 4889 9640 | 0100 0048 | c786 4801 | 0000 0100 | 0000 e929 
  0x0000011d006b478c: 0000 0048 | 83be 5001 | 0000 0075 | 1748 8996 | 5001 0000 | 48c7 8658 | 0100 0001 | 0000 00e9 
  0x0000011d006b47ac: 0800 0000 | 4883 8638 | 0100 0001 

  0x0000011d006b47b8: ;   {section_word}
  0x0000011d006b47b8: c5fa 5805 | ccc5 ffff | c4c1 7a11 | 4010 488b 

  0x0000011d006b47c8: ;   {metadata(method data for {method} {0x0000011d10935ec0} 'layout' '()V' in 'com/sun/javafx/text/PrismTextLayout')}
  0x0000011d006b47c8: d348 be80 | 8c2c 111d 

  0x0000011d006b47d0: ;   {metadata('com/sun/javafx/text/TextLine')}
  0x0000011d006b47d0: 0100 0049 | ba38 e823 | 0900 0000 | 004c 8996 | 5813 0000 | 4883 8660 | 1300 0001 

  0x0000011d006b47ec: ;   {metadata(method data for {method} {0x0000011d10e5e278} 'setWidth' '(F)V' in 'com/sun/javafx/text/TextLine')}
  0x0000011d006b47ec: 48ba b0a3 | 4711 1d01 | 0000 8bb2 | 9000 0000 | 83c6 0289 | b290 0000 | 0081 e6fe | ff1f 0085 
  0x0000011d006b480c: f60f 8425 | 1700 0049 

  0x0000011d006b4814: ;   {metadata(method data for {method} {0x0000011d10e5e278} 'setWidth' '(F)V' in 'com/sun/javafx/text/TextLine')}
  0x0000011d006b4814: 8bd0 48be | b0a3 4711 | 1d01 0000 | 8b52 0841 | ba00 0000 | 0849 03d2 | 483b 96e0 | 0000 0075 
  0x0000011d006b4834: 0d48 8386 | e800 0000 | 01e9 6000 | 0000 483b | 96f0 0000 | 0075 0d48 | 8386 f800 | 0000 01e9 
  0x0000011d006b4854: 4a00 0000 | 4883 bee0 | 0000 0000 | 7517 4889 | 96e0 0000 | 0048 c786 | e800 0000 | 0100 0000 
  0x0000011d006b4874: e929 0000 | 0048 83be | f000 0000 | 0075 1748 | 8996 f000 | 0000 48c7 | 86f8 0000 | 0001 0000 
  0x0000011d006b4894: 00e9 0800 | 0000 4883 | 86d8 0000 | 0001 498b 

  0x0000011d006b48a4: ;   {metadata(method data for {method} {0x0000011d10e5e278} 'setWidth' '(F)V' in 'com/sun/javafx/text/TextLine')}
  0x0000011d006b48a4: d048 beb0 | a347 111d | 0100 008b | 5208 41ba | 0000 0008 | 4903 d248 | 3b96 1001 | 0000 750d 
  0x0000011d006b48c4: 4883 8618 | 0100 0001 | e960 0000 | 0048 3b96 | 2001 0000 | 750d 4883 | 8628 0100 | 0001 e94a 
  0x0000011d006b48e4: 0000 0048 | 83be 1001 | 0000 0075 | 1748 8996 | 1001 0000 | 48c7 8618 | 0100 0001 | 0000 00e9 
  0x0000011d006b4904: 2900 0000 | 4883 be20 | 0100 0000 | 7517 4889 | 9620 0100 | 0048 c786 | 2801 0000 | 0100 0000 
  0x0000011d006b4924: e908 0000 | 0048 8386 | 0801 0000 | 01c5 fa10 | 8424 c801 

  0x0000011d006b4938: ;   {section_word}
  0x0000011d006b4938: 0000 c5fa | 5805 4ec4 | ffff c4c1 | 7a11 4010 | c5d8 57e4 | 488b 9424 | b000 0000 | 448b 4220 
  0x0000011d006b4958: 4183 e008 

  0x0000011d006b495c: ;   {metadata(method data for {method} {0x0000011d10935ec0} 'layout' '()V' in 'com/sun/javafx/text/PrismTextLayout')}
  0x0000011d006b495c: 4585 c049 | b880 8c2c | 111d 0100 | 00be 8013 | 0000 7405 | be90 1300 | 0049 8b3c | 3048 8d7f 
  0x0000011d006b497c: 0149 893c | 30c5 fa11 | a424 d801 | 0000 0f84 | 3400 0000 

  0x0000011d006b4990: ;   {metadata(method data for {method} {0x0000011d10935ec0} 'layout' '()V' in 'com/sun/javafx/text/PrismTextLayout')}
  0x0000011d006b4990: 4c8b c248 | be80 8c2c | 111d 0100 | 0048 8386 | a013 0000 | 014c 8bc3 | 488b f248 

  0x0000011d006b49ac: ;   {optimized virtual_call}
  0x0000011d006b49ac: 8bd6 90e8 

  0x0000011d006b49b0: ; ImmutableOopMap {[176]=Oop [184]=Oop [376]=Oop [384]=Oop }
                      ;*invokevirtual reorderLine {reexecute=0 rethrow=0 return_oop=0}
                      ; - com.sun.javafx.text.PrismTextLayout::layout@1259 (line 1302)
  0x0000011d006b49b0: 2ca4 ec06 

  0x0000011d006b49b4: ;   {post_call_nop}
  0x0000011d006b49b4: 0f1f 8400 | 2c3d 0024 | 488b 9c24 | 7801 0000 | 488b 9424 | b000 0000 

  0x0000011d006b49cc: ;   {metadata(method data for {method} {0x0000011d10935ec0} 'layout' '()V' in 'com/sun/javafx/text/PrismTextLayout')}
  0x0000011d006b49cc: 49b8 808c | 2c11 1d01 | 0000 4983 | 80d0 1300 | 0001 4c8b | c348 8b94 | 24b0 0000 | 0066 0f1f 
  0x0000011d006b49ec: ;   {optimized virtual_call}
  0x0000011d006b49ec: 4400 00e8 

  0x0000011d006b49f0: ; ImmutableOopMap {[176]=Oop [184]=Oop [376]=Oop [384]=Oop }
                      ;*invokevirtual computeSideBearings {reexecute=0 rethrow=0 return_oop=0}
                      ; - com.sun.javafx.text.PrismTextLayout::layout@1265 (line 1305)
  0x0000011d006b49f0: acf3 2600 

  0x0000011d006b49f4: ;   {post_call_nop}
  0x0000011d006b49f4: 0f1f 8400 | 6c3d 0025 | 488b 9c24 | 7801 0000 

  0x0000011d006b4a04: ;   {metadata(method data for {method} {0x0000011d10935ec0} 'layout' '()V' in 'com/sun/javafx/text/PrismTextLayout')}
  0x0000011d006b4a04: 48ba 808c | 2c11 1d01 | 0000 4883 | 8210 1400 | 0001 488b | 9c24 7801 | 0000 8b73 | 2048 c1e6 
  0x0000011d006b4a24: 0348 89b4 | 24b0 0100 | 00c5 fa10 | a424 d801 | 0000 bf00 | 0000 00e9 | 3801 0000 | 4863 d78b 
  0x0000011d006b4a44: 4496 1048 | c1e0 0348 | 3b00 488b 

  0x0000011d006b4a50: ;   {metadata(method data for {method} {0x0000011d10935ec0} 'layout' '()V' in 'com/sun/javafx/text/PrismTextLayout')}
  0x0000011d006b4a50: d048 b980 | 8c2c 111d | 0100 0048 | 8381 6014 | 0000 01c5 | f828 c4c5 | fa10 8c24 | d001 0000 
  0x0000011d006b4a70: 488b d089 | bc24 a801 | 0000 4889 | 8424 a001 | 0000 c5fa | 11a4 24dc | 0100 000f 

  0x0000011d006b4a8c: ;   {optimized virtual_call}
  0x0000011d006b4a8c: 1f40 00e8 

  0x0000011d006b4a90: ; ImmutableOopMap {[176]=Oop [184]=Oop [376]=Oop [384]=Oop [416]=Oop [432]=Oop }
                      ;*invokevirtual setLocation {reexecute=0 rethrow=0 return_oop=0}
                      ; - com.sun.javafx.text.PrismTextLayout::layout@1303 (line 1312)
  0x0000011d006b4a90: 0c1b 2a00 

  0x0000011d006b4a94: ;   {post_call_nop}
  0x0000011d006b4a94: 0f1f 8400 | 0c3e 0026 | 488b 8424 | a001 0000 

  0x0000011d006b4aa4: ;   {metadata(method data for {method} {0x0000011d10935ec0} 'layout' '()V' in 'com/sun/javafx/text/PrismTextLayout')}
  0x0000011d006b4aa4: 48ba 808c | 2c11 1d01 | 0000 4883 | 8290 1400 | 0001 410f | be57 4885 | d248 8b84 | 24a0 0100 
  0x0000011d006b4ac4: 000f 8593 | 1400 0048 | 8b9c 2478 | 0100 004c | 8bd3 49c1 | ea03 4489 | 5050 488b | d048 33d3 
  0x0000011d006b4ae4: 48c1 ea15 | 4883 fa00 | 0f85 8b14 | 0000 488b 

  0x0000011d006b4af4: ;   {metadata(method data for {method} {0x0000011d10935ec0} 'layout' '()V' in 'com/sun/javafx/text/PrismTextLayout')}
  0x0000011d006b4af4: d048 be80 | 8c2c 111d | 0100 0048 | 8386 c014 | 0000 0148 | 8bd0 0f1f 

  0x0000011d006b4b0c: ;   {optimized virtual_call}
  0x0000011d006b4b0c: 4400 00e8 

  0x0000011d006b4b10: ; ImmutableOopMap {[176]=Oop [184]=Oop [376]=Oop [384]=Oop [432]=Oop }
                      ;*invokevirtual getWidth {reexecute=0 rethrow=0 return_oop=0}
                      ; - com.sun.javafx.text.PrismTextLayout::layout@1317 (line 1314)
  0x0000011d006b4b10: 2cee f0ff 

  0x0000011d006b4b14: ;   {post_call_nop}
  0x0000011d006b4b14: 0f1f 8400 | 8c3e 0027 | c5fa 5884 | 24dc 0100 | 008b bc24 | a801 0000 

  0x0000011d006b4b2c: ;   {metadata(method data for {method} {0x0000011d10935ec0} 'layout' '()V' in 'com/sun/javafx/text/PrismTextLayout')}
  0x0000011d006b4b2c: ffc7 48be | 808c 2c11 | 1d01 0000 | 8b9e 9400 | 0000 83c3 | 0289 9e94 | 0000 0081 | e3fe 3f00 
  0x0000011d006b4b4c: 0085 db0f | 8440 1400 | 004d 8b57 

  0x0000011d006b4b58: ; ImmutableOopMap {[176]=Oop [184]=Oop [376]=Oop [384]=Oop [432]=Oop }
                      ;*goto {reexecute=1 rethrow=0 return_oop=0}
                      ; - (reexecute) com.sun.javafx.text.PrismTextLayout::layout@1326 (line 1310)
                      ;   {poll}
  0x0000011d006b4b58: 3041 8502 

  0x0000011d006b4b5c: ;   {metadata(method data for {method} {0x0000011d10935ec0} 'layout' '()V' in 'com/sun/javafx/text/PrismTextLayout')}
  0x0000011d006b4b5c: 48be 808c | 2c11 1d01 | 0000 ff86 | e014 0000 | c5f8 28e0 | 488b b424 | b001 0000 

  0x0000011d006b4b78: ; implicit exception: dispatches to 0x0000011d006b5fb6
  0x0000011d006b4b78: 8b56 0c3b 

  0x0000011d006b4b7c: ;   {metadata(method data for {method} {0x0000011d10935ec0} 'layout' '()V' in 'com/sun/javafx/text/PrismTextLayout')}
  0x0000011d006b4b7c: fa48 ba80 | 8c2c 111d | 0100 00b8 | 4014 0000 | 7c05 b830 | 1400 0048 | 8b0c 0248 | 8d49 0148 
  0x0000011d006b4b9c: 890c 020f | 8c9b feff | ff48 8b94 | 24b0 0000 | 008b b424 | 5c01 0000 | ffc6 8b7a | 3c48 c1e7 
  0x0000011d006b4bbc: 038b 7f0c 

  0x0000011d006b4bc0: ;   {metadata(method data for {method} {0x0000011d10935ec0} 'layout' '()V' in 'com/sun/javafx/text/PrismTextLayout')}
  0x0000011d006b4bc0: 3bf7 48bf | 808c 2c11 | 1d01 0000 | bbf8 1400 | 007d 05bb | 0815 0000 | 488b 041f | 488d 4001 
  0x0000011d006b4be0: 4889 041f | 89b4 24ac | 0100 0048 | 8b8c 2480 | 0100 000f | 8d18 0100 | 0048 8bf9 

  0x0000011d006b4bfc: ;   {metadata(method data for {method} {0x0000011d10935ec0} 'layout' '()V' in 'com/sun/javafx/text/PrismTextLayout')}
  0x0000011d006b4bfc: 48bb 808c | 2c11 1d01 | 0000 8b7f | 0841 ba00 | 0000 0849 | 03fa 483b | bb20 1500 | 0075 0d48 
  0x0000011d006b4c1c: 8383 2815 | 0000 01e9 | 6000 0000 | 483b bb30 | 1500 0075 | 0d48 8383 | 3815 0000 | 01e9 4a00 
  0x0000011d006b4c3c: 0000 4883 | bb20 1500 | 0000 7517 | 4889 bb20 | 1500 0048 | c783 2815 | 0000 0100 | 0000 e929 
  0x0000011d006b4c5c: 0000 0048 | 83bb 3015 | 0000 0075 | 1748 89bb | 3015 0000 | 48c7 8338 | 1500 0001 | 0000 00e9 
  0x0000011d006b4c7c: 0800 0000 | 4883 8318 | 1500 0001 

  0x0000011d006b4c88: ;   {metadata(method data for {method} {0x0000011d1058f378} 'getHeight' '()F' in 'com/sun/javafx/geom/RectBounds')}
  0x0000011d006b4c88: 48bf 98fe | 2711 1d01 | 0000 8b9f | 9000 0000 | 83c3 0289 | 9f90 0000 | 0081 e3fe | ff1f 0085 
  0x0000011d006b4ca8: db0f 8411 | 1300 00c5 | fa10 4118 | c5fa 1049 | 14c5 fa10 

  0x0000011d006b4cbc: ;   {metadata(method data for {method} {0x0000011d10935ec0} 'layout' '()V' in 'com/sun/javafx/text/PrismTextLayout')}
  0x0000011d006b4cbc: 521c 48bf | 808c 2c11 | 1d01 0000 | 4883 8748 | 1500 0001 | c5fa 5cc1 | c5fa 5884 | 24d0 0100 
  0x0000011d006b4cdc: 00c5 f828 | c8c5 f258 | cac5 fa10 | 8424 d001 

  0x0000011d006b4cec: ;   {static_call}
  0x0000011d006b4cec: 0000 90e8 

  0x0000011d006b4cf0: ; ImmutableOopMap {[176]=Oop [184]=Oop }
                      ;*invokestatic max {reexecute=0 rethrow=0 return_oop=0}
                      ; - com.sun.javafx.text.PrismTextLayout::layout@1356 (line 1317)
  0x0000011d006b4cf0: 2c31 5807 

  0x0000011d006b4cf4: ;   {post_call_nop}
  0x0000011d006b4cf4: 0f1f 8400 | 6c40 0029 

  0x0000011d006b4cfc: ;   {metadata(method data for {method} {0x0000011d10935ec0} 'layout' '()V' in 'com/sun/javafx/text/PrismTextLayout')}
  0x0000011d006b4cfc: 48ba 808c | 2c11 1d01 | 0000 ff82 | 5815 0000 | e9f3 0000 | 0048 8b9c | 2478 0100 | 0048 8bd1 
  0x0000011d006b4d1c: ;   {metadata(method data for {method} {0x0000011d10935ec0} 'layout' '()V' in 'com/sun/javafx/text/PrismTextLayout')}
  0x0000011d006b4d1c: 48be 808c | 2c11 1d01 | 0000 8b52 | 0841 ba00 | 0000 0849 | 03d2 483b | 9678 1500 | 0075 0d48 
  0x0000011d006b4d3c: 8386 8015 | 0000 01e9 | 6000 0000 | 483b 9688 | 1500 0075 | 0d48 8386 | 9015 0000 | 01e9 4a00 
  0x0000011d006b4d5c: 0000 4883 | be78 1500 | 0000 7517 | 4889 9678 | 1500 0048 | c786 8015 | 0000 0100 | 0000 e929 
  0x0000011d006b4d7c: 0000 0048 | 83be 8815 | 0000 0075 | 1748 8996 | 8815 0000 | 48c7 8690 | 1500 0001 | 0000 00e9 
  0x0000011d006b4d9c: 0800 0000 | 4883 8670 | 1500 0001 

  0x0000011d006b4da8: ;   {metadata(method data for {method} {0x0000011d1058f378} 'getHeight' '()F' in 'com/sun/javafx/geom/RectBounds')}
  0x0000011d006b4da8: 48ba 98fe | 2711 1d01 | 0000 8bb2 | 9000 0000 | 83c6 0289 | b290 0000 | 0081 e6fe | ff1f 0085 
  0x0000011d006b4dc8: f60f 8412 | 1200 00c5 | fa10 4118 | c5fa 1049 | 1448 8bd3 

  0x0000011d006b4ddc: ;   {metadata(method data for {method} {0x0000011d10935ec0} 'layout' '()V' in 'com/sun/javafx/text/PrismTextLayout')}
  0x0000011d006b4ddc: 48be 808c | 2c11 1d01 | 0000 4883 | 86b0 1500 | 0001 c5fa | 1053 14c5 | fa5c c1c5 | fa5c c2c5 
  0x0000011d006b4dfc: fa58 8424 | d001 0000 | 8bb4 24ac 

  0x0000011d006b4e08: ;   {metadata(method data for {method} {0x0000011d10935ec0} 'layout' '()V' in 'com/sun/javafx/text/PrismTextLayout')}
  0x0000011d006b4e08: 0100 0048 | ba80 8c2c | 111d 0100 | 008b ba94 | 0000 0083 | c702 89ba | 9400 0000 | 81e7 fe3f 
  0x0000011d006b4e28: 0000 85ff | 0f84 d011 | 0000 4d8b 

  0x0000011d006b4e34: ; ImmutableOopMap {[176]=Oop [184]=Oop }
                      ;*goto {reexecute=1 rethrow=0 return_oop=0}
                      ; - (reexecute) com.sun.javafx.text.PrismTextLayout::layout@1383 (line 1256)
                      ;   {poll}
  0x0000011d006b4e34: 5730 4185 

  0x0000011d006b4e38: ;   {metadata(method data for {method} {0x0000011d10935ec0} 'layout' '()V' in 'com/sun/javafx/text/PrismTextLayout')}
  0x0000011d006b4e38: 0248 ba80 | 8c2c 111d | 0100 00ff | 82d0 1500 | 00c5 f828 | c8c5 fa11 | 8c24 d001 | 0000 c5fa 
  0x0000011d006b4e58: 1084 24d4 | 0100 00c5 | fa10 8c24 | c801 0000 | 8bbc 24e0 | 0000 00e9 | aceb ffff | c5fa 108c 
  0x0000011d006b4e78: 24d0 0100 | 0083 7b0c | 000f 869c | 1100 008b | 7310 48c1 | e603 483b | 0648 8bfe 

  0x0000011d006b4e94: ;   {metadata(method data for {method} {0x0000011d10935ec0} 'layout' '()V' in 'com/sun/javafx/text/PrismTextLayout')}
  0x0000011d006b4e94: 48bb 808c | 2c11 1d01 | 0000 4883 | 83f8 1500 | 0001 8b76 | 2448 c1e6 | 0348 3b06 

  0x0000011d006b4eb0: ;   {metadata(method data for {method} {0x0000011d10935ec0} 'layout' '()V' in 'com/sun/javafx/text/PrismTextLayout')}
  0x0000011d006b4eb0: 488b fe48 | bb80 8c2c | 111d 0100 | 008b 7f08 | 41ba 0000 | 0008 4903 | fa48 3bbb | 2016 0000 
  0x0000011d006b4ed0: 750d 4883 | 8328 1600 | 0001 e960 | 0000 0048 | 3bbb 3016 | 0000 750d | 4883 8338 | 1600 0001 
  0x0000011d006b4ef0: e94a 0000 | 0048 83bb | 2016 0000 | 0075 1748 | 89bb 2016 | 0000 48c7 | 8328 1600 | 0001 0000 
  0x0000011d006b4f10: 00e9 2900 | 0000 4883 | bb30 1600 | 0000 7517 | 4889 bb30 | 1600 0048 | c783 3816 | 0000 0100 
  0x0000011d006b4f30: 0000 e908 | 0000 0048 | 8383 1816 | 0000 01c5 | fa10 5614 | c5fa 114a | 148b 7244 | 48c1 e603 
  0x0000011d006b4f50: c5fa 105a | 1048 3b06 

  0x0000011d006b4f58: ;   {metadata(method data for {method} {0x0000011d10935ec0} 'layout' '()V' in 'com/sun/javafx/text/PrismTextLayout')}
  0x0000011d006b4f58: 488b fe48 | bb80 8c2c | 111d 0100 | 008b 7f08 | 41ba 0000 | 0008 4903 | fa48 3bbb | 5016 0000 
  0x0000011d006b4f78: 750d 4883 | 8358 1600 | 0001 e960 | 0000 0048 | 3bbb 6016 | 0000 750d | 4883 8368 | 1600 0001 
  0x0000011d006b4f98: e94a 0000 | 0048 83bb | 5016 0000 | 0075 1748 | 89bb 5016 | 0000 48c7 | 8358 1600 | 0001 0000 
  0x0000011d006b4fb8: 00e9 2900 | 0000 4883 | bb60 1600 | 0000 7517 | 4889 bb60 | 1600 0048 | c783 6816 | 0000 0100 
  0x0000011d006b4fd8: 0000 e908 | 0000 0048 | 8383 4816 | 0000 01c5 | f828 e2c5 | da58 e1c5 | f857 c0c5 | f828 cac5 
  0x0000011d006b4ff8: e857 d2c5 | d057 ed48 | 8bd6 6666 | 9048 b8c8 | 114d 0f1d 

  0x0000011d006b500c: ;   {virtual_call}
  0x0000011d006b500c: 0100 00e8 

  0x0000011d006b5010: ; ImmutableOopMap {[176]=Oop [184]=Oop }
                      ;*invokevirtual deriveWithNewBounds {reexecute=0 rethrow=0 return_oop=0}
                      ; - com.sun.javafx.text.PrismTextLayout::layout@1427 (line 1324)
  0x0000011d006b5010: 8e32 6307 

  0x0000011d006b5014: ;   {post_call_nop}
  0x0000011d006b5014: 0f1f 8400 | 8c43 002b | 410f be57 | 4885 d248 | 8b94 24b0 | 0000 000f | 8513 1000 | 004c 8bd0 
  0x0000011d006b5034: 49c1 ea03 | 4489 5244 | 488b f248 | 33f0 48c1 | ee15 4883 | fe00 0f85 | 1310 0000 | 8b72 4c48 
  0x0000011d006b5054: c1e6 0348 

  0x0000011d006b5058: ;   {metadata(method data for {method} {0x0000011d10935ec0} 'layout' '()V' in 'com/sun/javafx/text/PrismTextLayout')}
  0x0000011d006b5058: 85f6 48bf | 808c 2c11 | 1d01 0000 | bb78 1600 | 0074 05bb | 8816 0000 | 488b 041f | 488d 4001 
  0x0000011d006b5078: 4889 041f | 0f84 9704 | 0000 8b7a | 3848 c1e7 | 0348 85ff 

  0x0000011d006b508c: ;   {metadata(method data for {method} {0x0000011d10935ec0} 'layout' '()V' in 'com/sun/javafx/text/PrismTextLayout')}
  0x0000011d006b508c: 48bf 808c | 2c11 1d01 | 0000 bb98 | 1600 0074 | 05bb a816 | 0000 488b | 041f 488d | 4001 4889 
  0x0000011d006b50ac: 041f 0f84 | 5a04 0000 

  0x0000011d006b50b4: ; implicit exception: dispatches to 0x0000011d006b607b
  0x0000011d006b50b4: 0fbe 761c 

  0x0000011d006b50b8: ;   {metadata(method data for {method} {0x0000011d10935ec0} 'layout' '()V' in 'com/sun/javafx/text/PrismTextLayout')}
  0x0000011d006b50b8: 85f6 48be | 808c 2c11 | 1d01 0000 | bfb8 1600 | 0075 05bf | c816 0000 | 488b 1c3e | 488d 5b01 
  0x0000011d006b50d8: 4889 1c3e | 0f85 2c04 | 0000 488b 

  0x0000011d006b50e4: ;   {metadata(method data for {method} {0x0000011d10935ec0} 'layout' '()V' in 'com/sun/javafx/text/PrismTextLayout')}
  0x0000011d006b50e4: f248 bf80 | 8c2c 111d | 0100 0048 | 8387 d816 | 0000 0148 | 8bf2 488b 

  0x0000011d006b50fc: ;   {optimized virtual_call}
  0x0000011d006b50fc: d666 90e8 

  0x0000011d006b5100: ; ImmutableOopMap {[176]=Oop [184]=Oop }
                      ;*invokevirtual copyCache {reexecute=0 rethrow=0 return_oop=0}
                      ; - com.sun.javafx.text.PrismTextLayout::layout@1458 (line 1329)
  0x0000011d006b5100: 9cc3 0000 

  0x0000011d006b5104: ;   {post_call_nop}
  0x0000011d006b5104: 0f1f 8400 | 7c44 002c 

  0x0000011d006b510c: ;   {metadata(method data for {method} {0x0000011d10935ec0} 'layout' '()V' in 'com/sun/javafx/text/PrismTextLayout')}
  0x0000011d006b510c: 85c0 48b8 | 808c 2c11 | 1d01 0000 | ba08 1700 | 0075 05ba | 1817 0000 | 488b 3410 | 488d 7601 
  0x0000011d006b512c: 4889 3410 | 488b 9424 | b000 0000 | 0f85 d003 | 0000 8b42 | 4c48 c1e0 | 038b 7230 | 48c1 e603 
  0x0000011d006b514c: 410f be7f | 4885 ff0f | 8527 0f00 | 004c 8bd6 | 49c1 ea03 

  0x0000011d006b5160: ; implicit exception: dispatches to 0x0000011d006b609f
  0x0000011d006b5160: 4489 502c | 488b f848 | 33fe 48c1 | ef15 4883 | ff00 0f85 | 2c0f 0000 | 8b72 2848 | c1e6 0341 
  0x0000011d006b5180: 0fbe 7f48 | 85ff 0f85 | 300f 0000 | 4c8b d649 | c1ea 0344 | 8950 2848 | 8bf8 4833 | fe48 c1ef 
  0x0000011d006b51a0: 1548 83ff | 000f 8530 | 0f00 008b | 7240 48c1 | e603 410f | be7f 4885 | ff0f 8534 | 0f00 004c 
  0x0000011d006b51c0: 8bd6 49c1 | ea03 4489 | 5030 488b | f848 33fe | 48c1 ef15 | 4883 ff00 | 0f85 340f | 0000 8b72 
  0x0000011d006b51e0: 0c89 7010 | 8b72 3c48 | c1e6 0341 | 0fbe 7f48 | 85ff 0f85 | 320f 0000 | 4c8b d649 | c1ea 0344 
  0x0000011d006b5200: 8950 3448 | 8bf8 4833 | fe48 c1ef 

  0x0000011d006b520c: ;   {other}
  0x0000011d006b520c: 1548 83ff | 000f 8532 | 0f00 00c5 | fa10 4210 | c5fa 1140 | 14c5 fa10 | 4214 c5fa | 1140 188b 
  0x0000011d006b522c: 7220 81e6 | ff07 0000 

  0x0000011d006b5234: ;   {oop(a 'java/lang/Object'{0x0000000709e6bc58})}
  0x0000011d006b5234: 8970 0c48 | be58 bce6 | 0907 0000 | 0048 8dbc | 24e0 0100 | 0048 8977 | 0848 8b06 | 418b 9fd8 
  0x0000011d006b5254: 0600 0081 | fb28 0700 | 000f 8dfe | 0e00 0049 | 3b74 1ff8 | 0f84 2500 | 0000 a802 | 0f85 eb0e 
  0x0000011d006b5274: 0000 488b | d848 83e3 | fe48 83c8 | 01f0 480f | b11e 0f85 | d50e 0000 | 418b 9fd8 | 0600 0049 
  0x0000011d006b5294: 8934 1f83 | c308 4189 | 9fd8 0600 | 0048 8b84 | 24b8 0000 | 008b 700c | 89b4 24b8 

  0x0000011d006b52b0: ;   {oop(a 'java/lang/Class'{0x0000000709e6bc68} = 'com/sun/javafx/text/PrismTextLayout')}
  0x0000011d006b52b0: 0100 0048 | bf68 bce6 | 0907 0000 | 008b bf94 | 0000 0003 | fe81 ff00 

  0x0000011d006b52c8: ;   {metadata(method data for {method} {0x0000011d10935ec0} 'layout' '()V' in 'com/sun/javafx/text/PrismTextLayout')}
  0x0000011d006b52c8: 0001 0048 | bf80 8c2c | 111d 0100 | 00bb 2817 | 0000 7e05 | bb38 1700 | 0048 8b04 | 1f48 8d40 
  0x0000011d006b52e8: 0148 8904 | 1f0f 8ec6 

  0x0000011d006b52f0: ;   {oop(a 'java/util/Hashtable'{0x0000000709da1238})}
  0x0000011d006b52f0: 0000 0048 | bf38 12da | 0907 0000 | 0048 8bdf 

  0x0000011d006b5300: ;   {metadata(method data for {method} {0x0000011d10935ec0} 'layout' '()V' in 'com/sun/javafx/text/PrismTextLayout')}
  0x0000011d006b5300: 48b8 808c | 2c11 1d01 | 0000 8b5b | 0841 ba00 | 0000 0849 | 03da 483b | 9850 1700 | 0075 0d48 
  0x0000011d006b5320: 8380 5817 | 0000 01e9 | 6000 0000 | 483b 9860 | 1700 0075 | 0d48 8380 | 6817 0000 | 01e9 4a00 
  0x0000011d006b5340: 0000 4883 | b850 1700 | 0000 7517 | 4889 9850 | 1700 0048 | c780 5817 | 0000 0100 | 0000 e929 
  0x0000011d006b5360: 0000 0048 | 83b8 6017 | 0000 0075 | 1748 8998 | 6017 0000 | 48c7 8068 | 1700 0001 | 0000 00e9 
  0x0000011d006b5380: 0800 0000 | 4883 8048 | 1700 0001 

  0x0000011d006b538c: ;   {optimized virtual_call}
  0x0000011d006b538c: 488b d7e8 

  0x0000011d006b5390: ; ImmutableOopMap {[176]=Oop [488]=Oop }
                      ;*invokevirtual clear {reexecute=0 rethrow=0 return_oop=0}
                      ; - com.sun.javafx.text.PrismTextLayout::layout@1582 (line 1346)
  0x0000011d006b5390: 4c9a ec06 

  0x0000011d006b5394: ;   {post_call_nop}
  0x0000011d006b5394: 0f1f 8400 | 0c47 002d 

  0x0000011d006b539c: ;   {oop(a 'java/lang/Class'{0x0000000709e6bc68} = 'com/sun/javafx/text/PrismTextLayout')}
  0x0000011d006b539c: 49b8 68bc | e609 0700 | 0000 41c7 | 8094 0000 | 0000 0000 | 0048 8b94 | 24b0 0000 | 0044 8b42 
  0x0000011d006b53bc: 3849 c1e0 | 0344 8b4a | 4c49 c1e1 

  0x0000011d006b53c8: ;   {oop(a 'java/util/Hashtable'{0x0000000709da1238})}
  0x0000011d006b53c8: 0348 bf38 | 12da 0907 | 0000 0048 

  0x0000011d006b53d4: ;   {metadata(method data for {method} {0x0000011d10935ec0} 'layout' '()V' in 'com/sun/javafx/text/PrismTextLayout')}
  0x0000011d006b53d4: 8bdf 48b8 | 808c 2c11 | 1d01 0000 | 8b5b 0841 | ba00 0000 | 0849 03da | 483b 9880 | 1700 0075 
  0x0000011d006b53f4: 0d48 8380 | 8817 0000 | 01e9 6000 | 0000 483b | 9890 1700 | 0075 0d48 | 8380 9817 | 0000 01e9 
  0x0000011d006b5414: 4a00 0000 | 4883 b880 | 1700 0000 | 7517 4889 | 9880 1700 | 0048 c780 | 8817 0000 | 0100 0000 
  0x0000011d006b5434: e929 0000 | 0048 83b8 | 9017 0000 | 0075 1748 | 8998 9017 | 0000 48c7 | 8098 1700 | 0001 0000 
  0x0000011d006b5454: 00e9 0800 | 0000 4883 | 8078 1700 | 0001 488b 

  0x0000011d006b5464: ;   {optimized virtual_call}
  0x0000011d006b5464: d766 90e8 

  0x0000011d006b5468: ; ImmutableOopMap {[176]=Oop [488]=Oop }
                      ;*invokevirtual put {reexecute=0 rethrow=0 return_oop=0}
                      ; - com.sun.javafx.text.PrismTextLayout::layout@1600 (line 1349)
  0x0000011d006b5468: b424 1f00 

  0x0000011d006b546c: ;   {post_call_nop}
  0x0000011d006b546c: 0f1f 8400 | e447 002e 

  0x0000011d006b5474: ;   {oop(a 'java/lang/Class'{0x0000000709e6bc68} = 'com/sun/javafx/text/PrismTextLayout')}
  0x0000011d006b5474: 48b8 68bc | e609 0700 | 0000 8bb0 | 9400 0000 | 03b4 24b8 | 0100 0089 | b094 0000 

  0x0000011d006b5490: ;   {oop(a 'java/lang/Object'{0x0000000709e6bc58})}
  0x0000011d006b5490: 0048 b858 | bce6 0907 | 0000 0048 | 8d84 24e0 | 0100 0048 | 8b78 0841 | 8bb7 d806 | 0000 493b 
  0x0000011d006b54b0: 7c37 f80f | 85c0 0c00 | 0041 83af | d806 0000 | 0849 3b7c | 37f0 0f84 | 2a00 0000 | 488b 07a8 
  0x0000011d006b54d0: 020f 8512 | 0000 0048 | 8bf0 4883 | ce01 f048 | 0fb1 370f | 840d 0000 | 0041 8387 | d806 0000 
  0x0000011d006b54f0: 08e9 830c 

  0x0000011d006b54f4: ;   {metadata(method data for {method} {0x0000011d10935ec0} 'layout' '()V' in 'com/sun/javafx/text/PrismTextLayout')}
  0x0000011d006b54f4: 0000 48b8 | 808c 2c11 | 1d01 0000 | ff80 a817 | 0000 488b | 9424 b000 | 0000 8b42 | 4c48 c1e0 
  0x0000011d006b5514: 03c6 401c | 0148 81c4 | 0002 0000 

  0x0000011d006b5520: ;   {poll_return}
  0x0000011d006b5520: 5d49 3b67 | 280f 8769 | 0c00 00c3 | 4881 c400 | 0200 005d 

  0x0000011d006b5534: ;   {poll_return}
  0x0000011d006b5534: 493b 6728 | 0f87 6c0c | 0000 c349 | 8b87 8805 | 0000 4d33 | d24d 8997 | 8805 0000 | 4d33 d24d 
  0x0000011d006b5554: 8997 9005 | 0000 488b 

  0x0000011d006b555c: ;   {oop(a 'java/lang/Object'{0x0000000709e6bc58})}
  0x0000011d006b555c: f048 b858 | bce6 0907 | 0000 0048 | 8d84 24e0 | 0100 0048 | 8b58 0841 | 8bbf d806 | 0000 493b 
  0x0000011d006b557c: 5c3f f80f | 853b 0c00 | 0041 83af | d806 0000 | 0849 3b5c | 3ff0 0f84 | 2a00 0000 | 488b 03a8 
  0x0000011d006b559c: 020f 8512 | 0000 0048 | 8bf8 4883 | cf01 f048 | 0fb1 3b0f | 840d 0000 | 0041 8387 | d806 0000 
  0x0000011d006b55bc: 08e9 fe0b | 0000 488b | c6e9 2e0c 

  0x0000011d006b55c8: ;   {metadata({method} {0x0000011d10935ec0} 'layout' '()V' in 'com/sun/javafx/text/PrismTextLayout')}
  0x0000011d006b55c8: 0000 49ba | b85e 9310 | 1d01 0000 | 4c89 5424 | 0848 c704 | 24ff ffff 

  0x0000011d006b55e0: ;   {runtime_call C1 Runtime counter_overflow_blob}
  0x0000011d006b55e0: ffe8 7a84 

  0x0000011d006b55e4: ; ImmutableOopMap {rdx=Oop [176]=Oop }
                      ;*synchronization entry
                      ; - com.sun.javafx.text.PrismTextLayout::layout@-1 (line 1060)
  0x0000011d006b55e4: f906 e923 

  0x0000011d006b55e8: ;   {metadata(nullptr)}
  0x0000011d006b55e8: b8ff ff48 | ba00 0000 | 0000 0000 | 00b8 000f 

  0x0000011d006b55f8: ;   {runtime_call C1 Runtime load_klass_patching_blob}
  0x0000011d006b55f8: 050a e8e1 

  0x0000011d006b55fc: ; ImmutableOopMap {rax=Oop [176]=Oop [184]=Oop [192]=Oop }
                      ;*new {reexecute=1 rethrow=0 return_oop=0}
                      ; - (reexecute) com.sun.javafx.text.PrismTextLayout::layout@106 (line 1087)
  0x0000011d006b55fc: 73f9 06e9 | 8cbb ffff 

  0x0000011d006b5604: ;   {runtime_call C1 Runtime new_instance_blob}
  0x0000011d006b5604: 488b d2e8 

  0x0000011d006b5608: ; ImmutableOopMap {[176]=Oop [184]=Oop [192]=Oop [208]=Oop }
                      ;*new {reexecute=0 rethrow=0 return_oop=0}
                      ; - com.sun.javafx.text.PrismTextLayout::layout@106 (line 1087)
  0x0000011d006b5608: d432 f906 | e996 bbff | ff48 8bd2 

  0x0000011d006b5614: ;   {runtime_call C1 Runtime fast_new_instance_blob}
  0x0000011d006b5614: e8c7 35f9 

  0x0000011d006b5618: ; ImmutableOopMap {r11=Oop r13=Oop [176]=Oop [184]=Oop [192]=Oop [216]=Oop }
                      ;*new {reexecute=0 rethrow=0 return_oop=0}
                      ; - com.sun.javafx.text.PrismTextLayout::layout@141 (line 1099)
  0x0000011d006b5618: 06e9 0fbd 

  0x0000011d006b561c: ;   {metadata({method} {0x0000011d10e514b0} '<init>' '()V' in 'com/sun/javafx/text/LayoutCache')}
  0x0000011d006b561c: ffff 49ba | a814 e510 | 1d01 0000 | 4c89 5424 | 0848 c704 | 24ff ffff 

  0x0000011d006b5634: ;   {runtime_call C1 Runtime counter_overflow_blob}
  0x0000011d006b5634: ffe8 2684 

  0x0000011d006b5638: ; ImmutableOopMap {r11=Oop r13=Oop r8=Oop [176]=Oop [184]=Oop [192]=Oop [216]=Oop }
                      ;*synchronization entry
                      ; - com.sun.javafx.text.LayoutCache::<init>@-1 (line 30)
                      ; - com.sun.javafx.text.PrismTextLayout::layout@145 (line 1099)
  0x0000011d006b5638: f906 e92d 

  0x0000011d006b563c: ;   {metadata({method} {0x00000000084b40a8} '<init>' '()V' in 'java/lang/Object')}
  0x0000011d006b563c: bdff ff49 | baa0 404b | 0800 0000 | 004c 8954 | 2408 48c7 | 0424 ffff 

  0x0000011d006b5654: ;   {runtime_call C1 Runtime counter_overflow_blob}
  0x0000011d006b5654: ffff e805 

  0x0000011d006b5658: ; ImmutableOopMap {r11=Oop r13=Oop r8=Oop [176]=Oop [184]=Oop [192]=Oop [216]=Oop }
                      ;*synchronization entry
                      ; - java.lang.Object::<init>@-1 (line 44)
                      ; - com.sun.javafx.text.LayoutCache::<init>@1 (line 30)
                      ; - com.sun.javafx.text.PrismTextLayout::layout@145 (line 1099)
  0x0000011d006b5658: 84f9 06e9 | 48bd ffff | 418b 5b4c | 48c1 e303 | 4883 fb00 | 0f84 43bd | ffff 4889 

  0x0000011d006b5674: ;   {runtime_call g1_pre_barrier_slow}
  0x0000011d006b5674: 1c24 e8e5 | 89f9 06e9 | 35bd ffff | 4983 f800 | 0f84 4abd | ffff 4c89 

  0x0000011d006b568c: ;   {runtime_call g1_post_barrier_slow}
  0x0000011d006b568c: 1c24 e84d | 91f9 06e9 | 3cbd ffff 

  0x0000011d006b5698: ;   {runtime_call C1 Runtime throw_null_pointer_exception_blob}
  0x0000011d006b5698: e843 2cf9 

  0x0000011d006b569c: ; ImmutableOopMap {r11=Oop r13=Oop r8=Oop [176]=Oop [184]=Oop [192]=Oop [216]=Oop }
                      ;*arraylength {reexecute=0 rethrow=0 return_oop=0}
                      ; - com.sun.javafx.text.PrismTextLayout::layout@156 (line 1100)
                      ;   {runtime_call C1 Runtime new_type_array_blob}
  0x0000011d006b569c: 06e8 3e3b 

  0x0000011d006b56a0: ; ImmutableOopMap {r11=Oop r13=Oop r8=Oop [176]=Oop [184]=Oop [192]=Oop [216]=Oop }
                      ;*newarray {reexecute=0 rethrow=0 return_oop=0}
                      ; - com.sun.javafx.text.PrismTextLayout::layout@157 (line 1100)
  0x0000011d006b56a0: f906 e9b7 | bdff ff41 | 8b58 2048 | c1e3 0348 | 83fb 000f | 84b2 bdff | ff48 891c 

  0x0000011d006b56bc: ;   {runtime_call g1_pre_barrier_slow}
  0x0000011d006b56bc: 24e8 9e89 | f906 e9a4 | bdff ff48 | 83f8 000f | 84b9 bdff | ff4c 8904 

  0x0000011d006b56d4: ;   {runtime_call g1_post_barrier_slow}
  0x0000011d006b56d4: 24e8 0691 | f906 e9ab 

  0x0000011d006b56dc: ;   {runtime_call C1 Runtime new_type_array_blob}
  0x0000011d006b56dc: bdff ffe8 

  0x0000011d006b56e0: ; ImmutableOopMap {r11=Oop r13=Oop r8=Oop [176]=Oop [184]=Oop [192]=Oop [216]=Oop }
                      ;*newarray {reexecute=0 rethrow=0 return_oop=0}
                      ; - com.sun.javafx.text.PrismTextLayout::layout@168 (line 1101)
  0x0000011d006b56e0: fc3a f906 | e927 beff | ff41 8b50 | 2448 c1e2 | 0348 83fa | 000f 8422 | beff ff48 

  0x0000011d006b56fc: ;   {runtime_call g1_pre_barrier_slow}
  0x0000011d006b56fc: 8914 24e8 | 5c89 f906 | e914 beff | ff48 83f8 | 000f 8429 | beff ff4c 

  0x0000011d006b5714: ;   {runtime_call g1_post_barrier_slow}
  0x0000011d006b5714: 8904 24e8 | c490 f906 | e91b beff | ff41 8b53 | 4c48 c1e2 | 0348 83fa | 000f 843b | beff ff48 
  0x0000011d006b5734: ;   {runtime_call g1_pre_barrier_slow}
  0x0000011d006b5734: 8914 24e8 | 2489 f906 | e92d beff | ff48 8bd2 

  0x0000011d006b5744: ;   {runtime_call C1 Runtime fast_new_instance_blob}
  0x0000011d006b5744: e897 34f9 

  0x0000011d006b5748: ; ImmutableOopMap {r11=Oop r13=Oop [176]=Oop [184]=Oop [192]=Oop [216]=Oop }
                      ;*new {reexecute=0 rethrow=0 return_oop=0}
                      ; - com.sun.javafx.text.PrismTextLayout::layout@190 (line 1110)
  0x0000011d006b5748: 06e9 74be 

  0x0000011d006b574c: ;   {metadata({method} {0x0000000008222200} '<init>' '()V' in 'java/util/ArrayList')}
  0x0000011d006b574c: ffff 49ba | f821 2208 | 0000 0000 | 4c89 5424 | 0848 c704 | 24ff ffff 

  0x0000011d006b5764: ;   {runtime_call C1 Runtime counter_overflow_blob}
  0x0000011d006b5764: ffe8 f682 

  0x0000011d006b5768: ; ImmutableOopMap {r11=Oop r13=Oop rax=Oop [176]=Oop [184]=Oop [192]=Oop [216]=Oop [240]=Oop }
                      ;*synchronization entry
                      ; - java.util.ArrayList::<init>@-1 (line 169)
                      ; - com.sun.javafx.text.PrismTextLayout::layout@194 (line 1110)
  0x0000011d006b5768: f906 e99c 

  0x0000011d006b576c: ;   {metadata({method} {0x0000000008220e98} '<init>' '()V' in 'java/util/AbstractList')}
  0x0000011d006b576c: beff ff49 | ba90 0e22 | 0800 0000 | 004c 8954 | 2408 48c7 | 0424 ffff 

  0x0000011d006b5784: ;   {runtime_call C1 Runtime counter_overflow_blob}
  0x0000011d006b5784: ffff e8d5 

  0x0000011d006b5788: ; ImmutableOopMap {r11=Oop r13=Oop rax=Oop [176]=Oop [184]=Oop [192]=Oop [216]=Oop [240]=Oop }
                      ;*synchronization entry
                      ; - java.util.AbstractList::<init>@-1 (line 80)
                      ; - java.util.ArrayList::<init>@1 (line 169)
                      ; - com.sun.javafx.text.PrismTextLayout::layout@194 (line 1110)
  0x0000011d006b5788: 82f9 06e9 | bcbe ffff 

  0x0000011d006b5790: ;   {metadata({method} {0x0000000008220258} '<init>' '()V' in 'java/util/AbstractCollection')}
  0x0000011d006b5790: 49ba 5002 | 2208 0000 | 0000 4c89 | 5424 0848 | c704 24ff 

  0x0000011d006b57a4: ;   {runtime_call C1 Runtime counter_overflow_blob}
  0x0000011d006b57a4: ffff ffe8 

  0x0000011d006b57a8: ; ImmutableOopMap {r11=Oop r13=Oop rax=Oop [176]=Oop [184]=Oop [192]=Oop [216]=Oop [240]=Oop }
                      ;*synchronization entry
                      ; - java.util.AbstractCollection::<init>@-1 (line 70)
                      ; - java.util.AbstractList::<init>@1 (line 80)
                      ; - java.util.ArrayList::<init>@1 (line 169)
                      ; - com.sun.javafx.text.PrismTextLayout::layout@194 (line 1110)
  0x0000011d006b57a8: b482 f906 | e9dc beff 

  0x0000011d006b57b0: ;   {metadata({method} {0x00000000084b40a8} '<init>' '()V' in 'java/lang/Object')}
  0x0000011d006b57b0: ff49 baa0 | 404b 0800 | 0000 004c | 8954 2408 | 48c7 0424 | ffff ffff 

  0x0000011d006b57c8: ;   {runtime_call C1 Runtime counter_overflow_blob}
  0x0000011d006b57c8: e893 82f9 

  0x0000011d006b57cc: ; ImmutableOopMap {r11=Oop r13=Oop rax=Oop [176]=Oop [184]=Oop [192]=Oop [216]=Oop [240]=Oop }
                      ;*synchronization entry
                      ; - java.lang.Object::<init>@-1 (line 44)
                      ; - java.util.AbstractCollection::<init>@1 (line 70)
                      ; - java.util.AbstractList::<init>@1 (line 80)
                      ; - java.util.ArrayList::<init>@1 (line 169)
                      ; - com.sun.javafx.text.PrismTextLayout::layout@194 (line 1110)
  0x0000011d006b57cc: 06e9 fcbe | ffff 448b | 4014 49c1 | e003 4983 | f800 0f84 | f8be ffff | 4c89 0424 

  0x0000011d006b57e8: ;   {runtime_call g1_pre_barrier_slow}
  0x0000011d006b57e8: e873 88f9 | 06e9 eabe | ffff 4983 | f800 0f84 | 10bf ffff | 4889 0424 

  0x0000011d006b5800: ;   {runtime_call g1_post_barrier_slow}
  0x0000011d006b5800: e8db 8ff9 | 06e9 02bf 

  0x0000011d006b5808: ;   {runtime_call C1 Runtime throw_null_pointer_exception_blob}
  0x0000011d006b5808: ffff e8d1 

  0x0000011d006b580c: ; ImmutableOopMap {r11=Oop r13=Oop rbx=Oop r8=Oop [176]=Oop [184]=Oop [216]=Oop [240]=Oop }
                      ;*aaload {reexecute=0 rethrow=0 return_oop=0}
                      ; - com.sun.javafx.text.PrismTextLayout::layout@217 (line 1112)
                      ;   {runtime_call C1 Runtime throw_null_pointer_exception_blob}
  0x0000011d006b580c: 2af9 06e8 

  0x0000011d006b5810: ; ImmutableOopMap {r11=Oop r13=Oop rbx=Oop r8=Oop [176]=Oop [184]=Oop [216]=Oop [240]=Oop }
                      ;*aaload {reexecute=0 rethrow=0 return_oop=0}
                      ; - com.sun.javafx.text.PrismTextLayout::layout@217 (line 1112)
  0x0000011d006b5810: cc2a f906 | 4889 3424 | 4c89 4424 

  0x0000011d006b581c: ;   {runtime_call C1 Runtime throw_range_check_failed_blob}
  0x0000011d006b581c: 08e8 be21 

  0x0000011d006b5820: ; ImmutableOopMap {r11=Oop r13=Oop rbx=Oop r8=Oop [176]=Oop [184]=Oop [216]=Oop [240]=Oop }
                      ;*aaload {reexecute=0 rethrow=0 return_oop=0}
                      ; - com.sun.javafx.text.PrismTextLayout::layout@217 (line 1112)
                      ;   {runtime_call C1 Runtime throw_null_pointer_exception_blob}
  0x0000011d006b5820: f906 e8b9 

  0x0000011d006b5824: ; ImmutableOopMap {rdi=Oop [176]=Oop [184]=Oop [192]=Oop [216]=Oop [240]=Oop [248]=Oop }
                      ;*invokevirtual isTab {reexecute=0 rethrow=0 return_oop=0}
                      ; - com.sun.javafx.text.PrismTextLayout::layout@230 (line 1114)
                      ;   {metadata({method} {0x0000011d10e560b8} 'isTab' '()Z' in 'com/sun/javafx/text/TextRun')}
  0x0000011d006b5824: 2af9 0649 | bab0 60e5 | 101d 0100 | 004c 8954 | 2408 48c7 | 0424 ffff 

  0x0000011d006b583c: ;   {runtime_call C1 Runtime counter_overflow_blob}
  0x0000011d006b583c: ffff e81d 

  0x0000011d006b5840: ; ImmutableOopMap {rdi=Oop [176]=Oop [184]=Oop [192]=Oop [216]=Oop [240]=Oop [248]=Oop }
                      ;*synchronization entry
                      ; - com.sun.javafx.text.TextRun::isTab@-1 (line 134)
                      ; - com.sun.javafx.text.PrismTextLayout::layout@230 (line 1114)
  0x0000011d006b5840: 82f9 06e9 | dbbf ffff 

  0x0000011d006b5848: ;   {metadata({method} {0x0000011d10e55dd8} 'isLinebreak' '()Z' in 'com/sun/javafx/text/TextRun')}
  0x0000011d006b5848: 49ba d05d | e510 1d01 | 0000 4c89 | 5424 0848 | c704 24ff 

  0x0000011d006b585c: ;   {runtime_call C1 Runtime counter_overflow_blob}
  0x0000011d006b585c: ffff ffe8 

  0x0000011d006b5860: ; ImmutableOopMap {rdx=Oop rdi=Oop [176]=Oop [184]=Oop [192]=Oop [216]=Oop [240]=Oop [248]=Oop }
                      ;*synchronization entry
                      ; - com.sun.javafx.text.TextRun::isLinebreak@-1 (line 118)
                      ; - com.sun.javafx.text.PrismTextLayout::layout@289 (line 1120)
  0x0000011d006b5860: fc81 f906 | e900 c2ff 

  0x0000011d006b5868: ;   {metadata({method} {0x0000011d10e558d0} 'getEnd' '()I' in 'com/sun/javafx/text/TextRun')}
  0x0000011d006b5868: ff49 bac8 | 58e5 101d | 0100 004c | 8954 2408 | 48c7 0424 | ffff ffff 

  0x0000011d006b5880: ;   {runtime_call C1 Runtime counter_overflow_blob}
  0x0000011d006b5880: e8db 81f9 

  0x0000011d006b5884: ; ImmutableOopMap {[176]=Oop [184]=Oop [192]=Oop [216]=Oop [240]=Oop [248]=Oop }
                      ;*synchronization entry
                      ; - com.sun.javafx.text.TextRun::getEnd@-1 (line 86)
                      ; - com.sun.javafx.text.PrismTextLayout::layout@321 (line 1129)
  0x0000011d006b5884: 06e9 47c3 

  0x0000011d006b5888: ;   {runtime_call C1 Runtime throw_null_pointer_exception_blob}
  0x0000011d006b5888: ffff e851 

  0x0000011d006b588c: ; ImmutableOopMap {rdi=Oop rax=Oop [176]=Oop [184]=Oop [192]=Oop [216]=Oop [240]=Oop [248]=Oop }
                      ;*caload {reexecute=0 rethrow=0 return_oop=0}
                      ; - com.sun.javafx.text.PrismTextLayout::layout@338 (line 1130)
                      ;   {runtime_call C1 Runtime throw_null_pointer_exception_blob}
  0x0000011d006b588c: 2af9 06e8 

  0x0000011d006b5890: ; ImmutableOopMap {rdi=Oop rax=Oop [176]=Oop [184]=Oop [192]=Oop [216]=Oop [240]=Oop [248]=Oop }
                      ;*caload {reexecute=0 rethrow=0 return_oop=0}
                      ; - com.sun.javafx.text.PrismTextLayout::layout@338 (line 1130)
  0x0000011d006b5890: 4c2a f906 | 4889 3424 | 4889 4424 

  0x0000011d006b589c: ;   {runtime_call C1 Runtime throw_range_check_failed_blob}
  0x0000011d006b589c: 08e8 3e21 

  0x0000011d006b58a0: ; ImmutableOopMap {rdi=Oop rax=Oop [176]=Oop [184]=Oop [192]=Oop [216]=Oop [240]=Oop [248]=Oop }
                      ;*caload {reexecute=0 rethrow=0 return_oop=0}
                      ; - com.sun.javafx.text.PrismTextLayout::layout@338 (line 1130)
                      ;   {runtime_call C1 Runtime throw_null_pointer_exception_blob}
  0x0000011d006b58a0: f906 e839 

  0x0000011d006b58a4: ; ImmutableOopMap {rax=Oop [176]=Oop [184]=Oop [192]=Oop [216]=Oop [240]=Oop [248]=Oop }
                      ;*caload {reexecute=0 rethrow=0 return_oop=0}
                      ; - com.sun.javafx.text.PrismTextLayout::layout@369 (line 1142)
                      ;   {runtime_call C1 Runtime throw_null_pointer_exception_blob}
  0x0000011d006b58a4: 2af9 06e8 

  0x0000011d006b58a8: ; ImmutableOopMap {rax=Oop [176]=Oop [184]=Oop [192]=Oop [216]=Oop [240]=Oop [248]=Oop }
                      ;*caload {reexecute=0 rethrow=0 return_oop=0}
                      ; - com.sun.javafx.text.PrismTextLayout::layout@369 (line 1142)
  0x0000011d006b58a8: 342a f906 | 4889 1c24 | 4889 4424 

  0x0000011d006b58b4: ;   {runtime_call C1 Runtime throw_range_check_failed_blob}
  0x0000011d006b58b4: 08e8 2621 

  0x0000011d006b58b8: ; ImmutableOopMap {rax=Oop [176]=Oop [184]=Oop [192]=Oop [216]=Oop [240]=Oop [248]=Oop }
                      ;*caload {reexecute=0 rethrow=0 return_oop=0}
                      ; - com.sun.javafx.text.PrismTextLayout::layout@369 (line 1142)
                      ;   {runtime_call C1 Runtime throw_null_pointer_exception_blob}
  0x0000011d006b58b8: f906 e821 

  0x0000011d006b58bc: ; ImmutableOopMap {rax=Oop [176]=Oop [184]=Oop [192]=Oop [216]=Oop [240]=Oop [248]=Oop }
                      ;*caload {reexecute=0 rethrow=0 return_oop=0}
                      ; - com.sun.javafx.text.PrismTextLayout::layout@395 (line 1145)
                      ;   {runtime_call C1 Runtime throw_null_pointer_exception_blob}
  0x0000011d006b58bc: 2af9 06e8 

  0x0000011d006b58c0: ; ImmutableOopMap {rax=Oop [176]=Oop [184]=Oop [192]=Oop [216]=Oop [240]=Oop [248]=Oop }
                      ;*caload {reexecute=0 rethrow=0 return_oop=0}
                      ; - com.sun.javafx.text.PrismTextLayout::layout@395 (line 1145)
  0x0000011d006b58c0: 1c2a f906 | 4889 1c24 | 4889 4424 

  0x0000011d006b58cc: ;   {runtime_call C1 Runtime throw_range_check_failed_blob}
  0x0000011d006b58cc: 08e8 0e21 

  0x0000011d006b58d0: ; ImmutableOopMap {rax=Oop [176]=Oop [184]=Oop [192]=Oop [216]=Oop [240]=Oop [248]=Oop }
                      ;*caload {reexecute=0 rethrow=0 return_oop=0}
                      ; - com.sun.javafx.text.PrismTextLayout::layout@395 (line 1145)
                      ;   {metadata({method} {0x00000000081a8e68} 'isWhitespace' '(C)Z' in 'java/lang/Character')}
  0x0000011d006b58d0: f906 49ba | 608e 1a08 | 0000 0000 | 4c89 5424 | 0848 c704 | 24ff ffff 

  0x0000011d006b58e8: ;   {runtime_call C1 Runtime counter_overflow_blob}
  0x0000011d006b58e8: ffe8 7281 

  0x0000011d006b58ec: ; ImmutableOopMap {rax=Oop [176]=Oop [184]=Oop [192]=Oop [216]=Oop [240]=Oop [248]=Oop }
                      ;*synchronization entry
                      ; - java.lang.Character::isWhitespace@-1 (line 11680)
                      ; - com.sun.javafx.text.PrismTextLayout::layout@396 (line 1145)
  0x0000011d006b58ec: f906 e913 

  0x0000011d006b58f0: ;   {metadata({method} {0x00000000081a8ec0} 'isWhitespace' '(I)Z' in 'java/lang/Character')}
  0x0000011d006b58f0: c5ff ff49 | bab8 8e1a | 0800 0000 | 004c 8954 | 2408 48c7 | 0424 ffff 

  0x0000011d006b5908: ;   {runtime_call C1 Runtime counter_overflow_blob}
  0x0000011d006b5908: ffff e851 

  0x0000011d006b590c: ; ImmutableOopMap {rax=Oop [176]=Oop [184]=Oop [192]=Oop [216]=Oop [240]=Oop [248]=Oop }
                      ;*synchronization entry
                      ; - java.lang.Character::isWhitespace@-1 (line 11711)
                      ; - java.lang.Character::isWhitespace@1 (line 11680)
                      ; - com.sun.javafx.text.PrismTextLayout::layout@396 (line 1145)
  0x0000011d006b590c: 81f9 06e9 | 2bc5 ffff 

  0x0000011d006b5914: ;   {runtime_call C1 Runtime throw_null_pointer_exception_blob}
  0x0000011d006b5914: e8c7 29f9 

  0x0000011d006b5918: ; ImmutableOopMap {rax=Oop [176]=Oop [184]=Oop [192]=Oop [216]=Oop [240]=Oop [248]=Oop }
                      ;*invokevirtual isWhitespace {reexecute=0 rethrow=0 return_oop=0}
                      ; - java.lang.Character::isWhitespace@5 (line 11711)
                      ; - java.lang.Character::isWhitespace@1 (line 11680)
                      ; - com.sun.javafx.text.PrismTextLayout::layout@396 (line 1145)
  0x0000011d006b5918: 0648 8914 | 2448 8944 

  0x0000011d006b5920: ;   {runtime_call C1 Runtime throw_range_check_failed_blob}
  0x0000011d006b5920: 2408 e8b9 

  0x0000011d006b5924: ; ImmutableOopMap {rax=Oop [176]=Oop [184]=Oop [192]=Oop [216]=Oop [240]=Oop [248]=Oop }
                      ;*caload {reexecute=0 rethrow=0 return_oop=0}
                      ; - com.sun.javafx.text.PrismTextLayout::layout@413 (line 1147)
                      ;   {metadata({method} {0x00000000081a8e68} 'isWhitespace' '(C)Z' in 'java/lang/Character')}
  0x0000011d006b5924: 20f9 0649 | ba60 8e1a | 0800 0000 | 004c 8954 | 2408 48c7 | 0424 ffff 

  0x0000011d006b593c: ;   {runtime_call C1 Runtime counter_overflow_blob}
  0x0000011d006b593c: ffff e81d 

  0x0000011d006b5940: ; ImmutableOopMap {rax=Oop [176]=Oop [184]=Oop [192]=Oop [216]=Oop [240]=Oop [248]=Oop }
                      ;*synchronization entry
                      ; - java.lang.Character::isWhitespace@-1 (line 11680)
                      ; - com.sun.javafx.text.PrismTextLayout::layout@414 (line 1147)
  0x0000011d006b5940: 81f9 06e9 | 7ec6 ffff 

  0x0000011d006b5948: ;   {metadata({method} {0x00000000081a8ec0} 'isWhitespace' '(I)Z' in 'java/lang/Character')}
  0x0000011d006b5948: 49ba b88e | 1a08 0000 | 0000 4c89 | 5424 0848 | c704 24ff 

  0x0000011d006b595c: ;   {runtime_call C1 Runtime counter_overflow_blob}
  0x0000011d006b595c: ffff ffe8 

  0x0000011d006b5960: ; ImmutableOopMap {rax=Oop [176]=Oop [184]=Oop [192]=Oop [216]=Oop [240]=Oop [248]=Oop }
                      ;*synchronization entry
                      ; - java.lang.Character::isWhitespace@-1 (line 11711)
                      ; - java.lang.Character::isWhitespace@1 (line 11680)
                      ; - com.sun.javafx.text.PrismTextLayout::layout@414 (line 1147)
  0x0000011d006b5960: fc80 f906 | e996 c6ff 

  0x0000011d006b5968: ;   {runtime_call C1 Runtime throw_null_pointer_exception_blob}
  0x0000011d006b5968: ffe8 7229 

  0x0000011d006b596c: ; ImmutableOopMap {rax=Oop [176]=Oop [184]=Oop [192]=Oop [216]=Oop [240]=Oop [248]=Oop }
                      ;*invokevirtual isWhitespace {reexecute=0 rethrow=0 return_oop=0}
                      ; - java.lang.Character::isWhitespace@5 (line 11711)
                      ; - java.lang.Character::isWhitespace@1 (line 11680)
                      ; - com.sun.javafx.text.PrismTextLayout::layout@414 (line 1147)
                      ;   {metadata({method} {0x0000011d10935ec0} 'layout' '()V' in 'com/sun/javafx/text/PrismTextLayout')}
  0x0000011d006b596c: f906 49ba | b85e 9310 | 1d01 0000 | 4c89 5424 | 0848 c704 | 24b7 0100 

  0x0000011d006b5984: ;   {runtime_call C1 Runtime counter_overflow_blob}
  0x0000011d006b5984: 00e8 d680 

  0x0000011d006b5988: ; ImmutableOopMap {[176]=Oop [184]=Oop [192]=Oop [216]=Oop [240]=Oop [248]=Oop }
                      ;*goto {reexecute=1 rethrow=0 return_oop=0}
                      ; - (reexecute) com.sun.javafx.text.PrismTextLayout::layout@439 (line 1151)
  0x0000011d006b5988: f906 e9ee 

  0x0000011d006b598c: ;   {runtime_call C1 Runtime throw_null_pointer_exception_blob}
  0x0000011d006b598c: c7ff ffe8 

  0x0000011d006b5990: ; ImmutableOopMap {r11=Oop rdx=Oop [176]=Oop [184]=Oop [192]=Oop [216]=Oop [240]=Oop [248]=Oop }
                      ;*aaload {reexecute=0 rethrow=0 return_oop=0}
                      ; - com.sun.javafx.text.PrismTextLayout::layout@475 (line 1161)
  0x0000011d006b5990: 4c29 f906 

  0x0000011d006b5994: ;   {runtime_call C1 Runtime throw_null_pointer_exception_blob}
  0x0000011d006b5994: e847 29f9 

  0x0000011d006b5998: ; ImmutableOopMap {r11=Oop rdx=Oop [176]=Oop [184]=Oop [192]=Oop [216]=Oop [240]=Oop [248]=Oop }
                      ;*aaload {reexecute=0 rethrow=0 return_oop=0}
                      ; - com.sun.javafx.text.PrismTextLayout::layout@475 (line 1161)
  0x0000011d006b5998: 0648 890c | 2448 8954 

  0x0000011d006b59a0: ;   {runtime_call C1 Runtime throw_range_check_failed_blob}
  0x0000011d006b59a0: 2408 e839 

  0x0000011d006b59a4: ; ImmutableOopMap {r11=Oop rdx=Oop [176]=Oop [184]=Oop [192]=Oop [216]=Oop [240]=Oop [248]=Oop }
                      ;*aaload {reexecute=0 rethrow=0 return_oop=0}
                      ; - com.sun.javafx.text.PrismTextLayout::layout@475 (line 1161)
                      ;   {runtime_call C1 Runtime throw_null_pointer_exception_blob}
  0x0000011d006b59a4: 20f9 06e8 

  0x0000011d006b59a8: ; ImmutableOopMap {r11=Oop rdx=Oop [176]=Oop [184]=Oop [192]=Oop [216]=Oop [240]=Oop [248]=Oop }
                      ;*invokevirtual getEnd {reexecute=0 rethrow=0 return_oop=0}
                      ; - com.sun.javafx.text.PrismTextLayout::layout@480 (line 1162)
  0x0000011d006b59a8: 3429 f906 

  0x0000011d006b59ac: ;   {metadata({method} {0x0000011d10e558d0} 'getEnd' '()I' in 'com/sun/javafx/text/TextRun')}
  0x0000011d006b59ac: 49ba c858 | e510 1d01 | 0000 4c89 | 5424 0848 | c704 24ff 

  0x0000011d006b59c0: ;   {runtime_call C1 Runtime counter_overflow_blob}
  0x0000011d006b59c0: ffff ffe8 

  0x0000011d006b59c4: ; ImmutableOopMap {r11=Oop rdx=Oop [176]=Oop [184]=Oop [192]=Oop [216]=Oop [240]=Oop [248]=Oop }
                      ;*synchronization entry
                      ; - com.sun.javafx.text.TextRun::getEnd@-1 (line 86)
                      ; - com.sun.javafx.text.PrismTextLayout::layout@480 (line 1162)
  0x0000011d006b59c4: 9880 f906 | e9be c8ff 

  0x0000011d006b59cc: ;   {metadata({method} {0x0000011d10935ec0} 'layout' '()V' in 'com/sun/javafx/text/PrismTextLayout')}
  0x0000011d006b59cc: ff49 bab8 | 5e93 101d | 0100 004c | 8954 2408 | 48c7 0424 | ee01 0000 

  0x0000011d006b59e4: ;   {runtime_call C1 Runtime counter_overflow_blob}
  0x0000011d006b59e4: e877 80f9 

  0x0000011d006b59e8: ; ImmutableOopMap {r11=Oop rdx=Oop [176]=Oop [184]=Oop [192]=Oop [216]=Oop [240]=Oop [248]=Oop }
                      ;*goto {reexecute=1 rethrow=0 return_oop=0}
                      ; - (reexecute) com.sun.javafx.text.PrismTextLayout::layout@494 (line 1163)
  0x0000011d006b59e8: 06e9 f8c8 

  0x0000011d006b59ec: ;   {runtime_call C1 Runtime throw_null_pointer_exception_blob}
  0x0000011d006b59ec: ffff e8ed 

  0x0000011d006b59f0: ; ImmutableOopMap {r11=Oop rdx=Oop [176]=Oop [184]=Oop [192]=Oop [216]=Oop [240]=Oop [248]=Oop }
                      ;*invokevirtual getStart {reexecute=0 rethrow=0 return_oop=0}
                      ; - com.sun.javafx.text.PrismTextLayout::layout@520 (line 1175)
                      ;   {runtime_call C1 Runtime throw_null_pointer_exception_blob}
  0x0000011d006b59f0: 28f9 06e8 

  0x0000011d006b59f4: ; ImmutableOopMap {r11=Oop rdx=Oop r9=Oop [176]=Oop [184]=Oop [192]=Oop [216]=Oop [240]=Oop [248]=Oop }
                      ;*arraylength {reexecute=0 rethrow=0 return_oop=0}
                      ; - com.sun.javafx.text.PrismTextLayout::layout@577 (line 1192)
  0x0000011d006b59f4: e828 f906 

  0x0000011d006b59f8: ;   {runtime_call C1 Runtime new_object_array_blob}
  0x0000011d006b59f8: e8e3 3af9 

  0x0000011d006b59fc: ; ImmutableOopMap {r9=Oop [176]=Oop [184]=Oop [192]=Oop [216]=Oop [240]=Oop [248]=Oop [304]=Oop }
                      ;*anewarray {reexecute=0 rethrow=0 return_oop=0}
                      ; - com.sun.javafx.text.PrismTextLayout::layout@589 (line 1193)
  0x0000011d006b59fc: 06e9 64cb | ffff 0f1f 

  0x0000011d006b5a04: ;   {static_call}
  0x0000011d006b5a04: 4400 00e8 

  0x0000011d006b5a08: ; ImmutableOopMap {[176]=Oop [184]=Oop [192]=Oop [216]=Oop [240]=Oop [248]=Oop [296]=Oop [304]=Oop }
                      ;*invokestatic arraycopy {reexecute=0 rethrow=0 return_oop=0}
                      ; - com.sun.javafx.text.PrismTextLayout::layout@606 (line 1194)
  0x0000011d006b5a08: d499 ec06 | e9f6 cbff 

  0x0000011d006b5a10: ;   {runtime_call C1 Runtime throw_null_pointer_exception_blob}
  0x0000011d006b5a10: ffe8 ca28 

  0x0000011d006b5a14: ; ImmutableOopMap {rdx=Oop r8=Oop [176]=Oop [184]=Oop [192]=Oop [216]=Oop [240]=Oop [248]=Oop [296]=Oop [304]=Oop }
                      ;*arraylength {reexecute=0 rethrow=0 return_oop=0}
                      ; - com.sun.javafx.text.PrismTextLayout::layout@627 (line 1195)
                      ;   {static_call}
  0x0000011d006b5a14: f906 90e8 

  0x0000011d006b5a18: ; ImmutableOopMap {[176]=Oop [184]=Oop [192]=Oop [216]=Oop [240]=Oop [248]=Oop [296]=Oop [304]=Oop }
                      ;*invokestatic arraycopy {reexecute=0 rethrow=0 return_oop=0}
                      ; - com.sun.javafx.text.PrismTextLayout::layout@633 (line 1195)
  0x0000011d006b5a18: c499 ec06 | e9a9 ccff | ff44 8b42 | 4049 c1e0 | 0349 83f8 | 000f 84ac | ccff ff4c 

  0x0000011d006b5a34: ;   {runtime_call g1_pre_barrier_slow}
  0x0000011d006b5a34: 8904 24e8 | 2486 f906 | e99e ccff | ff48 83f8 | 000f 84bb | ccff ff48 

  0x0000011d006b5a4c: ;   {runtime_call g1_post_barrier_slow}
  0x0000011d006b5a4c: 8914 24e8 | 8c8d f906 | e9ad ccff | ff66 0f1f 

  0x0000011d006b5a5c: ;   {static_call}
  0x0000011d006b5a5c: 4400 00e8 

  0x0000011d006b5a60: ; ImmutableOopMap {[176]=Oop [184]=Oop [192]=Oop [216]=Oop [240]=Oop [248]=Oop [304]=Oop }
                      ;*invokestatic arraycopy {reexecute=0 rethrow=0 return_oop=0}
                      ; - com.sun.javafx.text.PrismTextLayout::layout@670 (line 1198)
  0x0000011d006b5a60: 7c99 ec06 | e96d cdff 

  0x0000011d006b5a68: ;   {runtime_call C1 Runtime throw_null_pointer_exception_blob}
  0x0000011d006b5a68: ffe8 7228 

  0x0000011d006b5a6c: ; ImmutableOopMap {rax=Oop rdi=Oop [176]=Oop [184]=Oop [192]=Oop [216]=Oop [240]=Oop [248]=Oop [304]=Oop }
                      ;*aastore {reexecute=1 rethrow=0 return_oop=0}
                      ; - (reexecute) com.sun.javafx.text.PrismTextLayout::layout@688 (line 1200)
                      ;   {runtime_call C1 Runtime throw_null_pointer_exception_blob}
  0x0000011d006b5a6c: f906 e86d 

  0x0000011d006b5a70: ; ImmutableOopMap {rax=Oop rdi=Oop [176]=Oop [184]=Oop [192]=Oop [216]=Oop [240]=Oop [248]=Oop [304]=Oop }
                      ;*aastore {reexecute=1 rethrow=0 return_oop=0}
                      ; - (reexecute) com.sun.javafx.text.PrismTextLayout::layout@688 (line 1200)
  0x0000011d006b5a70: 28f9 0648 | 890c 2448 | 897c 2408 

  0x0000011d006b5a7c: ;   {runtime_call C1 Runtime throw_range_check_failed_blob}
  0x0000011d006b5a7c: e85f 1ff9 

  0x0000011d006b5a80: ; ImmutableOopMap {rax=Oop rdi=Oop [176]=Oop [184]=Oop [192]=Oop [216]=Oop [240]=Oop [248]=Oop [304]=Oop }
                      ;*aastore {reexecute=1 rethrow=0 return_oop=0}
                      ; - (reexecute) com.sun.javafx.text.PrismTextLayout::layout@688 (line 1200)
                      ;   {runtime_call C1 Runtime throw_null_pointer_exception_blob}
  0x0000011d006b5a80: 06e8 5a28 

  0x0000011d006b5a84: ; ImmutableOopMap {rax=Oop rdi=Oop [176]=Oop [184]=Oop [192]=Oop [216]=Oop [240]=Oop [248]=Oop [304]=Oop }
                      ;*aastore {reexecute=1 rethrow=0 return_oop=0}
                      ; - (reexecute) com.sun.javafx.text.PrismTextLayout::layout@688 (line 1200)
  0x0000011d006b5a84: f906 4889 

  0x0000011d006b5a88: ;   {runtime_call C1 Runtime throw_array_store_exception_blob}
  0x0000011d006b5a88: 0424 e851 

  0x0000011d006b5a8c: ; ImmutableOopMap {rax=Oop rdi=Oop [176]=Oop [184]=Oop [192]=Oop [216]=Oop [240]=Oop [248]=Oop [304]=Oop }
                      ;*aastore {reexecute=1 rethrow=0 return_oop=0}
                      ; - (reexecute) com.sun.javafx.text.PrismTextLayout::layout@688 (line 1200)
  0x0000011d006b5a8c: 49f9 0645 | 8b08 49c1 | e103 4983 | f900 0f84 | d8ce ffff | 4c89 0c24 

  0x0000011d006b5aa4: ;   {runtime_call g1_pre_barrier_slow}
  0x0000011d006b5aa4: e8b7 85f9 | 06e9 cace | ffff 4883 | f800 0f84 | dece ffff | 4c89 0424 

  0x0000011d006b5abc: ;   {runtime_call g1_post_barrier_slow}
  0x0000011d006b5abc: e81f 8df9 | 06e9 d0ce 

  0x0000011d006b5ac4: ;   {metadata({method} {0x0000011d10e56508} 'isComplex' '()Z' in 'com/sun/javafx/text/TextRun')}
  0x0000011d006b5ac4: ffff 49ba | 0065 e510 | 1d01 0000 | 4c89 5424 | 0848 c704 | 24ff ffff 

  0x0000011d006b5adc: ;   {runtime_call C1 Runtime counter_overflow_blob}
  0x0000011d006b5adc: ffe8 7e7f 

  0x0000011d006b5ae0: ; ImmutableOopMap {[176]=Oop [184]=Oop [192]=Oop [216]=Oop [240]=Oop [248]=Oop [304]=Oop }
                      ;*synchronization entry
                      ; - com.sun.javafx.text.TextRun::isComplex@-1 (line 158)
                      ; - com.sun.javafx.text.PrismTextLayout::layout@691 (line 1201)
  0x0000011d006b5ae0: f906 e906 

  0x0000011d006b5ae4: ;   {runtime_call C1 Runtime throw_null_pointer_exception_blob}
  0x0000011d006b5ae4: cfff ffe8 

  0x0000011d006b5ae8: ; ImmutableOopMap {rdx=Oop r9=Oop [176]=Oop [184]=Oop [192]=Oop [216]=Oop [240]=Oop [248]=Oop }
                      ;*aaload {reexecute=0 rethrow=0 return_oop=0}
                      ; - com.sun.javafx.text.PrismTextLayout::layout@734 (line 1209)
  0x0000011d006b5ae8: f427 f906 

  0x0000011d006b5aec: ;   {runtime_call C1 Runtime throw_null_pointer_exception_blob}
  0x0000011d006b5aec: e8ef 27f9 

  0x0000011d006b5af0: ; ImmutableOopMap {rdx=Oop r9=Oop [176]=Oop [184]=Oop [192]=Oop [216]=Oop [240]=Oop [248]=Oop }
                      ;*aaload {reexecute=0 rethrow=0 return_oop=0}
                      ; - com.sun.javafx.text.PrismTextLayout::layout@734 (line 1209)
  0x0000011d006b5af0: 064c 8904 | 244c 894c 

  0x0000011d006b5af8: ;   {runtime_call C1 Runtime throw_range_check_failed_blob}
  0x0000011d006b5af8: 2408 e8e1 

  0x0000011d006b5afc: ; ImmutableOopMap {rdx=Oop r9=Oop [176]=Oop [184]=Oop [192]=Oop [216]=Oop [240]=Oop [248]=Oop }
                      ;*aaload {reexecute=0 rethrow=0 return_oop=0}
                      ; - com.sun.javafx.text.PrismTextLayout::layout@734 (line 1209)
                      ;   {runtime_call C1 Runtime throw_null_pointer_exception_blob}
  0x0000011d006b5afc: 1ef9 06e8 

  0x0000011d006b5b00: ; ImmutableOopMap {rdx=Oop r9=Oop r8=Oop [176]=Oop [184]=Oop [192]=Oop [216]=Oop [240]=Oop [248]=Oop }
                      ;*invokevirtual isLinebreak {reexecute=0 rethrow=0 return_oop=0}
                      ; - com.sun.javafx.text.PrismTextLayout::layout@735 (line 1209)
  0x0000011d006b5b00: dc27 f906 

  0x0000011d006b5b04: ;   {metadata({method} {0x0000011d10e55dd8} 'isLinebreak' '()Z' in 'com/sun/javafx/text/TextRun')}
  0x0000011d006b5b04: 49ba d05d | e510 1d01 | 0000 4c89 | 5424 0848 | c704 24ff 

  0x0000011d006b5b18: ;   {runtime_call C1 Runtime counter_overflow_blob}
  0x0000011d006b5b18: ffff ffe8 

  0x0000011d006b5b1c: ; ImmutableOopMap {rdx=Oop r9=Oop r8=Oop [176]=Oop [184]=Oop [192]=Oop [216]=Oop [240]=Oop [248]=Oop }
                      ;*synchronization entry
                      ; - com.sun.javafx.text.TextRun::isLinebreak@-1 (line 118)
                      ; - com.sun.javafx.text.PrismTextLayout::layout@735 (line 1209)
  0x0000011d006b5b1c: 407f f906 | e990 d0ff | ff48 890c | 244c 894c 

  0x0000011d006b5b2c: ;   {runtime_call C1 Runtime throw_range_check_failed_blob}
  0x0000011d006b5b2c: 2408 e8ad 

  0x0000011d006b5b30: ; ImmutableOopMap {rdx=Oop r9=Oop [176]=Oop [184]=Oop [192]=Oop [216]=Oop [240]=Oop }
                      ;*aaload {reexecute=0 rethrow=0 return_oop=0}
                      ; - com.sun.javafx.text.PrismTextLayout::layout@747 (line 1210)
                      ;   {runtime_call C1 Runtime throw_null_pointer_exception_blob}
  0x0000011d006b5b30: 1ef9 06e8 

  0x0000011d006b5b34: ; ImmutableOopMap {rdx=Oop r8=Oop [176]=Oop [184]=Oop [192]=Oop [216]=Oop [240]=Oop }
                      ;*invokevirtual setSoftbreak {reexecute=0 rethrow=0 return_oop=0}
                      ; - com.sun.javafx.text.PrismTextLayout::layout@752 (line 1211)
  0x0000011d006b5b34: a827 f906 

  0x0000011d006b5b38: ;   {metadata({method} {0x0000011d10e57100} 'setSoftbreak' '()V' in 'com/sun/javafx/text/TextRun')}
  0x0000011d006b5b38: 49ba f870 | e510 1d01 | 0000 4c89 | 5424 0848 | c704 24ff 

  0x0000011d006b5b4c: ;   {runtime_call C1 Runtime counter_overflow_blob}
  0x0000011d006b5b4c: ffff ffe8 

  0x0000011d006b5b50: ; ImmutableOopMap {rdx=Oop r8=Oop [176]=Oop [184]=Oop [192]=Oop [216]=Oop [240]=Oop }
                      ;*synchronization entry
                      ; - com.sun.javafx.text.TextRun::setSoftbreak@-1 (line 247)
                      ; - com.sun.javafx.text.PrismTextLayout::layout@752 (line 1211)
  0x0000011d006b5b50: 0c7f f906 | e961 d1ff 

  0x0000011d006b5b58: ;   {runtime_call C1 Runtime throw_null_pointer_exception_blob}
  0x0000011d006b5b58: ffe8 8227 

  0x0000011d006b5b5c: ; ImmutableOopMap {rdx=Oop rdi=Oop [176]=Oop [184]=Oop [192]=Oop [216]=Oop [240]=Oop }
                      ;*invokevirtual isBreak {reexecute=0 rethrow=0 return_oop=0}
                      ; - com.sun.javafx.text.PrismTextLayout::layout@776 (line 1231)
                      ;   {metadata({method} {0x0000011d10e56000} 'isBreak' '()Z' in 'com/sun/javafx/text/TextRun')}
  0x0000011d006b5b5c: f906 49ba | f85f e510 | 1d01 0000 | 4c89 5424 | 0848 c704 | 24ff ffff 

  0x0000011d006b5b74: ;   {runtime_call C1 Runtime counter_overflow_blob}
  0x0000011d006b5b74: ffe8 e67e 

  0x0000011d006b5b78: ; ImmutableOopMap {rdx=Oop rdi=Oop [176]=Oop [184]=Oop [192]=Oop [216]=Oop [240]=Oop }
                      ;*synchronization entry
                      ; - com.sun.javafx.text.TextRun::isBreak@-1 (line 130)
                      ; - com.sun.javafx.text.PrismTextLayout::layout@776 (line 1231)
  0x0000011d006b5b78: f906 e9b2 

  0x0000011d006b5b7c: ;   {metadata({method} {0x00000000082213e8} 'add' '(Ljava/lang/Object;)Z' in 'java/util/ArrayList')}
  0x0000011d006b5b7c: d1ff ff49 | bae0 1322 | 0800 0000 | 004c 8954 | 2408 48c7 | 0424 ffff 

  0x0000011d006b5b94: ;   {runtime_call C1 Runtime counter_overflow_blob}
  0x0000011d006b5b94: ffff e8c5 

  0x0000011d006b5b98: ; ImmutableOopMap {rax=Oop [176]=Oop [184]=Oop [192]=Oop [216]=Oop [240]=Oop }
                      ;*synchronization entry
                      ; - java.util.ArrayList::add@-1 (line 496)
                      ; - com.sun.javafx.text.PrismTextLayout::layout@798 (line 1233)
  0x0000011d006b5b98: 7ef9 06e9 | 3ad3 ffff 

  0x0000011d006b5ba0: ;   {metadata({method} {0x0000000008222308} 'add' '(Ljava/lang/Object;[Ljava/lang/Object;I)V' in 'java/util/ArrayList')}
  0x0000011d006b5ba0: 49ba 0023 | 2208 0000 | 0000 4c89 | 5424 0848 | c704 24ff 

  0x0000011d006b5bb4: ;   {runtime_call C1 Runtime counter_overflow_blob}
  0x0000011d006b5bb4: ffff ffe8 

  0x0000011d006b5bb8: ; ImmutableOopMap {rax=Oop rsi=Oop r8=Oop [176]=Oop [184]=Oop [192]=Oop [216]=Oop [240]=Oop }
                      ;*synchronization entry
                      ; - java.util.ArrayList::add@-1 (line 483)
                      ; - java.util.ArrayList::add@20 (line 497)
                      ; - com.sun.javafx.text.PrismTextLayout::layout@798 (line 1233)
  0x0000011d006b5bb8: a47e f906 | e973 d3ff 

  0x0000011d006b5bc0: ;   {runtime_call C1 Runtime throw_null_pointer_exception_blob}
  0x0000011d006b5bc0: ffe8 1a27 

  0x0000011d006b5bc4: ; ImmutableOopMap {rax=Oop rsi=Oop r8=Oop [176]=Oop [184]=Oop [192]=Oop [216]=Oop [240]=Oop }
                      ;*arraylength {reexecute=0 rethrow=0 return_oop=0}
                      ; - java.util.ArrayList::add@2 (line 483)
                      ; - java.util.ArrayList::add@20 (line 497)
                      ; - com.sun.javafx.text.PrismTextLayout::layout@798 (line 1233)
                      ;   {metadata({method} {0x0000000008222468} 'grow' '()[Ljava/lang/Object;' in 'java/util/ArrayList')}
  0x0000011d006b5bc4: f906 49ba | 6024 2208 | 0000 0000 | 4c89 5424 | 0848 c704 | 24ff ffff 

  0x0000011d006b5bdc: ;   {runtime_call C1 Runtime counter_overflow_blob}
  0x0000011d006b5bdc: ffe8 7e7e 

  0x0000011d006b5be0: ; ImmutableOopMap {rsi=Oop [176]=Oop [184]=Oop [192]=Oop [216]=Oop [240]=Oop [336]=Oop }
                      ;*synchronization entry
                      ; - java.util.ArrayList::grow@-1 (line 245)
                      ; - java.util.ArrayList::add@7 (line 484)
                      ; - java.util.ArrayList::add@20 (line 497)
                      ; - com.sun.javafx.text.PrismTextLayout::layout@798 (line 1233)
  0x0000011d006b5be0: f906 e9c1 

  0x0000011d006b5be4: ;   {runtime_call C1 Runtime throw_null_pointer_exception_blob}
  0x0000011d006b5be4: d3ff ffe8 

  0x0000011d006b5be8: ; ImmutableOopMap {r8=Oop rsi=Oop rax=Oop [176]=Oop [184]=Oop [192]=Oop [216]=Oop [240]=Oop }
                      ;*aastore {reexecute=1 rethrow=0 return_oop=0}
                      ; - (reexecute) java.util.ArrayList::add@14 (line 485)
                      ; - java.util.ArrayList::add@20 (line 497)
                      ; - com.sun.javafx.text.PrismTextLayout::layout@798 (line 1233)
  0x0000011d006b5be8: f426 f906 

  0x0000011d006b5bec: ;   {runtime_call C1 Runtime throw_null_pointer_exception_blob}
  0x0000011d006b5bec: e8ef 26f9 

  0x0000011d006b5bf0: ; ImmutableOopMap {r8=Oop rsi=Oop rax=Oop [176]=Oop [184]=Oop [192]=Oop [216]=Oop [240]=Oop }
                      ;*aastore {reexecute=1 rethrow=0 return_oop=0}
                      ; - (reexecute) java.util.ArrayList::add@14 (line 485)
                      ; - java.util.ArrayList::add@20 (line 497)
                      ; - com.sun.javafx.text.PrismTextLayout::layout@798 (line 1233)
  0x0000011d006b5bf0: 0648 893c | 244c 8944 

  0x0000011d006b5bf8: ;   {runtime_call C1 Runtime throw_range_check_failed_blob}
  0x0000011d006b5bf8: 2408 e8e1 

  0x0000011d006b5bfc: ; ImmutableOopMap {r8=Oop rsi=Oop rax=Oop [176]=Oop [184]=Oop [192]=Oop [216]=Oop [240]=Oop }
                      ;*aastore {reexecute=1 rethrow=0 return_oop=0}
                      ; - (reexecute) java.util.ArrayList::add@14 (line 485)
                      ; - java.util.ArrayList::add@20 (line 497)
                      ; - com.sun.javafx.text.PrismTextLayout::layout@798 (line 1233)
                      ;   {runtime_call C1 Runtime throw_null_pointer_exception_blob}
  0x0000011d006b5bfc: 1df9 06e8 

  0x0000011d006b5c00: ; ImmutableOopMap {r8=Oop rsi=Oop rax=Oop [176]=Oop [184]=Oop [192]=Oop [216]=Oop [240]=Oop }
                      ;*aastore {reexecute=1 rethrow=0 return_oop=0}
                      ; - (reexecute) java.util.ArrayList::add@14 (line 485)
                      ; - java.util.ArrayList::add@20 (line 497)
                      ; - com.sun.javafx.text.PrismTextLayout::layout@798 (line 1233)
  0x0000011d006b5c00: dc26 f906 | 4889 0424 

  0x0000011d006b5c08: ;   {runtime_call C1 Runtime throw_array_store_exception_blob}
  0x0000011d006b5c08: e8d3 47f9 

  0x0000011d006b5c0c: ; ImmutableOopMap {r8=Oop rsi=Oop rax=Oop [176]=Oop [184]=Oop [192]=Oop [216]=Oop [240]=Oop }
                      ;*aastore {reexecute=1 rethrow=0 return_oop=0}
                      ; - (reexecute) java.util.ArrayList::add@14 (line 485)
                      ; - java.util.ArrayList::add@20 (line 497)
                      ; - com.sun.javafx.text.PrismTextLayout::layout@798 (line 1233)
  0x0000011d006b5c0c: 0645 8b08 | 49c1 e103 | 4983 f900 | 0f84 ead4 | ffff 4c89 

  0x0000011d006b5c20: ;   {runtime_call g1_pre_barrier_slow}
  0x0000011d006b5c20: 0c24 e839 | 84f9 06e9 | dcd4 ffff | 4883 f800 | 0f84 f0d4 | ffff 4c89 

  0x0000011d006b5c38: ;   {runtime_call g1_post_barrier_slow}
  0x0000011d006b5c38: 0424 e8a1 | 8bf9 06e9 | e2d4 ffff 

  0x0000011d006b5c44: ;   {runtime_call C1 Runtime throw_null_pointer_exception_blob}
  0x0000011d006b5c44: e897 26f9 

  0x0000011d006b5c48: ; ImmutableOopMap {rsi=Oop rax=Oop [176]=Oop [184]=Oop [192]=Oop [216]=Oop [240]=Oop }
                      ;*invokevirtual getLength {reexecute=0 rethrow=0 return_oop=0}
                      ; - com.sun.javafx.text.PrismTextLayout::layout@812 (line 1235)
                      ;   {metadata({method} {0x0000011d10935ec0} 'layout' '()V' in 'com/sun/javafx/text/PrismTextLayout')}
  0x0000011d006b5c48: 0649 bab8 | 5e93 101d | 0100 004c | 8954 2408 | 48c7 0424 | 3803 0000 

  0x0000011d006b5c60: ;   {runtime_call C1 Runtime counter_overflow_blob}
  0x0000011d006b5c60: e8fb 7df9 

  0x0000011d006b5c64: ; ImmutableOopMap {rsi=Oop [176]=Oop [184]=Oop [192]=Oop [216]=Oop [240]=Oop }
                      ;*goto {reexecute=1 rethrow=0 return_oop=0}
                      ; - (reexecute) com.sun.javafx.text.PrismTextLayout::layout@824 (line 1111)
  0x0000011d006b5c64: 06e9 3fd5 

  0x0000011d006b5c68: ;   {runtime_call C1 Runtime throw_null_pointer_exception_blob}
  0x0000011d006b5c68: ffff e871 

  0x0000011d006b5c6c: ; ImmutableOopMap {rsi=Oop r8=Oop [176]=Oop [184]=Oop [240]=Oop }
                      ;*invokevirtual dispose {reexecute=0 rethrow=0 return_oop=0}
                      ; - com.sun.javafx.text.PrismTextLayout::layout@832 (line 1239)
                      ;   {metadata({method} {0x0000011d105f0298} 'dispose' '()V' in 'com/sun/javafx/text/GlyphLayout')}
  0x0000011d006b5c6c: 26f9 0649 | ba90 025f | 101d 0100 | 004c 8954 | 2408 48c7 | 0424 ffff 

  0x0000011d006b5c84: ;   {runtime_call C1 Runtime counter_overflow_blob}
  0x0000011d006b5c84: ffff e8d5 

  0x0000011d006b5c88: ; ImmutableOopMap {rsi=Oop r8=Oop [176]=Oop [184]=Oop [240]=Oop }
                      ;*synchronization entry
                      ; - com.sun.javafx.text.GlyphLayout::dispose@-1 (line 433)
                      ; - com.sun.javafx.text.PrismTextLayout::layout@832 (line 1239)
  0x0000011d006b5c88: 7df9 06e9 | 68d6 ffff 

  0x0000011d006b5c90: ;   {metadata({method} {0x00000000082213e8} 'add' '(Ljava/lang/Object;)Z' in 'java/util/ArrayList')}
  0x0000011d006b5c90: 49ba e013 | 2208 0000 | 0000 4c89 | 5424 0848 | c704 24ff 

  0x0000011d006b5ca4: ;   {runtime_call C1 Runtime counter_overflow_blob}
  0x0000011d006b5ca4: ffff ffe8 

  0x0000011d006b5ca8: ; ImmutableOopMap {rax=Oop [176]=Oop [184]=Oop [240]=Oop }
                      ;*synchronization entry
                      ; - java.util.ArrayList::add@-1 (line 496)
                      ; - com.sun.javafx.text.PrismTextLayout::layout@851 (line 1241)
  0x0000011d006b5ca8: b47d f906 | e999 d7ff 

  0x0000011d006b5cb0: ;   {metadata({method} {0x0000000008222308} 'add' '(Ljava/lang/Object;[Ljava/lang/Object;I)V' in 'java/util/ArrayList')}
  0x0000011d006b5cb0: ff49 ba00 | 2322 0800 | 0000 004c | 8954 2408 | 48c7 0424 | ffff ffff 

  0x0000011d006b5cc8: ;   {runtime_call C1 Runtime counter_overflow_blob}
  0x0000011d006b5cc8: e893 7df9 

  0x0000011d006b5ccc: ; ImmutableOopMap {rax=Oop rsi=Oop r8=Oop [176]=Oop [184]=Oop [240]=Oop }
                      ;*synchronization entry
                      ; - java.util.ArrayList::add@-1 (line 483)
                      ; - java.util.ArrayList::add@20 (line 497)
                      ; - com.sun.javafx.text.PrismTextLayout::layout@851 (line 1241)
  0x0000011d006b5ccc: 06e9 d2d7 

  0x0000011d006b5cd0: ;   {runtime_call C1 Runtime throw_null_pointer_exception_blob}
  0x0000011d006b5cd0: ffff e809 

  0x0000011d006b5cd4: ; ImmutableOopMap {rax=Oop rsi=Oop r8=Oop [176]=Oop [184]=Oop [240]=Oop }
                      ;*arraylength {reexecute=0 rethrow=0 return_oop=0}
                      ; - java.util.ArrayList::add@2 (line 483)
                      ; - java.util.ArrayList::add@20 (line 497)
                      ; - com.sun.javafx.text.PrismTextLayout::layout@851 (line 1241)
                      ;   {metadata({method} {0x0000000008222468} 'grow' '()[Ljava/lang/Object;' in 'java/util/ArrayList')}
  0x0000011d006b5cd4: 26f9 0649 | ba60 2422 | 0800 0000 | 004c 8954 | 2408 48c7 | 0424 ffff 

  0x0000011d006b5cec: ;   {runtime_call C1 Runtime counter_overflow_blob}
  0x0000011d006b5cec: ffff e86d 

  0x0000011d006b5cf0: ; ImmutableOopMap {rsi=Oop [176]=Oop [184]=Oop [240]=Oop [352]=Oop }
                      ;*synchronization entry
                      ; - java.util.ArrayList::grow@-1 (line 245)
                      ; - java.util.ArrayList::add@7 (line 484)
                      ; - java.util.ArrayList::add@20 (line 497)
                      ; - com.sun.javafx.text.PrismTextLayout::layout@851 (line 1241)
  0x0000011d006b5cf0: 7df9 06e9 | 28d8 ffff 

  0x0000011d006b5cf8: ;   {runtime_call C1 Runtime throw_null_pointer_exception_blob}
  0x0000011d006b5cf8: e8e3 25f9 

  0x0000011d006b5cfc: ; ImmutableOopMap {r8=Oop r9=Oop rax=Oop [176]=Oop [184]=Oop [240]=Oop }
                      ;*aastore {reexecute=1 rethrow=0 return_oop=0}
                      ; - (reexecute) java.util.ArrayList::add@14 (line 485)
                      ; - java.util.ArrayList::add@20 (line 497)
                      ; - com.sun.javafx.text.PrismTextLayout::layout@851 (line 1241)
                      ;   {runtime_call C1 Runtime throw_null_pointer_exception_blob}
  0x0000011d006b5cfc: 06e8 de25 

  0x0000011d006b5d00: ; ImmutableOopMap {r8=Oop r9=Oop rax=Oop [176]=Oop [184]=Oop [240]=Oop }
                      ;*aastore {reexecute=1 rethrow=0 return_oop=0}
                      ; - (reexecute) java.util.ArrayList::add@14 (line 485)
                      ; - java.util.ArrayList::add@20 (line 497)
                      ; - com.sun.javafx.text.PrismTextLayout::layout@851 (line 1241)
  0x0000011d006b5d00: f906 4889 | 3c24 4c89 

  0x0000011d006b5d08: ;   {runtime_call C1 Runtime throw_range_check_failed_blob}
  0x0000011d006b5d08: 4424 08e8 

  0x0000011d006b5d0c: ; ImmutableOopMap {r8=Oop r9=Oop rax=Oop [176]=Oop [184]=Oop [240]=Oop }
                      ;*aastore {reexecute=1 rethrow=0 return_oop=0}
                      ; - (reexecute) java.util.ArrayList::add@14 (line 485)
                      ; - java.util.ArrayList::add@20 (line 497)
                      ; - com.sun.javafx.text.PrismTextLayout::layout@851 (line 1241)
  0x0000011d006b5d0c: d01c f906 

  0x0000011d006b5d10: ;   {runtime_call C1 Runtime throw_null_pointer_exception_blob}
  0x0000011d006b5d10: e8cb 25f9 

  0x0000011d006b5d14: ; ImmutableOopMap {r8=Oop r9=Oop rax=Oop [176]=Oop [184]=Oop [240]=Oop }
                      ;*aastore {reexecute=1 rethrow=0 return_oop=0}
                      ; - (reexecute) java.util.ArrayList::add@14 (line 485)
                      ; - java.util.ArrayList::add@20 (line 497)
                      ; - com.sun.javafx.text.PrismTextLayout::layout@851 (line 1241)
  0x0000011d006b5d14: 0648 8904 

  0x0000011d006b5d18: ;   {runtime_call C1 Runtime throw_array_store_exception_blob}
  0x0000011d006b5d18: 24e8 c246 

  0x0000011d006b5d1c: ; ImmutableOopMap {r8=Oop r9=Oop rax=Oop [176]=Oop [184]=Oop [240]=Oop }
                      ;*aastore {reexecute=1 rethrow=0 return_oop=0}
                      ; - (reexecute) java.util.ArrayList::add@14 (line 485)
                      ; - java.util.ArrayList::add@20 (line 497)
                      ; - com.sun.javafx.text.PrismTextLayout::layout@851 (line 1241)
  0x0000011d006b5d1c: f906 8b13 | 48c1 e203 | 4883 fa00 | 0f84 4cd9 | ffff 4889 

  0x0000011d006b5d30: ;   {runtime_call g1_pre_barrier_slow}
  0x0000011d006b5d30: 1424 e829 | 83f9 06e9 | 3ed9 ffff | 4883 f800 | 0f84 52d9 | ffff 4889 

  0x0000011d006b5d48: ;   {runtime_call g1_post_barrier_slow}
  0x0000011d006b5d48: 1c24 e891 | 8af9 06e9 | 44d9 ffff 

  0x0000011d006b5d54: ;   {runtime_call C1 Runtime new_object_array_blob}
  0x0000011d006b5d54: e887 37f9 

  0x0000011d006b5d58: ; ImmutableOopMap {r9=Oop r11=Oop [176]=Oop [184]=Oop [240]=Oop }
                      ;*anewarray {reexecute=0 rethrow=0 return_oop=0}
                      ; - com.sun.javafx.text.PrismTextLayout::layout@861 (line 1242)
  0x0000011d006b5d58: 06e9 61da | ffff 458b | 433c 49c1 | e003 4983 | f800 0f84 | 5dda ffff | 4c89 0424 

  0x0000011d006b5d74: ;   {runtime_call g1_pre_barrier_slow}
  0x0000011d006b5d74: e8e7 82f9 | 06e9 4fda | ffff 4883 | f800 0f84 | 64da ffff | 4c89 1c24 

  0x0000011d006b5d8c: ;   {runtime_call g1_post_barrier_slow}
  0x0000011d006b5d8c: e84f 8af9 | 06e9 56da 

  0x0000011d006b5d94: ;   {runtime_call C1 Runtime throw_null_pointer_exception_blob}
  0x0000011d006b5d94: ffff e845 

  0x0000011d006b5d98: ; ImmutableOopMap {rdx=Oop rax=Oop rbx=Oop [176]=Oop [184]=Oop }
                      ;*arraylength {reexecute=0 rethrow=0 return_oop=0}
                      ; - com.sun.javafx.text.PrismTextLayout::layout@950 (line 1256)
                      ;   {runtime_call C1 Runtime throw_null_pointer_exception_blob}
  0x0000011d006b5d98: 25f9 06e8 

  0x0000011d006b5d9c: ; ImmutableOopMap {rdx=Oop rax=Oop rbx=Oop [176]=Oop [184]=Oop [376]=Oop }
                      ;*invokevirtual getStart {reexecute=0 rethrow=0 return_oop=0}
                      ; - com.sun.javafx.text.PrismTextLayout::layout@965 (line 1258)
  0x0000011d006b5d9c: 4025 f906 

  0x0000011d006b5da0: ;   {runtime_call C1 Runtime throw_null_pointer_exception_blob}
  0x0000011d006b5da0: e83b 25f9 

  0x0000011d006b5da4: ; ImmutableOopMap {rdx=Oop rax=Oop rbx=Oop rcx=Oop [176]=Oop [184]=Oop [376]=Oop [384]=Oop }
                      ;*invokevirtual getWidth {reexecute=0 rethrow=0 return_oop=0}
                      ; - com.sun.javafx.text.PrismTextLayout::layout@981 (line 1262)
                      ;   {metadata({method} {0x0000011d1058f2d8} 'getWidth' '()F' in 'com/sun/javafx/geom/RectBounds')}
  0x0000011d006b5da4: 0649 bad0 | f258 101d | 0100 004c | 8954 2408 | 48c7 0424 | ffff ffff 

  0x0000011d006b5dbc: ;   {runtime_call C1 Runtime counter_overflow_blob}
  0x0000011d006b5dbc: e89f 7cf9 

  0x0000011d006b5dc0: ; ImmutableOopMap {rdx=Oop rax=Oop rbx=Oop rcx=Oop [176]=Oop [184]=Oop [376]=Oop [384]=Oop }
                      ;*synchronization entry
                      ; - com.sun.javafx.geom.RectBounds::getWidth@-1 (line 90)
                      ; - com.sun.javafx.text.PrismTextLayout::layout@981 (line 1262)
  0x0000011d006b5dc0: 06e9 b3dd 

  0x0000011d006b5dc4: ;   {metadata({method} {0x0000011d10e5e1d0} 'setAlignment' '(F)V' in 'com/sun/javafx/text/TextLine')}
  0x0000011d006b5dc4: ffff 49ba | c8e1 e510 | 1d01 0000 | 4c89 5424 | 0848 c704 | 24ff ffff 

  0x0000011d006b5ddc: ;   {runtime_call C1 Runtime counter_overflow_blob}
  0x0000011d006b5ddc: ffe8 7e7c 

  0x0000011d006b5de0: ; ImmutableOopMap {rdx=Oop rax=Oop rbx=Oop rcx=Oop [176]=Oop [184]=Oop [376]=Oop [384]=Oop }
                      ;*synchronization entry
                      ; - com.sun.javafx.text.TextLine::setAlignment@-1 (line 86)
                      ; - com.sun.javafx.text.PrismTextLayout::layout@994 (line 1263)
  0x0000011d006b5de0: f906 e9f1 

  0x0000011d006b5de4: ;   {runtime_call C1 Runtime throw_null_pointer_exception_blob}
  0x0000011d006b5de4: ddff ffe8 

  0x0000011d006b5de8: ; ImmutableOopMap {rdx=Oop rax=Oop rbx=Oop rcx=Oop r9=Oop [176]=Oop [184]=Oop [360]=Oop [376]=Oop [384]=Oop }
                      ;*arraylength {reexecute=0 rethrow=0 return_oop=0}
                      ; - com.sun.javafx.text.PrismTextLayout::layout@1034 (line 1269)
  0x0000011d006b5de8: f424 f906 | 4889 3424 | 4c89 4c24 

  0x0000011d006b5df4: ;   {runtime_call C1 Runtime throw_range_check_failed_blob}
  0x0000011d006b5df4: 08e8 e61b 

  0x0000011d006b5df8: ; ImmutableOopMap {rdx=Oop rax=Oop rbx=Oop rcx=Oop r9=Oop [176]=Oop [184]=Oop [360]=Oop [376]=Oop [384]=Oop }
                      ;*aaload {reexecute=0 rethrow=0 return_oop=0}
                      ; - com.sun.javafx.text.PrismTextLayout::layout@1048 (line 1270)
                      ;   {runtime_call C1 Runtime throw_null_pointer_exception_blob}
  0x0000011d006b5df8: f906 e8e1 

  0x0000011d006b5dfc: ; ImmutableOopMap {rdx=Oop rax=Oop rbx=Oop rcx=Oop r9=Oop rsi=Oop [176]=Oop [184]=Oop [360]=Oop [376]=Oop [384]=Oop }
                      ;*invokevirtual isSoftbreak {reexecute=0 rethrow=0 return_oop=0}
                      ; - com.sun.javafx.text.PrismTextLayout::layout@1049 (line 1270)
                      ;   {metadata({method} {0x0000011d10e55f48} 'isSoftbreak' '()Z' in 'com/sun/javafx/text/TextRun')}
  0x0000011d006b5dfc: 24f9 0649 | ba40 5fe5 | 101d 0100 | 004c 8954 | 2408 48c7 | 0424 ffff 

  0x0000011d006b5e14: ;   {runtime_call C1 Runtime counter_overflow_blob}
  0x0000011d006b5e14: ffff e845 

  0x0000011d006b5e18: ; ImmutableOopMap {rdx=Oop rax=Oop rbx=Oop rcx=Oop rsi=Oop [176]=Oop [184]=Oop [360]=Oop [376]=Oop [384]=Oop }
                      ;*synchronization entry
                      ; - com.sun.javafx.text.TextRun::isSoftbreak@-1 (line 126)
                      ; - com.sun.javafx.text.PrismTextLayout::layout@1049 (line 1270)
  0x0000011d006b5e18: 7cf9 06e9 | 54e1 ffff 

  0x0000011d006b5e20: ;   {runtime_call C1 Runtime throw_null_pointer_exception_blob}
  0x0000011d006b5e20: e8bb 24f9 

  0x0000011d006b5e24: ; ImmutableOopMap {rdx=Oop rax=Oop rbx=Oop rcx=Oop [176]=Oop [184]=Oop [360]=Oop [376]=Oop [384]=Oop }
                      ;*caload {reexecute=0 rethrow=0 return_oop=0}
                      ; - com.sun.javafx.text.PrismTextLayout::layout@1092 (line 1276)
                      ;   {runtime_call C1 Runtime throw_null_pointer_exception_blob}
  0x0000011d006b5e24: 06e8 b624 

  0x0000011d006b5e28: ; ImmutableOopMap {rdx=Oop rax=Oop rbx=Oop rcx=Oop [176]=Oop [184]=Oop [360]=Oop [376]=Oop [384]=Oop }
                      ;*caload {reexecute=0 rethrow=0 return_oop=0}
                      ; - com.sun.javafx.text.PrismTextLayout::layout@1092 (line 1276)
  0x0000011d006b5e28: f906 4889 | 3424 4889 

  0x0000011d006b5e30: ;   {runtime_call C1 Runtime throw_range_check_failed_blob}
  0x0000011d006b5e30: 4424 08e8 

  0x0000011d006b5e34: ; ImmutableOopMap {rdx=Oop rax=Oop rbx=Oop rcx=Oop [176]=Oop [184]=Oop [360]=Oop [376]=Oop [384]=Oop }
                      ;*caload {reexecute=0 rethrow=0 return_oop=0}
                      ; - com.sun.javafx.text.PrismTextLayout::layout@1092 (line 1276)
  0x0000011d006b5e34: a81b f906 

  0x0000011d006b5e38: ;   {runtime_call C1 Runtime throw_null_pointer_exception_blob}
  0x0000011d006b5e38: e8a3 24f9 

  0x0000011d006b5e3c: ; ImmutableOopMap {rdx=Oop rax=Oop rbx=Oop rcx=Oop [176]=Oop [184]=Oop [360]=Oop [376]=Oop [384]=Oop }
                      ;*caload {reexecute=0 rethrow=0 return_oop=0}
                      ; - com.sun.javafx.text.PrismTextLayout::layout@1109 (line 1277)
                      ;   {runtime_call C1 Runtime throw_null_pointer_exception_blob}
  0x0000011d006b5e3c: 06e8 9e24 

  0x0000011d006b5e40: ; ImmutableOopMap {rdx=Oop rax=Oop rbx=Oop rcx=Oop [176]=Oop [184]=Oop [360]=Oop [376]=Oop [384]=Oop }
                      ;*caload {reexecute=0 rethrow=0 return_oop=0}
                      ; - com.sun.javafx.text.PrismTextLayout::layout@1109 (line 1277)
  0x0000011d006b5e40: f906 4889 | 3424 4889 

  0x0000011d006b5e48: ;   {runtime_call C1 Runtime throw_range_check_failed_blob}
  0x0000011d006b5e48: 4424 08e8 

  0x0000011d006b5e4c: ; ImmutableOopMap {rdx=Oop rax=Oop rbx=Oop rcx=Oop [176]=Oop [184]=Oop [360]=Oop [376]=Oop [384]=Oop }
                      ;*caload {reexecute=0 rethrow=0 return_oop=0}
                      ; - com.sun.javafx.text.PrismTextLayout::layout@1109 (line 1277)
  0x0000011d006b5e4c: 901b f906 

  0x0000011d006b5e50: ;   {metadata({method} {0x0000011d10935ec0} 'layout' '()V' in 'com/sun/javafx/text/PrismTextLayout')}
  0x0000011d006b5e50: 49ba b85e | 9310 1d01 | 0000 4c89 | 5424 0848 | c704 2461 

  0x0000011d006b5e64: ;   {runtime_call C1 Runtime counter_overflow_blob}
  0x0000011d006b5e64: 0400 00e8 

  0x0000011d006b5e68: ; ImmutableOopMap {rdx=Oop rax=Oop rbx=Oop rcx=Oop [176]=Oop [184]=Oop [360]=Oop [376]=Oop [384]=Oop }
                      ;*goto {reexecute=1 rethrow=0 return_oop=0}
                      ; - (reexecute) com.sun.javafx.text.PrismTextLayout::layout@1121 (line 1275)
  0x0000011d006b5e68: f47b f906 | e909 e3ff 

  0x0000011d006b5e70: ;   {metadata({method} {0x0000011d1058f2d8} 'getWidth' '()F' in 'com/sun/javafx/geom/RectBounds')}
  0x0000011d006b5e70: ff49 bad0 | f258 101d | 0100 004c | 8954 2408 | 48c7 0424 | ffff ffff 

  0x0000011d006b5e88: ;   {runtime_call C1 Runtime counter_overflow_blob}
  0x0000011d006b5e88: e8d3 7bf9 

  0x0000011d006b5e8c: ; ImmutableOopMap {rdx=Oop rax=Oop rbx=Oop rcx=Oop [176]=Oop [184]=Oop [360]=Oop [376]=Oop [384]=Oop }
                      ;*synchronization entry
                      ; - com.sun.javafx.geom.RectBounds::getWidth@-1 (line 90)
                      ; - com.sun.javafx.text.PrismTextLayout::layout@1133 (line 1280)
  0x0000011d006b5e8c: 06e9 f6e3 

  0x0000011d006b5e90: ;   {runtime_call C1 Runtime throw_null_pointer_exception_blob}
  0x0000011d006b5e90: ffff e849 

  0x0000011d006b5e94: ; ImmutableOopMap {r9=Oop rdi=Oop [176]=Oop [184]=Oop [360]=Oop [376]=Oop [384]=Oop [400]=Oop }
                      ;*invokevirtual getStart {reexecute=0 rethrow=0 return_oop=0}
                      ; - com.sun.javafx.text.PrismTextLayout::layout@1162 (line 1284)
                      ;   {metadata({method} {0x0000011d10e558d0} 'getEnd' '()I' in 'com/sun/javafx/text/TextRun')}
  0x0000011d006b5e94: 24f9 0649 | bac8 58e5 | 101d 0100 | 004c 8954 | 2408 48c7 | 0424 ffff 

  0x0000011d006b5eac: ;   {runtime_call C1 Runtime counter_overflow_blob}
  0x0000011d006b5eac: ffff e8ad 

  0x0000011d006b5eb0: ; ImmutableOopMap {r9=Oop rdi=Oop [176]=Oop [184]=Oop [360]=Oop [376]=Oop [384]=Oop [400]=Oop }
                      ;*synchronization entry
                      ; - com.sun.javafx.text.TextRun::getEnd@-1 (line 86)
                      ; - com.sun.javafx.text.PrismTextLayout::layout@1169 (line 1285)
  0x0000011d006b5eb0: 7bf9 06e9 | e0e4 ffff 

  0x0000011d006b5eb8: ;   {runtime_call C1 Runtime throw_null_pointer_exception_blob}
  0x0000011d006b5eb8: e823 24f9 

  0x0000011d006b5ebc: ; ImmutableOopMap {rax=Oop [176]=Oop [184]=Oop [360]=Oop [376]=Oop [384]=Oop [400]=Oop }
                      ;*caload {reexecute=0 rethrow=0 return_oop=0}
                      ; - com.sun.javafx.text.PrismTextLayout::layout@1188 (line 1288)
                      ;   {runtime_call C1 Runtime throw_null_pointer_exception_blob}
  0x0000011d006b5ebc: 06e8 1e24 

  0x0000011d006b5ec0: ; ImmutableOopMap {rax=Oop [176]=Oop [184]=Oop [360]=Oop [376]=Oop [384]=Oop [400]=Oop }
                      ;*caload {reexecute=0 rethrow=0 return_oop=0}
                      ; - com.sun.javafx.text.PrismTextLayout::layout@1188 (line 1288)
  0x0000011d006b5ec0: f906 4889 | 1c24 4889 

  0x0000011d006b5ec8: ;   {runtime_call C1 Runtime throw_range_check_failed_blob}
  0x0000011d006b5ec8: 4424 08e8 

  0x0000011d006b5ecc: ; ImmutableOopMap {rax=Oop [176]=Oop [184]=Oop [360]=Oop [376]=Oop [384]=Oop [400]=Oop }
                      ;*caload {reexecute=0 rethrow=0 return_oop=0}
                      ; - com.sun.javafx.text.PrismTextLayout::layout@1188 (line 1288)
  0x0000011d006b5ecc: 101b f906 

  0x0000011d006b5ed0: ;   {metadata({method} {0x0000011d10935ec0} 'layout' '()V' in 'com/sun/javafx/text/PrismTextLayout')}
  0x0000011d006b5ed0: 49ba b85e | 9310 1d01 | 0000 4c89 | 5424 0848 | c704 24c4 

  0x0000011d006b5ee4: ;   {runtime_call C1 Runtime counter_overflow_blob}
  0x0000011d006b5ee4: 0400 00e8 

  0x0000011d006b5ee8: ; ImmutableOopMap {[176]=Oop [184]=Oop [360]=Oop [376]=Oop [384]=Oop [400]=Oop }
                      ;*goto {reexecute=1 rethrow=0 return_oop=0}
                      ; - (reexecute) com.sun.javafx.text.PrismTextLayout::layout@1220 (line 1286)
  0x0000011d006b5ee8: 747b f906 | e903 e6ff 

  0x0000011d006b5ef0: ;   {metadata({method} {0x0000011d10935ec0} 'layout' '()V' in 'com/sun/javafx/text/PrismTextLayout')}
  0x0000011d006b5ef0: ff49 bab8 | 5e93 101d | 0100 004c | 8954 2408 | 48c7 0424 | ca04 0000 

  0x0000011d006b5f08: ;   {runtime_call C1 Runtime counter_overflow_blob}
  0x0000011d006b5f08: e853 7bf9 

  0x0000011d006b5f0c: ; ImmutableOopMap {[176]=Oop [184]=Oop [360]=Oop [376]=Oop [384]=Oop }
                      ;*goto {reexecute=1 rethrow=0 return_oop=0}
                      ; - (reexecute) com.sun.javafx.text.PrismTextLayout::layout@1226 (line 1282)
  0x0000011d006b5f0c: 06e9 42e6 

  0x0000011d006b5f10: ;   {metadata({method} {0x0000011d10e5e1d0} 'setAlignment' '(F)V' in 'com/sun/javafx/text/TextLine')}
  0x0000011d006b5f10: ffff 49ba | c8e1 e510 | 1d01 0000 | 4c89 5424 | 0848 c704 | 24ff ffff 

  0x0000011d006b5f28: ;   {runtime_call C1 Runtime counter_overflow_blob}
  0x0000011d006b5f28: ffe8 327b 

  0x0000011d006b5f2c: ; ImmutableOopMap {rbx=Oop [176]=Oop [184]=Oop [376]=Oop [384]=Oop }
                      ;*synchronization entry
                      ; - com.sun.javafx.text.TextLine::setAlignment@-1 (line 86)
                      ; - com.sun.javafx.text.PrismTextLayout::layout@1236 (line 1295)
  0x0000011d006b5f2c: f906 e9bf 

  0x0000011d006b5f30: ;   {runtime_call C1 Runtime throw_null_pointer_exception_blob}
  0x0000011d006b5f30: e6ff ffe8 

  0x0000011d006b5f34: ; ImmutableOopMap {rbx=Oop r8=Oop [176]=Oop [184]=Oop [376]=Oop [384]=Oop }
                      ;*invokevirtual setMinX {reexecute=0 rethrow=0 return_oop=0}
                      ; - com.sun.javafx.text.TextLine::setAlignment@5 (line 86)
                      ; - com.sun.javafx.text.PrismTextLayout::layout@1236 (line 1295)
  0x0000011d006b5f34: a823 f906 

  0x0000011d006b5f38: ;   {metadata({method} {0x0000011d10e5e278} 'setWidth' '(F)V' in 'com/sun/javafx/text/TextLine')}
  0x0000011d006b5f38: 49ba 70e2 | e510 1d01 | 0000 4c89 | 5424 0848 | c704 24ff 

  0x0000011d006b5f4c: ;   {runtime_call C1 Runtime counter_overflow_blob}
  0x0000011d006b5f4c: ffff ffe8 

  0x0000011d006b5f50: ; ImmutableOopMap {rbx=Oop r8=Oop [176]=Oop [184]=Oop [376]=Oop [384]=Oop }
                      ;*synchronization entry
                      ; - com.sun.javafx.text.TextLine::setWidth@-1 (line 91)
                      ; - com.sun.javafx.text.PrismTextLayout::layout@1243 (line 1296)
  0x0000011d006b5f50: 0c7b f906 | e9ba e8ff 

  0x0000011d006b5f58: ;   {runtime_call C1 Runtime throw_null_pointer_exception_blob}
  0x0000011d006b5f58: ffe8 8223 

  0x0000011d006b5f5c: ; ImmutableOopMap {rsi=Oop rax=Oop [176]=Oop [184]=Oop [376]=Oop [384]=Oop [432]=Oop }
                      ;*invokevirtual setLocation {reexecute=0 rethrow=0 return_oop=0}
                      ; - com.sun.javafx.text.PrismTextLayout::layout@1303 (line 1312)
  0x0000011d006b5f5c: f906 8b50 | 5048 c1e2 | 0348 83fa | 000f 845c | ebff ff48 

  0x0000011d006b5f70: ;   {runtime_call g1_pre_barrier_slow}
  0x0000011d006b5f70: 8914 24e8 | e880 f906 | e94e ebff | ff48 83fb | 000f 846b | ebff ff48 

  0x0000011d006b5f88: ;   {runtime_call g1_post_barrier_slow}
  0x0000011d006b5f88: 8904 24e8 | 5088 f906 | e95d ebff 

  0x0000011d006b5f94: ;   {metadata({method} {0x0000011d10935ec0} 'layout' '()V' in 'com/sun/javafx/text/PrismTextLayout')}
  0x0000011d006b5f94: ff49 bab8 | 5e93 101d | 0100 004c | 8954 2408 | 48c7 0424 | 2e05 0000 

  0x0000011d006b5fac: ;   {runtime_call C1 Runtime counter_overflow_blob}
  0x0000011d006b5fac: e8af 7af9 

  0x0000011d006b5fb0: ; ImmutableOopMap {[176]=Oop [184]=Oop [376]=Oop [384]=Oop [432]=Oop }
                      ;*goto {reexecute=1 rethrow=0 return_oop=0}
                      ; - (reexecute) com.sun.javafx.text.PrismTextLayout::layout@1326 (line 1310)
  0x0000011d006b5fb0: 06e9 9feb 

  0x0000011d006b5fb4: ;   {runtime_call C1 Runtime throw_null_pointer_exception_blob}
  0x0000011d006b5fb4: ffff e825 

  0x0000011d006b5fb8: ; ImmutableOopMap {rsi=Oop [176]=Oop [184]=Oop [376]=Oop [384]=Oop [432]=Oop }
                      ;*arraylength {reexecute=0 rethrow=0 return_oop=0}
                      ; - com.sun.javafx.text.PrismTextLayout::layout@1286 (line 1310)
                      ;   {runtime_call C1 Runtime throw_null_pointer_exception_blob}
  0x0000011d006b5fb8: 23f9 06e8 

  0x0000011d006b5fbc: ; ImmutableOopMap {rdx=Oop [176]=Oop [184]=Oop [376]=Oop [384]=Oop }
                      ;*arraylength {reexecute=0 rethrow=0 return_oop=0}
                      ; - com.sun.javafx.text.PrismTextLayout::layout@1337 (line 1316)
  0x0000011d006b5fbc: 2023 f906 

  0x0000011d006b5fc0: ;   {metadata({method} {0x0000011d1058f378} 'getHeight' '()F' in 'com/sun/javafx/geom/RectBounds')}
  0x0000011d006b5fc0: 49ba 70f3 | 5810 1d01 | 0000 4c89 | 5424 0848 | c704 24ff 

  0x0000011d006b5fd4: ;   {runtime_call C1 Runtime counter_overflow_blob}
  0x0000011d006b5fd4: ffff ffe8 

  0x0000011d006b5fd8: ; ImmutableOopMap {rdx=Oop rcx=Oop [176]=Oop [184]=Oop [384]=Oop }
                      ;*synchronization entry
                      ; - com.sun.javafx.geom.RectBounds::getHeight@-1 (line 98)
                      ; - com.sun.javafx.text.PrismTextLayout::layout@1347 (line 1317)
  0x0000011d006b5fd8: 847a f906 | e9ce ecff 

  0x0000011d006b5fe0: ;   {metadata({method} {0x0000011d1058f378} 'getHeight' '()F' in 'com/sun/javafx/geom/RectBounds')}
  0x0000011d006b5fe0: ff49 ba70 | f358 101d | 0100 004c | 8954 2408 | 48c7 0424 | ffff ffff 

  0x0000011d006b5ff8: ;   {runtime_call C1 Runtime counter_overflow_blob}
  0x0000011d006b5ff8: e863 7af9 

  0x0000011d006b5ffc: ; ImmutableOopMap {rbx=Oop rcx=Oop [176]=Oop [184]=Oop [376]=Oop [384]=Oop }
                      ;*synchronization entry
                      ; - com.sun.javafx.geom.RectBounds::getHeight@-1 (line 98)
                      ; - com.sun.javafx.text.PrismTextLayout::layout@1368 (line 1319)
  0x0000011d006b5ffc: 06e9 cded 

  0x0000011d006b6000: ;   {metadata({method} {0x0000011d10935ec0} 'layout' '()V' in 'com/sun/javafx/text/PrismTextLayout')}
  0x0000011d006b6000: ffff 49ba | b85e 9310 | 1d01 0000 | 4c89 5424 | 0848 c704 | 2467 0500 

  0x0000011d006b6018: ;   {runtime_call C1 Runtime counter_overflow_blob}
  0x0000011d006b6018: 00e8 427a 

  0x0000011d006b601c: ; ImmutableOopMap {[176]=Oop [184]=Oop }
                      ;*goto {reexecute=1 rethrow=0 return_oop=0}
                      ; - (reexecute) com.sun.javafx.text.PrismTextLayout::layout@1383 (line 1256)
  0x0000011d006b601c: f906 e90f | eeff ff48 | c704 2400 | 0000 0048 | 895c 2408 

  0x0000011d006b6030: ;   {runtime_call C1 Runtime throw_range_check_failed_blob}
  0x0000011d006b6030: e8ab 19f9 

  0x0000011d006b6034: ; ImmutableOopMap {rdx=Oop rbx=Oop [176]=Oop [184]=Oop }
                      ;*aaload {reexecute=0 rethrow=0 return_oop=0}
                      ; - com.sun.javafx.text.PrismTextLayout::layout@1391 (line 1322)
                      ;   {runtime_call C1 Runtime throw_null_pointer_exception_blob}
  0x0000011d006b6034: 06e8 a622 

  0x0000011d006b6038: ; ImmutableOopMap {rdx=Oop rsi=Oop [176]=Oop [184]=Oop }
                      ;*invokevirtual getBounds {reexecute=0 rethrow=0 return_oop=0}
                      ; - com.sun.javafx.text.PrismTextLayout::layout@1392 (line 1322)
                      ;   {runtime_call C1 Runtime throw_null_pointer_exception_blob}
  0x0000011d006b6038: f906 e8a1 

  0x0000011d006b603c: ; ImmutableOopMap {rdx=Oop rsi=Oop [176]=Oop [184]=Oop }
                      ;*invokevirtual getMinY {reexecute=0 rethrow=0 return_oop=0}
                      ; - com.sun.javafx.text.PrismTextLayout::layout@1395 (line 1322)
                      ;   {runtime_call C1 Runtime throw_null_pointer_exception_blob}
  0x0000011d006b603c: 22f9 06e8 

  0x0000011d006b6040: ; ImmutableOopMap {rdx=Oop rsi=Oop [176]=Oop [184]=Oop }
                      ;*invokevirtual deriveWithNewBounds {reexecute=0 rethrow=0 return_oop=0}
                      ; - com.sun.javafx.text.PrismTextLayout::layout@1427 (line 1324)
  0x0000011d006b6040: 9c22 f906 | 8b72 4448 | c1e6 0348 | 83fe 000f | 84dc efff | ff48 8934 

  0x0000011d006b6058: ;   {runtime_call g1_pre_barrier_slow}
  0x0000011d006b6058: 24e8 0280 | f906 e9ce | efff ff48 | 83f8 000f | 84e3 efff | ff48 8914 

  0x0000011d006b6070: ;   {runtime_call g1_post_barrier_slow}
  0x0000011d006b6070: 24e8 6a87 | f906 e9d5 

  0x0000011d006b6078: ;   {runtime_call C1 Runtime throw_null_pointer_exception_blob}
  0x0000011d006b6078: efff ffe8 

  0x0000011d006b607c: ; ImmutableOopMap {rdx=Oop [176]=Oop [184]=Oop }
                      ;*getfield valid {reexecute=1 rethrow=0 return_oop=0}
                      ; - (reexecute) com.sun.javafx.text.PrismTextLayout::layout@1451 (line 1329)
  0x0000011d006b607c: 6022 f906 

  0x0000011d006b6080: ; implicit exception: dispatches to 0x0000011d006b61d6
  0x0000011d006b6080: 8b78 2c48 | c1e7 0348 | 83ff 000f | 84c8 f0ff | ff48 893c 

  0x0000011d006b6094: ;   {runtime_call g1_pre_barrier_slow}
  0x0000011d006b6094: 24e8 c67f | f906 e9ba 

  0x0000011d006b609c: ;   {runtime_call C1 Runtime throw_null_pointer_exception_blob}
  0x0000011d006b609c: f0ff ffe8 

  0x0000011d006b60a0: ; ImmutableOopMap {rdx=Oop rax=Oop rsi=Oop [176]=Oop [184]=Oop }
                      ;*putfield font {reexecute=1 rethrow=0 return_oop=0}
                      ; - (reexecute) com.sun.javafx.text.PrismTextLayout::layout@1472 (line 1335)
  0x0000011d006b60a0: 3c22 f906 | 4883 fe00 | 0f84 caf0 | ffff 4889 

  0x0000011d006b60b0: ;   {runtime_call g1_post_barrier_slow}
  0x0000011d006b60b0: 0424 e829 | 87f9 06e9 | bcf0 ffff | 8b78 2848 | c1e7 0348 | 83ff 000f | 84bf f0ff | ff48 893c 
  0x0000011d006b60d0: ;   {runtime_call g1_pre_barrier_slow}
  0x0000011d006b60d0: 24e8 8a7f | f906 e9b1 | f0ff ff48 | 83fe 000f | 84c6 f0ff | ff48 8904 

  0x0000011d006b60e8: ;   {runtime_call g1_post_barrier_slow}
  0x0000011d006b60e8: 24e8 f286 | f906 e9b8 | f0ff ff8b | 7830 48c1 | e703 4883 | ff00 0f84 | bbf0 ffff | 4889 3c24 
  0x0000011d006b6108: ;   {runtime_call g1_pre_barrier_slow}
  0x0000011d006b6108: e853 7ff9 | 06e9 adf0 | ffff 4883 | fe00 0f84 | c2f0 ffff | 4889 0424 

  0x0000011d006b6120: ;   {runtime_call g1_post_barrier_slow}
  0x0000011d006b6120: e8bb 86f9 | 06e9 b4f0 | ffff 8b78 | 3448 c1e7 | 0348 83ff | 000f 84bd | f0ff ff48 

  0x0000011d006b613c: ;   {runtime_call g1_pre_barrier_slow}
  0x0000011d006b613c: 893c 24e8 | 1c7f f906 | e9af f0ff | ff48 83fe | 000f 84c4 | f0ff ff48 

  0x0000011d006b6154: ;   {runtime_call g1_post_barrier_slow}
  0x0000011d006b6154: 8904 24e8 | 8486 f906 | e9b6 f0ff | ff48 8974 | 2408 4889 

  0x0000011d006b6168: ;   {runtime_call C1 Runtime monitorenter_blob}
  0x0000011d006b6168: 3c24 e8f1 

  0x0000011d006b616c: ; ImmutableOopMap {rdx=Oop rsi=Oop [176]=Oop [184]=Oop [488]=Oop }
                      ;*monitorenter {reexecute=0 rethrow=0 return_oop=0}
                      ; - com.sun.javafx.text.PrismTextLayout::layout@1562 (line 1343)
  0x0000011d006b616c: 54f9 06e9 | 2df1 ffff 

  0x0000011d006b6174: ;   {runtime_call C1 Runtime throw_null_pointer_exception_blob}
  0x0000011d006b6174: e867 21f9 

  0x0000011d006b6178: ; ImmutableOopMap {rdx=Oop [176]=Oop [488]=Oop }
                      ;*arraylength {reexecute=0 rethrow=0 return_oop=0}
                      ; - com.sun.javafx.text.PrismTextLayout::layout@1564 (line 1344)
  0x0000011d006b6178: 0648 8d84 | 24e0 0100 | 0048 8904 

  0x0000011d006b6184: ;   {runtime_call C1 Runtime monitorexit_blob}
  0x0000011d006b6184: 24e8 d65a | f906 e967 

  0x0000011d006b618c: ;   {runtime_call C1 Runtime throw_null_pointer_exception_blob}
  0x0000011d006b618c: f3ff ffe8 

  0x0000011d006b6190: ; ImmutableOopMap {}
                      ;*putfield valid {reexecute=1 rethrow=0 return_oop=0}
                      ; - (reexecute) com.sun.javafx.text.PrismTextLayout::layout@1632 (line 1353)
  0x0000011d006b6190: 4c21 f906 

  0x0000011d006b6194: ;   {internal_word}
  0x0000011d006b6194: 49ba 2155 | 6b00 1d01 | 0000 4d89 | 97e0 0400 

  0x0000011d006b61a4: ;   {runtime_call SafepointBlob}
  0x0000011d006b61a4: 00e9 b6ad 

  0x0000011d006b61a8: ;   {internal_word}
  0x0000011d006b61a8: ec06 49ba | 3455 6b00 | 1d01 0000 | 4d89 97e0 

  0x0000011d006b61b8: ;   {runtime_call SafepointBlob}
  0x0000011d006b61b8: 0400 00e9 | a0ad ec06 | 488d 8424 | e001 0000 | 4889 0424 

  0x0000011d006b61cc: ;   {runtime_call C1 Runtime monitorexit_blob}
  0x0000011d006b61cc: e88f 5af9 | 06e9 ecf3 

  0x0000011d006b61d4: ;   {runtime_call C1 Runtime throw_null_pointer_exception_blob}
  0x0000011d006b61d4: ffff e805 

  0x0000011d006b61d8: ; ImmutableOopMap {rdx=Oop rax=Oop rsi=Oop [176]=Oop [184]=Oop }
                      ;*putfield font {reexecute=1 rethrow=0 return_oop=0}
                      ; - (reexecute) com.sun.javafx.text.PrismTextLayout::layout@1472 (line 1335)
  0x0000011d006b61d8: 21f9 0649 | 8b87 8805 | 0000 49c7 | 8788 0500 | 0000 0000 | 0049 c787 | 9005 0000 | 0000 0000 
  0x0000011d006b61f8: 4881 c400 | 0200 005d 

  0x0000011d006b6200: ;   {runtime_call C1 Runtime unwind_exception_blob}
  0x0000011d006b6200: e9db 11f9 | 06f4 f4f4 
[Stub Code]
  0x0000011d006b6208: ;   {other}
  0x0000011d006b6208: 0f1f 4400 

  0x0000011d006b620c: ;   {static_stub}
  0x0000011d006b620c: 0048 bb00 | 0000 0000 

  0x0000011d006b6214: ;   {runtime_call nmethod}
  0x0000011d006b6214: 0000 00e9 | fbff ffff 

  0x0000011d006b621c: ;   {static_stub}
  0x0000011d006b621c: 9048 bb00 | 0000 0000 

  0x0000011d006b6224: ;   {runtime_call nmethod}
  0x0000011d006b6224: 0000 00e9 | fbff ffff 

  0x0000011d006b622c: ;   {static_stub}
  0x0000011d006b622c: 9048 bb00 | 0000 0000 

  0x0000011d006b6234: ;   {runtime_call nmethod}
  0x0000011d006b6234: 0000 00e9 | fbff ffff 

  0x0000011d006b623c: ;   {static_stub}
  0x0000011d006b623c: 9048 bb00 | 0000 0000 

  0x0000011d006b6244: ;   {runtime_call nmethod}
  0x0000011d006b6244: 0000 00e9 | fbff ffff 

  0x0000011d006b624c: ;   {static_stub}
  0x0000011d006b624c: 9048 bba0 | 73e5 101d 

  0x0000011d006b6254: ;   {runtime_call I2C/C2I adapters}
  0x0000011d006b6254: 0100 00e9 | dbbd e906 

  0x0000011d006b625c: ;   {static_stub}
  0x0000011d006b625c: 9048 bb00 | 0000 0000 

  0x0000011d006b6264: ;   {runtime_call nmethod}
  0x0000011d006b6264: 0000 00e9 | fbff ffff 

  0x0000011d006b626c: ;   {static_stub}
  0x0000011d006b626c: 9048 bb00 | 0000 0000 

  0x0000011d006b6274: ;   {runtime_call nmethod}
  0x0000011d006b6274: 0000 00e9 | fbff ffff 

  0x0000011d006b627c: ;   {static_stub}
  0x0000011d006b627c: 9048 bb00 | 0000 0000 

  0x0000011d006b6284: ;   {runtime_call nmethod}
  0x0000011d006b6284: 0000 00e9 | fbff ffff 

  0x0000011d006b628c: ;   {static_stub}
  0x0000011d006b628c: 9048 bb00 | 0000 0000 

  0x0000011d006b6294: ;   {runtime_call nmethod}
  0x0000011d006b6294: 0000 00e9 | fbff ffff 

  0x0000011d006b629c: ;   {static_stub}
  0x0000011d006b629c: 9048 bba8 | 21e5 101d 

  0x0000011d006b62a4: ;   {runtime_call I2C/C2I adapters}
  0x0000011d006b62a4: 0100 00e9 | 0af6 ec06 

  0x0000011d006b62ac: ;   {static_stub}
  0x0000011d006b62ac: 9048 bb00 | 0000 0000 

  0x0000011d006b62b4: ;   {runtime_call nmethod}
  0x0000011d006b62b4: 0000 00e9 | fbff ffff 

  0x0000011d006b62bc: ;   {static_stub}
  0x0000011d006b62bc: 9048 bb00 | 0000 0000 

  0x0000011d006b62c4: ;   {runtime_call nmethod}
  0x0000011d006b62c4: 0000 00e9 | fbff ffff 

  0x0000011d006b62cc: ;   {static_stub}
  0x0000011d006b62cc: 9048 bb90 | 6de5 101d 

  0x0000011d006b62d4: ;   {runtime_call I2C/C2I adapters}
  0x0000011d006b62d4: 0100 00e9 | e04f fa06 

  0x0000011d006b62dc: ;   {static_stub}
  0x0000011d006b62dc: 9048 bb00 | 0000 0000 

  0x0000011d006b62e4: ;   {runtime_call nmethod}
  0x0000011d006b62e4: 0000 00e9 | fbff ffff 

  0x0000011d006b62ec: ;   {static_stub}
  0x0000011d006b62ec: 9048 bb00 | 0000 0000 

  0x0000011d006b62f4: ;   {runtime_call nmethod}
  0x0000011d006b62f4: 0000 00e9 | fbff ffff 

  0x0000011d006b62fc: ;   {static_stub}
  0x0000011d006b62fc: 9048 bb00 | 0000 0000 

  0x0000011d006b6304: ;   {runtime_call nmethod}
  0x0000011d006b6304: 0000 00e9 | fbff ffff 

  0x0000011d006b630c: ;   {static_stub}
  0x0000011d006b630c: 9048 bb20 | 114b 0800 

  0x0000011d006b6314: ;   {runtime_call I2C/C2I adapters}
  0x0000011d006b6314: 0000 00e9 | 1e70 ec06 

  0x0000011d006b631c: ;   {static_stub}
  0x0000011d006b631c: 48bb 0000 | 0000 0000 

  0x0000011d006b6324: ;   {runtime_call nmethod}
  0x0000011d006b6324: 0000 e9fb 

  0x0000011d006b6328: ;   {static_stub}
  0x0000011d006b6328: ffff ff48 | bb40 4f93 | 101d 0100 

  0x0000011d006b6334: ;   {runtime_call I2C/C2I adapters}
  0x0000011d006b6334: 00e9 8399 

  0x0000011d006b6338: ;   {static_stub}
  0x0000011d006b6338: ea06 48bb | 0000 0000 | 0000 0000 

  0x0000011d006b6344: ;   {runtime_call nmethod}
  0x0000011d006b6344: e9fb ffff 

  0x0000011d006b6348: ;   {static_stub}
  0x0000011d006b6348: ff48 bba0 | 6893 101d 

  0x0000011d006b6350: ;   {runtime_call I2C/C2I adapters}
  0x0000011d006b6350: 0100 00e9 | def8 ec06 

  0x0000011d006b6358: ;   {static_stub}
  0x0000011d006b6358: 48bb 0000 | 0000 0000 

  0x0000011d006b6360: ;   {runtime_call nmethod}
  0x0000011d006b6360: 0000 e9fb 

  0x0000011d006b6364: ;   {static_stub}
  0x0000011d006b6364: ffff ff48 | bb00 0000 | 0000 0000 

  0x0000011d006b6370: ;   {runtime_call nmethod}
  0x0000011d006b6370: 00e9 fbff 

  0x0000011d006b6374: ;   {static_stub}
  0x0000011d006b6374: ffff 48bb | 0000 0000 | 0000 0000 

  0x0000011d006b6380: ;   {runtime_call nmethod}
  0x0000011d006b6380: e9fb ffff 

  0x0000011d006b6384: ;   {static_stub}
  0x0000011d006b6384: ff48 bb00 | 0000 0000 

  0x0000011d006b638c: ;   {runtime_call nmethod}
  0x0000011d006b638c: 0000 00e9 | fbff ffff 

  0x0000011d006b6394: ;   {static_stub}
  0x0000011d006b6394: 48bb 0000 | 0000 0000 

  0x0000011d006b639c: ;   {runtime_call nmethod}
  0x0000011d006b639c: 0000 e9fb 

  0x0000011d006b63a0: ;   {static_stub}
  0x0000011d006b63a0: ffff ff48 | bb98 5193 | 101d 0100 

  0x0000011d006b63ac: ;   {runtime_call I2C/C2I adapters}
  0x0000011d006b63ac: 00e9 80a0 

  0x0000011d006b63b0: ;   {static_stub}
  0x0000011d006b63b0: ec06 48bb | 8852 9310 | 1d01 0000 

  0x0000011d006b63bc: ;   {runtime_call I2C/C2I adapters}
  0x0000011d006b63bc: e971 a0ec 

  0x0000011d006b63c0: ;   {static_stub}
  0x0000011d006b63c0: 0648 bb98 | 5593 101d 

  0x0000011d006b63c8: ;   {runtime_call I2C/C2I adapters}
  0x0000011d006b63c8: 0100 00e9 | 62a0 ec06 

  0x0000011d006b63d0: ;   {static_stub}
  0x0000011d006b63d0: 48bb 9049 | 9310 1d01 

  0x0000011d006b63d8: ;   {runtime_call I2C/C2I adapters}
  0x0000011d006b63d8: 0000 e957 

  0x0000011d006b63dc: ;   {static_stub}
  0x0000011d006b63dc: f8ec 0648 | bb00 0000 | 0000 0000 

  0x0000011d006b63e8: ;   {runtime_call nmethod}
  0x0000011d006b63e8: 00e9 fbff 

  0x0000011d006b63ec: ;   {static_stub}
  0x0000011d006b63ec: ffff 48bb | c856 9310 | 1d01 0000 

  0x0000011d006b63f8: ;   {runtime_call I2C/C2I adapters}
  0x0000011d006b63f8: e935 a0ec 

  0x0000011d006b63fc: ;   {static_stub}
  0x0000011d006b63fc: 0648 bbf0 | 4c93 101d 

  0x0000011d006b6404: ;   {runtime_call I2C/C2I adapters}
  0x0000011d006b6404: 0100 00e9 | 3200 ec06 

  0x0000011d006b640c: ;   {static_stub}
  0x0000011d006b640c: 9048 bb00 | 0000 0000 

  0x0000011d006b6414: ;   {runtime_call nmethod}
  0x0000011d006b6414: 0000 00e9 | fbff ffff 

  0x0000011d006b641c: ;   {static_stub}
  0x0000011d006b641c: 9048 bb00 | 0000 0000 

  0x0000011d006b6424: ;   {runtime_call nmethod}
  0x0000011d006b6424: 0000 00e9 | fbff ffff 

  0x0000011d006b642c: ;   {static_stub}
  0x0000011d006b642c: 9048 bb00 | 0000 0000 

  0x0000011d006b6434: ;   {runtime_call nmethod}
  0x0000011d006b6434: 0000 00e9 | fbff ffff 
[Exception Handler]
  0x0000011d006b643c: ;   {runtime_call C1 Runtime handle_exception_from_callee_blob}
  0x0000011d006b643c: e89f 3cf9 

  0x0000011d006b6440: ;   {external_word}
  0x0000011d006b6440: 0648 b928 | 0864 b8fb | 7f00 0048 

  0x0000011d006b644c: ;   {runtime_call}
  0x0000011d006b644c: 83e4 f048 | b800 8d27 | b8fb 7f00 | 00ff d0f4 
[Deopt Handler Code]
  0x0000011d006b645c: ;   {section_word}
  0x0000011d006b645c: 49ba 5c64 | 6b00 1d01 | 0000 4152 

  0x0000011d006b6468: ;   {runtime_call DeoptimizationBlob}
  0x0000011d006b6468: e9f3 adec | 06f4 f4f4 
[/MachCode]


---------------  P R O C E S S  ---------------

Threads class SMR info:
_java_thread_list=0x0000011d0f619780, length=25, elements={
0x0000011d6f5ff8e0, 0x0000011d7d59a840, 0x0000011d7d59b2a0, 0x0000011d7d59e660,
0x0000011d7d5a0050, 0x0000011d7d5a0c10, 0x0000011d7d5a9930, 0x0000011d7d5abc40,
0x0000011d7d5cc150, 0x0000011d0f31ae40, 0x0000011d0f421530, 0x0000011d0f5197e0,
0x0000011d142dff00, 0x0000011d1414e9e0, 0x0000011d146a0b20, 0x0000011d14f65750,
0x0000011d14f19390, 0x0000011d14f183f0, 0x0000011d1aa337a0, 0x0000011d1aa356e0,
0x0000011d1ac78f00, 0x0000011d1b1f75f0, 0x0000011d1b1f7dc0, 0x0000011d0f495940,
0x0000011d0f498190
}

Java Threads: ( => current thread )
  0x0000011d6f5ff8e0 JavaThread "main"                              [_thread_blocked, id=34040, stack(0x000000119be00000,0x000000119bf00000) (1024K)]
  0x0000011d7d59a840 JavaThread "Reference Handler"          daemon [_thread_blocked, id=34260, stack(0x000000119c600000,0x000000119c700000) (1024K)]
  0x0000011d7d59b2a0 JavaThread "Finalizer"                  daemon [_thread_blocked, id=22952, stack(0x000000119c700000,0x000000119c800000) (1024K)]
  0x0000011d7d59e660 JavaThread "Signal Dispatcher"          daemon [_thread_blocked, id=33668, stack(0x000000119c800000,0x000000119c900000) (1024K)]
  0x0000011d7d5a0050 JavaThread "Attach Listener"            daemon [_thread_blocked, id=33908, stack(0x000000119c900000,0x000000119ca00000) (1024K)]
  0x0000011d7d5a0c10 JavaThread "Service Thread"             daemon [_thread_blocked, id=11360, stack(0x000000119ca00000,0x000000119cb00000) (1024K)]
  0x0000011d7d5a9930 JavaThread "Monitor Deflation Thread"   daemon [_thread_blocked, id=21188, stack(0x000000119cb00000,0x000000119cc00000) (1024K)]
  0x0000011d7d5abc40 JavaThread "C2 CompilerThread0"         daemon [_thread_blocked, id=3028, stack(0x000000119cc00000,0x000000119cd00000) (1024K)]
  0x0000011d7d5cc150 JavaThread "C1 CompilerThread0"         daemon [_thread_blocked, id=8696, stack(0x000000119cd00000,0x000000119ce00000) (1024K)]
  0x0000011d0f31ae40 JavaThread "Common-Cleaner"             daemon [_thread_blocked, id=33980, stack(0x000000119ce00000,0x000000119cf00000) (1024K)]
  0x0000011d0f421530 JavaThread "Monitor Ctrl-Break"         daemon [_thread_in_native, id=4588, stack(0x000000119d100000,0x000000119d200000) (1024K)]
  0x0000011d0f5197e0 JavaThread "Notification Thread"        daemon [_thread_blocked, id=12960, stack(0x000000119d200000,0x000000119d300000) (1024K)]
  0x0000011d142dff00 JavaThread "QuantumRenderer-0"          daemon [_thread_blocked, id=18616, stack(0x000000119cf00000,0x000000119d000000) (1024K)]
  0x0000011d1414e9e0 JavaThread "InvokeLaterDispatcher"      daemon [_thread_blocked, id=16712, stack(0x000000119d000000,0x000000119d100000) (1024K)]
=>0x0000011d146a0b20 JavaThread "JavaFX Application Thread"         [_thread_in_native, id=33600, stack(0x000000119d300000,0x000000119d400000) (1024K)]
  0x0000011d14f65750 JavaThread "JavaFX-Launcher"                   [_thread_blocked, id=21888, stack(0x000000119e600000,0x000000119e700000) (1024K)]
  0x0000011d14f19390 JavaThread "Thread-2"                   daemon [_thread_in_native, id=4540, stack(0x000000119e500000,0x000000119e600000) (1024K)]
  0x0000011d14f183f0 JavaThread "JNA Cleaner"                daemon [_thread_blocked, id=3084, stack(0x000000119e700000,0x000000119e800000) (1024K)]
  0x0000011d1aa337a0 JavaThread "Prism Font Disposer"        daemon [_thread_blocked, id=31172, stack(0x000000119ee00000,0x000000119ef00000) (1024K)]
  0x0000011d1aa356e0 JavaThread "ForkJoinPool.commonPool-worker-1" daemon [_thread_blocked, id=336, stack(0x000000119f000000,0x000000119f100000) (1024K)]
  0x0000011d1ac78f00 JavaThread "Cleaner-0"                  daemon [_thread_blocked, id=29052, stack(0x000000119ef00000,0x000000119f000000) (1024K)]
  0x0000011d1b1f75f0 JavaThread "Cleaner-1"                  daemon [_thread_blocked, id=4708, stack(0x00000011a0e00000,0x00000011a0f00000) (1024K)]
  0x0000011d1b1f7dc0 JavaThread "DefaultSleeper"             daemon [_thread_blocked, id=32168, stack(0x00000011a0f00000,0x00000011a1000000) (1024K)]
  0x0000011d0f495940 JavaThread "C2 CompilerThread1"         daemon [_thread_blocked, id=20900, stack(0x000000119ed00000,0x000000119ee00000) (1024K)]
  0x0000011d0f498190 JavaThread "C2 CompilerThread2"         daemon [_thread_blocked, id=19176, stack(0x00000011a0d00000,0x00000011a0e00000) (1024K)]
Total: 25

Other Threads:
  0x0000011d7d588490 VMThread "VM Thread"                           [id=23440, stack(0x000000119c500000,0x000000119c600000) (1024K)]
  0x0000011d7d575c30 WatcherThread "VM Periodic Task Thread"        [id=11612, stack(0x000000119c400000,0x000000119c500000) (1024K)]
  0x0000011d6d33de10 WorkerThread "GC Thread#0"                     [id=33052, stack(0x000000119bf00000,0x000000119c000000) (1024K)]
  0x0000011d1a82b310 WorkerThread "GC Thread#1"                     [id=23748, stack(0x000000119e800000,0x000000119e900000) (1024K)]
  0x0000011d1a80d7d0 WorkerThread "GC Thread#2"                     [id=15912, stack(0x000000119e900000,0x000000119ea00000) (1024K)]
  0x0000011d1a7e65e0 WorkerThread "GC Thread#3"                     [id=17492, stack(0x000000119ea00000,0x000000119eb00000) (1024K)]
  0x0000011d1a7e37c0 WorkerThread "GC Thread#4"                     [id=34376, stack(0x000000119eb00000,0x000000119ec00000) (1024K)]
  0x0000011d1464b8c0 WorkerThread "GC Thread#5"                     [id=34092, stack(0x000000119ec00000,0x000000119ed00000) (1024K)]
  0x0000011d1d022f60 WorkerThread "GC Thread#6"                     [id=17028, stack(0x000000119f500000,0x000000119f600000) (1024K)]
  0x0000011d1d0251e0 WorkerThread "GC Thread#7"                     [id=25316, stack(0x000000119f600000,0x000000119f700000) (1024K)]
  0x0000011d1d0226c0 WorkerThread "GC Thread#8"                     [id=8644, stack(0x000000119f700000,0x000000119f800000) (1024K)]
  0x0000011d1d023800 WorkerThread "GC Thread#9"                     [id=18236, stack(0x000000119f800000,0x000000119f900000) (1024K)]
  0x0000011d1d021580 WorkerThread "GC Thread#10"                    [id=18116, stack(0x000000119f900000,0x000000119fa00000) (1024K)]
  0x0000011d6f699220 ConcurrentGCThread "G1 Main Marker"            [id=12492, stack(0x000000119c000000,0x000000119c100000) (1024K)]
  0x0000011d6f69a360 WorkerThread "G1 Conc#0"                       [id=33252, stack(0x000000119c100000,0x000000119c200000) (1024K)]
  0x0000011d1d025630 WorkerThread "G1 Conc#1"                       [id=29228, stack(0x000000119fa00000,0x000000119fb00000) (1024K)]
  0x0000011d1d0219d0 WorkerThread "G1 Conc#2"                       [id=22328, stack(0x000000119fb00000,0x000000119fc00000) (1024K)]
  0x0000011d7d4430b0 ConcurrentGCThread "G1 Refine#0"               [id=3284, stack(0x000000119c200000,0x000000119c300000) (1024K)]
  0x0000011d7d443ac0 ConcurrentGCThread "G1 Service"                [id=20032, stack(0x000000119c300000,0x000000119c400000) (1024K)]
Total: 19

Threads with active compile tasks:
Total: 0

VM state: not at safepoint (normal execution)

VM Mutex/Monitor currently owned by a thread: None

Heap address: 0x0000000708c00000, size: 3956 MB, Compressed Oops mode: Zero based, Oop shift amount: 3

CDS archive(s) mapped at: [0x0000000008000000-0x0000000008dd0000-0x0000000008dd0000), size 14483456, SharedBaseAddress: 0x0000000008000000, ArchiveRelocationMode: 1.
Compressed class space mapped at: 0x0000000009000000-0x0000000049000000, reserved size: 1073741824
UseCompressedClassPointers 1, UseCompactObjectHeaders 0
Narrow klass pointer bits 32, Max shift 3
Narrow klass base: 0x0000000008000000, Narrow klass shift: 0
Encoding Range: [0x0000000008000000 - 0x0000000108000000), (4294967296 bytes)
Klass Range:    [0x0000000008010000 - 0x0000000049000000), (1090453504 bytes)
Klass ID Range:  [65536 - 1090519033) (1090453497)
Protection zone: [0x0000000008000000 - 0x0000000008010000), (65536 bytes)

GC Precious Log:
 CardTable entry size: 512
 Card Set container configuration: InlinePtr #cards 4 size 8 Array Of Cards #cards 16 size 48 Howl #buckets 8 coarsen threshold 3686 Howl Bitmap #cards 512 size 80 coarsen threshold 460 Card regions per heap region 1 cards per card region 4096
 CPUs: 14 total, 14 available
 Memory: 15817M
 Large Page Support: Disabled
 NUMA Support: Disabled
 Compressed Oops: Enabled (Zero based)
 Heap Region Size: 2M
 Heap Min Capacity: 8M
 Heap Initial Capacity: 248M
 Heap Max Capacity: 3956M
 Pre-touch: Disabled
 Parallel Workers: 11
 Concurrent Workers: 3
 Concurrent Refinement Workers: 11
 Periodic GC: Disabled

Heap:
 garbage-first heap   total reserved 4050944K, committed 77824K, used 56888K [0x0000000708c00000, 0x0000000800000000)
  region size 2048K, 12 young (24576K), 2 survivors (4096K)

Heap Regions: E=young(eden), S=young(survivor), O=old, HS=humongous(starts), HC=humongous(continues), CS=collection set, F=free, TAMS=top-at-mark-start, PB=parsable bottom
|   0|0x0000000708c00000, 0x0000000708c00000, 0x0000000708e00000|  0%| F|  |TAMS 0x0000000708c00000| PB 0x0000000708c00000| Untracked |  0
|   1|0x0000000708e00000, 0x0000000709000000, 0x0000000709000000|100%|HS|  |TAMS 0x0000000708e00000| PB 0x0000000708e00000| Complete |  0
|   2|0x0000000709000000, 0x0000000709200000, 0x0000000709200000|100%|HS|  |TAMS 0x0000000709000000| PB 0x0000000709000000| Complete |  0
|   3|0x0000000709200000, 0x0000000709400000, 0x0000000709400000|100%| O|  |TAMS 0x0000000709200000| PB 0x0000000709200000| Untracked |  0
|   4|0x0000000709400000, 0x0000000709600000, 0x0000000709600000|100%| O|  |TAMS 0x0000000709400000| PB 0x0000000709400000| Untracked |  1
|   5|0x0000000709600000, 0x0000000709800000, 0x0000000709800000|100%| O|  |TAMS 0x0000000709600000| PB 0x0000000709600000| Untracked |  0
|   6|0x0000000709800000, 0x0000000709a00000, 0x0000000709a00000|100%| O|  |TAMS 0x0000000709800000| PB 0x0000000709800000| Untracked |  0
|   7|0x0000000709a00000, 0x0000000709c00000, 0x0000000709c00000|100%| O|  |TAMS 0x0000000709a00000| PB 0x0000000709a00000| Untracked |  0
|   8|0x0000000709c00000, 0x0000000709e00000, 0x0000000709e00000|100%| O|  |TAMS 0x0000000709c00000| PB 0x0000000709c00000| Untracked |  0
|   9|0x0000000709e00000, 0x000000070a000000, 0x000000070a000000|100%| O|  |TAMS 0x0000000709e00000| PB 0x0000000709e00000| Untracked |  0
|  10|0x000000070a000000, 0x000000070a200000, 0x000000070a200000|100%| O|  |TAMS 0x000000070a000000| PB 0x000000070a000000| Untracked |  0
|  11|0x000000070a200000, 0x000000070a400000, 0x000000070a400000|100%| O|  |TAMS 0x000000070a200000| PB 0x000000070a200000| Untracked |  0
|  12|0x000000070a400000, 0x000000070a600000, 0x000000070a600000|100%| O|  |TAMS 0x000000070a400000| PB 0x000000070a400000| Untracked |  0
|  13|0x000000070a600000, 0x000000070a800000, 0x000000070a800000|100%| O|  |TAMS 0x000000070a600000| PB 0x000000070a600000| Untracked |  0
|  14|0x000000070a800000, 0x000000070aa00000, 0x000000070aa00000|100%| O|  |TAMS 0x000000070a800000| PB 0x000000070a800000| Untracked |  0
|  15|0x000000070aa00000, 0x000000070ac00000, 0x000000070ac00000|100%| O|  |TAMS 0x000000070aa00000| PB 0x000000070aa00000| Untracked |  0
|  16|0x000000070ac00000, 0x000000070ae00000, 0x000000070ae00000|100%| O|  |TAMS 0x000000070ac00000| PB 0x000000070ac00000| Untracked |  0
|  17|0x000000070ae00000, 0x000000070aefac98, 0x000000070b000000| 48%| O|  |TAMS 0x000000070ae00000| PB 0x000000070ae00000| Untracked |  0
|  18|0x000000070b000000, 0x000000070b200000, 0x000000070b200000|100%|HS|  |TAMS 0x000000070b000000| PB 0x000000070b000000| Complete |  0
|  19|0x000000070b200000, 0x000000070b200000, 0x000000070b400000|  0%| F|  |TAMS 0x000000070b200000| PB 0x000000070b200000| Untracked |  0
|  20|0x000000070b400000, 0x000000070b400000, 0x000000070b600000|  0%| F|  |TAMS 0x000000070b400000| PB 0x000000070b400000| Untracked |  0
|  21|0x000000070b600000, 0x000000070b600000, 0x000000070b800000|  0%| F|  |TAMS 0x000000070b600000| PB 0x000000070b600000| Untracked |  0
|  22|0x000000070b800000, 0x000000070b800000, 0x000000070ba00000|  0%| F|  |TAMS 0x000000070b800000| PB 0x000000070b800000| Untracked |  0
|  23|0x000000070ba00000, 0x000000070ba00000, 0x000000070bc00000|  0%| F|  |TAMS 0x000000070ba00000| PB 0x000000070ba00000| Untracked |  0
|  24|0x000000070bc00000, 0x000000070bc00000, 0x000000070be00000|  0%| F|  |TAMS 0x000000070bc00000| PB 0x000000070bc00000| Untracked |  0
|  25|0x000000070be00000, 0x000000070be75688, 0x000000070c000000| 22%| E|  |TAMS 0x000000070be00000| PB 0x000000070be00000| Complete |  0
|  26|0x000000070c000000, 0x000000070c093620, 0x000000070c200000| 28%| S|CS|TAMS 0x000000070c000000| PB 0x000000070c000000| Complete |  0
|  27|0x000000070c200000, 0x000000070c400000, 0x000000070c400000|100%| S|CS|TAMS 0x000000070c200000| PB 0x000000070c200000| Complete |  0
|  28|0x000000070c400000, 0x000000070c600000, 0x000000070c600000|100%| E|CS|TAMS 0x000000070c400000| PB 0x000000070c400000| Complete |  0
|  77|0x0000000712600000, 0x0000000712800000, 0x0000000712800000|100%| E|  |TAMS 0x0000000712600000| PB 0x0000000712600000| Complete |  0
|  78|0x0000000712800000, 0x0000000712a00000, 0x0000000712a00000|100%| E|CS|TAMS 0x0000000712800000| PB 0x0000000712800000| Complete |  0
|  79|0x0000000712a00000, 0x0000000712c00000, 0x0000000712c00000|100%| E|CS|TAMS 0x0000000712a00000| PB 0x0000000712a00000| Complete |  0
|  80|0x0000000712c00000, 0x0000000712e00000, 0x0000000712e00000|100%| E|CS|TAMS 0x0000000712c00000| PB 0x0000000712c00000| Complete |  0
|  81|0x0000000712e00000, 0x0000000713000000, 0x0000000713000000|100%| E|CS|TAMS 0x0000000712e00000| PB 0x0000000712e00000| Complete |  0
|  82|0x0000000713000000, 0x0000000713200000, 0x0000000713200000|100%| E|CS|TAMS 0x0000000713000000| PB 0x0000000713000000| Complete |  0
| 123|0x0000000718200000, 0x0000000718400000, 0x0000000718400000|100%| E|CS|TAMS 0x0000000718200000| PB 0x0000000718200000| Complete |  0
|1976|0x00000007ffc00000, 0x00000007ffe00000, 0x00000007ffe00000|100%| O|Cm|TAMS 0x00000007ffc00000| PB 0x00000007ffc00000| Complete |  0
|1977|0x00000007ffe00000, 0x0000000800000000, 0x0000000800000000|100%| E|CS|TAMS 0x00000007ffe00000| PB 0x00000007ffe00000| Complete |  0

Card table byte_map: [0x0000011d78d90000,0x0000011d79550000] _byte_map_base: 0x0000011d7554a000

Marking Bits: (CMBitMap*) 0x0000011d6d33e3a0
 Bits: [0x0000011d79550000, 0x0000011d7d320000)

Polling page: 0x0000011d6edb0000

Metaspace:
Metaspace        used 41949K, committed 42368K, reserved 1114112K
 class space     used 4977K, committed 5184K, reserved 1048576K

Usage:
  Non-class:     36.11 MB used.
      Class:      4.86 MB used.
       Both:     40.97 MB used.

Virtual space:
  Non-class space:       64.00 MB reserved,      36.31 MB ( 57%) committed,  1 nodes.
      Class space:        1.00 GB reserved,       5.06 MB ( <1%) committed,  1 nodes.
             Both:        1.06 GB reserved,      41.38 MB (  4%) committed. 

Chunk freelists:
   Non-Class:  11.62 MB
       Class:  10.91 MB
        Both:  22.53 MB

MaxMetaspaceSize: unlimited
CompressedClassSpaceSize: 1.00 GB
Initial GC threshold: 21.00 MB
Current GC threshold: 68.38 MB
CDS: on
 - commit_granule_bytes: 65536.
 - commit_granule_words: 8192.
 - virtual_space_node_default_size: 8388608.
 - enlarge_chunks_in_place: 1.
UseCompressedClassPointers 1, UseCompactObjectHeaders 0
Narrow klass pointer bits 32, Max shift 3
Narrow klass base: 0x0000000008000000, Narrow klass shift: 0
Encoding Range: [0x0000000008000000 - 0x0000000108000000), (4294967296 bytes)
Klass Range:    [0x0000000008010000 - 0x0000000049000000), (1090453504 bytes)
Klass ID Range:  [65536 - 1090519033) (1090453497)
Protection zone: [0x0000000008000000 - 0x0000000008010000), (65536 bytes)


Internal statistics:

num_allocs_failed_limit: 6.
num_arena_births: 450.
num_arena_deaths: 0.
num_vsnodes_births: 2.
num_vsnodes_deaths: 0.
num_space_committed: 661.
num_space_uncommitted: 0.
num_chunks_returned_to_freelist: 6.
num_chunks_taken_from_freelist: 1839.
num_chunk_merges: 6.
num_chunk_splits: 1323.
num_chunks_enlarged: 1072.
num_inconsistent_stats: 0.

CodeHeap 'non-profiled nmethods': size=120064Kb used=3113Kb max_used=3113Kb free=116950Kb
 bounds [0x0000011d07ac0000, 0x0000011d07dd0000, 0x0000011d0f000000]
CodeHeap 'profiled nmethods': size=120000Kb used=12683Kb max_used=12807Kb free=107317Kb
 bounds [0x0000011d00000000, 0x0000011d00c90000, 0x0000011d07530000]
CodeHeap 'non-nmethods': size=5696Kb used=1850Kb max_used=2014Kb free=3845Kb
 bounds [0x0000011d07530000, 0x0000011d077a0000, 0x0000011d07ac0000]
CodeCache: size=245760Kb, used=17646Kb, max_used=17934Kb, free=228112Kb
 total_blobs=8422, nmethods=7446, adapters=879, full_count=0
Compilation: enabled, stopped_count=0, restarted_count=0

Compilation events (20 events):
Event: 27.292 Thread 0x0000011d7d5cc150 nmethod 8150 0x0000011d00870a08 code [0x0000011d00870b00, 0x0000011d00871338]
Event: 27.293 Thread 0x0000011d0f498190 nmethod 8151 0x0000011d07dbd808 code [0x0000011d07dbd900, 0x0000011d07dbdc00]
Event: 27.294 Thread 0x0000011d7d5cc150 8152       3       java.lang.invoke.MethodTypeForm::hasPrimitives (13 bytes)
Event: 27.294 Thread 0x0000011d7d5cc150 nmethod 8152 0x0000011d004f7f88 code [0x0000011d004f8080, 0x0000011d004f81d8]
Event: 27.299 Thread 0x0000011d0f495940 nmethod 8143 0x0000011d07dbdc88 code [0x0000011d07dbdd80, 0x0000011d07dbef50]
Event: 27.301 Thread 0x0000011d7d5cc150 8153       3       jdk.internal.reflect.Reflection::ensureNativeAccess (39 bytes)
Event: 27.301 Thread 0x0000011d7d5cc150 nmethod 8153 0x0000011d00501888 code [0x0000011d00501980, 0x0000011d00501ce0]
Event: 27.301 Thread 0x0000011d7d5cc150 8154       3       java.lang.System$1::ensureNativeAccess (11 bytes)
Event: 27.302 Thread 0x0000011d7d5cc150 nmethod 8154 0x0000011d00501408 code [0x0000011d00501500, 0x0000011d005016d0]
Event: 27.302 Thread 0x0000011d7d5cc150 8155       3       java.lang.Module::ensureNativeAccess (314 bytes)
Event: 27.303 Thread 0x0000011d7d5cc150 nmethod 8155 0x0000011d005a5b88 code [0x0000011d005a5c80, 0x0000011d005a9730]
Event: 27.303 Thread 0x0000011d7d5cc150 8156       3       java.lang.Module::moduleForNativeAccess (15 bytes)
Event: 27.303 Thread 0x0000011d7d5cc150 nmethod 8156 0x0000011d00425488 code [0x0000011d00425580, 0x0000011d00425800]
Event: 27.303 Thread 0x0000011d7d5cc150 8157       3       jdk.internal.module.ModuleBootstrap::illegalNativeAccess (4 bytes)
Event: 27.303 Thread 0x0000011d7d5cc150 nmethod 8157 0x0000011d00425188 code [0x0000011d00425280, 0x0000011d00425370]
Event: 27.303 Thread 0x0000011d7d5cc150 8158       3       java.lang.Module$EnableNativeAccess::isNativeAccessEnabled (11 bytes)
Event: 27.303 Thread 0x0000011d7d5cc150 nmethod 8158 0x0000011d00424e88 code [0x0000011d00424f80, 0x0000011d00425080]
Event: 27.306 Thread 0x0000011d0f498190 8159   !   4       com.sun.javafx.font.PrismFontFile::getAdvanceFromHMTX (152 bytes)
Event: 27.307 Thread 0x0000011d0f495940 8160       4       java.lang.StringLatin1::toChars (16 bytes)
Event: 27.308 Thread 0x0000011d0f495940 nmethod 8160 0x0000011d07dbef88 code [0x0000011d07dbf080, 0x0000011d07dbf248]

GC Heap Usage History (16 events):
Event: 1.756 {heap Before GC invocations=0 (full 0):
 garbage-first heap   total reserved 4050944K, committed 256000K, used 48275K [0x0000000708c00000, 0x0000000800000000)
  region size 2048K, 24 young (49152K), 0 survivors (0K)
}
Event: 1.762 {heap After GC invocations=1 (full 0):
 garbage-first heap   total reserved 4050944K, committed 256000K, used 5723K [0x0000000708c00000, 0x0000000800000000)
  region size 2048K, 3 young (6144K), 3 survivors (6144K)
}
Event: 3.597 {heap Before GC invocations=1 (full 0):
 garbage-first heap   total reserved 4050944K, committed 256000K, used 83547K [0x0000000708c00000, 0x0000000800000000)
  region size 2048K, 41 young (83968K), 3 survivors (6144K)
}
Event: 3.605 {heap After GC invocations=2 (full 0):
 garbage-first heap   total reserved 4050944K, committed 256000K, used 13843K [0x0000000708c00000, 0x0000000800000000)
  region size 2048K, 6 young (12288K), 6 survivors (12288K)
}
Event: 11.989 {heap Before GC invocations=3 (full 0):
 garbage-first heap   total reserved 4050944K, committed 55296K, used 50707K [0x0000000708c00000, 0x0000000800000000)
  region size 2048K, 24 young (49152K), 6 survivors (12288K)
}
Event: 11.999 {heap After GC invocations=4 (full 0):
 garbage-first heap   total reserved 4050944K, committed 75776K, used 24727K [0x0000000708c00000, 0x0000000800000000)
  region size 2048K, 10 young (20480K), 10 survivors (20480K)
}
Event: 12.275 {heap Before GC invocations=4 (full 0):
 garbage-first heap   total reserved 4050944K, committed 75776K, used 49303K [0x0000000708c00000, 0x0000000800000000)
  region size 2048K, 22 young (45056K), 10 survivors (20480K)
}
Event: 12.285 {heap After GC invocations=5 (full 0):
 garbage-first heap   total reserved 4050944K, committed 77824K, used 29252K [0x0000000708c00000, 0x0000000800000000)
  region size 2048K, 2 young (4096K), 2 survivors (4096K)
}
Event: 15.426 {heap Before GC invocations=5 (full 0):
 garbage-first heap   total reserved 4050944K, committed 77824K, used 39492K [0x0000000708c00000, 0x0000000800000000)
  region size 2048K, 8 young (16384K), 2 survivors (4096K)
}
Event: 15.429 {heap After GC invocations=6 (full 0):
 garbage-first heap   total reserved 4050944K, committed 77824K, used 30389K [0x0000000708c00000, 0x0000000800000000)
  region size 2048K, 1 young (2048K), 1 survivors (2048K)
}
Event: 15.947 {heap Before GC invocations=7 (full 0):
 garbage-first heap   total reserved 4050944K, committed 77824K, used 57013K [0x0000000708c00000, 0x0000000800000000)
  region size 2048K, 15 young (30720K), 1 survivors (2048K)
}
Event: 15.950 {heap After GC invocations=8 (full 0):
 garbage-first heap   total reserved 4050944K, committed 77824K, used 33591K [0x0000000708c00000, 0x0000000800000000)
  region size 2048K, 2 young (4096K), 2 survivors (4096K)
}
Event: 22.625 {heap Before GC invocations=8 (full 0):
 garbage-first heap   total reserved 4050944K, committed 77824K, used 62263K [0x0000000708c00000, 0x0000000800000000)
  region size 2048K, 16 young (32768K), 2 survivors (4096K)
}
Event: 22.629 {heap After GC invocations=9 (full 0):
 garbage-first heap   total reserved 4050944K, committed 77824K, used 37971K [0x0000000708c00000, 0x0000000800000000)
  region size 2048K, 2 young (4096K), 2 survivors (4096K)
}
Event: 26.315 {heap Before GC invocations=9 (full 0):
 garbage-first heap   total reserved 4050944K, committed 77824K, used 54355K [0x0000000708c00000, 0x0000000800000000)
  region size 2048K, 11 young (22528K), 2 survivors (4096K)
}
Event: 26.319 {heap After GC invocations=10 (full 0):
 garbage-first heap   total reserved 4050944K, committed 77824K, used 40504K [0x0000000708c00000, 0x0000000800000000)
  region size 2048K, 2 young (4096K), 2 survivors (4096K)
}

Metaspace Usage History (16 events):
Event: 1.756 {metaspace Before GC invocations=0 (full 0):
 Metaspace       used 9894K, committed 10048K, reserved 1114112K
  class space    used 951K, committed 1024K, reserved 1048576K
}
Event: 1.762 {metaspace After GC invocations=1 (full 0):
 Metaspace       used 9894K, committed 10048K, reserved 1114112K
  class space    used 951K, committed 1024K, reserved 1048576K
}
Event: 3.597 {metaspace Before GC invocations=1 (full 0):
 Metaspace       used 21264K, committed 21504K, reserved 1114112K
  class space    used 2885K, committed 3008K, reserved 1048576K
}
Event: 3.605 {metaspace After GC invocations=2 (full 0):
 Metaspace       used 21264K, committed 21504K, reserved 1114112K
  class space    used 2885K, committed 3008K, reserved 1048576K
}
Event: 11.989 {metaspace Before GC invocations=3 (full 0):
 Metaspace       used 27106K, committed 27520K, reserved 1114112K
  class space    used 3415K, committed 3584K, reserved 1048576K
}
Event: 11.999 {metaspace After GC invocations=4 (full 0):
 Metaspace       used 27106K, committed 27520K, reserved 1114112K
  class space    used 3415K, committed 3584K, reserved 1048576K
}
Event: 12.275 {metaspace Before GC invocations=4 (full 0):
 Metaspace       used 33868K, committed 34304K, reserved 1114112K
  class space    used 4012K, committed 4224K, reserved 1048576K
}
Event: 12.285 {metaspace After GC invocations=5 (full 0):
 Metaspace       used 33868K, committed 34304K, reserved 1114112K
  class space    used 4012K, committed 4224K, reserved 1048576K
}
Event: 15.426 {metaspace Before GC invocations=5 (full 0):
 Metaspace       used 35568K, committed 35968K, reserved 1114112K
  class space    used 4166K, committed 4352K, reserved 1048576K
}
Event: 15.429 {metaspace After GC invocations=6 (full 0):
 Metaspace       used 35568K, committed 35968K, reserved 1114112K
  class space    used 4166K, committed 4352K, reserved 1048576K
}
Event: 15.947 {metaspace Before GC invocations=7 (full 0):
 Metaspace       used 39061K, committed 39616K, reserved 1114112K
  class space    used 4674K, committed 4928K, reserved 1048576K
}
Event: 15.950 {metaspace After GC invocations=8 (full 0):
 Metaspace       used 39061K, committed 39616K, reserved 1114112K
  class space    used 4674K, committed 4928K, reserved 1048576K
}
Event: 22.625 {metaspace Before GC invocations=8 (full 0):
 Metaspace       used 40480K, committed 40896K, reserved 1114112K
  class space    used 4867K, committed 5056K, reserved 1048576K
}
Event: 22.629 {metaspace After GC invocations=9 (full 0):
 Metaspace       used 40480K, committed 40896K, reserved 1114112K
  class space    used 4867K, committed 5056K, reserved 1048576K
}
Event: 26.315 {metaspace Before GC invocations=9 (full 0):
 Metaspace       used 41422K, committed 41920K, reserved 1114112K
  class space    used 4935K, committed 5184K, reserved 1048576K
}
Event: 26.319 {metaspace After GC invocations=10 (full 0):
 Metaspace       used 41422K, committed 41920K, reserved 1114112K
  class space    used 4935K, committed 5184K, reserved 1048576K
}

Dll operation events (20 events):
Event: 0.625 Loaded shared library C:\Users\Mario-MihaiMateas\.openjfx\cache\19.0.2.1+1\amd64\api-ms-win-crt-multibyte-l1-1-0.dll
Event: 0.632 Loaded shared library C:\Users\Mario-MihaiMateas\.openjfx\cache\19.0.2.1+1\amd64\api-ms-win-crt-private-l1-1-0.dll
Event: 0.635 Loaded shared library C:\Users\Mario-MihaiMateas\.openjfx\cache\19.0.2.1+1\amd64\api-ms-win-crt-process-l1-1-0.dll
Event: 0.639 Loaded shared library C:\Users\Mario-MihaiMateas\.openjfx\cache\19.0.2.1+1\amd64\api-ms-win-crt-runtime-l1-1-0.dll
Event: 0.645 Loaded shared library C:\Users\Mario-MihaiMateas\.openjfx\cache\19.0.2.1+1\amd64\api-ms-win-crt-stdio-l1-1-0.dll
Event: 0.650 Loaded shared library C:\Users\Mario-MihaiMateas\.openjfx\cache\19.0.2.1+1\amd64\api-ms-win-crt-string-l1-1-0.dll
Event: 0.654 Loaded shared library C:\Users\Mario-MihaiMateas\.openjfx\cache\19.0.2.1+1\amd64\api-ms-win-crt-time-l1-1-0.dll
Event: 0.658 Loaded shared library C:\Users\Mario-MihaiMateas\.openjfx\cache\19.0.2.1+1\amd64\api-ms-win-crt-utility-l1-1-0.dll
Event: 0.677 Loaded shared library C:\Users\Mario-MihaiMateas\.openjfx\cache\19.0.2.1+1\amd64\ucrtbase.dll
Event: 0.682 Loaded shared library C:\Users\Mario-MihaiMateas\.openjfx\cache\19.0.2.1+1\amd64\vcruntime140.dll
Event: 0.686 Loaded shared library C:\Users\Mario-MihaiMateas\.openjfx\cache\19.0.2.1+1\amd64\vcruntime140_1.dll
Event: 0.697 Loaded shared library C:\Users\Mario-MihaiMateas\.openjfx\cache\19.0.2.1+1\amd64\msvcp140.dll
Event: 0.700 Loaded shared library C:\Users\Mario-MihaiMateas\.openjfx\cache\19.0.2.1+1\amd64\msvcp140_1.dll
Event: 0.708 Loaded shared library C:\Users\Mario-MihaiMateas\.openjfx\cache\19.0.2.1+1\amd64\msvcp140_2.dll
Event: 0.754 Loaded shared library C:\Users\Mario-MihaiMateas\.openjfx\cache\19.0.2.1+1\amd64\prism_d3d.dll
Event: 0.872 Loaded shared library C:\Users\Mario-MihaiMateas\.openjfx\cache\19.0.2.1+1\amd64\glass.dll
Event: 1.127 Loaded shared library C:\Users\Mario-MihaiMateas\.openjfx\cache\19.0.2.1+1\amd64\javafx_font.dll
Event: 1.197 Loaded shared library C:\Users\Mario-MihaiMateas\.jdks\openjdk-25.0.1\bin\jimage.dll
Event: 1.434 Loaded shared library C:\Users\Mario-MihaiMateas\AppData\Local\Temp\jna--159604478\jna12611863816168968682.dll
Event: 12.112 Loaded shared library C:\Users\Mario-MihaiMateas\.jdks\openjdk-25.0.1\bin\sunmscapi.dll

Deoptimization events (20 events):
Event: 27.281 Thread 0x0000011d146a0b20 Uncommon trap: trap_request=0xffffff45 fr.pc=0x0000011d07db7598 relative=0x0000000000000298
Event: 27.281 Thread 0x0000011d146a0b20 Uncommon trap: reason=unstable_if action=reinterpret pc=0x0000011d07db7598 method=com.sun.javafx.text.ScriptMapper.isComplexCharCode(I)Z @ 145 c2
Event: 27.281 Thread 0x0000011d146a0b20 DEOPT PACKING pc=0x0000011d07db7598 sp=0x000000119d3f83f0
Event: 27.281 Thread 0x0000011d146a0b20 DEOPT UNPACKING pc=0x0000011d0764fc02 sp=0x000000119d3f8380 mode 2
Event: 27.285 Thread 0x0000011d146a0b20 Uncommon trap: trap_request=0x00000027 fr.pc=0x0000011d07db6ad8 relative=0x00000000000000d8
Event: 27.285 Thread 0x0000011d146a0b20 Uncommon trap: reason=unloaded action=reinterpret pc=0x0000011d07db6ad8 method=java.lang.CharacterData.of(I)Ljava/lang/CharacterData; @ 126 c2
Event: 27.286 Thread 0x0000011d146a0b20 DEOPT PACKING pc=0x0000011d07db6ad8 sp=0x000000119d3f8390
Event: 27.286 Thread 0x0000011d146a0b20 DEOPT UNPACKING pc=0x0000011d0764fc02 sp=0x000000119d3f81c8 mode 2
Event: 27.286 Thread 0x0000011d146a0b20 Uncommon trap: trap_request=0xffffff3d fr.pc=0x0000011d07c0aa68 relative=0x00000000000003e8
Event: 27.286 Thread 0x0000011d146a0b20 Uncommon trap: reason=unstable_fused_if action=reinterpret pc=0x0000011d07c0aa68 method=com.sun.javafx.text.ScriptMapper.getScript(I)I @ 35 c2
Event: 27.286 Thread 0x0000011d146a0b20 DEOPT PACKING pc=0x0000011d07c0aa68 sp=0x000000119d3f83c0
Event: 27.286 Thread 0x0000011d146a0b20 DEOPT UNPACKING pc=0x0000011d0764fc02 sp=0x000000119d3f8368 mode 2
Event: 27.289 Thread 0x0000011d146a0b20 Uncommon trap: trap_request=0xffffff45 fr.pc=0x0000011d07dbaad8 relative=0x0000000000000258
Event: 27.289 Thread 0x0000011d146a0b20 Uncommon trap: reason=unstable_if action=reinterpret pc=0x0000011d07dbaad8 method=com.sun.javafx.text.ScriptMapper.isComplexCharCode(I)Z @ 127 c2
Event: 27.289 Thread 0x0000011d146a0b20 DEOPT PACKING pc=0x0000011d07dbaad8 sp=0x000000119d3f83f0
Event: 27.289 Thread 0x0000011d146a0b20 DEOPT UNPACKING pc=0x0000011d0764fc02 sp=0x000000119d3f8380 mode 2
Event: 27.291 Thread 0x0000011d146a0b20 Uncommon trap: trap_request=0x00000024 fr.pc=0x0000011d07dbd734 relative=0x0000000000000134
Event: 27.291 Thread 0x0000011d146a0b20 Uncommon trap: reason=unloaded action=reinterpret pc=0x0000011d07dbd734 method=java.lang.CharacterData.of(I)Ljava/lang/CharacterData; @ 120 c2
Event: 27.291 Thread 0x0000011d146a0b20 DEOPT PACKING pc=0x0000011d07dbd734 sp=0x000000119d3f8390
Event: 27.291 Thread 0x0000011d146a0b20 DEOPT UNPACKING pc=0x0000011d0764fc02 sp=0x000000119d3f81c8 mode 2

Classes loaded (20 events):
Event: 27.241 Loading class jdk/internal/icu/text/BidiBase$Opening
Event: 27.241 Loading class jdk/internal/icu/text/BidiBase$Opening done
Event: 27.241 Loading class jdk/internal/icu/text/BidiBase$IsoRun
Event: 27.241 Loading class jdk/internal/icu/text/BidiBase$IsoRun done
Event: 27.241 Loading class jdk/internal/icu/lang/UCharacter
Event: 27.241 Loading class jdk/internal/icu/lang/UCharacter done
Event: 27.245 Loading class jdk/internal/icu/text/BidiBase$LevState
Event: 27.245 Loading class jdk/internal/icu/text/BidiBase$LevState done
Event: 27.251 Loading class java/util/DualPivotQuicksort
Event: 27.251 Loading class java/util/DualPivotQuicksort done
Event: 27.251 Loading class java/util/DualPivotQuicksort$PartitionOperation
Event: 27.252 Loading class java/util/DualPivotQuicksort$PartitionOperation done
Event: 27.252 Loading class java/util/DualPivotQuicksort$SortOperation
Event: 27.252 Loading class java/util/DualPivotQuicksort$SortOperation done
Event: 27.277 Loading class java/lang/CharacterDataUndefined
Event: 27.277 Loading class java/lang/CharacterDataUndefined done
Event: 27.285 Loading class java/lang/CharacterDataPrivateUse
Event: 27.286 Loading class java/lang/CharacterDataPrivateUse done
Event: 27.291 Loading class java/lang/CharacterData0E
Event: 27.291 Loading class java/lang/CharacterData0E done

Classes unloaded (0 events):
No events

Classes redefined (0 events):
No events

Internal exceptions (20 events):
Event: 26.498 Thread 0x0000011d146a0b20 Exception <a 'java/io/FileNotFoundException'{0x00000007ffe59000}> (0x00000007ffe59000) 
thrown [s\open\src\hotspot\share\prims\jni.cpp, line 516]
Event: 26.502 Thread 0x0000011d146a0b20 Exception <a 'sun/nio/fs/WindowsException'{0x00000007ffe96a38}> (0x00000007ffe96a38) 
thrown [s\open\src\hotspot\share\prims\jni.cpp, line 516]
Event: 26.502 Thread 0x0000011d146a0b20 Exception <a 'sun/nio/fs/WindowsException'{0x00000007ffe979e0}> (0x00000007ffe979e0) 
thrown [s\open\src\hotspot\share\prims\jni.cpp, line 516]
Event: 26.504 Thread 0x0000011d146a0b20 Exception <a 'sun/nio/fs/WindowsException'{0x00000007ffebfa98}> (0x00000007ffebfa98) 
thrown [s\open\src\hotspot\share\prims\jni.cpp, line 516]
Event: 26.504 Thread 0x0000011d146a0b20 Exception <a 'sun/nio/fs/WindowsException'{0x00000007ffec0a40}> (0x00000007ffec0a40) 
thrown [s\open\src\hotspot\share\prims\jni.cpp, line 516]
Event: 26.505 Thread 0x0000011d146a0b20 Exception <a 'sun/nio/fs/WindowsException'{0x00000007ffeca9e8}> (0x00000007ffeca9e8) 
thrown [s\open\src\hotspot\share\prims\jni.cpp, line 516]
Event: 26.505 Thread 0x0000011d146a0b20 Exception <a 'sun/nio/fs/WindowsException'{0x00000007ffecb990}> (0x00000007ffecb990) 
thrown [s\open\src\hotspot\share\prims\jni.cpp, line 516]
Event: 26.519 Thread 0x0000011d146a0b20 Exception <a 'sun/nio/fs/WindowsException'{0x000000071830a920}> (0x000000071830a920) 
thrown [s\open\src\hotspot\share\prims\jni.cpp, line 516]
Event: 27.186 Thread 0x0000011d146a0b20 Exception <a 'sun/nio/fs/WindowsException'{0x0000000712ff9978}> (0x0000000712ff9978) 
thrown [s\open\src\hotspot\share\prims\jni.cpp, line 516]
Event: 27.186 Thread 0x0000011d146a0b20 Exception <a 'java/io/FileNotFoundException'{0x0000000712ffc280}> (0x0000000712ffc280) 
thrown [s\open\src\hotspot\share\prims\jni.cpp, line 516]
Event: 27.186 Thread 0x0000011d146a0b20 Exception <a 'sun/nio/fs/WindowsException'{0x0000000712ffe120}> (0x0000000712ffe120) 
thrown [s\open\src\hotspot\share\prims\jni.cpp, line 516]
Event: 27.186 Thread 0x0000011d146a0b20 Exception <a 'java/io/FileNotFoundException'{0x0000000712c00c88}> (0x0000000712c00c88) 
thrown [s\open\src\hotspot\share\prims\jni.cpp, line 516]
Event: 27.187 Thread 0x0000011d146a0b20 Exception <a 'sun/nio/fs/WindowsException'{0x0000000712c02c20}> (0x0000000712c02c20) 
thrown [s\open\src\hotspot\share\prims\jni.cpp, line 516]
Event: 27.187 Thread 0x0000011d146a0b20 Exception <a 'java/io/FileNotFoundException'{0x0000000712c05540}> (0x0000000712c05540) 
thrown [s\open\src\hotspot\share\prims\jni.cpp, line 516]
Event: 27.187 Thread 0x0000011d146a0b20 Exception <a 'sun/nio/fs/WindowsException'{0x0000000712c074e8}> (0x0000000712c074e8) 
thrown [s\open\src\hotspot\share\prims\jni.cpp, line 516]
Event: 27.187 Thread 0x0000011d146a0b20 Exception <a 'java/io/FileNotFoundException'{0x0000000712c09e08}> (0x0000000712c09e08) 
thrown [s\open\src\hotspot\share\prims\jni.cpp, line 516]
Event: 27.187 Thread 0x0000011d146a0b20 Exception <a 'sun/nio/fs/WindowsException'{0x0000000712c0bdd0}> (0x0000000712c0bdd0) 
thrown [s\open\src\hotspot\share\prims\jni.cpp, line 516]
Event: 27.187 Thread 0x0000011d146a0b20 Exception <a 'java/io/FileNotFoundException'{0x0000000712c0e6f0}> (0x0000000712c0e6f0) 
thrown [s\open\src\hotspot\share\prims\jni.cpp, line 516]
Event: 27.190 Thread 0x0000011d146a0b20 Exception <a 'sun/nio/fs/WindowsException'{0x0000000712c6e388}> (0x0000000712c6e388) 
thrown [s\open\src\hotspot\share\prims\jni.cpp, line 516]
Event: 27.253 Thread 0x0000011d146a0b20 Exception <a 'java/lang/NoSuchMethodError'{0x000000070c43a0c8}: 'void java.lang.invoke.DirectMethodHandle$Holder.invokeStatic(java.lang.Object, java.lang.Object, int, int)'> (0x000000070c43a0c8) 
thrown [s\open\src\hotspot\share\interpreter\linkResolver.cpp, line 804]

VM Operations (20 events):
Event: 15.835 Executing non-safepoint VM operation: HandshakeAllThreads (Deoptimize)
Event: 15.835 Executing non-safepoint VM operation: HandshakeAllThreads (Deoptimize) done
Event: 15.858 Executing non-safepoint VM operation: HandshakeAllThreads (Deoptimize)
Event: 15.858 Executing non-safepoint VM operation: HandshakeAllThreads (Deoptimize) done
Event: 15.910 Executing non-safepoint VM operation: HandshakeAllThreads (Deoptimize)
Event: 15.910 Executing non-safepoint VM operation: HandshakeAllThreads (Deoptimize) done
Event: 15.947 Executing safepoint VM operation: G1CollectForAllocation (G1 Evacuation Pause)
Event: 15.950 Executing safepoint VM operation: G1CollectForAllocation (G1 Evacuation Pause) done
Event: 18.790 Executing non-safepoint VM operation: HandshakeAllThreads (Deoptimize)
Event: 18.791 Executing non-safepoint VM operation: HandshakeAllThreads (Deoptimize) done
Event: 22.625 Executing safepoint VM operation: G1CollectForAllocation (G1 Evacuation Pause)
Event: 22.629 Executing safepoint VM operation: G1CollectForAllocation (G1 Evacuation Pause) done
Event: 25.661 Executing non-safepoint VM operation: HandshakeAllThreads (Deoptimize)
Event: 25.661 Executing non-safepoint VM operation: HandshakeAllThreads (Deoptimize) done
Event: 26.315 Executing safepoint VM operation: G1TryInitiateConcMark (G1 Humongous Allocation)
Event: 26.319 Executing safepoint VM operation: G1TryInitiateConcMark (G1 Humongous Allocation) done
Event: 26.329 Executing safepoint VM operation: G1PauseRemark
Event: 26.333 Executing safepoint VM operation: G1PauseRemark done
Event: 26.336 Executing safepoint VM operation: G1PauseCleanup
Event: 26.336 Executing safepoint VM operation: G1PauseCleanup done

Memory protections (0 events):
No events

Nmethod flushes (20 events):
Event: 26.332 Thread 0x0000011d7d588490 flushing  nmethod 0x0000011d003e8788
Event: 26.332 Thread 0x0000011d7d588490 flushing  nmethod 0x0000011d003e8a88
Event: 26.332 Thread 0x0000011d7d588490 flushing  nmethod 0x0000011d003e9208
Event: 26.332 Thread 0x0000011d7d588490 flushing  nmethod 0x0000011d00415508
Event: 26.332 Thread 0x0000011d7d588490 flushing  nmethod 0x0000011d00416488
Event: 26.332 Thread 0x0000011d7d588490 flushing  nmethod 0x0000011d00421388
Event: 26.332 Thread 0x0000011d7d588490 flushing  nmethod 0x0000011d00423d88
Event: 26.332 Thread 0x0000011d7d588490 flushing  nmethod 0x0000011d00427508
Event: 26.332 Thread 0x0000011d7d588490 flushing  nmethod 0x0000011d00428788
Event: 26.332 Thread 0x0000011d7d588490 flushing  nmethod 0x0000011d00429288
Event: 26.332 Thread 0x0000011d7d588490 flushing  nmethod 0x0000011d00429588
Event: 26.332 Thread 0x0000011d7d588490 flushing  nmethod 0x0000011d004dd008
Event: 26.332 Thread 0x0000011d7d588490 flushing  nmethod 0x0000011d0052a308
Event: 26.332 Thread 0x0000011d7d588490 flushing  nmethod 0x0000011d005f9708
Event: 26.332 Thread 0x0000011d7d588490 flushing  nmethod 0x0000011d0071d408
Event: 26.332 Thread 0x0000011d7d588490 flushing  nmethod 0x0000011d0071e008
Event: 26.332 Thread 0x0000011d7d588490 flushing  nmethod 0x0000011d00819488
Event: 26.332 Thread 0x0000011d7d588490 flushing  nmethod 0x0000011d0081cb88
Event: 26.332 Thread 0x0000011d7d588490 flushing  nmethod 0x0000011d00820208
Event: 26.332 Thread 0x0000011d7d588490 flushing  nmethod 0x0000011d0089b508

Events (20 events):
Event: 15.884 Thread 0x0000011d7d5cc150 Thread added: 0x0000011d0f4991b0
Event: 15.976 Thread 0x0000011d7d5cc150 Thread added: 0x0000011d0f496960
Event: 16.575 Thread 0x0000011d0f496960 Thread exited: 0x0000011d0f496960
Event: 16.575 Thread 0x0000011d0f4991b0 Thread exited: 0x0000011d0f4991b0
Event: 16.933 Thread 0x0000011d7d5cc150 Thread added: 0x0000011d0f498190
Event: 17.562 Thread 0x0000011d0f498190 Thread exited: 0x0000011d0f498190
Event: 17.565 Thread 0x0000011d7d5cc150 Thread added: 0x0000011d0f498190
Event: 17.881 Thread 0x0000011d0f498190 Thread exited: 0x0000011d0f498190
Event: 17.902 Thread 0x0000011d7d5cc150 Thread added: 0x0000011d0f495940
Event: 18.546 Thread 0x0000011d0f495940 Thread exited: 0x0000011d0f495940
Event: 18.831 Thread 0x0000011d7d5cc150 Thread added: 0x0000011d0f495940
Event: 19.360 Thread 0x0000011d0f495940 Thread exited: 0x0000011d0f495940
Event: 20.110 Thread 0x0000011d7d5cc150 Thread added: 0x0000011d0f497170
Event: 20.473 Thread 0x0000011d0f497170 Thread exited: 0x0000011d0f497170
Event: 22.816 Thread 0x0000011d7d5cc150 Thread added: 0x0000011d0f495940
Event: 23.177 Thread 0x0000011d0f495940 Thread exited: 0x0000011d0f495940
Event: 25.630 Thread 0x0000011d7d5abc40 Thread added: 0x0000011d0f495940
Event: 26.304 Thread 0x0000011d0f495940 Thread exited: 0x0000011d0f495940
Event: 27.214 Thread 0x0000011d7d5cc150 Thread added: 0x0000011d0f495940
Event: 27.275 Thread 0x0000011d7d5cc150 Thread added: 0x0000011d0f498190


Dynamic libraries:
0x00007ff749260000 - 0x00007ff74926e000 	C:\Users\Mario-MihaiMateas\.jdks\openjdk-25.0.1\bin\java.exe
0x00007ffc2dae0000 - 0x00007ffc2dd46000 	C:\WINDOWS\SYSTEM32\ntdll.dll
0x00007ffc2cbe0000 - 0x00007ffc2cca9000 	C:\WINDOWS\System32\KERNEL32.DLL
0x00007ffc2b090000 - 0x00007ffc2b48e000 	C:\WINDOWS\System32\KERNELBASE.dll
0x00007ffc2b600000 - 0x00007ffc2b74c000 	C:\WINDOWS\System32\ucrtbase.dll
0x00007ffc22770000 - 0x00007ffc22787000 	C:\Users\Mario-MihaiMateas\.jdks\openjdk-25.0.1\bin\jli.dll
0x00007ffc229b0000 - 0x00007ffc229ce000 	C:\Users\Mario-MihaiMateas\.jdks\openjdk-25.0.1\bin\VCRUNTIME140.dll
0x00007ffc2d870000 - 0x00007ffc2da37000 	C:\WINDOWS\System32\USER32.dll
0x00007ffc2b4a0000 - 0x00007ffc2b4c7000 	C:\WINDOWS\System32\win32u.dll
0x00007ffc023b0000 - 0x00007ffc02642000 	C:\WINDOWS\WinSxS\amd64_microsoft.windows.common-controls_6595b64144ccf1df_6.0.26100.8875_none_3e0d5d42e32fe9dd\COMCTL32.dll
0x00007ffc2caa0000 - 0x00007ffc2cacb000 	C:\WINDOWS\System32\GDI32.dll
0x00007ffc2c560000 - 0x00007ffc2c609000 	C:\WINDOWS\System32\msvcrt.dll
0x00007ffc2b4d0000 - 0x00007ffc2b5fa000 	C:\WINDOWS\System32\gdi32full.dll
0x00007ffc2b760000 - 0x00007ffc2b803000 	C:\WINDOWS\System32\msvcp_win.dll
0x00007ffc2c520000 - 0x00007ffc2c552000 	C:\WINDOWS\System32\IMM32.DLL
0x00007ffc229a0000 - 0x00007ffc229ac000 	C:\Users\Mario-MihaiMateas\.jdks\openjdk-25.0.1\bin\vcruntime140_1.dll
0x00007ffc17fc0000 - 0x00007ffc1804d000 	C:\Users\Mario-MihaiMateas\.jdks\openjdk-25.0.1\bin\msvcp140.dll
0x00007ffbb7b90000 - 0x00007ffbb89ef000 	C:\Users\Mario-MihaiMateas\.jdks\openjdk-25.0.1\bin\server\jvm.dll
0x00007ffc2d7b0000 - 0x00007ffc2d867000 	C:\WINDOWS\System32\ADVAPI32.dll
0x00007ffc2bb90000 - 0x00007ffc2bc3a000 	C:\WINDOWS\System32\sechost.dll
0x00007ffc2bd90000 - 0x00007ffc2bea8000 	C:\WINDOWS\System32\RPCRT4.dll
0x00007ffc2cd40000 - 0x00007ffc2cdc0000 	C:\WINDOWS\System32\WS2_32.dll
0x00007ffc25f60000 - 0x00007ffc25f96000 	C:\WINDOWS\SYSTEM32\WINMM.dll
0x00007ffc2a640000 - 0x00007ffc2a69e000 	C:\WINDOWS\SYSTEM32\POWRPROF.dll
0x00007ffc14970000 - 0x00007ffc1497b000 	C:\WINDOWS\SYSTEM32\VERSION.dll
0x00007ffc2a4f0000 - 0x00007ffc2a504000 	C:\WINDOWS\SYSTEM32\UMPDC.dll
0x00007ffc28c40000 - 0x00007ffc28c5b000 	C:\WINDOWS\SYSTEM32\kernel.appcore.dll
0x00007ffc22920000 - 0x00007ffc2292a000 	C:\Users\Mario-MihaiMateas\.jdks\openjdk-25.0.1\bin\jimage.dll
0x00007ffc27b30000 - 0x00007ffc27d72000 	C:\WINDOWS\SYSTEM32\DBGHELP.DLL
0x00007ffc2c180000 - 0x00007ffc2c503000 	C:\WINDOWS\System32\combase.dll
0x00007ffc2cad0000 - 0x00007ffc2cba9000 	C:\WINDOWS\System32\OLEAUT32.dll
0x00007ffc01da0000 - 0x00007ffc01ddb000 	C:\WINDOWS\SYSTEM32\dbgcore.DLL
0x00007ffc2ad00000 - 0x00007ffc2adac000 	C:\WINDOWS\System32\bcryptPrimitives.dll
0x00007ffc22d90000 - 0x00007ffc22da0000 	C:\Users\Mario-MihaiMateas\.jdks\openjdk-25.0.1\bin\instrument.dll
0x00007ffc191f0000 - 0x00007ffc1920f000 	C:\Users\Mario-MihaiMateas\.jdks\openjdk-25.0.1\bin\java.dll
0x00007ffc2d5f0000 - 0x00007ffc2d789000 	C:\WINDOWS\System32\ole32.dll
0x00007ffc2ce50000 - 0x00007ffc2d5e2000 	C:\WINDOWS\System32\SHELL32.dll
0x00007ffc27290000 - 0x00007ffc27b22000 	C:\WINDOWS\SYSTEM32\windows.storage.dll
0x00007ffc2ba90000 - 0x00007ffc2bb87000 	C:\WINDOWS\System32\SHCORE.dll
0x00007ffc2b810000 - 0x00007ffc2b877000 	C:\WINDOWS\System32\shlwapi.dll
0x00007ffc2a720000 - 0x00007ffc2a749000 	C:\WINDOWS\SYSTEM32\profapi.dll
0x00007ffc1d640000 - 0x00007ffc1d652000 	C:\Users\Mario-MihaiMateas\.jdks\openjdk-25.0.1\bin\net.dll
0x00007ffc29440000 - 0x00007ffc294ac000 	C:\WINDOWS\system32\mswsock.dll
0x00007ffc1d620000 - 0x00007ffc1d636000 	C:\Users\Mario-MihaiMateas\.jdks\openjdk-25.0.1\bin\nio.dll
0x00007ffc18f80000 - 0x00007ffc18f97000 	C:\Users\Mario-MihaiMateas\.jdks\openjdk-25.0.1\bin\zip.dll
0x0000011d0fe30000 - 0x0000011d0fe33000 	C:\Users\Mario-MihaiMateas\.openjfx\cache\19.0.2.1+1\amd64\api-ms-win-core-console-l1-1-0.dll
0x0000011d0fe40000 - 0x0000011d0fe43000 	C:\Users\Mario-MihaiMateas\.openjfx\cache\19.0.2.1+1\amd64\api-ms-win-core-console-l1-2-0.dll
0x0000011d0fe50000 - 0x0000011d0fe53000 	C:\Users\Mario-MihaiMateas\.openjfx\cache\19.0.2.1+1\amd64\api-ms-win-core-datetime-l1-1-0.dll
0x0000011d0fe60000 - 0x0000011d0fe63000 	C:\Users\Mario-MihaiMateas\.openjfx\cache\19.0.2.1+1\amd64\api-ms-win-core-debug-l1-1-0.dll
0x0000011d0fe70000 - 0x0000011d0fe73000 	C:\Users\Mario-MihaiMateas\.openjfx\cache\19.0.2.1+1\amd64\api-ms-win-core-errorhandling-l1-1-0.dll
0x0000011d0fe80000 - 0x0000011d0fe84000 	C:\Users\Mario-MihaiMateas\.openjfx\cache\19.0.2.1+1\amd64\api-ms-win-core-file-l1-1-0.dll
0x0000011d0fe90000 - 0x0000011d0fe93000 	C:\Users\Mario-MihaiMateas\.openjfx\cache\19.0.2.1+1\amd64\api-ms-win-core-file-l1-2-0.dll
0x0000011d0fea0000 - 0x0000011d0fea3000 	C:\Users\Mario-MihaiMateas\.openjfx\cache\19.0.2.1+1\amd64\api-ms-win-core-file-l2-1-0.dll
0x0000011d0feb0000 - 0x0000011d0feb3000 	C:\Users\Mario-MihaiMateas\.openjfx\cache\19.0.2.1+1\amd64\api-ms-win-core-handle-l1-1-0.dll
0x0000011d0fec0000 - 0x0000011d0fec3000 	C:\Users\Mario-MihaiMateas\.openjfx\cache\19.0.2.1+1\amd64\api-ms-win-core-heap-l1-1-0.dll
0x0000011d0fed0000 - 0x0000011d0fed3000 	C:\Users\Mario-MihaiMateas\.openjfx\cache\19.0.2.1+1\amd64\api-ms-win-core-interlocked-l1-1-0.dll
0x0000011d0fee0000 - 0x0000011d0fee3000 	C:\Users\Mario-MihaiMateas\.openjfx\cache\19.0.2.1+1\amd64\api-ms-win-core-libraryloader-l1-1-0.dll
0x0000011d0fef0000 - 0x0000011d0fef3000 	C:\Users\Mario-MihaiMateas\.openjfx\cache\19.0.2.1+1\amd64\api-ms-win-core-localization-l1-2-0.dll
0x0000011d0ff00000 - 0x0000011d0ff03000 	C:\Users\Mario-MihaiMateas\.openjfx\cache\19.0.2.1+1\amd64\api-ms-win-core-memory-l1-1-0.dll
0x0000011d0ff10000 - 0x0000011d0ff13000 	C:\Users\Mario-MihaiMateas\.openjfx\cache\19.0.2.1+1\amd64\api-ms-win-core-namedpipe-l1-1-0.dll
0x0000011d0ff20000 - 0x0000011d0ff23000 	C:\Users\Mario-MihaiMateas\.openjfx\cache\19.0.2.1+1\amd64\api-ms-win-core-processenvironment-l1-1-0.dll
0x0000011d0ff30000 - 0x0000011d0ff33000 	C:\Users\Mario-MihaiMateas\.openjfx\cache\19.0.2.1+1\amd64\api-ms-win-core-processthreads-l1-1-0.dll
0x0000011d0ff40000 - 0x0000011d0ff43000 	C:\Users\Mario-MihaiMateas\.openjfx\cache\19.0.2.1+1\amd64\api-ms-win-core-processthreads-l1-1-1.dll
0x0000011d0ff50000 - 0x0000011d0ff53000 	C:\Users\Mario-MihaiMateas\.openjfx\cache\19.0.2.1+1\amd64\api-ms-win-core-profile-l1-1-0.dll
0x0000011d0ff60000 - 0x0000011d0ff63000 	C:\Users\Mario-MihaiMateas\.openjfx\cache\19.0.2.1+1\amd64\api-ms-win-core-rtlsupport-l1-1-0.dll
0x0000011d0ff70000 - 0x0000011d0ff73000 	C:\Users\Mario-MihaiMateas\.openjfx\cache\19.0.2.1+1\amd64\api-ms-win-core-string-l1-1-0.dll
0x0000011d0ff80000 - 0x0000011d0ff83000 	C:\Users\Mario-MihaiMateas\.openjfx\cache\19.0.2.1+1\amd64\api-ms-win-core-synch-l1-1-0.dll
0x0000011d0ff90000 - 0x0000011d0ff93000 	C:\Users\Mario-MihaiMateas\.openjfx\cache\19.0.2.1+1\amd64\api-ms-win-core-synch-l1-2-0.dll
0x0000011d0ffa0000 - 0x0000011d0ffa3000 	C:\Users\Mario-MihaiMateas\.openjfx\cache\19.0.2.1+1\amd64\api-ms-win-core-sysinfo-l1-1-0.dll
0x0000011d0ffb0000 - 0x0000011d0ffb3000 	C:\Users\Mario-MihaiMateas\.openjfx\cache\19.0.2.1+1\amd64\api-ms-win-core-timezone-l1-1-0.dll
0x0000011d0ffc0000 - 0x0000011d0ffc3000 	C:\Users\Mario-MihaiMateas\.openjfx\cache\19.0.2.1+1\amd64\api-ms-win-core-util-l1-1-0.dll
0x0000011d0ffd0000 - 0x0000011d0ffd3000 	C:\Users\Mario-MihaiMateas\.openjfx\cache\19.0.2.1+1\amd64\api-ms-win-crt-conio-l1-1-0.dll
0x0000011d0ffe0000 - 0x0000011d0ffe4000 	C:\Users\Mario-MihaiMateas\.openjfx\cache\19.0.2.1+1\amd64\api-ms-win-crt-convert-l1-1-0.dll
0x0000011d0fff0000 - 0x0000011d0fff3000 	C:\Users\Mario-MihaiMateas\.openjfx\cache\19.0.2.1+1\amd64\api-ms-win-crt-environment-l1-1-0.dll
0x0000011d14fd0000 - 0x0000011d14fd3000 	C:\Users\Mario-MihaiMateas\.openjfx\cache\19.0.2.1+1\amd64\api-ms-win-crt-filesystem-l1-1-0.dll
0x0000011d14fe0000 - 0x0000011d14fe3000 	C:\Users\Mario-MihaiMateas\.openjfx\cache\19.0.2.1+1\amd64\api-ms-win-crt-heap-l1-1-0.dll
0x0000011d14ff0000 - 0x0000011d14ff3000 	C:\Users\Mario-MihaiMateas\.openjfx\cache\19.0.2.1+1\amd64\api-ms-win-crt-locale-l1-1-0.dll
0x0000011d15000000 - 0x0000011d15005000 	C:\Users\Mario-MihaiMateas\.openjfx\cache\19.0.2.1+1\amd64\api-ms-win-crt-math-l1-1-0.dll
0x0000011d15010000 - 0x0000011d15015000 	C:\Users\Mario-MihaiMateas\.openjfx\cache\19.0.2.1+1\amd64\api-ms-win-crt-multibyte-l1-1-0.dll
0x0000011d15020000 - 0x0000011d15030000 	C:\Users\Mario-MihaiMateas\.openjfx\cache\19.0.2.1+1\amd64\api-ms-win-crt-private-l1-1-0.dll
0x0000011d15030000 - 0x0000011d15033000 	C:\Users\Mario-MihaiMateas\.openjfx\cache\19.0.2.1+1\amd64\api-ms-win-crt-process-l1-1-0.dll
0x0000011d15040000 - 0x0000011d15044000 	C:\Users\Mario-MihaiMateas\.openjfx\cache\19.0.2.1+1\amd64\api-ms-win-crt-runtime-l1-1-0.dll
0x0000011d15050000 - 0x0000011d15054000 	C:\Users\Mario-MihaiMateas\.openjfx\cache\19.0.2.1+1\amd64\api-ms-win-crt-stdio-l1-1-0.dll
0x0000011d15060000 - 0x0000011d15064000 	C:\Users\Mario-MihaiMateas\.openjfx\cache\19.0.2.1+1\amd64\api-ms-win-crt-string-l1-1-0.dll
0x0000011d15070000 - 0x0000011d15073000 	C:\Users\Mario-MihaiMateas\.openjfx\cache\19.0.2.1+1\amd64\api-ms-win-crt-time-l1-1-0.dll
0x0000011d15080000 - 0x0000011d15083000 	C:\Users\Mario-MihaiMateas\.openjfx\cache\19.0.2.1+1\amd64\api-ms-win-crt-utility-l1-1-0.dll
0x00007ffbc7a70000 - 0x00007ffbc7b6c000 	C:\Users\Mario-MihaiMateas\.openjfx\cache\19.0.2.1+1\amd64\ucrtbase.dll
0x00007ffc1acb0000 - 0x00007ffc1accb000 	C:\Users\Mario-MihaiMateas\.openjfx\cache\19.0.2.1+1\amd64\vcruntime140.dll
0x00007ffc1ac50000 - 0x00007ffc1ac5c000 	C:\Users\Mario-MihaiMateas\.openjfx\cache\19.0.2.1+1\amd64\vcruntime140_1.dll
0x00007ffc18770000 - 0x00007ffc187fe000 	C:\Users\Mario-MihaiMateas\.openjfx\cache\19.0.2.1+1\amd64\msvcp140.dll
0x00007ffc1ac40000 - 0x00007ffc1ac49000 	C:\Users\Mario-MihaiMateas\.openjfx\cache\19.0.2.1+1\amd64\msvcp140_1.dll
0x00007ffc18590000 - 0x00007ffc185d1000 	C:\Users\Mario-MihaiMateas\.openjfx\cache\19.0.2.1+1\amd64\msvcp140_2.dll
0x00007ffc19600000 - 0x00007ffc19630000 	C:\Users\Mario-MihaiMateas\.openjfx\cache\19.0.2.1+1\amd64\prism_d3d.dll
0x00007ffb96e40000 - 0x00007ffb96ff2000 	C:\WINDOWS\system32\d3d9.dll
0x00007ffc26870000 - 0x00007ffc2689f000 	C:\WINDOWS\SYSTEM32\dwmapi.dll
0x00007ffc268b0000 - 0x00007ffc268f6000 	C:\WINDOWS\SYSTEM32\dxcore.dll
0x00007ffc26580000 - 0x00007ffc26629000 	C:\WINDOWS\system32\uxtheme.dll
0x00007ffb94200000 - 0x00007ffb95fd0000 	C:\WINDOWS\System32\DriverStore\FileRepository\iigd_dch.inf_amd64_99fd3e19c4252146\igd9trinity64.dll
0x00007ffc266d0000 - 0x00007ffc2680e000 	C:\WINDOWS\system32\dxgi.dll
0x00007ffb1c930000 - 0x00007ffb21b14000 	C:\WINDOWS\System32\DriverStore\FileRepository\iigd_dch.inf_amd64_99fd3e19c4252146\igc64.dll
0x00007ffc0f930000 - 0x00007ffc0f9c1000 	C:\WINDOWS\System32\DriverStore\FileRepository\iigd_dch.inf_amd64_99fd3e19c4252146\igdgmm2_64.dll
0x00007ffc0c5b0000 - 0x00007ffc0c93a000 	C:\WINDOWS\System32\DriverStore\FileRepository\iigd_dch.inf_amd64_99fd3e19c4252146\igdgmm64.dll
0x00007ffc0f8d0000 - 0x00007ffc0f8f3000 	C:\WINDOWS\System32\DriverStore\FileRepository\iigd_dch.inf_amd64_99fd3e19c4252146\igdgmmstaging_64.dll
0x00007ffc0c500000 - 0x00007ffc0c54b000 	C:\WINDOWS\SYSTEM32\ControlLib.dll
0x00007ffc2a170000 - 0x00007ffc2a1c1000 	C:\WINDOWS\SYSTEM32\CFGMGR32.dll
0x00007ffc08e20000 - 0x00007ffc08ed4000 	C:\WINDOWS\System32\DriverStore\FileRepository\iigd_dch.inf_amd64_99fd3e19c4252146\IntelControlLib.dll
0x00007ffc248f0000 - 0x00007ffc24b50000 	C:\WINDOWS\SYSTEM32\d3d11.dll
0x00007ffc20da0000 - 0x00007ffc20dff000 	C:\WINDOWS\SYSTEM32\directxdatabasehelper.dll
0x00007ffb91400000 - 0x00007ffb92b65000 	C:\WINDOWS\System32\DriverStore\FileRepository\iigd_dch.inf_amd64_99fd3e19c4252146\igd9dxva64.dll
0x00007ffc2c610000 - 0x00007ffc2ca97000 	C:\WINDOWS\System32\SETUPAPI.dll
0x00007ffc1b370000 - 0x00007ffc1d2c2000 	C:\WINDOWS\System32\DriverStore\FileRepository\iigd_dch.inf_amd64_99fd3e19c4252146\media_bin_64.dll
0x00007ffbd6750000 - 0x00007ffbd6792000 	C:\Users\Mario-MihaiMateas\.openjfx\cache\19.0.2.1+1\amd64\glass.dll
0x00007ffc2c080000 - 0x00007ffc2c172000 	C:\WINDOWS\System32\COMDLG32.dll
0x00007ffc2bf10000 - 0x00007ffc2c06d000 	C:\WINDOWS\System32\MSCTF.dll
0x00007ffc0c450000 - 0x00007ffc0c500000 	C:\WINDOWS\System32\DriverStore\FileRepository\iigd_dch.inf_amd64_99fd3e19c4252146\igdml64.dll
0x00007ffc0c0d0000 - 0x00007ffc0c44f000 	C:\WINDOWS\System32\DriverStore\FileRepository\iigd_dch.inf_amd64_99fd3e19c4252146\iga64.dll
0x00007ffc24740000 - 0x00007ffc24768000 	C:\WINDOWS\System32\DriverStore\FileRepository\iigd_dch.inf_amd64_99fd3e19c4252146\igdinfo64.dll
0x00007ffc29a70000 - 0x00007ffc29a8b000 	C:\WINDOWS\SYSTEM32\CRYPTSP.dll
0x00007ffc28ba0000 - 0x00007ffc28bd9000 	C:\WINDOWS\system32\rsaenh.dll
0x00007ffc298b0000 - 0x00007ffc298bc000 	C:\WINDOWS\SYSTEM32\CRYPTBASE.dll
0x00007ffc2a6b0000 - 0x00007ffc2a6da000 	C:\WINDOWS\SYSTEM32\bcrypt.dll
0x00007ffc18b10000 - 0x00007ffc18b25000 	C:\Users\Mario-MihaiMateas\.openjfx\cache\19.0.2.1+1\amd64\javafx_font.dll
0x00007ffc23df0000 - 0x00007ffc24057000 	C:\WINDOWS\SYSTEM32\dwrite.dll
0x00007ffc29500000 - 0x00007ffc29532000 	C:\WINDOWS\SYSTEM32\USERENV.dll
0x00007ffc28140000 - 0x00007ffc28173000 	C:\WINDOWS\SYSTEM32\IPHLPAPI.DLL
0x00007ffc2ba60000 - 0x00007ffc2ba6a000 	C:\WINDOWS\System32\NSI.dll
0x00007ffbd5b00000 - 0x00007ffbd5b45000 	C:\Users\Mario-MihaiMateas\AppData\Local\Temp\jna--159604478\jna12611863816168968682.dll
0x00007ffc2c510000 - 0x00007ffc2c518000 	C:\WINDOWS\System32\PSAPI.DLL

JVMTI agents:
C:\Program Files\JetBrains\IntelliJ IDEA Community Edition 2025.1.3\lib\idea_rt.jar path:C:\Users\Mario-MihaiMateas\.jdks\openjdk-25.0.1\bin\instrument.dll, loaded, initialized, instrumentlib options:53105

dbghelp: loaded successfully - version: 4.0.5 - missing functions: none
symbol engine: initialized successfully - sym options: 0x614 - pdb path: .;C:\Users\Mario-MihaiMateas\.jdks\openjdk-25.0.1\bin;C:\WINDOWS\SYSTEM32;C:\WINDOWS\WinSxS\amd64_microsoft.windows.common-controls_6595b64144ccf1df_6.0.26100.8875_none_3e0d5d42e32fe9dd;C:\Users\Mario-MihaiMateas\.jdks\openjdk-25.0.1\bin\server;C:\Users\Mario-MihaiMateas\.openjfx\cache\19.0.2.1+1\amd64;C:\WINDOWS\System32\DriverStore\FileRepository\iigd_dch.inf_amd64_99fd3e19c4252146;C:\Users\Mario-MihaiMateas\AppData\Local\Temp\jna--159604478;C:\Program Files\Common Files\Microsoft Shared\Ink;C:\WINDOWS\WinSxS\amd64_microsoft.windows.gdiplus_6595b64144ccf1df_1.1.26100.8875_none_6ef850283dc263ab;C:\Program Files\Microsoft OneDrive\26.145.0728.0011;C:\Program Files\Box\Box

VM Arguments:
jvm_args: --enable-preview -javaagent:C:\Program Files\JetBrains\IntelliJ IDEA Community Edition 2025.1.3\lib\idea_rt.jar=53105 -Dfile.encoding=UTF-8 -Dsun.stdout.encoding=UTF-8 -Dsun.stderr.encoding=UTF-8 --module-path=C:\Users\Mario-MihaiMateas\.m2\repository\org\reactfx\reactfx\2.0-M5\reactfx-2.0-M5.jar;C:\Users\Mario-MihaiMateas\.m2\repository\org\openjfx\javafx-media\21.0.6\javafx-media-21.0.6-win.jar;C:\Users\Mario-MihaiMateas\.m2\repository\org\jetbrains\annotations\24.0.1\annotations-24.0.1.jar;C:\Users\Mario-MihaiMateas\.m2\repository\org\json\json\20250517\json-20250517.jar;C:\Users\Mario-MihaiMateas\.m2\repository\org\jetbrains\pty4j\purejavacomm\0.0.11.1\purejavacomm-0.0.11.1.jar;C:\Users\Mario-MihaiMateas\.m2\repository\net\harawata\appdirs\1.5.0\appdirs-1.5.0.jar;C:\Users\Mario-MihaiMateas\.m2\repository\org\jetbrains\pty4j\pty4j\0.12.25\pty4j-0.12.25.jar;C:\Users\Mario-MihaiMateas\.m2\repository\org\openjfx\javafx-fxml\21.0.6\javafx-fxml-21.0.6-win.jar;C:\Users\Mario-MihaiMateas\.m2\repository\org\openjfx\javafx-base\19.0.2.1\javafx-base-19.0.2.1-win.jar;C:\Users\Mario-MihaiMateas\.m2\repository\org\openjfx\javafx-graphics\21.0.6\javafx-graphics-21.0.6-win.jar;C:\Users\Mario-MihaiMateas\.m2\repository\org\openjfx\javafx-controls\21.0.6\javafx-controls-21.0.6-win.jar;C:\Users\Mario-MihaiMateas\.m2\repository\org\controlsfx\controlsfx\11.2.1\controlsfx-11.2.1.jar;C:\Users\Mario-MihaiMateas\.m2\repository\com\helger\commons\ph-base\12.1.0\ph-base-12.1.0.jar;C:\Users\Mario-MihaiMateas\.m2\repository\com\techsenger\jeditermfx\jeditermfx-ui\1.1.0\jeditermfx-ui-1.1.0.jar;C:\Users\Mario-MihaiMateas\.m2\repository\org\openjfx\javafx-web\21.0.6\javafx-web-21.0.6-win.jar;C:\Users\Mario-MihaiMateas\.m2\repository\org\fxmisc\richtext\richtextfx\0.11.7\richtextfx-0.11.7.jar;C:\Users\Mario-MihaiMateas\.m2\repository\com\helger\ph-css\8.1.1\ph-css-8.1.1.jar;C:\Users\Mario-MihaiMateas\.m2\repository\com\dlsc\formsfx\formsfx-core\11.6.0\formsfx-core-11.6.0.jar;C:\git\piejfx\piejfx\target\classes;C:\Users\Mario-MihaiMateas\.m2\repository\org\jetbrains\kotlin\kotlin-stdlib\1.9.22\kotlin-stdlib-1.9.22.jar;C:\Users\Mario-MihaiMateas\.m2\repository\com\techsenger\jeditermfx\-Djdk.module.main=com.bwxor.piejfx 
java_command: com.bwxor.piejfx/com.bwxor.piejfx.Application
java_class_path (initial): C:\Users\Mario-MihaiMateas\.m2\repository\org\openjfx\javafx-controls\21.0.6\javafx-controls-21.0.6.jar;C:\Users\Mario-MihaiMateas\.m2\repository\org\openjfx\javafx-graphics\21.0.6\javafx-graphics-21.0.6.jar;C:\Users\Mario-MihaiMateas\.m2\repository\org\openjfx\javafx-fxml\21.0.6\javafx-fxml-21.0.6.jar;C:\Users\Mario-MihaiMateas\.m2\repository\org\openjfx\javafx-swing\21.0.6\javafx-swing-21.0.6.jar;C:\Users\Mario-MihaiMateas\.m2\repository\org\openjfx\javafx-swing\21.0.6\javafx-swing-21.0.6-win.jar;C:\Users\Mario-MihaiMateas\.m2\repository\org\openjfx\javafx-web\21.0.6\javafx-web-21.0.6.jar;C:\Users\Mario-MihaiMateas\.m2\repository\org\openjfx\javafx-media\21.0.6\javafx-media-21.0.6.jar;C:\Users\Mario-MihaiMateas\.m2\repository\org\fxmisc\undo\undofx\2.1.1\undofx-2.1.1.jar;C:\Users\Mario-MihaiMateas\.m2\repository\org\fxmisc\flowless\flowless\0.7.4\flowless-0.7.4.jar;C:\Users\Mario-MihaiMateas\.m2\repository\org\fxmisc\wellbehaved\wellbehavedfx\0.3.3\wellbehavedfx-0.3.3.jar;C:\Users\Mario-MihaiMateas\.m2\repository\net\java\dev\jna\jna\5.13.0\jna-5.13.0.jar;C:\Users\Mario-MihaiMateas\.m2\repository\org\openjfx\javafx-base\19.0.2.1\javafx-base-19.0.2.1.jar;C:\Users\Mario-MihaiMateas\.m2\repository\com\helger\commons\ph-typeconvert\12.1.0\ph-typeconvert-12.1.0.jar;C:\Users\Mario-MihaiMateas\.m2\repository\com\helger\commons\ph-cache\12.1.0\ph-cache-12.1.0.jar;C:\Users\Mario-MihaiMateas\.m2\repository\com\helger\commons\ph-annotations\12.1.0\ph-annotations-12.1.0.jar;C:\Users\Mario-MihaiMateas\.m2\repository\org\jspecify\jspecify\1.0.0\jspecify-1.0.0.jar;C:\Users\Mario-MihaiMateas\.m2\repository\com\helger\commons\ph-statistics\12.1.0\ph-statistics-12.1.0.jar;C:\Users\Mario-MihaiMateas\.m2\repository\com\helger\commons\ph-io\12.1.0\ph-io-12.1.0.jar;C:\Users\Mario-MihaiMateas\.m2\repository\com\helger\commons\ph-mime\12.1.0\ph-mime-12.1.0.jar;C:\Users\Mario-MihaiMateas\.m2\repository\com\helger\commons\ph-text\12.1.0\ph-text-12.1.0.jar;C:\Users\Mario-MihaiMateas\.m2\repository\net\java\dev\jna\jna-platform\5.18.1\jna-platform-5.18.1.jar
Launcher Type: SUN_STANDARD

[Global flags]
     intx CICompilerCount                          = 4                                         {product} {ergonomic}
     uint ConcGCThreads                            = 3                                         {product} {ergonomic}
     uint G1ConcRefinementThreads                  = 11                                        {product} {ergonomic}
   size_t G1HeapRegionSize                         = 2097152                                   {product} {ergonomic}
   size_t InitialHeapSize                          = 260046848                                 {product} {ergonomic}
   size_t MarkStackSize                            = 4194304                                   {product} {ergonomic}
   size_t MarkStackSizeMax                         = 536870912                                 {product} {ergonomic}
   size_t MaxHeapSize                              = 4148166656                                {product} {ergonomic}
   size_t MaxNewSize                               = 2487222272                                {product} {ergonomic}
   size_t MinHeapDeltaBytes                        = 2097152                                   {product} {ergonomic}
   size_t MinHeapSize                              = 8388608                                   {product} {ergonomic}
    uintx NonNMethodCodeHeapSize                   = 5832704                                {pd product} {ergonomic}
    uintx NonProfiledCodeHeapSize                  = 122945536                              {pd product} {ergonomic}
    uintx ProfiledCodeHeapSize                     = 122880000                              {pd product} {ergonomic}
    uintx ReservedCodeCacheSize                    = 251658240                              {pd product} {ergonomic}
     bool SegmentedCodeCache                       = true                                      {product} {ergonomic}
   size_t SoftMaxHeapSize                          = 4148166656                             {manageable} {ergonomic}
     bool UseCompressedOops                        = true                           {product lp64_product} {ergonomic}
     bool UseG1GC                                  = true                                      {product} {ergonomic}
     bool UseLargePagesIndividualAllocation        = false                                  {pd product} {ergonomic}

Logging:
Log output configuration:
 #0: stdout all=warning uptime,level,tags foldmultilines=false
 #1: stderr all=off uptime,level,tags foldmultilines=false

Release file:
IMPLEMENTOR="Oracle Corporation" 
JAVA_RUNTIME_VERSION="25.0.1+8-27" 
JAVA_VERSION="25.0.1" 
JAVA_VERSION_DATE="2025-10-21" 
LIBC="default" 
MODULES="java.base java.compiler java.datatransfer java.xml java.prefs java.desktop java.instrument java.logging java.management java.security.sasl java.naming java.rmi java.management.rmi java.net.http java.scripting java.security.jgss java.transaction.xa java.sql java.sql.rowset java.xml.crypto java.se java.smartcardio jdk.accessibility jdk.internal.jvmstat jdk.attach jdk.charsets jdk.internal.opt jdk.zipfs jdk.compiler jdk.crypto.cryptoki jdk.crypto.ec jdk.crypto.mscapi jdk.dynalink jdk.internal.ed jdk.editpad jdk.internal.vm.ci jdk.graal.compiler jdk.graal.compiler.management jdk.hotspot.agent jdk.httpserver jdk.incubator.vector jdk.internal.le jdk.internal.md jdk.jartool jdk.javadoc jdk.jcmd jdk.management jdk.management.agent jdk.jconsole jdk.jdeps jdk.jdwp.agent jdk.jdi jdk.jfr jdk.jlink jdk.jpackage jdk.jshell jdk.jsobject jdk.jstatd jdk.localedata jdk.management.jfr jdk.naming.dns jdk.naming.rmi jdk.net jdk.nio.mapmode jdk.sctp jdk.security.auth jdk.security.jgss jdk.unsupported jdk.unsupported.desktop jdk.xml.dom" 
OS_ARCH="x86_64" 
OS_NAME="Windows" 
SOURCE=".:git:78770bfaefd2" 

Environment Variables:
PATH=C:\Program Files\Microsoft MPI\Bin\;C:\Program Files\Common Files\Oracle\Java\javapath;C:\Program Files (x86)\Common Files\Oracle\Java\java8path;C:\Program Files (x86)\Common Files\Oracle\Java\javapath;C:\WINDOWS\system32;C:\WINDOWS;C:\WINDOWS\System32\Wbem;C:\WINDOWS\System32\WindowsPowerShell\v1.0\;C:\WINDOWS\System32\OpenSSH\;C:\Program Files\dotnet\;C:\Program Files\Git\cmd;C:\Program Files\nodejs\;C:\maven-mvnd-1.0.3-windows-amd64\mvn\bin;C:\Program Files\Java\jdk-25\bin;C:\Program Files (x86)\WiX Toolset v3.14\bin;C:\Program Files\JetBrains\CLion 2025.3.1\bin\mingw\bin;C:\Users\Mario-MihaiMateas\AppData\Local\Microsoft\WindowsApps;C:\Users\Mario-MihaiMateas\.dotnet\tools;C:\Program Files\JetBrains\WebStorm 2025.1.3\bin;;C:\Users\Mario-MihaiMateas\AppData\Roaming\npm;C:\Users\Mario-MihaiMateas\AppData\Local\Programs\Microsoft VS Code\bin;C:\Users\Mario-MihaiMateas\AppData\Local\Programs\Ollama;C:\Users\Mario-MihaiMateas\AppData\Local\Programs\IBM Bob\bin;C:\Program Files\JetBrains\DataGrip 2026.1.3\bin
USERNAME=Mario-MihaiMateas
OS=Windows_NT
PROCESSOR_IDENTIFIER=Intel64 Family 6 Model 170 Stepping 4, GenuineIntel
TMP=C:\Users\MARIO-~1\AppData\Local\Temp
TEMP=C:\Users\MARIO-~1\AppData\Local\Temp




Compilation memory statistics disabled.

Periodic native trim disabled

---------------  S Y S T E M  ---------------

OS:
 Windows 11 , 64 bit Build 26100 (10.0.26100.8875)
OS uptime: 11 days 2:32 hours
Hyper-V role detected

CPU: total 14 (initial active 14) (7 cores per cpu, 2 threads per core) family 6 model 170 stepping 4 microcode 0x28, cx8, cmov, fxsr, ht, mmx, 3dnowpref, sse, sse2, sse3, ssse3, sse4.1, sse4.2, popcnt, lzcnt, tsc, tscinvbit, avx, avx2, aes, erms, clmul, bmi1, bmi2, adx, sha, fma, vzeroupper, clflush, clflushopt, clwb, hv, serialize, rdtscp, rdpid, fsrm, gfni, f16c, cet_ibt, cet_ss
Processor Information for processor 0
  Max Mhz: 1600, Current Mhz: 1600, Mhz Limit: 1600
Processor Information for processor 1
  Max Mhz: 1600, Current Mhz: 1600, Mhz Limit: 1600
Processor Information for processor 2
  Max Mhz: 1100, Current Mhz: 1100, Mhz Limit: 1100
Processor Information for processor 3
  Max Mhz: 1100, Current Mhz: 1100, Mhz Limit: 1100
Processor Information for processor 4
  Max Mhz: 1100, Current Mhz: 1100, Mhz Limit: 1100
Processor Information for processor 5
  Max Mhz: 1100, Current Mhz: 1100, Mhz Limit: 1100
Processor Information for processor 6
  Max Mhz: 1100, Current Mhz: 1100, Mhz Limit: 1100
Processor Information for processor 7
  Max Mhz: 1100, Current Mhz: 1100, Mhz Limit: 1100
Processor Information for processor 8
  Max Mhz: 1100, Current Mhz: 1100, Mhz Limit: 1100
Processor Information for processor 9
  Max Mhz: 1100, Current Mhz: 1100, Mhz Limit: 1100
Processor Information for processor 10
  Max Mhz: 1600, Current Mhz: 1600, Mhz Limit: 1600
Processor Information for processor 11
  Max Mhz: 1600, Current Mhz: 1600, Mhz Limit: 1600
Processor Information for processor 12
  Max Mhz: 700, Current Mhz: 700, Mhz Limit: 700
Processor Information for processor 13
  Max Mhz: 700, Current Mhz: 700, Mhz Limit: 700

Memory: 4k page, system-wide physical 15817M (1766M free)
TotalPageFile size 24644M (AvailPageFile size 2035M)
current process WorkingSet (physical memory assigned to process): 454M, peak: 458M
current process commit charge ("private bytes"): 463M, peak: 500M

vm_info: OpenJDK 64-Bit Server VM (25.0.1+8-27) for windows-amd64 JRE (25.0.1+8-27), built on 2025-09-25T16:41:16Z with unknown MS VC++:1943

END.
