#
# A fatal error has been detected by the Java Runtime Environment:
#
#  EXCEPTION_ACCESS_VIOLATION (0xc0000005) at pc=0x00007ffc75ec7278, pid=24072, tid=9736
#
# JRE version: OpenJDK Runtime Environment Corretto-25.0.4.10.1 (25.0.4.1+10) (build 25.0.4.1+10-LTS)
# Java VM: OpenJDK 64-Bit Server VM Corretto-25.0.4.10.1 (25.0.4.1+10-LTS, mixed mode, sharing, tiered, compressed oops, compressed class ptrs, g1 gc, windows-amd64)
# Problematic frame:
# C  0x00007ffc75ec7278
#
# No core dump will be written. Minidumps are not enabled by default on client versions of Windows
#
# If you would like to submit a bug report, please visit:
#   https://github.com/corretto/corretto-25/issues/
# The crash happened outside the Java Virtual Machine in native code.
# See problematic frame for where to report the bug.
#

---------------  S U M M A R Y ------------

Command Line: -javaagent:C:\Program Files\JetBrains\IntelliJ IDEA 2026.2.3\lib\idea_rt.jar=54419 -Dfile.encoding=UTF-8 -Dsun.stdout.encoding=UTF-8 -Dsun.stderr.encoding=UTF-8 com.bwxor.piejfx.Launcher

Host: AMD Ryzen AI 7 350 w/ Radeon 860M              , 16 cores, 31G,  Windows 11 , 64 bit Build 26100 (10.0.26100.9596)
Time: Thu Oct  8 11:20:08 2026 GTB Daylight Time elapsed time: 28.889566 seconds (0d 0h 0m 28s)

---------------  T H R E A D  ---------------

Current thread (0x000001f016652300):  JavaThread "JavaFX Application Thread"        [_thread_in_native, id=9736, stack(0x000000a51d500000,0x000000a51d600000) (1024K)]

Stack: [0x000000a51d500000,0x000000a51d600000],  sp=0x000000a51d5fd100,  free space=1012k
Native frames: (J=compiled Java code, j=interpreted, Vv=VM code, C=native code)
C  0x00007ffc75ec7278  (no source info available)
C  0x000001f007f3809b  (no source info available)

The last pc belongs to native nmethod (printed below).
Java frames: (J=compiled Java code, j=interpreted, Vv=VM code)
J 8892  com.sun.javafx.font.directwrite.OS.JFXTextRendererGetGlyphOffsets(J[FI)I (0 bytes) @ 0x000001f007f38062 [0x000001f007f38000+0x0000000000000062]
j  com.sun.javafx.font.directwrite.JFXTextRenderer.GetGlyphOffsets([FI)I+6
j  com.sun.javafx.font.directwrite.DWGlyphLayout.renderShape([CLcom/sun/javafx/text/TextRun;Lcom/sun/javafx/font/PGFont;I)V+301
j  com.sun.javafx.font.directwrite.DWGlyphLayout.layout(Lcom/sun/javafx/text/TextRun;Lcom/sun/javafx/font/PGFont;Lcom/sun/javafx/font/FontStrike;[C)V+429
J 8472 c2 com.sun.javafx.text.PrismTextLayout.shape(Lcom/sun/javafx/text/TextRun;[CLcom/sun/javafx/text/GlyphLayout;)V (622 bytes) @ 0x000001f007e44fb0 [0x000001f007e444a0+0x0000000000000b10]
J 8503 c2 com.sun.javafx.text.PrismTextLayout.layout()V (1636 bytes) @ 0x000001f007e87ab4 [0x000001f007e86aa0+0x0000000000001014]
J 8701 c2 com.sun.javafx.scene.control.skin.Utils.computeTextHeight(Ljavafx/scene/text/Font;Ljava/lang/String;DDLjavafx/scene/text/TextBoundsType;)D (92 bytes) @ 0x000001f007d93edc [0x000001f007d93ca0+0x000000000000023c]
J 6510 c1 javafx.scene.control.skin.LabeledSkinBase.computePrefHeight(DDDDD)D (311 bytes) @ 0x000001f0009ad58c [0x000001f0009a85c0+0x0000000000004fcc]
J 8703 c2 javafx.scene.control.Control.computePrefHeight(D)D (51 bytes) @ 0x000001f007d748c8 [0x000001f007d74420+0x00000000000004a8]
J 8922 c2 javafx.scene.control.skin.TableRowSkinBase.computePrefHeight(DDDDD)D (143 bytes) @ 0x000001f007f4034c [0x000001f007f3ffa0+0x00000000000003ac]
J 8703 c2 javafx.scene.control.Control.computePrefHeight(D)D (51 bytes) @ 0x000001f007d748c8 [0x000001f007d74420+0x00000000000004a8]
J 8217 c2 javafx.scene.layout.Region.prefHeight(D)D (38 bytes) @ 0x000001f007c6db1c [0x000001f007c6daa0+0x000000000000007c]
J 7650 c1 javafx.scene.control.skin.VirtualFlow.resizeCell(Ljavafx/scene/control/IndexedCell;)V (102 bytes) @ 0x000001f000baba04 [0x000001f000bab200+0x0000000000000804]
j  javafx.scene.control.skin.VirtualFlow.addTrailingCells(Z)Z+181
j  javafx.scene.control.skin.VirtualFlow.layoutChildren()V+1054
j  javafx.scene.control.skin.VirtualFlow$5.invalidated()V+166
J 6246 c1 javafx.beans.property.IntegerPropertyBase.set(I)V (76 bytes) @ 0x000001f0009258f4 [0x000001f000925400+0x00000000000004f4]
j  javafx.scene.control.skin.VirtualFlow.setCellCount(I)V+5
j  javafx.scene.control.skin.TableViewSkinBase.updateItemCount()V+42
j  javafx.scene.control.skin.VirtualContainerBase.checkState()V+8
j  javafx.scene.control.skin.VirtualContainerBase.layoutChildren(DDDD)V+1
j  javafx.scene.control.skin.TableViewSkinBase.layoutChildren(DDDD)V+19
J 7120 c1 javafx.scene.control.Control.layoutChildren()V (91 bytes) @ 0x000001f000ab673c [0x000001f000ab2980+0x0000000000003dbc]
J 8713 c2 javafx.scene.Parent.layout()V (160 bytes) @ 0x000001f007d72690 [0x000001f007d72580+0x0000000000000110]
J 8713 c2 javafx.scene.Parent.layout()V (160 bytes) @ 0x000001f007d72848 [0x000001f007d72580+0x00000000000002c8]
J 8713 c2 javafx.scene.Parent.layout()V (160 bytes) @ 0x000001f007d72848 [0x000001f007d72580+0x00000000000002c8]
J 6933 c1 javafx.scene.Scene.doLayoutPass()V (14 bytes) @ 0x000001f000a696b4 [0x000001f000a69200+0x00000000000004b4]
J 6935 c1 javafx.scene.Scene$ScenePulseListener.pulse()V (504 bytes) @ 0x000001f000a6f664 [0x000001f000a6e900+0x0000000000000d64]
J 6801 c1 com.sun.javafx.tk.Toolkit$$Lambda+0x00000000283c0e88.run()Ljava/lang/Object; (8 bytes) @ 0x000001f000a416c4 [0x000001f000a41580+0x0000000000000144]
J 7874 c1 com.sun.javafx.tk.Toolkit.firePulse()V (279 bytes) @ 0x000001f000c39d44 [0x000001f000c380a0+0x0000000000001ca4]
J 7873 c1 com.sun.javafx.tk.quantum.QuantumToolkit.pulse(Z)V (152 bytes) @ 0x000001f000c351dc [0x000001f000c34200+0x0000000000000fdc]
J 7869 c1 com.sun.javafx.tk.quantum.QuantumToolkit$$Lambda+0x00000000280ecd68.run()V (8 bytes) @ 0x000001f000c32444 [0x000001f000c32180+0x00000000000002c4]
J 6922 c1 com.sun.glass.ui.InvokeLaterDispatcher$Future.run()V (91 bytes) @ 0x000001f000a63f94 [0x000001f000a63e80+0x0000000000000114]
v  ~StubRoutines::call_stub 0x000001f0074612ed
j  com.sun.glass.ui.win.WinApplication._runLoop(Ljava/lang/Runnable;)V+0
j  com.sun.glass.ui.win.WinApplication.lambda$runLoop$3(ILjava/lang/Runnable;)V+8
j  com.sun.glass.ui.win.WinApplication$$Lambda+0x00000000280e4000.run()V+12
j  java.lang.Thread.runWith(Ljava/lang/Object;Ljava/lang/Runnable;)V+5 java.base@25.0.4.1
j  java.lang.Thread.run()V+19 java.base@25.0.4.1
v  ~StubRoutines::call_stub 0x000001f0074612ed

siginfo: EXCEPTION_ACCESS_VIOLATION (0xc0000005), reading address 0x0000000000000000


Registers:
RAX=0x0000000000000000, RBX=0x0000000000000000, RCX=0x0000000000000000, RDX=0x0000000000000001
RSP=0x000000a51d5fd100, RBP=0x000000a51d5fd170, RSI=0x0000000000000002, RDI=0x000001f02e35eed0
R8 =0x0000000000000002, R9 =0x0000000000000000, R10=0x0000000000000000, R11=0x000000a51d5fd0c0
R12=0x0000000000000000, R13=0x000000a51d5fd1c8, R14=0x000001f016652748, R15=0x000001f016182b40
RIP=0x00007ffc75ec7278, EFLAGS=0x0000000000010202

XMM[0]=0x0000000000000000 0x0000000000000000
XMM[1]=0x0000000000000000 0x0000000000000000
XMM[2]=0x0000000000000000 0x0000000000000000
XMM[3]=0x0000000000000000 0x0000000041500000
XMM[4]=0x0000000000000000 0x000000004b000000
XMM[5]=0x000000000000008c 0x0000000000000000
XMM[6]=0x0000000000000000 0x0000000000000000
XMM[7]=0x0000000000000000 0x0000000000000800
XMM[8]=0x0000000000000000 0x4ada2f5cecad55d2
XMM[9]=0x0000000000000000 0x0000000000000800
XMM[10]=0x0000000000000000 0x0000000013db48a7
XMM[11]=0x0000000000000000 0x00000000ed539294
XMM[12]=0x0000000000000000 0x049196acf1e52940
XMM[13]=0x0000000000000000 0x0000000000000000
XMM[14]=0x0000000000000000 0x0000000000000000
XMM[15]=0x0000000000000000 0x0000000000000000
  MXCSR=0x00001faf


Register to memory mapping:

RAX=0x0 is null
RBX=0x0 is null
RCX=0x0 is null
RDX=0x0000000000000001 is an unknown value
RSP=0x000000a51d5fd100 is pointing into the stack for thread: 0x000001f016652300
RBP=0x000000a51d5fd170 is pointing into the stack for thread: 0x000001f016652300
RSI=0x0000000000000002 is an unknown value
RDI=0x000001f02e35eed0 points into unknown readable memory: 0x0000000000000000 | 00 00 00 00 00 00 00 00
R8 =0x0000000000000002 is an unknown value
R9 =0x0 is null
R10=0x0 is null
R11=0x000000a51d5fd0c0 is pointing into the stack for thread: 0x000001f016652300
R12=0x0 is null
R13=0x000000a51d5fd1c8 is pointing into the stack for thread: 0x000001f016652300
R14=0x000001f016652748 points into unknown readable memory: 0x00007ffc1061edc0 | c0 ed 61 10 fc 7f 00 00
R15=0x000001f016182b40 points into unknown readable memory: 0x00007ffc75ecccc8 | c8 cc ec 75 fc 7f 00 00

Top of Stack: (sp=0x000000a51d5fd100)
0x000000a51d5fd100:   0000000000000000 0000000000000002   ................
0x000000a51d5fd110:   000001f012857030 000000a51d5fd170   0p......p._.....
0x000000a51d5fd120:   000001f016652300 000000a51d5fd198   .#e......._.....
0x000000a51d5fd130:   0000000000000000 000001f007f3809b   ................
0x000000a51d5fd140:   000001f012857030 000000a51d5fd1b0   0p........_.....
0x000000a51d5fd150:   000000060b575416 0000000000000000   .TW.............
0x000000a51d5fd160:   0000000000000000 000000060e2fa158   ........X./.....
0x000000a51d5fd170:   000000060e2fa188 000001f0130647d8   ../......G......
0x000000a51d5fd180:   0000000000000000 000000060bd65db8   .........]......
0x000000a51d5fd190:   000000060bd65b30 000000060bd65b30   0[......0[......
0x000000a51d5fd1a0:   000000a51d5fd228 000001f007468c60   (._.....`.F.....
0x000000a51d5fd1b0:   000000a51d5fd230 000001f007468c60   0._.....`.F.....
0x000000a51d5fd1c0:   000001f007468c60 0000000000000000   `.F.............
0x000000a51d5fd1d0:   000000060e2fa188 000001f016182b40   ../.....@+......
0x000000a51d5fd1e0:   0000000000000000 fffffffffffffff7   ................
0x000000a51d5fd1f0:   000001f014a6625e 0000000000000004   ^b..............
0x000000a51d5fd200:   000001f014a66488 0000000000000000   .d..............
0x000000a51d5fd210:   000000060c8004a0 000001f014a66268   ........hb......
0x000000a51d5fd220:   fffffffffffffff3 000000a51d5fd240   ........@._.....
0x000000a51d5fd230:   000000a51d5fd2a0 000001f007468c60   .._.....`.F.....
0x000000a51d5fd240:   0000000000000000 000000060e2fa188   ........../.....
0x000000a51d5fd250:   000000060e2fa140 fffffffffffffff7   @./.............
0x000000a51d5fd260:   000001f012853fb5 0000000000000020   .?...... .......
0x000000a51d5fd270:   000001f0130647d8 0000000000000000   .G..............
0x000000a51d5fd280:   000000060bd65db8 000001f0128540b0   .].......@......
0x000000a51d5fd290:   fffffffffffffff4 000000a51d5fd380   .........._.....
0x000000a51d5fd2a0:   000000a51d5fd3f0 000001f007468b18   .._.......F.....
0x000000a51d5fd2b0:   0000000000000000 0000000000000000   ................
0x000000a51d5fd2c0:   000000060e2fa1b8 0000000000000000   ../.............
0x000000a51d5fd2d0:   0000000000000000 000000060e2fa1a0   ........../.....
0x000000a51d5fd2e0:   000000060e2fa188 000000060e2fa170   ../.....p./.....
0x000000a51d5fd2f0:   000000060e2fa158 0000000000000001   X./.............

Instructions: (pc=0x00007ffc75ec7278)
  0x00007ffc75ec7178:   24 68 eb 02 33 c0 48 8b 6c 24 70 0f 28 74 24 20
  0x00007ffc75ec7188:   48 83 c4 30 41 5f 41 5e 41 5d 41 5c 5e c3 cc cc
  0x00007ffc75ec7198:   cc cc cc cc cc cc cc cc 48 89 5c 24 08 48 89 6c
  0x00007ffc75ec71a8:   24 10 48 89 74 24 18 57 41 56 41 57 48 83 ec 20
  0x00007ffc75ec71b8:   49 8b e9 4d 8b f8 4c 8b f1 4d 85 c9 0f 84 ea 00
  0x00007ffc75ec71c8:   00 00 48 8b 01 45 33 c0 49 8b d1 ff 90 e8 05 00
  0x00007ffc75ec71d8:   00 48 8b f8 48 85 c0 0f 84 cf 00 00 00 8b 5c 24
  0x00007ffc75ec71e8:   60 85 db 0f 88 c3 00 00 00 49 8b cf e8 47 ac ff
  0x00007ffc75ec71f8:   ff 4d 8b 06 8b f0 48 8b d5 49 8b ce 03 f6 41 ff
  0x00007ffc75ec7208:   90 58 05 00 00 2b c3 3b c6 0f 4e f0 40 f6 c6 01
  0x00007ffc75ec7218:   0f 85 96 00 00 00 4d 8b 4f 10 48 b8 a3 8b 2e ba
  0x00007ffc75ec7228:   e8 a2 8b 2e 49 8b 4f 18 45 33 c0 45 8b 57 28 49
  0x00007ffc75ec7238:   2b c9 48 f7 e9 48 c1 fa 04 48 8b c2 48 c1 e8 3f
  0x00007ffc75ec7248:   48 03 d0 4c 3b d2 72 05 45 8b c8 eb 0c 49 63 c2
  0x00007ffc75ec7258:   48 6b c8 58 4e 8b 4c 09 20 41 8b d0 85 f6 74 32
  0x00007ffc75ec7268:   0f 1f 84 00 00 00 00 00 8b c2 41 83 c0 02 ff c2
=>0x00007ffc75ec7278:   f3 41 0f 10 04 c1 f3 41 0f 10 4c c1 04 8b c3 ff
  0x00007ffc75ec7288:   c3 f3 0f 11 04 87 f3 0f 11 0c 9f ff c3 44 3b c6
  0x00007ffc75ec7298:   72 d6 4d 8b 16 45 33 c9 4c 8b c7 48 8b d5 49 8b
  0x00007ffc75ec72a8:   ce 41 ff 92 28 06 00 00 8b c6 eb 02 33 c0 48 8b
  0x00007ffc75ec72b8:   5c 24 40 48 8b 6c 24 48 48 8b 74 24 50 48 83 c4
  0x00007ffc75ec72c8:   20 41 5f 41 5e 5f c3 cc 4d 8b 48 10 48 b8 a3 8b
  0x00007ffc75ec72d8:   2e ba e8 a2 8b 2e 49 8b 48 18 45 8b 50 28 49 2b
  0x00007ffc75ec72e8:   c9 48 f7 e9 48 c1 fa 04 48 8b c2 48 c1 e8 3f 48
  0x00007ffc75ec72f8:   03 d0 4c 3b d2 72 03 33 c0 c3 49 63 c2 48 6b c8
  0x00007ffc75ec7308:   58 42 8b 44 09 40 c3 cc 4d 8b 48 10 48 b8 a3 8b
  0x00007ffc75ec7318:   2e ba e8 a2 8b 2e 49 8b 48 18 45 8b 50 28 49 2b
  0x00007ffc75ec7328:   c9 48 f7 e9 48 c1 fa 04 48 8b c2 48 c1 e8 3f 48
  0x00007ffc75ec7338:   03 d0 4c 3b d2 72 03 33 c0 c3 49 63 c2 48 6b c8
  0x00007ffc75ec7348:   58 42 8b 44 09 50 c3 cc 41 8b 40 2c c3 cc cc cc
  0x00007ffc75ec7358:   cc cc cc cc cc cc cc cc 41 ff 40 28 48 b8 a3 8b
  0x00007ffc75ec7368:   2e ba e8 a2 8b 2e 49 8b 48 18 49 2b 48 10 45 8b


Stack slot to memory mapping:

stack at sp + 0 slots: 0x0 is null
stack at sp + 1 slots: 0x0000000000000002 is an unknown value
stack at sp + 2 slots: {method} {0x000001f012857038} 'JFXTextRendererGetGlyphOffsets' '(J[FI)I' in 'com/sun/javafx/font/directwrite/OS'
stack at sp + 3 slots: 0x000000a51d5fd170 is pointing into the stack for thread: 0x000001f016652300
stack at sp + 4 slots: 0x000001f016652300 is a thread
stack at sp + 5 slots: 0x000000a51d5fd198 is pointing into the stack for thread: 0x000001f016652300
stack at sp + 6 slots: 0x0 is null
stack at sp + 7 slots: 0x000001f007f3809b is at entry_point+155 in (nmethod*)0x000001f007f37f08
Compiled method (n/a) 28983 8892     n 0       com.sun.javafx.font.directwrite.OS::JFXTextRendererGetGlyphOffsets (native)
 total in heap  [0x000001f007f37f08,0x000001f007f381a0] = 664
 main code      [0x000001f007f38000,0x000001f007f38191] = 401
 stub code      [0x000001f007f38191,0x000001f007f38198] = 7
 oops           [0x000001f007f38198,0x000001f007f381a0] = 8
 mutable data [0x000001f028dba400,0x000001f028dba420] = 32
 relocation     [0x000001f028dba400,0x000001f028dba420] = 32
0x000001f007f3804b:   49 be 30 5b d6 0b 06 00 00 00 4c 89 74 24 58 4c
0x000001f007f3805b:   8d 74 24 58 49 8b d6 c5 f8 77 49 ba 62 80 f3 07
0x000001f007f3806b:   f0 01 00 00 4d 89 97 30 04 00 00 49 89 a7 28 04
0x000001f007f3807b:   00 00 49 8d 8f 48 04 00 00 41 c7 87 d4 04 00 00
0x000001f007f3808b:   04 00 00 00 48 b8 a0 71 ec 75 fc 7f 00 00 ff d0
0x000001f007f3809b:   c5 f8 77 41 c7 87 d4 04 00 00 05 00 00 00 f0 83
0x000001f007f380ab:   44 24 c0 00 49 3b 6f 28 0f 87 0e 00 00 00 41 83
0x000001f007f380bb:   bf d0 04 00 00 00 0f 84 2b 00 00 00 c5 f8 77 48
0x000001f007f380cb:   89 45 f8 49 8b cf 4c 8b e4 48 83 ec 20 48 83 e4
0x000001f007f380db:   f0 

Lock stack of current Java thread (top to bottom):


Compiled method (n/a) 28985 8892     n 0       com.sun.javafx.font.directwrite.OS::JFXTextRendererGetGlyphOffsets (native)
 total in heap  [0x000001f007f37f08,0x000001f007f381a0] = 664
 main code      [0x000001f007f38000,0x000001f007f38191] = 401
 stub code      [0x000001f007f38191,0x000001f007f38198] = 7
 oops           [0x000001f007f38198,0x000001f007f381a0] = 8
 mutable data [0x000001f028dba400,0x000001f028dba420] = 32
 relocation     [0x000001f028dba400,0x000001f028dba420] = 32

[Constant Pool (empty)]

[MachCode]
[Entry Point]
  # {method} {0x000001f012857038} 'JFXTextRendererGetGlyphOffsets' '(J[FI)I' in 'com/sun/javafx/font/directwrite/OS'
  # parm0:    rdx:rdx   = long
  # parm1:    r8:r8     = '[F'
  # parm2:    r9        = int
  #           [sp+0x80]  (sp of caller)
  0x000001f007f38000: 6690 448b | 5208 443b 

  0x000001f007f38008: ;   {runtime_call Shared Runtime ic_miss_blob}
  0x000001f007f38008: 5008 0f85 | d06c 57ff 
[Verified Entry Point]
  0x000001f007f38010: 8984 2400 | 80ff ff55 | 488b ec48 | 83ec 7090 | 4181 7f20 | 0b00 0000 

  0x000001f007f38028: ;   {runtime_call Stub::method_entry_barrier}
  0x000001f007f38028: 7405 e8b1 | e555 ff4c | 894c 2420 | 4c89 4424 | 3049 83f8 | 004c 8d4c | 2430 4c0f | 444c 2430 
  0x000001f007f38048: ;   {oop(a 'java/lang/Class'{0x000000060bd65b30} = 'com/sun/javafx/font/directwrite/OS')}
  0x000001f007f38048: 4c8b c249 | be30 5bd6 | 0b06 0000 | 004c 8974 | 2458 4c8d | 7424 5849 | 8bd6 c5f8 

  0x000001f007f38064: ;   {internal_word}
  0x000001f007f38064: 7749 ba62 | 80f3 07f0 | 0100 004d | 8997 3004 | 0000 4989 | a728 0400 | 0049 8d8f | 4804 0000 
  0x000001f007f38084: 41c7 87d4 | 0400 0004 

  0x000001f007f3808c: ;   {runtime_call}
  0x000001f007f3808c: 0000 0048 | b8a0 71ec | 75fc 7f00 | 00ff d0c5 | f877 41c7 | 87d4 0400 | 0005 0000 | 00f0 8344 
  0x000001f007f380ac: 24c0 0049 | 3b6f 280f | 870e 0000 | 0041 83bf | d004 0000 | 000f 842b | 0000 00c5 | f877 4889 
  0x000001f007f380cc: 45f8 498b | cf4c 8be4 | 4883 ec20 | 4883 e4f0 

  0x000001f007f380dc: ;   {runtime_call}
  0x000001f007f380dc: 48b8 d06a | d00f fc7f | 0000 ffd0 | 498b e44d | 33e4 488b | 45f8 41c7 | 87d4 0400 | 0008 0000 
  0x000001f007f380fc: 0041 83bf | 5005 0000 | 020f 8459 | 0000 0049 | c787 2804 | 0000 0000 | 0000 49c7 | 8730 0400 
  0x000001f007f3811c: 0000 0000 | 00c5 f877 | 498b 8fb8 | 0400 00c7 | 8100 0100 | 0000 0000 

  0x000001f007f38134: ;   {poll_return}
  0x000001f007f38134: 00c9 41f6 | 4728 0174 

  0x000001f007f3813c: ;   {internal_word}
  0x000001f007f3813c: 1649 ba36 | 81f3 07f0 | 0100 004d | 8997 e004 

  0x000001f007f3814c: ;   {runtime_call SafepointBlob}
  0x000001f007f3814c: 0000 e90d | a157 ff49 | 837f 0800 | 0f85 0100 

  0x000001f007f3815c: ;   {runtime_call Stub::forward_exception}
  0x000001f007f3815c: 0000 c3e9 | 7c90 52ff | c5f8 7748 | 8945 f84c | 8be4 4883 | ec20 4883 

  0x000001f007f38174: ;   {runtime_call}
  0x000001f007f38174: e4f0 48b8 | 00ed 0910 | fc7f 0000 | ffd0 498b | e44d 33e4 | 488b 45f8 | e97a ffff | fff4 f4f4 
  0x000001f007f38194: f4f4 f4f4 
[/MachCode]


Compiled method (c2) 28987 8472       4       com.sun.javafx.text.PrismTextLayout::shape (622 bytes)
 total in heap  [0x000001f007e44388,0x000001f007e487c0] = 17464
 constants      [0x000001f007e44480,0x000001f007e444a0] = 32
 main code      [0x000001f007e444a0,0x000001f007e486b0] = 16912
 stub code      [0x000001f007e486b0,0x000001f007e487a8] = 248
 oops           [0x000001f007e487a8,0x000001f007e487c0] = 24
 mutable data [0x000001f029783030,0x000001f029783688] = 1624
 relocation     [0x000001f029783030,0x000001f029783388] = 856
 metadata       [0x000001f029783388,0x000001f029783688] = 768
 immutable data [0x000001f0115639e0,0x000001f011565930] = 8016
 dependencies   [0x000001f0115639e0,0x000001f011563ae0] = 256
 nul chk table  [0x000001f011563ae0,0x000001f011563bd0] = 240
 handler table  [0x000001f011563bd0,0x000001f011563e40] = 624
 scopes pcs     [0x000001f011563e40,0x000001f011564500] = 1728
 scopes data    [0x000001f011564500,0x000001f011565930] = 5168


[Constant Pool]
             Address          hex4                    hex8      
  0x000001f007e44480:   0x00000000      0x3fe8000000000000      
  0x000001f007e44484:   0x3fe80000                              
  0x000001f007e44488:   0x00000000      0x0000000000000000      
  0x000001f007e4448c:   0x00000000                              
  0x000001f007e44490:   0x9999999a      0x3fe999999999999a      
  0x000001f007e44494:   0x3fe99999                              
  0x000001f007e44498:   0xf4f4f4f4      0xf4f4f4f4f4f4f4f4      
  0x000001f007e4449c:   0xf4f4f4f4                              

[MachCode]
[Instructions begin]
  0x000001f007e444a0: ;   {other}
  0x000001f007e444a0: 6690 448b | 5208 443b 

  0x000001f007e444a8: ;   {runtime_call Shared Runtime ic_miss_blob}
  0x000001f007e444a8: 5008 0f85 | 30a8 66ff 
[Verified Entry Point]
  0x000001f007e444b0: 8984 2400 | 80ff ff55 | 4881 ecc0 | 0000 0090 | 4181 7f20 | 0b00 0000 | 0f85 d141 | 0000 4889 
  0x000001f007e444d0: 7c24 384c | 894c 2430 | 4c89 4424 | 2848 8954 | 2468 448b | 522c 4585 | d20f 856d | 2100 0044 
  0x000001f007e444f0: 8b52 3044 | 8b42 344d | 8bda 49c1 | e303 4d8b | d049 c1e2 | 034c 895c | 2470 4c8b | 5c24 28c4 
  0x000001f007e44510: c17a 104b 

  0x000001f007e44514: ;   {section_word}
  0x000001f007e44514: 20c5 f82e | 0d6b ffff | ff0f 8a74 | 0300 000f | 856e 0300 | 0045 8b42 

  0x000001f007e4452c: ;   {metadata('com/sun/javafx/font/CompositeStrike')}
  0x000001f007e4452c: 0841 81f8 | 3073 3001 | 0f85 4628 | 0000 4d8b | da4c 895c | 2440 458b | 432c 4585 | c00f 8423 
  0x000001f007e4454c: 0b00 004d | 8bd8 49c1 | e303 41b8 | 0040 0000 | 4c8b 4c24 | 6845 8541 | 200f 845b | 1a00 00c4 
  0x000001f007e4456c: c17a 105b | 0c4c 8b4c | 2470 458b 

  0x000001f007e44578: ;   {metadata('com/sun/javafx/font/PrismFont')}
  0x000001f007e44578: 4108 4181 | f888 ac0f | 010f 8531 | 2800 004c | 8b44 2470 | 418b 681c 

  0x000001f007e44590: ; implicit exception: dispatches to 0x000001f007e479f4
  0x000001f007e44590: 418b 4cec | 0849 8d1c 

  0x000001f007e44598: ;   {metadata('com/sun/javafx/font/PrismCompositeFontResource')}
  0x000001f007e44598: ec81 f900 | a00f 0174 

  0x000001f007e445a0: ;   {metadata('com/sun/javafx/font/LogicalFont')}
  0x000001f007e445a0: 1881 f900 | a022 010f | 85bf 2900 | 008b 4b18 | 488b c148 | c1e0 03eb | 534c 8944 | 2458 c5fa 
  0x000001f007e445c0: 115c 2450 | 4c89 5c24 | 4849 8bea | 448b 5b0c | 498b d348 | c1e2 0366 | 6690 c5f8 | 7748 b880 
  0x000001f007e445e0: 5916 29f0 

  0x000001f007e445e4: ;   {virtual_call}
  0x000001f007e445e4: 0100 00e8 

  0x000001f007e445e8: ; ImmutableOopMap {rbp=Oop [40]=Oop [48]=Oop [56]=Oop [64]=Oop [72]=Oop [88]=Oop [104]=Oop [112]=Oop }
                      ;*invokeinterface getFamilyName {reexecute=0 rethrow=0 return_oop=1}
                      ; - com.sun.javafx.font.PrismCompositeFontResource::getFamilyName@4 (line 98)
                      ; - com.sun.javafx.font.PrismFont::getFamilyName@4 (line 51)
                      ; - com.sun.javafx.text.PrismTextLayout::shape@135 (line 859)
  0x000001f007e445e8: a67f fbff 

  0x000001f007e445ec: ;   {post_call_nop}
  0x000001f007e445ec: 0f1f 8400 | 6402 0000 | 4c8b 4c24 | 704c 8b5c | 2448 c5fa | 105c 2450 | 4c8b 4424 | 584c 8bd5 
  0x000001f007e4460c: ; implicit exception: dispatches to 0x000001f007e47a0c
                      ;   {oop("Segoe UI"{0x000000060c0b0d90})}
  0x000001f007e4460c: 8b58 1448 | b990 0d0b | 0c06 0000 | 0048 3bc1 | 0f84 e60f | 0000 8078 | 1000 0f85 | 2701 0000 
  0x000001f007e4462c: 418b 7cdc | 0c83 ff08 | 0f85 1901 | 0000 498d | 0cdc 498d 

  0x000001f007e44640: ;   {oop([B{0x000000060c0b0da8})}
  0x000001f007e44640: 7cdc 1048 | bea8 0d0b | 0c06 0000 | 0048 83c6 | 10b9 0800 | 0000 85c9 | 0f84 dc00 | 0000 8bc1 
  0x000001f007e44660: 83e0 1f83 | e1e0 0f84 | 5200 0000 | 488d 3c0f | 488d 340e | 48f7 d9c5 | fe6f 040f | c5fe 6f0c 
  0x000001f007e44680: 0ec5 fdef | c1c4 e27d | 17c0 0f85 | b100 0000 | 4883 c120 | 75e1 85c0 | 0f84 9c00 | 0000 c5fe 
  0x000001f007e446a0: 6f44 07e0 | c5fe 6f4c | 06e0 c5fd | efc1 c4e2 | 7d17 c00f | 8588 0000 | 00e9 7c00 | 0000 8bc8 
  0x000001f007e446c0: 83e0 0f83 | e1f0 0f84 | 2a00 0000 | 488d 3c0f | 488d 340e | 48f7 d9c5 | fa6f 040f | c5fa 6f0c 
  0x000001f007e446e0: 0ec5 f9ef | c1c4 e279 | 17c0 0f85 | 5100 0000 | 4883 c110 | 75e1 8bc8 | 83e1 fc74 | 1948 8d3c 
  0x000001f007e44700: 0f48 8d34 | 0e48 f7d9 | 8b1c 0f3b | 1c0e 7531 | 4883 c104 | 75f2 a802 | 7412 0fb7 | 1f0f b70e 
  0x000001f007e44720: 3bd9 751d | 488d 7f02 | 488d 7602 | a801 740a | 0fb6 1f0f | b60e 3bd9 | 7507 b801 | 0000 00eb 
  0x000001f007e44740: ;   {other}
  0x000001f007e44740: 0233 c0c5 | fdef c0c5 | f5ef c985 | c00f 85b5 | 0e00 004c | 8944 2448 | 4c89 4c24 | 704c 8954 
  0x000001f007e44760: 2420 c4c1 | 7a10 4314 | c4c1 7a10 | 5310 498b | ebc5 e25a 

  0x000001f007e44774: ;   {section_word}
  0x000001f007e44774: cbc5 f35c | 0d03 fdff | ffc5 ea5a 

  0x000001f007e44780: ;   {section_word}
  0x000001f007e44780: d2c5 eb58 | 15f7 fcff | ffc5 7b2c | d141 81fa | 0000 0080 | 0f84 f03e | 0000 c57b | 2cda 4181 
  0x000001f007e447a0: fb00 0000 | 800f 84ca | 3e00 00c4 | c179 6eca | c5f8 5bc9 | c5fa 114c | 2450 c4c1 | 796e d3c5 
  0x000001f007e447c0: f85b d2c5 | fa11 5424 | 54c5 fa5a 

  0x000001f007e447cc: ;   {section_word}
  0x000001f007e447cc: c0c5 fb58 | 05ab fcff | ffc5 7b2c | d041 81fa | 0000 0080 | 0f84 7a3e | 0000 c4c1 | 796e c2c5 
  0x000001f007e447ec: f85b c0c5 | fa11 4424 | 5848 8bd5 

  0x000001f007e447f8: ;   {optimized virtual_call}
  0x000001f007e447f8: c5f8 77e8 

  0x000001f007e447fc: ; ImmutableOopMap {rbp=Oop [32]=Oop [40]=Oop [48]=Oop [56]=Oop [64]=Oop [72]=Oop [104]=Oop [112]=Oop }
                      ;*invokevirtual checkStyleMetrics {reexecute=0 rethrow=0 return_oop=0}
                      ; - com.sun.javafx.font.PrismMetrics::getCapHeight@1 (line 102)
                      ; - com.sun.javafx.text.PrismTextLayout::shape@204 (line 865)
  0x000001f007e447fc: 20b1 62f8 

  0x000001f007e44800: ;   {post_call_nop}
  0x000001f007e44800: 0f1f 8400 | 7804 0001 | 8b6d 2045 | 8b54 ec0c | 4183 fa01 | 0f86 ee25 | 0000 c4c1 | 7a10 44ec 
  0x000001f007e44820: 14c5 fa10 

  0x000001f007e44824: ;   {external_word}
  0x000001f007e44824: 5c24 50c5 | e057 1531 | cd61 ffc5 

  0x000001f007e44830: ;   {section_word}
  0x000001f007e44830: fa5a c0c5 | fb58 0545 | fcff ffc5 | 7b2c d041 | 81fa 0000 | 0080 0f84 | ff3d 0000 | c4c1 796e 
  0x000001f007e44850: c2c5 f85b | c0c5 ea5c | c8c5 f82e | 4c24 540f | 8735 1400 | 00c5 f25c | 4c24 54c5 | f258 c3c5 
  0x000001f007e44870: fa10 4c24 | 54c5 fa10 | 5c24 584c | 8b54 2428 | c4c1 7a11 | 5a28 c4c1 | 7a11 4220 | c4c1 7a11 
  0x000001f007e44890: 4a24 4c8b | 5424 204c | 8b5c 2428 | 418b 5b2c | 8beb 83e5 | 010f 8589 | 2600 008b | eb83 e502 
  0x000001f007e448b0: 0f85 9a26 | 0000 458b | 430c 4585 | c00f 8fb1 | 0600 00f6 | c320 0f85 | be06 0000 

  0x000001f007e448cc: ; implicit exception: dispatches to 0x000001f007e47a3c
  0x000001f007e448cc: 458b 5a08 

  0x000001f007e448d0: ;   {metadata('com/sun/javafx/font/CompositeStrike')}
  0x000001f007e448d0: 4181 fb30 | 7330 010f | 8543 2500 | 004c 8b5c | 2428 458b | 5b10 c4c1 | 7a10 4a0c | 458b 4214 
  0x000001f007e448f0: 4c8b 5424 | 2841 8b72 | 144c 8b54 | 2468 418b | 4a4c 85c9 | 0f84 3108 | 0000 450f | b64c cc1c 
  0x000001f007e44910: 4585 c90f | 8583 0500 | 0043 8b5c | c408 418b | 4ccc 204f 

  0x000001f007e44924: ;   {metadata('com/sun/javafx/font/PrismCompositeFontResource')}
  0x000001f007e44924: 8d0c c481 | fb00 a00f | 010f 8570 | 1300 0045 | 8b51 1445 | 85d2 0f84 | 5426 0000 | 4b8d 3cc4 
  0x000001f007e44944: 85f6 0f8e | 7903 0000 | 488b 5c24 | 3044 8b43 | 0c45 3bd8 | 0f83 f624 | 0000 4d63 | c04c 63ce 
  0x000001f007e44964: 4963 d34d | 8d4c 11ff | 4d3b c80f | 83df 2400 | 0041 8b44 | cc0c 443b | d80f 83d1 | 2400 004c 
  0x000001f007e44984: 63c0 4d3b | c80f 83c5 | 2400 0049 | 8d2c cc4f | 8d2c d445 | 33c0 e99b | 0000 004b | 8d2c c48b 
  0x000001f007e449a4: 6d14 85ed | 741c 458b 

  0x000001f007e449ac: ;   {metadata('java/lang/Integer')}
  0x000001f007e449ac: 5cec 0841 | 81fb 68f8 | 1a00 0f85 | fc2d 0000 | 4d8d 14ec | 418b 420c | eb2c c5fa | 114c 2434 
  0x000001f007e449cc: 488b 5424 | 4844 8b44 | 2478 8b6c | 2454 6690 

  0x000001f007e449dc: ;   {optimized virtual_call}
  0x000001f007e449dc: c5f8 77e8 

  0x000001f007e449e0: ; ImmutableOopMap {rbp=NarrowOop [40]=Oop [56]=Oop [64]=Oop [72]=Oop [84]=NarrowOop [88]=NarrowOop [96]=Oop [104]=Oop }
                      ;*invokevirtual convertToGlyph {reexecute=0 rethrow=0 return_oop=0}
                      ; - com.sun.javafx.font.CompositeGlyphMapper::getGlyphCode@38 (line 155)
                      ; - com.sun.javafx.font.CharToGlyphMapper::charsToGlyphs@122 (line 84)
                      ; - com.sun.javafx.text.PrismTextLayout::shape@525 (line 914)
  0x000001f007e449e0: 3cbd 20f8 

  0x000001f007e449e4: ;   {post_call_nop}
  0x000001f007e449e4: 0f1f 8400 | 5c06 0002 | c5fa 104c | 2434 488b | 6c24 384c | 8b54 2470 | 4289 4495 | 1044 8b44 
  0x000001f007e44a04: 245c 41ff | c044 3b44 | 2430 0f8d | a302 0000 | 488b 5c24 | 4044 8b5c | 2450 8b74 | 2430 8b4c 
  0x000001f007e44a24: 2454 448b | 5424 5848 | 8b7c 2460 | 488b 5424 | 204c 8b6c | 2448 4d63 | f04c 03f2 | 460f b74c 
  0x000001f007e44a44: 7310 418d | 8100 28ff | ff3d 0004 | 0000 0f82 | a41f 0000 | 4489 4c24 | 784c 8974 | 2470 4489 
  0x000001f007e44a64: 4424 5c4c | 896c 2448 | 4889 6c24 | 3848 8954 | 2420 4889 | 7c24 6089 | 4c24 5489 | 7424 3044 
  0x000001f007e44a84: 895c 2450 | 4889 5c24 | 4047 0fb6 | 5cd4 1044 | 8954 2458 | 458b d044 | 0354 2450 | 4489 5424 
  0x000001f007e44aa4: 7c45 85db | 743e 458b | c141 83f9 | 7e7f 3541 | 83f9 200f | 8ccf 2100 | 0044 8b5c | 2458 478b 
  0x000001f007e44ac4: 4cdc 1447 | 8b54 cc0c | 418d 68e0 | 413b ea0f | 8397 2000 | 004f 8d14 | cc43 0fb7 

  0x000001f007e44ae0: ;   {other}
  0x000001f007e44ae0: 4442 d0e9 | 0aff ffff | 448b 5424 | 5847 8b54 | d420 4489 | 9424 8000 | 0000 4183 | f97f 7e4f 
  0x000001f007e44b00: 498b 87c8 | 0100 004c | 8bd0 4983 | c210 4d3b | 97d8 0100 | 000f 83a1 | 1c00 004d | 8997 c801 
  0x000001f007e44b20: 0000 410f | 1882 0001 | 0000 48c7 | 0001 0000 

  0x000001f007e44b30: ;   {metadata('java/lang/Integer')}
  0x000001f007e44b30: 00c7 4008 | 68f8 1a00 | 4489 600c | 448b 5c24 | 7844 8958 | 0c48 8984 | 2498 0000 | 00eb 3141 
  0x000001f007e44b50: 8da9 8000 | 0000 81fd | 0001 0000 | 0f83 ea1e 

  0x000001f007e44b60: ;   {oop(a 'java/lang/Integer'[256] {0x000000060b7abe58})}
  0x000001f007e44b60: 0000 49ba | 58be 7a0b | 0600 0000 | 478b 9c8a | 1002 0000 | 4f8d 14dc | 4c89 9424 | 9800 0000 
  0x000001f007e44b80: 448b 9424 | 8000 0000 

  0x000001f007e44b88: ; implicit exception: dispatches to 0x000001f007e47898
  0x000001f007e44b88: 478b 5cd4 

  0x000001f007e44b8c: ;   {metadata('java/util/HashMap')}
  0x000001f007e44b8c: 0841 81fb | 6804 2000 | 0f85 1a1e | 0000 49c1 | e203 458b | 5214 4585 | d20f 841b | feff ff43 
  0x000001f007e44bac: 8b6c d40c | 85ed 0f86 | 7020 0000 | ffcd 236c | 2478 49c1 | e203 458b | 44aa 1045 | 85c0 0f84 
  0x000001f007e44bcc: f6fd ffff | 478b 5cc4 | 0c44 3b5c | 2478 7545 | 438b 6cc4 | 104c 8bd5 | 49c1 e203 | 4c8b 9c24 
  0x000001f007e44bec: 9800 0000 | 4d3b d30f | 84a6 fdff | ff45 8b5c 

  0x000001f007e44bfc: ;   {metadata('java/lang/Integer')}
  0x000001f007e44bfc: ec08 4181 | fb68 f81a | 000f 8561 | 2b00 004d | 8d14 ec45 | 8b52 0c44 | 8b5c 2478 | 453b da0f 
  0x000001f007e44c1c: 847e fdff | ff47 8b5c | c418 4585 | db0f 8497 | fdff ff47 | 8b4c c408 

  0x000001f007e44c34: ;   {metadata('java/util/HashMap$TreeNode')}
  0x000001f007e44c34: 4181 f948 | b82c 000f | 84e7 2000 | 004b 8d2c | dc44 8b55 | 0c44 3b54 | 2478 741a | 4d8b 5730 
  0x000001f007e44c54: ; ImmutableOopMap {r11=NarrowOop [40]=Oop [56]=Oop [64]=Oop [72]=Oop [84]=NarrowOop [88]=NarrowOop [96]=Oop [104]=Oop [152]=Oop }
                      ;*ifnonnull {reexecute=1 rethrow=0 return_oop=0}
                      ; - (reexecute) java.util.HashMap::getNode@145 (line 588)
                      ; - java.util.HashMap::get@2 (line 565)
                      ; - com.sun.javafx.font.CompositeGlyphMapper::getGlyphCode@20 (line 151)
                      ; - com.sun.javafx.font.CharToGlyphMapper::charsToGlyphs@122 (line 84)
                      ; - com.sun.javafx.text.PrismTextLayout::shape@525 (line 914)
  0x000001f007e44c54: 448b 5d18 

  0x000001f007e44c58: ;   {poll}
  0x000001f007e44c58: 4185 0245 | 85db 0f84 | 62fd ffff | 4b8d 2cdc | ebdb 448b | 5510 4d8b | c249 c1e0 | 034c 8b94 
  0x000001f007e44c78: 2498 0000 | 004d 3bc2 | 0f84 1dfd | ffff c5fa | 114c 2434 | 488b 9424 | 9800 0000 

  0x000001f007e44c94: ;   {optimized virtual_call}
  0x000001f007e44c94: c5f8 77e8 

  0x000001f007e44c98: ; ImmutableOopMap {rbp=Oop [40]=Oop [56]=Oop [64]=Oop [72]=Oop [84]=NarrowOop [88]=NarrowOop [96]=Oop [104]=Oop [152]=Oop }
                      ;*invokevirtual equals {reexecute=0 rethrow=0 return_oop=0}
                      ; - java.util.HashMap::getNode@128 (line 586)
                      ; - java.util.HashMap::get@2 (line 565)
                      ; - com.sun.javafx.font.CompositeGlyphMapper::getGlyphCode@20 (line 151)
                      ; - com.sun.javafx.font.CharToGlyphMapper::charsToGlyphs@122 (line 84)
                      ; - com.sun.javafx.text.PrismTextLayout::shape@525 (line 914)
  0x000001f007e44c98: 44a5 66ff 

  0x000001f007e44c9c: ;   {post_call_nop}
  0x000001f007e44c9c: 0f1f 8400 | 1409 0004 | 85c0 0f84 | 1426 0000 | c5fa 104c | 2434 e9ec | fcff ff44 | 8b5c 2450 
  0x000001f007e44cbc: 8b74 2430 | 488b 7c24 | 604c 8b54 | 2468 418b | 4a4c 458d | 0433 453b | d80f 8d42 | 0900 008b 
  0x000001f007e44cdc: 5708 458b | d3c5 d857 | e4e9 a200 | 0000 48c1 | e103 8b41 

  0x000001f007e44cf0: ;   {metadata('com/sun/javafx/font/directwrite/DWFontFile')}
  0x000001f007e44cf0: 0881 f860 | c40f 010f | 856f 1c00 | 0041 81fb | ffff 0000 | 0f84 b312 | 0000 8b69 | 3044 3b61 
  0x000001f007e44d10: 7c0f 842d | 0900 0085 | ed0f 8edb | 1d00 0044 | 3bdd 0f8d | 081e 0000 | 8b69 7c41 | 8b5c ec0c 
  0x000001f007e44d30: 443b db0f | 83f3 1b00 | 004d 8d0c | ec47 0fb7 | 4c59 10c4 | c179 6ec1 | c5f8 5bc0 | c5fa 59d1 
  0x000001f007e44d50: c5ea 5e41 | 204c 8b5c | 2468 418b | 4b4c 418b | 6ccc 2445 | 8b4c ec0c | 453b d10f | 837f 1b00 
  0x000001f007e44d70: 00c5 da58 | e04d 8d1c | ecc4 817a | 1144 9310 | 41ff c245 | 3bd0 0f8d | fc00 0000 

  0x000001f007e44d8c: ; implicit exception: dispatches to 0x000001f007e477e8
  0x000001f007e44d8c: 418b 6ccc | 2045 8b4c | ec0c 453b | d10f 831c | 1b00 004d | 8d1c ec43 | 8b6c 9310 | 448b dd41 
  0x000001f007e44dac: 81e3 ffff | ff00 8bcd 

  0x000001f007e44db4: ;   {metadata('com/sun/javafx/font/PrismCompositeFontResource')}
  0x000001f007e44db4: c1e9 1881 | fa00 a00f | 010f 85f7 | 0100 004c | 8bcf 85c9 | 752a 418b | 490c 85c9 | 0f85 14ff 
  0x000001f007e44dd4: ffff baf6 | ffff ff41 | 8beb c5fa | 114c 2420 

  0x000001f007e44de4: ;   {runtime_call UncommonTrapBlob}
  0x000001f007e44de4: c5f8 77e8 

  0x000001f007e44de8: ; ImmutableOopMap {}
                      ;*invokeinterface getAdvance {reexecute=0 rethrow=0 return_oop=0}
                      ; - com.sun.javafx.font.PrismCompositeFontResource::getAdvance@23 (line 179)
                      ; - com.sun.javafx.text.PrismTextLayout::shape@563 (line 918)
  0x000001f007e44de8: f4ef 74ff 

  0x000001f007e44dec: ;   {post_call_nop}
  0x000001f007e44dec: 0f1f 8400 | 640a 0005 | 418b 5910 | ffc9 85db | 0f84 0e1f | 0000 4c89 | 4c24 5044 | 895c 2448 
  0x000001f007e44e0c: 4489 5424 | 44c5 fa11 | 6424 4089 | 5424 3c44 | 8944 2438 | 4889 7c24 | 2089 7424 | 30c5 fa11 
  0x000001f007e44e2c: 4c24 3449 | 8d14 dc44 | 8bc1 498b | e966 6690 

  0x000001f007e44e3c: ;   {optimized virtual_call}
  0x000001f007e44e3c: c5f8 77e8 

  0x000001f007e44e40: ; ImmutableOopMap {rbp=Oop [32]=Oop [40]=Oop [80]=Oop [104]=Oop }
                      ;*invokevirtual getSlotResource {reexecute=0 rethrow=0 return_oop=1}
                      ; - com.sun.javafx.font.PrismCompositeFontResource::getSlotResource@16 (line 77)
                      ; - com.sun.javafx.font.PrismCompositeFontResource::getAdvance@13 (line 178)
                      ; - com.sun.javafx.text.PrismTextLayout::shape@563 (line 918)
  0x000001f007e44e40: cc43 0f00 

  0x000001f007e44e44: ;   {post_call_nop}
  0x000001f007e44e44: 0f1f 8400 | bc0a 0006 | 488b c848 | 85c0 0f84 | 4820 0000 | c5fa 104c | 2434 8b74 | 2430 488b 
  0x000001f007e44e64: 7c24 2044 | 8b44 2438 | 8b54 243c | c5fa 1064 | 2440 448b | 5424 4444 | 8b5c 2448 | 4c8b cde9 
  0x000001f007e44e84: 66fe ffff | 4c8b 5424 | 28c4 c17a | 1162 184c | 8b54 2428 | 418b 5a2c | 4c8b 5424 | 2841 8972 
  0x000001f007e44ea4: 0c41 8b7c | cc24 458b | 5ccc 2081 | cb00 1000 | 0041 895a | 2c48 33db | 488b 4c24 | 284c 8d51 
  0x000001f007e44ec4: 4841 807f | 4800 0f85 | 9a2d 0000 | 4189 1a4c | 8d51 4441 | 807f 4800 | 0f85 0e2e | 0000 4189 
  0x000001f007e44ee4: 3a44 8bc7 | 49c1 e003 | 4d8b ca4d | 33c8 49c1 | e916 0f84 | 2800 0000 | 4983 f800 | 0f84 1e00 
  0x000001f007e44f04: 0000 4d8b | ca49 c1e9 | 0949 b800 | 6062 72f0 | 0100 004d | 03c8 4180 | 3902 0f85 | 522e 0000 
  0x000001f007e44f24: 4c8d 5140 | 4180 7f48 | 000f 85b8 | 2e00 0045 | 891a 458b | c349 c1e0 | 0349 8bd2 

  0x000001f007e44f40: ;   {other}
  0x000001f007e44f40: 4933 d048 | c1ea 160f | 8427 0000 | 0049 83f8 | 000f 841d | 0000 0049 | 8bd2 48c1 | ea09 49b8 
  0x000001f007e44f60: 0060 6272 | f001 0000 | 4903 d080 | 3a02 0f85 | df2e 0000 | c5f8 7748 | 81c4 c000 

  0x000001f007e44f7c: ;   {poll_return}
  0x000001f007e44f7c: 0000 5d49 | 3b67 280f | 87ac 3600 | 00c3 488b | 5424 3848 | 85d2 0f84 | ef20 0000 | 4d8b c34c 
  0x000001f007e44f9c: 8b4c 2470 | 498b fa48 | 8b74 2430 

  0x000001f007e44fa8: ;   {optimized virtual_call}
  0x000001f007e44fa8: c5f8 77e8 

  0x000001f007e44fac: ; ImmutableOopMap {}
                      ;*invokevirtual layout {reexecute=0 rethrow=0 return_oop=0}
                      ; - com.sun.javafx.text.PrismTextLayout::shape@327 (line 883)
  0x000001f007e44fac: 0f37 0000 

  0x000001f007e44fb0: ;   {post_call_nop}
  0x000001f007e44fb0: 0f1f 8400 | 280c 0007 

  0x000001f007e44fb8: ;   {metadata('com/sun/javafx/font/LogicalFont')}
  0x000001f007e44fb8: ebba 81fa | 00a0 2201 | 0f85 ea20 | 0000 4489 | 5c24 5044 | 8954 244c | c5fa 1164 | 2448 8954 
  0x000001f007e44fd8: 2444 4489 | 4424 4089 | 7424 34c5 | fa11 4c24 | 3048 ff74 | 2428 488f | 4424 2048 | 897c 2438 
  0x000001f007e44ff8: 4c8b d74c | 8954 2428 | 498b d244 | 8bc1 6690 

  0x000001f007e45008: ;   {optimized virtual_call}
  0x000001f007e45008: c5f8 77e8 

  0x000001f007e4500c: ; ImmutableOopMap {[32]=Oop [40]=Oop [56]=Oop [104]=Oop }
                      ;*invokevirtual getSlotResource {reexecute=0 rethrow=0 return_oop=1}
                      ; - com.sun.javafx.font.LogicalFont::getAdvance@14 (line 430)
                      ; - com.sun.javafx.text.PrismTextLayout::shape@563 (line 918)
  0x000001f007e4500c: d0a1 66ff 

  0x000001f007e45010: ;   {post_call_nop}
  0x000001f007e45010: 0f1f 8400 | 880c 0008 | 488b d044 | 8b44 2450 | c5fa 1044 | 2430 c5f8 | 7748 b8a8 | 5916 29f0 
  0x000001f007e45030: ;   {virtual_call}
  0x000001f007e45030: 0100 00e8 

  0x000001f007e45034: ; ImmutableOopMap {[32]=Oop [40]=Oop [56]=Oop [104]=Oop }
                      ;*invokeinterface getAdvance {reexecute=0 rethrow=0 return_oop=0}
                      ; - com.sun.javafx.font.LogicalFont::getAdvance@24 (line 431)
                      ; - com.sun.javafx.text.PrismTextLayout::shape@563 (line 918)
  0x000001f007e45034: a8a6 66ff 

  0x000001f007e45038: ;   {post_call_nop}
  0x000001f007e45038: 0f1f 8400 | b00c 0009 | 48ff 7424 | 2048 8f44 | 2428 c5fa | 104c 2430 | 8b74 2434 | 488b 7c24 
  0x000001f007e45058: 3844 8b44 | 2440 8b54 | 2444 c5fa | 1064 2448 | 448b 5424 | 4ce9 e3fc | ffff 4c89 | 5424 7845 
  0x000001f007e45078: 8b53 1449 | 8bd2 48c1 | e203 4533 | c048 8b6c | 2430 c5f8 | 7748 b8d0 | 5916 29f0 

  0x000001f007e45094: ;   {virtual_call}
  0x000001f007e45094: 0100 00e8 

  0x000001f007e45098: ; ImmutableOopMap {rbp=Oop [40]=Oop [48]=Oop [56]=Oop [64]=Oop [104]=Oop [112]=Oop [120]=Oop }
                      ;*invokeinterface getSlotResource {reexecute=0 rethrow=0 return_oop=1}
                      ; - com.sun.javafx.font.CompositeStrike::getMetrics@12 (line 158)
                      ; - com.sun.javafx.text.PrismTextLayout::shape@103 (line 846)
  0x000001f007e45098: 44a6 66ff 

  0x000001f007e4509c: ;   {post_call_nop}
  0x000001f007e4509c: 0f1f 8400 | 140d 000a 

  0x000001f007e450a4: ; implicit exception: dispatches to 0x000001f007e47a6c
  0x000001f007e450a4: 448b 5008 

  0x000001f007e450a8: ;   {metadata('com/sun/javafx/font/directwrite/DWFontFile')}
  0x000001f007e450a8: 4181 fa60 | c40f 010f | 852f 2000 | 0048 8bd0 | 4c8b 5424 | 40c4 c17a | 1042 0c48 | 8b6c 2468 
  0x000001f007e450c8: ;   {optimized virtual_call}
  0x000001f007e450c8: c5f8 77e8 

  0x000001f007e450cc: ; ImmutableOopMap {rbp=Oop [40]=Oop [48]=Oop [56]=Oop [64]=Oop [104]=Oop [112]=Oop [120]=Oop }
                      ;*invokevirtual getFontMetrics {reexecute=0 rethrow=0 return_oop=1}
                      ; - com.sun.javafx.font.CompositeStrike::getMetrics@27 (line 159)
                      ; - com.sun.javafx.text.PrismTextLayout::shape@103 (line 846)
  0x000001f007e450cc: 10a1 66ff 

  0x000001f007e450d0: ;   {post_call_nop}
  0x000001f007e450d0: 0f1f 8400 | 480d 000b | 4c8b 4c24 | 404d 8d59 | 2c41 807f | 4800 0f85 | bc2d 0000 | 4c8b c049 
  0x000001f007e450f0: c1e8 0345 | 8903 4d8b | d34c 33d0 | 49c1 ea16 | 0f84 2800 | 0000 4883 | f800 0f84 | 1e00 0000 
  0x000001f007e45110: 4d8b d349 | c1ea 0949 | b800 6062 | 72f0 0100 | 004d 03d0 | 4180 3a02 | 0f85 e22d | 0000 4c8b 
  0x000001f007e45130: d84c 8b54 | 2478 e91b | f4ff ff47 | 8b54 c408 

  0x000001f007e45140: ;   {metadata('com/sun/javafx/font/PrismCompositeFontResource')}
  0x000001f007e45140: 4181 fa00 | a00f 010f | 85e3 1f00 | 004f 8d14 | c441 8b6a | 1485 ed0f | 8445 2000 | 0081 fe00 
  0x000001f007e45160: 0004 000f | 8713 1900 | 004d 8b8f | c801 0000 | 448b c64d | 63c0 4a8d | 0c85 1700 | 0000 4c8b 
  0x000001f007e45180: c149 83e0 | f849 8bd9 | 4903 d849 | 3b9f d801 | 0000 0f83 | e418 0000 | 4989 9fc8 | 0100 000f 
  0x000001f007e451a0: 1883 0001 | 0000 49c7 | 0101 0000 | 000f 1883 | 4001 0000 | 0f18 8380 

  0x000001f007e451b8: ;   {metadata({type array int})}
  0x000001f007e451b8: 0100 0041 | c741 0858 | 4718 0041 | 8971 0c48 | c1e9 0348 | 83c1 fe49 | 8bf9 4883 | c710 4833 
  0x000001f007e451d8: c048 83f9 | 087f 1048 | ffc9 7856 | 4889 04cf | 48ff c97d | f7eb 4bc5 | fdef c0e9 | 0d00 0000 
  0x000001f007e451f8: c5fe 7f07 | c5fe 7f47 | 2048 83c7 | 4048 83e9 | 087d ed48 | 83c1 047c | 0cc5 fe7f | 0748 83c7 
  0x000001f007e45218: 2048 83e9 | 0448 83c1 | 047e 1748 | c7c0 ffff | ffff c4e2 | f0f5 c0c4 | e1fb 92f8 | 62f1 fe2f 
  0x000001f007e45238: 7f07 48ff | 7424 2848 | 8f44 2420 | 4489 5c24 | 38c5 fa11 | 4c24 5889 | 7424 3c4c | 8954 2440 
  0x000001f007e45258: 4d8b d14c | 8954 2448 | 498d 14ec | 448b 5424 | 3c41 8bea | 448b 4424 | 3845 8bca | 488b 7c24 
  0x000001f007e45278: 3048 8b74 | 2448 33c9 

  0x000001f007e45280: ;   {optimized virtual_call}
  0x000001f007e45280: c5f8 77e8 

  0x000001f007e45284: ; ImmutableOopMap {[32]=Oop [64]=Oop [72]=Oop }
                      ;*invokevirtual charsToGlyphs {reexecute=0 rethrow=0 return_oop=0}
                      ; - com.sun.javafx.font.CharToGlyphMapper::charsToGlyphs@7 (line 89)
                      ; - com.sun.javafx.text.PrismTextLayout::shape@394 (line 896)
  0x000001f007e45284: 18d9 d7f8 

  0x000001f007e45288: ;   {post_call_nop}
  0x000001f007e45288: 0f1f 8400 | 000f 000c | 448b d547 | 8d34 1245 | 8d6e 0241 | 81fd 0000 | 0400 0f87 | 1818 0000 
  0x000001f007e452a8: 498b b7c8 | 0100 0045 | 8bd5 4d63 | d24a 8d0c | 9517 0000 | 004c 8bd1 | 4983 e2f8 | 4c8b de4d 
  0x000001f007e452c8: 03da 4d3b | 9fd8 0100 | 000f 83e9 | 1700 004d | 899f c801 | 0000 410f | 1883 0001 | 0000 48c7 
  0x000001f007e452e8: 0601 0000 | 0041 0f18 | 8340 0100 | 0041 0f18 | 8380 0100 

  0x000001f007e452fc: ;   {metadata({type array float})}
  0x000001f007e452fc: 00c7 4608 | 583f 1800 | 4489 6e0c | 48c1 e903 | 4883 c1fe | 488b fe48 | 83c7 1048 | 33c0 4883 
  0x000001f007e4531c: f908 7f10 | 48ff c978 | 5648 8904 | cf48 ffc9 | 7df7 eb4b | c5fd efc0 | e90d 0000 | 00c5 fe7f 
  0x000001f007e4533c: 07c5 fe7f | 4720 4883 | c740 4883 | e908 7ded | 4883 c104 | 7c0c c5fe | 7f07 4883 | c720 4883 
  0x000001f007e4535c: e904 4883 | c104 7e17 | 48c7 c0ff | ffff ffc4 | e2f0 f5c0 | c4e1 fb92 | f862 f1fe | 2f7f 078b 
  0x000001f007e4537c: fd85 ff0f | 8ebb 0100 | 0085 ff0f | 84db 1d00 | 0044 8d47 | ff44 8bd7 | 453b c20f | 83cb 1d00 
  0x000001f007e4539c: 0041 83fe | fe0f 84c1 | 1d00 004d | 63da 4d63 | d64e 8d1c | 5dfe ffff | ff49 83c2 | 024d 3bda 
  0x000001f007e453bc: 0f83 a61d | 0000 c5e0 | 57db 4533 | dbe9 9500 | 0000 48c1 | e103 8b51 

  0x000001f007e453d4: ;   {metadata('com/sun/javafx/font/directwrite/DWFontFile')}
  0x000001f007e453d4: 0881 fa60 | c40f 010f | 8503 1800 | 0041 81fa | ffff 0000 | 0f84 ef12 | 0000 8b69 | 3044 3b61 
  0x000001f007e453f4: 7c0f 8407 | 0c00 0085 | ed0f 8e55 | 1800 0044 | 3bd5 0f8d | c418 0000 | 8b69 7c41 | 8b54 ec0c 
  0x000001f007e45414: 443b d20f | 8387 1700 | 0049 8d1c | ec46 0fb7 | 5453 10c4 | c179 6eca | c5f8 5bc9 | c5f2 5944 
  0x000001f007e45434: 2458 c5fa | 5e49 20c5 | e258 c943 | 8d0c 1bc5 | fa11 5c8e | 1041 ffc3 | 443b df0f | 8df4 0000 
  0x000001f007e45454: 004c 8944 | 2440 4c89 | 4c24 48c5 | f828 d94c | 8b4c 2448 | 478b 4499 | 1045 8bd0 | 4181 e2ff 
  0x000001f007e45474: ffff 0041 | c1e8 1845 | 85c0 752c | 4c8b 4424 | 4041 8b48 | 0c85 c90f | 853d ffff | ffba f6ff 
  0x000001f007e45494: ffff 418b | ea66 6690 

  0x000001f007e4549c: ;   {runtime_call UncommonTrapBlob}
  0x000001f007e4549c: c5f8 77e8 

  0x000001f007e454a0: ; ImmutableOopMap {}
                      ;*invokeinterface getAdvance {reexecute=0 rethrow=0 return_oop=0}
                      ; - com.sun.javafx.font.PrismCompositeFontResource::getAdvance@23 (line 179)
                      ; - com.sun.javafx.text.PrismTextLayout::shape@429 (line 900)
  0x000001f007e454a0: 3ce9 74ff 

  0x000001f007e454a4: ;   {post_call_nop}
  0x000001f007e454a4: 0f1f 8400 | 1c11 000d | 488b 4c24 | 408b 5910 | 41ff c885 | db0f 845a | 1a00 0044 | 8954 245c 
  0x000001f007e454c4: 4489 5c24 | 4cc5 fa11 | 5c24 4848 | 8974 2440 | 4489 6c24 | 3844 8974 | 242c 897c | 2428 4c89 
  0x000001f007e454e4: 4c24 3048 | 894c 2450 | 498d 14dc | 488b e990 

  0x000001f007e454f4: ;   {optimized virtual_call}
  0x000001f007e454f4: c5f8 77e8 

  0x000001f007e454f8: ; ImmutableOopMap {rbp=Oop [32]=Oop [48]=Oop [64]=Oop [80]=Oop }
                      ;*invokevirtual getSlotResource {reexecute=0 rethrow=0 return_oop=1}
                      ; - com.sun.javafx.font.PrismCompositeFontResource::getSlotResource@16 (line 77)
                      ; - com.sun.javafx.font.PrismCompositeFontResource::getAdvance@13 (line 178)
                      ; - com.sun.javafx.text.PrismTextLayout::shape@429 (line 900)
  0x000001f007e454f8: 143d 0f00 

  0x000001f007e454fc: ;   {post_call_nop}
  0x000001f007e454fc: 0f1f 8400 | 7411 000e | 488b c848 | 85c0 0f84 | cc1a 0000 | 4c8b c54c | 8b4c 2430 | 8b7c 2428 
  0x000001f007e4551c: 448b 7424 | 2c44 8b6c | 2438 488b | 7424 40c5 | fa10 5c24 | 4844 8b5c | 244c 448b | 5424 5ce9 
  0x000001f007e4553c: 92fe ffff | c5f0 57c9 | 4c8b 4c24 | 4845 3bf5 | 0f83 aa1b | 0000 c4a1 | 7a11 4cb6 | 1048 8b54 
  0x000001f007e4555c: 2420 897a | 0c48 33db | 4c8d 4248 | 4180 7f48 | 000f 85fe | 2900 0041 | 8918 4c8d | 4244 4180 
  0x000001f007e4557c: 7f48 000f | 8579 2a00 | 0048 8bce | 48c1 e903 | 4189 0849 | 8bd8 4833 | de48 c1eb | 160f 841d 
  0x000001f007e4559c: 0000 0049 | 8bd8 48c1 | eb09 48b9 | 0060 6272 | f001 0000 | 4803 d980 | 3b02 0f85 | cf2a 0000 
  0x000001f007e455bc: 4c8d 4240 | 4180 7f48 | 000f 853d | 2b00 004d | 8bd1 49c1 | ea03 4589 | 104d 8bd8 | 4d33 d949 
  0x000001f007e455dc: c1eb 160f | 841e 0000 | 004d 8bd8 | 49c1 eb09 | 49ba 0060 | 6272 f001 | 0000 4d03 

  0x000001f007e455f8: ;   {other}
  0x000001f007e455f8: da41 803b | 020f 856d | 2b00 00e9 | 6cf9 ffff | c5e2 5ac3 

  0x000001f007e4560c: ;   {section_word}
  0x000001f007e4560c: c5fb 5905 | 7cee ffff | c5fb 5ad8 | e936 f1ff | ff4c 8b54 | 2428 4589 | 6218 85c9 | 0f85 65f8 
  0x000001f007e4562c: ffff baf6 | ffff ff90 

  0x000001f007e45634: ;   {runtime_call UncommonTrapBlob}
  0x000001f007e45634: c5f8 77e8 

  0x000001f007e45638: ; ImmutableOopMap {}
                      ;*getfield glyphs {reexecute=1 rethrow=0 return_oop=0}
                      ; - (reexecute) com.sun.javafx.text.PrismTextLayout::shape@608 (line 924)
  0x000001f007e45638: a4e7 74ff 

  0x000001f007e4563c: ;   {post_call_nop}
  0x000001f007e4563c: 0f1f 8400 | b412 000f | 85ed 0f8e | b81c 0000 | 488d 9c24 | b000 0000 | 488b 2941 | 8b9f d806 
  0x000001f007e4565c: 0000 40f6 | c502 0f85 | 3700 0000 | 81fb 2707 | 0000 0f8f | 4b00 0000 | 493b 4c1f | f874 1648 
  0x000001f007e4567c: 8bc5 4883 | c801 4883 | e5fe f048 | 0fb1 290f | 852e 0000 | 0049 890c | 1f41 8387 | d806 0000 
  0x000001f007e4569c: 08eb 1e48 | 33c0 498b | 9fc8 0400 | 00f0 480f | b15d 3e74 | 0c48 3bd8 | 7509 48ff | 8586 0000 
  0x000001f007e456bc: 0033 c00f | 8550 1c00 | 0048 897c | 2438 8954 | 2444 4889 | 4c24 604c | 894c 2430 | 4489 5c24 
  0x000001f007e456dc: 5844 8954 | 2454 c5fa | 1164 244c | 4489 4424 | 4889 7424 | 40c5 fa11 | 4c24 5048 | ff74 2468 
  0x000001f007e456fc: 488f 4424 | 2048 8bd1 | 41b8 7874 | 6d68 488b | 6c24 6890 

  0x000001f007e45710: ;   {optimized virtual_call}
  0x000001f007e45710: c5f8 77e8 

  0x000001f007e45714: ; ImmutableOopMap {rbp=Oop [32]=Oop [40]=Oop [48]=Oop [56]=Oop [96]=Oop }
                      ;*invokevirtual readTable {reexecute=0 rethrow=0 return_oop=1}
                      ; - com.sun.javafx.font.PrismFontFile::getAdvanceFromHMTX@22 (line 1249)
                      ; - com.sun.javafx.font.PrismFontFile::getAdvance@33 (line 1205)
                      ; - com.sun.javafx.font.PrismCompositeFontResource::getAdvance@23 (line 179)
                      ; - com.sun.javafx.text.PrismTextLayout::shape@563 (line 918)
  0x000001f007e45714: c89a 66ff 

  0x000001f007e45718: ;   {post_call_nop}
  0x000001f007e45718: 0f1f 8400 | 9013 0010 | 4c8b c848 | 85c0 0f84 | ba0f 0000 | 488b 7424 | 6044 8b56 | 3041 81fa 
  0x000001f007e45738: 0000 0800 | 0f87 9a17 | 0000 458b | da4d 63db | 4a8d 0c5d | 1700 0000 | 498b 9fc8 | 0100 004c 
  0x000001f007e45758: 8bd9 4983 | e3f8 4c8b | c34d 03c3 | 4d3b 87d8 | 0100 000f | 836b 1700 | 004d 8987 | c801 0000 
  0x000001f007e45778: 410f 1880 | 0001 0000 | 48c7 0301 | 0000 0041 | 0f18 8040 | 0100 0041 | 0f18 8080 

  0x000001f007e45794: ;   {metadata({type array char})}
  0x000001f007e45794: 0100 00c7 | 4308 583d | 1800 4489 | 530c 48c1 | e903 4883 | c1fe 488b | fb48 83c7 | 1048 33c0 
  0x000001f007e457b4: 4883 f908 | 7f10 48ff | c978 5648 | 8904 cf48 | ffc9 7df7 | eb4b c5fd | efc0 e90d | 0000 00c5 
  0x000001f007e457d4: fe7f 07c5 | fe7f 4720 | 4883 c740 | 4883 e908 | 7ded 4883 | c104 7c0c | c5fe 7f07 | 4883 c720 
  0x000001f007e457f4: 4883 e904 | 4883 c104 | 7e17 48c7 | c0ff ffff | ffc4 e2f0 | f5c0 c4e1 | fb92 f862 | f1fe 2f7f 
  0x000001f007e45814: 0745 85d2 | 0f8e 5a18 | 0000 458b | 4114 438b | 7cc4 0c45 | 8b59 1044 | 3bdf 0f83 | 8c1b 0000 
  0x000001f007e45834: c4e1 f96e | cb44 8954 | 245c c4c1 | f96e c148 | 8974 2460 | 4863 cf4d | 63ca 4963 | db4a 8d14 
  0x000001f007e45854: 8d00 0000 | 004c 8d54 | 13fc 4c3b | d10f 834a | 1b00 0045 | 8d53 0144 | 3bd7 0f83 | c81b 0000 
  0x000001f007e45874: 4d63 d24d | 8d54 12fc | 4c3b d10f | 83cb 1b00 | 008b 4c24 | 5c85 c90f | 84d3 1b00 | 004c 63d1 
  0x000001f007e45894: ;   {other}
  0x000001f007e45894: 498d 49ff | 493b ca0f | 83d7 1b00 | 004b 8d04 | c444 0fb6 | 4418 1149 | 83c1 f149 | 81f9 0000 
  0x000001f007e458b4: 0080 49c7 | c200 0000 | 804d 0f4c | ca45 8bc9 | 460f b654 | 1810 41c1 | e208 450b | d0c4 c1f9 
  0x000001f007e458d4: 7ec8 6645 | 8950 1041 | 83f9 010f | 8ea7 1b00 | 0041 ba01 | 0000 00e9 | 0802 0000 | c4c1 797e 
  0x000001f007e458f4: db47 8d04 | 93c4 c179 | 6edb 4d63 | e846 0fb6 | 5c00 1041 | c1e3 0844 | 895c 2468 | 460f b65c 
  0x000001f007e45914: 284c 41c1 | e308 460f | b644 284d | 450b c3c4 | c179 6ee0 | 460f b644 | 2848 41c1 | e008 460f 
  0x000001f007e45934: b65c 2849 | 450b d8c4 | c179 6ed3 | 460f b65c | 2844 41c1 | e308 460f | b644 2845 | 450b c3c4 
  0x000001f007e45954: c179 6ef0 | 460f b644 | 2840 41c1 | e008 460f | b65c 2841 | 450b d8c4 | c179 6eeb | 460f b65c 
  0x000001f007e45974: 283c 41c1 | e308 460f | b644 283d | 450b c3c4 | 4179 6ec0 | 460f b644 | 2838 41c1 | e008 460f 
  0x000001f007e45994: ;   {other}
  0x000001f007e45994: b65c 2839 | 450b d8c4 | c179 6efb | 460f b65c | 2834 41c1 | e308 460f | b674 2835 | 450b f346 
  0x000001f007e459b4: 0fb6 4c28 | 3041 c1e1 | 0846 0fb6 | 4428 3145 | 0bc1 420f | b64c 282c | c1e1 0846 | 0fb6 5c28 
  0x000001f007e459d4: 2d44 0bd9 | 460f b64c | 2828 41c1 | e108 420f | b64c 2829 | 410b c942 | 0fb6 5c28 | 24c1 e308 
  0x000001f007e459f4: 460f b64c | 2825 440b | cb42 0fb6 | 5c28 20c1 | e308 420f | b67c 2821 | 0bfb 420f | b674 281c 
  0x000001f007e45a14: c1e6 0842 | 0fb6 5c28 | 1d0b de42 | 0fb6 5428 | 18c1 e208 | 420f b674 | 2819 0bf2 | 420f b654 
  0x000001f007e45a34: 2814 c1e2 | 0842 0fb6 | 6c28 150b | ea42 0fb6 | 5428 110b | 5424 68c4 | c1f9 7ecd | 6643 8954 
  0x000001f007e45a54: 5510 6643 | 896c 5512 | 6643 8974 | 5514 6643 | 895c 5516 | 498b dd66 | 4289 7c53 | 1866 4689 
  0x000001f007e45a74: 4c53 1a66 | 4289 4c53 | 1c66 4689 | 5c53 1e66 | 4689 4453 | 2066 4689 | 7453 22c4 | c179 7efb 
  0x000001f007e45a94: ;   {other}
  0x000001f007e45a94: 6646 895c | 5324 c441 | 797e c366 | 4689 5c53 | 26c4 c179 | 7eeb 6646 | 895c 5328 | c4c1 797e 
  0x000001f007e45ab4: f366 4689 | 5c53 2ac4 | c179 7ed3 | 6646 895c | 532c c4c1 | 797e e366 | 4689 5c53 | 2e41 83c2 
  0x000001f007e45ad4: 1044 3b54 | 2470 0f8c | 10fe ffff 

  0x000001f007e45ae0: ; ImmutableOopMap {rbx=Oop rax=Oop xmm0=Oop xmm1=Oop [32]=Oop [40]=Oop [48]=Oop [56]=Oop [96]=Oop }
                      ;*goto {reexecute=1 rethrow=0 return_oop=0}
                      ; - (reexecute) com.sun.javafx.font.PrismFontFile::getAdvanceFromHMTX@78 (line 1255)
                      ; - com.sun.javafx.font.PrismFontFile::getAdvance@33 (line 1205)
                      ; - com.sun.javafx.font.PrismCompositeFontResource::getAdvance@23 (line 179)
                      ; - com.sun.javafx.text.PrismTextLayout::shape@563 (line 918)
  0x000001f007e45ae0: 4d8b 5f30 

  0x000001f007e45ae4: ;   {poll}
  0x000001f007e45ae4: 4185 0344 | 3b54 246c | 7d3b c4c1 | 797e db44 | 8b4c 246c | 418b c941 | 2bca 4533 | c045 3bca 
  0x000001f007e45b04: 410f 4cc8 | 81f9 803e | 0000 41b8 | 803e 0000 | 410f 47c8 | 4103 ca44 | 894c 246c | 894c 2470 
  0x000001f007e45b24: e9cc fdff | ffc4 c179 | 7edb 443b | 5424 5c7d | 3266 6690 | 478d 0c93 | 460f b644 | 0810 4d63 
  0x000001f007e45b44: c942 0fb6 | 4c08 1141 | c1e0 0844 | 0bc1 c4c1 | f97e c966 | 4789 4451 | 1041 ffc2 | 443b 5424 
  0x000001f007e45b64: 5c7c d14c | 8b4c 2460 | c4e1 f97e | cb4d 8d41 | 7c41 807f | 4800 0f85 | 4726 0000 | 4c8b d349 
  0x000001f007e45b84: c1ea 0345 | 8910 4d8b | d84c 33db | 49c1 eb16 | 0f84 1e00 | 0000 4d8b | d849 c1eb | 0949 ba00 
  0x000001f007e45ba4: 6062 72f0 | 0100 004d | 03da 4180 | 3b02 0f85 | 8126 0000 | 488d 8424 | b000 0000 | 418b 87d8 
  0x000001f007e45bc4: 0600 0049 | 8b09 4d3b | 4c07 f80f | 852e 0000 | 0041 83af | d806 0000 | 084d 3b4c 

  0x000001f007e45be0: ;   {other}
  0x000001f007e45be0: 07f0 0f84 | 5e00 0000 | 488b c148 | 83e0 fc48 | 83c9 01f0 | 490f b109 | 0f85 2a2a | 0000 e943 
  0x000001f007e45c00: 0000 0048 | 83b9 8600 | 0000 0075 | 3248 c741 | 3e00 0000 | 00f0 8344 | 24c0 0048 | 83b9 8e00 
  0x000001f007e45c20: 0000 0074 | 2148 83b9 | 9e00 0000 | 0075 1748 | 83e1 fd49 | 898f e805 | 0000 83c9 | 01eb 0948 
  0x000001f007e45c40: ff89 8600 | 0000 33c9 | 0f85 4918 | 0000 488b | 4c24 608b | 6930 85ed | 0f8e a618 | 0000 48ff 
  0x000001f007e45c60: 7424 2048 | 8f44 2468 | c5fa 104c | 2450 8b74 | 2440 488b | 7c24 3844 | 8b44 2448 | 8b54 2444 
  0x000001f007e45c80: c5fa 1064 | 244c 448b | 5424 5444 | 8b5c 2458 | 4c8b 4c24 | 30e9 85f0 | ffff c5f8 | 28c3 e9d2 
  0x000001f007e45ca0: ;   {metadata('com/sun/javafx/font/LogicalFont')}
  0x000001f007e45ca0: ebff ff81 | fb00 a022 | 010f 8515 | 1800 0045 | 8b51 4045 | 85d2 0f85 | 84ec ffff | 498b 87c8 
  0x000001f007e45cc0: 0100 004c | 8bd0 4983 | c228 4d3b | 97d8 0100 | 000f 8356 | 1500 004d | 8997 c801 | 0000 410f 
  0x000001f007e45ce0: 1882 0001 | 0000 48c7 | 0001 0000 

  0x000001f007e45cec: ;   {metadata('com/sun/javafx/font/CompositeGlyphMapper')}
  0x000001f007e45cec: 00c7 4008 | 88a4 2201 | 4489 600c | 4c8b d049 | 83c2 10c5 | fdef c0b9 | 0700 0000 | c5f8 92f9 
  0x000001f007e45d0c: 62d1 fe2f | 7f02 4c8b | d049 8bc9 | 48c1 e903 | 4189 4a18 | 498b 87c8 | 0100 0048 | 8bc8 4883 
  0x000001f007e45d2c: c130 493b | 8fd8 0100 | 000f 83a5 | 1400 0049 | 898f c801 | 0000 0f18 | 8100 0100 | 0048 c700 
  0x000001f007e45d4c: 0100 0000 

  0x000001f007e45d50: ;   {metadata('java/util/HashMap')}
  0x000001f007e45d50: c740 0868 | 0420 0044 | 8960 0c48 | 8bc8 4883 | c110 c5fd | efc0 bf07 | 0000 00c5 | f892 ff62 
  0x000001f007e45d70: f1fe 2f7f | 0148 8b6c | 2468 48ff | 7424 2848 | 8f44 2420 | 4489 5c24 | 38c5 fa11 | 4c24 3c44 
  0x000001f007e45d90: 8944 2440 | 8974 2444 | 4c89 4c24 | 484c 8954 | 2450 48c7 | 4028 0000 | 403f 4c8b | 4c24 504d 
  0x000001f007e45db0: 8d51 2041 | 807f 4800 | 0f85 e624 | 0000 4c8b | d849 c1eb | 0345 891a | 4d8b c24c | 33c0 49c1 
  0x000001f007e45dd0: e816 0f84 | 1e00 0000 | 4d8b c249 | c1e8 0949 | bb00 6062 | 72f0 0100 | 004d 03c3 | 4180 3802 
  0x000001f007e45df0: 0f85 1625 | 0000 488b | 5424 4890 

  0x000001f007e45dfc: ;   {optimized virtual_call}
  0x000001f007e45dfc: c5f8 77e8 

  0x000001f007e45e00: ; ImmutableOopMap {rbp=Oop [32]=Oop [48]=Oop [64]=NarrowOop [72]=Oop [80]=Oop }
                      ;*invokeinterface getNumSlots {reexecute=0 rethrow=0 return_oop=0}
                      ; - com.sun.javafx.font.CompositeGlyphMapper::<init>@27 (line 62)
                      ; - com.sun.javafx.font.LogicalFont::getGlyphMapper@13 (line 439)
                      ; - com.sun.javafx.text.PrismTextLayout::shape@502 (line 913)
  0x000001f007e45e00: dc93 66ff 

  0x000001f007e45e04: ;   {post_call_nop}
  0x000001f007e45e04: 0f1f 8400 | 7c1a 0012 | 3d00 0004 | 000f 8781 | 1400 004d | 8b87 c801 | 0000 448b | d84d 63d3 
  0x000001f007e45e24: 4a8d 0c95 | 1700 0000 | 4c8b d149 | 83e2 f84d | 8bd8 4d03 | da4d 3b9f | d801 0000 | 0f83 5214 
  0x000001f007e45e44: 0000 4d89 | 9fc8 0100 | 0041 0f18 | 8300 0100 | 0049 c700 | 0100 0000 | 410f 1883 | 4001 0000 
  0x000001f007e45e64: 410f 1883 | 8001 0000 

  0x000001f007e45e6c: ;   {metadata('com/sun/javafx/font/CharToGlyphMapper'[])}
  0x000001f007e45e6c: 41c7 4008 | f832 3001 | 4189 400c | 48c1 e903 | 4883 c1fe | 498b f848 | 83c7 1048 | 33c0 4883 
  0x000001f007e45e8c: f908 7f10 | 48ff c978 | 5648 8904 | cf48 ffc9 | 7df7 eb4b | c5fd efc0 | e90d 0000 | 00c5 fe7f 
  0x000001f007e45eac: 07c5 fe7f | 4720 4883 | c740 4883 | e908 7ded | 4883 c104 | 7c0c c5fe | 7f07 4883 | c720 4883 
  0x000001f007e45ecc: e904 4883 | c104 7e17 | 48c7 c0ff | ffff ffc4 | e2f0 f5c0 | c4e1 fb92 | f862 f1fe | 2f7f 0748 
  0x000001f007e45eec: 8b5c 2450 | c643 1001 | 4889 6c24 | 6844 8b4d | 4c48 8d4b | 1c41 807f | 4800 0f85 | 5724 0000 
  0x000001f007e45f0c: 498b f848 | c1ef 0389 | 3948 8bd1 | 4933 d048 | c1ea 160f | 841d 0000 | 0048 8bd1 | 48c1 ea09 
  0x000001f007e45f2c: 48bf 0060 | 6272 f001 | 0000 4803 | d780 3a02 | 0f85 a624 | 0000 488b | 4c24 484c | 8d41 4041 
  0x000001f007e45f4c: 807f 4800 | 0f85 0525 | 0000 4c8b | db49 c1eb | 0345 8918 | 4d8b d04c | 33d3 49c1 

  0x000001f007e45f68: ;   {other}
  0x000001f007e45f68: ea16 0f84 | 1e00 0000 | 4d8b d049 | c1ea 0949 | bb00 6062 | 72f0 0100 | 004d 03d3 | 4180 3a02 
  0x000001f007e45f88: 0f85 3525 | 0000 438b | 4ccc 204c | 8bd3 49c1 | ea03 48ff | 7424 2048 | 8f44 2428 | 448b 5c24 
  0x000001f007e45fa8: 38c5 fa10 | 4c24 3c44 | 8b44 2440 | 8b74 2444 | e983 e9ff | ffc5 f857 | c0e9 8fed | ffff c4c1 
  0x000001f007e45fc8: 7a10 430c | 4c89 5424 | 58c4 c17a | 104b 10c4 | c17a 1053 | 1448 8b54 | 2428 498b | e966 6690 
  0x000001f007e45fe8: ;   {optimized virtual_call}
  0x000001f007e45fe8: c5f8 77e8 

  0x000001f007e45fec: ; ImmutableOopMap {rbp=Oop [40]=Oop [48]=Oop [56]=Oop [64]=Oop [88]=Oop [104]=Oop [112]=Oop }
                      ;*invokevirtual setMetrics {reexecute=0 rethrow=0 return_oop=0}
                      ; - com.sun.javafx.text.PrismTextLayout::shape@286 (line 874)
  0x000001f007e45fec: f091 66ff 

  0x000001f007e45ff0: ;   {post_call_nop}
  0x000001f007e45ff0: 0f1f 8400 | 681c 0013 | 4c8b 5424 | 58e9 95e8 | ffff 85ed | 0f8e 1c15 | 0000 488d | 9c24 b000 
  0x000001f007e46010: 0000 488b | 1141 8b9f | d806 0000 | f6c2 020f | 8537 0000 | 0081 fb27 | 0700 000f | 8f4b 0000 
  0x000001f007e46030: 0049 3b4c | 1ff8 7416 | 488b c248 | 83c8 0148 | 83e2 fef0 | 480f b111 | 0f85 2e00 | 0000 4989 
  0x000001f007e46050: 0c1f 4183 | 87d8 0600 | 0008 eb1e | 4833 c049 | 8b9f c804 | 0000 f048 | 0fb1 5a3e | 740c 483b 
  0x000001f007e46070: d875 0948 | ff82 8600 | 0000 33c0 | 0f85 af14 | 0000 4489 | 7424 3444 | 896c 2438 | 4889 4c24 
  0x000001f007e46090: 7044 8954 | 245c 4489 | 5c24 54c5 | fa11 5c24 | 5048 8974 | 2448 897c | 2430 4c89 | 4c24 404c 
  0x000001f007e460b0: 8944 2428 | 488b d141 | b878 746d | 6848 894c | 2468 6690 

  0x000001f007e460c4: ;   {optimized virtual_call}
  0x000001f007e460c4: c5f8 77e8 

  0x000001f007e460c8: ; ImmutableOopMap {[32]=Oop [40]=Oop [64]=Oop [72]=Oop [104]=Oop [112]=Oop }
                      ;*invokevirtual readTable {reexecute=0 rethrow=0 return_oop=1}
                      ; - com.sun.javafx.font.PrismFontFile::getAdvanceFromHMTX@22 (line 1249)
                      ; - com.sun.javafx.font.PrismFontFile::getAdvance@33 (line 1205)
                      ; - com.sun.javafx.font.PrismCompositeFontResource::getAdvance@23 (line 179)
                      ; - com.sun.javafx.text.PrismTextLayout::shape@429 (line 900)
  0x000001f007e460c8: 6b26 0000 

  0x000001f007e460cc: ;   {post_call_nop}
  0x000001f007e460cc: 0f1f 8400 | 441d 0014 | 4885 c00f | 8408 0700 | 004c 8b44 | 2468 458b | 5830 4181 | fb00 0008 
  0x000001f007e460ec: 000f 8755 | 0f00 0048 | 8be8 458b | d344 895c | 243c 4d63 | d24a 8d0c | 5517 0000 | 004d 8b97 
  0x000001f007e4610c: c801 0000 | 4d8b c24c | 8bd1 4983 | e2f8 4d8b | d84d 03da | 4d3b 9fd8 | 0100 000f | 8323 0f00 
  0x000001f007e4612c: 004d 899f | c801 0000 | 410f 1883 | 0001 0000 | 4d8b d049 | c702 0100 | 0000 410f | 1883 4001 
  0x000001f007e4614c: 0000 410f | 1883 8001 

  0x000001f007e46154: ;   {metadata({type array char})}
  0x000001f007e46154: 0000 41c7 | 4208 583d | 1800 448b | 5c24 3c45 | 895a 0c48 | c1e9 0348 | 83c1 fe49 | 8bfa 4883 
  0x000001f007e46174: c710 4833 | c048 83f9 | 087f 1048 | ffc9 7856 | 4889 04cf | 48ff c97d | f7eb 4bc5 | fdef c0e9 
  0x000001f007e46194: 0d00 0000 | c5fe 7f07 | c5fe 7f47 | 2048 83c7 | 4048 83e9 | 087d ed48 | 83c1 047c | 0cc5 fe7f 
  0x000001f007e461b4: 0748 83c7 | 2048 83e9 | 0448 83c1 | 047e 1748 | c7c0 ffff | ffff c4e2 | f0f5 c0c4 | e1fb 92f8 
  0x000001f007e461d4: 62f1 fe2f | 7f07 4d8b | d844 8b44 | 243c 4585 | c00f 8ead | 0f00 004c | 8bcd 448b | 5514 438b 
  0x000001f007e461f4: 5cd4 0cc4 | c1f9 6ecb | c4e1 f96e | c58b 4d10 | 3bcb 0f83 | 9b13 0000 | 4863 fb4c | 6344 243c 
  0x000001f007e46214: 4c63 c94a | 8d14 8500 | 0000 004d | 8d5c 11fc | 4c3b df0f | 8307 1400 | 0044 8d59 | 0144 3bdb 
  0x000001f007e46234: 0f83 0c14 | 0000 4d63 | db4d 8d5c | 13fc 4c3b | df0f 830d | 1400 0044 | 8b5c 243c | 4585 db0f 
  0x000001f007e46254: ;   {other}
  0x000001f007e46254: 8411 1400 | 004d 63db | 498d 58ff | 493b db0f | 8313 1400 | 004b 8d04 | d446 0fb6 | 5408 1149 
  0x000001f007e46274: 83c0 f149 | 81f8 0000 | 0080 49c7 | c300 0000 | 804d 0f4c | c345 8bd8 | 440f b64c | 0810 41c1 
  0x000001f007e46294: e108 450b | cac4 c1f9 | 7eca 6645 | 894a 1041 | 83fb 010f | 8ee1 1300 | 0041 ba01 | 0000 00e9 
  0x000001f007e462b4: 0c02 0000 | 0f1f 8400 | 0000 0000 | c5f9 7ed1 | 468d 0491 | c5f9 6ed1 | 4d63 e846 | 0fb6 5c00 
  0x000001f007e462d4: 1041 c1e3 | 0844 895c | 2460 460f | b65c 284c | 41c1 e308 | 460f b644 | 284d 450b | c3c4 c179 
  0x000001f007e462f4: 6ed8 460f | b644 2848 | 41c1 e008 | 460f b65c | 2849 450b | d8c4 c179 | 6eeb 460f | b65c 2844 
  0x000001f007e46314: 41c1 e308 | 460f b644 | 2845 450b | c3c4 c179 | 6ee0 460f | b644 2840 | 41c1 e008 | 460f b65c 
  0x000001f007e46334: 2841 450b | d8c4 c179 | 6efb 460f | b65c 283c | 41c1 e308 | 460f b644 | 283d 450b | c3c4 c179 
  0x000001f007e46354: ;   {other}
  0x000001f007e46354: 6ef0 460f | b64c 2838 | 41c1 e108 | 460f b65c | 2839 450b | d9c4 4179 | 6ecb 460f | b65c 2834 
  0x000001f007e46374: 41c1 e308 | 460f b674 | 2835 450b | f346 0fb6 | 5c28 3041 | c1e3 0846 | 0fb6 4428 | 3145 0bc3 
  0x000001f007e46394: 460f b64c | 282c 41c1 | e108 460f | b65c 282d | 450b d942 | 0fb6 5c28 | 28c1 e308 | 420f b64c 
  0x000001f007e463b4: 2829 0bcb | 420f b67c | 2824 c1e7 | 0846 0fb6 | 4c28 2544 | 0bcf 420f | b65c 2820 | c1e3 0842 
  0x000001f007e463d4: 0fb6 7c28 | 210b fb42 | 0fb6 7428 | 1cc1 e608 | 420f b65c | 281d 0bde | 420f b654 | 2818 c1e2 
  0x000001f007e463f4: 0842 0fb6 | 7428 190b | f242 0fb6 | 5428 14c1 | e208 420f | b66c 2815 | 0bea 420f | b654 2811 
  0x000001f007e46414: 0b54 2460 | c4c1 f97e | cd66 4389 | 5455 1066 | 4389 6c55 | 1266 4389 | 7455 1466 | 4389 5c55 
  0x000001f007e46434: 1666 4389 | 7c55 1866 | 4789 4c55 | 1a66 4389 | 4c55 1c66 | 4789 5c55 | 1e4d 8bdd 

  0x000001f007e46450: ;   {other}
  0x000001f007e46450: 6647 8944 | 5320 6647 | 8974 5322 | c441 797e | cb66 4789 | 5c55 24c4 | c179 7ef3 | 6647 895c 
  0x000001f007e46470: 5526 c4c1 | 797e fb66 | 4789 5c55 | 28c4 c179 | 7ee3 6647 | 895c 552a | c4c1 797e | eb66 4789 
  0x000001f007e46490: 5c55 2cc4 | c179 7edb | 6647 895c | 552e 4183 | c210 443b | 5424 680f | 8c13 feff | ff4d 8b5f 
  0x000001f007e464b0: ; ImmutableOopMap {rax=Oop r13=Oop xmm0=Oop xmm1=Oop [32]=Oop [40]=Oop [64]=Oop [72]=Oop [112]=Oop }
                      ;*goto {reexecute=1 rethrow=0 return_oop=0}
                      ; - (reexecute) com.sun.javafx.font.PrismFontFile::getAdvanceFromHMTX@78 (line 1255)
                      ; - com.sun.javafx.font.PrismFontFile::getAdvance@33 (line 1205)
                      ; - com.sun.javafx.font.PrismCompositeFontResource::getAdvance@23 (line 179)
                      ; - com.sun.javafx.text.PrismTextLayout::shape@429 (line 900)
                      ;   {poll}
  0x000001f007e464b0: 3041 8503 | 443b 5424 | 647d 3cc5 | f97e d144 | 8b5c 2464 | 458b c345 | 2bc2 4533 | c945 3bda 
  0x000001f007e464d0: 450f 4cc1 | 4181 f880 | 3e00 0041 | b980 3e00 | 0045 0f47 | c145 03c2 | 4489 5c24 | 6444 8944 
  0x000001f007e464f0: 2468 e9cd | fdff ffc5 | f97e d144 | 3b54 243c | 7d31 6690 | 468d 1c91 | 460f b64c | 1810 4d63 
  0x000001f007e46510: db46 0fb6 | 5c18 1141 | c1e1 0845 | 0bcb c4c1 | f97e cb66 | 4789 4c53 | 1041 ffc2 | 443b 5424 
  0x000001f007e46530: 3c7c d14c | 8b4c 2470 | c4e1 f97e | cb4d 8d51 | 7c41 807f | 4800 0f85 | d81f 0000 | 4c8b db49 
  0x000001f007e46550: c1eb 0345 | 891a 4d8b | c24c 33c3 | 49c1 e816 | 0f84 1e00 | 0000 4d8b | c249 c1e8 | 0949 bb00 
  0x000001f007e46570: 6062 72f0 | 0100 004d | 03c3 4180 | 3802 0f85 | 1220 0000 | 488d 8424 | b000 0000 | 418b 87d8 
  0x000001f007e46590: 0600 0049 | 8b09 4d3b | 4c07 f80f | 852e 0000 | 0041 83af | d806 0000 | 084d 3b4c | 07f0 0f84 
  0x000001f007e465b0: ;   {other}
  0x000001f007e465b0: 5e00 0000 | 488b c148 | 83e0 fc48 | 83c9 01f0 | 490f b109 | 0f85 5120 | 0000 e943 | 0000 0048 
  0x000001f007e465d0: 83b9 8600 | 0000 0075 | 3248 c741 | 3e00 0000 | 00f0 8344 | 24c0 0048 | 83b9 8e00 | 0000 0074 
  0x000001f007e465f0: 2148 83b9 | 9e00 0000 | 0075 1748 | 83e1 fd49 | 898f e805 | 0000 83c9 | 01eb 0948 | ff89 8600 
  0x000001f007e46610: 0000 33c9 | 0f85 7f10 | 0000 488b | 4c24 708b | 6930 85ed | 0f8e b210 | 0000 4c8b | 4424 284c 
  0x000001f007e46630: 8b4c 2440 | 8b7c 2430 | 448b 7424 | 3444 8b6c | 2438 488b | 7424 48c5 | fa10 5c24 | 5044 8b5c 
  0x000001f007e46650: 2454 448b | 5424 5ce9 | a7ed ffff | 478b 54d4 | 0c45 85d2 | 0f86 0ae9 | ffff 418b | 684c 458b 
  0x000001f007e46670: ;   {metadata('javafx/scene/text/Text$2')}
  0x000001f007e46670: 54ec 0841 | 81fa 6864 | 3001 0f85 | 4410 0000 | 4d8d 14ec | 498b ea48 | 8bd5 6690 

  0x000001f007e4668c: ;   {optimized virtual_call}
  0x000001f007e4668c: c5f8 77e8 

  0x000001f007e46690: ; ImmutableOopMap {rbp=Oop [40]=Oop [48]=Oop [56]=Oop [104]=Oop }
                      ;*invokeinterface getFont {reexecute=0 rethrow=0 return_oop=1}
                      ; - com.sun.javafx.text.PrismTextLayout::shape@24 (line 832)
  0x000001f007e46690: 4c8b 66ff 

  0x000001f007e46694: ;   {post_call_nop}
  0x000001f007e46694: 0f1f 8400 | 0c23 0016 

  0x000001f007e4669c: ; implicit exception: dispatches to 0x000001f007e47b04
  0x000001f007e4669c: 448b 5808 

  0x000001f007e466a0: ;   {metadata('com/sun/javafx/font/PrismFont')}
  0x000001f007e466a0: 4181 fb88 | ac0f 010f | 85a2 1000 | 0048 8be8 

  0x000001f007e466b0: ;   {oop(a 'com/sun/javafx/geom/transform/Identity'{0x000000060b528e78})}
  0x000001f007e466b0: 49b8 788e | 520b 0600 | 0000 488b | d566 6690 

  0x000001f007e466c0: ;   {optimized virtual_call}
  0x000001f007e466c0: c5f8 77e8 

  0x000001f007e466c4: ; ImmutableOopMap {rbp=Oop [40]=Oop [48]=Oop [56]=Oop [104]=Oop }
                      ;*invokeinterface getStrike {reexecute=0 rethrow=0 return_oop=1}
                      ; - com.sun.javafx.text.PrismTextLayout::shape@70 (line 838)
  0x000001f007e466c4: 188b 66ff 

  0x000001f007e466c8: ;   {post_call_nop}
  0x000001f007e466c8: 0f1f 8400 | 4023 0017 | 4889 6c24 | 704c 8bd0 | e92d deff | ffc5 f057 | c9e9 55ed | ffff 4c8b 
  0x000001f007e466e8: 5c24 6041 | c743 30ff | ffff ff48 | 8d84 24b0 | 0000 0041 | 8b87 d806 | 0000 4d8b | 134d 3b5c 
  0x000001f007e46708: 07f8 0f85 | 2e00 0000 | 4183 afd8 | 0600 0008 | 4d3b 5c07 | f00f 845f | 0000 0049 | 8bc2 4883 
  0x000001f007e46728: e0fc 4983 | ca01 f04d | 0fb1 130f | 85d5 1e00 | 00e9 4400 | 0000 4983 | ba86 0000 | 0000 7533 
  0x000001f007e46748: 49c7 423e | 0000 0000 | f083 4424 | c000 4983 | ba8e 0000 | 0000 7422 | 4983 ba9e | 0000 0000 
  0x000001f007e46768: 7518 4983 | e2fd 4d89 | 97e8 0500 | 0041 83ca | 01eb 0a49 | ff8a 8600 | 0000 4533 | d20f 856e 
  0x000001f007e46788: 0f00 00c5 | f857 c048 | 896c 2468 | c5fa 104c | 2450 8b74 | 2440 488b | 7c24 3844 | 8b44 2448 
  0x000001f007e467a8: 8b54 2444 | c5fa 1064 | 244c 448b | 5424 54e9 | 99e5 ffff | c5f9 7ecd 

  0x000001f007e467c0: ;   {metadata('java/lang/Integer')}
  0x000001f007e467c0: 48ba 68f8 | 1a27 0000 | 0000 6690 

  0x000001f007e467cc: ;   {runtime_call C2 Runtime new_instance}
  0x000001f007e467cc: c5f8 77e8 

  0x000001f007e467d0: ; ImmutableOopMap {[40]=Oop [56]=Oop [64]=Oop [72]=Oop [84]=NarrowOop [88]=NarrowOop [96]=Oop [104]=Oop [128]=NarrowOop }
                      ;*new {reexecute=0 rethrow=0 return_oop=1}
                      ; - java.lang.Integer::valueOf@23 (line 1006)
                      ; - com.sun.javafx.font.CompositeGlyphMapper::getGlyphCode@17 (line 151)
                      ; - com.sun.javafx.font.CharToGlyphMapper::charsToGlyphs@122 (line 84)
                      ; - com.sun.javafx.text.PrismTextLayout::shape@525 (line 914)
  0x000001f007e467d0: 8cce 74ff 

  0x000001f007e467d4: ;   {post_call_nop}
  0x000001f007e467d4: 0f1f 8400 | 4c24 0018 | c5f9 6ecd | e957 e3ff | ff4c 8b5c | 2468 41c7 | 4330 ffff | ffff 488d 
  0x000001f007e467f4: 8424 b000 | 0000 418b | 87d8 0600 | 004d 8b13 | 4d3b 5c07 | f80f 852e | 0000 0041 | 83af d806 
  0x000001f007e46814: 0000 084d | 3b5c 07f0 | 0f84 5f00 | 0000 498b | c248 83e0 | fc49 83ca | 01f0 4d0f | b113 0f85 
  0x000001f007e46834: c91d 0000 | e944 0000 | 0049 83ba | 8600 0000 | 0075 3349 | c742 3e00 | 0000 00f0 | 8344 24c0 
  0x000001f007e46854: 0049 83ba | 8e00 0000 | 0074 2249 | 83ba 9e00 | 0000 0075 | 1849 83e2 | fd4d 8997 | e805 0000 
  0x000001f007e46874: 4183 ca01 | eb0a 49ff | 8a86 0000 | 0045 33d2 | 0f85 9a0e | 0000 c5f0 | 57c9 4c8b | 4424 284c 
  0x000001f007e46894: 8b4c 2440 | 8b7c 2430 | 448b 7424 | 3444 8b6c | 2438 488b | 7424 48c5 | fa10 5c24 | 5044 8b5c 
  0x000001f007e468b4: 2454 e980 | ebff ffba | e4ff ffff | 8974 2430 | c5fa 114c | 2434 4489 | 4424 38c5 

  0x000001f007e468d0: ;   {other}
  0x000001f007e468d0: fa11 6424 | 3c44 8954 | 2444 4889 | 7c24 5090 

  0x000001f007e468e0: ;   {runtime_call UncommonTrapBlob}
  0x000001f007e468e0: c5f8 77e8 

  0x000001f007e468e4: ; ImmutableOopMap {rbp=NarrowOop [40]=Oop [80]=Oop [104]=Oop }
                      ;*iaload {reexecute=0 rethrow=0 return_oop=0}
                      ; - com.sun.javafx.text.PrismTextLayout::shape@560 (line 918)
  0x000001f007e468e4: f8d4 74ff 

  0x000001f007e468e8: ;   {post_call_nop}
  0x000001f007e468e8: 0f1f 8400 | 6025 0019 | bae4 ffff | ff89 7424 | 30c5 fa11 | 4c24 3444 | 8944 2438 | c5fa 1164 
  0x000001f007e46908: 243c 4489 | 5424 4448 | 897c 2448 | c5fa 1144 | 2454 6690 

  0x000001f007e4691c: ;   {runtime_call UncommonTrapBlob}
  0x000001f007e4691c: c5f8 77e8 

  0x000001f007e46920: ; ImmutableOopMap {rbp=NarrowOop [40]=Oop [72]=Oop [104]=Oop }
                      ;*fastore {reexecute=0 rethrow=0 return_oop=0}
                      ; - com.sun.javafx.text.PrismTextLayout::shape@581 (line 919)
  0x000001f007e46920: bcd4 74ff 

  0x000001f007e46924: ;   {post_call_nop}
  0x000001f007e46924: 0f1f 8400 | 9c25 001a | bae4 ffff | ff4c 894c | 2430 8974 | 2438 4489 | 4424 40c5 | fa11 6424 
  0x000001f007e46944: 4444 8954 | 2448 4889 | 4c24 50c5 | fa11 4c24 | 4c44 895c | 2458 6690 

  0x000001f007e4695c: ;   {runtime_call UncommonTrapBlob}
  0x000001f007e4695c: c5f8 77e8 

  0x000001f007e46960: ; ImmutableOopMap {rbp=NarrowOop [40]=Oop [48]=Oop [80]=Oop [104]=Oop }
                      ;*caload {reexecute=0 rethrow=0 return_oop=0}
                      ; - com.sun.javafx.font.PrismFontFile::getAdvanceFromHMTX@119 (line 1266)
                      ; - com.sun.javafx.font.PrismFontFile::getAdvance@33 (line 1205)
                      ; - com.sun.javafx.font.PrismCompositeFontResource::getAdvance@23 (line 179)
                      ; - com.sun.javafx.text.PrismTextLayout::shape@563 (line 918)
  0x000001f007e46960: 7cd4 74ff 

  0x000001f007e46964: ;   {post_call_nop}
  0x000001f007e46964: 0f1f 8400 | dc25 001b | bade ffff | ff48 ff74 | 2428 488f | 4424 204c | 894c 2428 | 8974 2430 
  0x000001f007e46984: 4489 4424 | 38c5 fa11 | 6424 3c44 | 8954 2440 | 4889 4c24 | 4844 895c | 2444 c5fa | 114c 2450 
  0x000001f007e469a4: ;   {runtime_call UncommonTrapBlob}
  0x000001f007e469a4: c5f8 77e8 

  0x000001f007e469a8: ; ImmutableOopMap {[32]=Oop [40]=Oop [72]=Oop [104]=Oop }
                      ;*invokeinterface getAdvance {reexecute=0 rethrow=0 return_oop=0}
                      ; - com.sun.javafx.font.PrismCompositeFontResource::getAdvance@23 (line 179)
                      ; - com.sun.javafx.text.PrismTextLayout::shape@563 (line 918)
  0x000001f007e469a8: 34d4 74ff 

  0x000001f007e469ac: ;   {post_call_nop}
  0x000001f007e469ac: 0f1f 8400 | 2426 001c | bade ffff | ff48 8b6c | 2468 4c8b | 5424 284c | 8954 2420 | c5fa 114c 
  0x000001f007e469cc: 242c 4c8b | 5424 404c | 8954 2438 | 448b 5424 | 5c44 8954 | 2434 4c8b | 5424 604c | 8954 2448 
  0x000001f007e469ec: ;   {runtime_call UncommonTrapBlob}
  0x000001f007e469ec: c5f8 77e8 

  0x000001f007e469f0: ; ImmutableOopMap {rbp=Oop [32]=Oop [56]=Oop [72]=Oop [84]=NarrowOop [88]=NarrowOop [128]=NarrowOop [152]=Oop }
                      ;*invokevirtual get {reexecute=0 rethrow=0 return_oop=0}
                      ; - com.sun.javafx.font.CompositeGlyphMapper::getGlyphCode@20 (line 151)
                      ; - com.sun.javafx.font.CharToGlyphMapper::charsToGlyphs@122 (line 84)
                      ; - com.sun.javafx.text.PrismTextLayout::shape@525 (line 914)
  0x000001f007e469f0: ecd3 74ff 

  0x000001f007e469f4: ;   {post_call_nop}
  0x000001f007e469f4: 0f1f 8400 | 6c26 001d | ba45 ffff | ff48 ff74 | 2428 488f | 4424 20c5 | fa11 4c24 | 2c89 7424 
  0x000001f007e46a14: 3048 895c | 2438 4489 | 4424 3444 | 894c 2444 | 4889 7c24 | 4844 8954 | 2454 4489 | 5c24 5889 
  0x000001f007e46a34: 4c24 5c44 | 895c 2460 

  0x000001f007e46a3c: ;   {runtime_call UncommonTrapBlob}
  0x000001f007e46a3c: c5f8 77e8 

  0x000001f007e46a40: ; ImmutableOopMap {[32]=Oop [56]=Oop [72]=Oop [84]=NarrowOop [92]=NarrowOop [104]=Oop }
                      ;*if_icmpgt {reexecute=1 rethrow=0 return_oop=0}
                      ; - (reexecute) com.sun.javafx.font.CharToGlyphMapper::charsToGlyphs@28 (line 70)
                      ; - com.sun.javafx.text.PrismTextLayout::shape@525 (line 914)
  0x000001f007e46a40: 9cd3 74ff 

  0x000001f007e46a44: ;   {post_call_nop}
  0x000001f007e46a44: 0f1f 8400 | bc26 001e | bae4 ffff | ff48 ff74 | 2468 488f | 4424 20c5 | fa11 4c24 | 3444 8b5c 
  0x000001f007e46a64: 245c 4489 | 5c24 3c90 

  0x000001f007e46a6c: ;   {runtime_call UncommonTrapBlob}
  0x000001f007e46a6c: c5f8 77e8 

  0x000001f007e46a70: ; ImmutableOopMap {[32]=Oop [40]=Oop [64]=Oop [84]=NarrowOop [88]=NarrowOop [96]=Oop [128]=NarrowOop }
                      ;*aaload {reexecute=0 rethrow=0 return_oop=0}
                      ; - java.lang.Integer::valueOf@21 (line 1005)
                      ; - com.sun.javafx.font.CompositeGlyphMapper::getGlyphCode@17 (line 151)
                      ; - com.sun.javafx.font.CharToGlyphMapper::charsToGlyphs@122 (line 84)
                      ; - com.sun.javafx.text.PrismTextLayout::shape@525 (line 914)
  0x000001f007e46a70: 6cd3 74ff 

  0x000001f007e46a74: ;   {post_call_nop}
  0x000001f007e46a74: 0f1f 8400 | ec26 001f | 4c89 5424 | 4089 7424 | 3cc5 fa11 | 4c24 5844 | 895c 2438 | 48ff 7424 
  0x000001f007e46a94: 2848 8f44 

  0x000001f007e46a98: ;   {metadata({type array int})}
  0x000001f007e46a98: 2420 48ba | 5847 1827 | 0000 0000 | 448b c690 

  0x000001f007e46aa8: ;   {runtime_call C2 Runtime new_array}
  0x000001f007e46aa8: c5f8 77e8 

  0x000001f007e46aac: ; ImmutableOopMap {rbp=NarrowOop [32]=Oop [48]=Oop [64]=Oop }
                      ;*newarray {reexecute=0 rethrow=0 return_oop=1}
                      ; - com.sun.javafx.text.PrismTextLayout::shape@381 (line 895)
  0x000001f007e46aac: b0c8 74ff 

  0x000001f007e46ab0: ;   {post_call_nop}
  0x000001f007e46ab0: 0f1f 8400 | 2827 0020 | 4c8b c8e9 | 98e7 ffff | 4489 6c24 | 2c44 8974 

  0x000001f007e46ac8: ;   {metadata({type array float})}
  0x000001f007e46ac8: 2428 48ba | 583f 1827 | 0000 0000 | 458b c590 

  0x000001f007e46ad8: ;   {runtime_call C2 Runtime new_array}
  0x000001f007e46ad8: c5f8 77e8 

  0x000001f007e46adc: ; ImmutableOopMap {[32]=Oop [64]=Oop [72]=Oop }
                      ;*newarray {reexecute=0 rethrow=0 return_oop=1}
                      ; - com.sun.javafx.text.PrismTextLayout::shape@403 (line 897)
  0x000001f007e46adc: 80c8 74ff 

  0x000001f007e46ae0: ;   {post_call_nop}
  0x000001f007e46ae0: 0f1f 8400 | 5827 0021 | 448b 7424 | 2844 8b6c | 242c 488b | f0e9 81e8 | ffff c5fa | 114c 2450 
  0x000001f007e46b00: c5fa 1164 | 244c ba45 | ffff ff4c | 894c 2430 | 8974 2438 | 4489 4424 | 4044 8954 | 2448 6690 
  0x000001f007e46b20: ;   {runtime_call UncommonTrapBlob}
  0x000001f007e46b20: c5f8 77e8 

  0x000001f007e46b24: ; ImmutableOopMap {[40]=Oop [48]=Oop [104]=Oop }
                      ;*ifle {reexecute=1 rethrow=0 return_oop=0}
                      ; - (reexecute) com.sun.javafx.font.PrismFontFile::getAdvanceFromHMTX@103 (line 1263)
                      ; - com.sun.javafx.font.PrismFontFile::getAdvance@33 (line 1205)
                      ; - com.sun.javafx.font.PrismCompositeFontResource::getAdvance@23 (line 179)
                      ; - com.sun.javafx.text.PrismTextLayout::shape@563 (line 918)
  0x000001f007e46b24: b8d2 74ff 

  0x000001f007e46b28: ;   {post_call_nop}
  0x000001f007e46b28: 0f1f 8400 | a027 0022 | ba45 ffff | ff4c 894c | 2430 8974 | 2438 4489 | 4424 40c5 | fa11 6424 
  0x000001f007e46b48: 4444 8954 | 2448 4889 | 4c24 50c5 | fa11 4c24 | 4c44 895c | 2458 6690 

  0x000001f007e46b60: ;   {runtime_call UncommonTrapBlob}
  0x000001f007e46b60: c5f8 77e8 

  0x000001f007e46b64: ; ImmutableOopMap {[40]=Oop [48]=Oop [80]=Oop [104]=Oop }
                      ;*if_icmpge {reexecute=1 rethrow=0 return_oop=0}
                      ; - (reexecute) com.sun.javafx.font.PrismFontFile::getAdvanceFromHMTX@111 (line 1265)
                      ; - com.sun.javafx.font.PrismFontFile::getAdvance@33 (line 1205)
                      ; - com.sun.javafx.font.PrismCompositeFontResource::getAdvance@23 (line 179)
                      ; - com.sun.javafx.text.PrismTextLayout::shape@563 (line 918)
  0x000001f007e46b64: 78d2 74ff 

  0x000001f007e46b68: ;   {post_call_nop}
  0x000001f007e46b68: 0f1f 8400 | e027 0023 | bae4 ffff | ff48 ff74 | 2468 488f | 4424 20c5 | fa11 4c24 | 3444 8b5c 
  0x000001f007e46b88: 245c 4489 | 5c24 3c44 | 894c 2474 

  0x000001f007e46b94: ;   {runtime_call UncommonTrapBlob}
  0x000001f007e46b94: c5f8 77e8 

  0x000001f007e46b98: ; ImmutableOopMap {[32]=Oop [40]=Oop [64]=Oop [84]=NarrowOop [88]=NarrowOop [96]=Oop [116]=NarrowOop }
                      ;*caload {reexecute=0 rethrow=0 return_oop=0}
                      ; - com.sun.javafx.font.CompositeGlyphMapper::getAsciiGlyphCode@113 (line 140)
                      ; - com.sun.javafx.font.CompositeGlyphMapper::getGlyphCode@2 (line 146)
                      ; - com.sun.javafx.font.CharToGlyphMapper::charsToGlyphs@122 (line 84)
                      ; - com.sun.javafx.text.PrismTextLayout::shape@525 (line 914)
  0x000001f007e46b98: 44d2 74ff 

  0x000001f007e46b9c: ;   {post_call_nop}
  0x000001f007e46b9c: 0f1f 8400 | 1428 0024 | bae4 ffff | ff4c 8944 | 2428 897c | 2430 4c89 | 4c24 3848 | 8974 2440 
  0x000001f007e46bbc: c5fa 115c | 2448 4489 | 5c24 4c48 | 894c 2450 | 4489 5424 | 5c66 6690 

  0x000001f007e46bd4: ;   {runtime_call UncommonTrapBlob}
  0x000001f007e46bd4: c5f8 77e8 

  0x000001f007e46bd8: ; ImmutableOopMap {rbp=NarrowOop [32]=Oop [40]=Oop [56]=Oop [64]=Oop [80]=Oop }
                      ;*caload {reexecute=0 rethrow=0 return_oop=0}
                      ; - com.sun.javafx.font.PrismFontFile::getAdvanceFromHMTX@119 (line 1266)
                      ; - com.sun.javafx.font.PrismFontFile::getAdvance@33 (line 1205)
                      ; - com.sun.javafx.font.PrismCompositeFontResource::getAdvance@23 (line 179)
                      ; - com.sun.javafx.text.PrismTextLayout::shape@429 (line 900)
  0x000001f007e46bd8: 04d2 74ff 

  0x000001f007e46bdc: ;   {post_call_nop}
  0x000001f007e46bdc: 0f1f 8400 | 5428 0025 | bade ffff | ff48 8b6c | 2420 4c89 | 4424 2089 | 7c24 284c | 894c 2430 
  0x000001f007e46bfc: 4889 7424 | 38c5 fa11 | 5c24 4044 | 895c 2444 | 4889 4c24 | 4844 8954 | 2450 6690 

  0x000001f007e46c18: ;   {runtime_call UncommonTrapBlob}
  0x000001f007e46c18: c5f8 77e8 

  0x000001f007e46c1c: ; ImmutableOopMap {rbp=Oop [32]=Oop [48]=Oop [56]=Oop [72]=Oop }
                      ;*invokeinterface getAdvance {reexecute=0 rethrow=0 return_oop=0}
                      ; - com.sun.javafx.font.PrismCompositeFontResource::getAdvance@23 (line 179)
                      ; - com.sun.javafx.text.PrismTextLayout::shape@429 (line 900)
  0x000001f007e46c1c: c0d1 74ff 

  0x000001f007e46c20: ;   {post_call_nop}
  0x000001f007e46c20: 0f1f 8400 | 9828 0026 | ba45 ffff | ff48 ff74 | 2468 488f | 4424 20c5 | fa11 4c24 | 3444 8b5c 
  0x000001f007e46c40: 245c 4489 | 5c24 3c90 

  0x000001f007e46c48: ;   {runtime_call UncommonTrapBlob}
  0x000001f007e46c48: c5f8 77e8 

  0x000001f007e46c4c: ; ImmutableOopMap {[32]=Oop [40]=Oop [64]=Oop [84]=NarrowOop [88]=NarrowOop [96]=Oop }
                      ;*ifle {reexecute=1 rethrow=0 return_oop=0}
                      ; - (reexecute) java.util.HashMap::getNode@14 (line 576)
                      ; - java.util.HashMap::get@2 (line 565)
                      ; - com.sun.javafx.font.CompositeGlyphMapper::getGlyphCode@20 (line 151)
                      ; - com.sun.javafx.font.CharToGlyphMapper::charsToGlyphs@122 (line 84)
                      ; - com.sun.javafx.text.PrismTextLayout::shape@525 (line 914)
  0x000001f007e46c4c: 90d1 74ff 

  0x000001f007e46c50: ;   {post_call_nop}
  0x000001f007e46c50: 0f1f 8400 | c828 0027 | c5fa 115c | 2450 ba45 | ffff ff4c | 8944 2428 | 897c 2430 | 4c89 4c24 
  0x000001f007e46c70: 3848 8974 | 2440 4489 | 5c24 4c90 

  0x000001f007e46c7c: ;   {runtime_call UncommonTrapBlob}
  0x000001f007e46c7c: c5f8 77e8 

  0x000001f007e46c80: ; ImmutableOopMap {[32]=Oop [40]=Oop [56]=Oop [64]=Oop }
                      ;*ifle {reexecute=1 rethrow=0 return_oop=0}
                      ; - (reexecute) com.sun.javafx.font.PrismFontFile::getAdvanceFromHMTX@103 (line 1263)
                      ; - com.sun.javafx.font.PrismFontFile::getAdvance@33 (line 1205)
                      ; - com.sun.javafx.font.PrismCompositeFontResource::getAdvance@23 (line 179)
                      ; - com.sun.javafx.text.PrismTextLayout::shape@429 (line 900)
  0x000001f007e46c80: 5cd1 74ff 

  0x000001f007e46c84: ;   {post_call_nop}
  0x000001f007e46c84: 0f1f 8400 | fc28 0028 | ba45 ffff | ff48 8b6c | 2468 4c8b | 5424 284c | 8954 2420 | c5fa 114c 
  0x000001f007e46ca4: 242c 4889 | 5c24 3844 | 8b54 245c | 4489 5424 | 3444 894c | 2444 4889 | 7c24 4890 

  0x000001f007e46cc0: ;   {runtime_call UncommonTrapBlob}
  0x000001f007e46cc0: c5f8 77e8 

  0x000001f007e46cc4: ; ImmutableOopMap {rbp=Oop [32]=Oop [56]=Oop [72]=Oop [84]=NarrowOop [88]=NarrowOop }
                      ;*if_icmpge {reexecute=1 rethrow=0 return_oop=0}
                      ; - (reexecute) com.sun.javafx.font.CompositeGlyphMapper::getAsciiGlyphCode@16 (line 113)
                      ; - com.sun.javafx.font.CompositeGlyphMapper::getGlyphCode@2 (line 146)
                      ; - com.sun.javafx.font.CharToGlyphMapper::charsToGlyphs@122 (line 84)
                      ; - com.sun.javafx.text.PrismTextLayout::shape@525 (line 914)
  0x000001f007e46cc4: 18d1 74ff 

  0x000001f007e46cc8: ;   {post_call_nop}
  0x000001f007e46cc8: 0f1f 8400 | 4029 0029 | ba45 ffff | ff4c 8944 | 2428 897c | 2430 4c89 | 4c24 3848 | 8974 2440 
  0x000001f007e46ce8: c5fa 115c | 2448 4489 | 5c24 4c48 | 894c 2450 | 4489 5424 | 5c66 6690 

  0x000001f007e46d00: ;   {runtime_call UncommonTrapBlob}
  0x000001f007e46d00: c5f8 77e8 

  0x000001f007e46d04: ; ImmutableOopMap {[32]=Oop [40]=Oop [56]=Oop [64]=Oop [80]=Oop }
                      ;*if_icmpge {reexecute=1 rethrow=0 return_oop=0}
                      ; - (reexecute) com.sun.javafx.font.PrismFontFile::getAdvanceFromHMTX@111 (line 1265)
                      ; - com.sun.javafx.font.PrismFontFile::getAdvance@33 (line 1205)
                      ; - com.sun.javafx.font.PrismCompositeFontResource::getAdvance@23 (line 179)
                      ; - com.sun.javafx.text.PrismTextLayout::shape@429 (line 900)
  0x000001f007e46d04: d8d0 74ff 

  0x000001f007e46d08: ;   {post_call_nop}
  0x000001f007e46d08: 0f1f 8400 | 8029 002a | baf6 ffff | ff8b e990 

  0x000001f007e46d18: ;   {runtime_call UncommonTrapBlob}
  0x000001f007e46d18: c5f8 77e8 

  0x000001f007e46d1c: ; ImmutableOopMap {}
                      ;*invokevirtual getSlotResource {reexecute=0 rethrow=0 return_oop=0}
                      ; - com.sun.javafx.font.PrismCompositeFontResource::getSlotResource@16 (line 77)
                      ; - com.sun.javafx.font.PrismCompositeFontResource::getAdvance@13 (line 178)
                      ; - com.sun.javafx.text.PrismTextLayout::shape@563 (line 918)
  0x000001f007e46d1c: c0d0 74ff 

  0x000001f007e46d20: ;   {post_call_nop}
  0x000001f007e46d20: 0f1f 8400 | 9829 002b | ba45 ffff | ff48 8b6c | 2468 4c8b | 5424 284c | 8954 2420 | c5fa 114c 
  0x000001f007e46d40: 242c 4c8b | 5424 404c | 8954 2438 | 448b 5424 | 5c44 8954 | 2434 448b | 5424 7844 | 8954 2444 
  0x000001f007e46d60: 4c8b 5424 | 604c 8954 | 2448 4489 | 4424 7890 

  0x000001f007e46d70: ;   {runtime_call UncommonTrapBlob}
  0x000001f007e46d70: c5f8 77e8 

  0x000001f007e46d74: ; ImmutableOopMap {rbp=Oop [32]=Oop [56]=Oop [72]=Oop [84]=NarrowOop [88]=NarrowOop [120]=NarrowOop [152]=Oop }
                      ;*ifeq {reexecute=1 rethrow=0 return_oop=0}
                      ; - (reexecute) java.util.HashMap::getNode@85 (line 582)
                      ; - java.util.HashMap::get@2 (line 565)
                      ; - com.sun.javafx.font.CompositeGlyphMapper::getGlyphCode@20 (line 151)
                      ; - com.sun.javafx.font.CharToGlyphMapper::charsToGlyphs@122 (line 84)
                      ; - com.sun.javafx.text.PrismTextLayout::shape@525 (line 914)
  0x000001f007e46d74: 68d0 74ff 

  0x000001f007e46d78: ;   {post_call_nop}
  0x000001f007e46d78: 0f1f 8400 | f029 002c | bade ffff | ff48 8b6c | 2468 4c89 | 5c24 204c | 8b5c 2430 | 4c89 5c24 
  0x000001f007e46d98: 284c 8b5c | 2438 4c89 | 5c24 304c | 8954 2448 

  0x000001f007e46da8: ;   {runtime_call UncommonTrapBlob}
  0x000001f007e46da8: c5f8 77e8 

  0x000001f007e46dac: ; ImmutableOopMap {rbp=Oop [32]=Oop [40]=Oop [48]=Oop [72]=Oop [112]=Oop }
                      ;*invokeinterface getMetrics {reexecute=0 rethrow=0 return_oop=0}
                      ; - com.sun.javafx.text.PrismTextLayout::shape@103 (line 846)
  0x000001f007e46dac: 30d0 74ff 

  0x000001f007e46db0: ;   {post_call_nop}
  0x000001f007e46db0: 0f1f 8400 | 282a 002d | bade ffff | ff48 8b6c | 2468 48ff | 7424 2848 | 8f44 2420 | 4c8b 5424 
  0x000001f007e46dd0: 304c 8954 | 2428 4c8b | 5424 384c | 8954 2430 | 48ff 7424 | 4048 8f44 | 2438 4c89 | 5c24 48c5 
  0x000001f007e46df0: fa11 5c24 | 5066 6690 

  0x000001f007e46df8: ;   {runtime_call UncommonTrapBlob}
  0x000001f007e46df8: c5f8 77e8 

  0x000001f007e46dfc: ; ImmutableOopMap {rbp=Oop [32]=Oop [40]=Oop [48]=Oop [56]=Oop [72]=Oop [112]=Oop }
                      ;*invokeinterface getFamilyName {reexecute=0 rethrow=0 return_oop=0}
                      ; - com.sun.javafx.text.PrismTextLayout::shape@135 (line 859)
  0x000001f007e46dfc: e0cf 74ff 

  0x000001f007e46e00: ;   {post_call_nop}
  0x000001f007e46e00: 0f1f 8400 | 782a 002e | bae4 ffff | ff66 6690 

  0x000001f007e46e10: ;   {runtime_call UncommonTrapBlob}
  0x000001f007e46e10: c5f8 77e8 

  0x000001f007e46e14: ; ImmutableOopMap {rbp=NarrowOop [40]=Oop [48]=Oop [56]=Oop [64]=Oop [72]=Oop [104]=Oop }
                      ;*faload {reexecute=0 rethrow=0 return_oop=0}
                      ; - com.sun.javafx.font.PrismMetrics::getCapHeight@9 (line 103)
                      ; - com.sun.javafx.text.PrismTextLayout::shape@204 (line 865)
  0x000001f007e46e14: c8cf 74ff 

  0x000001f007e46e18: ;   {post_call_nop}
  0x000001f007e46e18: 0f1f 8400 | 902a 002f | bade ffff | ff48 8b6c | 2468 48ff | 7424 2848 | 8f44 2420 | 4c8b 5c24 
  0x000001f007e46e38: 304c 895c | 2428 4c89 | 5424 3890 

  0x000001f007e46e44: ;   {runtime_call UncommonTrapBlob}
  0x000001f007e46e44: c5f8 77e8 

  0x000001f007e46e48: ; ImmutableOopMap {rbp=Oop [32]=Oop [40]=Oop [56]=Oop }
                      ;*invokeinterface getFontResource {reexecute=0 rethrow=0 return_oop=0}
                      ; - com.sun.javafx.text.PrismTextLayout::shape@335 (line 885)
  0x000001f007e46e48: 94cf 74ff 

  0x000001f007e46e4c: ;   {post_call_nop}
  0x000001f007e46e4c: 0f1f 8400 | c42a 0030 | ba6e ffff | ff48 ff74 | 2428 488f | 4424 20c5 | fa11 4c24 | 2c89 7424 
  0x000001f007e46e6c: 3048 895c | 2438 8974 | 2434 4889 | 7c24 4044 | 8954 244c | 4489 5c24 | 5089 4c24 | 5444 895c 
  0x000001f007e46e8c: 2458 6690 

  0x000001f007e46e90: ;   {runtime_call UncommonTrapBlob}
  0x000001f007e46e90: c5f8 77e8 

  0x000001f007e46e94: ; ImmutableOopMap {[32]=Oop [56]=Oop [64]=Oop [76]=NarrowOop [84]=NarrowOop [104]=Oop }
                      ;*if_icmpge {reexecute=1 rethrow=0 return_oop=0}
                      ; - (reexecute) com.sun.javafx.font.CharToGlyphMapper::charsToGlyphs@6 (line 68)
                      ; - com.sun.javafx.text.PrismTextLayout::shape@525 (line 914)
  0x000001f007e46e94: 48cf 74ff 

  0x000001f007e46e98: ;   {post_call_nop}
  0x000001f007e46e98: 0f1f 8400 | 102b 0031 | ba45 ffff | ff48 ff74 | 2428 488f | 4424 20c5 | fa10 4424 | 40c5 fa11 
  0x000001f007e46eb8: 4424 3c44 | 8b5c 2444 | 4489 5c24 | 4048 8944 | 2460 6690 

  0x000001f007e46ecc: ;   {runtime_call UncommonTrapBlob}
  0x000001f007e46ecc: c5f8 77e8 

  0x000001f007e46ed0: ; ImmutableOopMap {[32]=Oop [80]=Oop [96]=Oop [104]=Oop }
                      ;*ifnull {reexecute=1 rethrow=0 return_oop=0}
                      ; - (reexecute) com.sun.javafx.font.PrismCompositeFontResource::getSlotResource@21 (line 78)
                      ; - com.sun.javafx.font.PrismCompositeFontResource::getAdvance@13 (line 178)
                      ; - com.sun.javafx.text.PrismTextLayout::shape@563 (line 918)
  0x000001f007e46ed0: 0ccf 74ff 

  0x000001f007e46ed4: ;   {post_call_nop}
  0x000001f007e46ed4: 0f1f 8400 | 4c2b 0032 | 4489 5424 | 5c48 8be8 

  0x000001f007e46ee4: ;   {metadata({type array char})}
  0x000001f007e46ee4: 48ba 583d | 1827 0000 | 0000 458b | c266 6690 

  0x000001f007e46ef4: ;   {runtime_call C2 Runtime new_array}
  0x000001f007e46ef4: c5f8 77e8 

  0x000001f007e46ef8: ; ImmutableOopMap {rbp=Oop [32]=Oop [40]=Oop [48]=Oop [56]=Oop [96]=Oop }
                      ;*newarray {reexecute=0 rethrow=0 return_oop=1}
                      ; - com.sun.javafx.font.PrismFontFile::getAdvanceFromHMTX@45 (line 1254)
                      ; - com.sun.javafx.font.PrismFontFile::getAdvance@33 (line 1205)
                      ; - com.sun.javafx.font.PrismCompositeFontResource::getAdvance@23 (line 179)
                      ; - com.sun.javafx.text.PrismTextLayout::shape@563 (line 918)
  0x000001f007e46ef8: 64c4 74ff 

  0x000001f007e46efc: ;   {post_call_nop}
  0x000001f007e46efc: 0f1f 8400 | 742b 0033 | 488b 7424 | 604c 8bcd | 448b 5424 | 5c48 8bd8 | e9fc e8ff | ffba f6ff 
  0x000001f007e46f1c: ffff 418b | e866 6690 

  0x000001f007e46f24: ;   {runtime_call UncommonTrapBlob}
  0x000001f007e46f24: c5f8 77e8 

  0x000001f007e46f28: ; ImmutableOopMap {}
                      ;*invokevirtual getSlotResource {reexecute=0 rethrow=0 return_oop=0}
                      ; - com.sun.javafx.font.PrismCompositeFontResource::getSlotResource@16 (line 77)
                      ; - com.sun.javafx.font.PrismCompositeFontResource::getAdvance@13 (line 178)
                      ; - com.sun.javafx.text.PrismTextLayout::shape@429 (line 900)
  0x000001f007e46f28: b4ce 74ff 

  0x000001f007e46f2c: ;   {post_call_nop}
  0x000001f007e46f2c: 0f1f 8400 | a42b 0034 | ba45 ffff | ff4c 8954 | 2440 6690 

  0x000001f007e46f40: ;   {runtime_call UncommonTrapBlob}
  0x000001f007e46f40: c5f8 77e8 

  0x000001f007e46f44: ; ImmutableOopMap {[40]=Oop [48]=Oop [56]=Oop [64]=Oop [104]=Oop [112]=Oop }
                      ;*ifeq {reexecute=1 rethrow=0 return_oop=0}
                      ; - (reexecute) com.sun.javafx.text.TextRun::isTab@6 (line 134)
                      ; - com.sun.javafx.text.PrismTextLayout::shape@290 (line 878)
  0x000001f007e46f44: 98ce 74ff 

  0x000001f007e46f48: ;   {post_call_nop}
  0x000001f007e46f48: 0f1f 8400 | c02b 0035 | ba45 ffff | ff4c 8954 | 2440 6690 

  0x000001f007e46f5c: ;   {runtime_call UncommonTrapBlob}
  0x000001f007e46f5c: c5f8 77e8 

  0x000001f007e46f60: ; ImmutableOopMap {[40]=Oop [48]=Oop [56]=Oop [64]=Oop [104]=Oop [112]=Oop }
                      ;*ifeq {reexecute=1 rethrow=0 return_oop=0}
                      ; - (reexecute) com.sun.javafx.text.TextRun::isLinebreak@6 (line 118)
                      ; - com.sun.javafx.text.PrismTextLayout::shape@298 (line 879)
  0x000001f007e46f60: 7cce 74ff 

  0x000001f007e46f64: ;   {post_call_nop}
  0x000001f007e46f64: 0f1f 8400 | dc2b 0036 | bac6 ffff | ff4c 8944 | 2448 4c89 | 5c24 50c5 | fa11 5c24 | 5866 6690 
  0x000001f007e46f84: ;   {runtime_call UncommonTrapBlob}
  0x000001f007e46f84: c5f8 77e8 

  0x000001f007e46f88: ; ImmutableOopMap {rbp=NarrowOop [40]=Oop [48]=Oop [56]=Oop [64]=Oop [72]=Oop [80]=Oop [104]=Oop }
                      ;*invokeinterface getFamilyName {reexecute=0 rethrow=0 return_oop=0}
                      ; - com.sun.javafx.font.PrismFont::getFamilyName@4 (line 51)
                      ; - com.sun.javafx.text.PrismTextLayout::shape@135 (line 859)
  0x000001f007e46f88: 54ce 74ff 

  0x000001f007e46f8c: ;   {post_call_nop}
  0x000001f007e46f8c: 0f1f 8400 | 042c 0037 | ba45 ffff | ff48 8b6c | 2468 48ff | 7424 2848 | 8f44 2420 | 4c8b 4424 
  0x000001f007e46fac: 304c 8944 | 2428 8974 | 2430 c5fa | 114c 2434 | 4489 5c24 | 404c 894c | 2448 4489 | 5424 4490 
  0x000001f007e46fcc: ;   {runtime_call UncommonTrapBlob}
  0x000001f007e46fcc: c5f8 77e8 

  0x000001f007e46fd0: ; ImmutableOopMap {rbp=Oop [32]=Oop [40]=Oop [68]=NarrowOop [72]=Oop }
                      ;*ifnonnull {reexecute=1 rethrow=0 return_oop=0}
                      ; - (reexecute) com.sun.javafx.font.PrismCompositeFontResource::getGlyphMapper@4 (line 159)
                      ; - com.sun.javafx.text.PrismTextLayout::shape@502 (line 913)
  0x000001f007e46fd0: 0cce 74ff 

  0x000001f007e46fd4: ;   {post_call_nop}
  0x000001f007e46fd4: 0f1f 8400 | 4c2c 0038 | ba45 ffff | ff48 8b6c | 2420 c5fa | 104c 2458 | 48ff 7424 | 4048 8f44 
  0x000001f007e46ff4: 2438 4889 | 4424 f88b | 4424 4889 | 4424 4048 | 8b44 24f8 | 4889 4424 | f88b 4424 | 4c89 4424 
  0x000001f007e47014: 4448 8b44 | 24f8 c5fa | 114c 2448 | 4889 4424 | f88b 4424 | 5c89 4424 | 4c48 8b44 | 24f8 4889 
  0x000001f007e47034: 4424 6090 

  0x000001f007e47038: ;   {runtime_call UncommonTrapBlob}
  0x000001f007e47038: c5f8 77e8 

  0x000001f007e4703c: ; ImmutableOopMap {rbp=Oop [48]=Oop [56]=Oop [80]=Oop [96]=Oop }
                      ;*ifnull {reexecute=1 rethrow=0 return_oop=0}
                      ; - (reexecute) com.sun.javafx.font.PrismCompositeFontResource::getSlotResource@21 (line 78)
                      ; - com.sun.javafx.font.PrismCompositeFontResource::getAdvance@13 (line 178)
                      ; - com.sun.javafx.text.PrismTextLayout::shape@429 (line 900)
  0x000001f007e4703c: a0cd 74ff 

  0x000001f007e47040: ;   {post_call_nop}
  0x000001f007e47040: 0f1f 8400 | b82c 0039 | 488b e844 | 895c 243c 

  0x000001f007e47050: ;   {metadata({type array char})}
  0x000001f007e47050: 48ba 583d | 1827 0000 | 0000 448b | 4424 3c90 

  0x000001f007e47060: ;   {runtime_call C2 Runtime new_array}
  0x000001f007e47060: c5f8 77e8 

  0x000001f007e47064: ; ImmutableOopMap {rbp=Oop [32]=Oop [40]=Oop [64]=Oop [72]=Oop [112]=Oop }
                      ;*newarray {reexecute=0 rethrow=0 return_oop=1}
                      ; - com.sun.javafx.font.PrismFontFile::getAdvanceFromHMTX@45 (line 1254)
                      ; - com.sun.javafx.font.PrismFontFile::getAdvance@33 (line 1205)
                      ; - com.sun.javafx.font.PrismCompositeFontResource::getAdvance@23 (line 179)
                      ; - com.sun.javafx.text.PrismTextLayout::shape@429 (line 900)
  0x000001f007e47064: f8c2 74ff 

  0x000001f007e47068: ;   {post_call_nop}
  0x000001f007e47068: 0f1f 8400 | e02c 003a | 4c8b c0e9 | 62f1 ffff | 4889 7424 | 60c4 e1f9 | 6ecb e9e0 | eaff ffba 
  0x000001f007e47088: f6ff ffff | 498b eb4c | 8b5c 2430 | 4c89 5c24 | 204c 8954 | 2430 6690 

  0x000001f007e470a0: ;   {runtime_call UncommonTrapBlob}
  0x000001f007e470a0: c5f8 77e8 

  0x000001f007e470a4: ; ImmutableOopMap {rbp=Oop [32]=Oop [48]=Oop [112]=Oop }
                      ;*invokevirtual layout {reexecute=0 rethrow=0 return_oop=0}
                      ; - com.sun.javafx.text.PrismTextLayout::shape@327 (line 883)
  0x000001f007e470a4: 38cd 74ff 

  0x000001f007e470a8: ;   {post_call_nop}
  0x000001f007e470a8: 0f1f 8400 | 202d 003b | bac6 ffff | ff89 7424 | 3044 8944 | 2438 c5fa | 1164 243c | 4489 5424 
  0x000001f007e470c8: 40c5 fa11 | 4c24 4448 | 897c 2450 

  0x000001f007e470d4: ;   {runtime_call UncommonTrapBlob}
  0x000001f007e470d4: c5f8 77e8 

  0x000001f007e470d8: ; ImmutableOopMap {[40]=Oop [80]=Oop [104]=Oop }
                      ;*invokeinterface getAdvance {reexecute=0 rethrow=0 return_oop=0}
                      ; - com.sun.javafx.text.PrismTextLayout::shape@563 (line 918)
  0x000001f007e470d8: 04cd 74ff 

  0x000001f007e470dc: ;   {post_call_nop}
  0x000001f007e470dc: 0f1f 8400 | 542d 003c | bade ffff | ff48 8be8 

  0x000001f007e470ec: ;   {runtime_call UncommonTrapBlob}
  0x000001f007e470ec: c5f8 77e8 

  0x000001f007e470f0: ; ImmutableOopMap {rbp=Oop }
                      ;*checkcast {reexecute=0 rethrow=0 return_oop=0}
                      ; - com.sun.javafx.font.CompositeStrike::getMetrics@17 (line 158)
                      ; - com.sun.javafx.text.PrismTextLayout::shape@103 (line 846)
  0x000001f007e470f0: eccc 74ff 

  0x000001f007e470f4: ;   {post_call_nop}
  0x000001f007e470f4: 0f1f 8400 | 6c2d 003d | bae4 ffff | ff48 8b6c | 2420 897c | 2420 4c89 | 4c24 2848 | 8974 2438 
  0x000001f007e47114: 4489 7424 | 24c5 fa11 | 4c24 4090 

  0x000001f007e47120: ;   {runtime_call UncommonTrapBlob}
  0x000001f007e47120: c5f8 77e8 

  0x000001f007e47124: ; ImmutableOopMap {rbp=Oop [40]=Oop [56]=Oop }
                      ;*fastore {reexecute=0 rethrow=0 return_oop=0}
                      ; - com.sun.javafx.text.PrismTextLayout::shape@466 (line 905)
  0x000001f007e47124: b8cc 74ff 

  0x000001f007e47128: ;   {post_call_nop}
  0x000001f007e47128: 0f1f 8400 | a02d 003e | bade ffff | ff48 8b6c | 2428 4c8b | 5424 304c | 8954 2420 | 8974 2428 
  0x000001f007e47148: c5fa 114c | 242c 4489 | 5c24 3444 | 8944 2438 

  0x000001f007e47158: ;   {runtime_call UncommonTrapBlob}
  0x000001f007e47158: c5f8 77e8 

  0x000001f007e4715c: ; ImmutableOopMap {rbp=Oop [32]=Oop [56]=NarrowOop }
                      ;*invokeinterface getGlyphMapper {reexecute=0 rethrow=0 return_oop=0}
                      ; - com.sun.javafx.text.PrismTextLayout::shape@372 (line 892)
  0x000001f007e4715c: 80cc 74ff 

  0x000001f007e47160: ;   {post_call_nop}
  0x000001f007e47160: 0f1f 8400 | d82d 003f | ba6e ffff | ff48 8b6c | 2420 4c8b | 5424 404c | 8954 2420 | 4889 7424 
  0x000001f007e47180: 3889 7c24 | 4066 6690 

  0x000001f007e47188: ;   {runtime_call UncommonTrapBlob}
  0x000001f007e47188: c5f8 77e8 

  0x000001f007e4718c: ; ImmutableOopMap {rbp=Oop [32]=Oop [56]=Oop [72]=Oop }
                      ;*if_icmpge {reexecute=1 rethrow=0 return_oop=0}
                      ; - (reexecute) com.sun.javafx.text.PrismTextLayout::shape@417 (line 899)
  0x000001f007e4718c: 50cc 74ff 

  0x000001f007e47190: ;   {post_call_nop}
  0x000001f007e47190: 0f1f 8400 | 082e 0040 | c4c1 f96e | cbe9 91f3 | ffff ba45 | ffff ff48 | ff74 2428 | 488f 4424 
  0x000001f007e471b0: 204c 8b44 | 2430 4c89 | 4424 2889 | 7424 38c5 | fa11 4c24 | 3c4c 8954 | 2440 4489 | 5c24 4890 
  0x000001f007e471d0: ;   {runtime_call UncommonTrapBlob}
  0x000001f007e471d0: c5f8 77e8 

  0x000001f007e471d4: ; ImmutableOopMap {rbp=NarrowOop [32]=Oop [40]=Oop [64]=Oop }
                      ;*ifnonnull {reexecute=1 rethrow=0 return_oop=0}
                      ; - (reexecute) com.sun.javafx.font.PrismCompositeFontResource::getGlyphMapper@4 (line 159)
                      ; - com.sun.javafx.text.PrismTextLayout::shape@372 (line 892)
  0x000001f007e471d4: 08cc 74ff 

  0x000001f007e471d8: ;   {post_call_nop}
  0x000001f007e471d8: 0f1f 8400 | 502e 0041 | 4c89 5424 | 504c 894c | 2448 8974 | 2444 4489 | 4424 40c5 | fa11 4c24 
  0x000001f007e471f8: 3c44 895c | 2438 48ff | 7424 2848 | 8f44 2420 | 488b 6c24 

  0x000001f007e4720c: ;   {metadata('java/util/HashMap')}
  0x000001f007e4720c: 6848 ba68 | 0420 2700 | 0000 0090 

  0x000001f007e47218: ;   {runtime_call C2 Runtime new_instance}
  0x000001f007e47218: c5f8 77e8 

  0x000001f007e4721c: ; ImmutableOopMap {rbp=Oop [32]=Oop [48]=Oop [64]=NarrowOop [72]=Oop [80]=Oop }
                      ;*new {reexecute=0 rethrow=0 return_oop=1}
                      ; - com.sun.javafx.font.CompositeGlyphMapper::<init>@15 (line 61)
                      ; - com.sun.javafx.font.LogicalFont::getGlyphMapper@13 (line 439)
                      ; - com.sun.javafx.text.PrismTextLayout::shape@502 (line 913)
  0x000001f007e4721c: 40c4 74ff 

  0x000001f007e47220: ;   {post_call_nop}
  0x000001f007e47220: 0f1f 8400 | 982e 0042 | e975 ebff | ff4c 894c | 2448 8974 | 2444 4489 | 4424 40c5 | fa11 4c24 
  0x000001f007e47240: 3c44 895c | 2438 48ff | 7424 2848 | 8f44 2420 | 488b 6c24 

  0x000001f007e47254: ;   {metadata('com/sun/javafx/font/CompositeGlyphMapper')}
  0x000001f007e47254: 6848 ba88 | a422 2800 | 0000 0090 

  0x000001f007e47260: ;   {runtime_call C2 Runtime new_instance}
  0x000001f007e47260: c5f8 77e8 

  0x000001f007e47264: ; ImmutableOopMap {rbp=Oop [32]=Oop [48]=Oop [64]=NarrowOop [72]=Oop [104]=Oop }
                      ;*new {reexecute=0 rethrow=0 return_oop=1}
                      ; - com.sun.javafx.font.LogicalFont::getGlyphMapper@8 (line 439)
                      ; - com.sun.javafx.text.PrismTextLayout::shape@502 (line 913)
  0x000001f007e47264: f8c3 74ff 

  0x000001f007e47268: ;   {post_call_nop}
  0x000001f007e47268: 0f1f 8400 | e02e 0043 | 48ff 7424 | 2048 8f44 | 2428 448b | 5c24 38c5 | fa10 4c24 | 3c44 8b44 
  0x000001f007e47288: 2440 8b74 | 2444 4c8b | 4c24 48e9 | 7aea ffff 

  0x000001f007e47298: ;   {metadata('com/sun/javafx/font/CharToGlyphMapper'[])}
  0x000001f007e47298: 48ba f832 | 3028 0000 | 0000 448b | c066 6690 

  0x000001f007e472a8: ;   {runtime_call C2 Runtime new_array}
  0x000001f007e472a8: c5f8 77e8 

  0x000001f007e472ac: ; ImmutableOopMap {rbp=Oop [32]=Oop [48]=Oop [64]=NarrowOop [72]=Oop [80]=Oop }
                      ;*anewarray {reexecute=0 rethrow=0 return_oop=1}
                      ; - com.sun.javafx.font.CompositeGlyphMapper::<init>@32 (line 62)
                      ; - com.sun.javafx.font.LogicalFont::getGlyphMapper@13 (line 439)
                      ; - com.sun.javafx.text.PrismTextLayout::shape@502 (line 913)
  0x000001f007e472ac: b0c0 74ff 

  0x000001f007e472b0: ;   {post_call_nop}
  0x000001f007e472b0: 0f1f 8400 | 282f 0044 | 4c8b c0e9 | 2bec ffff | ba45 ffff | ff48 ff74 | 2468 488f | 4424 2044 
  0x000001f007e472d0: 8b5c 245c | 4489 5c24 | 3c44 8b54 | 2478 4489 | 5424 4c44 | 8b5c 247c | 4489 5c24 | 7089 8424 
  0x000001f007e472f0: 8000 0000 

  0x000001f007e472f4: ;   {runtime_call UncommonTrapBlob}
  0x000001f007e472f4: c5f8 77e8 

  0x000001f007e472f8: ; ImmutableOopMap {rbp=Oop [32]=Oop [40]=Oop [64]=Oop [84]=NarrowOop [88]=NarrowOop [96]=Oop [152]=Oop }
                      ;*ifeq {reexecute=1 rethrow=0 return_oop=0}
                      ; - (reexecute) java.util.HashMap::getNode@131 (line 586)
                      ; - java.util.HashMap::get@2 (line 565)
                      ; - com.sun.javafx.font.CompositeGlyphMapper::getGlyphCode@20 (line 151)
                      ; - com.sun.javafx.font.CharToGlyphMapper::charsToGlyphs@122 (line 84)
                      ; - com.sun.javafx.text.PrismTextLayout::shape@525 (line 914)
  0x000001f007e472f8: e4ca 74ff 

  0x000001f007e472fc: ;   {post_call_nop}
  0x000001f007e472fc: 0f1f 8400 | 742f 0045 | c5fa 114c | 2450 c5fa | 1164 244c | e9f1 f7ff | ff48 894c | 2460 4c89 
  0x000001f007e4731c: 4c24 5844 | 895c 2450 | 4489 5424 | 4cc5 fa11 | 6424 4889 | 5424 4444 | 8944 2440 | 4889 7c24 
  0x000001f007e4733c: 3889 7424 | 34c5 fa11 | 4c24 3048 | ff74 2428 | 488f 4424 | 2048 8b6c | 2468 488b | d14c 8d84 
  0x000001f007e4735c: 24b0 0000 | 0066 6690 

  0x000001f007e47364: ;   {runtime_call C2 Runtime complete_monitor_locking}
  0x000001f007e47364: c5f8 77e8 

  0x000001f007e47368: ; ImmutableOopMap {rbp=Oop [32]=Oop [56]=Oop [88]=Oop [96]=Oop }
                      ;*monitorenter {reexecute=0 rethrow=0 return_oop=0}
                      ; - com.sun.javafx.font.PrismFontFile::getAdvanceFromHMTX@17 (line 1248)
                      ; - com.sun.javafx.font.PrismFontFile::getAdvance@33 (line 1205)
                      ; - com.sun.javafx.font.PrismCompositeFontResource::getAdvance@23 (line 179)
                      ; - com.sun.javafx.text.PrismTextLayout::shape@563 (line 918)
  0x000001f007e47368: 7421 75ff 

  0x000001f007e4736c: ;   {post_call_nop}
  0x000001f007e4736c: 0f1f 8400 | e42f 0046 | 4889 6c24 | 6848 ff74 | 2420 488f | 4424 28c5 | fa10 4c24 | 308b 7424 
  0x000001f007e4738c: 3444 8b44 | 2440 c5fa | 1064 2448 | 448b 5424 | 4c44 8b5c | 2450 4c8b | 4c24 5848 | 8b4c 2460 
  0x000001f007e473ac: e91d e3ff | ffc4 c1f9 | 7ec1 448b | 5424 5cc4 | e1f9 7ecb | ba6e ffff | ff48 8b6c | 2420 4c8b 
  0x000001f007e473cc: 5c24 284c | 895c 2420 | 4c8b 5c24 | 304c 895c | 2428 448b | 4424 4044 | 8944 2430 | 448b 5c24 
  0x000001f007e473ec: 4844 895c | 2438 c5fa | 1044 244c | c5fa 1144 | 243c 448b | 4424 5444 | 8944 2440 | 448b 5c24 
  0x000001f007e4740c: 5844 895c | 2444 4889 | 7424 584c | 894c 2460 | 4889 5c24 | 6848 8974 | 2470 4489 | 5424 5490 
  0x000001f007e4742c: ;   {runtime_call UncommonTrapBlob}
  0x000001f007e4742c: c5f8 77e8 

  0x000001f007e47430: ; ImmutableOopMap {rbp=Oop [32]=Oop [40]=Oop [88]=Oop [96]=Oop [104]=Oop [112]=Oop }
                      ;*if_icmpge {reexecute=1 rethrow=0 return_oop=0}
                      ; - (reexecute) com.sun.javafx.font.PrismFontFile::getAdvanceFromHMTX@58 (line 1255)
                      ; - com.sun.javafx.font.PrismFontFile::getAdvance@33 (line 1205)
                      ; - com.sun.javafx.font.PrismCompositeFontResource::getAdvance@23 (line 179)
                      ; - com.sun.javafx.text.PrismTextLayout::shape@563 (line 918)
  0x000001f007e47430: acc9 74ff 

  0x000001f007e47434: ;   {post_call_nop}
  0x000001f007e47434: 0f1f 8400 | ac30 0047 | c4c1 f97e | c144 8b54 | 245c c4e1 | f97e cbe9 | 70ff ffff | c4c1 f97e 
  0x000001f007e47454: c144 8b54 | 245c c4e1 | f97e cbe9 | 5cff ffff | c4c1 f97e | c144 8b54 | 245c c4e1 | f97e cbe9 
  0x000001f007e47474: 48ff ffff | c4c1 f97e | c144 8b54 | 245c c4e1 | f97e cbe9 | 34ff ffff | 41ba 0100 | 0000 e997 
  0x000001f007e47494: e6ff ff48 | 8b4c 2460 | 488d 9424 | b000 0000 | 4d8b c7c5 

  0x000001f007e474a8: ;   {runtime_call}
  0x000001f007e474a8: f877 49ba | 409a 0910 | fc7f 0000 

  0x000001f007e474b4: ;   {post_call_nop}
  0x000001f007e474b4: 41ff d20f | 1f84 0000 | 0000 00e9 | 8ae7 ffff | bac6 ffff | ff49 8bea | 48ff 7424 | 2848 8f44 
  0x000001f007e474d4: 2420 4c8b | 5424 304c | 8954 2428 | 8974 2430 | c5fa 114c | 2434 4489 | 5c24 3c44 | 8944 2440 
  0x000001f007e474f4: ;   {runtime_call UncommonTrapBlob}
  0x000001f007e474f4: c5f8 77e8 

  0x000001f007e474f8: ; ImmutableOopMap {rbp=Oop [32]=Oop [40]=Oop [64]=NarrowOop }
                      ;*invokeinterface getGlyphMapper {reexecute=0 rethrow=0 return_oop=0}
                      ; - com.sun.javafx.text.PrismTextLayout::shape@502 (line 913)
  0x000001f007e474f8: e4c8 74ff 

  0x000001f007e474fc: ;   {post_call_nop}
  0x000001f007e474fc: 0f1f 8400 | 7431 0048 | 48ff 7424 | 2048 8f44 | 2468 8b74 | 2440 448b | 4424 4844 | 8b54 2454 
  0x000001f007e4751c: 4c8b 4c24 | 30e9 e0f5 | ffff c5fa | 115c 2450 | e92d f7ff | ff48 894c | 2450 4489 | 5424 4c44 
  0x000001f007e4753c: 895c 2448 | c5fa 115c | 243c 4889 | 7424 4044 | 896c 2438 | 4489 7424 | 3489 7c24 | 304c 894c 
  0x000001f007e4755c: 2428 498b | e848 8bd1 | 4c8d 8424 | b000 0000 

  0x000001f007e4756c: ;   {runtime_call C2 Runtime complete_monitor_locking}
  0x000001f007e4756c: c5f8 77e8 

  0x000001f007e47570: ; ImmutableOopMap {rbp=Oop [32]=Oop [40]=Oop [64]=Oop [80]=Oop }
                      ;*monitorenter {reexecute=0 rethrow=0 return_oop=0}
                      ; - com.sun.javafx.font.PrismFontFile::getAdvanceFromHMTX@17 (line 1248)
                      ; - com.sun.javafx.font.PrismFontFile::getAdvance@33 (line 1205)
                      ; - com.sun.javafx.font.PrismCompositeFontResource::getAdvance@23 (line 179)
                      ; - com.sun.javafx.text.PrismTextLayout::shape@429 (line 900)
  0x000001f007e47570: 6c1f 75ff 

  0x000001f007e47574: ;   {post_call_nop}
  0x000001f007e47574: 0f1f 8400 | ec31 0049 | 4c8b c54c | 8b4c 2428 | 8b7c 2430 | 488b 7424 | 40c5 fa10 | 5c24 3c44 
  0x000001f007e47594: 8b5c 2448 | 448b 5424 | 4c48 8b4c | 2450 e9e5 | eaff ffc4 | c1f9 7ecb | ba6e ffff | ff48 8b6c 
  0x000001f007e475b4: 2420 4c8b | 5424 284c | 8954 2420 | 8b4c 2430 | 894c 2428 | c5fa 1044 | 2458 4c8b | 5424 404c 
  0x000001f007e475d4: 8954 2430 | 4c8b 5424 | 484c 8954 | 2438 c5fa | 104c 2450 | c5fa 114c | 2440 448b | 5424 5444 
  0x000001f007e475f4: 8954 2444 | 4c8b 5424 | 704c 8954 | 2448 448b | 5424 5c44 | 8954 2450 | c5fa 1144 | 2454 4c89 
  0x000001f007e47614: 4c24 604c | 895c 2468 | 4489 4424 | 7866 6690 

  0x000001f007e47624: ;   {runtime_call UncommonTrapBlob}
  0x000001f007e47624: c5f8 77e8 

  0x000001f007e47628: ; ImmutableOopMap {rbp=Oop [32]=Oop [48]=Oop [56]=Oop [72]=Oop [96]=Oop [104]=Oop }
                      ;*if_icmpge {reexecute=1 rethrow=0 return_oop=0}
                      ; - (reexecute) com.sun.javafx.font.PrismFontFile::getAdvanceFromHMTX@58 (line 1255)
                      ; - com.sun.javafx.font.PrismFontFile::getAdvance@33 (line 1205)
                      ; - com.sun.javafx.font.PrismCompositeFontResource::getAdvance@23 (line 179)
                      ; - com.sun.javafx.text.PrismTextLayout::shape@429 (line 900)
  0x000001f007e47628: b4c7 74ff 

  0x000001f007e4762c: ;   {post_call_nop}
  0x000001f007e4762c: 0f1f 8400 | a432 004a | 4c8b cd44 | 8b44 243c | c4c1 f97e | cbe9 66ff | ffff 4c8b | cd44 8b44 
  0x000001f007e4764c: 243c c4c1 | f97e cbe9 | 54ff ffff | 4c8b cd44 | 8b44 243c | c4c1 f97e | cbe9 42ff | ffff 4c8b 
  0x000001f007e4766c: cd44 8b44 | 243c c4c1 | f97e cbe9 | 30ff ffff | 4c8b cd44 | 8b44 243c | c4c1 f97e | cbe9 1eff 
  0x000001f007e4768c: ffff 41ba | 0100 0000 | e962 eeff | ff49 8bc9 | 488d 9424 | b000 0000 | 4d8b c7c5 

  0x000001f007e476a8: ;   {runtime_call}
  0x000001f007e476a8: f877 49ba | 409a 0910 | fc7f 0000 

  0x000001f007e476b4: ;   {post_call_nop}
  0x000001f007e476b4: 41ff d20f | 1f84 0000 | 0000 00e9 | 56ef ffff | bade ffff | ff66 6690 

  0x000001f007e476cc: ;   {runtime_call UncommonTrapBlob}
  0x000001f007e476cc: c5f8 77e8 

  0x000001f007e476d0: ; ImmutableOopMap {rbp=NarrowOop [40]=Oop [48]=Oop [56]=Oop [104]=Oop }
                      ;*invokeinterface getFont {reexecute=0 rethrow=0 return_oop=0}
                      ; - com.sun.javafx.text.PrismTextLayout::shape@24 (line 832)
  0x000001f007e476d0: 0cc7 74ff 

  0x000001f007e476d4: ;   {post_call_nop}
  0x000001f007e476d4: 0f1f 8400 | 4c33 004b | 4c8b 4424 | 284c 8b4c | 2440 8b7c | 2430 488b | 7424 4844 | 8b5c 2454 
  0x000001f007e476f4: e965 f5ff | ff49 8bcb | 488d 9424 | b000 0000 | 4d8b c7c5 

  0x000001f007e47708: ;   {runtime_call}
  0x000001f007e47708: f877 49ba | 409a 0910 | fc7f 0000 

  0x000001f007e47714: ;   {post_call_nop}
  0x000001f007e47714: 41ff d20f | 1f84 0000 | 0000 00e9 | 67f0 ffff | 498b cb48 | 8d94 24b0 | 0000 004d | 8bc7 c5f8 
  0x000001f007e47734: ;   {runtime_call}
  0x000001f007e47734: 7749 ba40 | 9a09 10fc | 7f00 0041 

  0x000001f007e47740: ;   {post_call_nop}
  0x000001f007e47740: ffd2 0f1f | 8400 0000 | 0000 e93b | f1ff ffba | deff ffff | 4889 4424 | 4066 6690 

  0x000001f007e4775c: ;   {runtime_call UncommonTrapBlob}
  0x000001f007e4775c: c5f8 77e8 

  0x000001f007e47760: ; ImmutableOopMap {rbp=Oop [40]=Oop [48]=Oop [56]=Oop [64]=Oop [104]=Oop }
                      ;*checkcast {reexecute=0 rethrow=0 return_oop=0}
                      ; - com.sun.javafx.text.PrismTextLayout::shape@29 (line 832)
  0x000001f007e47760: 7cc6 74ff 

  0x000001f007e47764: ;   {post_call_nop}
  0x000001f007e47764: 0f1f 8400 | dc33 004c | bade ffff | ff48 ff74 | 2468 488f | 4424 20c5 | fa11 4c24 | 3444 8b54 
  0x000001f007e47784: 245c 4489 | 5424 3c44 | 8b5c 2478 | 4489 5c24 | 4c44 8b54 | 247c 4489 | 5424 7044 | 8984 2480 
  0x000001f007e477a4: 0000 0090 

  0x000001f007e477a8: ;   {runtime_call UncommonTrapBlob}
  0x000001f007e477a8: c5f8 77e8 

  0x000001f007e477ac: ; ImmutableOopMap {rbp=NarrowOop [32]=Oop [40]=Oop [64]=Oop [84]=NarrowOop [88]=NarrowOop [96]=Oop [128]=NarrowOop [152]=Oop }
                      ;*instanceof {reexecute=0 rethrow=0 return_oop=0}
                      ; - java.lang.Integer::equals@1 (line 1160)
                      ; - java.util.HashMap::getNode@63 (line 579)
                      ; - java.util.HashMap::get@2 (line 565)
                      ; - com.sun.javafx.font.CompositeGlyphMapper::getGlyphCode@20 (line 151)
                      ; - com.sun.javafx.font.CharToGlyphMapper::charsToGlyphs@122 (line 84)
                      ; - com.sun.javafx.text.PrismTextLayout::shape@525 (line 914)
  0x000001f007e477ac: 30c6 74ff 

  0x000001f007e477b0: ;   {post_call_nop}
  0x000001f007e477b0: 0f1f 8400 | 2834 004d | bade ffff | ff48 ff74 | 2468 488f | 4424 20c5 | fa11 4c24 | 3444 8b5c 
  0x000001f007e477d0: 245c 4489 | 5c24 3c90 

  0x000001f007e477d8: ;   {runtime_call UncommonTrapBlob}
  0x000001f007e477d8: c5f8 77e8 

  0x000001f007e477dc: ; ImmutableOopMap {rbp=NarrowOop [32]=Oop [40]=Oop [64]=Oop [84]=NarrowOop [88]=NarrowOop [96]=Oop }
                      ;*checkcast {reexecute=0 rethrow=0 return_oop=0}
                      ; - com.sun.javafx.font.CompositeGlyphMapper::getGlyphCode@23 (line 151)
                      ; - com.sun.javafx.font.CharToGlyphMapper::charsToGlyphs@122 (line 84)
                      ; - com.sun.javafx.text.PrismTextLayout::shape@525 (line 914)
  0x000001f007e477dc: 00c6 74ff 

  0x000001f007e477e0: ;   {post_call_nop}
  0x000001f007e477e0: 0f1f 8400 | 5834 004e | baf6 ffff | ff66 6690 

  0x000001f007e477f0: ;   {runtime_call UncommonTrapBlob}
  0x000001f007e477f0: c5f8 77e8 

  0x000001f007e477f4: ; ImmutableOopMap {}
                      ;*getfield glyphs {reexecute=1 rethrow=0 return_oop=0}
                      ; - (reexecute) com.sun.javafx.text.PrismTextLayout::shape@555 (line 918)
  0x000001f007e477f4: e8c5 74ff 

  0x000001f007e477f8: ;   {post_call_nop}
  0x000001f007e477f8: 0f1f 8400 | 7034 004f | baf6 ffff | ff41 8bea 

  0x000001f007e47808: ;   {runtime_call UncommonTrapBlob}
  0x000001f007e47808: c5f8 77e8 

  0x000001f007e4780c: ; ImmutableOopMap {}
                      ;*iaload {reexecute=0 rethrow=0 return_oop=0}
                      ; - com.sun.javafx.text.PrismTextLayout::shape@560 (line 918)
  0x000001f007e4780c: d0c5 74ff 

  0x000001f007e47810: ;   {post_call_nop}
  0x000001f007e47810: 0f1f 8400 | 8834 0050 | baf6 ffff | ff66 6690 

  0x000001f007e47820: ;   {runtime_call UncommonTrapBlob}
  0x000001f007e47820: c5f8 77e8 

  0x000001f007e47824: ; ImmutableOopMap {}
                      ;*getfield advances {reexecute=1 rethrow=0 return_oop=0}
                      ; - (reexecute) com.sun.javafx.text.PrismTextLayout::shape@574 (line 919)
  0x000001f007e47824: b8c5 74ff 

  0x000001f007e47828: ;   {post_call_nop}
  0x000001f007e47828: 0f1f 8400 | a034 0051 | baf6 ffff | ff41 8bea | c5fa 1144 | 2420 6690 

  0x000001f007e47840: ;   {runtime_call UncommonTrapBlob}
  0x000001f007e47840: c5f8 77e8 

  0x000001f007e47844: ; ImmutableOopMap {}
                      ;*fastore {reexecute=0 rethrow=0 return_oop=0}
                      ; - com.sun.javafx.text.PrismTextLayout::shape@581 (line 919)
  0x000001f007e47844: 98c5 74ff 

  0x000001f007e47848: ;   {post_call_nop}
  0x000001f007e47848: 0f1f 8400 | c034 0052 | baf6 ffff | ff48 ff74 | 2428 488f | 4424 204c | 894c 2428 | 8974 2430 
  0x000001f007e47868: 4489 4424 | 38c5 fa11 | 6424 3c44 | 8954 2440 | 4889 4c24 | 48c5 fa11 | 4c24 4444 | 895c 2450 
  0x000001f007e47888: ;   {runtime_call UncommonTrapBlob}
  0x000001f007e47888: c5f8 77e8 

  0x000001f007e4788c: ; ImmutableOopMap {[32]=Oop [40]=Oop [72]=Oop [104]=Oop }
                      ;*caload {reexecute=0 rethrow=0 return_oop=0}
                      ; - com.sun.javafx.font.PrismFontFile::getAdvanceFromHMTX@119 (line 1266)
                      ; - com.sun.javafx.font.PrismFontFile::getAdvance@33 (line 1205)
                      ; - com.sun.javafx.font.PrismCompositeFontResource::getAdvance@23 (line 179)
                      ; - com.sun.javafx.text.PrismTextLayout::shape@563 (line 918)
  0x000001f007e4788c: 50c5 74ff 

  0x000001f007e47890: ;   {post_call_nop}
  0x000001f007e47890: 0f1f 8400 | 0835 0053 | baf6 ffff | ff66 6690 

  0x000001f007e478a0: ;   {runtime_call UncommonTrapBlob}
  0x000001f007e478a0: c5f8 77e8 

  0x000001f007e478a4: ; ImmutableOopMap {[152]=Oop }
                      ;*invokevirtual get {reexecute=0 rethrow=0 return_oop=0}
                      ; - com.sun.javafx.font.CompositeGlyphMapper::getGlyphCode@20 (line 151)
                      ; - com.sun.javafx.font.CharToGlyphMapper::charsToGlyphs@122 (line 84)
                      ; - com.sun.javafx.text.PrismTextLayout::shape@525 (line 914)
  0x000001f007e478a4: 38c5 74ff 

  0x000001f007e478a8: ;   {post_call_nop}
  0x000001f007e478a8: 0f1f 8400 | 2035 0054 | baf6 ffff | ff48 8b6c | 2420 4c89 | 4424 2089 | 7c24 284c | 894c 2430 
  0x000001f007e478c8: 4889 7424 | 38c5 fa11 | 5c24 4044 | 895c 2444 | 4889 4c24 | 4844 8954 | 2454 6690 

  0x000001f007e478e4: ;   {runtime_call UncommonTrapBlob}
  0x000001f007e478e4: c5f8 77e8 

  0x000001f007e478e8: ; ImmutableOopMap {rbp=Oop [32]=Oop [48]=Oop [56]=Oop [72]=Oop }
                      ;*caload {reexecute=0 rethrow=0 return_oop=0}
                      ; - com.sun.javafx.font.PrismFontFile::getAdvanceFromHMTX@119 (line 1266)
                      ; - com.sun.javafx.font.PrismFontFile::getAdvance@33 (line 1205)
                      ; - com.sun.javafx.font.PrismCompositeFontResource::getAdvance@23 (line 179)
                      ; - com.sun.javafx.text.PrismTextLayout::shape@429 (line 900)
  0x000001f007e478e8: f4c4 74ff 

  0x000001f007e478ec: ;   {post_call_nop}
  0x000001f007e478ec: 0f1f 8400 | 6435 0055 | baf4 ffff | ff48 8b6c | 2468 4c8b | 5424 284c | 8954 2420 | c5fa 114c 
  0x000001f007e4790c: 242c 4c8b | 5424 404c | 8954 2438 | 448b 5424 | 5c44 8954 | 2434 448b | 5c24 7844 | 895c 2444 
  0x000001f007e4792c: 4c8b 5424 | 604c 8954 | 2448 4489 | 4424 7890 

  0x000001f007e4793c: ;   {runtime_call UncommonTrapBlob}
  0x000001f007e4793c: c5f8 77e8 

  0x000001f007e47940: ; ImmutableOopMap {rbp=Oop [32]=Oop [56]=Oop [72]=Oop [84]=NarrowOop [88]=NarrowOop [120]=NarrowOop [152]=Oop }
                      ;*instanceof {reexecute=0 rethrow=0 return_oop=0}
                      ; - java.lang.Integer::equals@1 (line 1160)
                      ; - java.util.HashMap::getNode@63 (line 579)
                      ; - java.util.HashMap::get@2 (line 565)
                      ; - com.sun.javafx.font.CompositeGlyphMapper::getGlyphCode@20 (line 151)
                      ; - com.sun.javafx.font.CharToGlyphMapper::charsToGlyphs@122 (line 84)
                      ; - com.sun.javafx.text.PrismTextLayout::shape@525 (line 914)
  0x000001f007e47940: 9cc4 74ff 

  0x000001f007e47944: ;   {post_call_nop}
  0x000001f007e47944: 0f1f 8400 | bc35 0056 | ba45 ffff | ff48 8b6c | 2468 4c8b | 5424 284c | 8954 2420 | c5fa 114c 
  0x000001f007e47964: 242c 4889 | 5c24 3844 | 8b5c 245c | 4489 5c24 | 3444 8944 | 2444 4889 | 7c24 4844 | 894c 2474 
  0x000001f007e47984: ;   {runtime_call UncommonTrapBlob}
  0x000001f007e47984: c5f8 77e8 

  0x000001f007e47988: ; ImmutableOopMap {rbp=Oop [32]=Oop [56]=Oop [72]=Oop [84]=NarrowOop [88]=NarrowOop [116]=NarrowOop }
                      ;*ifnonnull {reexecute=1 rethrow=0 return_oop=0}
                      ; - (reexecute) com.sun.javafx.font.CompositeGlyphMapper::getAsciiGlyphCode@25 (line 120)
                      ; - com.sun.javafx.font.CompositeGlyphMapper::getGlyphCode@2 (line 146)
                      ; - com.sun.javafx.font.CharToGlyphMapper::charsToGlyphs@122 (line 84)
                      ; - com.sun.javafx.text.PrismTextLayout::shape@525 (line 914)
  0x000001f007e47988: 54c4 74ff 

  0x000001f007e4798c: ;   {post_call_nop}
  0x000001f007e4798c: 0f1f 8400 | 0436 0057 | baf6 ffff | ff66 6690 

  0x000001f007e4799c: ;   {runtime_call UncommonTrapBlob}
  0x000001f007e4799c: c5f8 77e8 

  0x000001f007e479a0: ; ImmutableOopMap {}
                      ;*invokevirtual getAscent {reexecute=0 rethrow=0 return_oop=0}
                      ; - com.sun.javafx.text.PrismTextLayout::shape@93 (line 845)
  0x000001f007e479a0: 3cc4 74ff 

  0x000001f007e479a4: ;   {post_call_nop}
  0x000001f007e479a4: 0f1f 8400 | 1c36 0058 | baf6 ffff | ff66 6690 

  0x000001f007e479b4: ;   {runtime_call UncommonTrapBlob}
  0x000001f007e479b4: c5f8 77e8 

  0x000001f007e479b8: ; ImmutableOopMap {}
                      ;*invokeinterface getMetrics {reexecute=0 rethrow=0 return_oop=0}
                      ; - com.sun.javafx.text.PrismTextLayout::shape@103 (line 846)
  0x000001f007e479b8: 24c4 74ff 

  0x000001f007e479bc: ;   {post_call_nop}
  0x000001f007e479bc: 0f1f 8400 | 3436 0059 | baf6 ffff | ff66 6690 

  0x000001f007e479cc: ;   {runtime_call UncommonTrapBlob}
  0x000001f007e479cc: c5f8 77e8 

  0x000001f007e479d0: ; ImmutableOopMap {}
                      ;*invokeinterface getAscent {reexecute=0 rethrow=0 return_oop=0}
                      ; - com.sun.javafx.text.PrismTextLayout::shape@126 (line 853)
  0x000001f007e479d0: 0cc4 74ff 

  0x000001f007e479d4: ;   {post_call_nop}
  0x000001f007e479d4: 0f1f 8400 | 4c36 005a | baf6 ffff | ff66 6690 

  0x000001f007e479e4: ;   {runtime_call UncommonTrapBlob}
  0x000001f007e479e4: c5f8 77e8 

  0x000001f007e479e8: ; ImmutableOopMap {}
                      ;*invokeinterface getFamilyName {reexecute=0 rethrow=0 return_oop=0}
                      ; - com.sun.javafx.text.PrismTextLayout::shape@135 (line 859)
  0x000001f007e479e8: f4c3 74ff 

  0x000001f007e479ec: ;   {post_call_nop}
  0x000001f007e479ec: 0f1f 8400 | 6436 005b | baf6 ffff | ff66 6690 

  0x000001f007e479fc: ;   {runtime_call UncommonTrapBlob}
  0x000001f007e479fc: c5f8 77e8 

  0x000001f007e47a00: ; ImmutableOopMap {}
                      ;*invokeinterface getFamilyName {reexecute=0 rethrow=0 return_oop=0}
                      ; - com.sun.javafx.font.PrismFont::getFamilyName@4 (line 51)
                      ; - com.sun.javafx.text.PrismTextLayout::shape@135 (line 859)
  0x000001f007e47a00: dcc3 74ff 

  0x000001f007e47a04: ;   {post_call_nop}
  0x000001f007e47a04: 0f1f 8400 | 7c36 005c | baf6 ffff | ff66 6690 

  0x000001f007e47a14: ;   {runtime_call UncommonTrapBlob}
  0x000001f007e47a14: c5f8 77e8 

  0x000001f007e47a18: ; ImmutableOopMap {}
                      ;*invokevirtual equals {reexecute=0 rethrow=0 return_oop=0}
                      ; - com.sun.javafx.text.PrismTextLayout::shape@143 (line 859)
  0x000001f007e47a18: c4c3 74ff 

  0x000001f007e47a1c: ;   {post_call_nop}
  0x000001f007e47a1c: 0f1f 8400 | 9436 005d | baf6 ffff | ff66 6690 

  0x000001f007e47a2c: ;   {runtime_call UncommonTrapBlob}
  0x000001f007e47a2c: c5f8 77e8 

  0x000001f007e47a30: ; ImmutableOopMap {}
                      ;*faload {reexecute=0 rethrow=0 return_oop=0}
                      ; - com.sun.javafx.font.PrismMetrics::getCapHeight@9 (line 103)
                      ; - com.sun.javafx.text.PrismTextLayout::shape@204 (line 865)
  0x000001f007e47a30: acc3 74ff 

  0x000001f007e47a34: ;   {post_call_nop}
  0x000001f007e47a34: 0f1f 8400 | ac36 005e | baf6 ffff | ff66 6690 

  0x000001f007e47a44: ;   {runtime_call UncommonTrapBlob}
  0x000001f007e47a44: c5f8 77e8 

  0x000001f007e47a48: ; ImmutableOopMap {}
                      ;*invokeinterface getFontResource {reexecute=0 rethrow=0 return_oop=0}
                      ; - com.sun.javafx.text.PrismTextLayout::shape@335 (line 885)
  0x000001f007e47a48: 94c3 74ff 

  0x000001f007e47a4c: ;   {post_call_nop}
  0x000001f007e47a4c: 0f1f 8400 | c436 005f | baf6 ffff | ff66 6690 

  0x000001f007e47a5c: ;   {runtime_call UncommonTrapBlob}
  0x000001f007e47a5c: c5f8 77e8 

  0x000001f007e47a60: ; ImmutableOopMap {}
                      ;*invokeinterface getGlyphMapper {reexecute=0 rethrow=0 return_oop=0}
                      ; - com.sun.javafx.text.PrismTextLayout::shape@502 (line 913)
  0x000001f007e47a60: 7cc3 74ff 

  0x000001f007e47a64: ;   {post_call_nop}
  0x000001f007e47a64: 0f1f 8400 | dc36 0060 | baf4 ffff | ff48 8b6c | 2468 48ff | 7424 2848 | 8f44 2420 | 4c8b 5424 
  0x000001f007e47a84: 304c 8954 | 2428 4c8b | 5424 384c | 8954 2430 

  0x000001f007e47a94: ;   {runtime_call UncommonTrapBlob}
  0x000001f007e47a94: c5f8 77e8 

  0x000001f007e47a98: ; ImmutableOopMap {rbp=Oop [32]=Oop [40]=Oop [48]=Oop [64]=Oop [112]=Oop }
                      ;*checkcast {reexecute=0 rethrow=0 return_oop=0}
                      ; - com.sun.javafx.font.CompositeStrike::getMetrics@17 (line 158)
                      ; - com.sun.javafx.text.PrismTextLayout::shape@103 (line 846)
  0x000001f007e47a98: 44c3 74ff 

  0x000001f007e47a9c: ;   {post_call_nop}
  0x000001f007e47a9c: 0f1f 8400 | 1437 0061 | baf6 ffff | ff66 6690 

  0x000001f007e47aac: ;   {runtime_call UncommonTrapBlob}
  0x000001f007e47aac: c5f8 77e8 

  0x000001f007e47ab0: ; ImmutableOopMap {}
                      ;*invokeinterface getGlyphMapper {reexecute=0 rethrow=0 return_oop=0}
                      ; - com.sun.javafx.text.PrismTextLayout::shape@372 (line 892)
  0x000001f007e47ab0: 2cc3 74ff 

  0x000001f007e47ab4: ;   {post_call_nop}
  0x000001f007e47ab4: 0f1f 8400 | 2c37 0062 | baf6 ffff | ff66 6690 

  0x000001f007e47ac4: ;   {runtime_call UncommonTrapBlob}
  0x000001f007e47ac4: c5f8 77e8 

  0x000001f007e47ac8: ; ImmutableOopMap {}
                      ;*invokeinterface getAscent {reexecute=0 rethrow=0 return_oop=0}
                      ; - com.sun.javafx.text.PrismTextLayout::shape@267 (line 874)
  0x000001f007e47ac8: 14c3 74ff 

  0x000001f007e47acc: ;   {post_call_nop}
  0x000001f007e47acc: 0f1f 8400 | 4437 0063 | baf6 ffff | ff66 6690 

  0x000001f007e47adc: ;   {runtime_call UncommonTrapBlob}
  0x000001f007e47adc: c5f8 77e8 

  0x000001f007e47ae0: ; ImmutableOopMap {}
                      ;*invokevirtual getTextSpan {reexecute=0 rethrow=0 return_oop=0}
                      ; - com.sun.javafx.text.PrismTextLayout::shape@17 (line 831)
  0x000001f007e47ae0: fcc2 74ff 

  0x000001f007e47ae4: ;   {post_call_nop}
  0x000001f007e47ae4: 0f1f 8400 | 5c37 0064 | baf6 ffff | ff66 6690 

  0x000001f007e47af4: ;   {runtime_call UncommonTrapBlob}
  0x000001f007e47af4: c5f8 77e8 

  0x000001f007e47af8: ; ImmutableOopMap {}
                      ;*invokeinterface getFont {reexecute=0 rethrow=0 return_oop=0}
                      ; - com.sun.javafx.text.PrismTextLayout::shape@24 (line 832)
  0x000001f007e47af8: e4c2 74ff 

  0x000001f007e47afc: ;   {post_call_nop}
  0x000001f007e47afc: 0f1f 8400 | 7437 0065 | baf4 ffff | ff66 6690 

  0x000001f007e47b0c: ;   {runtime_call UncommonTrapBlob}
  0x000001f007e47b0c: c5f8 77e8 

  0x000001f007e47b10: ; ImmutableOopMap {rbp=Oop [40]=Oop [48]=Oop [56]=Oop [104]=Oop }
                      ;*checkcast {reexecute=0 rethrow=0 return_oop=0}
                      ; - com.sun.javafx.text.PrismTextLayout::shape@29 (line 832)
  0x000001f007e47b10: ccc2 74ff 

  0x000001f007e47b14: ;   {post_call_nop}
  0x000001f007e47b14: 0f1f 8400 | 8c37 0066 | baf6 ffff | ff66 6690 

  0x000001f007e47b24: ;   {runtime_call UncommonTrapBlob}
  0x000001f007e47b24: c5f8 77e8 

  0x000001f007e47b28: ; ImmutableOopMap {}
                      ;*getfield glyphs {reexecute=1 rethrow=0 return_oop=0}
                      ; - (reexecute) com.sun.javafx.text.PrismTextLayout::shape@520 (line 914)
  0x000001f007e47b28: b4c2 74ff 

  0x000001f007e47b2c: ;   {post_call_nop}
  0x000001f007e47b2c: 0f1f 8400 | a437 0067 | 488b e8eb | 0348 8be8 | ba95 ffff | ff48 8944 | 24f8 8b44 | 2440 8944 
  0x000001f007e47b4c: 2438 488b | 4424 f8c5 | fa10 4424 | 50c5 fa11 | 4424 3c48 | 8944 24f8 | 8b44 2448 | 8944 2440 
  0x000001f007e47b6c: 488b 4424 | f848 8944 | 24f8 8b44 | 2454 8944 | 2448 488b | 4424 f84c | 8b54 2460 | 4c89 5424 
  0x000001f007e47b8c: 5866 6690 

  0x000001f007e47b90: ;   {runtime_call UncommonTrapBlob}
  0x000001f007e47b90: c5f8 77e8 

  0x000001f007e47b94: ; ImmutableOopMap {rbp=Oop [32]=Oop [40]=Oop [48]=Oop [88]=Oop [96]=Oop }
                      ;*astore {reexecute=0 rethrow=0 return_oop=0}
                      ; - com.sun.javafx.font.PrismFontFile::getAdvanceFromHMTX@92 (line 1259)
                      ; - com.sun.javafx.font.PrismFontFile::getAdvance@33 (line 1205)
                      ; - com.sun.javafx.font.PrismCompositeFontResource::getAdvance@23 (line 179)
                      ; - com.sun.javafx.text.PrismTextLayout::shape@563 (line 918)
  0x000001f007e47b94: 48c2 74ff 

  0x000001f007e47b98: ;   {post_call_nop}
  0x000001f007e47b98: 0f1f 8400 | 1038 0068 | 488b e8eb | 0348 8be8 | ba95 ffff | ffc5 fa10 | 4c24 58c5 | fa11 4c24 
  0x000001f007e47bb8: 344c 8b54 | 2440 4c89 | 5424 384c | 8b54 2448 | 4c89 5424 | 40c5 fa10 | 4424 50c5 | fa11 4424 
  0x000001f007e47bd8: 4844 8b5c | 2454 4489 | 5c24 4c4c | 8b54 2470 | 4c89 5424 | 5866 6690 

  0x000001f007e47bf0: ;   {runtime_call UncommonTrapBlob}
  0x000001f007e47bf0: c5f8 77e8 

  0x000001f007e47bf4: ; ImmutableOopMap {rbp=Oop [32]=Oop [40]=Oop [56]=Oop [64]=Oop [88]=Oop [112]=Oop }
                      ;*astore {reexecute=0 rethrow=0 return_oop=0}
                      ; - com.sun.javafx.font.PrismFontFile::getAdvanceFromHMTX@92 (line 1259)
                      ; - com.sun.javafx.font.PrismFontFile::getAdvance@33 (line 1205)
                      ; - com.sun.javafx.font.PrismCompositeFontResource::getAdvance@23 (line 179)
                      ; - com.sun.javafx.text.PrismTextLayout::shape@429 (line 900)
  0x000001f007e47bf4: e8c1 74ff 

  0x000001f007e47bf8: ;   {post_call_nop}
  0x000001f007e47bf8: 0f1f 8400 | 7038 0069 | eb0e eb0c | eb0a 488b | d0eb 4f48 | 8bd0 eb4a | 488b d0eb | 45eb 4048 
  0x000001f007e47c18: 8bd0 eb3e | 488b d0eb | 3948 8bd0 | eb34 eb2f | 488b d0eb | 2d48 8bd0 | eb28 488b | d0eb 2348 
  0x000001f007e47c38: 8bd0 eb1e | eb00 488b | d0eb 1748 | 8bd0 eb12 | 488b d0eb | 0d48 8bd0 | eb08 488b | d0eb 0348 
  0x000001f007e47c58: 8bd0 c5f8 | 7748 81c4 | c000 0000 

  0x000001f007e47c64: ;   {runtime_call C2 Runtime rethrow}
  0x000001f007e47c64: 5de9 7621 | 75ff 458b | 0249 c1e0 | 0349 83f8 | 000f 8455 | d2ff ff4d | 8b4f 384d | 85c9 0f84 
  0x000001f007e47c84: 1400 0000 | 4983 e908 | 4d89 4f38 | 4d03 4f40 | 4d89 01e9 | 34d2 ffff | 4883 ec50 | 4c89 5424 
  0x000001f007e47ca4: 484c 895c | 2440 4889 | 4c24 3848 | 897c 2430 | 4889 5424 | 2849 8bc8 

  0x000001f007e47cbc: ;   {runtime_call}
  0x000001f007e47cbc: 498b d748 | b850 19c3 | 0ffc 7f00 | 00ff d048 | 8b54 2428 | 488b 7c24 | 3048 8b4c | 2438 4c8b 
  0x000001f007e47cdc: 5c24 404c | 8b54 2448 | c5f8 7748 | 83c4 50e9 | e0d1 ffff | 458b 0249 | c1e0 0349 | 83f8 000f 
  0x000001f007e47cfc: 84e1 d1ff | ff4d 8b4f | 384d 85c9 | 0f84 1400 | 0000 4983 | e908 4d89 | 4f38 4d03 | 4f40 4d89 
  0x000001f007e47d1c: 01e9 c0d1 | ffff 4883 | ec50 4c89 | 5424 484c | 895c 2440 | 4889 4c24 | 3848 897c | 2430 4889 
  0x000001f007e47d3c: 5424 2849 | 8bc8 498b 

  0x000001f007e47d44: ;   {runtime_call}
  0x000001f007e47d44: d748 b850 | 19c3 0ffc | 7f00 00ff | d048 8b54 | 2428 488b | 7c24 3048 | 8b4c 2438 | 4c8b 5c24 
  0x000001f007e47d64: 404c 8b54 | 2448 c5f8 | 7748 83c4 | 50e9 6cd1 | ffff f083 | 4424 c000 | 4180 3900 | 0f84 9ed1 
  0x000001f007e47d84: ffff 41c6 | 0100 4d8b | 4750 4d85 | c00f 8414 | 0000 0049 | 83e8 084d | 8947 504d | 0347 584d 
  0x000001f007e47da4: 8908 e979 | d1ff ff48 | 83ec 404c | 895c 2438 | 4889 4c24 | 3048 8954 | 2428 498b | c949 8bd7 
  0x000001f007e47dc4: ;   {runtime_call}
  0x000001f007e47dc4: 48b8 3019 | c30f fc7f | 0000 ffd0 | 488b 5424 | 2848 8b4c | 2430 4c8b | 5c24 38c5 | f877 4883 
  0x000001f007e47de4: c440 e939 | d1ff ff45 | 8b02 49c1 | e003 4983 | f800 0f84 | 37d1 ffff | 498b 5738 | 4885 d20f 
  0x000001f007e47e04: 8414 0000 | 0048 83ea | 0849 8957 | 3849 0357 | 404c 8902 | e916 d1ff | ff48 83ec | 304c 8954 
  0x000001f007e47e24: 2428 4c89 | 5c24 2049 | 8bc8 498b 

  0x000001f007e47e30: ;   {runtime_call}
  0x000001f007e47e30: d748 b850 | 19c3 0ffc | 7f00 00ff | d04c 8b5c | 2420 4c8b | 5424 28c5 | f877 4883 | c430 e9e0 
  0x000001f007e47e50: d0ff fff0 | 8344 24c0 | 0080 3a00 | 0f84 12d1 | ffff c602 | 004d 8b47 | 504d 85c0 | 0f84 1400 
  0x000001f007e47e70: 0000 4983 | e808 4d89 | 4750 4d03 | 4758 4989 | 10e9 eed0 | ffff 4883 | ec20 488b | ca49 8bd7 
  0x000001f007e47e90: ;   {runtime_call}
  0x000001f007e47e90: 48b8 3019 | c30f fc7f | 0000 ffd0 | c5f8 7748 | 83c4 20e9 | ccd0 ffff | 458b 0349 | c1e0 0349 
  0x000001f007e47eb0: 83f8 000f | 8433 d2ff | ff4d 8b57 | 384d 85d2 | 0f84 1400 | 0000 4983 | ea08 4d89 | 5738 4d03 
  0x000001f007e47ed0: 5740 4d89 | 02e9 12d2 | ffff 4883 | ec30 4c89 | 5c24 2848 | 8944 2420 | 498b c849 

  0x000001f007e47eec: ;   {runtime_call}
  0x000001f007e47eec: 8bd7 48b8 | 5019 c30f | fc7f 0000 | ffd0 488b | 4424 204c | 8b5c 2428 | c5f8 7748 | 83c4 30e9 
  0x000001f007e47f0c: dcd1 ffff | f083 4424 | c000 4180 | 3a00 0f84 | 0ed2 ffff | 41c6 0200 | 4d8b 4750 | 4d85 c00f 
  0x000001f007e47f2c: 8414 0000 | 0049 83e8 | 084d 8947 | 504d 0347 | 584d 8910 | e9e9 d1ff | ff48 83ec | 3048 8944 
  0x000001f007e47f4c: 2428 498b | ca49 8bd7 

  0x000001f007e47f54: ;   {runtime_call}
  0x000001f007e47f54: 48b8 3019 | c30f fc7f | 0000 ffd0 | 488b 4424 | 28c5 f877 | 4883 c430 | e9bd d1ff | ff41 8b08 
  0x000001f007e47f74: 48c1 e103 | 4883 f900 | 0f84 f1d5 | ffff 498b | 7f38 4885 | ff0f 8414 | 0000 0048 | 83ef 0849 
  0x000001f007e47f94: 897f 3849 | 037f 4048 | 890f e9d0 | d5ff ff48 | 83ec 504c | 8954 2448 | 4c89 5c24 | 404c 8944 
  0x000001f007e47fb4: 2438 4c89 | 4c24 3048 | 8954 2428 | 4889 7424 | 2049 8bd7 

  0x000001f007e47fc8: ;   {runtime_call}
  0x000001f007e47fc8: 48b8 5019 | c30f fc7f | 0000 ffd0 | 488b 7424 | 2048 8b54 | 2428 4c8b | 4c24 304c | 8b44 2438 
  0x000001f007e47fe8: 4c8b 5c24 | 404c 8b54 | 2448 c5f8 | 7748 83c4 | 50e9 75d5 | ffff 418b | 0848 c1e1 | 0348 83f9 
  0x000001f007e48008: 000f 8476 | d5ff ff49 | 8b5f 3848 | 85db 0f84 | 1400 0000 | 4883 eb08 | 4989 5f38 | 4903 5f40 
  0x000001f007e48028: 4889 0be9 | 55d5 ffff | 4883 ec50 | 4c89 5424 | 484c 895c | 2440 4c89 | 4424 384c | 894c 2430 
  0x000001f007e48048: 4889 5424 | 2848 8974 | 2420 498b 

  0x000001f007e48054: ;   {runtime_call}
  0x000001f007e48054: d748 b850 | 19c3 0ffc | 7f00 00ff | d048 8b74 | 2420 488b | 5424 284c | 8b4c 2430 | 4c8b 4424 
  0x000001f007e48074: 384c 8b5c | 2440 4c8b | 5424 48c5 | f877 4883 | c450 e9fa | d4ff fff0 | 8344 24c0 | 0080 3b00 
  0x000001f007e48094: 0f84 22d5 | ffff c603 | 0049 8b4f | 5048 85c9 | 0f84 1400 | 0000 4883 | e908 4989 | 4f50 4903 
  0x000001f007e480b4: 4f58 4889 | 19e9 fed4 | ffff 4883 | ec40 4c89 | 5424 384c | 895c 2430 | 4c89 4c24 | 2848 8954 
  0x000001f007e480d4: 2420 488b | cb49 8bd7 

  0x000001f007e480dc: ;   {runtime_call}
  0x000001f007e480dc: 48b8 3019 | c30f fc7f | 0000 ffd0 | 488b 5424 | 204c 8b4c | 2428 4c8b | 5c24 304c | 8b54 2438 
  0x000001f007e480fc: c5f8 7748 | 83c4 40e9 | b4d4 ffff | 458b 1049 | c1e2 0349 | 83fa 000f | 84b2 d4ff | ff4d 8b5f 
  0x000001f007e4811c: 384d 85db | 0f84 1400 | 0000 4983 | eb08 4d89 | 5f38 4d03 | 5f40 4d89 | 13e9 91d4 | ffff 4883 
  0x000001f007e4813c: ec30 4c89 | 4424 284c | 894c 2420 | 498b ca49 

  0x000001f007e4814c: ;   {runtime_call}
  0x000001f007e4814c: 8bd7 48b8 | 5019 c30f | fc7f 0000 | ffd0 4c8b | 4c24 204c | 8b44 2428 | c5f8 7748 | 83c4 30e9 
  0x000001f007e4816c: 5bd4 ffff | f083 4424 | c000 4180 | 3b00 0f84 | 83d4 ffff | 41c6 0300 | 4d8b 5750 | 4d85 d20f 
  0x000001f007e4818c: 8414 0000 | 0049 83ea | 084d 8957 | 504d 0357 | 584d 891a | e95e d4ff | ff48 83ec | 2049 8bcb 
  0x000001f007e481ac: ;   {runtime_call}
  0x000001f007e481ac: 498b d748 | b830 19c3 | 0ffc 7f00 | 00ff d0c5 | f877 4883 | c420 e93c | d4ff ff45 | 8b10 49c1 
  0x000001f007e481cc: e203 4983 | fa00 0f84 | a8d9 ffff | 4d8b 5f38 | 4d85 db0f | 8414 0000 | 0049 83eb | 084d 895f 
  0x000001f007e481ec: 384d 035f | 404d 8913 | e987 d9ff | ff48 83ec | 404c 8944 | 2438 4c89 | 4c24 3048 | 894c 2428 
  0x000001f007e4820c: 498b ca49 

  0x000001f007e48210: ;   {runtime_call}
  0x000001f007e48210: 8bd7 48b8 | 5019 c30f | fc7f 0000 | ffd0 488b | 4c24 284c | 8b4c 2430 | 4c8b 4424 | 38c5 f877 
  0x000001f007e48230: 4883 c440 | e947 d9ff | fff0 8344 | 24c0 0041 | 803b 000f | 846f d9ff | ff41 c603 | 004d 8b57 
  0x000001f007e48250: 504d 85d2 | 0f84 1400 | 0000 4983 | ea08 4d89 | 5750 4d03 | 5758 4d89 | 1ae9 4ad9 | ffff 4883 
  0x000001f007e48270: ec30 4c89 | 4c24 2848 | 894c 2420 | 498b cb49 

  0x000001f007e48280: ;   {runtime_call}
  0x000001f007e48280: 8bd7 48b8 | 3019 c30f | fc7f 0000 | ffd0 488b | 4c24 204c | 8b4c 2428 | c5f8 7748 | 83c4 30e9 
  0x000001f007e482a0: 14d9 ffff | 458b 1a49 | c1e3 0349 | 83fb 000f | 8409 dbff | ff4d 8b47 | 384d 85c0 | 0f84 1400 
  0x000001f007e482c0: 0000 4983 | e808 4d89 | 4738 4d03 | 4740 4d89 | 18e9 e8da | ffff 4883 | ec30 4c89 | 5424 2848 
  0x000001f007e482e0: 8944 2420 | 498b cb49 

  0x000001f007e482e8: ;   {runtime_call}
  0x000001f007e482e8: 8bd7 48b8 | 5019 c30f | fc7f 0000 | ffd0 488b | 4424 204c | 8b54 2428 | c5f8 7748 | 83c4 30e9 
  0x000001f007e48308: b2da ffff | f083 4424 | c000 4180 | 3800 0f84 | dada ffff | 41c6 0000 | 4d8b 5f50 | 4d85 db0f 
  0x000001f007e48328: 8414 0000 | 0049 83eb | 084d 895f | 504d 035f | 584d 8903 | e9b5 daff | ff48 83ec | 2049 8bc8 
  0x000001f007e48348: ;   {runtime_call}
  0x000001f007e48348: 498b d748 | b830 19c3 | 0ffc 7f00 | 00ff d0c5 | f877 4883 | c420 e993 | daff ff8b | 3948 c1e7 
  0x000001f007e48368: 0348 83ff | 000f 8499 | dbff ff49 | 8b57 3848 | 85d2 0f84 | 1400 0000 | 4883 ea08 | 4989 5738 
  0x000001f007e48388: 4903 5740 | 4889 3ae9 | 78db ffff | 4883 ec50 | 4c89 5424 | 484c 895c | 2440 4c89 | 4424 384c 
  0x000001f007e483a8: 894c 2430 | 4889 4c24 | 2848 8bcf 

  0x000001f007e483b4: ;   {runtime_call}
  0x000001f007e483b4: 498b d748 | b850 19c3 | 0ffc 7f00 | 00ff d048 | 8b4c 2428 | 4c8b 4c24 | 304c 8b44 | 2438 4c8b 
  0x000001f007e483d4: 5c24 404c | 8b54 2448 | c5f8 7748 | 83c4 50e9 | 24db ffff | f083 4424 | c000 803a | 000f 844b 
  0x000001f007e483f4: dbff ffc6 | 0200 498b | 7f50 4885 | ff0f 8414 | 0000 0048 | 83ef 0849 | 897f 5049 | 037f 5848 
  0x000001f007e48414: 8917 e927 | dbff ff48 | 83ec 404c | 8954 2438 | 4c89 5c24 | 304c 894c | 2428 488b | ca49 8bd7 
  0x000001f007e48434: ;   {runtime_call}
  0x000001f007e48434: 48b8 3019 | c30f fc7f | 0000 ffd0 | 4c8b 4c24 | 284c 8b5c | 2430 4c8b | 5424 38c5 | f877 4883 
  0x000001f007e48454: c440 e9e7 | daff ff45 | 8b18 49c1 | e303 4983 | fb00 0f84 | eada ffff | 4d8b 5738 | 4d85 d20f 
  0x000001f007e48474: 8414 0000 | 0049 83ea | 084d 8957 | 384d 0357 | 404d 891a | e9c9 daff | ff48 83ec | 304c 8944 
  0x000001f007e48494: 2428 4c89 | 4c24 2049 | 8bcb 498b 

  0x000001f007e484a0: ;   {runtime_call}
  0x000001f007e484a0: d748 b850 | 19c3 0ffc | 7f00 00ff | d04c 8b4c | 2420 4c8b | 4424 28c5 | f877 4883 | c430 e993 
  0x000001f007e484c0: daff fff0 | 8344 24c0 | 0041 803a | 000f 84bb | daff ff41 | c602 004d | 8b5f 504d | 85db 0f84 
  0x000001f007e484e0: 1400 0000 | 4983 eb08 | 4d89 5f50 | 4d03 5f58 | 4d89 13e9 | 96da ffff | 4883 ec30 | 4c89 4c24 
  0x000001f007e48500: 2849 8bca 

  0x000001f007e48504: ;   {runtime_call}
  0x000001f007e48504: 498b d748 | b830 19c3 | 0ffc 7f00 | 00ff d04c | 8b4c 2428 | c5f8 7748 | 83c4 30e9 | 6ada ffff 
  0x000001f007e48524: 458b 1a49 | c1e3 0349 | 83fb 000f | 8417 e0ff | ff4d 8b47 | 384d 85c0 | 0f84 1400 | 0000 4983 
  0x000001f007e48544: e808 4d89 | 4738 4d03 | 4740 4d89 | 18e9 f6df | ffff 4883 | ec40 4c89 | 5424 384c | 894c 2430 
  0x000001f007e48564: 4889 4c24 | 2849 8bcb 

  0x000001f007e4856c: ;   {runtime_call}
  0x000001f007e4856c: 498b d748 | b850 19c3 | 0ffc 7f00 | 00ff d048 | 8b4c 2428 | 4c8b 4c24 | 304c 8b54 | 2438 c5f8 
  0x000001f007e4858c: 7748 83c4 | 40e9 b6df | ffff f083 | 4424 c000 | 4180 3800 | 0f84 dedf | ffff 41c6 | 0000 4d8b 
  0x000001f007e485ac: 5f50 4d85 | db0f 8414 | 0000 0049 | 83eb 084d | 895f 504d | 035f 584d | 8903 e9b9 | dfff ff48 
  0x000001f007e485cc: 83ec 304c | 894c 2428 | 4889 4c24 | 2049 8bc8 

  0x000001f007e485dc: ;   {runtime_call}
  0x000001f007e485dc: 498b d748 | b830 19c3 | 0ffc 7f00 | 00ff d048 | 8b4c 2420 | 4c8b 4c24 | 28c5 f877 | 4883 c430 
  0x000001f007e485fc: e983 dfff | ff41 8387 | d806 0000 | 08e9 76e2 | ffff 4183 | 87d8 0600 | 0008 e96a | e1ff ff41 
  0x000001f007e4861c: 8387 d806 | 0000 08e9 | ecdf ffff | 4183 87d8 | 0600 0008 | e913 d6ff 

  0x000001f007e48634: ;   {internal_word}
  0x000001f007e48634: ff49 ba7f | 4fe4 07f0 | 0100 004d | 8997 e004 

  0x000001f007e48644: ;   {runtime_call SafepointBlob}
  0x000001f007e48644: 0000 e915 | 9c66 ff48 | 83ec 08c5 | fb11 0424 

  0x000001f007e48654: ;   {runtime_call Stub::d2i_fixup}
  0x000001f007e48654: e81e 8e61 | ff41 5ae9 | ecc1 ffff | 4883 ec08 | c5fb 1104 

  0x000001f007e48668: ;   {runtime_call Stub::d2i_fixup}
  0x000001f007e48668: 24e8 098e | 61ff 415a | e971 c1ff | ff48 83ec | 08c5 fb11 

  0x000001f007e4867c: ;   {runtime_call Stub::d2i_fixup}
  0x000001f007e4867c: 1424 e8f4 | 8d61 ff41 | 5be9 21c1 | ffff 4883 | ec08 c5fb 

  0x000001f007e48690: ;   {runtime_call Stub::d2i_fixup}
  0x000001f007e48690: 110c 24e8 | df8d 61ff | 415a e9fb 

  0x000001f007e4869c: ;   {runtime_call Stub::method_entry_barrier}
  0x000001f007e4869c: c0ff ffe8 | 3cdf 64ff | e925 beff | fff4 f4f4 | f4f4 f4f4 
[Stub Code]
  0x000001f007e486b0: ;   {static_stub}
  0x000001f007e486b0: 48bb 0000 | 0000 0000 

  0x000001f007e486b8: ;   {runtime_call nmethod}
  0x000001f007e486b8: 0000 e9fb 

  0x000001f007e486bc: ;   {static_stub}
  0x000001f007e486bc: ffff ff48 | bb48 3485 | 12f0 0100 

  0x000001f007e486c8: ;   {runtime_call I2C/C2I adapters}
  0x000001f007e486c8: 00e9 74af 

  0x000001f007e486cc: ;   {static_stub}
  0x000001f007e486cc: 63ff 48bb | 0000 0000 | 0000 0000 

  0x000001f007e486d8: ;   {runtime_call nmethod}
  0x000001f007e486d8: e9fb ffff 

  0x000001f007e486dc: ;   {static_stub}
  0x000001f007e486dc: ff48 bb00 | 0000 0000 

  0x000001f007e486e4: ;   {runtime_call nmethod}
  0x000001f007e486e4: 0000 00e9 | fbff ffff 

  0x000001f007e486ec: ;   {static_stub}
  0x000001f007e486ec: 48bb 0000 | 0000 0000 

  0x000001f007e486f4: ;   {runtime_call nmethod}
  0x000001f007e486f4: 0000 e9fb 

  0x000001f007e486f8: ;   {static_stub}
  0x000001f007e486f8: ffff ff48 | bb00 0000 | 0000 0000 

  0x000001f007e48704: ;   {runtime_call nmethod}
  0x000001f007e48704: 00e9 fbff 

  0x000001f007e48708: ;   {static_stub}
  0x000001f007e48708: ffff 48bb | 0000 0000 | 0000 0000 

  0x000001f007e48714: ;   {runtime_call nmethod}
  0x000001f007e48714: e9fb ffff 

  0x000001f007e48718: ;   {static_stub}
  0x000001f007e48718: ff48 bb00 | 0000 0000 

  0x000001f007e48720: ;   {runtime_call nmethod}
  0x000001f007e48720: 0000 00e9 | fbff ffff 

  0x000001f007e48728: ;   {static_stub}
  0x000001f007e48728: 48bb 0000 | 0000 0000 

  0x000001f007e48730: ;   {runtime_call nmethod}
  0x000001f007e48730: 0000 e9fb 

  0x000001f007e48734: ;   {static_stub}
  0x000001f007e48734: ffff ff48 | bb18 c184 | 12f0 0100 

  0x000001f007e48740: ;   {runtime_call I2C/C2I adapters}
  0x000001f007e48740: 00e9 f0ef 

  0x000001f007e48744: ;   {static_stub}
  0x000001f007e48744: 66ff 48bb | 0000 0000 | 0000 0000 

  0x000001f007e48750: ;   {runtime_call nmethod}
  0x000001f007e48750: e9fb ffff 

  0x000001f007e48754: ;   {static_stub}
  0x000001f007e48754: ff48 bb00 | 0000 0000 

  0x000001f007e4875c: ;   {runtime_call nmethod}
  0x000001f007e4875c: 0000 00e9 | fbff ffff 

  0x000001f007e48764: ;   {static_stub}
  0x000001f007e48764: 48bb 0000 | 0000 0000 

  0x000001f007e4876c: ;   {runtime_call nmethod}
  0x000001f007e4876c: 0000 e9fb 

  0x000001f007e48770: ;   {static_stub}
  0x000001f007e48770: ffff ff48 | bb00 0000 | 0000 0000 

  0x000001f007e4877c: ;   {runtime_call nmethod}
  0x000001f007e4877c: 00e9 fbff 

  0x000001f007e48780: ;   {static_stub}
  0x000001f007e48780: ffff 48bb | 80a5 0613 | f001 0000 

  0x000001f007e4878c: ;   {runtime_call I2C/C2I adapters}
  0x000001f007e4878c: e921 a666 

  0x000001f007e48790: ;   {runtime_call ExceptionBlob}
  0x000001f007e48790: ffe9 4ab9 | 74ff e800 | 0000 0048 | 832c 2405 

  0x000001f007e487a0: ;   {runtime_call DeoptimizationBlob}
  0x000001f007e487a0: e93b 8266 | fff4 f4f4 
[/MachCode]


Compiled method (c2) 29061 8503   !   4       com.sun.javafx.text.PrismTextLayout::layout (1636 bytes)
 total in heap  [0x000001f007e86988,0x000001f007e8c420] = 23192
 constants      [0x000001f007e86a80,0x000001f007e86aa0] = 32
 main code      [0x000001f007e86aa0,0x000001f007e8c200] = 22368
 stub code      [0x000001f007e8c200,0x000001f007e8c3f8] = 504
 oops           [0x000001f007e8c3f8,0x000001f007e8c420] = 40
 mutable data [0x000001f02d8ac000,0x000001f02d8ac758] = 1880
 relocation     [0x000001f02d8ac000,0x000001f02d8ac4d8] = 1240
 metadata       [0x000001f02d8ac4d8,0x000001f02d8ac758] = 640
 immutable data [0x000001f011937d40,0x000001f01193aed0] = 12688
 dependencies   [0x000001f011937d40,0x000001f011937e18] = 216
 nul chk table  [0x000001f011937e18,0x000001f011937f48] = 304
 handler table  [0x000001f011937f48,0x000001f011938380] = 1080
 scopes pcs     [0x000001f011938380,0x000001f011938ca0] = 2336
 scopes data    [0x000001f011938ca0,0x000001f01193aed0] = 8752


[Constant Pool]
             Address          hex4                    hex8      
  0x000001f007e86a80:   0x00000000      0x3f00000000000000      
  0x000001f007e86a84:   0x3f000000                              
  0x000001f007e86a88:   0xf4f4f4f4      0xf4f4f4f4f4f4f4f4      
  0x000001f007e86a8c:   0xf4f4f4f4                              
  0x000001f007e86a90:   0xf4f4f4f4      0xf4f4f4f4f4f4f4f4      
  0x000001f007e86a94:   0xf4f4f4f4                              
  0x000001f007e86a98:   0xf4f4f4f4      0xf4f4f4f4f4f4f4f4      
  0x000001f007e86a9c:   0xf4f4f4f4                              

[MachCode]
[Instructions begin]
  0x000001f007e86aa0: ;   {other}
  0x000001f007e86aa0: 6690 448b | 5208 443b 

  0x000001f007e86aa8: ;   {runtime_call Shared Runtime ic_miss_blob}
  0x000001f007e86aa8: 5008 0f85 | 3082 62ff 
[Verified Entry Point]
  0x000001f007e86ab0: 8984 2400 | 80ff ff55 | 4881 ecc0 | 0000 0090 | 4181 7f20 | 0b00 0000 | 0f85 2357 | 0000 4889 
  0x000001f007e86ad0: 5424 3044 | 8b5a 3844 | 895c 2438 | 4585 db0f | 84c0 0300 | 0044 8b5a | 4c45 85db | 0f85 0a27 
  0x000001f007e86af0: ;   {oop(a 'java/util/Hashtable'{0x000000060c0cced8})}
  0x000001f007e86af0: 0000 49bb | d8ce 0c0c | 0600 0000 | 488d 9c24 | b000 0000 | 4d8b 1341 | 8b9f d806 | 0000 41f6 
  0x000001f007e86b10: c202 0f85 | 3700 0000 | 81fb 2707 | 0000 0f8f | 4b00 0000 | 4d3b 5c1f | f874 1649 | 8bc2 4883 
  0x000001f007e86b30: c801 4983 | e2fe f04d | 0fb1 130f | 852e 0000 | 004d 891c | 1f41 8387 | d806 0000 | 08eb 1e48 
  0x000001f007e86b50: 33c0 498b | 9fc8 0400 | 00f0 490f | b15a 3e74 | 0c48 3bd8 | 7509 49ff | 8286 0000 | 0033 c00f 
  0x000001f007e86b70: 855c 2a00 

  0x000001f007e86b74: ;   {oop(a 'java/util/Hashtable'{0x000000060c0cced8})}
  0x000001f007e86b74: 0049 bad8 | ce0c 0c06 | 0000 0045 | 8b52 1c47 | 8b44 d40c | 448b 4c24 | 3843 8b4c | cc0c 8bc1 
  0x000001f007e86b94: 25ff ffff | 7f45 85c0 | 0f86 5b2a | 0000 3d00 | 0000 8075 | 0833 d241 | 83f8 ff74 | 0499 41f7 
  0x000001f007e86bb4: f849 c1e2 | 0345 8b5c | 9210 4585 | db0f 8503 

  0x000001f007e86bc4: ;   {oop(a 'java/util/Hashtable'{0x000000060c0cced8})}
  0x000001f007e86bc4: 0300 0049 | bbd8 ce0c | 0c06 0000 | 0048 8d84 | 24b0 0000 | 0041 8b87 | d806 0000 | 4d8b 134d 
  0x000001f007e86be4: 3b5c 07f8 | 0f85 2e00 | 0000 4183 | afd8 0600 | 0008 4d3b | 5c07 f00f | 845f 0000 | 0049 8bc2 
  0x000001f007e86c04: 4883 e0fc | 4983 ca01 | f04d 0fb1 | 130f 85cd | 5500 00e9 | 4400 0000 | 4983 ba86 | 0000 0000 
  0x000001f007e86c24: 7533 49c7 | 423e 0000 | 0000 f083 | 4424 c000 | 4983 ba8e | 0000 0000 | 7422 4983 | ba9e 0000 
  0x000001f007e86c44: 0000 7518 | 4983 e2fd | 4d89 97e8 | 0500 0041 | 83ca 01eb | 0a49 ff8a | 8600 0000 | 4533 d20f 
  0x000001f007e86c64: 8565 2a00 | 004c 8b54 | 2430 418b | 524c 85d2 | 0f84 2b02 | 0000 458b | 4244 c4c1 | 7a10 4218 
  0x000001f007e86c84: 458b 4a20 | 458b 7240 | 458b 6a0c | 4c8b d249 | c1e2 034c | 8954 2438 | 4c8b 5424 | 3841 8b6a 
  0x000001f007e86ca4: ;   {section_word}
  0x000001f007e86ca4: 30c5 f82e | 05d3 fdff | ff0f 8ab1 | 1800 000f | 85ab 1800 | 0045 8bd1 | 4181 e200 | 003c 0041 
  0x000001f007e86cc4: 81fa 0000 | 0400 0f85 | 9418 0000 | 41f7 c100 | 4000 000f | 8487 1800 | 0045 8bd9 | 4181 e300 
  0x000001f007e86ce4: 3c00 0041 | 8d8b 00fc | ffff 81f9 | 011c 0000 | 0f82 a227 | 0000 4c8b | 5424 3841 | 8b4a 3441 
  0x000001f007e86d04: 8b7c cc0c | c4c1 7a10 | 4a18 4c8b | 5424 30c4 | c17a 114a | 144c 8b54 | 2438 458b | 520c 4c8b 
  0x000001f007e86d24: 5c24 3845 | 8b5b 1048 | 8b5c 2430 | 4489 5b0c | 450b d144 | 8953 204c | 8b54 2438 | c4c1 7a10 
  0x000001f007e86d44: 4214 c5fa | 1143 1048 | 8b54 2430 | 488d 5a3c | 4180 7f48 | 000f 8547 | 4300 0089 | 0b44 8bd1 
  0x000001f007e86d64: 49c1 e203 | 4c8b cb4d | 33ca 49c1 | e916 0f84 | 2800 0000 | 4983 fa00 | 0f84 1e00 | 0000 4c8b 
  0x000001f007e86d84: cb49 c1e9 | 0949 ba00 | 6062 72f0 | 0100 004d | 03ca 4180 | 3902 0f85 | a443 0000 | 4c8d 5a40 
  0x000001f007e86da4: ;   {other}
  0x000001f007e86da4: 4180 7f48 | 000f 8536 | 4400 0041 | 892b 448b | cd49 c1e1 | 034d 8bd3 | 4d33 d149 | c1ea 160f 
  0x000001f007e86dc4: 8428 0000 | 0049 83f9 | 000f 841e | 0000 004d | 8bd3 49c1 | ea09 49b9 | 0060 6272 | f001 0000 
  0x000001f007e86de4: 4d03 d141 | 803a 020f | 8588 4400 | 0085 ff0f | 8623 2800 | 0045 8b5c | cc10 478b | 54dc 24c4 
  0x000001f007e86e04: 817a 105c | d414 c5f2 | 58cb 478b 

  0x000001f007e86e10: ;   {metadata('com/sun/javafx/geom/RectBounds')}
  0x000001f007e86e10: 5cc4 0841 | 81fb c0b8 | 0e01 0f85 | 1c28 0000 | 4b8d 14c4 | c5e8 57d2 | c5f8 2ed0 | 0f87 de1a 
  0x000001f007e86e30: 0000 c5f8 | 2ed9 0f87 | c428 0000 | c5fa 114a | 18c5 fa11 | 5a14 c5fa | 1142 1044 | 8962 0c4c 
  0x000001f007e86e50: 8b4c 2430 | 4d8d 5944 | 4180 7f48 | 000f 85a3 | 4400 004c | 8bc2 49c1 | e803 4589 | 034d 8bd3 
  0x000001f007e86e70: 4c33 d249 | c1ea 160f | 8428 0000 | 0048 83fa | 000f 841e | 0000 004d | 8bd3 49c1 | ea09 49b8 
  0x000001f007e86e90: 0060 6272 | f001 0000 | 4d03 d041 | 803a 020f | 85c9 4400 | 004c 8b54 | 2430 453b | 623c 0f84 
  0x000001f007e86eb0: b507 0000 | c5f8 7748 | 81c4 c000 

  0x000001f007e86ebc: ;   {poll_return}
  0x000001f007e86ebc: 0000 5d49 | 3b67 280f | 8705 5300 | 00c3 4b8d | 2cdc 49c1 | e103 0f1f | 8000 0000 | 000f 1f80 
  0x000001f007e86edc: 0000 0000 | 448b 450c | 443b c10f | 855a 0500 | 0089 4c24 | 3c44 8b55 | 1049 8bd2 | 48c1 e203 
  0x000001f007e86efc: 4d8b c14c | 8b54 2430 | 4c89 5424 | 204c 894c | 2428 c5f8 | 7748 b8d0 | 161c 29f0 

  0x000001f007e86f18: ;   {virtual_call}
  0x000001f007e86f18: 0100 00e8 

  0x000001f007e86f1c: ; ImmutableOopMap {rbp=Oop [32]=Oop [40]=Oop [48]=Oop [56]=NarrowOop }
                      ;*invokevirtual equals {reexecute=0 rethrow=0 return_oop=0}
                      ; - java.util.Hashtable::get@45 (line 386)
                      ; - com.sun.javafx.text.PrismTextLayout::initCache@21 (line 728)
                      ; - com.sun.javafx.text.PrismTextLayout::layout@1 (line 1060)
  0x000001f007e86f1c: 625e 0a00 

  0x000001f007e86f20: ;   {post_call_nop}
  0x000001f007e86f20: 0f1f 8400 | 9805 0000 | 85c0 0f84 | 6c29 0000 

  0x000001f007e86f30: ;   {oop(a 'java/util/Hashtable'{0x000000060c0cced8})}
  0x000001f007e86f30: 8b7d 1449 | bbd8 ce0c | 0c06 0000 | 0048 8d84 | 24b0 0000 | 0041 8b87 | d806 0000 | 4d8b 134d 
  0x000001f007e86f50: 3b5c 07f8 | 0f85 2e00 | 0000 4183 | afd8 0600 | 0008 4d3b | 5c07 f00f | 845f 0000 | 0049 8bc2 
  0x000001f007e86f70: 4883 e0fc | 4983 ca01 | f04d 0fb1 | 130f 853e | 5200 00e9 | 4400 0000 | 4983 ba86 | 0000 0000 
  0x000001f007e86f90: 7533 49c7 | 423e 0000 | 0000 f083 | 4424 c000 | 4983 ba8e | 0000 0000 | 7422 4983 | ba9e 0000 
  0x000001f007e86fb0: 0000 7518 | 4983 e2fd | 4d89 97e8 | 0500 0041 | 83ca 01eb | 0a49 ff8a | 8600 0000 | 4533 d20f 
  0x000001f007e86fd0: 856f 2700 | 004c 8b54 | 2420 458b | 4244 458b | 6a0c 418b | 524c c4c1 | 7a10 4218 | 458b 4a20 
  0x000001f007e86ff0: 458b 7240 | 85ff 0f84 | 4422 0000 | 458b 54fc 

  0x000001f007e87000: ;   {metadata('com/sun/javafx/text/LayoutCache')}
  0x000001f007e87000: 0841 81fa | 006f 3001 | 0f85 ba35 | 0000 4c8b | 5424 2045 | 8b52 304d | 8d1c fc4c | 895c 2438 
  0x000001f007e87020: 418b 6b2c 

  0x000001f007e87024: ; implicit exception: dispatches to 0x000001f007e8a718
  0x000001f007e87024: 418b 4cec 

  0x000001f007e87028: ;   {metadata('com/sun/javafx/font/PrismFont')}
  0x000001f007e87028: 0881 f988 | ac0f 010f | 8541 2700 | 0045 85d2 | 0f84 ac16 | 0000 478b | 5cd4 0848 

  0x000001f007e87044: ;   {metadata('com/sun/javafx/font/PrismFont')}
  0x000001f007e87044: c1e5 0341 | 81fb 88ac | 0f01 0f85 | 9435 0000 | c5fa 1055 | 0c49 c1e2 | 03c4 c17a | 105a 0cc5 
  0x000001f007e87064: f82e d30f | 8afb 2700 | 000f 85f5 | 2700 008b | 4d1c 458b | 521c 458b | 5ccc 0849 

  0x000001f007e87080: ;   {metadata('com/sun/javafx/font/PrismCompositeFontResource')}
  0x000001f007e87080: 8d2c cc41 | 81fb 00a0 | 0f01 0f85 | a018 0000 

  0x000001f007e87090: ; implicit exception: dispatches to 0x000001f007e8a820
  0x000001f007e87090: 438b 4cd4 

  0x000001f007e87094: ;   {metadata('com/sun/javafx/font/PrismCompositeFontResource')}
  0x000001f007e87094: 0881 f900 | a00f 010f | 856b 3500 | 008b 5d0c | 49c1 e203 | 418b 4a0c 

  0x000001f007e870ac: ; implicit exception: dispatches to 0x000001f007e8a758
  0x000001f007e870ac: 458b 54dc 

  0x000001f007e870b0: ;   {metadata('com/sun/javafx/font/directwrite/DWFontFile')}
  0x000001f007e870b0: 0841 81fa | 60c4 0f01 | 0f85 de26 | 0000 458b | 5ccc 084d 

  0x000001f007e870c4: ;   {metadata('com/sun/javafx/font/directwrite/DWFontFile')}
  0x000001f007e870c4: 8d14 dc41 | 81fb 60c4 | 0f01 0f85 | 5c35 0000 | 418b 7a5c | 4d8d 1ccc | 418b 6b5c 

  0x000001f007e870e0: ; implicit exception: dispatches to 0x000001f007e8a778
  0x000001f007e870e0: 410f be5c | fc10 3bfd | 0f84 1912 | 0000 85ed | 0f84 3901 | 0000 410f | be74 ec10 | 3bde 0f85 
  0x000001f007e87100: 2b01 0000 | 418b 5cec | 1441 8b44 | fc14 418b | 7cdc 0c41 | 8b4c c40c | 3bcf 0f85 | 0f01 0000 
  0x000001f007e87120: 498d 3cdc | 498d 74dc | 1049 8d1c | c449 8d7c | c410 85c9 | 0f84 dc00 | 0000 8bc1 | 83e0 1f83 
  0x000001f007e87140: e1e0 0f84 | 5200 0000 | 488d 3c0f | 488d 340e | 48f7 d9c5 | fe6f 0c0f | c5fe 6f14 | 0ec5 f5ef 
  0x000001f007e87160: cac4 e27d | 17c9 0f85 | b100 0000 | 4883 c120 | 75e1 85c0 | 0f84 9c00 | 0000 c5fe | 6f4c 07e0 
  0x000001f007e87180: c5fe 6f54 | 06e0 c5f5 | efca c4e2 | 7d17 c90f | 8588 0000 | 00e9 7c00 | 0000 8bc8 | 83e0 0f83 
  0x000001f007e871a0: e1f0 0f84 | 2a00 0000 | 488d 3c0f | 488d 340e | 48f7 d9c5 | fa6f 0c0f | c5fa 6f14 | 0ec5 f1ef 
  0x000001f007e871c0: cac4 e279 

  0x000001f007e871c4: ;   {other}
  0x000001f007e871c4: 17c9 0f85 | 5100 0000 | 4883 c110 | 75e1 8bc8 | 83e1 fc74 | 1948 8d3c | 0f48 8d34 | 0e48 f7d9 
  0x000001f007e871e4: 8b1c 0f3b | 1c0e 7531 | 4883 c104 | 75f2 a802 | 7412 0fb7 | 1f0f b70e | 3bd9 751d | 488d 7f02 
  0x000001f007e87204: 488d 7602 | a801 740a | 0fb6 1f0f | b60e 3bd9 | 7507 b801 | 0000 00eb | 0233 c0c5 | f5ef c9c5 
  0x000001f007e87224: edef d285 | c00f 85d8 | 1000 0033 | c085 c00f | 84fa 1f00 | 004c 8b54 | 2438 458b | 5a28 4c8b 
  0x000001f007e87244: 5424 2045 | 8b52 2849 | 8bfb 48c1 | e703 498b | f248 c1e6 | 0348 3bfe | 0f84 f600 | 0000 4885 
  0x000001f007e87264: ff0f 84f4 | 0000 0048 | 85f6 0f84 | eb00 0000 | 8b4f 0c3b | 4e0c 0f85 | df00 0000 | 85c9 0f84 
  0x000001f007e87284: d000 0000 | 488d 7f10 | 488d 7610 | d1e1 8bc1 | 83e0 1f83 | e1e0 0f84 | 5200 0000 | 488d 3c0f 
  0x000001f007e872a4: 488d 340e | 48f7 d9c5 | fe6f 140f | c5fe 6f0c | 0ec5 edef | d1c4 e27d | 17d2 0f85 | 9b00 0000 
  0x000001f007e872c4: ;   {other}
  0x000001f007e872c4: 4883 c120 | 75e1 85c0 | 0f84 8600 | 0000 c5fe | 6f54 07e0 | c5fe 6f4c | 06e0 c5ed | efd1 c4e2 
  0x000001f007e872e4: 7d17 d20f | 8572 0000 | 00e9 6600 | 0000 8bc8 | 83e0 0f83 | e1f0 0f84 | 2a00 0000 | 488d 3c0f 
  0x000001f007e87304: 488d 340e | 48f7 d9c5 | fa6f 140f | c5fa 6f0c | 0ec5 e9ef | d1c4 e279 | 17d2 0f85 | 3b00 0000 
  0x000001f007e87324: 4883 c110 | 75e1 8bc8 | 83e1 fc74 | 1948 8d3c | 0f48 8d34 | 0e48 f7d9 | 8b1c 0f3b | 1c0e 751b 
  0x000001f007e87344: 4883 c104 | 75f2 a802 | 740a 0fb7 | 1f0f b70e | 3bd9 7507 | b801 0000 | 00eb 0233 | c0c5 edef 
  0x000001f007e87364: d2c5 f5ef | c985 c00f | 84f0 1000 | 004c 8b54 | 2438 450b | 4a0c 4c8b | 5424 2045 | 894a 204c 
  0x000001f007e87384: 8b54 2438 | 458b 6a10 | 4c8b 5424 | 2045 896a | 0c4c 8b54 | 2438 458b | 7230 488b | 7c24 2048 
  0x000001f007e873a4: 8d4f 4041 | 807f 4800 | 0f85 1340 | 0000 4489 | 3145 8bde | 49c1 e303 | 488b d949 | 33db 48c1 
  0x000001f007e873c4: ;   {other}
  0x000001f007e873c4: eb16 0f84 | 2700 0000 | 4983 fb00 | 0f84 1d00 | 0000 488b | d948 c1eb | 0949 bb00 | 6062 72f0 
  0x000001f007e873e4: 0100 0049 | 03db 803b | 020f 8564 | 4000 0048 | 8bdf 488b | 7c24 384c | 8d53 4c41 | 807f 4800 
  0x000001f007e87404: 0f85 d640 | 0000 488b | cf48 c1e9 | 0341 890a | 4d8b da4c | 33df 49c1 | eb16 0f84 | 1e00 0000 
  0x000001f007e87424: 4d8b da49 | c1eb 0948 | b900 6062 | 72f0 0100 | 004c 03d9 | 4180 3b02 | 0f85 2341 | 0000 e955 
  0x000001f007e87444: f8ff ff44 | 8b5d 184d 

  0x000001f007e8744c: ; ImmutableOopMap {r11=NarrowOop r9=Oop [48]=Oop [56]=NarrowOop }
                      ;*goto {reexecute=1 rethrow=0 return_oop=0}
                      ; - (reexecute) java.util.Hashtable::get@64 (line 385)
                      ; - com.sun.javafx.text.PrismTextLayout::initCache@21 (line 728)
                      ; - com.sun.javafx.text.PrismTextLayout::layout@1 (line 1060)
                      ;   {poll}
  0x000001f007e8744c: 8b47 3041 | 8500 4585 | db0f 846c | f7ff ff4b | 8d2c dce9 | 7cfa ffff | 660f 1f44 | 0000 660f 
  0x000001f007e8746c: 1f44 0000 | c5fa 1054 | 2450 c5ea | 58c8 c5fa | 114c 2450 | 448b 5424 | 2044 8b4c | 2424 8b4c 
  0x000001f007e8748c: 244c 488b | 5c24 6844 | 8b5c ab10 | 4489 9c24 | 8c00 0000 | 4585 db0f | 846b 2300 | 0049 8b87 
  0x000001f007e874ac: c801 0000 | 4c8b c049 | 83c0 1849 | c1e3 034d | 3b87 d801 | 0000 0f83 | 561e 0000 | 4c89 5c24 
  0x000001f007e874cc: 7048 895c | 2468 894c | 244c 4489 | 4c24 2444 | 8954 2420 | 4d89 87c8 | 0100 0041 | 0f18 8000 
  0x000001f007e874ec: 0100 0048 | c700 0100 | 0000 4c8b | d849 83c3 

  0x000001f007e874fc: ;   {metadata('com/sun/javafx/geom/Point2D')}
  0x000001f007e874fc: 10c7 4008 | 40ec 1b01 | 4489 600c | c5fd efc0 | c4c1 79d6 | 03c5 fa10 | 4424 50c5 | fa11 400c 
  0x000001f007e8751c: c5fa 104c | 2448 c5fa | 1148 1044 | 8b54 2420 | 448b 8424 | 8c00 0000 | 4f8d 5cc4 | 5041 807f 
  0x000001f007e8753c: 4800 0f85 | 9840 0000 | 4589 1345 | 8bca 49c1 | e103 498b | cb49 33c9 | 48c1 e916 | 0f84 1d00 
  0x000001f007e8755c: 0000 498b | cb48 c1e9 | 0949 b900 | 6062 72f0 | 0100 0049 | 03c9 8039 | 020f 85d3 | 4000 0044 
  0x000001f007e8757c: 8b9c 248c | 0000 004b | 8d5c dc54 | 4180 7f48 | 000f 8517 | 4100 004c | 8bc0 49c1 | e803 4489 
  0x000001f007e8759c: 034c 8bd3 | 4c33 d049 | c1ea 160f | 841e 0000 | 004c 8bd3 | 49c1 ea09 | 49b8 0060 | 6272 f001 
  0x000001f007e875bc: 0000 4d03 | d041 803a | 020f 853d | 4100 0048 | 8b54 2470 

  0x000001f007e875d0: ;   {optimized virtual_call}
  0x000001f007e875d0: c5f8 77e8 

  0x000001f007e875d4: ; ImmutableOopMap {[32]=NarrowOop [36]=NarrowOop [48]=Oop [56]=Oop [84]=NarrowOop [88]=Oop [96]=Oop [104]=Oop }
                      ;*invokevirtual getWidth {reexecute=0 rethrow=0 return_oop=0}
                      ; - com.sun.javafx.text.PrismTextLayout::layout@1317 (line 1314)
  0x000001f007e875d4: d879 ffff 

  0x000001f007e875d8: ;   {post_call_nop}
  0x000001f007e875d8: 0f1f 8400 | 500c 0002 | ffc5 3b6c | 244c 0f8c | 84fe ffff | 448b 5424 | 204c 8b5c | 2430 458b 
  0x000001f007e875f8: 433c 448b | 5c24 4441 | ffc3 478b | 44c4 0c45 | 3bd8 0f8c | c011 0000 | 448b 4424 | 54c4 817a 
  0x000001f007e87618: 1044 c418 | c481 7a5c | 4cc4 14c4 | 8172 5c44 | d414 c5fa | 5874 2448 

  0x000001f007e87630: ; ImmutableOopMap {[48]=Oop [56]=Oop }
                      ;*goto {reexecute=1 rethrow=0 return_oop=0}
                      ; - (reexecute) com.sun.javafx.text.PrismTextLayout::layout@1383 (line 1256)
  0x000001f007e87630: 4d8b 5730 

  0x000001f007e87634: ;   {poll}
  0x000001f007e87634: 4185 024c | 8b54 2430 | 418b 5a3c 

  0x000001f007e87640: ; implicit exception: dispatches to 0x000001f007e8a994
  0x000001f007e87640: 458b 54dc | 0c45 3bda | 0f8d 3f07 | 0000 c5fa | 1064 242c | 458b c3e9 | a10b 0000 | 458b ca44 
  0x000001f007e87660: 8b54 2420 | e9f7 0300 | 0049 8bd2 

  0x000001f007e8766c: ;   {optimized virtual_call}
  0x000001f007e8766c: c5f8 77e8 

  0x000001f007e87670: ; ImmutableOopMap {[48]=Oop }
                      ;*invokevirtual getText {reexecute=0 rethrow=0 return_oop=1}
                      ; - com.sun.javafx.text.PrismTextLayout::layout@13 (line 1064)
  0x000001f007e87670: 2c3f c1f8 

  0x000001f007e87674: ;   {post_call_nop}
  0x000001f007e87674: 0f1f 8400 | ec0c 0004 | 4889 4424 | 3841 bb02 | 0000 004c | 8b54 2430 | 4585 5a20 | 0f85 e40d 
  0x000001f007e87694: 0000 498b | d24c 8bc0 

  0x000001f007e8769c: ;   {optimized virtual_call}
  0x000001f007e8769c: c5f8 77e8 

  0x000001f007e876a0: ; ImmutableOopMap {[48]=Oop [56]=Oop }
                      ;*invokevirtual buildRuns {reexecute=0 rethrow=0 return_oop=0}
                      ; - com.sun.javafx.text.PrismTextLayout::layout@42 (line 1070)
  0x000001f007e876a0: fc61 c7f8 

  0x000001f007e876a4: ;   {post_call_nop}
  0x000001f007e876a4: 0f1f 8400 | 1c0d 0005 | 4c8b 5424 | 3045 8b5a | 2041 f6c3 | 100f 8544 | 1000 0045 | 33d2 4c89 
  0x000001f007e876c4: 5424 2841 | 8beb 83e5 | 040f 8535 | 2400 004c | 8b54 2430 | c4c1 7a10 

  0x000001f007e876dc: ;   {section_word}
  0x000001f007e876dc: 4a18 c5f8 | 2e0d 9af3 | ffff 0f87 | df11 0000 | 4181 e300 | 003c 0044 | 895c 2440 | 488b 5424 
  0x000001f007e876fc: 3066 6690 

  0x000001f007e87700: ;   {optimized virtual_call}
  0x000001f007e87700: c5f8 77e8 

  0x000001f007e87704: ; ImmutableOopMap {[40]=Oop [48]=Oop [56]=Oop }
                      ;*invokevirtual isSimpleLayout {reexecute=0 rethrow=0 return_oop=0}
                      ; - com.sun.javafx.text.PrismTextLayout::layout@127 (line 1097)
  0x000001f007e87704: b8dc b1f8 

  0x000001f007e87708: ;   {post_call_nop}
  0x000001f007e87708: 0f1f 8400 | 800d 0006 | 85c0 0f84 | 1110 0000 | 4c8b 5424 | 3045 3b62 | 4c0f 85c8 | 0200 004d 
  0x000001f007e87728: 8b9f c801 | 0000 4d8b | d349 83c2 | 384d 3b97 | d801 0000 | 0f83 6a1c | 0000 4d89 | 97c8 0100 
  0x000001f007e87748: 0041 0f18 | 8200 0100 | 0049 c703 | 0100 0000 | 4d8b d349 

  0x000001f007e8775c: ;   {metadata('com/sun/javafx/text/LayoutCache')}
  0x000001f007e8775c: 83c2 1041 | c743 0800 | 6f30 0145 | 8963 0cc5 | fdef c062 | d1fe 287f | 02c4 c179 | d642 2048 
  0x000001f007e8777c: 8b4c 2430 | 4c8d 514c | 4180 7f48 | 000f 85d0 | 3f00 004d | 8bcb 49c1 | e903 4589 | 0a4d 8bc2 
  0x000001f007e8779c: 4d33 c349 | c1e8 160f | 841e 0000 | 004d 8bc2 | 49c1 e809 | 49b9 0060 | 6272 f001 | 0000 4d03 
  0x000001f007e877bc: c141 8038 | 020f 850a | 4000 004c | 8b54 2438 

  0x000001f007e877cc: ; implicit exception: dispatches to 0x000001f007e8aa54
  0x000001f007e877cc: 458b 520c | 4d63 c24a | 8d1c 8517 | 0000 0048 | 8beb 4883 | e5f8 48c1 | eb03 4883 | c3fe 4181 
  0x000001f007e877ec: fa00 0004 | 000f 870e | 1c00 0049 | 8b97 c801 | 0000 4c8b | c24c 03c5 | 4d3b 87d8 | 0100 000f 
  0x000001f007e8780c: 83f4 1b00 | 004d 8987 | c801 0000 | 410f 1880 | 0001 0000 | 48c7 0201 | 0000 0041 | 0f18 8040 
  0x000001f007e8782c: ;   {metadata({type array int})}
  0x000001f007e8782c: 0100 00c7 | 4208 5847 | 1800 4489 | 520c 410f | 1880 8001 | 0000 488b | fa48 83c7 | 1048 8bcb 
  0x000001f007e8784c: 4833 c048 | 83f9 087f | 1048 ffc9 | 7856 4889 | 04cf 48ff | c97d f7eb | 4bc5 fdef | c0e9 0d00 
  0x000001f007e8786c: 0000 c5fe | 7f07 c5fe | 7f47 2048 | 83c7 4048 | 83e9 087d | ed48 83c1 | 047c 0cc5 | fe7f 0748 
  0x000001f007e8788c: 83c7 2048 | 83e9 0448 | 83c1 047e | 1748 c7c0 | ffff ffff | c4e2 f0f5 | c0c4 e1fb | 92f8 62f1 
  0x000001f007e878ac: fe2f 7f07 | 498d 4b20 | 4c8b ca49 | c1e9 0344 | 8909 4c8b | c14c 33c2 | 49c1 e816 | 0f84 1e00 
  0x000001f007e878cc: 0000 4c8b | c149 c1e8 | 0949 b900 | 6062 72f0 | 0100 004d | 03c1 4180 | 3802 0f85 | 503f 0000 
  0x000001f007e878ec: 4181 fa00 | 0004 000f | 87db 1a00 | 004d 8b8f | c801 0000 | 4d8b c14c | 03c5 4d3b | 87d8 0100 
  0x000001f007e8790c: 000f 83c1 | 1a00 004d | 8987 c801 | 0000 410f | 1880 0001 | 0000 49c7 | 0101 0000 | 0041 0f18 
  0x000001f007e8792c: ;   {other}
  0x000001f007e8792c: 8040 0100 

  0x000001f007e87930: ;   {metadata({type array float})}
  0x000001f007e87930: 0041 c741 | 0858 3f18 | 0045 8951 | 0c41 0f18 | 8080 0100 | 0049 8bf9 | 4883 c710 | 488b cb48 
  0x000001f007e87950: 33c0 4883 | f908 7f10 | 48ff c978 | 5648 8904 | cf48 ffc9 | 7df7 eb4b | c5fd efc0 | e90d 0000 
  0x000001f007e87970: 00c5 fe7f | 07c5 fe7f | 4720 4883 | c740 4883 | e908 7ded | 4883 c104 | 7c0c c5fe | 7f07 4883 
  0x000001f007e87990: c720 4883 | e904 4883 | c104 7e17 | 48c7 c0ff | ffff ffc4 | e2f0 f5c0 | c4e1 fb92 | f862 f1fe 
  0x000001f007e879b0: 2f7f 0749 | 8d4b 244d | 8bc1 49c1 | e803 4489 | 014c 8bd1 | 4d33 d149 | c1ea 160f | 841e 0000 
  0x000001f007e879d0: 004c 8bd1 | 49c1 ea09 | 49b8 0060 | 6272 f001 | 0000 4d03 | d041 803a | 020f 85b8 | 3e00 0049 
  0x000001f007e879f0: 8b87 c801 | 0000 4c8b | d049 83c2 | 184d 3b97 | d801 0000 | 0f83 5a19 | 0000 4d89 | 97c8 0100 
  0x000001f007e87a10: 0041 0f18 | 8200 0100 | 0048 c700 | 0100 0000 

  0x000001f007e87a20: ;   {metadata('java/util/ArrayList')}
  0x000001f007e87a20: c740 08b0 | d421 004c 

  0x000001f007e87a28: ;   {oop(a 'java/lang/Object'[0] {0x000000060b448788})}
  0x000001f007e87a28: 8960 0cc7 | 4014 f190 | 68c1 4889 | 4424 484c | 8b54 2430 | 458b 520c | 4585 d27f | 0f33 ed45 
  0x000001f007e87a48: 33d2 4489 | 5424 20e9 | 0b01 0000 | c5e8 57d2 | 4533 d233 | db45 33c9 | 4c8b 5c24 | 3041 8b6b 
  0x000001f007e87a68: 4045 8b5c | ec0c 413b | db0f 8353 | 1d00 0044 | 894c 2458 | 4489 5424 | 50c5 fa11 | 5424 444d 
  0x000001f007e87a88: 8d14 ec41 | 8b6c 9a10 | 895c 2454 | 4c8b c549 | c1e0 0348 | 8b54 2430 | 4c8b 4c24 | 3848 8b7c 
  0x000001f007e87aa8: 2428 6690 

  0x000001f007e87aac: ;   {optimized virtual_call}
  0x000001f007e87aac: c5f8 77e8 

  0x000001f007e87ab0: ; ImmutableOopMap {rbp=NarrowOop [40]=Oop [48]=Oop [56]=Oop [72]=Oop }
                      ;*invokevirtual shape {reexecute=0 rethrow=0 return_oop=0}
                      ; - com.sun.javafx.text.PrismTextLayout::layout@225 (line 1113)
  0x000001f007e87ab0: fcc9 fbff 

  0x000001f007e87ab4: ;   {post_call_nop}
  0x000001f007e87ab4: 0f1f 8400 | 2c11 0007 | 448b c541 | 8b6c ec2c | 83e5 010f | 85e3 1f00 | 0044 8944 | 245c 4f8d 
  0x000001f007e87ad4: 14c4 4c89 | 5424 2049 | 8bd2 6690 

  0x000001f007e87ae0: ;   {optimized virtual_call}
  0x000001f007e87ae0: c5f8 77e8 

  0x000001f007e87ae4: ; ImmutableOopMap {[32]=Oop [40]=Oop [48]=Oop [56]=Oop [72]=Oop [92]=NarrowOop }
                      ;*invokevirtual getWidth {reexecute=0 rethrow=0 return_oop=0}
                      ; - com.sun.javafx.text.PrismTextLayout::layout@260 (line 1119)
  0x000001f007e87ae4: c874 ffff 

  0x000001f007e87ae8: ;   {post_call_nop}
  0x000001f007e87ae8: 0f1f 8400 | 6011 0008 | c5fa 1144 | 2460 4c8b | 5424 30c4 | c17a 1042 | 18c5 fa10 | 4c24 44c5 
  0x000001f007e87b08: f258 5424 | 608b 5c24 

  0x000001f007e87b10: ;   {section_word}
  0x000001f007e87b10: 54ff c3c5 | f82e 0565 | efff ff0f | 8790 0900 | 004c 8b54 | 2420 8b74 | 2450 41b8 | 0600 0000 
  0x000001f007e87b30: 4585 422c | 0f85 2b0c | 0000 448b | 5424 5889 | 7424 204d 

  0x000001f007e87b44: ; ImmutableOopMap {[40]=Oop [48]=Oop [56]=Oop [72]=Oop }
                      ;*goto {reexecute=1 rethrow=0 return_oop=0}
                      ; - (reexecute) com.sun.javafx.text.PrismTextLayout::layout@824 (line 1111)
                      ;   {poll}
  0x000001f007e87b44: 8b5f 3041 | 8503 4c8b | 5c24 3045 | 8b5b 0c41 | 3bdb 0f8c | 00fb ffff | 418b ea4c | 8b54 2428 
  0x000001f007e87b64: 4d85 d20f | 85db 0b00 | 004c 8b54 | 2430 458b | 4a0c 41ff | c948 8b54 | 2430 448b | 4424 208b 
  0x000001f007e87b84: fd66 6690 

  0x000001f007e87b88: ;   {optimized virtual_call}
  0x000001f007e87b88: c5f8 77e8 

  0x000001f007e87b8c: ; ImmutableOopMap {[48]=Oop [56]=Oop [72]=Oop }
                      ;*invokevirtual createLine {reexecute=0 rethrow=0 return_oop=1}
                      ; - com.sun.javafx.text.PrismTextLayout::layout@848 (line 1241)
  0x000001f007e87b8c: 3040 b1f8 

  0x000001f007e87b90: ;   {post_call_nop}
  0x000001f007e87b90: 0f1f 8400 | 0812 000a | 488b 5424 | 484c 8bc0 

  0x000001f007e87ba0: ;   {optimized virtual_call}
  0x000001f007e87ba0: c5f8 77e8 

  0x000001f007e87ba4: ; ImmutableOopMap {[48]=Oop [56]=Oop [72]=Oop }
                      ;*invokevirtual add {reexecute=0 rethrow=0 return_oop=0}
                      ; - com.sun.javafx.text.PrismTextLayout::layout@851 (line 1241)
  0x000001f007e87ba4: 68f1 d8ff 

  0x000001f007e87ba8: ;   {post_call_nop}
  0x000001f007e87ba8: 0f1f 8400 | 2012 000b | 4c8b 5424 | 4841 8b5a | 1081 fb00 | 0004 000f | 87c0 1700 | 004d 8b87 
  0x000001f007e87bc8: c801 0000 | 448b d34d | 63d2 4a8d | 0c95 1700 | 0000 4c8b | d149 83e2 | f84d 8bd8 | 4d03 da4d 
  0x000001f007e87be8: 3b9f d801 | 0000 0f83 | 9117 0000 | 4d89 9fc8 | 0100 0049 | 8bf8 4883 | c710 49c7 | 0001 0000 
  0x000001f007e87c08: 0041 0f18 | 8300 0100 

  0x000001f007e87c10: ;   {metadata('com/sun/javafx/text/TextLine'[])}
  0x000001f007e87c10: 0041 c740 | 08a8 3930 | 0141 8958 | 0c41 0f18 | 8340 0100 | 0041 0f18 | 8380 0100 | 0048 c1e9 
  0x000001f007e87c30: 0348 83c1 | fe48 33c0 | 4883 f908 | 7f10 48ff | c978 5648 | 8904 cf48 | ffc9 7df7 | eb4b c5fd 
  0x000001f007e87c50: efc0 e90d | 0000 00c5 | fe7f 07c5 | fe7f 4720 | 4883 c740 | 4883 e908 | 7ded 4883 | c104 7c0c 
  0x000001f007e87c70: c5fe 7f07 | 4883 c720 | 4883 e904 | 4883 c104 | 7e17 48c7 | c0ff ffff | ffc4 e2f0 | f5c0 c4e1 
  0x000001f007e87c90: fb92 f862 | f1fe 2f7f | 0748 8b4c | 2430 4c8d | 513c 4180 | 7f48 000f | 8551 3c00 | 004d 8bd8 
  0x000001f007e87cb0: 49c1 eb03 | 4589 1a4d | 8bca 4d33 | c849 c1e9 | 160f 841e | 0000 004d | 8bca 49c1 | e909 49bb 
  0x000001f007e87cd0: 0060 6272 | f001 0000 | 4d03 cb41 | 8039 020f | 8581 3c00 | 0048 8b54 | 2448 6690 

  0x000001f007e87cec: ;   {optimized virtual_call}
  0x000001f007e87cec: c5f8 77e8 

  0x000001f007e87cf0: ; ImmutableOopMap {[48]=Oop [56]=Oop }
                      ;*invokevirtual toArray {reexecute=0 rethrow=0 return_oop=1}
                      ; - com.sun.javafx.text.PrismTextLayout::layout@873 (line 1243)
  0x000001f007e87cf0: 1ca7 dbff 

  0x000001f007e87cf4: ;   {post_call_nop}
  0x000001f007e87cf4: 0f1f 8400 | 6c13 000c | 4c8b 5424 | 30c4 c17a | 1042 10c4 | c17a 1052 | 18c4 e369 | 4ac8 00c4 
  0x000001f007e87d14: e379 4ada | 00c5 f05f | e3c5 f0c2 | d903 c4e3 | 594a c130 | c5fa 1144 | 2428 488b | 5424 3090 
  0x000001f007e87d34: ;   {optimized virtual_call}
  0x000001f007e87d34: c5f8 77e8 

  0x000001f007e87d38: ; ImmutableOopMap {[48]=Oop [56]=Oop }
                      ;*invokevirtual isMirrored {reexecute=0 rethrow=0 return_oop=0}
                      ; - com.sun.javafx.text.PrismTextLayout::layout@894 (line 1248)
  0x000001f007e87d38: 544d 0a00 

  0x000001f007e87d3c: ;   {post_call_nop}
  0x000001f007e87d3c: 0f1f 8400 | b413 000d | 85c0 0f85 | dc1d 0000 | 448b 5424 | 4041 81fa | 0000 1000 | 0f84 ea1d 
  0x000001f007e87d5c: 0000 458b | da41 81fb | 0000 0800 | 0f84 b414 | 0000 c5d8 | 57e4 4c8b | 5424 3041 | 8b5a 3c45 
  0x000001f007e87d7c: 8b5c dc0c | 4585 db0f | 876d 0400 | 00c5 c857 | f645 8b54 | dc0c 4585 | d20f 86ee | 1b00 0045 
  0x000001f007e87d9c: 8b54 dc10 

  0x000001f007e87da0: ; implicit exception: dispatches to 0x000001f007e8a9e4
  0x000001f007e87da0: 478b 5cd4 | 24c4 817a | 104c dc14 | 4c8b 5424 | 30c4 c17a | 1172 14c4 | c17a 105a | 1041 8b6a 
  0x000001f007e87dc0: 44c5 ca58 | e145 8b54 

  0x000001f007e87dc8: ;   {metadata('com/sun/javafx/geom/RectBounds')}
  0x000001f007e87dc8: ec08 4181 | fac0 b80e | 010f 85d1 | 1b00 0049 | 8d14 ecc5 | f857 c0c5 | e857 d2c5 | d057 ed90 
  0x000001f007e87de8: ;   {optimized virtual_call}
  0x000001f007e87de8: c5f8 77e8 

  0x000001f007e87dec: ; ImmutableOopMap {[48]=Oop [56]=Oop }
                      ;*invokevirtual deriveWithNewBounds {reexecute=0 rethrow=0 return_oop=1}
                      ; - com.sun.javafx.text.PrismTextLayout::layout@1427 (line 1324)
  0x000001f007e87dec: 401c fcff 

  0x000001f007e87df0: ;   {post_call_nop}
  0x000001f007e87df0: 0f1f 8400 | 6814 000e | 4c8b 5424 | 3045 8b4a | 4c48 8b4c | 2430 4c8d | 4144 4180 | 7f48 000f 
  0x000001f007e87e10: 85b2 3b00 | 004c 8bd0 | 49c1 ea03 | 4589 104d | 8bd8 4c33 | d849 c1eb | 160f 8428 | 0000 0048 
  0x000001f007e87e30: 83f8 000f | 841e 0000 | 004d 8bd8 | 49c1 eb09 | 49ba 0060 | 6272 f001 | 0000 4d03 | da41 803b 
  0x000001f007e87e50: 020f 85ec | 3b00 0045 | 85c9 0f84 | 54f0 ffff | 443b 6138 | 0f84 8103 | 0000 470f | b65c cc1c 
  0x000001f007e87e70: 4585 db0f | 8572 0300 | 0048 8b54 | 2430 6690 

  0x000001f007e87e80: ;   {optimized virtual_call}
  0x000001f007e87e80: c5f8 77e8 

  0x000001f007e87e84: ; ImmutableOopMap {[48]=Oop [56]=Oop }
                      ;*invokevirtual copyCache {reexecute=0 rethrow=0 return_oop=0}
                      ; - com.sun.javafx.text.PrismTextLayout::layout@1458 (line 1329)
  0x000001f007e87e84: a81f f8ff 

  0x000001f007e87e88: ;   {post_call_nop}
  0x000001f007e87e88: 0f1f 8400 | 0015 000f | 4c8b 5424 | 3045 8b4a | 4c85 c00f | 85ac 1300 | 0041 8b6a | 3045 85c9 
  0x000001f007e87ea8: 0f84 361b | 0000 c4c1 | 7a10 4a14 | c481 7a11 | 4ccc 18c4 | c17a 1042 | 10c4 817a | 1144 cc14 
  0x000001f007e87ec8: 418b 7a3c | 458b 4220 | 458b 520c | 4789 54cc | 104c 8b54 | 2430 418b | 5a40 458b | 5a28 4181 
  0x000001f007e87ee8: e0ff 0700 | 0047 8944 | cc0c 4f8d | 54cc 2841 | 807f 4800 | 0f85 ac3b | 0000 4589 | 1a45 8bc3 
  0x000001f007e87f08: 49c1 e003 | 498b ca49 | 33c8 48c1 | e916 0f84 | 2700 0000 | 4983 f800 | 0f84 1d00 | 0000 498b 
  0x000001f007e87f28: ca48 c1e9 | 0949 b800 | 6062 72f0 | 0100 0049 | 03c8 8039 | 020f 85fb | 3b00 004f | 8d54 cc2c 
  0x000001f007e87f48: 4180 7f48 | 000f 8565 | 3c00 0041 | 892a 448b | ed49 c1e5 | 0349 8bf2 | 4933 f548 | c1ee 160f 
  0x000001f007e87f68: 8427 0000 | 0049 83fd | 000f 841d | 0000 0049 | 8bf2 48c1 | ee09 49bd | 0060 6272 

  0x000001f007e87f84: ;   {other}
  0x000001f007e87f84: f001 0000 | 4903 f580 | 3e02 0f85 | be3c 0000 | 4f8d 54cc | 3441 807f | 4800 0f85 | 403d 0000 
  0x000001f007e87fa4: 4189 3a8b | f748 c1e6 | 0349 8bd2 | 4833 d648 | c1ea 160f | 8427 0000 | 0048 83fe | 000f 841d 
  0x000001f007e87fc4: 0000 0049 | 8bd2 48c1 | ea09 48be | 0060 6272 | f001 0000 | 4803 d680 | 3a02 0f85 | 9a3d 0000 
  0x000001f007e87fe4: 4f8d 5ccc | 3041 807f | 4800 0f85 | 113e 0000 | 4189 1b8b | cb48 c1e1 | 034d 8bd3 | 4c33 d149 
  0x000001f007e88004: c1ea 160f | 8428 0000 | 0048 83f9 | 000f 841e | 0000 004d | 8bd3 49c1 | ea09 48b9 | 0060 6272 
  0x000001f007e88024: f001 0000 | 4c03 d141 | 803a 020f | 853f 3e00 

  0x000001f007e88034: ;   {oop(a 'java/lang/Object'{0x000000060c0ccec8})}
  0x000001f007e88034: 0049 bac8 | ce0c 0c06 | 0000 0048 | 8d9c 24b0 | 0000 004d | 8b02 418b | 9fd8 0600 | 0041 f6c0 
  0x000001f007e88054: 020f 8537 | 0000 0081 | fb27 0700 | 000f 8f4b | 0000 004d | 3b54 1ff8 | 7416 498b | c048 83c8 
  0x000001f007e88074: 0149 83e0 | fef0 4d0f | b102 0f85 | 2e00 0000 | 4d89 141f | 4183 87d8 | 0600 0008 | eb1e 4833 
  0x000001f007e88094: c049 8b9f | c804 0000 | f049 0fb1 | 583e 740c | 483b d875 | 0949 ff80 | 8600 0000 | 33c0 0f85 
  0x000001f007e880b4: 4419 0000 | 4c8b 5424 | 3845 8b42 

  0x000001f007e880c0: ;   {oop(a 'java/lang/Class'{0x000000060c0cce28} = 'com/sun/javafx/text/PrismTextLayout')}
  0x000001f007e880c0: 0c49 ba28 | ce0c 0c06 | 0000 0041 | 8baa 9400 | 0000 4103 | e881 fd00 | 0001 000f | 8f8f 1a00 
  0x000001f007e880e0: 0041 8be8 | 4c8b 5424 | 3045 8b5a | 4c45 8b52 | 384d 8bcb | 49c1 e103 | 4d8b c249 

  0x000001f007e880fc: ;   {oop(a 'java/util/Hashtable'{0x000000060c0cced8})}
  0x000001f007e880fc: c1e0 0348 | bad8 ce0c | 0c06 0000 | 0066 6690 

  0x000001f007e8810c: ;   {optimized virtual_call}
  0x000001f007e8810c: c5f8 77e8 

  0x000001f007e88110: ; ImmutableOopMap {[48]=Oop }
                      ;*invokevirtual put {reexecute=0 rethrow=0 return_oop=1}
                      ; - com.sun.javafx.text.PrismTextLayout::layout@1600 (line 1349)
  0x000001f007e88110: 0c83 86f8 

  0x000001f007e88114: ;   {post_call_nop}
  0x000001f007e88114: 0f1f 8400 | 8c17 0010 

  0x000001f007e8811c: ;   {oop(a 'java/lang/Class'{0x000000060c0cce28} = 'com/sun/javafx/text/PrismTextLayout')}
  0x000001f007e8811c: 49ba 28ce | 0c0c 0600 | 0000 458b | 9a94 0000 | 0044 03dd | 4589 9a94 

  0x000001f007e88134: ;   {oop(a 'java/lang/Object'{0x000000060c0ccec8})}
  0x000001f007e88134: 0000 0049 | bbc8 ce0c | 0c06 0000 | 0048 8d84 | 24b0 0000 | 0041 8b87 | d806 0000 | 4d8b 134d 
  0x000001f007e88154: 3b5c 07f8 | 0f85 2e00 | 0000 4183 | afd8 0600 | 0008 4d3b | 5c07 f00f | 845f 0000 | 0049 8bc2 
  0x000001f007e88174: 4883 e0fc | 4983 ca01 | f04d 0fb1 | 130f 852d | 4000 00e9 | 4400 0000 | 4983 ba86 | 0000 0000 
  0x000001f007e88194: 7533 49c7 | 423e 0000 | 0000 f083 | 4424 c000 | 4983 ba8e | 0000 0000 | 7422 4983 | ba9e 0000 
  0x000001f007e881b4: 0000 7518 | 4983 e2fd | 4d89 97e8 | 0500 0041 | 83ca 01eb | 0a49 ff8a | 8600 0000 | 4533 d20f 
  0x000001f007e881d4: 854c 1800 | 004c 8b54 | 2430 458b | 4a4c 4585 | c90f 846b | 1000 0043 | c644 cc1c | 01e9 beec 
  0x000001f007e881f4: ffff 4533 | c0c5 c857 | f645 8b5c | dc0c 453b | c30f 83b5 | 1600 004d | 8d14 dc43 | 8b5c 8210 
  0x000001f007e88214: ; implicit exception: dispatches to 0x000001f007e8a898
  0x000001f007e88214: 418b 7cdc | 2441 8b6c | dc18 c4c1 | 7a10 44fc | 10c4 c17a | 5c54 fc0c | 4c8b 5424 | 30c4 c17a 
  0x000001f007e88234: ;   {other}
  0x000001f007e88234: 104a 18c5 | fa10 6c24 | 28c5 d25c | dac5 e259 | dcc4 c17a | 115c fc0c | c5e2 58c0 | c4c1 7a11 
  0x000001f007e88254: ;   {section_word}
  0x000001f007e88254: 44fc 10c5 | f82e 0d21 | e8ff ff0f | 879d 0200 | 004d 8d14 | fc4d 8d0c | dc41 bb08 | 0000 0048 
  0x000001f007e88274: 8b4c 2430 | 4485 5920 | 0f85 a905 | 0000 895c | 2450 897c | 2454 4c89 | 4c24 604c | 8954 2458 
  0x000001f007e88294: c5fa 115c | 2420 c5fa | 1174 2448 | 4489 4424 | 44c5 fa11 | 6424 2cc5 | fa11 6c24 | 2848 8b54 
  0x000001f007e882b4: 2430 4d8b | c166 6690 

  0x000001f007e882bc: ;   {optimized virtual_call}
  0x000001f007e882bc: c5f8 77e8 

  0x000001f007e882c0: ; ImmutableOopMap {[48]=Oop [56]=Oop [80]=NarrowOop [84]=NarrowOop [88]=Oop [96]=Oop }
                      ;*invokevirtual computeSideBearings {reexecute=0 rethrow=0 return_oop=0}
                      ; - com.sun.javafx.text.PrismTextLayout::layout@1265 (line 1305)
  0x000001f007e882c0: 9c5f b1f8 

  0x000001f007e882c4: ;   {post_call_nop}
  0x000001f007e882c4: 0f1f 8400 | 3c19 0011 | 448b 5424 | 5047 8b4c | d420 438b | 4ccc 0c85 | c90f 860e | f3ff ff44 
  0x000001f007e882e4: 8d41 ff44 | 3bc1 0f83 | 7117 0000 | 4b8d 1ccc | c5fa 104c | 2420 c5fa | 114c 2450 | 33ed e98c 
  0x000001f007e88304: f1ff ff41 | 8b4a 4441 | 8b6b 4445 | 0fbe 54cc | 103b cd0f | 843a 0100 | 0041 0fbe | 5cec 1044 
  0x000001f007e88324: 3bd3 0f85 | 6018 0000 | 458b 54ec | 1445 8b5c | cc14 438b | 7cd4 0c43 | 8b4c dc0c | 3bcf 0f85 
  0x000001f007e88344: 4418 0000 | 4b8d 1cd4 | 4b8d 74d4 | 104f 8d14 | dc4b 8d7c | dc10 85c9 | 0f84 dc00 | 0000 8bc1 
  0x000001f007e88364: 83e0 1f83 | e1e0 0f84 | 5200 0000 | 488d 3c0f | 488d 340e | 48f7 d9c5 | fe6f 0c0f | c5fe 6f14 
  0x000001f007e88384: 0ec5 f5ef | cac4 e27d | 17c9 0f85 | b100 0000 | 4883 c120 | 75e1 85c0 | 0f84 9c00 | 0000 c5fe 
  0x000001f007e883a4: 6f4c 07e0 | c5fe 6f54 | 06e0 c5f5 | efca c4e2 | 7d17 c90f | 8588 0000 | 00e9 7c00 

  0x000001f007e883c0: ;   {other}
  0x000001f007e883c0: 0000 8bc8 | 83e0 0f83 | e1f0 0f84 | 2a00 0000 | 488d 3c0f | 488d 340e | 48f7 d9c5 | fa6f 0c0f 
  0x000001f007e883e0: c5fa 6f14 | 0ec5 f1ef | cac4 e279 | 17c9 0f85 | 5100 0000 | 4883 c110 | 75e1 8bc8 | 83e1 fc74 
  0x000001f007e88400: 1948 8d3c | 0f48 8d34 | 0e48 f7d9 | 8b1c 0f3b | 1c0e 7531 | 4883 c104 | 75f2 a802 | 7412 0fb7 
  0x000001f007e88420: 1f0f b70e | 3bd9 751d | 488d 7f02 | 488d 7602 | a801 740a | 0fb6 1f0f | b60e 3bd9 | 7507 b801 
  0x000001f007e88440: 0000 00eb | 0233 c0c5 | f5ef c9c5 | edef d285 | c00f 8435 | 1700 00b8 | 0100 0000 | e9d0 edff 
  0x000001f007e88460: ff85 d20f | 843c eaff | ff4c 8bd2 | 49c1 e203 | 4c89 5424 | 38e9 22e8 | ffff 498b | d248 8bea 
  0x000001f007e88480: ;   {optimized virtual_call}
  0x000001f007e88480: c5f8 77e8 

  0x000001f007e88484: ; ImmutableOopMap {rbp=Oop [48]=Oop [56]=Oop }
                      ;*invokevirtual isSimpleLayout {reexecute=0 rethrow=0 return_oop=0}
                      ; - com.sun.javafx.text.PrismTextLayout::layout@27 (line 1067)
  0x000001f007e88484: 38cf b1f8 

  0x000001f007e88488: ;   {post_call_nop}
  0x000001f007e88488: 0f1f 8400 | 001b 0012 | 85c0 0f84 | f417 0000 | 488b d590 

  0x000001f007e8849c: ;   {optimized virtual_call}
  0x000001f007e8849c: c5f8 77e8 

  0x000001f007e884a0: ; ImmutableOopMap {rbp=Oop [48]=Oop [56]=Oop }
                      ;*invokevirtual reuseRuns {reexecute=0 rethrow=0 return_oop=0}
                      ; - com.sun.javafx.text.PrismTextLayout::layout@34 (line 1068)
  0x000001f007e884a0: 6a3e 0000 

  0x000001f007e884a4: ;   {post_call_nop}
  0x000001f007e884a4: 0f1f 8400 | 1c1b 0013 | e9fb f1ff | ffc5 f82e | d077 0e4c | 8b54 2420 | 8b74 2450 | e965 f6ff 
  0x000001f007e884c4: ff8b ebc5 | fa11 5424 | 6448 8b54 | 2420 6690 

  0x000001f007e884d4: ;   {optimized virtual_call}
  0x000001f007e884d4: c5f8 77e8 

  0x000001f007e884d8: ; ImmutableOopMap {[32]=Oop [40]=Oop [48]=Oop [56]=Oop [72]=Oop [92]=NarrowOop }
                      ;*invokevirtual isLinebreak {reexecute=0 rethrow=0 return_oop=0}
                      ; - com.sun.javafx.text.PrismTextLayout::layout@289 (line 1120)
  0x000001f007e884d8: 046d 62ff 

  0x000001f007e884dc: ;   {post_call_nop}
  0x000001f007e884dc: 0f1f 8400 | 541b 0014 | 85c0 0f84 | bd04 0000 | 4c8b 5424 | 208b 7424 | 50c5 fa10 | 5424 648b 
  0x000001f007e884fc: dde9 28f6 | ffff 448b | 5424 4041 | 81fa 0000 | 2000 0f85 | 51fd ffff | ba45 ffff | ff48 8b74 
  0x000001f007e8851c: 2430 4889 | 7424 2048 | 8b74 2438 | 4889 7424 | 28c5 fa11 | 6c24 34c5 | fa11 7424 | 38c5 fa11 
  0x000001f007e8853c: 6424 3c44 | 8944 2444 | 895c 2448 | 897c 244c | c5fa 115c | 2450 6690 

  0x000001f007e88554: ;   {runtime_call UncommonTrapBlob}
  0x000001f007e88554: c5f8 77e8 

  0x000001f007e88558: ; ImmutableOopMap {[32]=Oop [40]=Oop [72]=NarrowOop [76]=NarrowOop }
                      ;*if_icmpne {reexecute=1 rethrow=0 return_oop=0}
                      ; - (reexecute) com.sun.javafx.text.PrismTextLayout::layout@1010 (line 1266)
  0x000001f007e88558: 84b8 70ff 

  0x000001f007e8855c: ;   {post_call_nop}
  0x000001f007e8855c: 0f1f 8400 | d41b 0015 | 413b ee0f | 8538 e9ff | ff41 81fd | 0000 0400 | 0f87 1b10 | 0000 4d8b 
  0x000001f007e8857c: 97c8 0100 | 0045 8bdd | 4d63 db4a | 8d0c 9d17 | 0000 004c | 8bd9 4983 | e3f8 4d8b | c24d 03c3 
  0x000001f007e8859c: 4d3b 87d8 | 0100 000f | 83ec 0f00 | 004d 8987 | c801 0000 | 410f 1880 | 0001 0000 | 49c7 0201 
  0x000001f007e885bc: 0000 0041 | 0f18 8040 

  0x000001f007e885c4: ;   {metadata('com/sun/javafx/text/TextRun'[])}
  0x000001f007e885c4: 0100 0041 | c742 0800 | 6d30 0145 | 896a 0c41 | 0f18 8080 | 0100 0049 | 8bfa 4883 | c710 48c1 
  0x000001f007e885e4: e903 4883 | c1fe 4833 | c048 83f9 | 087f 1048 | ffc9 7856 | 4889 04cf | 48ff c97d | f7eb 4bc5 
  0x000001f007e88604: fdef c0e9 | 0d00 0000 | c5fe 7f07 | c5fe 7f47 | 2048 83c7 | 4048 83e9 | 087d ed48 | 83c1 047c 
  0x000001f007e88624: 0cc5 fe7f | 0748 83c7 | 2048 83e9 | 0448 83c1 | 047e 1748 | c7c0 ffff | ffff c4e2 | f0f5 c0c4 
  0x000001f007e88644: e1fb 92f8 | 62f1 fe2f | 7f07 488b | 4c24 304c | 8d59 4041 | 807f 4800 | 0f85 7d38 | 0000 4d8b 
  0x000001f007e88664: c249 c1e8 | 0345 8903 | 4d8b cb4d | 33ca 49c1 | e916 0f84 | 1e00 0000 | 4d8b cb49 | c1e9 0949 
  0x000001f007e88684: b800 6062 | 72f0 0100 | 004d 03c8 | 4180 3902 | 0f85 b738 | 0000 458b | 5cec 0c45 | 3bdd 0f82 
  0x000001f007e886a4: be15 0000 | 4585 ed0f | 8cb5 1500 | 0045 85ed | 0f84 ebe7 | ffff 4983 | c210 4d63 | c54d 8d1c 
  0x000001f007e886c4: ;   {other}
  0x000001f007e886c4: ec49 8d4c | ec10 498b | d2c5 f877 

  0x000001f007e886d0: ;   {runtime_call Stub::oop_disjoint_arraycopy}
  0x000001f007e886d0: 49ba 202b | 4907 f001 | 0000 41ff 

  0x000001f007e886dc: ;   {post_call_nop}
  0x000001f007e886dc: d20f 1f84 | 0000 0000 | 00e9 bbe7 | ffff 85d2 | 0f84 b3e7 | ffff 4c8b | d249 c1e2 | 034c 8954 
  0x000001f007e886fc: 2438 e999 | e5ff ff49 | 8bea 6690 

  0x000001f007e88708: ;   {static_call}
  0x000001f007e88708: c5f8 77e8 

  0x000001f007e8870c: ; ImmutableOopMap {rbp=Oop [48]=Oop [56]=Oop }
                      ;*invokestatic getInstance {reexecute=0 rethrow=0 return_oop=1}
                      ; - com.sun.javafx.text.PrismTextLayout::layout@57 (line 1075)
  0x000001f007e8870c: 7047 c7f8 

  0x000001f007e88710: ;   {post_call_nop}
  0x000001f007e88710: 0f1f 8400 | 881d 0016 | 448b 5520 | 458b da48 | 8944 2428 | e99e efff | ff4d 33db | 488b 4c24 
  0x000001f007e88730: 304c 8d49 | 4c41 807f | 4800 0f85 | 7c38 0000 | 4589 19e9 | a7f2 ffff | 488b 5424 | 2866 6690 
  0x000001f007e88750: ;   {optimized virtual_call}
  0x000001f007e88750: c5f8 77e8 

  0x000001f007e88754: ; ImmutableOopMap {[48]=Oop [56]=Oop [72]=Oop }
                      ;*invokevirtual dispose {reexecute=0 rethrow=0 return_oop=0}
                      ; - com.sun.javafx.text.PrismTextLayout::layout@832 (line 1239)
  0x000001f007e88754: 4844 c7f8 

  0x000001f007e88758: ;   {post_call_nop}
  0x000001f007e88758: 0f1f 8400 | d01d 0017 | e908 f4ff | ff89 5c24 | 2048 8b6c | 2430 488b | 5424 3044 | 8bc6 448b 
  0x000001f007e88778: 4c24 548b | 7c24 5890 

  0x000001f007e88780: ;   {optimized virtual_call}
  0x000001f007e88780: c5f8 77e8 

  0x000001f007e88784: ; ImmutableOopMap {rbp=Oop [40]=Oop [56]=Oop [72]=Oop }
                      ;*invokevirtual createLine {reexecute=0 rethrow=0 return_oop=1}
                      ; - com.sun.javafx.text.PrismTextLayout::layout@789 (line 1232)
  0x000001f007e88784: 586a 62ff 

  0x000001f007e88788: ;   {post_call_nop}
  0x000001f007e88788: 0f1f 8400 | 001e 0018 | 4889 4424 | 3048 8b54 | 2448 4c8b | c066 6690 

  0x000001f007e887a0: ;   {optimized virtual_call}
  0x000001f007e887a0: c5f8 77e8 

  0x000001f007e887a4: ; ImmutableOopMap {rbp=Oop [40]=Oop [48]=Oop [56]=Oop [72]=Oop }
                      ;*invokevirtual add {reexecute=0 rethrow=0 return_oop=0}
                      ; - com.sun.javafx.text.PrismTextLayout::layout@798 (line 1233)
  0x000001f007e887a4: 386a 62ff 

  0x000001f007e887a8: ;   {post_call_nop}
  0x000001f007e887a8: 0f1f 8400 | 201e 0019 | 448b 5424 | 584c 8b5c | 2430 4503 | 531c c5e8 | 57d2 4889 | 6c24 308b 
  0x000001f007e887c8: 5c24 20e9 | 73f3 ffff | 4489 5c24 | 2048 8b6c | 2430 488b | 5424 5890 

  0x000001f007e887e0: ;   {optimized virtual_call}
  0x000001f007e887e0: c5f8 77e8 

  0x000001f007e887e4: ; ImmutableOopMap {rbp=Oop [56]=Oop }
                      ;*invokevirtual getHeight {reexecute=0 rethrow=0 return_oop=0}
                      ; - com.sun.javafx.text.PrismTextLayout::layout@1347 (line 1317)
  0x000001f007e887e4: f869 62ff 

  0x000001f007e887e8: ;   {post_call_nop}
  0x000001f007e887e8: 0f1f 8400 | 601e 001a | c5fa 5844 | 2448 4889 | 6c24 30c5 | fa58 4d1c | c5fa 106c | 2448 c4e3 
  0x000001f007e88808: 714a dd50 | c4e3 514a | c150 c5e0 | 5fd0 c5e0 | c2c3 03c4 | e369 4af3 | 0044 8b5c | 2420 e905 
  0x000001f007e88828: eeff ff4c | 894c 2468 | 4c89 5424 | 60c5 fa11 | 5c24 5889 | 7c24 5489 | 5c24 50c5 | fa11 7424 
  0x000001f007e88848: 4c44 8944 | 2448 c5fa | 1164 2444 | 4889 4424 | f88b 4424 | 2889 4424 | 2c48 8b44 | 24f8 4c8b 
  0x000001f007e88868: 5424 384c | 8954 2420 | 488b 6c24 | 3048 8b54 | 2430 4d8b | c166 6690 

  0x000001f007e88880: ;   {optimized virtual_call}
  0x000001f007e88880: c5f8 77e8 

  0x000001f007e88884: ; ImmutableOopMap {rbp=Oop [32]=Oop [80]=NarrowOop [84]=NarrowOop [96]=Oop [104]=Oop }
                      ;*invokevirtual reorderLine {reexecute=0 rethrow=0 return_oop=0}
                      ; - com.sun.javafx.text.PrismTextLayout::layout@1259 (line 1302)
  0x000001f007e88884: c23a 0000 

  0x000001f007e88888: ;   {post_call_nop}
  0x000001f007e88888: 0f1f 8400 | 001f 001b | 4889 6c24 | 304c 8b54 | 2420 4c89 | 5424 38c5 | fa10 6c24 | 2cc5 fa10 
  0x000001f007e888a8: 6424 4444 | 8b44 2448 | c5fa 1074 | 244c c5fa | 105c 2458 | 4c8b 5424 | 604c 8b4c | 2468 e9bf 
  0x000001f007e888c8: f9ff ff41 | f6c3 500f | 8417 eeff | ff48 8b6c | 2430 6690 

  0x000001f007e888dc: ;   {static_call}
  0x000001f007e888dc: c5f8 77e8 

  0x000001f007e888e0: ; ImmutableOopMap {rbp=Oop [40]=Oop [56]=Oop }
                      ;*invokestatic getLineInstance {reexecute=0 rethrow=0 return_oop=1}
                      ; - com.sun.javafx.text.PrismTextLayout::layout@99 (line 1086)
  0x000001f007e888e0: fc72 62ff 

  0x000001f007e888e4: ;   {post_call_nop}
  0x000001f007e888e4: 0f1f 8400 | 5c1f 001c | ba45 0200 | 004c 8b5c | 2438 4c89 | 5c24 2048 | 8944 2438 

  0x000001f007e88900: ;   {runtime_call UncommonTrapBlob}
  0x000001f007e88900: c5f8 77e8 

  0x000001f007e88904: ; ImmutableOopMap {rbp=Oop [32]=Oop [40]=Oop [56]=Oop }
                      ;*new {reexecute=0 rethrow=0 return_oop=0}
                      ; - com.sun.javafx.text.PrismTextLayout::layout@106 (line 1087)
  0x000001f007e88904: d8b4 70ff 

  0x000001f007e88908: ;   {post_call_nop}
  0x000001f007e88908: 0f1f 8400 | 801f 001d | 488b 6c24 | 3066 6690 

  0x000001f007e88918: ;   {optimized virtual_call}
  0x000001f007e88918: c5f8 77e8 

  0x000001f007e8891c: ; ImmutableOopMap {rbp=Oop [48]=Oop }
                      ;*invokevirtual makeEmpty {reexecute=0 rethrow=0 return_oop=1}
                      ; - com.sun.javafx.geom.RectBounds::deriveWithNewBounds@22 (line 229)
                      ; - com.sun.javafx.text.PrismTextLayout::initCache@271 (line 758)
                      ; - com.sun.javafx.text.PrismTextLayout::layout@1 (line 1060)
  0x000001f007e8891c: c068 62ff 

  0x000001f007e88920: ;   {post_call_nop}
  0x000001f007e88920: 0f1f 8400 | 981f 001e | 488b d0e9 | 1fe5 ffff 

  0x000001f007e88930: ;   {metadata('com/sun/javafx/font/LogicalFont')}
  0x000001f007e88930: 4181 fb00 | a022 010f | 85e7 1400 | 0045 85d2 | 0f84 2609 | 0000 438b 

  0x000001f007e88948: ;   {metadata('com/sun/javafx/font/LogicalFont')}
  0x000001f007e88948: 4cd4 0881 | f900 a022 | 010f 851c | 0900 0044 | 8b4d 1449 | c1e2 0341 | 8b6a 1445 | 85c9 0f84 
  0x000001f007e88968: dc14 0000 | 4c8b c549 | c1e0 034b | 8d14 cc48 | 8b6c 2420 

  0x000001f007e8897c: ;   {optimized virtual_call}
  0x000001f007e8897c: c5f8 77e8 

  0x000001f007e88980: ; ImmutableOopMap {rbp=Oop [32]=Oop [48]=Oop [56]=Oop }
                      ;*invokevirtual equals {reexecute=0 rethrow=0 return_oop=0}
                      ; - com.sun.javafx.font.LogicalFont::equals@28 (line 552)
                      ; - com.sun.javafx.font.PrismFont::equals@40 (line 108)
                      ; - com.sun.javafx.text.PrismTextLayout::initCache@40 (line 729)
                      ; - com.sun.javafx.text.PrismTextLayout::layout@1 (line 1060)
  0x000001f007e88980: 5c68 62ff 

  0x000001f007e88984: ;   {post_call_nop}
  0x000001f007e88984: 0f1f 8400 | fc1f 001f | 8b55 4cc5 | fa10 4518 | 448b 4d20 | 448b 7540 | 448b 6d0c | 448b 4544 
  0x000001f007e889a4: e988 e8ff | ff4c 8b54 | 2430 c4c1 | 7a10 4218 | c5fa 5c44 | 2444 448b | 5c24 5c47 | 8b54 dc10 
  0x000001f007e889c4: 418b ea48 | 8b54 2420 

  0x000001f007e889cc: ;   {optimized virtual_call}
  0x000001f007e889cc: c5f8 77e8 

  0x000001f007e889d0: ; ImmutableOopMap {[32]=Oop [40]=Oop [48]=Oop [56]=Oop [72]=Oop [92]=NarrowOop }
                      ;*invokevirtual getWrapIndex {reexecute=0 rethrow=0 return_oop=0}
                      ; - com.sun.javafx.text.PrismTextLayout::layout@309 (line 1123)
  0x000001f007e889d0: 0c68 62ff 

  0x000001f007e889d4: ;   {post_call_nop}
  0x000001f007e889d4: 0f1f 8400 | 4c20 0020 | 448d 1428 | 4489 5424 | 6848 8b54 | 2420 6690 

  0x000001f007e889ec: ;   {optimized virtual_call}
  0x000001f007e889ec: c5f8 77e8 

  0x000001f007e889f0: ; ImmutableOopMap {[32]=Oop [40]=Oop [48]=Oop [56]=Oop [72]=Oop [92]=NarrowOop }
                      ;*invokevirtual getEnd {reexecute=0 rethrow=0 return_oop=0}
                      ; - com.sun.javafx.text.PrismTextLayout::layout@321 (line 1129)
  0x000001f007e889f0: ec67 62ff 

  0x000001f007e889f4: ;   {post_call_nop}
  0x000001f007e889f4: 0f1f 8400 | 6c20 0021 | 448b 5424 | 6841 ffc2 | 443b d07d | 2d4c 8b5c | 2438 458b | 430c 448b 
  0x000001f007e88a14: 5c24 6845 | 3bd8 0f83 | 0016 0000 | 4c8b 4424 | 3847 0fb7 | 4458 1041 | 83f8 2074 | 0d45 8bd3 
  0x000001f007e88a34: eb08 448b | 5424 6845 | 8bda 4c8b | 4424 3841 | 8b58 0c44 | 3bd3 0f83 | 9414 0000 | 4c8b 4424 
  0x000001f007e88a54: 3847 0fb7 | 4450 1041 | 8bc8 c1e9 

  0x000001f007e88a60: ;   {oop(a 'java/lang/CharacterDataLatin1'{0x000000060bef24e0})}
  0x000001f007e88a60: 0885 c949 | b9e0 24ef | 0b06 0000 

  0x000001f007e88a6c: ;   {oop(a 'java/lang/CharacterData00'{0x000000060bf66420})}
  0x000001f007e88a6c: 0048 b920 | 64f6 0b06 | 0000 004c | 0f45 c941 

  0x000001f007e88a7c: ;   {metadata('java/lang/CharacterDataLatin1')}
  0x000001f007e88a7c: 8b49 0881 | f9a8 cd19 | 000f 85e5 | 0b00 0041 | 81f8 0001 | 0000 0f83 | bc14 0000 

  0x000001f007e88a98: ;   {oop([I{0x000000060beef7f8})}
  0x000001f007e88a98: 49b9 f8f7 | ee0b 0600 | 0000 478b | 4c81 1041 | 81e1 0070 | 0000 33c9 | 4181 f900 | 4000 000f 
  0x000001f007e88ab8: 94c1 443b | 5424 580f | 8e7f 1600 | 004c 63cb | 4c63 4424 | 584d 3bc1 | 730f 4d63 | c249 ffc8 
  0x000001f007e88ad8: 4d3b c10f | 8281 0000 | 00ba 6eff | ffff 488b | 6c24 304c | 8b44 2438 | 4c89 4424 | 2044 8b44 
  0x000001f007e88af8: 2440 4489 | 4424 30c5 | fa10 4c24 | 44c5 fa11 | 4c24 3444 | 8b44 2450 | 4489 4424 | 384c 8b44 
  0x000001f007e88b18: 2448 4c89 | 4424 4044 | 8b44 2454 | 4489 4424 | 4844 8b4c | 245c 4489 | 4c24 4cc5 | fa10 4c24 
  0x000001f007e88b38: 60c5 fa11 | 4c24 5044 | 895c 2454 | 894c 2460 | 4489 5424 | 6466 6690 

  0x000001f007e88b50: ;   {runtime_call UncommonTrapBlob}
  0x000001f007e88b50: c5f8 77e8 

  0x000001f007e88b54: ; ImmutableOopMap {rbp=Oop [32]=Oop [40]=Oop [64]=Oop [76]=NarrowOop }
                      ;*if_icmple {reexecute=1 rethrow=0 return_oop=0}
                      ; - (reexecute) com.sun.javafx.text.PrismTextLayout::layout@405 (line 1146)
  0x000001f007e88b54: 88b2 70ff 

  0x000001f007e88b58: ;   {post_call_nop}
  0x000001f007e88b58: 0f1f 8400 | d021 0022 | 33c9 4c8b | 4424 3843 | 0fb7 7c50 | 0e44 8bcf | 41c1 e908 

  0x000001f007e88b74: ;   {oop(a 'java/lang/CharacterDataLatin1'{0x000000060bef24e0})}
  0x000001f007e88b74: 4585 c948 | bbe0 24ef | 0b06 0000 

  0x000001f007e88b80: ;   {oop(a 'java/lang/CharacterData00'{0x000000060bf66420})}
  0x000001f007e88b80: 0049 b820 | 64f6 0b06 | 0000 0049 | 0f45 d844 

  0x000001f007e88b90: ;   {metadata('java/lang/CharacterDataLatin1')}
  0x000001f007e88b90: 8b43 0841 | 81f8 a8cd | 1900 0f85 | 9c09 0000 | 81ff 0001 | 0000 0f83 | fc10 0000 

  0x000001f007e88bac: ;   {oop([I{0x000000060beef7f8})}
  0x000001f007e88bac: 49b8 f8f7 | ee0b 0600 | 0000 458b | 4cb8 1041 | 81e1 0070 | 0000 33ed | 4181 f900 | 4000 0040 
  0x000001f007e88bcc: 0f94 c585 | c90f 8589 | 1200 0085 | ed0f 8497 | 0500 0044 | 3b54 2458 | 7d08 448b | 4424 5845 
  0x000001f007e88bec: 8bd0 4c8b | 4424 3045 | 8b40 0c8b | 7424 5041 | 3bf0 7d04 | 8bde eb3a | 4533 c98b | dee9 ca00 
  0x000001f007e88c0c: 0000 4c8b | 4c24 7848 | 896c 2430 | 8b74 2450 | 8b5c 2468 | 448b 5c24 | 6c44 8b54 | 2470 e9a9 
  0x000001f007e88c2c: 0000 0090 | 8b74 2450 | 448b 5c24 | 6c44 8b54 | 2470 4c8b | 4424 3041 | 8b68 4045 | 8b44 ec0c 
  0x000001f007e88c4c: 413b d80f | 83df 1000 | 004d 8d04 | ec41 8b4c | 9810 85c9 | 0f84 4a11 | 0000 4489 | 5424 7044 
  0x000001f007e88c6c: 895c 246c | 895c 2468 | 8974 2450 | 488b 6c24 | 304d 8d14 | cc4c 8954 | 2478 498b | d266 6690 
  0x000001f007e88c8c: ;   {optimized virtual_call}
  0x000001f007e88c8c: c5f8 77e8 

  0x000001f007e88c90: ; ImmutableOopMap {rbp=Oop [32]=Oop [40]=Oop [56]=Oop [72]=Oop [92]=NarrowOop [120]=Oop }
                      ;*invokevirtual getEnd {reexecute=0 rethrow=0 return_oop=0}
                      ; - com.sun.javafx.text.PrismTextLayout::layout@480 (line 1162)
  0x000001f007e88c90: 4c65 62ff 

  0x000001f007e88c94: ;   {post_call_nop}
  0x000001f007e88c94: 0f1f 8400 | 0c23 0023 | 3b44 2470 | 0f8f 68ff | ffff 4d8b | 5f30 8b5c 

  0x000001f007e88cac: ; ImmutableOopMap {rbp=Oop [32]=Oop [40]=Oop [56]=Oop [72]=Oop [92]=NarrowOop [120]=Oop }
                      ;*goto {reexecute=1 rethrow=0 return_oop=0}
                      ; - (reexecute) com.sun.javafx.text.PrismTextLayout::layout@494 (line 1163)
  0x000001f007e88cac: 2468 ffc3 

  0x000001f007e88cb0: ;   {poll}
  0x000001f007e88cb0: 4185 0348 | 896c 2430 | 448b 550c | 413b da0f | 8c6b ffff | ff4c 8b4c | 2478 8b74 | 2450 448b 
  0x000001f007e88cd0: 5c24 6c44 | 8b54 2470 | 443b 5424 | 580f 8497 | 0500 004d | 85c9 0f84 | e012 0000 | 4d8b c14c 
  0x000001f007e88cf0: 8984 24a0 | 0000 0041 | 8b48 104c | 8b5c 2430 | 458b 430c | 458b ca44 | 2bc9 4489 | 8c24 9400 
  0x000001f007e88d10: 0000 4c8b | 5c24 3045 | 8b4b 40c4 | c179 6ec1 | 443b d10f | 8466 0500 | 004c 8b94 | 24a0 0000 
  0x000001f007e88d30: 0045 8b4a | 1444 8d6b | 0144 8b9c | 2494 0000 | 0045 3bd9 | 0f8d 0102 | 0000 c4c1 | 797e c243 
  0x000001f007e88d50: 8b4c d40c | 4b8d 2cd4 | 448d 5302 | 4c63 db49 | c1e3 024c | 895c 2450 | 443b c10f | 8ce5 0100 
  0x000001f007e88d70: 0044 8d59 | 4041 3bcd | 0f82 2615 | 0000 453b | dd0f 821d | 1500 0045 | 85ed 0f8c | 1415 0000 
  0x000001f007e88d90: 458b cb4d | 63c1 4a8d | 0c85 1700 | 0000 4181 | fb00 0004 | 000f 87fd | 0d00 004d 

  0x000001f007e88dac: ;   {other}
  0x000001f007e88dac: 8bb7 c801 | 0000 4c8b | c149 83e0 | f84d 8bce | 4d03 c84d | 3b8f d801 | 0000 0f83 | dc0d 0000 
  0x000001f007e88dcc: 4d89 8fc8 | 0100 0041 | 0f18 8100 | 0100 0049 | c706 0100 | 0000 410f | 1881 4001 

  0x000001f007e88de8: ;   {metadata('com/sun/javafx/text/TextRun'[])}
  0x000001f007e88de8: 0000 41c7 | 4608 006d | 3001 4589 | 5e0c 410f | 1881 8001 | 0000 48c1 | e903 4d8b | ce49 83c1 
  0x000001f007e88e08: 1083 fbff | 0f84 2214 | 0000 4d63 | c545 3beb | 0f8c e60a | 0000 4c89 | 7424 7844 | 895c 246c 
  0x000001f007e88e28: 4c8b 5c24 | 504c 895c | 2470 4489 | 5424 6844 | 896c 2454 | 448b f3c4 | c179 7ec2 | 4b8d 4cd4 
  0x000001f007e88e48: 1049 8bd1 

  0x000001f007e88e4c: ;   {runtime_call Stub::jint_disjoint_arraycopy}
  0x000001f007e88e4c: c5f8 7749 | baa0 0d49 | 07f0 0100 | 0041 ffd2 

  0x000001f007e88e5c: ;   {post_call_nop}
  0x000001f007e88e5c: 0f1f 8400 | 0000 0000 | 418b de44 | 8b6c 2454 | 448b 5424 | 684c 8b5c | 2470 4c89 | 5c24 5044 
  0x000001f007e88e7c: 8b5c 246c | 4c8b 7424 | 784c 8b44 | 2430 418b | 4840 418b | 7ccc 0c44 | 8bcf 442b | cb41 8d69 
  0x000001f007e88e9c: ff45 85d2 | 0f8c f614 | 0000 ffc7 | 443b df0f | 82eb 1400 | 0085 ed0f | 8ce3 1400 | 0041 83f9 
  0x000001f007e88ebc: 0174 2e4d | 8d14 cc4c | 8b5c 2450 | 4b8d 4c1a | 144c 63c5 | 4b8d 541e | 18c5 f877 

  0x000001f007e88ed8: ;   {runtime_call Stub::oop_arraycopy}
  0x000001f007e88ed8: 49ba c034 | 4907 f001 | 0000 41ff 

  0x000001f007e88ee4: ;   {post_call_nop}
  0x000001f007e88ee4: d20f 1f84 | 0000 0000 | 004c 8b4c | 2430 4d8d | 5140 4180 | 7f48 000f | 8523 3100 | 004d 8bc6 
  0x000001f007e88f04: 49c1 e803 | 4589 024d | 8bda 4d33 | de49 c1eb | 160f 841e | 0000 004d | 8bda 49c1 | eb09 49b8 
  0x000001f007e88f24: 0060 6272 | f001 0000 | 4d03 d841 | 803b 020f | 8553 3100 | 0049 8bee | 4c8b 5424 | 504c 8954 
  0x000001f007e88f44: 2478 e994 | 0000 0044 | 8bdb 418b | dde9 9501 | 0000 418b | f82b fb44 | 8d4f ff45 | 85ed 0f8c 
  0x000001f007e88f64: b013 0000 | 4585 d20f | 8ca7 1300 | 0041 3bc8 | 0f82 9e13 | 0000 41ff | c041 3bc8 | 0f82 9213 
  0x000001f007e88f84: 0000 4585 | c90f 8c89 | 1300 0083 | ff01 7431 | 4d63 c148 | 8bcd 4c8b | 5424 5049 | 03ca 488b 
  0x000001f007e88fa4: d148 83c2 | 1848 83c1 | 14c5 f877 

  0x000001f007e88fb0: ;   {runtime_call Stub::oop_arraycopy}
  0x000001f007e88fb0: 49ba c034 | 4907 f001 | 0000 41ff 

  0x000001f007e88fbc: ;   {post_call_nop}
  0x000001f007e88fbc: d20f 1f84 | 0000 0000 | 004c 8b54 | 2430 458b | 5240 498b | ea48 c1e5 | 034c 8b54 | 2450 4c89 
  0x000001f007e88fdc: 5424 7844 | 896c 2470 | 4c8b 9c24 | a000 0000 | 4c89 5c24 | 6889 5c24 | 5489 7424 | 5049 8bd3 
  0x000001f007e88ffc: 448b 8424 | 9400 0000 

  0x000001f007e89004: ;   {optimized virtual_call}
  0x000001f007e89004: c5f8 77e8 

  0x000001f007e89008: ; ImmutableOopMap {rbp=Oop [32]=Oop [40]=Oop [48]=Oop [56]=Oop [72]=Oop [92]=NarrowOop [104]=Oop [160]=Oop }
                      ;*invokevirtual split {reexecute=0 rethrow=0 return_oop=1}
                      ; - com.sun.javafx.text.PrismTextLayout::layout@685 (line 1200)
  0x000001f007e89008: d461 62ff 

  0x000001f007e8900c: ;   {post_call_nop}
  0x000001f007e8900c: 0f1f 8400 | 8426 0025 

  0x000001f007e89014: ; implicit exception: dispatches to 0x000001f007e8ad10
  0x000001f007e89014: 448b 5d0c | 448b 4424 | 7045 3bc3 | 0f83 9611 | 0000 4c8b | 5424 784e | 8d44 1514 | 4180 7f48 
  0x000001f007e89034: 000f 85b2 | 3000 004c | 8bd8 49c1 | eb03 4589 | 1849 8bc8 | 4833 c848 | c1e9 160f | 8427 0000 
  0x000001f007e89054: 0048 83f8 | 000f 841d | 0000 0049 | 8bc8 48c1 | e909 49bb | 0060 6272 | f001 0000 | 4903 cb80 
  0x000001f007e89074: 3902 0f85 | d930 0000 | 488b 5424 | 6866 6690 

  0x000001f007e89084: ;   {optimized virtual_call}
  0x000001f007e89084: c5f8 77e8 

  0x000001f007e89088: ; ImmutableOopMap {[32]=Oop [40]=Oop [48]=Oop [56]=Oop [72]=Oop [92]=NarrowOop [104]=Oop }
                      ;*invokevirtual isComplex {reexecute=0 rethrow=0 return_oop=0}
                      ; - com.sun.javafx.text.PrismTextLayout::layout@691 (line 1201)
  0x000001f007e89088: 5461 62ff 

  0x000001f007e8908c: ;   {post_call_nop}
  0x000001f007e8908c: 0f1f 8400 | 0427 0026 | 85c0 7424 | 488b 5424 | 304c 8b44 | 2468 4c8b | 4c24 3848 | 8b7c 2428 
  0x000001f007e890ac: ;   {optimized virtual_call}
  0x000001f007e890ac: c5f8 77e8 

  0x000001f007e890b0: ; ImmutableOopMap {[32]=Oop [40]=Oop [48]=Oop [56]=Oop [72]=Oop [92]=NarrowOop }
                      ;*invokevirtual shape {reexecute=0 rethrow=0 return_oop=0}
                      ; - com.sun.javafx.text.PrismTextLayout::layout@702 (line 1202)
  0x000001f007e890b0: 2c61 62ff 

  0x000001f007e890b4: ;   {post_call_nop}
  0x000001f007e890b4: 0f1f 8400 | 2c27 0027 | 4c8b 5424 | 3045 8b52 | 40c4 c179 | 6ec2 4c8b | 5424 3045 | 8b42 0c41 
  0x000001f007e890d4: ffc0 4589 | 420c 448b | 5c24 5444 | 8b54 2470 | 8b74 2450 | 418b da41 | 3bd8 7d71 | c4c1 797e 
  0x000001f007e890f4: c047 8b54 | c40c 413b | da0f 838d | 0f00 004f | 8d14 c445 | 8b44 9a10 | 4585 c00f | 84df 0f00 
  0x000001f007e89114: 0044 895c | 2454 895c | 245c 8974 | 2450 488b | 6c24 304b | 8d14 c490 

  0x000001f007e8912c: ;   {optimized virtual_call}
  0x000001f007e8912c: c5f8 77e8 

  0x000001f007e89130: ; ImmutableOopMap {rbp=Oop [32]=Oop [40]=Oop [56]=Oop [72]=Oop }
                      ;*invokevirtual isLinebreak {reexecute=0 rethrow=0 return_oop=0}
                      ; - com.sun.javafx.text.PrismTextLayout::layout@735 (line 1209)
  0x000001f007e89130: ac60 62ff 

  0x000001f007e89134: ;   {post_call_nop}
  0x000001f007e89134: 0f1f 8400 | ac27 0028 | 85c0 0f84 | 5c01 0000 | 4c8b 5424 | 2048 896c | 2430 8b74 | 2450 c5fa 
  0x000001f007e89154: 1054 2464 | 8b5c 245c | e9c9 e9ff | ff44 895c | 2454 4c8b | 5424 20c5 | fa10 5424 | 64e9 b4e9 
  0x000001f007e89174: ffff 41ff | ca44 3b54 | 2458 0f8f | dcf9 ffff | ba45 ffff | ff48 8b6c | 2430 4c8b | 4424 384c 
  0x000001f007e89194: 8944 2420 | 448b 4424 | 4044 8944 | 2430 c5fa | 104c 2444 | c5fa 114c | 2434 448b | 4424 5044 
  0x000001f007e891b4: 8944 2438 | 4c8b 4424 | 484c 8944 | 2440 448b | 4c24 5444 | 894c 2448 | 448b 4424 | 5c44 8944 
  0x000001f007e891d4: 244c c5fa | 1044 2460 | c5fa 1144 | 2450 4489 | 5c24 5444 | 8954 2460 

  0x000001f007e891ec: ;   {runtime_call UncommonTrapBlob}
  0x000001f007e891ec: c5f8 77e8 

  0x000001f007e891f0: ; ImmutableOopMap {rbp=Oop [32]=Oop [40]=Oop [64]=Oop [76]=NarrowOop }
                      ;*if_icmple {reexecute=1 rethrow=0 return_oop=0}
                      ; - (reexecute) com.sun.javafx.text.PrismTextLayout::layout@405 (line 1146)
  0x000001f007e891f0: ecab 70ff 

  0x000001f007e891f4: ;   {post_call_nop}
  0x000001f007e891f4: 0f1f 8400 | 6c28 0029 | 448b 4244 | 448b 6a0c | c5fa 1042 | 1844 8b4a | 2044 8b72 | 404d 8bd3 
  0x000001f007e89214: 49c1 e203 | 4c89 5424 | 38e9 7ada 

  0x000001f007e89220: ;   {section_word}
  0x000001f007e89220: ffff c5fa | 1005 5ad8 | ffff c5f8 | 28e0 e93f | ebff ff85 | d20f 85b7 | f4ff ffe9 | 65dc ffff 
  0x000001f007e89240: 85d2 0f85 | 48da ffff | e958 dcff | ff45 85c9 | 0f85 95ef | ffff baf6 | ffff ff90 

  0x000001f007e8925c: ;   {runtime_call UncommonTrapBlob}
  0x000001f007e8925c: c5f8 77e8 

  0x000001f007e89260: ; ImmutableOopMap {}
                      ;*putfield valid {reexecute=1 rethrow=0 return_oop=0}
                      ; - (reexecute) com.sun.javafx.text.PrismTextLayout::layout@1632 (line 1353)
  0x000001f007e89260: 7cab 70ff 

  0x000001f007e89264: ;   {post_call_nop}
  0x000001f007e89264: 0f1f 8400 | dc28 002a | 33c0 e9be | dfff ff33 | c0e9 b7df | ffff 4c8b | 4424 2044 | 8b54 2454 
  0x000001f007e89284: 418b da45 | 8bd3 e960 | faff ff3b | de0f 84ed | 0100 0044 | 8d5b ffe9 | 4bfe ffff | 4c8b cd41 
  0x000001f007e892a4: 8b69 4045 | 8b5c ec0c | 448b 5424 | 5445 3bd3 | 0f83 6211 | 0000 4d8d | 1cec 478b | 4493 1045 
  0x000001f007e892c4: 85c0 0f84 | a411 0000 | 4489 5424 | 2049 8be9 | 4f8d 14c4 | 4c89 5424 | 6849 8bd2 

  0x000001f007e892e0: ;   {optimized virtual_call}
  0x000001f007e892e0: c5f8 77e8 

  0x000001f007e892e4: ; ImmutableOopMap {rbp=Oop [40]=Oop [56]=Oop [72]=Oop [104]=Oop }
                      ;*invokevirtual setSoftbreak {reexecute=0 rethrow=0 return_oop=0}
                      ; - com.sun.javafx.text.PrismTextLayout::layout@752 (line 1211)
  0x000001f007e892e4: f85e 62ff 

  0x000001f007e892e8: ;   {post_call_nop}
  0x000001f007e892e8: 0f1f 8400 | 6029 002b | 4889 6c24 | 3081 4d20 | 8000 0000 | 448b 5424 | 2044 8954 | 2454 4c8b 
  0x000001f007e89308: 5424 688b | 7424 50c5 | fa10 5424 | 648b 5c24 | 5ce9 0ce8 | ffff 89ac | 2488 0000 | 004c 895c 
  0x000001f007e89328: 2470 4889 | 5c24 6889 | 4c24 4c44 | 894c 2424 | 4489 5424 

  0x000001f007e8933c: ;   {metadata('com/sun/javafx/geom/Point2D')}
  0x000001f007e8933c: 2048 ba40 | ec1b 2800 | 0000 0090 

  0x000001f007e89348: ;   {runtime_call C2 Runtime new_instance}
  0x000001f007e89348: c5f8 77e8 

  0x000001f007e8934c: ; ImmutableOopMap {[32]=NarrowOop [36]=NarrowOop [48]=Oop [56]=Oop [84]=NarrowOop [88]=Oop [96]=Oop [104]=Oop [112]=Oop [140]=NarrowOop }
                      ;*new {reexecute=0 rethrow=0 return_oop=1}
                      ; - com.sun.javafx.text.TextRun::setLocation@1 (line 223)
                      ; - com.sun.javafx.text.PrismTextLayout::layout@1303 (line 1312)
  0x000001f007e8934c: 10a3 70ff 

  0x000001f007e89350: ;   {post_call_nop}
  0x000001f007e89350: 0f1f 8400 | c829 002c | 8bac 2488 | 0000 00e9 | ade1 ffff 

  0x000001f007e89364: ;   {metadata('java/util/ArrayList')}
  0x000001f007e89364: 48ba b0d4 | 2127 0000 | 0000 6690 

  0x000001f007e89370: ;   {runtime_call C2 Runtime new_instance}
  0x000001f007e89370: c5f8 77e8 

  0x000001f007e89374: ; ImmutableOopMap {[40]=Oop [48]=Oop [56]=Oop }
                      ;*new {reexecute=0 rethrow=0 return_oop=1}
                      ; - com.sun.javafx.text.PrismTextLayout::layout@190 (line 1110)
  0x000001f007e89374: e8a2 70ff 

  0x000001f007e89378: ;   {post_call_nop}
  0x000001f007e89378: 0f1f 8400 | f029 002d | e9a6 e6ff 

  0x000001f007e89384: ;   {metadata('com/sun/javafx/text/TextLine'[])}
  0x000001f007e89384: ff48 baa8 | 3930 2800 | 0000 0044 | 8bc3 6690 

  0x000001f007e89394: ;   {runtime_call C2 Runtime new_array}
  0x000001f007e89394: c5f8 77e8 

  0x000001f007e89398: ; ImmutableOopMap {[48]=Oop [56]=Oop [72]=Oop }
                      ;*anewarray {reexecute=0 rethrow=0 return_oop=1}
                      ; - com.sun.javafx.text.PrismTextLayout::layout@861 (line 1242)
  0x000001f007e89398: c49f 70ff 

  0x000001f007e8939c: ;   {post_call_nop}
  0x000001f007e8939c: 0f1f 8400 | 142a 002e | 4c8b c0e9 | ede8 ffff 

  0x000001f007e893ac: ;   {metadata('com/sun/javafx/text/LayoutCache')}
  0x000001f007e893ac: 48ba 006f | 3028 0000 | 0000 488b | 6c24 3090 

  0x000001f007e893bc: ;   {runtime_call C2 Runtime new_instance}
  0x000001f007e893bc: c5f8 77e8 

  0x000001f007e893c0: ; ImmutableOopMap {rbp=Oop [40]=Oop [48]=Oop [56]=Oop }
                      ;*new {reexecute=0 rethrow=0 return_oop=1}
                      ; - com.sun.javafx.text.PrismTextLayout::layout@141 (line 1099)
  0x000001f007e893c0: 9ca2 70ff 

  0x000001f007e893c4: ;   {post_call_nop}
  0x000001f007e893c4: 0f1f 8400 | 3c2a 002f | 4c8b d8e9 | a7e3 ffff 

  0x000001f007e893d4: ;   {metadata({type array float})}
  0x000001f007e893d4: 48ba 583f | 1827 0000 | 0000 458b | c24c 895c | 2450 6690 

  0x000001f007e893e8: ;   {runtime_call C2 Runtime new_array}
  0x000001f007e893e8: c5f8 77e8 

  0x000001f007e893ec: ; ImmutableOopMap {[40]=Oop [48]=Oop [56]=Oop [80]=Oop }
                      ;*newarray {reexecute=0 rethrow=0 return_oop=1}
                      ; - com.sun.javafx.text.PrismTextLayout::layout@168 (line 1101)
  0x000001f007e893ec: 709f 70ff 

  0x000001f007e893f0: ;   {post_call_nop}
  0x000001f007e893f0: 0f1f 8400 | 682a 0030 | 4c8b c84c | 8b5c 2450 | e9ae e5ff | ff48 895c | 2458 4489 | 5424 444c 
  0x000001f007e89410: 895c 2450 | 4c8b 5424 | 284c 8954 | 2448 4c8b | 5424 384c | 8954 2428 | 4889 4c24 

  0x000001f007e8942c: ;   {metadata({type array int})}
  0x000001f007e8942c: 2048 ba58 | 4718 2700 | 0000 0044 | 8b44 2444 

  0x000001f007e8943c: ;   {runtime_call C2 Runtime new_array}
  0x000001f007e8943c: c5f8 77e8 

  0x000001f007e89440: ; ImmutableOopMap {[32]=Oop [40]=Oop [72]=Oop [80]=Oop }
                      ;*newarray {reexecute=0 rethrow=0 return_oop=1}
                      ; - com.sun.javafx.text.PrismTextLayout::layout@157 (line 1100)
  0x000001f007e89440: 1c9f 70ff 

  0x000001f007e89444: ;   {post_call_nop}
  0x000001f007e89444: 0f1f 8400 | bc2a 0031 | 4c8b 5424 | 204c 8954 | 2430 4c8b | 5424 284c | 8954 2438 | 4c8b 5424 
  0x000001f007e89464: 484c 8954 | 2428 4c8b | 4424 5044 | 8b54 2444 | 488b 5c24 | 5848 8bd0 | 4d8b d8e9 | 2ce4 ffff 
  0x000001f007e89484: 448b 9424 | 9400 0000 | 41ff c244 | 8994 2494 | 0000 00e9 | 8df8 ffff | 4181 fb01 | 1000 007d 
  0x000001f007e894a4: 6b41 81fb | 0108 0000 | 7d36 458d | 93ff fbff | ff41 81fa | ff03 0000 | 0f82 38d8 | ffff ba3d 
  0x000001f007e894c4: ffff ff48 | 8b6c 2430 | 4489 5c24 | 3066 6690 

  0x000001f007e894d4: ;   {runtime_call UncommonTrapBlob}
  0x000001f007e894d4: c5f8 77e8 

  0x000001f007e894d8: ; ImmutableOopMap {rbp=Oop }
                      ;*lookupswitch {reexecute=1 rethrow=0 return_oop=0}
                      ; - (reexecute) com.sun.javafx.text.PrismTextLayout::isMirrored@10 (line 993)
                      ; - com.sun.javafx.text.PrismTextLayout::copyCache@37 (line 722)
                      ; - com.sun.javafx.text.PrismTextLayout::initCache@104 (line 737)
                      ; - com.sun.javafx.text.PrismTextLayout::layout@1 (line 1060)
  0x000001f007e894d8: 04a9 70ff 

  0x000001f007e894dc: ;   {post_call_nop}
  0x000001f007e894dc: 0f1f 8400 | 542b 0032 | 4181 fbff | 0f00 000f | 8e09 d8ff | ffba 45ff | ffff 488b | 6c24 3044 
  0x000001f007e894fc: 895c 2430 

  0x000001f007e89500: ;   {runtime_call UncommonTrapBlob}
  0x000001f007e89500: c5f8 77e8 

  0x000001f007e89504: ; ImmutableOopMap {rbp=Oop }
                      ;*lookupswitch {reexecute=1 rethrow=0 return_oop=0}
                      ; - (reexecute) com.sun.javafx.text.PrismTextLayout::isMirrored@10 (line 993)
                      ; - com.sun.javafx.text.PrismTextLayout::copyCache@37 (line 722)
                      ; - com.sun.javafx.text.PrismTextLayout::initCache@104 (line 737)
                      ; - com.sun.javafx.text.PrismTextLayout::layout@1 (line 1060)
  0x000001f007e89504: d8a8 70ff 

  0x000001f007e89508: ;   {post_call_nop}
  0x000001f007e89508: 0f1f 8400 | 802b 0033 | 4181 fbff | 1f00 000f | 8edd d7ff | ffba 45ff | ffff 488b | 6c24 3044 
  0x000001f007e89528: 895c 2430 

  0x000001f007e8952c: ;   {runtime_call UncommonTrapBlob}
  0x000001f007e8952c: c5f8 77e8 

  0x000001f007e89530: ; ImmutableOopMap {rbp=Oop }
                      ;*lookupswitch {reexecute=1 rethrow=0 return_oop=0}
                      ; - (reexecute) com.sun.javafx.text.PrismTextLayout::isMirrored@10 (line 993)
                      ; - com.sun.javafx.text.PrismTextLayout::copyCache@37 (line 722)
                      ; - com.sun.javafx.text.PrismTextLayout::initCache@104 (line 737)
                      ; - com.sun.javafx.text.PrismTextLayout::layout@1 (line 1060)
  0x000001f007e89530: aca8 70ff 

  0x000001f007e89534: ;   {post_call_nop}
  0x000001f007e89534: 0f1f 8400 | ac2b 0034 

  0x000001f007e8953c: ;   {metadata('java/lang/CharacterData00')}
  0x000001f007e8953c: 4181 f8f0 | bd2f 000f | 856b 0f00 | 0089 4c24 | 7044 8954 | 246c 4489 | 5c24 6848 | 8bd3 448b 
  0x000001f007e8955c: c766 6690 

  0x000001f007e89560: ;   {optimized virtual_call}
  0x000001f007e89560: c5f8 77e8 

  0x000001f007e89564: ; ImmutableOopMap {[32]=Oop [40]=Oop [48]=Oop [56]=Oop [72]=Oop [92]=NarrowOop }
                      ;*invokevirtual getProperties {reexecute=0 rethrow=0 return_oop=0}
                      ; - java.lang.CharacterData00::isWhitespace@2 (line 797)
                      ; - java.lang.Character::isWhitespace@5 (line 11711)
                      ; - java.lang.Character::isWhitespace@1 (line 11680)
                      ; - com.sun.javafx.text.PrismTextLayout::layout@414 (line 1147)
  0x000001f007e89564: 785c 62ff 

  0x000001f007e89568: ;   {post_call_nop}
  0x000001f007e89568: 0f1f 8400 | e02b 0035 | 2500 7000 | 003d 0040 | 0000 0f84 | 4002 0000 | 33ed 448b | 5c24 6844 
  0x000001f007e89588: 8b54 246c | 8b4c 2470 | e93a f6ff | ff44 896c | 2428 4c8b | 5424 304c | 8954 2420 

  0x000001f007e895a4: ;   {metadata('com/sun/javafx/text/TextRun'[])}
  0x000001f007e895a4: 48ba 006d | 3028 0000 | 0000 458b | c566 6690 

  0x000001f007e895b4: ;   {runtime_call C2 Runtime new_array}
  0x000001f007e895b4: c5f8 77e8 

  0x000001f007e895b8: ; ImmutableOopMap {rbp=NarrowOop [32]=Oop [48]=Oop }
                      ;*anewarray {reexecute=0 rethrow=0 return_oop=1}
                      ; - com.sun.javafx.text.PrismTextLayout::initCache@129 (line 746)
                      ; - com.sun.javafx.text.PrismTextLayout::layout@1 (line 1060)
  0x000001f007e895b8: a49d 70ff 

  0x000001f007e895bc: ;   {post_call_nop}
  0x000001f007e895bc: 0f1f 8400 | 342c 0036 | 448b 6c24 | 284c 8bd0 | e97d f0ff 

  0x000001f007e895d0: ;   {oop(a 'java/util/Hashtable'{0x000000060c0cced8})}
  0x000001f007e895d0: ff48 bad8 | ce0c 0c06 | 0000 004c | 8d84 24b0 | 0000 0048 | 8b6c 2430 

  0x000001f007e895e8: ;   {runtime_call C2 Runtime complete_monitor_locking}
  0x000001f007e895e8: c5f8 77e8 

  0x000001f007e895ec: ; ImmutableOopMap {rbp=Oop [48]=Oop [56]=NarrowOop }
                      ;*synchronization entry
                      ; - java.util.Hashtable::get@-1 (line 382)
                      ; - com.sun.javafx.text.PrismTextLayout::initCache@21 (line 728)
                      ; - com.sun.javafx.text.PrismTextLayout::layout@1 (line 1060)
  0x000001f007e895ec: f0fe 70ff 

  0x000001f007e895f0: ;   {post_call_nop}
  0x000001f007e895f0: 0f1f 8400 | 682c 0037 | e978 d5ff | ffba 7eff | ffff 488b | 6c24 3089 | 4424 2090 

  0x000001f007e8960c: ;   {runtime_call UncommonTrapBlob}
  0x000001f007e8960c: c5f8 77e8 

  0x000001f007e89610: ; ImmutableOopMap {rbp=Oop }
                      ;*irem {reexecute=0 rethrow=0 return_oop=0}
                      ; - java.util.Hashtable::get@16 (line 384)
                      ; - com.sun.javafx.text.PrismTextLayout::initCache@21 (line 728)
                      ; - com.sun.javafx.text.PrismTextLayout::layout@1 (line 1060)
  0x000001f007e89610: cca7 70ff 

  0x000001f007e89614: ;   {post_call_nop}
  0x000001f007e89614: 0f1f 8400 | 8c2c 0038 | bae4 ffff | ff48 8b6c | 2430 894c | 2428 6690 

  0x000001f007e8962c: ;   {runtime_call UncommonTrapBlob}
  0x000001f007e8962c: c5f8 77e8 

  0x000001f007e89630: ; ImmutableOopMap {rbp=Oop [40]=NarrowOop }
                      ;*aaload {reexecute=0 rethrow=0 return_oop=0}
                      ; - com.sun.javafx.text.PrismTextLayout::initCache@244 (line 757)
                      ; - com.sun.javafx.text.PrismTextLayout::layout@1 (line 1060)
  0x000001f007e89630: aca7 70ff 

  0x000001f007e89634: ;   {post_call_nop}
  0x000001f007e89634: 0f1f 8400 | ac2c 0039 | bade ffff | ff48 8b6c | 2430 4489 | 4424 28c5 | fa11 5c24 | 2cc5 fa11 
  0x000001f007e89654: 4424 30c5 | fa11 4c24 | 3466 6690 

  0x000001f007e89660: ;   {runtime_call UncommonTrapBlob}
  0x000001f007e89660: c5f8 77e8 

  0x000001f007e89664: ; ImmutableOopMap {rbp=Oop [40]=NarrowOop }
                      ;*invokevirtual deriveWithNewBounds {reexecute=0 rethrow=0 return_oop=0}
                      ; - com.sun.javafx.text.PrismTextLayout::initCache@271 (line 758)
                      ; - com.sun.javafx.text.PrismTextLayout::layout@1 (line 1060)
  0x000001f007e89664: 78a7 70ff 

  0x000001f007e89668: ;   {post_call_nop}
  0x000001f007e89668: 0f1f 8400 | e02c 003a 

  0x000001f007e89670: ;   {metadata('java/lang/CharacterData00')}
  0x000001f007e89670: 81f9 f0bd | 2f00 0f85 | c80e 0000 | 895c 2470 | 4489 5424 | 6c44 895c | 2468 488b | 6c24 3849 
  0x000001f007e89690: 8bd1 6690 

  0x000001f007e89694: ;   {optimized virtual_call}
  0x000001f007e89694: c5f8 77e8 

  0x000001f007e89698: ; ImmutableOopMap {rbp=Oop [32]=Oop [40]=Oop [48]=Oop [72]=Oop [92]=NarrowOop }
                      ;*invokevirtual getProperties {reexecute=0 rethrow=0 return_oop=0}
                      ; - java.lang.CharacterData00::isWhitespace@2 (line 797)
                      ; - java.lang.Character::isWhitespace@5 (line 11711)
                      ; - java.lang.Character::isWhitespace@1 (line 11680)
                      ; - com.sun.javafx.text.PrismTextLayout::layout@396 (line 1145)
  0x000001f007e89698: 445b 62ff 

  0x000001f007e8969c: ;   {post_call_nop}
  0x000001f007e8969c: 0f1f 8400 | 142d 003b | 2500 7000 | 003d 0040 | 0000 0f84 | a303 0000 | 33c9 4889 | 6c24 3844 
  0x000001f007e896bc: 8b5c 2468 | 448b 5424 | 6c8b 5c24 | 70e9 ecf3 

  0x000001f007e896cc: ;   {oop(a 'java/util/Hashtable'{0x000000060c0cced8})}
  0x000001f007e896cc: ffff 48b9 | d8ce 0c0c | 0600 0000 | 488d 9424 | b000 0000 | 4d8b c7c5 

  0x000001f007e896e4: ;   {runtime_call}
  0x000001f007e896e4: f877 49ba | 409a 0910 | fc7f 0000 

  0x000001f007e896f0: ;   {post_call_nop}
  0x000001f007e896f0: 41ff d20f | 1f84 0000 | 0000 00e9 | 69d5 ffff | c5f8 2ed9 | bdff ffff | ff0f 8a0e | 0000 000f 
  0x000001f007e89710: 8208 0000 | 0040 0f95 | c540 0fb6 | edf7 dd4c | 8b54 2430 | 4c89 5424 | 2848 8954 | 2430 ba45 
  0x000001f007e89730: ffff ff90 

  0x000001f007e89734: ;   {runtime_call UncommonTrapBlob}
  0x000001f007e89734: c5f8 77e8 

  0x000001f007e89738: ; ImmutableOopMap {[40]=Oop [48]=Oop }
                      ;*iflt {reexecute=1 rethrow=0 return_oop=0}
                      ; - (reexecute) com.sun.javafx.geom.RectBounds::deriveWithNewBounds@11 (line 229)
                      ; - com.sun.javafx.text.PrismTextLayout::initCache@271 (line 758)
                      ; - com.sun.javafx.text.PrismTextLayout::layout@1 (line 1060)
  0x000001f007e89738: a4a6 70ff 

  0x000001f007e8973c: ;   {post_call_nop}
  0x000001f007e8973c: 0f1f 8400 | b42d 003c 

  0x000001f007e89744: ;   {oop(a 'java/util/Hashtable'{0x000000060c0cced8})}
  0x000001f007e89744: 48b9 d8ce | 0c0c 0600 | 0000 488d | 9424 b000 | 0000 4d8b | c7c5 f877 

  0x000001f007e8975c: ;   {runtime_call}
  0x000001f007e8975c: 49ba 409a | 0910 fc7f | 0000 41ff 

  0x000001f007e89768: ;   {post_call_nop}
  0x000001f007e89768: d20f 1f84 | 0000 0000 | 00e9 5fd8 | ffff bade | ffff ff4c | 8b5c 2438 | 4c89 5c24 | 3044 8954 
  0x000001f007e89788: 2438 6690 

  0x000001f007e8978c: ;   {runtime_call UncommonTrapBlob}
  0x000001f007e8978c: c5f8 77e8 

  0x000001f007e89790: ; ImmutableOopMap {rbp=NarrowOop [32]=Oop [48]=Oop [56]=NarrowOop }
                      ;*invokeinterface equals {reexecute=0 rethrow=0 return_oop=0}
                      ; - com.sun.javafx.text.PrismTextLayout::initCache@40 (line 729)
                      ; - com.sun.javafx.text.PrismTextLayout::layout@1 (line 1060)
  0x000001f007e89790: 4ca6 70ff 

  0x000001f007e89794: ;   {post_call_nop}
  0x000001f007e89794: 0f1f 8400 | 0c2e 003d | bade ffff | ff48 8b6c | 2420 895c | 2430 894c | 2434 6690 

  0x000001f007e897b0: ;   {runtime_call UncommonTrapBlob}
  0x000001f007e897b0: c5f8 77e8 

  0x000001f007e897b4: ; ImmutableOopMap {rbp=Oop [48]=NarrowOop [52]=NarrowOop [56]=Oop }
                      ;*invokeinterface equals {reexecute=0 rethrow=0 return_oop=0}
                      ; - com.sun.javafx.font.PrismCompositeFontResource::equals@28 (line 229)
                      ; - com.sun.javafx.font.PrismFont::equals@40 (line 108)
                      ; - com.sun.javafx.text.PrismTextLayout::initCache@40 (line 729)
                      ; - com.sun.javafx.text.PrismTextLayout::layout@1 (line 1060)
  0x000001f007e897b4: 28a6 70ff 

  0x000001f007e897b8: ;   {post_call_nop}
  0x000001f007e897b8: 0f1f 8400 | 302e 003e | bd01 0000 | 00e9 b8fd | ffff bae4 | ffff ff4c | 8b44 2430 | 4c89 4424 
  0x000001f007e897d8: 204c 8b44 | 2438 4c89 | 4424 3044 | 8b44 2440 | 4489 4424 | 38c5 fa11 | 5424 3c44 | 8954 2440 
  0x000001f007e897f8: 4489 4c24 | 4489 5c24 | 5466 6690 

  0x000001f007e89804: ;   {runtime_call UncommonTrapBlob}
  0x000001f007e89804: c5f8 77e8 

  0x000001f007e89808: ; ImmutableOopMap {rbp=NarrowOop [32]=Oop [40]=Oop [48]=Oop [72]=Oop }
                      ;*aaload {reexecute=0 rethrow=0 return_oop=0}
                      ; - com.sun.javafx.text.PrismTextLayout::layout@217 (line 1112)
  0x000001f007e89808: d4a5 70ff 

  0x000001f007e8980c: ;   {post_call_nop}
  0x000001f007e8980c: 0f1f 8400 | 842e 003f | baf6 ffff | ff4c 8b5c | 2430 4c89 | 5c24 204c | 8b5c 2438 | 4c89 5c24 
  0x000001f007e8982c: 3044 8b5c | 2440 4489 | 5c24 3844 | 8b44 2444 | 4489 4424 | 4044 8954 | 2444 448b | 5424 5444 
  0x000001f007e8984c: 8954 244c | 4489 4c24 | 5866 6690 

  0x000001f007e89858: ;   {runtime_call UncommonTrapBlob}
  0x000001f007e89858: c5f8 77e8 

  0x000001f007e8985c: ; ImmutableOopMap {[32]=Oop [48]=Oop [68]=NarrowOop [76]=NarrowOop [88]=NarrowOop }
                      ;*invokevirtual setLocation {reexecute=0 rethrow=0 return_oop=0}
                      ; - com.sun.javafx.text.PrismTextLayout::layout@1303 (line 1312)
  0x000001f007e8985c: 80a5 70ff 

  0x000001f007e89860: ;   {post_call_nop}
  0x000001f007e89860: 0f1f 8400 | d82e 0040 | c5f8 2ed3 | bdff ffff | ff0f 8a0e | 0000 000f | 8208 0000 | 0040 0f95 
  0x000001f007e89880: c540 0fb6 | edba 45ff | ffff 6690 

  0x000001f007e8988c: ;   {runtime_call UncommonTrapBlob}
  0x000001f007e8988c: c5f8 77e8 

  0x000001f007e89890: ; ImmutableOopMap {[32]=Oop [56]=Oop }
                      ;*ifne {reexecute=1 rethrow=0 return_oop=0}
                      ; - (reexecute) com.sun.javafx.font.PrismFont::equals@29 (line 106)
                      ; - com.sun.javafx.text.PrismTextLayout::initCache@40 (line 729)
                      ; - com.sun.javafx.text.PrismTextLayout::layout@1 (line 1060)
  0x000001f007e89890: 4ca5 70ff 

  0x000001f007e89894: ;   {post_call_nop}
  0x000001f007e89894: 0f1f 8400 | 0c2f 0041 | ba45 ffff | ff44 8b5c | 2438 4489 | 5c24 3089 | 4424 3890 

  0x000001f007e898b0: ;   {runtime_call UncommonTrapBlob}
  0x000001f007e898b0: c5f8 77e8 

  0x000001f007e898b4: ; ImmutableOopMap {rbp=Oop [32]=Oop [48]=NarrowOop }
                      ;*ifeq {reexecute=1 rethrow=0 return_oop=0}
                      ; - (reexecute) java.util.Hashtable::get@48 (line 386)
                      ; - com.sun.javafx.text.PrismTextLayout::initCache@21 (line 728)
                      ; - com.sun.javafx.text.PrismTextLayout::layout@1 (line 1060)
  0x000001f007e898b4: 28a5 70ff 

  0x000001f007e898b8: ;   {post_call_nop}
  0x000001f007e898b8: 0f1f 8400 | 302f 0042 | bae4 ffff | ff48 8b6c | 2430 4c8b | 5c24 384c | 895c 2420 | 8b4c 2440 
  0x000001f007e898d8: 894c 242c | c5fa 1174 | 2430 c5fa | 1164 2434 | 895c 243c | 4489 4424 | 4066 6690 

  0x000001f007e898f4: ;   {runtime_call UncommonTrapBlob}
  0x000001f007e898f4: c5f8 77e8 

  0x000001f007e898f8: ; ImmutableOopMap {rbp=Oop [32]=Oop [60]=NarrowOop }
                      ;*aaload {reexecute=0 rethrow=0 return_oop=0}
                      ; - com.sun.javafx.text.PrismTextLayout::layout@960 (line 1257)
  0x000001f007e898f8: e4a4 70ff 

  0x000001f007e898fc: ;   {post_call_nop}
  0x000001f007e898fc: 0f1f 8400 | 742f 0043 | 4a8d 1485 | 1000 0000 | 488b fa48 | c1ef 0348 | 2bcf 4883 | e2fb 498b 
  0x000001f007e8991c: fe48 03fa | 4833 c048 | 83f9 087f | 1048 ffc9 | 7856 4889 | 04cf 48ff | c97d f7eb | 4bc5 f5ef 
  0x000001f007e8993c: c9e9 0d00 | 0000 c5fe | 7f0f c5fe | 7f4f 2048 | 83c7 4048 | 83e9 087d | ed48 83c1 | 047c 0cc5 
  0x000001f007e8995c: fe7f 0f48 | 83c7 2048 | 83e9 0448 | 83c1 047e | 1748 c7c0 | ffff ffff | c4e2 f0f5 | c0c4 e1fb 
  0x000001f007e8997c: 92f8 62f1 | fe2f 7f0f | e995 f4ff | ffba e4ff | ffff c5fa | 1174 2428 | 895c 242c 

  0x000001f007e89998: ;   {runtime_call UncommonTrapBlob}
  0x000001f007e89998: c5f8 77e8 

  0x000001f007e8999c: ; ImmutableOopMap {[44]=NarrowOop [48]=Oop [56]=Oop }
                      ;*aaload {reexecute=0 rethrow=0 return_oop=0}
                      ; - com.sun.javafx.text.PrismTextLayout::layout@1391 (line 1322)
  0x000001f007e8999c: 40a4 70ff 

  0x000001f007e899a0: ;   {post_call_nop}
  0x000001f007e899a0: 0f1f 8400 | 1830 0044 | bade ffff | ff4c 8b44 | 2430 4c89 | 4424 284c | 8b44 2438 | 4c89 4424 
  0x000001f007e899c0: 30c5 fa11 | 4c24 38c5 | fa11 5c24 | 3cc5 fa11 | 6424 4090 

  0x000001f007e899d4: ;   {runtime_call UncommonTrapBlob}
  0x000001f007e899d4: c5f8 77e8 

  0x000001f007e899d8: ; ImmutableOopMap {rbp=NarrowOop [40]=Oop [48]=Oop }
                      ;*invokevirtual deriveWithNewBounds {reexecute=0 rethrow=0 return_oop=0}
                      ; - com.sun.javafx.text.PrismTextLayout::layout@1427 (line 1324)
  0x000001f007e899d8: 04a4 70ff 

  0x000001f007e899dc: ;   {post_call_nop}
  0x000001f007e899dc: 0f1f 8400 | 5430 0045 | baf6 ffff | ff66 6690 

  0x000001f007e899ec: ;   {runtime_call UncommonTrapBlob}
  0x000001f007e899ec: c5f8 77e8 

  0x000001f007e899f0: ; ImmutableOopMap {rbp=NarrowOop [48]=Oop [56]=Oop }
                      ;*putfield font {reexecute=1 rethrow=0 return_oop=0}
                      ; - (reexecute) com.sun.javafx.text.PrismTextLayout::layout@1472 (line 1335)
  0x000001f007e899f0: eca3 70ff 

  0x000001f007e899f4: ;   {post_call_nop}
  0x000001f007e899f4: 0f1f 8400 | 6c30 0046 

  0x000001f007e899fc: ;   {oop(a 'java/lang/Object'{0x000000060c0ccec8})}
  0x000001f007e899fc: 48ba c8ce | 0c0c 0600 | 0000 4c8d | 8424 b000 | 0000 6690 

  0x000001f007e89a10: ;   {runtime_call C2 Runtime complete_monitor_locking}
  0x000001f007e89a10: c5f8 77e8 

  0x000001f007e89a14: ; ImmutableOopMap {[48]=Oop [56]=Oop }
                      ;*monitorenter {reexecute=0 rethrow=0 return_oop=0}
                      ; - com.sun.javafx.text.PrismTextLayout::layout@1562 (line 1343)
  0x000001f007e89a14: c8fa 70ff 

  0x000001f007e89a18: ;   {post_call_nop}
  0x000001f007e89a18: 0f1f 8400 | 9030 0047 | e993 e6ff 

  0x000001f007e89a24: ;   {oop(a 'java/lang/Object'{0x000000060c0ccec8})}
  0x000001f007e89a24: ff48 b9c8 | ce0c 0c06 | 0000 0048 | 8d94 24b0 | 0000 004d | 8bc7 c5f8 

  0x000001f007e89a3c: ;   {runtime_call}
  0x000001f007e89a3c: 7749 ba40 | 9a09 10fc | 7f00 0041 

  0x000001f007e89a48: ;   {post_call_nop}
  0x000001f007e89a48: ffd2 0f1f | 8400 0000 | 0000 e982 | e7ff ffb9 | 0100 0000 | e955 fcff | ffba 6eff | ffff 488b 
  0x000001f007e89a68: 6c24 304c | 8b5c 2438 | 4c89 5c24 | 3044 8b44 | 2440 4489 | 4424 24c5 | fa10 4424 | 48c5 fa11 
  0x000001f007e89a88: 4424 3844 | 8b5c 2444 | 4489 5c24 | 3c44 894c | 2448 894c | 244c 6690 

  0x000001f007e89aa0: ;   {runtime_call UncommonTrapBlob}
  0x000001f007e89aa0: c5f8 77e8 

  0x000001f007e89aa4: ; ImmutableOopMap {rbp=Oop [48]=Oop [72]=NarrowOop [80]=NarrowOop [84]=NarrowOop }
                      ;*if_icmpge {reexecute=1 rethrow=0 return_oop=0}
                      ; - (reexecute) com.sun.javafx.text.PrismTextLayout::layout@1287 (line 1310)
  0x000001f007e89aa4: 38a3 70ff 

  0x000001f007e89aa8: ;   {post_call_nop}
  0x000001f007e89aa8: 0f1f 8400 | 2031 0048 | ba45 ffff | ff4c 8b54 | 2430 4c89 | 5424 204c | 8b54 2438 | 4c89 5424 
  0x000001f007e89ac8: 3044 8b54 | 2440 4489 | 5424 38c5 | fa10 4c24 | 44c5 fa11 | 4c24 3c44 | 8b54 2450 | 4489 5424 
  0x000001f007e89ae8: 4044 8b54 | 2454 4489 | 5424 5044 | 8944 2454 

  0x000001f007e89af8: ;   {runtime_call UncommonTrapBlob}
  0x000001f007e89af8: c5f8 77e8 

  0x000001f007e89afc: ; ImmutableOopMap {[32]=Oop [40]=Oop [48]=Oop [72]=Oop [84]=NarrowOop }
                      ;*ifeq {reexecute=1 rethrow=0 return_oop=0}
                      ; - (reexecute) com.sun.javafx.text.TextRun::isTab@6 (line 134)
                      ; - com.sun.javafx.text.PrismTextLayout::layout@230 (line 1114)
  0x000001f007e89afc: e0a2 70ff 

  0x000001f007e89b00: ;   {post_call_nop}
  0x000001f007e89b00: 0f1f 8400 | 7831 0049 | ba45 ffff | ff4c 8b54 | 2430 4c89 | 5424 2090 

  0x000001f007e89b18: ;   {runtime_call UncommonTrapBlob}
  0x000001f007e89b18: c5f8 77e8 

  0x000001f007e89b1c: ; ImmutableOopMap {[32]=Oop [40]=Oop [56]=Oop }
                      ;*ifeq {reexecute=1 rethrow=0 return_oop=0}
                      ; - (reexecute) com.sun.javafx.text.PrismTextLayout::layout@69 (line 1079)
  0x000001f007e89b1c: c0a2 70ff 

  0x000001f007e89b20: ;   {post_call_nop}
  0x000001f007e89b20: 0f1f 8400 | 9831 004a | ba45 ffff | ff48 8b6c | 2430 8944 | 2430 6690 

  0x000001f007e89b38: ;   {runtime_call UncommonTrapBlob}
  0x000001f007e89b38: c5f8 77e8 

  0x000001f007e89b3c: ; ImmutableOopMap {rbp=Oop [56]=Oop }
                      ;*ifeq {reexecute=1 rethrow=0 return_oop=0}
                      ; - (reexecute) com.sun.javafx.text.PrismTextLayout::layout@897 (line 1248)
  0x000001f007e89b3c: a0a2 70ff 

  0x000001f007e89b40: ;   {post_call_nop}
  0x000001f007e89b40: 0f1f 8400 | b831 004b | ba45 ffff | ff48 8b6c | 2430 448b | 5424 4045 | 8bda 4489 | 5c24 3090 
  0x000001f007e89b60: ;   {runtime_call UncommonTrapBlob}
  0x000001f007e89b60: c5f8 77e8 

  0x000001f007e89b64: ; ImmutableOopMap {rbp=Oop [56]=Oop }
                      ;*if_icmpne {reexecute=1 rethrow=0 return_oop=0}
                      ; - (reexecute) com.sun.javafx.text.PrismTextLayout::layout@923 (line 1253)
  0x000001f007e89b64: 78a2 70ff 

  0x000001f007e89b68: ;   {post_call_nop}
  0x000001f007e89b68: 0f1f 8400 | e031 004c | ba45 ffff | ff44 8944 | 2428 6690 

  0x000001f007e89b7c: ;   {runtime_call UncommonTrapBlob}
  0x000001f007e89b7c: c5f8 77e8 

  0x000001f007e89b80: ; ImmutableOopMap {[48]=Oop }
                      ;*if_icmple {reexecute=1 rethrow=0 return_oop=0}
                      ; - (reexecute) com.sun.javafx.text.PrismTextLayout::layout@1576 (line 1345)
  0x000001f007e89b80: 5ca2 70ff 

  0x000001f007e89b84: ;   {post_call_nop}
  0x000001f007e89b84: 0f1f 8400 | fc31 004d | ba45 ffff | ff48 8b6c | 2420 6690 

  0x000001f007e89b98: ;   {runtime_call UncommonTrapBlob}
  0x000001f007e89b98: c5f8 77e8 

  0x000001f007e89b9c: ; ImmutableOopMap {rbp=Oop [56]=Oop }
                      ;*ifeq {reexecute=1 rethrow=0 return_oop=0}
                      ; - (reexecute) com.sun.javafx.font.PrismFontFile::equals@45 (line 1400)
                      ; - com.sun.javafx.font.PrismCompositeFontResource::equals@28 (line 229)
                      ; - com.sun.javafx.font.PrismFont::equals@40 (line 108)
                      ; - com.sun.javafx.text.PrismTextLayout::initCache@40 (line 729)
                      ; - com.sun.javafx.text.PrismTextLayout::layout@1 (line 1060)
  0x000001f007e89b9c: 40a2 70ff 

  0x000001f007e89ba0: ;   {post_call_nop}
  0x000001f007e89ba0: 0f1f 8400 | 1832 004e | 4889 8c24 | 9800 0000 | 4489 9c24 | 9000 0000 | 4c8b 5c24 | 504c 899c 
  0x000001f007e89bc0: 2488 0000 | 0044 8954 | 247c 4889 | ac24 8000 | 0000 4489 | 6c24 78c5 | fa11 4424 | 744c 8b94 
  0x000001f007e89be0: 24a0 0000 | 004c 8954 | 2468 895c | 2454 8974 | 2450 488b 

  0x000001f007e89bf4: ;   {metadata('com/sun/javafx/text/TextRun'[])}
  0x000001f007e89bf4: 6c24 3048 | ba00 6d30 | 2800 0000 | 0044 8b84 | 2490 0000 | 0066 6690 

  0x000001f007e89c0c: ;   {runtime_call C2 Runtime new_array}
  0x000001f007e89c0c: c5f8 77e8 

  0x000001f007e89c10: ; ImmutableOopMap {rbp=Oop [32]=Oop [40]=Oop [56]=Oop [72]=Oop [92]=NarrowOop [104]=Oop [116]=NarrowOop [128]=Oop [160]=Oop }
                      ;*anewarray {reexecute=0 rethrow=0 return_oop=1}
                      ; - com.sun.javafx.text.PrismTextLayout::layout@589 (line 1193)
  0x000001f007e89c10: 4c97 70ff 

  0x000001f007e89c14: ;   {post_call_nop}
  0x000001f007e89c14: 0f1f 8400 | 8c32 004f | 4889 6c24 | 308b 7424 | 508b 5c24 | 54c5 fa10 | 4424 7444 | 8b6c 2478 
  0x000001f007e89c34: 488b ac24 | 8000 0000 | 448b 5424 | 7c4c 8b9c | 2488 0000 | 004c 895c | 2450 448b | 9c24 9000 
  0x000001f007e89c54: 0000 488b | 8c24 9800 | 0000 4c8b | f0e9 98f1 | ffff bacc | ffff ff48 | 894c 2420 | 4489 6c24 
  0x000001f007e89c74: 284c 8954 | 2430 6690 

  0x000001f007e89c7c: ;   {runtime_call UncommonTrapBlob}
  0x000001f007e89c7c: c5f8 77e8 

  0x000001f007e89c80: ; ImmutableOopMap {rbp=NarrowOop [32]=Oop [48]=Oop }
                      ;*invokestatic arraycopy {reexecute=0 rethrow=0 return_oop=0}
                      ; - com.sun.javafx.text.PrismTextLayout::initCache@152 (line 747)
                      ; - com.sun.javafx.text.PrismTextLayout::layout@1 (line 1060)
  0x000001f007e89c80: 5ca1 70ff 

  0x000001f007e89c84: ;   {post_call_nop}
  0x000001f007e89c84: 0f1f 8400 | fc32 0050 | ba45 ffff | ff89 4424 | 2866 6690 

  0x000001f007e89c98: ;   {runtime_call UncommonTrapBlob}
  0x000001f007e89c98: c5f8 77e8 

  0x000001f007e89c9c: ; ImmutableOopMap {rbp=Oop [56]=Oop }
                      ;*ifeq {reexecute=1 rethrow=0 return_oop=0}
                      ; - (reexecute) com.sun.javafx.text.PrismTextLayout::layout@30 (line 1067)
  0x000001f007e89c9c: 40a1 70ff 

  0x000001f007e89ca0: ;   {post_call_nop}
  0x000001f007e89ca0: 0f1f 8400 | 1833 0051 | bae4 ffff | ff48 8b6c | 2430 4c8b | 4424 384c | 8944 2420 | 448b 4424 
  0x000001f007e89cc0: 4044 8944 | 2430 c5fa | 104c 2444 | c5fa 114c | 2434 448b | 4c24 5044 | 894c 2438 | 448b 4424 
  0x000001f007e89ce0: 5844 8944 | 243c 4c8b | 4424 484c | 8944 2440 | 448b 4c24 | 5444 894c | 2448 448b | 4424 5c44 
  0x000001f007e89d00: 8944 244c | c5fa 104c | 2460 c5fa | 114c 2450 | 4489 5c24 | 5444 8954 | 2458 894c | 245c 897c 
  0x000001f007e89d20: 2460 6690 

  0x000001f007e89d24: ;   {runtime_call UncommonTrapBlob}
  0x000001f007e89d24: c5f8 77e8 

  0x000001f007e89d28: ; ImmutableOopMap {rbp=Oop [32]=Oop [40]=Oop [64]=Oop [76]=NarrowOop }
                      ;*iaload {reexecute=0 rethrow=0 return_oop=0}
                      ; - java.lang.CharacterDataLatin1::getProperties@7 (line 75)
                      ; - java.lang.CharacterDataLatin1::isWhitespace@2 (line 281)
                      ; - java.lang.Character::isWhitespace@5 (line 11711)
                      ; - java.lang.Character::isWhitespace@1 (line 11680)
                      ; - com.sun.javafx.text.PrismTextLayout::layout@414 (line 1147)
  0x000001f007e89d28: b4a0 70ff 

  0x000001f007e89d2c: ;   {post_call_nop}
  0x000001f007e89d2c: 0f1f 8400 | a433 0052 | bae4 ffff | ff4c 8b44 | 2430 4c89 | 4424 204c | 8b44 2438 | 4c89 4424 
  0x000001f007e89d4c: 3044 8b44 | 2440 4489 | 4424 38c5 | fa10 4c24 | 44c5 fa11 | 4c24 3c89 | 7424 4044 | 8b44 2458 
  0x000001f007e89d6c: 4489 4424 | 448b 4c24 | 5489 4c24 | 5044 8b44 | 245c 4489 | 4424 54c5 | fa10 4424 | 60c5 fa11 
  0x000001f007e89d8c: 4424 5844 | 895c 245c | 4489 5424 | 6089 5c24 | 6866 6690 

  0x000001f007e89da0: ;   {runtime_call UncommonTrapBlob}
  0x000001f007e89da0: c5f8 77e8 

  0x000001f007e89da4: ; ImmutableOopMap {rbp=NarrowOop [32]=Oop [40]=Oop [48]=Oop [72]=Oop [84]=NarrowOop }
                      ;*aaload {reexecute=0 rethrow=0 return_oop=0}
                      ; - com.sun.javafx.text.PrismTextLayout::layout@475 (line 1161)
  0x000001f007e89da4: 38a0 70ff 

  0x000001f007e89da8: ;   {post_call_nop}
  0x000001f007e89da8: 0f1f 8400 | 2034 0053 | baf6 ffff | ff48 8b6c | 2430 4c8b | 4424 384c | 8944 2420 | 448b 4424 
  0x000001f007e89dc8: 4044 8944 | 2430 c5fa | 104c 2444 | c5fa 114c | 2434 8974 | 2438 448b | 4424 5844 | 8944 243c 
  0x000001f007e89de8: 4c8b 4424 | 484c 8944 | 2440 8b4c | 2454 894c | 2448 448b | 4424 5c44 | 8944 244c | 4489 5c24 
  0x000001f007e89e08: 5444 8954 | 2458 895c | 245c 6690 

  0x000001f007e89e14: ;   {runtime_call UncommonTrapBlob}
  0x000001f007e89e14: c5f8 77e8 

  0x000001f007e89e18: ; ImmutableOopMap {rbp=Oop [32]=Oop [40]=Oop [64]=Oop [76]=NarrowOop }
                      ;*invokevirtual getEnd {reexecute=0 rethrow=0 return_oop=0}
                      ; - com.sun.javafx.text.PrismTextLayout::layout@480 (line 1162)
  0x000001f007e89e18: c49f 70ff 

  0x000001f007e89e1c: ;   {post_call_nop}
  0x000001f007e89e1c: 0f1f 8400 | 9434 0054 | bac6 ffff | ff48 8b6c | 2420 894c | 2430 4489 | 5424 3490 

  0x000001f007e89e38: ;   {runtime_call UncommonTrapBlob}
  0x000001f007e89e38: c5f8 77e8 

  0x000001f007e89e3c: ; ImmutableOopMap {rbp=Oop [48]=NarrowOop [52]=NarrowOop [56]=Oop }
                      ;*invokeinterface equals {reexecute=0 rethrow=0 return_oop=0}
                      ; - com.sun.javafx.font.PrismFont::equals@40 (line 108)
                      ; - com.sun.javafx.text.PrismTextLayout::initCache@40 (line 729)
                      ; - com.sun.javafx.text.PrismTextLayout::layout@1 (line 1060)
  0x000001f007e89e3c: a09f 70ff 

  0x000001f007e89e40: ;   {post_call_nop}
  0x000001f007e89e40: 0f1f 8400 | b834 0055 | baf6 ffff | ff66 6690 

  0x000001f007e89e50: ;   {runtime_call UncommonTrapBlob}
  0x000001f007e89e50: c5f8 77e8 

  0x000001f007e89e54: ; ImmutableOopMap {rbp=NarrowOop [32]=Oop }
                      ;*invokevirtual equals {reexecute=0 rethrow=0 return_oop=0}
                      ; - com.sun.javafx.font.LogicalFont::equals@28 (line 552)
                      ; - com.sun.javafx.font.PrismFont::equals@40 (line 108)
                      ; - com.sun.javafx.text.PrismTextLayout::initCache@40 (line 729)
                      ; - com.sun.javafx.text.PrismTextLayout::layout@1 (line 1060)
  0x000001f007e89e54: 889f 70ff 

  0x000001f007e89e58: ;   {post_call_nop}
  0x000001f007e89e58: 0f1f 8400 | d034 0056 | ba45 ffff | ff4c 8b44 | 2430 4c89 | 4424 204c | 8b44 2438 | 4c89 4424 
  0x000001f007e89e78: 3044 8b4c | 2440 4489 | 4c24 38c5 | fa10 4424 | 44c5 fa11 | 4424 3c44 | 8b4c 2450 | 4489 4c24 
  0x000001f007e89e98: 4044 8b44 | 2458 4489 | 4424 4444 | 8b4c 2454 | 4489 4c24 | 5044 8b44 | 245c 4489 | 4424 54c5 
  0x000001f007e89eb8: fa10 4424 | 60c5 fa11 | 4424 5844 | 895c 245c | 4489 5424 | 6089 4c24 | 6466 6690 

  0x000001f007e89ed4: ;   {runtime_call UncommonTrapBlob}
  0x000001f007e89ed4: c5f8 77e8 

  0x000001f007e89ed8: ; ImmutableOopMap {[32]=Oop [40]=Oop [48]=Oop [72]=Oop [84]=NarrowOop }
                      ;*ifne {reexecute=1 rethrow=0 return_oop=0}
                      ; - (reexecute) com.sun.javafx.text.PrismTextLayout::layout@421 (line 1148)
  0x000001f007e89ed8: 049f 70ff 

  0x000001f007e89edc: ;   {post_call_nop}
  0x000001f007e89edc: 0f1f 8400 | 5435 0057 | bae4 ffff | ff48 8b6c | 2430 448b | 4424 4044 | 8944 2430 | c5fa 104c 
  0x000001f007e89efc: 2444 c5fa | 114c 2434 | 448b 4424 | 5044 8944 | 2440 448b | 4c24 5844 | 894c 2444 | 448b 4424 
  0x000001f007e89f1c: 5444 8944 | 2450 448b | 4c24 5c44 | 894c 2454 | c5fa 1044 | 2460 c5fa | 1144 2458 | 4489 5c24 
  0x000001f007e89f3c: 5c44 8954 | 2464 6690 

  0x000001f007e89f44: ;   {runtime_call UncommonTrapBlob}
  0x000001f007e89f44: c5f8 77e8 

  0x000001f007e89f48: ; ImmutableOopMap {rbp=Oop [40]=Oop [56]=Oop [72]=Oop [84]=NarrowOop }
                      ;*caload {reexecute=0 rethrow=0 return_oop=0}
                      ; - com.sun.javafx.text.PrismTextLayout::layout@395 (line 1145)
  0x000001f007e89f48: 949e 70ff 

  0x000001f007e89f4c: ;   {post_call_nop}
  0x000001f007e89f4c: 0f1f 8400 | c435 0058 | bae4 ffff | ff48 8b6c | 2430 4c8b | 4c24 384c | 894c 2420 | 8b4c 2440 
  0x000001f007e89f6c: 894c 2430 | c5fa 1044 | 2444 c5fa | 1144 2434 | 448b 4c24 | 5044 894c | 2438 8b4c | 2458 894c 
  0x000001f007e89f8c: 243c 4c8b | 4c24 484c | 894c 2440 | 448b 4c24 | 5444 894c | 2448 448b | 4c24 5c44 | 894c 244c 
  0x000001f007e89fac: 4489 5c24 | 5444 8954 | 2458 4489 | 4424 5c90 

  0x000001f007e89fbc: ;   {runtime_call UncommonTrapBlob}
  0x000001f007e89fbc: c5f8 77e8 

  0x000001f007e89fc0: ; ImmutableOopMap {rbp=Oop [32]=Oop [40]=Oop [64]=Oop [76]=NarrowOop }
                      ;*iaload {reexecute=0 rethrow=0 return_oop=0}
                      ; - java.lang.CharacterDataLatin1::getProperties@7 (line 75)
                      ; - java.lang.CharacterDataLatin1::isWhitespace@2 (line 281)
                      ; - java.lang.Character::isWhitespace@5 (line 11711)
                      ; - java.lang.Character::isWhitespace@1 (line 11680)
                      ; - com.sun.javafx.text.PrismTextLayout::layout@396 (line 1145)
  0x000001f007e89fc0: 1c9e 70ff 

  0x000001f007e89fc4: ;   {post_call_nop}
  0x000001f007e89fc4: 0f1f 8400 | 3c36 0059 | baf6 ffff | ff48 8b6c | 2430 4c8b | 5c24 384c | 895c 2420 | 448b 5c24 
  0x000001f007e89fe4: 4044 895c | 2430 c5fa | 104c 2444 | c5fa 114c | 2434 8974 | 2438 4c8b | 5c24 484c | 895c 2440 
  0x000001f007e8a004: 895c 2450 | 4489 5424 | 5466 6690 

  0x000001f007e8a010: ;   {runtime_call UncommonTrapBlob}
  0x000001f007e8a010: c5f8 77e8 

  0x000001f007e8a014: ; ImmutableOopMap {rbp=Oop [32]=Oop [40]=Oop [64]=Oop [92]=NarrowOop }
                      ;*invokevirtual getStart {reexecute=0 rethrow=0 return_oop=0}
                      ; - com.sun.javafx.text.PrismTextLayout::layout@520 (line 1175)
  0x000001f007e8a014: c89d 70ff 

  0x000001f007e8a018: ;   {post_call_nop}
  0x000001f007e8a018: 0f1f 8400 | 9036 005a | bae4 ffff | ff48 8b6c | 2430 448b | 4424 4044 | 8944 2430 | c5fa 1044 
  0x000001f007e8a038: 2444 c5fa | 1144 2434 | 448b 4424 | 5044 8944 | 2440 448b | 5424 5844 | 8954 2444 | 448b 4424 
  0x000001f007e8a058: 5444 8944 | 2450 448b | 4424 5c44 | 8944 2454 | c5fa 104c | 2460 c5fa | 114c 2458 | 4489 5c24 
  0x000001f007e8a078: 6044 895c | 2464 6690 

  0x000001f007e8a080: ;   {runtime_call UncommonTrapBlob}
  0x000001f007e8a080: c5f8 77e8 

  0x000001f007e8a084: ; ImmutableOopMap {rbp=Oop [40]=Oop [56]=Oop [72]=Oop [84]=NarrowOop }
                      ;*caload {reexecute=0 rethrow=0 return_oop=0}
                      ; - com.sun.javafx.text.PrismTextLayout::layout@338 (line 1130)
  0x000001f007e8a084: 589d 70ff 

  0x000001f007e8a088: ;   {post_call_nop}
  0x000001f007e8a088: 0f1f 8400 | 0037 005b | bae4 ffff | ff48 8b6c | 2430 4c8b | 5424 384c | 8954 2420 | 448b 4424 
  0x000001f007e8a0a8: 4044 8944 | 2430 c5fa | 104c 2444 | c5fa 114c | 2434 8974 | 2438 448b | 4424 5844 | 8944 243c 
  0x000001f007e8a0c8: 4c8b 5424 | 484c 8954 | 2440 4489 | 5c24 48c5 | fa11 4424 | 5489 5c24 | 5866 6690 

  0x000001f007e8a0e4: ;   {runtime_call UncommonTrapBlob}
  0x000001f007e8a0e4: c5f8 77e8 

  0x000001f007e8a0e8: ; ImmutableOopMap {rbp=Oop [32]=Oop [40]=Oop [64]=Oop [84]=NarrowOop [92]=NarrowOop }
                      ;*aaload {reexecute=0 rethrow=0 return_oop=0}
                      ; - com.sun.javafx.text.PrismTextLayout::layout@734 (line 1209)
  0x000001f007e8a0e8: f49c 70ff 

  0x000001f007e8a0ec: ;   {post_call_nop}
  0x000001f007e8a0ec: 0f1f 8400 | 6437 005c | baf6 ffff | ff48 8b6c | 2430 4c8b | 5424 384c | 8954 2420 | 448b 4424 
  0x000001f007e8a10c: 4044 8944 | 2430 c5fa | 1044 2444 | c5fa 1144 | 2434 8974 | 2438 4c8b | 5424 484c | 8954 2440 
  0x000001f007e8a12c: 4489 5c24 | 4866 6690 

  0x000001f007e8a134: ;   {runtime_call UncommonTrapBlob}
  0x000001f007e8a134: c5f8 77e8 

  0x000001f007e8a138: ; ImmutableOopMap {rbp=Oop [32]=Oop [40]=Oop [64]=Oop [92]=NarrowOop }
                      ;*invokevirtual isLinebreak {reexecute=0 rethrow=0 return_oop=0}
                      ; - com.sun.javafx.text.PrismTextLayout::layout@735 (line 1209)
  0x000001f007e8a138: a49c 70ff 

  0x000001f007e8a13c: ;   {post_call_nop}
  0x000001f007e8a13c: 0f1f 8400 | b437 005d | ba45 ffff | ff48 8b6c | 2430 4c8b | 4424 384c | 8944 2420 | 448b 4424 
  0x000001f007e8a15c: 4044 8944 | 2430 c5fa | 104c 2444 | c5fa 114c | 2434 448b | 4424 5044 | 8944 2438 | 4c8b 4424 
  0x000001f007e8a17c: 484c 8944 | 2440 448b | 4c24 5444 | 894c 2448 | 448b 4424 | 5c44 8944 | 244c c5fa | 1044 2460 
  0x000001f007e8a19c: c5fa 1144 | 2450 4489 | 5c24 5444 | 8954 2460 

  0x000001f007e8a1ac: ;   {runtime_call UncommonTrapBlob}
  0x000001f007e8a1ac: c5f8 77e8 

  0x000001f007e8a1b0: ; ImmutableOopMap {rbp=Oop [32]=Oop [40]=Oop [64]=Oop [76]=NarrowOop }
                      ;*if_icmple {reexecute=1 rethrow=0 return_oop=0}
                      ; - (reexecute) com.sun.javafx.text.PrismTextLayout::layout@405 (line 1146)
  0x000001f007e8a1b0: 2c9c 70ff 

  0x000001f007e8a1b4: ;   {post_call_nop}
  0x000001f007e8a1b4: 0f1f 8400 | 2c38 005e | bae4 ffff | ff4c 8b54 | 2430 4c89 | 5424 204c | 8b54 2438 | 4c89 5424 
  0x000001f007e8a1d4: 3044 8b5c | 2440 4489 | 5c24 38c5 | fa10 4424 | 44c5 fa11 | 4424 3c44 | 8b54 2450 | 4489 5424 
  0x000001f007e8a1f4: 4044 8b5c | 2458 4489 | 5c24 4444 | 8b54 2454 | 4489 5424 | 5044 8b5c | 245c 4489 | 5c24 54c5 
  0x000001f007e8a214: fa10 4c24 | 60c5 fa11 | 4c24 5848 | 8944 2468 

  0x000001f007e8a224: ;   {runtime_call UncommonTrapBlob}
  0x000001f007e8a224: c5f8 77e8 

  0x000001f007e8a228: ; ImmutableOopMap {rbp=Oop [32]=Oop [40]=Oop [48]=Oop [72]=Oop [84]=NarrowOop [104]=Oop [160]=Oop }
                      ;*aastore {reexecute=1 rethrow=0 return_oop=0}
                      ; - (reexecute) com.sun.javafx.text.PrismTextLayout::layout@688 (line 1200)
  0x000001f007e8a228: b49b 70ff 

  0x000001f007e8a22c: ;   {post_call_nop}
  0x000001f007e8a22c: 0f1f 8400 | a438 005f | 4883 c1fe | 498b f948 | 33c0 4883 | f908 7f10 | 48ff c978 | 5648 8904 
  0x000001f007e8a24c: cf48 ffc9 | 7df7 eb4b | c5fd efc0 | e90d 0000 | 00c5 fe7f | 07c5 fe7f | 4720 4883 | c740 4883 
  0x000001f007e8a26c: e908 7ded | 4883 c104 | 7c0c c5fe | 7f07 4883 | c720 4883 | e904 4883 | c104 7e17 | 48c7 c0ff 
  0x000001f007e8a28c: ffff ffc4 | e2f0 f5c0 | c4e1 fb92 | f862 f1fe | 2f7f 07e9 | e1eb ffff | bacc ffff | ff48 8b6c 
  0x000001f007e8a2ac: 2430 4c8b | 5424 384c | 8954 2420 | 448b 4424 | 4044 8944 | 2430 c5fa | 1044 2444 | c5fa 1144 
  0x000001f007e8a2cc: 2434 8974 | 2438 448b | 4424 5844 | 8944 243c | 4c8b 5424 | 484c 8954 | 2440 895c | 2448 448b 
  0x000001f007e8a2ec: 4424 5c44 | 8944 244c | c5fa 104c | 2460 c5fa | 114c 2450 | 4489 5c24 | 6066 6690 

  0x000001f007e8a308: ;   {runtime_call UncommonTrapBlob}
  0x000001f007e8a308: c5f8 77e8 

  0x000001f007e8a30c: ; ImmutableOopMap {rbp=Oop [32]=Oop [40]=Oop [64]=Oop [76]=NarrowOop [160]=Oop }
                      ;*anewarray {reexecute=1 rethrow=0 return_oop=0}
                      ; - (reexecute) com.sun.javafx.text.PrismTextLayout::layout@589 (line 1193)
  0x000001f007e8a30c: d09a 70ff 

  0x000001f007e8a310: ;   {post_call_nop}
  0x000001f007e8a310: 0f1f 8400 | 8839 0060 | bacc ffff | ff48 8b6c | 2430 4c8b | 5c24 384c | 895c 2420 | 448b 4424 
  0x000001f007e8a330: 4044 8944 | 2430 c5fa | 104c 2444 | c5fa 114c | 2434 8974 | 2438 448b | 4424 5844 | 8944 243c 
  0x000001f007e8a350: 4c8b 5c24 | 484c 895c | 2440 895c | 2448 448b | 4424 5c44 | 8944 244c | c5fa 104c | 2460 c5fa 
  0x000001f007e8a370: 114c 2450 | 4489 6c24 | 64c5 fa11 | 4424 6844 | 8954 246c | 4489 4c24 | 7066 6690 

  0x000001f007e8a38c: ;   {runtime_call UncommonTrapBlob}
  0x000001f007e8a38c: c5f8 77e8 

  0x000001f007e8a390: ; ImmutableOopMap {rbp=Oop [32]=Oop [40]=Oop [64]=Oop [76]=NarrowOop [104]=NarrowOop [160]=Oop }
                      ;*invokestatic arraycopy {reexecute=0 rethrow=0 return_oop=0}
                      ; - com.sun.javafx.text.PrismTextLayout::layout@670 (line 1198)
  0x000001f007e8a390: 4c9a 70ff 

  0x000001f007e8a394: ;   {post_call_nop}
  0x000001f007e8a394: 0f1f 8400 | 0c3a 0061 | bacc ffff | ff4c 8b5c | 2430 4c89 | 5c24 204c | 8b5c 2438 | 4c89 5c24 
  0x000001f007e8a3b4: 3044 8b44 | 2440 4489 | 4424 38c5 | fa10 4424 | 44c5 fa11 | 4424 3c89 | 7424 4044 | 8b5c 2458 
  0x000001f007e8a3d4: 4489 5c24 | 4489 5c24 | 5044 8b5c | 245c 4489 | 5c24 54c5 | fa10 4c24 | 60c5 fa11 | 4c24 5889 
  0x000001f007e8a3f4: 4c24 7044 | 896c 2474 | 4c89 7424 | 7844 8994 | 2480 0000 | 0066 6690 

  0x000001f007e8a40c: ;   {runtime_call UncommonTrapBlob}
  0x000001f007e8a40c: c5f8 77e8 

  0x000001f007e8a410: ; ImmutableOopMap {[32]=Oop [40]=Oop [48]=Oop [72]=Oop [84]=NarrowOop [112]=NarrowOop [120]=Oop [160]=Oop }
                      ;*invokestatic arraycopy {reexecute=0 rethrow=0 return_oop=0}
                      ; - com.sun.javafx.text.PrismTextLayout::layout@633 (line 1195)
  0x000001f007e8a410: cc99 70ff 

  0x000001f007e8a414: ;   {post_call_nop}
  0x000001f007e8a414: 0f1f 8400 | 8c3a 0062 | bae4 ffff | ff4c 894c | 2420 4c8b | 5c24 384c | 895c 2430 | 448b 5c24 
  0x000001f007e8a434: 4044 895c | 2438 c5fa | 104c 2444 | c5fa 114c | 243c 448b | 5c24 5044 | 895c 2440 | 448b 5c24 
  0x000001f007e8a454: 5844 895c | 2444 4489 | 5424 5890 

  0x000001f007e8a460: ;   {runtime_call UncommonTrapBlob}
  0x000001f007e8a460: c5f8 77e8 

  0x000001f007e8a464: ; ImmutableOopMap {rbp=NarrowOop [32]=Oop [40]=Oop [48]=Oop [72]=Oop }
                      ;*aaload {reexecute=0 rethrow=0 return_oop=0}
                      ; - com.sun.javafx.text.PrismTextLayout::layout@747 (line 1210)
  0x000001f007e8a464: 7899 70ff 

  0x000001f007e8a468: ;   {post_call_nop}
  0x000001f007e8a468: 0f1f 8400 | e03a 0063 | baf6 ffff | ff49 8be9 | 4c8b 5c24 | 384c 895c | 2420 448b | 5c24 4044 
  0x000001f007e8a488: 895c 2430 | c5fa 104c | 2444 c5fa | 114c 2434 | 4c8b 5c24 | 484c 895c | 2440 6690 

  0x000001f007e8a4a4: ;   {runtime_call UncommonTrapBlob}
  0x000001f007e8a4a4: c5f8 77e8 

  0x000001f007e8a4a8: ; ImmutableOopMap {rbp=Oop [32]=Oop [40]=Oop [64]=Oop }
                      ;*invokevirtual setSoftbreak {reexecute=0 rethrow=0 return_oop=0}
                      ; - com.sun.javafx.text.PrismTextLayout::layout@752 (line 1211)
  0x000001f007e8a4a8: 3499 70ff 

  0x000001f007e8a4ac: ;   {post_call_nop}
  0x000001f007e8a4ac: 0f1f 8400 | 243b 0064 | bac6 ffff | ff48 8b6c | 2430 4c8b | 4424 384c | 8944 2420 | 448b 4424 
  0x000001f007e8a4cc: 4044 8944 | 2430 c5fa | 104c 2444 | c5fa 114c | 2434 448b | 4c24 5044 | 894c 2438 | 448b 4424 
  0x000001f007e8a4ec: 5844 8944 | 243c 4c8b | 4424 484c | 8944 2440 | 448b 4c24 | 5444 894c | 2448 448b | 4424 5c44 
  0x000001f007e8a50c: 8944 244c | c5fa 104c | 2460 c5fa | 114c 2450 | 4489 5c24 | 5444 8954 | 2458 894c | 245c 4889 
  0x000001f007e8a52c: 5c24 6089 | 7c24 6890 

  0x000001f007e8a534: ;   {runtime_call UncommonTrapBlob}
  0x000001f007e8a534: c5f8 77e8 

  0x000001f007e8a538: ; ImmutableOopMap {rbp=Oop [32]=Oop [40]=Oop [64]=Oop [76]=NarrowOop [96]=Oop }
                      ;*invokevirtual isWhitespace {reexecute=0 rethrow=0 return_oop=0}
                      ; - java.lang.Character::isWhitespace@5 (line 11711)
                      ; - java.lang.Character::isWhitespace@1 (line 11680)
                      ; - com.sun.javafx.text.PrismTextLayout::layout@414 (line 1147)
  0x000001f007e8a538: a498 70ff 

  0x000001f007e8a53c: ;   {post_call_nop}
  0x000001f007e8a53c: 0f1f 8400 | b43b 0065 | bac6 ffff | ff48 8b6c | 2430 488b | 4c24 3848 | 894c 2420 | 8b4c 2440 
  0x000001f007e8a55c: 894c 2430 | c5fa 104c | 2444 c5fa | 114c 2434 | 8b5c 2450 | 895c 2438 | 8b4c 2458 | 894c 243c 
  0x000001f007e8a57c: 488b 4c24 | 4848 894c | 2440 8b5c | 2454 895c | 2448 8b4c | 245c 894c | 244c c5fa | 104c 2460 
  0x000001f007e8a59c: c5fa 114c | 2450 4489 | 5c24 5444 | 8954 2458 | 4c89 4c24 | 6044 8944 | 245c 6690 

  0x000001f007e8a5b8: ;   {runtime_call UncommonTrapBlob}
  0x000001f007e8a5b8: c5f8 77e8 

  0x000001f007e8a5bc: ; ImmutableOopMap {rbp=Oop [32]=Oop [40]=Oop [64]=Oop [76]=NarrowOop [96]=Oop }
                      ;*invokevirtual isWhitespace {reexecute=0 rethrow=0 return_oop=0}
                      ; - java.lang.Character::isWhitespace@5 (line 11711)
                      ; - java.lang.Character::isWhitespace@1 (line 11680)
                      ; - com.sun.javafx.text.PrismTextLayout::layout@396 (line 1145)
  0x000001f007e8a5bc: 2098 70ff 

  0x000001f007e8a5c0: ;   {post_call_nop}
  0x000001f007e8a5c0: 0f1f 8400 | 383c 0066 | bade ffff | ff48 8b6c | 2420 897c | 2428 6690 

  0x000001f007e8a5d8: ;   {runtime_call UncommonTrapBlob}
  0x000001f007e8a5d8: c5f8 77e8 

  0x000001f007e8a5dc: ; ImmutableOopMap {rbp=Oop [40]=NarrowOop }
                      ;*checkcast {reexecute=0 rethrow=0 return_oop=0}
                      ; - com.sun.javafx.text.PrismTextLayout::initCache@24 (line 728)
                      ; - com.sun.javafx.text.PrismTextLayout::layout@1 (line 1060)
  0x000001f007e8a5dc: 0098 70ff 

  0x000001f007e8a5e0: ;   {post_call_nop}
  0x000001f007e8a5e0: 0f1f 8400 | 583c 0067 | bade ffff | ff4c 8b5c | 2438 4c89 | 5c24 3044 | 8954 243c 

  0x000001f007e8a5fc: ;   {runtime_call UncommonTrapBlob}
  0x000001f007e8a5fc: c5f8 77e8 

  0x000001f007e8a600: ; ImmutableOopMap {rbp=Oop [32]=Oop [48]=Oop [60]=NarrowOop }
                      ;*instanceof {reexecute=0 rethrow=0 return_oop=0}
                      ; - com.sun.javafx.font.PrismFont::equals@7 (line 98)
                      ; - com.sun.javafx.text.PrismTextLayout::initCache@40 (line 729)
                      ; - com.sun.javafx.text.PrismTextLayout::layout@1 (line 1060)
  0x000001f007e8a600: dc97 70ff 

  0x000001f007e8a604: ;   {post_call_nop}
  0x000001f007e8a604: 0f1f 8400 | 7c3c 0068 | bade ffff | ff4c 8b5c | 2438 4c89 | 5c24 3044 | 8954 243c 

  0x000001f007e8a620: ;   {runtime_call UncommonTrapBlob}
  0x000001f007e8a620: c5f8 77e8 

  0x000001f007e8a624: ; ImmutableOopMap {rbp=Oop [32]=Oop [48]=Oop [60]=NarrowOop }
                      ;*instanceof {reexecute=0 rethrow=0 return_oop=0}
                      ; - com.sun.javafx.font.PrismCompositeFontResource::equals@7 (line 225)
                      ; - com.sun.javafx.font.PrismFont::equals@40 (line 108)
                      ; - com.sun.javafx.text.PrismTextLayout::initCache@40 (line 729)
                      ; - com.sun.javafx.text.PrismTextLayout::layout@1 (line 1060)
  0x000001f007e8a624: b897 70ff 

  0x000001f007e8a628: ;   {post_call_nop}
  0x000001f007e8a628: 0f1f 8400 | a03c 0069 | bade ffff | ff48 8b6c | 2420 4c8b | 5c24 384c | 895c 2428 | 4c89 5424 
  0x000001f007e8a648: 3089 4c24 | 3c66 6690 

  0x000001f007e8a650: ;   {runtime_call UncommonTrapBlob}
  0x000001f007e8a650: c5f8 77e8 

  0x000001f007e8a654: ; ImmutableOopMap {rbp=Oop [40]=Oop [48]=Oop [60]=NarrowOop }
                      ;*instanceof {reexecute=0 rethrow=0 return_oop=0}
                      ; - com.sun.javafx.font.PrismFontFile::equals@7 (line 1396)
                      ; - com.sun.javafx.font.PrismCompositeFontResource::equals@28 (line 229)
                      ; - com.sun.javafx.font.PrismFont::equals@40 (line 108)
                      ; - com.sun.javafx.text.PrismTextLayout::initCache@40 (line 729)
                      ; - com.sun.javafx.text.PrismTextLayout::layout@1 (line 1060)
  0x000001f007e8a654: 8897 70ff 

  0x000001f007e8a658: ;   {post_call_nop}
  0x000001f007e8a658: 0f1f 8400 | d03c 006a | baf6 ffff | ff48 8b6c | 2430 6690 

  0x000001f007e8a66c: ;   {runtime_call UncommonTrapBlob}
  0x000001f007e8a66c: c5f8 77e8 

  0x000001f007e8a670: ; ImmutableOopMap {rbp=Oop }
                      ;*arraylength {reexecute=0 rethrow=0 return_oop=0}
                      ; - java.util.Hashtable::get@15 (line 384)
                      ; - com.sun.javafx.text.PrismTextLayout::initCache@21 (line 728)
                      ; - com.sun.javafx.text.PrismTextLayout::layout@1 (line 1060)
  0x000001f007e8a670: 6c97 70ff 

  0x000001f007e8a674: ;   {post_call_nop}
  0x000001f007e8a674: 0f1f 8400 | ec3c 006b | ba95 ffff | ff48 8be8 

  0x000001f007e8a684: ;   {runtime_call UncommonTrapBlob}
  0x000001f007e8a684: c5f8 77e8 

  0x000001f007e8a688: ; ImmutableOopMap {rbp=Oop }
                      ;*astore {reexecute=0 rethrow=0 return_oop=0}
                      ; - com.sun.javafx.text.PrismTextLayout::layout@1619 (line 1351)
  0x000001f007e8a688: 5497 70ff 

  0x000001f007e8a68c: ;   {post_call_nop}
  0x000001f007e8a68c: 0f1f 8400 | 043d 006c | baf6 ffff | ff48 8b6c | 2430 6690 

  0x000001f007e8a6a0: ;   {runtime_call UncommonTrapBlob}
  0x000001f007e8a6a0: c5f8 77e8 

  0x000001f007e8a6a4: ; ImmutableOopMap {rbp=Oop }
                      ;*invokevirtual getBounds {reexecute=0 rethrow=0 return_oop=0}
                      ; - com.sun.javafx.text.PrismTextLayout::initCache@245 (line 757)
                      ; - com.sun.javafx.text.PrismTextLayout::layout@1 (line 1060)
  0x000001f007e8a6a4: 3897 70ff 

  0x000001f007e8a6a8: ;   {post_call_nop}
  0x000001f007e8a6a8: 0f1f 8400 | 203d 006d | baf6 ffff | ff48 8b6c | 2430 6690 

  0x000001f007e8a6bc: ;   {runtime_call UncommonTrapBlob}
  0x000001f007e8a6bc: c5f8 77e8 

  0x000001f007e8a6c0: ; ImmutableOopMap {rbp=Oop }
                      ;*invokevirtual getMinY {reexecute=0 rethrow=0 return_oop=0}
                      ; - com.sun.javafx.text.PrismTextLayout::initCache@248 (line 757)
                      ; - com.sun.javafx.text.PrismTextLayout::layout@1 (line 1060)
  0x000001f007e8a6c0: 1c97 70ff 

  0x000001f007e8a6c4: ;   {post_call_nop}
  0x000001f007e8a6c4: 0f1f 8400 | 3c3d 006e | baf6 ffff | ff48 8b6c | 2430 c5fa | 115c 2420 | c5fa 1144 | 2424 c5fa 
  0x000001f007e8a6e4: 114c 2428 

  0x000001f007e8a6e8: ;   {runtime_call UncommonTrapBlob}
  0x000001f007e8a6e8: c5f8 77e8 

  0x000001f007e8a6ec: ; ImmutableOopMap {rbp=Oop }
                      ;*invokevirtual deriveWithNewBounds {reexecute=0 rethrow=0 return_oop=0}
                      ; - com.sun.javafx.text.PrismTextLayout::initCache@271 (line 758)
                      ; - com.sun.javafx.text.PrismTextLayout::layout@1 (line 1060)
  0x000001f007e8a6ec: f096 70ff 

  0x000001f007e8a6f0: ;   {post_call_nop}
  0x000001f007e8a6f0: 0f1f 8400 | 683d 006f | ba45 ffff | ff48 8b6c | 2430 894c | 2420 6690 

  0x000001f007e8a708: ;   {runtime_call UncommonTrapBlob}
  0x000001f007e8a708: c5f8 77e8 

  0x000001f007e8a70c: ; ImmutableOopMap {rbp=Oop [32]=NarrowOop }
                      ;*ifnull {reexecute=1 rethrow=0 return_oop=0}
                      ; - (reexecute) com.sun.javafx.text.PrismTextLayout::initCache@165 (line 750)
                      ; - com.sun.javafx.text.PrismTextLayout::layout@1 (line 1060)
  0x000001f007e8a70c: d096 70ff 

  0x000001f007e8a710: ;   {post_call_nop}
  0x000001f007e8a710: 0f1f 8400 | 883d 0070 | baf6 ffff | ff48 8b6c | 2420 4489 | 5424 2090 

  0x000001f007e8a728: ;   {runtime_call UncommonTrapBlob}
  0x000001f007e8a728: c5f8 77e8 

  0x000001f007e8a72c: ; ImmutableOopMap {rbp=Oop [32]=NarrowOop }
                      ;*invokeinterface equals {reexecute=0 rethrow=0 return_oop=0}
                      ; - com.sun.javafx.text.PrismTextLayout::initCache@40 (line 729)
                      ; - com.sun.javafx.text.PrismTextLayout::layout@1 (line 1060)
  0x000001f007e8a72c: b096 70ff 

  0x000001f007e8a730: ;   {post_call_nop}
  0x000001f007e8a730: 0f1f 8400 | a83d 0071 | baf6 ffff | ff48 8b6c | 2420 4489 | 5424 2090 

  0x000001f007e8a748: ;   {runtime_call UncommonTrapBlob}
  0x000001f007e8a748: c5f8 77e8 

  0x000001f007e8a74c: ; ImmutableOopMap {rbp=Oop [32]=NarrowOop }
                      ;*invokeinterface equals {reexecute=0 rethrow=0 return_oop=0}
                      ; - com.sun.javafx.font.PrismFont::equals@40 (line 108)
                      ; - com.sun.javafx.text.PrismTextLayout::initCache@40 (line 729)
                      ; - com.sun.javafx.text.PrismTextLayout::layout@1 (line 1060)
  0x000001f007e8a74c: 9096 70ff 

  0x000001f007e8a750: ;   {post_call_nop}
  0x000001f007e8a750: 0f1f 8400 | c83d 0072 | baf6 ffff | ff48 8b6c | 2420 894c | 2420 6690 

  0x000001f007e8a768: ;   {runtime_call UncommonTrapBlob}
  0x000001f007e8a768: c5f8 77e8 

  0x000001f007e8a76c: ; ImmutableOopMap {rbp=Oop [32]=NarrowOop }
                      ;*invokeinterface equals {reexecute=0 rethrow=0 return_oop=0}
                      ; - com.sun.javafx.font.PrismCompositeFontResource::equals@28 (line 229)
                      ; - com.sun.javafx.font.PrismFont::equals@40 (line 108)
                      ; - com.sun.javafx.text.PrismTextLayout::initCache@40 (line 729)
                      ; - com.sun.javafx.text.PrismTextLayout::layout@1 (line 1060)
  0x000001f007e8a76c: 7096 70ff 

  0x000001f007e8a770: ;   {post_call_nop}
  0x000001f007e8a770: 0f1f 8400 | e83d 0073 | baf6 ffff | ff66 6690 

  0x000001f007e8a780: ;   {runtime_call UncommonTrapBlob}
  0x000001f007e8a780: c5f8 77e8 

  0x000001f007e8a784: ; ImmutableOopMap {rbp=NarrowOop [32]=Oop }
                      ;*invokevirtual equals {reexecute=0 rethrow=0 return_oop=0}
                      ; - com.sun.javafx.font.PrismFontFile::equals@28 (line 1400)
                      ; - com.sun.javafx.font.PrismCompositeFontResource::equals@28 (line 229)
                      ; - com.sun.javafx.font.PrismFont::equals@40 (line 108)
                      ; - com.sun.javafx.text.PrismTextLayout::initCache@40 (line 729)
                      ; - com.sun.javafx.text.PrismTextLayout::layout@1 (line 1060)
  0x000001f007e8a784: 5896 70ff 

  0x000001f007e8a788: ;   {post_call_nop}
  0x000001f007e8a788: 0f1f 8400 | 003e 0074 | baf6 ffff | ff48 8b6c | 2430 4c8b | 5c24 384c | 895c 2420 | 8b4c 2440 
  0x000001f007e8a7a8: 894c 2430 | c5fa 1154 | 2434 4489 | 5424 3844 | 894c 243c | 4c8b 5424 | 484c 8954 | 2440 895c 
  0x000001f007e8a7c8: 244c 6690 

  0x000001f007e8a7cc: ;   {runtime_call UncommonTrapBlob}
  0x000001f007e8a7cc: c5f8 77e8 

  0x000001f007e8a7d0: ; ImmutableOopMap {rbp=Oop [32]=Oop [40]=Oop [64]=Oop }
                      ;*aaload {reexecute=0 rethrow=0 return_oop=0}
                      ; - com.sun.javafx.text.PrismTextLayout::layout@217 (line 1112)
  0x000001f007e8a7d0: 0c96 70ff 

  0x000001f007e8a7d4: ;   {post_call_nop}
  0x000001f007e8a7d4: 0f1f 8400 | 4c3e 0075 | baf6 ffff | ff48 8b6c | 2430 4c8b | 5424 384c | 8954 2420 | 448b 5424 
  0x000001f007e8a7f4: 4044 8954 | 2430 c5fa | 104c 2444 | c5fa 114c | 2434 4c8b | 5424 484c | 8954 2440 

  0x000001f007e8a810: ;   {runtime_call UncommonTrapBlob}
  0x000001f007e8a810: c5f8 77e8 

  0x000001f007e8a814: ; ImmutableOopMap {rbp=Oop [32]=Oop [40]=Oop [64]=Oop }
                      ;*invokevirtual isTab {reexecute=0 rethrow=0 return_oop=0}
                      ; - com.sun.javafx.text.PrismTextLayout::layout@230 (line 1114)
  0x000001f007e8a814: c895 70ff 

  0x000001f007e8a818: ;   {post_call_nop}
  0x000001f007e8a818: 0f1f 8400 | 903e 0076 | ba45 ffff | ff48 8b6c | 2420 4489 | 5424 3490 

  0x000001f007e8a830: ;   {runtime_call UncommonTrapBlob}
  0x000001f007e8a830: c5f8 77e8 

  0x000001f007e8a834: ; ImmutableOopMap {rbp=Oop [52]=NarrowOop [56]=Oop }
                      ;*ifnonnull {reexecute=1 rethrow=0 return_oop=0}
                      ; - (reexecute) com.sun.javafx.font.PrismCompositeFontResource::equals@1 (line 222)
                      ; - com.sun.javafx.font.PrismFont::equals@40 (line 108)
                      ; - com.sun.javafx.text.PrismTextLayout::initCache@40 (line 729)
                      ; - com.sun.javafx.text.PrismTextLayout::layout@1 (line 1060)
  0x000001f007e8a834: a895 70ff 

  0x000001f007e8a838: ;   {post_call_nop}
  0x000001f007e8a838: 0f1f 8400 | b03e 0077 | ba45 ffff | ff48 8b6c | 2420 894c | 2434 6690 

  0x000001f007e8a850: ;   {runtime_call UncommonTrapBlob}
  0x000001f007e8a850: c5f8 77e8 

  0x000001f007e8a854: ; ImmutableOopMap {rbp=Oop [52]=NarrowOop [56]=Oop }
                      ;*ifnonnull {reexecute=1 rethrow=0 return_oop=0}
                      ; - (reexecute) com.sun.javafx.font.PrismFontFile::equals@1 (line 1393)
                      ; - com.sun.javafx.font.PrismCompositeFontResource::equals@28 (line 229)
                      ; - com.sun.javafx.font.PrismFont::equals@40 (line 108)
                      ; - com.sun.javafx.text.PrismTextLayout::initCache@40 (line 729)
                      ; - com.sun.javafx.text.PrismTextLayout::layout@1 (line 1060)
  0x000001f007e8a854: 8895 70ff 

  0x000001f007e8a858: ;   {post_call_nop}
  0x000001f007e8a858: 0f1f 8400 | d03e 0078 | baf6 ffff | ff48 8b6c | 2430 4c8b | 4c24 384c | 894c 2420 | c5fa 1174 
  0x000001f007e8a878: 2430 c5fa | 1164 2434 | 4489 4424 | 3c66 6690 

  0x000001f007e8a888: ;   {runtime_call UncommonTrapBlob}
  0x000001f007e8a888: c5f8 77e8 

  0x000001f007e8a88c: ; ImmutableOopMap {rbp=Oop [32]=Oop }
                      ;*aaload {reexecute=0 rethrow=0 return_oop=0}
                      ; - com.sun.javafx.text.PrismTextLayout::layout@960 (line 1257)
  0x000001f007e8a88c: 5095 70ff 

  0x000001f007e8a890: ;   {post_call_nop}
  0x000001f007e8a890: 0f1f 8400 | 083f 0079 | baf6 ffff | ff48 8b6c | 2430 4c8b | 4c24 384c | 894c 2420 | c5fa 1174 
  0x000001f007e8a8b0: 2430 c5fa | 1164 2434 | 4489 4424 | 3866 6690 

  0x000001f007e8a8c0: ;   {runtime_call UncommonTrapBlob}
  0x000001f007e8a8c0: c5f8 77e8 

  0x000001f007e8a8c4: ; ImmutableOopMap {rbp=Oop [32]=Oop }
                      ;*invokevirtual getStart {reexecute=0 rethrow=0 return_oop=0}
                      ; - com.sun.javafx.text.PrismTextLayout::layout@965 (line 1258)
  0x000001f007e8a8c4: 1895 70ff 

  0x000001f007e8a8c8: ;   {post_call_nop}
  0x000001f007e8a8c8: 0f1f 8400 | 403f 007a | baf6 ffff | ff4c 8b5c | 2430 4c89 | 5c24 204c | 8b5c 2438 | 4c89 5c24 
  0x000001f007e8a8e8: 308b 4c24 | 4089 4c24 | 2cc5 fa11 | 7424 38c5 | fa11 6424 | 3c44 8944 | 2440 895c | 2444 6690 
  0x000001f007e8a908: ;   {runtime_call UncommonTrapBlob}
  0x000001f007e8a908: c5f8 77e8 

  0x000001f007e8a90c: ; ImmutableOopMap {[32]=Oop [48]=Oop [68]=NarrowOop }
                      ;*invokevirtual getWidth {reexecute=0 rethrow=0 return_oop=0}
                      ; - com.sun.javafx.text.PrismTextLayout::layout@981 (line 1262)
  0x000001f007e8a90c: d094 70ff 

  0x000001f007e8a910: ;   {post_call_nop}
  0x000001f007e8a910: 0f1f 8400 | 883f 007b | baf6 ffff | ff48 8b6c | 2430 4c8b | 5c24 384c | 895c 2430 | 448b 4424 
  0x000001f007e8a930: 4044 8944 | 2424 448b | 5c24 4444 | 895c 243c 

  0x000001f007e8a940: ;   {runtime_call UncommonTrapBlob}
  0x000001f007e8a940: c5f8 77e8 

  0x000001f007e8a944: ; ImmutableOopMap {rbp=Oop [48]=Oop [80]=NarrowOop [84]=NarrowOop }
                      ;*arraylength {reexecute=0 rethrow=0 return_oop=0}
                      ; - com.sun.javafx.text.PrismTextLayout::layout@1286 (line 1310)
  0x000001f007e8a944: 9894 70ff 

  0x000001f007e8a948: ;   {post_call_nop}
  0x000001f007e8a948: 0f1f 8400 | c03f 007c | baf6 ffff | ff48 8b6c | 2430 4c8b | 4424 384c | 8944 2420 | 448b 4c24 
  0x000001f007e8a968: 4044 894c | 2430 448b | 4c24 4444 | 894c 2438 | 4489 5424 | 3c44 895c | 2444 6690 

  0x000001f007e8a984: ;   {runtime_call UncommonTrapBlob}
  0x000001f007e8a984: c5f8 77e8 

  0x000001f007e8a988: ; ImmutableOopMap {rbp=Oop [32]=Oop [60]=NarrowOop [84]=NarrowOop }
                      ;*arraylength {reexecute=0 rethrow=0 return_oop=0}
                      ; - com.sun.javafx.text.PrismTextLayout::layout@1337 (line 1316)
  0x000001f007e8a988: 5494 70ff 

  0x000001f007e8a98c: ;   {post_call_nop}
  0x000001f007e8a98c: 0f1f 8400 | 0440 007d | baf6 ffff | ff48 8b6c | 2430 4c8b | 5424 384c | 8954 2420 | c5fa 1174 
  0x000001f007e8a9ac: 2434 4489 | 5c24 3c90 

  0x000001f007e8a9b4: ;   {runtime_call UncommonTrapBlob}
  0x000001f007e8a9b4: c5f8 77e8 

  0x000001f007e8a9b8: ; ImmutableOopMap {rbp=Oop [32]=Oop }
                      ;*arraylength {reexecute=0 rethrow=0 return_oop=0}
                      ; - com.sun.javafx.text.PrismTextLayout::layout@950 (line 1256)
  0x000001f007e8a9b8: 2494 70ff 

  0x000001f007e8a9bc: ;   {post_call_nop}
  0x000001f007e8a9bc: 0f1f 8400 | 3440 007e | baf6 ffff | ff48 8b6c | 2430 c5fa | 1164 2430 

  0x000001f007e8a9d4: ;   {runtime_call UncommonTrapBlob}
  0x000001f007e8a9d4: c5f8 77e8 

  0x000001f007e8a9d8: ; ImmutableOopMap {rbp=Oop [56]=Oop }
                      ;*arraylength {reexecute=0 rethrow=0 return_oop=0}
                      ; - com.sun.javafx.text.PrismTextLayout::layout@950 (line 1256)
  0x000001f007e8a9d8: 0494 70ff 

  0x000001f007e8a9dc: ;   {post_call_nop}
  0x000001f007e8a9dc: 0f1f 8400 | 5440 007f | baf6 ffff | ffc5 fa11 | 7424 2890 

  0x000001f007e8a9f0: ;   {runtime_call UncommonTrapBlob}
  0x000001f007e8a9f0: c5f8 77e8 

  0x000001f007e8a9f4: ; ImmutableOopMap {[48]=Oop [56]=Oop }
                      ;*invokevirtual getBounds {reexecute=0 rethrow=0 return_oop=0}
                      ; - com.sun.javafx.text.PrismTextLayout::layout@1392 (line 1322)
  0x000001f007e8a9f4: e893 70ff 

  0x000001f007e8a9f8: ;   {post_call_nop}
  0x000001f007e8a9f8: 0f1f 8400 | 7040 0080 | baf6 ffff | ffc5 fa11 | 7424 2890 

  0x000001f007e8aa0c: ;   {runtime_call UncommonTrapBlob}
  0x000001f007e8aa0c: c5f8 77e8 

  0x000001f007e8aa10: ; ImmutableOopMap {[48]=Oop [56]=Oop }
                      ;*invokevirtual getMinY {reexecute=0 rethrow=0 return_oop=0}
                      ; - com.sun.javafx.text.PrismTextLayout::layout@1395 (line 1322)
  0x000001f007e8aa10: cc93 70ff 

  0x000001f007e8aa14: ;   {post_call_nop}
  0x000001f007e8aa14: 0f1f 8400 | 8c40 0081 | baf6 ffff | ff48 8b6c | 2430 4c8b | 4c24 384c | 894c 2428 | c5fa 114c 
  0x000001f007e8aa34: 2430 c5fa | 115c 2434 | c5fa 1164 | 2438 6690 

  0x000001f007e8aa44: ;   {runtime_call UncommonTrapBlob}
  0x000001f007e8aa44: c5f8 77e8 

  0x000001f007e8aa48: ; ImmutableOopMap {rbp=Oop [40]=Oop }
                      ;*invokevirtual deriveWithNewBounds {reexecute=0 rethrow=0 return_oop=0}
                      ; - com.sun.javafx.text.PrismTextLayout::layout@1427 (line 1324)
  0x000001f007e8aa48: 9493 70ff 

  0x000001f007e8aa4c: ;   {post_call_nop}
  0x000001f007e8aa4c: 0f1f 8400 | c440 0082 | baf6 ffff | ff48 8be9 | 4c8b 5424 | 284c 8954 | 2420 4c89 | 5c24 3090 
  0x000001f007e8aa6c: ;   {runtime_call UncommonTrapBlob}
  0x000001f007e8aa6c: c5f8 77e8 

  0x000001f007e8aa70: ; ImmutableOopMap {rbp=Oop [32]=Oop [48]=Oop }
                      ;*arraylength {reexecute=0 rethrow=0 return_oop=0}
                      ; - com.sun.javafx.text.PrismTextLayout::layout@156 (line 1100)
  0x000001f007e8aa70: 6c93 70ff 

  0x000001f007e8aa74: ;   {post_call_nop}
  0x000001f007e8aa74: 0f1f 8400 | ec40 0083 | baf6 ffff | ff66 6690 

  0x000001f007e8aa84: ;   {runtime_call UncommonTrapBlob}
  0x000001f007e8aa84: c5f8 77e8 

  0x000001f007e8aa88: ; ImmutableOopMap {[48]=Oop }
                      ;*arraylength {reexecute=0 rethrow=0 return_oop=0}
                      ; - com.sun.javafx.text.PrismTextLayout::layout@1564 (line 1344)
  0x000001f007e8aa88: 5493 70ff 

  0x000001f007e8aa8c: ;   {post_call_nop}
  0x000001f007e8aa8c: 0f1f 8400 | 0441 0084 | baf6 ffff | ff66 6690 

  0x000001f007e8aa9c: ;   {runtime_call UncommonTrapBlob}
  0x000001f007e8aa9c: c5f8 77e8 

  0x000001f007e8aaa0: ; ImmutableOopMap {rbp=NarrowOop [32]=Oop }
                      ;*invokevirtual equals {reexecute=0 rethrow=0 return_oop=0}
                      ; - com.sun.javafx.font.PrismFontFile::equals@42 (line 1400)
                      ; - com.sun.javafx.font.PrismCompositeFontResource::equals@28 (line 229)
                      ; - com.sun.javafx.font.PrismFont::equals@40 (line 108)
                      ; - com.sun.javafx.text.PrismTextLayout::initCache@40 (line 729)
                      ; - com.sun.javafx.text.PrismTextLayout::layout@1 (line 1060)
  0x000001f007e8aaa0: 3c93 70ff 

  0x000001f007e8aaa4: ;   {post_call_nop}
  0x000001f007e8aaa4: 0f1f 8400 | 1c41 0085 | baf6 ffff | ff48 8be9 | 4489 6c24 | 204c 8954 | 2428 6690 

  0x000001f007e8aac0: ;   {runtime_call UncommonTrapBlob}
  0x000001f007e8aac0: c5f8 77e8 

  0x000001f007e8aac4: ; ImmutableOopMap {rbp=Oop [40]=Oop }
                      ;*invokestatic arraycopy {reexecute=0 rethrow=0 return_oop=0}
                      ; - com.sun.javafx.text.PrismTextLayout::initCache@152 (line 747)
                      ; - com.sun.javafx.text.PrismTextLayout::layout@1 (line 1060)
  0x000001f007e8aac4: 1893 70ff 

  0x000001f007e8aac8: ;   {post_call_nop}
  0x000001f007e8aac8: 0f1f 8400 | 4041 0086 | baf6 ffff | ff4c 8b54 | 2438 4c89 | 5424 3044 | 8b5c 2440 | 4489 5c24 
  0x000001f007e8aae8: 2466 6690 

  0x000001f007e8aaec: ;   {runtime_call UncommonTrapBlob}
  0x000001f007e8aaec: c5f8 77e8 

  0x000001f007e8aaf0: ; ImmutableOopMap {rbp=Oop [40]=Oop [48]=Oop [72]=Oop }
                      ;*invokevirtual getLength {reexecute=0 rethrow=0 return_oop=0}
                      ; - com.sun.javafx.text.PrismTextLayout::layout@812 (line 1235)
  0x000001f007e8aaf0: ec92 70ff 

  0x000001f007e8aaf4: ;   {post_call_nop}
  0x000001f007e8aaf4: 0f1f 8400 | 6c41 0087 | baf6 ffff | ff48 8b6c | 2430 4c8b | 4424 384c | 8944 2420 | 448b 4424 
  0x000001f007e8ab14: 4044 8944 | 2430 c5fa | 104c 2444 | c5fa 114c | 2434 8974 | 2438 448b | 4424 5844 | 8944 243c 
  0x000001f007e8ab34: 4c8b 4424 | 484c 8944 | 2440 448b | 4424 5444 | 8944 2448 | 448b 4c24 | 5c44 894c | 244c c5fa 
  0x000001f007e8ab54: 104c 2460 | c5fa 114c | 2450 4489 | 5c24 5444 | 8954 2458 | 895c 2460 

  0x000001f007e8ab6c: ;   {runtime_call UncommonTrapBlob}
  0x000001f007e8ab6c: c5f8 77e8 

  0x000001f007e8ab70: ; ImmutableOopMap {rbp=Oop [32]=Oop [40]=Oop [64]=Oop [76]=NarrowOop }
                      ;*aaload {reexecute=0 rethrow=0 return_oop=0}
                      ; - com.sun.javafx.text.PrismTextLayout::layout@475 (line 1161)
  0x000001f007e8ab70: 6c92 70ff 

  0x000001f007e8ab74: ;   {post_call_nop}
  0x000001f007e8ab74: 0f1f 8400 | ec41 0088 | baf6 ffff | ff48 8b6c | 2430 4c8b | 4424 284c | 8944 2420 | 448b 4c24 
  0x000001f007e8ab94: 4044 894c | 2428 c5fa | 1044 2444 | c5fa 1144 | 242c 448b | 4c24 5044 | 894c 2430 | 4c8b 4424 
  0x000001f007e8abb4: 484c 8944 | 2438 448b | 4c24 5444 | 894c 2440 | 4489 5c24 | 4c44 8954 | 2454 6690 

  0x000001f007e8abd0: ;   {runtime_call UncommonTrapBlob}
  0x000001f007e8abd0: c5f8 77e8 

  0x000001f007e8abd4: ; ImmutableOopMap {rbp=Oop [32]=Oop [56]=Oop [92]=NarrowOop }
                      ;*caload {reexecute=0 rethrow=0 return_oop=0}
                      ; - com.sun.javafx.text.PrismTextLayout::layout@395 (line 1145)
  0x000001f007e8abd4: 0892 70ff 

  0x000001f007e8abd8: ;   {post_call_nop}
  0x000001f007e8abd8: 0f1f 8400 | 5042 0089 | baf6 ffff | ff48 8b6c | 2430 4c8b | 5424 284c | 8954 2420 | 448b 5424 
  0x000001f007e8abf8: 4044 8954 | 2428 c5fa | 104c 2444 | c5fa 114c | 242c 448b | 5424 5044 | 8954 2430 | 4c8b 5424 
  0x000001f007e8ac18: 484c 8954 | 2438 448b | 5c24 5444 | 895c 2440 | 448b 5424 | 6844 8954 | 2450 4489 | 5424 5490 
  0x000001f007e8ac38: ;   {runtime_call UncommonTrapBlob}
  0x000001f007e8ac38: c5f8 77e8 

  0x000001f007e8ac3c: ; ImmutableOopMap {rbp=Oop [32]=Oop [56]=Oop [92]=NarrowOop }
                      ;*caload {reexecute=0 rethrow=0 return_oop=0}
                      ; - com.sun.javafx.text.PrismTextLayout::layout@338 (line 1130)
  0x000001f007e8ac3c: a091 70ff 

  0x000001f007e8ac40: ;   {post_call_nop}
  0x000001f007e8ac40: 0f1f 8400 | b842 008a | baf6 ffff | ff48 8b6c | 2430 4c8b | 5424 384c | 8954 2420 | 448b 4424 
  0x000001f007e8ac60: 4044 8944 | 2430 c5fa | 1044 2444 | c5fa 1144 | 2434 8974 | 2438 4c8b | 5424 484c | 8954 2440 
  0x000001f007e8ac80: 4489 5c24 | 4889 5c24 | 5466 6690 

  0x000001f007e8ac8c: ;   {runtime_call UncommonTrapBlob}
  0x000001f007e8ac8c: c5f8 77e8 

  0x000001f007e8ac90: ; ImmutableOopMap {rbp=Oop [32]=Oop [40]=Oop [64]=Oop [92]=NarrowOop }
                      ;*aaload {reexecute=0 rethrow=0 return_oop=0}
                      ; - com.sun.javafx.text.PrismTextLayout::layout@734 (line 1209)
  0x000001f007e8ac90: 4c91 70ff 

  0x000001f007e8ac94: ;   {post_call_nop}
  0x000001f007e8ac94: 0f1f 8400 | 0c43 008b | baf6 ffff | ff48 8b6c | 2430 4c8b | 5424 384c | 8954 2420 | 448b 5c24 
  0x000001f007e8acb4: 4044 895c | 2430 c5fa | 104c 2444 | c5fa 114c | 2434 8974 | 2438 448b | 5424 5844 | 8954 243c 
  0x000001f007e8acd4: 4c8b 5424 | 484c 8954 | 2440 895c | 2448 448b | 5424 5c44 | 8954 244c | c5fa 1044 | 2460 c5fa 
  0x000001f007e8acf4: 1144 2450 | 4489 4424 | 6066 6690 

  0x000001f007e8ad00: ;   {runtime_call UncommonTrapBlob}
  0x000001f007e8ad00: c5f8 77e8 

  0x000001f007e8ad04: ; ImmutableOopMap {rbp=Oop [32]=Oop [40]=Oop [64]=Oop [76]=NarrowOop [160]=Oop }
                      ;*arraylength {reexecute=0 rethrow=0 return_oop=0}
                      ; - com.sun.javafx.text.PrismTextLayout::layout@577 (line 1192)
  0x000001f007e8ad04: d890 70ff 

  0x000001f007e8ad08: ;   {post_call_nop}
  0x000001f007e8ad08: 0f1f 8400 | 8043 008c | baf6 ffff | ff48 8b6c | 2430 4c8b | 5424 384c | 8954 2420 | 448b 5424 
  0x000001f007e8ad28: 4044 8954 | 2430 c5fa | 104c 2444 | c5fa 114c | 2434 448b | 5c24 5044 | 895c 2438 | 448b 5424 
  0x000001f007e8ad48: 5844 8954 | 243c 4c8b | 5424 484c | 8954 2440 | 448b 5c24 | 5444 895c | 2448 448b | 5424 5c44 
  0x000001f007e8ad68: 8954 244c | c5fa 1044 | 2460 c5fa | 1144 2450 | 4889 4424 | 6066 6690 

  0x000001f007e8ad80: ;   {runtime_call UncommonTrapBlob}
  0x000001f007e8ad80: c5f8 77e8 

  0x000001f007e8ad84: ; ImmutableOopMap {rbp=Oop [32]=Oop [40]=Oop [64]=Oop [76]=NarrowOop [96]=Oop [104]=Oop }
                      ;*aastore {reexecute=1 rethrow=0 return_oop=0}
                      ; - (reexecute) com.sun.javafx.text.PrismTextLayout::layout@688 (line 1200)
  0x000001f007e8ad84: 5890 70ff 

  0x000001f007e8ad88: ;   {post_call_nop}
  0x000001f007e8ad88: 0f1f 8400 | 0044 008d | baf6 ffff | ff48 8b6c | 2430 4c8b | 5c24 384c | 895c 2420 | 448b 5c24 
  0x000001f007e8ada8: 4044 895c | 2430 c5fa | 104c 2444 | c5fa 114c | 2434 8974 | 2438 448b | 5c24 5844 | 895c 243c 
  0x000001f007e8adc8: 4c8b 5c24 | 484c 895c | 2440 895c | 2448 448b | 5c24 5c44 | 895c 244c | c5fa 1044 | 2460 c5fa 
  0x000001f007e8ade8: 1144 2450 | 4489 6c24 | 684c 8974 | 2470 4489 | 5424 6c90 

  0x000001f007e8adfc: ;   {runtime_call UncommonTrapBlob}
  0x000001f007e8adfc: c5f8 77e8 

  0x000001f007e8ae00: ; ImmutableOopMap {rbp=Oop [32]=Oop [40]=Oop [64]=Oop [76]=NarrowOop [112]=Oop [160]=Oop }
                      ;*arraylength {reexecute=0 rethrow=0 return_oop=0}
                      ; - com.sun.javafx.text.PrismTextLayout::layout@627 (line 1195)
  0x000001f007e8ae00: dc8f 70ff 

  0x000001f007e8ae04: ;   {post_call_nop}
  0x000001f007e8ae04: 0f1f 8400 | 7c44 008e | baf6 ffff | ff49 8be9 | 4c8b 5424 | 384c 8954 | 2420 448b | 5424 4044 
  0x000001f007e8ae24: 8954 2430 | c5fa 104c | 2444 c5fa | 114c 2434 | 448b 5424 | 5044 8954 | 2438 4c8b | 5424 484c 
  0x000001f007e8ae44: 8954 2440 | 448b 5c24 | 5444 895c | 2450 6690 

  0x000001f007e8ae54: ;   {runtime_call UncommonTrapBlob}
  0x000001f007e8ae54: c5f8 77e8 

  0x000001f007e8ae58: ; ImmutableOopMap {rbp=Oop [32]=Oop [40]=Oop [64]=Oop }
                      ;*aaload {reexecute=0 rethrow=0 return_oop=0}
                      ; - com.sun.javafx.text.PrismTextLayout::layout@747 (line 1210)
  0x000001f007e8ae58: 848f 70ff 

  0x000001f007e8ae5c: ;   {post_call_nop}
  0x000001f007e8ae5c: 0f1f 8400 | d444 008f | 488b d0e9 | 2a02 0000 

  0x000001f007e8ae6c: ;   {oop(a 'java/util/Hashtable'{0x000000060c0cced8})}
  0x000001f007e8ae6c: 48b9 d8ce | 0c0c 0600 | 0000 488d | 9424 b000 | 0000 4d8b | c7c5 f877 

  0x000001f007e8ae84: ;   {runtime_call}
  0x000001f007e8ae84: 49ba 409a | 0910 fc7f | 0000 41ff 

  0x000001f007e8ae90: ;   {post_call_nop}
  0x000001f007e8ae90: d20f 1f84 | 0000 0000 | 00e9 f501 | 0000 488b | d0e9 f001 | 0000 488b | d8e9 e501 | 0000 488b 
  0x000001f007e8aeb0: d0e9 e001 | 0000 488b | d0e9 d801 | 0000 488b | d0e9 d001 | 0000 488b | d0e9 c801 | 0000 488b 
  0x000001f007e8aed0: d0e9 c001 | 0000 488b | d0e9 b801 | 0000 488b | d0e9 b001 | 0000 488b | d0e9 a801 | 0000 488b 
  0x000001f007e8aef0: d0e9 a001 | 0000 488b | d0e9 9801 | 0000 488b | d0e9 9001 | 0000 488b | d0e9 8801 | 0000 488b 
  0x000001f007e8af10: d0e9 8001 | 0000 488b | d0e9 7801 | 0000 488b | d8e9 6d01 | 0000 488b | d0e9 6801 | 0000 488b 
  0x000001f007e8af30: d8e9 5d01 | 0000 488b | d0e9 5801 | 0000 488b | d0e9 5001 | 0000 488b | d0e9 4801 | 0000 488b 
  0x000001f007e8af50: d0e9 4001 | 0000 488b | d0e9 3801 | 0000 488b | d0e9 3001 | 0000 488b | d0e9 2801 | 0000 488b 
  0x000001f007e8af70: d0e9 2001 | 0000 488b | d0e9 1801 | 0000 488b | d0e9 1001 | 0000 488b | d0e9 0801 | 0000 488b 
  0x000001f007e8af90: ;   {other}
  0x000001f007e8af90: d0e9 0001 | 0000 488b | d0e9 f800 | 0000 488b | d0e9 f000 | 0000 488b | d0e9 e800 | 0000 488b 
  0x000001f007e8afb0: d0e9 e000 | 0000 488b | d0e9 d800 | 0000 488b | d0e9 d000 | 0000 488b | d0e9 c800 | 0000 488b 
  0x000001f007e8afd0: d0e9 c000 | 0000 488b | d0e9 b800 | 0000 488b | d0e9 b000 | 0000 488b | d0e9 a800 | 0000 488b 
  0x000001f007e8aff0: ;   {oop(a 'java/util/Hashtable'{0x000000060c0cced8})}
  0x000001f007e8aff0: d849 bbd8 | ce0c 0c06 | 0000 0048 | 8d84 24b0 | 0000 0041 | 8b87 d806 | 0000 4d8b | 134d 3b5c 
  0x000001f007e8b010: 07f8 0f85 | 2e00 0000 | 4183 afd8 | 0600 0008 | 4d3b 5c07 | f00f 845f | 0000 0049 | 8bc2 4883 
  0x000001f007e8b030: e0fc 4983 | ca01 f04d | 0fb1 130f | 8566 1100 | 00e9 4400 | 0000 4983 | ba86 0000 | 0000 7533 
  0x000001f007e8b050: 49c7 423e | 0000 0000 | f083 4424 | c000 4983 | ba8e 0000 | 0000 7422 | 4983 ba9e | 0000 0000 
  0x000001f007e8b070: 7518 4983 | e2fd 4d89 | 97e8 0500 | 0041 83ca | 01eb 0a49 | ff8a 8600 | 0000 4533 | d20f 85d9 
  0x000001f007e8b090: fdff ff48 | 8bd3 c5f8 | 7748 81c4 | c000 0000 

  0x000001f007e8b0a0: ;   {runtime_call C2 Runtime rethrow}
  0x000001f007e8b0a0: 5de9 3aed | 70ff 448b | 1349 c1e2 | 0349 83fa | 000f 84a8 | bcff ff4d | 8b4f 384d | 85c9 0f84 
  0x000001f007e8b0c0: 1400 0000 | 4983 e908 | 4d89 4f38 | 4d03 4f40 | 4d89 11e9 | 87bc ffff | 4883 ec60 | c5f9 d64c 
  0x000001f007e8b0e0: 2458 c5f9 | d644 2450 | 4c89 5c24 | 484c 8944 | 2440 4889 | 4c24 3848 | 897c 2430 | 4889 5424 
  0x000001f007e8b100: 2849 8bca 

  0x000001f007e8b104: ;   {runtime_call}
  0x000001f007e8b104: 498b d748 | b850 19c3 | 0ffc 7f00 | 00ff d048 | 8b54 2428 | 488b 7c24 | 3048 8b4c | 2438 4c8b 
  0x000001f007e8b124: 4424 404c | 8b5c 2448 | c5f8 77c5 | fa7e 4424 | 50c5 fa7e | 4c24 5848 | 83c4 60e9 | 1bbc ffff 
  0x000001f007e8b144: f083 4424 | c000 4180 | 3900 0f84 | 4cbc ffff | 41c6 0100 | 4d8b 5750 | 4d85 d20f | 8414 0000 
  0x000001f007e8b164: 0049 83ea | 084d 8957 | 504d 0357 | 584d 890a | e927 bcff | ff48 83ec | 60c5 f9d6 | 4c24 58c5 
  0x000001f007e8b184: f9d6 4424 | 504c 895c | 2448 4c89 | 4424 4048 | 894c 2438 | 4889 7c24 | 3048 8954 | 2428 498b 
  0x000001f007e8b1a4: c949 8bd7 

  0x000001f007e8b1a8: ;   {runtime_call}
  0x000001f007e8b1a8: 48b8 3019 | c30f fc7f | 0000 ffd0 | 488b 5424 | 2848 8b7c | 2430 488b | 4c24 384c | 8b44 2440 
  0x000001f007e8b1c8: 4c8b 5c24 | 48c5 f877 | c5fa 7e44 | 2450 c5fa | 7e4c 2458 | 4883 c460 | e9bb bbff | ff45 8b0b 
  0x000001f007e8b1e8: 49c1 e103 | 4983 f900 | 0f84 b9bb | ffff 4d8b | 5738 4d85 | d20f 8414 | 0000 0049 | 83ea 084d 
  0x000001f007e8b208: 8957 384d | 0357 404d | 890a e998 | bbff ff48 | 83ec 50c5 | f9d6 4c24 | 48c5 f9d6 | 4424 404c 
  0x000001f007e8b228: 895c 2438 | 4c89 4424 | 3048 894c | 2428 4889 | 7c24 2049 | 8bc9 498b 

  0x000001f007e8b240: ;   {runtime_call}
  0x000001f007e8b240: d748 b850 | 19c3 0ffc | 7f00 00ff | d048 8b7c | 2420 488b | 4c24 284c | 8b44 2430 | 4c8b 5c24 
  0x000001f007e8b260: 38c5 f877 | c5fa 7e44 | 2440 c5fa | 7e4c 2448 | 4883 c450 | e936 bbff | fff0 8344 | 24c0 0041 
  0x000001f007e8b280: 803a 000f | 8468 bbff | ff41 c602 | 004d 8b4f | 504d 85c9 | 0f84 1400 | 0000 4983 | e908 4d89 
  0x000001f007e8b2a0: 4f50 4d03 | 4f58 4d89 | 11e9 43bb | ffff 4883 | ec50 c5f9 | d64c 2448 | c5f9 d644 | 2440 4c89 
  0x000001f007e8b2c0: 4424 3848 | 894c 2430 | 4889 7c24 | 2849 8bca 

  0x000001f007e8b2d0: ;   {runtime_call}
  0x000001f007e8b2d0: 498b d748 | b830 19c3 | 0ffc 7f00 | 00ff d048 | 8b7c 2428 | 488b 4c24 | 304c 8b44 | 2438 c5f8 
  0x000001f007e8b2f0: 77c5 fa7e | 4424 40c5 | fa7e 4c24 | 4848 83c4 | 50e9 ebba | ffff 458b | 0349 c1e0 | 0349 83f8 
  0x000001f007e8b310: 000f 844c | bbff ff4d | 8b57 384d | 85d2 0f84 | 1400 0000 | 4983 ea08 | 4d89 5738 | 4d03 5740 
  0x000001f007e8b330: 4d89 02e9 | 2bbb ffff | 4883 ec30 | 4c89 5c24 | 2848 8954 | 2420 498b | c849 8bd7 

  0x000001f007e8b34c: ;   {runtime_call}
  0x000001f007e8b34c: 48b8 5019 | c30f fc7f | 0000 ffd0 | 488b 5424 | 204c 8b5c | 2428 c5f8 | 7748 83c4 | 30e9 f5ba 
  0x000001f007e8b36c: ffff f083 | 4424 c000 | 4180 3a00 | 0f84 27bb | ffff 41c6 | 0200 4d8b | 4750 4d85 | c00f 8414 
  0x000001f007e8b38c: 0000 0049 | 83e8 084d | 8947 504d | 0347 584d | 8910 e902 | bbff ff48 | 83ec 2049 | 8bca 498b 
  0x000001f007e8b3ac: ;   {runtime_call}
  0x000001f007e8b3ac: d748 b830 | 19c3 0ffc | 7f00 00ff | d0c5 f877 | 4883 c420 | e9e0 baff | ff44 8b19 | 49c1 e303 
  0x000001f007e8b3cc: 4983 fb00 | 0f84 dcbf | ffff 498b | 5f38 4885 | db0f 8414 | 0000 0048 | 83eb 0849 | 895f 3849 
  0x000001f007e8b3ec: 035f 404c | 891b e9bb | bfff ff48 | 83ec 50c5 | f9d6 4424 | 484c 8954 | 2440 4c89 | 4424 384c 
  0x000001f007e8b40c: 894c 2430 | 4889 4c24 | 2848 897c | 2420 498b | cb49 8bd7 

  0x000001f007e8b420: ;   {runtime_call}
  0x000001f007e8b420: 48b8 5019 | c30f fc7f | 0000 ffd0 | 488b 7c24 | 2048 8b4c | 2428 4c8b | 4c24 304c | 8b44 2438 
  0x000001f007e8b440: 4c8b 5424 | 40c5 f877 | c5fa 7e44 | 2448 4883 | c450 e95b | bfff fff0 | 8344 24c0 | 0080 3b00 
  0x000001f007e8b460: 0f84 8dbf | ffff c603 | 004d 8b5f | 504d 85db | 0f84 1400 | 0000 4983 | eb08 4d89 | 5f50 4d03 
  0x000001f007e8b480: 5f58 4989 | 1be9 69bf | ffff 4883 | ec50 c5f9 | d644 2448 | 4c89 5424 | 404c 8944 | 2438 4c89 
  0x000001f007e8b4a0: 4c24 3048 | 897c 2428 | 488b cb49 

  0x000001f007e8b4ac: ;   {runtime_call}
  0x000001f007e8b4ac: 8bd7 48b8 | 3019 c30f | fc7f 0000 | ffd0 488b | 7c24 284c | 8b4c 2430 | 4c8b 4424 | 384c 8b54 
  0x000001f007e8b4cc: 2440 c5f8 | 77c5 fa7e | 4424 4848 | 83c4 50e9 | 13bf ffff | 418b 0a48 | c1e1 0348 | 83f9 000f 
  0x000001f007e8b4ec: 8419 bfff | ff4d 8b5f | 384d 85db | 0f84 1400 | 0000 4983 | eb08 4d89 | 5f38 4d03 | 5f40 4989 
  0x000001f007e8b50c: 0be9 f8be | ffff 4883 | ec50 c5f9 | d644 2448 | 4c89 5424 | 404c 8944 | 2438 4c89 | 4c24 3048 
  0x000001f007e8b52c: 897c 2428 

  0x000001f007e8b530: ;   {runtime_call}
  0x000001f007e8b530: 498b d748 | b850 19c3 | 0ffc 7f00 | 00ff d048 | 8b7c 2428 | 4c8b 4c24 | 304c 8b44 | 2438 4c8b 
  0x000001f007e8b550: 5424 40c5 | f877 c5fa | 7e44 2448 | 4883 c450 | e9a5 beff | fff0 8344 | 24c0 0041 | 803b 000f 
  0x000001f007e8b570: 84cd beff | ff41 c603 | 0049 8b4f | 5048 85c9 | 0f84 1400 | 0000 4883 | e908 4989 | 4f50 4903 
  0x000001f007e8b590: 4f58 4c89 | 19e9 a8be | ffff 4883 | ec40 c5f9 | d644 2438 | 4c89 4424 | 304c 894c | 2428 498b 
  0x000001f007e8b5b0: cb49 8bd7 

  0x000001f007e8b5b4: ;   {runtime_call}
  0x000001f007e8b5b4: 48b8 3019 | c30f fc7f | 0000 ffd0 | 4c8b 4c24 | 284c 8b44 | 2430 c5f8 | 77c5 fa7e | 4424 3848 
  0x000001f007e8b5d4: 83c4 40e9 | 66be ffff | 458b 0b49 | c1e1 0349 | 83f9 000f | 8457 bfff | ff49 8b4f | 3848 85c9 
  0x000001f007e8b5f4: 0f84 1400 | 0000 4883 | e908 4989 | 4f38 4903 | 4f40 4c89 | 09e9 36bf | ffff 4883 | ec40 4c89 
  0x000001f007e8b614: 5424 384c | 895c 2430 | 4889 4424 | 2849 8bc9 

  0x000001f007e8b624: ;   {runtime_call}
  0x000001f007e8b624: 498b d748 | b850 19c3 | 0ffc 7f00 | 00ff d048 | 8b44 2428 | 4c8b 5c24 | 304c 8b54 | 2438 c5f8 
  0x000001f007e8b644: 7748 83c4 | 40e9 f6be | ffff f083 | 4424 c000 | 8039 000f | 841e bfff | ffc6 0100 | 4d8b 4f50 
  0x000001f007e8b664: 4d85 c90f | 8414 0000 | 0049 83e9 | 084d 894f | 504d 034f | 5849 8909 | e9fa beff | ff48 83ec 
  0x000001f007e8b684: 3048 8944 | 2428 498b 

  0x000001f007e8b68c: ;   {runtime_call}
  0x000001f007e8b68c: d748 b830 | 19c3 0ffc | 7f00 00ff | d048 8b44 | 2428 c5f8 | 7748 83c4 | 30e9 d1be | ffff 448b 
  0x000001f007e8b6ac: 0349 c1e0 | 0349 83f8 | 000f 84d8 | beff ff4d | 8b57 384d | 85d2 0f84 | 1400 0000 | 4983 ea08 
  0x000001f007e8b6cc: 4d89 5738 | 4d03 5740 | 4d89 02e9 | b7be ffff | 4883 ec30 | 4889 4424 | 2849 8bc8 

  0x000001f007e8b6e8: ;   {runtime_call}
  0x000001f007e8b6e8: 498b d748 | b850 19c3 | 0ffc 7f00 | 00ff d048 | 8b44 2428 | c5f8 7748 | 83c4 30e9 | 8bbe ffff 
  0x000001f007e8b708: f083 4424 | c000 4180 | 3a00 0f84 | b3be ffff | 41c6 0200 | 4d8b 4750 | 4d85 c00f | 8414 0000 
  0x000001f007e8b728: 0049 83e8 | 084d 8947 | 504d 0347 | 584d 8910 | e98e beff | ff48 83ec | 2049 8bca 

  0x000001f007e8b744: ;   {runtime_call}
  0x000001f007e8b744: 498b d748 | b830 19c3 | 0ffc 7f00 | 00ff d0c5 | f877 4883 | c420 e96c | beff ff45 | 8b0a 49c1 
  0x000001f007e8b764: e103 4983 | f900 0f84 | 1fc0 ffff | 4d8b 4738 | 4d85 c00f | 8414 0000 | 0049 83e8 | 084d 8947 
  0x000001f007e8b784: 384d 0347 | 404d 8908 | e9fe bfff | ff48 83ec | 404c 8954 | 2438 4c89 | 5c24 3048 | 894c 2428 
  0x000001f007e8b7a4: 498b c949 

  0x000001f007e8b7a8: ;   {runtime_call}
  0x000001f007e8b7a8: 8bd7 48b8 | 5019 c30f | fc7f 0000 | ffd0 488b | 4c24 284c | 8b5c 2430 | 4c8b 5424 | 38c5 f877 
  0x000001f007e8b7c8: 4883 c440 | e9be bfff | fff0 8344 | 24c0 0041 | 8038 000f | 84e6 bfff | ff41 c600 | 004d 8b4f 
  0x000001f007e8b7e8: 504d 85c9 | 0f84 1400 | 0000 4983 | e908 4d89 | 4f50 4d03 | 4f58 4d89 | 01e9 c1bf | ffff 4883 
  0x000001f007e8b808: ec30 4c89 | 5c24 2848 | 894c 2420 | 498b c849 

  0x000001f007e8b818: ;   {runtime_call}
  0x000001f007e8b818: 8bd7 48b8 | 3019 c30f | fc7f 0000 | ffd0 488b | 4c24 204c | 8b5c 2428 | c5f8 7748 | 83c4 30e9 
  0x000001f007e8b838: 8bbf ffff | f083 4424 | c000 4180 | 3800 0f84 | a0c0 ffff | 41c6 0000 | 4d8b 4f50 | 4d85 c90f 
  0x000001f007e8b858: 8414 0000 | 0049 83e9 | 084d 894f | 504d 034f | 584d 8901 | e97b c0ff | ff48 83ec | 304c 8954 
  0x000001f007e8b878: 2428 4c89 | 5c24 2049 | 8bc8 498b 

  0x000001f007e8b884: ;   {runtime_call}
  0x000001f007e8b884: d748 b830 | 19c3 0ffc | 7f00 00ff | d04c 8b5c | 2420 4c8b | 5424 28c5 | f877 4883 | c430 e945 
  0x000001f007e8b8a4: c0ff fff0 | 8344 24c0 | 0041 803a | 000f 8438 | c1ff ff41 | c602 004d | 8b47 504d | 85c0 0f84 
  0x000001f007e8b8c4: 1400 0000 | 4983 e808 | 4d89 4750 | 4d03 4758 | 4d89 10e9 | 13c1 ffff | 4883 ec20 | 498b ca49 
  0x000001f007e8b8e4: ;   {runtime_call}
  0x000001f007e8b8e4: 8bd7 48b8 | 3019 c30f | fc7f 0000 | ffd0 c5f8 | 7748 83c4 | 20e9 f1c0 | ffff 458b | 1a49 c1e3 
  0x000001f007e8b904: 0349 83fb | 000f 849e | c3ff ff4d | 8b4f 384d | 85c9 0f84 | 1400 0000 | 4983 e908 | 4d89 4f38 
  0x000001f007e8b924: 4d03 4f40 | 4d89 19e9 | 7dc3 ffff | 4883 ec30 | 4c89 5424 | 284c 8944 | 2420 498b | cb49 8bd7 
  0x000001f007e8b944: ;   {runtime_call}
  0x000001f007e8b944: 48b8 5019 | c30f fc7f | 0000 ffd0 | 4c8b 4424 | 204c 8b54 | 2428 c5f8 | 7748 83c4 | 30e9 47c3 
  0x000001f007e8b964: ffff f083 | 4424 c000 | 4180 3900 | 0f84 6fc3 | ffff 41c6 | 0100 4d8b | 5f50 4d85 | db0f 8414 
  0x000001f007e8b984: 0000 0049 | 83eb 084d | 895f 504d | 035f 584d | 890b e94a | c3ff ff48 | 83ec 304c | 8944 2428 
  0x000001f007e8b9a4: 498b c949 

  0x000001f007e8b9a8: ;   {runtime_call}
  0x000001f007e8b9a8: 8bd7 48b8 | 3019 c30f | fc7f 0000 | ffd0 4c8b | 4424 28c5 | f877 4883 | c430 e91e | c3ff ff45 
  0x000001f007e8b9c8: 8b10 49c1 | e203 4983 | fa00 0f84 | 3dc4 ffff | 4d8b 5f38 | 4d85 db0f | 8414 0000 | 0049 83eb 
  0x000001f007e8b9e8: 084d 895f | 384d 035f | 404d 8913 | e91c c4ff | ff48 83ec | 404c 8944 | 2438 4c89 | 4c24 3048 
  0x000001f007e8ba08: 894c 2428 | 4889 4424 | 2049 8bca 

  0x000001f007e8ba14: ;   {runtime_call}
  0x000001f007e8ba14: 498b d748 | b850 19c3 | 0ffc 7f00 | 00ff d048 | 8b44 2420 | 488b 4c24 | 284c 8b4c | 2430 4c8b 
  0x000001f007e8ba34: 4424 38c5 | f877 4883 | c440 e9d2 | c3ff fff0 | 8344 24c0 | 0041 803b | 000f 8404 | c4ff ff41 
  0x000001f007e8ba54: c603 004d | 8b57 504d | 85d2 0f84 | 1400 0000 | 4983 ea08 | 4d89 5750 | 4d03 5758 | 4d89 1ae9 
  0x000001f007e8ba74: dfc3 ffff | 4883 ec30 | 4c89 4c24 | 2848 894c | 2420 498b | cb49 8bd7 

  0x000001f007e8ba8c: ;   {runtime_call}
  0x000001f007e8ba8c: 48b8 3019 | c30f fc7f | 0000 ffd0 | 488b 4c24 | 204c 8b4c | 2428 c5f8 | 7748 83c4 | 30e9 a9c3 
  0x000001f007e8baac: ffff 458b | 0249 c1e0 | 0349 83f8 | 000f 8443 | c4ff ff49 | 8b4f 3848 | 85c9 0f84 | 1400 0000 
  0x000001f007e8bacc: 4883 e908 | 4989 4f38 | 4903 4f40 | 4c89 01e9 | 22c4 ffff | 4883 ec50 | 4c89 5424 | 484c 895c 
  0x000001f007e8baec: 2440 4c89 | 4c24 3848 | 897c 2430 | 4889 5424 | 2848 8974 | 2420 498b | c849 8bd7 

  0x000001f007e8bb08: ;   {runtime_call}
  0x000001f007e8bb08: 48b8 5019 | c30f fc7f | 0000 ffd0 | 488b 7424 | 2048 8b54 | 2428 488b | 7c24 304c | 8b4c 2438 
  0x000001f007e8bb28: 4c8b 5c24 | 404c 8b54 | 2448 c5f8 | 7748 83c4 | 50e9 c4c3 | ffff f083 | 4424 c000 | 8039 000f 
  0x000001f007e8bb48: 84f6 c3ff | ffc6 0100 | 4d8b 4750 | 4d85 c00f | 8414 0000 | 0049 83e8 | 084d 8947 | 504d 0347 
  0x000001f007e8bb68: 5849 8908 | e9d2 c3ff | ff48 83ec | 404c 894c | 2438 4889 | 7c24 3048 | 8954 2428 | 4889 7424 
  0x000001f007e8bb88: 2049 8bd7 

  0x000001f007e8bb8c: ;   {runtime_call}
  0x000001f007e8bb8c: 48b8 3019 | c30f fc7f | 0000 ffd0 | 488b 7424 | 2048 8b54 | 2428 488b | 7c24 304c | 8b4c 2438 
  0x000001f007e8bbac: c5f8 7748 | 83c4 40e9 | 8bc3 ffff | 458b 2a49 | c1e5 0349 | 83fd 000f | 848a c3ff | ff49 8b77 
  0x000001f007e8bbcc: 3848 85f6 | 0f84 1400 | 0000 4883 | ee08 4989 | 7738 4903 | 7740 4c89 | 2ee9 69c3 | ffff 4883 
  0x000001f007e8bbec: ec60 4c89 | 5424 584c | 8944 2450 | 4c89 4c24 | 4848 894c | 2440 4889 | 7c24 3848 | 8954 2430 
  0x000001f007e8bc0c: 4889 4424 | 2849 8bcd 

  0x000001f007e8bc14: ;   {runtime_call}
  0x000001f007e8bc14: 498b d748 | b850 19c3 | 0ffc 7f00 | 00ff d048 | 8b44 2428 | 488b 5424 | 3048 8b7c | 2438 488b 
  0x000001f007e8bc34: 4c24 404c | 8b4c 2448 | 4c8b 4424 | 504c 8b54 | 2458 c5f8 | 7748 83c4 | 60e9 01c3 | ffff f083 
  0x000001f007e8bc54: 4424 c000 | 803e 000f | 8433 c3ff | ffc6 0600 | 4d8b 6f50 | 4d85 ed0f | 8415 0000 | 0049 83ed 
  0x000001f007e8bc74: 084d 896f | 504d 036f | 5849 8975 | 00e9 0ec3 | ffff 4883 | ec50 4c89 | 4424 484c | 894c 2440 
  0x000001f007e8bc94: 4889 4c24 | 3848 897c | 2430 4889 | 5424 2848 | 8944 2420 | 488b ce49 

  0x000001f007e8bcac: ;   {runtime_call}
  0x000001f007e8bcac: 8bd7 48b8 | 3019 c30f | fc7f 0000 | ffd0 488b | 4424 2048 | 8b54 2428 | 488b 7c24 | 3048 8b4c 
  0x000001f007e8bccc: 2438 4c8b | 4c24 404c | 8b44 2448 | c5f8 7748 | 83c4 50e9 | b0c2 ffff | 418b 3248 | c1e6 0348 
  0x000001f007e8bcec: 83fe 000f | 84af c2ff | ff49 8b57 | 3848 85d2 | 0f84 1400 | 0000 4883 | ea08 4989 | 5738 4903 
  0x000001f007e8bd0c: 5740 4889 | 32e9 8ec2 | ffff 4883 | ec60 4c89 | 5424 584c | 895c 2450 | 4c89 4424 | 484c 894c 
  0x000001f007e8bd2c: 2440 4889 | 4c24 3848 | 897c 2430 | 4889 4424 | 2848 8bce 

  0x000001f007e8bd40: ;   {runtime_call}
  0x000001f007e8bd40: 498b d748 | b850 19c3 | 0ffc 7f00 | 00ff d048 | 8b44 2428 | 488b 7c24 | 3048 8b4c | 2438 4c8b 
  0x000001f007e8bd60: 4c24 404c | 8b44 2448 | 4c8b 5c24 | 504c 8b54 | 2458 c5f8 | 7748 83c4 | 60e9 26c2 | ffff f083 
  0x000001f007e8bd80: 4424 c000 | 803a 000f | 8457 c2ff | ffc6 0200 | 498b 7750 | 4885 f60f | 8414 0000 | 0048 83ee 
  0x000001f007e8bda0: 0849 8977 | 5049 0377 | 5848 8916 | e933 c2ff | ff48 83ec | 504c 895c | 2448 4c89 | 4424 404c 
  0x000001f007e8bdc0: 894c 2438 | 4889 4c24 | 3048 8944 | 2428 488b | ca49 8bd7 

  0x000001f007e8bdd4: ;   {runtime_call}
  0x000001f007e8bdd4: 48b8 3019 | c30f fc7f | 0000 ffd0 | 488b 4424 | 2848 8b4c | 2430 4c8b | 4c24 384c | 8b44 2440 
  0x000001f007e8bdf4: 4c8b 5c24 | 48c5 f877 | 4883 c450 | e9df c1ff | ff41 8b0b | 48c1 e103 | 4883 f900 | 0f84 dec1 
  0x000001f007e8be14: ffff 4d8b | 5738 4d85 | d20f 8414 | 0000 0049 | 83ea 084d | 8957 384d | 0357 4049 | 890a e9bd 
  0x000001f007e8be34: c1ff ff48 | 83ec 404c | 895c 2438 | 4c89 4424 | 3048 8944 | 2428 498b 

  0x000001f007e8be4c: ;   {runtime_call}
  0x000001f007e8be4c: d748 b850 | 19c3 0ffc | 7f00 00ff | d048 8b44 | 2428 4c8b | 4424 304c | 8b5c 2438 | c5f8 7748 
  0x000001f007e8be6c: 83c4 40e9 | 80c1 ffff | f083 4424 | c000 4180 | 3a00 0f84 | b1c1 ffff | 41c6 0200 | 498b 4f50 
  0x000001f007e8be8c: 4885 c90f | 8414 0000 | 0048 83e9 | 0849 894f | 5049 034f | 584c 8911 | e98c c1ff | ff48 83ec 
  0x000001f007e8beac: 304c 8944 | 2428 4889 | 4424 2049 | 8bca 498b 

  0x000001f007e8bebc: ;   {runtime_call}
  0x000001f007e8bebc: d748 b830 | 19c3 0ffc | 7f00 00ff | d048 8b44 | 2420 4c8b | 4424 28c5 | f877 4883 | c430 e956 
  0x000001f007e8bedc: c1ff ff45 | 8b03 49c1 | e003 4983 | f800 0f84 | 72c7 ffff | 4d8b 4f38 | 4d85 c90f | 8414 0000 
  0x000001f007e8befc: 0049 83e9 | 084d 894f | 384d 034f | 404d 8901 | e951 c7ff | ff48 83ec | 404c 8954 | 2438 4c89 
  0x000001f007e8bf1c: 5c24 3048 | 894c 2428 | 498b c849 

  0x000001f007e8bf28: ;   {runtime_call}
  0x000001f007e8bf28: 8bd7 48b8 | 5019 c30f | fc7f 0000 | ffd0 488b | 4c24 284c | 8b5c 2430 | 4c8b 5424 | 38c5 f877 
  0x000001f007e8bf48: 4883 c440 | e911 c7ff | fff0 8344 | 24c0 0041 | 8039 000f | 8439 c7ff | ff41 c601 | 004d 8b47 
  0x000001f007e8bf68: 504d 85c0 | 0f84 1400 | 0000 4983 | e808 4d89 | 4750 4d03 | 4758 4d89 | 08e9 14c7 | ffff 4883 
  0x000001f007e8bf88: ec30 4c89 | 5424 2848 | 894c 2420 | 498b c949 

  0x000001f007e8bf98: ;   {runtime_call}
  0x000001f007e8bf98: 8bd7 48b8 | 3019 c30f | fc7f 0000 | ffd0 488b | 4c24 204c | 8b54 2428 | c5f8 7748 | 83c4 30e9 
  0x000001f007e8bfb8: dec6 ffff | 458b 0149 | c1e0 0349 | 83f8 000f | 8473 c7ff | ff4d 8b57 | 384d 85d2 | 0f84 1400 
  0x000001f007e8bfd8: 0000 4983 | ea08 4d89 | 5738 4d03 | 5740 4d89 | 02e9 52c7 | ffff 4883 | ec30 4c89 | 5c24 284c 
  0x000001f007e8bff8: 894c 2420 | 498b c849 

  0x000001f007e8c000: ;   {runtime_call}
  0x000001f007e8c000: 8bd7 48b8 | 5019 c30f | fc7f 0000 | ffd0 4c8b | 4c24 204c | 8b5c 2428 | c5f8 7748 | 83c4 30e9 
  0x000001f007e8c020: 1cc7 ffff | 458b 0249 | c1e0 0349 | 83f8 000f | 84cc ceff | ff4d 8b5f | 384d 85db | 0f84 1400 
  0x000001f007e8c040: 0000 4983 | eb08 4d89 | 5f38 4d03 | 5f40 4d89 | 03e9 abce | ffff 4883 | ec30 4c89 | 5424 2848 
  0x000001f007e8c060: 8974 2420 | 498b c849 

  0x000001f007e8c068: ;   {runtime_call}
  0x000001f007e8c068: 8bd7 48b8 | 5019 c30f | fc7f 0000 | ffd0 488b | 7424 204c | 8b54 2428 | c5f8 7748 | 83c4 30e9 
  0x000001f007e8c088: 75ce ffff | f083 4424 | c000 4180 | 3b00 0f84 | 9dce ffff | 41c6 0300 | 4d8b 4750 | 4d85 c00f 
  0x000001f007e8c0a8: 8414 0000 | 0049 83e8 | 084d 8947 | 504d 0347 | 584d 8918 | e978 ceff | ff48 83ec | 3048 8974 
  0x000001f007e8c0c8: 2428 498b | cb49 8bd7 

  0x000001f007e8c0d0: ;   {runtime_call}
  0x000001f007e8c0d0: 48b8 3019 | c30f fc7f | 0000 ffd0 | 488b 7424 | 28c5 f877 | 4883 c430 | e94c ceff | ff45 8b18 
  0x000001f007e8c0f0: 49c1 e303 | 4983 fb00 | 0f84 3dcf | ffff 498b | 4f38 4885 | c90f 8414 | 0000 0048 | 83e9 0849 
  0x000001f007e8c110: 894f 3849 | 034f 404c | 8919 e91c | cfff ff48 | 83ec 304c | 8944 2428 | 4889 4424 | 2049 8bcb 
  0x000001f007e8c130: ;   {runtime_call}
  0x000001f007e8c130: 498b d748 | b850 19c3 | 0ffc 7f00 | 00ff d048 | 8b44 2420 | 4c8b 4424 | 28c5 f877 | 4883 c430 
  0x000001f007e8c150: e9e6 ceff | fff0 8344 | 24c0 0080 | 3900 0f84 | 18cf ffff | c601 004d | 8b5f 504d | 85db 0f84 
  0x000001f007e8c170: 1400 0000 | 4983 eb08 | 4d89 5f50 | 4d03 5f58 | 4989 0be9 | f4ce ffff | 4883 ec20 

  0x000001f007e8c18c: ;   {runtime_call}
  0x000001f007e8c18c: 498b d748 | b830 19c3 | 0ffc 7f00 | 00ff d0c5 | f877 4883 | c420 e9d5 | ceff ff41 | 8387 d806 
  0x000001f007e8c1ac: 0000 08e9 | d9ee ffff | 4183 87d8 | 0600 0008 | e912 c0ff | ff41 8387 | d806 0000 | 08e9 01ae 
  0x000001f007e8c1cc: ;   {internal_word}
  0x000001f007e8c1cc: ffff 49ba | bf6e e807 | f001 0000 | 4d89 97e0 

  0x000001f007e8c1dc: ;   {runtime_call SafepointBlob}
  0x000001f007e8c1dc: 0400 00e9 | 7c60 62ff | 4183 87d8 | 0600 0008 | e972 aaff 

  0x000001f007e8c1f0: ;   {runtime_call Stub::method_entry_barrier}
  0x000001f007e8c1f0: ffe8 eaa3 | 60ff e9d3 | a8ff fff4 | f4f4 f4f4 
[Stub Code]
  0x000001f007e8c200: ;   {static_stub}
  0x000001f007e8c200: 48bb 0000 | 0000 0000 

  0x000001f007e8c208: ;   {runtime_call nmethod}
  0x000001f007e8c208: 0000 e9fb 

  0x000001f007e8c20c: ;   {static_stub}
  0x000001f007e8c20c: ffff ff48 | bb00 0000 | 0000 0000 

  0x000001f007e8c218: ;   {runtime_call nmethod}
  0x000001f007e8c218: 00e9 fbff 

  0x000001f007e8c21c: ;   {static_stub}
  0x000001f007e8c21c: ffff 48bb | 0000 0000 | 0000 0000 

  0x000001f007e8c228: ;   {runtime_call nmethod}
  0x000001f007e8c228: e9fb ffff 

  0x000001f007e8c22c: ;   {static_stub}
  0x000001f007e8c22c: ff48 bb00 | 0000 0000 

  0x000001f007e8c234: ;   {runtime_call nmethod}
  0x000001f007e8c234: 0000 00e9 | fbff ffff 

  0x000001f007e8c23c: ;   {static_stub}
  0x000001f007e8c23c: 48bb 0000 | 0000 0000 

  0x000001f007e8c244: ;   {runtime_call nmethod}
  0x000001f007e8c244: 0000 e9fb 

  0x000001f007e8c248: ;   {static_stub}
  0x000001f007e8c248: ffff ff48 | bb00 0000 | 0000 0000 

  0x000001f007e8c254: ;   {runtime_call nmethod}
  0x000001f007e8c254: 00e9 fbff 

  0x000001f007e8c258: ;   {static_stub}
  0x000001f007e8c258: ffff 48bb | 0000 0000 | 0000 0000 

  0x000001f007e8c264: ;   {runtime_call nmethod}
  0x000001f007e8c264: e9fb ffff 

  0x000001f007e8c268: ;   {static_stub}
  0x000001f007e8c268: ff48 bb00 | 0000 0000 

  0x000001f007e8c270: ;   {runtime_call nmethod}
  0x000001f007e8c270: 0000 00e9 | fbff ffff 

  0x000001f007e8c278: ;   {static_stub}
  0x000001f007e8c278: 48bb 0000 | 0000 0000 

  0x000001f007e8c280: ;   {runtime_call nmethod}
  0x000001f007e8c280: 0000 e9fb 

  0x000001f007e8c284: ;   {static_stub}
  0x000001f007e8c284: ffff ff48 | bb00 0000 | 0000 0000 

  0x000001f007e8c290: ;   {runtime_call nmethod}
  0x000001f007e8c290: 00e9 fbff 

  0x000001f007e8c294: ;   {static_stub}
  0x000001f007e8c294: ffff 48bb | 0000 0000 | 0000 0000 

  0x000001f007e8c2a0: ;   {runtime_call nmethod}
  0x000001f007e8c2a0: e9fb ffff 

  0x000001f007e8c2a4: ;   {static_stub}
  0x000001f007e8c2a4: ff48 bb00 | 0000 0000 

  0x000001f007e8c2ac: ;   {runtime_call nmethod}
  0x000001f007e8c2ac: 0000 00e9 | fbff ffff 

  0x000001f007e8c2b4: ;   {static_stub}
  0x000001f007e8c2b4: 48bb 0000 | 0000 0000 

  0x000001f007e8c2bc: ;   {runtime_call nmethod}
  0x000001f007e8c2bc: 0000 e9fb 

  0x000001f007e8c2c0: ;   {static_stub}
  0x000001f007e8c2c0: ffff ff48 | bb00 0000 | 0000 0000 

  0x000001f007e8c2cc: ;   {runtime_call nmethod}
  0x000001f007e8c2cc: 00e9 fbff 

  0x000001f007e8c2d0: ;   {static_stub}
  0x000001f007e8c2d0: ffff 48bb | 0000 0000 | 0000 0000 

  0x000001f007e8c2dc: ;   {runtime_call nmethod}
  0x000001f007e8c2dc: e9fb ffff 

  0x000001f007e8c2e0: ;   {static_stub}
  0x000001f007e8c2e0: ff48 bb00 | 0000 0000 

  0x000001f007e8c2e8: ;   {runtime_call nmethod}
  0x000001f007e8c2e8: 0000 00e9 | fbff ffff 

  0x000001f007e8c2f0: ;   {static_stub}
  0x000001f007e8c2f0: 48bb 0000 | 0000 0000 

  0x000001f007e8c2f8: ;   {runtime_call nmethod}
  0x000001f007e8c2f8: 0000 e9fb 

  0x000001f007e8c2fc: ;   {static_stub}
  0x000001f007e8c2fc: ffff ff48 | bb00 0000 | 0000 0000 

  0x000001f007e8c308: ;   {runtime_call nmethod}
  0x000001f007e8c308: 00e9 fbff 

  0x000001f007e8c30c: ;   {static_stub}
  0x000001f007e8c30c: ffff 48bb | 28bd c712 | f001 0000 

  0x000001f007e8c318: ;   {runtime_call I2C/C2I adapters}
  0x000001f007e8c318: e995 6a62 

  0x000001f007e8c31c: ;   {static_stub}
  0x000001f007e8c31c: ff48 bb00 | 0000 0000 

  0x000001f007e8c324: ;   {runtime_call nmethod}
  0x000001f007e8c324: 0000 00e9 | fbff ffff 

  0x000001f007e8c32c: ;   {static_stub}
  0x000001f007e8c32c: 48bb 0000 | 0000 0000 

  0x000001f007e8c334: ;   {runtime_call nmethod}
  0x000001f007e8c334: 0000 e9fb 

  0x000001f007e8c338: ;   {static_stub}
  0x000001f007e8c338: ffff ff48 | bb00 0000 | 0000 0000 

  0x000001f007e8c344: ;   {runtime_call nmethod}
  0x000001f007e8c344: 00e9 fbff 

  0x000001f007e8c348: ;   {static_stub}
  0x000001f007e8c348: ffff 48bb | f0b7 c712 | f001 0000 

  0x000001f007e8c354: ;   {runtime_call I2C/C2I adapters}
  0x000001f007e8c354: e95d b862 

  0x000001f007e8c358: ;   {static_stub}
  0x000001f007e8c358: ff48 bb00 | 0000 0000 

  0x000001f007e8c360: ;   {runtime_call nmethod}
  0x000001f007e8c360: 0000 00e9 | fbff ffff 

  0x000001f007e8c368: ;   {static_stub}
  0x000001f007e8c368: 48bb 0000 | 0000 0000 

  0x000001f007e8c370: ;   {runtime_call nmethod}
  0x000001f007e8c370: 0000 e9fb 

  0x000001f007e8c374: ;   {static_stub}
  0x000001f007e8c374: ffff ff48 | bb00 0000 | 0000 0000 

  0x000001f007e8c380: ;   {runtime_call nmethod}
  0x000001f007e8c380: 00e9 fbff 

  0x000001f007e8c384: ;   {static_stub}
  0x000001f007e8c384: ffff 48bb | 0000 0000 | 0000 0000 

  0x000001f007e8c390: ;   {runtime_call nmethod}
  0x000001f007e8c390: e9fb ffff 

  0x000001f007e8c394: ;   {static_stub}
  0x000001f007e8c394: ff48 bb00 | 0000 0000 

  0x000001f007e8c39c: ;   {runtime_call nmethod}
  0x000001f007e8c39c: 0000 00e9 | fbff ffff 

  0x000001f007e8c3a4: ;   {static_stub}
  0x000001f007e8c3a4: 48bb 0000 | 0000 0000 

  0x000001f007e8c3ac: ;   {runtime_call nmethod}
  0x000001f007e8c3ac: 0000 e9fb 

  0x000001f007e8c3b0: ;   {static_stub}
  0x000001f007e8c3b0: ffff ff48 | bb00 0000 | 0000 0000 

  0x000001f007e8c3bc: ;   {runtime_call nmethod}
  0x000001f007e8c3bc: 00e9 fbff 

  0x000001f007e8c3c0: ;   {static_stub}
  0x000001f007e8c3c0: ffff 48bb | 0000 0000 | 0000 0000 

  0x000001f007e8c3cc: ;   {runtime_call nmethod}
  0x000001f007e8c3cc: e9fb ffff 

  0x000001f007e8c3d0: ;   {static_stub}
  0x000001f007e8c3d0: ff48 bb00 | 0000 0000 

  0x000001f007e8c3d8: ;   {runtime_call nmethod}
  0x000001f007e8c3d8: 0000 00e9 | fbff ffff 
[Exception Handler]
  0x000001f007e8c3e0: ;   {runtime_call ExceptionBlob}
  0x000001f007e8c3e0: e9fb 7c70 | ffe8 0000 | 0000 4883 

  0x000001f007e8c3ec: ;   {runtime_call DeoptimizationBlob}
  0x000001f007e8c3ec: 2c24 05e9 | ec45 62ff | f4f4 f4f4 
[/MachCode]


---------------  P R O C E S S  ---------------

Threads class SMR info:
_java_thread_list=0x000001f02b1b1d10, length=27, elements={
0x000001f06b223330, 0x000001f07e6045c0, 0x000001f07e604d80, 0x000001f07e607680,
0x000001f07e60a4b0, 0x000001f07e60b890, 0x000001f07e6121c0, 0x000001f07e60cf90,
0x000001f011040490, 0x000001f01127a220, 0x000001f0113fa110, 0x000001f0113fa8d0,
0x000001f011404e40, 0x000001f016248490, 0x000001f0162d7560, 0x000001f016304fc0,
0x000001f0162ce0c0, 0x000001f016317340, 0x000001f0161b4f10, 0x000001f016652300,
0x000001f016944750, 0x000001f016942040, 0x000001f0285372c0, 0x000001f0284b9f10,
0x000001f0293308e0, 0x000001f029335ed0, 0x000001f029336e70
}

Java Threads: ( => current thread )
  0x000001f06b223330 JavaThread "main"                              [_thread_blocked, id=19572, stack(0x000000a51b500000,0x000000a51b600000) (1024K)]
  0x000001f07e6045c0 JavaThread "Reference Handler"          daemon [_thread_blocked, id=24904, stack(0x000000a51bd00000,0x000000a51be00000) (1024K)]
  0x000001f07e604d80 JavaThread "Finalizer"                  daemon [_thread_blocked, id=10656, stack(0x000000a51be00000,0x000000a51bf00000) (1024K)]
  0x000001f07e607680 JavaThread "Signal Dispatcher"          daemon [_thread_blocked, id=20776, stack(0x000000a51bf00000,0x000000a51c000000) (1024K)]
  0x000001f07e60a4b0 JavaThread "Attach Listener"            daemon [_thread_blocked, id=13248, stack(0x000000a51c000000,0x000000a51c100000) (1024K)]
  0x000001f07e60b890 JavaThread "Service Thread"             daemon [_thread_blocked, id=20376, stack(0x000000a51c100000,0x000000a51c200000) (1024K)]
  0x000001f07e6121c0 JavaThread "Monitor Deflation Thread"   daemon [_thread_blocked, id=11120, stack(0x000000a51c200000,0x000000a51c300000) (1024K)]
  0x000001f07e60cf90 JavaThread "C2 CompilerThread0"         daemon [_thread_blocked, id=23476, stack(0x000000a51c300000,0x000000a51c400000) (1024K)]
  0x000001f011040490 JavaThread "C1 CompilerThread0"         daemon [_thread_blocked, id=10880, stack(0x000000a51c400000,0x000000a51c500000) (1024K)]
  0x000001f01127a220 JavaThread "Common-Cleaner"             daemon [_thread_blocked, id=25224, stack(0x000000a51c700000,0x000000a51c800000) (1024K)]
  0x000001f0113fa110 JavaThread "Monitor Ctrl-Break"         daemon [_thread_in_native, id=16168, stack(0x000000a51ca00000,0x000000a51cb00000) (1024K)]
  0x000001f0113fa8d0 JavaThread "Notification Thread"        daemon [_thread_blocked, id=16204, stack(0x000000a51cb00000,0x000000a51cc00000) (1024K)]
  0x000001f011404e40 JavaThread "JavaFX-Launcher"                   [_thread_blocked, id=13396, stack(0x000000a51cc00000,0x000000a51cd00000) (1024K)]
  0x000001f016248490 JavaThread "RMI TCP Accept-0"           daemon [_thread_in_native, id=19472, stack(0x000000a51cf00000,0x000000a51d000000) (1024K)]
  0x000001f0162d7560 JavaThread "RMI TCP Connection(1)-192.168.1.13" daemon [_thread_in_native, id=25200, stack(0x000000a51d000000,0x000000a51d100000) (1024K)]
  0x000001f016304fc0 JavaThread "RMI Scheduler(0)"           daemon [_thread_blocked, id=9800, stack(0x000000a51d100000,0x000000a51d200000) (1024K)]
  0x000001f0162ce0c0 JavaThread "JMX server connection timeout 41" daemon [_thread_blocked, id=12652, stack(0x000000a51d200000,0x000000a51d300000) (1024K)]
  0x000001f016317340 JavaThread "QuantumRenderer-0"          daemon [_thread_blocked, id=15508, stack(0x000000a51d300000,0x000000a51d400000) (1024K)]
  0x000001f0161b4f10 JavaThread "InvokeLaterDispatcher"      daemon [_thread_blocked, id=20128, stack(0x000000a51d400000,0x000000a51d500000) (1024K)]
=>0x000001f016652300 JavaThread "JavaFX Application Thread"         [_thread_in_native, id=9736, stack(0x000000a51d500000,0x000000a51d600000) (1024K)]
  0x000001f016944750 JavaThread "Thread-3"                   daemon [_thread_in_native, id=20440, stack(0x000000a51c900000,0x000000a51ca00000) (1024K)]
  0x000001f016942040 JavaThread "JNA Cleaner"                daemon [_thread_blocked, id=3640, stack(0x000000a51cd00000,0x000000a51ce00000) (1024K)]
  0x000001f0285372c0 JavaThread "Prism Font Disposer"        daemon [_thread_blocked, id=5940, stack(0x000000a51ef00000,0x000000a51f000000) (1024K)]
  0x000001f0284b9f10 JavaThread "ForkJoinPool.commonPool-worker-1" daemon [_thread_blocked, id=10740, stack(0x000000a51f100000,0x000000a51f200000) (1024K)]
  0x000001f0293308e0 JavaThread "Cleaner-0"                  daemon [_thread_blocked, id=15736, stack(0x000000a51f700000,0x000000a51f800000) (1024K)]
  0x000001f029335ed0 JavaThread "Cleaner-1"                  daemon [_thread_blocked, id=17912, stack(0x000000a51fa00000,0x000000a51fb00000) (1024K)]
  0x000001f029336e70 JavaThread "DefaultSleeper"             daemon [_thread_blocked, id=11216, stack(0x000000a51fb00000,0x000000a51fc00000) (1024K)]
Total: 27

Other Threads:
  0x000001f07e5f0d70 VMThread "VM Thread"                           [id=11296, stack(0x000000a51bc00000,0x000000a51bd00000) (1024K)]
  0x000001f07e5e0c40 WatcherThread "VM Periodic Task Thread"        [id=1796, stack(0x000000a51bb00000,0x000000a51bc00000) (1024K)]
  0x000001f07e45ea10 WorkerThread "GC Thread#0"                     [id=24332, stack(0x000000a51b600000,0x000000a51b700000) (1024K)]
  0x000001f016cfe630 WorkerThread "GC Thread#1"                     [id=9840, stack(0x000000a51ce00000,0x000000a51cf00000) (1024K)]
  0x000001f016cfeed0 WorkerThread "GC Thread#2"                     [id=22328, stack(0x000000a51e500000,0x000000a51e600000) (1024K)]
  0x000001f016cfd0a0 WorkerThread "GC Thread#3"                     [id=21112, stack(0x000000a51e600000,0x000000a51e700000) (1024K)]
  0x000001f016cfcc50 WorkerThread "GC Thread#4"                     [id=24292, stack(0x000000a51e700000,0x000000a51e800000) (1024K)]
  0x000001f016cfb6c0 WorkerThread "GC Thread#5"                     [id=8592, stack(0x000000a51e800000,0x000000a51e900000) (1024K)]
  0x000001f016cff770 WorkerThread "GC Thread#6"                     [id=6812, stack(0x000000a51e900000,0x000000a51ea00000) (1024K)]
  0x000001f016cfbb10 WorkerThread "GC Thread#7"                     [id=17808, stack(0x000000a51ea00000,0x000000a51eb00000) (1024K)]
  0x000001f016cffbc0 WorkerThread "GC Thread#8"                     [id=16460, stack(0x000000a51eb00000,0x000000a51ec00000) (1024K)]
  0x000001f016d00010 WorkerThread "GC Thread#9"                     [id=3728, stack(0x000000a51ec00000,0x000000a51ed00000) (1024K)]
  0x000001f016cfc3b0 WorkerThread "GC Thread#10"                    [id=21344, stack(0x000000a51ed00000,0x000000a51ee00000) (1024K)]
  0x000001f016d01150 WorkerThread "GC Thread#11"                    [id=10852, stack(0x000000a51ee00000,0x000000a51ef00000) (1024K)]
  0x000001f029f99360 WorkerThread "GC Thread#12"                    [id=1920, stack(0x000000a51c800000,0x000000a51c900000) (1024K)]
  0x000001f07e45faa0 ConcurrentGCThread "G1 Main Marker"            [id=2448, stack(0x000000a51b700000,0x000000a51b800000) (1024K)]
  0x000001f06b2ad2e0 WorkerThread "G1 Conc#0"                       [id=23980, stack(0x000000a51b800000,0x000000a51b900000) (1024K)]
  0x000001f016d026e0 WorkerThread "G1 Conc#1"                       [id=20000, stack(0x000000a51f500000,0x000000a51f600000) (1024K)]
  0x000001f016d019f0 WorkerThread "G1 Conc#2"                       [id=4776, stack(0x000000a51f600000,0x000000a51f700000) (1024K)]
  0x000001f06b2deac0 ConcurrentGCThread "G1 Refine#0"               [id=23048, stack(0x000000a51b900000,0x000000a51ba00000) (1024K)]
  0x000001f07e4a1ca0 ConcurrentGCThread "G1 Service"                [id=13128, stack(0x000000a51ba00000,0x000000a51bb00000) (1024K)]
Total: 21

Threads with active compile tasks:
Total: 0

VM state: not at safepoint (normal execution)

VM Mutex/Monitor currently owned by a thread: None

Heap address: 0x000000060b400000, size: 8012 MB, Compressed Oops mode: Zero based, Oop shift amount: 3

CDS archive(s) mapped at: [0x0000000027000000-0x0000000027db0000-0x0000000027db0000), size 14352384, SharedBaseAddress: 0x0000000027000000, ArchiveRelocationMode: 1.
Compressed class space mapped at: 0x0000000028000000-0x0000000068000000, reserved size: 1073741824
UseCompressedClassPointers 1, UseCompactObjectHeaders 0
Narrow klass pointer bits 32, Max shift 3
Narrow klass base: 0x0000000027000000, Narrow klass shift: 0
Encoding Range: [0x0000000027000000 - 0x0000000127000000), (4294967296 bytes)
Klass Range:    [0x0000000027010000 - 0x0000000068000000), (1090453504 bytes)
Klass ID Range:  [65536 - 1090519033) (1090453497)
Protection zone: [0x0000000027000000 - 0x0000000027010000), (65536 bytes)

GC Precious Log:
 CardTable entry size: 512
 Card Set container configuration: InlinePtr #cards 4 size 8 Array Of Cards #cards 32 size 80 Howl #buckets 8 coarsen threshold 7372 Howl Bitmap #cards 1024 size 144 coarsen threshold 921 Card regions per heap region 1 cards per card region 8192
 CPUs: 16 total, 16 available
 Memory: 32042M
 Large Page Support: Disabled
 NUMA Support: Disabled
 Compressed Oops: Enabled (Zero based)
 Heap Region Size: 4M
 Heap Min Capacity: 8M
 Heap Initial Capacity: 504M
 Heap Max Capacity: 8012M
 Pre-touch: Disabled
 Parallel Workers: 13
 Concurrent Workers: 3
 Concurrent Refinement Workers: 13
 Periodic GC: Disabled

Heap:
 garbage-first heap   total reserved 8204288K, committed 81920K, used 64070K [0x000000060b400000, 0x0000000800000000)
  region size 4096K, 9 young (36864K), 1 survivors (4096K)

Heap Regions: E=young(eden), S=young(survivor), O=old, HS=humongous(starts), HC=humongous(continues), CS=collection set, F=free, TAMS=top-at-mark-start, PB=parsable bottom
|   0|0x000000060b400000, 0x000000060b800000, 0x000000060b800000|100%| O|  |TAMS 0x000000060b400000| PB 0x000000060b400000| Untracked |  0
|   1|0x000000060b800000, 0x000000060b800000, 0x000000060bc00000|  0%| F|  |TAMS 0x000000060b800000| PB 0x000000060b800000| Untracked |  0
|   2|0x000000060bc00000, 0x000000060c000000, 0x000000060c000000|100%| O|  |TAMS 0x000000060bc00000| PB 0x000000060bc00000| Untracked |  0
|   3|0x000000060c000000, 0x000000060c400000, 0x000000060c400000|100%| O|  |TAMS 0x000000060c000000| PB 0x000000060c000000| Untracked |  0
|   4|0x000000060c400000, 0x000000060c800000, 0x000000060c800000|100%| O|Cm|TAMS 0x000000060c400000| PB 0x000000060c400000| Complete |  0
|   5|0x000000060c800000, 0x000000060c95a7b0, 0x000000060cc00000| 33%| S|CS|TAMS 0x000000060c800000| PB 0x000000060c800000| Complete |  0
|   6|0x000000060cc00000, 0x000000060d000000, 0x000000060d000000|100%| O|  |TAMS 0x000000060cc00000| PB 0x000000060cc00000| Untracked |  0
|   7|0x000000060d000000, 0x000000060d400000, 0x000000060d400000|100%| O|  |TAMS 0x000000060d000000| PB 0x000000060d000000| Untracked |  0
|   8|0x000000060d400000, 0x000000060d800000, 0x000000060d800000|100%| O|  |TAMS 0x000000060d400000| PB 0x000000060d400000| Untracked |  0
|   9|0x000000060d800000, 0x000000060dc00000, 0x000000060dc00000|100%| O|  |TAMS 0x000000060d800000| PB 0x000000060d800000| Untracked |  0
|  10|0x000000060dc00000, 0x000000060e000000, 0x000000060e000000|100%| O|  |TAMS 0x000000060dc00000| PB 0x000000060dc00000| Untracked |  0
|  11|0x000000060e000000, 0x000000060e302278, 0x000000060e400000| 75%| E|  |TAMS 0x000000060e000000| PB 0x000000060e000000| Complete |  0
|  12|0x000000060e400000, 0x000000060e800000, 0x000000060e800000|100%| E|CS|TAMS 0x000000060e400000| PB 0x000000060e400000| Complete |  0
|  13|0x000000060e800000, 0x000000060ec00000, 0x000000060ec00000|100%| E|CS|TAMS 0x000000060e800000| PB 0x000000060e800000| Complete |  0
| 115|0x0000000628000000, 0x0000000628400000, 0x0000000628400000|100%| E|  |TAMS 0x0000000628000000| PB 0x0000000628000000| Complete |  0
| 116|0x0000000628400000, 0x0000000628800000, 0x0000000628800000|100%| E|CS|TAMS 0x0000000628400000| PB 0x0000000628400000| Complete |  0
| 117|0x0000000628800000, 0x0000000628c00000, 0x0000000628c00000|100%| E|CS|TAMS 0x0000000628800000| PB 0x0000000628800000| Complete |  0
| 125|0x000000062a800000, 0x000000062ac00000, 0x000000062ac00000|100%| E|CS|TAMS 0x000000062a800000| PB 0x000000062a800000| Complete |  0
|2001|0x00000007ff800000, 0x00000007ff937318, 0x00000007ffc00000| 30%| O|  |TAMS 0x00000007ff800000| PB 0x00000007ff800000| Untracked |  0
|2002|0x00000007ffc00000, 0x0000000800000000, 0x0000000800000000|100%| E|CS|TAMS 0x00000007ffc00000| PB 0x00000007ffc00000| Complete |  0

Card table byte_map: [0x000001f075680000,0x000001f076630000] _byte_map_base: 0x000001f072626000

Marking Bits: (CMBitMap*) 0x000001f07e45f1a0
 Bits: [0x000001f076630000, 0x000001f07e360000)

Polling page: 0x000001f0690b0000

Metaspace:
Metaspace        used 50346K, committed 50880K, reserved 1114112K
 class space     used 6987K, committed 7232K, reserved 1048576K

Usage:
  Non-class:     42.34 MB used.
      Class:      6.82 MB used.
       Both:     49.17 MB used.

Virtual space:
  Non-class space:       64.00 MB reserved,      42.62 MB ( 67%) committed,  1 nodes.
      Class space:        1.00 GB reserved,       7.06 MB ( <1%) committed,  1 nodes.
             Both:        1.06 GB reserved,      49.69 MB (  5%) committed. 

Chunk freelists:
   Non-Class:  5.39 MB
       Class:  8.84 MB
        Both:  14.24 MB

MaxMetaspaceSize: unlimited
CompressedClassSpaceSize: 1.00 GB
Initial GC threshold: 21.00 MB
Current GC threshold: 82.75 MB
CDS: on
 - commit_granule_bytes: 65536.
 - commit_granule_words: 8192.
 - virtual_space_node_default_size: 8388608.
 - enlarge_chunks_in_place: 1.
UseCompressedClassPointers 1, UseCompactObjectHeaders 0
Narrow klass pointer bits 32, Max shift 3
Narrow klass base: 0x0000000027000000, Narrow klass shift: 0
Encoding Range: [0x0000000027000000 - 0x0000000127000000), (4294967296 bytes)
Klass Range:    [0x0000000027010000 - 0x0000000068000000), (1090453504 bytes)
Klass ID Range:  [65536 - 1090519033) (1090453497)
Protection zone: [0x0000000027000000 - 0x0000000027010000), (65536 bytes)


Internal statistics:

num_allocs_failed_limit: 9.
num_arena_births: 530.
num_arena_deaths: 2.
num_vsnodes_births: 2.
num_vsnodes_deaths: 0.
num_space_committed: 794.
num_space_uncommitted: 0.
num_chunks_returned_to_freelist: 12.
num_chunks_taken_from_freelist: 2062.
num_chunk_merges: 3.
num_chunk_splits: 1442.
num_chunks_enlarged: 1141.
num_inconsistent_stats: 0.

CodeHeap 'non-profiled nmethods': size=119168Kb used=3683Kb max_used=3683Kb free=115484Kb
 bounds [0x000001f007bb0000, 0x000001f007f50000, 0x000001f00f010000]
CodeHeap 'profiled nmethods': size=119168Kb used=12161Kb max_used=12955Kb free=107006Kb
 bounds [0x000001f000000000, 0x000001f000cc0000, 0x000001f007460000]
CodeHeap 'non-nmethods': size=7488Kb used=2153Kb max_used=4008Kb free=5334Kb
 bounds [0x000001f007460000, 0x000001f007880000, 0x000001f007bb0000]
CodeCache: size=245824Kb, used=17997Kb, max_used=20646Kb, free=227824Kb
 total_blobs=8699, nmethods=7677, adapters=925, full_count=0
Compilation: enabled, stopped_count=0, restarted_count=0

Compilation events (20 events):
Event: 28.849 Thread 0x000001f011040490 8981       3       javafx.scene.shape.Path$1::doComputeLayoutBounds (8 bytes)
Event: 28.849 Thread 0x000001f011040490 nmethod 8981 0x000001f000784108 code [0x000001f000784200, 0x000001f000784410]
Event: 28.849 Thread 0x000001f011040490 8982       3       javafx.scene.shape.Path::doComputeLayoutBounds (25 bytes)
Event: 28.849 Thread 0x000001f011040490 nmethod 8982 0x000001f0007aa088 code [0x000001f0007aa1a0, 0x000001f0007aa3e8]
Event: 28.849 Thread 0x000001f011040490 8986       3       java.util.IdentityHashMap::put (137 bytes)
Event: 28.849 Thread 0x000001f011040490 nmethod 8986 0x000001f000395d88 code [0x000001f000395e80, 0x000001f000396898]
Event: 28.855 Thread 0x000001f011040490 8987       3       javafx.scene.control.TableColumnBase::getPrefWidth (8 bytes)
Event: 28.855 Thread 0x000001f011040490 nmethod 8987 0x000001f000992a08 code [0x000001f000992b00, 0x000001f000992e28]
Event: 28.855 Thread 0x000001f011040490 8989       3       javafx.scene.control.Cell::setSelected (9 bytes)
Event: 28.856 Thread 0x000001f011040490 nmethod 8989 0x000001f00098be08 code [0x000001f00098bf00, 0x000001f00098c0c8]
Event: 28.856 Thread 0x000001f011040490 8988       3       com.sun.javafx.collections.ObservableMapWrapper::containsKey (11 bytes)
Event: 28.856 Thread 0x000001f011040490 nmethod 8988 0x000001f0009bc688 code [0x000001f0009bc780, 0x000001f0009bc958]
Event: 28.857 Thread 0x000001f07e60cf90 8990       4       javafx.beans.WeakInvalidationListener::invalidated (33 bytes)
Event: 28.858 Thread 0x000001f07e60cf90 nmethod 8990 0x000001f007f47988 code [0x000001f007f47a80, 0x000001f007f47c48]
Event: 28.871 Thread 0x000001f011040490 8991       3       jdk.internal.icu.text.BidiBase::baseIsLeftToRight (13 bytes)
Event: 28.872 Thread 0x000001f011040490 nmethod 8991 0x000001f0009bdb08 code [0x000001f0009bdc00, 0x000001f0009bde00]
Event: 28.872 Thread 0x000001f011040490 8992       3       jdk.internal.icu.text.BidiBase::getParaLevel (9 bytes)
Event: 28.872 Thread 0x000001f07e60cf90 8993       4       com.sun.javafx.font.CharToGlyphMapper::charsToGlyphs (133 bytes)
Event: 28.872 Thread 0x000001f011040490 nmethod 8992 0x000001f000992388 code [0x000001f000992480, 0x000001f000992760]
Event: 28.873 Thread 0x000001f011040490 8994       3       jdk.internal.icu.text.BidiBase::getDirProps (942 bytes)

GC Heap Usage History (20 events):
Event: 11.201 {heap Before GC invocations=10 (full 0):
 garbage-first heap   total reserved 8204288K, committed 77824K, used 59123K [0x000000060b400000, 0x0000000800000000)
  region size 4096K, 9 young (36864K), 2 survivors (8192K)
}
Event: 11.204 {heap After GC invocations=11 (full 0):
 garbage-first heap   total reserved 8204288K, committed 77824K, used 35215K [0x000000060b400000, 0x0000000800000000)
  region size 4096K, 2 young (8192K), 2 survivors (8192K)
}
Event: 14.229 {heap Before GC invocations=11 (full 0):
 garbage-first heap   total reserved 8204288K, committed 77824K, used 63887K [0x000000060b400000, 0x0000000800000000)
  region size 4096K, 9 young (36864K), 2 survivors (8192K)
}
Event: 14.232 {heap After GC invocations=12 (full 0):
 garbage-first heap   total reserved 8204288K, committed 77824K, used 40561K [0x000000060b400000, 0x0000000800000000)
  region size 4096K, 2 young (8192K), 2 survivors (8192K)
}
Event: 14.902 {heap Before GC invocations=12 (full 0):
 garbage-first heap   total reserved 8204288K, committed 77824K, used 61041K [0x000000060b400000, 0x0000000800000000)
  region size 4096K, 8 young (32768K), 2 survivors (8192K)
}
Event: 14.904 {heap After GC invocations=13 (full 0):
 garbage-first heap   total reserved 8204288K, committed 77824K, used 41424K [0x000000060b400000, 0x0000000800000000)
  region size 4096K, 1 young (4096K), 1 survivors (4096K)
}
Event: 15.354 {heap Before GC invocations=13 (full 0):
 garbage-first heap   total reserved 8204288K, committed 77824K, used 61904K [0x000000060b400000, 0x0000000800000000)
  region size 4096K, 6 young (24576K), 1 survivors (4096K)
}
Event: 15.355 {heap After GC invocations=14 (full 0):
 garbage-first heap   total reserved 8204288K, committed 77824K, used 40900K [0x000000060b400000, 0x0000000800000000)
  region size 4096K, 1 young (4096K), 1 survivors (4096K)
}
Event: 16.037 {heap Before GC invocations=15 (full 0):
 garbage-first heap   total reserved 8204288K, committed 77824K, used 61380K [0x000000060b400000, 0x0000000800000000)
  region size 4096K, 7 young (28672K), 1 survivors (4096K)
}
Event: 16.038 {heap After GC invocations=16 (full 0):
 garbage-first heap   total reserved 8204288K, committed 77824K, used 40805K [0x000000060b400000, 0x0000000800000000)
  region size 4096K, 1 young (4096K), 1 survivors (4096K)
}
Event: 16.722 {heap Before GC invocations=16 (full 0):
 garbage-first heap   total reserved 8204288K, committed 77824K, used 61285K [0x000000060b400000, 0x0000000800000000)
  region size 4096K, 7 young (28672K), 1 survivors (4096K)
}
Event: 16.724 {heap After GC invocations=17 (full 0):
 garbage-first heap   total reserved 8204288K, committed 77824K, used 39604K [0x000000060b400000, 0x0000000800000000)
  region size 4096K, 1 young (4096K), 1 survivors (4096K)
}
Event: 19.980 {heap Before GC invocations=17 (full 0):
 garbage-first heap   total reserved 8204288K, committed 77824K, used 60084K [0x000000060b400000, 0x0000000800000000)
  region size 4096K, 7 young (28672K), 1 survivors (4096K)
}
Event: 19.981 {heap After GC invocations=18 (full 0):
 garbage-first heap   total reserved 8204288K, committed 77824K, used 39949K [0x000000060b400000, 0x0000000800000000)
  region size 4096K, 1 young (4096K), 1 survivors (4096K)
}
Event: 23.626 {heap Before GC invocations=19 (full 0):
 garbage-first heap   total reserved 8204288K, committed 77824K, used 64525K [0x000000060b400000, 0x0000000800000000)
  region size 4096K, 7 young (28672K), 1 survivors (4096K)
}
Event: 23.627 {heap After GC invocations=20 (full 0):
 garbage-first heap   total reserved 8204288K, committed 77824K, used 40103K [0x000000060b400000, 0x0000000800000000)
  region size 4096K, 1 young (4096K), 1 survivors (4096K)
}
Event: 27.212 {heap Before GC invocations=20 (full 0):
 garbage-first heap   total reserved 8204288K, committed 77824K, used 68775K [0x000000060b400000, 0x0000000800000000)
  region size 4096K, 8 young (32768K), 1 survivors (4096K)
}
Event: 27.214 {heap After GC invocations=21 (full 0):
 garbage-first heap   total reserved 8204288K, committed 81920K, used 39369K [0x000000060b400000, 0x0000000800000000)
  region size 4096K, 1 young (4096K), 1 survivors (4096K)
}
Event: 28.129 {heap Before GC invocations=21 (full 0):
 garbage-first heap   total reserved 8204288K, committed 81920K, used 68041K [0x000000060b400000, 0x0000000800000000)
  region size 4096K, 9 young (36864K), 1 survivors (4096K)
}
Event: 28.130 {heap After GC invocations=22 (full 0):
 garbage-first heap   total reserved 8204288K, committed 81920K, used 39494K [0x000000060b400000, 0x0000000800000000)
  region size 4096K, 1 young (4096K), 1 survivors (4096K)
}

Metaspace Usage History (20 events):
Event: 11.201 {metaspace Before GC invocations=10 (full 0):
 Metaspace       used 47488K, committed 48000K, reserved 1114112K
  class space    used 6667K, committed 6912K, reserved 1048576K
}
Event: 11.204 {metaspace After GC invocations=11 (full 0):
 Metaspace       used 47488K, committed 48000K, reserved 1114112K
  class space    used 6667K, committed 6912K, reserved 1048576K
}
Event: 14.229 {metaspace Before GC invocations=11 (full 0):
 Metaspace       used 49589K, committed 50112K, reserved 1114112K
  class space    used 6978K, committed 7232K, reserved 1048576K
}
Event: 14.232 {metaspace After GC invocations=12 (full 0):
 Metaspace       used 49589K, committed 50112K, reserved 1114112K
  class space    used 6978K, committed 7232K, reserved 1048576K
}
Event: 14.902 {metaspace Before GC invocations=12 (full 0):
 Metaspace       used 49801K, committed 50304K, reserved 1114112K
  class space    used 6980K, committed 7232K, reserved 1048576K
}
Event: 14.904 {metaspace After GC invocations=13 (full 0):
 Metaspace       used 49801K, committed 50304K, reserved 1114112K
  class space    used 6980K, committed 7232K, reserved 1048576K
}
Event: 15.354 {metaspace Before GC invocations=13 (full 0):
 Metaspace       used 49840K, committed 50368K, reserved 1114112K
  class space    used 6980K, committed 7232K, reserved 1048576K
}
Event: 15.355 {metaspace After GC invocations=14 (full 0):
 Metaspace       used 49840K, committed 50368K, reserved 1114112K
  class space    used 6980K, committed 7232K, reserved 1048576K
}
Event: 16.037 {metaspace Before GC invocations=15 (full 0):
 Metaspace       used 49860K, committed 50368K, reserved 1114112K
  class space    used 6979K, committed 7232K, reserved 1048576K
}
Event: 16.038 {metaspace After GC invocations=16 (full 0):
 Metaspace       used 49860K, committed 50368K, reserved 1114112K
  class space    used 6979K, committed 7232K, reserved 1048576K
}
Event: 16.722 {metaspace Before GC invocations=16 (full 0):
 Metaspace       used 49897K, committed 50432K, reserved 1114112K
  class space    used 6979K, committed 7232K, reserved 1048576K
}
Event: 16.724 {metaspace After GC invocations=17 (full 0):
 Metaspace       used 49897K, committed 50432K, reserved 1114112K
  class space    used 6979K, committed 7232K, reserved 1048576K
}
Event: 19.980 {metaspace Before GC invocations=17 (full 0):
 Metaspace       used 50058K, committed 50560K, reserved 1114112K
  class space    used 6986K, committed 7232K, reserved 1048576K
}
Event: 19.981 {metaspace After GC invocations=18 (full 0):
 Metaspace       used 50058K, committed 50560K, reserved 1114112K
  class space    used 6986K, committed 7232K, reserved 1048576K
}
Event: 23.626 {metaspace Before GC invocations=19 (full 0):
 Metaspace       used 50161K, committed 50688K, reserved 1114112K
  class space    used 6987K, committed 7232K, reserved 1048576K
}
Event: 23.627 {metaspace After GC invocations=20 (full 0):
 Metaspace       used 50161K, committed 50688K, reserved 1114112K
  class space    used 6987K, committed 7232K, reserved 1048576K
}
Event: 27.212 {metaspace Before GC invocations=20 (full 0):
 Metaspace       used 50271K, committed 50752K, reserved 1114112K
  class space    used 6987K, committed 7232K, reserved 1048576K
}
Event: 27.214 {metaspace After GC invocations=21 (full 0):
 Metaspace       used 50271K, committed 50752K, reserved 1114112K
  class space    used 6987K, committed 7232K, reserved 1048576K
}
Event: 28.129 {metaspace Before GC invocations=21 (full 0):
 Metaspace       used 50305K, committed 50816K, reserved 1114112K
  class space    used 6987K, committed 7232K, reserved 1048576K
}
Event: 28.130 {metaspace After GC invocations=22 (full 0):
 Metaspace       used 50305K, committed 50816K, reserved 1114112K
  class space    used 6987K, committed 7232K, reserved 1048576K
}

Dll operation events (20 events):
Event: 0.265 Attempting to load shared library C:\Users\matea\.openjfx\cache\21.0.6+3\amd64\vcruntime140.dll
Event: 0.266 Loaded shared library C:\Users\matea\.openjfx\cache\21.0.6+3\amd64\vcruntime140.dll
Event: 0.269 Attempting to load shared library C:\Users\matea\.openjfx\cache\21.0.6+3\amd64\vcruntime140_1.dll
Event: 0.269 Loaded shared library C:\Users\matea\.openjfx\cache\21.0.6+3\amd64\vcruntime140_1.dll
Event: 0.275 Attempting to load shared library C:\Users\matea\.openjfx\cache\21.0.6+3\amd64\msvcp140.dll
Event: 0.275 Loaded shared library C:\Users\matea\.openjfx\cache\21.0.6+3\amd64\msvcp140.dll
Event: 0.277 Attempting to load shared library C:\Users\matea\.openjfx\cache\21.0.6+3\amd64\msvcp140_1.dll
Event: 0.278 Loaded shared library C:\Users\matea\.openjfx\cache\21.0.6+3\amd64\msvcp140_1.dll
Event: 0.281 Attempting to load shared library C:\Users\matea\.openjfx\cache\21.0.6+3\amd64\msvcp140_2.dll
Event: 0.281 Loaded shared library C:\Users\matea\.openjfx\cache\21.0.6+3\amd64\msvcp140_2.dll
Event: 0.305 Attempting to load shared library C:\Users\matea\.openjfx\cache\21.0.6+3\amd64\prism_d3d.dll
Event: 0.307 Loaded shared library C:\Users\matea\.openjfx\cache\21.0.6+3\amd64\prism_d3d.dll
Event: 0.364 Attempting to load shared library C:\Users\matea\.openjfx\cache\21.0.6+3\amd64\glass.dll
Event: 0.365 Loaded shared library C:\Users\matea\.openjfx\cache\21.0.6+3\amd64\glass.dll
Event: 0.446 Attempting to load shared library C:\Users\matea\.openjfx\cache\21.0.6+3\amd64\javafx_font.dll
Event: 0.446 Loaded shared library C:\Users\matea\.openjfx\cache\21.0.6+3\amd64\javafx_font.dll
Event: 0.471 Attempting to load shared library C:\Users\matea\AppData\Local\Temp\jna-103668220\jna5657887723484923145.dll
Event: 0.517 Loaded shared library C:\Users\matea\AppData\Local\Temp\jna-103668220\jna5657887723484923145.dll
Event: 4.584 Attempting to load shared library C:\Users\matea\.jdks\corretto-25.0.4.1\bin\sunmscapi.dll
Event: 4.585 Loaded shared library C:\Users\matea\.jdks\corretto-25.0.4.1\bin\sunmscapi.dll

Deoptimization events (20 events):
Event: 26.823 Thread 0x000001f016652300 Uncommon trap: trap_request=0xffffffd6 fr.pc=0x000001f007d73b14 relative=0x0000000000000314
Event: 26.823 Thread 0x000001f016652300 Uncommon trap: reason=array_check action=maybe_recompile pc=0x000001f007d73b14 method=java.util.AbstractCollection.toArray([Ljava/lang/Object;)[Ljava/lang/Object; @ 116 c2
Event: 26.823 Thread 0x000001f016652300 DEOPT PACKING pc=0x000001f007d73b14 sp=0x000000a51d5fdd60
Event: 26.823 Thread 0x000001f016652300 DEOPT UNPACKING pc=0x000001f007593e82 sp=0x000000a51d5fdce0 mode 2
Event: 26.823 Thread 0x000001f016652300 Uncommon trap: trap_request=0xffffffd6 fr.pc=0x000001f007d73b14 relative=0x0000000000000314
Event: 26.823 Thread 0x000001f016652300 Uncommon trap: reason=array_check action=maybe_recompile pc=0x000001f007d73b14 method=java.util.AbstractCollection.toArray([Ljava/lang/Object;)[Ljava/lang/Object; @ 116 c2
Event: 26.823 Thread 0x000001f016652300 DEOPT PACKING pc=0x000001f007d73b14 sp=0x000000a51d5fdd60
Event: 26.823 Thread 0x000001f016652300 DEOPT UNPACKING pc=0x000001f007593e82 sp=0x000000a51d5fdce0 mode 2
Event: 28.840 Thread 0x000001f016317340 Uncommon trap: trap_request=0xffffff66 fr.pc=0x000001f007f475b8 relative=0x0000000000000538
Event: 28.840 Thread 0x000001f016317340 Uncommon trap: reason=loop_limit_check action=maybe_recompile pc=0x000001f007f475b8 method=com.sun.javafx.image.impl.BaseByteToByteConverter$ByteAnyToSameConverter.doConvert([BII[BIIII)V @ 5 c2
Event: 28.840 Thread 0x000001f016317340 DEOPT PACKING pc=0x000001f007f475b8 sp=0x000000a51d3fd190
Event: 28.840 Thread 0x000001f016317340 DEOPT UNPACKING pc=0x000001f007593e82 sp=0x000000a51d3fd128 mode 2
Event: 28.871 Thread 0x000001f016652300 Uncommon trap: trap_request=0xffffff45 fr.pc=0x000001f007e33ac8 relative=0x0000000000000b48
Event: 28.871 Thread 0x000001f016652300 Uncommon trap: reason=unstable_if action=reinterpret pc=0x000001f007e33ac8 method=jdk.internal.icu.text.BidiBase.getDirProps()V @ 339 c2
Event: 28.871 Thread 0x000001f016652300 DEOPT PACKING pc=0x000001f007e33ac8 sp=0x000000a51d5fd3f0
Event: 28.872 Thread 0x000001f016652300 DEOPT UNPACKING pc=0x000001f007593e82 sp=0x000000a51d5fd348 mode 2
Event: 28.872 Thread 0x000001f016652300 Uncommon trap: trap_request=0xffffff45 fr.pc=0x000001f007e7812c relative=0x0000000000002cac
Event: 28.872 Thread 0x000001f016652300 Uncommon trap: reason=unstable_if action=reinterpret pc=0x000001f007e7812c method=com.sun.javafx.text.GlyphLayout.breakRuns(Lcom/sun/javafx/text/PrismTextLayout;[CI)I @ 545 c2
Event: 28.872 Thread 0x000001f016652300 DEOPT PACKING pc=0x000001f007e7812c sp=0x000000a51d5fd520
Event: 28.872 Thread 0x000001f016652300 DEOPT UNPACKING pc=0x000001f007593e82 sp=0x000000a51d5fd450 mode 2

Classes loaded (20 events):
Event: 14.187 Loading class java/lang/CharacterDataUndefined
Event: 14.187 Loading class java/lang/CharacterDataUndefined done
Event: 14.188 Loading class java/lang/ConditionalSpecialCasing
Event: 14.189 Loading class java/lang/ConditionalSpecialCasing done
Event: 14.189 Loading class java/lang/ConditionalSpecialCasing$Entry
Event: 14.189 Loading class java/lang/ConditionalSpecialCasing$Entry done
Event: 14.189 Loading class java/lang/CharacterData0E
Event: 14.189 Loading class java/lang/CharacterData0E done
Event: 14.190 Loading class java/lang/CharacterData03
Event: 14.190 Loading class java/lang/CharacterData03 done
Event: 19.963 Loading class jdk/internal/icu/text/BidiBase$BracketData
Event: 19.963 Loading class jdk/internal/icu/text/BidiBase$BracketData done
Event: 19.963 Loading class jdk/internal/icu/text/BidiBase$Opening
Event: 19.963 Loading class jdk/internal/icu/text/BidiBase$Opening done
Event: 19.963 Loading class jdk/internal/icu/text/BidiBase$IsoRun
Event: 19.963 Loading class jdk/internal/icu/text/BidiBase$IsoRun done
Event: 19.963 Loading class jdk/internal/icu/text/BidiBase$LevState
Event: 19.963 Loading class jdk/internal/icu/text/BidiBase$LevState done
Event: 19.963 Loading class java/util/DualPivotQuicksort$SortOperation
Event: 19.963 Loading class java/util/DualPivotQuicksort$SortOperation done

Classes unloaded (1 events):
Event: 15.367 Thread 0x000001f07e5f0d70 Unloading class 0x000000002851c400 'java/lang/invoke/LambdaForm$DMH+0x000000002851c400'

Classes redefined (0 events):
No events

Internal exceptions (20 events):
Event: 10.946 Thread 0x000001f016652300 Exception <a 'sun/nio/fs/WindowsException'{0x000000060e7025b0}> (0x000000060e7025b0) 
thrown [s\src\hotspot\share\prims\jni.cpp, line 516]
Event: 10.953 Thread 0x000001f016652300 Exception <a 'sun/nio/fs/WindowsException'{0x000000060e76c7a8}> (0x000000060e76c7a8) 
thrown [s\src\hotspot\share\prims\jni.cpp, line 516]
Event: 10.953 Thread 0x000001f016652300 Exception <a 'sun/nio/fs/WindowsException'{0x000000060e76d470}> (0x000000060e76d470) 
thrown [s\src\hotspot\share\prims\jni.cpp, line 516]
Event: 10.956 Thread 0x000001f016652300 Exception <a 'sun/nio/fs/WindowsException'{0x000000060e7aac38}> (0x000000060e7aac38) 
thrown [s\src\hotspot\share\prims\jni.cpp, line 516]
Event: 10.956 Thread 0x000001f016652300 Exception <a 'sun/nio/fs/WindowsException'{0x000000060e7ab900}> (0x000000060e7ab900) 
thrown [s\src\hotspot\share\prims\jni.cpp, line 516]
Event: 10.970 Thread 0x000001f016652300 Exception <a 'sun/nio/fs/WindowsException'{0x00000007ffc5bf90}> (0x00000007ffc5bf90) 
thrown [s\src\hotspot\share\prims\jni.cpp, line 516]
Event: 10.970 Thread 0x000001f016652300 Exception <a 'sun/nio/fs/WindowsException'{0x00000007ffc5c9a8}> (0x00000007ffc5c9a8) 
thrown [s\src\hotspot\share\prims\jni.cpp, line 516]
Event: 10.970 Thread 0x000001f016652300 Exception <a 'sun/nio/fs/WindowsException'{0x00000007ffc5d6e0}> (0x00000007ffc5d6e0) 
thrown [s\src\hotspot\share\prims\jni.cpp, line 516]
Event: 10.971 Thread 0x000001f016652300 Exception <a 'sun/nio/fs/WindowsException'{0x00000007ffc5e0f8}> (0x00000007ffc5e0f8) 
thrown [s\src\hotspot\share\prims\jni.cpp, line 516]
Event: 10.982 Thread 0x000001f016652300 Exception <a 'java/lang/NoSuchMethodError'{0x00000007ffda2238}: 'void java.lang.invoke.DirectMethodHandle$Holder.invokeStatic(java.lang.Object, int)'> (0x00000007ffda2238) 
thrown [s\src\hotspot\share\interpreter\linkResolver.cpp, line 804]
Event: 10.982 Thread 0x000001f016652300 Exception <a 'java/lang/NoSuchMethodError'{0x00000007ffdaa498}: 'void java.lang.invoke.DirectMethodHandle$Holder.invokeStaticInit(java.lang.Object, int)'> (0x00000007ffdaa498) 
thrown [s\src\hotspot\share\interpreter\linkResolver.cpp, line 804]
Event: 10.988 Thread 0x000001f016652300 Implicit null exception at 0x000001f007dbd86b to 0x000001f007dbdbc8
Event: 11.146 Thread 0x000001f016652300 Exception <a 'java/lang/NoSuchMethodError'{0x000000060e4afc88}: 'void java.lang.invoke.DirectMethodHandle$Holder.invokeSpecial(java.lang.Object, java.lang.Object, int, int)'> (0x000000060e4afc88) 
thrown [s\src\hotspot\share\interpreter\linkResolver.cpp, line 804]
Event: 11.147 Thread 0x000001f016652300 Exception <a 'java/lang/NoSuchMethodError'{0x000000060e4bf230}: 'java.lang.Object java.lang.invoke.DirectMethodHandle$Holder.newInvokeSpecial(java.lang.Object, java.lang.Object, int, int)'> (0x000000060e4bf230) 
thrown [s\src\hotspot\share\interpreter\linkResolver.cpp, line 804]
Event: 11.147 Thread 0x000001f016652300 Exception <a 'java/lang/NoSuchMethodError'{0x000000060e4c7f78}: 'java.lang.Object java.lang.invoke.Invokers$Holder.linkToTargetMethod(java.lang.Object, int, int, java.lang.Object)'> (0x000000060e4c7f78) 
thrown [s\src\hotspot\share\interpreter\linkResolver.cpp, line 804]
Event: 11.172 Thread 0x000001f016652300 Exception <a 'java/lang/IncompatibleClassChangeError'{0x000000060e6fcfd8}: Found class java.lang.Object, but interface was expected> (0x000000060e6fcfd8) 
thrown [s\src\hotspot\share\interpreter\linkResolver.cpp, line 871]
Event: 14.178 Thread 0x000001f016652300 Exception <a 'java/lang/NoSuchMethodError'{0x00000006281ca078}: 'java.lang.Object java.lang.invoke.DirectMethodHandle$Holder.newInvokeSpecial(java.lang.Object, java.lang.Object, java.lang.Object, long)'> (0x00000006281ca078) 
thrown [s\src\hotspot\share\interpreter\linkResolver.cpp, line 804]
Event: 14.183 Thread 0x000001f028c88800 Exception <a 'java/lang/NoSuchMethodError'{0x000000060e8d1d18}: 'java.lang.Object java.lang.invoke.DirectMethodHandle$Holder.newInvokeSpecial(java.lang.Object, java.lang.Object, long, java.lang.Object)'> (0x000000060e8d1d18) 
thrown [s\src\hotspot\share\interpreter\linkResolver.cpp, line 804]
Event: 14.184 Thread 0x000001f028c88800 Exception <a 'java/lang/NoSuchMethodError'{0x000000060e8e21e8}: 'java.lang.Object java.lang.invoke.Invokers$Holder.linkToTargetMethod(java.lang.Object, long, java.lang.Object, java.lang.Object)'> (0x000000060e8e21e8) 
thrown [s\src\hotspot\share\interpreter\linkResolver.cpp, line 804]
Event: 19.963 Thread 0x000001f016652300 Exception <a 'java/lang/NoSuchMethodError'{0x000000060eabb400}: 'void java.lang.invoke.DirectMethodHandle$Holder.invokeStatic(java.lang.Object, java.lang.Object, int, int)'> (0x000000060eabb400) 
thrown [s\src\hotspot\share\interpreter\linkResolver.cpp, line 804]

VM Operations (20 events):
Event: 16.037 Executing safepoint VM operation: G1CollectForAllocation (G1 Evacuation Pause)
Event: 16.038 Executing safepoint VM operation: G1CollectForAllocation (G1 Evacuation Pause) done
Event: 16.722 Executing safepoint VM operation: G1CollectForAllocation (G1 Evacuation Pause)
Event: 16.724 Executing safepoint VM operation: G1CollectForAllocation (G1 Evacuation Pause) done
Event: 19.980 Executing safepoint VM operation: G1CollectForAllocation (G1 Evacuation Pause)
Event: 19.981 Executing safepoint VM operation: G1CollectForAllocation (G1 Evacuation Pause) done
Event: 19.993 Executing safepoint VM operation: G1PauseRemark
Event: 19.996 Executing safepoint VM operation: G1PauseRemark done
Event: 20.000 Executing safepoint VM operation: G1PauseCleanup
Event: 20.000 Executing safepoint VM operation: G1PauseCleanup done
Event: 23.626 Executing safepoint VM operation: G1CollectForAllocation (G1 Evacuation Pause)
Event: 23.627 Executing safepoint VM operation: G1CollectForAllocation (G1 Evacuation Pause) done
Event: 27.212 Executing safepoint VM operation: G1CollectForAllocation (G1 Evacuation Pause)
Event: 27.214 Executing safepoint VM operation: G1CollectForAllocation (G1 Evacuation Pause) done
Event: 28.128 Executing safepoint VM operation: G1CollectForAllocation (G1 Evacuation Pause)
Event: 28.130 Executing safepoint VM operation: G1CollectForAllocation (G1 Evacuation Pause) done
Event: 28.140 Executing safepoint VM operation: G1PauseRemark
Event: 28.142 Executing safepoint VM operation: G1PauseRemark done
Event: 28.148 Executing safepoint VM operation: G1PauseCleanup
Event: 28.148 Executing safepoint VM operation: G1PauseCleanup done

Memory protections (0 events):
No events

Nmethod flushes (20 events):
Event: 28.142 Thread 0x000001f07e5f0d70 flushing  nmethod 0x000001f00056e288
Event: 28.142 Thread 0x000001f07e5f0d70 flushing  nmethod 0x000001f00056eb08
Event: 28.142 Thread 0x000001f07e5f0d70 flushing  nmethod 0x000001f00062ca88
Event: 28.142 Thread 0x000001f07e5f0d70 flushing  nmethod 0x000001f00062cd88
Event: 28.142 Thread 0x000001f07e5f0d70 flushing  nmethod 0x000001f0007bdd88
Event: 28.142 Thread 0x000001f07e5f0d70 flushing  nmethod 0x000001f0007be608
Event: 28.142 Thread 0x000001f07e5f0d70 flushing  nmethod 0x000001f0007bf408
Event: 28.142 Thread 0x000001f07e5f0d70 flushing  nmethod 0x000001f0008efe88
Event: 28.142 Thread 0x000001f07e5f0d70 flushing  nmethod 0x000001f000bbee08
Event: 28.142 Thread 0x000001f07e5f0d70 flushing  nmethod 0x000001f000bbf188
Event: 28.142 Thread 0x000001f07e5f0d70 flushing  nmethod 0x000001f000bbfb88
Event: 28.142 Thread 0x000001f07e5f0d70 flushing  nmethod 0x000001f000bc0308
Event: 28.142 Thread 0x000001f07e5f0d70 flushing  nmethod 0x000001f000084108
Event: 28.142 Thread 0x000001f07e5f0d70 flushing  nmethod 0x000001f00024a488
Event: 28.142 Thread 0x000001f07e5f0d70 flushing  nmethod 0x000001f000312e08
Event: 28.142 Thread 0x000001f07e5f0d70 flushing  nmethod 0x000001f00045a988
Event: 28.142 Thread 0x000001f07e5f0d70 flushing  nmethod 0x000001f000515708
Event: 28.142 Thread 0x000001f07e5f0d70 flushing  nmethod 0x000001f000516208
Event: 28.142 Thread 0x000001f07e5f0d70 flushing  nmethod 0x000001f000730208
Event: 28.142 Thread 0x000001f07e5f0d70 flushing  nmethod 0x000001f00098be08

Events (20 events):
Event: 28.333 Thread 0x000001f016652300 Thread added: 0x000001f028c8beb0
Event: 28.343 Thread 0x000001f028c8beb0 Thread exited: 0x000001f028c8beb0
Event: 28.419 Thread 0x000001f029919c00 Thread exited: 0x000001f029919c00
Event: 28.419 Thread 0x000001f016652300 Thread added: 0x000001f028c897a0
Event: 28.421 Thread 0x000001f02991bc40 Thread exited: 0x000001f02991bc40
Event: 28.421 Thread 0x000001f028c897a0 Thread exited: 0x000001f028c897a0
Event: 28.421 Thread 0x000001f016652300 Thread added: 0x000001f028c88fd0
Event: 28.430 Thread 0x000001f028c88fd0 Thread exited: 0x000001f028c88fd0
Event: 28.443 Thread 0x000001f016652300 Thread added: 0x000001f028c897a0
Event: 28.452 Thread 0x000001f028c897a0 Thread exited: 0x000001f028c897a0
Event: 28.497 Thread 0x000001f016652300 Thread added: 0x000001f028c88fd0
Event: 28.507 Thread 0x000001f028c88fd0 Thread exited: 0x000001f028c88fd0
Event: 28.599 Thread 0x000001f016652300 Thread added: 0x000001f028c88fd0
Event: 28.608 Thread 0x000001f028c88fd0 Thread exited: 0x000001f028c88fd0
Event: 28.706 Thread 0x000001f016652300 Thread added: 0x000001f028c88030
Event: 28.716 Thread 0x000001f028c88030 Thread exited: 0x000001f028c88030
Event: 28.834 Thread 0x000001f016652300 Thread added: 0x000001f028c88fd0
Event: 28.844 Thread 0x000001f028c88fd0 Thread exited: 0x000001f028c88fd0
Event: 28.849 Thread 0x000001f016652300 Thread added: 0x000001f028c88030
Event: 28.857 Thread 0x000001f028c88030 Thread exited: 0x000001f028c88030


Dynamic libraries:
0x00007ff68c230000 - 0x00007ff68c23e000 	C:\Users\matea\.jdks\corretto-25.0.4.1\bin\java.exe
0x00007ffc92980000 - 0x00007ffc92be7000 	C:\WINDOWS\SYSTEM32\ntdll.dll
0x00007ffc91760000 - 0x00007ffc9182a000 	C:\WINDOWS\System32\KERNEL32.DLL
0x00007ffc8ff10000 - 0x00007ffc90310000 	C:\WINDOWS\System32\KERNELBASE.dll
0x00007ffc8fdb0000 - 0x00007ffc8fefc000 	C:\WINDOWS\System32\ucrtbase.dll
0x00007ffc77390000 - 0x00007ffc773a7000 	C:\Users\matea\.jdks\corretto-25.0.4.1\bin\jli.dll
0x00007ffc74570000 - 0x00007ffc7458e000 	C:\Users\matea\.jdks\corretto-25.0.4.1\bin\VCRUNTIME140.dll
0x00007ffc908a0000 - 0x00007ffc90a7d000 	C:\WINDOWS\System32\USER32.dll
0x00007ffc90490000 - 0x00007ffc904b7000 	C:\WINDOWS\System32\win32u.dll
0x00007ffc84cd0000 - 0x00007ffc84f60000 	C:\WINDOWS\WinSxS\amd64_microsoft.windows.common-controls_6595b64144ccf1df_6.0.26100.9596_none_3e0f4960e32e3260\COMCTL32.dll
0x00007ffc91c60000 - 0x00007ffc91c8b000 	C:\WINDOWS\System32\GDI32.dll
0x00007ffc90580000 - 0x00007ffc906a7000 	C:\WINDOWS\System32\gdi32full.dll
0x00007ffc91910000 - 0x00007ffc919b9000 	C:\WINDOWS\System32\msvcrt.dll
0x00007ffc90320000 - 0x00007ffc903c3000 	C:\WINDOWS\System32\msvcp_win.dll
0x00007ffc91c90000 - 0x00007ffc91cc1000 	C:\WINDOWS\System32\IMM32.DLL
0x00007ffc7fd80000 - 0x00007ffc7fd8c000 	C:\Users\matea\.jdks\corretto-25.0.4.1\bin\vcruntime140_1.dll
0x00007ffc61960000 - 0x00007ffc619e9000 	C:\Users\matea\.jdks\corretto-25.0.4.1\bin\msvcp140.dll
0x00007ffc0f870000 - 0x00007ffc107a7000 	C:\Users\matea\.jdks\corretto-25.0.4.1\bin\server\jvm.dll
0x00007ffc91830000 - 0x00007ffc918eb000 	C:\WINDOWS\System32\ADVAPI32.dll
0x00007ffc90e80000 - 0x00007ffc90f28000 	C:\WINDOWS\System32\sechost.dll
0x00007ffc91d60000 - 0x00007ffc91e78000 	C:\WINDOWS\System32\RPCRT4.dll
0x00007ffc90f30000 - 0x00007ffc90fb0000 	C:\WINDOWS\System32\WS2_32.dll
0x00007ffc8b7c0000 - 0x00007ffc8b7cb000 	C:\WINDOWS\SYSTEM32\VERSION.dll
0x00007ffc8f9e0000 - 0x00007ffc8fa3e000 	C:\WINDOWS\SYSTEM32\POWRPROF.dll
0x00007ffc8bf70000 - 0x00007ffc8bfa6000 	C:\WINDOWS\SYSTEM32\WINMM.dll
0x00007ffc8f9c0000 - 0x00007ffc8f9d5000 	C:\WINDOWS\SYSTEM32\UMPDC.dll
0x00007ffc8e310000 - 0x00007ffc8e32b000 	C:\WINDOWS\SYSTEM32\kernel.appcore.dll
0x00007ffc7fba0000 - 0x00007ffc7fbaa000 	C:\Users\matea\.jdks\corretto-25.0.4.1\bin\jimage.dll
0x00007ffc8cab0000 - 0x00007ffc8ccfc000 	C:\WINDOWS\SYSTEM32\DBGHELP.DLL
0x00007ffc925b0000 - 0x00007ffc9293a000 	C:\WINDOWS\System32\combase.dll
0x00007ffc91f70000 - 0x00007ffc92049000 	C:\WINDOWS\System32\OLEAUT32.dll
0x00007ffc8bf30000 - 0x00007ffc8bf6b000 	C:\WINDOWS\SYSTEM32\dbgcore.DLL
0x00007ffc903d0000 - 0x00007ffc9047c000 	C:\WINDOWS\System32\bcryptPrimitives.dll
0x00007ffc77380000 - 0x00007ffc77390000 	C:\Users\matea\.jdks\corretto-25.0.4.1\bin\instrument.dll
0x00007ffc743d0000 - 0x00007ffc743ef000 	C:\Users\matea\.jdks\corretto-25.0.4.1\bin\java.dll
0x00007ffc919c0000 - 0x00007ffc91b59000 	C:\WINDOWS\System32\ole32.dll
0x00007ffc90fc0000 - 0x00007ffc91758000 	C:\WINDOWS\System32\SHELL32.dll
0x00007ffc8d090000 - 0x00007ffc8d93e000 	C:\WINDOWS\SYSTEM32\windows.storage.dll
0x00007ffc91b60000 - 0x00007ffc91c5b000 	C:\WINDOWS\System32\SHCORE.dll
0x00007ffc90c20000 - 0x00007ffc90c86000 	C:\WINDOWS\System32\shlwapi.dll
0x00007ffc8faa0000 - 0x00007ffc8fac9000 	C:\WINDOWS\SYSTEM32\profapi.dll
0x00007ffc6f640000 - 0x00007ffc6f656000 	C:\Users\matea\.jdks\corretto-25.0.4.1\bin\zip.dll
0x00007ffc72280000 - 0x00007ffc72292000 	C:\Users\matea\.jdks\corretto-25.0.4.1\bin\net.dll
0x00007ffc8e8a0000 - 0x00007ffc8e90b000 	C:\WINDOWS\system32\mswsock.dll
0x00007ffc6fd80000 - 0x00007ffc6fd96000 	C:\Users\matea\.jdks\corretto-25.0.4.1\bin\nio.dll
0x00007ffc74730000 - 0x00007ffc74739000 	C:\Users\matea\.jdks\corretto-25.0.4.1\bin\extnet.dll
0x00007ffc8dbd0000 - 0x00007ffc8dd1c000 	C:\WINDOWS\SYSTEM32\DNSAPI.dll
0x00007ffc8e6a0000 - 0x00007ffc8e6ad000 	C:\WINDOWS\SYSTEM32\DSPARSE.dll
0x00007ffc8de20000 - 0x00007ffc8de53000 	C:\WINDOWS\SYSTEM32\IPHLPAPI.DLL
0x00007ffc924e0000 - 0x00007ffc924ea000 	C:\WINDOWS\System32\NSI.dll
0x00007ffc81230000 - 0x00007ffc8123b000 	C:\Windows\System32\rasadhlp.dll
0x00007ffc81e50000 - 0x00007ffc81ed6000 	C:\WINDOWS\System32\fwpuclnt.dll
0x00007ffc74560000 - 0x00007ffc7456a000 	C:\Users\matea\.jdks\corretto-25.0.4.1\bin\management.dll
0x00007ffc74520000 - 0x00007ffc7452c000 	C:\Users\matea\.jdks\corretto-25.0.4.1\bin\management_ext.dll
0x00007ffc925a0000 - 0x00007ffc925a8000 	C:\WINDOWS\System32\PSAPI.DLL
0x000001f011d30000 - 0x000001f011d33000 	C:\Users\matea\.openjfx\cache\21.0.6+3\amd64\api-ms-win-core-console-l1-1-0.dll
0x000001f011d40000 - 0x000001f011d43000 	C:\Users\matea\.openjfx\cache\21.0.6+3\amd64\api-ms-win-core-console-l1-2-0.dll
0x000001f011d50000 - 0x000001f011d53000 	C:\Users\matea\.openjfx\cache\21.0.6+3\amd64\api-ms-win-core-datetime-l1-1-0.dll
0x000001f011d60000 - 0x000001f011d63000 	C:\Users\matea\.openjfx\cache\21.0.6+3\amd64\api-ms-win-core-debug-l1-1-0.dll
0x000001f011d70000 - 0x000001f011d73000 	C:\Users\matea\.openjfx\cache\21.0.6+3\amd64\api-ms-win-core-errorhandling-l1-1-0.dll
0x000001f011d80000 - 0x000001f011d84000 	C:\Users\matea\.openjfx\cache\21.0.6+3\amd64\api-ms-win-core-file-l1-1-0.dll
0x000001f011d90000 - 0x000001f011d93000 	C:\Users\matea\.openjfx\cache\21.0.6+3\amd64\api-ms-win-core-file-l1-2-0.dll
0x000001f011da0000 - 0x000001f011da3000 	C:\Users\matea\.openjfx\cache\21.0.6+3\amd64\api-ms-win-core-file-l2-1-0.dll
0x000001f011db0000 - 0x000001f011db3000 	C:\Users\matea\.openjfx\cache\21.0.6+3\amd64\api-ms-win-core-handle-l1-1-0.dll
0x000001f011dc0000 - 0x000001f011dc3000 	C:\Users\matea\.openjfx\cache\21.0.6+3\amd64\api-ms-win-core-heap-l1-1-0.dll
0x000001f011dd0000 - 0x000001f011dd3000 	C:\Users\matea\.openjfx\cache\21.0.6+3\amd64\api-ms-win-core-interlocked-l1-1-0.dll
0x000001f011de0000 - 0x000001f011de3000 	C:\Users\matea\.openjfx\cache\21.0.6+3\amd64\api-ms-win-core-libraryloader-l1-1-0.dll
0x000001f011df0000 - 0x000001f011df3000 	C:\Users\matea\.openjfx\cache\21.0.6+3\amd64\api-ms-win-core-localization-l1-2-0.dll
0x000001f011e00000 - 0x000001f011e03000 	C:\Users\matea\.openjfx\cache\21.0.6+3\amd64\api-ms-win-core-memory-l1-1-0.dll
0x000001f011e10000 - 0x000001f011e13000 	C:\Users\matea\.openjfx\cache\21.0.6+3\amd64\api-ms-win-core-namedpipe-l1-1-0.dll
0x000001f011e20000 - 0x000001f011e23000 	C:\Users\matea\.openjfx\cache\21.0.6+3\amd64\api-ms-win-core-processenvironment-l1-1-0.dll
0x000001f011e30000 - 0x000001f011e33000 	C:\Users\matea\.openjfx\cache\21.0.6+3\amd64\api-ms-win-core-processthreads-l1-1-0.dll
0x000001f011e40000 - 0x000001f011e43000 	C:\Users\matea\.openjfx\cache\21.0.6+3\amd64\api-ms-win-core-processthreads-l1-1-1.dll
0x000001f011e50000 - 0x000001f011e53000 	C:\Users\matea\.openjfx\cache\21.0.6+3\amd64\api-ms-win-core-profile-l1-1-0.dll
0x000001f011e60000 - 0x000001f011e63000 	C:\Users\matea\.openjfx\cache\21.0.6+3\amd64\api-ms-win-core-rtlsupport-l1-1-0.dll
0x000001f011e70000 - 0x000001f011e73000 	C:\Users\matea\.openjfx\cache\21.0.6+3\amd64\api-ms-win-core-string-l1-1-0.dll
0x000001f011e80000 - 0x000001f011e83000 	C:\Users\matea\.openjfx\cache\21.0.6+3\amd64\api-ms-win-core-synch-l1-1-0.dll
0x000001f011e90000 - 0x000001f011e93000 	C:\Users\matea\.openjfx\cache\21.0.6+3\amd64\api-ms-win-core-synch-l1-2-0.dll
0x000001f011ea0000 - 0x000001f011ea3000 	C:\Users\matea\.openjfx\cache\21.0.6+3\amd64\api-ms-win-core-sysinfo-l1-1-0.dll
0x000001f011eb0000 - 0x000001f011eb3000 	C:\Users\matea\.openjfx\cache\21.0.6+3\amd64\api-ms-win-core-timezone-l1-1-0.dll
0x000001f011ec0000 - 0x000001f011ec3000 	C:\Users\matea\.openjfx\cache\21.0.6+3\amd64\api-ms-win-core-util-l1-1-0.dll
0x000001f011ed0000 - 0x000001f011ed3000 	C:\Users\matea\.openjfx\cache\21.0.6+3\amd64\api-ms-win-crt-conio-l1-1-0.dll
0x000001f011ee0000 - 0x000001f011ee4000 	C:\Users\matea\.openjfx\cache\21.0.6+3\amd64\api-ms-win-crt-convert-l1-1-0.dll
0x000001f011ef0000 - 0x000001f011ef3000 	C:\Users\matea\.openjfx\cache\21.0.6+3\amd64\api-ms-win-crt-environment-l1-1-0.dll
0x000001f011f00000 - 0x000001f011f03000 	C:\Users\matea\.openjfx\cache\21.0.6+3\amd64\api-ms-win-crt-filesystem-l1-1-0.dll
0x000001f011f10000 - 0x000001f011f13000 	C:\Users\matea\.openjfx\cache\21.0.6+3\amd64\api-ms-win-crt-heap-l1-1-0.dll
0x000001f011f20000 - 0x000001f011f23000 	C:\Users\matea\.openjfx\cache\21.0.6+3\amd64\api-ms-win-crt-locale-l1-1-0.dll
0x000001f011f30000 - 0x000001f011f35000 	C:\Users\matea\.openjfx\cache\21.0.6+3\amd64\api-ms-win-crt-math-l1-1-0.dll
0x000001f011f40000 - 0x000001f011f45000 	C:\Users\matea\.openjfx\cache\21.0.6+3\amd64\api-ms-win-crt-multibyte-l1-1-0.dll
0x00007ffc8eca0000 - 0x00007ffc8ecbb000 	C:\WINDOWS\SYSTEM32\CRYPTSP.dll
0x00007ffc8e270000 - 0x00007ffc8e2a9000 	C:\WINDOWS\system32\rsaenh.dll
0x00007ffc8e940000 - 0x00007ffc8e974000 	C:\WINDOWS\SYSTEM32\USERENV.dll
0x00007ffc8fa70000 - 0x00007ffc8fa9a000 	C:\WINDOWS\SYSTEM32\bcrypt.dll
0x000001f011f50000 - 0x000001f011f60000 	C:\Users\matea\.openjfx\cache\21.0.6+3\amd64\api-ms-win-crt-private-l1-1-0.dll
0x00007ffc8ec70000 - 0x00007ffc8ec7c000 	C:\WINDOWS\SYSTEM32\CRYPTBASE.dll
0x000001f011f60000 - 0x000001f011f63000 	C:\Users\matea\.openjfx\cache\21.0.6+3\amd64\api-ms-win-crt-process-l1-1-0.dll
0x000001f011f70000 - 0x000001f011f74000 	C:\Users\matea\.openjfx\cache\21.0.6+3\amd64\api-ms-win-crt-runtime-l1-1-0.dll
0x000001f011f80000 - 0x000001f011f84000 	C:\Users\matea\.openjfx\cache\21.0.6+3\amd64\api-ms-win-crt-stdio-l1-1-0.dll
0x000001f011f90000 - 0x000001f011f94000 	C:\Users\matea\.openjfx\cache\21.0.6+3\amd64\api-ms-win-crt-string-l1-1-0.dll
0x000001f011fa0000 - 0x000001f011fa3000 	C:\Users\matea\.openjfx\cache\21.0.6+3\amd64\api-ms-win-crt-time-l1-1-0.dll
0x000001f011fb0000 - 0x000001f011fb3000 	C:\Users\matea\.openjfx\cache\21.0.6+3\amd64\api-ms-win-crt-utility-l1-1-0.dll
0x00007ffc8f420000 - 0x00007ffc8f438000 	C:\WINDOWS\system32\napinsp.dll
0x00007ffc8f250000 - 0x00007ffc8f263000 	C:\WINDOWS\System32\winrnr.dll
0x00007ffc8b920000 - 0x00007ffc8b947000 	C:\WINDOWS\system32\nlansp_c.dll
0x00007ffc821d0000 - 0x00007ffc821e6000 	C:\WINDOWS\system32\wshbth.dll
0x00007ffc64760000 - 0x00007ffc6485c000 	C:\Users\matea\.openjfx\cache\21.0.6+3\amd64\ucrtbase.dll
0x00007ffc7d140000 - 0x00007ffc7d15b000 	C:\Users\matea\.openjfx\cache\21.0.6+3\amd64\vcruntime140.dll
0x00007ffc833f0000 - 0x00007ffc833fc000 	C:\Users\matea\.openjfx\cache\21.0.6+3\amd64\vcruntime140_1.dll
0x00007ffc6b3e0000 - 0x00007ffc6b46e000 	C:\Users\matea\.openjfx\cache\21.0.6+3\amd64\msvcp140.dll
0x00007ffc83380000 - 0x00007ffc83389000 	C:\Users\matea\.openjfx\cache\21.0.6+3\amd64\msvcp140_1.dll
0x00007ffc6f720000 - 0x00007ffc6f761000 	C:\Users\matea\.openjfx\cache\21.0.6+3\amd64\msvcp140_2.dll
0x00007ffc74a80000 - 0x00007ffc74ab0000 	C:\Users\matea\.openjfx\cache\21.0.6+3\amd64\prism_d3d.dll
0x00007ffc62090000 - 0x00007ffc62242000 	C:\WINDOWS\system32\d3d9.dll
0x00007ffc8c820000 - 0x00007ffc8c84e000 	C:\WINDOWS\SYSTEM32\dwmapi.dll
0x00007ffc8c660000 - 0x00007ffc8c6aa000 	C:\WINDOWS\SYSTEM32\dxcore.dll
0x00007ffc8fc20000 - 0x00007ffc8fd9e000 	C:\WINDOWS\System32\CRYPT32.dll
0x00007ffc83c80000 - 0x00007ffc83cd8000 	C:\WINDOWS\SYSTEM32\pdh.dll
0x00007ffc8c580000 - 0x00007ffc8c62a000 	C:\WINDOWS\system32\uxtheme.dll
0x00007ffc76d10000 - 0x00007ffc76d2f000 	C:\WINDOWS\System32\DriverStore\FileRepository\u0203304.inf_amd64_a6e5a337568ce3f0\B026373\atidx9loader64.dll
0x00007ffbe1fe0000 - 0x00007ffbe46c5000 	C:\WINDOWS\System32\DriverStore\FileRepository\u0203304.inf_amd64_a6e5a337568ce3f0\B026373\AMDXN64.DLL
0x00007ffc92050000 - 0x00007ffc924d7000 	C:\WINDOWS\System32\SETUPAPI.dll
0x00007ffc8c6b0000 - 0x00007ffc8c7ec000 	C:\WINDOWS\SYSTEM32\dxgi.dll
0x00007ffc867b0000 - 0x00007ffc867ee000 	C:\WINDOWS\System32\DriverStore\FileRepository\u0203304.inf_amd64_a6e5a337568ce3f0\B026373\amdihk64.dll
0x00007ffc8b7d0000 - 0x00007ffc8b82e000 	C:\WINDOWS\SYSTEM32\directxdatabasehelper.dll
0x00007ffc8f6e0000 - 0x00007ffc8f732000 	C:\WINDOWS\SYSTEM32\cfgmgr32.dll
0x00007ffc6be70000 - 0x00007ffc6beb2000 	C:\Users\matea\.openjfx\cache\21.0.6+3\amd64\glass.dll
0x00007ffc90b20000 - 0x00007ffc90c15000 	C:\WINDOWS\System32\COMDLG32.dll
0x00007ffc906b0000 - 0x00007ffc9080a000 	C:\WINDOWS\System32\MSCTF.dll

JVMTI agents:
C:\Program Files\JetBrains\IntelliJ IDEA 2026.2.3\lib\idea_rt.jar path:C:\Users\matea\.jdks\corretto-25.0.4.1\bin\instrument.dll, loaded, initialized, instrumentlib options:54419

dbghelp: loaded successfully - version: 4.0.5 - missing functions: none
symbol engine: initialized successfully - sym options: 0x614 - pdb path: .;C:\Users\matea\.jdks\corretto-25.0.4.1\bin;C:\WINDOWS\SYSTEM32;C:\WINDOWS\WinSxS\amd64_microsoft.windows.common-controls_6595b64144ccf1df_6.0.26100.9596_none_3e0f4960e32e3260;C:\Users\matea\.jdks\corretto-25.0.4.1\bin\server;C:\Users\matea\.openjfx\cache\21.0.6+3\amd64;C:\WINDOWS\System32\DriverStore\FileRepository\u0203304.inf_amd64_a6e5a337568ce3f0\B026373;C:\Users\matea\AppData\Local\Temp\jna-103668220;C:\Program Files\Common Files\Microsoft Shared\Ink;C:\WINDOWS\WinSxS\amd64_microsoft.windows.gdiplus_6595b64144ccf1df_1.1.26100.9596_none_6efa3c463dc0ac2e

VM Arguments:
jvm_args: -javaagent:C:\Program Files\JetBrains\IntelliJ IDEA 2026.2.3\lib\idea_rt.jar=54419 -Dfile.encoding=UTF-8 -Dsun.stdout.encoding=UTF-8 -Dsun.stderr.encoding=UTF-8 
java_command: com.bwxor.piejfx.Launcher
java_class_path (initial): C:\git\piejfx\piejfx\target\classes;C:\Users\matea\.m2\repository\org\openjfx\javafx-controls\21.0.6\javafx-controls-21.0.6.jar;C:\Users\matea\.m2\repository\org\openjfx\javafx-controls\21.0.6\javafx-controls-21.0.6-win.jar;C:\Users\matea\.m2\repository\org\openjfx\javafx-graphics\21.0.6\javafx-graphics-21.0.6.jar;C:\Users\matea\.m2\repository\org\openjfx\javafx-graphics\21.0.6\javafx-graphics-21.0.6-win.jar;C:\Users\matea\.m2\repository\org\openjfx\javafx-fxml\21.0.6\javafx-fxml-21.0.6.jar;C:\Users\matea\.m2\repository\org\openjfx\javafx-fxml\21.0.6\javafx-fxml-21.0.6-win.jar;C:\Users\matea\.m2\repository\org\openjfx\javafx-swing\21.0.6\javafx-swing-21.0.6.jar;C:\Users\matea\.m2\repository\org\openjfx\javafx-swing\21.0.6\javafx-swing-21.0.6-win.jar;C:\Users\matea\.m2\repository\org\controlsfx\controlsfx\11.2.1\controlsfx-11.2.1.jar;C:\Users\matea\.m2\repository\com\dlsc\formsfx\formsfx-core\11.6.0\formsfx-core-11.6.0.jar;C:\Users\matea\.m2\repository\org\openjfx\javafx-web\21.0.6\javafx-web-21.0.6.jar;C:\Users\matea\.m2\repository\org\openjfx\javafx-web\21.0.6\javafx-web-21.0.6-win.jar;C:\Users\matea\.m2\repository\org\openjfx\javafx-media\21.0.6\javafx-media-21.0.6.jar;C:\Users\matea\.m2\repository\org\openjfx\javafx-media\21.0.6\javafx-media-21.0.6-win.jar;C:\Users\matea\.m2\repository\com\bwxor\piejfx-plugin-core\1.0-SNAPSHOT\piejfx-plugin-core-1.0-SNAPSHOT.jar;C:\Users\matea\.m2\repository\org\fxmisc\richtext\richtextfx\0.11.7\richtextfx-0.11.7.jar;C:\Users\matea\.m2\repository\org\reactfx\reactfx\2.0-M5\reactfx-2.0-M5.jar;C:\Users\matea\.m2\repository\org\fxmisc\undo\undofx\2.1.1\undofx-2.1.1.jar;C:\Users\matea\.m2\repository\org\fxmisc\flowless\flowless\0.7.4\flowless-0.7.4.jar;C:\Users\matea\.m2\repository\org\fxmisc\wellbehaved\wellbehavedfx\0.3.3\wellbehavedfx-0.3.3.jar;C:\Users\matea\.m2\repository\com\techsenger\jeditermfx\jeditermfx-core\1.1.0\jeditermfx-core-1.1.0.jar;C:\Users\matea\.m2\repository\org\jetbrains\annotations\24.0.1\annotations-24.0.1.jar;C:\Users\matea\.m2\repository\org\jetbrains\kotlin\kotlin-stdlib\1.9.22\kotlin-stdlib-1.9.22.jar;C:\Users\matea\.m2\repository\org\slf4j\slf4j-api\2.0.9\slf4j-api-2.0.9.jar;C:\Users\matea\.m2\repository\com\techsenger\jeditermfx\jeditermfx-ui\1.1.0\jeditermfx-ui-1.1.0.jar;C:\Users\matea\.m2\repository\org\jetbrains\pty4j\pty4j\0.12.25\pty4j-0.12.25.jar;C:\Users\matea\.m2\repository\org\jetbrains\pty4j\purejavacomm\0.0.11.1\purejavacomm-0.0.11.1.jar;C:\Users\matea\.m2\repository\net\java\dev\jna\jna\5.13.0\jna-5.13.0.jar;C:\Users\matea\.m2\repository\org\openjfx\javafx-base\21.0.6\javafx-base-21.0.6.jar;C:\Users\matea\.m2\repository\org\openjfx\javafx-base\21.0.6\javafx-base-21.0.6-win.jar;C:\Users\matea\.m2\repository\org\json\json\20250517\json-20250517.jar;C:\Users\matea\.m2\repository\com\helger\ph-css\8.1.1\ph-css-8.1.1.jar;C:\Users\matea\.m2\repository\com\helger\commons\ph-typeconvert\12.1.0\ph-typeconvert-12.1.0.jar;C:\Users\matea\.m2\repository\com\helger\commons\ph-collection\12.1.0\ph-collection-12.1.0.jar;C:\Users\matea\.m2\repository\com\helger\commons\ph-base\12.1.0\ph-base-12.1.0.jar;C:\Users\matea\.m2\repository\com\helger\commons\ph-cache\12.1.0\ph-cache-12.1.0.jar;C:\Users\matea\.m2\repository\com\helger\commons\ph-annotations\12.1.0\ph-annotations-12.1.0.jar;C:\Users\matea\.m2\repository\org\jspecify\jspecify\1.0.0\jspecify-1.0.0.jar;C:\Users\matea\.m2\repository\com\helger\commons\ph-statistics\12.1.0\ph-statistics-12.1.0.jar;C:\Users\matea\.m2\repository\com\helger\commons\ph-io\12.1.0\ph-io-12.1.0.jar;C:\Users\matea\.m2\repository\com\helger\commons\ph-mime\12.1.0\ph-mime-12.1.0.jar;C:\Users\matea\.m2\repository\com\helger\commons\ph-text\12.1.0\ph-text-12.1.0.jar;C:\Users\matea\.m2\repository\net\harawata\appdirs\1.5.0\appdirs-1.5.0.jar;C:\Users\matea\.m2\repository\net\java\dev\jna\jna-platform\5.18.1\jna-platform-5.18.1.jar
Launcher Type: SUN_STANDARD

[Global flags]
     intx CICompilerCount                          = 12                                        {product} {ergonomic}
     uint ConcGCThreads                            = 3                                         {product} {ergonomic}
     uint G1ConcRefinementThreads                  = 13                                        {product} {ergonomic}
   size_t G1HeapRegionSize                         = 4194304                                   {product} {ergonomic}
   size_t InitialHeapSize                          = 528482304                                 {product} {ergonomic}
   size_t MarkStackSize                            = 4194304                                   {product} {ergonomic}
   size_t MarkStackSizeMax                         = 536870912                                 {product} {ergonomic}
   size_t MaxHeapSize                              = 8401190912                                {product} {ergonomic}
   size_t MaxNewSize                               = 5037359104                                {product} {ergonomic}
   size_t MinHeapDeltaBytes                        = 4194304                                   {product} {ergonomic}
   size_t MinHeapSize                              = 8388608                                   {product} {ergonomic}
    uintx NonNMethodCodeHeapSize                   = 7667712                                {pd product} {ergonomic}
    uintx NonProfiledCodeHeapSize                  = 122028032                              {pd product} {ergonomic}
    uintx ProfiledCodeHeapSize                     = 122028032                              {pd product} {ergonomic}
    uintx ReservedCodeCacheSize                    = 251723776                              {pd product} {ergonomic}
     bool SegmentedCodeCache                       = true                                      {product} {ergonomic}
   size_t SoftMaxHeapSize                          = 8401190912                             {manageable} {ergonomic}
     bool UseCompressedOops                        = true                           {product lp64_product} {ergonomic}
     bool UseG1GC                                  = true                                      {product} {ergonomic}
     bool UseLargePagesIndividualAllocation        = false                                  {pd product} {ergonomic}

Logging:
Log output configuration:
 #0: stdout all=warning uptime,level,tags foldmultilines=false
 #1: stderr all=off uptime,level,tags foldmultilines=false

Release file:
IMPLEMENTOR="Amazon.com Inc." 
IMPLEMENTOR_VERSION="Corretto-25.0.4.10.1" 
JAVA_RUNTIME_VERSION="25.0.4.1+10-LTS" 
JAVA_VERSION="25.0.4.1" 
JAVA_VERSION_DATE="2026-08-18" 
LIBC="default" 
MODULES="java.base java.compiler java.datatransfer java.xml java.prefs java.desktop java.instrument java.logging java.management java.security.sasl java.naming java.rmi java.management.rmi java.net.http java.scripting java.security.jgss java.transaction.xa java.sql java.sql.rowset java.xml.crypto java.se java.smartcardio jdk.accessibility jdk.internal.jvmstat jdk.attach jdk.charsets jdk.internal.opt jdk.zipfs jdk.compiler jdk.crypto.cryptoki jdk.crypto.ec jdk.crypto.mscapi jdk.dynalink jdk.internal.ed jdk.editpad jdk.internal.vm.ci jdk.graal.compiler jdk.graal.compiler.management jdk.hotspot.agent jdk.httpserver jdk.incubator.vector jdk.internal.le jdk.internal.md jdk.jartool jdk.javadoc jdk.jcmd jdk.management jdk.management.agent jdk.jconsole jdk.jdeps jdk.jdwp.agent jdk.jdi jdk.jfr jdk.jlink jdk.jpackage jdk.jshell jdk.jsobject jdk.jstatd jdk.localedata jdk.management.jfr jdk.naming.dns jdk.naming.rmi jdk.net jdk.nio.mapmode jdk.sctp jdk.security.auth jdk.security.jgss jdk.unsupported jdk.unsupported.desktop jdk.xml.dom" 
OS_ARCH="x86_64" 
OS_NAME="Windows" 
SOURCE="" 

Environment Variables:
JAVA_HOME=C:\Program Files\Java\jdk-27
PATH=C:\Program Files\Common Files\Oracle\Java\javapath;C:\WINDOWS\system32;C:\WINDOWS;C:\WINDOWS\System32\Wbem;C:\WINDOWS\System32\WindowsPowerShell\v1.0\;C:\WINDOWS\System32\OpenSSH\;C:\Program Files (x86)\NVIDIA Corporation\PhysX\Common;C:\Program Files\NVIDIA Corporation\NVIDIA App\NvDLISR;C:\Program Files\Git\cmd;C:\Program Files\Java\jdk-27\bin;C:\apache-maven-3.10.0\bin;C:\Users\matea\AppData\Local\Microsoft\WindowsApps;C:\Program Files\JetBrains\IntelliJ IDEA 2026.2.3\bin;C:\Users\matea\AppData\Local\Programs\keystore;
USERNAME=matea
OS=Windows_NT
PROCESSOR_IDENTIFIER=AMD64 Family 26 Model 96 Stepping 0, AuthenticAMD
TMP=C:\Users\matea\AppData\Local\Temp
TEMP=C:\Users\matea\AppData\Local\Temp




Compilation memory statistics disabled.

Periodic native trim disabled

---------------  S Y S T E M  ---------------

OS:
 Windows 11 , 64 bit Build 26100 (10.0.26100.9596)
OS uptime: 0 days 18:46 hours
Hyper-V role detected

CPU: total 16 (initial active 16) (16 cores per cpu, 2 threads per core) family 26 model 96 stepping 0 microcode 0xb600037, cx8, cmov, fxsr, ht, mmx, 3dnowpref, sse, sse2, sse3, ssse3, sse4a, sse4.1, sse4.2, popcnt, lzcnt, tsc, tscinvbit, avx, avx2, aes, erms, clmul, bmi1, bmi2, adx, avx512f, avx512dq, avx512cd, avx512bw, avx512vl, sha, fma, vzeroupper, avx512_vpopcntdq, avx512_vpclmulqdq, avx512_vaes, avx512_vnni, clflush, clflushopt, clwb, avx512_vbmi2, avx512_vbmi, hv, rdtscp, rdpid, fsrm, gfni, avx512_bitalg, f16c, cet_ss, avx512_ifma
Processor Information for the first 16 processors :
  Max Mhz: 2000, Current Mhz: 2000, Mhz Limit: 2000

Memory: 4k page, system-wide physical 32042M (13490M free)
TotalPageFile size 37162M (AvailPageFile size 14145M)
current process WorkingSet (physical memory assigned to process): 433M, peak: 446M
current process commit charge ("private bytes"): 452M, peak: 749M

vm_info: OpenJDK 64-Bit Server VM (25.0.4.1+10-LTS) for windows-amd64 JRE (25.0.4.1+10-LTS), built on 2026-09-18T17:33:34Z with MS VC++ 17.14 (VS2022)

END.
