#
# A fatal error has been detected by the Java Runtime Environment:
#
#  EXCEPTION_ACCESS_VIOLATION (0xc0000005) at pc=0x00007ffc77397278, pid=984, tid=8640
#
# JRE version: OpenJDK Runtime Environment Corretto-25.0.4.10.1 (25.0.4.1+10) (build 25.0.4.1+10-LTS)
# Java VM: OpenJDK 64-Bit Server VM Corretto-25.0.4.10.1 (25.0.4.1+10-LTS, mixed mode, sharing, tiered, compressed oops, compressed class ptrs, g1 gc, windows-amd64)
# Problematic frame:
# C  0x00007ffc77397278
#
# No core dump will be written. Minidumps are not enabled by default on client versions of Windows
#
# If you would like to submit a bug report, please visit:
#   https://github.com/corretto/corretto-25/issues/
# The crash happened outside the Java Virtual Machine in native code.
# See problematic frame for where to report the bug.
#

---------------  S U M M A R Y ------------

Command Line: -javaagent:C:\Program Files\JetBrains\IntelliJ IDEA 2026.2.3\lib\idea_rt.jar=64958 -Dfile.encoding=UTF-8 -Dsun.stdout.encoding=UTF-8 -Dsun.stderr.encoding=UTF-8 com.bwxor.piejfx.Launcher

Host: AMD Ryzen AI 7 350 w/ Radeon 860M              , 16 cores, 31G,  Windows 11 , 64 bit Build 26100 (10.0.26100.9596)
Time: Thu Oct  8 11:25:01 2026 GTB Daylight Time elapsed time: 13.088823 seconds (0d 0h 0m 13s)

---------------  T H R E A D  ---------------

Current thread (0x00000195c2d98920):  JavaThread "JavaFX Application Thread"        [_thread_in_native, id=8640, stack(0x000000232a400000,0x000000232a500000) (1024K)]

Stack: [0x000000232a400000,0x000000232a500000],  sp=0x000000232a4fcb10,  free space=1010k
Native frames: (J=compiled Java code, j=interpreted, Vv=VM code, C=native code)
C  0x00007ffc77397278  (no source info available)
C  0x00000195a854d2b3  (no source info available)

The last pc belongs to native method entry point (kind = native) (printed below).
Java frames: (J=compiled Java code, j=interpreted, Vv=VM code)
j  com.sun.javafx.font.directwrite.OS.JFXTextRendererGetGlyphOffsets(J[FI)I+0
j  com.sun.javafx.font.directwrite.JFXTextRenderer.GetGlyphOffsets([FI)I+6
j  com.sun.javafx.font.directwrite.DWGlyphLayout.renderShape([CLcom/sun/javafx/text/TextRun;Lcom/sun/javafx/font/PGFont;I)V+301
j  com.sun.javafx.font.directwrite.DWGlyphLayout.layout(Lcom/sun/javafx/text/TextRun;Lcom/sun/javafx/font/PGFont;Lcom/sun/javafx/font/FontStrike;[C)V+429
J 6893 c1 com.sun.javafx.text.PrismTextLayout.shape(Lcom/sun/javafx/text/TextRun;[CLcom/sun/javafx/text/GlyphLayout;)V (622 bytes) @ 0x00000195a1afc2cc [0x00000195a1afa1c0+0x000000000000210c]
J 5484 c1 com.sun.javafx.text.PrismTextLayout.layout()V (1636 bytes) @ 0x00000195a18a039c [0x00000195a189f960+0x0000000000000a3c]
J 6132 c1 com.sun.javafx.scene.control.skin.Utils.computeTextHeight(Ljavafx/scene/text/Font;Ljava/lang/String;DDLjavafx/scene/text/TextBoundsType;)D (92 bytes) @ 0x00000195a199b44c [0x00000195a199af00+0x000000000000054c]
J 6885 c1 javafx.scene.control.skin.LabeledSkinBase.computePrefHeight(DDDDD)D (311 bytes) @ 0x00000195a1af528c [0x00000195a1af02c0+0x0000000000004fcc]
J 6265 c1 javafx.scene.control.Control.computePrefHeight(D)D (51 bytes) @ 0x00000195a19e46e4 [0x00000195a19e22e0+0x0000000000002404]
J 5503 c1 javafx.scene.Parent.prefHeight(D)D (89 bytes) @ 0x00000195a18a660c [0x00000195a18a6440+0x00000000000001cc]
J 4026 c1 javafx.scene.layout.Region.prefHeight(D)D (38 bytes) @ 0x00000195a16d07b4 [0x00000195a16d02a0+0x0000000000000514]
J 7696 c1 javafx.scene.control.skin.TableRowSkinBase.computePrefHeight(DDDDD)D (143 bytes) @ 0x00000195a1c7dc1c [0x00000195a1c7d1c0+0x0000000000000a5c]
J 6265 c1 javafx.scene.control.Control.computePrefHeight(D)D (51 bytes) @ 0x00000195a19e46e4 [0x00000195a19e22e0+0x0000000000002404]
J 5503 c1 javafx.scene.Parent.prefHeight(D)D (89 bytes) @ 0x00000195a18a6804 [0x00000195a18a6440+0x00000000000003c4]
J 4026 c1 javafx.scene.layout.Region.prefHeight(D)D (38 bytes) @ 0x00000195a16d07b4 [0x00000195a16d02a0+0x0000000000000514]
J 7690 c1 javafx.scene.control.skin.VirtualFlow.resizeCell(Ljavafx/scene/control/IndexedCell;)V (102 bytes) @ 0x00000195a1c71f04 [0x00000195a1c71700+0x0000000000000804]
j  javafx.scene.control.skin.VirtualFlow.addTrailingCells(Z)Z+181
j  javafx.scene.control.skin.VirtualFlow.layoutChildren()V+1054
j  javafx.scene.control.skin.VirtualFlow$5.invalidated()V+166
J 6875 c1 javafx.beans.property.IntegerPropertyBase.set(I)V (76 bytes) @ 0x00000195a1ae9af4 [0x00000195a1ae9600+0x00000000000004f4]
j  javafx.scene.control.skin.VirtualFlow.setCellCount(I)V+5
j  javafx.scene.control.skin.TableViewSkinBase.updateItemCount()V+42
j  javafx.scene.control.skin.VirtualContainerBase.checkState()V+8
j  javafx.scene.control.skin.VirtualContainerBase.layoutChildren(DDDD)V+1
j  javafx.scene.control.skin.TableViewSkinBase.layoutChildren(DDDD)V+19
J 7560 c1 javafx.scene.control.Control.layoutChildren()V (91 bytes) @ 0x00000195a1c363bc [0x00000195a1c32600+0x0000000000003dbc]
J 4257 c1 javafx.scene.Parent.layout()V (160 bytes) @ 0x00000195a1738d0c [0x00000195a1738880+0x000000000000048c]
J 4257 c1 javafx.scene.Parent.layout()V (160 bytes) @ 0x00000195a1739224 [0x00000195a1738880+0x00000000000009a4]
J 4257 c1 javafx.scene.Parent.layout()V (160 bytes) @ 0x00000195a1739224 [0x00000195a1738880+0x00000000000009a4]
J 4257 c1 javafx.scene.Parent.layout()V (160 bytes) @ 0x00000195a1739224 [0x00000195a1738880+0x00000000000009a4]
J 4257 c1 javafx.scene.Parent.layout()V (160 bytes) @ 0x00000195a1739224 [0x00000195a1738880+0x00000000000009a4]
J 6707 c1 javafx.scene.Scene.doLayoutPass()V (14 bytes) @ 0x00000195a1ab30b4 [0x00000195a1ab2c00+0x00000000000004b4]
J 6713 c1 javafx.scene.Scene$ScenePulseListener.pulse()V (504 bytes) @ 0x00000195a1abe464 [0x00000195a1abd700+0x0000000000000d64]
J 6564 c1 com.sun.javafx.tk.Toolkit$$Lambda+0x000000000b3c0e88.run()Ljava/lang/Object; (8 bytes) @ 0x00000195a1a79944 [0x00000195a1a79800+0x0000000000000144]
J 7219 c1 com.sun.javafx.tk.Toolkit.firePulse()V (279 bytes) @ 0x00000195a1bbf2c4 [0x00000195a1bbd620+0x0000000000001ca4]
J 7218 c1 com.sun.javafx.tk.quantum.QuantumToolkit.pulse(Z)V (152 bytes) @ 0x00000195a1bba75c [0x00000195a1bb9780+0x0000000000000fdc]
J 7214 c1 com.sun.javafx.tk.quantum.QuantumToolkit$$Lambda+0x000000000b0ecd68.run()V (8 bytes) @ 0x00000195a1bb79c4 [0x00000195a1bb7700+0x00000000000002c4]
J 6655 c1 com.sun.glass.ui.InvokeLaterDispatcher$Future.run()V (91 bytes) @ 0x00000195a1a92594 [0x00000195a1a92480+0x0000000000000114]
v  ~StubRoutines::call_stub 0x00000195a85412ed
j  com.sun.glass.ui.win.WinApplication._runLoop(Ljava/lang/Runnable;)V+0
j  com.sun.glass.ui.win.WinApplication.lambda$runLoop$3(ILjava/lang/Runnable;)V+8
j  com.sun.glass.ui.win.WinApplication$$Lambda+0x000000000b0e0458.run()V+12
j  java.lang.Thread.runWith(Ljava/lang/Object;Ljava/lang/Runnable;)V+5 java.base@25.0.4.1
j  java.lang.Thread.run()V+19 java.base@25.0.4.1
v  ~StubRoutines::call_stub 0x00000195a85412ed

siginfo: EXCEPTION_ACCESS_VIOLATION (0xc0000005), reading address 0x0000000000000000


Registers:
RAX=0x0000000000000000, RBX=0x0000000000000000, RCX=0x0000000000000000, RDX=0x0000000000000001
RSP=0x000000232a4fcb10, RBP=0x000000232a4fcc00, RSI=0x0000000000000002, RDI=0x00000195d4ed9a50
R8 =0x0000000000000002, R9 =0x0000000000000000, R10=0x0000000000000000, R11=0x000000232a4fcad0
R12=0x0000000000000000, R13=0x00000195be83f2f0, R14=0x00000195c2d98d68, R15=0x00000195d67c5890
RIP=0x00007ffc77397278, EFLAGS=0x0000000000010202

XMM[0]=0x0000000000000000 0x0000000000000000
XMM[1]=0x0000000000000000 0x0000000000000000
XMM[2]=0x0000000000000000 0x0000000000000000
XMM[3]=0x0000000000000000 0x0000000041500000
XMM[4]=0x0000000000000000 0x000000004b000000
XMM[5]=0x000000000000008c 0x0000000000000000
XMM[6]=0x0000000000000000 0x459176a55ca39977
XMM[7]=0x0000000000000000 0x34d9feeafe8c88fb
XMM[8]=0x0000000000000000 0x02bd4b5ca2c147d2
XMM[9]=0x0000000000000000 0xdeefcb3248506c88
XMM[10]=0x0000000000000000 0x000000006960a156
XMM[11]=0x0000000000000000 0x770386edbf53f375
XMM[12]=0x0000000000000000 0x0000000048506c88
XMM[13]=0x0000000000000000 0x0000000000000000
XMM[14]=0x0000000000000000 0x0000000000000000
XMM[15]=0x0000000000000000 0x0000000000000000
  MXCSR=0x00001faf


Register to memory mapping:

RAX=0x0 is null
RBX=0x0 is null
RCX=0x0 is null
RDX=0x0000000000000001 is an unknown value
RSP=0x000000232a4fcb10 is pointing into the stack for thread: 0x00000195c2d98920
RBP=0x000000232a4fcc00 is pointing into the stack for thread: 0x00000195c2d98920
RSI=0x0000000000000002 is an unknown value
RDI=0x00000195d4ed9a50 points into unknown readable memory: 0x0000000000000000 | 00 00 00 00 00 00 00 00
R8 =0x0000000000000002 is an unknown value
R9 =0x0 is null
R10=0x0 is null
R11=0x000000232a4fcad0 is pointing into the stack for thread: 0x00000195c2d98920
R12=0x0 is null
R13={method} {0x00000195be83f2f8} 'JFXTextRendererGetGlyphOffsets' '(J[FI)I' in 'com/sun/javafx/font/directwrite/OS'
R14=0x00000195c2d98d68 points into unknown readable memory: 0x00007ffc1143edc0 | c0 ed 43 11 fc 7f 00 00
R15=0x00000195d67c5890 points into unknown readable memory: 0x00007ffc7739ccc8 | c8 cc 39 77 fc 7f 00 00

Top of Stack: (sp=0x000000232a4fcb10)
0x000000232a4fcb10:   0000000000000000 0000000000000002   ................
0x000000232a4fcb20:   00000195be83f2f0 000000232a4fcc00   ..........O*#...
0x000000232a4fcb30:   00000195c2d98920 000000232a4fcc10    .........O*#...
0x000000232a4fcb40:   00000195a8548c60 00000195a854d2b3   `.T.......T.....
0x000000232a4fcb50:   00000195be83f2f0 000000232a4fcbd8   ..........O*#...
0x000000232a4fcb60:   000000060b48154e 0000000000000000   N.H.............
0x000000232a4fcb70:   0000002300000000 00000195a8548c60   ....#...`.T.....
0x000000232a4fcb80:   fffffffffffffff7 0000000000000000   ................
0x000000232a4fcb90:   fffffffffffffff7 0000000000000000   ................
0x000000232a4fcba0:   0000000000000007 00000195be841ad8   ................
0x000000232a4fcbb0:   0000000000000000 000000060bbe4578   ........xE......
0x000000232a4fcbc0:   00000195be83f2f0 0000000000000000   ................
0x000000232a4fcbd0:   000000232a4fcbf8 000000232a4fcc60   ..O*#...`.O*#...
0x000000232a4fcbe0:   00000195a8548c60 000000060bbe4578   `.T.....xE......
0x000000232a4fcbf0:   00000195a854a755 0000000000000000   U.T.............
0x000000232a4fcc00:   0000000627c34a10 00000195d67c5890   .J.'.....X|.....
0x000000232a4fcc10:   0000000000000000 fffffffffffffff7   ................
0x000000232a4fcc20:   00000195c092597e 0000000000000004   ~Y..............
0x000000232a4fcc30:   00000195c0925bd8 0000000000000000   .[..............
0x000000232a4fcc40:   0000000627c34a28 00000195c0925988   (J.'.....Y......
0x000000232a4fcc50:   fffffffffffffff3 000000232a4fcc70   ........p.O*#...
0x000000232a4fcc60:   000000232a4fccd0 00000195a8548c60   ..O*#...`.T.....
0x000000232a4fcc70:   0000000000000000 0000000627c34a10   .........J.'....
0x000000232a4fcc80:   0000000627c34aa0 fffffffffffffff7   .J.'............
0x000000232a4fcc90:   00000195be83c26d 0000000000000020   m....... .......
0x000000232a4fcca0:   00000195bf04bc60 0000000000000000   `...............
0x000000232a4fccb0:   000000060bbe4800 00000195be83c368   .H......h.......
0x000000232a4fccc0:   fffffffffffffff4 000000232a4fcdb0   ..........O*#...
0x000000232a4fccd0:   000000232a4fce20 00000195a8548b18    .O*#.....T.....
0x000000232a4fcce0:   0000000000000000 0000000000000000   ................
0x000000232a4fccf0:   0000000627c34d18 0000000000000000   .M.'............
0x000000232a4fcd00:   0000000000000000 0000000627c34d00   .........M.'....

Instructions: (pc=0x00007ffc77397278)
  0x00007ffc77397178:   24 68 eb 02 33 c0 48 8b 6c 24 70 0f 28 74 24 20
  0x00007ffc77397188:   48 83 c4 30 41 5f 41 5e 41 5d 41 5c 5e c3 cc cc
  0x00007ffc77397198:   cc cc cc cc cc cc cc cc 48 89 5c 24 08 48 89 6c
  0x00007ffc773971a8:   24 10 48 89 74 24 18 57 41 56 41 57 48 83 ec 20
  0x00007ffc773971b8:   49 8b e9 4d 8b f8 4c 8b f1 4d 85 c9 0f 84 ea 00
  0x00007ffc773971c8:   00 00 48 8b 01 45 33 c0 49 8b d1 ff 90 e8 05 00
  0x00007ffc773971d8:   00 48 8b f8 48 85 c0 0f 84 cf 00 00 00 8b 5c 24
  0x00007ffc773971e8:   60 85 db 0f 88 c3 00 00 00 49 8b cf e8 47 ac ff
  0x00007ffc773971f8:   ff 4d 8b 06 8b f0 48 8b d5 49 8b ce 03 f6 41 ff
  0x00007ffc77397208:   90 58 05 00 00 2b c3 3b c6 0f 4e f0 40 f6 c6 01
  0x00007ffc77397218:   0f 85 96 00 00 00 4d 8b 4f 10 48 b8 a3 8b 2e ba
  0x00007ffc77397228:   e8 a2 8b 2e 49 8b 4f 18 45 33 c0 45 8b 57 28 49
  0x00007ffc77397238:   2b c9 48 f7 e9 48 c1 fa 04 48 8b c2 48 c1 e8 3f
  0x00007ffc77397248:   48 03 d0 4c 3b d2 72 05 45 8b c8 eb 0c 49 63 c2
  0x00007ffc77397258:   48 6b c8 58 4e 8b 4c 09 20 41 8b d0 85 f6 74 32
  0x00007ffc77397268:   0f 1f 84 00 00 00 00 00 8b c2 41 83 c0 02 ff c2
=>0x00007ffc77397278:   f3 41 0f 10 04 c1 f3 41 0f 10 4c c1 04 8b c3 ff
  0x00007ffc77397288:   c3 f3 0f 11 04 87 f3 0f 11 0c 9f ff c3 44 3b c6
  0x00007ffc77397298:   72 d6 4d 8b 16 45 33 c9 4c 8b c7 48 8b d5 49 8b
  0x00007ffc773972a8:   ce 41 ff 92 28 06 00 00 8b c6 eb 02 33 c0 48 8b
  0x00007ffc773972b8:   5c 24 40 48 8b 6c 24 48 48 8b 74 24 50 48 83 c4
  0x00007ffc773972c8:   20 41 5f 41 5e 5f c3 cc 4d 8b 48 10 48 b8 a3 8b
  0x00007ffc773972d8:   2e ba e8 a2 8b 2e 49 8b 48 18 45 8b 50 28 49 2b
  0x00007ffc773972e8:   c9 48 f7 e9 48 c1 fa 04 48 8b c2 48 c1 e8 3f 48
  0x00007ffc773972f8:   03 d0 4c 3b d2 72 03 33 c0 c3 49 63 c2 48 6b c8
  0x00007ffc77397308:   58 42 8b 44 09 40 c3 cc 4d 8b 48 10 48 b8 a3 8b
  0x00007ffc77397318:   2e ba e8 a2 8b 2e 49 8b 48 18 45 8b 50 28 49 2b
  0x00007ffc77397328:   c9 48 f7 e9 48 c1 fa 04 48 8b c2 48 c1 e8 3f 48
  0x00007ffc77397338:   03 d0 4c 3b d2 72 03 33 c0 c3 49 63 c2 48 6b c8
  0x00007ffc77397348:   58 42 8b 44 09 50 c3 cc 41 8b 40 2c c3 cc cc cc
  0x00007ffc77397358:   cc cc cc cc cc cc cc cc 41 ff 40 28 48 b8 a3 8b
  0x00007ffc77397368:   2e ba e8 a2 8b 2e 49 8b 48 18 49 2b 48 10 45 8b


Stack slot to memory mapping:

stack at sp + 0 slots: 0x0 is null
stack at sp + 1 slots: 0x0000000000000002 is an unknown value
stack at sp + 2 slots: {method} {0x00000195be83f2f8} 'JFXTextRendererGetGlyphOffsets' '(J[FI)I' in 'com/sun/javafx/font/directwrite/OS'
stack at sp + 3 slots: 0x000000232a4fcc00 is pointing into the stack for thread: 0x00000195c2d98920
stack at sp + 4 slots: 0x00000195c2d98920 is a thread
stack at sp + 5 slots: 0x000000232a4fcc10 is pointing into the stack for thread: 0x00000195c2d98920
stack at sp + 6 slots: 0x00000195a8548c60 is at code_begin+1600 in an Interpreter codelet
return entry points  [0x00000195a8548620, 0x00000195a8549298]  3192 bytes
stack at sp + 7 slots: 0x00000195a854d2b3 is at code_begin+979 in an Interpreter codelet
native method entry point (kind = native)  [0x00000195a854cee0, 0x00000195a854dae0]  3072 bytes

Lock stack of current Java thread (top to bottom):

native method entry point (kind = native)  [0x00000195a854cee0, 0x00000195a854dae0]  3072 bytes
[MachCode]
  0x00000195a854cee0: 488b 4b08 | 0fb7 492e | 584c 8d74 | ccf8 6800 | 0000 0068 | 0000 0000 | 5055 488b | ec41 5548 
  0x00000195a854cf00: 8b43 084c | 8d68 3848 | 8b40 0868 | 0000 0000 | 5348 8b50 | 1848 8b52 | 7048 8b12 | 5248 8b53 
  0x00000195a854cf20: 1048 85d2 | 7407 4881 | c2d0 0000 | 0052 488b | 5010 5249 | 8bc6 482b | c548 c1e8 | 0350 6800 
  0x00000195a854cf40: 0000 0068 | f7ff ffff | 41c6 87f1 | 0400 0001 | 488b 4310 | 4885 c074 | 208b 8890 | 0000 0083 
  0x00000195a854cf60: c102 8988 | 9000 0000 | 2388 a400 | 0000 0f84 | b80a 0000 | e9cf 0000 | 0048 8b43 | 1848 85c0 
  0x00000195a854cf80: 0f85 b000 | 0000 e805 | 0000 00e9 | 9900 0000 | 488b d348 | 8d44 2408 | 4c89 6dc0 | 498b cfc5 
  0x00000195a854cfa0: f877 4989 | af38 0400 | 0049 8987 | 2804 0000 | 4883 ec20 | 40f6 c40f | 0f84 1900 | 0000 4883 
  0x00000195a854cfc0: ec08 48b8 | 60d5 b010 | fc7f 0000 | ffd0 4883 | c408 e90c | 0000 0048 | b860 d5b0 | 10fc 7f00 
  0x00000195a854cfe0: 00ff d048 | 83c4 2049 | c787 2804 | 0000 0000 | 0000 49c7 | 8738 0400 | 0000 0000 | 0049 c787 
  0x00000195a854d000: 3004 0000 | 0000 0000 | c5f8 7749 | 837f 0800 | 0f84 0500 | 0000 e9c5 | 41ff ff4c | 8b6d c04c 
  0x00000195a854d020: 8b75 c84e | 8d74 f500 | c348 8b43 | 1848 85c0 | 0f84 1200 | 0000 8b48 | 0883 c102 | 8948 0823 
  0x00000195a854d040: 482c 0f84 | e409 0000 | 493b a770 | 0500 000f | 8748 0000 | 0089 8424 | 00f0 ffff | 8984 2400 
  0x00000195a854d060: e0ff ff89 | 8424 00d0 | ffff 8984 | 2400 c0ff | ff89 8424 | 00b0 ffff | 8984 2400 | a0ff ff89 
  0x00000195a854d080: 8424 0090 | ffff 8984 | 2400 80ff | ff49 3ba7 | 6805 0000 | 7607 4989 | a770 0500 | 0041 c687 
  0x00000195a854d0a0: f104 0000 | 0048 8b5d | e84c 8b5b | 0845 0fb7 | 5b2e 41c1 | e303 492b | e348 83ec | 2048 83e4 
  0x00000195a854d0c0: f04c 8b5b | 604d 85db | 0f85 ab00 | 0000 e805 | 0000 00e9 | 9900 0000 | 488b d348 | 8d44 2408 
  0x00000195a854d0e0: 4c89 6dc0 | 498b cfc5 | f877 4989 | af38 0400 | 0049 8987 | 2804 0000 | 4883 ec20 | 40f6 c40f 
  0x00000195a854d100: 0f84 1900 | 0000 4883 | ec08 48b8 | c0ff b010 | fc7f 0000 | ffd0 4883 | c408 e90c | 0000 0048 
  0x00000195a854d120: b8c0 ffb0 | 10fc 7f00 | 00ff d048 | 83c4 2049 | c787 2804 | 0000 0000 | 0000 49c7 | 8738 0400 
  0x00000195a854d140: 0000 0000 | 0049 c787 | 3004 0000 | 0000 0000 | c5f8 7749 | 837f 0800 | 0f84 0500 | 0000 e97d 
  0x00000195a854d160: 40ff ff4c | 8b6d c04c | 8b75 c84e | 8d74 f500 | c348 8b5d | e84c 8b5b | 6041 ffd3 | 488b 5de8 
  0x00000195a854d180: 4889 4518 | 440f b75b | 2c41 f6c3 | 080f 841b | 0000 004c | 8b5b 084d | 8b5b 084d | 8b5b 184d 
  0x00000195a854d1a0: 8b5b 704d | 8b1b 4c89 | 5d10 488d | 5510 488b | 4358 49ba | f005 ec10 | fc7f 0000 | 493b c20f 
  0x00000195a854d1c0: 85ab 0000 | 00e8 0500 | 0000 e999 | 0000 0048 | 8bd3 488d | 4424 084c | 896d c049 | 8bcf c5f8 
  0x00000195a854d1e0: 7749 89af | 3804 0000 | 4989 8728 | 0400 0048 | 83ec 2040 | f6c4 0f0f | 8419 0000 | 0048 83ec 
  0x00000195a854d200: 0848 b8c0 | ffb0 10fc | 7f00 00ff | d048 83c4 | 08e9 0c00 | 0000 48b8 | c0ff b010 | fc7f 0000 
  0x00000195a854d220: ffd0 4883 | c420 49c7 | 8728 0400 | 0000 0000 | 0049 c787 | 3804 0000 | 0000 0000 | 49c7 8730 
  0x00000195a854d240: 0400 0000 | 0000 00c5 | f877 4983 | 7f08 000f | 8405 0000 | 00e9 863f | ffff 4c8b | 6dc0 4c8b 
  0x00000195a854d260: 75c8 4e8d | 74f5 00c3 | 488b 5de8 | 488b 4358 | 498d 8f48 | 0400 004c | 8d15 d500 | 0000 4d89 
  0x00000195a854d280: 9730 0400 | 00c5 f877 | 4989 af38 | 0400 0049 | 89a7 2804 | 0000 41c7 | 87d4 0400 | 0004 0000 
  0x00000195a854d2a0: 0049 3ba7 | c805 0000 | 7607 4989 | a7c8 0500 | 00ff d049 | 3ba7 c805 | 0000 720b | 49c7 87c8 
  0x00000195a854d2c0: 0500 0000 | 0000 00c5 | f877 4883 | ec10 c5fb | 1104 2448 | 83ec 1048 | 8904 2448 | c744 2408 
  0x00000195a854d2e0: 0000 0000 | 41c7 87d4 | 0400 0005 | 0000 00f0 | 8344 24c0 | 0049 3b6f | 280f 870e | 0000 0041 
  0x00000195a854d300: 83bf d004 | 0000 000f | 8420 0000 | 0049 8bcf | 4c8b e448 | 83ec 2048 | 83e4 f048 | b8d0 6ab2 
  0x00000195a854d320: 10fc 7f00 | 00ff d049 | 8be4 4d33 | e441 c787 | d404 0000 | 0800 0000 | 4d8b 97f0 | 0500 0049 
  0x00000195a854d340: 83fa 0074 | 3549 c787 | f005 0000 | 0000 0000 | 41ff e249 | ba60 be54 | a895 0100 | 0041 ffd2 
  0x00000195a854d360: 4883 ec10 | c5fb 1104 | 2448 83ec | 1048 8904 | 2448 c744 | 2408 0000 | 0000 49c7 | 8728 0400 
  0x00000195a854d380: 0000 0000 | 0049 c787 | 3804 0000 | 0000 0000 | 49c7 8730 | 0400 0000 | 0000 00c5 | f877 4d8b 
  0x00000195a854d3a0: 9fb8 0400 | 0041 c783 | 0001 0000 | 0000 0000 | 49bb 5aa7 | 54a8 9501 | 0000 4c3b | 5d18 0f85 
  0x00000195a854d3c0: 5b02 0000 | 488b 0424 | 4883 c410 | 4885 c00f | 8435 0200 | 00a8 030f | 8508 0000 | 0048 8b00 
  0x00000195a854d3e0: e925 0200 | 00a8 010f | 8509 0000 | 0048 8b40 | fee9 1402 | 0000 488b | 40ff 4180 | 7f48 000f 
  0x00000195a854d400: 8405 0200 | 0048 83f8 | 000f 84fb | 0100 004d | 8b5f 384d | 85db 0f84 | 1400 0000 | 4983 eb08 
  0x00000195a854d420: 4d89 5f38 | 4d03 5f40 | 4989 03e9 | da01 0000 | 4881 ecf0 | 0000 0048 | 8904 2448 | 894c 2408 
  0x00000195a854d440: 4889 5424 | 104c 8944 | 2418 4c89 | 4c24 204c | 8954 2428 | 4c89 5c24 | 30c5 fb11 | 4424 40c5 
  0x00000195a854d460: fb11 4c24 | 48c5 fb11 | 5424 50c5 | fb11 5c24 | 58c5 fb11 | 6424 60c5 | fb11 6c24 | 6862 e1ff 
  0x00000195a854d480: 0811 4424 | 0e62 e1ff | 0811 4c24 | 0f62 e1ff | 0811 5424 | 1062 e1ff | 0811 5c24 | 1162 e1ff 
  0x00000195a854d4a0: 0811 6424 | 1262 e1ff | 0811 6c24 | 1362 e1ff | 0811 7424 | 1462 e1ff | 0811 7c24 | 1562 61ff 
  0x00000195a854d4c0: 0811 4424 | 1662 61ff | 0811 4c24 | 1762 61ff | 0811 5424 | 1862 61ff | 0811 5c24 | 1962 61ff 
  0x00000195a854d4e0: 0811 6424 | 1a62 61ff | 0811 6c24 | 1b62 61ff | 0811 7424 | 1c62 61ff | 0811 7c24 | 1d49 8bd7 
  0x00000195a854d500: 488b c848 | 83ec 2040 | f6c4 0f0f | 8419 0000 | 0048 83ec | 0848 b850 | 19a5 10fc | 7f00 00ff 
  0x00000195a854d520: d048 83c4 | 08e9 0c00 | 0000 48b8 | 5019 a510 | fc7f 0000 | ffd0 4883 | c420 6261 | ff08 107c 
  0x00000195a854d540: 241d 6261 | ff08 1074 | 241c 6261 | ff08 106c | 241b 6261 | ff08 1064 | 241a 6261 | ff08 105c 
  0x00000195a854d560: 2419 6261 | ff08 1054 | 2418 6261 | ff08 104c | 2417 6261 | ff08 1044 | 2416 62e1 | ff08 107c 
  0x00000195a854d580: 2415 62e1 | ff08 1074 | 2414 62e1 | ff08 106c | 2413 62e1 | ff08 1064 | 2412 62e1 | ff08 105c 
  0x00000195a854d5a0: 2411 62e1 | ff08 1054 | 2410 62e1 | ff08 104c | 240f 62e1 | ff08 1044 | 240e c5fb | 106c 2468 
  0x00000195a854d5c0: c5fb 1064 | 2460 c5fb | 105c 2458 | c5fb 1054 | 2450 c5fb | 104c 2448 | c5fb 1044 | 2440 4c8b 
  0x00000195a854d5e0: 5c24 304c | 8b54 2428 | 4c8b 4c24 | 204c 8b44 | 2418 488b | 5424 1048 | 8b4c 2408 | 488b 0424 
  0x00000195a854d600: 4881 c4f0 | 0000 00c5 | f877 4889 | 4510 4883 | ec10 4889 | 0424 48c7 | 4424 0800 | 0000 0041 
  0x00000195a854d620: 83bf 5005 | 0000 020f | 85bf 0000 | 0048 81ec | 8000 0000 | 4889 4424 | 7848 894c | 2470 4889 
  0x00000195a854d640: 5424 6848 | 895c 2460 | 4889 6c24 | 5048 8974 | 2448 4889 | 7c24 404c | 8944 2438 | 4c89 4c24 
  0x00000195a854d660: 304c 8954 | 2428 4c89 | 5c24 204c | 8964 2418 | 4c89 6c24 | 104c 8974 | 2408 4c89 | 3c24 4c8b 
  0x00000195a854d680: e448 83ec | 2048 83e4 | f048 b800 | edeb 10fc | 7f00 00ff | d049 8be4 | 4c8b 3c24 | 4c8b 7424 
  0x00000195a854d6a0: 084c 8b6c | 2410 4c8b | 6424 184c | 8b5c 2420 | 4c8b 5424 | 284c 8b4c | 2430 4c8b | 4424 3848 
  0x00000195a854d6c0: 8b7c 2440 | 488b 7424 | 4848 8b6c | 2450 488b | 5c24 6048 | 8b54 2468 | 488b 4c24 | 7048 8b44 
  0x00000195a854d6e0: 2478 4881 | c480 0000 | 004d 33e4 | 488b 5de8 | 4c8b 6b08 | 4d8d 6d38 | 4983 7f08 | 000f 84bb 
  0x00000195a854d700: 0000 00e8 | 0500 0000 | e996 0000 | 0048 8d44 | 2408 4c89 | 6dc0 498b | cfc5 f877 | 4989 af38 
  0x00000195a854d720: 0400 0049 | 8987 2804 | 0000 4883 | ec20 40f6 | c40f 0f84 | 1900 0000 | 4883 ec08 | 48b8 101f 
  0x00000195a854d740: b110 fc7f | 0000 ffd0 | 4883 c408 | e90c 0000 | 0048 b810 | 1fb1 10fc | 7f00 00ff | d048 83c4 
  0x00000195a854d760: 2049 c787 | 2804 0000 | 0000 0000 | 49c7 8738 | 0400 0000 | 0000 0049 | c787 3004 | 0000 0000 
  0x00000195a854d780: 0000 c5f8 | 7749 837f | 0800 0f84 | 0500 0000 | e94b 3aff | ff4c 8b6d | c04c 8b75 | c84e 8d74 
  0x00000195a854d7a0: f500 c348 | b9a0 011e | 11fc 7f00 | 0048 83e4 | f048 b810 | 5cd8 10fc | 7f00 00ff | d0f4 440f 
  0x00000195a854d7c0: b75b 2c41 | f6c3 200f | 8472 0100 | 0048 8d55 | a84c 8b5a | 084d 85db | 0f85 bb00 | 0000 e805 
  0x00000195a854d7e0: 0000 00e9 | 9600 0000 | 488d 4424 | 084c 896d | c049 8bcf | c5f8 7749 | 89af 3804 | 0000 4989 
  0x00000195a854d800: 8728 0400 | 0048 83ec | 2040 f6c4 | 0f0f 8419 | 0000 0048 | 83ec 0848 | b840 1eb1 | 10fc 7f00 
  0x00000195a854d820: 00ff d048 | 83c4 08e9 | 0c00 0000 | 48b8 401e | b110 fc7f | 0000 ffd0 | 4883 c420 | 49c7 8728 
  0x00000195a854d840: 0400 0000 | 0000 0049 | c787 3804 | 0000 0000 | 0000 49c7 | 8730 0400 | 0000 0000 | 00c5 f877 
  0x00000195a854d860: 4983 7f08 | 000f 8405 | 0000 00e9 | 7039 ffff | 4c8b 6dc0 | 4c8b 75c8 | 4e8d 74f5 | 00c3 48b9 
  0x00000195a854d880: a001 1e11 | fc7f 0000 | 4883 e4f0 | 48b8 105c | d810 fc7f | 0000 ffd0 | f44c 896d | c04c 8b4a 
  0x00000195a854d8a0: 0848 c742 | 0800 0000 | 0045 8b87 | d806 0000 | 4f3b 4c07 | f80f 8542 | 0000 0041 | 83af d806 
  0x00000195a854d8c0: 0000 084f | 3b4c 07f0 | 0f84 2a00 | 0000 498b | 01a8 020f | 8512 0000 | 004c 8bc0 | 4983 c801 
  0x00000195a854d8e0: f04d 0fb1 | 010f 840d | 0000 0041 | 8387 d806 | 0000 08e9 | 0500 0000 | e93e 0000 | 004c 894a 
  0x00000195a854d900: 0848 8bca | 4883 ec20 | 40f6 c40f | 0f84 1900 | 0000 4883 | ec08 48b8 | c0ee b010 | fc7f 0000 
  0x00000195a854d920: ffd0 4883 | c408 e90c | 0000 0048 | b8c0 eeb0 | 10fc 7f00 | 00ff d048 | 83c4 204c | 8b6d c041 
  0x00000195a854d940: c687 9603 | 0000 0149 | 3b6f 280f | 8705 0000 | 00e9 ab00 | 0000 4883 | ec10 c5fb | 1104 2448 
  0x00000195a854d960: 83ec 1048 | 8904 2448 | c744 2408 | 0000 0000 | c5f8 7749 | 89af 3804 | 0000 49ba | 70d9 54a8 
  0x00000195a854d980: 9501 0000 | 4d89 9730 | 0400 0049 | 89a7 2804 | 0000 498b | cf48 83ec | 2040 f6c4 | 0f0f 8419 
  0x00000195a854d9a0: 0000 0048 | 83ec 0848 | b8f0 d4b0 | 10fc 7f00 | 00ff d048 | 83c4 08e9 | 0c00 0000 | 48b8 f0d4 
  0x00000195a854d9c0: b010 fc7f | 0000 ffd0 | 4883 c420 | 49c7 8728 | 0400 0000 | 0000 0049 | c787 3804 | 0000 0000 
  0x00000195a854d9e0: 0000 49c7 | 8730 0400 | 0000 0000 | 00c5 f877 | 488b 0424 | 4883 c410 | c5fb 1004 | 2448 83c4 
  0x00000195a854da00: 1048 8b04 | 2448 83c4 | 10c5 fb10 | 0424 4883 | c410 4c8b | 5d18 41ff | d34c 8b5d | f8c9 41c6 
  0x00000195a854da20: 8796 0300 | 0000 5f49 | 8be3 ffe7 | ba00 0000 | 00e8 0500 | 0000 e996 | 0000 0048 | 8d44 2408 
  0x00000195a854da40: 4c89 6dc0 | 498b cfc5 | f877 4989 | af38 0400 | 0049 8987 | 2804 0000 | 4883 ec20 | 40f6 c40f 
  0x00000195a854da60: 0f84 1900 | 0000 4883 | ec08 48b8 | a0e4 b010 | fc7f 0000 | ffd0 4883 | c408 e90c | 0000 0048 
  0x00000195a854da80: b8a0 e4b0 | 10fc 7f00 | 00ff d048 | 83c4 2049 | c787 2804 | 0000 0000 | 0000 49c7 | 8738 0400 
  0x00000195a854daa0: 0000 0000 | 0049 c787 | 3004 0000 | 0000 0000 | c5f8 7749 | 837f 0800 | 0f84 0500 | 0000 e91d 
  0x00000195a854dac0: 37ff ff4c | 8b6d c04c | 8b75 c84e | 8d74 f500 | c348 8b5d | e8e9 6ef5 | ffff 660f | 1f44 0000 
[/MachCode]

Compiled method (c1) 13198 6893       3       com.sun.javafx.text.PrismTextLayout::shape (622 bytes)
 total in heap  [0x00000195a1afa088,0x00000195a1afcaa0] = 10776
 constants      [0x00000195a1afa180,0x00000195a1afa1c0] = 64
 main code      [0x00000195a1afa1c0,0x00000195a1afc928] = 10088
 stub code      [0x00000195a1afc928,0x00000195a1afca90] = 360
 oops           [0x00000195a1afca90,0x00000195a1afcaa0] = 16
 mutable data [0x00000195d6f100b0,0x00000195d6f10570] = 1216
 relocation     [0x00000195d6f100b0,0x00000195d6f10420] = 880
 metadata       [0x00000195d6f10420,0x00000195d6f10570] = 336
 immutable data [0x00000195c2385f10,0x00000195c2386cb8] = 3496
 dependencies   [0x00000195c2385f10,0x00000195c2385f80] = 112
 nul chk table  [0x00000195c2385f80,0x00000195c2386088] = 264
 scopes pcs     [0x00000195c2386088,0x00000195c2386618] = 1424
 scopes data    [0x00000195c2386618,0x00000195c2386cb8] = 1696


[Constant Pool]
             Address          hex4                    hex8      
  0x00000195a1afa180:   0x00000000      0x0000000000000000      
  0x00000195a1afa184:   0x00000000                              
  0x00000195a1afa188:   0x9999999a      0x3fe999999999999a      
  0x00000195a1afa18c:   0x3fe99999                              
  0x00000195a1afa190:   0x00000000      0x3fe8000000000000      
  0x00000195a1afa194:   0x3fe80000                              
  0x00000195a1afa198:   0x00000000      0x3fe8000000000000      
  0x00000195a1afa19c:   0x3fe80000                              
  0x00000195a1afa1a0:   0x00000000      0x3fe8000000000000      
  0x00000195a1afa1a4:   0x3fe80000                              
  0x00000195a1afa1a8:   0x00000000      0x3fe8000000000000      
  0x00000195a1afa1ac:   0x3fe80000                              
  0x00000195a1afa1b0:   0x00000000      0x0000000000000000      
  0x00000195a1afa1b4:   0x00000000                              
  0x00000195a1afa1b8:   0xf4f4f4f4      0xf4f4f4f4f4f4f4f4      
  0x00000195a1afa1bc:   0xf4f4f4f4                              

[MachCode]
[Instructions begin]
  0x00000195a1afa1c0: ;   {other}
  0x00000195a1afa1c0: 660f 1f84 | 0000 0000 | 0066 0f1f | 8400 0000 | 0000 448b | 5208 443b 

  0x00000195a1afa1d8: ;   {runtime_call Shared Runtime ic_miss_blob}
  0x00000195a1afa1d8: 5008 0f85 | 004b a906 
[Verified Entry Point]
  0x00000195a1afa1e0: 8984 2400 | 80ff ff55 | 4881 ec20 | 0100 0090 | 4181 7f20 | 0800 0000 

  0x00000195a1afa1f8: ;   {runtime_call Stub::method_entry_barrier}
  0x00000195a1afa1f8: 7405 e8e1 | c3a7 0648 | 8954 2478 | 4c89 8424 | 8000 0000 

  0x00000195a1afa20c: ;   {metadata(method data for {method} {0x00000195bec63488} 'shape' '(Lcom/sun/javafx/text/TextRun;[CLcom/sun/javafx/text/GlyphLayout;)V' in 'com/sun/javafx/text/PrismTextLayout')}
  0x00000195a1afa20c: 48be 0000 | 40c0 9501 | 0000 8b9e | 9000 0000 | 83c3 0289 | 9e90 0000 | 0081 e3fe | 0700 0085 
  0x00000195a1afa22c: db0f 846f | 2100 008b | 722c 48c1 | e603 4885 

  0x00000195a1afa23c: ;   {metadata(method data for {method} {0x00000195bec63488} 'shape' '(Lcom/sun/javafx/text/TextRun;[CLcom/sun/javafx/text/GlyphLayout;)V' in 'com/sun/javafx/text/PrismTextLayout')}
  0x00000195a1afa23c: f648 bb00 | 0040 c095 | 0100 00b8 | d800 0000 | 7405 b8e8 | 0000 0048 | 8b0c 0348 | 8d49 0148 
  0x00000195a1afa25c: 890c 030f | 84a1 0600 | 008b 760c 

  0x00000195a1afa268: ;   {metadata(method data for {method} {0x00000195bec63488} 'shape' '(Lcom/sun/javafx/text/TextRun;[CLcom/sun/javafx/text/GlyphLayout;)V' in 'com/sun/javafx/text/PrismTextLayout')}
  0x00000195a1afa268: 85f6 48be | 0000 40c0 | 9501 0000 | bb08 0100 | 0074 05bb | f800 0000 | 488b 041e | 488d 4001 
  0x00000195a1afa288: 4889 041e | 0f84 fd20 | 0000 4889 | bc24 9000 | 0000 4c89 | 8c24 8800 | 0000 493b | 0049 8bf0 
  0x00000195a1afa2a8: ;   {metadata(method data for {method} {0x00000195bec63488} 'shape' '(Lcom/sun/javafx/text/TextRun;[CLcom/sun/javafx/text/GlyphLayout;)V' in 'com/sun/javafx/text/PrismTextLayout')}
  0x00000195a1afa2a8: 48bb 0000 | 40c0 9501 | 0000 4883 | 8328 0100 | 0001 418b | 704c 48c1 | e603 4889 | 7424 7048 
  0x00000195a1afa2c8: 3b06 488b 

  0x00000195a1afa2cc: ;   {metadata(method data for {method} {0x00000195bec63488} 'shape' '(Lcom/sun/javafx/text/TextRun;[CLcom/sun/javafx/text/GlyphLayout;)V' in 'com/sun/javafx/text/PrismTextLayout')}
  0x00000195a1afa2cc: de48 b800 | 0040 c095 | 0100 008b | 5b08 41ba | 0000 000a | 4903 da48 | 3b98 5001 | 0000 750d 
  0x00000195a1afa2ec: 4883 8058 | 0100 0001 | e960 0000 | 0048 3b98 | 6001 0000 | 750d 4883 | 8068 0100 | 0001 e94a 
  0x00000195a1afa30c: 0000 0048 | 83b8 5001 | 0000 0075 | 1748 8998 | 5001 0000 | 48c7 8058 | 0100 0001 | 0000 00e9 
  0x00000195a1afa32c: 2900 0000 | 4883 b860 | 0100 0000 | 7517 4889 | 9860 0100 | 0048 c780 | 6801 0000 | 0100 0000 
  0x00000195a1afa34c: e908 0000 | 0048 8380 | 4801 0000 | 0148 8bd6 | 9048 b860 | 3bbe d695 

  0x00000195a1afa364: ;   {virtual_call}
  0x00000195a1afa364: 0100 00e8 

  0x00000195a1afa368: ; ImmutableOopMap {[112]=Oop [120]=Oop [128]=Oop [136]=Oop [144]=Oop }
                      ;*invokeinterface getFont {reexecute=0 rethrow=0 return_oop=0}
                      ; - com.sun.javafx.text.PrismTextLayout::shape@24 (line 832)
  0x00000195a1afa368: 7453 a906 

  0x00000195a1afa36c: ;   {post_call_nop}
  0x00000195a1afa36c: 0f1f 8400 | e402 0000 

  0x00000195a1afa374: ;   {metadata(method data for {method} {0x00000195bec63488} 'shape' '(Lcom/sun/javafx/text/TextRun;[CLcom/sun/javafx/text/GlyphLayout;)V' in 'com/sun/javafx/text/PrismTextLayout')}
  0x00000195a1afa374: 4885 c048 | bf00 0040 | c095 0100 | 0075 0c80 | 8f71 0100 | 0001 e9c1 | 0000 008b | 5808 41ba 
  0x00000195a1afa394: 0000 000a | 4903 da48 | 3b9f 8001 | 0000 750d | 4883 8788 | 0100 0001 | e960 0000 | 0048 3b9f 
  0x00000195a1afa3b4: 9001 0000 | 750d 4883 | 8798 0100 | 0001 e94a | 0000 0048 | 83bf 8001 | 0000 0075 | 1748 899f 
  0x00000195a1afa3d4: 8001 0000 | 48c7 8788 | 0100 0001 | 0000 00e9 | 2900 0000 | 4883 bf90 | 0100 0000 | 7517 4889 
  0x00000195a1afa3f4: 9f90 0100 | 0048 c787 | 9801 0000 | 0100 0000 | e908 0000 | 0048 8387 | 7801 0000 

  0x00000195a1afa410: ;   {metadata('com/sun/javafx/font/PGFont')}
  0x00000195a1afa410: 0148 bb88 | 730f 0b00 | 0000 008b | 7808 41ba | 0000 000a | 4903 fa48 | 3b5f 200f | 841f 0000 
  0x00000195a1afa430: 0048 3bfb | 0f84 1600 | 0000 5753 

  0x00000195a1afa43c: ;   {runtime_call C1 Runtime slow_subtype_check_blob}
  0x00000195a1afa43c: e81f 06b7 | 065f 5f85 | ff0f 8487 | 1f00 00e9 | 0000 0000 | 488b f048 

  0x00000195a1afa454: ;   {metadata(method data for {method} {0x00000195bec63488} 'shape' '(Lcom/sun/javafx/text/TextRun;[CLcom/sun/javafx/text/GlyphLayout;)V' in 'com/sun/javafx/text/PrismTextLayout')}
  0x00000195a1afa454: 85f6 48ba | 0000 40c0 | 9501 0000 | bfa8 0100 | 0075 05bf | b801 0000 | 488b 1c3a | 488d 5b01 
  0x00000195a1afa474: 4889 1c3a | 0f85 2203 | 0000 488b | 7424 7048 

  0x00000195a1afa484: ;   {metadata(method data for {method} {0x00000195bec63488} 'shape' '(Lcom/sun/javafx/text/TextRun;[CLcom/sun/javafx/text/GlyphLayout;)V' in 'com/sun/javafx/text/PrismTextLayout')}
  0x00000195a1afa484: 8bd6 48bf | 0000 40c0 | 9501 0000 | 8b52 0841 | ba00 0000 | 0a49 03d2 | 483b 97d0 | 0100 0075 
  0x00000195a1afa4a4: 0d48 8387 | d801 0000 | 01e9 6000 | 0000 483b | 97e0 0100 | 0075 0d48 | 8387 e801 | 0000 01e9 
  0x00000195a1afa4c4: 4a00 0000 | 4883 bfd0 | 0100 0000 | 7517 4889 | 97d0 0100 | 0048 c787 | d801 0000 | 0100 0000 
  0x00000195a1afa4e4: e929 0000 | 0048 83bf | e001 0000 | 0075 1748 | 8997 e001 | 0000 48c7 | 87e8 0100 | 0001 0000 
  0x00000195a1afa504: 00e9 0800 | 0000 4883 | 87c8 0100 | 0001 488b | d648 b888 | 3bbe d695 

  0x00000195a1afa51c: ;   {virtual_call}
  0x00000195a1afa51c: 0100 00e8 

  0x00000195a1afa520: ; ImmutableOopMap {[112]=Oop [128]=Oop }
                      ;*invokeinterface getBounds {reexecute=0 rethrow=0 return_oop=0}
                      ; - com.sun.javafx.text.PrismTextLayout::shape@41 (line 834)
  0x00000195a1afa520: bc51 a906 

  0x00000195a1afa524: ;   {post_call_nop}
  0x00000195a1afa524: 0f1f 8400 | 9c04 0001 | 488b 7424 

  0x00000195a1afa530: ;   {metadata(method data for {method} {0x00000195bec63488} 'shape' '(Lcom/sun/javafx/text/TextRun;[CLcom/sun/javafx/text/GlyphLayout;)V' in 'com/sun/javafx/text/PrismTextLayout')}
  0x00000195a1afa530: 7048 ba00 | 0040 c095 | 0100 008b | 7608 41ba | 0000 000a | 4903 f248 | 3bb2 0002 | 0000 750d 
  0x00000195a1afa550: 4883 8208 | 0200 0001 | e960 0000 | 0048 3bb2 | 1002 0000 | 750d 4883 | 8218 0200 | 0001 e94a 
  0x00000195a1afa570: 0000 0048 | 83ba 0002 | 0000 0075 | 1748 89b2 | 0002 0000 | 48c7 8208 | 0200 0001 | 0000 00e9 
  0x00000195a1afa590: 2900 0000 | 4883 ba10 | 0200 0000 | 7517 4889 | b210 0200 | 0048 c782 | 1802 0000 | 0100 0000 
  0x00000195a1afa5b0: e908 0000 | 0048 8382 | f801 0000 | 0148 8b54 | 2470 4889 | 8424 9800 | 0000 6666 | 9048 b8b0 
  0x00000195a1afa5d0: 3bbe d695 

  0x00000195a1afa5d4: ;   {virtual_call}
  0x00000195a1afa5d4: 0100 00e8 

  0x00000195a1afa5d8: ; ImmutableOopMap {[128]=Oop [152]=Oop }
                      ;*invokeinterface getText {reexecute=0 rethrow=0 return_oop=0}
                      ; - com.sun.javafx.text.PrismTextLayout::shape@53 (line 835)
  0x00000195a1afa5d8: 0451 a906 

  0x00000195a1afa5dc: ;   {post_call_nop}
  0x00000195a1afa5dc: 0f1f 8400 | 5405 0002 

  0x00000195a1afa5e4: ; implicit exception: dispatches to 0x00000195a1afc3db
  0x00000195a1afa5e4: 483b 004c 

  0x00000195a1afa5e8: ;   {metadata(method data for {method} {0x00000195bec63488} 'shape' '(Lcom/sun/javafx/text/TextRun;[CLcom/sun/javafx/text/GlyphLayout;)V' in 'com/sun/javafx/text/PrismTextLayout')}
  0x00000195a1afa5e8: 8bc0 48ba | 0000 40c0 | 9501 0000 | 458b 4008 | 41ba 0000 | 000a 4d03 | c24c 3b82 | 3002 0000 
  0x00000195a1afa608: 750d 4883 | 8238 0200 | 0001 e960 | 0000 004c | 3b82 4002 | 0000 750d | 4883 8248 | 0200 0001 
  0x00000195a1afa628: e94a 0000 | 0048 83ba | 3002 0000 | 0075 174c | 8982 3002 | 0000 48c7 | 8238 0200 | 0001 0000 
  0x00000195a1afa648: 00e9 2900 | 0000 4883 | ba40 0200 | 0000 7517 | 4c89 8240 | 0200 0048 | c782 4802 | 0000 0100 
  0x00000195a1afa668: 0000 e908 | 0000 0048 | 8382 2802 

  0x00000195a1afa674: ;   {metadata(method data for {method} {0x000000000a187d60} 'length' '()I' in 'java/lang/String')}
  0x00000195a1afa674: 0000 0149 | b860 ee00 | be95 0100 | 0041 8b90 | 9000 0000 | 83c2 0241 | 8990 9000 | 0000 81e2 
  0x00000195a1afa694: feff 1f00 | 85d2 0f84 | 401d 0000 | 448b 4014 | 49c1 e003 

  0x00000195a1afa6a8: ; implicit exception: dispatches to 0x00000195a1afc401
  0x00000195a1afa6a8: 418b 700c 

  0x00000195a1afa6ac: ;   {metadata(method data for {method} {0x000000000a187d60} 'length' '()I' in 'java/lang/String')}
  0x00000195a1afa6ac: 4c8b c048 | ba60 ee00 | be95 0100 | 0045 8b40 | 0841 ba00 | 0000 0a4d | 03c2 4c3b | 82e0 0000 
  0x00000195a1afa6cc: 0075 0d48 | 8382 e800 | 0000 01e9 | 6000 0000 | 4c3b 82f0 | 0000 0075 | 0d48 8382 | f800 0000 
  0x00000195a1afa6ec: 01e9 4a00 | 0000 4883 | bae0 0000 | 0000 7517 | 4c89 82e0 | 0000 0048 | c782 e800 | 0000 0100 
  0x00000195a1afa70c: 0000 e929 | 0000 0048 | 83ba f000 | 0000 0075 | 174c 8982 | f000 0000 | 48c7 82f8 | 0000 0001 
  0x00000195a1afa72c: 0000 00e9 | 0800 0000 | 4883 82d8 | 0000 0001 

  0x00000195a1afa73c: ;   {metadata(method data for {method} {0x000000000a4adaf8} 'coder' '()B' in 'java/lang/String')}
  0x00000195a1afa73c: 49b8 20ed | 00be 9501 | 0000 418b | 9090 0000 | 0083 c202 | 4189 9090 | 0000 0081 | e2fe ff1f 
  0x00000195a1afa75c: 0085 d20f | 84a1 1c00 

  0x00000195a1afa764: ;   {metadata(method data for {method} {0x000000000a4adaf8} 'coder' '()B' in 'java/lang/String')}
  0x00000195a1afa764: 0049 b820 | ed00 be95 | 0100 0041 | ff80 e800 | 0000 440f 

  0x00000195a1afa778: ;   {metadata(method data for {method} {0x000000000a4adaf8} 'coder' '()B' in 'java/lang/String')}
  0x00000195a1afa778: be40 1048 | ba20 ed00 | be95 0100 | 00ff 82f8 | 0000 0041 | c1e0 1841 | c1f8 1848 | 8bbc 2480 
  0x00000195a1afa798: 0000 00e9 | 901b 0000 | 4885 f60f | 8425 0000 

  0x00000195a1afa7a8: ;   {metadata('com/sun/javafx/font/PrismFont')}
  0x00000195a1afa7a8: 0048 bb88 | ac0f 0b00 | 0000 008b | 7e08 41ba | 0000 000a | 4903 fa48 | 3b5f 380f | 855e 1c00 
  0x00000195a1afa7c8: 00e9 0000 | 0000 4c8b | c648 3b06 

  0x00000195a1afa7d4: ;   {metadata(method data for {method} {0x00000195bec63488} 'shape' '(Lcom/sun/javafx/text/TextRun;[CLcom/sun/javafx/text/GlyphLayout;)V' in 'com/sun/javafx/text/PrismTextLayout')}
  0x00000195a1afa7d4: 4c8b c648 | ba00 0040 | c095 0100 | 0048 8382 | 9802 0000 

  0x00000195a1afa7e8: ;   {metadata(method data for {method} {0x00000195be8520f8} 'getStrike' '(Lcom/sun/javafx/geom/transform/BaseTransform;)Lcom/sun/javafx/font/FontStrike;' in 'com/sun/javafx/font/PrismFont')}
  0x00000195a1afa7e8: 0149 b848 | e257 bf95 | 0100 0041 | 8b90 9000 | 0000 83c2 | 0241 8990 | 9000 0000 | 81e2 feff 
  0x00000195a1afa808: 1f00 85d2 | 0f84 1f1c | 0000 8b56 | 1c48 c1e2 | 03c5 fa10 | 460c 483b | 024c 8bc2 

  0x00000195a1afa824: ;   {metadata(method data for {method} {0x00000195be8520f8} 'getStrike' '(Lcom/sun/javafx/geom/transform/BaseTransform;)Lcom/sun/javafx/font/FontStrike;' in 'com/sun/javafx/font/PrismFont')}
  0x00000195a1afa824: 48bf 48e2 | 57bf 9501 | 0000 458b | 4008 41ba | 0000 000a | 4d03 c24c | 3b87 e000 | 0000 750d 
  0x00000195a1afa844: 4883 87e8 | 0000 0001 | e960 0000 | 004c 3b87 | f000 0000 | 750d 4883 | 87f8 0000 | 0001 e94a 
  0x00000195a1afa864: 0000 0048 | 83bf e000 | 0000 0075 | 174c 8987 | e000 0000 | 48c7 87e8 | 0000 0001 | 0000 00e9 
  0x00000195a1afa884: 2900 0000 | 4883 bff0 | 0000 0000 | 7517 4c89 | 87f0 0000 | 0048 c787 | f800 0000 | 0100 0000 
  0x00000195a1afa8a4: e908 0000 | 0048 8387 | d800 0000 

  0x00000195a1afa8b0: ;   {oop(a 'com/sun/javafx/geom/transform/Identity'{0x000000060b481198})}
  0x00000195a1afa8b0: 0149 b898 | 1148 0b06 | 0000 0048 | 89b4 24a0 | 0000 0066 | 9048 b8d8 | 3bbe d695 

  0x00000195a1afa8cc: ;   {virtual_call}
  0x00000195a1afa8cc: 0100 00e8 

  0x00000195a1afa8d0: ; ImmutableOopMap {[120]=Oop [128]=Oop [136]=Oop [144]=Oop [160]=Oop }
                      ;*invokeinterface getStrike {reexecute=0 rethrow=0 return_oop=0}
                      ; - com.sun.javafx.font.PrismFont::getStrike@9 (line 79)
                      ; - com.sun.javafx.text.PrismTextLayout::shape@70 (line 838)
  0x00000195a1afa8d0: 0c4e a906 

  0x00000195a1afa8d4: ;   {post_call_nop}
  0x00000195a1afa8d4: 0f1f 8400 | 4c08 0003 

  0x00000195a1afa8dc: ;   {metadata(method data for {method} {0x00000195bec63488} 'shape' '(Lcom/sun/javafx/text/TextRun;[CLcom/sun/javafx/text/GlyphLayout;)V' in 'com/sun/javafx/text/PrismTextLayout')}
  0x00000195a1afa8dc: 48ba 0000 | 40c0 9501 | 0000 ff82 | b802 0000 | 488b b424 | a000 0000 | 4c8b 8424 | 8000 0000 
  0x00000195a1afa8fc: 488b 5424 | 78e9 2900 | 0000 4889 | bc24 9000 | 0000 4c89 | 8c24 8800 | 0000 8b72 | 3048 c1e6 
  0x00000195a1afa91c: 038b 7a34 | 48c1 e703 | 488b c74c | 8b84 2480 | 0000 0049 | 3b00 498b 

  0x00000195a1afa934: ;   {metadata(method data for {method} {0x00000195bec63488} 'shape' '(Lcom/sun/javafx/text/TextRun;[CLcom/sun/javafx/text/GlyphLayout;)V' in 'com/sun/javafx/text/PrismTextLayout')}
  0x00000195a1afa934: f848 bb00 | 0040 c095 | 0100 0048 | 8383 e002 | 0000 01c4 | c17a 1040 

  0x00000195a1afa94c: ;   {section_word}
  0x00000195a1afa94c: 20c5 fa10 | 0d2b f8ff | ffc5 f82e | c1bf ffff | ffff 0f8a | 1400 0000 | 0f82 0e00 | 0000 bf00 
  0x00000195a1afa96c: 0000 000f | 8403 0000 | 0048 ffc7 

  0x00000195a1afa978: ;   {metadata(method data for {method} {0x00000195bec63488} 'shape' '(Lcom/sun/javafx/text/TextRun;[CLcom/sun/javafx/text/GlyphLayout;)V' in 'com/sun/javafx/text/PrismTextLayout')}
  0x00000195a1afa978: 85ff 48bf | 0000 40c0 | 9501 0000 | bb10 0300 | 0074 05bb | 0003 0000 | 488b 0c1f | 488d 4901 
  0x00000195a1afa998: 4889 0c1f | 4889 b424 | a800 0000 | 0f84 0d00 | 0000 4889 | 8424 b000 | 0000 e918 | 0900 0048 
  0x00000195a1afa9b8: 3b00 488b 

  0x00000195a1afa9bc: ;   {metadata(method data for {method} {0x00000195bec63488} 'shape' '(Lcom/sun/javafx/text/TextRun;[CLcom/sun/javafx/text/GlyphLayout;)V' in 'com/sun/javafx/text/PrismTextLayout')}
  0x00000195a1afa9bc: f848 bb00 | 0040 c095 | 0100 008b | 7f08 41ba | 0000 000a | 4903 fa48 | 3bbb 2803 | 0000 750d 
  0x00000195a1afa9dc: 4883 8330 | 0300 0001 | e960 0000 | 0048 3bbb | 3803 0000 | 750d 4883 | 8340 0300 | 0001 e94a 
  0x00000195a1afa9fc: 0000 0048 | 83bb 2803 | 0000 0075 | 1748 89bb | 2803 0000 | 48c7 8330 | 0300 0001 | 0000 00e9 
  0x00000195a1afaa1c: 2900 0000 | 4883 bb38 | 0300 0000 | 7517 4889 | bb38 0300 | 0048 c783 | 4003 0000 | 0100 0000 
  0x00000195a1afaa3c: e908 0000 | 0048 8383 | 2003 0000 | 0148 8bd0 | 4889 8424 | b000 0000 | 9048 b800 | 3cbe d695 
  0x00000195a1afaa5c: ;   {virtual_call}
  0x00000195a1afaa5c: 0100 00e8 

  0x00000195a1afaa60: ; ImmutableOopMap {[120]=Oop [128]=Oop [136]=Oop [144]=Oop [168]=Oop [176]=Oop }
                      ;*invokeinterface getMetrics {reexecute=0 rethrow=0 return_oop=0}
                      ; - com.sun.javafx.text.PrismTextLayout::shape@103 (line 846)
  0x00000195a1afaa60: 2e55 7bff 

  0x00000195a1afaa64: ;   {post_call_nop}
  0x00000195a1afaa64: 0f1f 8400 | dc09 0004 | 4889 8424 | b800 0000 | 488b 5424 | 788b 7220 | 81e6 0040 | 0000 81fe 
  0x00000195a1afaa84: 0040 0000 

  0x00000195a1afaa88: ;   {metadata(method data for {method} {0x00000195bec63488} 'shape' '(Lcom/sun/javafx/text/TextRun;[CLcom/sun/javafx/text/GlyphLayout;)V' in 'com/sun/javafx/text/PrismTextLayout')}
  0x00000195a1afaa88: 48be 0000 | 40c0 9501 | 0000 bf50 | 0300 0075 | 05bf 6003 | 0000 488b | 1c3e 488d | 5b01 4889 
  0x00000195a1afaaa8: 1c3e 0f85 | e206 0000 | 488b b424 | a800 0000 | 4885 c00f | 8425 0000 

  0x00000195a1afaac0: ;   {metadata('com/sun/javafx/font/PrismMetrics')}
  0x00000195a1afaac0: 0049 b800 | 3030 0b00 | 0000 008b | 4808 41ba | 0000 000a | 4903 ca4c | 3b41 380f | 8580 1900 
  0x00000195a1afaae0: 00e9 0000 | 0000 488b | f848 3b00 

  0x00000195a1afaaec: ;   {metadata(method data for {method} {0x00000195bec63488} 'shape' '(Lcom/sun/javafx/text/TextRun;[CLcom/sun/javafx/text/GlyphLayout;)V' in 'com/sun/javafx/text/PrismTextLayout')}
  0x00000195a1afaaec: 488b f848 | bb00 0040 | c095 0100 | 0048 8383 | 8003 0000 | 01c5 fa10 | 400c 4885 | f60f 8425 
  0x00000195a1afab0c: ;   {metadata('com/sun/javafx/font/PrismFont')}
  0x00000195a1afab0c: 0000 0049 | b888 ac0f | 0b00 0000 | 008b 4e08 | 41ba 0000 | 000a 4903 | ca4c 3b41 | 380f 853c 
  0x00000195a1afab2c: 1900 00e9 | 0000 0000 | 488b fe48 | 3b06 488b 

  0x00000195a1afab3c: ;   {metadata(method data for {method} {0x00000195bec63488} 'shape' '(Lcom/sun/javafx/text/TextRun;[CLcom/sun/javafx/text/GlyphLayout;)V' in 'com/sun/javafx/text/PrismTextLayout')}
  0x00000195a1afab3c: fe48 bb00 | 0040 c095 | 0100 0048 | 8383 b003 

  0x00000195a1afab4c: ;   {metadata(method data for {method} {0x00000195be851dd0} 'getFamilyName' '()Ljava/lang/String;' in 'com/sun/javafx/font/PrismFont')}
  0x00000195a1afab4c: 0000 0148 | bf90 1b73 | c095 0100 | 008b 9f90 | 0000 0083 | c302 899f | 9000 0000 | 81e3 feff 
  0x00000195a1afab6c: 1f00 85db | 0f84 ff18 | 0000 8b7e | 1c48 c1e7 | 0348 3b07 

  0x00000195a1afab80: ;   {metadata(method data for {method} {0x00000195be851dd0} 'getFamilyName' '()Ljava/lang/String;' in 'com/sun/javafx/font/PrismFont')}
  0x00000195a1afab80: 488b df48 | b990 1b73 | c095 0100 | 008b 5b08 | 41ba 0000 | 000a 4903 | da48 3b99 | e000 0000 
  0x00000195a1afaba0: 750d 4883 | 81e8 0000 | 0001 e960 | 0000 0048 | 3b99 f000 | 0000 750d | 4883 81f8 | 0000 0001 
  0x00000195a1afabc0: e94a 0000 | 0048 83b9 | e000 0000 | 0075 1748 | 8999 e000 | 0000 48c7 | 81e8 0000 | 0001 0000 
  0x00000195a1afabe0: 00e9 2900 | 0000 4883 | b9f0 0000 | 0000 7517 | 4889 99f0 | 0000 0048 | c781 f800 | 0000 0100 
  0x00000195a1afac00: 0000 e908 | 0000 0048 | 8381 d800 | 0000 0148 | 8bd7 4889 | b424 a800 | 0000 c5fa | 1184 24ec 
  0x00000195a1afac20: 0000 0066 | 9048 b828 | 3cbe d695 

  0x00000195a1afac2c: ;   {virtual_call}
  0x00000195a1afac2c: 0100 00e8 

  0x00000195a1afac30: ; ImmutableOopMap {[120]=Oop [128]=Oop [136]=Oop [144]=Oop [168]=Oop [176]=Oop [184]=Oop }
                      ;*invokeinterface getFamilyName {reexecute=0 rethrow=0 return_oop=0}
                      ; - com.sun.javafx.font.PrismFont::getFamilyName@4 (line 51)
                      ; - com.sun.javafx.text.PrismTextLayout::shape@135 (line 859)
  0x00000195a1afac30: de2a 1000 

  0x00000195a1afac34: ;   {post_call_nop}
  0x00000195a1afac34: 0f1f 8400 | ac0b 0005 

  0x00000195a1afac3c: ; implicit exception: dispatches to 0x00000195a1afc49b
  0x00000195a1afac3c: 483b 004c 

  0x00000195a1afac40: ;   {metadata(method data for {method} {0x00000195bec63488} 'shape' '(Lcom/sun/javafx/text/TextRun;[CLcom/sun/javafx/text/GlyphLayout;)V' in 'com/sun/javafx/text/PrismTextLayout')}
  0x00000195a1afac40: 8bc0 48ba | 0000 40c0 | 9501 0000 | 458b 4008 | 41ba 0000 | 000a 4d03 | c24c 3b82 | d803 0000 
  0x00000195a1afac60: 750d 4883 | 82e0 0300 | 0001 e960 | 0000 004c | 3b82 e803 | 0000 750d | 4883 82f0 | 0300 0001 
  0x00000195a1afac80: e94a 0000 | 0048 83ba | d803 0000 | 0075 174c | 8982 d803 | 0000 48c7 | 82e0 0300 | 0001 0000 
  0x00000195a1afaca0: 00e9 2900 | 0000 4883 | bae8 0300 | 0000 7517 | 4c89 82e8 | 0300 0048 | c782 f003 | 0000 0100 
  0x00000195a1afacc0: 0000 e908 | 0000 0048 | 8382 d003 

  0x00000195a1afaccc: ;   {oop("Segoe UI"{0x000000060c0d47d0})}
  0x00000195a1afaccc: 0000 0149 | b8d0 470d | 0c06 0000 | 0048 8bd0 

  0x00000195a1afacdc: ;   {optimized virtual_call}
  0x00000195a1afacdc: 6666 90e8 

  0x00000195a1aface0: ; ImmutableOopMap {[120]=Oop [128]=Oop [136]=Oop [144]=Oop [168]=Oop [176]=Oop [184]=Oop }
                      ;*invokevirtual equals {reexecute=0 rethrow=0 return_oop=0}
                      ; - com.sun.javafx.text.PrismTextLayout::shape@143 (line 859)
  0x00000195a1aface0: ac63 2907 

  0x00000195a1aface4: ;   {post_call_nop}
  0x00000195a1aface4: 0f1f 8400 | 5c0c 0006 

  0x00000195a1afacec: ;   {metadata(method data for {method} {0x00000195bec63488} 'shape' '(Lcom/sun/javafx/text/TextRun;[CLcom/sun/javafx/text/GlyphLayout;)V' in 'com/sun/javafx/text/PrismTextLayout')}
  0x00000195a1afacec: 85c0 48ba | 0000 40c0 | 9501 0000 | be00 0400 | 0074 05be | 1004 0000 | 488b 3c32 | 488d 7f01 
  0x00000195a1afad0c: 4889 3c32 | c5fa 1084 | 24ec 0000 | 000f 8410 | 0000 00c5 

  0x00000195a1afad20: ;   {section_word}
  0x00000195a1afad20: fa5a c0c5 | fb59 055d | f4ff ffc5 | fb5a c048 | 8b84 24b8 | 0000 00c5 

  0x00000195a1afad38: ;   {section_word}
  0x00000195a1afad38: fa5a c0c5 | fb5c 054d | f4ff ffc5 | fb2c d081 | fa00 0000 | 8075 0f48 | 83ec 08c5 | fb11 0424 
  0x00000195a1afad58: ;   {runtime_call Stub::d2i_fixup}
  0x00000195a1afad58: e81a 67a4 | 065a c5f2 | 2aca 4885 | c00f 8425 

  0x00000195a1afad68: ;   {metadata('com/sun/javafx/font/PrismMetrics')}
  0x00000195a1afad68: 0000 0048 | bb00 3030 | 0b00 0000 | 008b 7808 | 41ba 0000 | 000a 4903 | fa48 3b5f | 380f 8515 
  0x00000195a1afad88: 1700 00e9 | 0000 0000 | 488b d048 

  0x00000195a1afad94: ;   {metadata(method data for {method} {0x00000195bec63488} 'shape' '(Lcom/sun/javafx/text/TextRun;[CLcom/sun/javafx/text/GlyphLayout;)V' in 'com/sun/javafx/text/PrismTextLayout')}
  0x00000195a1afad94: 8bd0 48be | 0000 40c0 | 9501 0000 | 4883 8630 | 0400 0001 | c5fa 1040 | 10c5 fa5a 

  0x00000195a1afadb0: ;   {section_word}
  0x00000195a1afadb0: c0c5 fb58 | 05df f3ff | ffc5 fb2c | d081 fa00 | 0000 8075 | 0f48 83ec | 08c5 fb11 

  0x00000195a1afadcc: ;   {runtime_call Stub::d2i_fixup}
  0x00000195a1afadcc: 0424 e8a4 | 66a4 065a | c5ea 2ad2 | 4885 c00f | 8425 0000 

  0x00000195a1afade0: ;   {metadata('com/sun/javafx/font/PrismMetrics')}
  0x00000195a1afade0: 0048 bb00 | 3030 0b00 | 0000 008b | 7808 41ba | 0000 000a | 4903 fa48 | 3b5f 380f | 85a4 1600 
  0x00000195a1afae00: 00e9 0000 | 0000 488b | d048 8bd0 

  0x00000195a1afae0c: ;   {metadata(method data for {method} {0x00000195bec63488} 'shape' '(Lcom/sun/javafx/text/TextRun;[CLcom/sun/javafx/text/GlyphLayout;)V' in 'com/sun/javafx/text/PrismTextLayout')}
  0x00000195a1afae0c: 48be 0000 | 40c0 9501 | 0000 4883 | 8660 0400 | 0001 c5fa | 1040 14c5 

  0x00000195a1afae24: ;   {section_word}
  0x00000195a1afae24: fa5a c0c5 | fb58 0571 | f3ff ffc5 | fb2c d081 | fa00 0000 | 8075 0f48 | 83ec 08c5 | fb11 0424 
  0x00000195a1afae44: ;   {runtime_call Stub::d2i_fixup}
  0x00000195a1afae44: e82e 66a4 | 065a c5e2 | 2ada 4885 | c00f 8425 

  0x00000195a1afae54: ;   {metadata('com/sun/javafx/font/PrismMetrics')}
  0x00000195a1afae54: 0000 0048 | bb00 3030 | 0b00 0000 | 008b 7808 | 41ba 0000 | 000a 4903 | fa48 3b5f | 380f 8533 
  0x00000195a1afae74: 1600 00e9 | 0000 0000 | 488b d048 

  0x00000195a1afae80: ;   {metadata(method data for {method} {0x00000195bec63488} 'shape' '(Lcom/sun/javafx/text/TextRun;[CLcom/sun/javafx/text/GlyphLayout;)V' in 'com/sun/javafx/text/PrismTextLayout')}
  0x00000195a1afae80: 8bd0 48be | 0000 40c0 | 9501 0000 | 4883 8690 | 0400 0001 

  0x00000195a1afae94: ;   {metadata(method data for {method} {0x00000195bf054628} 'getCapHeight' '()F' in 'com/sun/javafx/font/PrismMetrics')}
  0x00000195a1afae94: 48ba 80fd | 7ac0 9501 | 0000 8bb2 | 9000 0000 | 83c6 0289 | b290 0000 | 0081 e6fe | ff1f 0085 
  0x00000195a1afaeb4: f60f 84f4 | 1500 0048 

  0x00000195a1afaebc: ;   {metadata(method data for {method} {0x00000195bf054628} 'getCapHeight' '()F' in 'com/sun/javafx/font/PrismMetrics')}
  0x00000195a1afaebc: 8bd0 48be | 80fd 7ac0 | 9501 0000 | 4883 86d8 | 0000 0001 

  0x00000195a1afaed0: ;   {metadata(method data for {method} {0x00000195bf054388} 'checkStyleMetrics' '()V' in 'com/sun/javafx/font/PrismMetrics')}
  0x00000195a1afaed0: 48ba 0871 | 76c0 9501 | 0000 8bb2 | 9000 0000 | 83c6 0289 | b290 0000 | 0081 e6fe | ff1f 0085 
  0x00000195a1afaef0: f60f 84d9 | 1500 008b | 5020 48c1 | e203 4885 

  0x00000195a1afaf00: ;   {metadata(method data for {method} {0x00000195bf054388} 'checkStyleMetrics' '()V' in 'com/sun/javafx/font/PrismMetrics')}
  0x00000195a1afaf00: d248 ba08 | 7176 c095 | 0100 00be | e800 0000 | 7405 bed8 | 0000 0048 | 8b3c 3248 | 8d7f 0148 
  0x00000195a1afaf20: 893c 32c5 | fa11 9c24 | f800 0000 | c5fa 1194 | 24f4 0000 | 00c5 fa11 | 8c24 f000 | 0000 0f84 
  0x00000195a1afaf40: 0800 0000 | 488b d0e9 | e400 0000 | 8b50 1c48 | c1e2 03c5 | fa10 4018 

  0x00000195a1afaf58: ; implicit exception: dispatches to 0x00000195a1afc4f1
  0x00000195a1afaf58: 483b 0248 

  0x00000195a1afaf5c: ;   {metadata(method data for {method} {0x00000195bf054388} 'checkStyleMetrics' '()V' in 'com/sun/javafx/font/PrismMetrics')}
  0x00000195a1afaf5c: 8bf2 48bf | 0871 76c0 | 9501 0000 | 8b76 0841 | ba00 0000 | 0a49 03f2 | 483b b700 | 0100 0075 
  0x00000195a1afaf7c: 0d48 8387 | 0801 0000 | 01e9 6000 | 0000 483b | b710 0100 | 0075 0d48 | 8387 1801 | 0000 01e9 
  0x00000195a1afaf9c: 4a00 0000 | 4883 bf00 | 0100 0000 | 7517 4889 | b700 0100 | 0048 c787 | 0801 0000 | 0100 0000 
  0x00000195a1afafbc: e929 0000 | 0048 83bf | 1001 0000 | 0075 1748 | 89b7 1001 | 0000 48c7 | 8718 0100 | 0001 0000 
  0x00000195a1afafdc: 00e9 0800 | 0000 4883 | 87f8 0000 | 0001 0f1f 

  0x00000195a1afafec: ;   {optimized virtual_call}
  0x00000195a1afafec: 4400 00e8 

  0x00000195a1afaff0: ; ImmutableOopMap {[120]=Oop [128]=Oop [136]=Oop [144]=Oop [168]=Oop [176]=Oop [184]=Oop }
                      ;*invokevirtual getStyleMetrics {reexecute=0 rethrow=0 return_oop=0}
                      ; - com.sun.javafx.font.PrismMetrics::checkStyleMetrics@16 (line 78)
                      ; - com.sun.javafx.font.PrismMetrics::getCapHeight@1 (line 102)
                      ; - com.sun.javafx.text.PrismTextLayout::shape@204 (line 865)
  0x00000195a1afaff0: ec41 a906 

  0x00000195a1afaff4: ;   {post_call_nop}
  0x00000195a1afaff4: 0f1f 8400 | 6c0f 0007 | 410f be57 | 4885 d248 | 8b94 24b8 | 0000 000f | 85e5 1400 | 004c 8bd0 
  0x00000195a1afb014: 49c1 ea03 | 4489 5220 | 488b f248 | 33f0 48c1 | ee16 4883 | fe00 0f85 | e514 0000 | 8b52 2048 
  0x00000195a1afb034: c1e2 0383 | 7a0c 010f | 86f6 1400 | 00c5 fa10 | 4214 c5fa | 1094 24f4 | 0000 00c5 

  0x00000195a1afb050: ;   {section_word}
  0x00000195a1afb050: fa5a c0c5 | fb58 054d | f1ff ffc5 | fb2c d081 | fa00 0000 | 8075 0f48 | 83ec 08c5 | fb11 0424 
  0x00000195a1afb070: ;   {runtime_call Stub::d2i_fixup}
  0x00000195a1afb070: e802 64a4 | 065a c5fa | 2ac2 c5fa | 108c 24f0 

  0x00000195a1afb080: ;   {external_word}
  0x00000195a1afb080: 0000 0049 | bad0 b949 | 11fc 7f00 | 00c4 c170 | 570a c5f2 | 5cc8 c5f8 | 2eca baff | ffff ff0f 
  0x00000195a1afb0a0: 8a14 0000 | 000f 820e | 0000 00ba | 0000 0000 | 0f84 0300 | 0000 48ff 

  0x00000195a1afb0b8: ;   {metadata(method data for {method} {0x00000195bec63488} 'shape' '(Lcom/sun/javafx/text/TextRun;[CLcom/sun/javafx/text/GlyphLayout;)V' in 'com/sun/javafx/text/PrismTextLayout')}
  0x00000195a1afb0b8: c285 d248 | ba00 0040 | c095 0100 | 00be b004 | 0000 7e05 | bec0 0400 | 0048 8b3c | 3248 8d7f 
  0x00000195a1afb0d8: 0148 893c | 320f 8e1e 

  0x00000195a1afb0e0: ;   {metadata(method data for {method} {0x00000195bec63488} 'shape' '(Lcom/sun/javafx/text/TextRun;[CLcom/sun/javafx/text/GlyphLayout;)V' in 'com/sun/javafx/text/PrismTextLayout')}
  0x00000195a1afb0e0: 0000 0048 | ba00 0040 | c095 0100 | 00ff 82d0 | 0400 00c5 | fa10 8424 | f000 0000 | e91d 0000 
  0x00000195a1afb100: 00c5 fa10 | 8424 f000 | 0000 c5f2 | 5cca c5f8 | 28d9 c5e2 | 58d8 c5f8 | 28ca c5f8 | 28c3 c5fa 
  0x00000195a1afb120: 109c 24f8 | 0000 004c | 8b84 2480 | 0000 0049 

  0x00000195a1afb130: ;   {metadata(method data for {method} {0x00000195bec63488} 'shape' '(Lcom/sun/javafx/text/TextRun;[CLcom/sun/javafx/text/GlyphLayout;)V' in 'com/sun/javafx/text/PrismTextLayout')}
  0x00000195a1afb130: 8bd0 48be | 0000 40c0 | 9501 0000 | 4883 86f8 | 0400 0001 

  0x00000195a1afb144: ;   {metadata(method data for {method} {0x00000195bf04f070} 'setMetrics' '(FFF)V' in 'com/sun/javafx/text/TextRun')}
  0x00000195a1afb144: 48ba 1801 | 7bc0 9501 | 0000 8bb2 | 9000 0000 | 83c6 0289 | b290 0000 | 0081 e6fe | ff1f 0085 
  0x00000195a1afb164: f60f 84de | 1300 00c4 | c17a 1140 | 20c4 c17a | 1148 24c4 | c17a 1158 

  0x00000195a1afb17c: ;   {metadata(method data for {method} {0x00000195bec63488} 'shape' '(Lcom/sun/javafx/text/TextRun;[CLcom/sun/javafx/text/GlyphLayout;)V' in 'com/sun/javafx/text/PrismTextLayout')}
  0x00000195a1afb17c: 2848 ba00 | 0040 c095 | 0100 00ff | 8218 0500 | 00e9 3d01 | 0000 4c8b | 8424 8000 | 0000 488b 
  0x00000195a1afb19c: d048 85d2 | 0f84 2500 

  0x00000195a1afb1a4: ;   {metadata('com/sun/javafx/font/PrismMetrics')}
  0x00000195a1afb1a4: 0000 48b8 | 0030 300b | 0000 0000 | 8b5a 0841 | ba00 0000 | 0a49 03da | 483b 4338 | 0f85 a413 
  0x00000195a1afb1c4: 0000 e900 | 0000 0048 | 8bf2 483b | 0248 8bc2 

  0x00000195a1afb1d4: ;   {metadata(method data for {method} {0x00000195bec63488} 'shape' '(Lcom/sun/javafx/text/TextRun;[CLcom/sun/javafx/text/GlyphLayout;)V' in 'com/sun/javafx/text/PrismTextLayout')}
  0x00000195a1afb1d4: 48be 0000 | 40c0 9501 | 0000 4883 | 8640 0500 | 0001 c5fa | 1042 0c48 | 85d2 0f84 | 2500 0000 
  0x00000195a1afb1f4: ;   {metadata('com/sun/javafx/font/PrismMetrics')}
  0x00000195a1afb1f4: 48b8 0030 | 300b 0000 | 0000 8b5a | 0841 ba00 | 0000 0a49 | 03da 483b | 4338 0f85 | 6013 0000 
  0x00000195a1afb214: e900 0000 | 0048 8bf2 

  0x00000195a1afb21c: ;   {metadata(method data for {method} {0x00000195bec63488} 'shape' '(Lcom/sun/javafx/text/TextRun;[CLcom/sun/javafx/text/GlyphLayout;)V' in 'com/sun/javafx/text/PrismTextLayout')}
  0x00000195a1afb21c: 488b c248 | be00 0040 | c095 0100 | 0048 8386 | 7005 0000 | 01c5 fa10 | 4a10 4885 | d20f 8425 
  0x00000195a1afb23c: ;   {metadata('com/sun/javafx/font/PrismMetrics')}
  0x00000195a1afb23c: 0000 0048 | b800 3030 | 0b00 0000 | 008b 5a08 | 41ba 0000 | 000a 4903 | da48 3b43 | 380f 851a 
  0x00000195a1afb25c: 1300 00e9 | 0000 0000 | 488b f248 

  0x00000195a1afb268: ;   {metadata(method data for {method} {0x00000195bec63488} 'shape' '(Lcom/sun/javafx/text/TextRun;[CLcom/sun/javafx/text/GlyphLayout;)V' in 'com/sun/javafx/text/PrismTextLayout')}
  0x00000195a1afb268: 8bc2 48be | 0000 40c0 | 9501 0000 | 4883 86a0 | 0500 0001 | c5fa 1052 | 1449 8bd0 

  0x00000195a1afb284: ;   {metadata(method data for {method} {0x00000195bec63488} 'shape' '(Lcom/sun/javafx/text/TextRun;[CLcom/sun/javafx/text/GlyphLayout;)V' in 'com/sun/javafx/text/PrismTextLayout')}
  0x00000195a1afb284: 48be 0000 | 40c0 9501 | 0000 4883 | 86d0 0500 

  0x00000195a1afb294: ;   {metadata(method data for {method} {0x00000195bf04f070} 'setMetrics' '(FFF)V' in 'com/sun/javafx/text/TextRun')}
  0x00000195a1afb294: 0001 48ba | 1801 7bc0 | 9501 0000 | 8bb2 9000 | 0000 83c6 | 0289 b290 | 0000 0081 | e6fe ff1f 
  0x00000195a1afb2b4: 0085 f60f | 84c1 1200 | 00c4 c17a | 1140 20c4 | c17a 1148 | 24c4 c17a | 1150 2849 

  0x00000195a1afb2d0: ;   {metadata(method data for {method} {0x00000195bec63488} 'shape' '(Lcom/sun/javafx/text/TextRun;[CLcom/sun/javafx/text/GlyphLayout;)V' in 'com/sun/javafx/text/PrismTextLayout')}
  0x00000195a1afb2d0: 8bd0 48be | 0000 40c0 | 9501 0000 | 4883 8600 | 0600 0001 

  0x00000195a1afb2e4: ;   {metadata(method data for {method} {0x00000195bf04e618} 'isTab' '()Z' in 'com/sun/javafx/text/TextRun')}
  0x00000195a1afb2e4: 48ba 80f7 | 2fc0 9501 | 0000 8bb2 | 9000 0000 | 83c6 0289 | b290 0000 | 0081 e6fe | ff1f 0085 
  0x00000195a1afb304: f60f 8494 | 1200 0041 | 8b50 2c48 | 8bf2 83e6 

  0x00000195a1afb314: ;   {metadata(method data for {method} {0x00000195bf04e618} 'isTab' '()Z' in 'com/sun/javafx/text/TextRun')}
  0x00000195a1afb314: 0185 f648 | be80 f72f | c095 0100 | 00bf d800 | 0000 7405 | bfe8 0000 | 0048 8b1c | 3e48 8d5b 
  0x00000195a1afb334: 0148 891c | 3e0f 841a 

  0x00000195a1afb33c: ;   {metadata(method data for {method} {0x00000195bf04e618} 'isTab' '()Z' in 'com/sun/javafx/text/TextRun')}
  0x00000195a1afb33c: 0000 0048 | be80 f72f | c095 0100 | 00ff 86f8 | 0000 00be | 0100 0000 | e905 0000 | 00be 0000 
  0x00000195a1afb35c: 0000 83e6 

  0x00000195a1afb360: ;   {metadata(method data for {method} {0x00000195bec63488} 'shape' '(Lcom/sun/javafx/text/TextRun;[CLcom/sun/javafx/text/GlyphLayout;)V' in 'com/sun/javafx/text/PrismTextLayout')}
  0x00000195a1afb360: 0185 f648 | be00 0040 | c095 0100 | 00bf 3006 | 0000 7505 | bf20 0600 | 0048 8b1c | 3e48 8d5b 
  0x00000195a1afb380: 0148 891c | 3e0f 8592 | 0f00 0049 

  0x00000195a1afb38c: ;   {metadata(method data for {method} {0x00000195bec63488} 'shape' '(Lcom/sun/javafx/text/TextRun;[CLcom/sun/javafx/text/GlyphLayout;)V' in 'com/sun/javafx/text/PrismTextLayout')}
  0x00000195a1afb38c: 8bf0 48bf | 0000 40c0 | 9501 0000 | 4883 8750 | 0600 0001 

  0x00000195a1afb3a0: ;   {metadata(method data for {method} {0x00000195bf04e338} 'isLinebreak' '()Z' in 'com/sun/javafx/text/TextRun')}
  0x00000195a1afb3a0: 48be b8f8 | 2fc0 9501 | 0000 8bbe | 9000 0000 | 83c7 0289 | be90 0000 | 0081 e7fe | ff1f 0085 
  0x00000195a1afb3c0: ff0f 84f9 | 1100 0048 | 8bf2 83e6 

  0x00000195a1afb3cc: ;   {metadata(method data for {method} {0x00000195bf04e338} 'isLinebreak' '()Z' in 'com/sun/javafx/text/TextRun')}
  0x00000195a1afb3cc: 0285 f648 | beb8 f82f | c095 0100 | 00bf d800 | 0000 7405 | bfe8 0000 | 0048 8b1c | 3e48 8d5b 
  0x00000195a1afb3ec: 0148 891c | 3e0f 841a 

  0x00000195a1afb3f4: ;   {metadata(method data for {method} {0x00000195bf04e338} 'isLinebreak' '()Z' in 'com/sun/javafx/text/TextRun')}
  0x00000195a1afb3f4: 0000 0048 | beb8 f82f | c095 0100 | 00ff 86f8 | 0000 00be | 0100 0000 | e905 0000 | 00be 0000 
  0x00000195a1afb414: 0000 83e6 

  0x00000195a1afb418: ;   {metadata(method data for {method} {0x00000195bec63488} 'shape' '(Lcom/sun/javafx/text/TextRun;[CLcom/sun/javafx/text/GlyphLayout;)V' in 'com/sun/javafx/text/PrismTextLayout')}
  0x00000195a1afb418: 0185 f648 | be00 0040 | c095 0100 | 00bf 8006 | 0000 7505 | bf70 0600 | 0048 8b1c | 3e48 8d5b 
  0x00000195a1afb438: 0148 891c | 3e0f 85c7 | 0e00 0049 

  0x00000195a1afb444: ;   {metadata(method data for {method} {0x00000195bec63488} 'shape' '(Lcom/sun/javafx/text/TextRun;[CLcom/sun/javafx/text/GlyphLayout;)V' in 'com/sun/javafx/text/PrismTextLayout')}
  0x00000195a1afb444: 8bf0 48bf | 0000 40c0 | 9501 0000 | 4883 87a0 | 0600 0001 | 418b 700c 

  0x00000195a1afb45c: ;   {metadata(method data for {method} {0x00000195bec63488} 'shape' '(Lcom/sun/javafx/text/TextRun;[CLcom/sun/javafx/text/GlyphLayout;)V' in 'com/sun/javafx/text/PrismTextLayout')}
  0x00000195a1afb45c: 85f6 48be | 0000 40c0 | 9501 0000 | bfd0 0600 | 007f 05bf | c006 0000 | 488b 1c3e | 488d 5b01 
  0x00000195a1afb47c: 4889 1c3e | 0f8f 710e | 0000 498b 

  0x00000195a1afb488: ;   {metadata(method data for {method} {0x00000195bec63488} 'shape' '(Lcom/sun/javafx/text/TextRun;[CLcom/sun/javafx/text/GlyphLayout;)V' in 'com/sun/javafx/text/PrismTextLayout')}
  0x00000195a1afb488: f048 bf00 | 0040 c095 | 0100 0048 | 8387 f006 

  0x00000195a1afb498: ;   {metadata(method data for {method} {0x00000195bf04ea68} 'isComplex' '()Z' in 'com/sun/javafx/text/TextRun')}
  0x00000195a1afb498: 0000 0148 | bee0 1340 | c095 0100 | 008b be90 | 0000 0083 | c702 89be | 9000 0000 | 81e7 feff 
  0x00000195a1afb4b8: 1f00 85ff | 0f84 1f11 | 0000 83e2 

  0x00000195a1afb4c4: ;   {metadata(method data for {method} {0x00000195bf04ea68} 'isComplex' '()Z' in 'com/sun/javafx/text/TextRun')}
  0x00000195a1afb4c4: 2085 d248 | bae0 1340 | c095 0100 | 00be d800 | 0000 7405 | bee8 0000 | 0048 8b3c | 3248 8d7f 
  0x00000195a1afb4e4: 0148 893c | 320f 841a 

  0x00000195a1afb4ec: ;   {metadata(method data for {method} {0x00000195bf04ea68} 'isComplex' '()Z' in 'com/sun/javafx/text/TextRun')}
  0x00000195a1afb4ec: 0000 0048 | bae0 1340 | c095 0100 | 00ff 82f8 | 0000 00ba | 0100 0000 | e905 0000 | 00ba 0000 
  0x00000195a1afb50c: 0000 83e2 

  0x00000195a1afb510: ;   {metadata(method data for {method} {0x00000195bec63488} 'shape' '(Lcom/sun/javafx/text/TextRun;[CLcom/sun/javafx/text/GlyphLayout;)V' in 'com/sun/javafx/text/PrismTextLayout')}
  0x00000195a1afb510: 0185 d248 | ba00 0040 | c095 0100 | 00be 2007 | 0000 7505 | be10 0700 | 0048 8b3c | 3248 8d7f 
  0x00000195a1afb530: 0148 893c | 320f 852d | 0d00 0048 | 8b84 24b0 | 0000 0048 | 3b00 488b 

  0x00000195a1afb548: ;   {metadata(method data for {method} {0x00000195bec63488} 'shape' '(Lcom/sun/javafx/text/TextRun;[CLcom/sun/javafx/text/GlyphLayout;)V' in 'com/sun/javafx/text/PrismTextLayout')}
  0x00000195a1afb548: f048 bf00 | 0040 c095 | 0100 008b | 7608 41ba | 0000 000a | 4903 f248 | 3bb7 8007 | 0000 750d 
  0x00000195a1afb568: 4883 8788 | 0700 0001 | e960 0000 | 0048 3bb7 | 9007 0000 | 750d 4883 | 8798 0700 | 0001 e94a 
  0x00000195a1afb588: 0000 0048 | 83bf 8007 | 0000 0075 | 1748 89b7 | 8007 0000 | 48c7 8788 | 0700 0001 | 0000 00e9 
  0x00000195a1afb5a8: 2900 0000 | 4883 bf90 | 0700 0000 | 7517 4889 | b790 0700 | 0048 c787 | 9807 0000 | 0100 0000 
  0x00000195a1afb5c8: e908 0000 | 0048 8387 | 7807 0000 | 0148 8bd0 | 4889 8424 | b000 0000 | 0f1f 4400 | 0048 b850 
  0x00000195a1afb5e8: 3cbe d695 

  0x00000195a1afb5ec: ;   {virtual_call}
  0x00000195a1afb5ec: 0100 00e8 

  0x00000195a1afb5f0: ; ImmutableOopMap {[120]=Oop [128]=Oop [136]=Oop [176]=Oop }
                      ;*invokeinterface getFontResource {reexecute=0 rethrow=0 return_oop=0}
                      ; - com.sun.javafx.text.PrismTextLayout::shape@335 (line 885)
  0x00000195a1afb5f0: 9e5a 2f07 

  0x00000195a1afb5f4: ;   {post_call_nop}
  0x00000195a1afb5f4: 0f1f 8400 | 6c15 0008 | 4889 8424 | c000 0000 | 4c8b 8424 | 8000 0000 

  0x00000195a1afb60c: ;   {metadata(method data for {method} {0x00000195bec63488} 'shape' '(Lcom/sun/javafx/text/TextRun;[CLcom/sun/javafx/text/GlyphLayout;)V' in 'com/sun/javafx/text/PrismTextLayout')}
  0x00000195a1afb60c: 48ba 0000 | 40c0 9501 | 0000 4883 | 82b8 0700 | 0001 4c8b | 8424 8000 | 0000 418b | 7010 89b4 
  0x00000195a1afb62c: 24cc 0000 | 0049 8bd0 

  0x00000195a1afb634: ;   {metadata(method data for {method} {0x00000195bec63488} 'shape' '(Lcom/sun/javafx/text/TextRun;[CLcom/sun/javafx/text/GlyphLayout;)V' in 'com/sun/javafx/text/PrismTextLayout')}
  0x00000195a1afb634: 48bf 0000 | 40c0 9501 | 0000 4883 | 87e8 0700 | 0001 418b | 7814 89bc | 24c8 0000 | 0048 8b54 
  0x00000195a1afb654: 2478 8b5a | 4c48 c1e3 | 0348 85db 

  0x00000195a1afb660: ;   {metadata(method data for {method} {0x00000195bec63488} 'shape' '(Lcom/sun/javafx/text/TextRun;[CLcom/sun/javafx/text/GlyphLayout;)V' in 'com/sun/javafx/text/PrismTextLayout')}
  0x00000195a1afb660: 48b9 0000 | 40c0 9501 | 0000 41b9 | 0808 0000 | 7506 41b9 | 1808 0000 | 4e8b 1c09 | 4d8d 5b01 
  0x00000195a1afb680: 4e89 1c09 | 0f85 1d05 | 0000 488b | 9424 b000 

  0x00000195a1afb690: ;   {metadata(method data for {method} {0x00000195bec63488} 'shape' '(Lcom/sun/javafx/text/TextRun;[CLcom/sun/javafx/text/GlyphLayout;)V' in 'com/sun/javafx/text/PrismTextLayout')}
  0x00000195a1afb690: 0000 48bb | 0000 40c0 | 9501 0000 | 8b52 0841 | ba00 0000 | 0a49 03d2 | 483b 9330 | 0800 0075 
  0x00000195a1afb6b0: 0d48 8383 | 3808 0000 | 01e9 6000 | 0000 483b | 9340 0800 | 0075 0d48 | 8383 4808 | 0000 01e9 
  0x00000195a1afb6d0: 4a00 0000 | 4883 bb30 | 0800 0000 | 7517 4889 | 9330 0800 | 0048 c783 | 3808 0000 | 0100 0000 
  0x00000195a1afb6f0: e929 0000 | 0048 83bb | 4008 0000 | 0075 1748 | 8993 4008 | 0000 48c7 | 8348 0800 | 0001 0000 
  0x00000195a1afb710: 00e9 0800 | 0000 4883 | 8328 0800 | 0001 488b | 9424 b000 | 0000 0f1f | 8000 0000 | 0048 b878 
  0x00000195a1afb730: 3cbe d695 

  0x00000195a1afb734: ;   {virtual_call}
  0x00000195a1afb734: 0100 00e8 

  0x00000195a1afb738: ; ImmutableOopMap {[128]=Oop [136]=Oop [192]=Oop }
                      ;*invokeinterface getSize {reexecute=0 rethrow=0 return_oop=0}
                      ; - com.sun.javafx.text.PrismTextLayout::shape@363 (line 891)
  0x00000195a1afb738: 5665 2f07 

  0x00000195a1afb73c: ;   {post_call_nop}
  0x00000195a1afb73c: 0f1f 8400 | b416 0009 | c5fa 1184 | 24fc 0000 | 0048 8b84 | 24c0 0000 | 0048 3b00 

  0x00000195a1afb758: ;   {metadata(method data for {method} {0x00000195bec63488} 'shape' '(Lcom/sun/javafx/text/TextRun;[CLcom/sun/javafx/text/GlyphLayout;)V' in 'com/sun/javafx/text/PrismTextLayout')}
  0x00000195a1afb758: 488b d048 | be00 0040 | c095 0100 | 008b 5208 | 41ba 0000 | 000a 4903 | d248 3b96 | 6008 0000 
  0x00000195a1afb778: 750d 4883 | 8668 0800 | 0001 e960 | 0000 0048 | 3b96 7008 | 0000 750d | 4883 8678 | 0800 0001 
  0x00000195a1afb798: e94a 0000 | 0048 83be | 6008 0000 | 0075 1748 | 8996 6008 | 0000 48c7 | 8668 0800 | 0001 0000 
  0x00000195a1afb7b8: 00e9 2900 | 0000 4883 | be70 0800 | 0000 7517 | 4889 9670 | 0800 0048 | c786 7808 | 0000 0100 
  0x00000195a1afb7d8: 0000 e908 | 0000 0048 | 8386 5808 | 0000 0148 | 8bd0 6666 | 9048 b8a0 | 3cbe d695 

  0x00000195a1afb7f4: ;   {virtual_call}
  0x00000195a1afb7f4: 0100 00e8 

  0x00000195a1afb7f8: ; ImmutableOopMap {[128]=Oop [136]=Oop [192]=Oop }
                      ;*invokeinterface getGlyphMapper {reexecute=0 rethrow=0 return_oop=0}
                      ; - com.sun.javafx.text.PrismTextLayout::shape@372 (line 892)
  0x00000195a1afb7f8: 96d6 e8ff 

  0x00000195a1afb7fc: ;   {post_call_nop}
  0x00000195a1afb7fc: 0f1f 8400 | 7417 000a | 4c8b d88b | 9c24 c800 

  0x00000195a1afb80c: ;   {metadata({type array int})}
  0x00000195a1afb80c: 0000 48ba | 5847 180a | 0000 0000 | 4863 db48 | 8bfb 4881 | fbff ffff | 000f 87e1 | 0d00 00be 
  0x00000195a1afb82c: 1700 0000 | 488d 349e | 4883 e6f8 | 498b 87c8 | 0100 0048 | 8d34 3049 | 3bb7 d801 | 0000 0f87 
  0x00000195a1afb84c: bc0d 0000 | 4989 b7c8 | 0100 0048 | 2bf0 48c7 | 0001 0000 | 0048 8bca | 41ba 0000 | 000a 492b 
  0x00000195a1afb86c: ca89 4808 | 8958 0c48 | 83ee 1048 | 85f6 0f84 | 1100 0000 | 4833 db48 | c1ee 0348 | 895c f008 
  0x00000195a1afb88c: 48ff ce75 | f648 8984 | 24d0 0000 | 0049 3b03 

  0x00000195a1afb89c: ;   {metadata(method data for {method} {0x00000195bec63488} 'shape' '(Lcom/sun/javafx/text/TextRun;[CLcom/sun/javafx/text/GlyphLayout;)V' in 'com/sun/javafx/text/PrismTextLayout')}
  0x00000195a1afb89c: 4d8b c349 | b900 0040 | c095 0100 | 0045 8b40 | 0841 ba00 | 0000 0a4d | 03c2 4d3b | 8190 0800 
  0x00000195a1afb8bc: 0075 0d49 | 8381 9808 | 0000 01e9 | 6000 0000 | 4d3b 81a0 | 0800 0075 | 0d49 8381 | a808 0000 
  0x00000195a1afb8dc: 01e9 4a00 | 0000 4983 | b990 0800 | 0000 7517 | 4d89 8190 | 0800 0049 | c781 9808 | 0000 0100 
  0x00000195a1afb8fc: 0000 e929 | 0000 0049 | 83b9 a008 | 0000 0075 | 174d 8981 | a008 0000 | 49c7 81a8 | 0800 0001 
  0x00000195a1afb91c: 0000 00e9 | 0800 0000 | 4983 8188 | 0800 0001 | 448b 8424 | cc00 0000 | 448b 8c24 | c800 0000 
  0x00000195a1afb93c: 488b bc24 | 8800 0000 | 488b f049 | 8bd3 0f1f 

  0x00000195a1afb94c: ;   {optimized virtual_call}
  0x00000195a1afb94c: 4400 00e8 

  0x00000195a1afb950: ; ImmutableOopMap {[128]=Oop [192]=Oop [208]=Oop }
                      ;*invokevirtual charsToGlyphs {reexecute=0 rethrow=0 return_oop=0}
                      ; - com.sun.javafx.text.PrismTextLayout::shape@394 (line 896)
  0x00000195a1afb950: 7910 0000 

  0x00000195a1afb954: ;   {post_call_nop}
  0x00000195a1afb954: 0f1f 8400 | cc18 000b | 8bbc 24c8 | 0000 00ff | c7d1 e748 

  0x00000195a1afb968: ;   {metadata({type array float})}
  0x00000195a1afb968: 8bdf 48ba | 583f 180a | 0000 0000 | 4863 db48 | 8bfb 4881 | fbff ffff | 000f 8794 | 0c00 00be 
  0x00000195a1afb988: 1700 0000 | 488d 349e | 4883 e6f8 | 498b 87c8 | 0100 0048 | 8d34 3049 | 3bb7 d801 | 0000 0f87 
  0x00000195a1afb9a8: 6f0c 0000 | 4989 b7c8 | 0100 0048 | 2bf0 48c7 | 0001 0000 | 0048 8bca | 41ba 0000 | 000a 492b 
  0x00000195a1afb9c8: ca89 4808 | 8958 0c48 | 83ee 1048 | 85f6 0f84 | 1100 0000 | 4833 db48 | c1ee 0348 | 895c f008 
  0x00000195a1afb9e8: 48ff ce75 | f648 8984 | 24e0 0000 | 00be 0000 

  0x00000195a1afb9f8: ;   {section_word}
  0x00000195a1afb9f8: 0000 c5fa | 100d aee7 | ffff e948 | 0100 0090 | 3b70 0c0f | 8314 0c00 | 004c 63c6 | 468b 4480 
  0x00000195a1afba18: 1048 8bd3 

  0x00000195a1afba1c: ;   {metadata(method data for {method} {0x00000195bec63488} 'shape' '(Lcom/sun/javafx/text/TextRun;[CLcom/sun/javafx/text/GlyphLayout;)V' in 'com/sun/javafx/text/PrismTextLayout')}
  0x00000195a1afba1c: 49b9 0000 | 40c0 9501 | 0000 8b52 | 0841 ba00 | 0000 0a49 | 03d2 493b | 91e0 0800 | 0075 0d49 
  0x00000195a1afba3c: 8381 e808 | 0000 01e9 | 6000 0000 | 493b 91f0 | 0800 0075 | 0d49 8381 | f808 0000 | 01e9 4a00 
  0x00000195a1afba5c: 0000 4983 | b9e0 0800 | 0000 7517 | 4989 91e0 | 0800 0049 | c781 e808 | 0000 0100 | 0000 e929 
  0x00000195a1afba7c: 0000 0049 | 83b9 f008 | 0000 0075 | 1749 8991 | f008 0000 | 49c7 81f8 | 0800 0001 | 0000 00e9 
  0x00000195a1afba9c: 0800 0000 | 4983 81d8 | 0800 0001 | c5f8 28d0 | c5f8 28c2 | 488b d389 | b424 d800 | 0000 6666 
  0x00000195a1afbabc: 9048 b8c8 | 3cbe d695 

  0x00000195a1afbac4: ;   {virtual_call}
  0x00000195a1afbac4: 0100 00e8 

  0x00000195a1afbac8: ; ImmutableOopMap {[128]=Oop [192]=Oop [208]=Oop [224]=Oop }
                      ;*invokeinterface getAdvance {reexecute=0 rethrow=0 return_oop=0}
                      ; - com.sun.javafx.text.PrismTextLayout::shape@429 (line 900)
  0x00000195a1afbac8: 4637 e9ff 

  0x00000195a1afbacc: ;   {post_call_nop}
  0x00000195a1afbacc: 0f1f 8400 | 441a 000c | 8bb4 24d8 | 0000 00d1 | e648 8b84 | 24e0 0000 | 003b 700c | 0f83 450b 
  0x00000195a1afbaec: 0000 4863 | f6c5 fa10 | 8c24 0001 | 0000 c5fa | 114c b010 | c5fa 58c1 | 8bb4 24d8 | 0000 00ff 
  0x00000195a1afbb0c: ;   {metadata(method data for {method} {0x00000195bec63488} 'shape' '(Lcom/sun/javafx/text/TextRun;[CLcom/sun/javafx/text/GlyphLayout;)V' in 'com/sun/javafx/text/PrismTextLayout')}
  0x00000195a1afbb0c: c648 ba00 | 0040 c095 | 0100 008b | ba94 0000 | 0083 c702 | 89ba 9400 | 0000 81e7 | fe3f 0000 
  0x00000195a1afbb2c: 85ff 0f84 | 0d0b 0000 

  0x00000195a1afbb34: ; ImmutableOopMap {rax=Oop [128]=Oop [192]=Oop [208]=Oop [224]=Oop }
                      ;*goto {reexecute=1 rethrow=0 return_oop=0}
                      ; - (reexecute) com.sun.javafx.text.PrismTextLayout::shape@455 (line 899)
  0x00000195a1afbb34: 4d8b 5730 

  0x00000195a1afbb38: ;   {poll}
  0x00000195a1afbb38: 4185 0248 | ba00 0040 | c095 0100 | 00ff 8208 | 0900 00c5 | f828 c8c5 | fa11 8c24 | 0001 0000 
  0x00000195a1afbb58: 488b 8424 | d000 0000 | c5fa 1084 | 24fc 0000 | 008b bc24 | c800 0000 | 488b 9c24 | c000 0000 
  0x00000195a1afbb78: ;   {metadata(method data for {method} {0x00000195bec63488} 'shape' '(Lcom/sun/javafx/text/TextRun;[CLcom/sun/javafx/text/GlyphLayout;)V' in 'com/sun/javafx/text/PrismTextLayout')}
  0x00000195a1afbb78: 3bf7 49b8 | 0000 40c0 | 9501 0000 | bab8 0800 | 007d 05ba | c808 0000 | 4d8b 0c10 | 4d8d 4901 
  0x00000195a1afbb98: 4d89 0c10 | 0f8d ac05 | 0000 e961 | feff ff0f | be73 1c85 

  0x00000195a1afbbac: ;   {metadata(method data for {method} {0x00000195bec63488} 'shape' '(Lcom/sun/javafx/text/TextRun;[CLcom/sun/javafx/text/GlyphLayout;)V' in 'com/sun/javafx/text/PrismTextLayout')}
  0x00000195a1afbbac: f648 be00 | 0040 c095 | 0100 00bf | 7809 0000 | 7405 bf68 | 0900 0048 | 8b1c 3e48 | 8d5b 0148 
  0x00000195a1afbbcc: 891c 3e0f | 8415 0000 | 0044 8b84 | 24c8 0000 | 0048 8bbc | 2480 0000 | 00e9 7b04 | 0000 488b 
  0x00000195a1afbbec: bc24 b000 

  0x00000195a1afbbf0: ;   {metadata(method data for {method} {0x00000195bec63488} 'shape' '(Lcom/sun/javafx/text/TextRun;[CLcom/sun/javafx/text/GlyphLayout;)V' in 'com/sun/javafx/text/PrismTextLayout')}
  0x00000195a1afbbf0: 0000 48bb | 0000 40c0 | 9501 0000 | 8b7f 0841 | ba00 0000 | 0a49 03fa | 483b bb90 | 0900 0075 
  0x00000195a1afbc10: 0d48 8383 | 9809 0000 | 01e9 6000 | 0000 483b | bba0 0900 | 0075 0d48 | 8383 a809 | 0000 01e9 
  0x00000195a1afbc30: 4a00 0000 | 4883 bb90 | 0900 0000 | 7517 4889 | bb90 0900 | 0048 c783 | 9809 0000 | 0100 0000 
  0x00000195a1afbc50: e929 0000 | 0048 83bb | a009 0000 | 0075 1748 | 89bb a009 | 0000 48c7 | 83a8 0900 | 0001 0000 
  0x00000195a1afbc70: 00e9 0800 | 0000 4883 | 8388 0900 | 0001 488b | 9424 b000 | 0000 0f1f | 8000 0000 | 0048 b8f0 
  0x00000195a1afbc90: 3cbe d695 

  0x00000195a1afbc94: ;   {virtual_call}
  0x00000195a1afbc94: 0100 00e8 

  0x00000195a1afbc98: ; ImmutableOopMap {[120]=Oop [128]=Oop [136]=Oop [192]=Oop }
                      ;*invokeinterface getSize {reexecute=0 rethrow=0 return_oop=0}
                      ; - com.sun.javafx.text.PrismTextLayout::shape@493 (line 912)
  0x00000195a1afbc98: f65f 2f07 

  0x00000195a1afbc9c: ;   {post_call_nop}
  0x00000195a1afbc9c: 0f1f 8400 | 141c 000e | c5fa 1184 | 2404 0100 | 0048 8b84 | 24c0 0000 | 0048 3b00 

  0x00000195a1afbcb8: ;   {metadata(method data for {method} {0x00000195bec63488} 'shape' '(Lcom/sun/javafx/text/TextRun;[CLcom/sun/javafx/text/GlyphLayout;)V' in 'com/sun/javafx/text/PrismTextLayout')}
  0x00000195a1afbcb8: 488b d048 | be00 0040 | c095 0100 | 008b 5208 | 41ba 0000 | 000a 4903 | d248 3b96 | c009 0000 
  0x00000195a1afbcd8: 750d 4883 | 86c8 0900 | 0001 e960 | 0000 0048 | 3b96 d009 | 0000 750d | 4883 86d8 | 0900 0001 
  0x00000195a1afbcf8: e94a 0000 | 0048 83be | c009 0000 | 0075 1748 | 8996 c009 | 0000 48c7 | 86c8 0900 | 0001 0000 
  0x00000195a1afbd18: 00e9 2900 | 0000 4883 | bed0 0900 | 0000 7517 | 4889 96d0 | 0900 0048 | c786 d809 | 0000 0100 
  0x00000195a1afbd38: 0000 e908 | 0000 0048 | 8386 b809 | 0000 0148 | 8bd0 6666 | 9048 b818 | 3dbe d695 

  0x00000195a1afbd54: ;   {virtual_call}
  0x00000195a1afbd54: 0100 00e8 

  0x00000195a1afbd58: ; ImmutableOopMap {[120]=Oop [128]=Oop [136]=Oop [192]=Oop }
                      ;*invokeinterface getGlyphMapper {reexecute=0 rethrow=0 return_oop=0}
                      ; - com.sun.javafx.text.PrismTextLayout::shape@502 (line 913)
  0x00000195a1afbd58: 36d1 e8ff 

  0x00000195a1afbd5c: ;   {post_call_nop}
  0x00000195a1afbd5c: 0f1f 8400 | d41c 000f | 488b 5424 | 7844 8b42 | 4c49 c1e0 | 0341 8b70 | 2048 c1e6 | 0348 3b00 
  0x00000195a1afbd7c: ;   {metadata(method data for {method} {0x00000195bec63488} 'shape' '(Lcom/sun/javafx/text/TextRun;[CLcom/sun/javafx/text/GlyphLayout;)V' in 'com/sun/javafx/text/PrismTextLayout')}
  0x00000195a1afbd7c: 4c8b c049 | b900 0040 | c095 0100 | 0045 8b40 | 0841 ba00 | 0000 0a4d | 03c2 4d3b | 81f0 0900 
  0x00000195a1afbd9c: 0075 0d49 | 8381 f809 | 0000 01e9 | 6000 0000 | 4d3b 8100 | 0a00 0075 | 0d49 8381 | 080a 0000 
  0x00000195a1afbdbc: 01e9 4a00 | 0000 4983 | b9f0 0900 | 0000 7517 | 4d89 81f0 | 0900 0049 | c781 f809 | 0000 0100 
  0x00000195a1afbddc: 0000 e929 | 0000 0049 | 83b9 000a | 0000 0075 | 174d 8981 | 000a 0000 | 49c7 8108 | 0a00 0001 
  0x00000195a1afbdfc: 0000 00e9 | 0800 0000 | 4983 81e8 | 0900 0001 | 448b 8424 | cc00 0000 | 448b 8c24 | c800 0000 
  0x00000195a1afbe1c: 488b bc24 | 8800 0000 | 8b8c 24cc | 0000 0048 

  0x00000195a1afbe2c: ;   {optimized virtual_call}
  0x00000195a1afbe2c: 8bd0 90e8 

  0x00000195a1afbe30: ; ImmutableOopMap {[120]=Oop [128]=Oop [192]=Oop }
                      ;*invokevirtual charsToGlyphs {reexecute=0 rethrow=0 return_oop=0}
                      ; - com.sun.javafx.text.PrismTextLayout::shape@525 (line 914)
  0x00000195a1afbe30: d90b 0000 

  0x00000195a1afbe34: ;   {post_call_nop}
  0x00000195a1afbe34: 0f1f 8400 | ac1d 0010 | 8bb4 24cc | 0000 0003 | b424 c800 | 0000 89b4 | 24e8 0000 | 008b bc24 
  0x00000195a1afbe54: cc00 0000 

  0x00000195a1afbe58: ;   {section_word}
  0x00000195a1afbe58: c5fa 100d | 54e3 ffff | c5fa 118c | 2408 0100 | 00c5 fa10 | 8424 0401 | 0000 488b | 8424 c000 
  0x00000195a1afbe78: 0000 488b | 5424 78e9 | 8401 0000 | 0f1f 4000 | 448b 424c | 49c1 e003 

  0x00000195a1afbe90: ; implicit exception: dispatches to 0x00000195a1afc676
  0x00000195a1afbe90: 458b 4020 | 49c1 e003 

  0x00000195a1afbe98: ; implicit exception: dispatches to 0x00000195a1afc67b
  0x00000195a1afbe98: 413b 780c | 0f83 e307 | 0000 4863 | df45 8b44 | 9810 488b 

  0x00000195a1afbeac: ;   {metadata(method data for {method} {0x00000195bec63488} 'shape' '(Lcom/sun/javafx/text/TextRun;[CLcom/sun/javafx/text/GlyphLayout;)V' in 'com/sun/javafx/text/PrismTextLayout')}
  0x00000195a1afbeac: d848 b900 | 0040 c095 | 0100 008b | 5b08 41ba | 0000 000a | 4903 da48 | 3b99 400a | 0000 750d 
  0x00000195a1afbecc: 4883 8148 | 0a00 0001 | e960 0000 | 0048 3b99 | 500a 0000 | 750d 4883 | 8158 0a00 | 0001 e94a 
  0x00000195a1afbeec: 0000 0048 | 83b9 400a | 0000 0075 | 1748 8999 | 400a 0000 | 48c7 8148 | 0a00 0001 | 0000 00e9 
  0x00000195a1afbf0c: 2900 0000 | 4883 b950 | 0a00 0000 | 7517 4889 | 9950 0a00 | 0048 c781 | 580a 0000 | 0100 0000 
  0x00000195a1afbf2c: e908 0000 | 0048 8381 | 380a 0000 | 01c5 f828 | d0c5 f828 | c248 8bd0 | 89bc 24dc | 0000 0066 
  0x00000195a1afbf4c: 9048 b840 | 3dbe d695 

  0x00000195a1afbf54: ;   {virtual_call}
  0x00000195a1afbf54: 0100 00e8 

  0x00000195a1afbf58: ; ImmutableOopMap {[120]=Oop [128]=Oop [192]=Oop }
                      ;*invokeinterface getAdvance {reexecute=0 rethrow=0 return_oop=0}
                      ; - com.sun.javafx.text.PrismTextLayout::shape@563 (line 918)
  0x00000195a1afbf58: b632 e9ff 

  0x00000195a1afbf5c: ;   {post_call_nop}
  0x00000195a1afbf5c: 0f1f 8400 | d41e 0011 | 488b 5424 | 7844 8b42 | 4c49 c1e0 | 0345 8b40 | 2449 c1e0 | 038b bc24 
  0x00000195a1afbf7c: dc00 0000 

  0x00000195a1afbf80: ; implicit exception: dispatches to 0x00000195a1afc698
  0x00000195a1afbf80: 413b 780c | 0f83 1807 | 0000 4c63 | cfc4 817a | 1144 8810 | c5fa 5884 | 2408 0100 

  0x00000195a1afbf9c: ;   {metadata(method data for {method} {0x00000195bec63488} 'shape' '(Lcom/sun/javafx/text/TextRun;[CLcom/sun/javafx/text/GlyphLayout;)V' in 'com/sun/javafx/text/PrismTextLayout')}
  0x00000195a1afbf9c: 00ff c749 | b800 0040 | c095 0100 | 0045 8b88 | 9400 0000 | 4183 c102 | 4589 8894 | 0000 0041 
  0x00000195a1afbfbc: 81e1 fe3f | 0000 4585 | c90f 84e5 | 0600 004d 

  0x00000195a1afbfcc: ; ImmutableOopMap {rdx=Oop [120]=Oop [128]=Oop [192]=Oop }
                      ;*goto {reexecute=1 rethrow=0 return_oop=0}
                      ; - (reexecute) com.sun.javafx.text.PrismTextLayout::shape@592 (line 917)
                      ;   {poll}
  0x00000195a1afbfcc: 8b57 3041 

  0x00000195a1afbfd0: ;   {metadata(method data for {method} {0x00000195bec63488} 'shape' '(Lcom/sun/javafx/text/TextRun;[CLcom/sun/javafx/text/GlyphLayout;)V' in 'com/sun/javafx/text/PrismTextLayout')}
  0x00000195a1afbfd0: 8502 49b8 | 0000 40c0 | 9501 0000 | 41ff 8068 | 0a00 00c5 | f828 c8c5 | fa11 8c24 | 0801 0000 
  0x00000195a1afbff0: 8bb4 24e8 | 0000 00c5 | fa10 8424 | 0401 0000 | 488b 8424 | c000 0000 

  0x00000195a1afc008: ;   {metadata(method data for {method} {0x00000195bec63488} 'shape' '(Lcom/sun/javafx/text/TextRun;[CLcom/sun/javafx/text/GlyphLayout;)V' in 'com/sun/javafx/text/PrismTextLayout')}
  0x00000195a1afc008: 3bfe 49b8 | 0000 40c0 | 9501 0000 | bb28 0a00 | 007c 05bb | 180a 0000 | 498b 0c18 | 488d 4901 
  0x00000195a1afc028: 4989 0c18 | 0f8c 56fe | ffff c5fa | 108c 2408 | 0100 0048 | 8bbc 2480 | 0000 004c 

  0x00000195a1afc044: ;   {metadata(method data for {method} {0x00000195bec63488} 'shape' '(Lcom/sun/javafx/text/TextRun;[CLcom/sun/javafx/text/GlyphLayout;)V' in 'com/sun/javafx/text/PrismTextLayout')}
  0x00000195a1afc044: 8bc7 49b9 | 0000 40c0 | 9501 0000 | 4983 8190 | 0a00 0001 | c5fa 114f | 1844 8b84 | 24c8 0000 
  0x00000195a1afc064: 0044 8b4a | 4c49 c1e1 | 0341 8b71 | 2048 c1e6 | 0345 8b49 | 2449 c1e1 | 0348 8bd7 

  0x00000195a1afc080: ;   {metadata(method data for {method} {0x00000195bec63488} 'shape' '(Lcom/sun/javafx/text/TextRun;[CLcom/sun/javafx/text/GlyphLayout;)V' in 'com/sun/javafx/text/PrismTextLayout')}
  0x00000195a1afc080: 48bb 0000 | 40c0 9501 | 0000 4883 | 83c0 0a00 

  0x00000195a1afc090: ;   {metadata(method data for {method} {0x00000195bf04ff08} 'shape' '(I[I[F)V' in 'com/sun/javafx/text/TextRun')}
  0x00000195a1afc090: 0001 48ba | d813 7bc0 | 9501 0000 | 8b9a 9000 | 0000 83c3 | 0289 9a90 | 0000 0081 | e3fe ff1f 
  0x00000195a1afc0b0: 0085 db0f | 841d 0600 | 0044 8947 | 0c45 0fbe | 4748 4585 | c00f 852c | 0600 004c | 8bd6 49c1 
  0x00000195a1afc0d0: ea03 4489 | 5740 4c8b | c74c 33c6 | 49c1 e816 | 4983 f800 | 0f85 2d06 | 0000 450f | be47 4845 
  0x00000195a1afc0f0: 85c0 0f85 | 3706 0000 | 4d8b d149 | c1ea 0344 | 8957 444c | 8bc7 4d33 | c149 c1e8 | 1649 83f8 
  0x00000195a1afc110: 000f 8538 | 0600 0045 | 0fbe 4748 | 4585 c00f | 8542 0600 | 00c7 4748 | 0000 0000 | 448b 472c 
  0x00000195a1afc130: 4181 c800 | 1000 0044 | 8947 2c48 | 81c4 2001 

  0x00000195a1afc140: ;   {poll_return}
  0x00000195a1afc140: 0000 5d49 | 3b67 280f | 873a 0600 | 00c3 c5fa | 108c 2400 | 0100 004c | 8bc8 4c8b | c748 8bbc 
  0x00000195a1afc160: 2480 0000 | 0048 8b84 | 24e0 0000 | 0049 8bf0 | d1e6 3b70 | 0c0f 8322 | 0600 0048 | 63f6 c5fa 
  0x00000195a1afc180: 114c b010 

  0x00000195a1afc184: ;   {metadata(method data for {method} {0x00000195bec63488} 'shape' '(Lcom/sun/javafx/text/TextRun;[CLcom/sun/javafx/text/GlyphLayout;)V' in 'com/sun/javafx/text/PrismTextLayout')}
  0x00000195a1afc184: 488b f748 | ba00 0040 | c095 0100 

  0x00000195a1afc190: ;   {metadata('com/sun/javafx/text/TextRun')}
  0x00000195a1afc190: 0049 bac0 | 6630 0b00 | 0000 004c | 8992 2809 | 0000 4883 | 8230 0900 

  0x00000195a1afc1a8: ;   {metadata(method data for {method} {0x00000195bf04fe48} 'shape' '(I[I[F[I)V' in 'com/sun/javafx/text/TextRun')}
  0x00000195a1afc1a8: 0001 48be | 2010 7bc0 | 9501 0000 | 8b96 9000 | 0000 83c2 | 0289 9690 | 0000 0081 | e2fe ff1f 
  0x00000195a1afc1c8: 0085 d20f | 84da 0500 | 0044 8947 | 0c45 0fbe | 4748 4585 | c00f 85e9 | 0500 004d | 8bd1 49c1 
  0x00000195a1afc1e8: ea03 4489 | 5740 4c8b | c74d 33c1 | 49c1 e816 | 4983 f800 | 0f85 ea05 | 0000 450f | be47 4845 
  0x00000195a1afc208: 85c0 0f85 | f405 0000 | 4c8b d049 | c1ea 0344 | 8957 444c | 8bc7 4c33 | c049 c1e8 | 1649 83f8 
  0x00000195a1afc228: 000f 85f5 | 0500 0045 | 0fbe 4748 | 4585 c00f | 85ff 0500 | 00c7 4748 | 0000 0000 

  0x00000195a1afc244: ;   {metadata(method data for {method} {0x00000195bec63488} 'shape' '(Lcom/sun/javafx/text/TextRun;[CLcom/sun/javafx/text/GlyphLayout;)V' in 'com/sun/javafx/text/PrismTextLayout')}
  0x00000195a1afc244: 49b8 0000 | 40c0 9501 | 0000 41ff | 8050 0900 | 0048 81c4 | 2001 0000 

  0x00000195a1afc25c: ;   {poll_return}
  0x00000195a1afc25c: 5d49 3b67 | 280f 87f5 | 0500 00c3 | 488b b424 | a800 0000 | 488b 8424 | b000 0000 | 488b 9424 
  0x00000195a1afc27c: 9000 0000 | 488b 9c24 | 8800 0000 | 498b f848 | 3b02 4c8b 

  0x00000195a1afc290: ;   {metadata(method data for {method} {0x00000195bec63488} 'shape' '(Lcom/sun/javafx/text/TextRun;[CLcom/sun/javafx/text/GlyphLayout;)V' in 'com/sun/javafx/text/PrismTextLayout')}
  0x00000195a1afc290: c249 b900 | 0040 c095 

  0x00000195a1afc298: ;   {metadata('com/sun/javafx/font/directwrite/DWGlyphLayout')}
  0x00000195a1afc298: 0100 0049 | ba10 cb0f | 0b00 0000 | 004d 8991 | 3807 0000 | 4983 8140 | 0700 0001 | 4c8b c74c 
  0x00000195a1afc2b8: 8bce 488b | f848 8bf3 | 0f1f 8000 

  0x00000195a1afc2c4: ;   {optimized virtual_call}
  0x00000195a1afc2c4: 0000 00e8 

  0x00000195a1afc2c8: ; ImmutableOopMap {}
                      ;*invokevirtual layout {reexecute=0 rethrow=0 return_oop=0}
                      ; - com.sun.javafx.text.PrismTextLayout::shape@327 (line 883)
  0x00000195a1afc2c8: 6107 0000 

  0x00000195a1afc2cc: ;   {post_call_nop}
  0x00000195a1afc2cc: 0f1f 8400 | 4422 0013 

  0x00000195a1afc2d4: ;   {metadata(method data for {method} {0x00000195bec63488} 'shape' '(Lcom/sun/javafx/text/TextRun;[CLcom/sun/javafx/text/GlyphLayout;)V' in 'com/sun/javafx/text/PrismTextLayout')}
  0x00000195a1afc2d4: 48b9 0000 | 40c0 9501 | 0000 ff81 | 6007 0000 | 4881 c420 | 0100 005d 

  0x00000195a1afc2ec: ;   {poll_return}
  0x00000195a1afc2ec: 493b 6728 | 0f87 8105 | 0000 c348 | 81c4 2001 

  0x00000195a1afc2fc: ;   {poll_return}
  0x00000195a1afc2fc: 0000 5d49 | 3b67 280f | 8784 0500 | 00c3 4881 | c420 0100 

  0x00000195a1afc310: ;   {poll_return}
  0x00000195a1afc310: 005d 493b | 6728 0f87 | 8705 0000 | c348 81c4 | 2001 0000 

  0x00000195a1afc324: ;   {poll_return}
  0x00000195a1afc324: 5d49 3b67 | 280f 878a | 0500 00c3 | 498b c8d3 | fe48 8b84 | 2498 0000 | 004c 8bc7 

  0x00000195a1afc340: ;   {metadata(method data for {method} {0x00000195bec63488} 'shape' '(Lcom/sun/javafx/text/TextRun;[CLcom/sun/javafx/text/GlyphLayout;)V' in 'com/sun/javafx/text/PrismTextLayout')}
  0x00000195a1afc340: 49b9 0000 | 40c0 9501 

  0x00000195a1afc348: ;   {metadata('com/sun/javafx/text/TextRun')}
  0x00000195a1afc348: 0000 49ba | c066 300b | 0000 0000 | 4d89 9160 | 0200 0049 | 8381 6802 | 0000 014c | 8bc0 4c8b 
  0x00000195a1afc368: ce48 8bd7 

  0x00000195a1afc36c: ;   {optimized virtual_call}
  0x00000195a1afc36c: 6666 90e8 

  0x00000195a1afc370: ; ImmutableOopMap {}
                      ;*invokevirtual setEmbedded {reexecute=0 rethrow=0 return_oop=0}
                      ; - com.sun.javafx.text.PrismTextLayout::shape@61 (line 835)
  0x00000195a1afc370: 6c2e a906 

  0x00000195a1afc374: ;   {post_call_nop}
  0x00000195a1afc374: 0f1f 8400 | ec22 0014 | 4881 c420 | 0100 005d 

  0x00000195a1afc384: ;   {poll_return}
  0x00000195a1afc384: 493b 6728 | 0f87 4105 | 0000 c348 | 81c4 2001 

  0x00000195a1afc394: ;   {poll_return}
  0x00000195a1afc394: 0000 5d49 | 3b67 280f | 8744 0500 

  0x00000195a1afc3a0: ;   {metadata({method} {0x00000195bec63488} 'shape' '(Lcom/sun/javafx/text/TextRun;[CLcom/sun/javafx/text/GlyphLayout;)V' in 'com/sun/javafx/text/PrismTextLayout')}
  0x00000195a1afc3a0: 00c3 49ba | 8034 c6be | 9501 0000 | 4c89 5424 | 0848 c704 | 24ff ffff 

  0x00000195a1afc3b8: ;   {runtime_call C1 Runtime counter_overflow_blob}
  0x00000195a1afc3b8: ffe8 221a 

  0x00000195a1afc3bc: ; ImmutableOopMap {rdx=Oop r8=Oop r9=Oop rdi=Oop [120]=Oop [128]=Oop }
                      ;*synchronization entry
                      ; - com.sun.javafx.text.PrismTextLayout::shape@-1 (line 829)
  0x00000195a1afc3bc: b706 e970 

  0x00000195a1afc3c0: ;   {runtime_call C1 Runtime throw_null_pointer_exception_blob}
  0x00000195a1afc3c0: deff ffe8 

  0x00000195a1afc3c4: ; ImmutableOopMap {rdx=Oop r8=Oop r9=Oop rdi=Oop [120]=Oop [128]=Oop }
                      ;*arraylength {reexecute=0 rethrow=0 return_oop=0}
                      ; - com.sun.javafx.text.PrismTextLayout::shape@11 (line 830)
  0x00000195a1afc3c4: 18b4 b606 

  0x00000195a1afc3c8: ;   {runtime_call C1 Runtime throw_null_pointer_exception_blob}
  0x00000195a1afc3c8: e813 b4b6 

  0x00000195a1afc3cc: ; ImmutableOopMap {r8=Oop [120]=Oop [128]=Oop [136]=Oop [144]=Oop }
                      ;*invokevirtual getTextSpan {reexecute=0 rethrow=0 return_oop=0}
                      ; - com.sun.javafx.text.PrismTextLayout::shape@17 (line 831)
                      ;   {runtime_call C1 Runtime throw_null_pointer_exception_blob}
  0x00000195a1afc3cc: 06e8 0eb4 

  0x00000195a1afc3d0: ; ImmutableOopMap {r8=Oop rsi=Oop [112]=Oop [120]=Oop [128]=Oop [136]=Oop [144]=Oop }
                      ;*invokeinterface getFont {reexecute=0 rethrow=0 return_oop=0}
                      ; - com.sun.javafx.text.PrismTextLayout::shape@24 (line 832)
  0x00000195a1afc3d0: b606 4889 

  0x00000195a1afc3d4: ;   {runtime_call C1 Runtime throw_class_cast_exception_blob}
  0x00000195a1afc3d4: 0424 e885 

  0x00000195a1afc3d8: ; ImmutableOopMap {[112]=Oop [120]=Oop [128]=Oop [136]=Oop [144]=Oop }
                      ;*checkcast {reexecute=0 rethrow=0 return_oop=0}
                      ; - com.sun.javafx.text.PrismTextLayout::shape@29 (line 832)
                      ;   {runtime_call C1 Runtime throw_null_pointer_exception_blob}
  0x00000195a1afc3d8: e0b6 06e8 

  0x00000195a1afc3dc: ; ImmutableOopMap {rax=Oop [128]=Oop [152]=Oop }
                      ;*invokevirtual length {reexecute=0 rethrow=0 return_oop=0}
                      ; - com.sun.javafx.text.PrismTextLayout::shape@58 (line 835)
  0x00000195a1afc3dc: 00b4 b606 

  0x00000195a1afc3e0: ;   {metadata({method} {0x000000000a187d60} 'length' '()I' in 'java/lang/String')}
  0x00000195a1afc3e0: 49ba 587d | 180a 0000 | 0000 4c89 | 5424 0848 | c704 24ff 

  0x00000195a1afc3f4: ;   {runtime_call C1 Runtime counter_overflow_blob}
  0x00000195a1afc3f4: ffff ffe8 

  0x00000195a1afc3f8: ; ImmutableOopMap {rax=Oop [128]=Oop [152]=Oop }
                      ;*synchronization entry
                      ; - java.lang.String::length@-1 (line 1583)
                      ; - com.sun.javafx.text.PrismTextLayout::shape@58 (line 835)
  0x00000195a1afc3f8: e419 b706 | e99f e2ff 

  0x00000195a1afc400: ;   {runtime_call C1 Runtime throw_null_pointer_exception_blob}
  0x00000195a1afc400: ffe8 dab3 

  0x00000195a1afc404: ; ImmutableOopMap {rax=Oop [128]=Oop [152]=Oop }
                      ;*arraylength {reexecute=0 rethrow=0 return_oop=0}
                      ; - java.lang.String::length@4 (line 1583)
                      ; - com.sun.javafx.text.PrismTextLayout::shape@58 (line 835)
                      ;   {metadata({method} {0x000000000a4adaf8} 'coder' '()B' in 'java/lang/String')}
  0x00000195a1afc404: b606 49ba | f0da 4a0a | 0000 0000 | 4c89 5424 | 0848 c704 | 24ff ffff 

  0x00000195a1afc41c: ;   {runtime_call C1 Runtime counter_overflow_blob}
  0x00000195a1afc41c: ffe8 be19 

  0x00000195a1afc420: ; ImmutableOopMap {rax=Oop [128]=Oop [152]=Oop }
                      ;*synchronization entry
                      ; - java.lang.String::coder@-1 (line 4885)
                      ; - java.lang.String::length@6 (line 1583)
                      ; - com.sun.javafx.text.PrismTextLayout::shape@58 (line 835)
  0x00000195a1afc420: b706 e93e 

  0x00000195a1afc424: ;   {runtime_call C1 Runtime throw_incompatible_class_change_error_blob}
  0x00000195a1afc424: e3ff ffe8 

  0x00000195a1afc428: ; ImmutableOopMap {rsi=Oop [120]=Oop [128]=Oop [136]=Oop [144]=Oop }
                      ;*invokeinterface getStrike {reexecute=0 rethrow=0 return_oop=0}
                      ; - com.sun.javafx.text.PrismTextLayout::shape@70 (line 838)
  0x00000195a1afc428: 34e3 b606 

  0x00000195a1afc42c: ;   {runtime_call C1 Runtime throw_null_pointer_exception_blob}
  0x00000195a1afc42c: e8af b3b6 

  0x00000195a1afc430: ; ImmutableOopMap {rsi=Oop [120]=Oop [128]=Oop [136]=Oop [144]=Oop }
                      ;*invokeinterface getStrike {reexecute=0 rethrow=0 return_oop=0}
                      ; - com.sun.javafx.text.PrismTextLayout::shape@70 (line 838)
                      ;   {metadata({method} {0x00000195be8520f8} 'getStrike' '(Lcom/sun/javafx/geom/transform/BaseTransform;)Lcom/sun/javafx/font/FontStrike;' in 'com/sun/javafx/font/PrismFont')}
  0x00000195a1afc430: 0649 baf0 | 2085 be95 | 0100 004c | 8954 2408 | 48c7 0424 | ffff ffff 

  0x00000195a1afc448: ;   {runtime_call C1 Runtime counter_overflow_blob}
  0x00000195a1afc448: e893 19b7 

  0x00000195a1afc44c: ; ImmutableOopMap {rsi=Oop [120]=Oop [128]=Oop [136]=Oop [144]=Oop }
                      ;*synchronization entry
                      ; - com.sun.javafx.font.PrismFont::getStrike@-1 (line 79)
                      ; - com.sun.javafx.text.PrismTextLayout::shape@70 (line 838)
  0x00000195a1afc44c: 06e9 c0e3 

  0x00000195a1afc450: ;   {runtime_call C1 Runtime throw_null_pointer_exception_blob}
  0x00000195a1afc450: ffff e889 

  0x00000195a1afc454: ; ImmutableOopMap {rsi=Oop rdx=Oop [120]=Oop [128]=Oop [136]=Oop [144]=Oop }
                      ;*invokeinterface getStrike {reexecute=0 rethrow=0 return_oop=0}
                      ; - com.sun.javafx.font.PrismFont::getStrike@9 (line 79)
                      ; - com.sun.javafx.text.PrismTextLayout::shape@70 (line 838)
                      ;   {runtime_call C1 Runtime throw_null_pointer_exception_blob}
  0x00000195a1afc454: b3b6 06e8 

  0x00000195a1afc458: ; ImmutableOopMap {rdx=Oop rsi=Oop rax=Oop r8=Oop [120]=Oop [128]=Oop [136]=Oop [144]=Oop }
                      ;*invokevirtual getAscent {reexecute=0 rethrow=0 return_oop=0}
                      ; - com.sun.javafx.text.PrismTextLayout::shape@93 (line 845)
  0x00000195a1afc458: 84b3 b606 

  0x00000195a1afc45c: ;   {runtime_call C1 Runtime throw_null_pointer_exception_blob}
  0x00000195a1afc45c: e87f b3b6 

  0x00000195a1afc460: ; ImmutableOopMap {rax=Oop [120]=Oop [128]=Oop [136]=Oop [144]=Oop [168]=Oop }
                      ;*invokeinterface getMetrics {reexecute=0 rethrow=0 return_oop=0}
                      ; - com.sun.javafx.text.PrismTextLayout::shape@103 (line 846)
                      ;   {runtime_call C1 Runtime throw_incompatible_class_change_error_blob}
  0x00000195a1afc460: 06e8 fae2 

  0x00000195a1afc464: ; ImmutableOopMap {rax=Oop rsi=Oop [120]=Oop [128]=Oop [136]=Oop [144]=Oop [176]=Oop [184]=Oop }
                      ;*invokeinterface getAscent {reexecute=0 rethrow=0 return_oop=0}
                      ; - com.sun.javafx.text.PrismTextLayout::shape@126 (line 853)
                      ;   {runtime_call C1 Runtime throw_null_pointer_exception_blob}
  0x00000195a1afc464: b606 e875 

  0x00000195a1afc468: ; ImmutableOopMap {rax=Oop rsi=Oop [120]=Oop [128]=Oop [136]=Oop [144]=Oop [176]=Oop [184]=Oop }
                      ;*invokeinterface getAscent {reexecute=0 rethrow=0 return_oop=0}
                      ; - com.sun.javafx.text.PrismTextLayout::shape@126 (line 853)
                      ;   {runtime_call C1 Runtime throw_incompatible_class_change_error_blob}
  0x00000195a1afc468: b3b6 06e8 

  0x00000195a1afc46c: ; ImmutableOopMap {rax=Oop rsi=Oop [120]=Oop [128]=Oop [136]=Oop [144]=Oop [176]=Oop [184]=Oop }
                      ;*invokeinterface getFamilyName {reexecute=0 rethrow=0 return_oop=0}
                      ; - com.sun.javafx.text.PrismTextLayout::shape@135 (line 859)
  0x00000195a1afc46c: f0e2 b606 

  0x00000195a1afc470: ;   {runtime_call C1 Runtime throw_null_pointer_exception_blob}
  0x00000195a1afc470: e86b b3b6 

  0x00000195a1afc474: ; ImmutableOopMap {rax=Oop rsi=Oop [120]=Oop [128]=Oop [136]=Oop [144]=Oop [176]=Oop [184]=Oop }
                      ;*invokeinterface getFamilyName {reexecute=0 rethrow=0 return_oop=0}
                      ; - com.sun.javafx.text.PrismTextLayout::shape@135 (line 859)
                      ;   {metadata({method} {0x00000195be851dd0} 'getFamilyName' '()Ljava/lang/String;' in 'com/sun/javafx/font/PrismFont')}
  0x00000195a1afc474: 0649 bac8 | 1d85 be95 | 0100 004c | 8954 2408 | 48c7 0424 | ffff ffff 

  0x00000195a1afc48c: ;   {runtime_call C1 Runtime counter_overflow_blob}
  0x00000195a1afc48c: e84f 19b7 

  0x00000195a1afc490: ; ImmutableOopMap {rax=Oop rsi=Oop [120]=Oop [128]=Oop [136]=Oop [144]=Oop [176]=Oop [184]=Oop }
                      ;*synchronization entry
                      ; - com.sun.javafx.font.PrismFont::getFamilyName@-1 (line 51)
                      ; - com.sun.javafx.text.PrismTextLayout::shape@135 (line 859)
  0x00000195a1afc490: 06e9 e0e6 

  0x00000195a1afc494: ;   {runtime_call C1 Runtime throw_null_pointer_exception_blob}
  0x00000195a1afc494: ffff e845 

  0x00000195a1afc498: ; ImmutableOopMap {rax=Oop rsi=Oop rdi=Oop [120]=Oop [128]=Oop [136]=Oop [144]=Oop [176]=Oop [184]=Oop }
                      ;*invokeinterface getFamilyName {reexecute=0 rethrow=0 return_oop=0}
                      ; - com.sun.javafx.font.PrismFont::getFamilyName@4 (line 51)
                      ; - com.sun.javafx.text.PrismTextLayout::shape@135 (line 859)
                      ;   {runtime_call C1 Runtime throw_null_pointer_exception_blob}
  0x00000195a1afc498: b3b6 06e8 

  0x00000195a1afc49c: ; ImmutableOopMap {rax=Oop [120]=Oop [128]=Oop [136]=Oop [144]=Oop [168]=Oop [176]=Oop [184]=Oop }
                      ;*invokevirtual equals {reexecute=0 rethrow=0 return_oop=0}
                      ; - com.sun.javafx.text.PrismTextLayout::shape@143 (line 859)
  0x00000195a1afc49c: 40b3 b606 

  0x00000195a1afc4a0: ;   {runtime_call C1 Runtime throw_incompatible_class_change_error_blob}
  0x00000195a1afc4a0: e8bb e2b6 

  0x00000195a1afc4a4: ; ImmutableOopMap {rax=Oop [120]=Oop [128]=Oop [136]=Oop [144]=Oop [168]=Oop [176]=Oop [184]=Oop }
                      ;*invokeinterface getDescent {reexecute=0 rethrow=0 return_oop=0}
                      ; - com.sun.javafx.text.PrismTextLayout::shape@172 (line 863)
                      ;   {runtime_call C1 Runtime throw_incompatible_class_change_error_blob}
  0x00000195a1afc4a4: 06e8 b6e2 

  0x00000195a1afc4a8: ; ImmutableOopMap {rax=Oop [120]=Oop [128]=Oop [136]=Oop [144]=Oop [168]=Oop [176]=Oop [184]=Oop }
                      ;*invokeinterface getLineGap {reexecute=0 rethrow=0 return_oop=0}
                      ; - com.sun.javafx.text.PrismTextLayout::shape@188 (line 864)
                      ;   {runtime_call C1 Runtime throw_incompatible_class_change_error_blob}
  0x00000195a1afc4a8: b606 e8b1 

  0x00000195a1afc4ac: ; ImmutableOopMap {rax=Oop [120]=Oop [128]=Oop [136]=Oop [144]=Oop [168]=Oop [176]=Oop [184]=Oop }
                      ;*invokeinterface getCapHeight {reexecute=0 rethrow=0 return_oop=0}
                      ; - com.sun.javafx.text.PrismTextLayout::shape@204 (line 865)
                      ;   {metadata({method} {0x00000195bf054628} 'getCapHeight' '()F' in 'com/sun/javafx/font/PrismMetrics')}
  0x00000195a1afc4ac: e2b6 0649 | ba20 4605 | bf95 0100 | 004c 8954 | 2408 48c7 | 0424 ffff 

  0x00000195a1afc4c4: ;   {runtime_call C1 Runtime counter_overflow_blob}
  0x00000195a1afc4c4: ffff e815 

  0x00000195a1afc4c8: ; ImmutableOopMap {rax=Oop [120]=Oop [128]=Oop [136]=Oop [144]=Oop [168]=Oop [176]=Oop [184]=Oop }
                      ;*synchronization entry
                      ; - com.sun.javafx.font.PrismMetrics::getCapHeight@-1 (line 102)
                      ; - com.sun.javafx.text.PrismTextLayout::shape@204 (line 865)
  0x00000195a1afc4c8: 19b7 06e9 | ebe9 ffff 

  0x00000195a1afc4d0: ;   {metadata({method} {0x00000195bf054388} 'checkStyleMetrics' '()V' in 'com/sun/javafx/font/PrismMetrics')}
  0x00000195a1afc4d0: 49ba 8043 | 05bf 9501 | 0000 4c89 | 5424 0848 | c704 24ff 

  0x00000195a1afc4e4: ;   {runtime_call C1 Runtime counter_overflow_blob}
  0x00000195a1afc4e4: ffff ffe8 

  0x00000195a1afc4e8: ; ImmutableOopMap {rax=Oop [120]=Oop [128]=Oop [136]=Oop [144]=Oop [168]=Oop [176]=Oop [184]=Oop }
                      ;*synchronization entry
                      ; - com.sun.javafx.font.PrismMetrics::checkStyleMetrics@-1 (line 77)
                      ; - com.sun.javafx.font.PrismMetrics::getCapHeight@1 (line 102)
                      ; - com.sun.javafx.text.PrismTextLayout::shape@204 (line 865)
  0x00000195a1afc4e8: f418 b706 | e906 eaff 

  0x00000195a1afc4f0: ;   {runtime_call C1 Runtime throw_null_pointer_exception_blob}
  0x00000195a1afc4f0: ffe8 eab2 

  0x00000195a1afc4f4: ; ImmutableOopMap {rax=Oop rdx=Oop [120]=Oop [128]=Oop [136]=Oop [144]=Oop [168]=Oop [176]=Oop [184]=Oop }
                      ;*invokevirtual getStyleMetrics {reexecute=0 rethrow=0 return_oop=0}
                      ; - com.sun.javafx.font.PrismMetrics::checkStyleMetrics@16 (line 78)
                      ; - com.sun.javafx.font.PrismMetrics::getCapHeight@1 (line 102)
                      ; - com.sun.javafx.text.PrismTextLayout::shape@204 (line 865)
  0x00000195a1afc4f4: b606 8b72 | 2048 c1e6 | 0348 83fe | 000f 840a | ebff ff48 

  0x00000195a1afc508: ;   {runtime_call g1_pre_barrier_slow}
  0x00000195a1afc508: 8934 24e8 | d01f b706 | e9fc eaff | ff48 83f8 | 000f 8411 | ebff ff48 

  0x00000195a1afc520: ;   {runtime_call g1_post_barrier_slow}
  0x00000195a1afc520: 8914 24e8 | b822 b706 | e903 ebff 

  0x00000195a1afc52c: ;   {runtime_call C1 Runtime throw_null_pointer_exception_blob}
  0x00000195a1afc52c: ffe8 aeb2 

  0x00000195a1afc530: ; ImmutableOopMap {rdx=Oop [120]=Oop [128]=Oop [136]=Oop [144]=Oop [168]=Oop [176]=Oop }
                      ;*faload {reexecute=0 rethrow=0 return_oop=0}
                      ; - com.sun.javafx.font.PrismMetrics::getCapHeight@9 (line 103)
                      ; - com.sun.javafx.text.PrismTextLayout::shape@204 (line 865)
                      ;   {runtime_call C1 Runtime throw_null_pointer_exception_blob}
  0x00000195a1afc530: b606 e8a9 

  0x00000195a1afc534: ; ImmutableOopMap {rdx=Oop [120]=Oop [128]=Oop [136]=Oop [144]=Oop [168]=Oop [176]=Oop }
                      ;*faload {reexecute=0 rethrow=0 return_oop=0}
                      ; - com.sun.javafx.font.PrismMetrics::getCapHeight@9 (line 103)
                      ; - com.sun.javafx.text.PrismTextLayout::shape@204 (line 865)
  0x00000195a1afc534: b2b6 0648 | c704 2401 | 0000 0048 | 8954 2408 

  0x00000195a1afc544: ;   {runtime_call C1 Runtime throw_range_check_failed_blob}
  0x00000195a1afc544: e897 a9b6 

  0x00000195a1afc548: ; ImmutableOopMap {rdx=Oop [120]=Oop [128]=Oop [136]=Oop [144]=Oop [168]=Oop [176]=Oop }
                      ;*faload {reexecute=0 rethrow=0 return_oop=0}
                      ; - com.sun.javafx.font.PrismMetrics::getCapHeight@9 (line 103)
                      ; - com.sun.javafx.text.PrismTextLayout::shape@204 (line 865)
                      ;   {metadata({method} {0x00000195bf04f070} 'setMetrics' '(FFF)V' in 'com/sun/javafx/text/TextRun')}
  0x00000195a1afc548: 0649 ba68 | f004 bf95 | 0100 004c | 8954 2408 | 48c7 0424 | ffff ffff 

  0x00000195a1afc560: ;   {runtime_call C1 Runtime counter_overflow_blob}
  0x00000195a1afc560: e87b 18b7 

  0x00000195a1afc564: ; ImmutableOopMap {r8=Oop [120]=Oop [128]=Oop [136]=Oop [144]=Oop [168]=Oop [176]=Oop }
                      ;*synchronization entry
                      ; - com.sun.javafx.text.TextRun::setMetrics@-1 (line 205)
                      ; - com.sun.javafx.text.PrismTextLayout::shape@258 (line 872)
  0x00000195a1afc564: 06e9 01ec 

  0x00000195a1afc568: ;   {runtime_call C1 Runtime throw_incompatible_class_change_error_blob}
  0x00000195a1afc568: ffff e8f1 

  0x00000195a1afc56c: ; ImmutableOopMap {r8=Oop rdx=Oop [120]=Oop [128]=Oop [136]=Oop [144]=Oop [168]=Oop [176]=Oop [184]=Oop }
                      ;*invokeinterface getAscent {reexecute=0 rethrow=0 return_oop=0}
                      ; - com.sun.javafx.text.PrismTextLayout::shape@267 (line 874)
                      ;   {runtime_call C1 Runtime throw_null_pointer_exception_blob}
  0x00000195a1afc56c: e1b6 06e8 

  0x00000195a1afc570: ; ImmutableOopMap {r8=Oop rdx=Oop [120]=Oop [128]=Oop [136]=Oop [144]=Oop [168]=Oop [176]=Oop [184]=Oop }
                      ;*invokeinterface getAscent {reexecute=0 rethrow=0 return_oop=0}
                      ; - com.sun.javafx.text.PrismTextLayout::shape@267 (line 874)
  0x00000195a1afc570: 6cb2 b606 

  0x00000195a1afc574: ;   {runtime_call C1 Runtime throw_incompatible_class_change_error_blob}
  0x00000195a1afc574: e8e7 e1b6 

  0x00000195a1afc578: ; ImmutableOopMap {r8=Oop rdx=Oop [120]=Oop [128]=Oop [136]=Oop [144]=Oop [168]=Oop [176]=Oop [184]=Oop }
                      ;*invokeinterface getDescent {reexecute=0 rethrow=0 return_oop=0}
                      ; - com.sun.javafx.text.PrismTextLayout::shape@274 (line 874)
                      ;   {runtime_call C1 Runtime throw_incompatible_class_change_error_blob}
  0x00000195a1afc578: 06e8 e2e1 

  0x00000195a1afc57c: ; ImmutableOopMap {r8=Oop rdx=Oop [120]=Oop [128]=Oop [136]=Oop [144]=Oop [168]=Oop [176]=Oop [184]=Oop }
                      ;*invokeinterface getLineGap {reexecute=0 rethrow=0 return_oop=0}
                      ; - com.sun.javafx.text.PrismTextLayout::shape@281 (line 874)
                      ;   {metadata({method} {0x00000195bf04f070} 'setMetrics' '(FFF)V' in 'com/sun/javafx/text/TextRun')}
  0x00000195a1afc57c: b606 49ba | 68f0 04bf | 9501 0000 | 4c89 5424 | 0848 c704 | 24ff ffff 

  0x00000195a1afc594: ;   {runtime_call C1 Runtime counter_overflow_blob}
  0x00000195a1afc594: ffe8 4618 

  0x00000195a1afc598: ; ImmutableOopMap {r8=Oop [120]=Oop [128]=Oop [136]=Oop [144]=Oop [168]=Oop [176]=Oop }
                      ;*synchronization entry
                      ; - com.sun.javafx.text.TextRun::setMetrics@-1 (line 205)
                      ; - com.sun.javafx.text.PrismTextLayout::shape@286 (line 874)
  0x00000195a1afc598: b706 e91e 

  0x00000195a1afc59c: ;   {metadata({method} {0x00000195bf04e618} 'isTab' '()Z' in 'com/sun/javafx/text/TextRun')}
  0x00000195a1afc59c: edff ff49 | ba10 e604 | bf95 0100 | 004c 8954 | 2408 48c7 | 0424 ffff 

  0x00000195a1afc5b4: ;   {runtime_call C1 Runtime counter_overflow_blob}
  0x00000195a1afc5b4: ffff e825 

  0x00000195a1afc5b8: ; ImmutableOopMap {r8=Oop [120]=Oop [128]=Oop [136]=Oop [144]=Oop [168]=Oop [176]=Oop }
                      ;*synchronization entry
                      ; - com.sun.javafx.text.TextRun::isTab@-1 (line 134)
                      ; - com.sun.javafx.text.PrismTextLayout::shape@290 (line 878)
  0x00000195a1afc5b8: 18b7 06e9 | 4bed ffff 

  0x00000195a1afc5c0: ;   {metadata({method} {0x00000195bf04e338} 'isLinebreak' '()Z' in 'com/sun/javafx/text/TextRun')}
  0x00000195a1afc5c0: 49ba 30e3 | 04bf 9501 | 0000 4c89 | 5424 0848 | c704 24ff 

  0x00000195a1afc5d4: ;   {runtime_call C1 Runtime counter_overflow_blob}
  0x00000195a1afc5d4: ffff ffe8 

  0x00000195a1afc5d8: ; ImmutableOopMap {r8=Oop [120]=Oop [128]=Oop [136]=Oop [144]=Oop [168]=Oop [176]=Oop }
                      ;*synchronization entry
                      ; - com.sun.javafx.text.TextRun::isLinebreak@-1 (line 118)
                      ; - com.sun.javafx.text.PrismTextLayout::shape@298 (line 879)
  0x00000195a1afc5d8: 0418 b706 | e9e6 edff 

  0x00000195a1afc5e0: ;   {metadata({method} {0x00000195bf04ea68} 'isComplex' '()Z' in 'com/sun/javafx/text/TextRun')}
  0x00000195a1afc5e0: ff49 ba60 | ea04 bf95 | 0100 004c | 8954 2408 | 48c7 0424 | ffff ffff 

  0x00000195a1afc5f8: ;   {runtime_call C1 Runtime counter_overflow_blob}
  0x00000195a1afc5f8: e8e3 17b7 

  0x00000195a1afc5fc: ; ImmutableOopMap {r8=Oop [120]=Oop [128]=Oop [136]=Oop [144]=Oop [168]=Oop [176]=Oop }
                      ;*synchronization entry
                      ; - com.sun.javafx.text.TextRun::isComplex@-1 (line 158)
                      ; - com.sun.javafx.text.PrismTextLayout::shape@314 (line 881)
  0x00000195a1afc5fc: 06e9 c0ee 

  0x00000195a1afc600: ;   {runtime_call C1 Runtime throw_null_pointer_exception_blob}
  0x00000195a1afc600: ffff e8d9 

  0x00000195a1afc604: ; ImmutableOopMap {rax=Oop [120]=Oop [128]=Oop [136]=Oop }
                      ;*invokeinterface getFontResource {reexecute=0 rethrow=0 return_oop=0}
                      ; - com.sun.javafx.text.PrismTextLayout::shape@335 (line 885)
                      ;   {runtime_call C1 Runtime throw_null_pointer_exception_blob}
  0x00000195a1afc604: b1b6 06e8 

  0x00000195a1afc608: ; ImmutableOopMap {rax=Oop [128]=Oop [136]=Oop [192]=Oop }
                      ;*invokeinterface getGlyphMapper {reexecute=0 rethrow=0 return_oop=0}
                      ; - com.sun.javafx.text.PrismTextLayout::shape@372 (line 892)
  0x00000195a1afc608: d4b1 b606 

  0x00000195a1afc60c: ;   {runtime_call C1 Runtime new_type_array_blob}
  0x00000195a1afc60c: e8cf c2b6 

  0x00000195a1afc610: ; ImmutableOopMap {r11=Oop [128]=Oop [136]=Oop [192]=Oop }
                      ;*newarray {reexecute=0 rethrow=0 return_oop=0}
                      ; - com.sun.javafx.text.PrismTextLayout::shape@381 (line 895)
  0x00000195a1afc610: 06e9 7bf2 

  0x00000195a1afc614: ;   {runtime_call C1 Runtime throw_null_pointer_exception_blob}
  0x00000195a1afc614: ffff e8c5 

  0x00000195a1afc618: ; ImmutableOopMap {r11=Oop rax=Oop [128]=Oop [136]=Oop [192]=Oop [208]=Oop }
                      ;*invokevirtual charsToGlyphs {reexecute=0 rethrow=0 return_oop=0}
                      ; - com.sun.javafx.text.PrismTextLayout::shape@394 (line 896)
                      ;   {runtime_call C1 Runtime new_type_array_blob}
  0x00000195a1afc618: b1b6 06e8 

  0x00000195a1afc61c: ; ImmutableOopMap {[128]=Oop [192]=Oop [208]=Oop }
                      ;*newarray {reexecute=0 rethrow=0 return_oop=0}
                      ; - com.sun.javafx.text.PrismTextLayout::shape@403 (line 897)
  0x00000195a1afc61c: c0c2 b606 | e9c8 f3ff | ff48 8934 | 2448 8944 

  0x00000195a1afc62c: ;   {runtime_call C1 Runtime throw_range_check_failed_blob}
  0x00000195a1afc62c: 2408 e8ad 

  0x00000195a1afc630: ; ImmutableOopMap {rax=Oop rbx=Oop [128]=Oop [192]=Oop [208]=Oop [224]=Oop }
                      ;*iaload {reexecute=0 rethrow=0 return_oop=0}
                      ; - com.sun.javafx.text.PrismTextLayout::shape@426 (line 900)
  0x00000195a1afc630: a8b6 0648 | 8934 2448 | 8944 2408 

  0x00000195a1afc63c: ;   {runtime_call C1 Runtime throw_range_check_failed_blob}
  0x00000195a1afc63c: e89f a8b6 

  0x00000195a1afc640: ; ImmutableOopMap {rax=Oop [128]=Oop [192]=Oop [208]=Oop [224]=Oop }
                      ;*fastore {reexecute=0 rethrow=0 return_oop=0}
                      ; - com.sun.javafx.text.PrismTextLayout::shape@444 (line 901)
                      ;   {metadata({method} {0x00000195bec63488} 'shape' '(Lcom/sun/javafx/text/TextRun;[CLcom/sun/javafx/text/GlyphLayout;)V' in 'com/sun/javafx/text/PrismTextLayout')}
  0x00000195a1afc640: 0649 ba80 | 34c6 be95 | 0100 004c | 8954 2408 | 48c7 0424 | c701 0000 

  0x00000195a1afc658: ;   {runtime_call C1 Runtime counter_overflow_blob}
  0x00000195a1afc658: e883 17b7 

  0x00000195a1afc65c: ; ImmutableOopMap {rax=Oop [128]=Oop [192]=Oop [208]=Oop [224]=Oop }
                      ;*goto {reexecute=1 rethrow=0 return_oop=0}
                      ; - (reexecute) com.sun.javafx.text.PrismTextLayout::shape@455 (line 899)
  0x00000195a1afc65c: 06e9 d2f4 

  0x00000195a1afc660: ;   {runtime_call C1 Runtime throw_null_pointer_exception_blob}
  0x00000195a1afc660: ffff e879 

  0x00000195a1afc664: ; ImmutableOopMap {rdx=Oop [120]=Oop [128]=Oop [136]=Oop [176]=Oop [192]=Oop }
                      ;*getfield valid {reexecute=1 rethrow=0 return_oop=0}
                      ; - (reexecute) com.sun.javafx.text.PrismTextLayout::shape@485 (line 911)
                      ;   {runtime_call C1 Runtime throw_null_pointer_exception_blob}
  0x00000195a1afc664: b1b6 06e8 

  0x00000195a1afc668: ; ImmutableOopMap {rax=Oop [120]=Oop [128]=Oop [136]=Oop [192]=Oop }
                      ;*invokeinterface getGlyphMapper {reexecute=0 rethrow=0 return_oop=0}
                      ; - com.sun.javafx.text.PrismTextLayout::shape@502 (line 913)
  0x00000195a1afc668: 74b1 b606 

  0x00000195a1afc66c: ;   {runtime_call C1 Runtime throw_null_pointer_exception_blob}
  0x00000195a1afc66c: e86f b1b6 

  0x00000195a1afc670: ; ImmutableOopMap {rax=Oop rdx=Oop [120]=Oop [128]=Oop [136]=Oop [192]=Oop }
                      ;*getfield glyphs {reexecute=1 rethrow=0 return_oop=0}
                      ; - (reexecute) com.sun.javafx.text.PrismTextLayout::shape@520 (line 914)
                      ;   {runtime_call C1 Runtime throw_null_pointer_exception_blob}
  0x00000195a1afc670: 06e8 6ab1 

  0x00000195a1afc674: ; ImmutableOopMap {rax=Oop rdx=Oop rsi=Oop [120]=Oop [128]=Oop [136]=Oop [192]=Oop }
                      ;*invokevirtual charsToGlyphs {reexecute=0 rethrow=0 return_oop=0}
                      ; - com.sun.javafx.text.PrismTextLayout::shape@525 (line 914)
                      ;   {runtime_call C1 Runtime throw_null_pointer_exception_blob}
  0x00000195a1afc674: b606 e865 

  0x00000195a1afc678: ; ImmutableOopMap {rdx=Oop rax=Oop [120]=Oop [128]=Oop [192]=Oop }
                      ;*getfield glyphs {reexecute=1 rethrow=0 return_oop=0}
                      ; - (reexecute) com.sun.javafx.text.PrismTextLayout::shape@555 (line 918)
                      ;   {runtime_call C1 Runtime throw_null_pointer_exception_blob}
  0x00000195a1afc678: b1b6 06e8 

  0x00000195a1afc67c: ; ImmutableOopMap {rdx=Oop rax=Oop r8=Oop [120]=Oop [128]=Oop [192]=Oop }
                      ;*iaload {reexecute=0 rethrow=0 return_oop=0}
                      ; - com.sun.javafx.text.PrismTextLayout::shape@560 (line 918)
  0x00000195a1afc67c: 60b1 b606 

  0x00000195a1afc680: ;   {runtime_call C1 Runtime throw_null_pointer_exception_blob}
  0x00000195a1afc680: e85b b1b6 

  0x00000195a1afc684: ; ImmutableOopMap {rdx=Oop rax=Oop r8=Oop [120]=Oop [128]=Oop [192]=Oop }
                      ;*iaload {reexecute=0 rethrow=0 return_oop=0}
                      ; - com.sun.javafx.text.PrismTextLayout::shape@560 (line 918)
  0x00000195a1afc684: 0648 893c | 244c 8944 

  0x00000195a1afc68c: ;   {runtime_call C1 Runtime throw_range_check_failed_blob}
  0x00000195a1afc68c: 2408 e84d 

  0x00000195a1afc690: ; ImmutableOopMap {rdx=Oop rax=Oop r8=Oop [120]=Oop [128]=Oop [192]=Oop }
                      ;*iaload {reexecute=0 rethrow=0 return_oop=0}
                      ; - com.sun.javafx.text.PrismTextLayout::shape@560 (line 918)
                      ;   {runtime_call C1 Runtime throw_null_pointer_exception_blob}
  0x00000195a1afc690: a8b6 06e8 

  0x00000195a1afc694: ; ImmutableOopMap {rdx=Oop [120]=Oop [128]=Oop [192]=Oop }
                      ;*getfield advances {reexecute=1 rethrow=0 return_oop=0}
                      ; - (reexecute) com.sun.javafx.text.PrismTextLayout::shape@574 (line 919)
  0x00000195a1afc694: 48b1 b606 

  0x00000195a1afc698: ;   {runtime_call C1 Runtime throw_null_pointer_exception_blob}
  0x00000195a1afc698: e843 b1b6 

  0x00000195a1afc69c: ; ImmutableOopMap {rdx=Oop r8=Oop [120]=Oop [128]=Oop [192]=Oop }
                      ;*fastore {reexecute=0 rethrow=0 return_oop=0}
                      ; - com.sun.javafx.text.PrismTextLayout::shape@581 (line 919)
                      ;   {runtime_call C1 Runtime throw_null_pointer_exception_blob}
  0x00000195a1afc69c: 06e8 3eb1 

  0x00000195a1afc6a0: ; ImmutableOopMap {rdx=Oop r8=Oop [120]=Oop [128]=Oop [192]=Oop }
                      ;*fastore {reexecute=0 rethrow=0 return_oop=0}
                      ; - com.sun.javafx.text.PrismTextLayout::shape@581 (line 919)
  0x00000195a1afc6a0: b606 4889 | 3c24 4c89 

  0x00000195a1afc6a8: ;   {runtime_call C1 Runtime throw_range_check_failed_blob}
  0x00000195a1afc6a8: 4424 08e8 

  0x00000195a1afc6ac: ; ImmutableOopMap {rdx=Oop r8=Oop [120]=Oop [128]=Oop [192]=Oop }
                      ;*fastore {reexecute=0 rethrow=0 return_oop=0}
                      ; - com.sun.javafx.text.PrismTextLayout::shape@581 (line 919)
  0x00000195a1afc6ac: 30a8 b606 

  0x00000195a1afc6b0: ;   {metadata({method} {0x00000195bec63488} 'shape' '(Lcom/sun/javafx/text/TextRun;[CLcom/sun/javafx/text/GlyphLayout;)V' in 'com/sun/javafx/text/PrismTextLayout')}
  0x00000195a1afc6b0: 49ba 8034 | c6be 9501 | 0000 4c89 | 5424 0848 | c704 2450 

  0x00000195a1afc6c4: ;   {runtime_call C1 Runtime counter_overflow_blob}
  0x00000195a1afc6c4: 0200 00e8 

  0x00000195a1afc6c8: ; ImmutableOopMap {rdx=Oop [120]=Oop [128]=Oop [192]=Oop }
                      ;*goto {reexecute=1 rethrow=0 return_oop=0}
                      ; - (reexecute) com.sun.javafx.text.PrismTextLayout::shape@592 (line 917)
  0x00000195a1afc6c8: 1417 b706 | e9fa f8ff 

  0x00000195a1afc6d0: ;   {runtime_call C1 Runtime throw_null_pointer_exception_blob}
  0x00000195a1afc6d0: ffe8 0ab1 

  0x00000195a1afc6d4: ; ImmutableOopMap {rdi=Oop r9=Oop [128]=Oop }
                      ;*getfield glyphs {reexecute=1 rethrow=0 return_oop=0}
                      ; - (reexecute) com.sun.javafx.text.PrismTextLayout::shape@608 (line 924)
                      ;   {metadata({method} {0x00000195bf04ff08} 'shape' '(I[I[F)V' in 'com/sun/javafx/text/TextRun')}
  0x00000195a1afc6d4: b606 49ba | 00ff 04bf | 9501 0000 | 4c89 5424 | 0848 c704 | 24ff ffff 

  0x00000195a1afc6ec: ;   {runtime_call C1 Runtime counter_overflow_blob}
  0x00000195a1afc6ec: ffe8 ee16 

  0x00000195a1afc6f0: ; ImmutableOopMap {rdi=Oop rsi=Oop r9=Oop [128]=Oop }
                      ;*synchronization entry
                      ; - com.sun.javafx.text.TextRun::shape@-1 (line 361)
                      ; - com.sun.javafx.text.PrismTextLayout::shape@618 (line 924)
  0x00000195a1afc6f0: b706 e9c2 | f9ff ff44 | 8b47 4049 | c1e0 0349 | 83f8 000f | 84c2 f9ff | ff4c 8904 

  0x00000195a1afc70c: ;   {runtime_call g1_pre_barrier_slow}
  0x00000195a1afc70c: 24e8 ce1d | b706 e9b4 | f9ff ff48 | 83fe 000f | 84c9 f9ff | ff48 893c 

  0x00000195a1afc724: ;   {runtime_call g1_post_barrier_slow}
  0x00000195a1afc724: 24e8 b620 | b706 e9bb | f9ff ff44 | 8b47 4449 | c1e0 0349 | 83f8 000f | 84b7 f9ff | ff4c 8904 
  0x00000195a1afc744: ;   {runtime_call g1_pre_barrier_slow}
  0x00000195a1afc744: 24e8 961d | b706 e9a9 | f9ff ff49 | 83f9 000f | 84be f9ff | ff48 893c 

  0x00000195a1afc75c: ;   {runtime_call g1_post_barrier_slow}
  0x00000195a1afc75c: 24e8 7e20 | b706 e9b0 | f9ff ff44 | 8b47 4849 | c1e0 0349 | 83f8 000f | 84ac f9ff | ff4c 8904 
  0x00000195a1afc77c: ;   {runtime_call g1_pre_barrier_slow}
  0x00000195a1afc77c: 24e8 5e1d | b706 e99e 

  0x00000195a1afc784: ;   {internal_word}
  0x00000195a1afc784: f9ff ff49 | ba43 c1af | a195 0100 | 004d 8997 | e004 0000 

  0x00000195a1afc798: ;   {runtime_call SafepointBlob}
  0x00000195a1afc798: e9c3 5aa9 | 0648 8934 | 2448 8944 

  0x00000195a1afc7a4: ;   {runtime_call C1 Runtime throw_range_check_failed_blob}
  0x00000195a1afc7a4: 2408 e835 

  0x00000195a1afc7a8: ; ImmutableOopMap {r9=Oop rax=Oop rdi=Oop [128]=Oop [208]=Oop [224]=Oop }
                      ;*fastore {reexecute=0 rethrow=0 return_oop=0}
                      ; - com.sun.javafx.text.PrismTextLayout::shape@466 (line 905)
                      ;   {metadata({method} {0x00000195bf04fe48} 'shape' '(I[I[F[I)V' in 'com/sun/javafx/text/TextRun')}
  0x00000195a1afc7a8: a7b6 0649 | ba40 fe04 | bf95 0100 | 004c 8954 | 2408 48c7 | 0424 ffff 

  0x00000195a1afc7c0: ;   {runtime_call C1 Runtime counter_overflow_blob}
  0x00000195a1afc7c0: ffff e819 

  0x00000195a1afc7c4: ; ImmutableOopMap {r9=Oop rax=Oop rdi=Oop [128]=Oop [208]=Oop [224]=Oop }
                      ;*synchronization entry
                      ; - com.sun.javafx.text.TextRun::shape@-1 (line 354)
                      ; - com.sun.javafx.text.PrismTextLayout::shape@475 (line 906)
  0x00000195a1afc7c4: 16b7 06e9 | 05fa ffff | 448b 4740 | 49c1 e003 | 4983 f800 | 0f84 05fa | ffff 4c89 

  0x00000195a1afc7e0: ;   {runtime_call g1_pre_barrier_slow}
  0x00000195a1afc7e0: 0424 e8f9 | 1cb7 06e9 | f7f9 ffff | 4983 f900 | 0f84 0cfa | ffff 4889 

  0x00000195a1afc7f8: ;   {runtime_call g1_post_barrier_slow}
  0x00000195a1afc7f8: 3c24 e8e1 | 1fb7 06e9 | fef9 ffff | 448b 4744 | 49c1 e003 | 4983 f800 | 0f84 faf9 | ffff 4c89 
  0x00000195a1afc818: ;   {runtime_call g1_pre_barrier_slow}
  0x00000195a1afc818: 0424 e8c1 | 1cb7 06e9 | ecf9 ffff | 4883 f800 | 0f84 01fa | ffff 4889 

  0x00000195a1afc830: ;   {runtime_call g1_post_barrier_slow}
  0x00000195a1afc830: 3c24 e8a9 | 1fb7 06e9 | f3f9 ffff | 448b 4748 | 49c1 e003 | 4983 f800 | 0f84 eff9 | ffff 4c89 
  0x00000195a1afc850: ;   {runtime_call g1_pre_barrier_slow}
  0x00000195a1afc850: 0424 e889 | 1cb7 06e9 | e1f9 ffff 

  0x00000195a1afc85c: ;   {internal_word}
  0x00000195a1afc85c: 49ba 5dc2 | afa1 9501 | 0000 4d89 | 97e0 0400 

  0x00000195a1afc86c: ;   {runtime_call SafepointBlob}
  0x00000195a1afc86c: 00e9 ee59 

  0x00000195a1afc870: ;   {runtime_call C1 Runtime throw_null_pointer_exception_blob}
  0x00000195a1afc870: a906 e869 

  0x00000195a1afc874: ; ImmutableOopMap {rbx=Oop rdx=Oop rax=Oop rsi=Oop rdi=Oop [128]=Oop }
                      ;*invokevirtual layout {reexecute=0 rethrow=0 return_oop=0}
                      ; - com.sun.javafx.text.PrismTextLayout::shape@327 (line 883)
                      ;   {internal_word}
  0x00000195a1afc874: afb6 0649 | baec c2af | a195 0100 | 004d 8997 | e004 0000 

  0x00000195a1afc888: ;   {runtime_call SafepointBlob}
  0x00000195a1afc888: e9d3 59a9 

  0x00000195a1afc88c: ;   {internal_word}
  0x00000195a1afc88c: 0649 baff | c2af a195 | 0100 004d | 8997 e004 

  0x00000195a1afc89c: ;   {runtime_call SafepointBlob}
  0x00000195a1afc89c: 0000 e9bd 

  0x00000195a1afc8a0: ;   {internal_word}
  0x00000195a1afc8a0: 59a9 0649 | ba12 c3af | a195 0100 | 004d 8997 | e004 0000 

  0x00000195a1afc8b4: ;   {runtime_call SafepointBlob}
  0x00000195a1afc8b4: e9a7 59a9 

  0x00000195a1afc8b8: ;   {internal_word}
  0x00000195a1afc8b8: 0649 ba25 | c3af a195 | 0100 004d | 8997 e004 

  0x00000195a1afc8c8: ;   {runtime_call SafepointBlob}
  0x00000195a1afc8c8: 0000 e991 

  0x00000195a1afc8cc: ;   {internal_word}
  0x00000195a1afc8cc: 59a9 0649 | ba84 c3af | a195 0100 | 004d 8997 | e004 0000 

  0x00000195a1afc8e0: ;   {runtime_call SafepointBlob}
  0x00000195a1afc8e0: e97b 59a9 

  0x00000195a1afc8e4: ;   {internal_word}
  0x00000195a1afc8e4: 0649 ba97 | c3af a195 | 0100 004d | 8997 e004 

  0x00000195a1afc8f4: ;   {runtime_call SafepointBlob}
  0x00000195a1afc8f4: 0000 e965 | 59a9 0649 | 8b87 8805 | 0000 49c7 | 8788 0500 | 0000 0000 | 0049 c787 | 9005 0000 
  0x00000195a1afc914: 0000 0000 | 4881 c420 | 0100 005d 

  0x00000195a1afc920: ;   {runtime_call C1 Runtime unwind_exception_blob}
  0x00000195a1afc920: e93b 9ab6 | 06f4 f4f4 
[Stub Code]
  0x00000195a1afc928: ;   {other}
  0x00000195a1afc928: 0f1f 4400 

  0x00000195a1afc92c: ;   {static_stub}
  0x00000195a1afc92c: 0048 bb00 | 0000 0000 

  0x00000195a1afc934: ;   {runtime_call nmethod}
  0x00000195a1afc934: 0000 00e9 | fbff ffff 

  0x00000195a1afc93c: ;   {static_stub}
  0x00000195a1afc93c: 9048 bb00 | 0000 0000 

  0x00000195a1afc944: ;   {runtime_call nmethod}
  0x00000195a1afc944: 0000 00e9 | fbff ffff 

  0x00000195a1afc94c: ;   {static_stub}
  0x00000195a1afc94c: 9048 bb00 | 0000 0000 

  0x00000195a1afc954: ;   {runtime_call nmethod}
  0x00000195a1afc954: 0000 00e9 | fbff ffff 

  0x00000195a1afc95c: ;   {static_stub}
  0x00000195a1afc95c: 9048 bb00 | 0000 0000 

  0x00000195a1afc964: ;   {runtime_call nmethod}
  0x00000195a1afc964: 0000 00e9 | fbff ffff 

  0x00000195a1afc96c: ;   {static_stub}
  0x00000195a1afc96c: 9048 bb00 | 0000 0000 

  0x00000195a1afc974: ;   {runtime_call nmethod}
  0x00000195a1afc974: 0000 00e9 | fbff ffff 

  0x00000195a1afc97c: ;   {static_stub}
  0x00000195a1afc97c: 9048 bb00 | 0000 0000 

  0x00000195a1afc984: ;   {runtime_call nmethod}
  0x00000195a1afc984: 0000 00e9 | fbff ffff 

  0x00000195a1afc98c: ;   {static_stub}
  0x00000195a1afc98c: 9048 bb00 | 0000 0000 

  0x00000195a1afc994: ;   {runtime_call nmethod}
  0x00000195a1afc994: 0000 00e9 | fbff ffff 

  0x00000195a1afc99c: ;   {static_stub}
  0x00000195a1afc99c: 9048 bb00 | 0000 0000 

  0x00000195a1afc9a4: ;   {runtime_call nmethod}
  0x00000195a1afc9a4: 0000 00e9 | fbff ffff 

  0x00000195a1afc9ac: ;   {static_stub}
  0x00000195a1afc9ac: 9048 bb00 | 0000 0000 

  0x00000195a1afc9b4: ;   {runtime_call nmethod}
  0x00000195a1afc9b4: 0000 00e9 | fbff ffff 

  0x00000195a1afc9bc: ;   {static_stub}
  0x00000195a1afc9bc: 9048 bb00 | 0000 0000 

  0x00000195a1afc9c4: ;   {runtime_call nmethod}
  0x00000195a1afc9c4: 0000 00e9 | fbff ffff 

  0x00000195a1afc9cc: ;   {static_stub}
  0x00000195a1afc9cc: 9048 bb80 | 6f84 be95 

  0x00000195a1afc9d4: ;   {runtime_call I2C/C2I adapters}
  0x00000195a1afc9d4: 0100 00e9 | e64d aa06 

  0x00000195a1afc9dc: ;   {static_stub}
  0x00000195a1afc9dc: 9048 bb00 | 0000 0000 

  0x00000195a1afc9e4: ;   {runtime_call nmethod}
  0x00000195a1afc9e4: 0000 00e9 | fbff ffff 

  0x00000195a1afc9ec: ;   {static_stub}
  0x00000195a1afc9ec: 9048 bb00 | 0000 0000 

  0x00000195a1afc9f4: ;   {runtime_call nmethod}
  0x00000195a1afc9f4: 0000 00e9 | fbff ffff 

  0x00000195a1afc9fc: ;   {static_stub}
  0x00000195a1afc9fc: 9048 bb00 | 0000 0000 

  0x00000195a1afca04: ;   {runtime_call nmethod}
  0x00000195a1afca04: 0000 00e9 | fbff ffff 

  0x00000195a1afca0c: ;   {static_stub}
  0x00000195a1afca0c: 9048 bbc8 | 6e84 be95 

  0x00000195a1afca14: ;   {runtime_call I2C/C2I adapters}
  0x00000195a1afca14: 0100 00e9 | 29aa ce06 

  0x00000195a1afca1c: ;   {static_stub}
  0x00000195a1afca1c: 9048 bb00 | 0000 0000 

  0x00000195a1afca24: ;   {runtime_call nmethod}
  0x00000195a1afca24: 0000 00e9 | fbff ffff 

  0x00000195a1afca2c: ;   {static_stub}
  0x00000195a1afca2c: 9048 bb00 | b783 be95 

  0x00000195a1afca34: ;   {runtime_call I2C/C2I adapters}
  0x00000195a1afca34: 0100 00e9 | 066c a606 

  0x00000195a1afca3c: ;   {static_stub}
  0x00000195a1afca3c: 9048 bb00 | 0000 0000 

  0x00000195a1afca44: ;   {runtime_call nmethod}
  0x00000195a1afca44: 0000 00e9 | fbff ffff 

  0x00000195a1afca4c: ;   {static_stub}
  0x00000195a1afca4c: 48bb 0000 | 0000 0000 

  0x00000195a1afca54: ;   {runtime_call nmethod}
  0x00000195a1afca54: 0000 e9fb 

  0x00000195a1afca58: ;   {runtime_call C1 Runtime handle_exception_from_callee_blob}
  0x00000195a1afca58: ffff ffe8 | 00d4 b606 

  0x00000195a1afca60: ;   {external_word}
  0x00000195a1afca60: 48b9 a001 | 1e11 fc7f | 0000 4883 

  0x00000195a1afca6c: ;   {runtime_call}
  0x00000195a1afca6c: e4f0 48b8 | 105c d810 | fc7f 0000 

  0x00000195a1afca78: ;   {section_word}
  0x00000195a1afca78: ffd0 f449 | ba7b caaf | a195 0100 

  0x00000195a1afca84: ;   {runtime_call DeoptimizationBlob}
  0x00000195a1afca84: 0041 52e9 | 543f a906 | f4f4 f4f4 
[/MachCode]


Compiled method (c1) 13244 5484   !   3       com.sun.javafx.text.PrismTextLayout::layout (1636 bytes)
 total in heap  [0x00000195a189f808,0x00000195a18a5070] = 22632
 constants      [0x00000195a189f900,0x00000195a189f960] = 96
 main code      [0x00000195a189f960,0x00000195a18a4df8] = 21656
 stub code      [0x00000195a18a4df8,0x00000195a18a5060] = 616
 oops           [0x00000195a18a5060,0x00000195a18a5070] = 16
 mutable data [0x00000195daa81fd0,0x00000195daa82820] = 2128
 relocation     [0x00000195daa81fd0,0x00000195daa826a8] = 1752
 metadata       [0x00000195daa826a8,0x00000195daa82820] = 376
 immutable data [0x00000195daa4b5b0,0x00000195daa4dd48] = 10136
 dependencies   [0x00000195daa4b5b0,0x00000195daa4b648] = 152
 nul chk table  [0x00000195daa4b648,0x00000195daa4b830] = 488
 handler table  [0x00000195daa4b830,0x00000195daa4b878] = 72
 scopes pcs     [0x00000195daa4b878,0x00000195daa4c3e8] = 2928
 scopes data    [0x00000195daa4c3e8,0x00000195daa4dd48] = 6496


[Constant Pool]
             Address          hex4                    hex8      
  0x00000195a189f900:   0x00000000      0x0000000000000000      
  0x00000195a189f904:   0x00000000                              
  0x00000195a189f908:   0x00000000      0x0000000000000000      
  0x00000195a189f90c:   0x00000000                              
  0x00000195a189f910:   0x00000000      0x3f80000000000000      
  0x00000195a189f914:   0x3f800000                              
  0x00000195a189f918:   0x00000000      0x0000000000000000      
  0x00000195a189f91c:   0x00000000                              
  0x00000195a189f920:   0x3f800000      0x3f0000003f800000      
  0x00000195a189f924:   0x3f000000                              
  0x00000195a189f928:   0x00000000      0x0000000000000000      
  0x00000195a189f92c:   0x00000000                              
  0x00000195a189f930:   0x00000000      0x0000000000000000      
  0x00000195a189f934:   0x00000000                              
  0x00000195a189f938:   0x00000000      0x0000000000000000      
  0x00000195a189f93c:   0x00000000                              
  0x00000195a189f940:   0x00000000      0x0000000000000000      
  0x00000195a189f944:   0x00000000                              
  0x00000195a189f948:   0xf4f4f4f4      0xf4f4f4f4f4f4f4f4      
  0x00000195a189f94c:   0xf4f4f4f4                              
  0x00000195a189f950:   0xf4f4f4f4      0xf4f4f4f4f4f4f4f4      
  0x00000195a189f954:   0xf4f4f4f4                              
  0x00000195a189f958:   0xf4f4f4f4      0xf4f4f4f4f4f4f4f4      
  0x00000195a189f95c:   0xf4f4f4f4                              

[MachCode]
[Instructions begin]
  0x00000195a189f960: ;   {other}
  0x00000195a189f960: 660f 1f84 | 0000 0000 | 0066 0f1f | 8400 0000 | 0000 448b | 5208 443b 

  0x00000195a189f978: ;   {runtime_call Shared Runtime ic_miss_blob}
  0x00000195a189f978: 5008 0f85 | 60f3 ce06 
[Verified Entry Point]
  0x00000195a189f980: 8984 2400 | 80ff ff55 | 4881 ec00 | 0200 0090 | 4181 7f20 | 0800 0000 

  0x00000195a189f998: ;   {runtime_call Stub::method_entry_barrier}
  0x00000195a189f998: 7405 e841 | 6ccd 0648 | 8994 24b0 

  0x00000195a189f9a4: ;   {metadata(method data for {method} {0x00000195bec64650} 'layout' '()V' in 'com/sun/javafx/text/PrismTextLayout')}
  0x00000195a189f9a4: 0000 0048 | bea0 bd55 | bf95 0100 | 008b be90 | 0000 0083 | c702 89be | 9000 0000 | 81e7 fe07 
  0x00000195a189f9c4: 0000 85ff | 0f84 ec47 | 0000 488b 

  0x00000195a189f9d0: ;   {metadata(method data for {method} {0x00000195bec64650} 'layout' '()V' in 'com/sun/javafx/text/PrismTextLayout')}
  0x00000195a189f9d0: f248 bfa0 | bd55 bf95 | 0100 0048 | 8387 d800 | 0000 0148 | 8bf2 488b | d666 0f1f 

  0x00000195a189f9ec: ;   {optimized virtual_call}
  0x00000195a189f9ec: 4400 00e8 

  0x00000195a189f9f0: ; ImmutableOopMap {[176]=Oop }
                      ;*invokevirtual initCache {reexecute=0 rethrow=0 return_oop=0}
                      ; - com.sun.javafx.text.PrismTextLayout::layout@1 (line 1060)
  0x00000195a189f9f0: ccfb e2ff 

  0x00000195a189f9f4: ;   {post_call_nop}
  0x00000195a189f9f4: 0f1f 8400 | ec01 0000 | 488b 9424 | b000 0000 | 8b72 3c48 | c1e6 0348 

  0x00000195a189fa0c: ;   {metadata(method data for {method} {0x00000195bec64650} 'layout' '()V' in 'com/sun/javafx/text/PrismTextLayout')}
  0x00000195a189fa0c: 85f6 48be | a0bd 55bf | 9501 0000 | bf18 0100 | 0075 05bf | 0801 0000 | 488b 1c3e | 488d 5b01 
  0x00000195a189fa2c: 4889 1c3e | 0f85 e646 | 0000 488b 

  0x00000195a189fa38: ;   {metadata(method data for {method} {0x00000195bec64650} 'layout' '()V' in 'com/sun/javafx/text/PrismTextLayout')}
  0x00000195a189fa38: f248 bfa0 | bd55 bf95 | 0100 0048 | 8387 2801 | 0000 0148 | 8bf2 488b | d666 0f1f 

  0x00000195a189fa54: ;   {optimized virtual_call}
  0x00000195a189fa54: 4400 00e8 

  0x00000195a189fa58: ; ImmutableOopMap {[176]=Oop }
                      ;*invokevirtual getText {reexecute=0 rethrow=0 return_oop=0}
                      ; - com.sun.javafx.text.PrismTextLayout::layout@13 (line 1064)
  0x00000195a189fa58: 4404 2e00 

  0x00000195a189fa5c: ;   {post_call_nop}
  0x00000195a189fa5c: 0f1f 8400 | 5402 0001 | 4889 8424 | b800 0000 | 488b 9424 | b000 0000 | 8b72 2083 | e602 85f6 
  0x00000195a189fa7c: ;   {metadata(method data for {method} {0x00000195bec64650} 'layout' '()V' in 'com/sun/javafx/text/PrismTextLayout')}
  0x00000195a189fa7c: 48be a0bd | 55bf 9501 | 0000 bf58 | 0100 0074 | 05bf 6801 | 0000 488b | 1c3e 488d | 5b01 4889 
  0x00000195a189fa9c: 1c3e 0f84 | 5200 0000 

  0x00000195a189faa4: ;   {metadata(method data for {method} {0x00000195bec64650} 'layout' '()V' in 'com/sun/javafx/text/PrismTextLayout')}
  0x00000195a189faa4: 488b f248 | bfa0 bd55 | bf95 0100 | 0048 8387 | 7801 0000 | 0148 8bf2 

  0x00000195a189fabc: ;   {optimized virtual_call}
  0x00000195a189fabc: 488b d6e8 

  0x00000195a189fac0: ; ImmutableOopMap {[176]=Oop [184]=Oop }
                      ;*invokevirtual isSimpleLayout {reexecute=0 rethrow=0 return_oop=0}
                      ; - com.sun.javafx.text.PrismTextLayout::layout@27 (line 1067)
  0x00000195a189fac0: fc57 2700 

  0x00000195a189fac4: ;   {post_call_nop}
  0x00000195a189fac4: 0f1f 8400 | bc02 0002 

  0x00000195a189facc: ;   {metadata(method data for {method} {0x00000195bec64650} 'layout' '()V' in 'com/sun/javafx/text/PrismTextLayout')}
  0x00000195a189facc: 85c0 49b8 | a0bd 55bf | 9501 0000 | bab8 0100 | 0075 05ba | a801 0000 | 498b 3410 | 488d 7601 
  0x00000195a189faec: 4989 3410 | 0f85 4300 | 0000 488b | 9424 b000 

  0x00000195a189fafc: ;   {metadata(method data for {method} {0x00000195bec64650} 'layout' '()V' in 'com/sun/javafx/text/PrismTextLayout')}
  0x00000195a189fafc: 0000 49b8 | a0bd 55bf | 9501 0000 | 4983 8010 | 0200 0001 | 4c8b 8424 | b800 0000 | 488b 9424 
  0x00000195a189fb1c: b000 0000 | 0f1f 8000 

  0x00000195a189fb24: ;   {optimized virtual_call}
  0x00000195a189fb24: 0000 00e8 

  0x00000195a189fb28: ; ImmutableOopMap {[176]=Oop [184]=Oop }
                      ;*invokevirtual buildRuns {reexecute=0 rethrow=0 return_oop=0}
                      ; - com.sun.javafx.text.PrismTextLayout::layout@42 (line 1070)
  0x00000195a189fb28: 9454 0000 

  0x00000195a189fb2c: ;   {post_call_nop}
  0x00000195a189fb2c: 0f1f 8400 | 2403 0003 | e943 0000 | 0048 8b94 | 24b0 0000 

  0x00000195a189fb40: ;   {metadata(method data for {method} {0x00000195bec64650} 'layout' '()V' in 'com/sun/javafx/text/PrismTextLayout')}
  0x00000195a189fb40: 0048 bea0 | bd55 bf95 | 0100 0048 | 8386 c801 | 0000 0148 | 8b94 24b0 | 0000 000f 

  0x00000195a189fb5c: ;   {optimized virtual_call}
  0x00000195a189fb5c: 1f40 00e8 

  0x00000195a189fb60: ; ImmutableOopMap {[176]=Oop [184]=Oop }
                      ;*invokevirtual reuseRuns {reexecute=0 rethrow=0 return_oop=0}
                      ; - com.sun.javafx.text.PrismTextLayout::layout@34 (line 1068)
  0x00000195a189fb60: 4d54 0000 

  0x00000195a189fb64: ;   {post_call_nop}
  0x00000195a189fb64: 0f1f 8400 | 5c03 0004 

  0x00000195a189fb6c: ;   {metadata(method data for {method} {0x00000195bec64650} 'layout' '()V' in 'com/sun/javafx/text/PrismTextLayout')}
  0x00000195a189fb6c: 48be a0bd | 55bf 9501 | 0000 ff86 | f801 0000 | 488b 9424 | b000 0000 | 8b72 2083 | e610 85f6 
  0x00000195a189fb8c: ;   {metadata(method data for {method} {0x00000195bec64650} 'layout' '()V' in 'com/sun/javafx/text/PrismTextLayout')}
  0x00000195a189fb8c: 48be a0bd | 55bf 9501 | 0000 bf50 | 0200 0075 | 05bf 4002 | 0000 488b | 1c3e 488d | 5b01 4889 
  0x00000195a189fbac: 1c3e 0f85 | 0f00 0000 

  0x00000195a189fbb4: ;   {oop(nullptr)}
  0x00000195a189fbb4: 48be 0000 | 0000 0000 | 0000 e92c 

  0x00000195a189fbc0: ;   {metadata(method data for {method} {0x00000195bec64650} 'layout' '()V' in 'com/sun/javafx/text/PrismTextLayout')}
  0x00000195a189fbc0: 0000 0048 | bea0 bd55 | bf95 0100 | 0048 8386 | 6002 0000 

  0x00000195a189fbd4: ;   {static_call}
  0x00000195a189fbd4: 0166 90e8 

  0x00000195a189fbd8: ; ImmutableOopMap {[176]=Oop [184]=Oop }
                      ;*invokestatic getInstance {reexecute=0 rethrow=0 return_oop=0}
                      ; - com.sun.javafx.text.PrismTextLayout::layout@57 (line 1075)
  0x00000195a189fbd8: f353 0000 

  0x00000195a189fbdc: ;   {post_call_nop}
  0x00000195a189fbdc: 0f1f 8400 | d403 0005 | 488b f048 | 8b94 24b0 | 0000 008b | 7a20 83e7 

  0x00000195a189fbf4: ;   {metadata(method data for {method} {0x00000195bec64650} 'layout' '()V' in 'com/sun/javafx/text/PrismTextLayout')}
  0x00000195a189fbf4: 0485 ff48 | bfa0 bd55 | bf95 0100 | 00bb 8002 | 0000 7505 | bb70 0200 | 0048 8b04 | 1f48 8d40 
  0x00000195a189fc14: 0148 8904 | 1f0f 8515 

  0x00000195a189fc1c: ;   {section_word}
  0x00000195a189fc1c: 0000 00c5 | fa10 05d9 | fcff ff48 | 89b4 24c0 | 0000 00e9 | 3800 0000 | 4889 b424 | c000 0000 
  0x00000195a189fc3c: ;   {metadata(method data for {method} {0x00000195bec64650} 'layout' '()V' in 'com/sun/javafx/text/PrismTextLayout')}
  0x00000195a189fc3c: 488b fa48 | bba0 bd55 | bf95 0100 | 0048 8383 | 9002 0000 | 0148 8bfa 

  0x00000195a189fc54: ;   {optimized virtual_call}
  0x00000195a189fc54: 488b d7e8 

  0x00000195a189fc58: ; ImmutableOopMap {[176]=Oop [184]=Oop [192]=Oop }
                      ;*invokevirtual getTabAdvance {reexecute=0 rethrow=0 return_oop=0}
                      ; - com.sun.javafx.text.PrismTextLayout::layout@73 (line 1080)
  0x00000195a189fc58: 84f5 ce06 

  0x00000195a189fc5c: ;   {post_call_nop}
  0x00000195a189fc5c: 0f1f 8400 | 5404 0006 | 488b 9424 | b000 0000 | c5fa 104a 

  0x00000195a189fc70: ;   {section_word}
  0x00000195a189fc70: 18c5 fa10 | 158b fcff | ffc5 f82e | cabe ffff | ffff 0f8a | 1400 0000 | 0f82 0e00 | 0000 be00 
  0x00000195a189fc90: 0000 000f | 8403 0000 | 0048 ffc6 

  0x00000195a189fc9c: ;   {metadata(method data for {method} {0x00000195bec64650} 'layout' '()V' in 'com/sun/javafx/text/PrismTextLayout')}
  0x00000195a189fc9c: 85f6 48be | a0bd 55bf | 9501 0000 | bfd0 0200 | 007f 05bf | c002 0000 | 488b 1c3e | 488d 5b01 
  0x00000195a189fcbc: 4889 1c3e | 0f8f 2000 

  0x00000195a189fcc4: ;   {oop(nullptr)}
  0x00000195a189fcc4: 0000 48be | 0000 0000 | 0000 0000 | 4889 b424 | d800 0000 | c5fa 1184 | 24bc 0100 | 00e9 f600 
  0x00000195a189fce4: 0000 8b72 | 2083 e650 

  0x00000195a189fcec: ;   {metadata(method data for {method} {0x00000195bec64650} 'layout' '()V' in 'com/sun/javafx/text/PrismTextLayout')}
  0x00000195a189fcec: 85f6 48be | a0bd 55bf | 9501 0000 | bff0 0200 | 0075 05bf | e002 0000 | 488b 1c3e | 488d 5b01 
  0x00000195a189fd0c: 4889 1c3e | 0f85 2000 

  0x00000195a189fd14: ;   {oop(nullptr)}
  0x00000195a189fd14: 0000 48be | 0000 0000 | 0000 0000 | 4889 b424 | d800 0000 | c5fa 1184 | 24bc 0100 | 00e9 a600 
  0x00000195a189fd34: 0000 c5fa | 1184 24bc 

  0x00000195a189fd3c: ;   {static_call}
  0x00000195a189fd3c: 0100 00e8 

  0x00000195a189fd40: ; ImmutableOopMap {[176]=Oop [184]=Oop [192]=Oop }
                      ;*invokestatic getLineInstance {reexecute=0 rethrow=0 return_oop=0}
                      ; - com.sun.javafx.text.PrismTextLayout::layout@99 (line 1086)
  0x00000195a189fd40: 9cfe ce06 

  0x00000195a189fd44: ;   {post_call_nop}
  0x00000195a189fd44: 0f1f 8400 | 3c05 0007 | 0f1f 4000 

  0x00000195a189fd50: ;   {other}
  0x00000195a189fd50: e995 4400 | 0000 0000 | 0000 4889 | 8424 d000 | 0000 e98d | 4400 004c 

  0x00000195a189fd68: ;   {metadata(method data for {method} {0x00000195bec64650} 'layout' '()V' in 'com/sun/javafx/text/PrismTextLayout')}
  0x00000195a189fd68: 8bc0 48ba | a0bd 55bf | 9501 0000 | 4883 8210 | 0300 0001 | 4c8b 8424 | b800 0000 | 488b d048 
  0x00000195a189fd88: 8984 24c8 

  0x00000195a189fd8c: ;   {optimized virtual_call}
  0x00000195a189fd8c: 0000 00e8 

  0x00000195a189fd90: ; ImmutableOopMap {[176]=Oop [184]=Oop [192]=Oop [200]=Oop [208]=Oop }
                      ;*invokespecial <init> {reexecute=0 rethrow=0 return_oop=0}
                      ; - com.sun.javafx.text.PrismTextLayout::layout@111 (line 1087)
  0x00000195a189fd90: 4cf4 ce06 

  0x00000195a189fd94: ;   {post_call_nop}
  0x00000195a189fd94: 0f1f 8400 | 8c05 0008 | 4c8b 8424 | c800 0000 | 488b 9424 | d000 0000 | 9048 b840 | 8d7d d695 
  0x00000195a189fdb4: ;   {virtual_call}
  0x00000195a189fdb4: 0100 00e8 

  0x00000195a189fdb8: ; ImmutableOopMap {[176]=Oop [184]=Oop [192]=Oop [208]=Oop }
                      ;*invokevirtual setText {reexecute=0 rethrow=0 return_oop=0}
                      ; - com.sun.javafx.text.PrismTextLayout::layout@114 (line 1087)
  0x00000195a189fdb8: 24f9 ce06 

  0x00000195a189fdbc: ;   {post_call_nop}
  0x00000195a189fdbc: 0f1f 8400 | b405 0009 | 488b b424 | d000 0000 | 4889 b424 | d800 0000 | 488b 9424 | b000 0000 
  0x00000195a189fddc: 8b7a 2081 | e700 003c | 0089 bc24 | e000 0000 

  0x00000195a189fdec: ;   {metadata(method data for {method} {0x00000195bec64650} 'layout' '()V' in 'com/sun/javafx/text/PrismTextLayout')}
  0x00000195a189fdec: 488b da48 | b8a0 bd55 | bf95 0100 | 0048 8380 | 5003 0000 | 0148 8bda 

  0x00000195a189fe04: ;   {optimized virtual_call}
  0x00000195a189fe04: 488b d3e8 

  0x00000195a189fe08: ; ImmutableOopMap {[176]=Oop [184]=Oop [192]=Oop [216]=Oop }
                      ;*invokevirtual isSimpleLayout {reexecute=0 rethrow=0 return_oop=0}
                      ; - com.sun.javafx.text.PrismTextLayout::layout@127 (line 1097)
  0x00000195a189fe08: b454 2700 

  0x00000195a189fe0c: ;   {post_call_nop}
  0x00000195a189fe0c: 0f1f 8400 | 0406 000a 

  0x00000195a189fe14: ;   {metadata(method data for {method} {0x00000195bec64650} 'layout' '()V' in 'com/sun/javafx/text/PrismTextLayout')}
  0x00000195a189fe14: 85c0 48ba | a0bd 55bf | 9501 0000 | be80 0300 | 0074 05be | 9003 0000 | 488b 3c32 | 488d 7f01 
  0x00000195a189fe34: 4889 3c32 | 0f84 d302 | 0000 488b | 9424 b000 | 0000 8b72 | 4c48 c1e6 | 0348 85f6 

  0x00000195a189fe50: ;   {metadata(method data for {method} {0x00000195bec64650} 'layout' '()V' in 'com/sun/javafx/text/PrismTextLayout')}
  0x00000195a189fe50: 48be a0bd | 55bf 9501 | 0000 bfb0 | 0300 0074 | 05bf a003 | 0000 488b | 043e 488d | 4001 4889 
  0x00000195a189fe70: 043e 0f84 | 1000 0000 | 4c8b ac24 | b800 0000 | 4c8b dae9 | ae02 0000 | 488b 8424 | b800 0000 
  0x00000195a189fe90: ;   {metadata('com/sun/javafx/text/LayoutCache')}
  0x00000195a189fe90: 4c8b da48 | ba00 6f30 | 0b00 0000 | 004c 8be8 | 498b 87c8 | 0100 0048 | 8d78 3849 | 3bbf d801 
  0x00000195a189feb0: 0000 0f87 | 4943 0000 | 4989 bfc8 | 0100 0048 | c700 0100 | 0000 488b | ca41 ba00 | 0000 0a49 
  0x00000195a189fed0: 2bca 8948 | 0848 33c9 | 8948 0c48 | 33c9 bf05 | 0000 0048 | 894c f808 | 48ff cf75 | f64c 8bc0 
  0x00000195a189fef0: ;   {metadata(method data for {method} {0x00000195bec64650} 'layout' '()V' in 'com/sun/javafx/text/PrismTextLayout')}
  0x00000195a189fef0: 498b d848 | baa0 bd55 | bf95 0100 | 0048 8382 | c003 0000 

  0x00000195a189ff04: ;   {metadata(method data for {method} {0x00000195bf049a00} '<init>' '()V' in 'com/sun/javafx/text/LayoutCache')}
  0x00000195a189ff04: 0148 bb78 | f62f c095 | 0100 008b | 9390 0000 | 0083 c202 | 8993 9000 | 0000 81e2 | feff 1f00 
  0x00000195a189ff24: 85d2 0f84 | e242 0000 

  0x00000195a189ff2c: ;   {metadata(method data for {method} {0x00000195bf049a00} '<init>' '()V' in 'com/sun/javafx/text/LayoutCache')}
  0x00000195a189ff2c: 498b d848 | ba78 f62f | c095 0100 | 0048 8382 | d800 0000 

  0x00000195a189ff40: ;   {metadata(method data for {method} {0x000000000a4b32d8} '<init>' '()V' in 'java/lang/Object')}
  0x00000195a189ff40: 0148 bb30 | b300 be95 | 0100 008b | 9390 0000 | 0083 c202 | 8993 9000 | 0000 81e2 | feff 1f00 
  0x00000195a189ff60: 85d2 0f84 | c742 0000 | 410f be5f | 4885 db0f | 85db 4200 | 004d 8bd0 | 49c1 ea03 | 4589 534c 
  0x00000195a189ff80: 498b d349 | 33d0 48c1 | ea16 4883 | fa00 0f85 | dc42 0000 

  0x00000195a189ff94: ; implicit exception: dispatches to 0x00000195a18a4288
  0x00000195a189ff94: 458b 4d0c 

  0x00000195a189ff98: ;   {metadata({type array int})}
  0x00000195a189ff98: 498b d948 | ba58 4718 | 0a00 0000 | 0048 63db | 488b fb48 | 81fb ffff | ff00 0f87 | d542 0000 
  0x00000195a189ffb8: be17 0000 | 0048 8d34 | 9e48 83e6 | f849 8b87 | c801 0000 | 488d 3430 | 493b b7d8 | 0100 000f 
  0x00000195a189ffd8: 87b0 4200 | 0049 89b7 | c801 0000 | 482b f048 | c700 0100 | 0000 488b | ca41 ba00 | 0000 0a49 
  0x00000195a189fff8: 2bca 8948 | 0889 580c | 4883 ee10 | 4885 f60f | 8411 0000 | 0048 33db | 48c1 ee03 | 4889 5cf0 
  0x00000195a18a0018: 0848 ffce | 75f6 410f | be5f 4885 | db0f 856c | 4200 004c | 8bd0 49c1 | ea03 4589 | 5020 498b 
  0x00000195a18a0038: d848 33d8 | 48c1 eb16 | 4883 fb00 | 0f85 6d42 | 0000 498b 

  0x00000195a18a004c: ;   {metadata({type array float})}
  0x00000195a18a004c: d948 ba58 | 3f18 0a00 | 0000 0048 | 63db 488b | fb48 81fb | ffff ff00 | 0f87 6542 | 0000 be17 
  0x00000195a18a006c: 0000 0048 | 8d34 9e48 | 83e6 f849 | 8b87 c801 | 0000 488d | 3430 493b | b7d8 0100 | 000f 8740 
  0x00000195a18a008c: 4200 0049 | 89b7 c801 | 0000 482b | f048 c700 | 0100 0000 | 488b ca41 | ba00 0000 | 0a49 2bca 
  0x00000195a18a00ac: 8948 0889 | 580c 4883 | ee10 4885 | f60f 8411 | 0000 0048 | 33db 48c1 | ee03 4889 | 5cf0 0848 
  0x00000195a18a00cc: ffce 75f6 | 410f be57 | 4885 d20f | 85fc 4100 | 004c 8bd0 | 49c1 ea03 | 4589 5024 | 498b d048 
  0x00000195a18a00ec: 33d0 48c1 | ea16 4883 | fa00 0f85 | fd41 0000 

  0x00000195a18a00fc: ;   {metadata(method data for {method} {0x00000195bec64650} 'layout' '()V' in 'com/sun/javafx/text/PrismTextLayout')}
  0x00000195a18a00fc: 48ba a0bd | 55bf 9501 | 0000 ff82 | d003 0000 | e925 0000 | 004c 8bac | 24b8 0000 | 004c 8b9c 
  0x00000195a18a011c: 24b0 0000 | 0041 0fbe | 5748 85d2 | 0f85 e341 | 0000 41c7 | 434c 0000 

  0x00000195a18a0134: ;   {metadata('java/util/ArrayList')}
  0x00000195a18a0134: 0000 48ba | b0d4 210a | 0000 0000 | 498b 87c8 | 0100 0048 | 8d78 1849 | 3bbf d801 | 0000 0f87 
  0x00000195a18a0154: d941 0000 | 4989 bfc8 | 0100 0048 | c700 0100 | 0000 488b | ca41 ba00 | 0000 0a49 | 2bca 8948 
  0x00000195a18a0174: 0848 33c9 | 8948 0c48 | 33c9 4889 | 4810 4889 | 8424 f000 | 0000 4c8b 

  0x00000195a18a018c: ;   {metadata(method data for {method} {0x00000195bec64650} 'layout' '()V' in 'com/sun/javafx/text/PrismTextLayout')}
  0x00000195a18a018c: c049 b9a0 | bd55 bf95 | 0100 0049 | 8381 e803 

  0x00000195a18a019c: ;   {metadata(method data for {method} {0x000000000a221f60} '<init>' '()V' in 'java/util/ArrayList')}
  0x00000195a18a019c: 0000 0149 | b878 bb27 | be95 0100 | 0045 8b88 | 9000 0000 | 4183 c102 | 4589 8890 | 0000 0041 
  0x00000195a18a01bc: 81e1 feff | 1f00 4585 | c90f 8473 | 4100 004c 

  0x00000195a18a01cc: ;   {metadata(method data for {method} {0x000000000a221f60} '<init>' '()V' in 'java/util/ArrayList')}
  0x00000195a18a01cc: 8bc0 49b9 | 78bb 27be | 9501 0000 | 4983 81d8 | 0000 0001 

  0x00000195a18a01e0: ;   {metadata(method data for {method} {0x000000000a220bf8} '<init>' '()V' in 'java/util/AbstractList')}
  0x00000195a18a01e0: 49b8 08cb | 14be 9501 | 0000 458b | 8890 0000 | 0041 83c1 | 0245 8988 | 9000 0000 | 4181 e1fe 
  0x00000195a18a0200: ff1f 0045 | 85c9 0f84 | 5341 0000 

  0x00000195a18a020c: ;   {metadata(method data for {method} {0x000000000a220bf8} '<init>' '()V' in 'java/util/AbstractList')}
  0x00000195a18a020c: 4c8b c049 | b908 cb14 | be95 0100 | 0049 8381 | d800 0000 

  0x00000195a18a0220: ;   {metadata(method data for {method} {0x000000000a21ffb8} '<init>' '()V' in 'java/util/AbstractCollection')}
  0x00000195a18a0220: 0149 b8a0 | 3901 be95 | 0100 0045 | 8b88 9000 | 0000 4183 | c102 4589 | 8890 0000 | 0041 81e1 
  0x00000195a18a0240: feff 1f00 | 4585 c90f | 8433 4100 | 004c 8bc0 

  0x00000195a18a0250: ;   {metadata(method data for {method} {0x000000000a21ffb8} '<init>' '()V' in 'java/util/AbstractCollection')}
  0x00000195a18a0250: 49b9 a039 | 01be 9501 | 0000 4983 | 81d8 0000 

  0x00000195a18a0260: ;   {metadata(method data for {method} {0x000000000a4b32d8} '<init>' '()V' in 'java/lang/Object')}
  0x00000195a18a0260: 0001 49b8 | 30b3 00be | 9501 0000 | 458b 8890 | 0000 0041 | 83c1 0245 | 8988 9000 | 0000 4181 
  0x00000195a18a0280: e1fe ff1f | 0045 85c9 | 0f84 1341 | 0000 450f | be47 4845 | 85c0 0f85 | 2641 0000 

  0x00000195a18a029c: ;   {oop(a 'java/lang/Object'[0] {0x000000060b4203a0})}
  0x00000195a18a029c: 49ba a003 | 420b 0600 | 0000 49c1 | ea03 4489 

  0x00000195a18a02ac: ;   {oop(a 'java/lang/Object'[0] {0x000000060b4203a0})}
  0x00000195a18a02ac: 5014 49b8 | a003 420b | 0600 0000 | 4c8b c84d | 33c8 49c1 | e916 4983 | f900 0f85 | 1641 0000 
  0x00000195a18a02cc: be00 0000 | 00bb 0000 | 0000 b900 

  0x00000195a18a02d8: ;   {section_word}
  0x00000195a18a02d8: 0000 00c5 | fa10 0525 | f6ff ff89 | 9c24 ec00 | 0000 898c | 2400 0100 | 00c5 fa11 | 8424 c001 
  0x00000195a18a02f8: 0000 488b | 9c24 c000 | 0000 660f | 1f44 0000 | 418b 7b0c 

  0x00000195a18a030c: ;   {metadata(method data for {method} {0x00000195bec64650} 'layout' '()V' in 'com/sun/javafx/text/PrismTextLayout')}
  0x00000195a18a030c: 3bf7 49b8 | a0bd 55bf | 9501 0000 | 41b9 f803 | 0000 7d06 | 41b9 0804 | 0000 89bc | 24e4 0000 
  0x00000195a18a032c: 004b 8b3c | 0848 8d7f | 014b 893c | 080f 8d85 | 1a00 0045 | 8b43 4049 | c1e0 0341 | 3b70 0c0f 
  0x00000195a18a034c: 83b3 4000 | 004c 63ce | 438b 7c88 | 1048 c1e7 | 0348 89bc | 24f8 0000 | 004d 8bc3 | 89b4 24e8 
  0x00000195a18a036c: ;   {metadata(method data for {method} {0x00000195bec64650} 'layout' '()V' in 'com/sun/javafx/text/PrismTextLayout')}
  0x00000195a18a036c: 0000 0049 | b9a0 bd55 | bf95 0100 | 0049 8381 | 1804 0000 | 014c 8bc7 | 4d8b cd48 | 8bfb 498b 
  0x00000195a18a038c: d348 899c | 24c0 0000 

  0x00000195a18a0394: ;   {optimized virtual_call}
  0x00000195a18a0394: 0066 90e8 

  0x00000195a18a0398: ; ImmutableOopMap {[176]=Oop [184]=Oop [192]=Oop [216]=Oop [240]=Oop [248]=Oop }
                      ;*invokevirtual shape {reexecute=0 rethrow=0 return_oop=0}
                      ; - com.sun.javafx.text.PrismTextLayout::layout@225 (line 1113)
  0x00000195a18a0398: 449e 2500 

  0x00000195a18a039c: ;   {post_call_nop}
  0x00000195a18a039c: 0f1f 8400 | 940b 000b | 488b bc24 | f800 0000 

  0x00000195a18a03ac: ; implicit exception: dispatches to 0x00000195a18a4412
  0x00000195a18a03ac: 483b 0748 

  0x00000195a18a03b0: ;   {metadata(method data for {method} {0x00000195bec64650} 'layout' '()V' in 'com/sun/javafx/text/PrismTextLayout')}
  0x00000195a18a03b0: 8bd7 48be | a0bd 55bf | 9501 0000 | 4883 8658 | 0400 0001 

  0x00000195a18a03c4: ;   {metadata(method data for {method} {0x00000195bf04e618} 'isTab' '()Z' in 'com/sun/javafx/text/TextRun')}
  0x00000195a18a03c4: 48ba 80f7 | 2fc0 9501 | 0000 8bb2 | 9000 0000 | 83c6 0289 | b290 0000 | 0081 e6fe | ff1f 0085 
  0x00000195a18a03e4: f60f 842c | 4000 008b | 572c 83e2 

  0x00000195a18a03f0: ;   {metadata(method data for {method} {0x00000195bf04e618} 'isTab' '()Z' in 'com/sun/javafx/text/TextRun')}
  0x00000195a18a03f0: 0185 d248 | ba80 f72f | c095 0100 | 00be d800 | 0000 7405 | bee8 0000 | 0048 8b1c | 3248 8d5b 
  0x00000195a18a0410: 0148 891c | 320f 841a 

  0x00000195a18a0418: ;   {metadata(method data for {method} {0x00000195bf04e618} 'isTab' '()Z' in 'com/sun/javafx/text/TextRun')}
  0x00000195a18a0418: 0000 0048 | ba80 f72f | c095 0100 | 00ff 82f8 | 0000 00ba | 0100 0000 | e905 0000 | 00ba 0000 
  0x00000195a18a0438: 0000 83e2 

  0x00000195a18a043c: ;   {metadata(method data for {method} {0x00000195bec64650} 'layout' '()V' in 'com/sun/javafx/text/PrismTextLayout')}
  0x00000195a18a043c: 0185 d248 | baa0 bd55 | bf95 0100 | 00be 7804 | 0000 7405 | be88 0400 | 0048 8b1c | 3248 8d5b 
  0x00000195a18a045c: 0148 891c | 320f 8478 | 0000 00c5 | fa10 8424 | bc01 0000 | c5fa 108c | 24c0 0100 | 00c5 f25e 
  0x00000195a18a047c: c8c5 fa2c | d181 fa00 | 0000 8075 | 0f48 83ec | 08c5 fa11 

  0x00000195a18a0490: ;   {runtime_call Stub::f2i_fixup}
  0x00000195a18a0490: 0c24 e853 | 0fca 065a | ffc2 c5f2 | 2aca c5f2 | 59c8 488b 

  0x00000195a18a04a4: ;   {metadata(method data for {method} {0x00000195bec64650} 'layout' '()V' in 'com/sun/javafx/text/PrismTextLayout')}
  0x00000195a18a04a4: d748 bea0 | bd55 bf95 

  0x00000195a18a04ac: ;   {metadata('com/sun/javafx/text/TextRun')}
  0x00000195a18a04ac: 0100 0049 | bac0 6630 | 0b00 0000 | 004c 8996 | a004 0000 | 4883 86a8 | 0400 0001 | c5f2 5c8c 
  0x00000195a18a04cc: 24c0 0100 | 00c5 fa11 | 4f18 c5fa | 1184 24bc | 0100 0048 

  0x00000195a18a04e0: ;   {metadata(method data for {method} {0x00000195bec64650} 'layout' '()V' in 'com/sun/javafx/text/PrismTextLayout')}
  0x00000195a18a04e0: 8bf7 48bb | a0bd 55bf | 9501 0000 | 4883 83d8 | 0400 0001 

  0x00000195a18a04f4: ;   {optimized virtual_call}
  0x00000195a18a04f4: 488b d7e8 

  0x00000195a18a04f8: ; ImmutableOopMap {[176]=Oop [184]=Oop [192]=Oop [216]=Oop [240]=Oop [248]=Oop }
                      ;*invokevirtual getWidth {reexecute=0 rethrow=0 return_oop=0}
                      ; - com.sun.javafx.text.PrismTextLayout::layout@260 (line 1119)
  0x00000195a18a04f8: c488 dfff 

  0x00000195a18a04fc: ;   {post_call_nop}
  0x00000195a18a04fc: 0f1f 8400 | f40c 000c | 488b 9424 | b000 0000 | c5fa 104a 

  0x00000195a18a0510: ;   {section_word}
  0x00000195a18a0510: 18c5 fa10 | 15f3 f3ff | ffc5 f82e | cabe ffff | ffff 0f8a | 1400 0000 | 0f82 0e00 | 0000 be00 
  0x00000195a18a0530: 0000 000f | 8403 0000 | 0048 ffc6 

  0x00000195a18a053c: ;   {metadata(method data for {method} {0x00000195bec64650} 'layout' '()V' in 'com/sun/javafx/text/PrismTextLayout')}
  0x00000195a18a053c: 85f6 48be | a0bd 55bf | 9501 0000 | bf08 0500 | 007f 05bf | f804 0000 | 488b 1c3e | 488d 5b01 
  0x00000195a18a055c: 4889 1c3e | 0f8f 1400 | 0000 488b | bc24 f800 | 0000 8bb4 | 24e8 0000 | 00e9 3213 | 0000 c5f8 
  0x00000195a18a057c: 28d0 c5ea | 5894 24c0 | 0100 00c5 | f82e d1be | ffff ffff | 0f8a 1400 | 0000 0f82 | 0e00 0000 
  0x00000195a18a059c: be00 0000 | 000f 8403 | 0000 0048 | ffc6 85f6 

  0x00000195a18a05ac: ;   {metadata(method data for {method} {0x00000195bec64650} 'layout' '()V' in 'com/sun/javafx/text/PrismTextLayout')}
  0x00000195a18a05ac: 48be a0bd | 55bf 9501 | 0000 bf28 | 0500 007f | 05bf 1805 | 0000 488b | 1c3e 488d | 5b01 4889 
  0x00000195a18a05cc: 1c3e 488b | bc24 f800 | 0000 0f8f | 0c00 0000 | 8bb4 24e8 | 0000 00e9 | c412 0000 

  0x00000195a18a05e8: ;   {metadata(method data for {method} {0x00000195bec64650} 'layout' '()V' in 'com/sun/javafx/text/PrismTextLayout')}
  0x00000195a18a05e8: 488b f748 | bba0 bd55 | bf95 0100 

  0x00000195a18a05f4: ;   {metadata('com/sun/javafx/text/TextRun')}
  0x00000195a18a05f4: 0049 bac0 | 6630 0b00 | 0000 004c | 8993 4005 | 0000 4883 | 8348 0500 

  0x00000195a18a060c: ;   {metadata(method data for {method} {0x00000195bf04e338} 'isLinebreak' '()Z' in 'com/sun/javafx/text/TextRun')}
  0x00000195a18a060c: 0001 48be | b8f8 2fc0 | 9501 0000 | 8b9e 9000 | 0000 83c3 | 0289 9e90 | 0000 0081 | e3fe ff1f 
  0x00000195a18a062c: 0085 db0f | 8403 3e00 | 008b 772c | 83e6 0285 

  0x00000195a18a063c: ;   {metadata(method data for {method} {0x00000195bf04e338} 'isLinebreak' '()Z' in 'com/sun/javafx/text/TextRun')}
  0x00000195a18a063c: f648 beb8 | f82f c095 | 0100 00bb | d800 0000 | 7405 bbe8 | 0000 0048 | 8b04 1e48 | 8d40 0148 
  0x00000195a18a065c: 8904 1e0f | 841a 0000 

  0x00000195a18a0664: ;   {metadata(method data for {method} {0x00000195bf04e338} 'isLinebreak' '()Z' in 'com/sun/javafx/text/TextRun')}
  0x00000195a18a0664: 0048 beb8 | f82f c095 | 0100 00ff | 86f8 0000 | 00be 0100 | 0000 e905 | 0000 00be | 0000 0000 
  0x00000195a18a0684: 83e6 0185 

  0x00000195a18a0688: ;   {metadata(method data for {method} {0x00000195bec64650} 'layout' '()V' in 'com/sun/javafx/text/PrismTextLayout')}
  0x00000195a18a0688: f648 bea0 | bd55 bf95 | 0100 00bb | 7805 0000 | 7405 bb68 | 0500 0048 | 8b04 1e48 | 8d40 0148 
  0x00000195a18a06a8: 8904 1e0f | 840c 0000 | 008b b424 | e800 0000 | e9ef 1100 | 00c5 fa11 | 8424 c401 | 0000 488b 
  0x00000195a18a06c8: ;   {metadata(method data for {method} {0x00000195bec64650} 'layout' '()V' in 'com/sun/javafx/text/PrismTextLayout')}
  0x00000195a18a06c8: f748 bba0 | bd55 bf95 

  0x00000195a18a06d0: ;   {metadata('com/sun/javafx/text/TextRun')}
  0x00000195a18a06d0: 0100 0049 | bac0 6630 | 0b00 0000 | 004c 8993 | 9005 0000 | 4883 8398 | 0500 0001 | 8b77 1048 
  0x00000195a18a06f0: ;   {metadata(method data for {method} {0x00000195bec64650} 'layout' '()V' in 'com/sun/javafx/text/PrismTextLayout')}
  0x00000195a18a06f0: 8bdf 48b8 | a0bd 55bf | 9501 0000 

  0x00000195a18a06fc: ;   {metadata('com/sun/javafx/text/TextRun')}
  0x00000195a18a06fc: 49ba c066 | 300b 0000 | 0000 4c89 | 90c0 0500 | 0048 8380 | c805 0000 | 01c5 f25c | 8c24 c001 
  0x00000195a18a071c: 0000 c5f8 | 28c1 488b | d789 b424 | 0401 0000 

  0x00000195a18a072c: ;   {optimized virtual_call}
  0x00000195a18a072c: 6666 90e8 

  0x00000195a18a0730: ; ImmutableOopMap {[176]=Oop [184]=Oop [192]=Oop [216]=Oop [240]=Oop [248]=Oop }
                      ;*invokevirtual getWrapIndex {reexecute=0 rethrow=0 return_oop=0}
                      ; - com.sun.javafx.text.PrismTextLayout::layout@309 (line 1123)
  0x00000195a18a0730: 0947 0000 

  0x00000195a18a0734: ;   {post_call_nop}
  0x00000195a18a0734: 0f1f 8400 | 2c0f 000d | 8bb4 2404 | 0100 0003 | f048 8bbc | 24f8 0000 

  0x00000195a18a074c: ;   {metadata(method data for {method} {0x00000195bec64650} 'layout' '()V' in 'com/sun/javafx/text/PrismTextLayout')}
  0x00000195a18a074c: 0049 b8a0 | bd55 bf95 

  0x00000195a18a0754: ;   {metadata('com/sun/javafx/text/TextRun')}
  0x00000195a18a0754: 0100 0049 | bac0 6630 | 0b00 0000 | 004d 8990 | f005 0000 | 4983 80f8 | 0500 0001 

  0x00000195a18a0770: ;   {metadata(method data for {method} {0x00000195bf04de30} 'getEnd' '()I' in 'com/sun/javafx/text/TextRun')}
  0x00000195a18a0770: 49b8 88fd | 2fc0 9501 | 0000 418b | 9090 0000 | 0083 c202 | 4189 9090 | 0000 0081 | e2fe ff1f 
  0x00000195a18a0790: 0085 d20f | 84c0 3c00 | 0048 8bbc | 24f8 0000 | 0044 8b47 | 108b 5714 | 4403 c248 | 8bd6 ffc2 
  0x00000195a18a07b0: ;   {metadata(method data for {method} {0x00000195bec64650} 'layout' '()V' in 'com/sun/javafx/text/PrismTextLayout')}
  0x00000195a18a07b0: 413b d049 | b8a0 bd55 | bf95 0100 | 00bb 2806 | 0000 7c05 | bb18 0600 | 0049 8b04 | 1848 8d40 
  0x00000195a18a07d0: 0149 8904 | 180f 8c18 | 0000 0048 | 8bde 488b | 8c24 d800 | 0000 488b | 8424 b800 | 0000 e961 
  0x00000195a18a07f0: 0000 0048 | 8b84 24b8 | 0000 003b | 700c 0f83 | 803c 0000 | 4c63 c646 | 0fb7 4440 | 1041 83f8 
  0x00000195a18a0810: ;   {metadata(method data for {method} {0x00000195bec64650} 'layout' '()V' in 'com/sun/javafx/text/PrismTextLayout')}
  0x00000195a18a0810: 2049 b8a0 | bd55 bf95 | 0100 00bb | 4806 0000 | 7405 bb38 | 0600 0049 | 8b0c 1848 | 8d49 0149 
  0x00000195a18a0830: 890c 180f | 8410 0000 | 0048 8bde | 488b 8c24 | d800 0000 | e90b 0000 | 0048 8bda | 488b 8c24 
  0x00000195a18a0850: d800 0000 

  0x00000195a18a0854: ;   {metadata(method data for {method} {0x00000195bec64650} 'layout' '()V' in 'com/sun/javafx/text/PrismTextLayout')}
  0x00000195a18a0854: 4885 c949 | b8a0 bd55 | bf95 0100 | 00ba 5806 | 0000 7405 | ba68 0600 | 004d 8b0c | 104d 8d49 
  0x00000195a18a0874: 014d 890c | 1089 b424 | 0c01 0000 | 0f84 f600 | 0000 4c8b | c348 8bd1 | 4889 8c24 | d800 0000 
  0x00000195a18a0894: 899c 2408 | 0100 0066 | 9048 b868 | 8d7d d695 

  0x00000195a18a08a4: ;   {virtual_call}
  0x00000195a18a08a4: 0100 00e8 

  0x00000195a18a08a8: ; ImmutableOopMap {[176]=Oop [184]=Oop [192]=Oop [216]=Oop [240]=Oop [248]=Oop }
                      ;*invokevirtual isBoundary {reexecute=0 rethrow=0 return_oop=0}
                      ; - com.sun.javafx.text.PrismTextLayout::layout@360 (line 1142)
  0x00000195a18a08a8: 34ee ce06 

  0x00000195a18a08ac: ;   {post_call_nop}
  0x00000195a18a08ac: 0f1f 8400 | a410 000e 

  0x00000195a18a08b4: ;   {metadata(method data for {method} {0x00000195bec64650} 'layout' '()V' in 'com/sun/javafx/text/PrismTextLayout')}
  0x00000195a18a08b4: 85c0 49b8 | a0bd 55bf | 9501 0000 | baa8 0600 | 0075 05ba | b806 0000 | 498b 3410 | 488d 7601 
  0x00000195a18a08d4: 4989 3410 | 8b9c 2408 | 0100 0048 | 8b84 24b8 | 0000 000f | 853e 0000 | 003b 580c | 0f83 a63b 
  0x00000195a18a08f4: 0000 4c63 | c346 0fb7 | 4440 1041 

  0x00000195a18a0900: ;   {metadata(method data for {method} {0x00000195bec64650} 'layout' '()V' in 'com/sun/javafx/text/PrismTextLayout')}
  0x00000195a18a0900: 83f8 0949 | b8a0 bd55 | bf95 0100 | 00ba c806 | 0000 7505 | bad8 0600 | 0049 8b34 | 1048 8d76 
  0x00000195a18a0920: 0149 8934 | 100f 8516 

  0x00000195a18a0928: ;   {metadata(method data for {method} {0x00000195bec64650} 'layout' '()V' in 'com/sun/javafx/text/PrismTextLayout')}
  0x00000195a18a0928: 0000 0049 | b8a0 bd55 | bf95 0100 | 0041 ff80 | e806 0000 | e926 0000 | 004c 8bc3 | 488b 9424 
  0x00000195a18a0948: d800 0000 | 9048 b890 | 8d7d d695 

  0x00000195a18a0954: ;   {virtual_call}
  0x00000195a18a0954: 0100 00e8 

  0x00000195a18a0958: ; ImmutableOopMap {[176]=Oop [184]=Oop [192]=Oop [216]=Oop [240]=Oop [248]=Oop }
                      ;*invokevirtual preceding {reexecute=0 rethrow=0 return_oop=0}
                      ; - com.sun.javafx.text.PrismTextLayout::layout@384 (line 1142)
  0x00000195a18a0958: 84ed ce06 

  0x00000195a18a095c: ;   {post_call_nop}
  0x00000195a18a095c: 0f1f 8400 | 5411 000f 

  0x00000195a18a0964: ;   {metadata(method data for {method} {0x00000195bec64650} 'layout' '()V' in 'com/sun/javafx/text/PrismTextLayout')}
  0x00000195a18a0964: 488b d848 | baa0 bd55 | bf95 0100 | 00ff 8230 | 0700 00e9 | 1404 0000 | 4889 8c24 | d800 0000 
  0x00000195a18a0984: ; implicit exception: dispatches to 0x00000195a18a44aa
  0x00000195a18a0984: 3b58 0c0f | 8327 3b00 | 0048 63d3 | 0fb7 7450 

  0x00000195a18a0994: ;   {metadata(method data for {method} {0x00000195bec64650} 'layout' '()V' in 'com/sun/javafx/text/PrismTextLayout')}
  0x00000195a18a0994: 1048 baa0 | bd55 bf95 | 0100 0048 | 8382 4807 

  0x00000195a18a09a4: ;   {metadata(method data for {method} {0x000000000a1a8bc8} 'isWhitespace' '(C)Z' in 'java/lang/Character')}
  0x00000195a18a09a4: 0000 0148 | baa8 b431 | be95 0100 | 008b ba90 | 0000 0083 | c702 89ba | 9000 0000 | 81e7 feff 
  0x00000195a18a09c4: 1f00 85ff | 0f84 f43a 

  0x00000195a18a09cc: ;   {metadata(method data for {method} {0x000000000a1a8bc8} 'isWhitespace' '(C)Z' in 'java/lang/Character')}
  0x00000195a18a09cc: 0000 48ba | a8b4 31be | 9501 0000 | 4883 82d8 | 0000 0001 

  0x00000195a18a09e0: ;   {metadata(method data for {method} {0x000000000a1a8c20} 'isWhitespace' '(I)Z' in 'java/lang/Character')}
  0x00000195a18a09e0: 48ba 50b3 | 31be 9501 | 0000 8bba | 9000 0000 | 83c7 0289 | ba90 0000 | 0081 e7fe | ff1f 0085 
  0x00000195a18a0a00: ff0f 84dc 

  0x00000195a18a0a04: ;   {metadata(method data for {method} {0x000000000a1a8c20} 'isWhitespace' '(I)Z' in 'java/lang/Character')}
  0x00000195a18a0a04: 3a00 0048 | ba50 b331 | be95 0100 | 0048 8382 | d800 0000 | 0148 8bd6 | 899c 2408 | 0100 0089 
  0x00000195a18a0a24: b424 1001 | 0000 0f1f 

  0x00000195a18a0a2c: ;   {static_call}
  0x00000195a18a0a2c: 4400 00e8 

  0x00000195a18a0a30: ; ImmutableOopMap {[176]=Oop [184]=Oop [192]=Oop [216]=Oop [240]=Oop [248]=Oop }
                      ;*invokestatic of {reexecute=0 rethrow=0 return_oop=0}
                      ; - java.lang.Character::isWhitespace@1 (line 11711)
                      ; - java.lang.Character::isWhitespace@1 (line 11680)
                      ; - com.sun.javafx.text.PrismTextLayout::layout@396 (line 1145)
  0x00000195a18a0a30: acf1 ce06 

  0x00000195a18a0a34: ;   {post_call_nop}
  0x00000195a18a0a34: 0f1f 8400 | 2c12 0010 

  0x00000195a18a0a3c: ; implicit exception: dispatches to 0x00000195a18a4504
  0x00000195a18a0a3c: 483b 004c 

  0x00000195a18a0a40: ;   {metadata(method data for {method} {0x000000000a1a8c20} 'isWhitespace' '(I)Z' in 'java/lang/Character')}
  0x00000195a18a0a40: 8bc0 48ba | 50b3 31be | 9501 0000 | 458b 4008 | 41ba 0000 | 000a 4d03 | c24c 3b82 | f000 0000 
  0x00000195a18a0a60: 750d 4883 | 82f8 0000 | 0001 e960 | 0000 004c | 3b82 0001 | 0000 750d | 4883 8208 | 0100 0001 
  0x00000195a18a0a80: e94a 0000 | 0048 83ba | f000 0000 | 0075 174c | 8982 f000 | 0000 48c7 | 82f8 0000 | 0001 0000 
  0x00000195a18a0aa0: 00e9 2900 | 0000 4883 | ba00 0100 | 0000 7517 | 4c89 8200 | 0100 0048 | c782 0801 | 0000 0100 
  0x00000195a18a0ac0: 0000 e908 | 0000 0048 | 8382 e800 | 0000 0144 | 8b84 2410 | 0100 0048 | 8bd0 6666 | 9048 b8b8 
  0x00000195a18a0ae0: 8d7d d695 

  0x00000195a18a0ae4: ;   {virtual_call}
  0x00000195a18a0ae4: 0100 00e8 

  0x00000195a18a0ae8: ; ImmutableOopMap {[176]=Oop [184]=Oop [192]=Oop [216]=Oop [240]=Oop [248]=Oop }
                      ;*invokevirtual isWhitespace {reexecute=0 rethrow=0 return_oop=0}
                      ; - java.lang.Character::isWhitespace@5 (line 11711)
                      ; - java.lang.Character::isWhitespace@1 (line 11680)
                      ; - com.sun.javafx.text.PrismTextLayout::layout@396 (line 1145)
  0x00000195a18a0ae8: 9681 4307 

  0x00000195a18a0aec: ;   {post_call_nop}
  0x00000195a18a0aec: 0f1f 8400 | e412 0011 | 83e0 0183 | e001 8b9c | 2408 0100 | 0089 8424 | 1801 0000 | 488b 8424 
  0x00000195a18a0b0c: b800 0000 | 3b9c 24ec 

  0x00000195a18a0b14: ;   {metadata(method data for {method} {0x00000195bec64650} 'layout' '()V' in 'com/sun/javafx/text/PrismTextLayout')}
  0x00000195a18a0b14: 0000 0048 | baa0 bd55 | bf95 0100 | 00bf 5807 | 0000 7e05 | bf68 0700 | 0048 8b0c | 3a48 8d49 
  0x00000195a18a0b34: 0148 890c | 3a48 8bd3 | 0f8e 2c02 | 0000 ffca | 3b50 0c0f | 83bc 3900 | 0048 63d2 | 0fb7 7c50 
  0x00000195a18a0b54: ;   {metadata(method data for {method} {0x00000195bec64650} 'layout' '()V' in 'com/sun/javafx/text/PrismTextLayout')}
  0x00000195a18a0b54: 1048 baa0 | bd55 bf95 | 0100 0048 | 8382 7807 

  0x00000195a18a0b64: ;   {metadata(method data for {method} {0x000000000a1a8bc8} 'isWhitespace' '(C)Z' in 'java/lang/Character')}
  0x00000195a18a0b64: 0000 0148 | baa8 b431 | be95 0100 | 008b 8a90 | 0000 0083 | c102 898a | 9000 0000 | 81e1 feff 
  0x00000195a18a0b84: 1f00 85c9 | 0f84 8939 

  0x00000195a18a0b8c: ;   {metadata(method data for {method} {0x000000000a1a8bc8} 'isWhitespace' '(C)Z' in 'java/lang/Character')}
  0x00000195a18a0b8c: 0000 48ba | a8b4 31be | 9501 0000 | 4883 82d8 | 0000 0001 

  0x00000195a18a0ba0: ;   {metadata(method data for {method} {0x000000000a1a8c20} 'isWhitespace' '(I)Z' in 'java/lang/Character')}
  0x00000195a18a0ba0: 48ba 50b3 | 31be 9501 | 0000 8b8a | 9000 0000 | 83c1 0289 | 8a90 0000 | 0081 e1fe | ff1f 0085 
  0x00000195a18a0bc0: c90f 8471 

  0x00000195a18a0bc4: ;   {metadata(method data for {method} {0x000000000a1a8c20} 'isWhitespace' '(I)Z' in 'java/lang/Character')}
  0x00000195a18a0bc4: 3900 0048 | ba50 b331 | be95 0100 | 0048 8382 | d800 0000 | 0148 8bd7 | 899c 241c | 0100 0089 
  0x00000195a18a0be4: bc24 1401 | 0000 0f1f 

  0x00000195a18a0bec: ;   {static_call}
  0x00000195a18a0bec: 4400 00e8 

  0x00000195a18a0bf0: ; ImmutableOopMap {[176]=Oop [184]=Oop [192]=Oop [216]=Oop [240]=Oop [248]=Oop }
                      ;*invokestatic of {reexecute=0 rethrow=0 return_oop=0}
                      ; - java.lang.Character::isWhitespace@1 (line 11711)
                      ; - java.lang.Character::isWhitespace@1 (line 11680)
                      ; - com.sun.javafx.text.PrismTextLayout::layout@414 (line 1147)
  0x00000195a18a0bf0: ecef ce06 

  0x00000195a18a0bf4: ;   {post_call_nop}
  0x00000195a18a0bf4: 0f1f 8400 | ec13 0012 

  0x00000195a18a0bfc: ; implicit exception: dispatches to 0x00000195a18a4559
  0x00000195a18a0bfc: 483b 004c 

  0x00000195a18a0c00: ;   {metadata(method data for {method} {0x000000000a1a8c20} 'isWhitespace' '(I)Z' in 'java/lang/Character')}
  0x00000195a18a0c00: 8bc0 48ba | 50b3 31be | 9501 0000 | 458b 4008 | 41ba 0000 | 000a 4d03 | c24c 3b82 | f000 0000 
  0x00000195a18a0c20: 750d 4883 | 82f8 0000 | 0001 e960 | 0000 004c | 3b82 0001 | 0000 750d | 4883 8208 | 0100 0001 
  0x00000195a18a0c40: e94a 0000 | 0048 83ba | f000 0000 | 0075 174c | 8982 f000 | 0000 48c7 | 82f8 0000 | 0001 0000 
  0x00000195a18a0c60: 00e9 2900 | 0000 4883 | ba00 0100 | 0000 7517 | 4c89 8200 | 0100 0048 | c782 0801 | 0000 0100 
  0x00000195a18a0c80: 0000 e908 | 0000 0048 | 8382 e800 | 0000 0144 | 8b84 2414 | 0100 0048 | 8bd0 6666 | 9048 b8e0 
  0x00000195a18a0ca0: 8d7d d695 

  0x00000195a18a0ca4: ;   {virtual_call}
  0x00000195a18a0ca4: 0100 00e8 

  0x00000195a18a0ca8: ; ImmutableOopMap {[176]=Oop [184]=Oop [192]=Oop [216]=Oop [240]=Oop [248]=Oop }
                      ;*invokevirtual isWhitespace {reexecute=0 rethrow=0 return_oop=0}
                      ; - java.lang.Character::isWhitespace@5 (line 11711)
                      ; - java.lang.Character::isWhitespace@1 (line 11680)
                      ; - com.sun.javafx.text.PrismTextLayout::layout@414 (line 1147)
  0x00000195a18a0ca8: d67f 4307 

  0x00000195a18a0cac: ;   {post_call_nop}
  0x00000195a18a0cac: 0f1f 8400 | a414 0013 | 83e0 0183 | e001 8b9c | 2418 0100 

  0x00000195a18a0cc0: ;   {metadata(method data for {method} {0x00000195bec64650} 'layout' '()V' in 'com/sun/javafx/text/PrismTextLayout')}
  0x00000195a18a0cc0: 0085 db48 | bba0 bd55 | bf95 0100 | 00ba 8807 | 0000 7505 | ba98 0700 | 0048 8b34 | 1348 8d76 
  0x00000195a18a0ce0: 0148 8934 | 130f 852a | 0000 0085 

  0x00000195a18a0cec: ;   {metadata(method data for {method} {0x00000195bec64650} 'layout' '()V' in 'com/sun/javafx/text/PrismTextLayout')}
  0x00000195a18a0cec: c048 bba0 | bd55 bf95 | 0100 00ba | b807 0000 | 7505 baa8 | 0700 0048 | 8b34 1348 | 8d76 0148 
  0x00000195a18a0d0c: 8934 130f | 8561 0000 | 008b 9424 | 1c01 0000 

  0x00000195a18a0d1c: ;   {metadata(method data for {method} {0x00000195bec64650} 'layout' '()V' in 'com/sun/javafx/text/PrismTextLayout')}
  0x00000195a18a0d1c: ffca 48bb | a0bd 55bf | 9501 0000 | 8bb3 9400 | 0000 83c6 | 0289 b394 | 0000 0081 | e6fe 3f00 
  0x00000195a18a0d3c: 0085 f60f | 8419 3800 | 004d 8b57 

  0x00000195a18a0d48: ; ImmutableOopMap {[176]=Oop [184]=Oop [192]=Oop [216]=Oop [240]=Oop [248]=Oop }
                      ;*goto {reexecute=1 rethrow=0 return_oop=0}
                      ; - (reexecute) com.sun.javafx.text.PrismTextLayout::layout@439 (line 1151)
                      ;   {poll}
  0x00000195a18a0d48: 3041 8502 

  0x00000195a18a0d4c: ;   {metadata(method data for {method} {0x00000195bec64650} 'layout' '()V' in 'com/sun/javafx/text/PrismTextLayout')}
  0x00000195a18a0d4c: 48bb a0bd | 55bf 9501 | 0000 ff83 | e007 0000 | 488b d889 | 9c24 1801 | 0000 488b | dae9 9afd 
  0x00000195a18a0d6c: ffff 488b | dae9 1a00 | 0000 8b94 | 241c 0100 

  0x00000195a18a0d7c: ;   {metadata(method data for {method} {0x00000195bec64650} 'layout' '()V' in 'com/sun/javafx/text/PrismTextLayout')}
  0x00000195a18a0d7c: 0048 bba0 | bd55 bf95 | 0100 00ff | 83c8 0700 | 0048 8bda | 3b9c 24ec 

  0x00000195a18a0d94: ;   {metadata(method data for {method} {0x00000195bec64650} 'layout' '()V' in 'com/sun/javafx/text/PrismTextLayout')}
  0x00000195a18a0d94: 0000 0048 | baa0 bd55 | bf95 0100 | 00be f807 | 0000 7d05 | be08 0800 | 0048 8b3c | 3248 8d7f 
  0x00000195a18a0db4: 0148 893c | 320f 8d07 | 0000 008b | 9c24 ec00 | 0000 8b8c | 2400 0100 

  0x00000195a18a0dcc: ;   {oop(nullptr)}
  0x00000195a18a0dcc: 0048 ba00 | 0000 0000 | 0000 004c | 8b9c 24b0 | 0000 00e9 | e100 0000 | 0f1f 4000 | 418b 5340 
  0x00000195a18a0dec: 48c1 e203 

  0x00000195a18a0df0: ; implicit exception: dispatches to 0x00000195a18a457f
  0x00000195a18a0df0: 3b4a 0c0f | 8390 3700 | 0048 63f9 | 8b54 ba10 | 48c1 e203 

  0x00000195a18a0e04: ; implicit exception: dispatches to 0x00000195a18a4597
  0x00000195a18a0e04: 483b 0248 

  0x00000195a18a0e08: ;   {metadata(method data for {method} {0x00000195bec64650} 'layout' '()V' in 'com/sun/javafx/text/PrismTextLayout')}
  0x00000195a18a0e08: 8bfa 48b8 | a0bd 55bf | 9501 0000 

  0x00000195a18a0e14: ;   {metadata('com/sun/javafx/text/TextRun')}
  0x00000195a18a0e14: 49ba c066 | 300b 0000 | 0000 4c89 | 9040 0800 | 0048 8380 | 4808 0000 

  0x00000195a18a0e2c: ;   {metadata(method data for {method} {0x00000195bf04de30} 'getEnd' '()I' in 'com/sun/javafx/text/TextRun')}
  0x00000195a18a0e2c: 0148 bf88 | fd2f c095 | 0100 008b | 8790 0000 | 0083 c002 | 8987 9000 | 0000 25fe | ff1f 0085 
  0x00000195a18a0e4c: c00f 8449 | 3700 008b | 7a10 8b42 | 1403 f83b 

  0x00000195a18a0e5c: ;   {metadata(method data for {method} {0x00000195bec64650} 'layout' '()V' in 'com/sun/javafx/text/PrismTextLayout')}
  0x00000195a18a0e5c: fb48 bfa0 | bd55 bf95 | 0100 00b8 | 7808 0000 | 7f05 b868 | 0800 004c | 8b04 074d | 8d40 014c 
  0x00000195a18a0e7c: 8904 070f | 8f73 0000 

  0x00000195a18a0e84: ;   {metadata(method data for {method} {0x00000195bec64650} 'layout' '()V' in 'com/sun/javafx/text/PrismTextLayout')}
  0x00000195a18a0e84: 00ff c148 | bea0 bd55 | bf95 0100 | 008b be94 | 0000 0083 | c702 89be | 9400 0000 | 81e7 fe3f 
  0x00000195a18a0ea4: 0000 85ff | 0f84 0f37 | 0000 4d8b 

  0x00000195a18a0eb0: ; ImmutableOopMap {r11=Oop rdx=Oop [176]=Oop [184]=Oop [192]=Oop [216]=Oop [240]=Oop [248]=Oop }
                      ;*goto {reexecute=1 rethrow=0 return_oop=0}
                      ; - (reexecute) com.sun.javafx.text.PrismTextLayout::layout@494 (line 1163)
                      ;   {poll}
  0x00000195a18a0eb0: 5730 4185 

  0x00000195a18a0eb4: ;   {metadata(method data for {method} {0x00000195bec64650} 'layout' '()V' in 'com/sun/javafx/text/PrismTextLayout')}
  0x00000195a18a0eb4: 0248 bea0 | bd55 bf95 | 0100 00ff | 86a0 0800 | 0041 8b73 

  0x00000195a18a0ec8: ;   {metadata(method data for {method} {0x00000195bec64650} 'layout' '()V' in 'com/sun/javafx/text/PrismTextLayout')}
  0x00000195a18a0ec8: 0c3b ce48 | bfa0 bd55 | bf95 0100 | 00b8 1808 | 0000 7d05 | b828 0800 | 004c 8b04 | 074d 8d40 
  0x00000195a18a0ee8: 014c 8904 | 070f 8d15 | 0000 00e9 | f0fe ffff 

  0x00000195a18a0ef8: ;   {metadata(method data for {method} {0x00000195bec64650} 'layout' '()V' in 'com/sun/javafx/text/PrismTextLayout')}
  0x00000195a18a0ef8: 48bf a0bd | 55bf 9501 | 0000 ff87 | 8808 0000 | 3b9c 24ec 

  0x00000195a18a0f0c: ;   {metadata(method data for {method} {0x00000195bec64650} 'layout' '()V' in 'com/sun/javafx/text/PrismTextLayout')}
  0x00000195a18a0f0c: 0000 0048 | bfa0 bd55 | bf95 0100 | 00b8 b808 | 0000 7505 | b8c8 0800 | 004c 8b04 | 074d 8d40 
  0x00000195a18a0f2c: 014c 8904 | 070f 8516 | 0000 008b | 9c24 0c01 | 0000 488b | 9424 f800 | 0000 8b8c | 24e8 0000 
  0x00000195a18a0f4c: 0048 3b02 

  0x00000195a18a0f50: ;   {metadata(method data for {method} {0x00000195bec64650} 'layout' '()V' in 'com/sun/javafx/text/PrismTextLayout')}
  0x00000195a18a0f50: 488b fa48 | b8a0 bd55 | bf95 0100 

  0x00000195a18a0f5c: ;   {metadata('com/sun/javafx/text/TextRun')}
  0x00000195a18a0f5c: 0049 bac0 | 6630 0b00 | 0000 004c | 8990 e008 | 0000 4883 | 80e8 0800 | 0001 8b7a | 102b df85 
  0x00000195a18a0f7c: ;   {metadata(method data for {method} {0x00000195bec64650} 'layout' '()V' in 'com/sun/javafx/text/PrismTextLayout')}
  0x00000195a18a0f7c: db48 bfa0 | bd55 bf95 | 0100 00b8 | 0809 0000 | 7505 b818 | 0900 004c | 8b04 074d | 8d40 014c 
  0x00000195a18a0f9c: 8904 070f | 852f 0000 | 003b 8c24 | 0001 0000 

  0x00000195a18a0fac: ;   {metadata(method data for {method} {0x00000195bec64650} 'layout' '()V' in 'com/sun/javafx/text/PrismTextLayout')}
  0x00000195a18a0fac: 48bf a0bd | 55bf 9501 | 0000 b838 | 0900 0075 | 05b8 2809 | 0000 4c8b | 0407 4d8d | 4001 4c89 
  0x00000195a18a0fcc: 0407 0f85 | d706 0000 

  0x00000195a18a0fd4: ;   {metadata(method data for {method} {0x00000195bec64650} 'layout' '()V' in 'com/sun/javafx/text/PrismTextLayout')}
  0x00000195a18a0fd4: 85db 48bf | a0bd 55bf | 9501 0000 | b860 0900 | 0075 05b8 | 7009 0000 | 4c8b 0407 | 4d8d 4001 
  0x00000195a18a0ff4: 4c89 0407 | 0f85 0200 | 0000 ffc3 

  0x00000195a18a1000: ;   {metadata(method data for {method} {0x00000195bec64650} 'layout' '()V' in 'com/sun/javafx/text/PrismTextLayout')}
  0x00000195a18a1000: 488b fa48 | b8a0 bd55 | bf95 0100 

  0x00000195a18a100c: ;   {metadata('com/sun/javafx/text/TextRun')}
  0x00000195a18a100c: 0049 bac0 | 6630 0b00 | 0000 004c | 8990 8809 | 0000 4883 | 8090 0900 | 0001 8b7a 

  0x00000195a18a1028: ;   {metadata(method data for {method} {0x00000195bec64650} 'layout' '()V' in 'com/sun/javafx/text/PrismTextLayout')}
  0x00000195a18a1028: 143b df48 | bfa0 bd55 | bf95 0100 | 00b8 c009 | 0000 7c05 | b8b0 0900 | 004c 8b04 | 074d 8d40 
  0x00000195a18a1048: 014c 8904 | 070f 8c08 | 0000 0049 | 8bd3 e966 | 0600 0045 | 8b4b 4049 | c1e1 0341 | 8b79 0c3b 
  0x00000195a18a1068: ;   {metadata(method data for {method} {0x00000195bec64650} 'layout' '()V' in 'com/sun/javafx/text/PrismTextLayout')}
  0x00000195a18a1068: f748 b8a0 | bd55 bf95 | 0100 0041 | b8d0 0900 | 007c 0641 | b8e0 0900 | 004e 8b2c | 004d 8d6d 
  0x00000195a18a1088: 014e 892c | 0089 9c24 | 3801 0000 | 4889 9424 | 3001 0000 | 0f8c 5102 | 0000 83c7 | 4048 8bdf 
  0x00000195a18a10a8: ;   {metadata('com/sun/javafx/text/TextRun'[])}
  0x00000195a18a10a8: 48ba 006d | 300b 0000 | 0000 4c8b | c148 63db | 488b fb48 | 81fb ffff | ff00 0f87 | 2035 0000 
  0x00000195a18a10c8: be17 0000 | 0048 8d34 | 9e48 83e6 | f849 8b87 | c801 0000 | 488d 3430 | 493b b7d8 | 0100 000f 
  0x00000195a18a10e8: 87fb 3400 | 0049 89b7 | c801 0000 | 482b f048 | c700 0100 | 0000 488b | ca41 ba00 | 0000 0a49 
  0x00000195a18a1108: 2bca 8948 | 0889 580c | 4883 ee10 | 4885 f60f | 8411 0000 | 0048 33db | 48c1 ee03 | 4889 5cf0 
  0x00000195a18a1128: 0848 ffce 

  0x00000195a18a112c: ;   {metadata(method data for {method} {0x00000195bec64650} 'layout' '()V' in 'com/sun/javafx/text/PrismTextLayout')}
  0x00000195a18a112c: 75f6 48ba | a0bd 55bf | 9501 0000 | 4883 82f0 | 0900 0001 | 498b c8ff | c149 8bd1 | 4489 8424 
  0x00000195a18a114c: 2001 0000 | 41b8 0000 | 0000 4c8b | c8bf 0000 | 0000 488b | f148 8984 | 2428 0100 | 0089 8c24 
  0x00000195a18a116c: 2401 0000 | 498d 0c30 | 3b4a 0c0f | 8775 3400 | 0048 8d0c | 3741 3b49 | 0c0f 8767 | 3400 0085 
  0x00000195a18a118c: f60f 8c5f | 3400 004d | 63c0 4863 | ff4a 8d4c | 8210 498d | 54b9 104c | 8bc6 4883 | ec20 40f6 
  0x00000195a18a11ac: c40f 0f84 | 1200 0000 | 4883 ec08 

  0x00000195a18a11b8: ;   {runtime_call Stub::oop_disjoint_arraycopy}
  0x00000195a18a11b8: e863 19cd | 0648 83c4 | 08e9 0500 

  0x00000195a18a11c4: ;   {runtime_call Stub::oop_disjoint_arraycopy}
  0x00000195a18a11c4: 0000 e855 | 19cd 0648 | 83c4 2048 | 8b94 24b0 | 0000 0044 | 8b42 4049 | c1e0 0345 

  0x00000195a18a11e0: ;   {metadata(method data for {method} {0x00000195bec64650} 'layout' '()V' in 'com/sun/javafx/text/PrismTextLayout')}
  0x00000195a18a11e0: 8b48 0c48 | bfa0 bd55 | bf95 0100 | 0048 8387 | 000a 0000 | 018b 8c24 | 2001 0000 | 83c1 0244 
  0x00000195a18a1200: 2b8c 2420 | 0100 0049 | 8bf1 ffce | 498b d044 | 8b84 2424 | 0100 004c | 8b8c 2428 | 0100 0048 
  0x00000195a18a1220: 8bf9 4585 | c00f 8cdb | 3300 0085 | ff0f 8cd3 | 3300 0049 | 8d0c 303b | 4a0c 0f87 | c633 0000 
  0x00000195a18a1240: 488d 0c37 | 413b 490c | 0f87 b833 | 0000 85f6 | 0f8c b033 | 0000 4d63 | c048 63ff | 4a8d 4c82 
  0x00000195a18a1260: 1049 8d54 | b910 4c8b | c648 83ec | 2040 f6c4 | 0f0f 8412 | 0000 0048 

  0x00000195a18a1278: ;   {runtime_call Stub::oop_arraycopy}
  0x00000195a18a1278: 83ec 08e8 | 4022 cd06 | 4883 c408 | e905 0000 

  0x00000195a18a1288: ;   {runtime_call Stub::oop_arraycopy}
  0x00000195a18a1288: 00e8 3222 | cd06 4883 | c420 410f | be57 4885 | d248 8b94 | 24b0 0000 | 000f 856a | 3300 0048 
  0x00000195a18a12a8: 8b84 2428 | 0100 004c | 8bd0 49c1 | ea03 4489 | 5240 4c8b | c24c 33c0 | 49c1 e816 | 4983 f800 
  0x00000195a18a12c8: 0f85 6333 

  0x00000195a18a12cc: ;   {metadata(method data for {method} {0x00000195bec64650} 'layout' '()V' in 'com/sun/javafx/text/PrismTextLayout')}
  0x00000195a18a12cc: 0000 49b8 | a0bd 55bf | 9501 0000 | 41ff 8010 | 0a00 008b | 9c24 3801 | 0000 488b | b424 3001 
  0x00000195a18a12ec: 0000 e9c2 | 0000 0089 | 8c24 2001 

  0x00000195a18a12f8: ;   {metadata(method data for {method} {0x00000195bec64650} 'layout' '()V' in 'com/sun/javafx/text/PrismTextLayout')}
  0x00000195a18a12f8: 0000 49b8 | a0bd 55bf | 9501 0000 | 4983 8028 | 0a00 0001 | 8b8c 2420 | 0100 00ff | c18b bc24 
  0x00000195a18a1318: 2001 0000 | 83c7 022b | b424 2001 | 0000 ffce | 498b d14c | 8bc1 4585 | c00f 8c12 | 3300 0085 
  0x00000195a18a1338: ff0f 8c0a | 3300 0049 | 8d0c 303b | 4a0c 0f87 | fd32 0000 | 488d 0c37 | 413b 490c | 0f87 ef32 
  0x00000195a18a1358: 0000 85f6 | 0f8c e732 | 0000 4d63 | c048 63ff | 4a8d 4c82 | 1049 8d54 | b910 4c8b | c648 83ec 
  0x00000195a18a1378: 2040 f6c4 | 0f0f 8412 | 0000 0048 

  0x00000195a18a1384: ;   {runtime_call Stub::oop_arraycopy}
  0x00000195a18a1384: 83ec 08e8 | 3421 cd06 | 4883 c408 | e905 0000 

  0x00000195a18a1394: ;   {runtime_call Stub::oop_arraycopy}
  0x00000195a18a1394: 00e8 2621 | cd06 4883 | c420 8b9c | 2438 0100 | 0048 8bb4 | 2430 0100 | 0048 8b94 | 24b0 0000 
  0x00000195a18a13b4: 008b 7a40 | 48c1 e703 

  0x00000195a18a13bc: ;   {metadata(method data for {method} {0x00000195bec64650} 'layout' '()V' in 'com/sun/javafx/text/PrismTextLayout')}
  0x00000195a18a13bc: 4c8b c648 | b8a0 bd55 | bf95 0100 

  0x00000195a18a13c8: ;   {metadata('com/sun/javafx/text/TextRun')}
  0x00000195a18a13c8: 0049 bac0 | 6630 0b00 | 0000 004c | 8990 400a | 0000 4883 | 8048 0a00 | 0001 8b8c | 2420 0100 
  0x00000195a18a13e8: 00ff c14c | 8bc3 488b | d648 89b4 | 2430 0100 | 0048 89bc | 2440 0100 | 0089 8c24 | 3c01 0000 
  0x00000195a18a1408: 0f1f 8000 

  0x00000195a18a140c: ;   {optimized virtual_call}
  0x00000195a18a140c: 0000 00e8 

  0x00000195a18a1410: ; ImmutableOopMap {[176]=Oop [184]=Oop [192]=Oop [216]=Oop [240]=Oop [248]=Oop [304]=Oop [320]=Oop }
                      ;*invokevirtual split {reexecute=0 rethrow=0 return_oop=0}
                      ; - com.sun.javafx.text.PrismTextLayout::layout@685 (line 1200)
  0x00000195a18a1410: 793a 0000 

  0x00000195a18a1414: ;   {post_call_nop}
  0x00000195a18a1414: 0f1f 8400 | 0c1c 0016 | 8b8c 243c | 0100 0048 | 8bbc 2440 | 0100 003b | 4f0c 0f83 | 2f32 0000 
  0x00000195a18a1434: ;   {metadata(method data for {method} {0x00000195bec64650} 'layout' '()V' in 'com/sun/javafx/text/PrismTextLayout')}
  0x00000195a18a1434: 4885 c049 | b9a0 bd55 | bf95 0100 | 0075 0d41 | 8089 610a | 0000 01e9 | da00 0000 | 448b 4008 
  0x00000195a18a1454: 41ba 0000 | 000a 4d03 | c24d 3b81 | 700a 0000 | 750d 4983 | 8178 0a00 | 0001 e960 | 0000 004d 
  0x00000195a18a1474: 3b81 800a | 0000 750d | 4983 8188 | 0a00 0001 | e94a 0000 | 0049 83b9 | 700a 0000 | 0075 174d 
  0x00000195a18a1494: 8981 700a | 0000 49c7 | 8178 0a00 | 0001 0000 | 00e9 2900 | 0000 4983 | b980 0a00 | 0000 7517 
  0x00000195a18a14b4: 4d89 8180 | 0a00 0049 | c781 880a | 0000 0100 | 0000 e908 | 0000 0049 | 8381 680a | 0000 0144 
  0x00000195a18a14d4: 8b47 0841 | ba00 0000 | 0a4d 03c2 | 448b 4808 | 41ba 0000 | 000a 4d03 | ca4d 8b80 | e000 0000 
  0x00000195a18a14f4: 4d3b c80f | 842d 0000 | 0041 8b50 | 144d 3b04 | 110f 841f | 0000 0083 | fa20 0f85 | 6231 0000 
  0x00000195a18a1514: 4151 4150 

  0x00000195a18a1518: ;   {runtime_call C1 Runtime slow_subtype_check_blob}
  0x00000195a18a1518: e843 95dc | 0641 5941 | 5845 85c0 | 0f84 4c31 | 0000 4863 | c94c 8d44 | 8f10 450f | be4f 4845 
  0x00000195a18a1538: 85c9 0f85 | 3f31 0000 | 4c8b d049 | c1ea 0345 | 8910 4d8b | c84c 33c8 | 49c1 e916 | 4983 f900 
  0x00000195a18a1558: 0f85 4031 | 0000 488b | 9424 3001 

  0x00000195a18a1564: ;   {metadata(method data for {method} {0x00000195bec64650} 'layout' '()V' in 'com/sun/javafx/text/PrismTextLayout')}
  0x00000195a18a1564: 0000 49b8 | a0bd 55bf | 9501 0000 

  0x00000195a18a1570: ;   {metadata('com/sun/javafx/text/TextRun')}
  0x00000195a18a1570: 49ba c066 | 300b 0000 | 0000 4d89 | 90a0 0a00 | 0049 8380 | a80a 0000 

  0x00000195a18a1588: ;   {metadata(method data for {method} {0x00000195bf04ea68} 'isComplex' '()Z' in 'com/sun/javafx/text/TextRun')}
  0x00000195a18a1588: 0149 b8e0 | 1340 c095 | 0100 0045 | 8b88 9000 | 0000 4183 | c102 4589 | 8890 0000 | 0041 81e1 
  0x00000195a18a15a8: feff 1f00 | 4585 c90f | 8401 3100 | 0048 8b94 | 2430 0100 | 0044 8b42 | 2c41 83e0 | 2045 85c0 
  0x00000195a18a15c8: ;   {metadata(method data for {method} {0x00000195bf04ea68} 'isComplex' '()Z' in 'com/sun/javafx/text/TextRun')}
  0x00000195a18a15c8: 49b8 e013 | 40c0 9501 | 0000 41b9 | d800 0000 | 7406 41b9 | e800 0000 | 4b8b 3c08 | 488d 7f01 
  0x00000195a18a15e8: 4b89 3c08 | 0f84 1c00 

  0x00000195a18a15f0: ;   {metadata(method data for {method} {0x00000195bf04ea68} 'isComplex' '()Z' in 'com/sun/javafx/text/TextRun')}
  0x00000195a18a15f0: 0000 49b8 | e013 40c0 | 9501 0000 | 41ff 80f8 | 0000 0041 | b801 0000 | 00e9 0600 | 0000 41b8 
  0x00000195a18a1610: 0000 0000 | 4183 e001 

  0x00000195a18a1618: ;   {metadata(method data for {method} {0x00000195bec64650} 'layout' '()V' in 'com/sun/javafx/text/PrismTextLayout')}
  0x00000195a18a1618: 4585 c049 | b8a0 bd55 | bf95 0100 | 0041 b9c8 | 0a00 0074 | 0641 b9d8 | 0a00 004b | 8b3c 0848 
  0x00000195a18a1638: 8d7f 014b | 893c 080f | 8447 0000 | 004c 8b84 | 24b0 0000 

  0x00000195a18a164c: ;   {metadata(method data for {method} {0x00000195bec64650} 'layout' '()V' in 'com/sun/javafx/text/PrismTextLayout')}
  0x00000195a18a164c: 0049 b9a0 | bd55 bf95 | 0100 0049 | 8381 e80a | 0000 014c | 8bc2 4c8b | 8c24 b800 | 0000 488b 
  0x00000195a18a166c: bc24 c000 | 0000 488b | 9424 b000 | 0000 0f1f 

  0x00000195a18a167c: ;   {optimized virtual_call}
  0x00000195a18a167c: 4400 00e8 

  0x00000195a18a1680: ; ImmutableOopMap {[176]=Oop [184]=Oop [192]=Oop [216]=Oop [240]=Oop [248]=Oop }
                      ;*invokevirtual shape {reexecute=0 rethrow=0 return_oop=0}
                      ; - com.sun.javafx.text.PrismTextLayout::layout@702 (line 1202)
  0x00000195a18a1680: 5cdb ce06 

  0x00000195a18a1684: ;   {post_call_nop}
  0x00000195a18a1684: 0f1f 8400 | 7c1e 0017 | 488b 9424 | b000 0000 | 448b 420c | 41ff c044 | 8942 0c8b | 8c24 2001 
  0x00000195a18a16a4: 0000 e916 | 0000 0049 | 8bd3 ffc9 

  0x00000195a18a16b0: ;   {metadata(method data for {method} {0x00000195bec64650} 'layout' '()V' in 'com/sun/javafx/text/PrismTextLayout')}
  0x00000195a18a16b0: 49b8 a0bd | 55bf 9501 | 0000 41ff | 8048 0900 | 004c 8bc1 | 41ff c044 | 8b4a 0c45 

  0x00000195a18a16cc: ;   {metadata(method data for {method} {0x00000195bec64650} 'layout' '()V' in 'com/sun/javafx/text/PrismTextLayout')}
  0x00000195a18a16cc: 3bc1 49b9 | a0bd 55bf | 9501 0000 | bf28 0b00 | 007c 05bf | 180b 0000 | 498b 3439 | 488d 7601 
  0x00000195a18a16ec: 4989 3439 | 0f8c 1900 | 0000 488b | bc24 f800 | 0000 488b | f1c5 fa10 | 8424 c401 | 0000 e99d 
  0x00000195a18a170c: 0100 0044 | 8b4a 4049 | c1e1 0345 | 3b41 0c0f | 83c0 2f00 | 004d 63c0 | 478b 4481 | 1049 c1e0 
  0x00000195a18a172c: 0349 3b00 

  0x00000195a18a1730: ;   {metadata(method data for {method} {0x00000195bec64650} 'layout' '()V' in 'com/sun/javafx/text/PrismTextLayout')}
  0x00000195a18a1730: 498b f848 | bea0 bd55 | bf95 0100 

  0x00000195a18a173c: ;   {metadata('com/sun/javafx/text/TextRun')}
  0x00000195a18a173c: 0049 bac0 | 6630 0b00 | 0000 004c | 8996 400b | 0000 4883 | 8648 0b00 

  0x00000195a18a1754: ;   {metadata(method data for {method} {0x00000195bf04e338} 'isLinebreak' '()Z' in 'com/sun/javafx/text/TextRun')}
  0x00000195a18a1754: 0001 48bf | b8f8 2fc0 | 9501 0000 | 8bb7 9000 | 0000 83c6 | 0289 b790 | 0000 0081 | e6fe ff1f 
  0x00000195a18a1774: 0085 f60f | 8477 2f00 | 0045 8b40 | 2c41 83e0 | 0245 85c0 

  0x00000195a18a1788: ;   {metadata(method data for {method} {0x00000195bf04e338} 'isLinebreak' '()Z' in 'com/sun/javafx/text/TextRun')}
  0x00000195a18a1788: 49b8 b8f8 | 2fc0 9501 | 0000 bfd8 | 0000 0074 | 05bf e800 | 0000 498b | 3438 488d | 7601 4989 
  0x00000195a18a17a8: 3438 0f84 | 1c00 0000 

  0x00000195a18a17b0: ;   {metadata(method data for {method} {0x00000195bf04e338} 'isLinebreak' '()Z' in 'com/sun/javafx/text/TextRun')}
  0x00000195a18a17b0: 49b8 b8f8 | 2fc0 9501 | 0000 41ff | 80f8 0000 | 0041 b801 | 0000 00e9 | 0600 0000 | 41b8 0000 
  0x00000195a18a17d0: 0000 4183 | e001 4585 

  0x00000195a18a17d8: ;   {metadata(method data for {method} {0x00000195bec64650} 'layout' '()V' in 'com/sun/javafx/text/PrismTextLayout')}
  0x00000195a18a17d8: c049 b8a0 | bd55 bf95 | 0100 00bf | 780b 0000 | 7405 bf68 | 0b00 0049 | 8b34 3848 | 8d76 0149 
  0x00000195a18a17f8: 8934 380f | 8419 0000 | 0048 8bbc | 24f8 0000 | 0048 8bf1 | c5fa 1084 | 24c4 0100 | 00e9 9200 
  0x00000195a18a1818: 0000 413b | 490c 0f83 | f12e 0000 | 4c63 c147 | 8b44 8110 | 49c1 e003 

  0x00000195a18a1830: ; implicit exception: dispatches to 0x00000195a18a4723
  0x00000195a18a1830: 493b 004d 

  0x00000195a18a1834: ;   {metadata(method data for {method} {0x00000195bec64650} 'layout' '()V' in 'com/sun/javafx/text/PrismTextLayout')}
  0x00000195a18a1834: 8bc8 48bf | a0bd 55bf | 9501 0000 

  0x00000195a18a1840: ;   {metadata('com/sun/javafx/text/TextRun')}
  0x00000195a18a1840: 49ba c066 | 300b 0000 | 0000 4c89 | 9790 0b00 | 0048 8387 | 980b 0000 

  0x00000195a18a1858: ;   {metadata(method data for {method} {0x00000195bf04f660} 'setSoftbreak' '()V' in 'com/sun/javafx/text/TextRun')}
  0x00000195a18a1858: 0149 b918 | 1540 c095 | 0100 0041 | 8bb9 9000 | 0000 83c7 | 0241 89b9 | 9000 0000 | 81e7 feff 
  0x00000195a18a1878: 1f00 85ff | 0f84 a62e | 0000 458b | 482c 4183 | c904 4589 | 482c 448b | 4a20 4181 | c980 0000 
  0x00000195a18a1898: 0044 894a | 2049 8bf8 | 488b f1c5 | fa10 8424 | c401 0000 | c5fa 5884 | 24c0 0100 | 0048 3b07 
  0x00000195a18a18b8: ;   {metadata(method data for {method} {0x00000195bec64650} 'layout' '()V' in 'com/sun/javafx/text/PrismTextLayout')}
  0x00000195a18a18b8: 4c8b c749 | b9a0 bd55 | bf95 0100 | 0049 8381 | c80b 0000 

  0x00000195a18a18cc: ;   {metadata(method data for {method} {0x00000195bf04e560} 'isBreak' '()Z' in 'com/sun/javafx/text/TextRun')}
  0x00000195a18a18cc: 0149 b820 | 1640 c095 | 0100 0045 | 8b88 9000 | 0000 4183 | c102 4589 | 8890 0000 | 0041 81e1 
  0x00000195a18a18ec: feff 1f00 | 4585 c90f | 8455 2e00 | 0044 8b47 | 2c41 83e0 | 0645 85c0 

  0x00000195a18a1904: ;   {metadata(method data for {method} {0x00000195bf04e560} 'isBreak' '()Z' in 'com/sun/javafx/text/TextRun')}
  0x00000195a18a1904: 49b8 2016 | 40c0 9501 | 0000 41b9 | d800 0000 | 7406 41b9 | e800 0000 | 4b8b 3c08 | 488d 7f01 
  0x00000195a18a1924: 4b89 3c08 | 0f84 1c00 

  0x00000195a18a192c: ;   {metadata(method data for {method} {0x00000195bf04e560} 'isBreak' '()Z' in 'com/sun/javafx/text/TextRun')}
  0x00000195a18a192c: 0000 49b8 | 2016 40c0 | 9501 0000 | 41ff 80f8 | 0000 0041 | b801 0000 | 00e9 0600 | 0000 41b8 
  0x00000195a18a194c: 0000 0000 | 4183 e001 

  0x00000195a18a1954: ;   {metadata(method data for {method} {0x00000195bec64650} 'layout' '()V' in 'com/sun/javafx/text/PrismTextLayout')}
  0x00000195a18a1954: 4585 c049 | b8a0 bd55 | bf95 0100 | 0041 b9f8 | 0b00 0075 | 0641 b9e8 | 0b00 004b | 8b3c 0848 
  0x00000195a18a1974: 8d7f 014b | 893c 080f | 851e 0000 | 008b 9c24 | ec00 0000 | 8b8c 2400 | 0100 004c | 8bc6 488b 
  0x00000195a18a1994: b424 f000 | 0000 e9aa | 0300 004c 

  0x00000195a18a19a0: ;   {metadata(method data for {method} {0x00000195bec64650} 'layout' '()V' in 'com/sun/javafx/text/PrismTextLayout')}
  0x00000195a18a19a0: 8bc2 49b9 | a0bd 55bf | 9501 0000 | 4983 8108 | 0c00 0001 | 448b 8424 | 0001 0000 | 4c8b ce8b 
  0x00000195a18a19c0: bc24 ec00 | 0000 488b | da48 8bd3 | 89b4 2448 | 0100 000f 

  0x00000195a18a19d4: ;   {optimized virtual_call}
  0x00000195a18a19d4: 1f40 00e8 

  0x00000195a18a19d8: ; ImmutableOopMap {[176]=Oop [184]=Oop [192]=Oop [216]=Oop [240]=Oop }
                      ;*invokevirtual createLine {reexecute=0 rethrow=0 return_oop=0}
                      ; - com.sun.javafx.text.PrismTextLayout::layout@789 (line 1232)
  0x00000195a18a19d8: 6c35 0000 

  0x00000195a18a19dc: ;   {post_call_nop}
  0x00000195a18a19dc: 0f1f 8400 | d421 0018 | 4c8b 8424 | f000 0000 

  0x00000195a18a19ec: ;   {metadata(method data for {method} {0x00000195bec64650} 'layout' '()V' in 'com/sun/javafx/text/PrismTextLayout')}
  0x00000195a18a19ec: 48ba a0bd | 55bf 9501 | 0000 458b | 4008 41ba | 0000 000a | 4d03 c24c | 3b82 400c | 0000 750d 
  0x00000195a18a1a0c: 4883 8248 | 0c00 0001 | e960 0000 | 004c 3b82 | 500c 0000 | 750d 4883 | 8258 0c00 | 0001 e94a 
  0x00000195a18a1a2c: 0000 0048 | 83ba 400c | 0000 0075 | 174c 8982 | 400c 0000 | 48c7 8248 | 0c00 0001 | 0000 00e9 
  0x00000195a18a1a4c: 2900 0000 | 4883 ba50 | 0c00 0000 | 7517 4c89 | 8250 0c00 | 0048 c782 | 580c 0000 | 0100 0000 
  0x00000195a18a1a6c: e908 0000 | 0048 8382 | 380c 0000 

  0x00000195a18a1a78: ;   {metadata(method data for {method} {0x000000000a221148} 'add' '(Ljava/lang/Object;)Z' in 'java/util/ArrayList')}
  0x00000195a18a1a78: 0149 b8e0 | 710c be95 | 0100 0041 | 8b90 9000 | 0000 83c2 | 0241 8990 | 9000 0000 | 81e2 feff 
  0x00000195a18a1a98: 1f00 85d2 | 0f84 cd2c | 0000 488b | b424 f000 | 0000 448b | 460c 41ff | c044 8946 | 0c44 8b46 
  0x00000195a18a1ab8: 1449 c1e0 | 038b 7e10 

  0x00000195a18a1ac0: ;   {metadata(method data for {method} {0x000000000a221148} 'add' '(Ljava/lang/Object;)Z' in 'java/util/ArrayList')}
  0x00000195a18a1ac0: 488b d648 | bbe0 710c | be95 0100 | 0048 8383 | d800 0000 

  0x00000195a18a1ad4: ;   {metadata(method data for {method} {0x000000000a222068} 'add' '(Ljava/lang/Object;[Ljava/lang/Object;I)V' in 'java/util/ArrayList')}
  0x00000195a18a1ad4: 0148 bab8 | 810c be95 | 0100 008b | 9a90 0000 | 0083 c302 | 899a 9000 | 0000 81e3 | feff 1f00 
  0x00000195a18a1af4: 85db 0f84 | 942c 0000 

  0x00000195a18a1afc: ; implicit exception: dispatches to 0x00000195a18a47b1
  0x00000195a18a1afc: 418b 500c 

  0x00000195a18a1b00: ;   {metadata(method data for {method} {0x000000000a222068} 'add' '(Ljava/lang/Object;[Ljava/lang/Object;I)V' in 'java/util/ArrayList')}
  0x00000195a18a1b00: 3bfa 48ba | b881 0cbe | 9501 0000 | bbd8 0000 | 0075 05bb | e800 0000 | 488b 0c1a | 488d 4901 
  0x00000195a18a1b20: 4889 0c1a | 0f85 9400 | 0000 4889 | 8424 5001 | 0000 4c8b 

  0x00000195a18a1b34: ;   {metadata(method data for {method} {0x000000000a222068} 'add' '(Ljava/lang/Object;[Ljava/lang/Object;I)V' in 'java/util/ArrayList')}
  0x00000195a18a1b34: c648 bab8 | 810c be95 | 0100 0048 | 8382 f800 

  0x00000195a18a1b44: ;   {metadata(method data for {method} {0x000000000a2221c8} 'grow' '()[Ljava/lang/Object;' in 'java/util/ArrayList')}
  0x00000195a18a1b44: 0000 0149 | b868 830c | be95 0100 | 0041 8b90 | 9000 0000 | 83c2 0241 | 8990 9000 | 0000 81e2 
  0x00000195a18a1b64: feff 1f00 | 85d2 0f84 | 462c 0000 

  0x00000195a18a1b70: ;   {metadata(method data for {method} {0x000000000a2221c8} 'grow' '()[Ljava/lang/Object;' in 'java/util/ArrayList')}
  0x00000195a18a1b70: 4c8b c648 | ba68 830c | be95 0100 | 0048 8382 | d800 0000 | 014c 8bc7 | 41ff c048 | 8bd6 89bc 
  0x00000195a18a1b90: 244c 0100 

  0x00000195a18a1b94: ;   {optimized virtual_call}
  0x00000195a18a1b94: 0066 90e8 

  0x00000195a18a1b98: ; ImmutableOopMap {[176]=Oop [184]=Oop [192]=Oop [216]=Oop [240]=Oop [336]=Oop }
                      ;*invokevirtual grow {reexecute=0 rethrow=0 return_oop=0}
                      ; - java.util.ArrayList::grow@7 (line 245)
                      ; - java.util.ArrayList::add@7 (line 484)
                      ; - java.util.ArrayList::add@20 (line 497)
                      ; - com.sun.javafx.text.PrismTextLayout::layout@798 (line 1233)
  0x00000195a18a1b98: f459 5c07 

  0x00000195a18a1b9c: ;   {post_call_nop}
  0x00000195a18a1b9c: 0f1f 8400 | 9423 0019 | 4c8b c08b | bc24 4c01 | 0000 488b | 8424 5001 | 0000 488b | b424 f000 
  0x00000195a18a1bbc: 0000 413b | 780c 0f83 | 192c 0000 

  0x00000195a18a1bc8: ;   {metadata(method data for {method} {0x000000000a222068} 'add' '(Ljava/lang/Object;[Ljava/lang/Object;I)V' in 'java/util/ArrayList')}
  0x00000195a18a1bc8: 4885 c048 | bab8 810c | be95 0100 | 0075 0c80 | 8a21 0100 | 0001 e9d7 | 0000 0044 | 8b48 0841 
  0x00000195a18a1be8: ba00 0000 | 0a4d 03ca | 4c3b 8a30 | 0100 0075 | 0d48 8382 | 3801 0000 | 01e9 6000 | 0000 4c3b 
  0x00000195a18a1c08: 8a40 0100 | 0075 0d48 | 8382 4801 | 0000 01e9 | 4a00 0000 | 4883 ba30 | 0100 0000 | 7517 4c89 
  0x00000195a18a1c28: 8a30 0100 | 0048 c782 | 3801 0000 | 0100 0000 | e929 0000 | 0048 83ba | 4001 0000 | 0075 174c 
  0x00000195a18a1c48: 898a 4001 | 0000 48c7 | 8248 0100 | 0001 0000 | 00e9 0800 | 0000 4883 | 8228 0100 | 0001 458b 
  0x00000195a18a1c68: 4808 41ba | 0000 000a | 4d03 ca8b | 5008 41ba | 0000 000a | 4903 d24d | 8b89 e000 | 0000 493b 
  0x00000195a18a1c88: d10f 842b | 0000 0041 | 8b59 144c | 3b0c 1a0f | 841d 0000 | 0083 fb20 | 0f85 4e2b | 0000 5241 
  0x00000195a18a1ca8: ;   {runtime_call C1 Runtime slow_subtype_check_blob}
  0x00000195a18a1ca8: 51e8 b28d | dc06 5a41 | 5945 85c9 | 0f84 3a2b | 0000 4c63 | cf4f 8d44 | 8810 450f | be4f 4845 
  0x00000195a18a1cc8: 85c9 0f85 | 2d2b 0000 | 4c8b d049 | c1ea 0345 | 8910 4d8b | c84c 33c8 | 49c1 e916 | 4983 f900 
  0x00000195a18a1ce8: 0f85 2e2b | 0000 ffc7 | 897e 1044 | 8b84 2448 | 0100 0041 | ffc0 483b | 004c 8bc8 

  0x00000195a18a1d04: ;   {metadata(method data for {method} {0x00000195bec64650} 'layout' '()V' in 'com/sun/javafx/text/PrismTextLayout')}
  0x00000195a18a1d04: 48bf a0bd | 55bf 9501 

  0x00000195a18a1d0c: ;   {metadata('com/sun/javafx/text/TextLine')}
  0x00000195a18a1d0c: 0000 49ba | f834 300b | 0000 0000 | 4c89 9770 | 0c00 0048 | 8387 780c | 0000 0144 | 8b48 1c44 
  0x00000195a18a1d2c: 038c 24ec | 0000 0049 | 8bd9 498b 

  0x00000195a18a1d38: ;   {section_word}
  0x00000195a18a1d38: c8c5 fa10 | 05cf dbff | ff44 8b84 | 2448 0100 | 0041 ffc0 

  0x00000195a18a1d4c: ;   {metadata(method data for {method} {0x00000195bec64650} 'layout' '()V' in 'com/sun/javafx/text/PrismTextLayout')}
  0x00000195a18a1d4c: 49b9 a0bd | 55bf 9501 | 0000 418b | b994 0000 | 0083 c702 | 4189 b994 | 0000 0081 | e7fe 3f00 
  0x00000195a18a1d6c: 0085 ff0f | 84c4 2a00 | 004d 8b57 

  0x00000195a18a1d78: ; ImmutableOopMap {rsi=Oop [176]=Oop [184]=Oop [192]=Oop [216]=Oop [240]=Oop }
                      ;*goto {reexecute=1 rethrow=0 return_oop=0}
                      ; - (reexecute) com.sun.javafx.text.PrismTextLayout::layout@824 (line 1111)
                      ;   {poll}
  0x00000195a18a1d78: 3041 8502 

  0x00000195a18a1d7c: ;   {metadata(method data for {method} {0x00000195bec64650} 'layout' '()V' in 'com/sun/javafx/text/PrismTextLayout')}
  0x00000195a18a1d7c: 49b9 a0bd | 55bf 9501 | 0000 41ff | 8198 0c00 | 0089 9c24 | ec00 0000 | 898c 2400 | 0100 00c5 
  0x00000195a18a1d9c: fa11 8424 | c001 0000 | 488b 9c24 | c000 0000 | 4c8b ac24 | b800 0000 | 4c8b 9c24 | b000 0000 
  0x00000195a18a1dbc: 498b f0e9 | 44e5 ffff | 8b8c 2400 | 0100 0048 | 8bb4 24f0 | 0000 004c | 8bc3 8b9c | 24ec 0000 
  0x00000195a18a1ddc: 004d 85c0 

  0x00000195a18a1de0: ;   {metadata(method data for {method} {0x00000195bec64650} 'layout' '()V' in 'com/sun/javafx/text/PrismTextLayout')}
  0x00000195a18a1de0: 49b9 a0bd | 55bf 9501 | 0000 bfb0 | 0c00 0074 | 05bf c00c | 0000 498b | 1439 488d | 5201 4989 
  0x00000195a18a1e00: 1439 0f84 | 0d01 0000 

  0x00000195a18a1e08: ; implicit exception: dispatches to 0x00000195a18a485a
  0x00000195a18a1e08: 493b 004d 

  0x00000195a18a1e0c: ;   {metadata(method data for {method} {0x00000195bec64650} 'layout' '()V' in 'com/sun/javafx/text/PrismTextLayout')}
  0x00000195a18a1e0c: 8bc8 48bf | a0bd 55bf | 9501 0000 | 458b 4908 | 41ba 0000 | 000a 4d03 | ca4c 3b8f | d80c 0000 
  0x00000195a18a1e2c: 750d 4883 | 87e0 0c00 | 0001 e960 | 0000 004c | 3b8f e80c | 0000 750d | 4883 87f0 | 0c00 0001 
  0x00000195a18a1e4c: e94a 0000 | 0048 83bf | d80c 0000 | 0075 174c | 898f d80c | 0000 48c7 | 87e0 0c00 | 0001 0000 
  0x00000195a18a1e6c: 00e9 2900 | 0000 4883 | bfe8 0c00 | 0000 7517 | 4c89 8fe8 | 0c00 0048 | c787 f00c | 0000 0100 
  0x00000195a18a1e8c: 0000 e908 | 0000 0048 | 8387 d00c 

  0x00000195a18a1e98: ;   {metadata(method data for {method} {0x00000195be839fc0} 'dispose' '()V' in 'com/sun/javafx/text/GlyphLayout')}
  0x00000195a18a1e98: 0000 0149 | b9c0 1c40 | c095 0100 | 0041 8bb9 | 9000 0000 | 83c7 0241 | 89b9 9000 | 0000 81e7 
  0x00000195a18a1eb8: feff 1f00 | 85ff 0f84 | 9b29 0000 

  0x00000195a18a1ec4: ;   {oop(a 'java/lang/Class'{0x000000060baac540} = 'com/sun/javafx/text/GlyphLayout')}
  0x00000195a18a1ec4: 49b9 40c5 | aa0b 0600 | 0000 458b | 497c 49c1 | e103 4d3b 

  0x00000195a18a1ed8: ;   {metadata(method data for {method} {0x00000195be839fc0} 'dispose' '()V' in 'com/sun/javafx/text/GlyphLayout')}
  0x00000195a18a1ed8: c149 b8c0 | 1c40 c095 | 0100 0041 | b9d8 0000 | 0075 0641 | b9e8 0000 | 004b 8b3c | 0848 8d7f 
  0x00000195a18a1ef8: 014b 893c | 080f 8512 

  0x00000195a18a1f00: ;   {oop(a 'java/lang/Class'{0x000000060baac540} = 'com/sun/javafx/text/GlyphLayout')}
  0x00000195a18a1f00: 0000 0049 | b840 c5aa | 0b06 0000 | 0041 c680 | 9800 0000 | 008b bc24 | e400 0000 | 488b 9424 
  0x00000195a18a1f20: b000 0000 

  0x00000195a18a1f24: ;   {metadata(method data for {method} {0x00000195bec64650} 'layout' '()V' in 'com/sun/javafx/text/PrismTextLayout')}
  0x00000195a18a1f24: 49b8 a0bd | 55bf 9501 | 0000 4983 | 8000 0d00 | 0001 ffcf | 4c8b c14c | 8bcf 488b | fb48 8b94 
  0x00000195a18a1f44: 24b0 0000 | 0066 0f1f 

  0x00000195a18a1f4c: ;   {optimized virtual_call}
  0x00000195a18a1f4c: 4400 00e8 

  0x00000195a18a1f50: ; ImmutableOopMap {[176]=Oop [184]=Oop [240]=Oop }
                      ;*invokevirtual createLine {reexecute=0 rethrow=0 return_oop=0}
                      ; - com.sun.javafx.text.PrismTextLayout::layout@848 (line 1241)
  0x00000195a18a1f50: 6c44 2500 

  0x00000195a18a1f54: ;   {post_call_nop}
  0x00000195a18a1f54: 0f1f 8400 | 4c27 001b | 4c8b 8424 | f000 0000 

  0x00000195a18a1f64: ;   {metadata(method data for {method} {0x00000195bec64650} 'layout' '()V' in 'com/sun/javafx/text/PrismTextLayout')}
  0x00000195a18a1f64: 48ba a0bd | 55bf 9501 | 0000 458b | 4008 41ba | 0000 000a | 4d03 c24c | 3b82 380d | 0000 750d 
  0x00000195a18a1f84: 4883 8240 | 0d00 0001 | e960 0000 | 004c 3b82 | 480d 0000 | 750d 4883 | 8250 0d00 | 0001 e94a 
  0x00000195a18a1fa4: 0000 0048 | 83ba 380d | 0000 0075 | 174c 8982 | 380d 0000 | 48c7 8240 | 0d00 0001 | 0000 00e9 
  0x00000195a18a1fc4: 2900 0000 | 4883 ba48 | 0d00 0000 | 7517 4c89 | 8248 0d00 | 0048 c782 | 500d 0000 | 0100 0000 
  0x00000195a18a1fe4: e908 0000 | 0048 8382 | 300d 0000 

  0x00000195a18a1ff0: ;   {metadata(method data for {method} {0x000000000a221148} 'add' '(Ljava/lang/Object;)Z' in 'java/util/ArrayList')}
  0x00000195a18a1ff0: 0149 b8e0 | 710c be95 | 0100 0041 | 8b90 9000 | 0000 83c2 | 0241 8990 | 9000 0000 | 81e2 feff 
  0x00000195a18a2010: 1f00 85d2 | 0f84 6628 | 0000 488b | b424 f000 | 0000 448b | 460c 41ff | c044 8946 | 0c44 8b46 
  0x00000195a18a2030: 1449 c1e0 | 038b 7e10 

  0x00000195a18a2038: ;   {metadata(method data for {method} {0x000000000a221148} 'add' '(Ljava/lang/Object;)Z' in 'java/util/ArrayList')}
  0x00000195a18a2038: 488b d648 | bbe0 710c | be95 0100 | 0048 8383 | d800 0000 

  0x00000195a18a204c: ;   {metadata(method data for {method} {0x000000000a222068} 'add' '(Ljava/lang/Object;[Ljava/lang/Object;I)V' in 'java/util/ArrayList')}
  0x00000195a18a204c: 0148 bab8 | 810c be95 | 0100 008b | 9a90 0000 | 0083 c302 | 899a 9000 | 0000 81e3 | feff 1f00 
  0x00000195a18a206c: 85db 0f84 | 2d28 0000 

  0x00000195a18a2074: ; implicit exception: dispatches to 0x00000195a18a48c2
  0x00000195a18a2074: 418b 500c 

  0x00000195a18a2078: ;   {metadata(method data for {method} {0x000000000a222068} 'add' '(Ljava/lang/Object;[Ljava/lang/Object;I)V' in 'java/util/ArrayList')}
  0x00000195a18a2078: 3bfa 48ba | b881 0cbe | 9501 0000 | bbe8 0000 | 0074 05bb | d800 0000 | 488b 0c1a | 488d 4901 
  0x00000195a18a2098: 4889 0c1a | 0f84 0800 | 0000 4c8b | cee9 9400 | 0000 4889 | 8424 6001 | 0000 4c8b 

  0x00000195a18a20b4: ;   {metadata(method data for {method} {0x000000000a222068} 'add' '(Ljava/lang/Object;[Ljava/lang/Object;I)V' in 'java/util/ArrayList')}
  0x00000195a18a20b4: c648 bab8 | 810c be95 | 0100 0048 | 8382 f800 

  0x00000195a18a20c4: ;   {metadata(method data for {method} {0x000000000a2221c8} 'grow' '()[Ljava/lang/Object;' in 'java/util/ArrayList')}
  0x00000195a18a20c4: 0000 0149 | b868 830c | be95 0100 | 0041 8b90 | 9000 0000 | 83c2 0241 | 8990 9000 | 0000 81e2 
  0x00000195a18a20e4: feff 1f00 | 85d2 0f84 | d727 0000 

  0x00000195a18a20f0: ;   {metadata(method data for {method} {0x000000000a2221c8} 'grow' '()[Ljava/lang/Object;' in 'java/util/ArrayList')}
  0x00000195a18a20f0: 4c8b c648 | ba68 830c | be95 0100 | 0048 8382 | d800 0000 | 014c 8bc7 | 41ff c048 | 8bd6 89bc 
  0x00000195a18a2110: 2458 0100 

  0x00000195a18a2114: ;   {optimized virtual_call}
  0x00000195a18a2114: 0066 90e8 

  0x00000195a18a2118: ; ImmutableOopMap {[176]=Oop [184]=Oop [240]=Oop [352]=Oop }
                      ;*invokevirtual grow {reexecute=0 rethrow=0 return_oop=0}
                      ; - java.util.ArrayList::grow@7 (line 245)
                      ; - java.util.ArrayList::add@7 (line 484)
                      ; - java.util.ArrayList::add@20 (line 497)
                      ; - com.sun.javafx.text.PrismTextLayout::layout@851 (line 1241)
  0x00000195a18a2118: 7454 5c07 

  0x00000195a18a211c: ;   {post_call_nop}
  0x00000195a18a211c: 0f1f 8400 | 1429 001c | 4c8b c08b | bc24 5801 | 0000 488b | 8424 6001 | 0000 4c8b | 8c24 f000 
  0x00000195a18a213c: 0000 413b | 780c 0f83 | aa27 0000 

  0x00000195a18a2148: ;   {metadata(method data for {method} {0x000000000a222068} 'add' '(Ljava/lang/Object;[Ljava/lang/Object;I)V' in 'java/util/ArrayList')}
  0x00000195a18a2148: 4885 c048 | bab8 810c | be95 0100 | 0075 0c80 | 8a21 0100 | 0001 e9d2 | 0000 008b | 5808 41ba 
  0x00000195a18a2168: 0000 000a | 4903 da48 | 3b9a 3001 | 0000 750d | 4883 8238 | 0100 0001 | e960 0000 | 0048 3b9a 
  0x00000195a18a2188: 4001 0000 | 750d 4883 | 8248 0100 | 0001 e94a | 0000 0048 | 83ba 3001 | 0000 0075 | 1748 899a 
  0x00000195a18a21a8: 3001 0000 | 48c7 8238 | 0100 0001 | 0000 00e9 | 2900 0000 | 4883 ba40 | 0100 0000 | 7517 4889 
  0x00000195a18a21c8: 9a40 0100 | 0048 c782 | 4801 0000 | 0100 0000 | e908 0000 | 0048 8382 | 2801 0000 | 0141 8b58 
  0x00000195a18a21e8: 0841 ba00 | 0000 0a49 | 03da 8b50 | 0841 ba00 | 0000 0a49 | 03d2 488b | 9be0 0000 | 0048 3bd3 
  0x00000195a18a2208: 0f84 2700 | 0000 8b73 | 1448 3b1c | 320f 841a | 0000 0083 | fe20 0f85 | e126 0000 

  0x00000195a18a2224: ;   {runtime_call C1 Runtime slow_subtype_check_blob}
  0x00000195a18a2224: 5253 e835 | 88dc 065a | 5b85 db0f | 84d0 2600 | 0048 63df | 498d 5c98 | 1041 0fbe | 5748 85d2 
  0x00000195a18a2244: 0f85 c426 | 0000 4c8b | d049 c1ea | 0344 8913 | 488b d348 | 33d0 48c1 | ea16 4883 | fa00 0f85 
  0x00000195a18a2264: c426 0000 | ffc7 4189 | 7910 488b | 9424 b000 | 0000 498b 

  0x00000195a18a2278: ;   {metadata(method data for {method} {0x00000195bec64650} 'layout' '()V' in 'com/sun/javafx/text/PrismTextLayout')}
  0x00000195a18a2278: c148 bba0 | bd55 bf95 | 0100 008b | 4008 41ba | 0000 000a | 4903 c248 | 3b83 680d | 0000 750d 
  0x00000195a18a2298: 4883 8370 | 0d00 0001 | e960 0000 | 0048 3b83 | 780d 0000 | 750d 4883 | 8380 0d00 | 0001 e94a 
  0x00000195a18a22b8: 0000 0048 | 83bb 680d | 0000 0075 | 1748 8983 | 680d 0000 | 48c7 8370 | 0d00 0001 | 0000 00e9 
  0x00000195a18a22d8: 2900 0000 | 4883 bb78 | 0d00 0000 | 7517 4889 | 8378 0d00 | 0048 c783 | 800d 0000 | 0100 0000 
  0x00000195a18a22f8: e908 0000 | 0048 8383 | 600d 0000 | 0141 8b59 | 104c 8bda 

  0x00000195a18a230c: ;   {metadata('com/sun/javafx/text/TextLine'[])}
  0x00000195a18a230c: 48ba a839 | 300b 0000 | 0000 4863 | db48 8bfb | 4881 fbff | ffff 000f | 871b 2600 | 00be 1700 
  0x00000195a18a232c: 0000 488d | 349e 4883 | e6f8 498b | 87c8 0100 | 0048 8d34 | 3049 3bb7 | d801 0000 | 0f87 f625 
  0x00000195a18a234c: 0000 4989 | b7c8 0100 | 0048 2bf0 | 48c7 0001 | 0000 0048 | 8bca 41ba | 0000 000a | 492b ca89 
  0x00000195a18a236c: 4808 8958 | 0c48 83ee | 1048 85f6 | 0f84 1100 | 0000 4833 | db48 c1ee | 0348 895c | f008 48ff 
  0x00000195a18a238c: ce75 f645 | 0fbe 4748 | 4585 c00f | 85b1 2500 | 004c 8bd0 | 49c1 ea03 | 4589 533c | 498b d348 
  0x00000195a18a23ac: 33d0 48c1 | ea16 4883 | fa00 0f85 | b225 0000 

  0x00000195a18a23bc: ;   {metadata(method data for {method} {0x00000195bec64650} 'layout' '()V' in 'com/sun/javafx/text/PrismTextLayout')}
  0x00000195a18a23bc: 4d8b c148 | baa0 bd55 | bf95 0100 | 0045 8b40 | 0841 ba00 | 0000 0a4d | 03c2 4c3b | 8298 0d00 
  0x00000195a18a23dc: 0075 0d48 | 8382 a00d | 0000 01e9 | 6000 0000 | 4c3b 82a8 | 0d00 0075 | 0d48 8382 | b00d 0000 
  0x00000195a18a23fc: 01e9 4a00 | 0000 4883 | ba98 0d00 | 0000 7517 | 4c89 8298 | 0d00 0048 | c782 a00d | 0000 0100 
  0x00000195a18a241c: 0000 e929 | 0000 0048 | 83ba a80d | 0000 0075 | 174c 8982 | a80d 0000 | 48c7 82b0 | 0d00 0001 
  0x00000195a18a243c: 0000 00e9 | 0800 0000 | 4883 8290 | 0d00 0001 | 4c8b c049 | 8bd1 0f1f 

  0x00000195a18a2454: ;   {optimized virtual_call}
  0x00000195a18a2454: 4400 00e8 

  0x00000195a18a2458: ; ImmutableOopMap {[176]=Oop [184]=Oop }
                      ;*invokevirtual toArray {reexecute=0 rethrow=0 return_oop=0}
                      ; - com.sun.javafx.text.PrismTextLayout::layout@873 (line 1243)
  0x00000195a18a2458: 4433 d0ff 

  0x00000195a18a245c: ;   {post_call_nop}
  0x00000195a18a245c: 0f1f 8400 | 542c 001d | 488b 9424 | b000 0000 | c5fa 1042 | 18c5 fa10 

  0x00000195a18a2474: ;   {metadata(method data for {method} {0x00000195bec64650} 'layout' '()V' in 'com/sun/javafx/text/PrismTextLayout')}
  0x00000195a18a2474: 4a10 48be | a0bd 55bf | 9501 0000 | 4883 86c0 | 0d00 0001 | 0f1f 8000 

  0x00000195a18a248c: ;   {static_call}
  0x00000195a18a248c: 0000 00e8 

  0x00000195a18a2490: ; ImmutableOopMap {[176]=Oop [184]=Oop }
                      ;*invokestatic max {reexecute=0 rethrow=0 return_oop=0}
                      ; - com.sun.javafx.text.PrismTextLayout::layout@885 (line 1245)
  0x00000195a18a2490: 0c61 6307 

  0x00000195a18a2494: ;   {post_call_nop}
  0x00000195a18a2494: 0f1f 8400 | 8c2c 001e | c5fa 1184 | 24c8 0100 | 0048 8b94 | 24b0 0000 

  0x00000195a18a24ac: ;   {metadata(method data for {method} {0x00000195bec64650} 'layout' '()V' in 'com/sun/javafx/text/PrismTextLayout')}
  0x00000195a18a24ac: 0048 bea0 | bd55 bf95 | 0100 0048 | 8386 d00d | 0000 0148 | 8b94 24b0 

  0x00000195a18a24c4: ;   {optimized virtual_call}
  0x00000195a18a24c4: 0000 00e8 

  0x00000195a18a24c8: ; ImmutableOopMap {[176]=Oop [184]=Oop }
                      ;*invokevirtual isMirrored {reexecute=0 rethrow=0 return_oop=0}
                      ; - com.sun.javafx.text.PrismTextLayout::layout@894 (line 1248)
  0x00000195a18a24c8: 5490 dfff 

  0x00000195a18a24cc: ;   {post_call_nop}
  0x00000195a18a24cc: 0f1f 8400 | c42c 001f 

  0x00000195a18a24d4: ;   {metadata(method data for {method} {0x00000195bec64650} 'layout' '()V' in 'com/sun/javafx/text/PrismTextLayout')}
  0x00000195a18a24d4: 85c0 49b8 | a0bd 55bf | 9501 0000 | ba00 0e00 | 0074 05ba | 100e 0000 | 498b 3410 | 488d 7601 
  0x00000195a18a24f4: 4989 3410 | 8bbc 24e0 | 0000 000f | 8459 0000 | 0081 ff00 

  0x00000195a18a2508: ;   {metadata(method data for {method} {0x00000195bec64650} 'layout' '()V' in 'com/sun/javafx/text/PrismTextLayout')}
  0x00000195a18a2508: 0010 0049 | b8a0 bd55 | bf95 0100 | 00ba 300e | 0000 7405 | ba20 0e00 | 0049 8b34 | 1048 8d76 
  0x00000195a18a2528: 0149 8934 | 100f 840d 

  0x00000195a18a2530: ;   {section_word}
  0x00000195a18a2530: 0000 00c5 | fa10 05d9 | d3ff ffe9 | 6100 0000 

  0x00000195a18a2540: ;   {metadata(method data for {method} {0x00000195bec64650} 'layout' '()V' in 'com/sun/javafx/text/PrismTextLayout')}
  0x00000195a18a2540: 49b8 a0bd | 55bf 9501 | 0000 41ff | 8040 0e00 

  0x00000195a18a2550: ;   {section_word}
  0x00000195a18a2550: 00c5 fa10 | 05bf d3ff | ffe9 4300 | 0000 81ff | 0000 1000 

  0x00000195a18a2564: ;   {metadata(method data for {method} {0x00000195bec64650} 'layout' '()V' in 'com/sun/javafx/text/PrismTextLayout')}
  0x00000195a18a2564: 49b8 a0bd | 55bf 9501 | 0000 ba68 | 0e00 0074 | 05ba 580e | 0000 498b | 3410 488d | 7601 4989 
  0x00000195a18a2584: 3410 0f84 | 0d00 0000 

  0x00000195a18a258c: ;   {section_word}
  0x00000195a18a258c: c5fa 1005 | 88d3 ffff | e908 0000 

  0x00000195a18a2598: ;   {section_word}
  0x00000195a18a2598: 00c5 fa10 | 057f d3ff | ff81 ff00 

  0x00000195a18a25a4: ;   {metadata(method data for {method} {0x00000195bec64650} 'layout' '()V' in 'com/sun/javafx/text/PrismTextLayout')}
  0x00000195a18a25a4: 0008 0049 | b8a0 bd55 | bf95 0100 | 00ba 780e | 0000 7505 | ba88 0e00 | 0049 8b34 | 1048 8d76 
  0x00000195a18a25c4: 0149 8934 | 100f 8508 

  0x00000195a18a25cc: ;   {section_word}
  0x00000195a18a25cc: 0000 00c5 | fa10 054d | d3ff ffbe | 0000 0000 

  0x00000195a18a25dc: ;   {section_word}
  0x00000195a18a25dc: c5fa 100d | 44d3 ffff | c5fa 118c | 24d0 0100 | 00c5 fa10 | 8c24 c801 | 0000 6690 | 488b 8424 
  0x00000195a18a25fc: b800 0000 | 488b 9424 | b000 0000 | 8b5a 3c48 | c1e3 0344 | 8b43 0c41 

  0x00000195a18a2614: ;   {metadata(method data for {method} {0x00000195bec64650} 'layout' '()V' in 'com/sun/javafx/text/PrismTextLayout')}
  0x00000195a18a2614: 3bf0 49b8 | a0bd 55bf | 9501 0000 | b998 0e00 | 007d 05b9 | a80e 0000 | 4d8b 0c08 | 4d8d 4901 
  0x00000195a18a2634: 4d89 0c08 | 0f8d 1614 | 0000 4c63 | c642 8b5c | 8310 48c1 | e303 4889 | 9c24 7801 | 0000 483b 
  0x00000195a18a2654: 034c 8bc3 

  0x00000195a18a2658: ;   {metadata(method data for {method} {0x00000195bec64650} 'layout' '()V' in 'com/sun/javafx/text/PrismTextLayout')}
  0x00000195a18a2658: 48b9 a0bd | 55bf 9501 | 0000 4883 | 81c8 0e00 | 0001 448b | 4318 488b 

  0x00000195a18a2670: ;   {metadata(method data for {method} {0x00000195bec64650} 'layout' '()V' in 'com/sun/javafx/text/PrismTextLayout')}
  0x00000195a18a2670: cb49 b9a0 | bd55 bf95 | 0100 0049 | 8381 f80e | 0000 018b | 4b24 48c1 | e103 4889 | 8c24 8001 
  0x00000195a18a2690: 0000 483b | 014c 8bc9 

  0x00000195a18a2698: ;   {metadata(method data for {method} {0x00000195bec64650} 'layout' '()V' in 'com/sun/javafx/text/PrismTextLayout')}
  0x00000195a18a2698: 49bb a0bd | 55bf 9501 | 0000 458b | 4908 41ba | 0000 000a | 4d03 ca4d | 3b8b 200f | 0000 750d 
  0x00000195a18a26b8: 4983 8328 | 0f00 0001 | e960 0000 | 004d 3b8b | 300f 0000 | 750d 4983 | 8338 0f00 | 0001 e94a 
  0x00000195a18a26d8: 0000 0049 | 83bb 200f | 0000 0075 | 174d 898b | 200f 0000 | 49c7 8328 | 0f00 0001 | 0000 00e9 
  0x00000195a18a26f8: 2900 0000 | 4983 bb30 | 0f00 0000 | 7517 4d89 | 8b30 0f00 | 0049 c783 | 380f 0000 | 0100 0000 
  0x00000195a18a2718: e908 0000 | 0049 8383 | 180f 0000 

  0x00000195a18a2724: ;   {metadata(method data for {method} {0x00000195be7e1480} 'getWidth' '()F' in 'com/sun/javafx/geom/RectBounds')}
  0x00000195a18a2724: 0149 b940 | 1152 bf95 | 0100 0045 | 8b99 9000 | 0000 4183 | c302 4589 | 9990 0000 | 0041 81e3 
  0x00000195a18a2744: feff 1f00 | 4585 db0f | 8444 2200 | 00c5 fa10 | 5910 c5fa | 1061 0cc5 | f828 ebc5 | d25c ecc5 
  0x00000195a18a2764: f828 e1c5 | da5c e5c5 | da59 e04c 

  0x00000195a18a2770: ;   {metadata(method data for {method} {0x00000195bec64650} 'layout' '()V' in 'com/sun/javafx/text/PrismTextLayout')}
  0x00000195a18a2770: 8bcb 49bb | a0bd 55bf | 9501 0000 | 4983 8358 | 0f00 0001 

  0x00000195a18a2784: ;   {metadata(method data for {method} {0x00000195bf056528} 'setAlignment' '(F)V' in 'com/sun/javafx/text/TextLine')}
  0x00000195a18a2784: 49b9 f81d | 40c0 9501 | 0000 458b | 9990 0000 | 0041 83c3 | 0245 8999 | 9000 0000 | 4181 e3fe 
  0x00000195a18a27a4: ff1f 0045 | 85db 0f84 | 0622 0000 

  0x00000195a18a27b0: ;   {metadata(method data for {method} {0x00000195bf056528} 'setAlignment' '(F)V' in 'com/sun/javafx/text/TextLine')}
  0x00000195a18a27b0: 4c8b c949 | bbf8 1d40 | c095 0100 | 0045 8b49 | 0841 ba00 | 0000 0a4d | 03ca 4d3b | 8be0 0000 
  0x00000195a18a27d0: 0075 0d49 | 8383 e800 | 0000 01e9 | 6000 0000 | 4d3b 8bf0 | 0000 0075 | 0d49 8383 | f800 0000 
  0x00000195a18a27f0: 01e9 4a00 | 0000 4983 | bbe0 0000 | 0000 7517 | 4d89 8be0 | 0000 0049 | c783 e800 | 0000 0100 
  0x00000195a18a2810: 0000 e929 | 0000 0049 | 83bb f000 | 0000 0075 | 174d 898b | f000 0000 | 49c7 83f8 | 0000 0001 
  0x00000195a18a2830: 0000 00e9 | 0800 0000 | 4983 83d8 | 0000 0001 | c5fa 1161 | 0c4c 8bc9 

  0x00000195a18a2848: ;   {metadata(method data for {method} {0x00000195bf056528} 'setAlignment' '(F)V' in 'com/sun/javafx/text/TextLine')}
  0x00000195a18a2848: 49bb f81d | 40c0 9501 | 0000 458b | 4908 41ba | 0000 000a | 4d03 ca4d | 3b8b 1001 | 0000 750d 
  0x00000195a18a2868: 4983 8318 | 0100 0001 | e960 0000 | 004d 3b8b | 2001 0000 | 750d 4983 | 8328 0100 | 0001 e94a 
  0x00000195a18a2888: 0000 0049 | 83bb 1001 | 0000 0075 | 174d 898b | 1001 0000 | 49c7 8318 | 0100 0001 | 0000 00e9 
  0x00000195a18a28a8: 2900 0000 | 4983 bb20 | 0100 0000 | 7517 4d89 | 8b20 0100 | 0049 c783 | 2801 0000 | 0100 0000 
  0x00000195a18a28c8: e908 0000 | 0049 8383 | 0801 0000 | 014c 8bc9 

  0x00000195a18a28d8: ;   {metadata(method data for {method} {0x00000195bf056528} 'setAlignment' '(F)V' in 'com/sun/javafx/text/TextLine')}
  0x00000195a18a28d8: 49bb f81d | 40c0 9501 | 0000 458b | 4908 41ba | 0000 000a | 4d03 ca4d | 3b8b 4001 | 0000 750d 
  0x00000195a18a28f8: 4983 8348 | 0100 0001 | e960 0000 | 004d 3b8b | 5001 0000 | 750d 4983 | 8358 0100 | 0001 e94a 
  0x00000195a18a2918: 0000 0049 | 83bb 4001 | 0000 0075 | 174d 898b | 4001 0000 | 49c7 8348 | 0100 0001 | 0000 00e9 
  0x00000195a18a2938: 2900 0000 | 4983 bb50 | 0100 0000 | 7517 4d89 | 8b50 0100 | 0049 c783 | 5801 0000 | 0100 0000 
  0x00000195a18a2958: e908 0000 | 0049 8383 | 3801 0000 | 01c5 e258 | dcc5 fa11 | 5910 c5fa 

  0x00000195a18a2970: ;   {section_word}
  0x00000195a18a2970: 105a 18c5 | fa10 2db1 | cfff ffc5 | f82e dd41 | b9ff ffff | ff0f 8a15 | 0000 000f | 820f 0000 
  0x00000195a18a2990: 0041 b900 | 0000 000f | 8403 0000 | 0049 ffc1 

  0x00000195a18a29a0: ;   {metadata(method data for {method} {0x00000195bec64650} 'layout' '()V' in 'com/sun/javafx/text/PrismTextLayout')}
  0x00000195a18a29a0: 4585 c949 | b9a0 bd55 | bf95 0100 | 0041 bb78 | 0f00 007e | 0641 bb88 | 0f00 004f | 8b2c 194d 
  0x00000195a18a29c0: 8d6d 014f | 892c 190f | 8e30 0000 | 0081 ff00 

  0x00000195a18a29d0: ;   {metadata(method data for {method} {0x00000195bec64650} 'layout' '()V' in 'com/sun/javafx/text/PrismTextLayout')}
  0x00000195a18a29d0: 0020 0049 | b9a0 bd55 | bf95 0100 | 0041 bba8 | 0f00 0074 | 0641 bb98 | 0f00 004f | 8b2c 194d 
  0x00000195a18a29f0: 8d6d 014f | 892c 190f | 840b 0000 | 0041 b900 | 0000 00e9 | 1700 0000 

  0x00000195a18a2a08: ;   {metadata(method data for {method} {0x00000195bec64650} 'layout' '()V' in 'com/sun/javafx/text/PrismTextLayout')}
  0x00000195a18a2a08: 49b9 a0bd | 55bf 9501 | 0000 41ff | 81b8 0f00 | 0041 b901 | 0000 0045 

  0x00000195a18a2a20: ;   {metadata(method data for {method} {0x00000195bec64650} 'layout' '()V' in 'com/sun/javafx/text/PrismTextLayout')}
  0x00000195a18a2a20: 85c9 49b9 | a0bd 55bf | 9501 0000 | 41bb e00f | 0000 7506 | 41bb d00f | 0000 4f8b | 2c19 4d8d 
  0x00000195a18a2a40: 6d01 4f89 | 2c19 89b4 | 245c 0100 | 000f 850e | 0000 00c5 | fa11 8424 | d401 0000 | e9cf 0a00 
  0x00000195a18a2a60: 004c 8bcb 

  0x00000195a18a2a64: ;   {metadata(method data for {method} {0x00000195bec64650} 'layout' '()V' in 'com/sun/javafx/text/PrismTextLayout')}
  0x00000195a18a2a64: 49bb a0bd | 55bf 9501 

  0x00000195a18a2a6c: ;   {metadata('com/sun/javafx/text/TextLine')}
  0x00000195a18a2a6c: 0000 49ba | f834 300b | 0000 0000 | 4d89 93f8 | 0f00 0049 | 8383 0010 | 0000 0144 | 8b4b 2049 
  0x00000195a18a2a8c: c1e1 034c | 898c 2468 | 0100 0045 | 8b59 0c44 | 899c 2470 | 0100 0045 

  0x00000195a18a2aa4: ;   {metadata(method data for {method} {0x00000195bec64650} 'layout' '()V' in 'com/sun/javafx/text/PrismTextLayout')}
  0x00000195a18a2aa4: 85db 49bd | a0bd 55bf | 9501 0000 | 41be 3010 | 0000 7f06 | 41be 2010 | 0000 4b8b | 7435 0048 
  0x00000195a18a2ac4: 8d76 014b | 8974 3500 | 0f8f 0e00 | 0000 c5fa | 1184 24d4 | 0100 00e9 | 500a 0000 | 498b f3ff 
  0x00000195a18a2ae4: ce41 3b71 | 0c0f 83ed | 1e00 0048 | 63f6 418b | 74b1 1048 | c1e6 0348 | 3b06 4c8b 

  0x00000195a18a2b00: ;   {metadata(method data for {method} {0x00000195bec64650} 'layout' '()V' in 'com/sun/javafx/text/PrismTextLayout')}
  0x00000195a18a2b00: ee49 bea0 | bd55 bf95 

  0x00000195a18a2b08: ;   {metadata('com/sun/javafx/text/TextRun')}
  0x00000195a18a2b08: 0100 0049 | bac0 6630 | 0b00 0000 | 004d 8996 | 4810 0000 | 4983 8650 | 1000 0001 

  0x00000195a18a2b24: ;   {metadata(method data for {method} {0x00000195bf04e4a8} 'isSoftbreak' '()Z' in 'com/sun/javafx/text/TextRun')}
  0x00000195a18a2b24: 49b9 a81f | 40c0 9501 | 0000 458b | a990 0000 | 0041 83c5 | 0245 89a9 | 9000 0000 | 4181 e5fe 
  0x00000195a18a2b44: ff1f 0045 | 85ed 0f84 | 9f1e 0000 | 8b76 2c83 | e604 85f6 

  0x00000195a18a2b58: ;   {metadata(method data for {method} {0x00000195bf04e4a8} 'isSoftbreak' '()Z' in 'com/sun/javafx/text/TextRun')}
  0x00000195a18a2b58: 48be a81f | 40c0 9501 | 0000 41b9 | d800 0000 | 7406 41b9 | e800 0000 | 4e8b 2c0e | 4d8d 6d01 
  0x00000195a18a2b78: 4e89 2c0e | 0f84 1a00 

  0x00000195a18a2b80: ;   {metadata(method data for {method} {0x00000195bf04e4a8} 'isSoftbreak' '()Z' in 'com/sun/javafx/text/TextRun')}
  0x00000195a18a2b80: 0000 48be | a81f 40c0 | 9501 0000 | ff86 f800 | 0000 be01 | 0000 00e9 | 0500 0000 | be00 0000 
  0x00000195a18a2ba0: 0083 e601 

  0x00000195a18a2ba4: ;   {metadata(method data for {method} {0x00000195bec64650} 'layout' '()V' in 'com/sun/javafx/text/PrismTextLayout')}
  0x00000195a18a2ba4: 85f6 48be | a0bd 55bf | 9501 0000 | 41b9 8010 | 0000 7506 | 41b9 7010 | 0000 4e8b | 2c0e 4d8d 
  0x00000195a18a2bc4: 6d01 4e89 | 2c0e 0f85 | 0e00 0000 | c5fa 1184 | 24d4 0100 | 00e9 5209 | 0000 488b 

  0x00000195a18a2be0: ;   {metadata(method data for {method} {0x00000195bec64650} 'layout' '()V' in 'com/sun/javafx/text/PrismTextLayout')}
  0x00000195a18a2be0: f349 b9a0 | bd55 bf95 

  0x00000195a18a2be8: ;   {metadata('com/sun/javafx/text/TextLine')}
  0x00000195a18a2be8: 0100 0049 | baf8 3430 | 0b00 0000 | 004d 8991 | 9810 0000 | 4983 81a0 | 1000 0001 | 8b73 1c41 
  0x00000195a18a2c08: 03f0 ffce | 41b9 0000 | 0000 41bd | 0000 0000 

  0x00000195a18a2c18: ;   {metadata(method data for {method} {0x00000195bec64650} 'layout' '()V' in 'com/sun/javafx/text/PrismTextLayout')}
  0x00000195a18a2c18: 413b f049 | bea0 bd55 | bf95 0100 | 0041 bbc0 | 1000 007c | 0641 bbd0 | 1000 004b | 8b3c 1e48 
  0x00000195a18a2c38: 8d7f 014b | 893c 1e0f | 8c29 0100 | 0045 85c9 

  0x00000195a18a2c48: ;   {metadata(method data for {method} {0x00000195bec64650} 'layout' '()V' in 'com/sun/javafx/text/PrismTextLayout')}
  0x00000195a18a2c48: 48bf a0bd | 55bf 9501 | 0000 41bb | e010 0000 | 7506 41bb | f010 0000 | 4e8b 341f | 4d8d 7601 
  0x00000195a18a2c68: 4e89 341f | 0f85 4400 | 0000 3b70 | 0c0f 839f | 1d00 0048 | 63fe 0fb7 | 7c78 1083 

  0x00000195a18a2c84: ;   {metadata(method data for {method} {0x00000195bec64650} 'layout' '()V' in 'com/sun/javafx/text/PrismTextLayout')}
  0x00000195a18a2c84: ff20 48bf | a0bd 55bf | 9501 0000 | 41bb 0011 | 0000 7406 | 41bb 1011 | 0000 4e8b | 341f 4d8d 
  0x00000195a18a2ca4: 7601 4e89 | 341f 0f84 | 0600 0000 | 41b9 0100 | 0000 4585 

  0x00000195a18a2cb8: ;   {metadata(method data for {method} {0x00000195bec64650} 'layout' '()V' in 'com/sun/javafx/text/PrismTextLayout')}
  0x00000195a18a2cb8: c948 bfa0 | bd55 bf95 | 0100 0041 | bb20 1100 | 0074 0641 | bb30 1100 | 004e 8b34 | 1f4d 8d76 
  0x00000195a18a2cd8: 014e 8934 | 1f0f 8441 | 0000 003b | 700c 0f83 | 461d 0000 | 4863 fe0f | b77c 7810 

  0x00000195a18a2cf4: ;   {metadata(method data for {method} {0x00000195bec64650} 'layout' '()V' in 'com/sun/javafx/text/PrismTextLayout')}
  0x00000195a18a2cf4: 83ff 2048 | bfa0 bd55 | bf95 0100 | 0041 bb40 | 1100 0075 | 0641 bb50 | 1100 004e | 8b34 1f4d 
  0x00000195a18a2d14: 8d76 014e | 8934 1f0f | 8503 0000 | 0041 ffc5 

  0x00000195a18a2d24: ;   {metadata(method data for {method} {0x00000195bec64650} 'layout' '()V' in 'com/sun/javafx/text/PrismTextLayout')}
  0x00000195a18a2d24: ffce 48bf | a0bd 55bf | 9501 0000 | 448b 9f94 | 0000 0041 | 83c3 0244 | 899f 9400 | 0000 4181 
  0x00000195a18a2d44: e3fe 3f00 | 0045 85db | 0f84 ee1c | 0000 4d8b 

  0x00000195a18a2d54: ; ImmutableOopMap {rdx=Oop rax=Oop rbx=Oop rcx=Oop [176]=Oop [184]=Oop [360]=Oop [376]=Oop [384]=Oop }
                      ;*goto {reexecute=1 rethrow=0 return_oop=0}
                      ; - (reexecute) com.sun.javafx.text.PrismTextLayout::layout@1121 (line 1275)
                      ;   {poll}
  0x00000195a18a2d54: 5730 4185 

  0x00000195a18a2d58: ;   {metadata(method data for {method} {0x00000195bec64650} 'layout' '()V' in 'com/sun/javafx/text/PrismTextLayout')}
  0x00000195a18a2d58: 0248 bfa0 | bd55 bf95 | 0100 00ff | 8760 1100 | 00e9 aafe | ffff 4585 

  0x00000195a18a2d70: ;   {metadata(method data for {method} {0x00000195bec64650} 'layout' '()V' in 'com/sun/javafx/text/PrismTextLayout')}
  0x00000195a18a2d70: ed49 b8a0 | bd55 bf95 | 0100 00be | 8811 0000 | 7505 be78 | 1100 0049 | 8b3c 3048 | 8d7f 0149 
  0x00000195a18a2d90: 893c 300f | 850e 0000 | 00c5 fa11 | 8424 d401 | 0000 e989 | 0700 004c 

  0x00000195a18a2da8: ;   {metadata(method data for {method} {0x00000195bec64650} 'layout' '()V' in 'com/sun/javafx/text/PrismTextLayout')}
  0x00000195a18a2da8: 8bc1 48be | a0bd 55bf | 9501 0000 | 458b 4008 | 41ba 0000 | 000a 4d03 | c24c 3b86 | a011 0000 
  0x00000195a18a2dc8: 750d 4883 | 86a8 1100 | 0001 e960 | 0000 004c | 3b86 b011 | 0000 750d | 4883 86b8 | 1100 0001 
  0x00000195a18a2de8: e94a 0000 | 0048 83be | a011 0000 | 0075 174c | 8986 a011 | 0000 48c7 | 86a8 1100 | 0001 0000 
  0x00000195a18a2e08: 00e9 2900 | 0000 4883 | beb0 1100 | 0000 7517 | 4c89 86b0 | 1100 0048 | c786 b811 | 0000 0100 
  0x00000195a18a2e28: 0000 e908 | 0000 0048 | 8386 9811 

  0x00000195a18a2e34: ;   {metadata(method data for {method} {0x00000195be7e1480} 'getWidth' '()F' in 'com/sun/javafx/geom/RectBounds')}
  0x00000195a18a2e34: 0000 0149 | b840 1152 | bf95 0100 | 0041 8bb0 | 9000 0000 | 83c6 0241 | 89b0 9000 | 0000 81e6 
  0x00000195a18a2e54: feff 1f00 | 85f6 0f84 | 011c 0000 | c5fa 1059 | 10c5 fa10 | 610c c5e2 | 5cdc c5f8 | 28e1 c5da 
  0x00000195a18a2e74: 5ce3 c4c1 | 622a ddc5 | da5e e3c5 | fa11 a424 | cc01 0000 | be00 0000 | 0044 8b9c | 2470 0100 
  0x00000195a18a2e94: 004c 8b8c | 2468 0100 | 00c5 fa11 | 8424 d401 | 0000 6690 

  0x00000195a18a2ea8: ;   {metadata(method data for {method} {0x00000195bec64650} 'layout' '()V' in 'com/sun/javafx/text/PrismTextLayout')}
  0x00000195a18a2ea8: 413b f349 | b8a0 bd55 | bf95 0100 | 00b8 c811 | 0000 7d05 | b8d8 1100 | 0049 8b3c | 0048 8d7f 
  0x00000195a18a2ec8: 0149 893c | 000f 8da0 | 0200 004c | 63c6 438b | 7c81 1048 | c1e7 0348 | 89bc 2490 | 0100 0048 
  0x00000195a18a2ee8: 3b07 4c8b | c789 b424 | 7401 0000 

  0x00000195a18a2ef4: ;   {metadata(method data for {method} {0x00000195bec64650} 'layout' '()V' in 'com/sun/javafx/text/PrismTextLayout')}
  0x00000195a18a2ef4: 48b8 a0bd | 55bf 9501 

  0x00000195a18a2efc: ;   {metadata('com/sun/javafx/text/TextRun')}
  0x00000195a18a2efc: 0000 49ba | c066 300b | 0000 0000 | 4c89 90f0 | 1100 0048 | 8380 f811 | 0000 018b | 7710 89b4 
  0x00000195a18a2f1c: 2488 0100 | 004c 8bc7 

  0x00000195a18a2f24: ;   {metadata(method data for {method} {0x00000195bec64650} 'layout' '()V' in 'com/sun/javafx/text/PrismTextLayout')}
  0x00000195a18a2f24: 48b8 a0bd | 55bf 9501 

  0x00000195a18a2f2c: ;   {metadata('com/sun/javafx/text/TextRun')}
  0x00000195a18a2f2c: 0000 49ba | c066 300b | 0000 0000 | 4c89 9020 | 1200 0048 | 8380 2812 

  0x00000195a18a2f44: ;   {metadata(method data for {method} {0x00000195bf04de30} 'getEnd' '()I' in 'com/sun/javafx/text/TextRun')}
  0x00000195a18a2f44: 0000 0149 | b888 fd2f | c095 0100 | 0041 8b98 | 9000 0000 | 83c3 0241 | 8998 9000 | 0000 81e3 
  0x00000195a18a2f64: feff 1f00 | 85db 0f84 | 171b 0000 | 448b 4714 | 4403 c644 | 8984 249c | 0100 0048 | 8bde 660f 
  0x00000195a18a2f84: 1f44 0000 | 488b 8424 | b800 0000 

  0x00000195a18a2f90: ;   {metadata(method data for {method} {0x00000195bec64650} 'layout' '()V' in 'com/sun/javafx/text/PrismTextLayout')}
  0x00000195a18a2f90: 413b d848 | bea0 bd55 | bf95 0100 | 00bf 4812 | 0000 7d05 | bf58 1200 | 0048 8b14 | 3e48 8d52 
  0x00000195a18a2fb0: 0148 8914 | 3e0f 8d3f | 0100 003b | 580c 0f83 | ee1a 0000 | 4863 d30f | b754 5010 

  0x00000195a18a2fcc: ;   {metadata(method data for {method} {0x00000195bec64650} 'layout' '()V' in 'com/sun/javafx/text/PrismTextLayout')}
  0x00000195a18a2fcc: 83fa 2048 | baa0 bd55 | bf95 0100 | 00be 7812 | 0000 7405 | be68 1200 | 0048 8b3c | 3248 8d7f 
  0x00000195a18a2fec: 0148 893c | 320f 840c | 0000 0089 | 9c24 9801 | 0000 e997 | 0000 0044 | 89ac 248c | 0100 008b 
  0x00000195a18a300c: b424 8801 | 0000 488b | bc24 9001 | 0000 488b 

  0x00000195a18a301c: ;   {metadata(method data for {method} {0x00000195bec64650} 'layout' '()V' in 'com/sun/javafx/text/PrismTextLayout')}
  0x00000195a18a301c: c748 b9a0 | bd55 bf95 

  0x00000195a18a3024: ;   {metadata('com/sun/javafx/text/TextRun')}
  0x00000195a18a3024: 0100 0049 | bac0 6630 | 0b00 0000 | 004c 8991 | 9012 0000 | 4883 8198 | 1200 0001 | 488b c32b 
  0x00000195a18a3044: c64c 8bc0 | c5f8 28c4 | 488b d789 | 9c24 9801 

  0x00000195a18a3054: ;   {optimized virtual_call}
  0x00000195a18a3054: 0000 90e8 

  0x00000195a18a3058: ; ImmutableOopMap {[176]=Oop [184]=Oop [360]=Oop [376]=Oop [384]=Oop [400]=Oop }
                      ;*invokevirtual justify {reexecute=0 rethrow=0 return_oop=0}
                      ; - com.sun.javafx.text.PrismTextLayout::layout@1203 (line 1289)
  0x00000195a18a3058: 84c1 ce06 

  0x00000195a18a305c: ;   {post_call_nop}
  0x00000195a18a305c: 0f1f 8400 | 5438 0021 | 448b ac24 | 8c01 0000 | 41ff cd45 

  0x00000195a18a3070: ;   {metadata(method data for {method} {0x00000195bec64650} 'layout' '()V' in 'com/sun/javafx/text/PrismTextLayout')}
  0x00000195a18a3070: 85ed 49b8 | a0bd 55bf | 9501 0000 | bac8 1200 | 0074 05ba | b812 0000 | 498b 3410 | 488d 7601 
  0x00000195a18a3090: 4989 3410 | 0f84 c800 | 0000 8b9c | 2498 0100 

  0x00000195a18a30a0: ;   {metadata(method data for {method} {0x00000195bec64650} 'layout' '()V' in 'com/sun/javafx/text/PrismTextLayout')}
  0x00000195a18a30a0: 00ff c349 | b8a0 bd55 | bf95 0100 | 0041 8b90 | 9400 0000 | 83c2 0241 | 8990 9400 | 0000 81e2 
  0x00000195a18a30c0: fe3f 0000 | 85d2 0f84 | f419 0000 

  0x00000195a18a30cc: ; ImmutableOopMap {[176]=Oop [184]=Oop [360]=Oop [376]=Oop [384]=Oop [400]=Oop }
                      ;*goto {reexecute=1 rethrow=0 return_oop=0}
                      ; - (reexecute) com.sun.javafx.text.PrismTextLayout::layout@1220 (line 1286)
  0x00000195a18a30cc: 4d8b 5730 

  0x00000195a18a30d0: ;   {poll}
  0x00000195a18a30d0: 4185 0249 | b8a0 bd55 | bf95 0100 | 0041 ff80 | f012 0000 | 448b 8424 | 9c01 0000 | c5fa 10a4 
  0x00000195a18a30f0: 24cc 0100 | 00e9 8efe | ffff 8bb4 | 2474 0100 

  0x00000195a18a3100: ;   {metadata(method data for {method} {0x00000195bec64650} 'layout' '()V' in 'com/sun/javafx/text/PrismTextLayout')}
  0x00000195a18a3100: 00ff c649 | b8a0 bd55 | bf95 0100 | 0041 8b90 | 9400 0000 | 83c2 0241 | 8990 9400 | 0000 81e2 
  0x00000195a18a3120: fe3f 0000 | 85d2 0f84 | b519 0000 

  0x00000195a18a312c: ; ImmutableOopMap {[176]=Oop [184]=Oop [360]=Oop [376]=Oop [384]=Oop }
                      ;*goto {reexecute=1 rethrow=0 return_oop=0}
                      ; - (reexecute) com.sun.javafx.text.PrismTextLayout::layout@1226 (line 1282)
  0x00000195a18a312c: 4d8b 5730 

  0x00000195a18a3130: ;   {poll}
  0x00000195a18a3130: 4185 0249 | b8a0 bd55 | bf95 0100 | 0041 ff80 | 0813 0000 | c5fa 10a4 | 24cc 0100 | 0044 8b9c 
  0x00000195a18a3150: 2470 0100 | 004c 8b8c | 2468 0100 | 00e9 46fd 

  0x00000195a18a3160: ;   {metadata(method data for {method} {0x00000195bec64650} 'layout' '()V' in 'com/sun/javafx/text/PrismTextLayout')}
  0x00000195a18a3160: ffff 49b8 | a0bd 55bf | 9501 0000 | 41ff 80d8 | 1200 0048 | 8b9c 2478 | 0100 004c 

  0x00000195a18a317c: ;   {metadata(method data for {method} {0x00000195bec64650} 'layout' '()V' in 'com/sun/javafx/text/PrismTextLayout')}
  0x00000195a18a317c: 8bc3 48ba | a0bd 55bf | 9501 0000 

  0x00000195a18a3188: ;   {metadata('com/sun/javafx/text/TextLine')}
  0x00000195a18a3188: 49ba f834 | 300b 0000 | 0000 4c89 | 9228 1300 | 0048 8382 | 3013 0000 

  0x00000195a18a31a0: ;   {metadata(method data for {method} {0x00000195bf056528} 'setAlignment' '(F)V' in 'com/sun/javafx/text/TextLine')}
  0x00000195a18a31a0: 0149 b8f8 | 1d40 c095 | 0100 0041 | 8b90 9000 | 0000 83c2 | 0241 8990 | 9000 0000 | 81e2 feff 
  0x00000195a18a31c0: 1f00 85d2 | 0f84 3819 | 0000 448b | 4324 49c1 | e003 493b | 0049 8bd0 

  0x00000195a18a31d8: ;   {metadata(method data for {method} {0x00000195bf056528} 'setAlignment' '(F)V' in 'com/sun/javafx/text/TextLine')}
  0x00000195a18a31d8: 48be f81d | 40c0 9501 | 0000 8b52 | 0841 ba00 | 0000 0a49 | 03d2 483b | 96e0 0000 | 0075 0d48 
  0x00000195a18a31f8: 8386 e800 | 0000 01e9 | 6000 0000 | 483b 96f0 | 0000 0075 | 0d48 8386 | f800 0000 | 01e9 4a00 
  0x00000195a18a3218: 0000 4883 | bee0 0000 | 0000 7517 | 4889 96e0 | 0000 0048 | c786 e800 | 0000 0100 | 0000 e929 
  0x00000195a18a3238: 0000 0048 | 83be f000 | 0000 0075 | 1748 8996 | f000 0000 | 48c7 86f8 | 0000 0001 | 0000 00e9 
  0x00000195a18a3258: 0800 0000 | 4883 86d8 | 0000 0001 | 41c7 400c | 0000 0000 

  0x00000195a18a326c: ;   {metadata(method data for {method} {0x00000195bf056528} 'setAlignment' '(F)V' in 'com/sun/javafx/text/TextLine')}
  0x00000195a18a326c: 498b d048 | bef8 1d40 | c095 0100 | 008b 5208 | 41ba 0000 | 000a 4903 | d248 3b96 | 1001 0000 
  0x00000195a18a328c: 750d 4883 | 8618 0100 | 0001 e960 | 0000 0048 | 3b96 2001 | 0000 750d | 4883 8628 | 0100 0001 
  0x00000195a18a32ac: e94a 0000 | 0048 83be | 1001 0000 | 0075 1748 | 8996 1001 | 0000 48c7 | 8618 0100 | 0001 0000 
  0x00000195a18a32cc: 00e9 2900 | 0000 4883 | be20 0100 | 0000 7517 | 4889 9620 | 0100 0048 | c786 2801 | 0000 0100 
  0x00000195a18a32ec: 0000 e908 | 0000 0048 | 8386 0801 | 0000 01c4 | c17a 1040 | 1049 8bd0 

  0x00000195a18a3304: ;   {metadata(method data for {method} {0x00000195bf056528} 'setAlignment' '(F)V' in 'com/sun/javafx/text/TextLine')}
  0x00000195a18a3304: 48be f81d | 40c0 9501 | 0000 8b52 | 0841 ba00 | 0000 0a49 | 03d2 483b | 9640 0100 | 0075 0d48 
  0x00000195a18a3324: 8386 4801 | 0000 01e9 | 6000 0000 | 483b 9650 | 0100 0075 | 0d48 8386 | 5801 0000 | 01e9 4a00 
  0x00000195a18a3344: 0000 4883 | be40 0100 | 0000 7517 | 4889 9640 | 0100 0048 | c786 4801 | 0000 0100 | 0000 e929 
  0x00000195a18a3364: 0000 0048 | 83be 5001 | 0000 0075 | 1748 8996 | 5001 0000 | 48c7 8658 | 0100 0001 | 0000 00e9 
  0x00000195a18a3384: 0800 0000 | 4883 8638 | 0100 0001 

  0x00000195a18a3390: ;   {section_word}
  0x00000195a18a3390: c5fa 5805 | 98c5 ffff | c4c1 7a11 | 4010 488b 

  0x00000195a18a33a0: ;   {metadata(method data for {method} {0x00000195bec64650} 'layout' '()V' in 'com/sun/javafx/text/PrismTextLayout')}
  0x00000195a18a33a0: d348 bea0 | bd55 bf95 

  0x00000195a18a33a8: ;   {metadata('com/sun/javafx/text/TextLine')}
  0x00000195a18a33a8: 0100 0049 | baf8 3430 | 0b00 0000 | 004c 8996 | 5813 0000 | 4883 8660 | 1300 0001 

  0x00000195a18a33c4: ;   {metadata(method data for {method} {0x00000195bf0565d0} 'setWidth' '(F)V' in 'com/sun/javafx/text/TextLine')}
  0x00000195a18a33c4: 48ba a024 | 40c0 9501 | 0000 8bb2 | 9000 0000 | 83c6 0289 | b290 0000 | 0081 e6fe | ff1f 0085 
  0x00000195a18a33e4: f60f 843d | 1700 0049 

  0x00000195a18a33ec: ;   {metadata(method data for {method} {0x00000195bf0565d0} 'setWidth' '(F)V' in 'com/sun/javafx/text/TextLine')}
  0x00000195a18a33ec: 8bd0 48be | a024 40c0 | 9501 0000 | 8b52 0841 | ba00 0000 | 0a49 03d2 | 483b 96e0 | 0000 0075 
  0x00000195a18a340c: 0d48 8386 | e800 0000 | 01e9 6000 | 0000 483b | 96f0 0000 | 0075 0d48 | 8386 f800 | 0000 01e9 
  0x00000195a18a342c: 4a00 0000 | 4883 bee0 | 0000 0000 | 7517 4889 | 96e0 0000 | 0048 c786 | e800 0000 | 0100 0000 
  0x00000195a18a344c: e929 0000 | 0048 83be | f000 0000 | 0075 1748 | 8996 f000 | 0000 48c7 | 86f8 0000 | 0001 0000 
  0x00000195a18a346c: 00e9 0800 | 0000 4883 | 86d8 0000 | 0001 498b 

  0x00000195a18a347c: ;   {metadata(method data for {method} {0x00000195bf0565d0} 'setWidth' '(F)V' in 'com/sun/javafx/text/TextLine')}
  0x00000195a18a347c: d048 bea0 | 2440 c095 | 0100 008b | 5208 41ba | 0000 000a | 4903 d248 | 3b96 1001 | 0000 750d 
  0x00000195a18a349c: 4883 8618 | 0100 0001 | e960 0000 | 0048 3b96 | 2001 0000 | 750d 4883 | 8628 0100 | 0001 e94a 
  0x00000195a18a34bc: 0000 0048 | 83be 1001 | 0000 0075 | 1748 8996 | 1001 0000 | 48c7 8618 | 0100 0001 | 0000 00e9 
  0x00000195a18a34dc: 2900 0000 | 4883 be20 | 0100 0000 | 7517 4889 | 9620 0100 | 0048 c786 | 2801 0000 | 0100 0000 
  0x00000195a18a34fc: e908 0000 | 0048 8386 | 0801 0000 | 01c5 fa10 | 8424 c801 

  0x00000195a18a3510: ;   {section_word}
  0x00000195a18a3510: 0000 c5fa | 5805 1ac4 | ffff c4c1 | 7a11 4010 

  0x00000195a18a3520: ;   {section_word}
  0x00000195a18a3520: c5fa 1025 | 10c4 ffff | 488b 9424 | b000 0000 | 448b 4220 | 4183 e008 

  0x00000195a18a3538: ;   {metadata(method data for {method} {0x00000195bec64650} 'layout' '()V' in 'com/sun/javafx/text/PrismTextLayout')}
  0x00000195a18a3538: 4585 c049 | b8a0 bd55 | bf95 0100 | 00be 8013 | 0000 7405 | be90 1300 | 0049 8b3c | 3048 8d7f 
  0x00000195a18a3558: 0149 893c | 30c5 fa11 | a424 d801 | 0000 0f84 | 3800 0000 

  0x00000195a18a356c: ;   {metadata(method data for {method} {0x00000195bec64650} 'layout' '()V' in 'com/sun/javafx/text/PrismTextLayout')}
  0x00000195a18a356c: 4c8b c248 | bea0 bd55 | bf95 0100 | 0048 8386 | a013 0000 | 014c 8bc3 | 488b f248 | 8bd6 0f1f 
  0x00000195a18a358c: ;   {optimized virtual_call}
  0x00000195a18a358c: 4400 00e8 

  0x00000195a18a3590: ; ImmutableOopMap {[176]=Oop [184]=Oop [376]=Oop [384]=Oop }
                      ;*invokevirtual reorderLine {reexecute=0 rethrow=0 return_oop=0}
                      ; - com.sun.javafx.text.PrismTextLayout::layout@1259 (line 1302)
  0x00000195a18a3590: c319 0000 

  0x00000195a18a3594: ;   {post_call_nop}
  0x00000195a18a3594: 0f1f 8400 | 8c3d 0024 | 488b 9c24 | 7801 0000 | 488b 9424 | b000 0000 

  0x00000195a18a35ac: ;   {metadata(method data for {method} {0x00000195bec64650} 'layout' '()V' in 'com/sun/javafx/text/PrismTextLayout')}
  0x00000195a18a35ac: 49b8 a0bd | 55bf 9501 | 0000 4983 | 80d0 1300 | 0001 4c8b | c348 8b94 | 24b0 0000 | 0066 0f1f 
  0x00000195a18a35cc: ;   {optimized virtual_call}
  0x00000195a18a35cc: 4400 00e8 

  0x00000195a18a35d0: ; ImmutableOopMap {[176]=Oop [184]=Oop [376]=Oop [384]=Oop }
                      ;*invokevirtual computeSideBearings {reexecute=0 rethrow=0 return_oop=0}
                      ; - com.sun.javafx.text.PrismTextLayout::layout@1265 (line 1305)
  0x00000195a18a35d0: 8c4e 2500 

  0x00000195a18a35d4: ;   {post_call_nop}
  0x00000195a18a35d4: 0f1f 8400 | cc3d 0025 | 488b 9c24 | 7801 0000 

  0x00000195a18a35e4: ;   {metadata(method data for {method} {0x00000195bec64650} 'layout' '()V' in 'com/sun/javafx/text/PrismTextLayout')}
  0x00000195a18a35e4: 48ba a0bd | 55bf 9501 | 0000 4883 | 8210 1400 | 0001 488b | 9c24 7801 | 0000 8b73 | 2048 c1e6 
  0x00000195a18a3604: 0348 89b4 | 24b0 0100 | 00c5 fa10 | a424 d801 | 0000 bf00 | 0000 00e9 | 3801 0000 | 4863 d78b 
  0x00000195a18a3624: 4496 1048 | c1e0 0348 | 3b00 488b 

  0x00000195a18a3630: ;   {metadata(method data for {method} {0x00000195bec64650} 'layout' '()V' in 'com/sun/javafx/text/PrismTextLayout')}
  0x00000195a18a3630: d048 b9a0 | bd55 bf95 | 0100 0048 | 8381 6014 | 0000 01c5 | f828 c4c5 | fa10 8c24 | d001 0000 
  0x00000195a18a3650: 488b d089 | bc24 a801 | 0000 4889 | 8424 a001 | 0000 c5fa | 11a4 24dc | 0100 000f 

  0x00000195a18a366c: ;   {optimized virtual_call}
  0x00000195a18a366c: 1f40 00e8 

  0x00000195a18a3670: ; ImmutableOopMap {[176]=Oop [184]=Oop [376]=Oop [384]=Oop [416]=Oop [432]=Oop }
                      ;*invokevirtual setLocation {reexecute=0 rethrow=0 return_oop=0}
                      ; - com.sun.javafx.text.PrismTextLayout::layout@1303 (line 1312)
  0x00000195a18a3670: ac6e b5ff 

  0x00000195a18a3674: ;   {post_call_nop}
  0x00000195a18a3674: 0f1f 8400 | 6c3e 0026 | 488b 8424 | a001 0000 

  0x00000195a18a3684: ;   {metadata(method data for {method} {0x00000195bec64650} 'layout' '()V' in 'com/sun/javafx/text/PrismTextLayout')}
  0x00000195a18a3684: 48ba a0bd | 55bf 9501 | 0000 4883 | 8290 1400 | 0001 410f | be57 4885 | d248 8b84 | 24a0 0100 
  0x00000195a18a36a4: 000f 85a3 | 1400 0048 | 8b9c 2478 | 0100 004c | 8bd3 49c1 | ea03 4489 | 5050 488b | d048 33d3 
  0x00000195a18a36c4: 48c1 ea16 | 4883 fa00 | 0f85 9b14 | 0000 488b 

  0x00000195a18a36d4: ;   {metadata(method data for {method} {0x00000195bec64650} 'layout' '()V' in 'com/sun/javafx/text/PrismTextLayout')}
  0x00000195a18a36d4: d048 bea0 | bd55 bf95 | 0100 0048 | 8386 c014 | 0000 0148 | 8bd0 0f1f 

  0x00000195a18a36ec: ;   {optimized virtual_call}
  0x00000195a18a36ec: 4400 00e8 

  0x00000195a18a36f0: ; ImmutableOopMap {[176]=Oop [184]=Oop [376]=Oop [384]=Oop [432]=Oop }
                      ;*invokevirtual getWidth {reexecute=0 rethrow=0 return_oop=0}
                      ; - com.sun.javafx.text.PrismTextLayout::layout@1317 (line 1314)
  0x00000195a18a36f0: cc56 dfff 

  0x00000195a18a36f4: ;   {post_call_nop}
  0x00000195a18a36f4: 0f1f 8400 | ec3e 0027 | c5fa 5884 | 24dc 0100 | 008b bc24 | a801 0000 

  0x00000195a18a370c: ;   {metadata(method data for {method} {0x00000195bec64650} 'layout' '()V' in 'com/sun/javafx/text/PrismTextLayout')}
  0x00000195a18a370c: ffc7 48be | a0bd 55bf | 9501 0000 | 8b9e 9400 | 0000 83c3 | 0289 9e94 | 0000 0081 | e3fe 3f00 
  0x00000195a18a372c: 0085 db0f | 8450 1400 | 004d 8b57 

  0x00000195a18a3738: ; ImmutableOopMap {[176]=Oop [184]=Oop [376]=Oop [384]=Oop [432]=Oop }
                      ;*goto {reexecute=1 rethrow=0 return_oop=0}
                      ; - (reexecute) com.sun.javafx.text.PrismTextLayout::layout@1326 (line 1310)
                      ;   {poll}
  0x00000195a18a3738: 3041 8502 

  0x00000195a18a373c: ;   {metadata(method data for {method} {0x00000195bec64650} 'layout' '()V' in 'com/sun/javafx/text/PrismTextLayout')}
  0x00000195a18a373c: 48be a0bd | 55bf 9501 | 0000 ff86 | e014 0000 | c5f8 28e0 | 488b b424 | b001 0000 

  0x00000195a18a3758: ; implicit exception: dispatches to 0x00000195a18a4ba6
  0x00000195a18a3758: 8b56 0c3b 

  0x00000195a18a375c: ;   {metadata(method data for {method} {0x00000195bec64650} 'layout' '()V' in 'com/sun/javafx/text/PrismTextLayout')}
  0x00000195a18a375c: fa48 baa0 | bd55 bf95 | 0100 00b8 | 4014 0000 | 7c05 b830 | 1400 0048 | 8b0c 0248 | 8d49 0148 
  0x00000195a18a377c: 890c 020f | 8c9b feff | ff48 8b94 | 24b0 0000 | 008b b424 | 5c01 0000 | ffc6 8b7a | 3c48 c1e7 
  0x00000195a18a379c: 038b 7f0c 

  0x00000195a18a37a0: ;   {metadata(method data for {method} {0x00000195bec64650} 'layout' '()V' in 'com/sun/javafx/text/PrismTextLayout')}
  0x00000195a18a37a0: 3bf7 48bf | a0bd 55bf | 9501 0000 | bbf8 1400 | 007d 05bb | 0815 0000 | 488b 041f | 488d 4001 
  0x00000195a18a37c0: 4889 041f | 89b4 24ac | 0100 0048 | 8b8c 2480 | 0100 000f | 8d18 0100 | 0048 8bf9 

  0x00000195a18a37dc: ;   {metadata(method data for {method} {0x00000195bec64650} 'layout' '()V' in 'com/sun/javafx/text/PrismTextLayout')}
  0x00000195a18a37dc: 48bb a0bd | 55bf 9501 | 0000 8b7f | 0841 ba00 | 0000 0a49 | 03fa 483b | bb20 1500 | 0075 0d48 
  0x00000195a18a37fc: 8383 2815 | 0000 01e9 | 6000 0000 | 483b bb30 | 1500 0075 | 0d48 8383 | 3815 0000 | 01e9 4a00 
  0x00000195a18a381c: 0000 4883 | bb20 1500 | 0000 7517 | 4889 bb20 | 1500 0048 | c783 2815 | 0000 0100 | 0000 e929 
  0x00000195a18a383c: 0000 0048 | 83bb 3015 | 0000 0075 | 1748 89bb | 3015 0000 | 48c7 8338 | 1500 0001 | 0000 00e9 
  0x00000195a18a385c: 0800 0000 | 4883 8318 | 1500 0001 

  0x00000195a18a3868: ;   {metadata(method data for {method} {0x00000195be7e1520} 'getHeight' '()F' in 'com/sun/javafx/geom/RectBounds')}
  0x00000195a18a3868: 48bf 0817 | 51bf 9501 | 0000 8b9f | 9000 0000 | 83c3 0289 | 9f90 0000 | 0081 e3fe | ff1f 0085 
  0x00000195a18a3888: db0f 8421 | 1300 00c5 | fa10 4118 | c5fa 1049 | 14c5 fa10 

  0x00000195a18a389c: ;   {metadata(method data for {method} {0x00000195bec64650} 'layout' '()V' in 'com/sun/javafx/text/PrismTextLayout')}
  0x00000195a18a389c: 521c 48bf | a0bd 55bf | 9501 0000 | 4883 8748 | 1500 0001 | c5fa 5cc1 | c5fa 5884 | 24d0 0100 
  0x00000195a18a38bc: 00c5 f828 | c8c5 f258 | cac5 fa10 | 8424 d001 

  0x00000195a18a38cc: ;   {static_call}
  0x00000195a18a38cc: 0000 90e8 

  0x00000195a18a38d0: ; ImmutableOopMap {[176]=Oop [184]=Oop }
                      ;*invokestatic max {reexecute=0 rethrow=0 return_oop=0}
                      ; - com.sun.javafx.text.PrismTextLayout::layout@1356 (line 1317)
  0x00000195a18a38d0: 0cc3 ce06 

  0x00000195a18a38d4: ;   {post_call_nop}
  0x00000195a18a38d4: 0f1f 8400 | cc40 0029 

  0x00000195a18a38dc: ;   {metadata(method data for {method} {0x00000195bec64650} 'layout' '()V' in 'com/sun/javafx/text/PrismTextLayout')}
  0x00000195a18a38dc: 48ba a0bd | 55bf 9501 | 0000 ff82 | 5815 0000 | e9f3 0000 | 0048 8b9c | 2478 0100 | 0048 8bd1 
  0x00000195a18a38fc: ;   {metadata(method data for {method} {0x00000195bec64650} 'layout' '()V' in 'com/sun/javafx/text/PrismTextLayout')}
  0x00000195a18a38fc: 48be a0bd | 55bf 9501 | 0000 8b52 | 0841 ba00 | 0000 0a49 | 03d2 483b | 9678 1500 | 0075 0d48 
  0x00000195a18a391c: 8386 8015 | 0000 01e9 | 6000 0000 | 483b 9688 | 1500 0075 | 0d48 8386 | 9015 0000 | 01e9 4a00 
  0x00000195a18a393c: 0000 4883 | be78 1500 | 0000 7517 | 4889 9678 | 1500 0048 | c786 8015 | 0000 0100 | 0000 e929 
  0x00000195a18a395c: 0000 0048 | 83be 8815 | 0000 0075 | 1748 8996 | 8815 0000 | 48c7 8690 | 1500 0001 | 0000 00e9 
  0x00000195a18a397c: 0800 0000 | 4883 8670 | 1500 0001 

  0x00000195a18a3988: ;   {metadata(method data for {method} {0x00000195be7e1520} 'getHeight' '()F' in 'com/sun/javafx/geom/RectBounds')}
  0x00000195a18a3988: 48ba 0817 | 51bf 9501 | 0000 8bb2 | 9000 0000 | 83c6 0289 | b290 0000 | 0081 e6fe | ff1f 0085 
  0x00000195a18a39a8: f60f 8422 | 1200 00c5 | fa10 4118 | c5fa 1049 | 1448 8bd3 

  0x00000195a18a39bc: ;   {metadata(method data for {method} {0x00000195bec64650} 'layout' '()V' in 'com/sun/javafx/text/PrismTextLayout')}
  0x00000195a18a39bc: 48be a0bd | 55bf 9501 | 0000 4883 | 86b0 1500 | 0001 c5fa | 1053 14c5 | fa5c c1c5 | fa5c c2c5 
  0x00000195a18a39dc: fa58 8424 | d001 0000 | 8bb4 24ac 

  0x00000195a18a39e8: ;   {metadata(method data for {method} {0x00000195bec64650} 'layout' '()V' in 'com/sun/javafx/text/PrismTextLayout')}
  0x00000195a18a39e8: 0100 0048 | baa0 bd55 | bf95 0100 | 008b ba94 | 0000 0083 | c702 89ba | 9400 0000 | 81e7 fe3f 
  0x00000195a18a3a08: 0000 85ff | 0f84 e011 | 0000 4d8b 

  0x00000195a18a3a14: ; ImmutableOopMap {[176]=Oop [184]=Oop }
                      ;*goto {reexecute=1 rethrow=0 return_oop=0}
                      ; - (reexecute) com.sun.javafx.text.PrismTextLayout::layout@1383 (line 1256)
                      ;   {poll}
  0x00000195a18a3a14: 5730 4185 

  0x00000195a18a3a18: ;   {metadata(method data for {method} {0x00000195bec64650} 'layout' '()V' in 'com/sun/javafx/text/PrismTextLayout')}
  0x00000195a18a3a18: 0248 baa0 | bd55 bf95 | 0100 00ff | 82d0 1500 | 00c5 f828 | c8c5 fa11 | 8c24 d001 | 0000 c5fa 
  0x00000195a18a3a38: 1084 24d4 | 0100 00c5 | fa10 8c24 | c801 0000 | 8bbc 24e0 | 0000 00e9 | a4eb ffff | c5fa 108c 
  0x00000195a18a3a58: 24d0 0100 | 0083 7b0c | 000f 86ac | 1100 008b | 7310 48c1 | e603 483b | 0648 8bfe 

  0x00000195a18a3a74: ;   {metadata(method data for {method} {0x00000195bec64650} 'layout' '()V' in 'com/sun/javafx/text/PrismTextLayout')}
  0x00000195a18a3a74: 48bb a0bd | 55bf 9501 | 0000 4883 | 83f8 1500 | 0001 8b76 | 2448 c1e6 | 0348 3b06 

  0x00000195a18a3a90: ;   {metadata(method data for {method} {0x00000195bec64650} 'layout' '()V' in 'com/sun/javafx/text/PrismTextLayout')}
  0x00000195a18a3a90: 488b fe48 | bba0 bd55 | bf95 0100 | 008b 7f08 | 41ba 0000 | 000a 4903 | fa48 3bbb | 2016 0000 
  0x00000195a18a3ab0: 750d 4883 | 8328 1600 | 0001 e960 | 0000 0048 | 3bbb 3016 | 0000 750d | 4883 8338 | 1600 0001 
  0x00000195a18a3ad0: e94a 0000 | 0048 83bb | 2016 0000 | 0075 1748 | 89bb 2016 | 0000 48c7 | 8328 1600 | 0001 0000 
  0x00000195a18a3af0: 00e9 2900 | 0000 4883 | bb30 1600 | 0000 7517 | 4889 bb30 | 1600 0048 | c783 3816 | 0000 0100 
  0x00000195a18a3b10: 0000 e908 | 0000 0048 | 8383 1816 | 0000 01c5 | fa10 5614 | c5fa 114a | 148b 7244 | 48c1 e603 
  0x00000195a18a3b30: c5fa 105a | 1048 3b06 

  0x00000195a18a3b38: ;   {metadata(method data for {method} {0x00000195bec64650} 'layout' '()V' in 'com/sun/javafx/text/PrismTextLayout')}
  0x00000195a18a3b38: 488b fe48 | bba0 bd55 | bf95 0100 | 008b 7f08 | 41ba 0000 | 000a 4903 | fa48 3bbb | 5016 0000 
  0x00000195a18a3b58: 750d 4883 | 8358 1600 | 0001 e960 | 0000 0048 | 3bbb 6016 | 0000 750d | 4883 8368 | 1600 0001 
  0x00000195a18a3b78: e94a 0000 | 0048 83bb | 5016 0000 | 0075 1748 | 89bb 5016 | 0000 48c7 | 8358 1600 | 0001 0000 
  0x00000195a18a3b98: 00e9 2900 | 0000 4883 | bb60 1600 | 0000 7517 | 4889 bb60 | 1600 0048 | c783 6816 | 0000 0100 
  0x00000195a18a3bb8: 0000 e908 | 0000 0048 | 8383 4816 | 0000 01c5 | f828 e2c5 

  0x00000195a18a3bcc: ;   {section_word}
  0x00000195a18a3bcc: da58 e1c5 | fa10 0565 | bdff ffc5 

  0x00000195a18a3bd8: ;   {section_word}
  0x00000195a18a3bd8: f828 cac5 | fa10 155d 

  0x00000195a18a3be0: ;   {section_word}
  0x00000195a18a3be0: bdff ffc5 | fa10 2d59 | bdff ff48 | 8bd6 0f1f | 8000 0000 | 0048 b808 | 8e7d d695 

  0x00000195a18a3bfc: ;   {virtual_call}
  0x00000195a18a3bfc: 0100 00e8 

  0x00000195a18a3c00: ; ImmutableOopMap {[176]=Oop [184]=Oop }
                      ;*invokevirtual deriveWithNewBounds {reexecute=0 rethrow=0 return_oop=0}
                      ; - com.sun.javafx.text.PrismTextLayout::layout@1427 (line 1324)
  0x00000195a18a3c00: 9ed5 6507 

  0x00000195a18a3c04: ;   {post_call_nop}
  0x00000195a18a3c04: 0f1f 8400 | fc43 002b | 410f be57 | 4885 d248 | 8b94 24b0 | 0000 000f | 8513 1000 | 004c 8bd0 
  0x00000195a18a3c24: 49c1 ea03 | 4489 5244 | 488b f248 | 33f0 48c1 | ee16 4883 | fe00 0f85 | 1310 0000 | 8b72 4c48 
  0x00000195a18a3c44: c1e6 0348 

  0x00000195a18a3c48: ;   {metadata(method data for {method} {0x00000195bec64650} 'layout' '()V' in 'com/sun/javafx/text/PrismTextLayout')}
  0x00000195a18a3c48: 85f6 48bf | a0bd 55bf | 9501 0000 | bb78 1600 | 0074 05bb | 8816 0000 | 488b 041f | 488d 4001 
  0x00000195a18a3c68: 4889 041f | 0f84 9704 | 0000 8b7a | 3848 c1e7 | 0348 85ff 

  0x00000195a18a3c7c: ;   {metadata(method data for {method} {0x00000195bec64650} 'layout' '()V' in 'com/sun/javafx/text/PrismTextLayout')}
  0x00000195a18a3c7c: 48bf a0bd | 55bf 9501 | 0000 bb98 | 1600 0074 | 05bb a816 | 0000 488b | 041f 488d | 4001 4889 
  0x00000195a18a3c9c: 041f 0f84 | 5a04 0000 

  0x00000195a18a3ca4: ; implicit exception: dispatches to 0x00000195a18a4c6b
  0x00000195a18a3ca4: 0fbe 761c 

  0x00000195a18a3ca8: ;   {metadata(method data for {method} {0x00000195bec64650} 'layout' '()V' in 'com/sun/javafx/text/PrismTextLayout')}
  0x00000195a18a3ca8: 85f6 48be | a0bd 55bf | 9501 0000 | bfb8 1600 | 0075 05bf | c816 0000 | 488b 1c3e | 488d 5b01 
  0x00000195a18a3cc8: 4889 1c3e | 0f85 2c04 | 0000 488b 

  0x00000195a18a3cd4: ;   {metadata(method data for {method} {0x00000195bec64650} 'layout' '()V' in 'com/sun/javafx/text/PrismTextLayout')}
  0x00000195a18a3cd4: f248 bfa0 | bd55 bf95 | 0100 0048 | 8387 d816 | 0000 0148 | 8bf2 488b 

  0x00000195a18a3cec: ;   {optimized virtual_call}
  0x00000195a18a3cec: d666 90e8 

  0x00000195a18a3cf0: ; ImmutableOopMap {[176]=Oop [184]=Oop }
                      ;*invokevirtual copyCache {reexecute=0 rethrow=0 return_oop=0}
                      ; - com.sun.javafx.text.PrismTextLayout::layout@1458 (line 1329)
  0x00000195a18a3cf0: cccd 0d00 

  0x00000195a18a3cf4: ;   {post_call_nop}
  0x00000195a18a3cf4: 0f1f 8400 | ec44 002c 

  0x00000195a18a3cfc: ;   {metadata(method data for {method} {0x00000195bec64650} 'layout' '()V' in 'com/sun/javafx/text/PrismTextLayout')}
  0x00000195a18a3cfc: 85c0 48b8 | a0bd 55bf | 9501 0000 | ba08 1700 | 0075 05ba | 1817 0000 | 488b 3410 | 488d 7601 
  0x00000195a18a3d1c: 4889 3410 | 488b 9424 | b000 0000 | 0f85 d003 | 0000 8b42 | 4c48 c1e0 | 038b 7230 | 48c1 e603 
  0x00000195a18a3d3c: 410f be7f | 4885 ff0f | 8527 0f00 | 004c 8bd6 | 49c1 ea03 

  0x00000195a18a3d50: ; implicit exception: dispatches to 0x00000195a18a4c8f
  0x00000195a18a3d50: 4489 502c | 488b f848 | 33fe 48c1 | ef16 4883 | ff00 0f85 | 2c0f 0000 | 8b72 2848 | c1e6 0341 
  0x00000195a18a3d70: 0fbe 7f48 | 85ff 0f85 | 300f 0000 | 4c8b d649 | c1ea 0344 | 8950 2848 | 8bf8 4833 | fe48 c1ef 
  0x00000195a18a3d90: 1648 83ff | 000f 8530 | 0f00 008b | 7240 48c1 | e603 410f | be7f 4885 | ff0f 8534 | 0f00 004c 
  0x00000195a18a3db0: 8bd6 49c1 | ea03 4489 | 5030 488b | f848 33fe | 48c1 ef16 | 4883 ff00 | 0f85 340f | 0000 8b72 
  0x00000195a18a3dd0: 0c89 7010 | 8b72 3c48 | c1e6 0341 | 0fbe 7f48 | 85ff 0f85 | 320f 0000 | 4c8b d649 | c1ea 0344 
  0x00000195a18a3df0: 8950 3448 | 8bf8 4833 | fe48 c1ef 

  0x00000195a18a3dfc: ;   {other}
  0x00000195a18a3dfc: 1648 83ff | 000f 8532 | 0f00 00c5 | fa10 4210 | c5fa 1140 | 14c5 fa10 | 4214 c5fa | 1140 188b 
  0x00000195a18a3e1c: 7220 81e6 | ff07 0000 

  0x00000195a18a3e24: ;   {oop(a 'java/lang/Object'{0x000000060bf7b718})}
  0x00000195a18a3e24: 8970 0c48 | be18 b7f7 | 0b06 0000 | 0048 8dbc | 24e0 0100 | 0048 8977 | 0848 8b06 | 418b 9fd8 
  0x00000195a18a3e44: 0600 0081 | fb28 0700 | 000f 8dfe | 0e00 0049 | 3b74 1ff8 | 0f84 2500 | 0000 a802 | 0f85 eb0e 
  0x00000195a18a3e64: 0000 488b | d848 83e3 | fe48 83c8 | 01f0 480f | b11e 0f85 | d50e 0000 | 418b 9fd8 | 0600 0049 
  0x00000195a18a3e84: 8934 1f83 | c308 4189 | 9fd8 0600 | 0048 8b84 | 24b8 0000 | 008b 700c | 89b4 24b8 

  0x00000195a18a3ea0: ;   {oop(a 'java/lang/Class'{0x000000060bf7b678} = 'com/sun/javafx/text/PrismTextLayout')}
  0x00000195a18a3ea0: 0100 0048 | bf78 b6f7 | 0b06 0000 | 008b bf94 | 0000 0003 | fe81 ff00 

  0x00000195a18a3eb8: ;   {metadata(method data for {method} {0x00000195bec64650} 'layout' '()V' in 'com/sun/javafx/text/PrismTextLayout')}
  0x00000195a18a3eb8: 0001 0048 | bfa0 bd55 | bf95 0100 | 00bb 2817 | 0000 7e05 | bb38 1700 | 0048 8b04 | 1f48 8d40 
  0x00000195a18a3ed8: 0148 8904 | 1f0f 8ec6 

  0x00000195a18a3ee0: ;   {oop(a 'java/util/Hashtable'{0x000000060bf7b728})}
  0x00000195a18a3ee0: 0000 0048 | bf28 b7f7 | 0b06 0000 | 0048 8bdf 

  0x00000195a18a3ef0: ;   {metadata(method data for {method} {0x00000195bec64650} 'layout' '()V' in 'com/sun/javafx/text/PrismTextLayout')}
  0x00000195a18a3ef0: 48b8 a0bd | 55bf 9501 | 0000 8b5b | 0841 ba00 | 0000 0a49 | 03da 483b | 9850 1700 | 0075 0d48 
  0x00000195a18a3f10: 8380 5817 | 0000 01e9 | 6000 0000 | 483b 9860 | 1700 0075 | 0d48 8380 | 6817 0000 | 01e9 4a00 
  0x00000195a18a3f30: 0000 4883 | b850 1700 | 0000 7517 | 4889 9850 | 1700 0048 | c780 5817 | 0000 0100 | 0000 e929 
  0x00000195a18a3f50: 0000 0048 | 83b8 6017 | 0000 0075 | 1748 8998 | 6017 0000 | 48c7 8068 | 1700 0001 | 0000 00e9 
  0x00000195a18a3f70: 0800 0000 | 4883 8048 | 1700 0001 

  0x00000195a18a3f7c: ;   {optimized virtual_call}
  0x00000195a18a3f7c: 488b d7e8 

  0x00000195a18a3f80: ; ImmutableOopMap {[176]=Oop [488]=Oop }
                      ;*invokevirtual clear {reexecute=0 rethrow=0 return_oop=0}
                      ; - com.sun.javafx.text.PrismTextLayout::layout@1582 (line 1346)
  0x00000195a18a3f80: 5cb2 ce06 

  0x00000195a18a3f84: ;   {post_call_nop}
  0x00000195a18a3f84: 0f1f 8400 | 7c47 002d 

  0x00000195a18a3f8c: ;   {oop(a 'java/lang/Class'{0x000000060bf7b678} = 'com/sun/javafx/text/PrismTextLayout')}
  0x00000195a18a3f8c: 49b8 78b6 | f70b 0600 | 0000 41c7 | 8094 0000 | 0000 0000 | 0048 8b94 | 24b0 0000 | 0044 8b42 
  0x00000195a18a3fac: 3849 c1e0 | 0344 8b4a | 4c49 c1e1 

  0x00000195a18a3fb8: ;   {oop(a 'java/util/Hashtable'{0x000000060bf7b728})}
  0x00000195a18a3fb8: 0348 bf28 | b7f7 0b06 | 0000 0048 

  0x00000195a18a3fc4: ;   {metadata(method data for {method} {0x00000195bec64650} 'layout' '()V' in 'com/sun/javafx/text/PrismTextLayout')}
  0x00000195a18a3fc4: 8bdf 48b8 | a0bd 55bf | 9501 0000 | 8b5b 0841 | ba00 0000 | 0a49 03da | 483b 9880 | 1700 0075 
  0x00000195a18a3fe4: 0d48 8380 | 8817 0000 | 01e9 6000 | 0000 483b | 9890 1700 | 0075 0d48 | 8380 9817 | 0000 01e9 
  0x00000195a18a4004: 4a00 0000 | 4883 b880 | 1700 0000 | 7517 4889 | 9880 1700 | 0048 c780 | 8817 0000 | 0100 0000 
  0x00000195a18a4024: e929 0000 | 0048 83b8 | 9017 0000 | 0075 1748 | 8998 9017 | 0000 48c7 | 8098 1700 | 0001 0000 
  0x00000195a18a4044: 00e9 0800 | 0000 4883 | 8078 1700 | 0001 488b 

  0x00000195a18a4054: ;   {optimized virtual_call}
  0x00000195a18a4054: d766 90e8 

  0x00000195a18a4058: ; ImmutableOopMap {[176]=Oop [488]=Oop }
                      ;*invokevirtual put {reexecute=0 rethrow=0 return_oop=0}
                      ; - com.sun.javafx.text.PrismTextLayout::layout@1600 (line 1349)
  0x00000195a18a4058: c404 fdff 

  0x00000195a18a405c: ;   {post_call_nop}
  0x00000195a18a405c: 0f1f 8400 | 5448 002e 

  0x00000195a18a4064: ;   {oop(a 'java/lang/Class'{0x000000060bf7b678} = 'com/sun/javafx/text/PrismTextLayout')}
  0x00000195a18a4064: 48b8 78b6 | f70b 0600 | 0000 8bb0 | 9400 0000 | 03b4 24b8 | 0100 0089 | b094 0000 

  0x00000195a18a4080: ;   {oop(a 'java/lang/Object'{0x000000060bf7b718})}
  0x00000195a18a4080: 0048 b818 | b7f7 0b06 | 0000 0048 | 8d84 24e0 | 0100 0048 | 8b78 0841 | 8bb7 d806 | 0000 493b 
  0x00000195a18a40a0: 7c37 f80f | 85c0 0c00 | 0041 83af | d806 0000 | 0849 3b7c | 37f0 0f84 | 2a00 0000 | 488b 07a8 
  0x00000195a18a40c0: 020f 8512 | 0000 0048 | 8bf0 4883 | ce01 f048 | 0fb1 370f | 840d 0000 | 0041 8387 | d806 0000 
  0x00000195a18a40e0: 08e9 830c 

  0x00000195a18a40e4: ;   {metadata(method data for {method} {0x00000195bec64650} 'layout' '()V' in 'com/sun/javafx/text/PrismTextLayout')}
  0x00000195a18a40e4: 0000 48b8 | a0bd 55bf | 9501 0000 | ff80 a817 | 0000 488b | 9424 b000 | 0000 8b42 | 4c48 c1e0 
  0x00000195a18a4104: 03c6 401c | 0148 81c4 | 0002 0000 

  0x00000195a18a4110: ;   {poll_return}
  0x00000195a18a4110: 5d49 3b67 | 280f 8769 | 0c00 00c3 | 4881 c400 | 0200 005d 

  0x00000195a18a4124: ;   {poll_return}
  0x00000195a18a4124: 493b 6728 | 0f87 6c0c | 0000 c349 | 8b87 8805 | 0000 4d33 | d24d 8997 | 8805 0000 | 4d33 d24d 
  0x00000195a18a4144: 8997 9005 | 0000 488b 

  0x00000195a18a414c: ;   {oop(a 'java/lang/Object'{0x000000060bf7b718})}
  0x00000195a18a414c: f048 b818 | b7f7 0b06 | 0000 0048 | 8d84 24e0 | 0100 0048 | 8b58 0841 | 8bbf d806 | 0000 493b 
  0x00000195a18a416c: 5c3f f80f | 853b 0c00 | 0041 83af | d806 0000 | 0849 3b5c | 3ff0 0f84 | 2a00 0000 | 488b 03a8 
  0x00000195a18a418c: 020f 8512 | 0000 0048 | 8bf8 4883 | cf01 f048 | 0fb1 3b0f | 840d 0000 | 0041 8387 | d806 0000 
  0x00000195a18a41ac: 08e9 fe0b | 0000 488b | c6e9 2e0c 

  0x00000195a18a41b8: ;   {metadata({method} {0x00000195bec64650} 'layout' '()V' in 'com/sun/javafx/text/PrismTextLayout')}
  0x00000195a18a41b8: 0000 49ba | 4846 c6be | 9501 0000 | 4c89 5424 | 0848 c704 | 24ff ffff 

  0x00000195a18a41d0: ;   {runtime_call C1 Runtime counter_overflow_blob}
  0x00000195a18a41d0: ffe8 0a9c 

  0x00000195a18a41d4: ; ImmutableOopMap {rdx=Oop [176]=Oop }
                      ;*synchronization entry
                      ; - com.sun.javafx.text.PrismTextLayout::layout@-1 (line 1060)
  0x00000195a18a41d4: dc06 e9f3 

  0x00000195a18a41d8: ;   {metadata(nullptr)}
  0x00000195a18a41d8: b7ff ff48 | ba00 0000 | 0000 0000 | 00b8 000f 

  0x00000195a18a41e8: ;   {runtime_call C1 Runtime load_klass_patching_blob}
  0x00000195a18a41e8: 050a e871 

  0x00000195a18a41ec: ; ImmutableOopMap {rax=Oop [176]=Oop [184]=Oop [192]=Oop }
                      ;*new {reexecute=1 rethrow=0 return_oop=0}
                      ; - (reexecute) com.sun.javafx.text.PrismTextLayout::layout@106 (line 1087)
  0x00000195a18a41ec: 85dc 06e9 | 5cbb ffff 

  0x00000195a18a41f4: ;   {runtime_call C1 Runtime new_instance_blob}
  0x00000195a18a41f4: 488b d2e8 

  0x00000195a18a41f8: ; ImmutableOopMap {[176]=Oop [184]=Oop [192]=Oop [208]=Oop }
                      ;*new {reexecute=0 rethrow=0 return_oop=0}
                      ; - com.sun.javafx.text.PrismTextLayout::layout@106 (line 1087)
  0x00000195a18a41f8: 643c dc06 | e966 bbff | ff48 8bd2 

  0x00000195a18a4204: ;   {runtime_call C1 Runtime fast_new_instance_blob}
  0x00000195a18a4204: e8d7 3fdc 

  0x00000195a18a4208: ; ImmutableOopMap {r11=Oop r13=Oop [176]=Oop [184]=Oop [192]=Oop [216]=Oop }
                      ;*new {reexecute=0 rethrow=0 return_oop=0}
                      ; - com.sun.javafx.text.PrismTextLayout::layout@141 (line 1099)
  0x00000195a18a4208: 06e9 dfbc 

  0x00000195a18a420c: ;   {metadata({method} {0x00000195bf049a00} '<init>' '()V' in 'com/sun/javafx/text/LayoutCache')}
  0x00000195a18a420c: ffff 49ba | f899 04bf | 9501 0000 | 4c89 5424 | 0848 c704 | 24ff ffff 

  0x00000195a18a4224: ;   {runtime_call C1 Runtime counter_overflow_blob}
  0x00000195a18a4224: ffe8 b69b 

  0x00000195a18a4228: ; ImmutableOopMap {r11=Oop r13=Oop r8=Oop [176]=Oop [184]=Oop [192]=Oop [216]=Oop }
                      ;*synchronization entry
                      ; - com.sun.javafx.text.LayoutCache::<init>@-1 (line 30)
                      ; - com.sun.javafx.text.PrismTextLayout::layout@145 (line 1099)
  0x00000195a18a4228: dc06 e9fd 

  0x00000195a18a422c: ;   {metadata({method} {0x000000000a4b32d8} '<init>' '()V' in 'java/lang/Object')}
  0x00000195a18a422c: bcff ff49 | bad0 324b | 0a00 0000 | 004c 8954 | 2408 48c7 | 0424 ffff 

  0x00000195a18a4244: ;   {runtime_call C1 Runtime counter_overflow_blob}
  0x00000195a18a4244: ffff e895 

  0x00000195a18a4248: ; ImmutableOopMap {r11=Oop r13=Oop r8=Oop [176]=Oop [184]=Oop [192]=Oop [216]=Oop }
                      ;*synchronization entry
                      ; - java.lang.Object::<init>@-1 (line 44)
                      ; - com.sun.javafx.text.LayoutCache::<init>@1 (line 30)
                      ; - com.sun.javafx.text.PrismTextLayout::layout@145 (line 1099)
  0x00000195a18a4248: 9bdc 06e9 | 18bd ffff | 418b 5b4c | 48c1 e303 | 4883 fb00 | 0f84 13bd | ffff 4889 

  0x00000195a18a4264: ;   {runtime_call g1_pre_barrier_slow}
  0x00000195a18a4264: 1c24 e875 | a2dc 06e9 | 05bd ffff | 4983 f800 | 0f84 1abd | ffff 4c89 

  0x00000195a18a427c: ;   {runtime_call g1_post_barrier_slow}
  0x00000195a18a427c: 1c24 e85d | a5dc 06e9 | 0cbd ffff 

  0x00000195a18a4288: ;   {runtime_call C1 Runtime throw_null_pointer_exception_blob}
  0x00000195a18a4288: e853 35dc 

  0x00000195a18a428c: ; ImmutableOopMap {r11=Oop r13=Oop r8=Oop [176]=Oop [184]=Oop [192]=Oop [216]=Oop }
                      ;*arraylength {reexecute=0 rethrow=0 return_oop=0}
                      ; - com.sun.javafx.text.PrismTextLayout::layout@156 (line 1100)
                      ;   {runtime_call C1 Runtime new_type_array_blob}
  0x00000195a18a428c: 06e8 4e46 

  0x00000195a18a4290: ; ImmutableOopMap {r11=Oop r13=Oop r8=Oop [176]=Oop [184]=Oop [192]=Oop [216]=Oop }
                      ;*newarray {reexecute=0 rethrow=0 return_oop=0}
                      ; - com.sun.javafx.text.PrismTextLayout::layout@157 (line 1100)
  0x00000195a18a4290: dc06 e987 | bdff ff41 | 8b58 2048 | c1e3 0348 | 83fb 000f | 8482 bdff | ff48 891c 

  0x00000195a18a42ac: ;   {runtime_call g1_pre_barrier_slow}
  0x00000195a18a42ac: 24e8 2ea2 | dc06 e974 | bdff ff48 | 83f8 000f | 8489 bdff | ff4c 8904 

  0x00000195a18a42c4: ;   {runtime_call g1_post_barrier_slow}
  0x00000195a18a42c4: 24e8 16a5 | dc06 e97b 

  0x00000195a18a42cc: ;   {runtime_call C1 Runtime new_type_array_blob}
  0x00000195a18a42cc: bdff ffe8 

  0x00000195a18a42d0: ; ImmutableOopMap {r11=Oop r13=Oop r8=Oop [176]=Oop [184]=Oop [192]=Oop [216]=Oop }
                      ;*newarray {reexecute=0 rethrow=0 return_oop=0}
                      ; - com.sun.javafx.text.PrismTextLayout::layout@168 (line 1101)
  0x00000195a18a42d0: 0c46 dc06 | e9f7 bdff | ff41 8b50 | 2448 c1e2 | 0348 83fa | 000f 84f2 | bdff ff48 

  0x00000195a18a42ec: ;   {runtime_call g1_pre_barrier_slow}
  0x00000195a18a42ec: 8914 24e8 | eca1 dc06 | e9e4 bdff | ff48 83f8 | 000f 84f9 | bdff ff4c 

  0x00000195a18a4304: ;   {runtime_call g1_post_barrier_slow}
  0x00000195a18a4304: 8904 24e8 | d4a4 dc06 | e9eb bdff | ff41 8b53 | 4c48 c1e2 | 0348 83fa | 000f 840b | beff ff48 
  0x00000195a18a4324: ;   {runtime_call g1_pre_barrier_slow}
  0x00000195a18a4324: 8914 24e8 | b4a1 dc06 | e9fd bdff | ff48 8bd2 

  0x00000195a18a4334: ;   {runtime_call C1 Runtime fast_new_instance_blob}
  0x00000195a18a4334: e8a7 3edc 

  0x00000195a18a4338: ; ImmutableOopMap {r11=Oop r13=Oop [176]=Oop [184]=Oop [192]=Oop [216]=Oop }
                      ;*new {reexecute=0 rethrow=0 return_oop=0}
                      ; - com.sun.javafx.text.PrismTextLayout::layout@190 (line 1110)
  0x00000195a18a4338: 06e9 44be 

  0x00000195a18a433c: ;   {metadata({method} {0x000000000a221f60} '<init>' '()V' in 'java/util/ArrayList')}
  0x00000195a18a433c: ffff 49ba | 581f 220a | 0000 0000 | 4c89 5424 | 0848 c704 | 24ff ffff 

  0x00000195a18a4354: ;   {runtime_call C1 Runtime counter_overflow_blob}
  0x00000195a18a4354: ffe8 869a 

  0x00000195a18a4358: ; ImmutableOopMap {r11=Oop r13=Oop rax=Oop [176]=Oop [184]=Oop [192]=Oop [216]=Oop [240]=Oop }
                      ;*synchronization entry
                      ; - java.util.ArrayList::<init>@-1 (line 169)
                      ; - com.sun.javafx.text.PrismTextLayout::layout@194 (line 1110)
  0x00000195a18a4358: dc06 e96c 

  0x00000195a18a435c: ;   {metadata({method} {0x000000000a220bf8} '<init>' '()V' in 'java/util/AbstractList')}
  0x00000195a18a435c: beff ff49 | baf0 0b22 | 0a00 0000 | 004c 8954 | 2408 48c7 | 0424 ffff 

  0x00000195a18a4374: ;   {runtime_call C1 Runtime counter_overflow_blob}
  0x00000195a18a4374: ffff e865 

  0x00000195a18a4378: ; ImmutableOopMap {r11=Oop r13=Oop rax=Oop [176]=Oop [184]=Oop [192]=Oop [216]=Oop [240]=Oop }
                      ;*synchronization entry
                      ; - java.util.AbstractList::<init>@-1 (line 80)
                      ; - java.util.ArrayList::<init>@1 (line 169)
                      ; - com.sun.javafx.text.PrismTextLayout::layout@194 (line 1110)
  0x00000195a18a4378: 9adc 06e9 | 8cbe ffff 

  0x00000195a18a4380: ;   {metadata({method} {0x000000000a21ffb8} '<init>' '()V' in 'java/util/AbstractCollection')}
  0x00000195a18a4380: 49ba b0ff | 210a 0000 | 0000 4c89 | 5424 0848 | c704 24ff 

  0x00000195a18a4394: ;   {runtime_call C1 Runtime counter_overflow_blob}
  0x00000195a18a4394: ffff ffe8 

  0x00000195a18a4398: ; ImmutableOopMap {r11=Oop r13=Oop rax=Oop [176]=Oop [184]=Oop [192]=Oop [216]=Oop [240]=Oop }
                      ;*synchronization entry
                      ; - java.util.AbstractCollection::<init>@-1 (line 70)
                      ; - java.util.AbstractList::<init>@1 (line 80)
                      ; - java.util.ArrayList::<init>@1 (line 169)
                      ; - com.sun.javafx.text.PrismTextLayout::layout@194 (line 1110)
  0x00000195a18a4398: 449a dc06 | e9ac beff 

  0x00000195a18a43a0: ;   {metadata({method} {0x000000000a4b32d8} '<init>' '()V' in 'java/lang/Object')}
  0x00000195a18a43a0: ff49 bad0 | 324b 0a00 | 0000 004c | 8954 2408 | 48c7 0424 | ffff ffff 

  0x00000195a18a43b8: ;   {runtime_call C1 Runtime counter_overflow_blob}
  0x00000195a18a43b8: e823 9adc 

  0x00000195a18a43bc: ; ImmutableOopMap {r11=Oop r13=Oop rax=Oop [176]=Oop [184]=Oop [192]=Oop [216]=Oop [240]=Oop }
                      ;*synchronization entry
                      ; - java.lang.Object::<init>@-1 (line 44)
                      ; - java.util.AbstractCollection::<init>@1 (line 70)
                      ; - java.util.AbstractList::<init>@1 (line 80)
                      ; - java.util.ArrayList::<init>@1 (line 169)
                      ; - com.sun.javafx.text.PrismTextLayout::layout@194 (line 1110)
  0x00000195a18a43bc: 06e9 ccbe | ffff 448b | 4014 49c1 | e003 4983 | f800 0f84 | c8be ffff | 4c89 0424 

  0x00000195a18a43d8: ;   {runtime_call g1_pre_barrier_slow}
  0x00000195a18a43d8: e803 a1dc | 06e9 babe | ffff 4983 | f800 0f84 | e0be ffff | 4889 0424 

  0x00000195a18a43f0: ;   {runtime_call g1_post_barrier_slow}
  0x00000195a18a43f0: e8eb a3dc | 06e9 d2be 

  0x00000195a18a43f8: ;   {runtime_call C1 Runtime throw_null_pointer_exception_blob}
  0x00000195a18a43f8: ffff e8e1 

  0x00000195a18a43fc: ; ImmutableOopMap {r11=Oop r13=Oop rbx=Oop r8=Oop [176]=Oop [184]=Oop [216]=Oop [240]=Oop }
                      ;*aaload {reexecute=0 rethrow=0 return_oop=0}
                      ; - com.sun.javafx.text.PrismTextLayout::layout@217 (line 1112)
                      ;   {runtime_call C1 Runtime throw_null_pointer_exception_blob}
  0x00000195a18a43fc: 33dc 06e8 

  0x00000195a18a4400: ; ImmutableOopMap {r11=Oop r13=Oop rbx=Oop r8=Oop [176]=Oop [184]=Oop [216]=Oop [240]=Oop }
                      ;*aaload {reexecute=0 rethrow=0 return_oop=0}
                      ; - com.sun.javafx.text.PrismTextLayout::layout@217 (line 1112)
  0x00000195a18a4400: dc33 dc06 | 4889 3424 | 4c89 4424 

  0x00000195a18a440c: ;   {runtime_call C1 Runtime throw_range_check_failed_blob}
  0x00000195a18a440c: 08e8 ce2a 

  0x00000195a18a4410: ; ImmutableOopMap {r11=Oop r13=Oop rbx=Oop r8=Oop [176]=Oop [184]=Oop [216]=Oop [240]=Oop }
                      ;*aaload {reexecute=0 rethrow=0 return_oop=0}
                      ; - com.sun.javafx.text.PrismTextLayout::layout@217 (line 1112)
                      ;   {runtime_call C1 Runtime throw_null_pointer_exception_blob}
  0x00000195a18a4410: dc06 e8c9 

  0x00000195a18a4414: ; ImmutableOopMap {rdi=Oop [176]=Oop [184]=Oop [192]=Oop [216]=Oop [240]=Oop [248]=Oop }
                      ;*invokevirtual isTab {reexecute=0 rethrow=0 return_oop=0}
                      ; - com.sun.javafx.text.PrismTextLayout::layout@230 (line 1114)
                      ;   {metadata({method} {0x00000195bf04e618} 'isTab' '()Z' in 'com/sun/javafx/text/TextRun')}
  0x00000195a18a4414: 33dc 0649 | ba10 e604 | bf95 0100 | 004c 8954 | 2408 48c7 | 0424 ffff 

  0x00000195a18a442c: ;   {runtime_call C1 Runtime counter_overflow_blob}
  0x00000195a18a442c: ffff e8ad 

  0x00000195a18a4430: ; ImmutableOopMap {rdi=Oop [176]=Oop [184]=Oop [192]=Oop [216]=Oop [240]=Oop [248]=Oop }
                      ;*synchronization entry
                      ; - com.sun.javafx.text.TextRun::isTab@-1 (line 134)
                      ; - com.sun.javafx.text.PrismTextLayout::layout@230 (line 1114)
  0x00000195a18a4430: 99dc 06e9 | b3bf ffff 

  0x00000195a18a4438: ;   {metadata({method} {0x00000195bf04e338} 'isLinebreak' '()Z' in 'com/sun/javafx/text/TextRun')}
  0x00000195a18a4438: 49ba 30e3 | 04bf 9501 | 0000 4c89 | 5424 0848 | c704 24ff 

  0x00000195a18a444c: ;   {runtime_call C1 Runtime counter_overflow_blob}
  0x00000195a18a444c: ffff ffe8 

  0x00000195a18a4450: ; ImmutableOopMap {rdx=Oop rdi=Oop [176]=Oop [184]=Oop [192]=Oop [216]=Oop [240]=Oop [248]=Oop }
                      ;*synchronization entry
                      ; - com.sun.javafx.text.TextRun::isLinebreak@-1 (line 118)
                      ; - com.sun.javafx.text.PrismTextLayout::layout@289 (line 1120)
  0x00000195a18a4450: 8c99 dc06 | e9dc c1ff 

  0x00000195a18a4458: ;   {metadata({method} {0x00000195bf04de30} 'getEnd' '()I' in 'com/sun/javafx/text/TextRun')}
  0x00000195a18a4458: ff49 ba28 | de04 bf95 | 0100 004c | 8954 2408 | 48c7 0424 | ffff ffff 

  0x00000195a18a4470: ;   {runtime_call C1 Runtime counter_overflow_blob}
  0x00000195a18a4470: e86b 99dc 

  0x00000195a18a4474: ; ImmutableOopMap {[176]=Oop [184]=Oop [192]=Oop [216]=Oop [240]=Oop [248]=Oop }
                      ;*synchronization entry
                      ; - com.sun.javafx.text.TextRun::getEnd@-1 (line 86)
                      ; - com.sun.javafx.text.PrismTextLayout::layout@321 (line 1129)
  0x00000195a18a4474: 06e9 1fc3 

  0x00000195a18a4478: ;   {runtime_call C1 Runtime throw_null_pointer_exception_blob}
  0x00000195a18a4478: ffff e861 

  0x00000195a18a447c: ; ImmutableOopMap {rdi=Oop rax=Oop [176]=Oop [184]=Oop [192]=Oop [216]=Oop [240]=Oop [248]=Oop }
                      ;*caload {reexecute=0 rethrow=0 return_oop=0}
                      ; - com.sun.javafx.text.PrismTextLayout::layout@338 (line 1130)
                      ;   {runtime_call C1 Runtime throw_null_pointer_exception_blob}
  0x00000195a18a447c: 33dc 06e8 

  0x00000195a18a4480: ; ImmutableOopMap {rdi=Oop rax=Oop [176]=Oop [184]=Oop [192]=Oop [216]=Oop [240]=Oop [248]=Oop }
                      ;*caload {reexecute=0 rethrow=0 return_oop=0}
                      ; - com.sun.javafx.text.PrismTextLayout::layout@338 (line 1130)
  0x00000195a18a4480: 5c33 dc06 | 4889 3424 | 4889 4424 

  0x00000195a18a448c: ;   {runtime_call C1 Runtime throw_range_check_failed_blob}
  0x00000195a18a448c: 08e8 4e2a 

  0x00000195a18a4490: ; ImmutableOopMap {rdi=Oop rax=Oop [176]=Oop [184]=Oop [192]=Oop [216]=Oop [240]=Oop [248]=Oop }
                      ;*caload {reexecute=0 rethrow=0 return_oop=0}
                      ; - com.sun.javafx.text.PrismTextLayout::layout@338 (line 1130)
                      ;   {runtime_call C1 Runtime throw_null_pointer_exception_blob}
  0x00000195a18a4490: dc06 e849 

  0x00000195a18a4494: ; ImmutableOopMap {rax=Oop [176]=Oop [184]=Oop [192]=Oop [216]=Oop [240]=Oop [248]=Oop }
                      ;*caload {reexecute=0 rethrow=0 return_oop=0}
                      ; - com.sun.javafx.text.PrismTextLayout::layout@369 (line 1142)
                      ;   {runtime_call C1 Runtime throw_null_pointer_exception_blob}
  0x00000195a18a4494: 33dc 06e8 

  0x00000195a18a4498: ; ImmutableOopMap {rax=Oop [176]=Oop [184]=Oop [192]=Oop [216]=Oop [240]=Oop [248]=Oop }
                      ;*caload {reexecute=0 rethrow=0 return_oop=0}
                      ; - com.sun.javafx.text.PrismTextLayout::layout@369 (line 1142)
  0x00000195a18a4498: 4433 dc06 | 4889 1c24 | 4889 4424 

  0x00000195a18a44a4: ;   {runtime_call C1 Runtime throw_range_check_failed_blob}
  0x00000195a18a44a4: 08e8 362a 

  0x00000195a18a44a8: ; ImmutableOopMap {rax=Oop [176]=Oop [184]=Oop [192]=Oop [216]=Oop [240]=Oop [248]=Oop }
                      ;*caload {reexecute=0 rethrow=0 return_oop=0}
                      ; - com.sun.javafx.text.PrismTextLayout::layout@369 (line 1142)
                      ;   {runtime_call C1 Runtime throw_null_pointer_exception_blob}
  0x00000195a18a44a8: dc06 e831 

  0x00000195a18a44ac: ; ImmutableOopMap {rax=Oop [176]=Oop [184]=Oop [192]=Oop [216]=Oop [240]=Oop [248]=Oop }
                      ;*caload {reexecute=0 rethrow=0 return_oop=0}
                      ; - com.sun.javafx.text.PrismTextLayout::layout@395 (line 1145)
                      ;   {runtime_call C1 Runtime throw_null_pointer_exception_blob}
  0x00000195a18a44ac: 33dc 06e8 

  0x00000195a18a44b0: ; ImmutableOopMap {rax=Oop [176]=Oop [184]=Oop [192]=Oop [216]=Oop [240]=Oop [248]=Oop }
                      ;*caload {reexecute=0 rethrow=0 return_oop=0}
                      ; - com.sun.javafx.text.PrismTextLayout::layout@395 (line 1145)
  0x00000195a18a44b0: 2c33 dc06 | 4889 1c24 | 4889 4424 

  0x00000195a18a44bc: ;   {runtime_call C1 Runtime throw_range_check_failed_blob}
  0x00000195a18a44bc: 08e8 1e2a 

  0x00000195a18a44c0: ; ImmutableOopMap {rax=Oop [176]=Oop [184]=Oop [192]=Oop [216]=Oop [240]=Oop [248]=Oop }
                      ;*caload {reexecute=0 rethrow=0 return_oop=0}
                      ; - com.sun.javafx.text.PrismTextLayout::layout@395 (line 1145)
                      ;   {metadata({method} {0x000000000a1a8bc8} 'isWhitespace' '(C)Z' in 'java/lang/Character')}
  0x00000195a18a44c0: dc06 49ba | c08b 1a0a | 0000 0000 | 4c89 5424 | 0848 c704 | 24ff ffff 

  0x00000195a18a44d8: ;   {runtime_call C1 Runtime counter_overflow_blob}
  0x00000195a18a44d8: ffe8 0299 

  0x00000195a18a44dc: ; ImmutableOopMap {rax=Oop [176]=Oop [184]=Oop [192]=Oop [216]=Oop [240]=Oop [248]=Oop }
                      ;*synchronization entry
                      ; - java.lang.Character::isWhitespace@-1 (line 11680)
                      ; - com.sun.javafx.text.PrismTextLayout::layout@396 (line 1145)
  0x00000195a18a44dc: dc06 e9eb 

  0x00000195a18a44e0: ;   {metadata({method} {0x000000000a1a8c20} 'isWhitespace' '(I)Z' in 'java/lang/Character')}
  0x00000195a18a44e0: c4ff ff49 | ba18 8c1a | 0a00 0000 | 004c 8954 | 2408 48c7 | 0424 ffff 

  0x00000195a18a44f8: ;   {runtime_call C1 Runtime counter_overflow_blob}
  0x00000195a18a44f8: ffff e8e1 

  0x00000195a18a44fc: ; ImmutableOopMap {rax=Oop [176]=Oop [184]=Oop [192]=Oop [216]=Oop [240]=Oop [248]=Oop }
                      ;*synchronization entry
                      ; - java.lang.Character::isWhitespace@-1 (line 11711)
                      ; - java.lang.Character::isWhitespace@1 (line 11680)
                      ; - com.sun.javafx.text.PrismTextLayout::layout@396 (line 1145)
  0x00000195a18a44fc: 98dc 06e9 | 03c5 ffff 

  0x00000195a18a4504: ;   {runtime_call C1 Runtime throw_null_pointer_exception_blob}
  0x00000195a18a4504: e8d7 32dc 

  0x00000195a18a4508: ; ImmutableOopMap {rax=Oop [176]=Oop [184]=Oop [192]=Oop [216]=Oop [240]=Oop [248]=Oop }
                      ;*invokevirtual isWhitespace {reexecute=0 rethrow=0 return_oop=0}
                      ; - java.lang.Character::isWhitespace@5 (line 11711)
                      ; - java.lang.Character::isWhitespace@1 (line 11680)
                      ; - com.sun.javafx.text.PrismTextLayout::layout@396 (line 1145)
  0x00000195a18a4508: 0648 8914 | 2448 8944 

  0x00000195a18a4510: ;   {runtime_call C1 Runtime throw_range_check_failed_blob}
  0x00000195a18a4510: 2408 e8c9 

  0x00000195a18a4514: ; ImmutableOopMap {rax=Oop [176]=Oop [184]=Oop [192]=Oop [216]=Oop [240]=Oop [248]=Oop }
                      ;*caload {reexecute=0 rethrow=0 return_oop=0}
                      ; - com.sun.javafx.text.PrismTextLayout::layout@413 (line 1147)
                      ;   {metadata({method} {0x000000000a1a8bc8} 'isWhitespace' '(C)Z' in 'java/lang/Character')}
  0x00000195a18a4514: 29dc 0649 | bac0 8b1a | 0a00 0000 | 004c 8954 | 2408 48c7 | 0424 ffff 

  0x00000195a18a452c: ;   {runtime_call C1 Runtime counter_overflow_blob}
  0x00000195a18a452c: ffff e8ad 

  0x00000195a18a4530: ; ImmutableOopMap {rax=Oop [176]=Oop [184]=Oop [192]=Oop [216]=Oop [240]=Oop [248]=Oop }
                      ;*synchronization entry
                      ; - java.lang.Character::isWhitespace@-1 (line 11680)
                      ; - com.sun.javafx.text.PrismTextLayout::layout@414 (line 1147)
  0x00000195a18a4530: 98dc 06e9 | 56c6 ffff 

  0x00000195a18a4538: ;   {metadata({method} {0x000000000a1a8c20} 'isWhitespace' '(I)Z' in 'java/lang/Character')}
  0x00000195a18a4538: 49ba 188c | 1a0a 0000 | 0000 4c89 | 5424 0848 | c704 24ff 

  0x00000195a18a454c: ;   {runtime_call C1 Runtime counter_overflow_blob}
  0x00000195a18a454c: ffff ffe8 

  0x00000195a18a4550: ; ImmutableOopMap {rax=Oop [176]=Oop [184]=Oop [192]=Oop [216]=Oop [240]=Oop [248]=Oop }
                      ;*synchronization entry
                      ; - java.lang.Character::isWhitespace@-1 (line 11711)
                      ; - java.lang.Character::isWhitespace@1 (line 11680)
                      ; - com.sun.javafx.text.PrismTextLayout::layout@414 (line 1147)
  0x00000195a18a4550: 8c98 dc06 | e96e c6ff 

  0x00000195a18a4558: ;   {runtime_call C1 Runtime throw_null_pointer_exception_blob}
  0x00000195a18a4558: ffe8 8232 

  0x00000195a18a455c: ; ImmutableOopMap {rax=Oop [176]=Oop [184]=Oop [192]=Oop [216]=Oop [240]=Oop [248]=Oop }
                      ;*invokevirtual isWhitespace {reexecute=0 rethrow=0 return_oop=0}
                      ; - java.lang.Character::isWhitespace@5 (line 11711)
                      ; - java.lang.Character::isWhitespace@1 (line 11680)
                      ; - com.sun.javafx.text.PrismTextLayout::layout@414 (line 1147)
                      ;   {metadata({method} {0x00000195bec64650} 'layout' '()V' in 'com/sun/javafx/text/PrismTextLayout')}
  0x00000195a18a455c: dc06 49ba | 4846 c6be | 9501 0000 | 4c89 5424 | 0848 c704 | 24b7 0100 

  0x00000195a18a4574: ;   {runtime_call C1 Runtime counter_overflow_blob}
  0x00000195a18a4574: 00e8 6698 

  0x00000195a18a4578: ; ImmutableOopMap {[176]=Oop [184]=Oop [192]=Oop [216]=Oop [240]=Oop [248]=Oop }
                      ;*goto {reexecute=1 rethrow=0 return_oop=0}
                      ; - (reexecute) com.sun.javafx.text.PrismTextLayout::layout@439 (line 1151)
  0x00000195a18a4578: dc06 e9c6 

  0x00000195a18a457c: ;   {runtime_call C1 Runtime throw_null_pointer_exception_blob}
  0x00000195a18a457c: c7ff ffe8 

  0x00000195a18a4580: ; ImmutableOopMap {r11=Oop rdx=Oop [176]=Oop [184]=Oop [192]=Oop [216]=Oop [240]=Oop [248]=Oop }
                      ;*aaload {reexecute=0 rethrow=0 return_oop=0}
                      ; - com.sun.javafx.text.PrismTextLayout::layout@475 (line 1161)
  0x00000195a18a4580: 5c32 dc06 

  0x00000195a18a4584: ;   {runtime_call C1 Runtime throw_null_pointer_exception_blob}
  0x00000195a18a4584: e857 32dc 

  0x00000195a18a4588: ; ImmutableOopMap {r11=Oop rdx=Oop [176]=Oop [184]=Oop [192]=Oop [216]=Oop [240]=Oop [248]=Oop }
                      ;*aaload {reexecute=0 rethrow=0 return_oop=0}
                      ; - com.sun.javafx.text.PrismTextLayout::layout@475 (line 1161)
  0x00000195a18a4588: 0648 890c | 2448 8954 

  0x00000195a18a4590: ;   {runtime_call C1 Runtime throw_range_check_failed_blob}
  0x00000195a18a4590: 2408 e849 

  0x00000195a18a4594: ; ImmutableOopMap {r11=Oop rdx=Oop [176]=Oop [184]=Oop [192]=Oop [216]=Oop [240]=Oop [248]=Oop }
                      ;*aaload {reexecute=0 rethrow=0 return_oop=0}
                      ; - com.sun.javafx.text.PrismTextLayout::layout@475 (line 1161)
                      ;   {runtime_call C1 Runtime throw_null_pointer_exception_blob}
  0x00000195a18a4594: 29dc 06e8 

  0x00000195a18a4598: ; ImmutableOopMap {r11=Oop rdx=Oop [176]=Oop [184]=Oop [192]=Oop [216]=Oop [240]=Oop [248]=Oop }
                      ;*invokevirtual getEnd {reexecute=0 rethrow=0 return_oop=0}
                      ; - com.sun.javafx.text.PrismTextLayout::layout@480 (line 1162)
  0x00000195a18a4598: 4432 dc06 

  0x00000195a18a459c: ;   {metadata({method} {0x00000195bf04de30} 'getEnd' '()I' in 'com/sun/javafx/text/TextRun')}
  0x00000195a18a459c: 49ba 28de | 04bf 9501 | 0000 4c89 | 5424 0848 | c704 24ff 

  0x00000195a18a45b0: ;   {runtime_call C1 Runtime counter_overflow_blob}
  0x00000195a18a45b0: ffff ffe8 

  0x00000195a18a45b4: ; ImmutableOopMap {r11=Oop rdx=Oop [176]=Oop [184]=Oop [192]=Oop [216]=Oop [240]=Oop [248]=Oop }
                      ;*synchronization entry
                      ; - com.sun.javafx.text.TextRun::getEnd@-1 (line 86)
                      ; - com.sun.javafx.text.PrismTextLayout::layout@480 (line 1162)
  0x00000195a18a45b4: 2898 dc06 | e996 c8ff 

  0x00000195a18a45bc: ;   {metadata({method} {0x00000195bec64650} 'layout' '()V' in 'com/sun/javafx/text/PrismTextLayout')}
  0x00000195a18a45bc: ff49 ba48 | 46c6 be95 | 0100 004c | 8954 2408 | 48c7 0424 | ee01 0000 

  0x00000195a18a45d4: ;   {runtime_call C1 Runtime counter_overflow_blob}
  0x00000195a18a45d4: e807 98dc 

  0x00000195a18a45d8: ; ImmutableOopMap {r11=Oop rdx=Oop [176]=Oop [184]=Oop [192]=Oop [216]=Oop [240]=Oop [248]=Oop }
                      ;*goto {reexecute=1 rethrow=0 return_oop=0}
                      ; - (reexecute) com.sun.javafx.text.PrismTextLayout::layout@494 (line 1163)
  0x00000195a18a45d8: 06e9 d0c8 

  0x00000195a18a45dc: ;   {runtime_call C1 Runtime throw_null_pointer_exception_blob}
  0x00000195a18a45dc: ffff e8fd 

  0x00000195a18a45e0: ; ImmutableOopMap {r11=Oop rdx=Oop [176]=Oop [184]=Oop [192]=Oop [216]=Oop [240]=Oop [248]=Oop }
                      ;*invokevirtual getStart {reexecute=0 rethrow=0 return_oop=0}
                      ; - com.sun.javafx.text.PrismTextLayout::layout@520 (line 1175)
                      ;   {runtime_call C1 Runtime throw_null_pointer_exception_blob}
  0x00000195a18a45e0: 31dc 06e8 

  0x00000195a18a45e4: ; ImmutableOopMap {r11=Oop rdx=Oop r9=Oop [176]=Oop [184]=Oop [192]=Oop [216]=Oop [240]=Oop [248]=Oop }
                      ;*arraylength {reexecute=0 rethrow=0 return_oop=0}
                      ; - com.sun.javafx.text.PrismTextLayout::layout@577 (line 1192)
  0x00000195a18a45e4: f831 dc06 

  0x00000195a18a45e8: ;   {runtime_call C1 Runtime new_object_array_blob}
  0x00000195a18a45e8: e873 46dc 

  0x00000195a18a45ec: ; ImmutableOopMap {r9=Oop [176]=Oop [184]=Oop [192]=Oop [216]=Oop [240]=Oop [248]=Oop [304]=Oop }
                      ;*anewarray {reexecute=0 rethrow=0 return_oop=0}
                      ; - com.sun.javafx.text.PrismTextLayout::layout@589 (line 1193)
  0x00000195a18a45ec: 06e9 3ccb | ffff 0f1f 

  0x00000195a18a45f4: ;   {static_call}
  0x00000195a18a45f4: 4400 00e8 

  0x00000195a18a45f8: ; ImmutableOopMap {[176]=Oop [184]=Oop [192]=Oop [216]=Oop [240]=Oop [248]=Oop [296]=Oop [304]=Oop }
                      ;*invokestatic arraycopy {reexecute=0 rethrow=0 return_oop=0}
                      ; - com.sun.javafx.text.PrismTextLayout::layout@606 (line 1194)
  0x00000195a18a45f8: e4b5 ce06 | e9ce cbff 

  0x00000195a18a4600: ;   {runtime_call C1 Runtime throw_null_pointer_exception_blob}
  0x00000195a18a4600: ffe8 da31 

  0x00000195a18a4604: ; ImmutableOopMap {rdx=Oop r8=Oop [176]=Oop [184]=Oop [192]=Oop [216]=Oop [240]=Oop [248]=Oop [296]=Oop [304]=Oop }
                      ;*arraylength {reexecute=0 rethrow=0 return_oop=0}
                      ; - com.sun.javafx.text.PrismTextLayout::layout@627 (line 1195)
                      ;   {static_call}
  0x00000195a18a4604: dc06 90e8 

  0x00000195a18a4608: ; ImmutableOopMap {[176]=Oop [184]=Oop [192]=Oop [216]=Oop [240]=Oop [248]=Oop [296]=Oop [304]=Oop }
                      ;*invokestatic arraycopy {reexecute=0 rethrow=0 return_oop=0}
                      ; - com.sun.javafx.text.PrismTextLayout::layout@633 (line 1195)
  0x00000195a18a4608: d4b5 ce06 | e981 ccff | ff44 8b42 | 4049 c1e0 | 0349 83f8 | 000f 8484 | ccff ff4c 

  0x00000195a18a4624: ;   {runtime_call g1_pre_barrier_slow}
  0x00000195a18a4624: 8904 24e8 | b49e dc06 | e976 ccff | ff48 83f8 | 000f 8493 | ccff ff48 

  0x00000195a18a463c: ;   {runtime_call g1_post_barrier_slow}
  0x00000195a18a463c: 8914 24e8 | 9ca1 dc06 | e985 ccff | ff66 0f1f 

  0x00000195a18a464c: ;   {static_call}
  0x00000195a18a464c: 4400 00e8 

  0x00000195a18a4650: ; ImmutableOopMap {[176]=Oop [184]=Oop [192]=Oop [216]=Oop [240]=Oop [248]=Oop [304]=Oop }
                      ;*invokestatic arraycopy {reexecute=0 rethrow=0 return_oop=0}
                      ; - com.sun.javafx.text.PrismTextLayout::layout@670 (line 1198)
  0x00000195a18a4650: 8cb5 ce06 | e945 cdff 

  0x00000195a18a4658: ;   {runtime_call C1 Runtime throw_null_pointer_exception_blob}
  0x00000195a18a4658: ffe8 8231 

  0x00000195a18a465c: ; ImmutableOopMap {rax=Oop rdi=Oop [176]=Oop [184]=Oop [192]=Oop [216]=Oop [240]=Oop [248]=Oop [304]=Oop }
                      ;*aastore {reexecute=1 rethrow=0 return_oop=0}
                      ; - (reexecute) com.sun.javafx.text.PrismTextLayout::layout@688 (line 1200)
                      ;   {runtime_call C1 Runtime throw_null_pointer_exception_blob}
  0x00000195a18a465c: dc06 e87d 

  0x00000195a18a4660: ; ImmutableOopMap {rax=Oop rdi=Oop [176]=Oop [184]=Oop [192]=Oop [216]=Oop [240]=Oop [248]=Oop [304]=Oop }
                      ;*aastore {reexecute=1 rethrow=0 return_oop=0}
                      ; - (reexecute) com.sun.javafx.text.PrismTextLayout::layout@688 (line 1200)
  0x00000195a18a4660: 31dc 0648 | 890c 2448 | 897c 2408 

  0x00000195a18a466c: ;   {runtime_call C1 Runtime throw_range_check_failed_blob}
  0x00000195a18a466c: e86f 28dc 

  0x00000195a18a4670: ; ImmutableOopMap {rax=Oop rdi=Oop [176]=Oop [184]=Oop [192]=Oop [216]=Oop [240]=Oop [248]=Oop [304]=Oop }
                      ;*aastore {reexecute=1 rethrow=0 return_oop=0}
                      ; - (reexecute) com.sun.javafx.text.PrismTextLayout::layout@688 (line 1200)
                      ;   {runtime_call C1 Runtime throw_null_pointer_exception_blob}
  0x00000195a18a4670: 06e8 6a31 

  0x00000195a18a4674: ; ImmutableOopMap {rax=Oop rdi=Oop [176]=Oop [184]=Oop [192]=Oop [216]=Oop [240]=Oop [248]=Oop [304]=Oop }
                      ;*aastore {reexecute=1 rethrow=0 return_oop=0}
                      ; - (reexecute) com.sun.javafx.text.PrismTextLayout::layout@688 (line 1200)
  0x00000195a18a4674: dc06 4889 

  0x00000195a18a4678: ;   {runtime_call C1 Runtime throw_array_store_exception_blob}
  0x00000195a18a4678: 0424 e8e1 

  0x00000195a18a467c: ; ImmutableOopMap {rax=Oop rdi=Oop [176]=Oop [184]=Oop [192]=Oop [216]=Oop [240]=Oop [248]=Oop [304]=Oop }
                      ;*aastore {reexecute=1 rethrow=0 return_oop=0}
                      ; - (reexecute) com.sun.javafx.text.PrismTextLayout::layout@688 (line 1200)
  0x00000195a18a467c: 5adc 0645 | 8b08 49c1 | e103 4983 | f900 0f84 | b0ce ffff | 4c89 0c24 

  0x00000195a18a4694: ;   {runtime_call g1_pre_barrier_slow}
  0x00000195a18a4694: e847 9edc | 06e9 a2ce | ffff 4883 | f800 0f84 | b6ce ffff | 4c89 0424 

  0x00000195a18a46ac: ;   {runtime_call g1_post_barrier_slow}
  0x00000195a18a46ac: e82f a1dc | 06e9 a8ce 

  0x00000195a18a46b4: ;   {metadata({method} {0x00000195bf04ea68} 'isComplex' '()Z' in 'com/sun/javafx/text/TextRun')}
  0x00000195a18a46b4: ffff 49ba | 60ea 04bf | 9501 0000 | 4c89 5424 | 0848 c704 | 24ff ffff 

  0x00000195a18a46cc: ;   {runtime_call C1 Runtime counter_overflow_blob}
  0x00000195a18a46cc: ffe8 0e97 

  0x00000195a18a46d0: ; ImmutableOopMap {[176]=Oop [184]=Oop [192]=Oop [216]=Oop [240]=Oop [248]=Oop [304]=Oop }
                      ;*synchronization entry
                      ; - com.sun.javafx.text.TextRun::isComplex@-1 (line 158)
                      ; - com.sun.javafx.text.PrismTextLayout::layout@691 (line 1201)
  0x00000195a18a46d0: dc06 e9de 

  0x00000195a18a46d4: ;   {runtime_call C1 Runtime throw_null_pointer_exception_blob}
  0x00000195a18a46d4: ceff ffe8 

  0x00000195a18a46d8: ; ImmutableOopMap {rdx=Oop r9=Oop [176]=Oop [184]=Oop [192]=Oop [216]=Oop [240]=Oop [248]=Oop }
                      ;*aaload {reexecute=0 rethrow=0 return_oop=0}
                      ; - com.sun.javafx.text.PrismTextLayout::layout@734 (line 1209)
  0x00000195a18a46d8: 0431 dc06 

  0x00000195a18a46dc: ;   {runtime_call C1 Runtime throw_null_pointer_exception_blob}
  0x00000195a18a46dc: e8ff 30dc 

  0x00000195a18a46e0: ; ImmutableOopMap {rdx=Oop r9=Oop [176]=Oop [184]=Oop [192]=Oop [216]=Oop [240]=Oop [248]=Oop }
                      ;*aaload {reexecute=0 rethrow=0 return_oop=0}
                      ; - com.sun.javafx.text.PrismTextLayout::layout@734 (line 1209)
  0x00000195a18a46e0: 064c 8904 | 244c 894c 

  0x00000195a18a46e8: ;   {runtime_call C1 Runtime throw_range_check_failed_blob}
  0x00000195a18a46e8: 2408 e8f1 

  0x00000195a18a46ec: ; ImmutableOopMap {rdx=Oop r9=Oop [176]=Oop [184]=Oop [192]=Oop [216]=Oop [240]=Oop [248]=Oop }
                      ;*aaload {reexecute=0 rethrow=0 return_oop=0}
                      ; - com.sun.javafx.text.PrismTextLayout::layout@734 (line 1209)
                      ;   {runtime_call C1 Runtime throw_null_pointer_exception_blob}
  0x00000195a18a46ec: 27dc 06e8 

  0x00000195a18a46f0: ; ImmutableOopMap {rdx=Oop r9=Oop r8=Oop [176]=Oop [184]=Oop [192]=Oop [216]=Oop [240]=Oop [248]=Oop }
                      ;*invokevirtual isLinebreak {reexecute=0 rethrow=0 return_oop=0}
                      ; - com.sun.javafx.text.PrismTextLayout::layout@735 (line 1209)
  0x00000195a18a46f0: ec30 dc06 

  0x00000195a18a46f4: ;   {metadata({method} {0x00000195bf04e338} 'isLinebreak' '()Z' in 'com/sun/javafx/text/TextRun')}
  0x00000195a18a46f4: 49ba 30e3 | 04bf 9501 | 0000 4c89 | 5424 0848 | c704 24ff 

  0x00000195a18a4708: ;   {runtime_call C1 Runtime counter_overflow_blob}
  0x00000195a18a4708: ffff ffe8 

  0x00000195a18a470c: ; ImmutableOopMap {rdx=Oop r9=Oop r8=Oop [176]=Oop [184]=Oop [192]=Oop [216]=Oop [240]=Oop [248]=Oop }
                      ;*synchronization entry
                      ; - com.sun.javafx.text.TextRun::isLinebreak@-1 (line 118)
                      ; - com.sun.javafx.text.PrismTextLayout::layout@735 (line 1209)
  0x00000195a18a470c: d096 dc06 | e968 d0ff | ff48 890c | 244c 894c 

  0x00000195a18a471c: ;   {runtime_call C1 Runtime throw_range_check_failed_blob}
  0x00000195a18a471c: 2408 e8bd 

  0x00000195a18a4720: ; ImmutableOopMap {rdx=Oop r9=Oop [176]=Oop [184]=Oop [192]=Oop [216]=Oop [240]=Oop }
                      ;*aaload {reexecute=0 rethrow=0 return_oop=0}
                      ; - com.sun.javafx.text.PrismTextLayout::layout@747 (line 1210)
                      ;   {runtime_call C1 Runtime throw_null_pointer_exception_blob}
  0x00000195a18a4720: 27dc 06e8 

  0x00000195a18a4724: ; ImmutableOopMap {rdx=Oop r8=Oop [176]=Oop [184]=Oop [192]=Oop [216]=Oop [240]=Oop }
                      ;*invokevirtual setSoftbreak {reexecute=0 rethrow=0 return_oop=0}
                      ; - com.sun.javafx.text.PrismTextLayout::layout@752 (line 1211)
  0x00000195a18a4724: b830 dc06 

  0x00000195a18a4728: ;   {metadata({method} {0x00000195bf04f660} 'setSoftbreak' '()V' in 'com/sun/javafx/text/TextRun')}
  0x00000195a18a4728: 49ba 58f6 | 04bf 9501 | 0000 4c89 | 5424 0848 | c704 24ff 

  0x00000195a18a473c: ;   {runtime_call C1 Runtime counter_overflow_blob}
  0x00000195a18a473c: ffff ffe8 

  0x00000195a18a4740: ; ImmutableOopMap {rdx=Oop r8=Oop [176]=Oop [184]=Oop [192]=Oop [216]=Oop [240]=Oop }
                      ;*synchronization entry
                      ; - com.sun.javafx.text.TextRun::setSoftbreak@-1 (line 247)
                      ; - com.sun.javafx.text.PrismTextLayout::layout@752 (line 1211)
  0x00000195a18a4740: 9c96 dc06 | e939 d1ff 

  0x00000195a18a4748: ;   {runtime_call C1 Runtime throw_null_pointer_exception_blob}
  0x00000195a18a4748: ffe8 9230 

  0x00000195a18a474c: ; ImmutableOopMap {rdx=Oop rdi=Oop [176]=Oop [184]=Oop [192]=Oop [216]=Oop [240]=Oop }
                      ;*invokevirtual isBreak {reexecute=0 rethrow=0 return_oop=0}
                      ; - com.sun.javafx.text.PrismTextLayout::layout@776 (line 1231)
                      ;   {metadata({method} {0x00000195bf04e560} 'isBreak' '()Z' in 'com/sun/javafx/text/TextRun')}
  0x00000195a18a474c: dc06 49ba | 58e5 04bf | 9501 0000 | 4c89 5424 | 0848 c704 | 24ff ffff 

  0x00000195a18a4764: ;   {runtime_call C1 Runtime counter_overflow_blob}
  0x00000195a18a4764: ffe8 7696 

  0x00000195a18a4768: ; ImmutableOopMap {rdx=Oop rdi=Oop [176]=Oop [184]=Oop [192]=Oop [216]=Oop [240]=Oop }
                      ;*synchronization entry
                      ; - com.sun.javafx.text.TextRun::isBreak@-1 (line 130)
                      ; - com.sun.javafx.text.PrismTextLayout::layout@776 (line 1231)
  0x00000195a18a4768: dc06 e98a 

  0x00000195a18a476c: ;   {metadata({method} {0x000000000a221148} 'add' '(Ljava/lang/Object;)Z' in 'java/util/ArrayList')}
  0x00000195a18a476c: d1ff ff49 | ba40 1122 | 0a00 0000 | 004c 8954 | 2408 48c7 | 0424 ffff 

  0x00000195a18a4784: ;   {runtime_call C1 Runtime counter_overflow_blob}
  0x00000195a18a4784: ffff e855 

  0x00000195a18a4788: ; ImmutableOopMap {rax=Oop [176]=Oop [184]=Oop [192]=Oop [216]=Oop [240]=Oop }
                      ;*synchronization entry
                      ; - java.util.ArrayList::add@-1 (line 496)
                      ; - com.sun.javafx.text.PrismTextLayout::layout@798 (line 1233)
  0x00000195a18a4788: 96dc 06e9 | 12d3 ffff 

  0x00000195a18a4790: ;   {metadata({method} {0x000000000a222068} 'add' '(Ljava/lang/Object;[Ljava/lang/Object;I)V' in 'java/util/ArrayList')}
  0x00000195a18a4790: 49ba 6020 | 220a 0000 | 0000 4c89 | 5424 0848 | c704 24ff 

  0x00000195a18a47a4: ;   {runtime_call C1 Runtime counter_overflow_blob}
  0x00000195a18a47a4: ffff ffe8 

  0x00000195a18a47a8: ; ImmutableOopMap {rax=Oop rsi=Oop r8=Oop [176]=Oop [184]=Oop [192]=Oop [216]=Oop [240]=Oop }
                      ;*synchronization entry
                      ; - java.util.ArrayList::add@-1 (line 483)
                      ; - java.util.ArrayList::add@20 (line 497)
                      ; - com.sun.javafx.text.PrismTextLayout::layout@798 (line 1233)
  0x00000195a18a47a8: 3496 dc06 | e94b d3ff 

  0x00000195a18a47b0: ;   {runtime_call C1 Runtime throw_null_pointer_exception_blob}
  0x00000195a18a47b0: ffe8 2a30 

  0x00000195a18a47b4: ; ImmutableOopMap {rax=Oop rsi=Oop r8=Oop [176]=Oop [184]=Oop [192]=Oop [216]=Oop [240]=Oop }
                      ;*arraylength {reexecute=0 rethrow=0 return_oop=0}
                      ; - java.util.ArrayList::add@2 (line 483)
                      ; - java.util.ArrayList::add@20 (line 497)
                      ; - com.sun.javafx.text.PrismTextLayout::layout@798 (line 1233)
                      ;   {metadata({method} {0x000000000a2221c8} 'grow' '()[Ljava/lang/Object;' in 'java/util/ArrayList')}
  0x00000195a18a47b4: dc06 49ba | c021 220a | 0000 0000 | 4c89 5424 | 0848 c704 | 24ff ffff 

  0x00000195a18a47cc: ;   {runtime_call C1 Runtime counter_overflow_blob}
  0x00000195a18a47cc: ffe8 0e96 

  0x00000195a18a47d0: ; ImmutableOopMap {rsi=Oop [176]=Oop [184]=Oop [192]=Oop [216]=Oop [240]=Oop [336]=Oop }
                      ;*synchronization entry
                      ; - java.util.ArrayList::grow@-1 (line 245)
                      ; - java.util.ArrayList::add@7 (line 484)
                      ; - java.util.ArrayList::add@20 (line 497)
                      ; - com.sun.javafx.text.PrismTextLayout::layout@798 (line 1233)
  0x00000195a18a47d0: dc06 e999 

  0x00000195a18a47d4: ;   {runtime_call C1 Runtime throw_null_pointer_exception_blob}
  0x00000195a18a47d4: d3ff ffe8 

  0x00000195a18a47d8: ; ImmutableOopMap {r8=Oop rsi=Oop rax=Oop [176]=Oop [184]=Oop [192]=Oop [216]=Oop [240]=Oop }
                      ;*aastore {reexecute=1 rethrow=0 return_oop=0}
                      ; - (reexecute) java.util.ArrayList::add@14 (line 485)
                      ; - java.util.ArrayList::add@20 (line 497)
                      ; - com.sun.javafx.text.PrismTextLayout::layout@798 (line 1233)
  0x00000195a18a47d8: 0430 dc06 

  0x00000195a18a47dc: ;   {runtime_call C1 Runtime throw_null_pointer_exception_blob}
  0x00000195a18a47dc: e8ff 2fdc 

  0x00000195a18a47e0: ; ImmutableOopMap {r8=Oop rsi=Oop rax=Oop [176]=Oop [184]=Oop [192]=Oop [216]=Oop [240]=Oop }
                      ;*aastore {reexecute=1 rethrow=0 return_oop=0}
                      ; - (reexecute) java.util.ArrayList::add@14 (line 485)
                      ; - java.util.ArrayList::add@20 (line 497)
                      ; - com.sun.javafx.text.PrismTextLayout::layout@798 (line 1233)
  0x00000195a18a47e0: 0648 893c | 244c 8944 

  0x00000195a18a47e8: ;   {runtime_call C1 Runtime throw_range_check_failed_blob}
  0x00000195a18a47e8: 2408 e8f1 

  0x00000195a18a47ec: ; ImmutableOopMap {r8=Oop rsi=Oop rax=Oop [176]=Oop [184]=Oop [192]=Oop [216]=Oop [240]=Oop }
                      ;*aastore {reexecute=1 rethrow=0 return_oop=0}
                      ; - (reexecute) java.util.ArrayList::add@14 (line 485)
                      ; - java.util.ArrayList::add@20 (line 497)
                      ; - com.sun.javafx.text.PrismTextLayout::layout@798 (line 1233)
                      ;   {runtime_call C1 Runtime throw_null_pointer_exception_blob}
  0x00000195a18a47ec: 26dc 06e8 

  0x00000195a18a47f0: ; ImmutableOopMap {r8=Oop rsi=Oop rax=Oop [176]=Oop [184]=Oop [192]=Oop [216]=Oop [240]=Oop }
                      ;*aastore {reexecute=1 rethrow=0 return_oop=0}
                      ; - (reexecute) java.util.ArrayList::add@14 (line 485)
                      ; - java.util.ArrayList::add@20 (line 497)
                      ; - com.sun.javafx.text.PrismTextLayout::layout@798 (line 1233)
  0x00000195a18a47f0: ec2f dc06 | 4889 0424 

  0x00000195a18a47f8: ;   {runtime_call C1 Runtime throw_array_store_exception_blob}
  0x00000195a18a47f8: e863 59dc 

  0x00000195a18a47fc: ; ImmutableOopMap {r8=Oop rsi=Oop rax=Oop [176]=Oop [184]=Oop [192]=Oop [216]=Oop [240]=Oop }
                      ;*aastore {reexecute=1 rethrow=0 return_oop=0}
                      ; - (reexecute) java.util.ArrayList::add@14 (line 485)
                      ; - java.util.ArrayList::add@20 (line 497)
                      ; - com.sun.javafx.text.PrismTextLayout::layout@798 (line 1233)
  0x00000195a18a47fc: 0645 8b08 | 49c1 e103 | 4983 f900 | 0f84 c2d4 | ffff 4c89 

  0x00000195a18a4810: ;   {runtime_call g1_pre_barrier_slow}
  0x00000195a18a4810: 0c24 e8c9 | 9cdc 06e9 | b4d4 ffff | 4883 f800 | 0f84 c8d4 | ffff 4c89 

  0x00000195a18a4828: ;   {runtime_call g1_post_barrier_slow}
  0x00000195a18a4828: 0424 e8b1 | 9fdc 06e9 | bad4 ffff 

  0x00000195a18a4834: ;   {runtime_call C1 Runtime throw_null_pointer_exception_blob}
  0x00000195a18a4834: e8a7 2fdc 

  0x00000195a18a4838: ; ImmutableOopMap {rsi=Oop rax=Oop [176]=Oop [184]=Oop [192]=Oop [216]=Oop [240]=Oop }
                      ;*invokevirtual getLength {reexecute=0 rethrow=0 return_oop=0}
                      ; - com.sun.javafx.text.PrismTextLayout::layout@812 (line 1235)
                      ;   {metadata({method} {0x00000195bec64650} 'layout' '()V' in 'com/sun/javafx/text/PrismTextLayout')}
  0x00000195a18a4838: 0649 ba48 | 46c6 be95 | 0100 004c | 8954 2408 | 48c7 0424 | 3803 0000 

  0x00000195a18a4850: ;   {runtime_call C1 Runtime counter_overflow_blob}
  0x00000195a18a4850: e88b 95dc 

  0x00000195a18a4854: ; ImmutableOopMap {rsi=Oop [176]=Oop [184]=Oop [192]=Oop [216]=Oop [240]=Oop }
                      ;*goto {reexecute=1 rethrow=0 return_oop=0}
                      ; - (reexecute) com.sun.javafx.text.PrismTextLayout::layout@824 (line 1111)
  0x00000195a18a4854: 06e9 1bd5 

  0x00000195a18a4858: ;   {runtime_call C1 Runtime throw_null_pointer_exception_blob}
  0x00000195a18a4858: ffff e881 

  0x00000195a18a485c: ; ImmutableOopMap {rsi=Oop r8=Oop [176]=Oop [184]=Oop [240]=Oop }
                      ;*invokevirtual dispose {reexecute=0 rethrow=0 return_oop=0}
                      ; - com.sun.javafx.text.PrismTextLayout::layout@832 (line 1239)
                      ;   {metadata({method} {0x00000195be839fc0} 'dispose' '()V' in 'com/sun/javafx/text/GlyphLayout')}
  0x00000195a18a485c: 2fdc 0649 | bab8 9f83 | be95 0100 | 004c 8954 | 2408 48c7 | 0424 ffff 

  0x00000195a18a4874: ;   {runtime_call C1 Runtime counter_overflow_blob}
  0x00000195a18a4874: ffff e865 

  0x00000195a18a4878: ; ImmutableOopMap {rsi=Oop r8=Oop [176]=Oop [184]=Oop [240]=Oop }
                      ;*synchronization entry
                      ; - com.sun.javafx.text.GlyphLayout::dispose@-1 (line 433)
                      ; - com.sun.javafx.text.PrismTextLayout::layout@832 (line 1239)
  0x00000195a18a4878: 95dc 06e9 | 44d6 ffff 

  0x00000195a18a4880: ;   {metadata({method} {0x000000000a221148} 'add' '(Ljava/lang/Object;)Z' in 'java/util/ArrayList')}
  0x00000195a18a4880: 49ba 4011 | 220a 0000 | 0000 4c89 | 5424 0848 | c704 24ff 

  0x00000195a18a4894: ;   {runtime_call C1 Runtime counter_overflow_blob}
  0x00000195a18a4894: ffff ffe8 

  0x00000195a18a4898: ; ImmutableOopMap {rax=Oop [176]=Oop [184]=Oop [240]=Oop }
                      ;*synchronization entry
                      ; - java.util.ArrayList::add@-1 (line 496)
                      ; - com.sun.javafx.text.PrismTextLayout::layout@851 (line 1241)
  0x00000195a18a4898: 4495 dc06 | e979 d7ff 

  0x00000195a18a48a0: ;   {metadata({method} {0x000000000a222068} 'add' '(Ljava/lang/Object;[Ljava/lang/Object;I)V' in 'java/util/ArrayList')}
  0x00000195a18a48a0: ff49 ba60 | 2022 0a00 | 0000 004c | 8954 2408 | 48c7 0424 | ffff ffff 

  0x00000195a18a48b8: ;   {runtime_call C1 Runtime counter_overflow_blob}
  0x00000195a18a48b8: e823 95dc 

  0x00000195a18a48bc: ; ImmutableOopMap {rax=Oop rsi=Oop r8=Oop [176]=Oop [184]=Oop [240]=Oop }
                      ;*synchronization entry
                      ; - java.util.ArrayList::add@-1 (line 483)
                      ; - java.util.ArrayList::add@20 (line 497)
                      ; - com.sun.javafx.text.PrismTextLayout::layout@851 (line 1241)
  0x00000195a18a48bc: 06e9 b2d7 

  0x00000195a18a48c0: ;   {runtime_call C1 Runtime throw_null_pointer_exception_blob}
  0x00000195a18a48c0: ffff e819 

  0x00000195a18a48c4: ; ImmutableOopMap {rax=Oop rsi=Oop r8=Oop [176]=Oop [184]=Oop [240]=Oop }
                      ;*arraylength {reexecute=0 rethrow=0 return_oop=0}
                      ; - java.util.ArrayList::add@2 (line 483)
                      ; - java.util.ArrayList::add@20 (line 497)
                      ; - com.sun.javafx.text.PrismTextLayout::layout@851 (line 1241)
                      ;   {metadata({method} {0x000000000a2221c8} 'grow' '()[Ljava/lang/Object;' in 'java/util/ArrayList')}
  0x00000195a18a48c4: 2fdc 0649 | bac0 2122 | 0a00 0000 | 004c 8954 | 2408 48c7 | 0424 ffff 

  0x00000195a18a48dc: ;   {runtime_call C1 Runtime counter_overflow_blob}
  0x00000195a18a48dc: ffff e8fd 

  0x00000195a18a48e0: ; ImmutableOopMap {rsi=Oop [176]=Oop [184]=Oop [240]=Oop [352]=Oop }
                      ;*synchronization entry
                      ; - java.util.ArrayList::grow@-1 (line 245)
                      ; - java.util.ArrayList::add@7 (line 484)
                      ; - java.util.ArrayList::add@20 (line 497)
                      ; - com.sun.javafx.text.PrismTextLayout::layout@851 (line 1241)
  0x00000195a18a48e0: 94dc 06e9 | 08d8 ffff 

  0x00000195a18a48e8: ;   {runtime_call C1 Runtime throw_null_pointer_exception_blob}
  0x00000195a18a48e8: e8f3 2edc 

  0x00000195a18a48ec: ; ImmutableOopMap {r8=Oop r9=Oop rax=Oop [176]=Oop [184]=Oop [240]=Oop }
                      ;*aastore {reexecute=1 rethrow=0 return_oop=0}
                      ; - (reexecute) java.util.ArrayList::add@14 (line 485)
                      ; - java.util.ArrayList::add@20 (line 497)
                      ; - com.sun.javafx.text.PrismTextLayout::layout@851 (line 1241)
                      ;   {runtime_call C1 Runtime throw_null_pointer_exception_blob}
  0x00000195a18a48ec: 06e8 ee2e 

  0x00000195a18a48f0: ; ImmutableOopMap {r8=Oop r9=Oop rax=Oop [176]=Oop [184]=Oop [240]=Oop }
                      ;*aastore {reexecute=1 rethrow=0 return_oop=0}
                      ; - (reexecute) java.util.ArrayList::add@14 (line 485)
                      ; - java.util.ArrayList::add@20 (line 497)
                      ; - com.sun.javafx.text.PrismTextLayout::layout@851 (line 1241)
  0x00000195a18a48f0: dc06 4889 | 3c24 4c89 

  0x00000195a18a48f8: ;   {runtime_call C1 Runtime throw_range_check_failed_blob}
  0x00000195a18a48f8: 4424 08e8 

  0x00000195a18a48fc: ; ImmutableOopMap {r8=Oop r9=Oop rax=Oop [176]=Oop [184]=Oop [240]=Oop }
                      ;*aastore {reexecute=1 rethrow=0 return_oop=0}
                      ; - (reexecute) java.util.ArrayList::add@14 (line 485)
                      ; - java.util.ArrayList::add@20 (line 497)
                      ; - com.sun.javafx.text.PrismTextLayout::layout@851 (line 1241)
  0x00000195a18a48fc: e025 dc06 

  0x00000195a18a4900: ;   {runtime_call C1 Runtime throw_null_pointer_exception_blob}
  0x00000195a18a4900: e8db 2edc 

  0x00000195a18a4904: ; ImmutableOopMap {r8=Oop r9=Oop rax=Oop [176]=Oop [184]=Oop [240]=Oop }
                      ;*aastore {reexecute=1 rethrow=0 return_oop=0}
                      ; - (reexecute) java.util.ArrayList::add@14 (line 485)
                      ; - java.util.ArrayList::add@20 (line 497)
                      ; - com.sun.javafx.text.PrismTextLayout::layout@851 (line 1241)
  0x00000195a18a4904: 0648 8904 

  0x00000195a18a4908: ;   {runtime_call C1 Runtime throw_array_store_exception_blob}
  0x00000195a18a4908: 24e8 5258 

  0x00000195a18a490c: ; ImmutableOopMap {r8=Oop r9=Oop rax=Oop [176]=Oop [184]=Oop [240]=Oop }
                      ;*aastore {reexecute=1 rethrow=0 return_oop=0}
                      ; - (reexecute) java.util.ArrayList::add@14 (line 485)
                      ; - java.util.ArrayList::add@20 (line 497)
                      ; - com.sun.javafx.text.PrismTextLayout::layout@851 (line 1241)
  0x00000195a18a490c: dc06 8b13 | 48c1 e203 | 4883 fa00 | 0f84 2cd9 | ffff 4889 

  0x00000195a18a4920: ;   {runtime_call g1_pre_barrier_slow}
  0x00000195a18a4920: 1424 e8b9 | 9bdc 06e9 | 1ed9 ffff | 4883 f800 | 0f84 32d9 | ffff 4889 

  0x00000195a18a4938: ;   {runtime_call g1_post_barrier_slow}
  0x00000195a18a4938: 1c24 e8a1 | 9edc 06e9 | 24d9 ffff 

  0x00000195a18a4944: ;   {runtime_call C1 Runtime new_object_array_blob}
  0x00000195a18a4944: e817 43dc 

  0x00000195a18a4948: ; ImmutableOopMap {r9=Oop r11=Oop [176]=Oop [184]=Oop [240]=Oop }
                      ;*anewarray {reexecute=0 rethrow=0 return_oop=0}
                      ; - com.sun.javafx.text.PrismTextLayout::layout@861 (line 1242)
  0x00000195a18a4948: 06e9 41da | ffff 458b | 433c 49c1 | e003 4983 | f800 0f84 | 3dda ffff | 4c89 0424 

  0x00000195a18a4964: ;   {runtime_call g1_pre_barrier_slow}
  0x00000195a18a4964: e877 9bdc | 06e9 2fda | ffff 4883 | f800 0f84 | 44da ffff | 4c89 1c24 

  0x00000195a18a497c: ;   {runtime_call g1_post_barrier_slow}
  0x00000195a18a497c: e85f 9edc | 06e9 36da 

  0x00000195a18a4984: ;   {runtime_call C1 Runtime throw_null_pointer_exception_blob}
  0x00000195a18a4984: ffff e855 

  0x00000195a18a4988: ; ImmutableOopMap {rdx=Oop rax=Oop rbx=Oop [176]=Oop [184]=Oop }
                      ;*arraylength {reexecute=0 rethrow=0 return_oop=0}
                      ; - com.sun.javafx.text.PrismTextLayout::layout@950 (line 1256)
                      ;   {runtime_call C1 Runtime throw_null_pointer_exception_blob}
  0x00000195a18a4988: 2edc 06e8 

  0x00000195a18a498c: ; ImmutableOopMap {rdx=Oop rax=Oop rbx=Oop [176]=Oop [184]=Oop [376]=Oop }
                      ;*invokevirtual getStart {reexecute=0 rethrow=0 return_oop=0}
                      ; - com.sun.javafx.text.PrismTextLayout::layout@965 (line 1258)
  0x00000195a18a498c: 502e dc06 

  0x00000195a18a4990: ;   {runtime_call C1 Runtime throw_null_pointer_exception_blob}
  0x00000195a18a4990: e84b 2edc 

  0x00000195a18a4994: ; ImmutableOopMap {rdx=Oop rax=Oop rbx=Oop rcx=Oop [176]=Oop [184]=Oop [376]=Oop [384]=Oop }
                      ;*invokevirtual getWidth {reexecute=0 rethrow=0 return_oop=0}
                      ; - com.sun.javafx.text.PrismTextLayout::layout@981 (line 1262)
                      ;   {metadata({method} {0x00000195be7e1480} 'getWidth' '()F' in 'com/sun/javafx/geom/RectBounds')}
  0x00000195a18a4994: 0649 ba78 | 147e be95 | 0100 004c | 8954 2408 | 48c7 0424 | ffff ffff 

  0x00000195a18a49ac: ;   {runtime_call C1 Runtime counter_overflow_blob}
  0x00000195a18a49ac: e82f 94dc 

  0x00000195a18a49b0: ; ImmutableOopMap {rdx=Oop rax=Oop rbx=Oop rcx=Oop [176]=Oop [184]=Oop [376]=Oop [384]=Oop }
                      ;*synchronization entry
                      ; - com.sun.javafx.geom.RectBounds::getWidth@-1 (line 90)
                      ; - com.sun.javafx.text.PrismTextLayout::layout@981 (line 1262)
  0x00000195a18a49b0: 06e9 9bdd 

  0x00000195a18a49b4: ;   {metadata({method} {0x00000195bf056528} 'setAlignment' '(F)V' in 'com/sun/javafx/text/TextLine')}
  0x00000195a18a49b4: ffff 49ba | 2065 05bf | 9501 0000 | 4c89 5424 | 0848 c704 | 24ff ffff 

  0x00000195a18a49cc: ;   {runtime_call C1 Runtime counter_overflow_blob}
  0x00000195a18a49cc: ffe8 0e94 

  0x00000195a18a49d0: ; ImmutableOopMap {rdx=Oop rax=Oop rbx=Oop rcx=Oop [176]=Oop [184]=Oop [376]=Oop [384]=Oop }
                      ;*synchronization entry
                      ; - com.sun.javafx.text.TextLine::setAlignment@-1 (line 86)
                      ; - com.sun.javafx.text.PrismTextLayout::layout@994 (line 1263)
  0x00000195a18a49d0: dc06 e9d9 

  0x00000195a18a49d4: ;   {runtime_call C1 Runtime throw_null_pointer_exception_blob}
  0x00000195a18a49d4: ddff ffe8 

  0x00000195a18a49d8: ; ImmutableOopMap {rdx=Oop rax=Oop rbx=Oop rcx=Oop r9=Oop [176]=Oop [184]=Oop [360]=Oop [376]=Oop [384]=Oop }
                      ;*arraylength {reexecute=0 rethrow=0 return_oop=0}
                      ; - com.sun.javafx.text.PrismTextLayout::layout@1034 (line 1269)
  0x00000195a18a49d8: 042e dc06 | 4889 3424 | 4c89 4c24 

  0x00000195a18a49e4: ;   {runtime_call C1 Runtime throw_range_check_failed_blob}
  0x00000195a18a49e4: 08e8 f624 

  0x00000195a18a49e8: ; ImmutableOopMap {rdx=Oop rax=Oop rbx=Oop rcx=Oop r9=Oop [176]=Oop [184]=Oop [360]=Oop [376]=Oop [384]=Oop }
                      ;*aaload {reexecute=0 rethrow=0 return_oop=0}
                      ; - com.sun.javafx.text.PrismTextLayout::layout@1048 (line 1270)
                      ;   {runtime_call C1 Runtime throw_null_pointer_exception_blob}
  0x00000195a18a49e8: dc06 e8f1 

  0x00000195a18a49ec: ; ImmutableOopMap {rdx=Oop rax=Oop rbx=Oop rcx=Oop r9=Oop rsi=Oop [176]=Oop [184]=Oop [360]=Oop [376]=Oop [384]=Oop }
                      ;*invokevirtual isSoftbreak {reexecute=0 rethrow=0 return_oop=0}
                      ; - com.sun.javafx.text.PrismTextLayout::layout@1049 (line 1270)
                      ;   {metadata({method} {0x00000195bf04e4a8} 'isSoftbreak' '()Z' in 'com/sun/javafx/text/TextRun')}
  0x00000195a18a49ec: 2ddc 0649 | baa0 e404 | bf95 0100 | 004c 8954 | 2408 48c7 | 0424 ffff 

  0x00000195a18a4a04: ;   {runtime_call C1 Runtime counter_overflow_blob}
  0x00000195a18a4a04: ffff e8d5 

  0x00000195a18a4a08: ; ImmutableOopMap {rdx=Oop rax=Oop rbx=Oop rcx=Oop rsi=Oop [176]=Oop [184]=Oop [360]=Oop [376]=Oop [384]=Oop }
                      ;*synchronization entry
                      ; - com.sun.javafx.text.TextRun::isSoftbreak@-1 (line 126)
                      ; - com.sun.javafx.text.PrismTextLayout::layout@1049 (line 1270)
  0x00000195a18a4a08: 93dc 06e9 | 40e1 ffff 

  0x00000195a18a4a10: ;   {runtime_call C1 Runtime throw_null_pointer_exception_blob}
  0x00000195a18a4a10: e8cb 2ddc 

  0x00000195a18a4a14: ; ImmutableOopMap {rdx=Oop rax=Oop rbx=Oop rcx=Oop [176]=Oop [184]=Oop [360]=Oop [376]=Oop [384]=Oop }
                      ;*caload {reexecute=0 rethrow=0 return_oop=0}
                      ; - com.sun.javafx.text.PrismTextLayout::layout@1092 (line 1276)
                      ;   {runtime_call C1 Runtime throw_null_pointer_exception_blob}
  0x00000195a18a4a14: 06e8 c62d 

  0x00000195a18a4a18: ; ImmutableOopMap {rdx=Oop rax=Oop rbx=Oop rcx=Oop [176]=Oop [184]=Oop [360]=Oop [376]=Oop [384]=Oop }
                      ;*caload {reexecute=0 rethrow=0 return_oop=0}
                      ; - com.sun.javafx.text.PrismTextLayout::layout@1092 (line 1276)
  0x00000195a18a4a18: dc06 4889 | 3424 4889 

  0x00000195a18a4a20: ;   {runtime_call C1 Runtime throw_range_check_failed_blob}
  0x00000195a18a4a20: 4424 08e8 

  0x00000195a18a4a24: ; ImmutableOopMap {rdx=Oop rax=Oop rbx=Oop rcx=Oop [176]=Oop [184]=Oop [360]=Oop [376]=Oop [384]=Oop }
                      ;*caload {reexecute=0 rethrow=0 return_oop=0}
                      ; - com.sun.javafx.text.PrismTextLayout::layout@1092 (line 1276)
  0x00000195a18a4a24: b824 dc06 

  0x00000195a18a4a28: ;   {runtime_call C1 Runtime throw_null_pointer_exception_blob}
  0x00000195a18a4a28: e8b3 2ddc 

  0x00000195a18a4a2c: ; ImmutableOopMap {rdx=Oop rax=Oop rbx=Oop rcx=Oop [176]=Oop [184]=Oop [360]=Oop [376]=Oop [384]=Oop }
                      ;*caload {reexecute=0 rethrow=0 return_oop=0}
                      ; - com.sun.javafx.text.PrismTextLayout::layout@1109 (line 1277)
                      ;   {runtime_call C1 Runtime throw_null_pointer_exception_blob}
  0x00000195a18a4a2c: 06e8 ae2d 

  0x00000195a18a4a30: ; ImmutableOopMap {rdx=Oop rax=Oop rbx=Oop rcx=Oop [176]=Oop [184]=Oop [360]=Oop [376]=Oop [384]=Oop }
                      ;*caload {reexecute=0 rethrow=0 return_oop=0}
                      ; - com.sun.javafx.text.PrismTextLayout::layout@1109 (line 1277)
  0x00000195a18a4a30: dc06 4889 | 3424 4889 

  0x00000195a18a4a38: ;   {runtime_call C1 Runtime throw_range_check_failed_blob}
  0x00000195a18a4a38: 4424 08e8 

  0x00000195a18a4a3c: ; ImmutableOopMap {rdx=Oop rax=Oop rbx=Oop rcx=Oop [176]=Oop [184]=Oop [360]=Oop [376]=Oop [384]=Oop }
                      ;*caload {reexecute=0 rethrow=0 return_oop=0}
                      ; - com.sun.javafx.text.PrismTextLayout::layout@1109 (line 1277)
  0x00000195a18a4a3c: a024 dc06 

  0x00000195a18a4a40: ;   {metadata({method} {0x00000195bec64650} 'layout' '()V' in 'com/sun/javafx/text/PrismTextLayout')}
  0x00000195a18a4a40: 49ba 4846 | c6be 9501 | 0000 4c89 | 5424 0848 | c704 2461 

  0x00000195a18a4a54: ;   {runtime_call C1 Runtime counter_overflow_blob}
  0x00000195a18a4a54: 0400 00e8 

  0x00000195a18a4a58: ; ImmutableOopMap {rdx=Oop rax=Oop rbx=Oop rcx=Oop [176]=Oop [184]=Oop [360]=Oop [376]=Oop [384]=Oop }
                      ;*goto {reexecute=1 rethrow=0 return_oop=0}
                      ; - (reexecute) com.sun.javafx.text.PrismTextLayout::layout@1121 (line 1275)
  0x00000195a18a4a58: 8493 dc06 | e9f1 e2ff 

  0x00000195a18a4a60: ;   {metadata({method} {0x00000195be7e1480} 'getWidth' '()F' in 'com/sun/javafx/geom/RectBounds')}
  0x00000195a18a4a60: ff49 ba78 | 147e be95 | 0100 004c | 8954 2408 | 48c7 0424 | ffff ffff 

  0x00000195a18a4a78: ;   {runtime_call C1 Runtime counter_overflow_blob}
  0x00000195a18a4a78: e863 93dc 

  0x00000195a18a4a7c: ; ImmutableOopMap {rdx=Oop rax=Oop rbx=Oop rcx=Oop [176]=Oop [184]=Oop [360]=Oop [376]=Oop [384]=Oop }
                      ;*synchronization entry
                      ; - com.sun.javafx.geom.RectBounds::getWidth@-1 (line 90)
                      ; - com.sun.javafx.text.PrismTextLayout::layout@1133 (line 1280)
  0x00000195a18a4a7c: 06e9 dee3 

  0x00000195a18a4a80: ;   {runtime_call C1 Runtime throw_null_pointer_exception_blob}
  0x00000195a18a4a80: ffff e859 

  0x00000195a18a4a84: ; ImmutableOopMap {r9=Oop rdi=Oop [176]=Oop [184]=Oop [360]=Oop [376]=Oop [384]=Oop [400]=Oop }
                      ;*invokevirtual getStart {reexecute=0 rethrow=0 return_oop=0}
                      ; - com.sun.javafx.text.PrismTextLayout::layout@1162 (line 1284)
                      ;   {metadata({method} {0x00000195bf04de30} 'getEnd' '()I' in 'com/sun/javafx/text/TextRun')}
  0x00000195a18a4a84: 2ddc 0649 | ba28 de04 | bf95 0100 | 004c 8954 | 2408 48c7 | 0424 ffff 

  0x00000195a18a4a9c: ;   {runtime_call C1 Runtime counter_overflow_blob}
  0x00000195a18a4a9c: ffff e83d 

  0x00000195a18a4aa0: ; ImmutableOopMap {r9=Oop rdi=Oop [176]=Oop [184]=Oop [360]=Oop [376]=Oop [384]=Oop [400]=Oop }
                      ;*synchronization entry
                      ; - com.sun.javafx.text.TextRun::getEnd@-1 (line 86)
                      ; - com.sun.javafx.text.PrismTextLayout::layout@1169 (line 1285)
  0x00000195a18a4aa0: 93dc 06e9 | c8e4 ffff 

  0x00000195a18a4aa8: ;   {runtime_call C1 Runtime throw_null_pointer_exception_blob}
  0x00000195a18a4aa8: e833 2ddc 

  0x00000195a18a4aac: ; ImmutableOopMap {rax=Oop [176]=Oop [184]=Oop [360]=Oop [376]=Oop [384]=Oop [400]=Oop }
                      ;*caload {reexecute=0 rethrow=0 return_oop=0}
                      ; - com.sun.javafx.text.PrismTextLayout::layout@1188 (line 1288)
                      ;   {runtime_call C1 Runtime throw_null_pointer_exception_blob}
  0x00000195a18a4aac: 06e8 2e2d 

  0x00000195a18a4ab0: ; ImmutableOopMap {rax=Oop [176]=Oop [184]=Oop [360]=Oop [376]=Oop [384]=Oop [400]=Oop }
                      ;*caload {reexecute=0 rethrow=0 return_oop=0}
                      ; - com.sun.javafx.text.PrismTextLayout::layout@1188 (line 1288)
  0x00000195a18a4ab0: dc06 4889 | 1c24 4889 

  0x00000195a18a4ab8: ;   {runtime_call C1 Runtime throw_range_check_failed_blob}
  0x00000195a18a4ab8: 4424 08e8 

  0x00000195a18a4abc: ; ImmutableOopMap {rax=Oop [176]=Oop [184]=Oop [360]=Oop [376]=Oop [384]=Oop [400]=Oop }
                      ;*caload {reexecute=0 rethrow=0 return_oop=0}
                      ; - com.sun.javafx.text.PrismTextLayout::layout@1188 (line 1288)
  0x00000195a18a4abc: 2024 dc06 

  0x00000195a18a4ac0: ;   {metadata({method} {0x00000195bec64650} 'layout' '()V' in 'com/sun/javafx/text/PrismTextLayout')}
  0x00000195a18a4ac0: 49ba 4846 | c6be 9501 | 0000 4c89 | 5424 0848 | c704 24c4 

  0x00000195a18a4ad4: ;   {runtime_call C1 Runtime counter_overflow_blob}
  0x00000195a18a4ad4: 0400 00e8 

  0x00000195a18a4ad8: ; ImmutableOopMap {[176]=Oop [184]=Oop [360]=Oop [376]=Oop [384]=Oop [400]=Oop }
                      ;*goto {reexecute=1 rethrow=0 return_oop=0}
                      ; - (reexecute) com.sun.javafx.text.PrismTextLayout::layout@1220 (line 1286)
  0x00000195a18a4ad8: 0493 dc06 | e9eb e5ff 

  0x00000195a18a4ae0: ;   {metadata({method} {0x00000195bec64650} 'layout' '()V' in 'com/sun/javafx/text/PrismTextLayout')}
  0x00000195a18a4ae0: ff49 ba48 | 46c6 be95 | 0100 004c | 8954 2408 | 48c7 0424 | ca04 0000 

  0x00000195a18a4af8: ;   {runtime_call C1 Runtime counter_overflow_blob}
  0x00000195a18a4af8: e8e3 92dc 

  0x00000195a18a4afc: ; ImmutableOopMap {[176]=Oop [184]=Oop [360]=Oop [376]=Oop [384]=Oop }
                      ;*goto {reexecute=1 rethrow=0 return_oop=0}
                      ; - (reexecute) com.sun.javafx.text.PrismTextLayout::layout@1226 (line 1282)
  0x00000195a18a4afc: 06e9 2ae6 

  0x00000195a18a4b00: ;   {metadata({method} {0x00000195bf056528} 'setAlignment' '(F)V' in 'com/sun/javafx/text/TextLine')}
  0x00000195a18a4b00: ffff 49ba | 2065 05bf | 9501 0000 | 4c89 5424 | 0848 c704 | 24ff ffff 

  0x00000195a18a4b18: ;   {runtime_call C1 Runtime counter_overflow_blob}
  0x00000195a18a4b18: ffe8 c292 

  0x00000195a18a4b1c: ; ImmutableOopMap {rbx=Oop [176]=Oop [184]=Oop [376]=Oop [384]=Oop }
                      ;*synchronization entry
                      ; - com.sun.javafx.text.TextLine::setAlignment@-1 (line 86)
                      ; - com.sun.javafx.text.PrismTextLayout::layout@1236 (line 1295)
  0x00000195a18a4b1c: dc06 e9a7 

  0x00000195a18a4b20: ;   {runtime_call C1 Runtime throw_null_pointer_exception_blob}
  0x00000195a18a4b20: e6ff ffe8 

  0x00000195a18a4b24: ; ImmutableOopMap {rbx=Oop r8=Oop [176]=Oop [184]=Oop [376]=Oop [384]=Oop }
                      ;*invokevirtual setMinX {reexecute=0 rethrow=0 return_oop=0}
                      ; - com.sun.javafx.text.TextLine::setAlignment@5 (line 86)
                      ; - com.sun.javafx.text.PrismTextLayout::layout@1236 (line 1295)
  0x00000195a18a4b24: b82c dc06 

  0x00000195a18a4b28: ;   {metadata({method} {0x00000195bf0565d0} 'setWidth' '(F)V' in 'com/sun/javafx/text/TextLine')}
  0x00000195a18a4b28: 49ba c865 | 05bf 9501 | 0000 4c89 | 5424 0848 | c704 24ff 

  0x00000195a18a4b3c: ;   {runtime_call C1 Runtime counter_overflow_blob}
  0x00000195a18a4b3c: ffff ffe8 

  0x00000195a18a4b40: ; ImmutableOopMap {rbx=Oop r8=Oop [176]=Oop [184]=Oop [376]=Oop [384]=Oop }
                      ;*synchronization entry
                      ; - com.sun.javafx.text.TextLine::setWidth@-1 (line 91)
                      ; - com.sun.javafx.text.PrismTextLayout::layout@1243 (line 1296)
  0x00000195a18a4b40: 9c92 dc06 | e9a2 e8ff 

  0x00000195a18a4b48: ;   {runtime_call C1 Runtime throw_null_pointer_exception_blob}
  0x00000195a18a4b48: ffe8 922c 

  0x00000195a18a4b4c: ; ImmutableOopMap {rsi=Oop rax=Oop [176]=Oop [184]=Oop [376]=Oop [384]=Oop [432]=Oop }
                      ;*invokevirtual setLocation {reexecute=0 rethrow=0 return_oop=0}
                      ; - com.sun.javafx.text.PrismTextLayout::layout@1303 (line 1312)
  0x00000195a18a4b4c: dc06 8b50 | 5048 c1e2 | 0348 83fa | 000f 844c | ebff ff48 

  0x00000195a18a4b60: ;   {runtime_call g1_pre_barrier_slow}
  0x00000195a18a4b60: 8914 24e8 | 7899 dc06 | e93e ebff | ff48 83fb | 000f 845b | ebff ff48 

  0x00000195a18a4b78: ;   {runtime_call g1_post_barrier_slow}
  0x00000195a18a4b78: 8904 24e8 | 609c dc06 | e94d ebff 

  0x00000195a18a4b84: ;   {metadata({method} {0x00000195bec64650} 'layout' '()V' in 'com/sun/javafx/text/PrismTextLayout')}
  0x00000195a18a4b84: ff49 ba48 | 46c6 be95 | 0100 004c | 8954 2408 | 48c7 0424 | 2e05 0000 

  0x00000195a18a4b9c: ;   {runtime_call C1 Runtime counter_overflow_blob}
  0x00000195a18a4b9c: e83f 92dc 

  0x00000195a18a4ba0: ; ImmutableOopMap {[176]=Oop [184]=Oop [376]=Oop [384]=Oop [432]=Oop }
                      ;*goto {reexecute=1 rethrow=0 return_oop=0}
                      ; - (reexecute) com.sun.javafx.text.PrismTextLayout::layout@1326 (line 1310)
  0x00000195a18a4ba0: 06e9 8feb 

  0x00000195a18a4ba4: ;   {runtime_call C1 Runtime throw_null_pointer_exception_blob}
  0x00000195a18a4ba4: ffff e835 

  0x00000195a18a4ba8: ; ImmutableOopMap {rsi=Oop [176]=Oop [184]=Oop [376]=Oop [384]=Oop [432]=Oop }
                      ;*arraylength {reexecute=0 rethrow=0 return_oop=0}
                      ; - com.sun.javafx.text.PrismTextLayout::layout@1286 (line 1310)
                      ;   {runtime_call C1 Runtime throw_null_pointer_exception_blob}
  0x00000195a18a4ba8: 2cdc 06e8 

  0x00000195a18a4bac: ; ImmutableOopMap {rdx=Oop [176]=Oop [184]=Oop [376]=Oop [384]=Oop }
                      ;*arraylength {reexecute=0 rethrow=0 return_oop=0}
                      ; - com.sun.javafx.text.PrismTextLayout::layout@1337 (line 1316)
  0x00000195a18a4bac: 302c dc06 

  0x00000195a18a4bb0: ;   {metadata({method} {0x00000195be7e1520} 'getHeight' '()F' in 'com/sun/javafx/geom/RectBounds')}
  0x00000195a18a4bb0: 49ba 1815 | 7ebe 9501 | 0000 4c89 | 5424 0848 | c704 24ff 

  0x00000195a18a4bc4: ;   {runtime_call C1 Runtime counter_overflow_blob}
  0x00000195a18a4bc4: ffff ffe8 

  0x00000195a18a4bc8: ; ImmutableOopMap {rdx=Oop rcx=Oop [176]=Oop [184]=Oop [384]=Oop }
                      ;*synchronization entry
                      ; - com.sun.javafx.geom.RectBounds::getHeight@-1 (line 98)
                      ; - com.sun.javafx.text.PrismTextLayout::layout@1347 (line 1317)
  0x00000195a18a4bc8: 1492 dc06 | e9be ecff 

  0x00000195a18a4bd0: ;   {metadata({method} {0x00000195be7e1520} 'getHeight' '()F' in 'com/sun/javafx/geom/RectBounds')}
  0x00000195a18a4bd0: ff49 ba18 | 157e be95 | 0100 004c | 8954 2408 | 48c7 0424 | ffff ffff 

  0x00000195a18a4be8: ;   {runtime_call C1 Runtime counter_overflow_blob}
  0x00000195a18a4be8: e8f3 91dc 

  0x00000195a18a4bec: ; ImmutableOopMap {rbx=Oop rcx=Oop [176]=Oop [184]=Oop [376]=Oop [384]=Oop }
                      ;*synchronization entry
                      ; - com.sun.javafx.geom.RectBounds::getHeight@-1 (line 98)
                      ; - com.sun.javafx.text.PrismTextLayout::layout@1368 (line 1319)
  0x00000195a18a4bec: 06e9 bded 

  0x00000195a18a4bf0: ;   {metadata({method} {0x00000195bec64650} 'layout' '()V' in 'com/sun/javafx/text/PrismTextLayout')}
  0x00000195a18a4bf0: ffff 49ba | 4846 c6be | 9501 0000 | 4c89 5424 | 0848 c704 | 2467 0500 

  0x00000195a18a4c08: ;   {runtime_call C1 Runtime counter_overflow_blob}
  0x00000195a18a4c08: 00e8 d291 

  0x00000195a18a4c0c: ; ImmutableOopMap {[176]=Oop [184]=Oop }
                      ;*goto {reexecute=1 rethrow=0 return_oop=0}
                      ; - (reexecute) com.sun.javafx.text.PrismTextLayout::layout@1383 (line 1256)
  0x00000195a18a4c0c: dc06 e9ff | edff ff48 | c704 2400 | 0000 0048 | 895c 2408 

  0x00000195a18a4c20: ;   {runtime_call C1 Runtime throw_range_check_failed_blob}
  0x00000195a18a4c20: e8bb 22dc 

  0x00000195a18a4c24: ; ImmutableOopMap {rdx=Oop rbx=Oop [176]=Oop [184]=Oop }
                      ;*aaload {reexecute=0 rethrow=0 return_oop=0}
                      ; - com.sun.javafx.text.PrismTextLayout::layout@1391 (line 1322)
                      ;   {runtime_call C1 Runtime throw_null_pointer_exception_blob}
  0x00000195a18a4c24: 06e8 b62b 

  0x00000195a18a4c28: ; ImmutableOopMap {rdx=Oop rsi=Oop [176]=Oop [184]=Oop }
                      ;*invokevirtual getBounds {reexecute=0 rethrow=0 return_oop=0}
                      ; - com.sun.javafx.text.PrismTextLayout::layout@1392 (line 1322)
                      ;   {runtime_call C1 Runtime throw_null_pointer_exception_blob}
  0x00000195a18a4c28: dc06 e8b1 

  0x00000195a18a4c2c: ; ImmutableOopMap {rdx=Oop rsi=Oop [176]=Oop [184]=Oop }
                      ;*invokevirtual getMinY {reexecute=0 rethrow=0 return_oop=0}
                      ; - com.sun.javafx.text.PrismTextLayout::layout@1395 (line 1322)
                      ;   {runtime_call C1 Runtime throw_null_pointer_exception_blob}
  0x00000195a18a4c2c: 2bdc 06e8 

  0x00000195a18a4c30: ; ImmutableOopMap {rdx=Oop rsi=Oop [176]=Oop [184]=Oop }
                      ;*invokevirtual deriveWithNewBounds {reexecute=0 rethrow=0 return_oop=0}
                      ; - com.sun.javafx.text.PrismTextLayout::layout@1427 (line 1324)
  0x00000195a18a4c30: ac2b dc06 | 8b72 4448 | c1e6 0348 | 83fe 000f | 84dc efff | ff48 8934 

  0x00000195a18a4c48: ;   {runtime_call g1_pre_barrier_slow}
  0x00000195a18a4c48: 24e8 9298 | dc06 e9ce | efff ff48 | 83f8 000f | 84e3 efff | ff48 8914 

  0x00000195a18a4c60: ;   {runtime_call g1_post_barrier_slow}
  0x00000195a18a4c60: 24e8 7a9b | dc06 e9d5 

  0x00000195a18a4c68: ;   {runtime_call C1 Runtime throw_null_pointer_exception_blob}
  0x00000195a18a4c68: efff ffe8 

  0x00000195a18a4c6c: ; ImmutableOopMap {rdx=Oop [176]=Oop [184]=Oop }
                      ;*getfield valid {reexecute=1 rethrow=0 return_oop=0}
                      ; - (reexecute) com.sun.javafx.text.PrismTextLayout::layout@1451 (line 1329)
  0x00000195a18a4c6c: 702b dc06 

  0x00000195a18a4c70: ; implicit exception: dispatches to 0x00000195a18a4dc6
  0x00000195a18a4c70: 8b78 2c48 | c1e7 0348 | 83ff 000f | 84c8 f0ff | ff48 893c 

  0x00000195a18a4c84: ;   {runtime_call g1_pre_barrier_slow}
  0x00000195a18a4c84: 24e8 5698 | dc06 e9ba 

  0x00000195a18a4c8c: ;   {runtime_call C1 Runtime throw_null_pointer_exception_blob}
  0x00000195a18a4c8c: f0ff ffe8 

  0x00000195a18a4c90: ; ImmutableOopMap {rdx=Oop rax=Oop rsi=Oop [176]=Oop [184]=Oop }
                      ;*putfield font {reexecute=1 rethrow=0 return_oop=0}
                      ; - (reexecute) com.sun.javafx.text.PrismTextLayout::layout@1472 (line 1335)
  0x00000195a18a4c90: 4c2b dc06 | 4883 fe00 | 0f84 caf0 | ffff 4889 

  0x00000195a18a4ca0: ;   {runtime_call g1_post_barrier_slow}
  0x00000195a18a4ca0: 0424 e839 | 9bdc 06e9 | bcf0 ffff | 8b78 2848 | c1e7 0348 | 83ff 000f | 84bf f0ff | ff48 893c 
  0x00000195a18a4cc0: ;   {runtime_call g1_pre_barrier_slow}
  0x00000195a18a4cc0: 24e8 1a98 | dc06 e9b1 | f0ff ff48 | 83fe 000f | 84c6 f0ff | ff48 8904 

  0x00000195a18a4cd8: ;   {runtime_call g1_post_barrier_slow}
  0x00000195a18a4cd8: 24e8 029b | dc06 e9b8 | f0ff ff8b | 7830 48c1 | e703 4883 | ff00 0f84 | bbf0 ffff | 4889 3c24 
  0x00000195a18a4cf8: ;   {runtime_call g1_pre_barrier_slow}
  0x00000195a18a4cf8: e8e3 97dc | 06e9 adf0 | ffff 4883 | fe00 0f84 | c2f0 ffff | 4889 0424 

  0x00000195a18a4d10: ;   {runtime_call g1_post_barrier_slow}
  0x00000195a18a4d10: e8cb 9adc | 06e9 b4f0 | ffff 8b78 | 3448 c1e7 | 0348 83ff | 000f 84bd | f0ff ff48 

  0x00000195a18a4d2c: ;   {runtime_call g1_pre_barrier_slow}
  0x00000195a18a4d2c: 893c 24e8 | ac97 dc06 | e9af f0ff | ff48 83fe | 000f 84c4 | f0ff ff48 

  0x00000195a18a4d44: ;   {runtime_call g1_post_barrier_slow}
  0x00000195a18a4d44: 8904 24e8 | 949a dc06 | e9b6 f0ff | ff48 8974 | 2408 4889 

  0x00000195a18a4d58: ;   {runtime_call C1 Runtime monitorenter_blob}
  0x00000195a18a4d58: 3c24 e801 

  0x00000195a18a4d5c: ; ImmutableOopMap {rdx=Oop rsi=Oop [176]=Oop [184]=Oop [488]=Oop }
                      ;*monitorenter {reexecute=0 rethrow=0 return_oop=0}
                      ; - com.sun.javafx.text.PrismTextLayout::layout@1562 (line 1343)
  0x00000195a18a4d5c: 63dc 06e9 | 2df1 ffff 

  0x00000195a18a4d64: ;   {runtime_call C1 Runtime throw_null_pointer_exception_blob}
  0x00000195a18a4d64: e877 2adc 

  0x00000195a18a4d68: ; ImmutableOopMap {rdx=Oop [176]=Oop [488]=Oop }
                      ;*arraylength {reexecute=0 rethrow=0 return_oop=0}
                      ; - com.sun.javafx.text.PrismTextLayout::layout@1564 (line 1344)
  0x00000195a18a4d68: 0648 8d84 | 24e0 0100 | 0048 8904 

  0x00000195a18a4d74: ;   {runtime_call C1 Runtime monitorexit_blob}
  0x00000195a18a4d74: 24e8 6669 | dc06 e967 

  0x00000195a18a4d7c: ;   {runtime_call C1 Runtime throw_null_pointer_exception_blob}
  0x00000195a18a4d7c: f3ff ffe8 

  0x00000195a18a4d80: ; ImmutableOopMap {}
                      ;*putfield valid {reexecute=1 rethrow=0 return_oop=0}
                      ; - (reexecute) com.sun.javafx.text.PrismTextLayout::layout@1632 (line 1353)
  0x00000195a18a4d80: 5c2a dc06 

  0x00000195a18a4d84: ;   {internal_word}
  0x00000195a18a4d84: 49ba 1141 | 8aa1 9501 | 0000 4d89 | 97e0 0400 

  0x00000195a18a4d94: ;   {runtime_call SafepointBlob}
  0x00000195a18a4d94: 00e9 c6d4 

  0x00000195a18a4d98: ;   {internal_word}
  0x00000195a18a4d98: ce06 49ba | 2441 8aa1 | 9501 0000 | 4d89 97e0 

  0x00000195a18a4da8: ;   {runtime_call SafepointBlob}
  0x00000195a18a4da8: 0400 00e9 | b0d4 ce06 | 488d 8424 | e001 0000 | 4889 0424 

  0x00000195a18a4dbc: ;   {runtime_call C1 Runtime monitorexit_blob}
  0x00000195a18a4dbc: e81f 69dc | 06e9 ecf3 

  0x00000195a18a4dc4: ;   {runtime_call C1 Runtime throw_null_pointer_exception_blob}
  0x00000195a18a4dc4: ffff e815 

  0x00000195a18a4dc8: ; ImmutableOopMap {rdx=Oop rax=Oop rsi=Oop [176]=Oop [184]=Oop }
                      ;*putfield font {reexecute=1 rethrow=0 return_oop=0}
                      ; - (reexecute) com.sun.javafx.text.PrismTextLayout::layout@1472 (line 1335)
  0x00000195a18a4dc8: 2adc 0649 | 8b87 8805 | 0000 49c7 | 8788 0500 | 0000 0000 | 0049 c787 | 9005 0000 | 0000 0000 
  0x00000195a18a4de8: 4881 c400 | 0200 005d 

  0x00000195a18a4df0: ;   {runtime_call C1 Runtime unwind_exception_blob}
  0x00000195a18a4df0: e96b 15dc | 06f4 f4f4 
[Stub Code]
  0x00000195a18a4df8: ;   {other}
  0x00000195a18a4df8: 0f1f 4400 

  0x00000195a18a4dfc: ;   {static_stub}
  0x00000195a18a4dfc: 0048 bb00 | 0000 0000 

  0x00000195a18a4e04: ;   {runtime_call nmethod}
  0x00000195a18a4e04: 0000 00e9 | fbff ffff 

  0x00000195a18a4e0c: ;   {static_stub}
  0x00000195a18a4e0c: 9048 bb00 | 0000 0000 

  0x00000195a18a4e14: ;   {runtime_call nmethod}
  0x00000195a18a4e14: 0000 00e9 | fbff ffff 

  0x00000195a18a4e1c: ;   {static_stub}
  0x00000195a18a4e1c: 9048 bb00 | 0000 0000 

  0x00000195a18a4e24: ;   {runtime_call nmethod}
  0x00000195a18a4e24: 0000 00e9 | fbff ffff 

  0x00000195a18a4e2c: ;   {static_stub}
  0x00000195a18a4e2c: 9048 bb00 | 0000 0000 

  0x00000195a18a4e34: ;   {runtime_call nmethod}
  0x00000195a18a4e34: 0000 00e9 | fbff ffff 

  0x00000195a18a4e3c: ;   {static_stub}
  0x00000195a18a4e3c: 9048 bb00 | f904 bf95 

  0x00000195a18a4e44: ;   {runtime_call I2C/C2I adapters}
  0x00000195a18a4e44: 0100 00e9 | 6b07 cc06 

  0x00000195a18a4e4c: ;   {static_stub}
  0x00000195a18a4e4c: 9048 bb00 | 0000 0000 

  0x00000195a18a4e54: ;   {runtime_call nmethod}
  0x00000195a18a4e54: 0000 00e9 | fbff ffff 

  0x00000195a18a4e5c: ;   {static_stub}
  0x00000195a18a4e5c: 9048 bb00 | 0000 0000 

  0x00000195a18a4e64: ;   {runtime_call nmethod}
  0x00000195a18a4e64: 0000 00e9 | fbff ffff 

  0x00000195a18a4e6c: ;   {static_stub}
  0x00000195a18a4e6c: 9048 bb00 | 0000 0000 

  0x00000195a18a4e74: ;   {runtime_call nmethod}
  0x00000195a18a4e74: 0000 00e9 | fbff ffff 

  0x00000195a18a4e7c: ;   {static_stub}
  0x00000195a18a4e7c: 9048 bb00 | 0000 0000 

  0x00000195a18a4e84: ;   {runtime_call nmethod}
  0x00000195a18a4e84: 0000 00e9 | fbff ffff 

  0x00000195a18a4e8c: ;   {static_stub}
  0x00000195a18a4e8c: 9048 bb38 | a604 bf95 

  0x00000195a18a4e94: ;   {runtime_call I2C/C2I adapters}
  0x00000195a18a4e94: 0100 00e9 | 9a28 cf06 

  0x00000195a18a4e9c: ;   {static_stub}
  0x00000195a18a4e9c: 9048 bb00 | 0000 0000 

  0x00000195a18a4ea4: ;   {runtime_call nmethod}
  0x00000195a18a4ea4: 0000 00e9 | fbff ffff 

  0x00000195a18a4eac: ;   {static_stub}
  0x00000195a18a4eac: 9048 bb00 | 0000 0000 

  0x00000195a18a4eb4: ;   {runtime_call nmethod}
  0x00000195a18a4eb4: 0000 00e9 | fbff ffff 

  0x00000195a18a4ebc: ;   {static_stub}
  0x00000195a18a4ebc: 9048 bbf0 | f204 bf95 

  0x00000195a18a4ec4: ;   {runtime_call I2C/C2I adapters}
  0x00000195a18a4ec4: 0100 00e9 | 7026 dd06 

  0x00000195a18a4ecc: ;   {static_stub}
  0x00000195a18a4ecc: 9048 bb00 | 0000 0000 

  0x00000195a18a4ed4: ;   {runtime_call nmethod}
  0x00000195a18a4ed4: 0000 00e9 | fbff ffff 

  0x00000195a18a4edc: ;   {static_stub}
  0x00000195a18a4edc: 9048 bb00 | 0000 0000 

  0x00000195a18a4ee4: ;   {runtime_call nmethod}
  0x00000195a18a4ee4: 0000 00e9 | fbff ffff 

  0x00000195a18a4eec: ;   {static_stub}
  0x00000195a18a4eec: 9048 bb00 | 0000 0000 

  0x00000195a18a4ef4: ;   {runtime_call nmethod}
  0x00000195a18a4ef4: 0000 00e9 | fbff ffff 

  0x00000195a18a4efc: ;   {static_stub}
  0x00000195a18a4efc: 9048 bb00 | 0000 0000 

  0x00000195a18a4f04: ;   {runtime_call nmethod}
  0x00000195a18a4f04: 0000 00e9 | fbff ffff 

  0x00000195a18a4f0c: ;   {static_stub}
  0x00000195a18a4f0c: 48bb 0000 | 0000 0000 

  0x00000195a18a4f14: ;   {runtime_call nmethod}
  0x00000195a18a4f14: 0000 e9fb 

  0x00000195a18a4f18: ;   {static_stub}
  0x00000195a18a4f18: ffff ff48 | bb00 0000 | 0000 0000 

  0x00000195a18a4f24: ;   {runtime_call nmethod}
  0x00000195a18a4f24: 00e9 fbff 

  0x00000195a18a4f28: ;   {static_stub}
  0x00000195a18a4f28: ffff 48bb | 0000 0000 | 0000 0000 

  0x00000195a18a4f34: ;   {runtime_call nmethod}
  0x00000195a18a4f34: e9fb ffff 

  0x00000195a18a4f38: ;   {static_stub}
  0x00000195a18a4f38: ff48 bb00 | 0000 0000 

  0x00000195a18a4f40: ;   {runtime_call nmethod}
  0x00000195a18a4f40: 0000 00e9 | fbff ffff 

  0x00000195a18a4f48: ;   {static_stub}
  0x00000195a18a4f48: 48bb d036 | c6be 9501 

  0x00000195a18a4f50: ;   {runtime_call I2C/C2I adapters}
  0x00000195a18a4f50: 0000 e966 

  0x00000195a18a4f54: ;   {static_stub}
  0x00000195a18a4f54: 7ccc 0648 | bbf0 37c6 | be95 0100 

  0x00000195a18a4f60: ;   {runtime_call I2C/C2I adapters}
  0x00000195a18a4f60: 00e9 502c 

  0x00000195a18a4f64: ;   {static_stub}
  0x00000195a18a4f64: cf06 48bb | 3050 c6be | 9501 0000 

  0x00000195a18a4f70: ;   {runtime_call I2C/C2I adapters}
  0x00000195a18a4f70: e941 2ccf 

  0x00000195a18a4f74: ;   {static_stub}
  0x00000195a18a4f74: 0648 bb08 | 2bc6 be95 

  0x00000195a18a4f7c: ;   {runtime_call I2C/C2I adapters}
  0x00000195a18a4f7c: 0100 00e9 | 2ede ce06 

  0x00000195a18a4f84: ;   {static_stub}
  0x00000195a18a4f84: 48bb 0000 | 0000 0000 

  0x00000195a18a4f8c: ;   {runtime_call nmethod}
  0x00000195a18a4f8c: 0000 e9fb 

  0x00000195a18a4f90: ;   {static_stub}
  0x00000195a18a4f90: ffff ff48 | bb28 39c6 | be95 0100 

  0x00000195a18a4f9c: ;   {runtime_call I2C/C2I adapters}
  0x00000195a18a4f9c: 00e9 10de 

  0x00000195a18a4fa0: ;   {static_stub}
  0x00000195a18a4fa0: ce06 48bb | 183a c6be | 9501 0000 

  0x00000195a18a4fac: ;   {runtime_call I2C/C2I adapters}
  0x00000195a18a4fac: e901 dece 

  0x00000195a18a4fb0: ;   {static_stub}
  0x00000195a18a4fb0: 0648 bb28 | 3dc6 be95 

  0x00000195a18a4fb8: ;   {runtime_call I2C/C2I adapters}
  0x00000195a18a4fb8: 0100 00e9 | f2dd ce06 

  0x00000195a18a4fc0: ;   {static_stub}
  0x00000195a18a4fc0: 48bb 2031 | c6be 9501 

  0x00000195a18a4fc8: ;   {runtime_call I2C/C2I adapters}
  0x00000195a18a4fc8: 0000 e9e7 

  0x00000195a18a4fcc: ;   {static_stub}
  0x00000195a18a4fcc: 2bcf 0648 | bbf8 9e83 | be95 0100 

  0x00000195a18a4fd8: ;   {runtime_call I2C/C2I adapters}
  0x00000195a18a4fd8: 00e9 50e2 

  0x00000195a18a4fdc: ;   {static_stub}
  0x00000195a18a4fdc: ce06 48bb | 0000 0000 | 0000 0000 

  0x00000195a18a4fe8: ;   {runtime_call nmethod}
  0x00000195a18a4fe8: e9fb ffff 

  0x00000195a18a4fec: ;   {static_stub}
  0x00000195a18a4fec: ff48 bb80 | 34c6 be95 

  0x00000195a18a4ff4: ;   {runtime_call I2C/C2I adapters}
  0x00000195a18a4ff4: 0100 00e9 | 42f0 cd06 

  0x00000195a18a4ffc: ;   {static_stub}
  0x00000195a18a4ffc: 9048 bb00 | 0000 0000 

  0x00000195a18a5004: ;   {runtime_call nmethod}
  0x00000195a18a5004: 0000 00e9 | fbff ffff 

  0x00000195a18a500c: ;   {static_stub}
  0x00000195a18a500c: 9048 bb00 | 0000 0000 

  0x00000195a18a5014: ;   {runtime_call nmethod}
  0x00000195a18a5014: 0000 00e9 | fbff ffff 

  0x00000195a18a501c: ;   {static_stub}
  0x00000195a18a501c: 9048 bb00 | 0000 0000 

  0x00000195a18a5024: ;   {runtime_call nmethod}
  0x00000195a18a5024: 0000 00e9 | fbff ffff 
[Exception Handler]
  0x00000195a18a502c: ;   {runtime_call C1 Runtime handle_exception_from_callee_blob}
  0x00000195a18a502c: e82f 4edc 

  0x00000195a18a5030: ;   {external_word}
  0x00000195a18a5030: 0648 b9a0 | 011e 11fc | 7f00 0048 

  0x00000195a18a503c: ;   {runtime_call}
  0x00000195a18a503c: 83e4 f048 | b810 5cd8 | 10fc 7f00 | 00ff d0f4 
[Deopt Handler Code]
  0x00000195a18a504c: ;   {section_word}
  0x00000195a18a504c: 49ba 4c50 | 8aa1 9501 | 0000 4152 

  0x00000195a18a5058: ;   {runtime_call DeoptimizationBlob}
  0x00000195a18a5058: e983 b9ce | 06f4 f4f4 
[/MachCode]


---------------  P R O C E S S  ---------------

Threads class SMR info:
_java_thread_list=0x00000195da983970, length=29, elements={
0x00000195960aa1d0, 0x00000195ba9ad640, 0x00000195ba9adf50, 0x00000195ba9b0960,
0x00000195ba9b19a0, 0x00000195ba9b26c0, 0x00000195ba9bf410, 0x00000195ba9c3450,
0x00000195bd7e14a0, 0x00000195bd8a5da0, 0x00000195bd8f07b0, 0x00000195bda21c70,
0x00000195bdb9ce90, 0x00000195bdb945d0, 0x00000195c205c760, 0x00000195c2b8e180,
0x00000195c2c382d0, 0x00000195c2baba60, 0x00000195c2bbabe0, 0x00000195c2bc7850,
0x00000195c293e4d0, 0x00000195c2d98920, 0x00000195c318fc50, 0x00000195c318c5a0,
0x00000195d4b99cb0, 0x00000195d4f6af00, 0x00000195d5dd7810, 0x00000195d60cb550,
0x00000195d60c8e40
}

Java Threads: ( => current thread )
  0x00000195960aa1d0 JavaThread "main"                              [_thread_blocked, id=6908, stack(0x0000002328300000,0x0000002328400000) (1024K)]
  0x00000195ba9ad640 JavaThread "Reference Handler"          daemon [_thread_blocked, id=13072, stack(0x0000002328b00000,0x0000002328c00000) (1024K)]
  0x00000195ba9adf50 JavaThread "Finalizer"                  daemon [_thread_blocked, id=12732, stack(0x0000002328c00000,0x0000002328d00000) (1024K)]
  0x00000195ba9b0960 JavaThread "Signal Dispatcher"          daemon [_thread_blocked, id=24892, stack(0x0000002328d00000,0x0000002328e00000) (1024K)]
  0x00000195ba9b19a0 JavaThread "Attach Listener"            daemon [_thread_blocked, id=14008, stack(0x0000002328e00000,0x0000002328f00000) (1024K)]
  0x00000195ba9b26c0 JavaThread "Service Thread"             daemon [_thread_blocked, id=16724, stack(0x0000002328f00000,0x0000002329000000) (1024K)]
  0x00000195ba9bf410 JavaThread "Monitor Deflation Thread"   daemon [_thread_blocked, id=11788, stack(0x0000002329000000,0x0000002329100000) (1024K)]
  0x00000195ba9c3450 JavaThread "C2 CompilerThread0"         daemon [_thread_blocked, id=19928, stack(0x0000002329100000,0x0000002329200000) (1024K)]
  0x00000195bd7e14a0 JavaThread "C1 CompilerThread0"         daemon [_thread_blocked, id=9900, stack(0x0000002329200000,0x0000002329300000) (1024K)]
  0x00000195bd8a5da0 JavaThread "C1 CompilerThread1"         daemon [_thread_blocked, id=8316, stack(0x0000002329300000,0x0000002329400000) (1024K)]
  0x00000195bd8f07b0 JavaThread "C1 CompilerThread2"         daemon [_thread_blocked, id=10412, stack(0x0000002329400000,0x0000002329500000) (1024K)]
  0x00000195bda21c70 JavaThread "Common-Cleaner"             daemon [_thread_blocked, id=15320, stack(0x0000002329600000,0x0000002329700000) (1024K)]
  0x00000195bdb9ce90 JavaThread "Monitor Ctrl-Break"         daemon [_thread_in_native, id=19920, stack(0x0000002329700000,0x0000002329800000) (1024K)]
  0x00000195bdb945d0 JavaThread "Notification Thread"        daemon [_thread_blocked, id=7708, stack(0x0000002329800000,0x0000002329900000) (1024K)]
  0x00000195c205c760 JavaThread "JavaFX-Launcher"                   [_thread_blocked, id=15428, stack(0x0000002329900000,0x0000002329a00000) (1024K)]
  0x00000195c2b8e180 JavaThread "RMI TCP Accept-0"           daemon [_thread_in_native, id=15080, stack(0x0000002329e00000,0x0000002329f00000) (1024K)]
  0x00000195c2c382d0 JavaThread "RMI TCP Connection(1)-192.168.1.13" daemon [_thread_in_native, id=15396, stack(0x0000002329f00000,0x000000232a000000) (1024K)]
  0x00000195c2baba60 JavaThread "RMI Scheduler(0)"           daemon [_thread_blocked, id=2296, stack(0x000000232a000000,0x000000232a100000) (1024K)]
  0x00000195c2bbabe0 JavaThread "JMX server connection timeout 41" daemon [_thread_blocked, id=24580, stack(0x000000232a100000,0x000000232a200000) (1024K)]
  0x00000195c2bc7850 JavaThread "QuantumRenderer-0"          daemon [_thread_blocked, id=14640, stack(0x000000232a200000,0x000000232a300000) (1024K)]
  0x00000195c293e4d0 JavaThread "InvokeLaterDispatcher"      daemon [_thread_blocked, id=11092, stack(0x000000232a300000,0x000000232a400000) (1024K)]
=>0x00000195c2d98920 JavaThread "JavaFX Application Thread"         [_thread_in_native, id=8640, stack(0x000000232a400000,0x000000232a500000) (1024K)]
  0x00000195c318fc50 JavaThread "Thread-3"                   daemon [_thread_in_native, id=22948, stack(0x0000002329d00000,0x0000002329e00000) (1024K)]
  0x00000195c318c5a0 JavaThread "JNA Cleaner"                daemon [_thread_blocked, id=8716, stack(0x000000232b400000,0x000000232b500000) (1024K)]
  0x00000195d4b99cb0 JavaThread "Prism Font Disposer"        daemon [_thread_blocked, id=22592, stack(0x000000232c000000,0x000000232c100000) (1024K)]
  0x00000195d4f6af00 JavaThread "ForkJoinPool.commonPool-worker-1" daemon [_thread_blocked, id=4036, stack(0x000000232c100000,0x000000232c200000) (1024K)]
  0x00000195d5dd7810 JavaThread "Cleaner-0"                  daemon [_thread_blocked, id=15936, stack(0x000000232c700000,0x000000232c800000) (1024K)]
  0x00000195d60cb550 JavaThread "Cleaner-1"                  daemon [_thread_blocked, id=8104, stack(0x000000232d000000,0x000000232d100000) (1024K)]
  0x00000195d60c8e40 JavaThread "DefaultSleeper"             daemon [_thread_blocked, id=9864, stack(0x000000232d100000,0x000000232d200000) (1024K)]
Total: 29

Other Threads:
  0x00000195ba994d20 VMThread "VM Thread"                           [id=10224, stack(0x0000002328a00000,0x0000002328b00000) (1024K)]
  0x00000195ba989070 WatcherThread "VM Periodic Task Thread"        [id=24528, stack(0x0000002328900000,0x0000002328a00000) (1024K)]
  0x00000195ba80ea10 WorkerThread "GC Thread#0"                     [id=16280, stack(0x0000002328400000,0x0000002328500000) (1024K)]
  0x00000195c2b20480 WorkerThread "GC Thread#1"                     [id=15968, stack(0x000000232b500000,0x000000232b600000) (1024K)]
  0x00000195c2b20d20 WorkerThread "GC Thread#2"                     [id=19648, stack(0x000000232b600000,0x000000232b700000) (1024K)]
  0x00000195c2b22fa0 WorkerThread "GC Thread#3"                     [id=16572, stack(0x000000232b700000,0x000000232b800000) (1024K)]
  0x00000195c2b20030 WorkerThread "GC Thread#4"                     [id=10272, stack(0x000000232b800000,0x000000232b900000) (1024K)]
  0x00000195c2b21170 WorkerThread "GC Thread#5"                     [id=25180, stack(0x000000232b900000,0x000000232ba00000) (1024K)]
  0x00000195c2b208d0 WorkerThread "GC Thread#6"                     [id=6568, stack(0x000000232ba00000,0x000000232bb00000) (1024K)]
  0x00000195c2b233f0 WorkerThread "GC Thread#7"                     [id=9360, stack(0x000000232bb00000,0x000000232bc00000) (1024K)]
  0x00000195c2b222b0 WorkerThread "GC Thread#8"                     [id=13596, stack(0x000000232bc00000,0x000000232bd00000) (1024K)]
  0x00000195c2b22b50 WorkerThread "GC Thread#9"                     [id=15556, stack(0x000000232bd00000,0x000000232be00000) (1024K)]
  0x00000195d4b8a7c0 WorkerThread "GC Thread#10"                    [id=14236, stack(0x000000232be00000,0x000000232bf00000) (1024K)]
  0x00000195d4b8db80 WorkerThread "GC Thread#11"                    [id=9684, stack(0x000000232bf00000,0x000000232c000000) (1024K)]
  0x00000195d4b8b4b0 WorkerThread "GC Thread#12"                    [id=992, stack(0x0000002329500000,0x0000002329600000) (1024K)]
  0x00000195ba80faa0 ConcurrentGCThread "G1 Main Marker"            [id=17984, stack(0x0000002328500000,0x0000002328600000) (1024K)]
  0x000001959865bf70 WorkerThread "G1 Conc#0"                       [id=15672, stack(0x0000002328600000,0x0000002328700000) (1024K)]
  0x00000195d4b8bd50 WorkerThread "G1 Conc#1"                       [id=12184, stack(0x000000232c500000,0x000000232c600000) (1024K)]
  0x00000195d4b8a370 WorkerThread "G1 Conc#2"                       [id=24072, stack(0x000000232c600000,0x000000232c700000) (1024K)]
  0x00000195ba84f640 ConcurrentGCThread "G1 Refine#0"               [id=5804, stack(0x0000002328700000,0x0000002328800000) (1024K)]
  0x00000195ba850250 ConcurrentGCThread "G1 Service"                [id=24432, stack(0x0000002328800000,0x0000002328900000) (1024K)]
Total: 21

Threads with active compile tasks:
Total: 0

VM state: not at safepoint (normal execution)

VM Mutex/Monitor currently owned by a thread: None

Heap address: 0x000000060b400000, size: 8012 MB, Compressed Oops mode: Zero based, Oop shift amount: 3

CDS archive(s) mapped at: [0x000000000a000000-0x000000000adb0000-0x000000000adb0000), size 14352384, SharedBaseAddress: 0x000000000a000000, ArchiveRelocationMode: 1.
Compressed class space mapped at: 0x000000000b000000-0x000000004b000000, reserved size: 1073741824
UseCompressedClassPointers 1, UseCompactObjectHeaders 0
Narrow klass pointer bits 32, Max shift 3
Narrow klass base: 0x000000000a000000, Narrow klass shift: 0
Encoding Range: [0x000000000a000000 - 0x000000010a000000), (4294967296 bytes)
Klass Range:    [0x000000000a010000 - 0x000000004b000000), (1090453504 bytes)
Klass ID Range:  [65536 - 1090519033) (1090453497)
Protection zone: [0x000000000a000000 - 0x000000000a010000), (65536 bytes)

GC Precious Log:
 CardTable entry size: 512
 Card Set container configuration: InlinePtr #cards 4 size 8 Array Of Cards #cards 32 size 80 Howl #buckets 8 coarsen threshold 7372 Howl Bitmap #cards 1024 size 144 coarsen threshold 921 Card regions per heap region 1 cards per card region 8192
 CPUs: 16 total, 16 available
 Memory: 32042M
 Large Page Support: Disabled
 NUMA Support: Disabled
 Compressed Oops: Enabled (Zero based)
 Heap Region Size: 4M
 Heap Min Capacity: 8M
 Heap Initial Capacity: 504M
 Heap Max Capacity: 8012M
 Pre-touch: Disabled
 Parallel Workers: 13
 Concurrent Workers: 3
 Concurrent Refinement Workers: 13
 Periodic GC: Disabled

Heap:
 garbage-first heap   total reserved 8204288K, committed 90112K, used 51505K [0x000000060b400000, 0x0000000800000000)
  region size 4096K, 2 young (8192K), 1 survivors (4096K)

Heap Regions: E=young(eden), S=young(survivor), O=old, HS=humongous(starts), HC=humongous(continues), CS=collection set, F=free, TAMS=top-at-mark-start, PB=parsable bottom
|   0|0x000000060b400000, 0x000000060b800000, 0x000000060b800000|100%| O|  |TAMS 0x000000060b400000| PB 0x000000060b400000| Untracked |  0
|   1|0x000000060b800000, 0x000000060bc00000, 0x000000060bc00000|100%| O|  |TAMS 0x000000060b800000| PB 0x000000060b800000| Untracked |  0
|   2|0x000000060bc00000, 0x000000060c000000, 0x000000060c000000|100%| O|  |TAMS 0x000000060bc00000| PB 0x000000060bc00000| Untracked |  0
|   3|0x000000060c000000, 0x000000060c400000, 0x000000060c400000|100%| O|  |TAMS 0x000000060c000000| PB 0x000000060c000000| Untracked |  0
|   4|0x000000060c400000, 0x000000060c800000, 0x000000060c800000|100%| O|  |TAMS 0x000000060c400000| PB 0x000000060c400000| Untracked |  0
|   5|0x000000060c800000, 0x000000060c800000, 0x000000060cc00000|  0%| F|  |TAMS 0x000000060c800000| PB 0x000000060c800000| Untracked |  0
|   6|0x000000060cc00000, 0x000000060d000000, 0x000000060d000000|100%| O|  |TAMS 0x000000060cc00000| PB 0x000000060cc00000| Untracked |  0
|   7|0x000000060d000000, 0x000000060d400000, 0x000000060d400000|100%| O|  |TAMS 0x000000060d000000| PB 0x000000060d000000| Untracked |  0
|   8|0x000000060d400000, 0x000000060d800000, 0x000000060d800000|100%| O|  |TAMS 0x000000060d400000| PB 0x000000060d400000| Untracked |  0
|   9|0x000000060d800000, 0x000000060dc00000, 0x000000060dc00000|100%| O|Cm|TAMS 0x000000060d800000| PB 0x000000060d800000| Complete |  0
|  10|0x000000060dc00000, 0x000000060e000000, 0x000000060e000000|100%| O|Cm|TAMS 0x000000060dc00000| PB 0x000000060dc00000| Complete |  0
|  11|0x000000060e000000, 0x000000060e400000, 0x000000060e400000|100%| O|Cm|TAMS 0x000000060e000000| PB 0x000000060e000000| Complete |  0
|  12|0x000000060e400000, 0x000000060e7f5560, 0x000000060e800000| 98%| O|  |TAMS 0x000000060e400000| PB 0x000000060e400000| Untracked |  0
|  13|0x000000060e800000, 0x000000060e800000, 0x000000060ec00000|  0%| F|  |TAMS 0x000000060e800000| PB 0x000000060e800000| Untracked |  0
|  14|0x000000060ec00000, 0x000000060ec00000, 0x000000060f000000|  0%| F|  |TAMS 0x000000060ec00000| PB 0x000000060ec00000| Untracked |  0
|  15|0x000000060f000000, 0x000000060f000000, 0x000000060f400000|  0%| F|  |TAMS 0x000000060f000000| PB 0x000000060f000000| Untracked |  0
|  16|0x000000060f400000, 0x000000060f400000, 0x000000060f800000|  0%| F|  |TAMS 0x000000060f400000| PB 0x000000060f400000| Untracked |  0
| 114|0x0000000627c00000, 0x0000000627e56ec8, 0x0000000628000000| 58%| S|CS|TAMS 0x0000000627c00000| PB 0x0000000627c00000| Complete |  0
| 115|0x0000000628000000, 0x0000000628000000, 0x0000000628400000|  0%| F|  |TAMS 0x0000000628000000| PB 0x0000000628000000| Untracked |  0
| 116|0x0000000628400000, 0x0000000628400000, 0x0000000628800000|  0%| F|  |TAMS 0x0000000628400000| PB 0x0000000628400000| Untracked |  0
| 125|0x000000062a800000, 0x000000062a800000, 0x000000062ac00000|  0%| F|  |TAMS 0x000000062a800000| PB 0x000000062a800000| Untracked |  0
|2002|0x00000007ffc00000, 0x00000007fff09b38, 0x0000000800000000| 75%| E|  |TAMS 0x00000007ffc00000| PB 0x00000007ffc00000| Complete |  0

Card table byte_map: [0x00000195b1a30000,0x00000195b29e0000] _byte_map_base: 0x00000195ae9d6000

Marking Bits: (CMBitMap*) 0x00000195ba80f1a0
 Bits: [0x00000195b29e0000, 0x00000195ba710000)

Polling page: 0x00000195963d0000

Metaspace:
Metaspace        used 48745K, committed 49216K, reserved 1114112K
 class space     used 6811K, committed 7040K, reserved 1048576K

Usage:
  Non-class:     40.95 MB used.
      Class:      6.65 MB used.
       Both:     47.60 MB used.

Virtual space:
  Non-class space:       64.00 MB reserved,      41.19 MB ( 64%) committed,  1 nodes.
      Class space:        1.00 GB reserved,       6.88 MB ( <1%) committed,  1 nodes.
             Both:        1.06 GB reserved,      48.06 MB (  4%) committed. 

Chunk freelists:
   Non-Class:  6.86 MB
       Class:  9.08 MB
        Both:  15.93 MB

MaxMetaspaceSize: unlimited
CompressedClassSpaceSize: 1.00 GB
Initial GC threshold: 21.00 MB
Current GC threshold: 80.00 MB
CDS: on
 - commit_granule_bytes: 65536.
 - commit_granule_words: 8192.
 - virtual_space_node_default_size: 8388608.
 - enlarge_chunks_in_place: 1.
UseCompressedClassPointers 1, UseCompactObjectHeaders 0
Narrow klass pointer bits 32, Max shift 3
Narrow klass base: 0x000000000a000000, Narrow klass shift: 0
Encoding Range: [0x000000000a000000 - 0x000000010a000000), (4294967296 bytes)
Klass Range:    [0x000000000a010000 - 0x000000004b000000), (1090453504 bytes)
Klass ID Range:  [65536 - 1090519033) (1090453497)
Protection zone: [0x000000000a000000 - 0x000000000a010000), (65536 bytes)


Internal statistics:

num_allocs_failed_limit: 6.
num_arena_births: 526.
num_arena_deaths: 0.
num_vsnodes_births: 2.
num_vsnodes_deaths: 0.
num_space_committed: 768.
num_space_uncommitted: 0.
num_chunks_returned_to_freelist: 6.
num_chunks_taken_from_freelist: 1988.
num_chunk_merges: 6.
num_chunk_splits: 1394.
num_chunks_enlarged: 1091.
num_inconsistent_stats: 0.

CodeHeap 'non-profiled nmethods': size=119168Kb used=2841Kb max_used=3158Kb free=116326Kb
 bounds [0x00000195a8c90000, 0x00000195a8fc0000, 0x00000195b00f0000]
CodeHeap 'profiled nmethods': size=119168Kb used=10360Kb max_used=12105Kb free=108807Kb
 bounds [0x00000195a10e0000, 0x00000195a1cc0000, 0x00000195a8540000]
CodeHeap 'non-nmethods': size=7488Kb used=3275Kb max_used=4006Kb free=4212Kb
 bounds [0x00000195a8540000, 0x00000195a8960000, 0x00000195a8c90000]
CodeCache: size=245824Kb, used=16476Kb, max_used=19269Kb, free=229345Kb
 total_blobs=7678, nmethods=6660, adapters=919, full_count=0
Compilation: enabled, stopped_count=0, restarted_count=0

Compilation events (20 events):
Event: 13.073 Thread 0x00000195bd7e14a0 nmethod 7875 0x00000195a1599588 code [0x00000195a1599680, 0x00000195a1599778]
Event: 13.074 Thread 0x00000195bd7e14a0 7877       3       com.sun.javafx.font.CMap$CMapFormat4::<init> (314 bytes)
Event: 13.074 Thread 0x00000195bd7e14a0 nmethod 7877 0x00000195a10fd608 code [0x00000195a10fd700, 0x00000195a10fe820]
Event: 13.074 Thread 0x00000195bd7e14a0 7878       3       com.sun.javafx.font.FallbackResource::getNumSlots (27 bytes)
Event: 13.074 Thread 0x00000195bd8a5da0 nmethod 7876 0x00000195a15b1e88 code [0x00000195a15b1f80, 0x00000195a15b32e0]
Event: 13.074 Thread 0x00000195bd7e14a0 nmethod 7878 0x00000195a15ae408 code [0x00000195a15ae500, 0x00000195a15ae698]
Event: 13.074 Thread 0x00000195bd8a5da0 7879       3       com.sun.javafx.font.PrismCompositeFontResource::getNumSlots (10 bytes)
Event: 13.074 Thread 0x00000195bd7e14a0 7880  s    3       com.sun.javafx.font.FallbackResource::getSlotResource (91 bytes)
Event: 13.074 Thread 0x00000195bd8f07b0 nmethod 7873 0x00000195a1114508 code [0x00000195a1114600, 0x00000195a1115e38]
Event: 13.074 Thread 0x00000195bd8a5da0 nmethod 7879 0x00000195a13fef08 code [0x00000195a13ff000, 0x00000195a13ff210]
Event: 13.075 Thread 0x00000195bd7e14a0 nmethod 7880 0x00000195a1526a88 code [0x00000195a1526b80, 0x00000195a1527388]
Event: 13.075 Thread 0x00000195bd8a5da0 7881       3       com.sun.javafx.text.TextRun::getGlyphCode (46 bytes)
Event: 13.075 Thread 0x00000195bd7e14a0 7882       3       java.lang.System$1::uncheckedGetUTF16Char (6 bytes)
Event: 13.075 Thread 0x00000195bd8f07b0 7883       3       com.sun.javafx.font.CompositeGlyphMapper::getSlotMapper (78 bytes)
Event: 13.075 Thread 0x00000195bd8a5da0 nmethod 7881 0x00000195a1423a88 code [0x00000195a1423b80, 0x00000195a1423dd0]
Event: 13.075 Thread 0x00000195bd8a5da0 7884       3       java.lang.CharacterData00::isIdeographic (19 bytes)
Event: 13.075 Thread 0x00000195bd7e14a0 nmethod 7882 0x00000195a15aed08 code [0x00000195a15aee00, 0x00000195a15aef18]
Event: 13.075 Thread 0x00000195bd7e14a0 7885       3       java.lang.CharacterData00::getPropertiesEx (32 bytes)
Event: 13.075 Thread 0x00000195bd8a5da0 nmethod 7884 0x00000195a143a688 code [0x00000195a143a780, 0x00000195a143a988]
Event: 13.075 Thread 0x00000195bd7e14a0 nmethod 7885 0x00000195a1601488 code [0x00000195a1601580, 0x00000195a1601730]

GC Heap Usage History (20 events):
Event: 3.725 {heap Before GC invocations=4 (full 0):
 garbage-first heap   total reserved 8204288K, committed 77824K, used 43172K [0x000000060b400000, 0x0000000800000000)
  region size 4096K, 11 young (45056K), 5 survivors (20480K)
}
Event: 3.730 {heap After GC invocations=5 (full 0):
 garbage-first heap   total reserved 8204288K, committed 77824K, used 22170K [0x000000060b400000, 0x0000000800000000)
  region size 4096K, 2 young (8192K), 2 survivors (8192K)
}
Event: 3.882 {heap Before GC invocations=5 (full 0):
 garbage-first heap   total reserved 8204288K, committed 77824K, used 46746K [0x000000060b400000, 0x0000000800000000)
  region size 4096K, 9 young (36864K), 2 survivors (8192K)
}
Event: 3.884 {heap After GC invocations=6 (full 0):
 garbage-first heap   total reserved 8204288K, committed 77824K, used 23772K [0x000000060b400000, 0x0000000800000000)
  region size 4096K, 2 young (8192K), 2 survivors (8192K)
}
Event: 3.900 {heap Before GC invocations=6 (full 0):
 garbage-first heap   total reserved 8204288K, committed 77824K, used 23772K [0x000000060b400000, 0x0000000800000000)
  region size 4096K, 3 young (12288K), 2 survivors (8192K)
}
Event: 3.902 {heap After GC invocations=7 (full 0):
 garbage-first heap   total reserved 8204288K, committed 77824K, used 24070K [0x000000060b400000, 0x0000000800000000)
  region size 4096K, 1 young (4096K), 1 survivors (4096K)
}
Event: 4.271 {heap Before GC invocations=8 (full 0):
 garbage-first heap   total reserved 8204288K, committed 77824K, used 52742K [0x000000060b400000, 0x0000000800000000)
  region size 4096K, 9 young (36864K), 1 survivors (4096K)
}
Event: 4.273 {heap After GC invocations=9 (full 0):
 garbage-first heap   total reserved 8204288K, committed 77824K, used 25068K [0x000000060b400000, 0x0000000800000000)
  region size 4096K, 2 young (8192K), 2 survivors (8192K)
}
Event: 6.780 {heap Before GC invocations=9 (full 0):
 garbage-first heap   total reserved 8204288K, committed 77824K, used 53740K [0x000000060b400000, 0x0000000800000000)
  region size 4096K, 10 young (40960K), 2 survivors (8192K)
}
Event: 6.783 {heap After GC invocations=10 (full 0):
 garbage-first heap   total reserved 8204288K, committed 77824K, used 30325K [0x000000060b400000, 0x0000000800000000)
  region size 4096K, 2 young (8192K), 2 survivors (8192K)
}
Event: 9.956 {heap Before GC invocations=10 (full 0):
 garbage-first heap   total reserved 8204288K, committed 77824K, used 58997K [0x000000060b400000, 0x0000000800000000)
  region size 4096K, 9 young (36864K), 2 survivors (8192K)
}
Event: 9.959 {heap After GC invocations=11 (full 0):
 garbage-first heap   total reserved 8204288K, committed 77824K, used 35523K [0x000000060b400000, 0x0000000800000000)
  region size 4096K, 1 young (4096K), 1 survivors (4096K)
}
Event: 12.295 {heap Before GC invocations=11 (full 0):
 garbage-first heap   total reserved 8204288K, committed 77824K, used 64195K [0x000000060b400000, 0x0000000800000000)
  region size 4096K, 8 young (32768K), 1 survivors (4096K)
}
Event: 12.299 {heap After GC invocations=12 (full 0):
 garbage-first heap   total reserved 8204288K, committed 77824K, used 43222K [0x000000060b400000, 0x0000000800000000)
  region size 4096K, 1 young (4096K), 1 survivors (4096K)
}
Event: 12.358 {heap Before GC invocations=12 (full 0):
 garbage-first heap   total reserved 8204288K, committed 77824K, used 63702K [0x000000060b400000, 0x0000000800000000)
  region size 4096K, 6 young (24576K), 1 survivors (4096K)
}
Event: 12.360 {heap After GC invocations=13 (full 0):
 garbage-first heap   total reserved 8204288K, committed 77824K, used 47899K [0x000000060b400000, 0x0000000800000000)
  region size 4096K, 1 young (4096K), 1 survivors (4096K)
}
Event: 12.400 {heap Before GC invocations=14 (full 0):
 garbage-first heap   total reserved 8204288K, committed 81920K, used 64283K [0x000000060b400000, 0x0000000800000000)
  region size 4096K, 5 young (20480K), 1 survivors (4096K)
}
Event: 12.401 {heap After GC invocations=15 (full 0):
 garbage-first heap   total reserved 8204288K, committed 81920K, used 50249K [0x000000060b400000, 0x0000000800000000)
  region size 4096K, 1 young (4096K), 1 survivors (4096K)
}
Event: 13.062 {heap Before GC invocations=15 (full 0):
 garbage-first heap   total reserved 8204288K, committed 81920K, used 66633K [0x000000060b400000, 0x0000000800000000)
  region size 4096K, 5 young (20480K), 1 survivors (4096K)
}
Event: 13.065 {heap After GC invocations=16 (full 0):
 garbage-first heap   total reserved 8204288K, committed 81920K, used 51064K [0x000000060b400000, 0x0000000800000000)
  region size 4096K, 1 young (4096K), 1 survivors (4096K)
}

Metaspace Usage History (20 events):
Event: 3.725 {metaspace Before GC invocations=4 (full 0):
 Metaspace       used 26423K, committed 26816K, reserved 1114112K
  class space    used 4021K, committed 4160K, reserved 1048576K
}
Event: 3.730 {metaspace After GC invocations=5 (full 0):
 Metaspace       used 26423K, committed 26816K, reserved 1114112K
  class space    used 4021K, committed 4160K, reserved 1048576K
}
Event: 3.882 {metaspace Before GC invocations=5 (full 0):
 Metaspace       used 34860K, committed 35328K, reserved 1114112K
  class space    used 4876K, committed 5056K, reserved 1048576K
}
Event: 3.884 {metaspace After GC invocations=6 (full 0):
 Metaspace       used 34860K, committed 35328K, reserved 1114112K
  class space    used 4876K, committed 5056K, reserved 1048576K
}
Event: 3.900 {metaspace Before GC invocations=6 (full 0):
 Metaspace       used 35491K, committed 35968K, reserved 1114112K
  class space    used 4961K, committed 5184K, reserved 1048576K
}
Event: 3.902 {metaspace After GC invocations=7 (full 0):
 Metaspace       used 35491K, committed 35968K, reserved 1114112K
  class space    used 4961K, committed 5184K, reserved 1048576K
}
Event: 4.271 {metaspace Before GC invocations=8 (full 0):
 Metaspace       used 40867K, committed 41344K, reserved 1114112K
  class space    used 5645K, committed 5888K, reserved 1048576K
}
Event: 4.273 {metaspace After GC invocations=9 (full 0):
 Metaspace       used 40867K, committed 41344K, reserved 1114112K
  class space    used 5645K, committed 5888K, reserved 1048576K
}
Event: 6.780 {metaspace Before GC invocations=9 (full 0):
 Metaspace       used 44832K, committed 45312K, reserved 1114112K
  class space    used 6193K, committed 6400K, reserved 1048576K
}
Event: 6.783 {metaspace After GC invocations=10 (full 0):
 Metaspace       used 44832K, committed 45312K, reserved 1114112K
  class space    used 6193K, committed 6400K, reserved 1048576K
}
Event: 9.956 {metaspace Before GC invocations=10 (full 0):
 Metaspace       used 47820K, committed 48256K, reserved 1114112K
  class space    used 6695K, committed 6848K, reserved 1048576K
}
Event: 9.959 {metaspace After GC invocations=11 (full 0):
 Metaspace       used 47820K, committed 48256K, reserved 1114112K
  class space    used 6695K, committed 6848K, reserved 1048576K
}
Event: 12.295 {metaspace Before GC invocations=11 (full 0):
 Metaspace       used 48524K, committed 48960K, reserved 1114112K
  class space    used 6802K, committed 7040K, reserved 1048576K
}
Event: 12.299 {metaspace After GC invocations=12 (full 0):
 Metaspace       used 48524K, committed 48960K, reserved 1114112K
  class space    used 6802K, committed 7040K, reserved 1048576K
}
Event: 12.358 {metaspace Before GC invocations=12 (full 0):
 Metaspace       used 48647K, committed 49152K, reserved 1114112K
  class space    used 6804K, committed 7040K, reserved 1048576K
}
Event: 12.360 {metaspace After GC invocations=13 (full 0):
 Metaspace       used 48647K, committed 49152K, reserved 1114112K
  class space    used 6804K, committed 7040K, reserved 1048576K
}
Event: 12.400 {metaspace Before GC invocations=14 (full 0):
 Metaspace       used 48648K, committed 49152K, reserved 1114112K
  class space    used 6804K, committed 7040K, reserved 1048576K
}
Event: 12.401 {metaspace After GC invocations=15 (full 0):
 Metaspace       used 48648K, committed 49152K, reserved 1114112K
  class space    used 6804K, committed 7040K, reserved 1048576K
}
Event: 13.062 {metaspace Before GC invocations=15 (full 0):
 Metaspace       used 48701K, committed 49216K, reserved 1114112K
  class space    used 6806K, committed 7040K, reserved 1048576K
}
Event: 13.065 {metaspace After GC invocations=16 (full 0):
 Metaspace       used 48701K, committed 49216K, reserved 1114112K
  class space    used 6806K, committed 7040K, reserved 1048576K
}

Dll operation events (20 events):
Event: 0.264 Attempting to load shared library C:\Users\matea\.openjfx\cache\21.0.6+3\amd64\vcruntime140.dll
Event: 0.265 Loaded shared library C:\Users\matea\.openjfx\cache\21.0.6+3\amd64\vcruntime140.dll
Event: 0.269 Attempting to load shared library C:\Users\matea\.openjfx\cache\21.0.6+3\amd64\vcruntime140_1.dll
Event: 0.270 Loaded shared library C:\Users\matea\.openjfx\cache\21.0.6+3\amd64\vcruntime140_1.dll
Event: 0.276 Attempting to load shared library C:\Users\matea\.openjfx\cache\21.0.6+3\amd64\msvcp140.dll
Event: 0.276 Loaded shared library C:\Users\matea\.openjfx\cache\21.0.6+3\amd64\msvcp140.dll
Event: 0.279 Attempting to load shared library C:\Users\matea\.openjfx\cache\21.0.6+3\amd64\msvcp140_1.dll
Event: 0.279 Loaded shared library C:\Users\matea\.openjfx\cache\21.0.6+3\amd64\msvcp140_1.dll
Event: 0.283 Attempting to load shared library C:\Users\matea\.openjfx\cache\21.0.6+3\amd64\msvcp140_2.dll
Event: 0.284 Loaded shared library C:\Users\matea\.openjfx\cache\21.0.6+3\amd64\msvcp140_2.dll
Event: 0.308 Attempting to load shared library C:\Users\matea\.openjfx\cache\21.0.6+3\amd64\prism_d3d.dll
Event: 0.311 Loaded shared library C:\Users\matea\.openjfx\cache\21.0.6+3\amd64\prism_d3d.dll
Event: 0.375 Attempting to load shared library C:\Users\matea\.openjfx\cache\21.0.6+3\amd64\glass.dll
Event: 0.377 Loaded shared library C:\Users\matea\.openjfx\cache\21.0.6+3\amd64\glass.dll
Event: 0.458 Attempting to load shared library C:\Users\matea\.openjfx\cache\21.0.6+3\amd64\javafx_font.dll
Event: 0.458 Loaded shared library C:\Users\matea\.openjfx\cache\21.0.6+3\amd64\javafx_font.dll
Event: 0.484 Attempting to load shared library C:\Users\matea\AppData\Local\Temp\jna-103668220\jna17946980552767055427.dll
Event: 0.525 Loaded shared library C:\Users\matea\AppData\Local\Temp\jna-103668220\jna17946980552767055427.dll
Event: 3.835 Attempting to load shared library C:\Users\matea\.jdks\corretto-25.0.4.1\bin\sunmscapi.dll
Event: 3.836 Loaded shared library C:\Users\matea\.jdks\corretto-25.0.4.1\bin\sunmscapi.dll

Deoptimization events (20 events):
Event: 12.396 Thread 0x00000195d60d0b40 DEOPT PACKING pc=0x00000195a12ef8ca sp=0x0000002329aff1e0
Event: 12.396 Thread 0x00000195d60d0b40 DEOPT UNPACKING pc=0x00000195a85912a2 sp=0x0000002329afe6e8 mode 0
Event: 12.396 Thread 0x00000195d60d0b40 DEOPT PACKING pc=0x00000195a12ef8ca sp=0x0000002329aff1e0
Event: 12.396 Thread 0x00000195d60d0b40 DEOPT UNPACKING pc=0x00000195a85912a2 sp=0x0000002329afe6e8 mode 0
Event: 12.396 Thread 0x00000195d60d0b40 DEOPT PACKING pc=0x00000195a12ef8ca sp=0x0000002329aff1e0
Event: 12.396 Thread 0x00000195d60d0b40 DEOPT UNPACKING pc=0x00000195a85912a2 sp=0x0000002329afe6e8 mode 0
Event: 12.397 Thread 0x00000195d60d0b40 DEOPT PACKING pc=0x00000195a12ef8ca sp=0x0000002329aff1e0
Event: 12.397 Thread 0x00000195d60d0b40 DEOPT UNPACKING pc=0x00000195a85912a2 sp=0x0000002329afe6e8 mode 0
Event: 12.397 Thread 0x00000195d60d0b40 DEOPT PACKING pc=0x00000195a12ef8ca sp=0x0000002329aff1e0
Event: 12.397 Thread 0x00000195d60d0b40 DEOPT UNPACKING pc=0x00000195a85912a2 sp=0x0000002329afe6e8 mode 0
Event: 13.048 Thread 0x00000195d5cfddb0 DEOPT PACKING pc=0x00000195a1c8668d sp=0x0000002329aff130
Event: 13.048 Thread 0x00000195d5cfddb0 DEOPT UNPACKING pc=0x00000195a85912a2 sp=0x0000002329afe640 mode 0
Event: 13.048 Thread 0x00000195d5cfddb0 Uncommon trap: trap_request=0xffffff45 fr.pc=0x00000195a8dc2560 relative=0x00000000000030e0
Event: 13.048 Thread 0x00000195d5cfddb0 Uncommon trap: reason=unstable_if action=reinterpret pc=0x00000195a8dc2560 method=com.bwxor.piejfx.controller.impl.SearchInFilesViewController.searchInFile(Ljava/nio/file/Path;Ljava/lang/String;Ljava/util/List;J)V @ 39 c2
Event: 13.048 Thread 0x00000195d5cfddb0 DEOPT PACKING pc=0x00000195a8dc2560 sp=0x0000002329aff130
Event: 13.048 Thread 0x00000195d5cfddb0 DEOPT UNPACKING pc=0x00000195a8671702 sp=0x0000002329aff148 mode 2
Event: 13.073 Thread 0x00000195c2d98920 Uncommon trap: trap_request=0xffffff45 fr.pc=0x00000195a8f7f94c relative=0x00000000000000cc
Event: 13.073 Thread 0x00000195c2d98920 Uncommon trap: reason=unstable_if action=reinterpret pc=0x00000195a8f7f94c method=com.sun.javafx.text.TextRun.getGlyphCode(I)I @ 21 c2
Event: 13.073 Thread 0x00000195c2d98920 DEOPT PACKING pc=0x00000195a8f7f94c sp=0x000000232a4fcf70
Event: 13.073 Thread 0x00000195c2d98920 DEOPT UNPACKING pc=0x00000195a8671702 sp=0x000000232a4fcf00 mode 2

Classes loaded (20 events):
Event: 12.253 Loading class java/lang/ConditionalSpecialCasing$Entry
Event: 12.253 Loading class java/lang/ConditionalSpecialCasing$Entry done
Event: 12.253 Loading class java/lang/CharacterData0E
Event: 12.253 Loading class java/lang/CharacterData0E done
Event: 12.254 Loading class java/lang/CharacterData03
Event: 12.254 Loading class java/lang/CharacterData03 done
Event: 12.329 Loading class java/lang/CharacterData02
Event: 12.329 Loading class java/lang/CharacterData02 done
Event: 12.329 Loading class java/lang/CharacterDataPrivateUse
Event: 12.329 Loading class java/lang/CharacterDataPrivateUse done
Event: 13.061 Loading class jdk/internal/icu/text/BidiBase$BracketData
Event: 13.061 Loading class jdk/internal/icu/text/BidiBase$BracketData done
Event: 13.061 Loading class jdk/internal/icu/text/BidiBase$Opening
Event: 13.061 Loading class jdk/internal/icu/text/BidiBase$Opening done
Event: 13.061 Loading class jdk/internal/icu/text/BidiBase$IsoRun
Event: 13.061 Loading class jdk/internal/icu/text/BidiBase$IsoRun done
Event: 13.061 Loading class jdk/internal/icu/text/BidiBase$LevState
Event: 13.061 Loading class jdk/internal/icu/text/BidiBase$LevState done
Event: 13.061 Loading class java/util/DualPivotQuicksort$SortOperation
Event: 13.061 Loading class java/util/DualPivotQuicksort$SortOperation done

Classes unloaded (0 events):
No events

Classes redefined (0 events):
No events

Internal exceptions (20 events):
Event: 6.687 Thread 0x00000195c2d98920 Exception <a 'sun/nio/fs/WindowsException'{0x000000060ea19730}> (0x000000060ea19730) 
thrown [s\src\hotspot\share\prims\jni.cpp, line 516]
Event: 6.687 Thread 0x00000195c2d98920 Exception <a 'java/io/FileNotFoundException'{0x000000060ea1af90}> (0x000000060ea1af90) 
thrown [s\src\hotspot\share\prims\jni.cpp, line 516]
Event: 6.688 Thread 0x00000195c2d98920 Exception <a 'sun/nio/fs/WindowsException'{0x000000060ea27bb0}> (0x000000060ea27bb0) 
thrown [s\src\hotspot\share\prims\jni.cpp, line 516]
Event: 6.688 Thread 0x00000195c2d98920 Exception <a 'sun/nio/fs/WindowsException'{0x000000060ea285c8}> (0x000000060ea285c8) 
thrown [s\src\hotspot\share\prims\jni.cpp, line 516]
Event: 6.688 Thread 0x00000195c2d98920 Exception <a 'sun/nio/fs/WindowsException'{0x000000060ea28ec8}> (0x000000060ea28ec8) 
thrown [s\src\hotspot\share\prims\jni.cpp, line 516]
Event: 6.691 Thread 0x00000195c2d98920 Exception <a 'sun/nio/fs/WindowsException'{0x000000060ea9d610}> (0x000000060ea9d610) 
thrown [s\src\hotspot\share\prims\jni.cpp, line 516]
Event: 6.691 Thread 0x00000195c2d98920 Exception <a 'sun/nio/fs/WindowsException'{0x000000060ea9e028}> (0x000000060ea9e028) 
thrown [s\src\hotspot\share\prims\jni.cpp, line 516]
Event: 6.691 Thread 0x00000195c2d98920 Exception <a 'sun/nio/fs/WindowsException'{0x000000060ea9e928}> (0x000000060ea9e928) 
thrown [s\src\hotspot\share\prims\jni.cpp, line 516]
Event: 6.697 Thread 0x00000195c2d98920 Exception <a 'sun/nio/fs/WindowsException'{0x000000060eb25f40}> (0x000000060eb25f40) 
thrown [s\src\hotspot\share\prims\jni.cpp, line 516]
Event: 6.697 Thread 0x00000195c2d98920 Exception <a 'sun/nio/fs/WindowsException'{0x000000060eb26840}> (0x000000060eb26840) 
thrown [s\src\hotspot\share\prims\jni.cpp, line 516]
Event: 6.710 Thread 0x00000195c2d98920 Exception <a 'java/lang/NoSuchMethodError'{0x000000060e455970}: 'void java.lang.invoke.DirectMethodHandle$Holder.invokeStatic(java.lang.Object, int)'> (0x000000060e455970) 
thrown [s\src\hotspot\share\interpreter\linkResolver.cpp, line 804]
Event: 6.710 Thread 0x00000195c2d98920 Exception <a 'java/lang/NoSuchMethodError'{0x000000060e45dbd0}: 'void java.lang.invoke.DirectMethodHandle$Holder.invokeStaticInit(java.lang.Object, int)'> (0x000000060e45dbd0) 
thrown [s\src\hotspot\share\interpreter\linkResolver.cpp, line 804]
Event: 6.717 Thread 0x00000195c2d98920 Implicit null exception at 0x00000195a8e997e7 to 0x00000195a8e99b44
Event: 6.850 Thread 0x00000195c2d98920 Exception <a 'java/lang/NoSuchMethodError'{0x000000062870d5d0}: 'void java.lang.invoke.DirectMethodHandle$Holder.invokeSpecial(java.lang.Object, java.lang.Object, int, int)'> (0x000000062870d5d0) 
thrown [s\src\hotspot\share\interpreter\linkResolver.cpp, line 804]
Event: 6.851 Thread 0x00000195c2d98920 Exception <a 'java/lang/NoSuchMethodError'{0x000000062871cb78}: 'java.lang.Object java.lang.invoke.DirectMethodHandle$Holder.newInvokeSpecial(java.lang.Object, java.lang.Object, int, int)'> (0x000000062871cb78) 
thrown [s\src\hotspot\share\interpreter\linkResolver.cpp, line 804]
Event: 6.851 Thread 0x00000195c2d98920 Exception <a 'java/lang/NoSuchMethodError'{0x0000000628725680}: 'java.lang.Object java.lang.invoke.Invokers$Holder.linkToTargetMethod(java.lang.Object, int, int, java.lang.Object)'> (0x0000000628725680) 
thrown [s\src\hotspot\share\interpreter\linkResolver.cpp, line 804]
Event: 12.241 Thread 0x00000195c2d98920 Exception <a 'java/lang/NoSuchMethodError'{0x000000062abda378}: 'java.lang.Object java.lang.invoke.DirectMethodHandle$Holder.newInvokeSpecial(java.lang.Object, java.lang.Object, java.lang.Object, long)'> (0x000000062abda378) 
thrown [s\src\hotspot\share\interpreter\linkResolver.cpp, line 804]
Event: 12.247 Thread 0x00000195d60d0b40 Exception <a 'java/lang/NoSuchMethodError'{0x000000062844a9b8}: 'java.lang.Object java.lang.invoke.DirectMethodHandle$Holder.newInvokeSpecial(java.lang.Object, java.lang.Object, long, java.lang.Object)'> (0x000000062844a9b8) 
thrown [s\src\hotspot\share\interpreter\linkResolver.cpp, line 804]
Event: 12.247 Thread 0x00000195d60d0b40 Exception <a 'java/lang/NoSuchMethodError'{0x000000062845ae70}: 'java.lang.Object java.lang.invoke.Invokers$Holder.linkToTargetMethod(java.lang.Object, long, java.lang.Object, java.lang.Object)'> (0x000000062845ae70) 
thrown [s\src\hotspot\share\interpreter\linkResolver.cpp, line 804]
Event: 13.062 Thread 0x00000195c2d98920 Exception <a 'java/lang/NoSuchMethodError'{0x00000006282f5dd8}: 'void java.lang.invoke.DirectMethodHandle$Holder.invokeStatic(java.lang.Object, java.lang.Object, int, int)'> (0x00000006282f5dd8) 
thrown [s\src\hotspot\share\interpreter\linkResolver.cpp, line 804]

VM Operations (20 events):
Event: 6.713 Executing non-safepoint VM operation: HandshakeAllThreads (Deoptimize)
Event: 6.713 Executing non-safepoint VM operation: HandshakeAllThreads (Deoptimize) done
Event: 6.780 Executing safepoint VM operation: G1CollectForAllocation (G1 Evacuation Pause)
Event: 6.783 Executing safepoint VM operation: G1CollectForAllocation (G1 Evacuation Pause) done
Event: 9.956 Executing safepoint VM operation: G1CollectForAllocation (G1 Evacuation Pause)
Event: 9.959 Executing safepoint VM operation: G1CollectForAllocation (G1 Evacuation Pause) done
Event: 9.996 Executing non-safepoint VM operation: HandshakeAllThreads (Deoptimize)
Event: 9.996 Executing non-safepoint VM operation: HandshakeAllThreads (Deoptimize) done
Event: 12.295 Executing safepoint VM operation: G1CollectForAllocation (G1 Evacuation Pause)
Event: 12.299 Executing safepoint VM operation: G1CollectForAllocation (G1 Evacuation Pause) done
Event: 12.358 Executing safepoint VM operation: G1CollectForAllocation (G1 Evacuation Pause)
Event: 12.360 Executing safepoint VM operation: G1CollectForAllocation (G1 Evacuation Pause) done
Event: 12.373 Executing safepoint VM operation: G1PauseRemark
Event: 12.376 Executing safepoint VM operation: G1PauseRemark done
Event: 12.380 Executing safepoint VM operation: G1PauseCleanup
Event: 12.380 Executing safepoint VM operation: G1PauseCleanup done
Event: 12.400 Executing safepoint VM operation: G1CollectForAllocation (G1 Evacuation Pause)
Event: 12.401 Executing safepoint VM operation: G1CollectForAllocation (G1 Evacuation Pause) done
Event: 13.062 Executing safepoint VM operation: G1CollectForAllocation (G1 Evacuation Pause)
Event: 13.065 Executing safepoint VM operation: G1CollectForAllocation (G1 Evacuation Pause) done

Memory protections (0 events):
No events

Nmethod flushes (20 events):
Event: 12.375 Thread 0x00000195ba994d20 flushing  nmethod 0x00000195a1528688
Event: 12.375 Thread 0x00000195ba994d20 flushing  nmethod 0x00000195a1528d08
Event: 12.375 Thread 0x00000195ba994d20 flushing  nmethod 0x00000195a152a808
Event: 12.375 Thread 0x00000195ba994d20 flushing  nmethod 0x00000195a1549288
Event: 12.375 Thread 0x00000195ba994d20 flushing  nmethod 0x00000195a154b308
Event: 12.375 Thread 0x00000195ba994d20 flushing  nmethod 0x00000195a155be08
Event: 12.375 Thread 0x00000195ba994d20 flushing  nmethod 0x00000195a1573b88
Event: 12.375 Thread 0x00000195ba994d20 flushing  nmethod 0x00000195a158b808
Event: 12.375 Thread 0x00000195ba994d20 flushing osr nmethod 0x00000195a15aa608
Event: 12.375 Thread 0x00000195ba994d20 flushing  nmethod 0x00000195a15ae408
Event: 12.375 Thread 0x00000195ba994d20 flushing  nmethod 0x00000195a15aed08
Event: 12.375 Thread 0x00000195ba994d20 flushing  nmethod 0x00000195a15af308
Event: 12.375 Thread 0x00000195ba994d20 flushing  nmethod 0x00000195a1601a88
Event: 12.375 Thread 0x00000195ba994d20 flushing  nmethod 0x00000195a1604208
Event: 12.375 Thread 0x00000195ba994d20 flushing  nmethod 0x00000195a1792308
Event: 12.375 Thread 0x00000195ba994d20 flushing  nmethod 0x00000195a1792608
Event: 12.375 Thread 0x00000195ba994d20 flushing  nmethod 0x00000195a1792988
Event: 12.375 Thread 0x00000195ba994d20 flushing  nmethod 0x00000195a1794688
Event: 12.375 Thread 0x00000195ba994d20 flushing  nmethod 0x00000195a1795088
Event: 12.375 Thread 0x00000195ba994d20 flushing  nmethod 0x00000195a1799988

Events (20 events):
Event: 9.045 Thread 0x00000195bd8f07b0 Thread added: 0x00000195d4b49fc0
Event: 9.192 Thread 0x00000195d4b49fc0 Thread exited: 0x00000195d4b49fc0
Event: 9.942 Thread 0x00000195d4b45730 Thread added: 0x00000195d4b49fc0
Event: 9.942 Thread 0x00000195d4b45730 Thread added: 0x00000195d4b4a7d0
Event: 10.125 Thread 0x00000195d4b4a7d0 Thread exited: 0x00000195d4b4a7d0
Event: 10.212 Thread 0x00000195d4b49fc0 Thread exited: 0x00000195d4b49fc0
Event: 12.242 Thread 0x00000195c2d98920 Thread added: 0x00000195d60d0b40
Event: 12.249 Thread 0x00000195d4b45730 Thread added: 0x00000195d4b4d830
Event: 12.249 Thread 0x00000195d4b45730 Thread added: 0x00000195d4b4b7f0
Event: 12.254 Thread 0x00000195ba9c3450 Thread added: 0x00000195d4b4e040
Event: 12.279 Thread 0x00000195bd8f07b0 Thread added: 0x00000195d4b46f60
Event: 12.281 Thread 0x00000195d4b4e040 Thread added: 0x00000195d4b4e850
Event: 12.409 Thread 0x00000195d60d0b40 Thread exited: 0x00000195d60d0b40
Event: 12.837 Thread 0x00000195d4b4e850 Thread exited: 0x00000195d4b4e850
Event: 12.837 Thread 0x00000195d4b46f60 Thread exited: 0x00000195d4b46f60
Event: 12.837 Thread 0x00000195d4b4e040 Thread exited: 0x00000195d4b4e040
Event: 12.838 Thread 0x00000195d4b4d830 Thread exited: 0x00000195d4b4d830
Event: 12.838 Thread 0x00000195d4b4b7f0 Thread exited: 0x00000195d4b4b7f0
Event: 12.947 Thread 0x00000195d4b45730 Thread exited: 0x00000195d4b45730
Event: 13.043 Thread 0x00000195c2d98920 Thread added: 0x00000195d5cfddb0


Dynamic libraries:
0x00007ff68c230000 - 0x00007ff68c23e000 	C:\Users\matea\.jdks\corretto-25.0.4.1\bin\java.exe
0x00007ffc92980000 - 0x00007ffc92be7000 	C:\WINDOWS\SYSTEM32\ntdll.dll
0x00007ffc91760000 - 0x00007ffc9182a000 	C:\WINDOWS\System32\KERNEL32.DLL
0x00007ffc8ff10000 - 0x00007ffc90310000 	C:\WINDOWS\System32\KERNELBASE.dll
0x00007ffc8fdb0000 - 0x00007ffc8fefc000 	C:\WINDOWS\System32\ucrtbase.dll
0x00007ffc8c4c0000 - 0x00007ffc8c4d7000 	C:\Users\matea\.jdks\corretto-25.0.4.1\bin\jli.dll
0x00007ffc853e0000 - 0x00007ffc853fe000 	C:\Users\matea\.jdks\corretto-25.0.4.1\bin\VCRUNTIME140.dll
0x00007ffc908a0000 - 0x00007ffc90a7d000 	C:\WINDOWS\System32\USER32.dll
0x00007ffc90490000 - 0x00007ffc904b7000 	C:\WINDOWS\System32\win32u.dll
0x00007ffc91c60000 - 0x00007ffc91c8b000 	C:\WINDOWS\System32\GDI32.dll
0x00007ffc90580000 - 0x00007ffc906a7000 	C:\WINDOWS\System32\gdi32full.dll
0x00007ffc84cd0000 - 0x00007ffc84f60000 	C:\WINDOWS\WinSxS\amd64_microsoft.windows.common-controls_6595b64144ccf1df_6.0.26100.9596_none_3e0f4960e32e3260\COMCTL32.dll
0x00007ffc90320000 - 0x00007ffc903c3000 	C:\WINDOWS\System32\msvcp_win.dll
0x00007ffc91910000 - 0x00007ffc919b9000 	C:\WINDOWS\System32\msvcrt.dll
0x00007ffc91c90000 - 0x00007ffc91cc1000 	C:\WINDOWS\System32\IMM32.DLL
0x00007ffc84730000 - 0x00007ffc8473c000 	C:\Users\matea\.jdks\corretto-25.0.4.1\bin\vcruntime140_1.dll
0x00007ffc6b470000 - 0x00007ffc6b4f9000 	C:\Users\matea\.jdks\corretto-25.0.4.1\bin\msvcp140.dll
0x00007ffc10690000 - 0x00007ffc115c7000 	C:\Users\matea\.jdks\corretto-25.0.4.1\bin\server\jvm.dll
0x00007ffc91830000 - 0x00007ffc918eb000 	C:\WINDOWS\System32\ADVAPI32.dll
0x00007ffc90e80000 - 0x00007ffc90f28000 	C:\WINDOWS\System32\sechost.dll
0x00007ffc91d60000 - 0x00007ffc91e78000 	C:\WINDOWS\System32\RPCRT4.dll
0x00007ffc90f30000 - 0x00007ffc90fb0000 	C:\WINDOWS\System32\WS2_32.dll
0x00007ffc8bf70000 - 0x00007ffc8bfa6000 	C:\WINDOWS\SYSTEM32\WINMM.dll
0x00007ffc8f9e0000 - 0x00007ffc8fa3e000 	C:\WINDOWS\SYSTEM32\POWRPROF.dll
0x00007ffc8b7c0000 - 0x00007ffc8b7cb000 	C:\WINDOWS\SYSTEM32\VERSION.dll
0x00007ffc8f9c0000 - 0x00007ffc8f9d5000 	C:\WINDOWS\SYSTEM32\UMPDC.dll
0x00007ffc8e310000 - 0x00007ffc8e32b000 	C:\WINDOWS\SYSTEM32\kernel.appcore.dll
0x00007ffc84720000 - 0x00007ffc8472a000 	C:\Users\matea\.jdks\corretto-25.0.4.1\bin\jimage.dll
0x00007ffc8cab0000 - 0x00007ffc8ccfc000 	C:\WINDOWS\SYSTEM32\DBGHELP.DLL
0x00007ffc925b0000 - 0x00007ffc9293a000 	C:\WINDOWS\System32\combase.dll
0x00007ffc91f70000 - 0x00007ffc92049000 	C:\WINDOWS\System32\OLEAUT32.dll
0x00007ffc8bf30000 - 0x00007ffc8bf6b000 	C:\WINDOWS\SYSTEM32\dbgcore.DLL
0x00007ffc903d0000 - 0x00007ffc9047c000 	C:\WINDOWS\System32\bcryptPrimitives.dll
0x00007ffc84600000 - 0x00007ffc84610000 	C:\Users\matea\.jdks\corretto-25.0.4.1\bin\instrument.dll
0x00007ffc84680000 - 0x00007ffc8469f000 	C:\Users\matea\.jdks\corretto-25.0.4.1\bin\java.dll
0x00007ffc919c0000 - 0x00007ffc91b59000 	C:\WINDOWS\System32\ole32.dll
0x00007ffc90fc0000 - 0x00007ffc91758000 	C:\WINDOWS\System32\SHELL32.dll
0x00007ffc8d090000 - 0x00007ffc8d93e000 	C:\WINDOWS\SYSTEM32\windows.storage.dll
0x00007ffc91b60000 - 0x00007ffc91c5b000 	C:\WINDOWS\System32\SHCORE.dll
0x00007ffc90c20000 - 0x00007ffc90c86000 	C:\WINDOWS\System32\shlwapi.dll
0x00007ffc8faa0000 - 0x00007ffc8fac9000 	C:\WINDOWS\SYSTEM32\profapi.dll
0x00007ffc82190000 - 0x00007ffc821a6000 	C:\Users\matea\.jdks\corretto-25.0.4.1\bin\zip.dll
0x00007ffc845e0000 - 0x00007ffc845f2000 	C:\Users\matea\.jdks\corretto-25.0.4.1\bin\net.dll
0x00007ffc8e8a0000 - 0x00007ffc8e90b000 	C:\WINDOWS\system32\mswsock.dll
0x00007ffc82380000 - 0x00007ffc82396000 	C:\Users\matea\.jdks\corretto-25.0.4.1\bin\nio.dll
0x00007ffc833f0000 - 0x00007ffc833f9000 	C:\Users\matea\.jdks\corretto-25.0.4.1\bin\extnet.dll
0x00007ffc8dbd0000 - 0x00007ffc8dd1c000 	C:\WINDOWS\SYSTEM32\DNSAPI.dll
0x00007ffc8e6a0000 - 0x00007ffc8e6ad000 	C:\WINDOWS\SYSTEM32\DSPARSE.dll
0x00007ffc8de20000 - 0x00007ffc8de53000 	C:\WINDOWS\SYSTEM32\IPHLPAPI.DLL
0x00007ffc924e0000 - 0x00007ffc924ea000 	C:\WINDOWS\System32\NSI.dll
0x00007ffc81230000 - 0x00007ffc8123b000 	C:\Windows\System32\rasadhlp.dll
0x00007ffc81e50000 - 0x00007ffc81ed6000 	C:\WINDOWS\System32\fwpuclnt.dll
0x00007ffc83380000 - 0x00007ffc8338a000 	C:\Users\matea\.jdks\corretto-25.0.4.1\bin\management.dll
0x00007ffc81c70000 - 0x00007ffc81c7c000 	C:\Users\matea\.jdks\corretto-25.0.4.1\bin\management_ext.dll
0x00007ffc925a0000 - 0x00007ffc925a8000 	C:\WINDOWS\System32\PSAPI.DLL
0x0000019596410000 - 0x0000019596413000 	C:\Users\matea\.openjfx\cache\21.0.6+3\amd64\api-ms-win-core-console-l1-1-0.dll
0x0000019596420000 - 0x0000019596423000 	C:\Users\matea\.openjfx\cache\21.0.6+3\amd64\api-ms-win-core-console-l1-2-0.dll
0x0000019596430000 - 0x0000019596433000 	C:\Users\matea\.openjfx\cache\21.0.6+3\amd64\api-ms-win-core-datetime-l1-1-0.dll
0x0000019596440000 - 0x0000019596443000 	C:\Users\matea\.openjfx\cache\21.0.6+3\amd64\api-ms-win-core-debug-l1-1-0.dll
0x0000019596450000 - 0x0000019596453000 	C:\Users\matea\.openjfx\cache\21.0.6+3\amd64\api-ms-win-core-errorhandling-l1-1-0.dll
0x0000019596460000 - 0x0000019596464000 	C:\Users\matea\.openjfx\cache\21.0.6+3\amd64\api-ms-win-core-file-l1-1-0.dll
0x0000019596480000 - 0x0000019596483000 	C:\Users\matea\.openjfx\cache\21.0.6+3\amd64\api-ms-win-core-file-l1-2-0.dll
0x0000019596490000 - 0x0000019596493000 	C:\Users\matea\.openjfx\cache\21.0.6+3\amd64\api-ms-win-core-file-l2-1-0.dll
0x00000195964a0000 - 0x00000195964a3000 	C:\Users\matea\.openjfx\cache\21.0.6+3\amd64\api-ms-win-core-handle-l1-1-0.dll
0x00000195964b0000 - 0x00000195964b3000 	C:\Users\matea\.openjfx\cache\21.0.6+3\amd64\api-ms-win-core-heap-l1-1-0.dll
0x00000195964c0000 - 0x00000195964c3000 	C:\Users\matea\.openjfx\cache\21.0.6+3\amd64\api-ms-win-core-interlocked-l1-1-0.dll
0x0000019598520000 - 0x0000019598523000 	C:\Users\matea\.openjfx\cache\21.0.6+3\amd64\api-ms-win-core-libraryloader-l1-1-0.dll
0x0000019598530000 - 0x0000019598533000 	C:\Users\matea\.openjfx\cache\21.0.6+3\amd64\api-ms-win-core-localization-l1-2-0.dll
0x0000019598540000 - 0x0000019598543000 	C:\Users\matea\.openjfx\cache\21.0.6+3\amd64\api-ms-win-core-memory-l1-1-0.dll
0x0000019598550000 - 0x0000019598553000 	C:\Users\matea\.openjfx\cache\21.0.6+3\amd64\api-ms-win-core-namedpipe-l1-1-0.dll
0x0000019598560000 - 0x0000019598563000 	C:\Users\matea\.openjfx\cache\21.0.6+3\amd64\api-ms-win-core-processenvironment-l1-1-0.dll
0x0000019598570000 - 0x0000019598573000 	C:\Users\matea\.openjfx\cache\21.0.6+3\amd64\api-ms-win-core-processthreads-l1-1-0.dll
0x0000019598580000 - 0x0000019598583000 	C:\Users\matea\.openjfx\cache\21.0.6+3\amd64\api-ms-win-core-processthreads-l1-1-1.dll
0x00000195bdcd0000 - 0x00000195bdcd3000 	C:\Users\matea\.openjfx\cache\21.0.6+3\amd64\api-ms-win-core-profile-l1-1-0.dll
0x00000195bdce0000 - 0x00000195bdce3000 	C:\Users\matea\.openjfx\cache\21.0.6+3\amd64\api-ms-win-core-rtlsupport-l1-1-0.dll
0x00000195bdcf0000 - 0x00000195bdcf3000 	C:\Users\matea\.openjfx\cache\21.0.6+3\amd64\api-ms-win-core-string-l1-1-0.dll
0x00000195bdd00000 - 0x00000195bdd03000 	C:\Users\matea\.openjfx\cache\21.0.6+3\amd64\api-ms-win-core-synch-l1-1-0.dll
0x00000195bdd10000 - 0x00000195bdd13000 	C:\Users\matea\.openjfx\cache\21.0.6+3\amd64\api-ms-win-core-synch-l1-2-0.dll
0x00000195bdd20000 - 0x00000195bdd23000 	C:\Users\matea\.openjfx\cache\21.0.6+3\amd64\api-ms-win-core-sysinfo-l1-1-0.dll
0x00000195bdd30000 - 0x00000195bdd33000 	C:\Users\matea\.openjfx\cache\21.0.6+3\amd64\api-ms-win-core-timezone-l1-1-0.dll
0x00000195bdd40000 - 0x00000195bdd43000 	C:\Users\matea\.openjfx\cache\21.0.6+3\amd64\api-ms-win-core-util-l1-1-0.dll
0x00000195bdd50000 - 0x00000195bdd53000 	C:\Users\matea\.openjfx\cache\21.0.6+3\amd64\api-ms-win-crt-conio-l1-1-0.dll
0x00000195bdd60000 - 0x00000195bdd64000 	C:\Users\matea\.openjfx\cache\21.0.6+3\amd64\api-ms-win-crt-convert-l1-1-0.dll
0x00000195bdd70000 - 0x00000195bdd73000 	C:\Users\matea\.openjfx\cache\21.0.6+3\amd64\api-ms-win-crt-environment-l1-1-0.dll
0x00000195bdd80000 - 0x00000195bdd83000 	C:\Users\matea\.openjfx\cache\21.0.6+3\amd64\api-ms-win-crt-filesystem-l1-1-0.dll
0x00000195bdd90000 - 0x00000195bdd93000 	C:\Users\matea\.openjfx\cache\21.0.6+3\amd64\api-ms-win-crt-heap-l1-1-0.dll
0x00000195bdda0000 - 0x00000195bdda3000 	C:\Users\matea\.openjfx\cache\21.0.6+3\amd64\api-ms-win-crt-locale-l1-1-0.dll
0x00000195bddb0000 - 0x00000195bddb5000 	C:\Users\matea\.openjfx\cache\21.0.6+3\amd64\api-ms-win-crt-math-l1-1-0.dll
0x00000195bddc0000 - 0x00000195bddc5000 	C:\Users\matea\.openjfx\cache\21.0.6+3\amd64\api-ms-win-crt-multibyte-l1-1-0.dll
0x00000195bddd0000 - 0x00000195bdde0000 	C:\Users\matea\.openjfx\cache\21.0.6+3\amd64\api-ms-win-crt-private-l1-1-0.dll
0x00000195bdde0000 - 0x00000195bdde3000 	C:\Users\matea\.openjfx\cache\21.0.6+3\amd64\api-ms-win-crt-process-l1-1-0.dll
0x00000195bddf0000 - 0x00000195bddf4000 	C:\Users\matea\.openjfx\cache\21.0.6+3\amd64\api-ms-win-crt-runtime-l1-1-0.dll
0x00007ffc8eca0000 - 0x00007ffc8ecbb000 	C:\WINDOWS\SYSTEM32\CRYPTSP.dll
0x00007ffc8e270000 - 0x00007ffc8e2a9000 	C:\WINDOWS\system32\rsaenh.dll
0x00000195bde00000 - 0x00000195bde04000 	C:\Users\matea\.openjfx\cache\21.0.6+3\amd64\api-ms-win-crt-stdio-l1-1-0.dll
0x00007ffc8e940000 - 0x00007ffc8e974000 	C:\WINDOWS\SYSTEM32\USERENV.dll
0x00007ffc8fa70000 - 0x00007ffc8fa9a000 	C:\WINDOWS\SYSTEM32\bcrypt.dll
0x00000195bde10000 - 0x00000195bde14000 	C:\Users\matea\.openjfx\cache\21.0.6+3\amd64\api-ms-win-crt-string-l1-1-0.dll
0x00007ffc8ec70000 - 0x00007ffc8ec7c000 	C:\WINDOWS\SYSTEM32\CRYPTBASE.dll
0x00000195bde20000 - 0x00000195bde23000 	C:\Users\matea\.openjfx\cache\21.0.6+3\amd64\api-ms-win-crt-time-l1-1-0.dll
0x00000195bde30000 - 0x00000195bde33000 	C:\Users\matea\.openjfx\cache\21.0.6+3\amd64\api-ms-win-crt-utility-l1-1-0.dll
0x00007ffc64760000 - 0x00007ffc6485c000 	C:\Users\matea\.openjfx\cache\21.0.6+3\amd64\ucrtbase.dll
0x00007ffc8f420000 - 0x00007ffc8f438000 	C:\WINDOWS\system32\napinsp.dll
0x00007ffc8f250000 - 0x00007ffc8f263000 	C:\WINDOWS\System32\winrnr.dll
0x00007ffc8b920000 - 0x00007ffc8b947000 	C:\WINDOWS\system32\nlansp_c.dll
0x00007ffc821d0000 - 0x00007ffc821e6000 	C:\WINDOWS\system32\wshbth.dll
0x00007ffc81ab0000 - 0x00007ffc81acb000 	C:\Users\matea\.openjfx\cache\21.0.6+3\amd64\vcruntime140.dll
0x00007ffc80030000 - 0x00007ffc8003c000 	C:\Users\matea\.openjfx\cache\21.0.6+3\amd64\vcruntime140_1.dll
0x00007ffc6b3e0000 - 0x00007ffc6b46e000 	C:\Users\matea\.openjfx\cache\21.0.6+3\amd64\msvcp140.dll
0x00007ffc7fd80000 - 0x00007ffc7fd89000 	C:\Users\matea\.openjfx\cache\21.0.6+3\amd64\msvcp140_1.dll
0x00007ffc6f720000 - 0x00007ffc6f761000 	C:\Users\matea\.openjfx\cache\21.0.6+3\amd64\msvcp140_2.dll
0x00007ffc7d650000 - 0x00007ffc7d680000 	C:\Users\matea\.openjfx\cache\21.0.6+3\amd64\prism_d3d.dll
0x00007ffc62090000 - 0x00007ffc62242000 	C:\WINDOWS\system32\d3d9.dll
0x00007ffc8c820000 - 0x00007ffc8c84e000 	C:\WINDOWS\SYSTEM32\dwmapi.dll
0x00007ffc8c660000 - 0x00007ffc8c6aa000 	C:\WINDOWS\SYSTEM32\dxcore.dll
0x00007ffc8fc20000 - 0x00007ffc8fd9e000 	C:\WINDOWS\System32\CRYPT32.dll
0x00007ffc8c580000 - 0x00007ffc8c62a000 	C:\WINDOWS\system32\uxtheme.dll
0x00007ffc7d140000 - 0x00007ffc7d15f000 	C:\WINDOWS\System32\DriverStore\FileRepository\u0203304.inf_amd64_a6e5a337568ce3f0\B026373\atidx9loader64.dll
0x00007ffbe1fe0000 - 0x00007ffbe46c5000 	C:\WINDOWS\System32\DriverStore\FileRepository\u0203304.inf_amd64_a6e5a337568ce3f0\B026373\AMDXN64.DLL
0x00007ffc92050000 - 0x00007ffc924d7000 	C:\WINDOWS\System32\SETUPAPI.dll
0x00007ffc8c6b0000 - 0x00007ffc8c7ec000 	C:\WINDOWS\SYSTEM32\dxgi.dll
0x00007ffc83c80000 - 0x00007ffc83cd8000 	C:\WINDOWS\SYSTEM32\pdh.dll
0x00007ffc867b0000 - 0x00007ffc867ee000 	C:\WINDOWS\System32\DriverStore\FileRepository\u0203304.inf_amd64_a6e5a337568ce3f0\B026373\amdihk64.dll
0x00007ffc8b7d0000 - 0x00007ffc8b82e000 	C:\WINDOWS\SYSTEM32\directxdatabasehelper.dll
0x00007ffc8f6e0000 - 0x00007ffc8f732000 	C:\WINDOWS\SYSTEM32\cfgmgr32.dll
0x00007ffc667c0000 - 0x00007ffc66802000 	C:\Users\matea\.openjfx\cache\21.0.6+3\amd64\glass.dll
0x00007ffc90b20000 - 0x00007ffc90c15000 	C:\WINDOWS\System32\COMDLG32.dll
0x00007ffc906b0000 - 0x00007ffc9080a000 	C:\WINDOWS\System32\MSCTF.dll

JVMTI agents:
C:\Program Files\JetBrains\IntelliJ IDEA 2026.2.3\lib\idea_rt.jar path:C:\Users\matea\.jdks\corretto-25.0.4.1\bin\instrument.dll, loaded, initialized, instrumentlib options:64958

dbghelp: loaded successfully - version: 4.0.5 - missing functions: none
symbol engine: initialized successfully - sym options: 0x614 - pdb path: .;C:\Users\matea\.jdks\corretto-25.0.4.1\bin;C:\WINDOWS\SYSTEM32;C:\WINDOWS\WinSxS\amd64_microsoft.windows.common-controls_6595b64144ccf1df_6.0.26100.9596_none_3e0f4960e32e3260;C:\Users\matea\.jdks\corretto-25.0.4.1\bin\server;C:\Users\matea\.openjfx\cache\21.0.6+3\amd64;C:\WINDOWS\System32\DriverStore\FileRepository\u0203304.inf_amd64_a6e5a337568ce3f0\B026373;C:\Users\matea\AppData\Local\Temp\jna-103668220;C:\Program Files\Common Files\Microsoft Shared\Ink;C:\WINDOWS\WinSxS\amd64_microsoft.windows.gdiplus_6595b64144ccf1df_1.1.26100.9596_none_6efa3c463dc0ac2e

VM Arguments:
jvm_args: -javaagent:C:\Program Files\JetBrains\IntelliJ IDEA 2026.2.3\lib\idea_rt.jar=64958 -Dfile.encoding=UTF-8 -Dsun.stdout.encoding=UTF-8 -Dsun.stderr.encoding=UTF-8 
java_command: com.bwxor.piejfx.Launcher
java_class_path (initial): C:\git\piejfx\piejfx\target\classes;C:\Users\matea\.m2\repository\org\openjfx\javafx-controls\21.0.6\javafx-controls-21.0.6.jar;C:\Users\matea\.m2\repository\org\openjfx\javafx-controls\21.0.6\javafx-controls-21.0.6-win.jar;C:\Users\matea\.m2\repository\org\openjfx\javafx-graphics\21.0.6\javafx-graphics-21.0.6.jar;C:\Users\matea\.m2\repository\org\openjfx\javafx-graphics\21.0.6\javafx-graphics-21.0.6-win.jar;C:\Users\matea\.m2\repository\org\openjfx\javafx-fxml\21.0.6\javafx-fxml-21.0.6.jar;C:\Users\matea\.m2\repository\org\openjfx\javafx-fxml\21.0.6\javafx-fxml-21.0.6-win.jar;C:\Users\matea\.m2\repository\org\openjfx\javafx-swing\21.0.6\javafx-swing-21.0.6.jar;C:\Users\matea\.m2\repository\org\openjfx\javafx-swing\21.0.6\javafx-swing-21.0.6-win.jar;C:\Users\matea\.m2\repository\org\controlsfx\controlsfx\11.2.1\controlsfx-11.2.1.jar;C:\Users\matea\.m2\repository\com\dlsc\formsfx\formsfx-core\11.6.0\formsfx-core-11.6.0.jar;C:\Users\matea\.m2\repository\org\openjfx\javafx-web\21.0.6\javafx-web-21.0.6.jar;C:\Users\matea\.m2\repository\org\openjfx\javafx-web\21.0.6\javafx-web-21.0.6-win.jar;C:\Users\matea\.m2\repository\org\openjfx\javafx-media\21.0.6\javafx-media-21.0.6.jar;C:\Users\matea\.m2\repository\org\openjfx\javafx-media\21.0.6\javafx-media-21.0.6-win.jar;C:\Users\matea\.m2\repository\com\bwxor\piejfx-plugin-core\1.0-SNAPSHOT\piejfx-plugin-core-1.0-SNAPSHOT.jar;C:\Users\matea\.m2\repository\org\fxmisc\richtext\richtextfx\0.11.7\richtextfx-0.11.7.jar;C:\Users\matea\.m2\repository\org\reactfx\reactfx\2.0-M5\reactfx-2.0-M5.jar;C:\Users\matea\.m2\repository\org\fxmisc\undo\undofx\2.1.1\undofx-2.1.1.jar;C:\Users\matea\.m2\repository\org\fxmisc\flowless\flowless\0.7.4\flowless-0.7.4.jar;C:\Users\matea\.m2\repository\org\fxmisc\wellbehaved\wellbehavedfx\0.3.3\wellbehavedfx-0.3.3.jar;C:\Users\matea\.m2\repository\com\techsenger\jeditermfx\jeditermfx-core\1.1.0\jeditermfx-core-1.1.0.jar;C:\Users\matea\.m2\repository\org\jetbrains\annotations\24.0.1\annotations-24.0.1.jar;C:\Users\matea\.m2\repository\org\jetbrains\kotlin\kotlin-stdlib\1.9.22\kotlin-stdlib-1.9.22.jar;C:\Users\matea\.m2\repository\org\slf4j\slf4j-api\2.0.9\slf4j-api-2.0.9.jar;C:\Users\matea\.m2\repository\com\techsenger\jeditermfx\jeditermfx-ui\1.1.0\jeditermfx-ui-1.1.0.jar;C:\Users\matea\.m2\repository\org\jetbrains\pty4j\pty4j\0.12.25\pty4j-0.12.25.jar;C:\Users\matea\.m2\repository\org\jetbrains\pty4j\purejavacomm\0.0.11.1\purejavacomm-0.0.11.1.jar;C:\Users\matea\.m2\repository\net\java\dev\jna\jna\5.13.0\jna-5.13.0.jar;C:\Users\matea\.m2\repository\org\openjfx\javafx-base\21.0.6\javafx-base-21.0.6.jar;C:\Users\matea\.m2\repository\org\openjfx\javafx-base\21.0.6\javafx-base-21.0.6-win.jar;C:\Users\matea\.m2\repository\org\json\json\20250517\json-20250517.jar;C:\Users\matea\.m2\repository\com\helger\ph-css\8.1.1\ph-css-8.1.1.jar;C:\Users\matea\.m2\repository\com\helger\commons\ph-typeconvert\12.1.0\ph-typeconvert-12.1.0.jar;C:\Users\matea\.m2\repository\com\helger\commons\ph-collection\12.1.0\ph-collection-12.1.0.jar;C:\Users\matea\.m2\repository\com\helger\commons\ph-base\12.1.0\ph-base-12.1.0.jar;C:\Users\matea\.m2\repository\com\helger\commons\ph-cache\12.1.0\ph-cache-12.1.0.jar;C:\Users\matea\.m2\repository\com\helger\commons\ph-annotations\12.1.0\ph-annotations-12.1.0.jar;C:\Users\matea\.m2\repository\org\jspecify\jspecify\1.0.0\jspecify-1.0.0.jar;C:\Users\matea\.m2\repository\com\helger\commons\ph-statistics\12.1.0\ph-statistics-12.1.0.jar;C:\Users\matea\.m2\repository\com\helger\commons\ph-io\12.1.0\ph-io-12.1.0.jar;C:\Users\matea\.m2\repository\com\helger\commons\ph-mime\12.1.0\ph-mime-12.1.0.jar;C:\Users\matea\.m2\repository\com\helger\commons\ph-text\12.1.0\ph-text-12.1.0.jar;C:\Users\matea\.m2\repository\net\harawata\appdirs\1.5.0\appdirs-1.5.0.jar;C:\Users\matea\.m2\repository\net\java\dev\jna\jna-platform\5.18.1\jna-platform-5.18.1.jar
Launcher Type: SUN_STANDARD

[Global flags]
     intx CICompilerCount                          = 12                                        {product} {ergonomic}
     uint ConcGCThreads                            = 3                                         {product} {ergonomic}
     uint G1ConcRefinementThreads                  = 13                                        {product} {ergonomic}
   size_t G1HeapRegionSize                         = 4194304                                   {product} {ergonomic}
   size_t InitialHeapSize                          = 528482304                                 {product} {ergonomic}
   size_t MarkStackSize                            = 4194304                                   {product} {ergonomic}
   size_t MarkStackSizeMax                         = 536870912                                 {product} {ergonomic}
   size_t MaxHeapSize                              = 8401190912                                {product} {ergonomic}
   size_t MaxNewSize                               = 5037359104                                {product} {ergonomic}
   size_t MinHeapDeltaBytes                        = 4194304                                   {product} {ergonomic}
   size_t MinHeapSize                              = 8388608                                   {product} {ergonomic}
    uintx NonNMethodCodeHeapSize                   = 7667712                                {pd product} {ergonomic}
    uintx NonProfiledCodeHeapSize                  = 122028032                              {pd product} {ergonomic}
    uintx ProfiledCodeHeapSize                     = 122028032                              {pd product} {ergonomic}
    uintx ReservedCodeCacheSize                    = 251723776                              {pd product} {ergonomic}
     bool SegmentedCodeCache                       = true                                      {product} {ergonomic}
   size_t SoftMaxHeapSize                          = 8401190912                             {manageable} {ergonomic}
     bool UseCompressedOops                        = true                           {product lp64_product} {ergonomic}
     bool UseG1GC                                  = true                                      {product} {ergonomic}
     bool UseLargePagesIndividualAllocation        = false                                  {pd product} {ergonomic}

Logging:
Log output configuration:
 #0: stdout all=warning uptime,level,tags foldmultilines=false
 #1: stderr all=off uptime,level,tags foldmultilines=false

Release file:
IMPLEMENTOR="Amazon.com Inc." 
IMPLEMENTOR_VERSION="Corretto-25.0.4.10.1" 
JAVA_RUNTIME_VERSION="25.0.4.1+10-LTS" 
JAVA_VERSION="25.0.4.1" 
JAVA_VERSION_DATE="2026-08-18" 
LIBC="default" 
MODULES="java.base java.compiler java.datatransfer java.xml java.prefs java.desktop java.instrument java.logging java.management java.security.sasl java.naming java.rmi java.management.rmi java.net.http java.scripting java.security.jgss java.transaction.xa java.sql java.sql.rowset java.xml.crypto java.se java.smartcardio jdk.accessibility jdk.internal.jvmstat jdk.attach jdk.charsets jdk.internal.opt jdk.zipfs jdk.compiler jdk.crypto.cryptoki jdk.crypto.ec jdk.crypto.mscapi jdk.dynalink jdk.internal.ed jdk.editpad jdk.internal.vm.ci jdk.graal.compiler jdk.graal.compiler.management jdk.hotspot.agent jdk.httpserver jdk.incubator.vector jdk.internal.le jdk.internal.md jdk.jartool jdk.javadoc jdk.jcmd jdk.management jdk.management.agent jdk.jconsole jdk.jdeps jdk.jdwp.agent jdk.jdi jdk.jfr jdk.jlink jdk.jpackage jdk.jshell jdk.jsobject jdk.jstatd jdk.localedata jdk.management.jfr jdk.naming.dns jdk.naming.rmi jdk.net jdk.nio.mapmode jdk.sctp jdk.security.auth jdk.security.jgss jdk.unsupported jdk.unsupported.desktop jdk.xml.dom" 
OS_ARCH="x86_64" 
OS_NAME="Windows" 
SOURCE="" 

Environment Variables:
JAVA_HOME=C:\Program Files\Java\jdk-27
PATH=C:\Program Files\Common Files\Oracle\Java\javapath;C:\WINDOWS\system32;C:\WINDOWS;C:\WINDOWS\System32\Wbem;C:\WINDOWS\System32\WindowsPowerShell\v1.0\;C:\WINDOWS\System32\OpenSSH\;C:\Program Files (x86)\NVIDIA Corporation\PhysX\Common;C:\Program Files\NVIDIA Corporation\NVIDIA App\NvDLISR;C:\Program Files\Git\cmd;C:\Program Files\Java\jdk-27\bin;C:\apache-maven-3.10.0\bin;C:\Users\matea\AppData\Local\Microsoft\WindowsApps;C:\Program Files\JetBrains\IntelliJ IDEA 2026.2.3\bin;C:\Users\matea\AppData\Local\Programs\keystore;
USERNAME=matea
OS=Windows_NT
PROCESSOR_IDENTIFIER=AMD64 Family 26 Model 96 Stepping 0, AuthenticAMD
TMP=C:\Users\matea\AppData\Local\Temp
TEMP=C:\Users\matea\AppData\Local\Temp




Compilation memory statistics disabled.

Periodic native trim disabled

---------------  S Y S T E M  ---------------

OS:
 Windows 11 , 64 bit Build 26100 (10.0.26100.9596)
OS uptime: 0 days 18:51 hours
Hyper-V role detected

CPU: total 16 (initial active 16) (16 cores per cpu, 2 threads per core) family 26 model 96 stepping 0 microcode 0xb600037, cx8, cmov, fxsr, ht, mmx, 3dnowpref, sse, sse2, sse3, ssse3, sse4a, sse4.1, sse4.2, popcnt, lzcnt, tsc, tscinvbit, avx, avx2, aes, erms, clmul, bmi1, bmi2, adx, avx512f, avx512dq, avx512cd, avx512bw, avx512vl, sha, fma, vzeroupper, avx512_vpopcntdq, avx512_vpclmulqdq, avx512_vaes, avx512_vnni, clflush, clflushopt, clwb, avx512_vbmi2, avx512_vbmi, hv, rdtscp, rdpid, fsrm, gfni, avx512_bitalg, f16c, cet_ss, avx512_ifma
Processor Information for the first 16 processors :
  Max Mhz: 2000, Current Mhz: 2000, Mhz Limit: 2000

Memory: 4k page, system-wide physical 32042M (14315M free)
TotalPageFile size 37162M (AvailPageFile size 14683M)
current process WorkingSet (physical memory assigned to process): 400M, peak: 409M
current process commit charge ("private bytes"): 452M, peak: 757M

vm_info: OpenJDK 64-Bit Server VM (25.0.4.1+10-LTS) for windows-amd64 JRE (25.0.4.1+10-LTS), built on 2026-09-18T17:33:34Z with MS VC++ 17.14 (VS2022)

END.
