#
# A fatal error has been detected by the Java Runtime Environment:
#
#  EXCEPTION_ACCESS_VIOLATION (0xc0000005) at pc=0x00007ffc75ec7278, pid=10804, tid=9592
#
# JRE version: OpenJDK Runtime Environment Corretto-25.0.4.10.1 (25.0.4.1+10) (build 25.0.4.1+10-LTS)
# Java VM: OpenJDK 64-Bit Server VM Corretto-25.0.4.10.1 (25.0.4.1+10-LTS, mixed mode, sharing, tiered, compressed oops, compressed class ptrs, g1 gc, windows-amd64)
# Problematic frame:
# C  0x00007ffc75ec7278
#
# No core dump will be written. Minidumps are not enabled by default on client versions of Windows
#
# If you would like to submit a bug report, please visit:
#   https://github.com/corretto/corretto-25/issues/
# The crash happened outside the Java Virtual Machine in native code.
# See problematic frame for where to report the bug.
#

---------------  S U M M A R Y ------------

Command Line: -javaagent:C:\Program Files\JetBrains\IntelliJ IDEA 2026.2.3\lib\idea_rt.jar=54835 -Dfile.encoding=UTF-8 -Dsun.stdout.encoding=UTF-8 -Dsun.stderr.encoding=UTF-8 com.bwxor.piejfx.Launcher

Host: AMD Ryzen AI 7 350 w/ Radeon 860M              , 16 cores, 31G,  Windows 11 , 64 bit Build 26100 (10.0.26100.9596)
Time: Thu Oct  8 11:17:19 2026 GTB Daylight Time elapsed time: 40.253809 seconds (0d 0h 0m 40s)

---------------  T H R E A D  ---------------

Current thread (0x00000298ec5dee40):  JavaThread "JavaFX Application Thread"        [_thread_in_native, id=9592, stack(0x000000fccd600000,0x000000fccd700000) (1024K)]

Stack: [0x000000fccd600000,0x000000fccd700000],  sp=0x000000fccd6fd070,  free space=1012k
Native frames: (J=compiled Java code, j=interpreted, Vv=VM code, C=native code)
C  0x00007ffc75ec7278  (no source info available)
C  0x00000298d1dad2b3  (no source info available)

The last pc belongs to native method entry point (kind = native) (printed below).
Java frames: (J=compiled Java code, j=interpreted, Vv=VM code)
j  com.sun.javafx.font.directwrite.OS.JFXTextRendererGetGlyphOffsets(J[FI)I+0
j  com.sun.javafx.font.directwrite.JFXTextRenderer.GetGlyphOffsets([FI)I+6
j  com.sun.javafx.font.directwrite.DWGlyphLayout.renderShape([CLcom/sun/javafx/text/TextRun;Lcom/sun/javafx/font/PGFont;I)V+301
j  com.sun.javafx.font.directwrite.DWGlyphLayout.layout(Lcom/sun/javafx/text/TextRun;Lcom/sun/javafx/font/PGFont;Lcom/sun/javafx/font/FontStrike;[C)V+429
J 7681 c1 com.sun.javafx.text.PrismTextLayout.shape(Lcom/sun/javafx/text/TextRun;[CLcom/sun/javafx/text/GlyphLayout;)V (622 bytes) @ 0x00000298cb3c3fcc [0x00000298cb3c1ec0+0x000000000000210c]
j  com.sun.javafx.text.PrismTextLayout.layout()V+225
J 8065 c2 com.sun.javafx.scene.control.skin.Utils.computeTextHeight(Ljavafx/scene/text/Font;Ljava/lang/String;DDLjavafx/scene/text/TextBoundsType;)D (92 bytes) @ 0x00000298d280761c [0x00000298d2807420+0x00000000000001fc]
J 8837 c1 javafx.scene.control.skin.LabeledSkinBase.computePrefHeight(DDDDD)D (311 bytes) @ 0x00000298cb51800c [0x00000298cb517340+0x0000000000000ccc]
J 8261 c2 javafx.scene.control.Control.computePrefHeight(D)D (51 bytes) @ 0x00000298d281b848 [0x00000298d281b3a0+0x00000000000004a8]
J 8049 c2 javafx.scene.layout.Region.prefHeight(D)D (38 bytes) @ 0x00000298d28017b4 [0x00000298d2801720+0x0000000000000094]
j  javafx.scene.control.skin.TableRowSkinBase.computePrefHeight(DDDDD)D+88
J 8261 c2 javafx.scene.control.Control.computePrefHeight(D)D (51 bytes) @ 0x00000298d281b848 [0x00000298d281b3a0+0x00000000000004a8]
J 8832 c2 javafx.scene.control.skin.VirtualFlow.resizeCell(Ljavafx/scene/control/IndexedCell;)V (102 bytes) @ 0x00000298d284a6b8 [0x00000298d284a520+0x0000000000000198]
J 8632 c1 javafx.scene.control.skin.VirtualFlow.addTrailingCells(Z)Z (606 bytes) @ 0x00000298cae4d464 [0x00000298cae4c1e0+0x0000000000001284]
J 9010 c1 javafx.scene.control.skin.VirtualFlow.layoutChildren()V (1151 bytes) @ 0x00000298cb5855dc [0x00000298cb57f160+0x000000000000647c]
j  javafx.scene.control.skin.VirtualFlow$5.invalidated()V+166
J 6549 c1 javafx.beans.property.IntegerPropertyBase.set(I)V (76 bytes) @ 0x00000298cb2e61f4 [0x00000298cb2e5d00+0x00000000000004f4]
j  javafx.scene.control.skin.VirtualFlow.setCellCount(I)V+5
j  javafx.scene.control.skin.TableViewSkinBase.updateItemCount()V+42
j  javafx.scene.control.skin.VirtualContainerBase.checkState()V+8
j  javafx.scene.control.skin.VirtualContainerBase.layoutChildren(DDDD)V+1
j  javafx.scene.control.skin.TableViewSkinBase.layoutChildren(DDDD)V+19
J 7311 c1 javafx.scene.control.Control.layoutChildren()V (91 bytes) @ 0x00000298cab0f93c [0x00000298cab0bb80+0x0000000000003dbc]
J 8350 c2 javafx.scene.Parent.layout()V (160 bytes) @ 0x00000298d282c274 [0x00000298d282c180+0x00000000000000f4]
J 8350 c2 javafx.scene.Parent.layout()V (160 bytes) @ 0x00000298d282c470 [0x00000298d282c180+0x00000000000002f0]
J 8350 c2 javafx.scene.Parent.layout()V (160 bytes) @ 0x00000298d282c470 [0x00000298d282c180+0x00000000000002f0]
J 6868 c1 javafx.scene.Scene.doLayoutPass()V (14 bytes) @ 0x00000298cae79ab4 [0x00000298cae79600+0x00000000000004b4]
J 6872 c1 javafx.scene.Scene$ScenePulseListener.pulse()V (504 bytes) @ 0x00000298cb329c64 [0x00000298cb328f00+0x0000000000000d64]
J 8624 c2 com.sun.javafx.tk.Toolkit$$Lambda+0x00000000333c36b0.run()Ljava/lang/Object; (8 bytes) @ 0x00000298d279d1d8 [0x00000298d279d180+0x0000000000000058]
J 6978 c1 com.sun.javafx.tk.Toolkit.firePulse()V (279 bytes) @ 0x00000298cafd6d44 [0x00000298cafd50a0+0x0000000000001ca4]
J 6977 c1 com.sun.javafx.tk.quantum.QuantumToolkit.pulse(Z)V (152 bytes) @ 0x00000298ca984d5c [0x00000298ca983d80+0x0000000000000fdc]
J 6973 c1 com.sun.javafx.tk.quantum.QuantumToolkit$$Lambda+0x00000000330ecd68.run()V (8 bytes) @ 0x00000298caa9c144 [0x00000298caa9be80+0x00000000000002c4]
J 6918 c1 com.sun.glass.ui.InvokeLaterDispatcher$Future.run()V (91 bytes) @ 0x00000298cabd1814 [0x00000298cabd1700+0x0000000000000114]
v  ~StubRoutines::call_stub 0x00000298d1da12ed
j  com.sun.glass.ui.win.WinApplication._runLoop(Ljava/lang/Runnable;)V+0
j  com.sun.glass.ui.win.WinApplication.lambda$runLoop$3(ILjava/lang/Runnable;)V+8
j  com.sun.glass.ui.win.WinApplication$$Lambda+0x00000000330e1068.run()V+12
j  java.lang.Thread.runWith(Ljava/lang/Object;Ljava/lang/Runnable;)V+5 java.base@25.0.4.1
j  java.lang.Thread.run()V+19 java.base@25.0.4.1
v  ~StubRoutines::call_stub 0x00000298d1da12ed

siginfo: EXCEPTION_ACCESS_VIOLATION (0xc0000005), reading address 0x0000000000000000


Registers:
RAX=0x0000000000000000, RBX=0x0000000000000000, RCX=0x0000000000000000, RDX=0x0000000000000001
RSP=0x000000fccd6fd070, RBP=0x000000fccd6fd160, RSI=0x0000000000000002, RDI=0x00000298e70b0320
R8 =0x0000000000000002, R9 =0x0000000000000000, R10=0x0000000000000000, R11=0x000000fccd6fd030
R12=0x0000000000000000, R13=0x00000298e8868830, R14=0x00000298ec5df288, R15=0x0000029881490fe0
RIP=0x00007ffc75ec7278, EFLAGS=0x0000000000010202

XMM[0]=0x0000000000000000 0x0000000000000000
XMM[1]=0x0000000000000000 0x0000000000000000
XMM[2]=0x0000000000000000 0x0000000000000000
XMM[3]=0x0000000000000000 0x0000000041500000
XMM[4]=0x0000000000000000 0x000000004b000000
XMM[5]=0x000000000000008c 0x0000000000000000
XMM[6]=0x0000000000000000 0x0000000000000000
XMM[7]=0x0000000000000000 0x0000000000000000
XMM[8]=0x0000000000000000 0x02bd4b5c4245fb4e
XMM[9]=0x0000000000000000 0xd97849eded539294
XMM[10]=0x0000000000000000 0x0000000013db48a7
XMM[11]=0x0000000000000000 0x049196acf1e52940
XMM[12]=0x0000000000000000 0x00000000ed539294
XMM[13]=0x0000000000000000 0x0000000000000000
XMM[14]=0x0000000000000000 0x0000000000000000
XMM[15]=0x0000000000000000 0x0000000000000000
  MXCSR=0x00001faf


Register to memory mapping:

RAX=0x0 is null
RBX=0x0 is null
RCX=0x0 is null
RDX=0x0000000000000001 is an unknown value
RSP=0x000000fccd6fd070 is pointing into the stack for thread: 0x00000298ec5dee40
RBP=0x000000fccd6fd160 is pointing into the stack for thread: 0x00000298ec5dee40
RSI=0x0000000000000002 is an unknown value
RDI=0x00000298e70b0320 points into unknown readable memory: 0x0000000000000000 | 00 00 00 00 00 00 00 00
R8 =0x0000000000000002 is an unknown value
R9 =0x0 is null
R10=0x0 is null
R11=0x000000fccd6fd030 is pointing into the stack for thread: 0x00000298ec5dee40
R12=0x0 is null
R13={method} {0x00000298e8868838} 'JFXTextRendererGetGlyphOffsets' '(J[FI)I' in 'com/sun/javafx/font/directwrite/OS'
R14=0x00000298ec5df288 points into unknown readable memory: 0x00007ffc1061edc0 | c0 ed 61 10 fc 7f 00 00
R15=0x0000029881490fe0 points into unknown readable memory: 0x00007ffc75ecccc8 | c8 cc ec 75 fc 7f 00 00

Top of Stack: (sp=0x000000fccd6fd070)
0x000000fccd6fd070:   0000000000000000 0000000000000002   ................
0x000000fccd6fd080:   00000298e8868830 000000fccd6fd160   0.......`.o.....
0x000000fccd6fd090:   00000298ec5dee40 000000fccd6fd170   @.].....p.o.....
0x000000fccd6fd0a0:   00000298d1da8c60 00000298d1dad2b3   `...............
0x000000fccd6fd0b0:   00000298e8868830 000000fccd6fd138   0.......8.o.....
0x000000fccd6fd0c0:   000000060b5a7fa6 0000000000000000   ..Z.............
0x000000fccd6fd0d0:   000000fc00000000 00000298d1da8c60   ........`.......
0x000000fccd6fd0e0:   fffffffffffffff7 0000000000000000   ................
0x000000fccd6fd0f0:   fffffffffffffff7 0000000000000000   ................
0x000000fccd6fd100:   0000000000000007 00000298e886b010   ................
0x000000fccd6fd110:   0000000000000000 000000060bd26a50   ........Pj......
0x000000fccd6fd120:   00000298e8868830 0000000000000000   0...............
0x000000fccd6fd130:   000000fccd6fd158 000000fccd6fd1c0   X.o.......o.....
0x000000fccd6fd140:   00000298d1da8c60 000000060bd26a50   `.......Pj......
0x000000fccd6fd150:   00000298d1daa755 0000000000000000   U...............
0x000000fccd6fd160:   0000000628154e88 0000029881490fe0   .N.(......I.....
0x000000fccd6fd170:   0000000000000000 fffffffffffffff7   ................
0x000000fccd6fd180:   00000298eaba6d9e 0000000000000004   .m..............
0x000000fccd6fd190:   00000298eaba7000 0000000000000000   .p..............
0x000000fccd6fd1a0:   0000000628102c90 00000298eaba6da8   .,.(.....m......
0x000000fccd6fd1b0:   fffffffffffffff3 000000fccd6fd1d0   ..........o.....
0x000000fccd6fd1c0:   000000fccd6fd230 00000298d1da8c60   0.o.....`.......
0x000000fccd6fd1d0:   0000000000000000 0000000628154e88   .........N.(....
0x000000fccd6fd1e0:   0000000628154e40 fffffffffffffff7   @N.(............
0x000000fccd6fd1f0:   00000298e88657ad 0000000000000020   .W...... .......
0x000000fccd6fd200:   00000298e906cfa0 0000000000000000   ................
0x000000fccd6fd210:   000000060bd26cd8 00000298e88658a8   .l.......X......
0x000000fccd6fd220:   fffffffffffffff4 000000fccd6fd310   ..........o.....
0x000000fccd6fd230:   000000fccd6fd380 00000298d1da8b18   ..o.............
0x000000fccd6fd240:   0000000000000000 0000000000000000   ................
0x000000fccd6fd250:   0000000628154eb8 0000000000000000   .N.(............
0x000000fccd6fd260:   0000000000000000 0000000628154ea0   .........N.(....

Instructions: (pc=0x00007ffc75ec7278)
  0x00007ffc75ec7178:   24 68 eb 02 33 c0 48 8b 6c 24 70 0f 28 74 24 20
  0x00007ffc75ec7188:   48 83 c4 30 41 5f 41 5e 41 5d 41 5c 5e c3 cc cc
  0x00007ffc75ec7198:   cc cc cc cc cc cc cc cc 48 89 5c 24 08 48 89 6c
  0x00007ffc75ec71a8:   24 10 48 89 74 24 18 57 41 56 41 57 48 83 ec 20
  0x00007ffc75ec71b8:   49 8b e9 4d 8b f8 4c 8b f1 4d 85 c9 0f 84 ea 00
  0x00007ffc75ec71c8:   00 00 48 8b 01 45 33 c0 49 8b d1 ff 90 e8 05 00
  0x00007ffc75ec71d8:   00 48 8b f8 48 85 c0 0f 84 cf 00 00 00 8b 5c 24
  0x00007ffc75ec71e8:   60 85 db 0f 88 c3 00 00 00 49 8b cf e8 47 ac ff
  0x00007ffc75ec71f8:   ff 4d 8b 06 8b f0 48 8b d5 49 8b ce 03 f6 41 ff
  0x00007ffc75ec7208:   90 58 05 00 00 2b c3 3b c6 0f 4e f0 40 f6 c6 01
  0x00007ffc75ec7218:   0f 85 96 00 00 00 4d 8b 4f 10 48 b8 a3 8b 2e ba
  0x00007ffc75ec7228:   e8 a2 8b 2e 49 8b 4f 18 45 33 c0 45 8b 57 28 49
  0x00007ffc75ec7238:   2b c9 48 f7 e9 48 c1 fa 04 48 8b c2 48 c1 e8 3f
  0x00007ffc75ec7248:   48 03 d0 4c 3b d2 72 05 45 8b c8 eb 0c 49 63 c2
  0x00007ffc75ec7258:   48 6b c8 58 4e 8b 4c 09 20 41 8b d0 85 f6 74 32
  0x00007ffc75ec7268:   0f 1f 84 00 00 00 00 00 8b c2 41 83 c0 02 ff c2
=>0x00007ffc75ec7278:   f3 41 0f 10 04 c1 f3 41 0f 10 4c c1 04 8b c3 ff
  0x00007ffc75ec7288:   c3 f3 0f 11 04 87 f3 0f 11 0c 9f ff c3 44 3b c6
  0x00007ffc75ec7298:   72 d6 4d 8b 16 45 33 c9 4c 8b c7 48 8b d5 49 8b
  0x00007ffc75ec72a8:   ce 41 ff 92 28 06 00 00 8b c6 eb 02 33 c0 48 8b
  0x00007ffc75ec72b8:   5c 24 40 48 8b 6c 24 48 48 8b 74 24 50 48 83 c4
  0x00007ffc75ec72c8:   20 41 5f 41 5e 5f c3 cc 4d 8b 48 10 48 b8 a3 8b
  0x00007ffc75ec72d8:   2e ba e8 a2 8b 2e 49 8b 48 18 45 8b 50 28 49 2b
  0x00007ffc75ec72e8:   c9 48 f7 e9 48 c1 fa 04 48 8b c2 48 c1 e8 3f 48
  0x00007ffc75ec72f8:   03 d0 4c 3b d2 72 03 33 c0 c3 49 63 c2 48 6b c8
  0x00007ffc75ec7308:   58 42 8b 44 09 40 c3 cc 4d 8b 48 10 48 b8 a3 8b
  0x00007ffc75ec7318:   2e ba e8 a2 8b 2e 49 8b 48 18 45 8b 50 28 49 2b
  0x00007ffc75ec7328:   c9 48 f7 e9 48 c1 fa 04 48 8b c2 48 c1 e8 3f 48
  0x00007ffc75ec7338:   03 d0 4c 3b d2 72 03 33 c0 c3 49 63 c2 48 6b c8
  0x00007ffc75ec7348:   58 42 8b 44 09 50 c3 cc 41 8b 40 2c c3 cc cc cc
  0x00007ffc75ec7358:   cc cc cc cc cc cc cc cc 41 ff 40 28 48 b8 a3 8b
  0x00007ffc75ec7368:   2e ba e8 a2 8b 2e 49 8b 48 18 49 2b 48 10 45 8b


Stack slot to memory mapping:

stack at sp + 0 slots: 0x0 is null
stack at sp + 1 slots: 0x0000000000000002 is an unknown value
stack at sp + 2 slots: {method} {0x00000298e8868838} 'JFXTextRendererGetGlyphOffsets' '(J[FI)I' in 'com/sun/javafx/font/directwrite/OS'
stack at sp + 3 slots: 0x000000fccd6fd160 is pointing into the stack for thread: 0x00000298ec5dee40
stack at sp + 4 slots: 0x00000298ec5dee40 is a thread
stack at sp + 5 slots: 0x000000fccd6fd170 is pointing into the stack for thread: 0x00000298ec5dee40
stack at sp + 6 slots: 0x00000298d1da8c60 is at code_begin+1600 in an Interpreter codelet
return entry points  [0x00000298d1da8620, 0x00000298d1da9298]  3192 bytes
stack at sp + 7 slots: 0x00000298d1dad2b3 is at code_begin+979 in an Interpreter codelet
native method entry point (kind = native)  [0x00000298d1dacee0, 0x00000298d1dadae0]  3072 bytes

Lock stack of current Java thread (top to bottom):

native method entry point (kind = native)  [0x00000298d1dacee0, 0x00000298d1dadae0]  3072 bytes
[MachCode]
  0x00000298d1dacee0: 488b 4b08 | 0fb7 492e | 584c 8d74 | ccf8 6800 | 0000 0068 | 0000 0000 | 5055 488b | ec41 5548 
  0x00000298d1dacf00: 8b43 084c | 8d68 3848 | 8b40 0868 | 0000 0000 | 5348 8b50 | 1848 8b52 | 7048 8b12 | 5248 8b53 
  0x00000298d1dacf20: 1048 85d2 | 7407 4881 | c2d0 0000 | 0052 488b | 5010 5249 | 8bc6 482b | c548 c1e8 | 0350 6800 
  0x00000298d1dacf40: 0000 0068 | f7ff ffff | 41c6 87f1 | 0400 0001 | 488b 4310 | 4885 c074 | 208b 8890 | 0000 0083 
  0x00000298d1dacf60: c102 8988 | 9000 0000 | 2388 a400 | 0000 0f84 | b80a 0000 | e9cf 0000 | 0048 8b43 | 1848 85c0 
  0x00000298d1dacf80: 0f85 b000 | 0000 e805 | 0000 00e9 | 9900 0000 | 488b d348 | 8d44 2408 | 4c89 6dc0 | 498b cfc5 
  0x00000298d1dacfa0: f877 4989 | af38 0400 | 0049 8987 | 2804 0000 | 4883 ec20 | 40f6 c40f | 0f84 1900 | 0000 4883 
  0x00000298d1dacfc0: ec08 48b8 | 60d5 ce0f | fc7f 0000 | ffd0 4883 | c408 e90c | 0000 0048 | b860 d5ce | 0ffc 7f00 
  0x00000298d1dacfe0: 00ff d048 | 83c4 2049 | c787 2804 | 0000 0000 | 0000 49c7 | 8738 0400 | 0000 0000 | 0049 c787 
  0x00000298d1dad000: 3004 0000 | 0000 0000 | c5f8 7749 | 837f 0800 | 0f84 0500 | 0000 e9c5 | 41ff ff4c | 8b6d c04c 
  0x00000298d1dad020: 8b75 c84e | 8d74 f500 | c348 8b43 | 1848 85c0 | 0f84 1200 | 0000 8b48 | 0883 c102 | 8948 0823 
  0x00000298d1dad040: 482c 0f84 | e409 0000 | 493b a770 | 0500 000f | 8748 0000 | 0089 8424 | 00f0 ffff | 8984 2400 
  0x00000298d1dad060: e0ff ff89 | 8424 00d0 | ffff 8984 | 2400 c0ff | ff89 8424 | 00b0 ffff | 8984 2400 | a0ff ff89 
  0x00000298d1dad080: 8424 0090 | ffff 8984 | 2400 80ff | ff49 3ba7 | 6805 0000 | 7607 4989 | a770 0500 | 0041 c687 
  0x00000298d1dad0a0: f104 0000 | 0048 8b5d | e84c 8b5b | 0845 0fb7 | 5b2e 41c1 | e303 492b | e348 83ec | 2048 83e4 
  0x00000298d1dad0c0: f04c 8b5b | 604d 85db | 0f85 ab00 | 0000 e805 | 0000 00e9 | 9900 0000 | 488b d348 | 8d44 2408 
  0x00000298d1dad0e0: 4c89 6dc0 | 498b cfc5 | f877 4989 | af38 0400 | 0049 8987 | 2804 0000 | 4883 ec20 | 40f6 c40f 
  0x00000298d1dad100: 0f84 1900 | 0000 4883 | ec08 48b8 | c0ff ce0f | fc7f 0000 | ffd0 4883 | c408 e90c | 0000 0048 
  0x00000298d1dad120: b8c0 ffce | 0ffc 7f00 | 00ff d048 | 83c4 2049 | c787 2804 | 0000 0000 | 0000 49c7 | 8738 0400 
  0x00000298d1dad140: 0000 0000 | 0049 c787 | 3004 0000 | 0000 0000 | c5f8 7749 | 837f 0800 | 0f84 0500 | 0000 e97d 
  0x00000298d1dad160: 40ff ff4c | 8b6d c04c | 8b75 c84e | 8d74 f500 | c348 8b5d | e84c 8b5b | 6041 ffd3 | 488b 5de8 
  0x00000298d1dad180: 4889 4518 | 440f b75b | 2c41 f6c3 | 080f 841b | 0000 004c | 8b5b 084d | 8b5b 084d | 8b5b 184d 
  0x00000298d1dad1a0: 8b5b 704d | 8b1b 4c89 | 5d10 488d | 5510 488b | 4358 49ba | f005 0a10 | fc7f 0000 | 493b c20f 
  0x00000298d1dad1c0: 85ab 0000 | 00e8 0500 | 0000 e999 | 0000 0048 | 8bd3 488d | 4424 084c | 896d c049 | 8bcf c5f8 
  0x00000298d1dad1e0: 7749 89af | 3804 0000 | 4989 8728 | 0400 0048 | 83ec 2040 | f6c4 0f0f | 8419 0000 | 0048 83ec 
  0x00000298d1dad200: 0848 b8c0 | ffce 0ffc | 7f00 00ff | d048 83c4 | 08e9 0c00 | 0000 48b8 | c0ff ce0f | fc7f 0000 
  0x00000298d1dad220: ffd0 4883 | c420 49c7 | 8728 0400 | 0000 0000 | 0049 c787 | 3804 0000 | 0000 0000 | 49c7 8730 
  0x00000298d1dad240: 0400 0000 | 0000 00c5 | f877 4983 | 7f08 000f | 8405 0000 | 00e9 863f | ffff 4c8b | 6dc0 4c8b 
  0x00000298d1dad260: 75c8 4e8d | 74f5 00c3 | 488b 5de8 | 488b 4358 | 498d 8f48 | 0400 004c | 8d15 d500 | 0000 4d89 
  0x00000298d1dad280: 9730 0400 | 00c5 f877 | 4989 af38 | 0400 0049 | 89a7 2804 | 0000 41c7 | 87d4 0400 | 0004 0000 
  0x00000298d1dad2a0: 0049 3ba7 | c805 0000 | 7607 4989 | a7c8 0500 | 00ff d049 | 3ba7 c805 | 0000 720b | 49c7 87c8 
  0x00000298d1dad2c0: 0500 0000 | 0000 00c5 | f877 4883 | ec10 c5fb | 1104 2448 | 83ec 1048 | 8904 2448 | c744 2408 
  0x00000298d1dad2e0: 0000 0000 | 41c7 87d4 | 0400 0005 | 0000 00f0 | 8344 24c0 | 0049 3b6f | 280f 870e | 0000 0041 
  0x00000298d1dad300: 83bf d004 | 0000 000f | 8420 0000 | 0049 8bcf | 4c8b e448 | 83ec 2048 | 83e4 f048 | b8d0 6ad0 
  0x00000298d1dad320: 0ffc 7f00 | 00ff d049 | 8be4 4d33 | e441 c787 | d404 0000 | 0800 0000 | 4d8b 97f0 | 0500 0049 
  0x00000298d1dad340: 83fa 0074 | 3549 c787 | f005 0000 | 0000 0000 | 41ff e249 | ba60 beda | d198 0200 | 0041 ffd2 
  0x00000298d1dad360: 4883 ec10 | c5fb 1104 | 2448 83ec | 1048 8904 | 2448 c744 | 2408 0000 | 0000 49c7 | 8728 0400 
  0x00000298d1dad380: 0000 0000 | 0049 c787 | 3804 0000 | 0000 0000 | 49c7 8730 | 0400 0000 | 0000 00c5 | f877 4d8b 
  0x00000298d1dad3a0: 9fb8 0400 | 0041 c783 | 0001 0000 | 0000 0000 | 49bb 5aa7 | dad1 9802 | 0000 4c3b | 5d18 0f85 
  0x00000298d1dad3c0: 5b02 0000 | 488b 0424 | 4883 c410 | 4885 c00f | 8435 0200 | 00a8 030f | 8508 0000 | 0048 8b00 
  0x00000298d1dad3e0: e925 0200 | 00a8 010f | 8509 0000 | 0048 8b40 | fee9 1402 | 0000 488b | 40ff 4180 | 7f48 000f 
  0x00000298d1dad400: 8405 0200 | 0048 83f8 | 000f 84fb | 0100 004d | 8b5f 384d | 85db 0f84 | 1400 0000 | 4983 eb08 
  0x00000298d1dad420: 4d89 5f38 | 4d03 5f40 | 4989 03e9 | da01 0000 | 4881 ecf0 | 0000 0048 | 8904 2448 | 894c 2408 
  0x00000298d1dad440: 4889 5424 | 104c 8944 | 2418 4c89 | 4c24 204c | 8954 2428 | 4c89 5c24 | 30c5 fb11 | 4424 40c5 
  0x00000298d1dad460: fb11 4c24 | 48c5 fb11 | 5424 50c5 | fb11 5c24 | 58c5 fb11 | 6424 60c5 | fb11 6c24 | 6862 e1ff 
  0x00000298d1dad480: 0811 4424 | 0e62 e1ff | 0811 4c24 | 0f62 e1ff | 0811 5424 | 1062 e1ff | 0811 5c24 | 1162 e1ff 
  0x00000298d1dad4a0: 0811 6424 | 1262 e1ff | 0811 6c24 | 1362 e1ff | 0811 7424 | 1462 e1ff | 0811 7c24 | 1562 61ff 
  0x00000298d1dad4c0: 0811 4424 | 1662 61ff | 0811 4c24 | 1762 61ff | 0811 5424 | 1862 61ff | 0811 5c24 | 1962 61ff 
  0x00000298d1dad4e0: 0811 6424 | 1a62 61ff | 0811 6c24 | 1b62 61ff | 0811 7424 | 1c62 61ff | 0811 7c24 | 1d49 8bd7 
  0x00000298d1dad500: 488b c848 | 83ec 2040 | f6c4 0f0f | 8419 0000 | 0048 83ec | 0848 b850 | 19c3 0ffc | 7f00 00ff 
  0x00000298d1dad520: d048 83c4 | 08e9 0c00 | 0000 48b8 | 5019 c30f | fc7f 0000 | ffd0 4883 | c420 6261 | ff08 107c 
  0x00000298d1dad540: 241d 6261 | ff08 1074 | 241c 6261 | ff08 106c | 241b 6261 | ff08 1064 | 241a 6261 | ff08 105c 
  0x00000298d1dad560: 2419 6261 | ff08 1054 | 2418 6261 | ff08 104c | 2417 6261 | ff08 1044 | 2416 62e1 | ff08 107c 
  0x00000298d1dad580: 2415 62e1 | ff08 1074 | 2414 62e1 | ff08 106c | 2413 62e1 | ff08 1064 | 2412 62e1 | ff08 105c 
  0x00000298d1dad5a0: 2411 62e1 | ff08 1054 | 2410 62e1 | ff08 104c | 240f 62e1 | ff08 1044 | 240e c5fb | 106c 2468 
  0x00000298d1dad5c0: c5fb 1064 | 2460 c5fb | 105c 2458 | c5fb 1054 | 2450 c5fb | 104c 2448 | c5fb 1044 | 2440 4c8b 
  0x00000298d1dad5e0: 5c24 304c | 8b54 2428 | 4c8b 4c24 | 204c 8b44 | 2418 488b | 5424 1048 | 8b4c 2408 | 488b 0424 
  0x00000298d1dad600: 4881 c4f0 | 0000 00c5 | f877 4889 | 4510 4883 | ec10 4889 | 0424 48c7 | 4424 0800 | 0000 0041 
  0x00000298d1dad620: 83bf 5005 | 0000 020f | 85bf 0000 | 0048 81ec | 8000 0000 | 4889 4424 | 7848 894c | 2470 4889 
  0x00000298d1dad640: 5424 6848 | 895c 2460 | 4889 6c24 | 5048 8974 | 2448 4889 | 7c24 404c | 8944 2438 | 4c89 4c24 
  0x00000298d1dad660: 304c 8954 | 2428 4c89 | 5c24 204c | 8964 2418 | 4c89 6c24 | 104c 8974 | 2408 4c89 | 3c24 4c8b 
  0x00000298d1dad680: e448 83ec | 2048 83e4 | f048 b800 | ed09 10fc | 7f00 00ff | d049 8be4 | 4c8b 3c24 | 4c8b 7424 
  0x00000298d1dad6a0: 084c 8b6c | 2410 4c8b | 6424 184c | 8b5c 2420 | 4c8b 5424 | 284c 8b4c | 2430 4c8b | 4424 3848 
  0x00000298d1dad6c0: 8b7c 2440 | 488b 7424 | 4848 8b6c | 2450 488b | 5c24 6048 | 8b54 2468 | 488b 4c24 | 7048 8b44 
  0x00000298d1dad6e0: 2478 4881 | c480 0000 | 004d 33e4 | 488b 5de8 | 4c8b 6b08 | 4d8d 6d38 | 4983 7f08 | 000f 84bb 
  0x00000298d1dad700: 0000 00e8 | 0500 0000 | e996 0000 | 0048 8d44 | 2408 4c89 | 6dc0 498b | cfc5 f877 | 4989 af38 
  0x00000298d1dad720: 0400 0049 | 8987 2804 | 0000 4883 | ec20 40f6 | c40f 0f84 | 1900 0000 | 4883 ec08 | 48b8 101f 
  0x00000298d1dad740: cf0f fc7f | 0000 ffd0 | 4883 c408 | e90c 0000 | 0048 b810 | 1fcf 0ffc | 7f00 00ff | d048 83c4 
  0x00000298d1dad760: 2049 c787 | 2804 0000 | 0000 0000 | 49c7 8738 | 0400 0000 | 0000 0049 | c787 3004 | 0000 0000 
  0x00000298d1dad780: 0000 c5f8 | 7749 837f | 0800 0f84 | 0500 0000 | e94b 3aff | ff4c 8b6d | c04c 8b75 | c84e 8d74 
  0x00000298d1dad7a0: f500 c348 | b9a0 013c | 10fc 7f00 | 0048 83e4 | f048 b810 | 5cf6 0ffc | 7f00 00ff | d0f4 440f 
  0x00000298d1dad7c0: b75b 2c41 | f6c3 200f | 8472 0100 | 0048 8d55 | a84c 8b5a | 084d 85db | 0f85 bb00 | 0000 e805 
  0x00000298d1dad7e0: 0000 00e9 | 9600 0000 | 488d 4424 | 084c 896d | c049 8bcf | c5f8 7749 | 89af 3804 | 0000 4989 
  0x00000298d1dad800: 8728 0400 | 0048 83ec | 2040 f6c4 | 0f0f 8419 | 0000 0048 | 83ec 0848 | b840 1ecf | 0ffc 7f00 
  0x00000298d1dad820: 00ff d048 | 83c4 08e9 | 0c00 0000 | 48b8 401e | cf0f fc7f | 0000 ffd0 | 4883 c420 | 49c7 8728 
  0x00000298d1dad840: 0400 0000 | 0000 0049 | c787 3804 | 0000 0000 | 0000 49c7 | 8730 0400 | 0000 0000 | 00c5 f877 
  0x00000298d1dad860: 4983 7f08 | 000f 8405 | 0000 00e9 | 7039 ffff | 4c8b 6dc0 | 4c8b 75c8 | 4e8d 74f5 | 00c3 48b9 
  0x00000298d1dad880: a001 3c10 | fc7f 0000 | 4883 e4f0 | 48b8 105c | f60f fc7f | 0000 ffd0 | f44c 896d | c04c 8b4a 
  0x00000298d1dad8a0: 0848 c742 | 0800 0000 | 0045 8b87 | d806 0000 | 4f3b 4c07 | f80f 8542 | 0000 0041 | 83af d806 
  0x00000298d1dad8c0: 0000 084f | 3b4c 07f0 | 0f84 2a00 | 0000 498b | 01a8 020f | 8512 0000 | 004c 8bc0 | 4983 c801 
  0x00000298d1dad8e0: f04d 0fb1 | 010f 840d | 0000 0041 | 8387 d806 | 0000 08e9 | 0500 0000 | e93e 0000 | 004c 894a 
  0x00000298d1dad900: 0848 8bca | 4883 ec20 | 40f6 c40f | 0f84 1900 | 0000 4883 | ec08 48b8 | c0ee ce0f | fc7f 0000 
  0x00000298d1dad920: ffd0 4883 | c408 e90c | 0000 0048 | b8c0 eece | 0ffc 7f00 | 00ff d048 | 83c4 204c | 8b6d c041 
  0x00000298d1dad940: c687 9603 | 0000 0149 | 3b6f 280f | 8705 0000 | 00e9 ab00 | 0000 4883 | ec10 c5fb | 1104 2448 
  0x00000298d1dad960: 83ec 1048 | 8904 2448 | c744 2408 | 0000 0000 | c5f8 7749 | 89af 3804 | 0000 49ba | 70d9 dad1 
  0x00000298d1dad980: 9802 0000 | 4d89 9730 | 0400 0049 | 89a7 2804 | 0000 498b | cf48 83ec | 2040 f6c4 | 0f0f 8419 
  0x00000298d1dad9a0: 0000 0048 | 83ec 0848 | b8f0 d4ce | 0ffc 7f00 | 00ff d048 | 83c4 08e9 | 0c00 0000 | 48b8 f0d4 
  0x00000298d1dad9c0: ce0f fc7f | 0000 ffd0 | 4883 c420 | 49c7 8728 | 0400 0000 | 0000 0049 | c787 3804 | 0000 0000 
  0x00000298d1dad9e0: 0000 49c7 | 8730 0400 | 0000 0000 | 00c5 f877 | 488b 0424 | 4883 c410 | c5fb 1004 | 2448 83c4 
  0x00000298d1dada00: 1048 8b04 | 2448 83c4 | 10c5 fb10 | 0424 4883 | c410 4c8b | 5d18 41ff | d34c 8b5d | f8c9 41c6 
  0x00000298d1dada20: 8796 0300 | 0000 5f49 | 8be3 ffe7 | ba00 0000 | 00e8 0500 | 0000 e996 | 0000 0048 | 8d44 2408 
  0x00000298d1dada40: 4c89 6dc0 | 498b cfc5 | f877 4989 | af38 0400 | 0049 8987 | 2804 0000 | 4883 ec20 | 40f6 c40f 
  0x00000298d1dada60: 0f84 1900 | 0000 4883 | ec08 48b8 | a0e4 ce0f | fc7f 0000 | ffd0 4883 | c408 e90c | 0000 0048 
  0x00000298d1dada80: b8a0 e4ce | 0ffc 7f00 | 00ff d048 | 83c4 2049 | c787 2804 | 0000 0000 | 0000 49c7 | 8738 0400 
  0x00000298d1dadaa0: 0000 0000 | 0049 c787 | 3004 0000 | 0000 0000 | c5f8 7749 | 837f 0800 | 0f84 0500 | 0000 e91d 
  0x00000298d1dadac0: 37ff ff4c | 8b6d c04c | 8b75 c84e | 8d74 f500 | c348 8b5d | e8e9 6ef5 | ffff 660f | 1f44 0000 
[/MachCode]

Compiled method (c1) 40366 7681       3       com.sun.javafx.text.PrismTextLayout::shape (622 bytes)
 total in heap  [0x00000298cb3c1d88,0x00000298cb3c47a0] = 10776
 constants      [0x00000298cb3c1e80,0x00000298cb3c1ec0] = 64
 main code      [0x00000298cb3c1ec0,0x00000298cb3c4628] = 10088
 stub code      [0x00000298cb3c4628,0x00000298cb3c4790] = 360
 oops           [0x00000298cb3c4790,0x00000298cb3c47a0] = 16
 mutable data [0x00000298fe4dac40,0x00000298fe4db100] = 1216
 relocation     [0x00000298fe4dac40,0x00000298fe4dafb0] = 880
 metadata       [0x00000298fe4dafb0,0x00000298fe4db100] = 336
 immutable data [0x000002988a160050,0x000002988a160df8] = 3496
 dependencies   [0x000002988a160050,0x000002988a1600c0] = 112
 nul chk table  [0x000002988a1600c0,0x000002988a1601c8] = 264
 scopes pcs     [0x000002988a1601c8,0x000002988a160758] = 1424
 scopes data    [0x000002988a160758,0x000002988a160df8] = 1696


[Constant Pool]
             Address          hex4                    hex8      
  0x00000298cb3c1e80:   0x00000000      0x0000000000000000      
  0x00000298cb3c1e84:   0x00000000                              
  0x00000298cb3c1e88:   0x9999999a      0x3fe999999999999a      
  0x00000298cb3c1e8c:   0x3fe99999                              
  0x00000298cb3c1e90:   0x00000000      0x3fe8000000000000      
  0x00000298cb3c1e94:   0x3fe80000                              
  0x00000298cb3c1e98:   0x00000000      0x3fe8000000000000      
  0x00000298cb3c1e9c:   0x3fe80000                              
  0x00000298cb3c1ea0:   0x00000000      0x3fe8000000000000      
  0x00000298cb3c1ea4:   0x3fe80000                              
  0x00000298cb3c1ea8:   0x00000000      0x3fe8000000000000      
  0x00000298cb3c1eac:   0x3fe80000                              
  0x00000298cb3c1eb0:   0x00000000      0x0000000000000000      
  0x00000298cb3c1eb4:   0x00000000                              
  0x00000298cb3c1eb8:   0xf4f4f4f4      0xf4f4f4f4f4f4f4f4      
  0x00000298cb3c1ebc:   0xf4f4f4f4                              

[MachCode]
[Instructions begin]
  0x00000298cb3c1ec0: ;   {other}
  0x00000298cb3c1ec0: 660f 1f84 | 0000 0000 | 0066 0f1f | 8400 0000 | 0000 448b | 5208 443b 

  0x00000298cb3c1ed8: ;   {runtime_call Shared Runtime ic_miss_blob}
  0x00000298cb3c1ed8: 5008 0f85 | 00ce a206 
[Verified Entry Point]
  0x00000298cb3c1ee0: 8984 2400 | 80ff ff55 | 4881 ec20 | 0100 0090 | 4181 7f20 | 0f00 0000 

  0x00000298cb3c1ef8: ;   {runtime_call Stub::method_entry_barrier}
  0x00000298cb3c1ef8: 7405 e8e1 | 46a1 0648 | 8954 2478 | 4c89 8424 | 8000 0000 

  0x00000298cb3c1f0c: ;   {metadata(method data for {method} {0x00000298e8c8a6b8} 'shape' '(Lcom/sun/javafx/text/TextRun;[CLcom/sun/javafx/text/GlyphLayout;)V' in 'com/sun/javafx/text/PrismTextLayout')}
  0x00000298cb3c1f0c: 48be 0000 | 40ea 9802 | 0000 8b9e | 9000 0000 | 83c3 0289 | 9e90 0000 | 0081 e3fe | 0700 0085 
  0x00000298cb3c1f2c: db0f 846f | 2100 008b | 722c 48c1 | e603 4885 

  0x00000298cb3c1f3c: ;   {metadata(method data for {method} {0x00000298e8c8a6b8} 'shape' '(Lcom/sun/javafx/text/TextRun;[CLcom/sun/javafx/text/GlyphLayout;)V' in 'com/sun/javafx/text/PrismTextLayout')}
  0x00000298cb3c1f3c: f648 bb00 | 0040 ea98 | 0200 00b8 | d800 0000 | 7405 b8e8 | 0000 0048 | 8b0c 0348 | 8d49 0148 
  0x00000298cb3c1f5c: 890c 030f | 84a1 0600 | 008b 760c 

  0x00000298cb3c1f68: ;   {metadata(method data for {method} {0x00000298e8c8a6b8} 'shape' '(Lcom/sun/javafx/text/TextRun;[CLcom/sun/javafx/text/GlyphLayout;)V' in 'com/sun/javafx/text/PrismTextLayout')}
  0x00000298cb3c1f68: 85f6 48be | 0000 40ea | 9802 0000 | bb08 0100 | 0074 05bb | f800 0000 | 488b 041e | 488d 4001 
  0x00000298cb3c1f88: 4889 041e | 0f84 fd20 | 0000 4889 | bc24 9000 | 0000 4c89 | 8c24 8800 | 0000 493b | 0049 8bf0 
  0x00000298cb3c1fa8: ;   {metadata(method data for {method} {0x00000298e8c8a6b8} 'shape' '(Lcom/sun/javafx/text/TextRun;[CLcom/sun/javafx/text/GlyphLayout;)V' in 'com/sun/javafx/text/PrismTextLayout')}
  0x00000298cb3c1fa8: 48bb 0000 | 40ea 9802 | 0000 4883 | 8328 0100 | 0001 418b | 704c 48c1 | e603 4889 | 7424 7048 
  0x00000298cb3c1fc8: 3b06 488b 

  0x00000298cb3c1fcc: ;   {metadata(method data for {method} {0x00000298e8c8a6b8} 'shape' '(Lcom/sun/javafx/text/TextRun;[CLcom/sun/javafx/text/GlyphLayout;)V' in 'com/sun/javafx/text/PrismTextLayout')}
  0x00000298cb3c1fcc: de48 b800 | 0040 ea98 | 0200 008b | 5b08 41ba | 0000 0032 | 4903 da48 | 3b98 5001 | 0000 750d 
  0x00000298cb3c1fec: 4883 8058 | 0100 0001 | e960 0000 | 0048 3b98 | 6001 0000 | 750d 4883 | 8068 0100 | 0001 e94a 
  0x00000298cb3c200c: 0000 0048 | 83b8 5001 | 0000 0075 | 1748 8998 | 5001 0000 | 48c7 8058 | 0100 0001 | 0000 00e9 
  0x00000298cb3c202c: 2900 0000 | 4883 b860 | 0100 0000 | 7517 4889 | 9860 0100 | 0048 c780 | 6801 0000 | 0100 0000 
  0x00000298cb3c204c: e908 0000 | 0048 8380 | 4801 0000 | 0148 8bd6 | 9048 b880 | 942e 8198 

  0x00000298cb3c2064: ;   {virtual_call}
  0x00000298cb3c2064: 0200 00e8 

  0x00000298cb3c2068: ; ImmutableOopMap {[112]=Oop [120]=Oop [128]=Oop [136]=Oop [144]=Oop }
                      ;*invokeinterface getFont {reexecute=0 rethrow=0 return_oop=0}
                      ; - com.sun.javafx.text.PrismTextLayout::shape@24 (line 832)
  0x00000298cb3c2068: 74d6 a206 

  0x00000298cb3c206c: ;   {post_call_nop}
  0x00000298cb3c206c: 0f1f 8400 | e402 0000 

  0x00000298cb3c2074: ;   {metadata(method data for {method} {0x00000298e8c8a6b8} 'shape' '(Lcom/sun/javafx/text/TextRun;[CLcom/sun/javafx/text/GlyphLayout;)V' in 'com/sun/javafx/text/PrismTextLayout')}
  0x00000298cb3c2074: 4885 c048 | bf00 0040 | ea98 0200 | 0075 0c80 | 8f71 0100 | 0001 e9c1 | 0000 008b | 5808 41ba 
  0x00000298cb3c2094: 0000 0032 | 4903 da48 | 3b9f 8001 | 0000 750d | 4883 8788 | 0100 0001 | e960 0000 | 0048 3b9f 
  0x00000298cb3c20b4: 9001 0000 | 750d 4883 | 8798 0100 | 0001 e94a | 0000 0048 | 83bf 8001 | 0000 0075 | 1748 899f 
  0x00000298cb3c20d4: 8001 0000 | 48c7 8788 | 0100 0001 | 0000 00e9 | 2900 0000 | 4883 bf90 | 0100 0000 | 7517 4889 
  0x00000298cb3c20f4: 9f90 0100 | 0048 c787 | 9801 0000 | 0100 0000 | e908 0000 | 0048 8387 | 7801 0000 

  0x00000298cb3c2110: ;   {metadata('com/sun/javafx/font/PGFont')}
  0x00000298cb3c2110: 0148 bb88 | 730f 3300 | 0000 008b | 7808 41ba | 0000 0032 | 4903 fa48 | 3b5f 200f | 841f 0000 
  0x00000298cb3c2130: 0048 3bfb | 0f84 1600 | 0000 5753 

  0x00000298cb3c213c: ;   {runtime_call C1 Runtime slow_subtype_check_blob}
  0x00000298cb3c213c: e89f 74b0 | 065f 5f85 | ff0f 8487 | 1f00 00e9 | 0000 0000 | 488b f048 

  0x00000298cb3c2154: ;   {metadata(method data for {method} {0x00000298e8c8a6b8} 'shape' '(Lcom/sun/javafx/text/TextRun;[CLcom/sun/javafx/text/GlyphLayout;)V' in 'com/sun/javafx/text/PrismTextLayout')}
  0x00000298cb3c2154: 85f6 48ba | 0000 40ea | 9802 0000 | bfa8 0100 | 0075 05bf | b801 0000 | 488b 1c3a | 488d 5b01 
  0x00000298cb3c2174: 4889 1c3a | 0f85 2203 | 0000 488b | 7424 7048 

  0x00000298cb3c2184: ;   {metadata(method data for {method} {0x00000298e8c8a6b8} 'shape' '(Lcom/sun/javafx/text/TextRun;[CLcom/sun/javafx/text/GlyphLayout;)V' in 'com/sun/javafx/text/PrismTextLayout')}
  0x00000298cb3c2184: 8bd6 48bf | 0000 40ea | 9802 0000 | 8b52 0841 | ba00 0000 | 3249 03d2 | 483b 97d0 | 0100 0075 
  0x00000298cb3c21a4: 0d48 8387 | d801 0000 | 01e9 6000 | 0000 483b | 97e0 0100 | 0075 0d48 | 8387 e801 | 0000 01e9 
  0x00000298cb3c21c4: 4a00 0000 | 4883 bfd0 | 0100 0000 | 7517 4889 | 97d0 0100 | 0048 c787 | d801 0000 | 0100 0000 
  0x00000298cb3c21e4: e929 0000 | 0048 83bf | e001 0000 | 0075 1748 | 8997 e001 | 0000 48c7 | 87e8 0100 | 0001 0000 
  0x00000298cb3c2204: 00e9 0800 | 0000 4883 | 87c8 0100 | 0001 488b | d648 b8a8 | 942e 8198 

  0x00000298cb3c221c: ;   {virtual_call}
  0x00000298cb3c221c: 0200 00e8 

  0x00000298cb3c2220: ; ImmutableOopMap {[112]=Oop [128]=Oop }
                      ;*invokeinterface getBounds {reexecute=0 rethrow=0 return_oop=0}
                      ; - com.sun.javafx.text.PrismTextLayout::shape@41 (line 834)
  0x00000298cb3c2220: bcd4 a206 

  0x00000298cb3c2224: ;   {post_call_nop}
  0x00000298cb3c2224: 0f1f 8400 | 9c04 0001 | 488b 7424 

  0x00000298cb3c2230: ;   {metadata(method data for {method} {0x00000298e8c8a6b8} 'shape' '(Lcom/sun/javafx/text/TextRun;[CLcom/sun/javafx/text/GlyphLayout;)V' in 'com/sun/javafx/text/PrismTextLayout')}
  0x00000298cb3c2230: 7048 ba00 | 0040 ea98 | 0200 008b | 7608 41ba | 0000 0032 | 4903 f248 | 3bb2 0002 | 0000 750d 
  0x00000298cb3c2250: 4883 8208 | 0200 0001 | e960 0000 | 0048 3bb2 | 1002 0000 | 750d 4883 | 8218 0200 | 0001 e94a 
  0x00000298cb3c2270: 0000 0048 | 83ba 0002 | 0000 0075 | 1748 89b2 | 0002 0000 | 48c7 8208 | 0200 0001 | 0000 00e9 
  0x00000298cb3c2290: 2900 0000 | 4883 ba10 | 0200 0000 | 7517 4889 | b210 0200 | 0048 c782 | 1802 0000 | 0100 0000 
  0x00000298cb3c22b0: e908 0000 | 0048 8382 | f801 0000 | 0148 8b54 | 2470 4889 | 8424 9800 | 0000 6666 | 9048 b8d0 
  0x00000298cb3c22d0: 942e 8198 

  0x00000298cb3c22d4: ;   {virtual_call}
  0x00000298cb3c22d4: 0200 00e8 

  0x00000298cb3c22d8: ; ImmutableOopMap {[128]=Oop [152]=Oop }
                      ;*invokeinterface getText {reexecute=0 rethrow=0 return_oop=0}
                      ; - com.sun.javafx.text.PrismTextLayout::shape@53 (line 835)
  0x00000298cb3c22d8: 04d4 a206 

  0x00000298cb3c22dc: ;   {post_call_nop}
  0x00000298cb3c22dc: 0f1f 8400 | 5405 0002 

  0x00000298cb3c22e4: ; implicit exception: dispatches to 0x00000298cb3c40db
  0x00000298cb3c22e4: 483b 004c 

  0x00000298cb3c22e8: ;   {metadata(method data for {method} {0x00000298e8c8a6b8} 'shape' '(Lcom/sun/javafx/text/TextRun;[CLcom/sun/javafx/text/GlyphLayout;)V' in 'com/sun/javafx/text/PrismTextLayout')}
  0x00000298cb3c22e8: 8bc0 48ba | 0000 40ea | 9802 0000 | 458b 4008 | 41ba 0000 | 0032 4d03 | c24c 3b82 | 3002 0000 
  0x00000298cb3c2308: 750d 4883 | 8238 0200 | 0001 e960 | 0000 004c | 3b82 4002 | 0000 750d | 4883 8248 | 0200 0001 
  0x00000298cb3c2328: e94a 0000 | 0048 83ba | 3002 0000 | 0075 174c | 8982 3002 | 0000 48c7 | 8238 0200 | 0001 0000 
  0x00000298cb3c2348: 00e9 2900 | 0000 4883 | ba40 0200 | 0000 7517 | 4c89 8240 | 0200 0048 | c782 4802 | 0000 0100 
  0x00000298cb3c2368: 0000 e908 | 0000 0048 | 8382 2802 

  0x00000298cb3c2374: ;   {metadata(method data for {method} {0x0000000032187d60} 'length' '()I' in 'java/lang/String')}
  0x00000298cb3c2374: 0000 0149 | b860 ee00 | e898 0200 | 0041 8b90 | 9000 0000 | 83c2 0241 | 8990 9000 | 0000 81e2 
  0x00000298cb3c2394: feff 1f00 | 85d2 0f84 | 401d 0000 | 448b 4014 | 49c1 e003 

  0x00000298cb3c23a8: ; implicit exception: dispatches to 0x00000298cb3c4101
  0x00000298cb3c23a8: 418b 700c 

  0x00000298cb3c23ac: ;   {metadata(method data for {method} {0x0000000032187d60} 'length' '()I' in 'java/lang/String')}
  0x00000298cb3c23ac: 4c8b c048 | ba60 ee00 | e898 0200 | 0045 8b40 | 0841 ba00 | 0000 324d | 03c2 4c3b | 82e0 0000 
  0x00000298cb3c23cc: 0075 0d48 | 8382 e800 | 0000 01e9 | 6000 0000 | 4c3b 82f0 | 0000 0075 | 0d48 8382 | f800 0000 
  0x00000298cb3c23ec: 01e9 4a00 | 0000 4883 | bae0 0000 | 0000 7517 | 4c89 82e0 | 0000 0048 | c782 e800 | 0000 0100 
  0x00000298cb3c240c: 0000 e929 | 0000 0048 | 83ba f000 | 0000 0075 | 174c 8982 | f000 0000 | 48c7 82f8 | 0000 0001 
  0x00000298cb3c242c: 0000 00e9 | 0800 0000 | 4883 82d8 | 0000 0001 

  0x00000298cb3c243c: ;   {metadata(method data for {method} {0x00000000324adaf8} 'coder' '()B' in 'java/lang/String')}
  0x00000298cb3c243c: 49b8 20ed | 00e8 9802 | 0000 418b | 9090 0000 | 0083 c202 | 4189 9090 | 0000 0081 | e2fe ff1f 
  0x00000298cb3c245c: 0085 d20f | 84a1 1c00 

  0x00000298cb3c2464: ;   {metadata(method data for {method} {0x00000000324adaf8} 'coder' '()B' in 'java/lang/String')}
  0x00000298cb3c2464: 0049 b820 | ed00 e898 | 0200 0041 | ff80 e800 | 0000 440f 

  0x00000298cb3c2478: ;   {metadata(method data for {method} {0x00000000324adaf8} 'coder' '()B' in 'java/lang/String')}
  0x00000298cb3c2478: be40 1048 | ba20 ed00 | e898 0200 | 00ff 82f8 | 0000 0041 | c1e0 1841 | c1f8 1848 | 8bbc 2480 
  0x00000298cb3c2498: 0000 00e9 | 901b 0000 | 4885 f60f | 8425 0000 

  0x00000298cb3c24a8: ;   {metadata('com/sun/javafx/font/PrismFont')}
  0x00000298cb3c24a8: 0048 bb88 | ac0f 3300 | 0000 008b | 7e08 41ba | 0000 0032 | 4903 fa48 | 3b5f 380f | 855e 1c00 
  0x00000298cb3c24c8: 00e9 0000 | 0000 4c8b | c648 3b06 

  0x00000298cb3c24d4: ;   {metadata(method data for {method} {0x00000298e8c8a6b8} 'shape' '(Lcom/sun/javafx/text/TextRun;[CLcom/sun/javafx/text/GlyphLayout;)V' in 'com/sun/javafx/text/PrismTextLayout')}
  0x00000298cb3c24d4: 4c8b c648 | ba00 0040 | ea98 0200 | 0048 8382 | 9802 0000 

  0x00000298cb3c24e8: ;   {metadata(method data for {method} {0x00000298e887b928} 'getStrike' '(Lcom/sun/javafx/geom/transform/BaseTransform;)Lcom/sun/javafx/font/FontStrike;' in 'com/sun/javafx/font/PrismFont')}
  0x00000298cb3c24e8: 0149 b800 | 8459 e998 | 0200 0041 | 8b90 9000 | 0000 83c2 | 0241 8990 | 9000 0000 | 81e2 feff 
  0x00000298cb3c2508: 1f00 85d2 | 0f84 1f1c | 0000 8b56 | 1c48 c1e2 | 03c5 fa10 | 460c 483b | 024c 8bc2 

  0x00000298cb3c2524: ;   {metadata(method data for {method} {0x00000298e887b928} 'getStrike' '(Lcom/sun/javafx/geom/transform/BaseTransform;)Lcom/sun/javafx/font/FontStrike;' in 'com/sun/javafx/font/PrismFont')}
  0x00000298cb3c2524: 48bf 0084 | 59e9 9802 | 0000 458b | 4008 41ba | 0000 0032 | 4d03 c24c | 3b87 e000 | 0000 750d 
  0x00000298cb3c2544: 4883 87e8 | 0000 0001 | e960 0000 | 004c 3b87 | f000 0000 | 750d 4883 | 87f8 0000 | 0001 e94a 
  0x00000298cb3c2564: 0000 0048 | 83bf e000 | 0000 0075 | 174c 8987 | e000 0000 | 48c7 87e8 | 0000 0001 | 0000 00e9 
  0x00000298cb3c2584: 2900 0000 | 4883 bff0 | 0000 0000 | 7517 4c89 | 87f0 0000 | 0048 c787 | f800 0000 | 0100 0000 
  0x00000298cb3c25a4: e908 0000 | 0048 8387 | d800 0000 

  0x00000298cb3c25b0: ;   {oop(a 'com/sun/javafx/geom/transform/Identity'{0x000000060b57bc90})}
  0x00000298cb3c25b0: 0149 b890 | bc57 0b06 | 0000 0048 | 89b4 24a0 | 0000 0066 | 9048 b8f8 | 942e 8198 

  0x00000298cb3c25cc: ;   {virtual_call}
  0x00000298cb3c25cc: 0200 00e8 

  0x00000298cb3c25d0: ; ImmutableOopMap {[120]=Oop [128]=Oop [136]=Oop [144]=Oop [160]=Oop }
                      ;*invokeinterface getStrike {reexecute=0 rethrow=0 return_oop=0}
                      ; - com.sun.javafx.font.PrismFont::getStrike@9 (line 79)
                      ; - com.sun.javafx.text.PrismTextLayout::shape@70 (line 838)
  0x00000298cb3c25d0: 0cd1 a206 

  0x00000298cb3c25d4: ;   {post_call_nop}
  0x00000298cb3c25d4: 0f1f 8400 | 4c08 0003 

  0x00000298cb3c25dc: ;   {metadata(method data for {method} {0x00000298e8c8a6b8} 'shape' '(Lcom/sun/javafx/text/TextRun;[CLcom/sun/javafx/text/GlyphLayout;)V' in 'com/sun/javafx/text/PrismTextLayout')}
  0x00000298cb3c25dc: 48ba 0000 | 40ea 9802 | 0000 ff82 | b802 0000 | 488b b424 | a000 0000 | 4c8b 8424 | 8000 0000 
  0x00000298cb3c25fc: 488b 5424 | 78e9 2900 | 0000 4889 | bc24 9000 | 0000 4c89 | 8c24 8800 | 0000 8b72 | 3048 c1e6 
  0x00000298cb3c261c: 038b 7a34 | 48c1 e703 | 488b c74c | 8b84 2480 | 0000 0049 | 3b00 498b 

  0x00000298cb3c2634: ;   {metadata(method data for {method} {0x00000298e8c8a6b8} 'shape' '(Lcom/sun/javafx/text/TextRun;[CLcom/sun/javafx/text/GlyphLayout;)V' in 'com/sun/javafx/text/PrismTextLayout')}
  0x00000298cb3c2634: f848 bb00 | 0040 ea98 | 0200 0048 | 8383 e002 | 0000 01c4 | c17a 1040 

  0x00000298cb3c264c: ;   {section_word}
  0x00000298cb3c264c: 20c5 fa10 | 0d2b f8ff | ffc5 f82e | c1bf ffff | ffff 0f8a | 1400 0000 | 0f82 0e00 | 0000 bf00 
  0x00000298cb3c266c: 0000 000f | 8403 0000 | 0048 ffc7 

  0x00000298cb3c2678: ;   {metadata(method data for {method} {0x00000298e8c8a6b8} 'shape' '(Lcom/sun/javafx/text/TextRun;[CLcom/sun/javafx/text/GlyphLayout;)V' in 'com/sun/javafx/text/PrismTextLayout')}
  0x00000298cb3c2678: 85ff 48bf | 0000 40ea | 9802 0000 | bb10 0300 | 0074 05bb | 0003 0000 | 488b 0c1f | 488d 4901 
  0x00000298cb3c2698: 4889 0c1f | 4889 b424 | a800 0000 | 0f84 0d00 | 0000 4889 | 8424 b000 | 0000 e918 | 0900 0048 
  0x00000298cb3c26b8: 3b00 488b 

  0x00000298cb3c26bc: ;   {metadata(method data for {method} {0x00000298e8c8a6b8} 'shape' '(Lcom/sun/javafx/text/TextRun;[CLcom/sun/javafx/text/GlyphLayout;)V' in 'com/sun/javafx/text/PrismTextLayout')}
  0x00000298cb3c26bc: f848 bb00 | 0040 ea98 | 0200 008b | 7f08 41ba | 0000 0032 | 4903 fa48 | 3bbb 2803 | 0000 750d 
  0x00000298cb3c26dc: 4883 8330 | 0300 0001 | e960 0000 | 0048 3bbb | 3803 0000 | 750d 4883 | 8340 0300 | 0001 e94a 
  0x00000298cb3c26fc: 0000 0048 | 83bb 2803 | 0000 0075 | 1748 89bb | 2803 0000 | 48c7 8330 | 0300 0001 | 0000 00e9 
  0x00000298cb3c271c: 2900 0000 | 4883 bb38 | 0300 0000 | 7517 4889 | bb38 0300 | 0048 c783 | 4003 0000 | 0100 0000 
  0x00000298cb3c273c: e908 0000 | 0048 8383 | 2003 0000 | 0148 8bd0 | 4889 8424 | b000 0000 | 9048 b820 | 952e 8198 
  0x00000298cb3c275c: ;   {virtual_call}
  0x00000298cb3c275c: 0200 00e8 

  0x00000298cb3c2760: ; ImmutableOopMap {[120]=Oop [128]=Oop [136]=Oop [144]=Oop [168]=Oop [176]=Oop }
                      ;*invokeinterface getMetrics {reexecute=0 rethrow=0 return_oop=0}
                      ; - com.sun.javafx.text.PrismTextLayout::shape@103 (line 846)
  0x00000298cb3c2760: 2e02 0a00 

  0x00000298cb3c2764: ;   {post_call_nop}
  0x00000298cb3c2764: 0f1f 8400 | dc09 0004 | 4889 8424 | b800 0000 | 488b 5424 | 788b 7220 | 81e6 0040 | 0000 81fe 
  0x00000298cb3c2784: 0040 0000 

  0x00000298cb3c2788: ;   {metadata(method data for {method} {0x00000298e8c8a6b8} 'shape' '(Lcom/sun/javafx/text/TextRun;[CLcom/sun/javafx/text/GlyphLayout;)V' in 'com/sun/javafx/text/PrismTextLayout')}
  0x00000298cb3c2788: 48be 0000 | 40ea 9802 | 0000 bf50 | 0300 0075 | 05bf 6003 | 0000 488b | 1c3e 488d | 5b01 4889 
  0x00000298cb3c27a8: 1c3e 0f85 | e206 0000 | 488b b424 | a800 0000 | 4885 c00f | 8425 0000 

  0x00000298cb3c27c0: ;   {metadata('com/sun/javafx/font/PrismMetrics')}
  0x00000298cb3c27c0: 0049 b810 | e330 3300 | 0000 008b | 4808 41ba | 0000 0032 | 4903 ca4c | 3b41 380f | 8580 1900 
  0x00000298cb3c27e0: 00e9 0000 | 0000 488b | f848 3b00 

  0x00000298cb3c27ec: ;   {metadata(method data for {method} {0x00000298e8c8a6b8} 'shape' '(Lcom/sun/javafx/text/TextRun;[CLcom/sun/javafx/text/GlyphLayout;)V' in 'com/sun/javafx/text/PrismTextLayout')}
  0x00000298cb3c27ec: 488b f848 | bb00 0040 | ea98 0200 | 0048 8383 | 8003 0000 | 01c5 fa10 | 400c 4885 | f60f 8425 
  0x00000298cb3c280c: ;   {metadata('com/sun/javafx/font/PrismFont')}
  0x00000298cb3c280c: 0000 0049 | b888 ac0f | 3300 0000 | 008b 4e08 | 41ba 0000 | 0032 4903 | ca4c 3b41 | 380f 853c 
  0x00000298cb3c282c: 1900 00e9 | 0000 0000 | 488b fe48 | 3b06 488b 

  0x00000298cb3c283c: ;   {metadata(method data for {method} {0x00000298e8c8a6b8} 'shape' '(Lcom/sun/javafx/text/TextRun;[CLcom/sun/javafx/text/GlyphLayout;)V' in 'com/sun/javafx/text/PrismTextLayout')}
  0x00000298cb3c283c: fe48 bb00 | 0040 ea98 | 0200 0048 | 8383 b003 

  0x00000298cb3c284c: ;   {metadata(method data for {method} {0x00000298e887b600} 'getFamilyName' '()Ljava/lang/String;' in 'com/sun/javafx/font/PrismFont')}
  0x00000298cb3c284c: 0000 0148 | bf00 947a | ea98 0200 | 008b 9f90 | 0000 0083 | c302 899f | 9000 0000 | 81e3 feff 
  0x00000298cb3c286c: 1f00 85db | 0f84 ff18 | 0000 8b7e | 1c48 c1e7 | 0348 3b07 

  0x00000298cb3c2880: ;   {metadata(method data for {method} {0x00000298e887b600} 'getFamilyName' '()Ljava/lang/String;' in 'com/sun/javafx/font/PrismFont')}
  0x00000298cb3c2880: 488b df48 | b900 947a | ea98 0200 | 008b 5b08 | 41ba 0000 | 0032 4903 | da48 3b99 | e000 0000 
  0x00000298cb3c28a0: 750d 4883 | 81e8 0000 | 0001 e960 | 0000 0048 | 3b99 f000 | 0000 750d | 4883 81f8 | 0000 0001 
  0x00000298cb3c28c0: e94a 0000 | 0048 83b9 | e000 0000 | 0075 1748 | 8999 e000 | 0000 48c7 | 81e8 0000 | 0001 0000 
  0x00000298cb3c28e0: 00e9 2900 | 0000 4883 | b9f0 0000 | 0000 7517 | 4889 99f0 | 0000 0048 | c781 f800 | 0000 0100 
  0x00000298cb3c2900: 0000 e908 | 0000 0048 | 8381 d800 | 0000 0148 | 8bd7 4889 | b424 a800 | 0000 c5fa | 1184 24ec 
  0x00000298cb3c2920: 0000 0066 | 9048 b848 | 952e 8198 

  0x00000298cb3c292c: ;   {virtual_call}
  0x00000298cb3c292c: 0200 00e8 

  0x00000298cb3c2930: ; ImmutableOopMap {[120]=Oop [128]=Oop [136]=Oop [144]=Oop [168]=Oop [176]=Oop [184]=Oop }
                      ;*invokeinterface getFamilyName {reexecute=0 rethrow=0 return_oop=0}
                      ; - com.sun.javafx.font.PrismFont::getFamilyName@4 (line 51)
                      ; - com.sun.javafx.text.PrismTextLayout::shape@135 (line 859)
  0x00000298cb3c2930: c4b3 d006 

  0x00000298cb3c2934: ;   {post_call_nop}
  0x00000298cb3c2934: 0f1f 8400 | ac0b 0005 

  0x00000298cb3c293c: ; implicit exception: dispatches to 0x00000298cb3c419b
  0x00000298cb3c293c: 483b 004c 

  0x00000298cb3c2940: ;   {metadata(method data for {method} {0x00000298e8c8a6b8} 'shape' '(Lcom/sun/javafx/text/TextRun;[CLcom/sun/javafx/text/GlyphLayout;)V' in 'com/sun/javafx/text/PrismTextLayout')}
  0x00000298cb3c2940: 8bc0 48ba | 0000 40ea | 9802 0000 | 458b 4008 | 41ba 0000 | 0032 4d03 | c24c 3b82 | d803 0000 
  0x00000298cb3c2960: 750d 4883 | 82e0 0300 | 0001 e960 | 0000 004c | 3b82 e803 | 0000 750d | 4883 82f0 | 0300 0001 
  0x00000298cb3c2980: e94a 0000 | 0048 83ba | d803 0000 | 0075 174c | 8982 d803 | 0000 48c7 | 82e0 0300 | 0001 0000 
  0x00000298cb3c29a0: 00e9 2900 | 0000 4883 | bae8 0300 | 0000 7517 | 4c89 82e8 | 0300 0048 | c782 f003 | 0000 0100 
  0x00000298cb3c29c0: 0000 e908 | 0000 0048 | 8382 d003 

  0x00000298cb3c29cc: ;   {oop("Segoe UI"{0x000000060bf0e2b8})}
  0x00000298cb3c29cc: 0000 0149 | b8b8 e2f0 | 0b06 0000 | 0048 8bd0 

  0x00000298cb3c29dc: ;   {optimized virtual_call}
  0x00000298cb3c29dc: 6666 90e8 

  0x00000298cb3c29e0: ; ImmutableOopMap {[120]=Oop [128]=Oop [136]=Oop [144]=Oop [168]=Oop [176]=Oop [184]=Oop }
                      ;*invokevirtual equals {reexecute=0 rethrow=0 return_oop=0}
                      ; - com.sun.javafx.text.PrismTextLayout::shape@143 (line 859)
  0x00000298cb3c29e0: aca5 2007 

  0x00000298cb3c29e4: ;   {post_call_nop}
  0x00000298cb3c29e4: 0f1f 8400 | 5c0c 0006 

  0x00000298cb3c29ec: ;   {metadata(method data for {method} {0x00000298e8c8a6b8} 'shape' '(Lcom/sun/javafx/text/TextRun;[CLcom/sun/javafx/text/GlyphLayout;)V' in 'com/sun/javafx/text/PrismTextLayout')}
  0x00000298cb3c29ec: 85c0 48ba | 0000 40ea | 9802 0000 | be00 0400 | 0074 05be | 1004 0000 | 488b 3c32 | 488d 7f01 
  0x00000298cb3c2a0c: 4889 3c32 | c5fa 1084 | 24ec 0000 | 000f 8410 | 0000 00c5 

  0x00000298cb3c2a20: ;   {section_word}
  0x00000298cb3c2a20: fa5a c0c5 | fb59 055d | f4ff ffc5 | fb5a c048 | 8b84 24b8 | 0000 00c5 

  0x00000298cb3c2a38: ;   {section_word}
  0x00000298cb3c2a38: fa5a c0c5 | fb5c 054d | f4ff ffc5 | fb2c d081 | fa00 0000 | 8075 0f48 | 83ec 08c5 | fb11 0424 
  0x00000298cb3c2a58: ;   {runtime_call Stub::d2i_fixup}
  0x00000298cb3c2a58: e81a ea9d | 065a c5f2 | 2aca 4885 | c00f 8425 

  0x00000298cb3c2a68: ;   {metadata('com/sun/javafx/font/PrismMetrics')}
  0x00000298cb3c2a68: 0000 0048 | bb10 e330 | 3300 0000 | 008b 7808 | 41ba 0000 | 0032 4903 | fa48 3b5f | 380f 8515 
  0x00000298cb3c2a88: 1700 00e9 | 0000 0000 | 488b d048 

  0x00000298cb3c2a94: ;   {metadata(method data for {method} {0x00000298e8c8a6b8} 'shape' '(Lcom/sun/javafx/text/TextRun;[CLcom/sun/javafx/text/GlyphLayout;)V' in 'com/sun/javafx/text/PrismTextLayout')}
  0x00000298cb3c2a94: 8bd0 48be | 0000 40ea | 9802 0000 | 4883 8630 | 0400 0001 | c5fa 1040 | 10c5 fa5a 

  0x00000298cb3c2ab0: ;   {section_word}
  0x00000298cb3c2ab0: c0c5 fb58 | 05df f3ff | ffc5 fb2c | d081 fa00 | 0000 8075 | 0f48 83ec | 08c5 fb11 

  0x00000298cb3c2acc: ;   {runtime_call Stub::d2i_fixup}
  0x00000298cb3c2acc: 0424 e8a4 | e99d 065a | c5ea 2ad2 | 4885 c00f | 8425 0000 

  0x00000298cb3c2ae0: ;   {metadata('com/sun/javafx/font/PrismMetrics')}
  0x00000298cb3c2ae0: 0048 bb10 | e330 3300 | 0000 008b | 7808 41ba | 0000 0032 | 4903 fa48 | 3b5f 380f | 85a4 1600 
  0x00000298cb3c2b00: 00e9 0000 | 0000 488b | d048 8bd0 

  0x00000298cb3c2b0c: ;   {metadata(method data for {method} {0x00000298e8c8a6b8} 'shape' '(Lcom/sun/javafx/text/TextRun;[CLcom/sun/javafx/text/GlyphLayout;)V' in 'com/sun/javafx/text/PrismTextLayout')}
  0x00000298cb3c2b0c: 48be 0000 | 40ea 9802 | 0000 4883 | 8660 0400 | 0001 c5fa | 1040 14c5 

  0x00000298cb3c2b24: ;   {section_word}
  0x00000298cb3c2b24: fa5a c0c5 | fb58 0571 | f3ff ffc5 | fb2c d081 | fa00 0000 | 8075 0f48 | 83ec 08c5 | fb11 0424 
  0x00000298cb3c2b44: ;   {runtime_call Stub::d2i_fixup}
  0x00000298cb3c2b44: e82e e99d | 065a c5e2 | 2ada 4885 | c00f 8425 

  0x00000298cb3c2b54: ;   {metadata('com/sun/javafx/font/PrismMetrics')}
  0x00000298cb3c2b54: 0000 0048 | bb10 e330 | 3300 0000 | 008b 7808 | 41ba 0000 | 0032 4903 | fa48 3b5f | 380f 8533 
  0x00000298cb3c2b74: 1600 00e9 | 0000 0000 | 488b d048 

  0x00000298cb3c2b80: ;   {metadata(method data for {method} {0x00000298e8c8a6b8} 'shape' '(Lcom/sun/javafx/text/TextRun;[CLcom/sun/javafx/text/GlyphLayout;)V' in 'com/sun/javafx/text/PrismTextLayout')}
  0x00000298cb3c2b80: 8bd0 48be | 0000 40ea | 9802 0000 | 4883 8690 | 0400 0001 

  0x00000298cb3c2b94: ;   {metadata(method data for {method} {0x00000298e9075dc8} 'getCapHeight' '()F' in 'com/sun/javafx/font/PrismMetrics')}
  0x00000298cb3c2b94: 48ba b80b | 8dea 9802 | 0000 8bb2 | 9000 0000 | 83c6 0289 | b290 0000 | 0081 e6fe | ff1f 0085 
  0x00000298cb3c2bb4: f60f 84f4 | 1500 0048 

  0x00000298cb3c2bbc: ;   {metadata(method data for {method} {0x00000298e9075dc8} 'getCapHeight' '()F' in 'com/sun/javafx/font/PrismMetrics')}
  0x00000298cb3c2bbc: 8bd0 48be | b80b 8dea | 9802 0000 | 4883 86d8 | 0000 0001 

  0x00000298cb3c2bd0: ;   {metadata(method data for {method} {0x00000298e9075b28} 'checkStyleMetrics' '()V' in 'com/sun/javafx/font/PrismMetrics')}
  0x00000298cb3c2bd0: 48ba 9052 | 89ea 9802 | 0000 8bb2 | 9000 0000 | 83c6 0289 | b290 0000 | 0081 e6fe | ff1f 0085 
  0x00000298cb3c2bf0: f60f 84d9 | 1500 008b | 5020 48c1 | e203 4885 

  0x00000298cb3c2c00: ;   {metadata(method data for {method} {0x00000298e9075b28} 'checkStyleMetrics' '()V' in 'com/sun/javafx/font/PrismMetrics')}
  0x00000298cb3c2c00: d248 ba90 | 5289 ea98 | 0200 00be | e800 0000 | 7405 bed8 | 0000 0048 | 8b3c 3248 | 8d7f 0148 
  0x00000298cb3c2c20: 893c 32c5 | fa11 9c24 | f800 0000 | c5fa 1194 | 24f4 0000 | 00c5 fa11 | 8c24 f000 | 0000 0f84 
  0x00000298cb3c2c40: 0800 0000 | 488b d0e9 | e400 0000 | 8b50 1c48 | c1e2 03c5 | fa10 4018 

  0x00000298cb3c2c58: ; implicit exception: dispatches to 0x00000298cb3c41f1
  0x00000298cb3c2c58: 483b 0248 

  0x00000298cb3c2c5c: ;   {metadata(method data for {method} {0x00000298e9075b28} 'checkStyleMetrics' '()V' in 'com/sun/javafx/font/PrismMetrics')}
  0x00000298cb3c2c5c: 8bf2 48bf | 9052 89ea | 9802 0000 | 8b76 0841 | ba00 0000 | 3249 03f2 | 483b b700 | 0100 0075 
  0x00000298cb3c2c7c: 0d48 8387 | 0801 0000 | 01e9 6000 | 0000 483b | b710 0100 | 0075 0d48 | 8387 1801 | 0000 01e9 
  0x00000298cb3c2c9c: 4a00 0000 | 4883 bf00 | 0100 0000 | 7517 4889 | b700 0100 | 0048 c787 | 0801 0000 | 0100 0000 
  0x00000298cb3c2cbc: e929 0000 | 0048 83bf | 1001 0000 | 0075 1748 | 89b7 1001 | 0000 48c7 | 8718 0100 | 0001 0000 
  0x00000298cb3c2cdc: 00e9 0800 | 0000 4883 | 87f8 0000 | 0001 0f1f 

  0x00000298cb3c2cec: ;   {optimized virtual_call}
  0x00000298cb3c2cec: 4400 00e8 

  0x00000298cb3c2cf0: ; ImmutableOopMap {[120]=Oop [128]=Oop [136]=Oop [144]=Oop [168]=Oop [176]=Oop [184]=Oop }
                      ;*invokevirtual getStyleMetrics {reexecute=0 rethrow=0 return_oop=0}
                      ; - com.sun.javafx.font.PrismMetrics::checkStyleMetrics@16 (line 78)
                      ; - com.sun.javafx.font.PrismMetrics::getCapHeight@1 (line 102)
                      ; - com.sun.javafx.text.PrismTextLayout::shape@204 (line 865)
  0x00000298cb3c2cf0: 9919 0000 

  0x00000298cb3c2cf4: ;   {post_call_nop}
  0x00000298cb3c2cf4: 0f1f 8400 | 6c0f 0007 | 410f be57 | 4885 d248 | 8b94 24b8 | 0000 000f | 85e5 1400 | 004c 8bd0 
  0x00000298cb3c2d14: 49c1 ea03 | 4489 5220 | 488b f248 | 33f0 48c1 | ee16 4883 | fe00 0f85 | e514 0000 | 8b52 2048 
  0x00000298cb3c2d34: c1e2 0383 | 7a0c 010f | 86f6 1400 | 00c5 fa10 | 4214 c5fa | 1094 24f4 | 0000 00c5 

  0x00000298cb3c2d50: ;   {section_word}
  0x00000298cb3c2d50: fa5a c0c5 | fb58 054d | f1ff ffc5 | fb2c d081 | fa00 0000 | 8075 0f48 | 83ec 08c5 | fb11 0424 
  0x00000298cb3c2d70: ;   {runtime_call Stub::d2i_fixup}
  0x00000298cb3c2d70: e802 e79d | 065a c5fa | 2ac2 c5fa | 108c 24f0 

  0x00000298cb3c2d80: ;   {external_word}
  0x00000298cb3c2d80: 0000 0049 | bad0 b967 | 10fc 7f00 | 00c4 c170 | 570a c5f2 | 5cc8 c5f8 | 2eca baff | ffff ff0f 
  0x00000298cb3c2da0: 8a14 0000 | 000f 820e | 0000 00ba | 0000 0000 | 0f84 0300 | 0000 48ff 

  0x00000298cb3c2db8: ;   {metadata(method data for {method} {0x00000298e8c8a6b8} 'shape' '(Lcom/sun/javafx/text/TextRun;[CLcom/sun/javafx/text/GlyphLayout;)V' in 'com/sun/javafx/text/PrismTextLayout')}
  0x00000298cb3c2db8: c285 d248 | ba00 0040 | ea98 0200 | 00be b004 | 0000 7e05 | bec0 0400 | 0048 8b3c | 3248 8d7f 
  0x00000298cb3c2dd8: 0148 893c | 320f 8e1e 

  0x00000298cb3c2de0: ;   {metadata(method data for {method} {0x00000298e8c8a6b8} 'shape' '(Lcom/sun/javafx/text/TextRun;[CLcom/sun/javafx/text/GlyphLayout;)V' in 'com/sun/javafx/text/PrismTextLayout')}
  0x00000298cb3c2de0: 0000 0048 | ba00 0040 | ea98 0200 | 00ff 82d0 | 0400 00c5 | fa10 8424 | f000 0000 | e91d 0000 
  0x00000298cb3c2e00: 00c5 fa10 | 8424 f000 | 0000 c5f2 | 5cca c5f8 | 28d9 c5e2 | 58d8 c5f8 | 28ca c5f8 | 28c3 c5fa 
  0x00000298cb3c2e20: 109c 24f8 | 0000 004c | 8b84 2480 | 0000 0049 

  0x00000298cb3c2e30: ;   {metadata(method data for {method} {0x00000298e8c8a6b8} 'shape' '(Lcom/sun/javafx/text/TextRun;[CLcom/sun/javafx/text/GlyphLayout;)V' in 'com/sun/javafx/text/PrismTextLayout')}
  0x00000298cb3c2e30: 8bd0 48be | 0000 40ea | 9802 0000 | 4883 86f8 | 0400 0001 

  0x00000298cb3c2e44: ;   {metadata(method data for {method} {0x00000298e906e818} 'setMetrics' '(FFF)V' in 'com/sun/javafx/text/TextRun')}
  0x00000298cb3c2e44: 48ba 980a | 8dea 9802 | 0000 8bb2 | 9000 0000 | 83c6 0289 | b290 0000 | 0081 e6fe | ff1f 0085 
  0x00000298cb3c2e64: f60f 84de | 1300 00c4 | c17a 1140 | 20c4 c17a | 1148 24c4 | c17a 1158 

  0x00000298cb3c2e7c: ;   {metadata(method data for {method} {0x00000298e8c8a6b8} 'shape' '(Lcom/sun/javafx/text/TextRun;[CLcom/sun/javafx/text/GlyphLayout;)V' in 'com/sun/javafx/text/PrismTextLayout')}
  0x00000298cb3c2e7c: 2848 ba00 | 0040 ea98 | 0200 00ff | 8218 0500 | 00e9 3d01 | 0000 4c8b | 8424 8000 | 0000 488b 
  0x00000298cb3c2e9c: d048 85d2 | 0f84 2500 

  0x00000298cb3c2ea4: ;   {metadata('com/sun/javafx/font/PrismMetrics')}
  0x00000298cb3c2ea4: 0000 48b8 | 10e3 3033 | 0000 0000 | 8b5a 0841 | ba00 0000 | 3249 03da | 483b 4338 | 0f85 a413 
  0x00000298cb3c2ec4: 0000 e900 | 0000 0048 | 8bf2 483b | 0248 8bc2 

  0x00000298cb3c2ed4: ;   {metadata(method data for {method} {0x00000298e8c8a6b8} 'shape' '(Lcom/sun/javafx/text/TextRun;[CLcom/sun/javafx/text/GlyphLayout;)V' in 'com/sun/javafx/text/PrismTextLayout')}
  0x00000298cb3c2ed4: 48be 0000 | 40ea 9802 | 0000 4883 | 8640 0500 | 0001 c5fa | 1042 0c48 | 85d2 0f84 | 2500 0000 
  0x00000298cb3c2ef4: ;   {metadata('com/sun/javafx/font/PrismMetrics')}
  0x00000298cb3c2ef4: 48b8 10e3 | 3033 0000 | 0000 8b5a | 0841 ba00 | 0000 3249 | 03da 483b | 4338 0f85 | 6013 0000 
  0x00000298cb3c2f14: e900 0000 | 0048 8bf2 

  0x00000298cb3c2f1c: ;   {metadata(method data for {method} {0x00000298e8c8a6b8} 'shape' '(Lcom/sun/javafx/text/TextRun;[CLcom/sun/javafx/text/GlyphLayout;)V' in 'com/sun/javafx/text/PrismTextLayout')}
  0x00000298cb3c2f1c: 488b c248 | be00 0040 | ea98 0200 | 0048 8386 | 7005 0000 | 01c5 fa10 | 4a10 4885 | d20f 8425 
  0x00000298cb3c2f3c: ;   {metadata('com/sun/javafx/font/PrismMetrics')}
  0x00000298cb3c2f3c: 0000 0048 | b810 e330 | 3300 0000 | 008b 5a08 | 41ba 0000 | 0032 4903 | da48 3b43 | 380f 851a 
  0x00000298cb3c2f5c: 1300 00e9 | 0000 0000 | 488b f248 

  0x00000298cb3c2f68: ;   {metadata(method data for {method} {0x00000298e8c8a6b8} 'shape' '(Lcom/sun/javafx/text/TextRun;[CLcom/sun/javafx/text/GlyphLayout;)V' in 'com/sun/javafx/text/PrismTextLayout')}
  0x00000298cb3c2f68: 8bc2 48be | 0000 40ea | 9802 0000 | 4883 86a0 | 0500 0001 | c5fa 1052 | 1449 8bd0 

  0x00000298cb3c2f84: ;   {metadata(method data for {method} {0x00000298e8c8a6b8} 'shape' '(Lcom/sun/javafx/text/TextRun;[CLcom/sun/javafx/text/GlyphLayout;)V' in 'com/sun/javafx/text/PrismTextLayout')}
  0x00000298cb3c2f84: 48be 0000 | 40ea 9802 | 0000 4883 | 86d0 0500 

  0x00000298cb3c2f94: ;   {metadata(method data for {method} {0x00000298e906e818} 'setMetrics' '(FFF)V' in 'com/sun/javafx/text/TextRun')}
  0x00000298cb3c2f94: 0001 48ba | 980a 8dea | 9802 0000 | 8bb2 9000 | 0000 83c6 | 0289 b290 | 0000 0081 | e6fe ff1f 
  0x00000298cb3c2fb4: 0085 f60f | 84c1 1200 | 00c4 c17a | 1140 20c4 | c17a 1148 | 24c4 c17a | 1150 2849 

  0x00000298cb3c2fd0: ;   {metadata(method data for {method} {0x00000298e8c8a6b8} 'shape' '(Lcom/sun/javafx/text/TextRun;[CLcom/sun/javafx/text/GlyphLayout;)V' in 'com/sun/javafx/text/PrismTextLayout')}
  0x00000298cb3c2fd0: 8bd0 48be | 0000 40ea | 9802 0000 | 4883 8600 | 0600 0001 

  0x00000298cb3c2fe4: ;   {metadata(method data for {method} {0x00000298e906bdb8} 'isTab' '()Z' in 'com/sun/javafx/text/TextRun')}
  0x00000298cb3c2fe4: 48ba a0fb | 2fea 9802 | 0000 8bb2 | 9000 0000 | 83c6 0289 | b290 0000 | 0081 e6fe | ff1f 0085 
  0x00000298cb3c3004: f60f 8494 | 1200 0041 | 8b50 2c48 | 8bf2 83e6 

  0x00000298cb3c3014: ;   {metadata(method data for {method} {0x00000298e906bdb8} 'isTab' '()Z' in 'com/sun/javafx/text/TextRun')}
  0x00000298cb3c3014: 0185 f648 | bea0 fb2f | ea98 0200 | 00bf d800 | 0000 7405 | bfe8 0000 | 0048 8b1c | 3e48 8d5b 
  0x00000298cb3c3034: 0148 891c | 3e0f 841a 

  0x00000298cb3c303c: ;   {metadata(method data for {method} {0x00000298e906bdb8} 'isTab' '()Z' in 'com/sun/javafx/text/TextRun')}
  0x00000298cb3c303c: 0000 0048 | bea0 fb2f | ea98 0200 | 00ff 86f8 | 0000 00be | 0100 0000 | e905 0000 | 00be 0000 
  0x00000298cb3c305c: 0000 83e6 

  0x00000298cb3c3060: ;   {metadata(method data for {method} {0x00000298e8c8a6b8} 'shape' '(Lcom/sun/javafx/text/TextRun;[CLcom/sun/javafx/text/GlyphLayout;)V' in 'com/sun/javafx/text/PrismTextLayout')}
  0x00000298cb3c3060: 0185 f648 | be00 0040 | ea98 0200 | 00bf 3006 | 0000 7505 | bf20 0600 | 0048 8b1c | 3e48 8d5b 
  0x00000298cb3c3080: 0148 891c | 3e0f 8592 | 0f00 0049 

  0x00000298cb3c308c: ;   {metadata(method data for {method} {0x00000298e8c8a6b8} 'shape' '(Lcom/sun/javafx/text/TextRun;[CLcom/sun/javafx/text/GlyphLayout;)V' in 'com/sun/javafx/text/PrismTextLayout')}
  0x00000298cb3c308c: 8bf0 48bf | 0000 40ea | 9802 0000 | 4883 8750 | 0600 0001 

  0x00000298cb3c30a0: ;   {metadata(method data for {method} {0x00000298e906bad8} 'isLinebreak' '()Z' in 'com/sun/javafx/text/TextRun')}
  0x00000298cb3c30a0: 48be d8fc | 2fea 9802 | 0000 8bbe | 9000 0000 | 83c7 0289 | be90 0000 | 0081 e7fe | ff1f 0085 
  0x00000298cb3c30c0: ff0f 84f9 | 1100 0048 | 8bf2 83e6 

  0x00000298cb3c30cc: ;   {metadata(method data for {method} {0x00000298e906bad8} 'isLinebreak' '()Z' in 'com/sun/javafx/text/TextRun')}
  0x00000298cb3c30cc: 0285 f648 | bed8 fc2f | ea98 0200 | 00bf d800 | 0000 7405 | bfe8 0000 | 0048 8b1c | 3e48 8d5b 
  0x00000298cb3c30ec: 0148 891c | 3e0f 841a 

  0x00000298cb3c30f4: ;   {metadata(method data for {method} {0x00000298e906bad8} 'isLinebreak' '()Z' in 'com/sun/javafx/text/TextRun')}
  0x00000298cb3c30f4: 0000 0048 | bed8 fc2f | ea98 0200 | 00ff 86f8 | 0000 00be | 0100 0000 | e905 0000 | 00be 0000 
  0x00000298cb3c3114: 0000 83e6 

  0x00000298cb3c3118: ;   {metadata(method data for {method} {0x00000298e8c8a6b8} 'shape' '(Lcom/sun/javafx/text/TextRun;[CLcom/sun/javafx/text/GlyphLayout;)V' in 'com/sun/javafx/text/PrismTextLayout')}
  0x00000298cb3c3118: 0185 f648 | be00 0040 | ea98 0200 | 00bf 8006 | 0000 7505 | bf70 0600 | 0048 8b1c | 3e48 8d5b 
  0x00000298cb3c3138: 0148 891c | 3e0f 85c7 | 0e00 0049 

  0x00000298cb3c3144: ;   {metadata(method data for {method} {0x00000298e8c8a6b8} 'shape' '(Lcom/sun/javafx/text/TextRun;[CLcom/sun/javafx/text/GlyphLayout;)V' in 'com/sun/javafx/text/PrismTextLayout')}
  0x00000298cb3c3144: 8bf0 48bf | 0000 40ea | 9802 0000 | 4883 87a0 | 0600 0001 | 418b 700c 

  0x00000298cb3c315c: ;   {metadata(method data for {method} {0x00000298e8c8a6b8} 'shape' '(Lcom/sun/javafx/text/TextRun;[CLcom/sun/javafx/text/GlyphLayout;)V' in 'com/sun/javafx/text/PrismTextLayout')}
  0x00000298cb3c315c: 85f6 48be | 0000 40ea | 9802 0000 | bfd0 0600 | 007f 05bf | c006 0000 | 488b 1c3e | 488d 5b01 
  0x00000298cb3c317c: 4889 1c3e | 0f8f 710e | 0000 498b 

  0x00000298cb3c3188: ;   {metadata(method data for {method} {0x00000298e8c8a6b8} 'shape' '(Lcom/sun/javafx/text/TextRun;[CLcom/sun/javafx/text/GlyphLayout;)V' in 'com/sun/javafx/text/PrismTextLayout')}
  0x00000298cb3c3188: f048 bf00 | 0040 ea98 | 0200 0048 | 8387 f006 

  0x00000298cb3c3198: ;   {metadata(method data for {method} {0x00000298e906e210} 'isComplex' '()Z' in 'com/sun/javafx/text/TextRun')}
  0x00000298cb3c3198: 0000 0148 | beb0 1540 | ea98 0200 | 008b be90 | 0000 0083 | c702 89be | 9000 0000 | 81e7 feff 
  0x00000298cb3c31b8: 1f00 85ff | 0f84 1f11 | 0000 83e2 

  0x00000298cb3c31c4: ;   {metadata(method data for {method} {0x00000298e906e210} 'isComplex' '()Z' in 'com/sun/javafx/text/TextRun')}
  0x00000298cb3c31c4: 2085 d248 | bab0 1540 | ea98 0200 | 00be d800 | 0000 7405 | bee8 0000 | 0048 8b3c | 3248 8d7f 
  0x00000298cb3c31e4: 0148 893c | 320f 841a 

  0x00000298cb3c31ec: ;   {metadata(method data for {method} {0x00000298e906e210} 'isComplex' '()Z' in 'com/sun/javafx/text/TextRun')}
  0x00000298cb3c31ec: 0000 0048 | bab0 1540 | ea98 0200 | 00ff 82f8 | 0000 00ba | 0100 0000 | e905 0000 | 00ba 0000 
  0x00000298cb3c320c: 0000 83e2 

  0x00000298cb3c3210: ;   {metadata(method data for {method} {0x00000298e8c8a6b8} 'shape' '(Lcom/sun/javafx/text/TextRun;[CLcom/sun/javafx/text/GlyphLayout;)V' in 'com/sun/javafx/text/PrismTextLayout')}
  0x00000298cb3c3210: 0185 d248 | ba00 0040 | ea98 0200 | 00be 2007 | 0000 7505 | be10 0700 | 0048 8b3c | 3248 8d7f 
  0x00000298cb3c3230: 0148 893c | 320f 852d | 0d00 0048 | 8b84 24b0 | 0000 0048 | 3b00 488b 

  0x00000298cb3c3248: ;   {metadata(method data for {method} {0x00000298e8c8a6b8} 'shape' '(Lcom/sun/javafx/text/TextRun;[CLcom/sun/javafx/text/GlyphLayout;)V' in 'com/sun/javafx/text/PrismTextLayout')}
  0x00000298cb3c3248: f048 bf00 | 0040 ea98 | 0200 008b | 7608 41ba | 0000 0032 | 4903 f248 | 3bb7 8007 | 0000 750d 
  0x00000298cb3c3268: 4883 8788 | 0700 0001 | e960 0000 | 0048 3bb7 | 9007 0000 | 750d 4883 | 8798 0700 | 0001 e94a 
  0x00000298cb3c3288: 0000 0048 | 83bf 8007 | 0000 0075 | 1748 89b7 | 8007 0000 | 48c7 8788 | 0700 0001 | 0000 00e9 
  0x00000298cb3c32a8: 2900 0000 | 4883 bf90 | 0700 0000 | 7517 4889 | b790 0700 | 0048 c787 | 9807 0000 | 0100 0000 
  0x00000298cb3c32c8: e908 0000 | 0048 8387 | 7807 0000 | 0148 8bd0 | 4889 8424 | b000 0000 | 0f1f 4400 | 0048 b870 
  0x00000298cb3c32e8: 952e 8198 

  0x00000298cb3c32ec: ;   {virtual_call}
  0x00000298cb3c32ec: 0200 00e8 

  0x00000298cb3c32f0: ; ImmutableOopMap {[120]=Oop [128]=Oop [136]=Oop [176]=Oop }
                      ;*invokeinterface getFontResource {reexecute=0 rethrow=0 return_oop=0}
                      ; - com.sun.javafx.text.PrismTextLayout::shape@335 (line 885)
  0x00000298cb3c32f0: 9e7b 2807 

  0x00000298cb3c32f4: ;   {post_call_nop}
  0x00000298cb3c32f4: 0f1f 8400 | 6c15 0008 | 4889 8424 | c000 0000 | 4c8b 8424 | 8000 0000 

  0x00000298cb3c330c: ;   {metadata(method data for {method} {0x00000298e8c8a6b8} 'shape' '(Lcom/sun/javafx/text/TextRun;[CLcom/sun/javafx/text/GlyphLayout;)V' in 'com/sun/javafx/text/PrismTextLayout')}
  0x00000298cb3c330c: 48ba 0000 | 40ea 9802 | 0000 4883 | 82b8 0700 | 0001 4c8b | 8424 8000 | 0000 418b | 7010 89b4 
  0x00000298cb3c332c: 24cc 0000 | 0049 8bd0 

  0x00000298cb3c3334: ;   {metadata(method data for {method} {0x00000298e8c8a6b8} 'shape' '(Lcom/sun/javafx/text/TextRun;[CLcom/sun/javafx/text/GlyphLayout;)V' in 'com/sun/javafx/text/PrismTextLayout')}
  0x00000298cb3c3334: 48bf 0000 | 40ea 9802 | 0000 4883 | 87e8 0700 | 0001 418b | 7814 89bc | 24c8 0000 | 0048 8b54 
  0x00000298cb3c3354: 2478 8b5a | 4c48 c1e3 | 0348 85db 

  0x00000298cb3c3360: ;   {metadata(method data for {method} {0x00000298e8c8a6b8} 'shape' '(Lcom/sun/javafx/text/TextRun;[CLcom/sun/javafx/text/GlyphLayout;)V' in 'com/sun/javafx/text/PrismTextLayout')}
  0x00000298cb3c3360: 48b9 0000 | 40ea 9802 | 0000 41b9 | 0808 0000 | 7506 41b9 | 1808 0000 | 4e8b 1c09 | 4d8d 5b01 
  0x00000298cb3c3380: 4e89 1c09 | 0f85 1d05 | 0000 488b | 9424 b000 

  0x00000298cb3c3390: ;   {metadata(method data for {method} {0x00000298e8c8a6b8} 'shape' '(Lcom/sun/javafx/text/TextRun;[CLcom/sun/javafx/text/GlyphLayout;)V' in 'com/sun/javafx/text/PrismTextLayout')}
  0x00000298cb3c3390: 0000 48bb | 0000 40ea | 9802 0000 | 8b52 0841 | ba00 0000 | 3249 03d2 | 483b 9330 | 0800 0075 
  0x00000298cb3c33b0: 0d48 8383 | 3808 0000 | 01e9 6000 | 0000 483b | 9340 0800 | 0075 0d48 | 8383 4808 | 0000 01e9 
  0x00000298cb3c33d0: 4a00 0000 | 4883 bb30 | 0800 0000 | 7517 4889 | 9330 0800 | 0048 c783 | 3808 0000 | 0100 0000 
  0x00000298cb3c33f0: e929 0000 | 0048 83bb | 4008 0000 | 0075 1748 | 8993 4008 | 0000 48c7 | 8348 0800 | 0001 0000 
  0x00000298cb3c3410: 00e9 0800 | 0000 4883 | 8328 0800 | 0001 488b | 9424 b000 | 0000 0f1f | 8000 0000 | 0048 b898 
  0x00000298cb3c3430: 952e 8198 

  0x00000298cb3c3434: ;   {virtual_call}
  0x00000298cb3c3434: 0200 00e8 

  0x00000298cb3c3438: ; ImmutableOopMap {[128]=Oop [136]=Oop [192]=Oop }
                      ;*invokeinterface getSize {reexecute=0 rethrow=0 return_oop=0}
                      ; - com.sun.javafx.text.PrismTextLayout::shape@363 (line 891)
  0x00000298cb3c3438: 5683 2807 

  0x00000298cb3c343c: ;   {post_call_nop}
  0x00000298cb3c343c: 0f1f 8400 | b416 0009 | c5fa 1184 | 24fc 0000 | 0048 8b84 | 24c0 0000 | 0048 3b00 

  0x00000298cb3c3458: ;   {metadata(method data for {method} {0x00000298e8c8a6b8} 'shape' '(Lcom/sun/javafx/text/TextRun;[CLcom/sun/javafx/text/GlyphLayout;)V' in 'com/sun/javafx/text/PrismTextLayout')}
  0x00000298cb3c3458: 488b d048 | be00 0040 | ea98 0200 | 008b 5208 | 41ba 0000 | 0032 4903 | d248 3b96 | 6008 0000 
  0x00000298cb3c3478: 750d 4883 | 8668 0800 | 0001 e960 | 0000 0048 | 3b96 7008 | 0000 750d | 4883 8678 | 0800 0001 
  0x00000298cb3c3498: e94a 0000 | 0048 83be | 6008 0000 | 0075 1748 | 8996 6008 | 0000 48c7 | 8668 0800 | 0001 0000 
  0x00000298cb3c34b8: 00e9 2900 | 0000 4883 | be70 0800 | 0000 7517 | 4889 9670 | 0800 0048 | c786 7808 | 0000 0100 
  0x00000298cb3c34d8: 0000 e908 | 0000 0048 | 8386 5808 | 0000 0148 | 8bd0 6666 | 9048 b8c0 | 952e 8198 

  0x00000298cb3c34f4: ;   {virtual_call}
  0x00000298cb3c34f4: 0200 00e8 

  0x00000298cb3c34f8: ; ImmutableOopMap {[128]=Oop [136]=Oop [192]=Oop }
                      ;*invokeinterface getGlyphMapper {reexecute=0 rethrow=0 return_oop=0}
                      ; - com.sun.javafx.text.PrismTextLayout::shape@372 (line 892)
  0x00000298cb3c34f8: 8639 1e07 

  0x00000298cb3c34fc: ;   {post_call_nop}
  0x00000298cb3c34fc: 0f1f 8400 | 7417 000a | 4c8b d88b | 9c24 c800 

  0x00000298cb3c350c: ;   {metadata({type array int})}
  0x00000298cb3c350c: 0000 48ba | 5847 1832 | 0000 0000 | 4863 db48 | 8bfb 4881 | fbff ffff | 000f 87e1 | 0d00 00be 
  0x00000298cb3c352c: 1700 0000 | 488d 349e | 4883 e6f8 | 498b 87c8 | 0100 0048 | 8d34 3049 | 3bb7 d801 | 0000 0f87 
  0x00000298cb3c354c: bc0d 0000 | 4989 b7c8 | 0100 0048 | 2bf0 48c7 | 0001 0000 | 0048 8bca | 41ba 0000 | 0032 492b 
  0x00000298cb3c356c: ca89 4808 | 8958 0c48 | 83ee 1048 | 85f6 0f84 | 1100 0000 | 4833 db48 | c1ee 0348 | 895c f008 
  0x00000298cb3c358c: 48ff ce75 | f648 8984 | 24d0 0000 | 0049 3b03 

  0x00000298cb3c359c: ;   {metadata(method data for {method} {0x00000298e8c8a6b8} 'shape' '(Lcom/sun/javafx/text/TextRun;[CLcom/sun/javafx/text/GlyphLayout;)V' in 'com/sun/javafx/text/PrismTextLayout')}
  0x00000298cb3c359c: 4d8b c349 | b900 0040 | ea98 0200 | 0045 8b40 | 0841 ba00 | 0000 324d | 03c2 4d3b | 8190 0800 
  0x00000298cb3c35bc: 0075 0d49 | 8381 9808 | 0000 01e9 | 6000 0000 | 4d3b 81a0 | 0800 0075 | 0d49 8381 | a808 0000 
  0x00000298cb3c35dc: 01e9 4a00 | 0000 4983 | b990 0800 | 0000 7517 | 4d89 8190 | 0800 0049 | c781 9808 | 0000 0100 
  0x00000298cb3c35fc: 0000 e929 | 0000 0049 | 83b9 a008 | 0000 0075 | 174d 8981 | a008 0000 | 49c7 81a8 | 0800 0001 
  0x00000298cb3c361c: 0000 00e9 | 0800 0000 | 4983 8188 | 0800 0001 | 448b 8424 | cc00 0000 | 448b 8c24 | c800 0000 
  0x00000298cb3c363c: 488b bc24 | 8800 0000 | 488b f049 | 8bd3 0f1f 

  0x00000298cb3c364c: ;   {optimized virtual_call}
  0x00000298cb3c364c: 4400 00e8 

  0x00000298cb3c3650: ; ImmutableOopMap {[128]=Oop [192]=Oop [208]=Oop }
                      ;*invokevirtual charsToGlyphs {reexecute=0 rethrow=0 return_oop=0}
                      ; - com.sun.javafx.text.PrismTextLayout::shape@394 (line 896)
  0x00000298cb3c3650: 7910 0000 

  0x00000298cb3c3654: ;   {post_call_nop}
  0x00000298cb3c3654: 0f1f 8400 | cc18 000b | 8bbc 24c8 | 0000 00ff | c7d1 e748 

  0x00000298cb3c3668: ;   {metadata({type array float})}
  0x00000298cb3c3668: 8bdf 48ba | 583f 1832 | 0000 0000 | 4863 db48 | 8bfb 4881 | fbff ffff | 000f 8794 | 0c00 00be 
  0x00000298cb3c3688: 1700 0000 | 488d 349e | 4883 e6f8 | 498b 87c8 | 0100 0048 | 8d34 3049 | 3bb7 d801 | 0000 0f87 
  0x00000298cb3c36a8: 6f0c 0000 | 4989 b7c8 | 0100 0048 | 2bf0 48c7 | 0001 0000 | 0048 8bca | 41ba 0000 | 0032 492b 
  0x00000298cb3c36c8: ca89 4808 | 8958 0c48 | 83ee 1048 | 85f6 0f84 | 1100 0000 | 4833 db48 | c1ee 0348 | 895c f008 
  0x00000298cb3c36e8: 48ff ce75 | f648 8984 | 24e0 0000 | 00be 0000 

  0x00000298cb3c36f8: ;   {section_word}
  0x00000298cb3c36f8: 0000 c5fa | 100d aee7 | ffff e948 | 0100 0090 | 3b70 0c0f | 8314 0c00 | 004c 63c6 | 468b 4480 
  0x00000298cb3c3718: 1048 8bd3 

  0x00000298cb3c371c: ;   {metadata(method data for {method} {0x00000298e8c8a6b8} 'shape' '(Lcom/sun/javafx/text/TextRun;[CLcom/sun/javafx/text/GlyphLayout;)V' in 'com/sun/javafx/text/PrismTextLayout')}
  0x00000298cb3c371c: 49b9 0000 | 40ea 9802 | 0000 8b52 | 0841 ba00 | 0000 3249 | 03d2 493b | 91e0 0800 | 0075 0d49 
  0x00000298cb3c373c: 8381 e808 | 0000 01e9 | 6000 0000 | 493b 91f0 | 0800 0075 | 0d49 8381 | f808 0000 | 01e9 4a00 
  0x00000298cb3c375c: 0000 4983 | b9e0 0800 | 0000 7517 | 4989 91e0 | 0800 0049 | c781 e808 | 0000 0100 | 0000 e929 
  0x00000298cb3c377c: 0000 0049 | 83b9 f008 | 0000 0075 | 1749 8991 | f008 0000 | 49c7 81f8 | 0800 0001 | 0000 00e9 
  0x00000298cb3c379c: 0800 0000 | 4983 81d8 | 0800 0001 | c5f8 28d0 | c5f8 28c2 | 488b d389 | b424 d800 | 0000 6666 
  0x00000298cb3c37bc: 9048 b8e8 | 952e 8198 

  0x00000298cb3c37c4: ;   {virtual_call}
  0x00000298cb3c37c4: 0200 00e8 

  0x00000298cb3c37c8: ; ImmutableOopMap {[128]=Oop [192]=Oop [208]=Oop [224]=Oop }
                      ;*invokeinterface getAdvance {reexecute=0 rethrow=0 return_oop=0}
                      ; - com.sun.javafx.text.PrismTextLayout::shape@429 (line 900)
  0x00000298cb3c37c8: c646 2c00 

  0x00000298cb3c37cc: ;   {post_call_nop}
  0x00000298cb3c37cc: 0f1f 8400 | 441a 000c | 8bb4 24d8 | 0000 00d1 | e648 8b84 | 24e0 0000 | 003b 700c | 0f83 450b 
  0x00000298cb3c37ec: 0000 4863 | f6c5 fa10 | 8c24 0001 | 0000 c5fa | 114c b010 | c5fa 58c1 | 8bb4 24d8 | 0000 00ff 
  0x00000298cb3c380c: ;   {metadata(method data for {method} {0x00000298e8c8a6b8} 'shape' '(Lcom/sun/javafx/text/TextRun;[CLcom/sun/javafx/text/GlyphLayout;)V' in 'com/sun/javafx/text/PrismTextLayout')}
  0x00000298cb3c380c: c648 ba00 | 0040 ea98 | 0200 008b | ba94 0000 | 0083 c702 | 89ba 9400 | 0000 81e7 | fe3f 0000 
  0x00000298cb3c382c: 85ff 0f84 | 0d0b 0000 

  0x00000298cb3c3834: ; ImmutableOopMap {rax=Oop [128]=Oop [192]=Oop [208]=Oop [224]=Oop }
                      ;*goto {reexecute=1 rethrow=0 return_oop=0}
                      ; - (reexecute) com.sun.javafx.text.PrismTextLayout::shape@455 (line 899)
  0x00000298cb3c3834: 4d8b 5730 

  0x00000298cb3c3838: ;   {poll}
  0x00000298cb3c3838: 4185 0248 | ba00 0040 | ea98 0200 | 00ff 8208 | 0900 00c5 | f828 c8c5 | fa11 8c24 | 0001 0000 
  0x00000298cb3c3858: 488b 8424 | d000 0000 | c5fa 1084 | 24fc 0000 | 008b bc24 | c800 0000 | 488b 9c24 | c000 0000 
  0x00000298cb3c3878: ;   {metadata(method data for {method} {0x00000298e8c8a6b8} 'shape' '(Lcom/sun/javafx/text/TextRun;[CLcom/sun/javafx/text/GlyphLayout;)V' in 'com/sun/javafx/text/PrismTextLayout')}
  0x00000298cb3c3878: 3bf7 49b8 | 0000 40ea | 9802 0000 | bab8 0800 | 007d 05ba | c808 0000 | 4d8b 0c10 | 4d8d 4901 
  0x00000298cb3c3898: 4d89 0c10 | 0f8d ac05 | 0000 e961 | feff ff0f | be73 1c85 

  0x00000298cb3c38ac: ;   {metadata(method data for {method} {0x00000298e8c8a6b8} 'shape' '(Lcom/sun/javafx/text/TextRun;[CLcom/sun/javafx/text/GlyphLayout;)V' in 'com/sun/javafx/text/PrismTextLayout')}
  0x00000298cb3c38ac: f648 be00 | 0040 ea98 | 0200 00bf | 7809 0000 | 7405 bf68 | 0900 0048 | 8b1c 3e48 | 8d5b 0148 
  0x00000298cb3c38cc: 891c 3e0f | 8415 0000 | 0044 8b84 | 24c8 0000 | 0048 8bbc | 2480 0000 | 00e9 7b04 | 0000 488b 
  0x00000298cb3c38ec: bc24 b000 

  0x00000298cb3c38f0: ;   {metadata(method data for {method} {0x00000298e8c8a6b8} 'shape' '(Lcom/sun/javafx/text/TextRun;[CLcom/sun/javafx/text/GlyphLayout;)V' in 'com/sun/javafx/text/PrismTextLayout')}
  0x00000298cb3c38f0: 0000 48bb | 0000 40ea | 9802 0000 | 8b7f 0841 | ba00 0000 | 3249 03fa | 483b bb90 | 0900 0075 
  0x00000298cb3c3910: 0d48 8383 | 9809 0000 | 01e9 6000 | 0000 483b | bba0 0900 | 0075 0d48 | 8383 a809 | 0000 01e9 
  0x00000298cb3c3930: 4a00 0000 | 4883 bb90 | 0900 0000 | 7517 4889 | bb90 0900 | 0048 c783 | 9809 0000 | 0100 0000 
  0x00000298cb3c3950: e929 0000 | 0048 83bb | a009 0000 | 0075 1748 | 89bb a009 | 0000 48c7 | 83a8 0900 | 0001 0000 
  0x00000298cb3c3970: 00e9 0800 | 0000 4883 | 8388 0900 | 0001 488b | 9424 b000 | 0000 0f1f | 8000 0000 | 0048 b810 
  0x00000298cb3c3990: 962e 8198 

  0x00000298cb3c3994: ;   {virtual_call}
  0x00000298cb3c3994: 0200 00e8 

  0x00000298cb3c3998: ; ImmutableOopMap {[120]=Oop [128]=Oop [136]=Oop [192]=Oop }
                      ;*invokeinterface getSize {reexecute=0 rethrow=0 return_oop=0}
                      ; - com.sun.javafx.text.PrismTextLayout::shape@493 (line 912)
  0x00000298cb3c3998: f67d 2807 

  0x00000298cb3c399c: ;   {post_call_nop}
  0x00000298cb3c399c: 0f1f 8400 | 141c 000e | c5fa 1184 | 2404 0100 | 0048 8b84 | 24c0 0000 | 0048 3b00 

  0x00000298cb3c39b8: ;   {metadata(method data for {method} {0x00000298e8c8a6b8} 'shape' '(Lcom/sun/javafx/text/TextRun;[CLcom/sun/javafx/text/GlyphLayout;)V' in 'com/sun/javafx/text/PrismTextLayout')}
  0x00000298cb3c39b8: 488b d048 | be00 0040 | ea98 0200 | 008b 5208 | 41ba 0000 | 0032 4903 | d248 3b96 | c009 0000 
  0x00000298cb3c39d8: 750d 4883 | 86c8 0900 | 0001 e960 | 0000 0048 | 3b96 d009 | 0000 750d | 4883 86d8 | 0900 0001 
  0x00000298cb3c39f8: e94a 0000 | 0048 83be | c009 0000 | 0075 1748 | 8996 c009 | 0000 48c7 | 86c8 0900 | 0001 0000 
  0x00000298cb3c3a18: 00e9 2900 | 0000 4883 | bed0 0900 | 0000 7517 | 4889 96d0 | 0900 0048 | c786 d809 | 0000 0100 
  0x00000298cb3c3a38: 0000 e908 | 0000 0048 | 8386 b809 | 0000 0148 | 8bd0 6666 | 9048 b838 | 962e 8198 

  0x00000298cb3c3a54: ;   {virtual_call}
  0x00000298cb3c3a54: 0200 00e8 

  0x00000298cb3c3a58: ; ImmutableOopMap {[120]=Oop [128]=Oop [136]=Oop [192]=Oop }
                      ;*invokeinterface getGlyphMapper {reexecute=0 rethrow=0 return_oop=0}
                      ; - com.sun.javafx.text.PrismTextLayout::shape@502 (line 913)
  0x00000298cb3c3a58: 040e d606 

  0x00000298cb3c3a5c: ;   {post_call_nop}
  0x00000298cb3c3a5c: 0f1f 8400 | d41c 000f | 488b 5424 | 7844 8b42 | 4c49 c1e0 | 0341 8b70 | 2048 c1e6 | 0348 3b00 
  0x00000298cb3c3a7c: ;   {metadata(method data for {method} {0x00000298e8c8a6b8} 'shape' '(Lcom/sun/javafx/text/TextRun;[CLcom/sun/javafx/text/GlyphLayout;)V' in 'com/sun/javafx/text/PrismTextLayout')}
  0x00000298cb3c3a7c: 4c8b c049 | b900 0040 | ea98 0200 | 0045 8b40 | 0841 ba00 | 0000 324d | 03c2 4d3b | 81f0 0900 
  0x00000298cb3c3a9c: 0075 0d49 | 8381 f809 | 0000 01e9 | 6000 0000 | 4d3b 8100 | 0a00 0075 | 0d49 8381 | 080a 0000 
  0x00000298cb3c3abc: 01e9 4a00 | 0000 4983 | b9f0 0900 | 0000 7517 | 4d89 81f0 | 0900 0049 | c781 f809 | 0000 0100 
  0x00000298cb3c3adc: 0000 e929 | 0000 0049 | 83b9 000a | 0000 0075 | 174d 8981 | 000a 0000 | 49c7 8108 | 0a00 0001 
  0x00000298cb3c3afc: 0000 00e9 | 0800 0000 | 4983 81e8 | 0900 0001 | 448b 8424 | cc00 0000 | 448b 8c24 | c800 0000 
  0x00000298cb3c3b1c: 488b bc24 | 8800 0000 | 8b8c 24cc | 0000 0048 

  0x00000298cb3c3b2c: ;   {optimized virtual_call}
  0x00000298cb3c3b2c: 8bd0 90e8 

  0x00000298cb3c3b30: ; ImmutableOopMap {[120]=Oop [128]=Oop [192]=Oop }
                      ;*invokevirtual charsToGlyphs {reexecute=0 rethrow=0 return_oop=0}
                      ; - com.sun.javafx.text.PrismTextLayout::shape@525 (line 914)
  0x00000298cb3c3b30: 6c6d ffff 

  0x00000298cb3c3b34: ;   {post_call_nop}
  0x00000298cb3c3b34: 0f1f 8400 | ac1d 0010 | 8bb4 24cc | 0000 0003 | b424 c800 | 0000 89b4 | 24e8 0000 | 008b bc24 
  0x00000298cb3c3b54: cc00 0000 

  0x00000298cb3c3b58: ;   {section_word}
  0x00000298cb3c3b58: c5fa 100d | 54e3 ffff | c5fa 118c | 2408 0100 | 00c5 fa10 | 8424 0401 | 0000 488b | 8424 c000 
  0x00000298cb3c3b78: 0000 488b | 5424 78e9 | 8401 0000 | 0f1f 4000 | 448b 424c | 49c1 e003 

  0x00000298cb3c3b90: ; implicit exception: dispatches to 0x00000298cb3c4376
  0x00000298cb3c3b90: 458b 4020 | 49c1 e003 

  0x00000298cb3c3b98: ; implicit exception: dispatches to 0x00000298cb3c437b
  0x00000298cb3c3b98: 413b 780c | 0f83 e307 | 0000 4863 | df45 8b44 | 9810 488b 

  0x00000298cb3c3bac: ;   {metadata(method data for {method} {0x00000298e8c8a6b8} 'shape' '(Lcom/sun/javafx/text/TextRun;[CLcom/sun/javafx/text/GlyphLayout;)V' in 'com/sun/javafx/text/PrismTextLayout')}
  0x00000298cb3c3bac: d848 b900 | 0040 ea98 | 0200 008b | 5b08 41ba | 0000 0032 | 4903 da48 | 3b99 400a | 0000 750d 
  0x00000298cb3c3bcc: 4883 8148 | 0a00 0001 | e960 0000 | 0048 3b99 | 500a 0000 | 750d 4883 | 8158 0a00 | 0001 e94a 
  0x00000298cb3c3bec: 0000 0048 | 83b9 400a | 0000 0075 | 1748 8999 | 400a 0000 | 48c7 8148 | 0a00 0001 | 0000 00e9 
  0x00000298cb3c3c0c: 2900 0000 | 4883 b950 | 0a00 0000 | 7517 4889 | 9950 0a00 | 0048 c781 | 580a 0000 | 0100 0000 
  0x00000298cb3c3c2c: e908 0000 | 0048 8381 | 380a 0000 | 01c5 f828 | d0c5 f828 | c248 8bd0 | 89bc 24dc | 0000 0066 
  0x00000298cb3c3c4c: 9048 b860 | 962e 8198 

  0x00000298cb3c3c54: ;   {virtual_call}
  0x00000298cb3c3c54: 0200 00e8 

  0x00000298cb3c3c58: ; ImmutableOopMap {[120]=Oop [128]=Oop [192]=Oop }
                      ;*invokeinterface getAdvance {reexecute=0 rethrow=0 return_oop=0}
                      ; - com.sun.javafx.text.PrismTextLayout::shape@563 (line 918)
  0x00000298cb3c3c58: f4a1 d006 

  0x00000298cb3c3c5c: ;   {post_call_nop}
  0x00000298cb3c3c5c: 0f1f 8400 | d41e 0011 | 488b 5424 | 7844 8b42 | 4c49 c1e0 | 0345 8b40 | 2449 c1e0 | 038b bc24 
  0x00000298cb3c3c7c: dc00 0000 

  0x00000298cb3c3c80: ; implicit exception: dispatches to 0x00000298cb3c4398
  0x00000298cb3c3c80: 413b 780c | 0f83 1807 | 0000 4c63 | cfc4 817a | 1144 8810 | c5fa 5884 | 2408 0100 

  0x00000298cb3c3c9c: ;   {metadata(method data for {method} {0x00000298e8c8a6b8} 'shape' '(Lcom/sun/javafx/text/TextRun;[CLcom/sun/javafx/text/GlyphLayout;)V' in 'com/sun/javafx/text/PrismTextLayout')}
  0x00000298cb3c3c9c: 00ff c749 | b800 0040 | ea98 0200 | 0045 8b88 | 9400 0000 | 4183 c102 | 4589 8894 | 0000 0041 
  0x00000298cb3c3cbc: 81e1 fe3f | 0000 4585 | c90f 84e5 | 0600 004d 

  0x00000298cb3c3ccc: ; ImmutableOopMap {rdx=Oop [120]=Oop [128]=Oop [192]=Oop }
                      ;*goto {reexecute=1 rethrow=0 return_oop=0}
                      ; - (reexecute) com.sun.javafx.text.PrismTextLayout::shape@592 (line 917)
                      ;   {poll}
  0x00000298cb3c3ccc: 8b57 3041 

  0x00000298cb3c3cd0: ;   {metadata(method data for {method} {0x00000298e8c8a6b8} 'shape' '(Lcom/sun/javafx/text/TextRun;[CLcom/sun/javafx/text/GlyphLayout;)V' in 'com/sun/javafx/text/PrismTextLayout')}
  0x00000298cb3c3cd0: 8502 49b8 | 0000 40ea | 9802 0000 | 41ff 8068 | 0a00 00c5 | f828 c8c5 | fa11 8c24 | 0801 0000 
  0x00000298cb3c3cf0: 8bb4 24e8 | 0000 00c5 | fa10 8424 | 0401 0000 | 488b 8424 | c000 0000 

  0x00000298cb3c3d08: ;   {metadata(method data for {method} {0x00000298e8c8a6b8} 'shape' '(Lcom/sun/javafx/text/TextRun;[CLcom/sun/javafx/text/GlyphLayout;)V' in 'com/sun/javafx/text/PrismTextLayout')}
  0x00000298cb3c3d08: 3bfe 49b8 | 0000 40ea | 9802 0000 | bb28 0a00 | 007c 05bb | 180a 0000 | 498b 0c18 | 488d 4901 
  0x00000298cb3c3d28: 4989 0c18 | 0f8c 56fe | ffff c5fa | 108c 2408 | 0100 0048 | 8bbc 2480 | 0000 004c 

  0x00000298cb3c3d44: ;   {metadata(method data for {method} {0x00000298e8c8a6b8} 'shape' '(Lcom/sun/javafx/text/TextRun;[CLcom/sun/javafx/text/GlyphLayout;)V' in 'com/sun/javafx/text/PrismTextLayout')}
  0x00000298cb3c3d44: 8bc7 49b9 | 0000 40ea | 9802 0000 | 4983 8190 | 0a00 0001 | c5fa 114f | 1844 8b84 | 24c8 0000 
  0x00000298cb3c3d64: 0044 8b4a | 4c49 c1e1 | 0341 8b71 | 2048 c1e6 | 0345 8b49 | 2449 c1e1 | 0348 8bd7 

  0x00000298cb3c3d80: ;   {metadata(method data for {method} {0x00000298e8c8a6b8} 'shape' '(Lcom/sun/javafx/text/TextRun;[CLcom/sun/javafx/text/GlyphLayout;)V' in 'com/sun/javafx/text/PrismTextLayout')}
  0x00000298cb3c3d80: 48bb 0000 | 40ea 9802 | 0000 4883 | 83c0 0a00 

  0x00000298cb3c3d90: ;   {metadata(method data for {method} {0x00000298e906f6b0} 'shape' '(I[I[F)V' in 'com/sun/javafx/text/TextRun')}
  0x00000298cb3c3d90: 0001 48ba | b0b0 8cea | 9802 0000 | 8b9a 9000 | 0000 83c3 | 0289 9a90 | 0000 0081 | e3fe ff1f 
  0x00000298cb3c3db0: 0085 db0f | 841d 0600 | 0044 8947 | 0c45 0fbe | 4748 4585 | c00f 852c | 0600 004c | 8bd6 49c1 
  0x00000298cb3c3dd0: ea03 4489 | 5740 4c8b | c74c 33c6 | 49c1 e816 | 4983 f800 | 0f85 2d06 | 0000 450f | be47 4845 
  0x00000298cb3c3df0: 85c0 0f85 | 3706 0000 | 4d8b d149 | c1ea 0344 | 8957 444c | 8bc7 4d33 | c149 c1e8 | 1649 83f8 
  0x00000298cb3c3e10: 000f 8538 | 0600 0045 | 0fbe 4748 | 4585 c00f | 8542 0600 | 00c7 4748 | 0000 0000 | 448b 472c 
  0x00000298cb3c3e30: 4181 c800 | 1000 0044 | 8947 2c48 | 81c4 2001 

  0x00000298cb3c3e40: ;   {poll_return}
  0x00000298cb3c3e40: 0000 5d49 | 3b67 280f | 873a 0600 | 00c3 c5fa | 108c 2400 | 0100 004c | 8bc8 4c8b | c748 8bbc 
  0x00000298cb3c3e60: 2480 0000 | 0048 8b84 | 24e0 0000 | 0049 8bf0 | d1e6 3b70 | 0c0f 8322 | 0600 0048 | 63f6 c5fa 
  0x00000298cb3c3e80: 114c b010 

  0x00000298cb3c3e84: ;   {metadata(method data for {method} {0x00000298e8c8a6b8} 'shape' '(Lcom/sun/javafx/text/TextRun;[CLcom/sun/javafx/text/GlyphLayout;)V' in 'com/sun/javafx/text/PrismTextLayout')}
  0x00000298cb3c3e84: 488b f748 | ba00 0040 | ea98 0200 

  0x00000298cb3c3e90: ;   {metadata('com/sun/javafx/text/TextRun')}
  0x00000298cb3c3e90: 0049 ba00 | cb30 3300 | 0000 004c | 8992 2809 | 0000 4883 | 8230 0900 

  0x00000298cb3c3ea8: ;   {metadata(method data for {method} {0x00000298e906f5f0} 'shape' '(I[I[F[I)V' in 'com/sun/javafx/text/TextRun')}
  0x00000298cb3c3ea8: 0001 48be | e018 8dea | 9802 0000 | 8b96 9000 | 0000 83c2 | 0289 9690 | 0000 0081 | e2fe ff1f 
  0x00000298cb3c3ec8: 0085 d20f | 84da 0500 | 0044 8947 | 0c45 0fbe | 4748 4585 | c00f 85e9 | 0500 004d | 8bd1 49c1 
  0x00000298cb3c3ee8: ea03 4489 | 5740 4c8b | c74d 33c1 | 49c1 e816 | 4983 f800 | 0f85 ea05 | 0000 450f | be47 4845 
  0x00000298cb3c3f08: 85c0 0f85 | f405 0000 | 4c8b d049 | c1ea 0344 | 8957 444c | 8bc7 4c33 | c049 c1e8 | 1649 83f8 
  0x00000298cb3c3f28: 000f 85f5 | 0500 0045 | 0fbe 4748 | 4585 c00f | 85ff 0500 | 00c7 4748 | 0000 0000 

  0x00000298cb3c3f44: ;   {metadata(method data for {method} {0x00000298e8c8a6b8} 'shape' '(Lcom/sun/javafx/text/TextRun;[CLcom/sun/javafx/text/GlyphLayout;)V' in 'com/sun/javafx/text/PrismTextLayout')}
  0x00000298cb3c3f44: 49b8 0000 | 40ea 9802 | 0000 41ff | 8050 0900 | 0048 81c4 | 2001 0000 

  0x00000298cb3c3f5c: ;   {poll_return}
  0x00000298cb3c3f5c: 5d49 3b67 | 280f 87f5 | 0500 00c3 | 488b b424 | a800 0000 | 488b 8424 | b000 0000 | 488b 9424 
  0x00000298cb3c3f7c: 9000 0000 | 488b 9c24 | 8800 0000 | 498b f848 | 3b02 4c8b 

  0x00000298cb3c3f90: ;   {metadata(method data for {method} {0x00000298e8c8a6b8} 'shape' '(Lcom/sun/javafx/text/TextRun;[CLcom/sun/javafx/text/GlyphLayout;)V' in 'com/sun/javafx/text/PrismTextLayout')}
  0x00000298cb3c3f90: c249 b900 | 0040 ea98 

  0x00000298cb3c3f98: ;   {metadata('com/sun/javafx/font/directwrite/DWGlyphLayout')}
  0x00000298cb3c3f98: 0200 0049 | ba10 cb0f | 3300 0000 | 004d 8991 | 3807 0000 | 4983 8140 | 0700 0001 | 4c8b c74c 
  0x00000298cb3c3fb8: 8bce 488b | f848 8bf3 | 0f1f 8000 

  0x00000298cb3c3fc4: ;   {optimized virtual_call}
  0x00000298cb3c3fc4: 0000 00e8 

  0x00000298cb3c3fc8: ; ImmutableOopMap {}
                      ;*invokevirtual layout {reexecute=0 rethrow=0 return_oop=0}
                      ; - com.sun.javafx.text.PrismTextLayout::shape@327 (line 883)
  0x00000298cb3c3fc8: 6107 0000 

  0x00000298cb3c3fcc: ;   {post_call_nop}
  0x00000298cb3c3fcc: 0f1f 8400 | 4422 0013 

  0x00000298cb3c3fd4: ;   {metadata(method data for {method} {0x00000298e8c8a6b8} 'shape' '(Lcom/sun/javafx/text/TextRun;[CLcom/sun/javafx/text/GlyphLayout;)V' in 'com/sun/javafx/text/PrismTextLayout')}
  0x00000298cb3c3fd4: 48b9 0000 | 40ea 9802 | 0000 ff81 | 6007 0000 | 4881 c420 | 0100 005d 

  0x00000298cb3c3fec: ;   {poll_return}
  0x00000298cb3c3fec: 493b 6728 | 0f87 8105 | 0000 c348 | 81c4 2001 

  0x00000298cb3c3ffc: ;   {poll_return}
  0x00000298cb3c3ffc: 0000 5d49 | 3b67 280f | 8784 0500 | 00c3 4881 | c420 0100 

  0x00000298cb3c4010: ;   {poll_return}
  0x00000298cb3c4010: 005d 493b | 6728 0f87 | 8705 0000 | c348 81c4 | 2001 0000 

  0x00000298cb3c4024: ;   {poll_return}
  0x00000298cb3c4024: 5d49 3b67 | 280f 878a | 0500 00c3 | 498b c8d3 | fe48 8b84 | 2498 0000 | 004c 8bc7 

  0x00000298cb3c4040: ;   {metadata(method data for {method} {0x00000298e8c8a6b8} 'shape' '(Lcom/sun/javafx/text/TextRun;[CLcom/sun/javafx/text/GlyphLayout;)V' in 'com/sun/javafx/text/PrismTextLayout')}
  0x00000298cb3c4040: 49b9 0000 | 40ea 9802 

  0x00000298cb3c4048: ;   {metadata('com/sun/javafx/text/TextRun')}
  0x00000298cb3c4048: 0000 49ba | 00cb 3033 | 0000 0000 | 4d89 9160 | 0200 0049 | 8381 6802 | 0000 014c | 8bc0 4c8b 
  0x00000298cb3c4068: ce48 8bd7 

  0x00000298cb3c406c: ;   {optimized virtual_call}
  0x00000298cb3c406c: 6666 90e8 

  0x00000298cb3c4070: ; ImmutableOopMap {}
                      ;*invokevirtual setEmbedded {reexecute=0 rethrow=0 return_oop=0}
                      ; - com.sun.javafx.text.PrismTextLayout::shape@61 (line 835)
  0x00000298cb3c4070: 6cb1 a206 

  0x00000298cb3c4074: ;   {post_call_nop}
  0x00000298cb3c4074: 0f1f 8400 | ec22 0014 | 4881 c420 | 0100 005d 

  0x00000298cb3c4084: ;   {poll_return}
  0x00000298cb3c4084: 493b 6728 | 0f87 4105 | 0000 c348 | 81c4 2001 

  0x00000298cb3c4094: ;   {poll_return}
  0x00000298cb3c4094: 0000 5d49 | 3b67 280f | 8744 0500 

  0x00000298cb3c40a0: ;   {metadata({method} {0x00000298e8c8a6b8} 'shape' '(Lcom/sun/javafx/text/TextRun;[CLcom/sun/javafx/text/GlyphLayout;)V' in 'com/sun/javafx/text/PrismTextLayout')}
  0x00000298cb3c40a0: 00c3 49ba | b0a6 c8e8 | 9802 0000 | 4c89 5424 | 0848 c704 | 24ff ffff 

  0x00000298cb3c40b8: ;   {runtime_call C1 Runtime counter_overflow_blob}
  0x00000298cb3c40b8: ffe8 a298 

  0x00000298cb3c40bc: ; ImmutableOopMap {rdx=Oop r8=Oop r9=Oop rdi=Oop [120]=Oop [128]=Oop }
                      ;*synchronization entry
                      ; - com.sun.javafx.text.PrismTextLayout::shape@-1 (line 829)
  0x00000298cb3c40bc: b006 e970 

  0x00000298cb3c40c0: ;   {runtime_call C1 Runtime throw_null_pointer_exception_blob}
  0x00000298cb3c40c0: deff ffe8 

  0x00000298cb3c40c4: ; ImmutableOopMap {rdx=Oop r8=Oop r9=Oop rdi=Oop [120]=Oop [128]=Oop }
                      ;*arraylength {reexecute=0 rethrow=0 return_oop=0}
                      ; - com.sun.javafx.text.PrismTextLayout::shape@11 (line 830)
  0x00000298cb3c40c4: 1827 b006 

  0x00000298cb3c40c8: ;   {runtime_call C1 Runtime throw_null_pointer_exception_blob}
  0x00000298cb3c40c8: e813 27b0 

  0x00000298cb3c40cc: ; ImmutableOopMap {r8=Oop [120]=Oop [128]=Oop [136]=Oop [144]=Oop }
                      ;*invokevirtual getTextSpan {reexecute=0 rethrow=0 return_oop=0}
                      ; - com.sun.javafx.text.PrismTextLayout::shape@17 (line 831)
                      ;   {runtime_call C1 Runtime throw_null_pointer_exception_blob}
  0x00000298cb3c40cc: 06e8 0e27 

  0x00000298cb3c40d0: ; ImmutableOopMap {r8=Oop rsi=Oop [112]=Oop [120]=Oop [128]=Oop [136]=Oop [144]=Oop }
                      ;*invokeinterface getFont {reexecute=0 rethrow=0 return_oop=0}
                      ; - com.sun.javafx.text.PrismTextLayout::shape@24 (line 832)
  0x00000298cb3c40d0: b006 4889 

  0x00000298cb3c40d4: ;   {runtime_call C1 Runtime throw_class_cast_exception_blob}
  0x00000298cb3c40d4: 0424 e805 

  0x00000298cb3c40d8: ; ImmutableOopMap {[112]=Oop [120]=Oop [128]=Oop [136]=Oop [144]=Oop }
                      ;*checkcast {reexecute=0 rethrow=0 return_oop=0}
                      ; - com.sun.javafx.text.PrismTextLayout::shape@29 (line 832)
                      ;   {runtime_call C1 Runtime throw_null_pointer_exception_blob}
  0x00000298cb3c40d8: 4fb0 06e8 

  0x00000298cb3c40dc: ; ImmutableOopMap {rax=Oop [128]=Oop [152]=Oop }
                      ;*invokevirtual length {reexecute=0 rethrow=0 return_oop=0}
                      ; - com.sun.javafx.text.PrismTextLayout::shape@58 (line 835)
  0x00000298cb3c40dc: 0027 b006 

  0x00000298cb3c40e0: ;   {metadata({method} {0x0000000032187d60} 'length' '()I' in 'java/lang/String')}
  0x00000298cb3c40e0: 49ba 587d | 1832 0000 | 0000 4c89 | 5424 0848 | c704 24ff 

  0x00000298cb3c40f4: ;   {runtime_call C1 Runtime counter_overflow_blob}
  0x00000298cb3c40f4: ffff ffe8 

  0x00000298cb3c40f8: ; ImmutableOopMap {rax=Oop [128]=Oop [152]=Oop }
                      ;*synchronization entry
                      ; - java.lang.String::length@-1 (line 1583)
                      ; - com.sun.javafx.text.PrismTextLayout::shape@58 (line 835)
  0x00000298cb3c40f8: 6498 b006 | e99f e2ff 

  0x00000298cb3c4100: ;   {runtime_call C1 Runtime throw_null_pointer_exception_blob}
  0x00000298cb3c4100: ffe8 da26 

  0x00000298cb3c4104: ; ImmutableOopMap {rax=Oop [128]=Oop [152]=Oop }
                      ;*arraylength {reexecute=0 rethrow=0 return_oop=0}
                      ; - java.lang.String::length@4 (line 1583)
                      ; - com.sun.javafx.text.PrismTextLayout::shape@58 (line 835)
                      ;   {metadata({method} {0x00000000324adaf8} 'coder' '()B' in 'java/lang/String')}
  0x00000298cb3c4104: b006 49ba | f0da 4a32 | 0000 0000 | 4c89 5424 | 0848 c704 | 24ff ffff 

  0x00000298cb3c411c: ;   {runtime_call C1 Runtime counter_overflow_blob}
  0x00000298cb3c411c: ffe8 3e98 

  0x00000298cb3c4120: ; ImmutableOopMap {rax=Oop [128]=Oop [152]=Oop }
                      ;*synchronization entry
                      ; - java.lang.String::coder@-1 (line 4885)
                      ; - java.lang.String::length@6 (line 1583)
                      ; - com.sun.javafx.text.PrismTextLayout::shape@58 (line 835)
  0x00000298cb3c4120: b006 e93e 

  0x00000298cb3c4124: ;   {runtime_call C1 Runtime throw_incompatible_class_change_error_blob}
  0x00000298cb3c4124: e3ff ffe8 

  0x00000298cb3c4128: ; ImmutableOopMap {rsi=Oop [120]=Oop [128]=Oop [136]=Oop [144]=Oop }
                      ;*invokeinterface getStrike {reexecute=0 rethrow=0 return_oop=0}
                      ; - com.sun.javafx.text.PrismTextLayout::shape@70 (line 838)
  0x00000298cb3c4128: b451 b006 

  0x00000298cb3c412c: ;   {runtime_call C1 Runtime throw_null_pointer_exception_blob}
  0x00000298cb3c412c: e8af 26b0 

  0x00000298cb3c4130: ; ImmutableOopMap {rsi=Oop [120]=Oop [128]=Oop [136]=Oop [144]=Oop }
                      ;*invokeinterface getStrike {reexecute=0 rethrow=0 return_oop=0}
                      ; - com.sun.javafx.text.PrismTextLayout::shape@70 (line 838)
                      ;   {metadata({method} {0x00000298e887b928} 'getStrike' '(Lcom/sun/javafx/geom/transform/BaseTransform;)Lcom/sun/javafx/font/FontStrike;' in 'com/sun/javafx/font/PrismFont')}
  0x00000298cb3c4130: 0649 ba20 | b987 e898 | 0200 004c | 8954 2408 | 48c7 0424 | ffff ffff 

  0x00000298cb3c4148: ;   {runtime_call C1 Runtime counter_overflow_blob}
  0x00000298cb3c4148: e813 98b0 

  0x00000298cb3c414c: ; ImmutableOopMap {rsi=Oop [120]=Oop [128]=Oop [136]=Oop [144]=Oop }
                      ;*synchronization entry
                      ; - com.sun.javafx.font.PrismFont::getStrike@-1 (line 79)
                      ; - com.sun.javafx.text.PrismTextLayout::shape@70 (line 838)
  0x00000298cb3c414c: 06e9 c0e3 

  0x00000298cb3c4150: ;   {runtime_call C1 Runtime throw_null_pointer_exception_blob}
  0x00000298cb3c4150: ffff e889 

  0x00000298cb3c4154: ; ImmutableOopMap {rsi=Oop rdx=Oop [120]=Oop [128]=Oop [136]=Oop [144]=Oop }
                      ;*invokeinterface getStrike {reexecute=0 rethrow=0 return_oop=0}
                      ; - com.sun.javafx.font.PrismFont::getStrike@9 (line 79)
                      ; - com.sun.javafx.text.PrismTextLayout::shape@70 (line 838)
                      ;   {runtime_call C1 Runtime throw_null_pointer_exception_blob}
  0x00000298cb3c4154: 26b0 06e8 

  0x00000298cb3c4158: ; ImmutableOopMap {rdx=Oop rsi=Oop rax=Oop r8=Oop [120]=Oop [128]=Oop [136]=Oop [144]=Oop }
                      ;*invokevirtual getAscent {reexecute=0 rethrow=0 return_oop=0}
                      ; - com.sun.javafx.text.PrismTextLayout::shape@93 (line 845)
  0x00000298cb3c4158: 8426 b006 

  0x00000298cb3c415c: ;   {runtime_call C1 Runtime throw_null_pointer_exception_blob}
  0x00000298cb3c415c: e87f 26b0 

  0x00000298cb3c4160: ; ImmutableOopMap {rax=Oop [120]=Oop [128]=Oop [136]=Oop [144]=Oop [168]=Oop }
                      ;*invokeinterface getMetrics {reexecute=0 rethrow=0 return_oop=0}
                      ; - com.sun.javafx.text.PrismTextLayout::shape@103 (line 846)
                      ;   {runtime_call C1 Runtime throw_incompatible_class_change_error_blob}
  0x00000298cb3c4160: 06e8 7a51 

  0x00000298cb3c4164: ; ImmutableOopMap {rax=Oop rsi=Oop [120]=Oop [128]=Oop [136]=Oop [144]=Oop [176]=Oop [184]=Oop }
                      ;*invokeinterface getAscent {reexecute=0 rethrow=0 return_oop=0}
                      ; - com.sun.javafx.text.PrismTextLayout::shape@126 (line 853)
                      ;   {runtime_call C1 Runtime throw_null_pointer_exception_blob}
  0x00000298cb3c4164: b006 e875 

  0x00000298cb3c4168: ; ImmutableOopMap {rax=Oop rsi=Oop [120]=Oop [128]=Oop [136]=Oop [144]=Oop [176]=Oop [184]=Oop }
                      ;*invokeinterface getAscent {reexecute=0 rethrow=0 return_oop=0}
                      ; - com.sun.javafx.text.PrismTextLayout::shape@126 (line 853)
                      ;   {runtime_call C1 Runtime throw_incompatible_class_change_error_blob}
  0x00000298cb3c4168: 26b0 06e8 

  0x00000298cb3c416c: ; ImmutableOopMap {rax=Oop rsi=Oop [120]=Oop [128]=Oop [136]=Oop [144]=Oop [176]=Oop [184]=Oop }
                      ;*invokeinterface getFamilyName {reexecute=0 rethrow=0 return_oop=0}
                      ; - com.sun.javafx.text.PrismTextLayout::shape@135 (line 859)
  0x00000298cb3c416c: 7051 b006 

  0x00000298cb3c4170: ;   {runtime_call C1 Runtime throw_null_pointer_exception_blob}
  0x00000298cb3c4170: e86b 26b0 

  0x00000298cb3c4174: ; ImmutableOopMap {rax=Oop rsi=Oop [120]=Oop [128]=Oop [136]=Oop [144]=Oop [176]=Oop [184]=Oop }
                      ;*invokeinterface getFamilyName {reexecute=0 rethrow=0 return_oop=0}
                      ; - com.sun.javafx.text.PrismTextLayout::shape@135 (line 859)
                      ;   {metadata({method} {0x00000298e887b600} 'getFamilyName' '()Ljava/lang/String;' in 'com/sun/javafx/font/PrismFont')}
  0x00000298cb3c4174: 0649 baf8 | b587 e898 | 0200 004c | 8954 2408 | 48c7 0424 | ffff ffff 

  0x00000298cb3c418c: ;   {runtime_call C1 Runtime counter_overflow_blob}
  0x00000298cb3c418c: e8cf 97b0 

  0x00000298cb3c4190: ; ImmutableOopMap {rax=Oop rsi=Oop [120]=Oop [128]=Oop [136]=Oop [144]=Oop [176]=Oop [184]=Oop }
                      ;*synchronization entry
                      ; - com.sun.javafx.font.PrismFont::getFamilyName@-1 (line 51)
                      ; - com.sun.javafx.text.PrismTextLayout::shape@135 (line 859)
  0x00000298cb3c4190: 06e9 e0e6 

  0x00000298cb3c4194: ;   {runtime_call C1 Runtime throw_null_pointer_exception_blob}
  0x00000298cb3c4194: ffff e845 

  0x00000298cb3c4198: ; ImmutableOopMap {rax=Oop rsi=Oop rdi=Oop [120]=Oop [128]=Oop [136]=Oop [144]=Oop [176]=Oop [184]=Oop }
                      ;*invokeinterface getFamilyName {reexecute=0 rethrow=0 return_oop=0}
                      ; - com.sun.javafx.font.PrismFont::getFamilyName@4 (line 51)
                      ; - com.sun.javafx.text.PrismTextLayout::shape@135 (line 859)
                      ;   {runtime_call C1 Runtime throw_null_pointer_exception_blob}
  0x00000298cb3c4198: 26b0 06e8 

  0x00000298cb3c419c: ; ImmutableOopMap {rax=Oop [120]=Oop [128]=Oop [136]=Oop [144]=Oop [168]=Oop [176]=Oop [184]=Oop }
                      ;*invokevirtual equals {reexecute=0 rethrow=0 return_oop=0}
                      ; - com.sun.javafx.text.PrismTextLayout::shape@143 (line 859)
  0x00000298cb3c419c: 4026 b006 

  0x00000298cb3c41a0: ;   {runtime_call C1 Runtime throw_incompatible_class_change_error_blob}
  0x00000298cb3c41a0: e83b 51b0 

  0x00000298cb3c41a4: ; ImmutableOopMap {rax=Oop [120]=Oop [128]=Oop [136]=Oop [144]=Oop [168]=Oop [176]=Oop [184]=Oop }
                      ;*invokeinterface getDescent {reexecute=0 rethrow=0 return_oop=0}
                      ; - com.sun.javafx.text.PrismTextLayout::shape@172 (line 863)
                      ;   {runtime_call C1 Runtime throw_incompatible_class_change_error_blob}
  0x00000298cb3c41a4: 06e8 3651 

  0x00000298cb3c41a8: ; ImmutableOopMap {rax=Oop [120]=Oop [128]=Oop [136]=Oop [144]=Oop [168]=Oop [176]=Oop [184]=Oop }
                      ;*invokeinterface getLineGap {reexecute=0 rethrow=0 return_oop=0}
                      ; - com.sun.javafx.text.PrismTextLayout::shape@188 (line 864)
                      ;   {runtime_call C1 Runtime throw_incompatible_class_change_error_blob}
  0x00000298cb3c41a8: b006 e831 

  0x00000298cb3c41ac: ; ImmutableOopMap {rax=Oop [120]=Oop [128]=Oop [136]=Oop [144]=Oop [168]=Oop [176]=Oop [184]=Oop }
                      ;*invokeinterface getCapHeight {reexecute=0 rethrow=0 return_oop=0}
                      ; - com.sun.javafx.text.PrismTextLayout::shape@204 (line 865)
                      ;   {metadata({method} {0x00000298e9075dc8} 'getCapHeight' '()F' in 'com/sun/javafx/font/PrismMetrics')}
  0x00000298cb3c41ac: 51b0 0649 | bac0 5d07 | e998 0200 | 004c 8954 | 2408 48c7 | 0424 ffff 

  0x00000298cb3c41c4: ;   {runtime_call C1 Runtime counter_overflow_blob}
  0x00000298cb3c41c4: ffff e895 

  0x00000298cb3c41c8: ; ImmutableOopMap {rax=Oop [120]=Oop [128]=Oop [136]=Oop [144]=Oop [168]=Oop [176]=Oop [184]=Oop }
                      ;*synchronization entry
                      ; - com.sun.javafx.font.PrismMetrics::getCapHeight@-1 (line 102)
                      ; - com.sun.javafx.text.PrismTextLayout::shape@204 (line 865)
  0x00000298cb3c41c8: 97b0 06e9 | ebe9 ffff 

  0x00000298cb3c41d0: ;   {metadata({method} {0x00000298e9075b28} 'checkStyleMetrics' '()V' in 'com/sun/javafx/font/PrismMetrics')}
  0x00000298cb3c41d0: 49ba 205b | 07e9 9802 | 0000 4c89 | 5424 0848 | c704 24ff 

  0x00000298cb3c41e4: ;   {runtime_call C1 Runtime counter_overflow_blob}
  0x00000298cb3c41e4: ffff ffe8 

  0x00000298cb3c41e8: ; ImmutableOopMap {rax=Oop [120]=Oop [128]=Oop [136]=Oop [144]=Oop [168]=Oop [176]=Oop [184]=Oop }
                      ;*synchronization entry
                      ; - com.sun.javafx.font.PrismMetrics::checkStyleMetrics@-1 (line 77)
                      ; - com.sun.javafx.font.PrismMetrics::getCapHeight@1 (line 102)
                      ; - com.sun.javafx.text.PrismTextLayout::shape@204 (line 865)
  0x00000298cb3c41e8: 7497 b006 | e906 eaff 

  0x00000298cb3c41f0: ;   {runtime_call C1 Runtime throw_null_pointer_exception_blob}
  0x00000298cb3c41f0: ffe8 ea25 

  0x00000298cb3c41f4: ; ImmutableOopMap {rax=Oop rdx=Oop [120]=Oop [128]=Oop [136]=Oop [144]=Oop [168]=Oop [176]=Oop [184]=Oop }
                      ;*invokevirtual getStyleMetrics {reexecute=0 rethrow=0 return_oop=0}
                      ; - com.sun.javafx.font.PrismMetrics::checkStyleMetrics@16 (line 78)
                      ; - com.sun.javafx.font.PrismMetrics::getCapHeight@1 (line 102)
                      ; - com.sun.javafx.text.PrismTextLayout::shape@204 (line 865)
  0x00000298cb3c41f4: b006 8b72 | 2048 c1e6 | 0348 83fe | 000f 840a | ebff ff48 

  0x00000298cb3c4208: ;   {runtime_call g1_pre_barrier_slow}
  0x00000298cb3c4208: 8934 24e8 | 509e b006 | e9fc eaff | ff48 83f8 | 000f 8411 | ebff ff48 

  0x00000298cb3c4220: ;   {runtime_call g1_post_barrier_slow}
  0x00000298cb3c4220: 8914 24e8 | 38a1 b006 | e903 ebff 

  0x00000298cb3c422c: ;   {runtime_call C1 Runtime throw_null_pointer_exception_blob}
  0x00000298cb3c422c: ffe8 ae25 

  0x00000298cb3c4230: ; ImmutableOopMap {rdx=Oop [120]=Oop [128]=Oop [136]=Oop [144]=Oop [168]=Oop [176]=Oop }
                      ;*faload {reexecute=0 rethrow=0 return_oop=0}
                      ; - com.sun.javafx.font.PrismMetrics::getCapHeight@9 (line 103)
                      ; - com.sun.javafx.text.PrismTextLayout::shape@204 (line 865)
                      ;   {runtime_call C1 Runtime throw_null_pointer_exception_blob}
  0x00000298cb3c4230: b006 e8a9 

  0x00000298cb3c4234: ; ImmutableOopMap {rdx=Oop [120]=Oop [128]=Oop [136]=Oop [144]=Oop [168]=Oop [176]=Oop }
                      ;*faload {reexecute=0 rethrow=0 return_oop=0}
                      ; - com.sun.javafx.font.PrismMetrics::getCapHeight@9 (line 103)
                      ; - com.sun.javafx.text.PrismTextLayout::shape@204 (line 865)
  0x00000298cb3c4234: 25b0 0648 | c704 2401 | 0000 0048 | 8954 2408 

  0x00000298cb3c4244: ;   {runtime_call C1 Runtime throw_range_check_failed_blob}
  0x00000298cb3c4244: e817 13b0 

  0x00000298cb3c4248: ; ImmutableOopMap {rdx=Oop [120]=Oop [128]=Oop [136]=Oop [144]=Oop [168]=Oop [176]=Oop }
                      ;*faload {reexecute=0 rethrow=0 return_oop=0}
                      ; - com.sun.javafx.font.PrismMetrics::getCapHeight@9 (line 103)
                      ; - com.sun.javafx.text.PrismTextLayout::shape@204 (line 865)
                      ;   {metadata({method} {0x00000298e906e818} 'setMetrics' '(FFF)V' in 'com/sun/javafx/text/TextRun')}
  0x00000298cb3c4248: 0649 ba10 | e806 e998 | 0200 004c | 8954 2408 | 48c7 0424 | ffff ffff 

  0x00000298cb3c4260: ;   {runtime_call C1 Runtime counter_overflow_blob}
  0x00000298cb3c4260: e8fb 96b0 

  0x00000298cb3c4264: ; ImmutableOopMap {r8=Oop [120]=Oop [128]=Oop [136]=Oop [144]=Oop [168]=Oop [176]=Oop }
                      ;*synchronization entry
                      ; - com.sun.javafx.text.TextRun::setMetrics@-1 (line 205)
                      ; - com.sun.javafx.text.PrismTextLayout::shape@258 (line 872)
  0x00000298cb3c4264: 06e9 01ec 

  0x00000298cb3c4268: ;   {runtime_call C1 Runtime throw_incompatible_class_change_error_blob}
  0x00000298cb3c4268: ffff e871 

  0x00000298cb3c426c: ; ImmutableOopMap {r8=Oop rdx=Oop [120]=Oop [128]=Oop [136]=Oop [144]=Oop [168]=Oop [176]=Oop [184]=Oop }
                      ;*invokeinterface getAscent {reexecute=0 rethrow=0 return_oop=0}
                      ; - com.sun.javafx.text.PrismTextLayout::shape@267 (line 874)
                      ;   {runtime_call C1 Runtime throw_null_pointer_exception_blob}
  0x00000298cb3c426c: 50b0 06e8 

  0x00000298cb3c4270: ; ImmutableOopMap {r8=Oop rdx=Oop [120]=Oop [128]=Oop [136]=Oop [144]=Oop [168]=Oop [176]=Oop [184]=Oop }
                      ;*invokeinterface getAscent {reexecute=0 rethrow=0 return_oop=0}
                      ; - com.sun.javafx.text.PrismTextLayout::shape@267 (line 874)
  0x00000298cb3c4270: 6c25 b006 

  0x00000298cb3c4274: ;   {runtime_call C1 Runtime throw_incompatible_class_change_error_blob}
  0x00000298cb3c4274: e867 50b0 

  0x00000298cb3c4278: ; ImmutableOopMap {r8=Oop rdx=Oop [120]=Oop [128]=Oop [136]=Oop [144]=Oop [168]=Oop [176]=Oop [184]=Oop }
                      ;*invokeinterface getDescent {reexecute=0 rethrow=0 return_oop=0}
                      ; - com.sun.javafx.text.PrismTextLayout::shape@274 (line 874)
                      ;   {runtime_call C1 Runtime throw_incompatible_class_change_error_blob}
  0x00000298cb3c4278: 06e8 6250 

  0x00000298cb3c427c: ; ImmutableOopMap {r8=Oop rdx=Oop [120]=Oop [128]=Oop [136]=Oop [144]=Oop [168]=Oop [176]=Oop [184]=Oop }
                      ;*invokeinterface getLineGap {reexecute=0 rethrow=0 return_oop=0}
                      ; - com.sun.javafx.text.PrismTextLayout::shape@281 (line 874)
                      ;   {metadata({method} {0x00000298e906e818} 'setMetrics' '(FFF)V' in 'com/sun/javafx/text/TextRun')}
  0x00000298cb3c427c: b006 49ba | 10e8 06e9 | 9802 0000 | 4c89 5424 | 0848 c704 | 24ff ffff 

  0x00000298cb3c4294: ;   {runtime_call C1 Runtime counter_overflow_blob}
  0x00000298cb3c4294: ffe8 c696 

  0x00000298cb3c4298: ; ImmutableOopMap {r8=Oop [120]=Oop [128]=Oop [136]=Oop [144]=Oop [168]=Oop [176]=Oop }
                      ;*synchronization entry
                      ; - com.sun.javafx.text.TextRun::setMetrics@-1 (line 205)
                      ; - com.sun.javafx.text.PrismTextLayout::shape@286 (line 874)
  0x00000298cb3c4298: b006 e91e 

  0x00000298cb3c429c: ;   {metadata({method} {0x00000298e906bdb8} 'isTab' '()Z' in 'com/sun/javafx/text/TextRun')}
  0x00000298cb3c429c: edff ff49 | bab0 bd06 | e998 0200 | 004c 8954 | 2408 48c7 | 0424 ffff 

  0x00000298cb3c42b4: ;   {runtime_call C1 Runtime counter_overflow_blob}
  0x00000298cb3c42b4: ffff e8a5 

  0x00000298cb3c42b8: ; ImmutableOopMap {r8=Oop [120]=Oop [128]=Oop [136]=Oop [144]=Oop [168]=Oop [176]=Oop }
                      ;*synchronization entry
                      ; - com.sun.javafx.text.TextRun::isTab@-1 (line 134)
                      ; - com.sun.javafx.text.PrismTextLayout::shape@290 (line 878)
  0x00000298cb3c42b8: 96b0 06e9 | 4bed ffff 

  0x00000298cb3c42c0: ;   {metadata({method} {0x00000298e906bad8} 'isLinebreak' '()Z' in 'com/sun/javafx/text/TextRun')}
  0x00000298cb3c42c0: 49ba d0ba | 06e9 9802 | 0000 4c89 | 5424 0848 | c704 24ff 

  0x00000298cb3c42d4: ;   {runtime_call C1 Runtime counter_overflow_blob}
  0x00000298cb3c42d4: ffff ffe8 

  0x00000298cb3c42d8: ; ImmutableOopMap {r8=Oop [120]=Oop [128]=Oop [136]=Oop [144]=Oop [168]=Oop [176]=Oop }
                      ;*synchronization entry
                      ; - com.sun.javafx.text.TextRun::isLinebreak@-1 (line 118)
                      ; - com.sun.javafx.text.PrismTextLayout::shape@298 (line 879)
  0x00000298cb3c42d8: 8496 b006 | e9e6 edff 

  0x00000298cb3c42e0: ;   {metadata({method} {0x00000298e906e210} 'isComplex' '()Z' in 'com/sun/javafx/text/TextRun')}
  0x00000298cb3c42e0: ff49 ba08 | e206 e998 | 0200 004c | 8954 2408 | 48c7 0424 | ffff ffff 

  0x00000298cb3c42f8: ;   {runtime_call C1 Runtime counter_overflow_blob}
  0x00000298cb3c42f8: e863 96b0 

  0x00000298cb3c42fc: ; ImmutableOopMap {r8=Oop [120]=Oop [128]=Oop [136]=Oop [144]=Oop [168]=Oop [176]=Oop }
                      ;*synchronization entry
                      ; - com.sun.javafx.text.TextRun::isComplex@-1 (line 158)
                      ; - com.sun.javafx.text.PrismTextLayout::shape@314 (line 881)
  0x00000298cb3c42fc: 06e9 c0ee 

  0x00000298cb3c4300: ;   {runtime_call C1 Runtime throw_null_pointer_exception_blob}
  0x00000298cb3c4300: ffff e8d9 

  0x00000298cb3c4304: ; ImmutableOopMap {rax=Oop [120]=Oop [128]=Oop [136]=Oop }
                      ;*invokeinterface getFontResource {reexecute=0 rethrow=0 return_oop=0}
                      ; - com.sun.javafx.text.PrismTextLayout::shape@335 (line 885)
                      ;   {runtime_call C1 Runtime throw_null_pointer_exception_blob}
  0x00000298cb3c4304: 24b0 06e8 

  0x00000298cb3c4308: ; ImmutableOopMap {rax=Oop [128]=Oop [136]=Oop [192]=Oop }
                      ;*invokeinterface getGlyphMapper {reexecute=0 rethrow=0 return_oop=0}
                      ; - com.sun.javafx.text.PrismTextLayout::shape@372 (line 892)
  0x00000298cb3c4308: d424 b006 

  0x00000298cb3c430c: ;   {runtime_call C1 Runtime new_type_array_blob}
  0x00000298cb3c430c: e8cf 35b0 

  0x00000298cb3c4310: ; ImmutableOopMap {r11=Oop [128]=Oop [136]=Oop [192]=Oop }
                      ;*newarray {reexecute=0 rethrow=0 return_oop=0}
                      ; - com.sun.javafx.text.PrismTextLayout::shape@381 (line 895)
  0x00000298cb3c4310: 06e9 7bf2 

  0x00000298cb3c4314: ;   {runtime_call C1 Runtime throw_null_pointer_exception_blob}
  0x00000298cb3c4314: ffff e8c5 

  0x00000298cb3c4318: ; ImmutableOopMap {r11=Oop rax=Oop [128]=Oop [136]=Oop [192]=Oop [208]=Oop }
                      ;*invokevirtual charsToGlyphs {reexecute=0 rethrow=0 return_oop=0}
                      ; - com.sun.javafx.text.PrismTextLayout::shape@394 (line 896)
                      ;   {runtime_call C1 Runtime new_type_array_blob}
  0x00000298cb3c4318: 24b0 06e8 

  0x00000298cb3c431c: ; ImmutableOopMap {[128]=Oop [192]=Oop [208]=Oop }
                      ;*newarray {reexecute=0 rethrow=0 return_oop=0}
                      ; - com.sun.javafx.text.PrismTextLayout::shape@403 (line 897)
  0x00000298cb3c431c: c035 b006 | e9c8 f3ff | ff48 8934 | 2448 8944 

  0x00000298cb3c432c: ;   {runtime_call C1 Runtime throw_range_check_failed_blob}
  0x00000298cb3c432c: 2408 e82d 

  0x00000298cb3c4330: ; ImmutableOopMap {rax=Oop rbx=Oop [128]=Oop [192]=Oop [208]=Oop [224]=Oop }
                      ;*iaload {reexecute=0 rethrow=0 return_oop=0}
                      ; - com.sun.javafx.text.PrismTextLayout::shape@426 (line 900)
  0x00000298cb3c4330: 12b0 0648 | 8934 2448 | 8944 2408 

  0x00000298cb3c433c: ;   {runtime_call C1 Runtime throw_range_check_failed_blob}
  0x00000298cb3c433c: e81f 12b0 

  0x00000298cb3c4340: ; ImmutableOopMap {rax=Oop [128]=Oop [192]=Oop [208]=Oop [224]=Oop }
                      ;*fastore {reexecute=0 rethrow=0 return_oop=0}
                      ; - com.sun.javafx.text.PrismTextLayout::shape@444 (line 901)
                      ;   {metadata({method} {0x00000298e8c8a6b8} 'shape' '(Lcom/sun/javafx/text/TextRun;[CLcom/sun/javafx/text/GlyphLayout;)V' in 'com/sun/javafx/text/PrismTextLayout')}
  0x00000298cb3c4340: 0649 bab0 | a6c8 e898 | 0200 004c | 8954 2408 | 48c7 0424 | c701 0000 

  0x00000298cb3c4358: ;   {runtime_call C1 Runtime counter_overflow_blob}
  0x00000298cb3c4358: e803 96b0 

  0x00000298cb3c435c: ; ImmutableOopMap {rax=Oop [128]=Oop [192]=Oop [208]=Oop [224]=Oop }
                      ;*goto {reexecute=1 rethrow=0 return_oop=0}
                      ; - (reexecute) com.sun.javafx.text.PrismTextLayout::shape@455 (line 899)
  0x00000298cb3c435c: 06e9 d2f4 

  0x00000298cb3c4360: ;   {runtime_call C1 Runtime throw_null_pointer_exception_blob}
  0x00000298cb3c4360: ffff e879 

  0x00000298cb3c4364: ; ImmutableOopMap {rdx=Oop [120]=Oop [128]=Oop [136]=Oop [176]=Oop [192]=Oop }
                      ;*getfield valid {reexecute=1 rethrow=0 return_oop=0}
                      ; - (reexecute) com.sun.javafx.text.PrismTextLayout::shape@485 (line 911)
                      ;   {runtime_call C1 Runtime throw_null_pointer_exception_blob}
  0x00000298cb3c4364: 24b0 06e8 

  0x00000298cb3c4368: ; ImmutableOopMap {rax=Oop [120]=Oop [128]=Oop [136]=Oop [192]=Oop }
                      ;*invokeinterface getGlyphMapper {reexecute=0 rethrow=0 return_oop=0}
                      ; - com.sun.javafx.text.PrismTextLayout::shape@502 (line 913)
  0x00000298cb3c4368: 7424 b006 

  0x00000298cb3c436c: ;   {runtime_call C1 Runtime throw_null_pointer_exception_blob}
  0x00000298cb3c436c: e86f 24b0 

  0x00000298cb3c4370: ; ImmutableOopMap {rax=Oop rdx=Oop [120]=Oop [128]=Oop [136]=Oop [192]=Oop }
                      ;*getfield glyphs {reexecute=1 rethrow=0 return_oop=0}
                      ; - (reexecute) com.sun.javafx.text.PrismTextLayout::shape@520 (line 914)
                      ;   {runtime_call C1 Runtime throw_null_pointer_exception_blob}
  0x00000298cb3c4370: 06e8 6a24 

  0x00000298cb3c4374: ; ImmutableOopMap {rax=Oop rdx=Oop rsi=Oop [120]=Oop [128]=Oop [136]=Oop [192]=Oop }
                      ;*invokevirtual charsToGlyphs {reexecute=0 rethrow=0 return_oop=0}
                      ; - com.sun.javafx.text.PrismTextLayout::shape@525 (line 914)
                      ;   {runtime_call C1 Runtime throw_null_pointer_exception_blob}
  0x00000298cb3c4374: b006 e865 

  0x00000298cb3c4378: ; ImmutableOopMap {rdx=Oop rax=Oop [120]=Oop [128]=Oop [192]=Oop }
                      ;*getfield glyphs {reexecute=1 rethrow=0 return_oop=0}
                      ; - (reexecute) com.sun.javafx.text.PrismTextLayout::shape@555 (line 918)
                      ;   {runtime_call C1 Runtime throw_null_pointer_exception_blob}
  0x00000298cb3c4378: 24b0 06e8 

  0x00000298cb3c437c: ; ImmutableOopMap {rdx=Oop rax=Oop r8=Oop [120]=Oop [128]=Oop [192]=Oop }
                      ;*iaload {reexecute=0 rethrow=0 return_oop=0}
                      ; - com.sun.javafx.text.PrismTextLayout::shape@560 (line 918)
  0x00000298cb3c437c: 6024 b006 

  0x00000298cb3c4380: ;   {runtime_call C1 Runtime throw_null_pointer_exception_blob}
  0x00000298cb3c4380: e85b 24b0 

  0x00000298cb3c4384: ; ImmutableOopMap {rdx=Oop rax=Oop r8=Oop [120]=Oop [128]=Oop [192]=Oop }
                      ;*iaload {reexecute=0 rethrow=0 return_oop=0}
                      ; - com.sun.javafx.text.PrismTextLayout::shape@560 (line 918)
  0x00000298cb3c4384: 0648 893c | 244c 8944 

  0x00000298cb3c438c: ;   {runtime_call C1 Runtime throw_range_check_failed_blob}
  0x00000298cb3c438c: 2408 e8cd 

  0x00000298cb3c4390: ; ImmutableOopMap {rdx=Oop rax=Oop r8=Oop [120]=Oop [128]=Oop [192]=Oop }
                      ;*iaload {reexecute=0 rethrow=0 return_oop=0}
                      ; - com.sun.javafx.text.PrismTextLayout::shape@560 (line 918)
                      ;   {runtime_call C1 Runtime throw_null_pointer_exception_blob}
  0x00000298cb3c4390: 11b0 06e8 

  0x00000298cb3c4394: ; ImmutableOopMap {rdx=Oop [120]=Oop [128]=Oop [192]=Oop }
                      ;*getfield advances {reexecute=1 rethrow=0 return_oop=0}
                      ; - (reexecute) com.sun.javafx.text.PrismTextLayout::shape@574 (line 919)
  0x00000298cb3c4394: 4824 b006 

  0x00000298cb3c4398: ;   {runtime_call C1 Runtime throw_null_pointer_exception_blob}
  0x00000298cb3c4398: e843 24b0 

  0x00000298cb3c439c: ; ImmutableOopMap {rdx=Oop r8=Oop [120]=Oop [128]=Oop [192]=Oop }
                      ;*fastore {reexecute=0 rethrow=0 return_oop=0}
                      ; - com.sun.javafx.text.PrismTextLayout::shape@581 (line 919)
                      ;   {runtime_call C1 Runtime throw_null_pointer_exception_blob}
  0x00000298cb3c439c: 06e8 3e24 

  0x00000298cb3c43a0: ; ImmutableOopMap {rdx=Oop r8=Oop [120]=Oop [128]=Oop [192]=Oop }
                      ;*fastore {reexecute=0 rethrow=0 return_oop=0}
                      ; - com.sun.javafx.text.PrismTextLayout::shape@581 (line 919)
  0x00000298cb3c43a0: b006 4889 | 3c24 4c89 

  0x00000298cb3c43a8: ;   {runtime_call C1 Runtime throw_range_check_failed_blob}
  0x00000298cb3c43a8: 4424 08e8 

  0x00000298cb3c43ac: ; ImmutableOopMap {rdx=Oop r8=Oop [120]=Oop [128]=Oop [192]=Oop }
                      ;*fastore {reexecute=0 rethrow=0 return_oop=0}
                      ; - com.sun.javafx.text.PrismTextLayout::shape@581 (line 919)
  0x00000298cb3c43ac: b011 b006 

  0x00000298cb3c43b0: ;   {metadata({method} {0x00000298e8c8a6b8} 'shape' '(Lcom/sun/javafx/text/TextRun;[CLcom/sun/javafx/text/GlyphLayout;)V' in 'com/sun/javafx/text/PrismTextLayout')}
  0x00000298cb3c43b0: 49ba b0a6 | c8e8 9802 | 0000 4c89 | 5424 0848 | c704 2450 

  0x00000298cb3c43c4: ;   {runtime_call C1 Runtime counter_overflow_blob}
  0x00000298cb3c43c4: 0200 00e8 

  0x00000298cb3c43c8: ; ImmutableOopMap {rdx=Oop [120]=Oop [128]=Oop [192]=Oop }
                      ;*goto {reexecute=1 rethrow=0 return_oop=0}
                      ; - (reexecute) com.sun.javafx.text.PrismTextLayout::shape@592 (line 917)
  0x00000298cb3c43c8: 9495 b006 | e9fa f8ff 

  0x00000298cb3c43d0: ;   {runtime_call C1 Runtime throw_null_pointer_exception_blob}
  0x00000298cb3c43d0: ffe8 0a24 

  0x00000298cb3c43d4: ; ImmutableOopMap {rdi=Oop r9=Oop [128]=Oop }
                      ;*getfield glyphs {reexecute=1 rethrow=0 return_oop=0}
                      ; - (reexecute) com.sun.javafx.text.PrismTextLayout::shape@608 (line 924)
                      ;   {metadata({method} {0x00000298e906f6b0} 'shape' '(I[I[F)V' in 'com/sun/javafx/text/TextRun')}
  0x00000298cb3c43d4: b006 49ba | a8f6 06e9 | 9802 0000 | 4c89 5424 | 0848 c704 | 24ff ffff 

  0x00000298cb3c43ec: ;   {runtime_call C1 Runtime counter_overflow_blob}
  0x00000298cb3c43ec: ffe8 6e95 

  0x00000298cb3c43f0: ; ImmutableOopMap {rdi=Oop rsi=Oop r9=Oop [128]=Oop }
                      ;*synchronization entry
                      ; - com.sun.javafx.text.TextRun::shape@-1 (line 361)
                      ; - com.sun.javafx.text.PrismTextLayout::shape@618 (line 924)
  0x00000298cb3c43f0: b006 e9c2 | f9ff ff44 | 8b47 4049 | c1e0 0349 | 83f8 000f | 84c2 f9ff | ff4c 8904 

  0x00000298cb3c440c: ;   {runtime_call g1_pre_barrier_slow}
  0x00000298cb3c440c: 24e8 4e9c | b006 e9b4 | f9ff ff48 | 83fe 000f | 84c9 f9ff | ff48 893c 

  0x00000298cb3c4424: ;   {runtime_call g1_post_barrier_slow}
  0x00000298cb3c4424: 24e8 369f | b006 e9bb | f9ff ff44 | 8b47 4449 | c1e0 0349 | 83f8 000f | 84b7 f9ff | ff4c 8904 
  0x00000298cb3c4444: ;   {runtime_call g1_pre_barrier_slow}
  0x00000298cb3c4444: 24e8 169c | b006 e9a9 | f9ff ff49 | 83f9 000f | 84be f9ff | ff48 893c 

  0x00000298cb3c445c: ;   {runtime_call g1_post_barrier_slow}
  0x00000298cb3c445c: 24e8 fe9e | b006 e9b0 | f9ff ff44 | 8b47 4849 | c1e0 0349 | 83f8 000f | 84ac f9ff | ff4c 8904 
  0x00000298cb3c447c: ;   {runtime_call g1_pre_barrier_slow}
  0x00000298cb3c447c: 24e8 de9b | b006 e99e 

  0x00000298cb3c4484: ;   {internal_word}
  0x00000298cb3c4484: f9ff ff49 | ba43 3e3c | cb98 0200 | 004d 8997 | e004 0000 

  0x00000298cb3c4498: ;   {runtime_call SafepointBlob}
  0x00000298cb3c4498: e9c3 dda2 | 0648 8934 | 2448 8944 

  0x00000298cb3c44a4: ;   {runtime_call C1 Runtime throw_range_check_failed_blob}
  0x00000298cb3c44a4: 2408 e8b5 

  0x00000298cb3c44a8: ; ImmutableOopMap {r9=Oop rax=Oop rdi=Oop [128]=Oop [208]=Oop [224]=Oop }
                      ;*fastore {reexecute=0 rethrow=0 return_oop=0}
                      ; - com.sun.javafx.text.PrismTextLayout::shape@466 (line 905)
                      ;   {metadata({method} {0x00000298e906f5f0} 'shape' '(I[I[F[I)V' in 'com/sun/javafx/text/TextRun')}
  0x00000298cb3c44a8: 10b0 0649 | bae8 f506 | e998 0200 | 004c 8954 | 2408 48c7 | 0424 ffff 

  0x00000298cb3c44c0: ;   {runtime_call C1 Runtime counter_overflow_blob}
  0x00000298cb3c44c0: ffff e899 

  0x00000298cb3c44c4: ; ImmutableOopMap {r9=Oop rax=Oop rdi=Oop [128]=Oop [208]=Oop [224]=Oop }
                      ;*synchronization entry
                      ; - com.sun.javafx.text.TextRun::shape@-1 (line 354)
                      ; - com.sun.javafx.text.PrismTextLayout::shape@475 (line 906)
  0x00000298cb3c44c4: 94b0 06e9 | 05fa ffff | 448b 4740 | 49c1 e003 | 4983 f800 | 0f84 05fa | ffff 4c89 

  0x00000298cb3c44e0: ;   {runtime_call g1_pre_barrier_slow}
  0x00000298cb3c44e0: 0424 e879 | 9bb0 06e9 | f7f9 ffff | 4983 f900 | 0f84 0cfa | ffff 4889 

  0x00000298cb3c44f8: ;   {runtime_call g1_post_barrier_slow}
  0x00000298cb3c44f8: 3c24 e861 | 9eb0 06e9 | fef9 ffff | 448b 4744 | 49c1 e003 | 4983 f800 | 0f84 faf9 | ffff 4c89 
  0x00000298cb3c4518: ;   {runtime_call g1_pre_barrier_slow}
  0x00000298cb3c4518: 0424 e841 | 9bb0 06e9 | ecf9 ffff | 4883 f800 | 0f84 01fa | ffff 4889 

  0x00000298cb3c4530: ;   {runtime_call g1_post_barrier_slow}
  0x00000298cb3c4530: 3c24 e829 | 9eb0 06e9 | f3f9 ffff | 448b 4748 | 49c1 e003 | 4983 f800 | 0f84 eff9 | ffff 4c89 
  0x00000298cb3c4550: ;   {runtime_call g1_pre_barrier_slow}
  0x00000298cb3c4550: 0424 e809 | 9bb0 06e9 | e1f9 ffff 

  0x00000298cb3c455c: ;   {internal_word}
  0x00000298cb3c455c: 49ba 5d3f | 3ccb 9802 | 0000 4d89 | 97e0 0400 

  0x00000298cb3c456c: ;   {runtime_call SafepointBlob}
  0x00000298cb3c456c: 00e9 eedc 

  0x00000298cb3c4570: ;   {runtime_call C1 Runtime throw_null_pointer_exception_blob}
  0x00000298cb3c4570: a206 e869 

  0x00000298cb3c4574: ; ImmutableOopMap {rbx=Oop rdx=Oop rax=Oop rsi=Oop rdi=Oop [128]=Oop }
                      ;*invokevirtual layout {reexecute=0 rethrow=0 return_oop=0}
                      ; - com.sun.javafx.text.PrismTextLayout::shape@327 (line 883)
                      ;   {internal_word}
  0x00000298cb3c4574: 22b0 0649 | baec 3f3c | cb98 0200 | 004d 8997 | e004 0000 

  0x00000298cb3c4588: ;   {runtime_call SafepointBlob}
  0x00000298cb3c4588: e9d3 dca2 

  0x00000298cb3c458c: ;   {internal_word}
  0x00000298cb3c458c: 0649 baff | 3f3c cb98 | 0200 004d | 8997 e004 

  0x00000298cb3c459c: ;   {runtime_call SafepointBlob}
  0x00000298cb3c459c: 0000 e9bd 

  0x00000298cb3c45a0: ;   {internal_word}
  0x00000298cb3c45a0: dca2 0649 | ba12 403c | cb98 0200 | 004d 8997 | e004 0000 

  0x00000298cb3c45b4: ;   {runtime_call SafepointBlob}
  0x00000298cb3c45b4: e9a7 dca2 

  0x00000298cb3c45b8: ;   {internal_word}
  0x00000298cb3c45b8: 0649 ba25 | 403c cb98 | 0200 004d | 8997 e004 

  0x00000298cb3c45c8: ;   {runtime_call SafepointBlob}
  0x00000298cb3c45c8: 0000 e991 

  0x00000298cb3c45cc: ;   {internal_word}
  0x00000298cb3c45cc: dca2 0649 | ba84 403c | cb98 0200 | 004d 8997 | e004 0000 

  0x00000298cb3c45e0: ;   {runtime_call SafepointBlob}
  0x00000298cb3c45e0: e97b dca2 

  0x00000298cb3c45e4: ;   {internal_word}
  0x00000298cb3c45e4: 0649 ba97 | 403c cb98 | 0200 004d | 8997 e004 

  0x00000298cb3c45f4: ;   {runtime_call SafepointBlob}
  0x00000298cb3c45f4: 0000 e965 | dca2 0649 | 8b87 8805 | 0000 49c7 | 8788 0500 | 0000 0000 | 0049 c787 | 9005 0000 
  0x00000298cb3c4614: 0000 0000 | 4881 c420 | 0100 005d 

  0x00000298cb3c4620: ;   {runtime_call C1 Runtime unwind_exception_blob}
  0x00000298cb3c4620: e93b 09b0 | 06f4 f4f4 
[Stub Code]
  0x00000298cb3c4628: ;   {other}
  0x00000298cb3c4628: 0f1f 4400 

  0x00000298cb3c462c: ;   {static_stub}
  0x00000298cb3c462c: 0048 bb00 | 0000 0000 

  0x00000298cb3c4634: ;   {runtime_call nmethod}
  0x00000298cb3c4634: 0000 00e9 | fbff ffff 

  0x00000298cb3c463c: ;   {static_stub}
  0x00000298cb3c463c: 9048 bb00 | 0000 0000 

  0x00000298cb3c4644: ;   {runtime_call nmethod}
  0x00000298cb3c4644: 0000 00e9 | fbff ffff 

  0x00000298cb3c464c: ;   {static_stub}
  0x00000298cb3c464c: 9048 bb00 | 0000 0000 

  0x00000298cb3c4654: ;   {runtime_call nmethod}
  0x00000298cb3c4654: 0000 00e9 | fbff ffff 

  0x00000298cb3c465c: ;   {static_stub}
  0x00000298cb3c465c: 9048 bb00 | 0000 0000 

  0x00000298cb3c4664: ;   {runtime_call nmethod}
  0x00000298cb3c4664: 0000 00e9 | fbff ffff 

  0x00000298cb3c466c: ;   {static_stub}
  0x00000298cb3c466c: 9048 bb00 | 0000 0000 

  0x00000298cb3c4674: ;   {runtime_call nmethod}
  0x00000298cb3c4674: 0000 00e9 | fbff ffff 

  0x00000298cb3c467c: ;   {static_stub}
  0x00000298cb3c467c: 9048 bb00 | 0000 0000 

  0x00000298cb3c4684: ;   {runtime_call nmethod}
  0x00000298cb3c4684: 0000 00e9 | fbff ffff 

  0x00000298cb3c468c: ;   {static_stub}
  0x00000298cb3c468c: 9048 bb40 | ff85 e898 

  0x00000298cb3c4694: ;   {runtime_call I2C/C2I adapters}
  0x00000298cb3c4694: 0200 00e9 | 1b0f a006 

  0x00000298cb3c469c: ;   {static_stub}
  0x00000298cb3c469c: 9048 bb00 | 0000 0000 

  0x00000298cb3c46a4: ;   {runtime_call nmethod}
  0x00000298cb3c46a4: 0000 00e9 | fbff ffff 

  0x00000298cb3c46ac: ;   {static_stub}
  0x00000298cb3c46ac: 9048 bb00 | 0000 0000 

  0x00000298cb3c46b4: ;   {runtime_call nmethod}
  0x00000298cb3c46b4: 0000 00e9 | fbff ffff 

  0x00000298cb3c46bc: ;   {static_stub}
  0x00000298cb3c46bc: 9048 bb00 | 0000 0000 

  0x00000298cb3c46c4: ;   {runtime_call nmethod}
  0x00000298cb3c46c4: 0000 00e9 | fbff ffff 

  0x00000298cb3c46cc: ;   {static_stub}
  0x00000298cb3c46cc: 9048 bb48 | dd86 e898 

  0x00000298cb3c46d4: ;   {runtime_call I2C/C2I adapters}
  0x00000298cb3c46d4: 0200 00e9 | e6d0 a306 

  0x00000298cb3c46dc: ;   {static_stub}
  0x00000298cb3c46dc: 9048 bb00 | 0000 0000 

  0x00000298cb3c46e4: ;   {runtime_call nmethod}
  0x00000298cb3c46e4: 0000 00e9 | fbff ffff 

  0x00000298cb3c46ec: ;   {static_stub}
  0x00000298cb3c46ec: 9048 bb00 | 0000 0000 

  0x00000298cb3c46f4: ;   {runtime_call nmethod}
  0x00000298cb3c46f4: 0000 00e9 | fbff ffff 

  0x00000298cb3c46fc: ;   {static_stub}
  0x00000298cb3c46fc: 9048 bb00 | 0000 0000 

  0x00000298cb3c4704: ;   {runtime_call nmethod}
  0x00000298cb3c4704: 0000 00e9 | fbff ffff 

  0x00000298cb3c470c: ;   {static_stub}
  0x00000298cb3c470c: 9048 bb00 | 0000 0000 

  0x00000298cb3c4714: ;   {runtime_call nmethod}
  0x00000298cb3c4714: 0000 00e9 | fbff ffff 

  0x00000298cb3c471c: ;   {static_stub}
  0x00000298cb3c471c: 9048 bb00 | 0000 0000 

  0x00000298cb3c4724: ;   {runtime_call nmethod}
  0x00000298cb3c4724: 0000 00e9 | fbff ffff 

  0x00000298cb3c472c: ;   {static_stub}
  0x00000298cb3c472c: 9048 bb40 | 4c86 e898 

  0x00000298cb3c4734: ;   {runtime_call I2C/C2I adapters}
  0x00000298cb3c4734: 0200 00e9 | 06ef 9f06 

  0x00000298cb3c473c: ;   {static_stub}
  0x00000298cb3c473c: 9048 bb00 | 0000 0000 

  0x00000298cb3c4744: ;   {runtime_call nmethod}
  0x00000298cb3c4744: 0000 00e9 | fbff ffff 

  0x00000298cb3c474c: ;   {static_stub}
  0x00000298cb3c474c: 48bb 0000 | 0000 0000 

  0x00000298cb3c4754: ;   {runtime_call nmethod}
  0x00000298cb3c4754: 0000 e9fb 

  0x00000298cb3c4758: ;   {runtime_call C1 Runtime handle_exception_from_callee_blob}
  0x00000298cb3c4758: ffff ffe8 | 8042 b006 

  0x00000298cb3c4760: ;   {external_word}
  0x00000298cb3c4760: 48b9 a001 | 3c10 fc7f | 0000 4883 

  0x00000298cb3c476c: ;   {runtime_call}
  0x00000298cb3c476c: e4f0 48b8 | 105c f60f | fc7f 0000 

  0x00000298cb3c4778: ;   {section_word}
  0x00000298cb3c4778: ffd0 f449 | ba7b 473c | cb98 0200 

  0x00000298cb3c4784: ;   {runtime_call DeoptimizationBlob}
  0x00000298cb3c4784: 0041 52e9 | 54c2 a206 | f4f4 f4f4 
[/MachCode]


Compiled method (c2) 40414 8065       4       com.sun.javafx.scene.control.skin.Utils::computeTextHeight (92 bytes)
 total in heap  [0x00000298d2807308,0x00000298d2807a08] = 1792
 constants      [0x00000298d2807400,0x00000298d2807420] = 32
 main code      [0x00000298d2807420,0x00000298d28079a8] = 1416
 stub code      [0x00000298d28079a8,0x00000298d28079f0] = 72
 oops           [0x00000298d28079f0,0x00000298d2807a08] = 24
 mutable data [0x0000029889346860,0x00000298893469b8] = 344
 relocation     [0x0000029889346860,0x0000029889346900] = 160
 metadata       [0x0000029889346900,0x00000298893469b8] = 184
 immutable data [0x00000298812b8140,0x00000298812b8420] = 736
 dependencies   [0x00000298812b8140,0x00000298812b8178] = 56
 nul chk table  [0x00000298812b8178,0x00000298812b81a0] = 40
 handler table  [0x00000298812b81a0,0x00000298812b81e8] = 72
 scopes pcs     [0x00000298812b81e8,0x00000298812b82d8] = 240
 scopes data    [0x00000298812b82d8,0x00000298812b8420] = 328


[Constant Pool]
             Address          hex4                    hex8      
  0x00000298d2807400:   0x00000000      0xf4f4f4f400000000      
  0x00000298d2807404:   0xf4f4f4f4                              
  0x00000298d2807408:   0xf4f4f4f4      0xf4f4f4f4f4f4f4f4      
  0x00000298d280740c:   0xf4f4f4f4                              
  0x00000298d2807410:   0xf4f4f4f4      0xf4f4f4f4f4f4f4f4      
  0x00000298d2807414:   0xf4f4f4f4                              
  0x00000298d2807418:   0xf4f4f4f4      0xf4f4f4f4f4f4f4f4      
  0x00000298d280741c:   0xf4f4f4f4                              

[MachCode]
[Verified Entry Point]
  # {method} {0x00000298e8c57ab0} 'computeTextHeight' '(Ljavafx/scene/text/Font;Ljava/lang/String;DDLjavafx/scene/text/TextBoundsType;)D' in 'com/sun/javafx/scene/control/skin/Utils'
  # parm0:    rdx:rdx   = 'javafx/scene/text/Font'
  # parm1:    r8:r8     = 'java/lang/String'
  # parm2:    xmm0:xmm0   = double
  # parm3:    xmm1:xmm1   = double
  # parm4:    r9:r9     = 'javafx/scene/text/TextBoundsType'
  #           [sp+0x50]  (sp of caller)
  0x00000298d2807420: ;   {other}
  0x00000298d2807420: 8984 2400 | 80ff ff55 | 4883 ec40 | 4181 7f20 | 0f00 0000 | 0f85 6305 | 0000 4c8b | da4c 894c 
  0x00000298d2807440: 2408 c5fb | 110c 24c4 | e1f9 7ec5 | 4d85 c00f | 8417 0200 

  0x00000298d2807454: ;   {oop(a 'java/lang/Class'{0x000000060ba475f0} = 'com/sun/javafx/scene/text/FontHelper')}
  0x00000298d2807454: 0049 baf0 | 75a4 0b06 | 0000 0045 | 8b52 7847 | 8b4c d408 

  0x00000298d2807468: ;   {metadata('javafx/scene/text/Font$1')}
  0x00000298d2807468: 4181 f9e8 | 6b0f 010f | 859f 0200 | 0044 8b52 | 244d 8bca | 49c1 e103 

  0x00000298d2807480: ;   {oop(a 'com/sun/javafx/text/PrismTextLayout'{0x000000060be1b4c0})}
  0x00000298d2807480: 48ba c0b4 | e10b 0600 

  0x00000298d2807488: ;   {optimized virtual_call}
  0x00000298d2807488: 0000 90e8 

  0x00000298d280748c: ; ImmutableOopMap {[8]=Oop }
                      ;*invokeinterface setContent {reexecute=0 rethrow=0 return_oop=0}
                      ; - com.sun.javafx.scene.control.skin.Utils::computeTextHeight@17 (line 137)
  0x00000298d280748c: 1805 0000 

  0x00000298d2807490: ;   {post_call_nop}
  0x00000298d2807490: 0f1f 8400 | 8801 0000 | c4e1 f96e | c5c5 fb5a | c0c5 e857 | d262 f37d | 0867 f818 | c579 93d7 
  0x00000298d28074b0: 4585 d20f | 8552 0200 | 00c5 f82e | c00f 8a89 

  0x00000298d28074c0: ;   {oop(a 'com/sun/javafx/text/PrismTextLayout'{0x000000060be1b4c0})}
  0x00000298d28074c0: 0200 0049 | bac0 b4e1 | 0b06 0000 | 0045 8b5a | 20c4 c17a | 104a 18c4 | e379 4af2 | 20c4 e369 
  0x00000298d28074e0: 4ae0 20c5 | c85f dcc5 | c8c2 e603 | c4e3 614a | d640 c4c1 | 7a11 5218 | 453b 623c | 0f85 b301 
  0x00000298d2807500: 0000 418b | 6a44 458b 

  0x00000298d2807508: ;   {metadata('com/sun/javafx/geom/RectBounds')}
  0x00000298d2807508: 54ec 0841 | 81fa c0b8 | 0e01 0f85 | 4c02 0000 

  0x00000298d2807518: ;   {oop(a 'com/sun/javafx/text/PrismTextLayout'{0x000000060be1b4c0})}
  0x00000298d2807518: 49ba c0b4 | e10b 0600 | 0000 4589 | 6214 4589 | 6210 4d8d | 14ec 4589 | 6214 41c7 | 4210 0000 
  0x00000298d2807538: 80bf 41c7 | 4218 0000 | 80bf 4589 | 620c 4181 | e37f f9ff 

  0x00000298d280754c: ;   {oop(a 'com/sun/javafx/text/PrismTextLayout'{0x000000060be1b4c0})}
  0x00000298d280754c: ff49 bac0 | b4e1 0b06 | 0000 0045 | 895a 2048 

  0x00000298d280755c: ;   {oop(a 'com/sun/javafx/text/PrismTextLayout'{0x000000060be1b4c0})}
  0x00000298d280755c: 33c9 49b9 | c0b4 e10b | 0600 0000 | 4d8d 5148 | 4180 7f48 | 000f 85c4 | 0200 0041 | 890a 4d8d 
  0x00000298d280757c: 513c 4180 | 7f48 000f | 8524 0300 | 0041 890a | 4d8d 4150 | 4180 7f48 | 000f 8584 | 0300 0041 
  0x00000298d280759c: ;   {oop(a 'com/sun/javafx/text/PrismTextLayout'{0x000000060be1b4c0})}
  0x00000298d280759c: 8908 49ba | c0b4 e10b | 0600 0000 | c4c1 7a10 | 521c c5fb | 1004 24c5 | fb5a c8c5 | f82e d10f 
  0x00000298d28075bc: 8ab7 0100 | 000f 85b1 

  0x00000298d28075c4: ;   {oop(a 'javafx/scene/text/TextBoundsType'{0x000000060bc251c8})}
  0x00000298d28075c4: 0100 0049 | bac8 51c2 | 0b06 0000 | 004c 8b5c | 2408 4d3b | da0f 85d9 

  0x00000298d28075dc: ;   {oop(a 'com/sun/javafx/text/PrismTextLayout'{0x000000060be1b4c0})}
  0x00000298d28075dc: 0100 0049 | bac0 b4e1 | 0b06 0000 | 0045 8b52 | 2041 f7c2 | 0040 0000 | 0f84 8100 

  0x00000298d28075f8: ;   {oop(a 'com/sun/javafx/text/PrismTextLayout'{0x000000060be1b4c0})}
  0x00000298d28075f8: 0000 49ba | c0b4 e10b | 0600 0000 | 453b 623c 

  0x00000298d2807608: ;   {oop(a 'com/sun/javafx/text/PrismTextLayout'{0x000000060be1b4c0})}
  0x00000298d2807608: 751a 48ba | c0b4 e10b | 0600 0000 

  0x00000298d2807614: ;   {optimized virtual_call}
  0x00000298d2807614: 6666 90e8 

  0x00000298d2807618: ; ImmutableOopMap {}
                      ;*invokevirtual layout {reexecute=0 rethrow=0 return_oop=0}
                      ; - com.sun.javafx.text.PrismTextLayout::ensureLayout@8 (line 230)
                      ; - com.sun.javafx.text.PrismTextLayout::getBounds@1 (line 256)
                      ; - com.sun.javafx.scene.control.skin.Utils::computeTextHeight@82 (line 145)
  0x00000298d2807618: aa03 0000 

  0x00000298d280761c: ;   {post_call_nop}
  0x00000298d280761c: 0f1f 8400 | 1403 0001 

  0x00000298d2807624: ;   {oop(a 'com/sun/javafx/text/PrismTextLayout'{0x000000060be1b4c0})}
  0x00000298d2807624: 49ba c0b4 | e10b 0600 | 0000 418b | 6a44 458b 

  0x00000298d2807634: ;   {metadata('com/sun/javafx/geom/RectBounds')}
  0x00000298d2807634: 54ec 0841 | 81fa c0b8 | 0e01 0f85 | f400 0000 | 4d8d 14ec | c4c1 7a10 | 4a18 c4c1 | 7a10 4214 
  0x00000298d2807654: c5f2 5cc8 | c5f2 5ac1 | 4883 c440 

  0x00000298d2807660: ;   {poll_return}
  0x00000298d2807660: 5d49 3b67 | 280f 871c | 0300 00c3 

  0x00000298d280766c: ;   {oop(""{0x000000060b4007a8})}
  0x00000298d280766c: 49b8 a807 | 400b 0600 | 0000 e9da | fdff ff41 | 81e2 ffbf | ffff 4181 | ca00 4000 

  0x00000298d2807688: ;   {oop(a 'com/sun/javafx/text/PrismTextLayout'{0x000000060be1b4c0})}
  0x00000298d2807688: 0049 bbc0 | b4e1 0b06 | 0000 0045 

  0x00000298d2807694: ;   {oop(a 'com/sun/javafx/text/PrismTextLayout'{0x000000060be1b4c0})}
  0x00000298d2807694: 8953 2048 | bac0 b4e1 | 0b06 0000 

  0x00000298d28076a0: ;   {optimized virtual_call}
  0x00000298d28076a0: 0066 90e8 

  0x00000298d28076a4: ; ImmutableOopMap {}
                      ;*invokevirtual reset {reexecute=0 rethrow=0 return_oop=0}
                      ; - com.sun.javafx.text.PrismTextLayout::setBoundsType@41 (line 165)
                      ; - com.sun.javafx.scene.control.skin.Utils::computeTextHeight@60 (line 141)
  0x00000298d28076a4: 387b 5eff 

  0x00000298d28076a8: ;   {post_call_nop}
  0x00000298d28076a8: 0f1f 8400 | a003 0002 | e945 ffff 

  0x00000298d28076b4: ;   {section_word}
  0x00000298d28076b4: ffc5 f82e | 0d43 fdff | ff7a 060f | 843d feff 

  0x00000298d28076c4: ;   {section_word}
  0x00000298d28076c4: ffc5 f82e | 0533 fdff | ff7a 060f | 842d feff | ff41 f7c3 | 0000 0400 | 0f84 20fe | ffff c5f8 
  0x00000298d28076e4: 2ec1 7711 | c4c1 782e | 4210 0f82 | 0efe ffff | e9a5 feff | ff41 f7c3 | 8000 0000 | 0f85 fcfd 
  0x00000298d2807704: ffff e993 | feff ffc5 | f857 c0e9 | affd ffff | bade ffff | ff4c 8944 | 2410 4489 | 5424 184c 
  0x00000298d2807724: 895c 2420 

  0x00000298d2807728: ;   {runtime_call UncommonTrapBlob}
  0x00000298d2807728: 6666 90e8 

  0x00000298d280772c: ; ImmutableOopMap {[8]=Oop [16]=Oop [24]=NarrowOop [32]=Oop }
                      ;*invokeinterface getNativeFont {reexecute=0 rethrow=0 return_oop=0}
                      ; - com.sun.javafx.scene.text.FontHelper::getNativeFont@4 (line 46)
                      ; - com.sun.javafx.scene.control.skin.Utils::computeTextHeight@14 (line 137)
  0x00000298d280772c: 309a 6cff 

  0x00000298d2807730: ;   {post_call_nop}
  0x00000298d2807730: 0f1f 8400 | 2804 0003 | bade ffff 

  0x00000298d280773c: ;   {runtime_call UncommonTrapBlob}
  0x00000298d280773c: ff66 90e8 

  0x00000298d2807740: ; ImmutableOopMap {rbp=NarrowOop }
                      ;*invokevirtual getHeight {reexecute=0 rethrow=0 return_oop=0}
                      ; - com.sun.javafx.scene.control.skin.Utils::computeTextHeight@87 (line 145)
  0x00000298d2807740: 1c9a 6cff 

  0x00000298d2807744: ;   {post_call_nop}
  0x00000298d2807744: 0f1f 8400 | 3c04 0004 | ba45 ffff | ff48 8b2c 

  0x00000298d2807754: ;   {runtime_call UncommonTrapBlob}
  0x00000298d2807754: 2466 90e8 

  0x00000298d2807758: ; ImmutableOopMap {[8]=Oop }
                      ;*ifeq {reexecute=1 rethrow=0 return_oop=0}
                      ; - (reexecute) com.sun.javafx.text.PrismTextLayout::setWrapWidth@13 (line 191)
                      ; - com.sun.javafx.scene.control.skin.Utils::computeTextHeight@28 (line 138)
  0x00000298d2807758: 049a 6cff 

  0x00000298d280775c: ;   {post_call_nop}
  0x00000298d280775c: 0f1f 8400 | 5404 0005 | bade ffff 

  0x00000298d2807768: ;   {runtime_call UncommonTrapBlob}
  0x00000298d2807768: ff66 90e8 

  0x00000298d280776c: ; ImmutableOopMap {rbp=NarrowOop [8]=Oop }
                      ;*invokevirtual makeEmpty {reexecute=0 rethrow=0 return_oop=0}
                      ; - com.sun.javafx.text.PrismTextLayout::relayout@4 (line 98)
                      ; - com.sun.javafx.text.PrismTextLayout::setWrapWidth@101 (line 216)
                      ; - com.sun.javafx.scene.control.skin.Utils::computeTextHeight@28 (line 138)
  0x00000298d280776c: f099 6cff 

  0x00000298d2807770: ;   {post_call_nop}
  0x00000298d2807770: 0f1f 8400 | 6804 0006 | c5f8 2ed1 | bdff ffff | ff0f 8a0e | 0000 000f | 8208 0000 | 0040 0f95 
  0x00000298d2807790: c540 0fb6 | edba 45ff | ffff 4c8b | 5c24 084c | 891c 24c5 | fa11 4c24 

  0x00000298d28077a8: ;   {runtime_call UncommonTrapBlob}
  0x00000298d28077a8: 0866 90e8 

  0x00000298d28077ac: ; ImmutableOopMap {[0]=Oop }
                      ;*ifne {reexecute=1 rethrow=0 return_oop=0}
                      ; - (reexecute) com.sun.javafx.text.PrismTextLayout::setLineSpacing@6 (line 222)
                      ; - com.sun.javafx.scene.control.skin.Utils::computeTextHeight@40 (line 139)
  0x00000298d28077ac: b099 6cff 

  0x00000298d28077b0: ;   {post_call_nop}
  0x00000298d28077b0: 0f1f 8400 | a804 0007 | ba45 ffff | ff49 8beb 

  0x00000298d28077c0: ;   {runtime_call UncommonTrapBlob}
  0x00000298d28077c0: 6666 90e8 

  0x00000298d28077c4: ; ImmutableOopMap {rbp=Oop }
                      ;*if_acmpne {reexecute=1 rethrow=0 return_oop=0}
                      ; - (reexecute) com.sun.javafx.scene.control.skin.Utils::computeTextHeight@51 (line 140)
  0x00000298d28077c4: 9899 6cff 

  0x00000298d28077c8: ;   {post_call_nop}
  0x00000298d28077c8: 0f1f 8400 | c004 0008 | baf6 ffff | ff49 8beb 

  0x00000298d28077d8: ;   {runtime_call UncommonTrapBlob}
  0x00000298d28077d8: 6666 90e8 

  0x00000298d28077dc: ; ImmutableOopMap {rbp=Oop }
                      ;*invokeinterface getNativeFont {reexecute=0 rethrow=0 return_oop=0}
                      ; - com.sun.javafx.scene.text.FontHelper::getNativeFont@4 (line 46)
                      ; - com.sun.javafx.scene.control.skin.Utils::computeTextHeight@14 (line 137)
  0x00000298d28077dc: 8099 6cff 

  0x00000298d28077e0: ;   {post_call_nop}
  0x00000298d28077e0: 0f1f 8400 | d804 0009 | baf6 ffff 

  0x00000298d28077ec: ;   {runtime_call UncommonTrapBlob}
  0x00000298d28077ec: ff66 90e8 

  0x00000298d28077f0: ; ImmutableOopMap {}
                      ;*invokevirtual getNativeFont {reexecute=0 rethrow=0 return_oop=0}
                      ; - javafx.scene.text.Font$1::getNativeFont@1 (line 68)
                      ; - com.sun.javafx.scene.text.FontHelper::getNativeFont@4 (line 46)
                      ; - com.sun.javafx.scene.control.skin.Utils::computeTextHeight@14 (line 137)
  0x00000298d28077f0: 6c99 6cff 

  0x00000298d28077f4: ;   {post_call_nop}
  0x00000298d28077f4: 0f1f 8400 | ec04 000a | baf6 ffff 

  0x00000298d2807800: ;   {runtime_call UncommonTrapBlob}
  0x00000298d2807800: ff66 90e8 

  0x00000298d2807804: ; ImmutableOopMap {}
                      ;*invokevirtual getHeight {reexecute=0 rethrow=0 return_oop=0}
                      ; - com.sun.javafx.scene.control.skin.Utils::computeTextHeight@87 (line 145)
  0x00000298d2807804: 5899 6cff 

  0x00000298d2807808: ;   {post_call_nop}
  0x00000298d2807808: 0f1f 8400 | 0005 000b | baf6 ffff 

  0x00000298d2807814: ;   {runtime_call UncommonTrapBlob}
  0x00000298d2807814: ff66 90e8 

  0x00000298d2807818: ; ImmutableOopMap {}
                      ;*invokevirtual makeEmpty {reexecute=0 rethrow=0 return_oop=0}
                      ; - com.sun.javafx.text.PrismTextLayout::relayout@4 (line 98)
                      ; - com.sun.javafx.text.PrismTextLayout::setWrapWidth@101 (line 216)
                      ; - com.sun.javafx.scene.control.skin.Utils::computeTextHeight@28 (line 138)
  0x00000298d2807818: 4499 6cff 

  0x00000298d280781c: ;   {post_call_nop}
  0x00000298d280781c: 0f1f 8400 | 1405 000c | 488b d0eb | 0848 8bd0 | eb03 488b | d048 83c4 

  0x00000298d2807834: ;   {runtime_call C2 Runtime rethrow}
  0x00000298d2807834: 405d e925 | 2a6d ff45 | 8b1a 49c1 | e303 4983 | fb00 0f84 | 2bfd ffff | 4d8b 4738 | 4d85 c00f 
  0x00000298d2807854: 8414 0000 | 0049 83e8 | 084d 8947 | 384d 0347 | 404d 8918 | e90a fdff | ff48 83ec | 404c 8954 
  0x00000298d2807874: 2438 4c89 | 4c24 3048 | 894c 2428 | 498b cb49 

  0x00000298d2807884: ;   {runtime_call}
  0x00000298d2807884: 8bd7 48b8 | 5019 c30f | fc7f 0000 | ffd0 488b | 4c24 284c | 8b4c 2430 | 4c8b 5424 | 38c5 f877 
  0x00000298d28078a4: 4883 c440 | e9ca fcff | ff45 8b1a | 49c1 e303 | 4983 fb00 | 0f84 cbfc | ffff 4d8b | 4738 4d85 
  0x00000298d28078c4: c00f 8414 | 0000 0049 | 83e8 084d | 8947 384d | 0347 404d | 8918 e9aa | fcff ff48 | 83ec 404c 
  0x00000298d28078e4: 8954 2438 | 4c89 4c24 | 3048 894c | 2428 498b | cb49 8bd7 

  0x00000298d28078f8: ;   {runtime_call}
  0x00000298d28078f8: 48b8 5019 | c30f fc7f | 0000 ffd0 | 488b 4c24 | 284c 8b4c | 2430 4c8b | 5424 38c5 | f877 4883 
  0x00000298d2807918: c440 e96a | fcff ff45 | 8b18 49c1 | e303 4983 | fb00 0f84 | 6bfc ffff | 4d8b 5738 | 4d85 d20f 
  0x00000298d2807938: 8414 0000 | 0049 83ea | 084d 8957 | 384d 0357 | 404d 891a | e94a fcff | ff48 83ec | 304c 8944 
  0x00000298d2807958: 2428 4889 | 4c24 2049 | 8bcb 498b 

  0x00000298d2807964: ;   {runtime_call}
  0x00000298d2807964: d748 b850 | 19c3 0ffc | 7f00 00ff | d048 8b4c | 2420 4c8b | 4424 28c5 | f877 4883 | c430 e914 
  0x00000298d2807984: ;   {internal_word}
  0x00000298d2807984: fcff ff49 | ba61 7680 | d298 0200 | 004d 8997 | e004 0000 

  0x00000298d2807998: ;   {runtime_call SafepointBlob}
  0x00000298d2807998: e9c3 a85e 

  0x00000298d280799c: ;   {runtime_call Stub::method_entry_barrier}
  0x00000298d280799c: ffe8 3eec | 5cff e993 | faff fff4 
[Stub Code]
  0x00000298d28079a8: ;   {static_stub}
  0x00000298d28079a8: 48bb e07d | c8e8 9802 

  0x00000298d28079b0: ;   {runtime_call I2C/C2I adapters}
  0x00000298d28079b0: 0000 e903 

  0x00000298d28079b4: ;   {static_stub}
  0x00000298d28079b4: 555e ff48 | bb00 0000 | 0000 0000 

  0x00000298d28079c0: ;   {runtime_call nmethod}
  0x00000298d28079c0: 00e9 fbff 

  0x00000298d28079c4: ;   {static_stub}
  0x00000298d28079c4: ffff 48bb | 78b8 c8e8 | 9802 0000 

  0x00000298d28079d0: ;   {runtime_call I2C/C2I adapters}
  0x00000298d28079d0: e9dd b35e 

  0x00000298d28079d4: ;   {runtime_call ExceptionBlob}
  0x00000298d28079d4: ffe9 869a | 6cff e800 | 0000 0048 | 832c 2405 

  0x00000298d28079e4: ;   {runtime_call DeoptimizationBlob}
  0x00000298d28079e4: e9f7 8f5e | fff4 f4f4 | f4f4 f4f4 
[/MachCode]


---------------  P R O C E S S  ---------------

Threads class SMR info:
_java_thread_list=0x00000298fe75c830, length=30, elements={
0x00000298bfa48dd0, 0x00000298e4203990, 0x00000298e42042a0, 0x00000298e4206be0,
0x00000298e420a240, 0x00000298e420be20, 0x00000298e420f6c0, 0x00000298e421ccc0,
0x00000298e4221a00, 0x00000298e72dd2f0, 0x00000298e7311650, 0x00000298e745d800,
0x00000298e42150f0, 0x00000298e7782d30, 0x00000298e7780620, 0x00000298e777f680,
0x00000298e7783cd0, 0x00000298e7785c10, 0x00000298ec5dbf60, 0x00000298ec5dee40,
0x00000298ecaa04e0, 0x00000298eca9ce30, 0x00000298feab56f0, 0x00000298feab6e60,
0x0000029880623c20, 0x00000298819078f0, 0x00000298819051e0, 0x00000298febb3470,
0x00000298febb1430, 0x00000298febb4490
}

Java Threads: ( => current thread )
  0x00000298bfa48dd0 JavaThread "main"                              [_thread_blocked, id=24244, stack(0x000000fccb500000,0x000000fccb600000) (1024K)]
  0x00000298e4203990 JavaThread "Reference Handler"          daemon [_thread_blocked, id=9492, stack(0x000000fccbd00000,0x000000fccbe00000) (1024K)]
  0x00000298e42042a0 JavaThread "Finalizer"                  daemon [_thread_blocked, id=18700, stack(0x000000fccbe00000,0x000000fccbf00000) (1024K)]
  0x00000298e4206be0 JavaThread "Signal Dispatcher"          daemon [_thread_blocked, id=8732, stack(0x000000fccbf00000,0x000000fccc000000) (1024K)]
  0x00000298e420a240 JavaThread "Attach Listener"            daemon [_thread_blocked, id=21152, stack(0x000000fccc000000,0x000000fccc100000) (1024K)]
  0x00000298e420be20 JavaThread "Service Thread"             daemon [_thread_blocked, id=11184, stack(0x000000fccc100000,0x000000fccc200000) (1024K)]
  0x00000298e420f6c0 JavaThread "Monitor Deflation Thread"   daemon [_thread_blocked, id=19468, stack(0x000000fccc200000,0x000000fccc300000) (1024K)]
  0x00000298e421ccc0 JavaThread "C2 CompilerThread0"         daemon [_thread_blocked, id=7440, stack(0x000000fccc300000,0x000000fccc400000) (1024K)]
  0x00000298e4221a00 JavaThread "C1 CompilerThread0"         daemon [_thread_blocked, id=11640, stack(0x000000fccc400000,0x000000fccc500000) (1024K)]
  0x00000298e72dd2f0 JavaThread "Common-Cleaner"             daemon [_thread_blocked, id=15260, stack(0x000000fccc900000,0x000000fccca00000) (1024K)]
  0x00000298e7311650 JavaThread "Monitor Ctrl-Break"         daemon [_thread_in_native, id=13208, stack(0x000000fcccb00000,0x000000fcccc00000) (1024K)]
  0x00000298e745d800 JavaThread "Notification Thread"        daemon [_thread_blocked, id=23116, stack(0x000000fcccc00000,0x000000fcccd00000) (1024K)]
  0x00000298e42150f0 JavaThread "JavaFX-Launcher"                   [_thread_blocked, id=23356, stack(0x000000fcccd00000,0x000000fccce00000) (1024K)]
  0x00000298e7782d30 JavaThread "RMI TCP Accept-0"           daemon [_thread_in_native, id=21596, stack(0x000000fccd000000,0x000000fccd100000) (1024K)]
  0x00000298e7780620 JavaThread "RMI TCP Connection(1)-192.168.1.13" daemon [_thread_in_native, id=16104, stack(0x000000fccd100000,0x000000fccd200000) (1024K)]
  0x00000298e777f680 JavaThread "RMI Scheduler(0)"           daemon [_thread_blocked, id=11780, stack(0x000000fccd200000,0x000000fccd300000) (1024K)]
  0x00000298e7783cd0 JavaThread "JMX server connection timeout 41" daemon [_thread_blocked, id=13328, stack(0x000000fccd300000,0x000000fccd400000) (1024K)]
  0x00000298e7785c10 JavaThread "QuantumRenderer-0"          daemon [_thread_blocked, id=23392, stack(0x000000fccd400000,0x000000fccd500000) (1024K)]
  0x00000298ec5dbf60 JavaThread "InvokeLaterDispatcher"      daemon [_thread_blocked, id=20876, stack(0x000000fccd500000,0x000000fccd600000) (1024K)]
=>0x00000298ec5dee40 JavaThread "JavaFX Application Thread"         [_thread_in_native, id=9592, stack(0x000000fccd600000,0x000000fccd700000) (1024K)]
  0x00000298ecaa04e0 JavaThread "Thread-3"                   daemon [_thread_in_native, id=12156, stack(0x000000fccca00000,0x000000fcccb00000) (1024K)]
  0x00000298eca9ce30 JavaThread "JNA Cleaner"                daemon [_thread_blocked, id=8348, stack(0x000000fccce00000,0x000000fcccf00000) (1024K)]
  0x00000298feab56f0 JavaThread "Prism Font Disposer"        daemon [_thread_blocked, id=24508, stack(0x000000fccf000000,0x000000fccf100000) (1024K)]
  0x00000298feab6e60 JavaThread "ForkJoinPool.commonPool-worker-1" daemon [_thread_blocked, id=4320, stack(0x000000fccf100000,0x000000fccf200000) (1024K)]
  0x0000029880623c20 JavaThread "Cleaner-0"                  daemon [_thread_blocked, id=25372, stack(0x000000fccf800000,0x000000fccf900000) (1024K)]
  0x00000298819078f0 JavaThread "Cleaner-1"                  daemon [_thread_blocked, id=13620, stack(0x000000fcd0100000,0x000000fcd0200000) (1024K)]
  0x00000298819051e0 JavaThread "DefaultSleeper"             daemon [_thread_blocked, id=22860, stack(0x000000fcd0200000,0x000000fcd0300000) (1024K)]
  0x00000298febb3470 JavaThread "C2 CompilerThread1"         daemon [_thread_blocked, id=5476, stack(0x000000fccc500000,0x000000fccc600000) (1024K)]
  0x00000298febb1430 JavaThread "C1 CompilerThread1"         daemon [_thread_blocked, id=7392, stack(0x000000fccc600000,0x000000fccc700000) (1024K)]
  0x00000298febb4490 JavaThread "C2 CompilerThread2"         daemon [_thread_blocked, id=17904, stack(0x000000fccc800000,0x000000fccc900000) (1024K)]
Total: 30

Other Threads:
  0x00000298e41ecfa0 VMThread "VM Thread"                           [id=10484, stack(0x000000fccbc00000,0x000000fccbd00000) (1024K)]
  0x00000298e40bdea0 WatcherThread "VM Periodic Task Thread"        [id=21776, stack(0x000000fccbb00000,0x000000fccbc00000) (1024K)]
  0x00000298e406ea10 WorkerThread "GC Thread#0"                     [id=10268, stack(0x000000fccb600000,0x000000fccb700000) (1024K)]
  0x00000298ec41ba30 WorkerThread "GC Thread#1"                     [id=9160, stack(0x000000fcccf00000,0x000000fccd000000) (1024K)]
  0x00000298ec41a8f0 WorkerThread "GC Thread#2"                     [id=24592, stack(0x000000fcce600000,0x000000fcce700000) (1024K)]
  0x00000298ec41d410 WorkerThread "GC Thread#3"                     [id=3104, stack(0x000000fcce700000,0x000000fcce800000) (1024K)]
  0x00000298ec41cfc0 WorkerThread "GC Thread#4"                     [id=19736, stack(0x000000fcce800000,0x000000fcce900000) (1024K)]
  0x00000298ec41c2d0 WorkerThread "GC Thread#5"                     [id=16368, stack(0x000000fcce900000,0x000000fccea00000) (1024K)]
  0x00000298ec41b5e0 WorkerThread "GC Thread#6"                     [id=22324, stack(0x000000fccea00000,0x000000fcceb00000) (1024K)]
  0x00000298ec41ad40 WorkerThread "GC Thread#7"                     [id=23904, stack(0x000000fcceb00000,0x000000fccec00000) (1024K)]
  0x00000298ec41be80 WorkerThread "GC Thread#8"                     [id=18816, stack(0x000000fccec00000,0x000000fcced00000) (1024K)]
  0x00000298fe519630 WorkerThread "GC Thread#9"                     [id=6208, stack(0x000000fcced00000,0x000000fccee00000) (1024K)]
  0x00000298fe519a80 WorkerThread "GC Thread#10"                    [id=15148, stack(0x000000fccee00000,0x000000fccef00000) (1024K)]
  0x00000298fe51c150 WorkerThread "GC Thread#11"                    [id=19640, stack(0x000000fccef00000,0x000000fccf000000) (1024K)]
  0x00000298fe51abc0 WorkerThread "GC Thread#12"                    [id=8056, stack(0x000000fccf900000,0x000000fccfa00000) (1024K)]
  0x00000298e406faa0 ConcurrentGCThread "G1 Main Marker"            [id=5168, stack(0x000000fccb700000,0x000000fccb800000) (1024K)]
  0x00000298c1eba800 WorkerThread "G1 Conc#0"                       [id=18064, stack(0x000000fccb800000,0x000000fccb900000) (1024K)]
  0x00000298fe51d290 WorkerThread "G1 Conc#1"                       [id=7748, stack(0x000000fccf500000,0x000000fccf600000) (1024K)]
  0x00000298fe51c9f0 WorkerThread "G1 Conc#2"                       [id=3612, stack(0x000000fccf600000,0x000000fccf700000) (1024K)]
  0x00000298e40ad660 ConcurrentGCThread "G1 Refine#0"               [id=24568, stack(0x000000fccb900000,0x000000fccba00000) (1024K)]
  0x00000298e40ae270 ConcurrentGCThread "G1 Service"                [id=1576, stack(0x000000fccba00000,0x000000fccbb00000) (1024K)]
Total: 21

Threads with active compile tasks:
Total: 0

VM state: not at safepoint (normal execution)

VM Mutex/Monitor currently owned by a thread: None

Heap address: 0x000000060b400000, size: 8012 MB, Compressed Oops mode: Zero based, Oop shift amount: 3

CDS archive(s) mapped at: [0x0000000032000000-0x0000000032db0000-0x0000000032db0000), size 14352384, SharedBaseAddress: 0x0000000032000000, ArchiveRelocationMode: 1.
Compressed class space mapped at: 0x0000000033000000-0x0000000073000000, reserved size: 1073741824
UseCompressedClassPointers 1, UseCompactObjectHeaders 0
Narrow klass pointer bits 32, Max shift 3
Narrow klass base: 0x0000000032000000, Narrow klass shift: 0
Encoding Range: [0x0000000032000000 - 0x0000000132000000), (4294967296 bytes)
Klass Range:    [0x0000000032010000 - 0x0000000073000000), (1090453504 bytes)
Klass ID Range:  [65536 - 1090519033) (1090453497)
Protection zone: [0x0000000032000000 - 0x0000000032010000), (65536 bytes)

GC Precious Log:
 CardTable entry size: 512
 Card Set container configuration: InlinePtr #cards 4 size 8 Array Of Cards #cards 32 size 80 Howl #buckets 8 coarsen threshold 7372 Howl Bitmap #cards 1024 size 144 coarsen threshold 921 Card regions per heap region 1 cards per card region 8192
 CPUs: 16 total, 16 available
 Memory: 32042M
 Large Page Support: Disabled
 NUMA Support: Disabled
 Compressed Oops: Enabled (Zero based)
 Heap Region Size: 4M
 Heap Min Capacity: 8M
 Heap Initial Capacity: 504M
 Heap Max Capacity: 8012M
 Pre-touch: Disabled
 Parallel Workers: 13
 Concurrent Workers: 3
 Concurrent Refinement Workers: 13
 Periodic GC: Disabled

Heap:
 garbage-first heap   total reserved 8204288K, committed 90112K, used 53662K [0x000000060b400000, 0x0000000800000000)
  region size 4096K, 6 young (24576K), 1 survivors (4096K)

Heap Regions: E=young(eden), S=young(survivor), O=old, HS=humongous(starts), HC=humongous(continues), CS=collection set, F=free, TAMS=top-at-mark-start, PB=parsable bottom
|   0|0x000000060b400000, 0x000000060b800000, 0x000000060b800000|100%| O|  |TAMS 0x000000060b400000| PB 0x000000060b400000| Untracked |  0
|   1|0x000000060b800000, 0x000000060bc00000, 0x000000060bc00000|100%| O|  |TAMS 0x000000060b800000| PB 0x000000060b800000| Untracked |  0
|   2|0x000000060bc00000, 0x000000060c000000, 0x000000060c000000|100%| O|  |TAMS 0x000000060bc00000| PB 0x000000060bc00000| Untracked |  0
|   3|0x000000060c000000, 0x000000060c000000, 0x000000060c400000|  0%| F|  |TAMS 0x000000060c000000| PB 0x000000060c000000| Untracked |  0
|   4|0x000000060c400000, 0x000000060c800000, 0x000000060c800000|100%| O|  |TAMS 0x000000060c400000| PB 0x000000060c400000| Untracked |  0
|   5|0x000000060c800000, 0x000000060cc00000, 0x000000060cc00000|100%| O|  |TAMS 0x000000060c800000| PB 0x000000060c800000| Untracked |  0
|   6|0x000000060cc00000, 0x000000060d000000, 0x000000060d000000|100%| O|  |TAMS 0x000000060cc00000| PB 0x000000060cc00000| Untracked |  0
|   7|0x000000060d000000, 0x000000060d400000, 0x000000060d400000|100%| O|  |TAMS 0x000000060d000000| PB 0x000000060d000000| Untracked |  0
|   8|0x000000060d400000, 0x000000060d5a88e8, 0x000000060d800000| 41%| O|  |TAMS 0x000000060d400000| PB 0x000000060d400000| Untracked |  0
|   9|0x000000060d800000, 0x000000060d800000, 0x000000060dc00000|  0%| F|  |TAMS 0x000000060d800000| PB 0x000000060d800000| Untracked |  0
|  10|0x000000060dc00000, 0x000000060debef18, 0x000000060e000000| 68%| S|CS|TAMS 0x000000060dc00000| PB 0x000000060dc00000| Complete |  0
|  11|0x000000060e000000, 0x000000060e000000, 0x000000060e400000|  0%| F|  |TAMS 0x000000060e000000| PB 0x000000060e000000| Untracked |  0
|  12|0x000000060e400000, 0x000000060e400000, 0x000000060e800000|  0%| F|  |TAMS 0x000000060e400000| PB 0x000000060e400000| Untracked |  0
|  13|0x000000060e800000, 0x000000060e800000, 0x000000060ec00000|  0%| F|  |TAMS 0x000000060e800000| PB 0x000000060e800000| Untracked |  0
|  14|0x000000060ec00000, 0x000000060ec00000, 0x000000060f000000|  0%| F|  |TAMS 0x000000060ec00000| PB 0x000000060ec00000| Untracked |  0
|  15|0x000000060f000000, 0x000000060f000000, 0x000000060f400000|  0%| F|  |TAMS 0x000000060f000000| PB 0x000000060f000000| Untracked |  0
| 115|0x0000000628000000, 0x0000000628174170, 0x0000000628400000| 36%| E|  |TAMS 0x0000000628000000| PB 0x0000000628000000| Complete |  0
| 116|0x0000000628400000, 0x0000000628800000, 0x0000000628800000|100%| E|CS|TAMS 0x0000000628400000| PB 0x0000000628400000| Complete |  0
| 117|0x0000000628800000, 0x0000000628c00000, 0x0000000628c00000|100%| E|CS|TAMS 0x0000000628800000| PB 0x0000000628800000| Complete |  0
| 125|0x000000062a800000, 0x000000062ac00000, 0x000000062ac00000|100%| E|CS|TAMS 0x000000062a800000| PB 0x000000062a800000| Complete |  0
|2001|0x00000007ff800000, 0x00000007ffc00000, 0x00000007ffc00000|100%| O|  |TAMS 0x00000007ff800000| PB 0x00000007ff800000| Untracked |  0
|2002|0x00000007ffc00000, 0x0000000800000000, 0x0000000800000000|100%| E|CS|TAMS 0x00000007ffc00000| PB 0x00000007ffc00000| Complete |  0

Card table byte_map: [0x00000298db290000,0x00000298dc240000] _byte_map_base: 0x00000298d8236000

Marking Bits: (CMBitMap*) 0x00000298e406f1a0
 Bits: [0x00000298dc240000, 0x00000298e3f70000)

Polling page: 0x00000298bfc50000

Metaspace:
Metaspace        used 50863K, committed 51328K, reserved 1114112K
 class space     used 7044K, committed 7232K, reserved 1048576K

Usage:
  Non-class:     42.79 MB used.
      Class:      6.88 MB used.
       Both:     49.67 MB used.

Virtual space:
  Non-class space:       64.00 MB reserved,      43.06 MB ( 67%) committed,  1 nodes.
      Class space:        1.00 GB reserved,       7.06 MB ( <1%) committed,  1 nodes.
             Both:        1.06 GB reserved,      50.12 MB (  5%) committed. 

Chunk freelists:
   Non-Class:  4.34 MB
       Class:  8.89 MB
        Both:  13.23 MB

MaxMetaspaceSize: unlimited
CompressedClassSpaceSize: 1.00 GB
Initial GC threshold: 21.00 MB
Current GC threshold: 79.94 MB
CDS: on
 - commit_granule_bytes: 65536.
 - commit_granule_words: 8192.
 - virtual_space_node_default_size: 8388608.
 - enlarge_chunks_in_place: 1.
UseCompressedClassPointers 1, UseCompactObjectHeaders 0
Narrow klass pointer bits 32, Max shift 3
Narrow klass base: 0x0000000032000000, Narrow klass shift: 0
Encoding Range: [0x0000000032000000 - 0x0000000132000000), (4294967296 bytes)
Klass Range:    [0x0000000032010000 - 0x0000000073000000), (1090453504 bytes)
Klass ID Range:  [65536 - 1090519033) (1090453497)
Protection zone: [0x0000000032000000 - 0x0000000032010000), (65536 bytes)


Internal statistics:

num_allocs_failed_limit: 6.
num_arena_births: 560.
num_arena_deaths: 4.
num_vsnodes_births: 2.
num_vsnodes_deaths: 0.
num_space_committed: 801.
num_space_uncommitted: 0.
num_chunks_returned_to_freelist: 10.
num_chunks_taken_from_freelist: 2100.
num_chunk_merges: 6.
num_chunk_splits: 1484.
num_chunks_enlarged: 1176.
num_inconsistent_stats: 0.

CodeHeap 'non-profiled nmethods': size=119168Kb used=3922Kb max_used=3922Kb free=115245Kb
 bounds [0x00000298d24f0000, 0x00000298d28d0000, 0x00000298d9950000]
CodeHeap 'profiled nmethods': size=119168Kb used=13695Kb max_used=13695Kb free=105472Kb
 bounds [0x00000298ca940000, 0x00000298cb6a0000, 0x00000298d1da0000]
CodeHeap 'non-nmethods': size=7488Kb used=2735Kb max_used=3988Kb free=4752Kb
 bounds [0x00000298d1da0000, 0x00000298d2190000, 0x00000298d24f0000]
CodeCache: size=245824Kb, used=20352Kb, max_used=21605Kb, free=225469Kb
 total_blobs=9262, nmethods=8229, adapters=934, full_count=0
Compilation: enabled, stopped_count=0, restarted_count=0

Compilation events (20 events):
Event: 40.237 Thread 0x00000298febb1430 9523       3       com.sun.javafx.font.directwrite.IDWriteLocalizedStrings::FindLocaleName (17 bytes)
Event: 40.238 Thread 0x00000298febb3470 nmethod 9520 0x00000298d28c2888 code [0x00000298d28c2980, 0x00000298d28c3138]
Event: 40.238 Thread 0x00000298febb1430 nmethod 9523 0x00000298cb697888 code [0x00000298cb697980, 0x00000298cb6995a8]
Event: 40.238 Thread 0x00000298febb1430 9532       1       com.sun.javafx.font.PrismFontFile::isBold (5 bytes)
Event: 40.238 Thread 0x00000298febb1430 nmethod 9532 0x00000298d28c3188 code [0x00000298d28c3280, 0x00000298d28c3348]
Event: 40.238 Thread 0x00000298febb1430 9533       1       com.sun.javafx.font.PrismFontFile::isItalic (5 bytes)
Event: 40.238 Thread 0x00000298febb1430 nmethod 9533 0x00000298d28c3488 code [0x00000298d28c3580, 0x00000298d28c3648]
Event: 40.238 Thread 0x00000298e4221a00 nmethod 9513 0x00000298cb699608 code [0x00000298cb699760, 0x00000298cb69f098]
Event: 40.238 Thread 0x00000298febb1430 9534       3       com.sun.javafx.font.directwrite.IDWriteFont::GetInformationalStrings (28 bytes)
Event: 40.238 Thread 0x00000298febb1430 nmethod 9534 0x00000298cb69f108 code [0x00000298cb69f200, 0x00000298cb69f510]
Event: 40.238 Thread 0x00000298febb1430 9535       3       com.sun.javafx.font.directwrite.IDWriteLocalizedStrings::GetString (31 bytes)
Event: 40.239 Thread 0x00000298febb1430 nmethod 9535 0x00000298cb69f588 code [0x00000298cb69f680, 0x00000298cb69f8e8]
Event: 40.239 Thread 0x00000298febb1430 9536       3       com.sun.javafx.font.directwrite.DWFactory::getFontCollection (20 bytes)
Event: 40.239 Thread 0x00000298febb1430 nmethod 9536 0x00000298cb69f908 code [0x00000298cb69fa00, 0x00000298cb69fd48]
Event: 40.239 Thread 0x00000298febb1430 9538       1       com.sun.javafx.font.PrismFontFile::getFileName (5 bytes)
Event: 40.239 Thread 0x00000298febb1430 nmethod 9538 0x00000298d28c3a88 code [0x00000298d28c3b80, 0x00000298d28c3c48]
Event: 40.239 Thread 0x00000298febb1430 9540       1       com.sun.javafx.text.TextRun::getScript (5 bytes)
Event: 40.239 Thread 0x00000298e4221a00 9541       1       com.sun.javafx.text.TextRun::getSlot (5 bytes)
Event: 40.239 Thread 0x00000298febb1430 nmethod 9540 0x00000298d28c4488 code [0x00000298d28c4580, 0x00000298d28c4648]
Event: 40.239 Thread 0x00000298e4221a00 nmethod 9541 0x00000298d28c4788 code [0x00000298d28c4880, 0x00000298d28c4948]

GC Heap Usage History (20 events):
Event: 11.596 {heap Before GC invocations=27 (full 0):
 garbage-first heap   total reserved 8204288K, committed 86016K, used 42414K [0x000000060b400000, 0x0000000800000000)
  region size 4096K, 2 young (8192K), 1 survivors (4096K)
}
Event: 11.597 {heap After GC invocations=28 (full 0):
 garbage-first heap   total reserved 8204288K, committed 86016K, used 40724K [0x000000060b400000, 0x0000000800000000)
  region size 4096K, 1 young (4096K), 1 survivors (4096K)
}
Event: 12.556 {heap Before GC invocations=29 (full 0):
 garbage-first heap   total reserved 8204288K, committed 90112K, used 77588K [0x000000060b400000, 0x0000000800000000)
  region size 4096K, 9 young (36864K), 1 survivors (4096K)
}
Event: 12.557 {heap After GC invocations=30 (full 0):
 garbage-first heap   total reserved 8204288K, committed 90112K, used 37210K [0x000000060b400000, 0x0000000800000000)
  region size 4096K, 1 young (4096K), 1 survivors (4096K)
}
Event: 17.261 {heap Before GC invocations=30 (full 0):
 garbage-first heap   total reserved 8204288K, committed 90112K, used 78170K [0x000000060b400000, 0x0000000800000000)
  region size 4096K, 11 young (45056K), 1 survivors (4096K)
}
Event: 17.263 {heap After GC invocations=31 (full 0):
 garbage-first heap   total reserved 8204288K, committed 90112K, used 36662K [0x000000060b400000, 0x0000000800000000)
  region size 4096K, 1 young (4096K), 1 survivors (4096K)
}
Event: 19.681 {heap Before GC invocations=31 (full 0):
 garbage-first heap   total reserved 8204288K, committed 90112K, used 77622K [0x000000060b400000, 0x0000000800000000)
  region size 4096K, 11 young (45056K), 1 survivors (4096K)
}
Event: 19.682 {heap After GC invocations=32 (full 0):
 garbage-first heap   total reserved 8204288K, committed 90112K, used 36823K [0x000000060b400000, 0x0000000800000000)
  region size 4096K, 1 young (4096K), 1 survivors (4096K)
}
Event: 21.837 {heap Before GC invocations=32 (full 0):
 garbage-first heap   total reserved 8204288K, committed 90112K, used 77783K [0x000000060b400000, 0x0000000800000000)
  region size 4096K, 11 young (45056K), 1 survivors (4096K)
}
Event: 21.838 {heap After GC invocations=33 (full 0):
 garbage-first heap   total reserved 8204288K, committed 90112K, used 37054K [0x000000060b400000, 0x0000000800000000)
  region size 4096K, 1 young (4096K), 1 survivors (4096K)
}
Event: 24.109 {heap Before GC invocations=34 (full 0):
 garbage-first heap   total reserved 8204288K, committed 90112K, used 78014K [0x000000060b400000, 0x0000000800000000)
  region size 4096K, 11 young (45056K), 1 survivors (4096K)
}
Event: 24.110 {heap After GC invocations=35 (full 0):
 garbage-first heap   total reserved 8204288K, committed 90112K, used 36827K [0x000000060b400000, 0x0000000800000000)
  region size 4096K, 1 young (4096K), 1 survivors (4096K)
}
Event: 26.146 {heap Before GC invocations=35 (full 0):
 garbage-first heap   total reserved 8204288K, committed 90112K, used 77787K [0x000000060b400000, 0x0000000800000000)
  region size 4096K, 11 young (45056K), 1 survivors (4096K)
}
Event: 26.149 {heap After GC invocations=36 (full 0):
 garbage-first heap   total reserved 8204288K, committed 90112K, used 36417K [0x000000060b400000, 0x0000000800000000)
  region size 4096K, 1 young (4096K), 1 survivors (4096K)
}
Event: 28.713 {heap Before GC invocations=36 (full 0):
 garbage-first heap   total reserved 8204288K, committed 90112K, used 77377K [0x000000060b400000, 0x0000000800000000)
  region size 4096K, 11 young (45056K), 1 survivors (4096K)
}
Event: 28.714 {heap After GC invocations=37 (full 0):
 garbage-first heap   total reserved 8204288K, committed 90112K, used 36385K [0x000000060b400000, 0x0000000800000000)
  region size 4096K, 1 young (4096K), 1 survivors (4096K)
}
Event: 30.667 {heap Before GC invocations=38 (full 0):
 garbage-first heap   total reserved 8204288K, committed 90112K, used 73249K [0x000000060b400000, 0x0000000800000000)
  region size 4096K, 11 young (45056K), 1 survivors (4096K)
}
Event: 30.669 {heap After GC invocations=39 (full 0):
 garbage-first heap   total reserved 8204288K, committed 90112K, used 37300K [0x000000060b400000, 0x0000000800000000)
  region size 4096K, 1 young (4096K), 1 survivors (4096K)
}
Event: 38.689 {heap Before GC invocations=39 (full 0):
 garbage-first heap   total reserved 8204288K, committed 90112K, used 78260K [0x000000060b400000, 0x0000000800000000)
  region size 4096K, 11 young (45056K), 1 survivors (4096K)
}
Event: 38.692 {heap After GC invocations=40 (full 0):
 garbage-first heap   total reserved 8204288K, committed 90112K, used 37278K [0x000000060b400000, 0x0000000800000000)
  region size 4096K, 1 young (4096K), 1 survivors (4096K)
}

Metaspace Usage History (20 events):
Event: 11.596 {metaspace Before GC invocations=27 (full 0):
 Metaspace       used 47572K, committed 48000K, reserved 1114112K
  class space    used 6730K, committed 6912K, reserved 1048576K
}
Event: 11.597 {metaspace After GC invocations=28 (full 0):
 Metaspace       used 47572K, committed 48000K, reserved 1114112K
  class space    used 6730K, committed 6912K, reserved 1048576K
}
Event: 12.556 {metaspace Before GC invocations=29 (full 0):
 Metaspace       used 47950K, committed 48448K, reserved 1114112K
  class space    used 6780K, committed 6976K, reserved 1048576K
}
Event: 12.557 {metaspace After GC invocations=30 (full 0):
 Metaspace       used 47950K, committed 48448K, reserved 1114112K
  class space    used 6780K, committed 6976K, reserved 1048576K
}
Event: 17.261 {metaspace Before GC invocations=30 (full 0):
 Metaspace       used 48437K, committed 48896K, reserved 1114112K
  class space    used 6803K, committed 6976K, reserved 1048576K
}
Event: 17.263 {metaspace After GC invocations=31 (full 0):
 Metaspace       used 48437K, committed 48896K, reserved 1114112K
  class space    used 6803K, committed 6976K, reserved 1048576K
}
Event: 19.681 {metaspace Before GC invocations=31 (full 0):
 Metaspace       used 48543K, committed 48960K, reserved 1114112K
  class space    used 6803K, committed 6976K, reserved 1048576K
}
Event: 19.682 {metaspace After GC invocations=32 (full 0):
 Metaspace       used 48543K, committed 48960K, reserved 1114112K
  class space    used 6803K, committed 6976K, reserved 1048576K
}
Event: 21.837 {metaspace Before GC invocations=32 (full 0):
 Metaspace       used 48634K, committed 49088K, reserved 1114112K
  class space    used 6803K, committed 6976K, reserved 1048576K
}
Event: 21.838 {metaspace After GC invocations=33 (full 0):
 Metaspace       used 48634K, committed 49088K, reserved 1114112K
  class space    used 6803K, committed 6976K, reserved 1048576K
}
Event: 24.109 {metaspace Before GC invocations=34 (full 0):
 Metaspace       used 48662K, committed 49088K, reserved 1114112K
  class space    used 6803K, committed 6976K, reserved 1048576K
}
Event: 24.110 {metaspace After GC invocations=35 (full 0):
 Metaspace       used 48662K, committed 49088K, reserved 1114112K
  class space    used 6803K, committed 6976K, reserved 1048576K
}
Event: 26.146 {metaspace Before GC invocations=35 (full 0):
 Metaspace       used 48724K, committed 49216K, reserved 1114112K
  class space    used 6803K, committed 6976K, reserved 1048576K
}
Event: 26.149 {metaspace After GC invocations=36 (full 0):
 Metaspace       used 48724K, committed 49216K, reserved 1114112K
  class space    used 6803K, committed 6976K, reserved 1048576K
}
Event: 28.713 {metaspace Before GC invocations=36 (full 0):
 Metaspace       used 48804K, committed 49216K, reserved 1114112K
  class space    used 6803K, committed 6976K, reserved 1048576K
}
Event: 28.714 {metaspace After GC invocations=37 (full 0):
 Metaspace       used 48804K, committed 49216K, reserved 1114112K
  class space    used 6803K, committed 6976K, reserved 1048576K
}
Event: 30.667 {metaspace Before GC invocations=38 (full 0):
 Metaspace       used 48911K, committed 49408K, reserved 1114112K
  class space    used 6811K, committed 7040K, reserved 1048576K
}
Event: 30.669 {metaspace After GC invocations=39 (full 0):
 Metaspace       used 48911K, committed 49408K, reserved 1114112K
  class space    used 6811K, committed 7040K, reserved 1048576K
}
Event: 38.689 {metaspace Before GC invocations=39 (full 0):
 Metaspace       used 50585K, committed 51072K, reserved 1114112K
  class space    used 7013K, committed 7232K, reserved 1048576K
}
Event: 38.692 {metaspace After GC invocations=40 (full 0):
 Metaspace       used 50585K, committed 51072K, reserved 1114112K
  class space    used 7013K, committed 7232K, reserved 1048576K
}

Dll operation events (20 events):
Event: 0.341 Attempting to load shared library C:\Users\matea\.openjfx\cache\21.0.6+3\amd64\vcruntime140.dll
Event: 0.342 Loaded shared library C:\Users\matea\.openjfx\cache\21.0.6+3\amd64\vcruntime140.dll
Event: 0.345 Attempting to load shared library C:\Users\matea\.openjfx\cache\21.0.6+3\amd64\vcruntime140_1.dll
Event: 0.346 Loaded shared library C:\Users\matea\.openjfx\cache\21.0.6+3\amd64\vcruntime140_1.dll
Event: 0.353 Attempting to load shared library C:\Users\matea\.openjfx\cache\21.0.6+3\amd64\msvcp140.dll
Event: 0.353 Loaded shared library C:\Users\matea\.openjfx\cache\21.0.6+3\amd64\msvcp140.dll
Event: 0.356 Attempting to load shared library C:\Users\matea\.openjfx\cache\21.0.6+3\amd64\msvcp140_1.dll
Event: 0.357 Loaded shared library C:\Users\matea\.openjfx\cache\21.0.6+3\amd64\msvcp140_1.dll
Event: 0.361 Attempting to load shared library C:\Users\matea\.openjfx\cache\21.0.6+3\amd64\msvcp140_2.dll
Event: 0.361 Loaded shared library C:\Users\matea\.openjfx\cache\21.0.6+3\amd64\msvcp140_2.dll
Event: 0.388 Attempting to load shared library C:\Users\matea\.openjfx\cache\21.0.6+3\amd64\prism_d3d.dll
Event: 0.391 Loaded shared library C:\Users\matea\.openjfx\cache\21.0.6+3\amd64\prism_d3d.dll
Event: 0.461 Attempting to load shared library C:\Users\matea\.openjfx\cache\21.0.6+3\amd64\glass.dll
Event: 0.462 Loaded shared library C:\Users\matea\.openjfx\cache\21.0.6+3\amd64\glass.dll
Event: 0.575 Attempting to load shared library C:\Users\matea\.openjfx\cache\21.0.6+3\amd64\javafx_font.dll
Event: 0.575 Loaded shared library C:\Users\matea\.openjfx\cache\21.0.6+3\amd64\javafx_font.dll
Event: 0.610 Attempting to load shared library C:\Users\matea\AppData\Local\Temp\jna-103668220\jna6912463563763311665.dll
Event: 0.655 Loaded shared library C:\Users\matea\AppData\Local\Temp\jna-103668220\jna6912463563763311665.dll
Event: 4.655 Attempting to load shared library C:\Users\matea\.jdks\corretto-25.0.4.1\bin\sunmscapi.dll
Event: 4.656 Loaded shared library C:\Users\matea\.jdks\corretto-25.0.4.1\bin\sunmscapi.dll

Deoptimization events (20 events):
Event: 40.218 Thread 0x00000298ec5dee40 Uncommon trap: trap_request=0xffffff45 fr.pc=0x00000298d280f5f8 relative=0x00000000000000f8
Event: 40.218 Thread 0x00000298ec5dee40 Uncommon trap: reason=unstable_if action=reinterpret pc=0x00000298d280f5f8 method=com.sun.javafx.font.PrismFontFile.getAdvanceFromHMTX(IF)F @ 4 c2
Event: 40.218 Thread 0x00000298ec5dee40 DEOPT PACKING pc=0x00000298d280f5f8 sp=0x000000fccd6fd4a0
Event: 40.218 Thread 0x00000298ec5dee40 DEOPT UNPACKING pc=0x00000298d1ed1202 sp=0x000000fccd6fd3a8 mode 2
Event: 40.220 Thread 0x00000298ec5dee40 Uncommon trap: trap_request=0xffffff45 fr.pc=0x00000298d27fc6c8 relative=0x0000000000001048
Event: 40.220 Thread 0x00000298ec5dee40 Uncommon trap: reason=unstable_if action=reinterpret pc=0x00000298d27fc6c8 method=com.sun.javafx.text.PrismTextLayout.setContent(Ljava/lang/String;Ljava/lang/Object;)Z @ 61 c2
Event: 40.220 Thread 0x00000298ec5dee40 DEOPT PACKING pc=0x00000298d27fc6c8 sp=0x000000fccd6fd6d0
Event: 40.220 Thread 0x00000298ec5dee40 DEOPT UNPACKING pc=0x00000298d1ed1202 sp=0x000000fccd6fd6b8 mode 2
Event: 40.226 Thread 0x00000298ec5dee40 Uncommon trap: trap_request=0xffffff45 fr.pc=0x00000298d2804b90 relative=0x00000000000030f0
Event: 40.226 Thread 0x00000298ec5dee40 Uncommon trap: reason=unstable_if action=reinterpret pc=0x00000298d2804b90 method=com.sun.javafx.text.PrismTextLayout.layout()V @ 54 c2
Event: 40.226 Thread 0x00000298ec5dee40 DEOPT PACKING pc=0x00000298d2804b90 sp=0x000000fccd6fd6b0
Event: 40.226 Thread 0x00000298ec5dee40 DEOPT UNPACKING pc=0x00000298d1ed1202 sp=0x000000fccd6fd5e8 mode 2
Event: 40.234 Thread 0x00000298ec5dee40 Uncommon trap: trap_request=0xffffff45 fr.pc=0x00000298d278a4cc relative=0x00000000000000cc
Event: 40.234 Thread 0x00000298ec5dee40 Uncommon trap: reason=unstable_if action=reinterpret pc=0x00000298d278a4cc method=com.sun.javafx.text.TextRun.getGlyphCode(I)I @ 21 c2
Event: 40.234 Thread 0x00000298ec5dee40 DEOPT PACKING pc=0x00000298d278a4cc sp=0x000000fccd6fd4f0
Event: 40.234 Thread 0x00000298ec5dee40 DEOPT UNPACKING pc=0x00000298d1ed1202 sp=0x000000fccd6fd480 mode 2
Event: 40.237 Thread 0x00000298ec5dee40 Uncommon trap: trap_request=0xffffff45 fr.pc=0x00000298d253fcb0 relative=0x00000000000001b0
Event: 40.237 Thread 0x00000298ec5dee40 Uncommon trap: reason=unstable_if action=reinterpret pc=0x00000298d253fcb0 method=com.sun.javafx.font.PrismFontFile.fontSupportsColorGlyphs()Z @ 4 c2
Event: 40.237 Thread 0x00000298ec5dee40 DEOPT PACKING pc=0x00000298d253fcb0 sp=0x000000fccd6fd260
Event: 40.237 Thread 0x00000298ec5dee40 DEOPT UNPACKING pc=0x00000298d1ed1202 sp=0x000000fccd6fd208 mode 2

Classes loaded (20 events):
Event: 36.462 Loading class java/util/zip/ZipException
Event: 36.462 Loading class java/util/zip/ZipException done
Event: 36.471 Loading class java/util/regex/PatternSyntaxException
Event: 36.471 Loading class java/util/regex/PatternSyntaxException done
Event: 36.478 Loading class java/nio/InvalidMarkException
Event: 36.478 Loading class java/nio/InvalidMarkException done
Event: 36.521 Loading class java/lang/IllegalThreadStateException
Event: 36.521 Loading class java/lang/IllegalThreadStateException done
Event: 36.524 Loading class java/util/DualPivotQuicksort
Event: 36.524 Loading class java/util/DualPivotQuicksort done
Event: 40.220 Loading class jdk/internal/icu/text/BidiBase$BracketData
Event: 40.220 Loading class jdk/internal/icu/text/BidiBase$BracketData done
Event: 40.220 Loading class jdk/internal/icu/text/BidiBase$Opening
Event: 40.220 Loading class jdk/internal/icu/text/BidiBase$Opening done
Event: 40.220 Loading class jdk/internal/icu/text/BidiBase$IsoRun
Event: 40.220 Loading class jdk/internal/icu/text/BidiBase$IsoRun done
Event: 40.220 Loading class jdk/internal/icu/text/BidiBase$LevState
Event: 40.220 Loading class jdk/internal/icu/text/BidiBase$LevState done
Event: 40.220 Loading class java/util/DualPivotQuicksort$SortOperation
Event: 40.220 Loading class java/util/DualPivotQuicksort$SortOperation done

Classes unloaded (2 events):
Event: 4.737 Thread 0x00000298e41ecfa0 Unloading class 0x0000000033044c00 'java/lang/invoke/LambdaForm$DMH+0x0000000033044c00'
Event: 10.108 Thread 0x00000298e41ecfa0 Unloading class 0x0000000033528800 'java/lang/invoke/LambdaForm$DMH+0x0000000033528800'

Classes redefined (0 events):
No events

Internal exceptions (20 events):
Event: 36.458 Thread 0x00000298ec5dee40 Exception <a 'sun/nio/fs/WindowsException'{0x000000060ef70c48}> (0x000000060ef70c48) 
thrown [s\src\hotspot\share\prims\jni.cpp, line 516]
Event: 36.458 Thread 0x00000298ec5dee40 Exception <a 'sun/nio/fs/WindowsException'{0x000000060ef71910}> (0x000000060ef71910) 
thrown [s\src\hotspot\share\prims\jni.cpp, line 516]
Event: 36.461 Thread 0x00000298ec5dee40 Exception <a 'sun/nio/fs/WindowsException'{0x000000060ef9b000}> (0x000000060ef9b000) 
thrown [s\src\hotspot\share\prims\jni.cpp, line 516]
Event: 36.466 Thread 0x00000298ec5dee40 Exception <a 'sun/nio/fs/WindowsException'{0x000000060eff4dc0}> (0x000000060eff4dc0) 
thrown [s\src\hotspot\share\prims\jni.cpp, line 516]
Event: 36.466 Thread 0x00000298ec5dee40 Exception <a 'sun/nio/fs/WindowsException'{0x000000060eff57d8}> (0x000000060eff57d8) 
thrown [s\src\hotspot\share\prims\jni.cpp, line 516]
Event: 36.470 Thread 0x00000298ec5dee40 Exception <a 'sun/nio/fs/WindowsException'{0x000000060e822de0}> (0x000000060e822de0) 
thrown [s\src\hotspot\share\prims\jni.cpp, line 516]
Event: 36.470 Thread 0x00000298ec5dee40 Exception <a 'sun/nio/fs/WindowsException'{0x000000060e823aa8}> (0x000000060e823aa8) 
thrown [s\src\hotspot\share\prims\jni.cpp, line 516]
Event: 36.470 Thread 0x00000298ec5dee40 Exception <a 'sun/nio/fs/WindowsException'{0x000000060e824be0}> (0x000000060e824be0) 
thrown [s\src\hotspot\share\prims\jni.cpp, line 516]
Event: 36.476 Thread 0x00000298ec5dee40 Exception <a 'sun/nio/fs/WindowsException'{0x000000060e88fb58}> (0x000000060e88fb58) 
thrown [s\src\hotspot\share\prims\jni.cpp, line 516]
Event: 36.476 Thread 0x00000298ec5dee40 Exception <a 'sun/nio/fs/WindowsException'{0x000000060e890820}> (0x000000060e890820) 
thrown [s\src\hotspot\share\prims\jni.cpp, line 516]
Event: 36.479 Thread 0x00000298ec5dee40 Exception <a 'sun/nio/fs/WindowsException'{0x000000060e8ceb48}> (0x000000060e8ceb48) 
thrown [s\src\hotspot\share\prims\jni.cpp, line 516]
Event: 36.479 Thread 0x00000298ec5dee40 Exception <a 'sun/nio/fs/WindowsException'{0x000000060e8cfa60}> (0x000000060e8cfa60) 
thrown [s\src\hotspot\share\prims\jni.cpp, line 516]
Event: 36.490 Thread 0x00000298ec5dee40 Exception <a 'sun/nio/fs/WindowsException'{0x000000060e980850}> (0x000000060e980850) 
thrown [s\src\hotspot\share\prims\jni.cpp, line 516]
Event: 36.490 Thread 0x00000298ec5dee40 Exception <a 'sun/nio/fs/WindowsException'{0x000000060e981268}> (0x000000060e981268) 
thrown [s\src\hotspot\share\prims\jni.cpp, line 516]
Event: 36.490 Thread 0x00000298ec5dee40 Exception <a 'sun/nio/fs/WindowsException'{0x000000060e981fa0}> (0x000000060e981fa0) 
thrown [s\src\hotspot\share\prims\jni.cpp, line 516]
Event: 36.490 Thread 0x00000298ec5dee40 Exception <a 'sun/nio/fs/WindowsException'{0x000000060e9829b8}> (0x000000060e9829b8) 
thrown [s\src\hotspot\share\prims\jni.cpp, line 516]
Event: 36.536 Thread 0x00000298ec5dee40 Exception <a 'java/lang/IncompatibleClassChangeError'{0x000000060e689d60}: Found class java.lang.Object, but interface was expected> (0x000000060e689d60) 
thrown [s\src\hotspot\share\interpreter\linkResolver.cpp, line 871]
Event: 40.217 Thread 0x00000298ec5dee40 Implicit null exception at 0x00000298d281fc06 to 0x00000298d281fd48
Event: 40.218 Thread 0x00000298ec5dee40 Implicit null exception at 0x00000298d280f537 to 0x00000298d280f5dc
Event: 40.220 Thread 0x00000298ec5dee40 Exception <a 'java/lang/NoSuchMethodError'{0x00000006280922d8}: 'void java.lang.invoke.DirectMethodHandle$Holder.invokeStatic(java.lang.Object, java.lang.Object, int, int)'> (0x00000006280922d8) 
thrown [s\src\hotspot\share\interpreter\linkResolver.cpp, line 804]

VM Operations (20 events):
Event: 21.846 Executing safepoint VM operation: G1PauseRemark
Event: 21.848 Executing safepoint VM operation: G1PauseRemark done
Event: 21.852 Executing safepoint VM operation: G1PauseCleanup
Event: 21.852 Executing safepoint VM operation: G1PauseCleanup done
Event: 24.109 Executing safepoint VM operation: G1CollectForAllocation (G1 Evacuation Pause)
Event: 24.110 Executing safepoint VM operation: G1CollectForAllocation (G1 Evacuation Pause) done
Event: 26.146 Executing safepoint VM operation: G1CollectForAllocation (G1 Evacuation Pause)
Event: 26.149 Executing safepoint VM operation: G1CollectForAllocation (G1 Evacuation Pause) done
Event: 28.713 Executing safepoint VM operation: G1CollectForAllocation (G1 Evacuation Pause)
Event: 28.714 Executing safepoint VM operation: G1CollectForAllocation (G1 Evacuation Pause) done
Event: 28.722 Executing safepoint VM operation: G1PauseRemark
Event: 28.725 Executing safepoint VM operation: G1PauseRemark done
Event: 28.728 Executing safepoint VM operation: G1PauseCleanup
Event: 28.728 Executing safepoint VM operation: G1PauseCleanup done
Event: 30.667 Executing safepoint VM operation: G1CollectForAllocation (G1 Evacuation Pause)
Event: 30.669 Executing safepoint VM operation: G1CollectForAllocation (G1 Evacuation Pause) done
Event: 38.689 Executing safepoint VM operation: G1CollectForAllocation (G1 Evacuation Pause)
Event: 38.692 Executing safepoint VM operation: G1CollectForAllocation (G1 Evacuation Pause) done
Event: 40.091 Executing non-safepoint VM operation: HandshakeAllThreads (Deoptimize)
Event: 40.091 Executing non-safepoint VM operation: HandshakeAllThreads (Deoptimize) done

Memory protections (0 events):
No events

Nmethod flushes (20 events):
Event: 28.724 Thread 0x00000298e41ecfa0 flushing  nmethod 0x00000298cacce688
Event: 28.724 Thread 0x00000298e41ecfa0 flushing  nmethod 0x00000298cad7d488
Event: 28.724 Thread 0x00000298e41ecfa0 flushing  nmethod 0x00000298caddea08
Event: 28.724 Thread 0x00000298e41ecfa0 flushing  nmethod 0x00000298caddf008
Event: 28.724 Thread 0x00000298e41ecfa0 flushing  nmethod 0x00000298cae3bd88
Event: 28.724 Thread 0x00000298e41ecfa0 flushing  nmethod 0x00000298cae58488
Event: 28.724 Thread 0x00000298e41ecfa0 flushing  nmethod 0x00000298cae59088
Event: 28.724 Thread 0x00000298e41ecfa0 flushing  nmethod 0x00000298cae5d408
Event: 28.724 Thread 0x00000298e41ecfa0 flushing  nmethod 0x00000298caf0db08
Event: 28.724 Thread 0x00000298e41ecfa0 flushing  nmethod 0x00000298caf60108
Event: 28.724 Thread 0x00000298e41ecfa0 flushing  nmethod 0x00000298caf60f08
Event: 28.724 Thread 0x00000298e41ecfa0 flushing  nmethod 0x00000298caf62288
Event: 28.724 Thread 0x00000298e41ecfa0 flushing  nmethod 0x00000298caf62e08
Event: 28.724 Thread 0x00000298e41ecfa0 flushing  nmethod 0x00000298cb0fff08
Event: 28.724 Thread 0x00000298e41ecfa0 flushing  nmethod 0x00000298cb108788
Event: 28.724 Thread 0x00000298e41ecfa0 flushing  nmethod 0x00000298cb1eb988
Event: 28.724 Thread 0x00000298e41ecfa0 flushing  nmethod 0x00000298cb1ecb88
Event: 28.724 Thread 0x00000298e41ecfa0 flushing  nmethod 0x00000298cb20e008
Event: 28.724 Thread 0x00000298e41ecfa0 flushing  nmethod 0x00000298cb253788
Event: 28.724 Thread 0x00000298e41ecfa0 flushing  nmethod 0x00000298cb255388

Events (20 events):
Event: 36.540 Thread 0x00000298ff1e0a60 Thread added: 0x00000298ff1e50b0
Event: 36.570 Thread 0x00000298febb0c20 Thread added: 0x00000298febb3c80
Event: 36.743 Thread 0x00000298febb3c80 Thread exited: 0x00000298febb3c80
Event: 36.886 Thread 0x00000298febb3470 Thread exited: 0x00000298febb3470
Event: 37.766 Thread 0x00000298febb0c20 Thread exited: 0x00000298febb0c20
Event: 37.814 Thread 0x00000298febafc00 Thread exited: 0x00000298febafc00
Event: 38.668 Thread 0x00000298ff1e50b0 Thread exited: 0x00000298ff1e50b0
Event: 38.668 Thread 0x00000298ff1e48e0 Thread exited: 0x00000298ff1e48e0
Event: 38.669 Thread 0x00000298ff1e0a60 Thread exited: 0x00000298ff1e0a60
Event: 38.683 Thread 0x00000298e4221a00 Thread added: 0x00000298febb0c20
Event: 38.685 Thread 0x00000298e4221a00 Thread added: 0x00000298febb3470
Event: 39.111 Thread 0x00000298febb3470 Thread exited: 0x00000298febb3470
Event: 39.176 Thread 0x00000298febb0c20 Thread exited: 0x00000298febb0c20
Event: 40.064 Thread 0x00000298ec5dee40 Thread added: 0x000002988190ee20
Event: 40.079 Thread 0x000002988190ee20 Thread exited: 0x000002988190ee20
Event: 40.103 Thread 0x00000298e4221a00 Thread added: 0x00000298febb3470
Event: 40.104 Thread 0x00000298febb3470 Thread added: 0x00000298febb1430
Event: 40.199 Thread 0x00000298ec5dee40 Thread added: 0x000002988190ee20
Event: 40.210 Thread 0x000002988190ee20 Thread exited: 0x000002988190ee20
Event: 40.216 Thread 0x00000298febb3470 Thread added: 0x00000298febb4490


Dynamic libraries:
0x00007ff68c230000 - 0x00007ff68c23e000 	C:\Users\matea\.jdks\corretto-25.0.4.1\bin\java.exe
0x00007ffc92980000 - 0x00007ffc92be7000 	C:\WINDOWS\SYSTEM32\ntdll.dll
0x00007ffc91760000 - 0x00007ffc9182a000 	C:\WINDOWS\System32\KERNEL32.DLL
0x00007ffc8ff10000 - 0x00007ffc90310000 	C:\WINDOWS\System32\KERNELBASE.dll
0x00007ffc8fdb0000 - 0x00007ffc8fefc000 	C:\WINDOWS\System32\ucrtbase.dll
0x00007ffc77390000 - 0x00007ffc773a7000 	C:\Users\matea\.jdks\corretto-25.0.4.1\bin\jli.dll
0x00007ffc74570000 - 0x00007ffc7458e000 	C:\Users\matea\.jdks\corretto-25.0.4.1\bin\VCRUNTIME140.dll
0x00007ffc908a0000 - 0x00007ffc90a7d000 	C:\WINDOWS\System32\USER32.dll
0x00007ffc84cd0000 - 0x00007ffc84f60000 	C:\WINDOWS\WinSxS\amd64_microsoft.windows.common-controls_6595b64144ccf1df_6.0.26100.9596_none_3e0f4960e32e3260\COMCTL32.dll
0x00007ffc90490000 - 0x00007ffc904b7000 	C:\WINDOWS\System32\win32u.dll
0x00007ffc91910000 - 0x00007ffc919b9000 	C:\WINDOWS\System32\msvcrt.dll
0x00007ffc91c60000 - 0x00007ffc91c8b000 	C:\WINDOWS\System32\GDI32.dll
0x00007ffc90580000 - 0x00007ffc906a7000 	C:\WINDOWS\System32\gdi32full.dll
0x00007ffc90320000 - 0x00007ffc903c3000 	C:\WINDOWS\System32\msvcp_win.dll
0x00007ffc91c90000 - 0x00007ffc91cc1000 	C:\WINDOWS\System32\IMM32.DLL
0x00007ffc7fd80000 - 0x00007ffc7fd8c000 	C:\Users\matea\.jdks\corretto-25.0.4.1\bin\vcruntime140_1.dll
0x00007ffc61960000 - 0x00007ffc619e9000 	C:\Users\matea\.jdks\corretto-25.0.4.1\bin\msvcp140.dll
0x00007ffc0f870000 - 0x00007ffc107a7000 	C:\Users\matea\.jdks\corretto-25.0.4.1\bin\server\jvm.dll
0x00007ffc91830000 - 0x00007ffc918eb000 	C:\WINDOWS\System32\ADVAPI32.dll
0x00007ffc90e80000 - 0x00007ffc90f28000 	C:\WINDOWS\System32\sechost.dll
0x00007ffc91d60000 - 0x00007ffc91e78000 	C:\WINDOWS\System32\RPCRT4.dll
0x00007ffc90f30000 - 0x00007ffc90fb0000 	C:\WINDOWS\System32\WS2_32.dll
0x00007ffc8f9e0000 - 0x00007ffc8fa3e000 	C:\WINDOWS\SYSTEM32\POWRPROF.dll
0x00007ffc8b7c0000 - 0x00007ffc8b7cb000 	C:\WINDOWS\SYSTEM32\VERSION.dll
0x00007ffc8bf70000 - 0x00007ffc8bfa6000 	C:\WINDOWS\SYSTEM32\WINMM.dll
0x00007ffc8f9c0000 - 0x00007ffc8f9d5000 	C:\WINDOWS\SYSTEM32\UMPDC.dll
0x00007ffc8e310000 - 0x00007ffc8e32b000 	C:\WINDOWS\SYSTEM32\kernel.appcore.dll
0x00007ffc7fba0000 - 0x00007ffc7fbaa000 	C:\Users\matea\.jdks\corretto-25.0.4.1\bin\jimage.dll
0x00007ffc8cab0000 - 0x00007ffc8ccfc000 	C:\WINDOWS\SYSTEM32\DBGHELP.DLL
0x00007ffc925b0000 - 0x00007ffc9293a000 	C:\WINDOWS\System32\combase.dll
0x00007ffc91f70000 - 0x00007ffc92049000 	C:\WINDOWS\System32\OLEAUT32.dll
0x00007ffc8bf30000 - 0x00007ffc8bf6b000 	C:\WINDOWS\SYSTEM32\dbgcore.DLL
0x00007ffc903d0000 - 0x00007ffc9047c000 	C:\WINDOWS\System32\bcryptPrimitives.dll
0x00007ffc77380000 - 0x00007ffc77390000 	C:\Users\matea\.jdks\corretto-25.0.4.1\bin\instrument.dll
0x00007ffc743d0000 - 0x00007ffc743ef000 	C:\Users\matea\.jdks\corretto-25.0.4.1\bin\java.dll
0x00007ffc919c0000 - 0x00007ffc91b59000 	C:\WINDOWS\System32\ole32.dll
0x00007ffc90fc0000 - 0x00007ffc91758000 	C:\WINDOWS\System32\SHELL32.dll
0x00007ffc8d090000 - 0x00007ffc8d93e000 	C:\WINDOWS\SYSTEM32\windows.storage.dll
0x00007ffc91b60000 - 0x00007ffc91c5b000 	C:\WINDOWS\System32\SHCORE.dll
0x00007ffc90c20000 - 0x00007ffc90c86000 	C:\WINDOWS\System32\shlwapi.dll
0x00007ffc8faa0000 - 0x00007ffc8fac9000 	C:\WINDOWS\SYSTEM32\profapi.dll
0x00007ffc6f640000 - 0x00007ffc6f656000 	C:\Users\matea\.jdks\corretto-25.0.4.1\bin\zip.dll
0x00007ffc72280000 - 0x00007ffc72292000 	C:\Users\matea\.jdks\corretto-25.0.4.1\bin\net.dll
0x00007ffc8e8a0000 - 0x00007ffc8e90b000 	C:\WINDOWS\system32\mswsock.dll
0x00007ffc6fd80000 - 0x00007ffc6fd96000 	C:\Users\matea\.jdks\corretto-25.0.4.1\bin\nio.dll
0x00007ffc74730000 - 0x00007ffc74739000 	C:\Users\matea\.jdks\corretto-25.0.4.1\bin\extnet.dll
0x00007ffc8dbd0000 - 0x00007ffc8dd1c000 	C:\WINDOWS\SYSTEM32\DNSAPI.dll
0x00007ffc8e6a0000 - 0x00007ffc8e6ad000 	C:\WINDOWS\SYSTEM32\DSPARSE.dll
0x00007ffc8de20000 - 0x00007ffc8de53000 	C:\WINDOWS\SYSTEM32\IPHLPAPI.DLL
0x00007ffc924e0000 - 0x00007ffc924ea000 	C:\WINDOWS\System32\NSI.dll
0x00007ffc81230000 - 0x00007ffc8123b000 	C:\Windows\System32\rasadhlp.dll
0x00007ffc81e50000 - 0x00007ffc81ed6000 	C:\WINDOWS\System32\fwpuclnt.dll
0x00007ffc74560000 - 0x00007ffc7456a000 	C:\Users\matea\.jdks\corretto-25.0.4.1\bin\management.dll
0x00007ffc74520000 - 0x00007ffc7452c000 	C:\Users\matea\.jdks\corretto-25.0.4.1\bin\management_ext.dll
0x00007ffc925a0000 - 0x00007ffc925a8000 	C:\WINDOWS\System32\PSAPI.DLL
0x00000298c0020000 - 0x00000298c0023000 	C:\Users\matea\.openjfx\cache\21.0.6+3\amd64\api-ms-win-core-console-l1-1-0.dll
0x00000298c0030000 - 0x00000298c0033000 	C:\Users\matea\.openjfx\cache\21.0.6+3\amd64\api-ms-win-core-console-l1-2-0.dll
0x00000298c1d70000 - 0x00000298c1d73000 	C:\Users\matea\.openjfx\cache\21.0.6+3\amd64\api-ms-win-core-datetime-l1-1-0.dll
0x00000298c1d80000 - 0x00000298c1d83000 	C:\Users\matea\.openjfx\cache\21.0.6+3\amd64\api-ms-win-core-debug-l1-1-0.dll
0x00000298c1d90000 - 0x00000298c1d93000 	C:\Users\matea\.openjfx\cache\21.0.6+3\amd64\api-ms-win-core-errorhandling-l1-1-0.dll
0x00000298c1da0000 - 0x00000298c1da4000 	C:\Users\matea\.openjfx\cache\21.0.6+3\amd64\api-ms-win-core-file-l1-1-0.dll
0x00000298c1db0000 - 0x00000298c1db3000 	C:\Users\matea\.openjfx\cache\21.0.6+3\amd64\api-ms-win-core-file-l1-2-0.dll
0x00000298c1dc0000 - 0x00000298c1dc3000 	C:\Users\matea\.openjfx\cache\21.0.6+3\amd64\api-ms-win-core-file-l2-1-0.dll
0x00000298c1dd0000 - 0x00000298c1dd3000 	C:\Users\matea\.openjfx\cache\21.0.6+3\amd64\api-ms-win-core-handle-l1-1-0.dll
0x00000298c1de0000 - 0x00000298c1de3000 	C:\Users\matea\.openjfx\cache\21.0.6+3\amd64\api-ms-win-core-heap-l1-1-0.dll
0x00000298e7d20000 - 0x00000298e7d23000 	C:\Users\matea\.openjfx\cache\21.0.6+3\amd64\api-ms-win-core-interlocked-l1-1-0.dll
0x00000298e7d30000 - 0x00000298e7d33000 	C:\Users\matea\.openjfx\cache\21.0.6+3\amd64\api-ms-win-core-libraryloader-l1-1-0.dll
0x00000298e7d40000 - 0x00000298e7d43000 	C:\Users\matea\.openjfx\cache\21.0.6+3\amd64\api-ms-win-core-localization-l1-2-0.dll
0x00000298e7d50000 - 0x00000298e7d53000 	C:\Users\matea\.openjfx\cache\21.0.6+3\amd64\api-ms-win-core-memory-l1-1-0.dll
0x00000298e7d60000 - 0x00000298e7d63000 	C:\Users\matea\.openjfx\cache\21.0.6+3\amd64\api-ms-win-core-namedpipe-l1-1-0.dll
0x00000298e7d70000 - 0x00000298e7d73000 	C:\Users\matea\.openjfx\cache\21.0.6+3\amd64\api-ms-win-core-processenvironment-l1-1-0.dll
0x00000298e7d80000 - 0x00000298e7d83000 	C:\Users\matea\.openjfx\cache\21.0.6+3\amd64\api-ms-win-core-processthreads-l1-1-0.dll
0x00000298e7d90000 - 0x00000298e7d93000 	C:\Users\matea\.openjfx\cache\21.0.6+3\amd64\api-ms-win-core-processthreads-l1-1-1.dll
0x00000298e7da0000 - 0x00000298e7da3000 	C:\Users\matea\.openjfx\cache\21.0.6+3\amd64\api-ms-win-core-profile-l1-1-0.dll
0x00000298e7db0000 - 0x00000298e7db3000 	C:\Users\matea\.openjfx\cache\21.0.6+3\amd64\api-ms-win-core-rtlsupport-l1-1-0.dll
0x00000298e7dc0000 - 0x00000298e7dc3000 	C:\Users\matea\.openjfx\cache\21.0.6+3\amd64\api-ms-win-core-string-l1-1-0.dll
0x00000298e7dd0000 - 0x00000298e7dd3000 	C:\Users\matea\.openjfx\cache\21.0.6+3\amd64\api-ms-win-core-synch-l1-1-0.dll
0x00007ffc8eca0000 - 0x00007ffc8ecbb000 	C:\WINDOWS\SYSTEM32\CRYPTSP.dll
0x00007ffc8e270000 - 0x00007ffc8e2a9000 	C:\WINDOWS\system32\rsaenh.dll
0x00007ffc8e940000 - 0x00007ffc8e974000 	C:\WINDOWS\SYSTEM32\USERENV.dll
0x00000298e7de0000 - 0x00000298e7de3000 	C:\Users\matea\.openjfx\cache\21.0.6+3\amd64\api-ms-win-core-synch-l1-2-0.dll
0x00007ffc8fa70000 - 0x00007ffc8fa9a000 	C:\WINDOWS\SYSTEM32\bcrypt.dll
0x00007ffc8ec70000 - 0x00007ffc8ec7c000 	C:\WINDOWS\SYSTEM32\CRYPTBASE.dll
0x00000298e7df0000 - 0x00000298e7df3000 	C:\Users\matea\.openjfx\cache\21.0.6+3\amd64\api-ms-win-core-sysinfo-l1-1-0.dll
0x00000298e7e00000 - 0x00000298e7e03000 	C:\Users\matea\.openjfx\cache\21.0.6+3\amd64\api-ms-win-core-timezone-l1-1-0.dll
0x00000298e7e10000 - 0x00000298e7e13000 	C:\Users\matea\.openjfx\cache\21.0.6+3\amd64\api-ms-win-core-util-l1-1-0.dll
0x00000298e7e20000 - 0x00000298e7e23000 	C:\Users\matea\.openjfx\cache\21.0.6+3\amd64\api-ms-win-crt-conio-l1-1-0.dll
0x00000298e7e30000 - 0x00000298e7e34000 	C:\Users\matea\.openjfx\cache\21.0.6+3\amd64\api-ms-win-crt-convert-l1-1-0.dll
0x00000298e7e40000 - 0x00000298e7e43000 	C:\Users\matea\.openjfx\cache\21.0.6+3\amd64\api-ms-win-crt-environment-l1-1-0.dll
0x00007ffc8f420000 - 0x00007ffc8f438000 	C:\WINDOWS\system32\napinsp.dll
0x00007ffc8f250000 - 0x00007ffc8f263000 	C:\WINDOWS\System32\winrnr.dll
0x00007ffc8b920000 - 0x00007ffc8b947000 	C:\WINDOWS\system32\nlansp_c.dll
0x00007ffc821d0000 - 0x00007ffc821e6000 	C:\WINDOWS\system32\wshbth.dll
0x00000298e7e50000 - 0x00000298e7e53000 	C:\Users\matea\.openjfx\cache\21.0.6+3\amd64\api-ms-win-crt-filesystem-l1-1-0.dll
0x00000298e7e60000 - 0x00000298e7e63000 	C:\Users\matea\.openjfx\cache\21.0.6+3\amd64\api-ms-win-crt-heap-l1-1-0.dll
0x00000298e7e70000 - 0x00000298e7e73000 	C:\Users\matea\.openjfx\cache\21.0.6+3\amd64\api-ms-win-crt-locale-l1-1-0.dll
0x00000298e7e80000 - 0x00000298e7e85000 	C:\Users\matea\.openjfx\cache\21.0.6+3\amd64\api-ms-win-crt-math-l1-1-0.dll
0x00000298e7e90000 - 0x00000298e7e95000 	C:\Users\matea\.openjfx\cache\21.0.6+3\amd64\api-ms-win-crt-multibyte-l1-1-0.dll
0x00000298e7ea0000 - 0x00000298e7eb0000 	C:\Users\matea\.openjfx\cache\21.0.6+3\amd64\api-ms-win-crt-private-l1-1-0.dll
0x00000298e7eb0000 - 0x00000298e7eb3000 	C:\Users\matea\.openjfx\cache\21.0.6+3\amd64\api-ms-win-crt-process-l1-1-0.dll
0x00000298e7c10000 - 0x00000298e7c14000 	C:\Users\matea\.openjfx\cache\21.0.6+3\amd64\api-ms-win-crt-runtime-l1-1-0.dll
0x00000298e7c20000 - 0x00000298e7c24000 	C:\Users\matea\.openjfx\cache\21.0.6+3\amd64\api-ms-win-crt-stdio-l1-1-0.dll
0x00000298e7c30000 - 0x00000298e7c34000 	C:\Users\matea\.openjfx\cache\21.0.6+3\amd64\api-ms-win-crt-string-l1-1-0.dll
0x00000298e7c40000 - 0x00000298e7c43000 	C:\Users\matea\.openjfx\cache\21.0.6+3\amd64\api-ms-win-crt-time-l1-1-0.dll
0x00000298e7c50000 - 0x00000298e7c53000 	C:\Users\matea\.openjfx\cache\21.0.6+3\amd64\api-ms-win-crt-utility-l1-1-0.dll
0x00007ffc64760000 - 0x00007ffc6485c000 	C:\Users\matea\.openjfx\cache\21.0.6+3\amd64\ucrtbase.dll
0x00007ffc7d140000 - 0x00007ffc7d15b000 	C:\Users\matea\.openjfx\cache\21.0.6+3\amd64\vcruntime140.dll
0x00007ffc833f0000 - 0x00007ffc833fc000 	C:\Users\matea\.openjfx\cache\21.0.6+3\amd64\vcruntime140_1.dll
0x00007ffc6b3e0000 - 0x00007ffc6b46e000 	C:\Users\matea\.openjfx\cache\21.0.6+3\amd64\msvcp140.dll
0x00007ffc83380000 - 0x00007ffc83389000 	C:\Users\matea\.openjfx\cache\21.0.6+3\amd64\msvcp140_1.dll
0x00007ffc83c80000 - 0x00007ffc83cd8000 	C:\WINDOWS\SYSTEM32\pdh.dll
0x00007ffc6f720000 - 0x00007ffc6f761000 	C:\Users\matea\.openjfx\cache\21.0.6+3\amd64\msvcp140_2.dll
0x00007ffc74a80000 - 0x00007ffc74ab0000 	C:\Users\matea\.openjfx\cache\21.0.6+3\amd64\prism_d3d.dll
0x00007ffc62090000 - 0x00007ffc62242000 	C:\WINDOWS\system32\d3d9.dll
0x00007ffc8c820000 - 0x00007ffc8c84e000 	C:\WINDOWS\SYSTEM32\dwmapi.dll
0x00007ffc8c660000 - 0x00007ffc8c6aa000 	C:\WINDOWS\SYSTEM32\dxcore.dll
0x00007ffc8fc20000 - 0x00007ffc8fd9e000 	C:\WINDOWS\System32\CRYPT32.dll
0x00007ffc8c580000 - 0x00007ffc8c62a000 	C:\WINDOWS\system32\uxtheme.dll
0x00007ffc76d10000 - 0x00007ffc76d2f000 	C:\WINDOWS\System32\DriverStore\FileRepository\u0203304.inf_amd64_a6e5a337568ce3f0\B026373\atidx9loader64.dll
0x00007ffbe1fe0000 - 0x00007ffbe46c5000 	C:\WINDOWS\System32\DriverStore\FileRepository\u0203304.inf_amd64_a6e5a337568ce3f0\B026373\AMDXN64.DLL
0x00007ffc92050000 - 0x00007ffc924d7000 	C:\WINDOWS\System32\SETUPAPI.dll
0x00007ffc8c6b0000 - 0x00007ffc8c7ec000 	C:\WINDOWS\SYSTEM32\dxgi.dll
0x00007ffc867b0000 - 0x00007ffc867ee000 	C:\WINDOWS\System32\DriverStore\FileRepository\u0203304.inf_amd64_a6e5a337568ce3f0\B026373\amdihk64.dll
0x00007ffc8b7d0000 - 0x00007ffc8b82e000 	C:\WINDOWS\SYSTEM32\directxdatabasehelper.dll
0x00007ffc8f6e0000 - 0x00007ffc8f732000 	C:\WINDOWS\SYSTEM32\cfgmgr32.dll
0x00007ffc6be70000 - 0x00007ffc6beb2000 	C:\Users\matea\.openjfx\cache\21.0.6+3\amd64\glass.dll
0x00007ffc90b20000 - 0x00007ffc90c15000 	C:\WINDOWS\System32\COMDLG32.dll
0x00007ffc906b0000 - 0x00007ffc9080a000 	C:\WINDOWS\System32\MSCTF.dll

JVMTI agents:
C:\Program Files\JetBrains\IntelliJ IDEA 2026.2.3\lib\idea_rt.jar path:C:\Users\matea\.jdks\corretto-25.0.4.1\bin\instrument.dll, loaded, initialized, instrumentlib options:54835

dbghelp: loaded successfully - version: 4.0.5 - missing functions: none
symbol engine: initialized successfully - sym options: 0x614 - pdb path: .;C:\Users\matea\.jdks\corretto-25.0.4.1\bin;C:\WINDOWS\SYSTEM32;C:\WINDOWS\WinSxS\amd64_microsoft.windows.common-controls_6595b64144ccf1df_6.0.26100.9596_none_3e0f4960e32e3260;C:\Users\matea\.jdks\corretto-25.0.4.1\bin\server;C:\Users\matea\.openjfx\cache\21.0.6+3\amd64;C:\WINDOWS\System32\DriverStore\FileRepository\u0203304.inf_amd64_a6e5a337568ce3f0\B026373;C:\Users\matea\AppData\Local\Temp\jna-103668220;C:\Program Files\Common Files\Microsoft Shared\Ink;C:\WINDOWS\WinSxS\amd64_microsoft.windows.gdiplus_6595b64144ccf1df_1.1.26100.9596_none_6efa3c463dc0ac2e

VM Arguments:
jvm_args: -javaagent:C:\Program Files\JetBrains\IntelliJ IDEA 2026.2.3\lib\idea_rt.jar=54835 -Dfile.encoding=UTF-8 -Dsun.stdout.encoding=UTF-8 -Dsun.stderr.encoding=UTF-8 
java_command: com.bwxor.piejfx.Launcher
java_class_path (initial): C:\git\piejfx\piejfx\target\classes;C:\Users\matea\.m2\repository\org\openjfx\javafx-controls\21.0.6\javafx-controls-21.0.6.jar;C:\Users\matea\.m2\repository\org\openjfx\javafx-controls\21.0.6\javafx-controls-21.0.6-win.jar;C:\Users\matea\.m2\repository\org\openjfx\javafx-graphics\21.0.6\javafx-graphics-21.0.6.jar;C:\Users\matea\.m2\repository\org\openjfx\javafx-graphics\21.0.6\javafx-graphics-21.0.6-win.jar;C:\Users\matea\.m2\repository\org\openjfx\javafx-fxml\21.0.6\javafx-fxml-21.0.6.jar;C:\Users\matea\.m2\repository\org\openjfx\javafx-fxml\21.0.6\javafx-fxml-21.0.6-win.jar;C:\Users\matea\.m2\repository\org\openjfx\javafx-swing\21.0.6\javafx-swing-21.0.6.jar;C:\Users\matea\.m2\repository\org\openjfx\javafx-swing\21.0.6\javafx-swing-21.0.6-win.jar;C:\Users\matea\.m2\repository\org\controlsfx\controlsfx\11.2.1\controlsfx-11.2.1.jar;C:\Users\matea\.m2\repository\com\dlsc\formsfx\formsfx-core\11.6.0\formsfx-core-11.6.0.jar;C:\Users\matea\.m2\repository\org\openjfx\javafx-web\21.0.6\javafx-web-21.0.6.jar;C:\Users\matea\.m2\repository\org\openjfx\javafx-web\21.0.6\javafx-web-21.0.6-win.jar;C:\Users\matea\.m2\repository\org\openjfx\javafx-media\21.0.6\javafx-media-21.0.6.jar;C:\Users\matea\.m2\repository\org\openjfx\javafx-media\21.0.6\javafx-media-21.0.6-win.jar;C:\Users\matea\.m2\repository\com\bwxor\piejfx-plugin-core\1.0-SNAPSHOT\piejfx-plugin-core-1.0-SNAPSHOT.jar;C:\Users\matea\.m2\repository\org\fxmisc\richtext\richtextfx\0.11.7\richtextfx-0.11.7.jar;C:\Users\matea\.m2\repository\org\reactfx\reactfx\2.0-M5\reactfx-2.0-M5.jar;C:\Users\matea\.m2\repository\org\fxmisc\undo\undofx\2.1.1\undofx-2.1.1.jar;C:\Users\matea\.m2\repository\org\fxmisc\flowless\flowless\0.7.4\flowless-0.7.4.jar;C:\Users\matea\.m2\repository\org\fxmisc\wellbehaved\wellbehavedfx\0.3.3\wellbehavedfx-0.3.3.jar;C:\Users\matea\.m2\repository\com\techsenger\jeditermfx\jeditermfx-core\1.1.0\jeditermfx-core-1.1.0.jar;C:\Users\matea\.m2\repository\org\jetbrains\annotations\24.0.1\annotations-24.0.1.jar;C:\Users\matea\.m2\repository\org\jetbrains\kotlin\kotlin-stdlib\1.9.22\kotlin-stdlib-1.9.22.jar;C:\Users\matea\.m2\repository\org\slf4j\slf4j-api\2.0.9\slf4j-api-2.0.9.jar;C:\Users\matea\.m2\repository\com\techsenger\jeditermfx\jeditermfx-ui\1.1.0\jeditermfx-ui-1.1.0.jar;C:\Users\matea\.m2\repository\org\jetbrains\pty4j\pty4j\0.12.25\pty4j-0.12.25.jar;C:\Users\matea\.m2\repository\org\jetbrains\pty4j\purejavacomm\0.0.11.1\purejavacomm-0.0.11.1.jar;C:\Users\matea\.m2\repository\net\java\dev\jna\jna\5.13.0\jna-5.13.0.jar;C:\Users\matea\.m2\repository\org\openjfx\javafx-base\21.0.6\javafx-base-21.0.6.jar;C:\Users\matea\.m2\repository\org\openjfx\javafx-base\21.0.6\javafx-base-21.0.6-win.jar;C:\Users\matea\.m2\repository\org\json\json\20250517\json-20250517.jar;C:\Users\matea\.m2\repository\com\helger\ph-css\8.1.1\ph-css-8.1.1.jar;C:\Users\matea\.m2\repository\com\helger\commons\ph-typeconvert\12.1.0\ph-typeconvert-12.1.0.jar;C:\Users\matea\.m2\repository\com\helger\commons\ph-collection\12.1.0\ph-collection-12.1.0.jar;C:\Users\matea\.m2\repository\com\helger\commons\ph-base\12.1.0\ph-base-12.1.0.jar;C:\Users\matea\.m2\repository\com\helger\commons\ph-cache\12.1.0\ph-cache-12.1.0.jar;C:\Users\matea\.m2\repository\com\helger\commons\ph-annotations\12.1.0\ph-annotations-12.1.0.jar;C:\Users\matea\.m2\repository\org\jspecify\jspecify\1.0.0\jspecify-1.0.0.jar;C:\Users\matea\.m2\repository\com\helger\commons\ph-statistics\12.1.0\ph-statistics-12.1.0.jar;C:\Users\matea\.m2\repository\com\helger\commons\ph-io\12.1.0\ph-io-12.1.0.jar;C:\Users\matea\.m2\repository\com\helger\commons\ph-mime\12.1.0\ph-mime-12.1.0.jar;C:\Users\matea\.m2\repository\com\helger\commons\ph-text\12.1.0\ph-text-12.1.0.jar;C:\Users\matea\.m2\repository\net\harawata\appdirs\1.5.0\appdirs-1.5.0.jar;C:\Users\matea\.m2\repository\net\java\dev\jna\jna-platform\5.18.1\jna-platform-5.18.1.jar
Launcher Type: SUN_STANDARD

[Global flags]
     intx CICompilerCount                          = 12                                        {product} {ergonomic}
     uint ConcGCThreads                            = 3                                         {product} {ergonomic}
     uint G1ConcRefinementThreads                  = 13                                        {product} {ergonomic}
   size_t G1HeapRegionSize                         = 4194304                                   {product} {ergonomic}
   size_t InitialHeapSize                          = 528482304                                 {product} {ergonomic}
   size_t MarkStackSize                            = 4194304                                   {product} {ergonomic}
   size_t MarkStackSizeMax                         = 536870912                                 {product} {ergonomic}
   size_t MaxHeapSize                              = 8401190912                                {product} {ergonomic}
   size_t MaxNewSize                               = 5037359104                                {product} {ergonomic}
   size_t MinHeapDeltaBytes                        = 4194304                                   {product} {ergonomic}
   size_t MinHeapSize                              = 8388608                                   {product} {ergonomic}
    uintx NonNMethodCodeHeapSize                   = 7667712                                {pd product} {ergonomic}
    uintx NonProfiledCodeHeapSize                  = 122028032                              {pd product} {ergonomic}
    uintx ProfiledCodeHeapSize                     = 122028032                              {pd product} {ergonomic}
    uintx ReservedCodeCacheSize                    = 251723776                              {pd product} {ergonomic}
     bool SegmentedCodeCache                       = true                                      {product} {ergonomic}
   size_t SoftMaxHeapSize                          = 8401190912                             {manageable} {ergonomic}
     bool UseCompressedOops                        = true                           {product lp64_product} {ergonomic}
     bool UseG1GC                                  = true                                      {product} {ergonomic}
     bool UseLargePagesIndividualAllocation        = false                                  {pd product} {ergonomic}

Logging:
Log output configuration:
 #0: stdout all=warning uptime,level,tags foldmultilines=false
 #1: stderr all=off uptime,level,tags foldmultilines=false

Release file:
IMPLEMENTOR="Amazon.com Inc." 
IMPLEMENTOR_VERSION="Corretto-25.0.4.10.1" 
JAVA_RUNTIME_VERSION="25.0.4.1+10-LTS" 
JAVA_VERSION="25.0.4.1" 
JAVA_VERSION_DATE="2026-08-18" 
LIBC="default" 
MODULES="java.base java.compiler java.datatransfer java.xml java.prefs java.desktop java.instrument java.logging java.management java.security.sasl java.naming java.rmi java.management.rmi java.net.http java.scripting java.security.jgss java.transaction.xa java.sql java.sql.rowset java.xml.crypto java.se java.smartcardio jdk.accessibility jdk.internal.jvmstat jdk.attach jdk.charsets jdk.internal.opt jdk.zipfs jdk.compiler jdk.crypto.cryptoki jdk.crypto.ec jdk.crypto.mscapi jdk.dynalink jdk.internal.ed jdk.editpad jdk.internal.vm.ci jdk.graal.compiler jdk.graal.compiler.management jdk.hotspot.agent jdk.httpserver jdk.incubator.vector jdk.internal.le jdk.internal.md jdk.jartool jdk.javadoc jdk.jcmd jdk.management jdk.management.agent jdk.jconsole jdk.jdeps jdk.jdwp.agent jdk.jdi jdk.jfr jdk.jlink jdk.jpackage jdk.jshell jdk.jsobject jdk.jstatd jdk.localedata jdk.management.jfr jdk.naming.dns jdk.naming.rmi jdk.net jdk.nio.mapmode jdk.sctp jdk.security.auth jdk.security.jgss jdk.unsupported jdk.unsupported.desktop jdk.xml.dom" 
OS_ARCH="x86_64" 
OS_NAME="Windows" 
SOURCE="" 

Environment Variables:
JAVA_HOME=C:\Program Files\Java\jdk-27
PATH=C:\Program Files\Common Files\Oracle\Java\javapath;C:\WINDOWS\system32;C:\WINDOWS;C:\WINDOWS\System32\Wbem;C:\WINDOWS\System32\WindowsPowerShell\v1.0\;C:\WINDOWS\System32\OpenSSH\;C:\Program Files (x86)\NVIDIA Corporation\PhysX\Common;C:\Program Files\NVIDIA Corporation\NVIDIA App\NvDLISR;C:\Program Files\Git\cmd;C:\Program Files\Java\jdk-27\bin;C:\apache-maven-3.10.0\bin;C:\Users\matea\AppData\Local\Microsoft\WindowsApps;C:\Program Files\JetBrains\IntelliJ IDEA 2026.2.3\bin;C:\Users\matea\AppData\Local\Programs\keystore;
USERNAME=matea
OS=Windows_NT
PROCESSOR_IDENTIFIER=AMD64 Family 26 Model 96 Stepping 0, AuthenticAMD
TMP=C:\Users\matea\AppData\Local\Temp
TEMP=C:\Users\matea\AppData\Local\Temp




Compilation memory statistics disabled.

Periodic native trim disabled

---------------  S Y S T E M  ---------------

OS:
 Windows 11 , 64 bit Build 26100 (10.0.26100.9596)
OS uptime: 0 days 18:43 hours
Hyper-V role detected

CPU: total 16 (initial active 16) (16 cores per cpu, 2 threads per core) family 26 model 96 stepping 0 microcode 0xb600037, cx8, cmov, fxsr, ht, mmx, 3dnowpref, sse, sse2, sse3, ssse3, sse4a, sse4.1, sse4.2, popcnt, lzcnt, tsc, tscinvbit, avx, avx2, aes, erms, clmul, bmi1, bmi2, adx, avx512f, avx512dq, avx512cd, avx512bw, avx512vl, sha, fma, vzeroupper, avx512_vpopcntdq, avx512_vpclmulqdq, avx512_vaes, avx512_vnni, clflush, clflushopt, clwb, avx512_vbmi2, avx512_vbmi, hv, rdtscp, rdpid, fsrm, gfni, avx512_bitalg, f16c, cet_ss, avx512_ifma
Processor Information for the first 16 processors :
  Max Mhz: 2000, Current Mhz: 2000, Mhz Limit: 2000

Memory: 4k page, system-wide physical 32042M (13382M free)
TotalPageFile size 37162M (AvailPageFile size 14221M)
current process WorkingSet (physical memory assigned to process): 457M, peak: 495M
current process commit charge ("private bytes"): 479M, peak: 743M

vm_info: OpenJDK 64-Bit Server VM (25.0.4.1+10-LTS) for windows-amd64 JRE (25.0.4.1+10-LTS), built on 2026-09-18T17:33:34Z with MS VC++ 17.14 (VS2022)

END.
