#
# A fatal error has been detected by the Java Runtime Environment:
#
#  EXCEPTION_ACCESS_VIOLATION (0xc0000005) at pc=0x00007ffc77397278, pid=5796, tid=8992
#
# JRE version: OpenJDK Runtime Environment Corretto-25.0.4.10.1 (25.0.4.1+10) (build 25.0.4.1+10-LTS)
# Java VM: OpenJDK 64-Bit Server VM Corretto-25.0.4.10.1 (25.0.4.1+10-LTS, mixed mode, sharing, tiered, compressed oops, compressed class ptrs, g1 gc, windows-amd64)
# Problematic frame:
# C  0x00007ffc77397278
#
# No core dump will be written. Minidumps are not enabled by default on client versions of Windows
#
# If you would like to submit a bug report, please visit:
#   https://github.com/corretto/corretto-25/issues/
# The crash happened outside the Java Virtual Machine in native code.
# See problematic frame for where to report the bug.
#

---------------  S U M M A R Y ------------

Command Line: -javaagent:C:\Program Files\JetBrains\IntelliJ IDEA 2026.2.3\lib\idea_rt.jar=64973 -Dfile.encoding=UTF-8 -Dsun.stdout.encoding=UTF-8 -Dsun.stderr.encoding=UTF-8 com.bwxor.piejfx.Launcher

Host: AMD Ryzen AI 7 350 w/ Radeon 860M              , 16 cores, 31G,  Windows 11 , 64 bit Build 26100 (10.0.26100.9596)
Time: Thu Oct  8 11:26:16 2026 GTB Daylight Time elapsed time: 60.287921 seconds (0d 0h 1m 0s)

---------------  T H R E A D  ---------------

Current thread (0x000001ee57b313d0):  JavaThread "JavaFX Application Thread"        [_thread_in_native, id=8992, stack(0x0000000128500000,0x0000000128600000) (1024K)]

Stack: [0x0000000128500000,0x0000000128600000],  sp=0x00000001285fd5f0,  free space=1013k
Native frames: (J=compiled Java code, j=interpreted, Vv=VM code, C=native code)
C  0x00007ffc77397278  (no source info available)
C  0x000001ee3dd8379b  (no source info available)

The last pc belongs to native nmethod (printed below).
Java frames: (J=compiled Java code, j=interpreted, Vv=VM code)
J 9769  com.sun.javafx.font.directwrite.OS.JFXTextRendererGetGlyphOffsets(J[FI)I (0 bytes) @ 0x000001ee3dd83762 [0x000001ee3dd83700+0x0000000000000062]
j  com.sun.javafx.font.directwrite.JFXTextRenderer.GetGlyphOffsets([FI)I+6
j  com.sun.javafx.font.directwrite.DWGlyphLayout.renderShape([CLcom/sun/javafx/text/TextRun;Lcom/sun/javafx/font/PGFont;I)V+301
j  com.sun.javafx.font.directwrite.DWGlyphLayout.layout(Lcom/sun/javafx/text/TextRun;Lcom/sun/javafx/font/PGFont;Lcom/sun/javafx/font/FontStrike;[C)V+429
J 9722 c1 com.sun.javafx.text.PrismTextLayout.shape(Lcom/sun/javafx/text/TextRun;[CLcom/sun/javafx/text/GlyphLayout;)V (622 bytes) @ 0x000001ee36283d24 [0x000001ee36281c40+0x00000000000020e4]
J 9732 c1 com.sun.javafx.text.PrismTextLayout.layout()V (1636 bytes) @ 0x000001ee3679cbac [0x000001ee3679c060+0x0000000000000b4c]
J 9843 c2 javafx.scene.control.skin.LabeledSkinBase.computePrefHeight(DDDDD)D (311 bytes) @ 0x000001ee3dde37ac [0x000001ee3dde1d20+0x0000000000001a8c]
J 8870 c2 javafx.scene.control.Control.computePrefHeight(D)D (51 bytes) @ 0x000001ee3dbdccc8 [0x000001ee3dbdc820+0x00000000000004a8]
J 9058 c2 javafx.scene.control.skin.TableRowSkinBase.computePrefHeight(DDDDD)D (143 bytes) @ 0x000001ee3dc28fd4 [0x000001ee3dc28c20+0x00000000000003b4]
J 8870 c2 javafx.scene.control.Control.computePrefHeight(D)D (51 bytes) @ 0x000001ee3dbdccc8 [0x000001ee3dbdc820+0x00000000000004a8]
J 7995 c2 javafx.scene.layout.Region.prefHeight(D)D (38 bytes) @ 0x000001ee3da9139c [0x000001ee3da91320+0x000000000000007c]
J 7655 c1 javafx.scene.control.skin.VirtualFlow.resizeCell(Ljavafx/scene/control/IndexedCell;)V (102 bytes) @ 0x000001ee369aa804 [0x000001ee369aa000+0x0000000000000804]
J 9942 c1 javafx.scene.control.skin.VirtualFlow.addTrailingCells(Z)Z (606 bytes) @ 0x000001ee365c4be4 [0x000001ee365c3960+0x0000000000001284]
j  javafx.scene.control.skin.VirtualFlow.layoutChildren()V+1054
j  javafx.scene.control.skin.VirtualFlow$5.invalidated()V+166
J 6250 c1 javafx.beans.property.IntegerPropertyBase.set(I)V (76 bytes) @ 0x000001ee366ffaf4 [0x000001ee366ff600+0x00000000000004f4]
j  javafx.scene.control.skin.VirtualFlow.setCellCount(I)V+5
j  javafx.scene.control.skin.TableViewSkinBase.updateItemCount()V+42
j  javafx.scene.control.skin.VirtualContainerBase.checkState()V+8
j  javafx.scene.control.skin.VirtualContainerBase.layoutChildren(DDDD)V+1
j  javafx.scene.control.skin.TableViewSkinBase.layoutChildren(DDDD)V+19
J 7063 c1 javafx.scene.control.Control.layoutChildren()V (91 bytes) @ 0x000001ee3687c63c [0x000001ee36878880+0x0000000000003dbc]
J 8541 c2 javafx.scene.Parent.layout()V (160 bytes) @ 0x000001ee3dd3ec90 [0x000001ee3dd3eb80+0x0000000000000110]
J 8541 c2 javafx.scene.Parent.layout()V (160 bytes) @ 0x000001ee3dd3ee48 [0x000001ee3dd3eb80+0x00000000000002c8]
J 8541 c2 javafx.scene.Parent.layout()V (160 bytes) @ 0x000001ee3dd3ee48 [0x000001ee3dd3eb80+0x00000000000002c8]
J 6851 c1 javafx.scene.Scene.doLayoutPass()V (14 bytes) @ 0x000001ee3681a334 [0x000001ee36819e80+0x00000000000004b4]
J 6855 c1 javafx.scene.Scene$ScenePulseListener.pulse()V (504 bytes) @ 0x000001ee3681f9e4 [0x000001ee3681ec80+0x0000000000000d64]
J 9575 c2 com.sun.javafx.tk.Toolkit$$Lambda+0x000000003b3c0e88.run()Ljava/lang/Object; (8 bytes) @ 0x000001ee3dcaf4d4 [0x000001ee3dcaf480+0x0000000000000054]
J 7738 c1 com.sun.javafx.tk.Toolkit.firePulse()V (279 bytes) @ 0x000001ee369ef944 [0x000001ee369edca0+0x0000000000001ca4]
J 7737 c1 com.sun.javafx.tk.quantum.QuantumToolkit.pulse(Z)V (152 bytes) @ 0x000001ee369ecf5c [0x000001ee369ebf80+0x0000000000000fdc]
J 7733 c1 com.sun.javafx.tk.quantum.QuantumToolkit$$Lambda+0x000000003b0ecd68.run()V (8 bytes) @ 0x000001ee369e9e44 [0x000001ee369e9b80+0x00000000000002c4]
J 6843 c1 com.sun.glass.ui.InvokeLaterDispatcher$Future.run()V (91 bytes) @ 0x000001ee36816814 [0x000001ee36816700+0x0000000000000114]
v  ~StubRoutines::call_stub 0x000001ee3d2612ed
j  com.sun.glass.ui.win.WinApplication._runLoop(Ljava/lang/Runnable;)V+0
j  com.sun.glass.ui.win.WinApplication.lambda$runLoop$3(ILjava/lang/Runnable;)V+8
j  com.sun.glass.ui.win.WinApplication$$Lambda+0x000000003b0e0c08.run()V+12
j  java.lang.Thread.runWith(Ljava/lang/Object;Ljava/lang/Runnable;)V+5 java.base@25.0.4.1
j  java.lang.Thread.run()V+19 java.base@25.0.4.1
v  ~StubRoutines::call_stub 0x000001ee3d2612ed

siginfo: EXCEPTION_ACCESS_VIOLATION (0xc0000005), reading address 0x0000000000000000


Registers:
RAX=0x0000000000000000, RBX=0x0000000000000000, RCX=0x0000000000000000, RDX=0x0000000000000001
RSP=0x00000001285fd5f0, RBP=0x00000001285fd660, RSI=0x0000000000000002, RDI=0x000001ee570c3070
R8 =0x0000000000000002, R9 =0x0000000000000000, R10=0x0000000000000000, R11=0x00000001285fd5b0
R12=0x0000000000000000, R13=0x00000001285fd6b8, R14=0x000001ee57b31818, R15=0x000001ee6c71fd00
RIP=0x00007ffc77397278, EFLAGS=0x0000000000010202

XMM[0]=0x0000000000000000 0x0000000000000000
XMM[1]=0x0000000000000000 0x0000000000000000
XMM[2]=0x0000000000000000 0x0000000000000000
XMM[3]=0x0000000000000000 0x0000000041500000
XMM[4]=0x0000000000000000 0x000000004b000000
XMM[5]=0x000000000000008c 0x0000000000000000
XMM[6]=0x0000000000000000 0x4038555555555555
XMM[7]=0x0000000000000000 0x4a319941fc018edf
XMM[8]=0x0000000000000000 0x59db6a41e191dddf
XMM[9]=0x0000000000000000 0x14e8c84188303fdf
XMM[10]=0x0000000000000000 0x000000006960a156
XMM[11]=0x0000000000000000 0x02bd4b5ca2c147d2
XMM[12]=0x0000000000000000 0xdeefcb3248506c88
XMM[13]=0x0000000000000000 0x34d9feeafe8c88fb
XMM[14]=0x0000000000000000 0x0000000000000000
XMM[15]=0x0000000000000000 0x0000000000000000
  MXCSR=0x00001faf


Register to memory mapping:

RAX=0x0 is null
RBX=0x0 is null
RCX=0x0 is null
RDX=0x0000000000000001 is an unknown value
RSP=0x00000001285fd5f0 is pointing into the stack for thread: 0x000001ee57b313d0
RBP=0x00000001285fd660 is pointing into the stack for thread: 0x000001ee57b313d0
RSI=0x0000000000000002 is an unknown value
RDI=0x000001ee570c3070 points into unknown readable memory: 0x0000000000000000 | 00 00 00 00 00 00 00 00
R8 =0x0000000000000002 is an unknown value
R9 =0x0 is null
R10=0x0 is null
R11=0x00000001285fd5b0 is pointing into the stack for thread: 0x000001ee57b313d0
R12=0x0 is null
R13=0x00000001285fd6b8 is pointing into the stack for thread: 0x000001ee57b313d0
R14=0x000001ee57b31818 points into unknown readable memory: 0x00007ffc1143edc0 | c0 ed 43 11 fc 7f 00 00
R15=0x000001ee6c71fd00 points into unknown readable memory: 0x00007ffc7739ccc8 | c8 cc 39 77 fc 7f 00 00

Top of Stack: (sp=0x00000001285fd5f0)
0x00000001285fd5f0:   0000000000000000 0000000000000002   ................
0x00000001285fd600:   000001ee538510b8 00000001285fd660   ...S....`._(....
0x00000001285fd610:   000001ee57b313d0 00000001285fd688   ...W......_(....
0x00000001285fd620:   0000000000000000 000001ee3dd8379b   .........7.=....
0x00000001285fd630:   000001ee538510b8 00000001285fd6a0   ...S......_(....
0x00000001285fd640:   0000000000000000 0000000000000000   ................
0x00000001285fd650:   0000000000000000 0000000628741b80   ..........t(....
0x00000001285fd660:   0000000628741bb0 000000060b68aaf8   ..t(......h.....
0x00000001285fd670:   0000000628741bf8 0000000628741c10   ..t(......t(....
0x00000001285fd680:   000000060bb45608 000000060bb45608   .V.......V......
0x00000001285fd690:   00000001285fd718 000001ee3d268c60   .._(....`.&=....
0x00000001285fd6a0:   00000001285fd720 000001ee3d268c60    ._(....`.&=....
0x00000001285fd6b0:   000001ee3d268c60 0000000000000000   `.&=............
0x00000001285fd6c0:   0000000628741bb0 000001ee6c71fd00   ..t(......ql....
0x00000001285fd6d0:   0000000000000000 fffffffffffffff7   ................
0x00000001285fd6e0:   000001ee55a96f66 0000000000000004   fo.U............
0x00000001285fd6f0:   000001ee55a971b0 0000000000000000   .q.U............
0x00000001285fd700:   000000060c830880 000001ee55a96f70   ........po.U....
0x00000001285fd710:   fffffffffffffff3 00000001285fd730   ........0._(....
0x00000001285fd720:   00000001285fd790 000001ee3d268c60   .._(....`.&=....
0x00000001285fd730:   0000000000000000 0000000628741bb0   ..........t(....
0x00000001285fd740:   0000000628741b68 fffffffffffffff7   h.t(............
0x00000001285fd750:   000001ee5384587d 0000000000000020   }X.S.... .......
0x00000001285fd760:   000001ee54050fa0 0000000000000000   ...T............
0x00000001285fd770:   000000060b826890 000001ee53845978   .h......xY.S....
0x00000001285fd780:   fffffffffffffff4 00000001285fd870   ........p._(....
0x00000001285fd790:   00000001285fd8e0 000001ee3d268b18   .._(......&=....
0x00000001285fd7a0:   0000000000000000 0000000000000000   ................
0x00000001285fd7b0:   0000000628741be0 0000000000000000   ..t(............
0x00000001285fd7c0:   0000000000000000 0000000628741bc8   ..........t(....
0x00000001285fd7d0:   0000000628741bb0 0000000628741b98   ..t(......t(....
0x00000001285fd7e0:   0000000628741b80 0000000000000001   ..t(............

Instructions: (pc=0x00007ffc77397278)
  0x00007ffc77397178:   24 68 eb 02 33 c0 48 8b 6c 24 70 0f 28 74 24 20
  0x00007ffc77397188:   48 83 c4 30 41 5f 41 5e 41 5d 41 5c 5e c3 cc cc
  0x00007ffc77397198:   cc cc cc cc cc cc cc cc 48 89 5c 24 08 48 89 6c
  0x00007ffc773971a8:   24 10 48 89 74 24 18 57 41 56 41 57 48 83 ec 20
  0x00007ffc773971b8:   49 8b e9 4d 8b f8 4c 8b f1 4d 85 c9 0f 84 ea 00
  0x00007ffc773971c8:   00 00 48 8b 01 45 33 c0 49 8b d1 ff 90 e8 05 00
  0x00007ffc773971d8:   00 48 8b f8 48 85 c0 0f 84 cf 00 00 00 8b 5c 24
  0x00007ffc773971e8:   60 85 db 0f 88 c3 00 00 00 49 8b cf e8 47 ac ff
  0x00007ffc773971f8:   ff 4d 8b 06 8b f0 48 8b d5 49 8b ce 03 f6 41 ff
  0x00007ffc77397208:   90 58 05 00 00 2b c3 3b c6 0f 4e f0 40 f6 c6 01
  0x00007ffc77397218:   0f 85 96 00 00 00 4d 8b 4f 10 48 b8 a3 8b 2e ba
  0x00007ffc77397228:   e8 a2 8b 2e 49 8b 4f 18 45 33 c0 45 8b 57 28 49
  0x00007ffc77397238:   2b c9 48 f7 e9 48 c1 fa 04 48 8b c2 48 c1 e8 3f
  0x00007ffc77397248:   48 03 d0 4c 3b d2 72 05 45 8b c8 eb 0c 49 63 c2
  0x00007ffc77397258:   48 6b c8 58 4e 8b 4c 09 20 41 8b d0 85 f6 74 32
  0x00007ffc77397268:   0f 1f 84 00 00 00 00 00 8b c2 41 83 c0 02 ff c2
=>0x00007ffc77397278:   f3 41 0f 10 04 c1 f3 41 0f 10 4c c1 04 8b c3 ff
  0x00007ffc77397288:   c3 f3 0f 11 04 87 f3 0f 11 0c 9f ff c3 44 3b c6
  0x00007ffc77397298:   72 d6 4d 8b 16 45 33 c9 4c 8b c7 48 8b d5 49 8b
  0x00007ffc773972a8:   ce 41 ff 92 28 06 00 00 8b c6 eb 02 33 c0 48 8b
  0x00007ffc773972b8:   5c 24 40 48 8b 6c 24 48 48 8b 74 24 50 48 83 c4
  0x00007ffc773972c8:   20 41 5f 41 5e 5f c3 cc 4d 8b 48 10 48 b8 a3 8b
  0x00007ffc773972d8:   2e ba e8 a2 8b 2e 49 8b 48 18 45 8b 50 28 49 2b
  0x00007ffc773972e8:   c9 48 f7 e9 48 c1 fa 04 48 8b c2 48 c1 e8 3f 48
  0x00007ffc773972f8:   03 d0 4c 3b d2 72 03 33 c0 c3 49 63 c2 48 6b c8
  0x00007ffc77397308:   58 42 8b 44 09 40 c3 cc 4d 8b 48 10 48 b8 a3 8b
  0x00007ffc77397318:   2e ba e8 a2 8b 2e 49 8b 48 18 45 8b 50 28 49 2b
  0x00007ffc77397328:   c9 48 f7 e9 48 c1 fa 04 48 8b c2 48 c1 e8 3f 48
  0x00007ffc77397338:   03 d0 4c 3b d2 72 03 33 c0 c3 49 63 c2 48 6b c8
  0x00007ffc77397348:   58 42 8b 44 09 50 c3 cc 41 8b 40 2c c3 cc cc cc
  0x00007ffc77397358:   cc cc cc cc cc cc cc cc 41 ff 40 28 48 b8 a3 8b
  0x00007ffc77397368:   2e ba e8 a2 8b 2e 49 8b 48 18 49 2b 48 10 45 8b


Stack slot to memory mapping:

stack at sp + 0 slots: 0x0 is null
stack at sp + 1 slots: 0x0000000000000002 is an unknown value
stack at sp + 2 slots: {method} {0x000001ee538510c0} 'JFXTextRendererGetGlyphOffsets' '(J[FI)I' in 'com/sun/javafx/font/directwrite/OS'
stack at sp + 3 slots: 0x00000001285fd660 is pointing into the stack for thread: 0x000001ee57b313d0
stack at sp + 4 slots: 0x000001ee57b313d0 is a thread
stack at sp + 5 slots: 0x00000001285fd688 is pointing into the stack for thread: 0x000001ee57b313d0
stack at sp + 6 slots: 0x0 is null
stack at sp + 7 slots: 0x000001ee3dd8379b is at entry_point+155 in (nmethod*)0x000001ee3dd83608
Compiled method (n/a) 60382 9769     n 0       com.sun.javafx.font.directwrite.OS::JFXTextRendererGetGlyphOffsets (native)
 total in heap  [0x000001ee3dd83608,0x000001ee3dd838a0] = 664
 main code      [0x000001ee3dd83700,0x000001ee3dd83891] = 401
 stub code      [0x000001ee3dd83891,0x000001ee3dd83898] = 7
 oops           [0x000001ee3dd83898,0x000001ee3dd838a0] = 8
 mutable data [0x000001ee74062030,0x000001ee74062050] = 32
 relocation     [0x000001ee74062030,0x000001ee74062050] = 32
0x000001ee3dd8374b:   49 be 08 56 b4 0b 06 00 00 00 4c 89 74 24 58 4c
0x000001ee3dd8375b:   8d 74 24 58 49 8b d6 c5 f8 77 49 ba 62 37 d8 3d
0x000001ee3dd8376b:   ee 01 00 00 4d 89 97 30 04 00 00 49 89 a7 28 04
0x000001ee3dd8377b:   00 00 49 8d 8f 48 04 00 00 41 c7 87 d4 04 00 00
0x000001ee3dd8378b:   04 00 00 00 48 b8 a0 71 39 77 fc 7f 00 00 ff d0
0x000001ee3dd8379b:   c5 f8 77 41 c7 87 d4 04 00 00 05 00 00 00 f0 83
0x000001ee3dd837ab:   44 24 c0 00 49 3b 6f 28 0f 87 0e 00 00 00 41 83
0x000001ee3dd837bb:   bf d0 04 00 00 00 0f 84 2b 00 00 00 c5 f8 77 48
0x000001ee3dd837cb:   89 45 f8 49 8b cf 4c 8b e4 48 83 ec 20 48 83 e4
0x000001ee3dd837db:   f0 

Lock stack of current Java thread (top to bottom):


Compiled method (n/a) 60383 9769     n 0       com.sun.javafx.font.directwrite.OS::JFXTextRendererGetGlyphOffsets (native)
 total in heap  [0x000001ee3dd83608,0x000001ee3dd838a0] = 664
 main code      [0x000001ee3dd83700,0x000001ee3dd83891] = 401
 stub code      [0x000001ee3dd83891,0x000001ee3dd83898] = 7
 oops           [0x000001ee3dd83898,0x000001ee3dd838a0] = 8
 mutable data [0x000001ee74062030,0x000001ee74062050] = 32
 relocation     [0x000001ee74062030,0x000001ee74062050] = 32

[Constant Pool (empty)]

[MachCode]
[Entry Point]
  # {method} {0x000001ee538510c0} 'JFXTextRendererGetGlyphOffsets' '(J[FI)I' in 'com/sun/javafx/font/directwrite/OS'
  # parm0:    rdx:rdx   = long
  # parm1:    r8:r8     = '[F'
  # parm2:    r9        = int
  #           [sp+0x80]  (sp of caller)
  0x000001ee3dd83700: 6690 448b | 5208 443b 

  0x000001ee3dd83708: ;   {runtime_call Shared Runtime ic_miss_blob}
  0x000001ee3dd83708: 5008 0f85 | d0b5 52ff 
[Verified Entry Point]
  0x000001ee3dd83710: 8984 2400 | 80ff ff55 | 488b ec48 | 83ec 7090 | 4181 7f20 | 1300 0000 

  0x000001ee3dd83728: ;   {runtime_call Stub::method_entry_barrier}
  0x000001ee3dd83728: 7405 e8b1 | 2e51 ff4c | 894c 2420 | 4c89 4424 | 3049 83f8 | 004c 8d4c | 2430 4c0f | 444c 2430 
  0x000001ee3dd83748: ;   {oop(a 'java/lang/Class'{0x000000060bb45608} = 'com/sun/javafx/font/directwrite/OS')}
  0x000001ee3dd83748: 4c8b c249 | be08 56b4 | 0b06 0000 | 004c 8974 | 2458 4c8d | 7424 5849 | 8bd6 c5f8 

  0x000001ee3dd83764: ;   {internal_word}
  0x000001ee3dd83764: 7749 ba62 | 37d8 3dee | 0100 004d | 8997 3004 | 0000 4989 | a728 0400 | 0049 8d8f | 4804 0000 
  0x000001ee3dd83784: 41c7 87d4 | 0400 0004 

  0x000001ee3dd8378c: ;   {runtime_call}
  0x000001ee3dd8378c: 0000 0048 | b8a0 7139 | 77fc 7f00 | 00ff d0c5 | f877 41c7 | 87d4 0400 | 0005 0000 | 00f0 8344 
  0x000001ee3dd837ac: 24c0 0049 | 3b6f 280f | 870e 0000 | 0041 83bf | d004 0000 | 000f 842b | 0000 00c5 | f877 4889 
  0x000001ee3dd837cc: 45f8 498b | cf4c 8be4 | 4883 ec20 | 4883 e4f0 

  0x000001ee3dd837dc: ;   {runtime_call}
  0x000001ee3dd837dc: 48b8 d06a | b210 fc7f | 0000 ffd0 | 498b e44d | 33e4 488b | 45f8 41c7 | 87d4 0400 | 0008 0000 
  0x000001ee3dd837fc: 0041 83bf | 5005 0000 | 020f 8459 | 0000 0049 | c787 2804 | 0000 0000 | 0000 49c7 | 8730 0400 
  0x000001ee3dd8381c: 0000 0000 | 00c5 f877 | 498b 8fb8 | 0400 00c7 | 8100 0100 | 0000 0000 

  0x000001ee3dd83834: ;   {poll_return}
  0x000001ee3dd83834: 00c9 41f6 | 4728 0174 

  0x000001ee3dd8383c: ;   {internal_word}
  0x000001ee3dd8383c: 1649 ba36 | 38d8 3dee | 0100 004d | 8997 e004 

  0x000001ee3dd8384c: ;   {runtime_call SafepointBlob}
  0x000001ee3dd8384c: 0000 e90d | ea52 ff49 | 837f 0800 | 0f85 0100 

  0x000001ee3dd8385c: ;   {runtime_call Stub::forward_exception}
  0x000001ee3dd8385c: 0000 c3e9 | 7cd9 4dff | c5f8 7748 | 8945 f84c | 8be4 4883 | ec20 4883 

  0x000001ee3dd83874: ;   {runtime_call}
  0x000001ee3dd83874: e4f0 48b8 | 00ed eb10 | fc7f 0000 | ffd0 498b | e44d 33e4 | 488b 45f8 | e97a ffff | fff4 f4f4 
  0x000001ee3dd83894: f4f4 f4f4 
[/MachCode]


Compiled method (c1) 60385 9722       3       com.sun.javafx.text.PrismTextLayout::shape (622 bytes)
 total in heap  [0x000001ee36281b08,0x000001ee362844f8] = 10736
 constants      [0x000001ee36281c00,0x000001ee36281c40] = 64
 main code      [0x000001ee36281c40,0x000001ee36284380] = 10048
 stub code      [0x000001ee36284380,0x000001ee362844e8] = 360
 oops           [0x000001ee362844e8,0x000001ee362844f8] = 16
 mutable data [0x000001ee6b0a60a0,0x000001ee6b0a6558] = 1208
 relocation     [0x000001ee6b0a60a0,0x000001ee6b0a6408] = 872
 metadata       [0x000001ee6b0a6408,0x000001ee6b0a6558] = 336
 immutable data [0x000001ee6aa97360,0x000001ee6aa98108] = 3496
 dependencies   [0x000001ee6aa97360,0x000001ee6aa973d0] = 112
 nul chk table  [0x000001ee6aa973d0,0x000001ee6aa974d8] = 264
 scopes pcs     [0x000001ee6aa974d8,0x000001ee6aa97a68] = 1424
 scopes data    [0x000001ee6aa97a68,0x000001ee6aa98108] = 1696


[Constant Pool]
             Address          hex4                    hex8      
  0x000001ee36281c00:   0x00000000      0x0000000000000000      
  0x000001ee36281c04:   0x00000000                              
  0x000001ee36281c08:   0x9999999a      0x3fe999999999999a      
  0x000001ee36281c0c:   0x3fe99999                              
  0x000001ee36281c10:   0x00000000      0x3fe8000000000000      
  0x000001ee36281c14:   0x3fe80000                              
  0x000001ee36281c18:   0x00000000      0x3fe8000000000000      
  0x000001ee36281c1c:   0x3fe80000                              
  0x000001ee36281c20:   0x00000000      0x3fe8000000000000      
  0x000001ee36281c24:   0x3fe80000                              
  0x000001ee36281c28:   0x00000000      0x3fe8000000000000      
  0x000001ee36281c2c:   0x3fe80000                              
  0x000001ee36281c30:   0x00000000      0x0000000000000000      
  0x000001ee36281c34:   0x00000000                              
  0x000001ee36281c38:   0xf4f4f4f4      0xf4f4f4f4f4f4f4f4      
  0x000001ee36281c3c:   0xf4f4f4f4                              

[MachCode]
[Instructions begin]
  0x000001ee36281c40: ;   {other}
  0x000001ee36281c40: 660f 1f84 | 0000 0000 | 0066 0f1f | 8400 0000 | 0000 448b | 5208 443b 

  0x000001ee36281c58: ;   {runtime_call Shared Runtime ic_miss_blob}
  0x000001ee36281c58: 5008 0f85 | 80d0 0207 
[Verified Entry Point]
  0x000001ee36281c60: 8984 2400 | 80ff ff55 | 4881 ec20 | 0100 0090 | 4181 7f20 | 1300 0000 

  0x000001ee36281c78: ;   {runtime_call Stub::method_entry_barrier}
  0x000001ee36281c78: 7405 e861 | 4901 0748 | 8954 2478 | 4c89 8424 | 8000 0000 

  0x000001ee36281c8c: ;   {metadata(method data for {method} {0x000001ee53c74178} 'shape' '(Lcom/sun/javafx/text/TextRun;[CLcom/sun/javafx/text/GlyphLayout;)V' in 'com/sun/javafx/text/PrismTextLayout')}
  0x000001ee36281c8c: 48be a0e2 | 2f55 ee01 | 0000 8b9e | 9000 0000 | 83c3 0289 | 9e90 0000 | 0081 e3fe | 0700 0085 
  0x000001ee36281cac: db0f 8447 | 2100 008b | 722c 48c1 | e603 4885 

  0x000001ee36281cbc: ;   {metadata(method data for {method} {0x000001ee53c74178} 'shape' '(Lcom/sun/javafx/text/TextRun;[CLcom/sun/javafx/text/GlyphLayout;)V' in 'com/sun/javafx/text/PrismTextLayout')}
  0x000001ee36281cbc: f648 bba0 | e22f 55ee | 0100 00b8 | d800 0000 | 7405 b8e8 | 0000 0048 | 8b0c 0348 | 8d49 0148 
  0x000001ee36281cdc: 890c 030f | 84a1 0600 | 008b 760c 

  0x000001ee36281ce8: ;   {metadata(method data for {method} {0x000001ee53c74178} 'shape' '(Lcom/sun/javafx/text/TextRun;[CLcom/sun/javafx/text/GlyphLayout;)V' in 'com/sun/javafx/text/PrismTextLayout')}
  0x000001ee36281ce8: 85f6 48be | a0e2 2f55 | ee01 0000 | bb08 0100 | 0074 05bb | f800 0000 | 488b 041e | 488d 4001 
  0x000001ee36281d08: 4889 041e | 0f84 d520 | 0000 4889 | bc24 9000 | 0000 4c89 | 8c24 8800 | 0000 493b | 0049 8bf0 
  0x000001ee36281d28: ;   {metadata(method data for {method} {0x000001ee53c74178} 'shape' '(Lcom/sun/javafx/text/TextRun;[CLcom/sun/javafx/text/GlyphLayout;)V' in 'com/sun/javafx/text/PrismTextLayout')}
  0x000001ee36281d28: 48bb a0e2 | 2f55 ee01 | 0000 4883 | 8328 0100 | 0001 418b | 704c 48c1 | e603 4889 | 7424 7048 
  0x000001ee36281d48: 3b06 488b 

  0x000001ee36281d4c: ;   {metadata(method data for {method} {0x000001ee53c74178} 'shape' '(Lcom/sun/javafx/text/TextRun;[CLcom/sun/javafx/text/GlyphLayout;)V' in 'com/sun/javafx/text/PrismTextLayout')}
  0x000001ee36281d4c: de48 b8a0 | e22f 55ee | 0100 008b | 5b08 41ba | 0000 003a | 4903 da48 | 3b98 5001 | 0000 750d 
  0x000001ee36281d6c: 4883 8058 | 0100 0001 | e960 0000 | 0048 3b98 | 6001 0000 | 750d 4883 | 8068 0100 | 0001 e94a 
  0x000001ee36281d8c: 0000 0048 | 83b8 5001 | 0000 0075 | 1748 8998 | 5001 0000 | 48c7 8058 | 0100 0001 | 0000 00e9 
  0x000001ee36281dac: 2900 0000 | 4883 b860 | 0100 0000 | 7517 4889 | 9860 0100 | 0048 c780 | 6801 0000 | 0100 0000 
  0x000001ee36281dcc: e908 0000 | 0048 8380 | 4801 0000 | 0148 8bd6 | 9048 b8a0 | 9979 6bee 

  0x000001ee36281de4: ;   {virtual_call}
  0x000001ee36281de4: 0100 00e8 

  0x000001ee36281de8: ; ImmutableOopMap {[112]=Oop [120]=Oop [128]=Oop [136]=Oop [144]=Oop }
                      ;*invokeinterface getFont {reexecute=0 rethrow=0 return_oop=0}
                      ; - com.sun.javafx.text.PrismTextLayout::shape@24 (line 832)
  0x000001ee36281de8: f4d8 0207 

  0x000001ee36281dec: ;   {post_call_nop}
  0x000001ee36281dec: 0f1f 8400 | e402 0000 

  0x000001ee36281df4: ;   {metadata(method data for {method} {0x000001ee53c74178} 'shape' '(Lcom/sun/javafx/text/TextRun;[CLcom/sun/javafx/text/GlyphLayout;)V' in 'com/sun/javafx/text/PrismTextLayout')}
  0x000001ee36281df4: 4885 c048 | bfa0 e22f | 55ee 0100 | 0075 0c80 | 8f71 0100 | 0001 e9c1 | 0000 008b | 5808 41ba 
  0x000001ee36281e14: 0000 003a | 4903 da48 | 3b9f 8001 | 0000 750d | 4883 8788 | 0100 0001 | e960 0000 | 0048 3b9f 
  0x000001ee36281e34: 9001 0000 | 750d 4883 | 8798 0100 | 0001 e94a | 0000 0048 | 83bf 8001 | 0000 0075 | 1748 899f 
  0x000001ee36281e54: 8001 0000 | 48c7 8788 | 0100 0001 | 0000 00e9 | 2900 0000 | 4883 bf90 | 0100 0000 | 7517 4889 
  0x000001ee36281e74: 9f90 0100 | 0048 c787 | 9801 0000 | 0100 0000 | e908 0000 | 0048 8387 | 7801 0000 

  0x000001ee36281e90: ;   {metadata('com/sun/javafx/font/PGFont')}
  0x000001ee36281e90: 0148 bb88 | 730f 3b00 | 0000 008b | 7808 41ba | 0000 003a | 4903 fa48 | 3b5f 200f | 841f 0000 
  0x000001ee36281eb0: 0048 3bfb | 0f84 1600 | 0000 5753 

  0x000001ee36281ebc: ;   {runtime_call C1 Runtime slow_subtype_check_blob}
  0x000001ee36281ebc: e89f 8b10 | 075f 5f85 | ff0f 845f | 1f00 00e9 | 0000 0000 | 488b f048 

  0x000001ee36281ed4: ;   {metadata(method data for {method} {0x000001ee53c74178} 'shape' '(Lcom/sun/javafx/text/TextRun;[CLcom/sun/javafx/text/GlyphLayout;)V' in 'com/sun/javafx/text/PrismTextLayout')}
  0x000001ee36281ed4: 85f6 48ba | a0e2 2f55 | ee01 0000 | bfa8 0100 | 0075 05bf | b801 0000 | 488b 1c3a | 488d 5b01 
  0x000001ee36281ef4: 4889 1c3a | 0f85 2203 | 0000 488b | 7424 7048 

  0x000001ee36281f04: ;   {metadata(method data for {method} {0x000001ee53c74178} 'shape' '(Lcom/sun/javafx/text/TextRun;[CLcom/sun/javafx/text/GlyphLayout;)V' in 'com/sun/javafx/text/PrismTextLayout')}
  0x000001ee36281f04: 8bd6 48bf | a0e2 2f55 | ee01 0000 | 8b52 0841 | ba00 0000 | 3a49 03d2 | 483b 97d0 | 0100 0075 
  0x000001ee36281f24: 0d48 8387 | d801 0000 | 01e9 6000 | 0000 483b | 97e0 0100 | 0075 0d48 | 8387 e801 | 0000 01e9 
  0x000001ee36281f44: 4a00 0000 | 4883 bfd0 | 0100 0000 | 7517 4889 | 97d0 0100 | 0048 c787 | d801 0000 | 0100 0000 
  0x000001ee36281f64: e929 0000 | 0048 83bf | e001 0000 | 0075 1748 | 8997 e001 | 0000 48c7 | 87e8 0100 | 0001 0000 
  0x000001ee36281f84: 00e9 0800 | 0000 4883 | 87c8 0100 | 0001 488b | d648 b8c8 | 9979 6bee 

  0x000001ee36281f9c: ;   {virtual_call}
  0x000001ee36281f9c: 0100 00e8 

  0x000001ee36281fa0: ; ImmutableOopMap {[112]=Oop [128]=Oop }
                      ;*invokeinterface getBounds {reexecute=0 rethrow=0 return_oop=0}
                      ; - com.sun.javafx.text.PrismTextLayout::shape@41 (line 834)
  0x000001ee36281fa0: 3cd7 0207 

  0x000001ee36281fa4: ;   {post_call_nop}
  0x000001ee36281fa4: 0f1f 8400 | 9c04 0001 | 488b 7424 

  0x000001ee36281fb0: ;   {metadata(method data for {method} {0x000001ee53c74178} 'shape' '(Lcom/sun/javafx/text/TextRun;[CLcom/sun/javafx/text/GlyphLayout;)V' in 'com/sun/javafx/text/PrismTextLayout')}
  0x000001ee36281fb0: 7048 baa0 | e22f 55ee | 0100 008b | 7608 41ba | 0000 003a | 4903 f248 | 3bb2 0002 | 0000 750d 
  0x000001ee36281fd0: 4883 8208 | 0200 0001 | e960 0000 | 0048 3bb2 | 1002 0000 | 750d 4883 | 8218 0200 | 0001 e94a 
  0x000001ee36281ff0: 0000 0048 | 83ba 0002 | 0000 0075 | 1748 89b2 | 0002 0000 | 48c7 8208 | 0200 0001 | 0000 00e9 
  0x000001ee36282010: 2900 0000 | 4883 ba10 | 0200 0000 | 7517 4889 | b210 0200 | 0048 c782 | 1802 0000 | 0100 0000 
  0x000001ee36282030: e908 0000 | 0048 8382 | f801 0000 | 0148 8b54 | 2470 4889 | 8424 9800 | 0000 6666 | 9048 b8f0 
  0x000001ee36282050: 9979 6bee 

  0x000001ee36282054: ;   {virtual_call}
  0x000001ee36282054: 0100 00e8 

  0x000001ee36282058: ; ImmutableOopMap {[128]=Oop [152]=Oop }
                      ;*invokeinterface getText {reexecute=0 rethrow=0 return_oop=0}
                      ; - com.sun.javafx.text.PrismTextLayout::shape@53 (line 835)
  0x000001ee36282058: 84d6 0207 

  0x000001ee3628205c: ;   {post_call_nop}
  0x000001ee3628205c: 0f1f 8400 | 5405 0002 

  0x000001ee36282064: ; implicit exception: dispatches to 0x000001ee36283e33
  0x000001ee36282064: 483b 004c 

  0x000001ee36282068: ;   {metadata(method data for {method} {0x000001ee53c74178} 'shape' '(Lcom/sun/javafx/text/TextRun;[CLcom/sun/javafx/text/GlyphLayout;)V' in 'com/sun/javafx/text/PrismTextLayout')}
  0x000001ee36282068: 8bc0 48ba | a0e2 2f55 | ee01 0000 | 458b 4008 | 41ba 0000 | 003a 4d03 | c24c 3b82 | 3002 0000 
  0x000001ee36282088: 750d 4883 | 8238 0200 | 0001 e960 | 0000 004c | 3b82 4002 | 0000 750d | 4883 8248 | 0200 0001 
  0x000001ee362820a8: e94a 0000 | 0048 83ba | 3002 0000 | 0075 174c | 8982 3002 | 0000 48c7 | 8238 0200 | 0001 0000 
  0x000001ee362820c8: 00e9 2900 | 0000 4883 | ba40 0200 | 0000 7517 | 4c89 8240 | 0200 0048 | c782 4802 | 0000 0100 
  0x000001ee362820e8: 0000 e908 | 0000 0048 | 8382 2802 

  0x000001ee362820f4: ;   {metadata(method data for {method} {0x000000003a187d60} 'length' '()I' in 'java/lang/String')}
  0x000001ee362820f4: 0000 0149 | b860 ee00 | 53ee 0100 | 0041 8b90 | 9000 0000 | 83c2 0241 | 8990 9000 | 0000 81e2 
  0x000001ee36282114: feff 1f00 | 85d2 0f84 | 181d 0000 | 448b 4014 | 49c1 e003 

  0x000001ee36282128: ; implicit exception: dispatches to 0x000001ee36283e59
  0x000001ee36282128: 418b 700c 

  0x000001ee3628212c: ;   {metadata(method data for {method} {0x000000003a187d60} 'length' '()I' in 'java/lang/String')}
  0x000001ee3628212c: 4c8b c048 | ba60 ee00 | 53ee 0100 | 0045 8b40 | 0841 ba00 | 0000 3a4d | 03c2 4c3b | 82e0 0000 
  0x000001ee3628214c: 0075 0d48 | 8382 e800 | 0000 01e9 | 6000 0000 | 4c3b 82f0 | 0000 0075 | 0d48 8382 | f800 0000 
  0x000001ee3628216c: 01e9 4a00 | 0000 4883 | bae0 0000 | 0000 7517 | 4c89 82e0 | 0000 0048 | c782 e800 | 0000 0100 
  0x000001ee3628218c: 0000 e929 | 0000 0048 | 83ba f000 | 0000 0075 | 174c 8982 | f000 0000 | 48c7 82f8 | 0000 0001 
  0x000001ee362821ac: 0000 00e9 | 0800 0000 | 4883 82d8 | 0000 0001 

  0x000001ee362821bc: ;   {metadata(method data for {method} {0x000000003a4adaf8} 'coder' '()B' in 'java/lang/String')}
  0x000001ee362821bc: 49b8 20ed | 0053 ee01 | 0000 418b | 9090 0000 | 0083 c202 | 4189 9090 | 0000 0081 | e2fe ff1f 
  0x000001ee362821dc: 0085 d20f | 8479 1c00 

  0x000001ee362821e4: ;   {metadata(method data for {method} {0x000000003a4adaf8} 'coder' '()B' in 'java/lang/String')}
  0x000001ee362821e4: 0049 b820 | ed00 53ee | 0100 0041 | ff80 e800 | 0000 440f 

  0x000001ee362821f8: ;   {metadata(method data for {method} {0x000000003a4adaf8} 'coder' '()B' in 'java/lang/String')}
  0x000001ee362821f8: be40 1048 | ba20 ed00 | 53ee 0100 | 00ff 82f8 | 0000 0041 | c1e0 1841 | c1f8 1848 | 8bbc 2480 
  0x000001ee36282218: 0000 00e9 | 681b 0000 | 4885 f60f | 8425 0000 

  0x000001ee36282228: ;   {metadata('com/sun/javafx/font/PrismFont')}
  0x000001ee36282228: 0048 bb88 | ac0f 3b00 | 0000 008b | 7e08 41ba | 0000 003a | 4903 fa48 | 3b5f 380f | 8536 1c00 
  0x000001ee36282248: 00e9 0000 | 0000 4c8b | c648 3b06 

  0x000001ee36282254: ;   {metadata(method data for {method} {0x000001ee53c74178} 'shape' '(Lcom/sun/javafx/text/TextRun;[CLcom/sun/javafx/text/GlyphLayout;)V' in 'com/sun/javafx/text/PrismTextLayout')}
  0x000001ee36282254: 4c8b c648 | baa0 e22f | 55ee 0100 | 0048 8382 | 9802 0000 

  0x000001ee36282268: ;   {metadata(method data for {method} {0x000001ee53863d88} 'getStrike' '(Lcom/sun/javafx/geom/transform/BaseTransform;)Lcom/sun/javafx/font/FontStrike;' in 'com/sun/javafx/font/PrismFont')}
  0x000001ee36282268: 0149 b868 | b64f 54ee | 0100 0041 | 8b90 9000 | 0000 83c2 | 0241 8990 | 9000 0000 | 81e2 feff 
  0x000001ee36282288: 1f00 85d2 | 0f84 f71b | 0000 8b56 | 1c48 c1e2 | 03c5 fa10 | 460c 483b | 024c 8bc2 

  0x000001ee362822a4: ;   {metadata(method data for {method} {0x000001ee53863d88} 'getStrike' '(Lcom/sun/javafx/geom/transform/BaseTransform;)Lcom/sun/javafx/font/FontStrike;' in 'com/sun/javafx/font/PrismFont')}
  0x000001ee362822a4: 48bf 68b6 | 4f54 ee01 | 0000 458b | 4008 41ba | 0000 003a | 4d03 c24c | 3b87 e000 | 0000 750d 
  0x000001ee362822c4: 4883 87e8 | 0000 0001 | e960 0000 | 004c 3b87 | f000 0000 | 750d 4883 | 87f8 0000 | 0001 e94a 
  0x000001ee362822e4: 0000 0048 | 83bf e000 | 0000 0075 | 174c 8987 | e000 0000 | 48c7 87e8 | 0000 0001 | 0000 00e9 
  0x000001ee36282304: 2900 0000 | 4883 bff0 | 0000 0000 | 7517 4c89 | 87f0 0000 | 0048 c787 | f800 0000 | 0100 0000 
  0x000001ee36282324: e908 0000 | 0048 8387 | d800 0000 

  0x000001ee36282330: ;   {oop(a 'com/sun/javafx/geom/transform/Identity'{0x000000060b46fcf8})}
  0x000001ee36282330: 0149 b8f8 | fc46 0b06 | 0000 0048 | 89b4 24a0 | 0000 0066 | 9048 b818 | 9a79 6bee 

  0x000001ee3628234c: ;   {virtual_call}
  0x000001ee3628234c: 0100 00e8 

  0x000001ee36282350: ; ImmutableOopMap {[120]=Oop [128]=Oop [136]=Oop [144]=Oop [160]=Oop }
                      ;*invokeinterface getStrike {reexecute=0 rethrow=0 return_oop=0}
                      ; - com.sun.javafx.font.PrismFont::getStrike@9 (line 79)
                      ; - com.sun.javafx.text.PrismTextLayout::shape@70 (line 838)
  0x000001ee36282350: 8cd3 0207 

  0x000001ee36282354: ;   {post_call_nop}
  0x000001ee36282354: 0f1f 8400 | 4c08 0003 

  0x000001ee3628235c: ;   {metadata(method data for {method} {0x000001ee53c74178} 'shape' '(Lcom/sun/javafx/text/TextRun;[CLcom/sun/javafx/text/GlyphLayout;)V' in 'com/sun/javafx/text/PrismTextLayout')}
  0x000001ee3628235c: 48ba a0e2 | 2f55 ee01 | 0000 ff82 | b802 0000 | 488b b424 | a000 0000 | 4c8b 8424 | 8000 0000 
  0x000001ee3628237c: 488b 5424 | 78e9 2900 | 0000 4889 | bc24 9000 | 0000 4c89 | 8c24 8800 | 0000 8b72 | 3048 c1e6 
  0x000001ee3628239c: 038b 7a34 | 48c1 e703 | 488b c74c | 8b84 2480 | 0000 0049 | 3b00 498b 

  0x000001ee362823b4: ;   {metadata(method data for {method} {0x000001ee53c74178} 'shape' '(Lcom/sun/javafx/text/TextRun;[CLcom/sun/javafx/text/GlyphLayout;)V' in 'com/sun/javafx/text/PrismTextLayout')}
  0x000001ee362823b4: f848 bba0 | e22f 55ee | 0100 0048 | 8383 e002 | 0000 01c4 | c17a 1040 

  0x000001ee362823cc: ;   {section_word}
  0x000001ee362823cc: 20c5 fa10 | 0d2b f8ff | ffc5 f82e | c1bf ffff | ffff 0f8a | 1400 0000 | 0f82 0e00 | 0000 bf00 
  0x000001ee362823ec: 0000 000f | 8403 0000 | 0048 ffc7 

  0x000001ee362823f8: ;   {metadata(method data for {method} {0x000001ee53c74178} 'shape' '(Lcom/sun/javafx/text/TextRun;[CLcom/sun/javafx/text/GlyphLayout;)V' in 'com/sun/javafx/text/PrismTextLayout')}
  0x000001ee362823f8: 85ff 48bf | a0e2 2f55 | ee01 0000 | bb10 0300 | 0074 05bb | 0003 0000 | 488b 0c1f | 488d 4901 
  0x000001ee36282418: 4889 0c1f | 4889 b424 | a800 0000 | 0f84 0d00 | 0000 4889 | 8424 b000 | 0000 e918 | 0900 0048 
  0x000001ee36282438: 3b00 488b 

  0x000001ee3628243c: ;   {metadata(method data for {method} {0x000001ee53c74178} 'shape' '(Lcom/sun/javafx/text/TextRun;[CLcom/sun/javafx/text/GlyphLayout;)V' in 'com/sun/javafx/text/PrismTextLayout')}
  0x000001ee3628243c: f848 bba0 | e22f 55ee | 0100 008b | 7f08 41ba | 0000 003a | 4903 fa48 | 3bbb 2803 | 0000 750d 
  0x000001ee3628245c: 4883 8330 | 0300 0001 | e960 0000 | 0048 3bbb | 3803 0000 | 750d 4883 | 8340 0300 | 0001 e94a 
  0x000001ee3628247c: 0000 0048 | 83bb 2803 | 0000 0075 | 1748 89bb | 2803 0000 | 48c7 8330 | 0300 0001 | 0000 00e9 
  0x000001ee3628249c: 2900 0000 | 4883 bb38 | 0300 0000 | 7517 4889 | bb38 0300 | 0048 c783 | 4003 0000 | 0100 0000 
  0x000001ee362824bc: e908 0000 | 0048 8383 | 2003 0000 | 0148 8bd0 | 4889 8424 | b000 0000 | 9048 b840 | 9a79 6bee 
  0x000001ee362824dc: ;   {virtual_call}
  0x000001ee362824dc: 0100 00e8 

  0x000001ee362824e0: ; ImmutableOopMap {[120]=Oop [128]=Oop [136]=Oop [144]=Oop [168]=Oop [176]=Oop }
                      ;*invokeinterface getMetrics {reexecute=0 rethrow=0 return_oop=0}
                      ; - com.sun.javafx.text.PrismTextLayout::shape@103 (line 846)
  0x000001ee362824e0: 2ed6 6f00 

  0x000001ee362824e4: ;   {post_call_nop}
  0x000001ee362824e4: 0f1f 8400 | dc09 0004 | 4889 8424 | b800 0000 | 488b 5424 | 788b 7220 | 81e6 0040 | 0000 81fe 
  0x000001ee36282504: 0040 0000 

  0x000001ee36282508: ;   {metadata(method data for {method} {0x000001ee53c74178} 'shape' '(Lcom/sun/javafx/text/TextRun;[CLcom/sun/javafx/text/GlyphLayout;)V' in 'com/sun/javafx/text/PrismTextLayout')}
  0x000001ee36282508: 48be a0e2 | 2f55 ee01 | 0000 bf50 | 0300 0075 | 05bf 6003 | 0000 488b | 1c3e 488d | 5b01 4889 
  0x000001ee36282528: 1c3e 0f85 | e206 0000 | 488b b424 | a800 0000 | 4885 c00f | 8425 0000 

  0x000001ee36282540: ;   {metadata('com/sun/javafx/font/PrismMetrics')}
  0x000001ee36282540: 0049 b800 | 3030 3b00 | 0000 008b | 4808 41ba | 0000 003a | 4903 ca4c | 3b41 380f | 8558 1900 
  0x000001ee36282560: 00e9 0000 | 0000 488b | f848 3b00 

  0x000001ee3628256c: ;   {metadata(method data for {method} {0x000001ee53c74178} 'shape' '(Lcom/sun/javafx/text/TextRun;[CLcom/sun/javafx/text/GlyphLayout;)V' in 'com/sun/javafx/text/PrismTextLayout')}
  0x000001ee3628256c: 488b f848 | bba0 e22f | 55ee 0100 | 0048 8383 | 8003 0000 | 01c5 fa10 | 400c 4885 | f60f 8425 
  0x000001ee3628258c: ;   {metadata('com/sun/javafx/font/PrismFont')}
  0x000001ee3628258c: 0000 0049 | b888 ac0f | 3b00 0000 | 008b 4e08 | 41ba 0000 | 003a 4903 | ca4c 3b41 | 380f 8514 
  0x000001ee362825ac: 1900 00e9 | 0000 0000 | 488b fe48 | 3b06 488b 

  0x000001ee362825bc: ;   {metadata(method data for {method} {0x000001ee53c74178} 'shape' '(Lcom/sun/javafx/text/TextRun;[CLcom/sun/javafx/text/GlyphLayout;)V' in 'com/sun/javafx/text/PrismTextLayout')}
  0x000001ee362825bc: fe48 bba0 | e22f 55ee | 0100 0048 | 8383 b003 

  0x000001ee362825cc: ;   {metadata(method data for {method} {0x000001ee53863a60} 'getFamilyName' '()Ljava/lang/String;' in 'com/sun/javafx/font/PrismFont')}
  0x000001ee362825cc: 0000 0148 | bf00 4582 | 55ee 0100 | 008b 9f90 | 0000 0083 | c302 899f | 9000 0000 | 81e3 feff 
  0x000001ee362825ec: 1f00 85db | 0f84 d718 | 0000 8b7e | 1c48 c1e7 | 0348 3b07 

  0x000001ee36282600: ;   {metadata(method data for {method} {0x000001ee53863a60} 'getFamilyName' '()Ljava/lang/String;' in 'com/sun/javafx/font/PrismFont')}
  0x000001ee36282600: 488b df48 | b900 4582 | 55ee 0100 | 008b 5b08 | 41ba 0000 | 003a 4903 | da48 3b99 | e000 0000 
  0x000001ee36282620: 750d 4883 | 81e8 0000 | 0001 e960 | 0000 0048 | 3b99 f000 | 0000 750d | 4883 81f8 | 0000 0001 
  0x000001ee36282640: e94a 0000 | 0048 83b9 | e000 0000 | 0075 1748 | 8999 e000 | 0000 48c7 | 81e8 0000 | 0001 0000 
  0x000001ee36282660: 00e9 2900 | 0000 4883 | b9f0 0000 | 0000 7517 | 4889 99f0 | 0000 0048 | c781 f800 | 0000 0100 
  0x000001ee36282680: 0000 e908 | 0000 0048 | 8381 d800 | 0000 0148 | 8bd7 4889 | b424 a800 | 0000 c5fa | 1184 24ec 
  0x000001ee362826a0: 0000 0066 | 9048 b868 | 9a79 6bee 

  0x000001ee362826ac: ;   {virtual_call}
  0x000001ee362826ac: 0100 00e8 

  0x000001ee362826b0: ; ImmutableOopMap {[120]=Oop [128]=Oop [136]=Oop [144]=Oop [168]=Oop [176]=Oop [184]=Oop }
                      ;*invokeinterface getFamilyName {reexecute=0 rethrow=0 return_oop=0}
                      ; - com.sun.javafx.font.PrismFont::getFamilyName@4 (line 51)
                      ; - com.sun.javafx.text.PrismTextLayout::shape@135 (line 859)
  0x000001ee362826b0: de23 6600 

  0x000001ee362826b4: ;   {post_call_nop}
  0x000001ee362826b4: 0f1f 8400 | ac0b 0005 

  0x000001ee362826bc: ; implicit exception: dispatches to 0x000001ee36283ef3
  0x000001ee362826bc: 483b 004c 

  0x000001ee362826c0: ;   {metadata(method data for {method} {0x000001ee53c74178} 'shape' '(Lcom/sun/javafx/text/TextRun;[CLcom/sun/javafx/text/GlyphLayout;)V' in 'com/sun/javafx/text/PrismTextLayout')}
  0x000001ee362826c0: 8bc0 48ba | a0e2 2f55 | ee01 0000 | 458b 4008 | 41ba 0000 | 003a 4d03 | c24c 3b82 | d803 0000 
  0x000001ee362826e0: 750d 4883 | 82e0 0300 | 0001 e960 | 0000 004c | 3b82 e803 | 0000 750d | 4883 82f0 | 0300 0001 
  0x000001ee36282700: e94a 0000 | 0048 83ba | d803 0000 | 0075 174c | 8982 d803 | 0000 48c7 | 82e0 0300 | 0001 0000 
  0x000001ee36282720: 00e9 2900 | 0000 4883 | bae8 0300 | 0000 7517 | 4c89 82e8 | 0300 0048 | c782 f003 | 0000 0100 
  0x000001ee36282740: 0000 e908 | 0000 0048 | 8382 d003 

  0x000001ee3628274c: ;   {oop("Segoe UI"{0x000000060bfcdf70})}
  0x000001ee3628274c: 0000 0149 | b870 dffc | 0b06 0000 | 0048 8bd0 

  0x000001ee3628275c: ;   {optimized virtual_call}
  0x000001ee3628275c: 6666 90e8 

  0x000001ee36282760: ; ImmutableOopMap {[120]=Oop [128]=Oop [136]=Oop [144]=Oop [168]=Oop [176]=Oop [184]=Oop }
                      ;*invokevirtual equals {reexecute=0 rethrow=0 return_oop=0}
                      ; - com.sun.javafx.text.PrismTextLayout::shape@143 (line 859)
  0x000001ee36282760: ac60 8107 

  0x000001ee36282764: ;   {post_call_nop}
  0x000001ee36282764: 0f1f 8400 | 5c0c 0006 

  0x000001ee3628276c: ;   {metadata(method data for {method} {0x000001ee53c74178} 'shape' '(Lcom/sun/javafx/text/TextRun;[CLcom/sun/javafx/text/GlyphLayout;)V' in 'com/sun/javafx/text/PrismTextLayout')}
  0x000001ee3628276c: 85c0 48ba | a0e2 2f55 | ee01 0000 | be00 0400 | 0074 05be | 1004 0000 | 488b 3c32 | 488d 7f01 
  0x000001ee3628278c: 4889 3c32 | c5fa 1084 | 24ec 0000 | 000f 8410 | 0000 00c5 

  0x000001ee362827a0: ;   {section_word}
  0x000001ee362827a0: fa5a c0c5 | fb59 055d | f4ff ffc5 | fb5a c048 | 8b84 24b8 | 0000 00c5 

  0x000001ee362827b8: ;   {section_word}
  0x000001ee362827b8: fa5a c0c5 | fb5c 054d | f4ff ffc5 | fb2c d081 | fa00 0000 | 8075 0f48 | 83ec 08c5 | fb11 0424 
  0x000001ee362827d8: ;   {runtime_call Stub::d2i_fixup}
  0x000001ee362827d8: e89a ecfd | 065a c5f2 | 2aca 4885 | c00f 8425 

  0x000001ee362827e8: ;   {metadata('com/sun/javafx/font/PrismMetrics')}
  0x000001ee362827e8: 0000 0048 | bb00 3030 | 3b00 0000 | 008b 7808 | 41ba 0000 | 003a 4903 | fa48 3b5f | 380f 85ed 
  0x000001ee36282808: 1600 00e9 | 0000 0000 | 488b d048 

  0x000001ee36282814: ;   {metadata(method data for {method} {0x000001ee53c74178} 'shape' '(Lcom/sun/javafx/text/TextRun;[CLcom/sun/javafx/text/GlyphLayout;)V' in 'com/sun/javafx/text/PrismTextLayout')}
  0x000001ee36282814: 8bd0 48be | a0e2 2f55 | ee01 0000 | 4883 8630 | 0400 0001 | c5fa 1040 | 10c5 fa5a 

  0x000001ee36282830: ;   {section_word}
  0x000001ee36282830: c0c5 fb58 | 05df f3ff | ffc5 fb2c | d081 fa00 | 0000 8075 | 0f48 83ec | 08c5 fb11 

  0x000001ee3628284c: ;   {runtime_call Stub::d2i_fixup}
  0x000001ee3628284c: 0424 e824 | ecfd 065a | c5ea 2ad2 | 4885 c00f | 8425 0000 

  0x000001ee36282860: ;   {metadata('com/sun/javafx/font/PrismMetrics')}
  0x000001ee36282860: 0048 bb00 | 3030 3b00 | 0000 008b | 7808 41ba | 0000 003a | 4903 fa48 | 3b5f 380f | 857c 1600 
  0x000001ee36282880: 00e9 0000 | 0000 488b | d048 8bd0 

  0x000001ee3628288c: ;   {metadata(method data for {method} {0x000001ee53c74178} 'shape' '(Lcom/sun/javafx/text/TextRun;[CLcom/sun/javafx/text/GlyphLayout;)V' in 'com/sun/javafx/text/PrismTextLayout')}
  0x000001ee3628288c: 48be a0e2 | 2f55 ee01 | 0000 4883 | 8660 0400 | 0001 c5fa | 1040 14c5 

  0x000001ee362828a4: ;   {section_word}
  0x000001ee362828a4: fa5a c0c5 | fb58 0571 | f3ff ffc5 | fb2c d081 | fa00 0000 | 8075 0f48 | 83ec 08c5 | fb11 0424 
  0x000001ee362828c4: ;   {runtime_call Stub::d2i_fixup}
  0x000001ee362828c4: e8ae ebfd | 065a c5e2 | 2ada 4885 | c00f 8425 

  0x000001ee362828d4: ;   {metadata('com/sun/javafx/font/PrismMetrics')}
  0x000001ee362828d4: 0000 0048 | bb00 3030 | 3b00 0000 | 008b 7808 | 41ba 0000 | 003a 4903 | fa48 3b5f | 380f 850b 
  0x000001ee362828f4: 1600 00e9 | 0000 0000 | 488b d048 

  0x000001ee36282900: ;   {metadata(method data for {method} {0x000001ee53c74178} 'shape' '(Lcom/sun/javafx/text/TextRun;[CLcom/sun/javafx/text/GlyphLayout;)V' in 'com/sun/javafx/text/PrismTextLayout')}
  0x000001ee36282900: 8bd0 48be | a0e2 2f55 | ee01 0000 | 4883 8690 | 0400 0001 

  0x000001ee36282914: ;   {metadata(method data for {method} {0x000001ee5405ddc8} 'getCapHeight' '()F' in 'com/sun/javafx/font/PrismMetrics')}
  0x000001ee36282914: 48ba 6090 | 8855 ee01 | 0000 8bb2 | 9000 0000 | 83c6 0289 | b290 0000 | 0081 e6fe | ff1f 0085 
  0x000001ee36282934: f60f 84cc | 1500 0048 

  0x000001ee3628293c: ;   {metadata(method data for {method} {0x000001ee5405ddc8} 'getCapHeight' '()F' in 'com/sun/javafx/font/PrismMetrics')}
  0x000001ee3628293c: 8bd0 48be | 6090 8855 | ee01 0000 | 4883 86d8 | 0000 0001 

  0x000001ee36282950: ;   {metadata(method data for {method} {0x000001ee5405db28} 'checkStyleMetrics' '()V' in 'com/sun/javafx/font/PrismMetrics')}
  0x000001ee36282950: 48ba a891 | 8855 ee01 | 0000 8bb2 | 9000 0000 | 83c6 0289 | b290 0000 | 0081 e6fe | ff1f 0085 
  0x000001ee36282970: f60f 84b1 | 1500 008b | 5020 48c1 | e203 4885 

  0x000001ee36282980: ;   {metadata(method data for {method} {0x000001ee5405db28} 'checkStyleMetrics' '()V' in 'com/sun/javafx/font/PrismMetrics')}
  0x000001ee36282980: d248 baa8 | 9188 55ee | 0100 00be | e800 0000 | 7405 bed8 | 0000 0048 | 8b3c 3248 | 8d7f 0148 
  0x000001ee362829a0: 893c 32c5 | fa11 9c24 | f800 0000 | c5fa 1194 | 24f4 0000 | 00c5 fa11 | 8c24 f000 | 0000 0f84 
  0x000001ee362829c0: 0800 0000 | 488b d0e9 | e400 0000 | 8b50 1c48 | c1e2 03c5 | fa10 4018 

  0x000001ee362829d8: ; implicit exception: dispatches to 0x000001ee36283f49
  0x000001ee362829d8: 483b 0248 

  0x000001ee362829dc: ;   {metadata(method data for {method} {0x000001ee5405db28} 'checkStyleMetrics' '()V' in 'com/sun/javafx/font/PrismMetrics')}
  0x000001ee362829dc: 8bf2 48bf | a891 8855 | ee01 0000 | 8b76 0841 | ba00 0000 | 3a49 03f2 | 483b b700 | 0100 0075 
  0x000001ee362829fc: 0d48 8387 | 0801 0000 | 01e9 6000 | 0000 483b | b710 0100 | 0075 0d48 | 8387 1801 | 0000 01e9 
  0x000001ee36282a1c: 4a00 0000 | 4883 bf00 | 0100 0000 | 7517 4889 | b700 0100 | 0048 c787 | 0801 0000 | 0100 0000 
  0x000001ee36282a3c: e929 0000 | 0048 83bf | 1001 0000 | 0075 1748 | 89b7 1001 | 0000 48c7 | 8718 0100 | 0001 0000 
  0x000001ee36282a5c: 00e9 0800 | 0000 4883 | 87f8 0000 | 0001 0f1f 

  0x000001ee36282a6c: ;   {optimized virtual_call}
  0x000001ee36282a6c: 4400 00e8 

  0x000001ee36282a70: ; ImmutableOopMap {[120]=Oop [128]=Oop [136]=Oop [144]=Oop [168]=Oop [176]=Oop [184]=Oop }
                      ;*invokevirtual getStyleMetrics {reexecute=0 rethrow=0 return_oop=0}
                      ; - com.sun.javafx.font.PrismMetrics::checkStyleMetrics@16 (line 78)
                      ; - com.sun.javafx.font.PrismMetrics::getCapHeight@1 (line 102)
                      ; - com.sun.javafx.text.PrismTextLayout::shape@204 (line 865)
  0x000001ee36282a70: 6cc7 0207 

  0x000001ee36282a74: ;   {post_call_nop}
  0x000001ee36282a74: 0f1f 8400 | 6c0f 0007 | 410f be57 | 4885 d248 | 8b94 24b8 | 0000 000f | 85bd 1400 | 004c 8bd0 
  0x000001ee36282a94: 49c1 ea03 | 4489 5220 | 488b f248 | 33f0 48c1 | ee16 4883 | fe00 0f85 | bd14 0000 | 8b52 2048 
  0x000001ee36282ab4: c1e2 0383 | 7a0c 010f | 86ce 1400 | 00c5 fa10 | 4214 c5fa | 1094 24f4 | 0000 00c5 

  0x000001ee36282ad0: ;   {section_word}
  0x000001ee36282ad0: fa5a c0c5 | fb58 054d | f1ff ffc5 | fb2c d081 | fa00 0000 | 8075 0f48 | 83ec 08c5 | fb11 0424 
  0x000001ee36282af0: ;   {runtime_call Stub::d2i_fixup}
  0x000001ee36282af0: e882 e9fd | 065a c5fa | 2ac2 c5fa | 108c 24f0 

  0x000001ee36282b00: ;   {external_word}
  0x000001ee36282b00: 0000 0049 | bad0 b949 | 11fc 7f00 | 00c4 c170 | 570a c5f2 | 5cc8 c5f8 | 2eca baff | ffff ff0f 
  0x000001ee36282b20: 8a14 0000 | 000f 820e | 0000 00ba | 0000 0000 | 0f84 0300 | 0000 48ff 

  0x000001ee36282b38: ;   {metadata(method data for {method} {0x000001ee53c74178} 'shape' '(Lcom/sun/javafx/text/TextRun;[CLcom/sun/javafx/text/GlyphLayout;)V' in 'com/sun/javafx/text/PrismTextLayout')}
  0x000001ee36282b38: c285 d248 | baa0 e22f | 55ee 0100 | 00be b004 | 0000 7e05 | bec0 0400 | 0048 8b3c | 3248 8d7f 
  0x000001ee36282b58: 0148 893c | 320f 8e1e 

  0x000001ee36282b60: ;   {metadata(method data for {method} {0x000001ee53c74178} 'shape' '(Lcom/sun/javafx/text/TextRun;[CLcom/sun/javafx/text/GlyphLayout;)V' in 'com/sun/javafx/text/PrismTextLayout')}
  0x000001ee36282b60: 0000 0048 | baa0 e22f | 55ee 0100 | 00ff 82d0 | 0400 00c5 | fa10 8424 | f000 0000 | e91d 0000 
  0x000001ee36282b80: 00c5 fa10 | 8424 f000 | 0000 c5f2 | 5cca c5f8 | 28d9 c5e2 | 58d8 c5f8 | 28ca c5f8 | 28c3 c5fa 
  0x000001ee36282ba0: 109c 24f8 | 0000 004c | 8b84 2480 | 0000 0049 

  0x000001ee36282bb0: ;   {metadata(method data for {method} {0x000001ee53c74178} 'shape' '(Lcom/sun/javafx/text/TextRun;[CLcom/sun/javafx/text/GlyphLayout;)V' in 'com/sun/javafx/text/PrismTextLayout')}
  0x000001ee36282bb0: 8bd0 48be | a0e2 2f55 | ee01 0000 | 4883 86f8 | 0400 0001 

  0x000001ee36282bc4: ;   {metadata(method data for {method} {0x000001ee54052818} 'setMetrics' '(FFF)V' in 'com/sun/javafx/text/TextRun')}
  0x000001ee36282bc4: 48ba b89c | 8855 ee01 | 0000 8bb2 | 9000 0000 | 83c6 0289 | b290 0000 | 0081 e6fe | ff1f 0085 
  0x000001ee36282be4: f60f 84b6 | 1300 00c4 | c17a 1140 | 20c4 c17a | 1148 24c4 | c17a 1158 

  0x000001ee36282bfc: ;   {metadata(method data for {method} {0x000001ee53c74178} 'shape' '(Lcom/sun/javafx/text/TextRun;[CLcom/sun/javafx/text/GlyphLayout;)V' in 'com/sun/javafx/text/PrismTextLayout')}
  0x000001ee36282bfc: 2848 baa0 | e22f 55ee | 0100 00ff | 8218 0500 | 00e9 3d01 | 0000 4c8b | 8424 8000 | 0000 488b 
  0x000001ee36282c1c: d048 85d2 | 0f84 2500 

  0x000001ee36282c24: ;   {metadata('com/sun/javafx/font/PrismMetrics')}
  0x000001ee36282c24: 0000 48b8 | 0030 303b | 0000 0000 | 8b5a 0841 | ba00 0000 | 3a49 03da | 483b 4338 | 0f85 7c13 
  0x000001ee36282c44: 0000 e900 | 0000 0048 | 8bf2 483b | 0248 8bc2 

  0x000001ee36282c54: ;   {metadata(method data for {method} {0x000001ee53c74178} 'shape' '(Lcom/sun/javafx/text/TextRun;[CLcom/sun/javafx/text/GlyphLayout;)V' in 'com/sun/javafx/text/PrismTextLayout')}
  0x000001ee36282c54: 48be a0e2 | 2f55 ee01 | 0000 4883 | 8640 0500 | 0001 c5fa | 1042 0c48 | 85d2 0f84 | 2500 0000 
  0x000001ee36282c74: ;   {metadata('com/sun/javafx/font/PrismMetrics')}
  0x000001ee36282c74: 48b8 0030 | 303b 0000 | 0000 8b5a | 0841 ba00 | 0000 3a49 | 03da 483b | 4338 0f85 | 3813 0000 
  0x000001ee36282c94: e900 0000 | 0048 8bf2 

  0x000001ee36282c9c: ;   {metadata(method data for {method} {0x000001ee53c74178} 'shape' '(Lcom/sun/javafx/text/TextRun;[CLcom/sun/javafx/text/GlyphLayout;)V' in 'com/sun/javafx/text/PrismTextLayout')}
  0x000001ee36282c9c: 488b c248 | bea0 e22f | 55ee 0100 | 0048 8386 | 7005 0000 | 01c5 fa10 | 4a10 4885 | d20f 8425 
  0x000001ee36282cbc: ;   {metadata('com/sun/javafx/font/PrismMetrics')}
  0x000001ee36282cbc: 0000 0048 | b800 3030 | 3b00 0000 | 008b 5a08 | 41ba 0000 | 003a 4903 | da48 3b43 | 380f 85f2 
  0x000001ee36282cdc: 1200 00e9 | 0000 0000 | 488b f248 

  0x000001ee36282ce8: ;   {metadata(method data for {method} {0x000001ee53c74178} 'shape' '(Lcom/sun/javafx/text/TextRun;[CLcom/sun/javafx/text/GlyphLayout;)V' in 'com/sun/javafx/text/PrismTextLayout')}
  0x000001ee36282ce8: 8bc2 48be | a0e2 2f55 | ee01 0000 | 4883 86a0 | 0500 0001 | c5fa 1052 | 1449 8bd0 

  0x000001ee36282d04: ;   {metadata(method data for {method} {0x000001ee53c74178} 'shape' '(Lcom/sun/javafx/text/TextRun;[CLcom/sun/javafx/text/GlyphLayout;)V' in 'com/sun/javafx/text/PrismTextLayout')}
  0x000001ee36282d04: 48be a0e2 | 2f55 ee01 | 0000 4883 | 86d0 0500 

  0x000001ee36282d14: ;   {metadata(method data for {method} {0x000001ee54052818} 'setMetrics' '(FFF)V' in 'com/sun/javafx/text/TextRun')}
  0x000001ee36282d14: 0001 48ba | b89c 8855 | ee01 0000 | 8bb2 9000 | 0000 83c6 | 0289 b290 | 0000 0081 | e6fe ff1f 
  0x000001ee36282d34: 0085 f60f | 8499 1200 | 00c4 c17a | 1140 20c4 | c17a 1148 | 24c4 c17a | 1150 2849 

  0x000001ee36282d50: ;   {metadata(method data for {method} {0x000001ee53c74178} 'shape' '(Lcom/sun/javafx/text/TextRun;[CLcom/sun/javafx/text/GlyphLayout;)V' in 'com/sun/javafx/text/PrismTextLayout')}
  0x000001ee36282d50: 8bd0 48be | a0e2 2f55 | ee01 0000 | 4883 8600 | 0600 0001 

  0x000001ee36282d64: ;   {metadata(method data for {method} {0x000001ee54057db8} 'isTab' '()Z' in 'com/sun/javafx/text/TextRun')}
  0x000001ee36282d64: 48ba e0ef | 2f55 ee01 | 0000 8bb2 | 9000 0000 | 83c6 0289 | b290 0000 | 0081 e6fe | ff1f 0085 
  0x000001ee36282d84: f60f 846c | 1200 0041 | 8b50 2c48 | 8bf2 83e6 

  0x000001ee36282d94: ;   {metadata(method data for {method} {0x000001ee54057db8} 'isTab' '()Z' in 'com/sun/javafx/text/TextRun')}
  0x000001ee36282d94: 0185 f648 | bee0 ef2f | 55ee 0100 | 00bf d800 | 0000 7405 | bfe8 0000 | 0048 8b1c | 3e48 8d5b 
  0x000001ee36282db4: 0148 891c | 3e0f 841a 

  0x000001ee36282dbc: ;   {metadata(method data for {method} {0x000001ee54057db8} 'isTab' '()Z' in 'com/sun/javafx/text/TextRun')}
  0x000001ee36282dbc: 0000 0048 | bee0 ef2f | 55ee 0100 | 00ff 86f8 | 0000 00be | 0100 0000 | e905 0000 | 00be 0000 
  0x000001ee36282ddc: 0000 83e6 

  0x000001ee36282de0: ;   {metadata(method data for {method} {0x000001ee53c74178} 'shape' '(Lcom/sun/javafx/text/TextRun;[CLcom/sun/javafx/text/GlyphLayout;)V' in 'com/sun/javafx/text/PrismTextLayout')}
  0x000001ee36282de0: 0185 f648 | bea0 e22f | 55ee 0100 | 00bf 3006 | 0000 7505 | bf20 0600 | 0048 8b1c | 3e48 8d5b 
  0x000001ee36282e00: 0148 891c | 3e0f 856a | 0f00 0049 

  0x000001ee36282e0c: ;   {metadata(method data for {method} {0x000001ee53c74178} 'shape' '(Lcom/sun/javafx/text/TextRun;[CLcom/sun/javafx/text/GlyphLayout;)V' in 'com/sun/javafx/text/PrismTextLayout')}
  0x000001ee36282e0c: 8bf0 48bf | a0e2 2f55 | ee01 0000 | 4883 8750 | 0600 0001 

  0x000001ee36282e20: ;   {metadata(method data for {method} {0x000001ee54057ad8} 'isLinebreak' '()Z' in 'com/sun/javafx/text/TextRun')}
  0x000001ee36282e20: 48be 18f1 | 2f55 ee01 | 0000 8bbe | 9000 0000 | 83c7 0289 | be90 0000 | 0081 e7fe | ff1f 0085 
  0x000001ee36282e40: ff0f 84d1 | 1100 0048 | 8bf2 83e6 

  0x000001ee36282e4c: ;   {metadata(method data for {method} {0x000001ee54057ad8} 'isLinebreak' '()Z' in 'com/sun/javafx/text/TextRun')}
  0x000001ee36282e4c: 0285 f648 | be18 f12f | 55ee 0100 | 00bf d800 | 0000 7405 | bfe8 0000 | 0048 8b1c | 3e48 8d5b 
  0x000001ee36282e6c: 0148 891c | 3e0f 841a 

  0x000001ee36282e74: ;   {metadata(method data for {method} {0x000001ee54057ad8} 'isLinebreak' '()Z' in 'com/sun/javafx/text/TextRun')}
  0x000001ee36282e74: 0000 0048 | be18 f12f | 55ee 0100 | 00ff 86f8 | 0000 00be | 0100 0000 | e905 0000 | 00be 0000 
  0x000001ee36282e94: 0000 83e6 

  0x000001ee36282e98: ;   {metadata(method data for {method} {0x000001ee53c74178} 'shape' '(Lcom/sun/javafx/text/TextRun;[CLcom/sun/javafx/text/GlyphLayout;)V' in 'com/sun/javafx/text/PrismTextLayout')}
  0x000001ee36282e98: 0185 f648 | bea0 e22f | 55ee 0100 | 00bf 8006 | 0000 7505 | bf70 0600 | 0048 8b1c | 3e48 8d5b 
  0x000001ee36282eb8: 0148 891c | 3e0f 859f | 0e00 0049 

  0x000001ee36282ec4: ;   {metadata(method data for {method} {0x000001ee53c74178} 'shape' '(Lcom/sun/javafx/text/TextRun;[CLcom/sun/javafx/text/GlyphLayout;)V' in 'com/sun/javafx/text/PrismTextLayout')}
  0x000001ee36282ec4: 8bf0 48bf | a0e2 2f55 | ee01 0000 | 4883 87a0 | 0600 0001 | 418b 700c 

  0x000001ee36282edc: ;   {metadata(method data for {method} {0x000001ee53c74178} 'shape' '(Lcom/sun/javafx/text/TextRun;[CLcom/sun/javafx/text/GlyphLayout;)V' in 'com/sun/javafx/text/PrismTextLayout')}
  0x000001ee36282edc: 85f6 48be | a0e2 2f55 | ee01 0000 | bfd0 0600 | 007f 05bf | c006 0000 | 488b 1c3e | 488d 5b01 
  0x000001ee36282efc: 4889 1c3e | 0f8f 490e | 0000 498b 

  0x000001ee36282f08: ;   {metadata(method data for {method} {0x000001ee53c74178} 'shape' '(Lcom/sun/javafx/text/TextRun;[CLcom/sun/javafx/text/GlyphLayout;)V' in 'com/sun/javafx/text/PrismTextLayout')}
  0x000001ee36282f08: f048 bfa0 | e22f 55ee | 0100 0048 | 8387 f006 

  0x000001ee36282f18: ;   {metadata(method data for {method} {0x000001ee54052210} 'isComplex' '()Z' in 'com/sun/javafx/text/TextRun')}
  0x000001ee36282f18: 0000 0148 | bea8 fc2f | 55ee 0100 | 008b be90 | 0000 0083 | c702 89be | 9000 0000 | 81e7 feff 
  0x000001ee36282f38: 1f00 85ff | 0f84 f710 | 0000 83e2 

  0x000001ee36282f44: ;   {metadata(method data for {method} {0x000001ee54052210} 'isComplex' '()Z' in 'com/sun/javafx/text/TextRun')}
  0x000001ee36282f44: 2085 d248 | baa8 fc2f | 55ee 0100 | 00be d800 | 0000 7405 | bee8 0000 | 0048 8b3c | 3248 8d7f 
  0x000001ee36282f64: 0148 893c | 320f 841a 

  0x000001ee36282f6c: ;   {metadata(method data for {method} {0x000001ee54052210} 'isComplex' '()Z' in 'com/sun/javafx/text/TextRun')}
  0x000001ee36282f6c: 0000 0048 | baa8 fc2f | 55ee 0100 | 00ff 82f8 | 0000 00ba | 0100 0000 | e905 0000 | 00ba 0000 
  0x000001ee36282f8c: 0000 83e2 

  0x000001ee36282f90: ;   {metadata(method data for {method} {0x000001ee53c74178} 'shape' '(Lcom/sun/javafx/text/TextRun;[CLcom/sun/javafx/text/GlyphLayout;)V' in 'com/sun/javafx/text/PrismTextLayout')}
  0x000001ee36282f90: 0185 d248 | baa0 e22f | 55ee 0100 | 00be 2007 | 0000 7505 | be10 0700 | 0048 8b3c | 3248 8d7f 
  0x000001ee36282fb0: 0148 893c | 320f 851c | 0d00 0048 | 8b84 24b0 | 0000 0048 | 3b00 488b 

  0x000001ee36282fc8: ;   {metadata(method data for {method} {0x000001ee53c74178} 'shape' '(Lcom/sun/javafx/text/TextRun;[CLcom/sun/javafx/text/GlyphLayout;)V' in 'com/sun/javafx/text/PrismTextLayout')}
  0x000001ee36282fc8: f048 bfa0 | e22f 55ee | 0100 008b | 7608 41ba | 0000 003a | 4903 f248 | 3bb7 8007 | 0000 750d 
  0x000001ee36282fe8: 4883 8788 | 0700 0001 | e960 0000 | 0048 3bb7 | 9007 0000 | 750d 4883 | 8798 0700 | 0001 e94a 
  0x000001ee36283008: 0000 0048 | 83bf 8007 | 0000 0075 | 1748 89b7 | 8007 0000 | 48c7 8788 | 0700 0001 | 0000 00e9 
  0x000001ee36283028: 2900 0000 | 4883 bf90 | 0700 0000 | 7517 4889 | b790 0700 | 0048 c787 | 9807 0000 | 0100 0000 
  0x000001ee36283048: e908 0000 | 0048 8387 | 7807 0000 | 0148 8bd0 | 4889 8424 | b000 0000 | 0f1f 4400 | 0048 b890 
  0x000001ee36283068: 9a79 6bee 

  0x000001ee3628306c: ;   {virtual_call}
  0x000001ee3628306c: 0100 00e8 

  0x000001ee36283070: ; ImmutableOopMap {[120]=Oop [128]=Oop [136]=Oop [176]=Oop }
                      ;*invokeinterface getFontResource {reexecute=0 rethrow=0 return_oop=0}
                      ; - com.sun.javafx.text.PrismTextLayout::shape@335 (line 885)
  0x000001ee36283070: 9eba 8807 

  0x000001ee36283074: ;   {post_call_nop}
  0x000001ee36283074: 0f1f 8400 | 6c15 0008 | 4889 8424 | c000 0000 | 4c8b 8424 | 8000 0000 

  0x000001ee3628308c: ;   {metadata(method data for {method} {0x000001ee53c74178} 'shape' '(Lcom/sun/javafx/text/TextRun;[CLcom/sun/javafx/text/GlyphLayout;)V' in 'com/sun/javafx/text/PrismTextLayout')}
  0x000001ee3628308c: 48ba a0e2 | 2f55 ee01 | 0000 4883 | 82b8 0700 | 0001 4c8b | 8424 8000 | 0000 418b | 7010 89b4 
  0x000001ee362830ac: 24cc 0000 | 0049 8bd0 

  0x000001ee362830b4: ;   {metadata(method data for {method} {0x000001ee53c74178} 'shape' '(Lcom/sun/javafx/text/TextRun;[CLcom/sun/javafx/text/GlyphLayout;)V' in 'com/sun/javafx/text/PrismTextLayout')}
  0x000001ee362830b4: 48bf a0e2 | 2f55 ee01 | 0000 4883 | 87e8 0700 | 0001 418b | 7814 89bc | 24c8 0000 | 0048 8b54 
  0x000001ee362830d4: 2478 8b5a | 4c48 c1e3 | 0348 85db 

  0x000001ee362830e0: ;   {metadata(method data for {method} {0x000001ee53c74178} 'shape' '(Lcom/sun/javafx/text/TextRun;[CLcom/sun/javafx/text/GlyphLayout;)V' in 'com/sun/javafx/text/PrismTextLayout')}
  0x000001ee362830e0: 48b9 a0e2 | 2f55 ee01 | 0000 41b9 | 0808 0000 | 7506 41b9 | 1808 0000 | 4e8b 1c09 | 4d8d 5b01 
  0x000001ee36283100: 4e89 1c09 | 0f85 1d05 | 0000 488b | 9424 b000 

  0x000001ee36283110: ;   {metadata(method data for {method} {0x000001ee53c74178} 'shape' '(Lcom/sun/javafx/text/TextRun;[CLcom/sun/javafx/text/GlyphLayout;)V' in 'com/sun/javafx/text/PrismTextLayout')}
  0x000001ee36283110: 0000 48bb | a0e2 2f55 | ee01 0000 | 8b52 0841 | ba00 0000 | 3a49 03d2 | 483b 9330 | 0800 0075 
  0x000001ee36283130: 0d48 8383 | 3808 0000 | 01e9 6000 | 0000 483b | 9340 0800 | 0075 0d48 | 8383 4808 | 0000 01e9 
  0x000001ee36283150: 4a00 0000 | 4883 bb30 | 0800 0000 | 7517 4889 | 9330 0800 | 0048 c783 | 3808 0000 | 0100 0000 
  0x000001ee36283170: e929 0000 | 0048 83bb | 4008 0000 | 0075 1748 | 8993 4008 | 0000 48c7 | 8348 0800 | 0001 0000 
  0x000001ee36283190: 00e9 0800 | 0000 4883 | 8328 0800 | 0001 488b | 9424 b000 | 0000 0f1f | 8000 0000 | 0048 b8b8 
  0x000001ee362831b0: 9a79 6bee 

  0x000001ee362831b4: ;   {virtual_call}
  0x000001ee362831b4: 0100 00e8 

  0x000001ee362831b8: ; ImmutableOopMap {[128]=Oop [136]=Oop [192]=Oop }
                      ;*invokeinterface getSize {reexecute=0 rethrow=0 return_oop=0}
                      ; - com.sun.javafx.text.PrismTextLayout::shape@363 (line 891)
  0x000001ee362831b8: 56c2 8807 

  0x000001ee362831bc: ;   {post_call_nop}
  0x000001ee362831bc: 0f1f 8400 | b416 0009 | c5fa 1184 | 24fc 0000 | 0048 8b84 | 24c0 0000 | 0048 3b00 

  0x000001ee362831d8: ;   {metadata(method data for {method} {0x000001ee53c74178} 'shape' '(Lcom/sun/javafx/text/TextRun;[CLcom/sun/javafx/text/GlyphLayout;)V' in 'com/sun/javafx/text/PrismTextLayout')}
  0x000001ee362831d8: 488b d048 | bea0 e22f | 55ee 0100 | 008b 5208 | 41ba 0000 | 003a 4903 | d248 3b96 | 6008 0000 
  0x000001ee362831f8: 750d 4883 | 8668 0800 | 0001 e960 | 0000 0048 | 3b96 7008 | 0000 750d | 4883 8678 | 0800 0001 
  0x000001ee36283218: e94a 0000 | 0048 83be | 6008 0000 | 0075 1748 | 8996 6008 | 0000 48c7 | 8668 0800 | 0001 0000 
  0x000001ee36283238: 00e9 2900 | 0000 4883 | be70 0800 | 0000 7517 | 4889 9670 | 0800 0048 | c786 7808 | 0000 0100 
  0x000001ee36283258: 0000 e908 | 0000 0048 | 8386 5808 | 0000 0148 | 8bd0 6666 | 9048 b8e0 | 9a79 6bee 

  0x000001ee36283274: ;   {virtual_call}
  0x000001ee36283274: 0100 00e8 

  0x000001ee36283278: ; ImmutableOopMap {[128]=Oop [136]=Oop [192]=Oop }
                      ;*invokeinterface getGlyphMapper {reexecute=0 rethrow=0 return_oop=0}
                      ; - com.sun.javafx.text.PrismTextLayout::shape@372 (line 892)
  0x000001ee36283278: 86f2 8507 

  0x000001ee3628327c: ;   {post_call_nop}
  0x000001ee3628327c: 0f1f 8400 | 7417 000a | 4c8b d88b | 9c24 c800 

  0x000001ee3628328c: ;   {metadata({type array int})}
  0x000001ee3628328c: 0000 48ba | 5847 183a | 0000 0000 | 4863 db48 | 8bfb 4881 | fbff ffff | 000f 87b9 | 0d00 00be 
  0x000001ee362832ac: 1700 0000 | 488d 349e | 4883 e6f8 | 498b 87c8 | 0100 0048 | 8d34 3049 | 3bb7 d801 | 0000 0f87 
  0x000001ee362832cc: 940d 0000 | 4989 b7c8 | 0100 0048 | 2bf0 48c7 | 0001 0000 | 0048 8bca | 41ba 0000 | 003a 492b 
  0x000001ee362832ec: ca89 4808 | 8958 0c48 | 83ee 1048 | 85f6 0f84 | 1100 0000 | 4833 db48 | c1ee 0348 | 895c f008 
  0x000001ee3628330c: 48ff ce75 | f648 8984 | 24d0 0000 | 0049 3b03 

  0x000001ee3628331c: ;   {metadata(method data for {method} {0x000001ee53c74178} 'shape' '(Lcom/sun/javafx/text/TextRun;[CLcom/sun/javafx/text/GlyphLayout;)V' in 'com/sun/javafx/text/PrismTextLayout')}
  0x000001ee3628331c: 4d8b c349 | b9a0 e22f | 55ee 0100 | 0045 8b40 | 0841 ba00 | 0000 3a4d | 03c2 4d3b | 8190 0800 
  0x000001ee3628333c: 0075 0d49 | 8381 9808 | 0000 01e9 | 6000 0000 | 4d3b 81a0 | 0800 0075 | 0d49 8381 | a808 0000 
  0x000001ee3628335c: 01e9 4a00 | 0000 4983 | b990 0800 | 0000 7517 | 4d89 8190 | 0800 0049 | c781 9808 | 0000 0100 
  0x000001ee3628337c: 0000 e929 | 0000 0049 | 83b9 a008 | 0000 0075 | 174d 8981 | a008 0000 | 49c7 81a8 | 0800 0001 
  0x000001ee3628339c: 0000 00e9 | 0800 0000 | 4983 8188 | 0800 0001 | 448b 8424 | cc00 0000 | 448b 8c24 | c800 0000 
  0x000001ee362833bc: 488b bc24 | 8800 0000 | 488b f049 | 8bd3 0f1f 

  0x000001ee362833cc: ;   {optimized virtual_call}
  0x000001ee362833cc: 4400 00e8 

  0x000001ee362833d0: ; ImmutableOopMap {[128]=Oop [192]=Oop [208]=Oop }
                      ;*invokevirtual charsToGlyphs {reexecute=0 rethrow=0 return_oop=0}
                      ; - com.sun.javafx.text.PrismTextLayout::shape@394 (line 896)
  0x000001ee362833d0: 5110 0000 

  0x000001ee362833d4: ;   {post_call_nop}
  0x000001ee362833d4: 0f1f 8400 | cc18 000b | 8bbc 24c8 | 0000 00ff | c7d1 e748 

  0x000001ee362833e8: ;   {metadata({type array float})}
  0x000001ee362833e8: 8bdf 48ba | 583f 183a | 0000 0000 | 4863 db48 | 8bfb 4881 | fbff ffff | 000f 876c | 0c00 00be 
  0x000001ee36283408: 1700 0000 | 488d 349e | 4883 e6f8 | 498b 87c8 | 0100 0048 | 8d34 3049 | 3bb7 d801 | 0000 0f87 
  0x000001ee36283428: 470c 0000 | 4989 b7c8 | 0100 0048 | 2bf0 48c7 | 0001 0000 | 0048 8bca | 41ba 0000 | 003a 492b 
  0x000001ee36283448: ca89 4808 | 8958 0c48 | 83ee 1048 | 85f6 0f84 | 1100 0000 | 4833 db48 | c1ee 0348 | 895c f008 
  0x000001ee36283468: 48ff ce75 | f648 8984 | 24e0 0000 | 00be 0000 

  0x000001ee36283478: ;   {section_word}
  0x000001ee36283478: 0000 c5fa | 100d aee7 | ffff e948 | 0100 0090 | 3b70 0c0f | 83ec 0b00 | 004c 63c6 | 468b 4480 
  0x000001ee36283498: 1048 8bd3 

  0x000001ee3628349c: ;   {metadata(method data for {method} {0x000001ee53c74178} 'shape' '(Lcom/sun/javafx/text/TextRun;[CLcom/sun/javafx/text/GlyphLayout;)V' in 'com/sun/javafx/text/PrismTextLayout')}
  0x000001ee3628349c: 49b9 a0e2 | 2f55 ee01 | 0000 8b52 | 0841 ba00 | 0000 3a49 | 03d2 493b | 91e0 0800 | 0075 0d49 
  0x000001ee362834bc: 8381 e808 | 0000 01e9 | 6000 0000 | 493b 91f0 | 0800 0075 | 0d49 8381 | f808 0000 | 01e9 4a00 
  0x000001ee362834dc: 0000 4983 | b9e0 0800 | 0000 7517 | 4989 91e0 | 0800 0049 | c781 e808 | 0000 0100 | 0000 e929 
  0x000001ee362834fc: 0000 0049 | 83b9 f008 | 0000 0075 | 1749 8991 | f008 0000 | 49c7 81f8 | 0800 0001 | 0000 00e9 
  0x000001ee3628351c: 0800 0000 | 4983 81d8 | 0800 0001 | c5f8 28d0 | c5f8 28c2 | 488b d389 | b424 d800 | 0000 6666 
  0x000001ee3628353c: 9048 b808 | 9b79 6bee 

  0x000001ee36283544: ;   {virtual_call}
  0x000001ee36283544: 0100 00e8 

  0x000001ee36283548: ; ImmutableOopMap {[128]=Oop [192]=Oop [208]=Oop [224]=Oop }
                      ;*invokeinterface getAdvance {reexecute=0 rethrow=0 return_oop=0}
                      ; - com.sun.javafx.text.PrismTextLayout::shape@429 (line 900)
  0x000001ee36283548: b699 af07 

  0x000001ee3628354c: ;   {post_call_nop}
  0x000001ee3628354c: 0f1f 8400 | 441a 000c | 8bb4 24d8 | 0000 00d1 | e648 8b84 | 24e0 0000 | 003b 700c | 0f83 1d0b 
  0x000001ee3628356c: 0000 4863 | f6c5 fa10 | 8c24 0001 | 0000 c5fa | 114c b010 | c5fa 58c1 | 8bb4 24d8 | 0000 00ff 
  0x000001ee3628358c: ;   {metadata(method data for {method} {0x000001ee53c74178} 'shape' '(Lcom/sun/javafx/text/TextRun;[CLcom/sun/javafx/text/GlyphLayout;)V' in 'com/sun/javafx/text/PrismTextLayout')}
  0x000001ee3628358c: c648 baa0 | e22f 55ee | 0100 008b | ba94 0000 | 0083 c702 | 89ba 9400 | 0000 81e7 | fe3f 0000 
  0x000001ee362835ac: 85ff 0f84 | e50a 0000 

  0x000001ee362835b4: ; ImmutableOopMap {rax=Oop [128]=Oop [192]=Oop [208]=Oop [224]=Oop }
                      ;*goto {reexecute=1 rethrow=0 return_oop=0}
                      ; - (reexecute) com.sun.javafx.text.PrismTextLayout::shape@455 (line 899)
  0x000001ee362835b4: 4d8b 5730 

  0x000001ee362835b8: ;   {poll}
  0x000001ee362835b8: 4185 0248 | baa0 e22f | 55ee 0100 | 00ff 8208 | 0900 00c5 | f828 c8c5 | fa11 8c24 | 0001 0000 
  0x000001ee362835d8: 488b 8424 | d000 0000 | c5fa 1084 | 24fc 0000 | 008b bc24 | c800 0000 | 488b 9c24 | c000 0000 
  0x000001ee362835f8: ;   {metadata(method data for {method} {0x000001ee53c74178} 'shape' '(Lcom/sun/javafx/text/TextRun;[CLcom/sun/javafx/text/GlyphLayout;)V' in 'com/sun/javafx/text/PrismTextLayout')}
  0x000001ee362835f8: 3bf7 49b8 | a0e2 2f55 | ee01 0000 | bab8 0800 | 007d 05ba | c808 0000 | 4d8b 0c10 | 4d8d 4901 
  0x000001ee36283618: 4d89 0c10 | 0f8d ac05 | 0000 e961 | feff ff0f | be73 1c85 

  0x000001ee3628362c: ;   {metadata(method data for {method} {0x000001ee53c74178} 'shape' '(Lcom/sun/javafx/text/TextRun;[CLcom/sun/javafx/text/GlyphLayout;)V' in 'com/sun/javafx/text/PrismTextLayout')}
  0x000001ee3628362c: f648 bea0 | e22f 55ee | 0100 00bf | 7809 0000 | 7405 bf68 | 0900 0048 | 8b1c 3e48 | 8d5b 0148 
  0x000001ee3628364c: 891c 3e0f | 8415 0000 | 0044 8b84 | 24c8 0000 | 0048 8bbc | 2480 0000 | 00e9 7b04 | 0000 488b 
  0x000001ee3628366c: bc24 b000 

  0x000001ee36283670: ;   {metadata(method data for {method} {0x000001ee53c74178} 'shape' '(Lcom/sun/javafx/text/TextRun;[CLcom/sun/javafx/text/GlyphLayout;)V' in 'com/sun/javafx/text/PrismTextLayout')}
  0x000001ee36283670: 0000 48bb | a0e2 2f55 | ee01 0000 | 8b7f 0841 | ba00 0000 | 3a49 03fa | 483b bb90 | 0900 0075 
  0x000001ee36283690: 0d48 8383 | 9809 0000 | 01e9 6000 | 0000 483b | bba0 0900 | 0075 0d48 | 8383 a809 | 0000 01e9 
  0x000001ee362836b0: 4a00 0000 | 4883 bb90 | 0900 0000 | 7517 4889 | bb90 0900 | 0048 c783 | 9809 0000 | 0100 0000 
  0x000001ee362836d0: e929 0000 | 0048 83bb | a009 0000 | 0075 1748 | 89bb a009 | 0000 48c7 | 83a8 0900 | 0001 0000 
  0x000001ee362836f0: 00e9 0800 | 0000 4883 | 8388 0900 | 0001 488b | 9424 b000 | 0000 0f1f | 8000 0000 | 0048 b830 
  0x000001ee36283710: 9b79 6bee 

  0x000001ee36283714: ;   {virtual_call}
  0x000001ee36283714: 0100 00e8 

  0x000001ee36283718: ; ImmutableOopMap {[120]=Oop [128]=Oop [136]=Oop [192]=Oop }
                      ;*invokeinterface getSize {reexecute=0 rethrow=0 return_oop=0}
                      ; - com.sun.javafx.text.PrismTextLayout::shape@493 (line 912)
  0x000001ee36283718: f6bc 8807 

  0x000001ee3628371c: ;   {post_call_nop}
  0x000001ee3628371c: 0f1f 8400 | 141c 000e | c5fa 1184 | 2404 0100 | 0048 8b84 | 24c0 0000 | 0048 3b00 

  0x000001ee36283738: ;   {metadata(method data for {method} {0x000001ee53c74178} 'shape' '(Lcom/sun/javafx/text/TextRun;[CLcom/sun/javafx/text/GlyphLayout;)V' in 'com/sun/javafx/text/PrismTextLayout')}
  0x000001ee36283738: 488b d048 | bea0 e22f | 55ee 0100 | 008b 5208 | 41ba 0000 | 003a 4903 | d248 3b96 | c009 0000 
  0x000001ee36283758: 750d 4883 | 86c8 0900 | 0001 e960 | 0000 0048 | 3b96 d009 | 0000 750d | 4883 86d8 | 0900 0001 
  0x000001ee36283778: e94a 0000 | 0048 83be | c009 0000 | 0075 1748 | 8996 c009 | 0000 48c7 | 86c8 0900 | 0001 0000 
  0x000001ee36283798: 00e9 2900 | 0000 4883 | bed0 0900 | 0000 7517 | 4889 96d0 | 0900 0048 | c786 d809 | 0000 0100 
  0x000001ee362837b8: 0000 e908 | 0000 0048 | 8386 b809 | 0000 0148 | 8bd0 6666 | 9048 b858 | 9b79 6bee 

  0x000001ee362837d4: ;   {virtual_call}
  0x000001ee362837d4: 0100 00e8 

  0x000001ee362837d8: ; ImmutableOopMap {[120]=Oop [128]=Oop [136]=Oop [192]=Oop }
                      ;*invokeinterface getGlyphMapper {reexecute=0 rethrow=0 return_oop=0}
                      ; - com.sun.javafx.text.PrismTextLayout::shape@502 (line 913)
  0x000001ee362837d8: 26ed 8507 

  0x000001ee362837dc: ;   {post_call_nop}
  0x000001ee362837dc: 0f1f 8400 | d41c 000f | 488b 5424 | 7844 8b42 | 4c49 c1e0 | 0341 8b70 | 2048 c1e6 | 0348 3b00 
  0x000001ee362837fc: ;   {metadata(method data for {method} {0x000001ee53c74178} 'shape' '(Lcom/sun/javafx/text/TextRun;[CLcom/sun/javafx/text/GlyphLayout;)V' in 'com/sun/javafx/text/PrismTextLayout')}
  0x000001ee362837fc: 4c8b c049 | b9a0 e22f | 55ee 0100 | 0045 8b40 | 0841 ba00 | 0000 3a4d | 03c2 4d3b | 81f0 0900 
  0x000001ee3628381c: 0075 0d49 | 8381 f809 | 0000 01e9 | 6000 0000 | 4d3b 8100 | 0a00 0075 | 0d49 8381 | 080a 0000 
  0x000001ee3628383c: 01e9 4a00 | 0000 4983 | b9f0 0900 | 0000 7517 | 4d89 81f0 | 0900 0049 | c781 f809 | 0000 0100 
  0x000001ee3628385c: 0000 e929 | 0000 0049 | 83b9 000a | 0000 0075 | 174d 8981 | 000a 0000 | 49c7 8108 | 0a00 0001 
  0x000001ee3628387c: 0000 00e9 | 0800 0000 | 4983 81e8 | 0900 0001 | 448b 8424 | cc00 0000 | 448b 8c24 | c800 0000 
  0x000001ee3628389c: 488b bc24 | 8800 0000 | 8b8c 24cc | 0000 0048 

  0x000001ee362838ac: ;   {optimized virtual_call}
  0x000001ee362838ac: 8bd0 90e8 

  0x000001ee362838b0: ; ImmutableOopMap {[120]=Oop [128]=Oop [192]=Oop }
                      ;*invokevirtual charsToGlyphs {reexecute=0 rethrow=0 return_oop=0}
                      ; - com.sun.javafx.text.PrismTextLayout::shape@525 (line 914)
  0x000001ee362838b0: dc0c a407 

  0x000001ee362838b4: ;   {post_call_nop}
  0x000001ee362838b4: 0f1f 8400 | ac1d 0010 | 8bb4 24cc | 0000 0003 | b424 c800 | 0000 89b4 | 24e8 0000 | 008b bc24 
  0x000001ee362838d4: cc00 0000 

  0x000001ee362838d8: ;   {section_word}
  0x000001ee362838d8: c5fa 100d | 54e3 ffff | c5fa 118c | 2408 0100 | 00c5 fa10 | 8424 0401 | 0000 488b | 8424 c000 
  0x000001ee362838f8: 0000 488b | 5424 78e9 | 8401 0000 | 0f1f 4000 | 448b 424c | 49c1 e003 

  0x000001ee36283910: ; implicit exception: dispatches to 0x000001ee362840ce
  0x000001ee36283910: 458b 4020 | 49c1 e003 

  0x000001ee36283918: ; implicit exception: dispatches to 0x000001ee362840d3
  0x000001ee36283918: 413b 780c | 0f83 bb07 | 0000 4863 | df45 8b44 | 9810 488b 

  0x000001ee3628392c: ;   {metadata(method data for {method} {0x000001ee53c74178} 'shape' '(Lcom/sun/javafx/text/TextRun;[CLcom/sun/javafx/text/GlyphLayout;)V' in 'com/sun/javafx/text/PrismTextLayout')}
  0x000001ee3628392c: d848 b9a0 | e22f 55ee | 0100 008b | 5b08 41ba | 0000 003a | 4903 da48 | 3b99 400a | 0000 750d 
  0x000001ee3628394c: 4883 8148 | 0a00 0001 | e960 0000 | 0048 3b99 | 500a 0000 | 750d 4883 | 8158 0a00 | 0001 e94a 
  0x000001ee3628396c: 0000 0048 | 83b9 400a | 0000 0075 | 1748 8999 | 400a 0000 | 48c7 8148 | 0a00 0001 | 0000 00e9 
  0x000001ee3628398c: 2900 0000 | 4883 b950 | 0a00 0000 | 7517 4889 | 9950 0a00 | 0048 c781 | 580a 0000 | 0100 0000 
  0x000001ee362839ac: e908 0000 | 0048 8381 | 380a 0000 | 01c5 f828 | d0c5 f828 | c248 8bd0 | 89bc 24dc | 0000 0066 
  0x000001ee362839cc: 9048 b880 | 9b79 6bee 

  0x000001ee362839d4: ;   {virtual_call}
  0x000001ee362839d4: 0100 00e8 

  0x000001ee362839d8: ; ImmutableOopMap {[120]=Oop [128]=Oop [192]=Oop }
                      ;*invokeinterface getAdvance {reexecute=0 rethrow=0 return_oop=0}
                      ; - com.sun.javafx.text.PrismTextLayout::shape@563 (line 918)
  0x000001ee362839d8: 2695 af07 

  0x000001ee362839dc: ;   {post_call_nop}
  0x000001ee362839dc: 0f1f 8400 | d41e 0011 | 488b 5424 | 7844 8b42 | 4c49 c1e0 | 0345 8b40 | 2449 c1e0 | 038b bc24 
  0x000001ee362839fc: dc00 0000 

  0x000001ee36283a00: ; implicit exception: dispatches to 0x000001ee362840f0
  0x000001ee36283a00: 413b 780c | 0f83 f006 | 0000 4c63 | cfc4 817a | 1144 8810 | c5fa 5884 | 2408 0100 

  0x000001ee36283a1c: ;   {metadata(method data for {method} {0x000001ee53c74178} 'shape' '(Lcom/sun/javafx/text/TextRun;[CLcom/sun/javafx/text/GlyphLayout;)V' in 'com/sun/javafx/text/PrismTextLayout')}
  0x000001ee36283a1c: 00ff c749 | b8a0 e22f | 55ee 0100 | 0045 8b88 | 9400 0000 | 4183 c102 | 4589 8894 | 0000 0041 
  0x000001ee36283a3c: 81e1 fe3f | 0000 4585 | c90f 84bd | 0600 004d 

  0x000001ee36283a4c: ; ImmutableOopMap {rdx=Oop [120]=Oop [128]=Oop [192]=Oop }
                      ;*goto {reexecute=1 rethrow=0 return_oop=0}
                      ; - (reexecute) com.sun.javafx.text.PrismTextLayout::shape@592 (line 917)
                      ;   {poll}
  0x000001ee36283a4c: 8b57 3041 

  0x000001ee36283a50: ;   {metadata(method data for {method} {0x000001ee53c74178} 'shape' '(Lcom/sun/javafx/text/TextRun;[CLcom/sun/javafx/text/GlyphLayout;)V' in 'com/sun/javafx/text/PrismTextLayout')}
  0x000001ee36283a50: 8502 49b8 | a0e2 2f55 | ee01 0000 | 41ff 8068 | 0a00 00c5 | f828 c8c5 | fa11 8c24 | 0801 0000 
  0x000001ee36283a70: 8bb4 24e8 | 0000 00c5 | fa10 8424 | 0401 0000 | 488b 8424 | c000 0000 

  0x000001ee36283a88: ;   {metadata(method data for {method} {0x000001ee53c74178} 'shape' '(Lcom/sun/javafx/text/TextRun;[CLcom/sun/javafx/text/GlyphLayout;)V' in 'com/sun/javafx/text/PrismTextLayout')}
  0x000001ee36283a88: 3bfe 49b8 | a0e2 2f55 | ee01 0000 | bb28 0a00 | 007c 05bb | 180a 0000 | 498b 0c18 | 488d 4901 
  0x000001ee36283aa8: 4989 0c18 | 0f8c 56fe | ffff c5fa | 108c 2408 | 0100 0048 | 8bbc 2480 | 0000 004c 

  0x000001ee36283ac4: ;   {metadata(method data for {method} {0x000001ee53c74178} 'shape' '(Lcom/sun/javafx/text/TextRun;[CLcom/sun/javafx/text/GlyphLayout;)V' in 'com/sun/javafx/text/PrismTextLayout')}
  0x000001ee36283ac4: 8bc7 49b9 | a0e2 2f55 | ee01 0000 | 4983 8190 | 0a00 0001 | c5fa 114f | 1844 8b84 | 24c8 0000 
  0x000001ee36283ae4: 0044 8b4a | 4c49 c1e1 | 0341 8b71 | 2048 c1e6 | 0345 8b49 | 2449 c1e1 | 0348 8bd7 

  0x000001ee36283b00: ;   {metadata(method data for {method} {0x000001ee53c74178} 'shape' '(Lcom/sun/javafx/text/TextRun;[CLcom/sun/javafx/text/GlyphLayout;)V' in 'com/sun/javafx/text/PrismTextLayout')}
  0x000001ee36283b00: 48bb a0e2 | 2f55 ee01 | 0000 4883 | 83c0 0a00 

  0x000001ee36283b10: ;   {metadata(method data for {method} {0x000001ee540536b0} 'shape' '(I[I[F)V' in 'com/sun/javafx/text/TextRun')}
  0x000001ee36283b10: 0001 48ba | f8aa 8855 | ee01 0000 | 8b9a 9000 | 0000 83c3 | 0289 9a90 | 0000 0081 | e3fe ff1f 
  0x000001ee36283b30: 0085 db0f | 84f5 0500 | 0044 8947 | 0c45 0fbe | 4748 4585 | c00f 8504 | 0600 004c | 8bd6 49c1 
  0x000001ee36283b50: ea03 4489 | 5740 4c8b | c74c 33c6 | 49c1 e816 | 4983 f800 | 0f85 0506 | 0000 450f | be47 4845 
  0x000001ee36283b70: 85c0 0f85 | 0f06 0000 | 4d8b d149 | c1ea 0344 | 8957 444c | 8bc7 4d33 | c149 c1e8 | 1649 83f8 
  0x000001ee36283b90: 000f 8510 | 0600 0045 | 0fbe 4748 | 4585 c00f | 851a 0600 | 00c7 4748 | 0000 0000 | 448b 472c 
  0x000001ee36283bb0: 4181 c800 | 1000 0044 | 8947 2c48 | 81c4 2001 

  0x000001ee36283bc0: ;   {poll_return}
  0x000001ee36283bc0: 0000 5d49 | 3b67 280f | 8712 0600 | 00c3 c5fa | 108c 2400 | 0100 004c | 8bc8 4c8b | c748 8bbc 
  0x000001ee36283be0: 2480 0000 | 0048 8b84 | 24e0 0000 | 0049 8bf0 | d1e6 3b70 | 0c0f 83fa | 0500 0048 | 63f6 c5fa 
  0x000001ee36283c00: 114c b010 

  0x000001ee36283c04: ;   {metadata(method data for {method} {0x000001ee53c74178} 'shape' '(Lcom/sun/javafx/text/TextRun;[CLcom/sun/javafx/text/GlyphLayout;)V' in 'com/sun/javafx/text/PrismTextLayout')}
  0x000001ee36283c04: 488b f748 | baa0 e22f | 55ee 0100 | 0048 8382 | 3009 0000 

  0x000001ee36283c18: ;   {metadata(method data for {method} {0x000001ee540535f0} 'shape' '(I[I[F[I)V' in 'com/sun/javafx/text/TextRun')}
  0x000001ee36283c18: 0148 be40 | a788 55ee | 0100 008b | 9690 0000 | 0083 c202 | 8996 9000 | 0000 81e2 | feff 1f00 
  0x000001ee36283c38: 85d2 0f84 | c305 0000 | 4489 470c | 450f be47 | 4845 85c0 | 0f85 d205 | 0000 4d8b | d149 c1ea 
  0x000001ee36283c58: 0344 8957 | 404c 8bc7 | 4d33 c149 | c1e8 1649 | 83f8 000f | 85d3 0500 | 0045 0fbe | 4748 4585 
  0x000001ee36283c78: c00f 85dd | 0500 004c | 8bd0 49c1 | ea03 4489 | 5744 4c8b | c74c 33c0 | 49c1 e816 | 4983 f800 
  0x000001ee36283c98: 0f85 de05 | 0000 450f | be47 4845 | 85c0 0f85 | e805 0000 | c747 4800 

  0x000001ee36283cb0: ;   {metadata(method data for {method} {0x000001ee53c74178} 'shape' '(Lcom/sun/javafx/text/TextRun;[CLcom/sun/javafx/text/GlyphLayout;)V' in 'com/sun/javafx/text/PrismTextLayout')}
  0x000001ee36283cb0: 0000 0049 | b8a0 e22f | 55ee 0100 | 0041 ff80 | 5009 0000 | 4881 c420 | 0100 005d 

  0x000001ee36283ccc: ;   {poll_return}
  0x000001ee36283ccc: 493b 6728 | 0f87 de05 | 0000 c348 | 8bb4 24a8 | 0000 0048 | 8b84 24b0 | 0000 0048 | 8b94 2490 
  0x000001ee36283cec: 0000 0048 | 8b9c 2488 | 0000 0049 | 8bf8 483b | 024c 8bc2 

  0x000001ee36283d00: ;   {metadata(method data for {method} {0x000001ee53c74178} 'shape' '(Lcom/sun/javafx/text/TextRun;[CLcom/sun/javafx/text/GlyphLayout;)V' in 'com/sun/javafx/text/PrismTextLayout')}
  0x000001ee36283d00: 49b9 a0e2 | 2f55 ee01 | 0000 4983 | 8140 0700 | 0001 4c8b | c74c 8bce | 488b f848 

  0x000001ee36283d1c: ;   {optimized virtual_call}
  0x000001ee36283d1c: 8bf3 90e8 

  0x000001ee36283d20: ; ImmutableOopMap {}
                      ;*invokevirtual layout {reexecute=0 rethrow=0 return_oop=0}
                      ; - com.sun.javafx.text.PrismTextLayout::shape@327 (line 883)
  0x000001ee36283d20: 6107 0000 

  0x000001ee36283d24: ;   {post_call_nop}
  0x000001ee36283d24: 0f1f 8400 | 1c22 0013 

  0x000001ee36283d2c: ;   {metadata(method data for {method} {0x000001ee53c74178} 'shape' '(Lcom/sun/javafx/text/TextRun;[CLcom/sun/javafx/text/GlyphLayout;)V' in 'com/sun/javafx/text/PrismTextLayout')}
  0x000001ee36283d2c: 48b9 a0e2 | 2f55 ee01 | 0000 ff81 | 6007 0000 | 4881 c420 | 0100 005d 

  0x000001ee36283d44: ;   {poll_return}
  0x000001ee36283d44: 493b 6728 | 0f87 8105 | 0000 c348 | 81c4 2001 

  0x000001ee36283d54: ;   {poll_return}
  0x000001ee36283d54: 0000 5d49 | 3b67 280f | 8784 0500 | 00c3 4881 | c420 0100 

  0x000001ee36283d68: ;   {poll_return}
  0x000001ee36283d68: 005d 493b | 6728 0f87 | 8705 0000 | c348 81c4 | 2001 0000 

  0x000001ee36283d7c: ;   {poll_return}
  0x000001ee36283d7c: 5d49 3b67 | 280f 878a | 0500 00c3 | 498b c8d3 | fe48 8b84 | 2498 0000 | 004c 8bc7 

  0x000001ee36283d98: ;   {metadata(method data for {method} {0x000001ee53c74178} 'shape' '(Lcom/sun/javafx/text/TextRun;[CLcom/sun/javafx/text/GlyphLayout;)V' in 'com/sun/javafx/text/PrismTextLayout')}
  0x000001ee36283d98: 49b9 a0e2 | 2f55 ee01 

  0x000001ee36283da0: ;   {metadata('com/sun/javafx/text/TextRun')}
  0x000001ee36283da0: 0000 49ba | c066 303b | 0000 0000 | 4d89 9160 | 0200 0049 | 8381 6802 | 0000 014c | 8bc0 4c8b 
  0x000001ee36283dc0: ce48 8bd7 

  0x000001ee36283dc4: ;   {optimized virtual_call}
  0x000001ee36283dc4: 6666 90e8 

  0x000001ee36283dc8: ; ImmutableOopMap {}
                      ;*invokevirtual setEmbedded {reexecute=0 rethrow=0 return_oop=0}
                      ; - com.sun.javafx.text.PrismTextLayout::shape@61 (line 835)
  0x000001ee36283dc8: 14b4 0207 

  0x000001ee36283dcc: ;   {post_call_nop}
  0x000001ee36283dcc: 0f1f 8400 | c422 0014 | 4881 c420 | 0100 005d 

  0x000001ee36283ddc: ;   {poll_return}
  0x000001ee36283ddc: 493b 6728 | 0f87 4105 | 0000 c348 | 81c4 2001 

  0x000001ee36283dec: ;   {poll_return}
  0x000001ee36283dec: 0000 5d49 | 3b67 280f | 8744 0500 

  0x000001ee36283df8: ;   {metadata({method} {0x000001ee53c74178} 'shape' '(Lcom/sun/javafx/text/TextRun;[CLcom/sun/javafx/text/GlyphLayout;)V' in 'com/sun/javafx/text/PrismTextLayout')}
  0x000001ee36283df8: 00c3 49ba | 7041 c753 | ee01 0000 | 4c89 5424 | 0848 c704 | 24ff ffff 

  0x000001ee36283e10: ;   {runtime_call C1 Runtime counter_overflow_blob}
  0x000001ee36283e10: ffe8 4abd 

  0x000001ee36283e14: ; ImmutableOopMap {rdx=Oop r8=Oop r9=Oop rdi=Oop [120]=Oop [128]=Oop }
                      ;*synchronization entry
                      ; - com.sun.javafx.text.PrismTextLayout::shape@-1 (line 829)
  0x000001ee36283e14: 1007 e998 

  0x000001ee36283e18: ;   {runtime_call C1 Runtime throw_null_pointer_exception_blob}
  0x000001ee36283e18: deff ffe8 

  0x000001ee36283e1c: ; ImmutableOopMap {rdx=Oop r8=Oop r9=Oop rdi=Oop [120]=Oop [128]=Oop }
                      ;*arraylength {reexecute=0 rethrow=0 return_oop=0}
                      ; - com.sun.javafx.text.PrismTextLayout::shape@11 (line 830)
  0x000001ee36283e1c: 403e 1007 

  0x000001ee36283e20: ;   {runtime_call C1 Runtime throw_null_pointer_exception_blob}
  0x000001ee36283e20: e83b 3e10 

  0x000001ee36283e24: ; ImmutableOopMap {r8=Oop [120]=Oop [128]=Oop [136]=Oop [144]=Oop }
                      ;*invokevirtual getTextSpan {reexecute=0 rethrow=0 return_oop=0}
                      ; - com.sun.javafx.text.PrismTextLayout::shape@17 (line 831)
                      ;   {runtime_call C1 Runtime throw_null_pointer_exception_blob}
  0x000001ee36283e24: 07e8 363e 

  0x000001ee36283e28: ; ImmutableOopMap {r8=Oop rsi=Oop [112]=Oop [120]=Oop [128]=Oop [136]=Oop [144]=Oop }
                      ;*invokeinterface getFont {reexecute=0 rethrow=0 return_oop=0}
                      ; - com.sun.javafx.text.PrismTextLayout::shape@24 (line 832)
  0x000001ee36283e28: 1007 4889 

  0x000001ee36283e2c: ;   {runtime_call C1 Runtime throw_class_cast_exception_blob}
  0x000001ee36283e2c: 0424 e82d 

  0x000001ee36283e30: ; ImmutableOopMap {[112]=Oop [120]=Oop [128]=Oop [136]=Oop [144]=Oop }
                      ;*checkcast {reexecute=0 rethrow=0 return_oop=0}
                      ; - com.sun.javafx.text.PrismTextLayout::shape@29 (line 832)
                      ;   {runtime_call C1 Runtime throw_null_pointer_exception_blob}
  0x000001ee36283e30: 6610 07e8 

  0x000001ee36283e34: ; ImmutableOopMap {rax=Oop [128]=Oop [152]=Oop }
                      ;*invokevirtual length {reexecute=0 rethrow=0 return_oop=0}
                      ; - com.sun.javafx.text.PrismTextLayout::shape@58 (line 835)
  0x000001ee36283e34: 283e 1007 

  0x000001ee36283e38: ;   {metadata({method} {0x000000003a187d60} 'length' '()I' in 'java/lang/String')}
  0x000001ee36283e38: 49ba 587d | 183a 0000 | 0000 4c89 | 5424 0848 | c704 24ff 

  0x000001ee36283e4c: ;   {runtime_call C1 Runtime counter_overflow_blob}
  0x000001ee36283e4c: ffff ffe8 

  0x000001ee36283e50: ; ImmutableOopMap {rax=Oop [128]=Oop [152]=Oop }
                      ;*synchronization entry
                      ; - java.lang.String::length@-1 (line 1583)
                      ; - com.sun.javafx.text.PrismTextLayout::shape@58 (line 835)
  0x000001ee36283e50: 0cbd 1007 | e9c7 e2ff 

  0x000001ee36283e58: ;   {runtime_call C1 Runtime throw_null_pointer_exception_blob}
  0x000001ee36283e58: ffe8 023e 

  0x000001ee36283e5c: ; ImmutableOopMap {rax=Oop [128]=Oop [152]=Oop }
                      ;*arraylength {reexecute=0 rethrow=0 return_oop=0}
                      ; - java.lang.String::length@4 (line 1583)
                      ; - com.sun.javafx.text.PrismTextLayout::shape@58 (line 835)
                      ;   {metadata({method} {0x000000003a4adaf8} 'coder' '()B' in 'java/lang/String')}
  0x000001ee36283e5c: 1007 49ba | f0da 4a3a | 0000 0000 | 4c89 5424 | 0848 c704 | 24ff ffff 

  0x000001ee36283e74: ;   {runtime_call C1 Runtime counter_overflow_blob}
  0x000001ee36283e74: ffe8 e6bc 

  0x000001ee36283e78: ; ImmutableOopMap {rax=Oop [128]=Oop [152]=Oop }
                      ;*synchronization entry
                      ; - java.lang.String::coder@-1 (line 4885)
                      ; - java.lang.String::length@6 (line 1583)
                      ; - com.sun.javafx.text.PrismTextLayout::shape@58 (line 835)
  0x000001ee36283e78: 1007 e966 

  0x000001ee36283e7c: ;   {runtime_call C1 Runtime throw_incompatible_class_change_error_blob}
  0x000001ee36283e7c: e3ff ffe8 

  0x000001ee36283e80: ; ImmutableOopMap {rsi=Oop [120]=Oop [128]=Oop [136]=Oop [144]=Oop }
                      ;*invokeinterface getStrike {reexecute=0 rethrow=0 return_oop=0}
                      ; - com.sun.javafx.text.PrismTextLayout::shape@70 (line 838)
  0x000001ee36283e80: dc68 1007 

  0x000001ee36283e84: ;   {runtime_call C1 Runtime throw_null_pointer_exception_blob}
  0x000001ee36283e84: e8d7 3d10 

  0x000001ee36283e88: ; ImmutableOopMap {rsi=Oop [120]=Oop [128]=Oop [136]=Oop [144]=Oop }
                      ;*invokeinterface getStrike {reexecute=0 rethrow=0 return_oop=0}
                      ; - com.sun.javafx.text.PrismTextLayout::shape@70 (line 838)
                      ;   {metadata({method} {0x000001ee53863d88} 'getStrike' '(Lcom/sun/javafx/geom/transform/BaseTransform;)Lcom/sun/javafx/font/FontStrike;' in 'com/sun/javafx/font/PrismFont')}
  0x000001ee36283e88: 0749 ba80 | 3d86 53ee | 0100 004c | 8954 2408 | 48c7 0424 | ffff ffff 

  0x000001ee36283ea0: ;   {runtime_call C1 Runtime counter_overflow_blob}
  0x000001ee36283ea0: e8bb bc10 

  0x000001ee36283ea4: ; ImmutableOopMap {rsi=Oop [120]=Oop [128]=Oop [136]=Oop [144]=Oop }
                      ;*synchronization entry
                      ; - com.sun.javafx.font.PrismFont::getStrike@-1 (line 79)
                      ; - com.sun.javafx.text.PrismTextLayout::shape@70 (line 838)
  0x000001ee36283ea4: 07e9 e8e3 

  0x000001ee36283ea8: ;   {runtime_call C1 Runtime throw_null_pointer_exception_blob}
  0x000001ee36283ea8: ffff e8b1 

  0x000001ee36283eac: ; ImmutableOopMap {rsi=Oop rdx=Oop [120]=Oop [128]=Oop [136]=Oop [144]=Oop }
                      ;*invokeinterface getStrike {reexecute=0 rethrow=0 return_oop=0}
                      ; - com.sun.javafx.font.PrismFont::getStrike@9 (line 79)
                      ; - com.sun.javafx.text.PrismTextLayout::shape@70 (line 838)
                      ;   {runtime_call C1 Runtime throw_null_pointer_exception_blob}
  0x000001ee36283eac: 3d10 07e8 

  0x000001ee36283eb0: ; ImmutableOopMap {rdx=Oop rsi=Oop rax=Oop r8=Oop [120]=Oop [128]=Oop [136]=Oop [144]=Oop }
                      ;*invokevirtual getAscent {reexecute=0 rethrow=0 return_oop=0}
                      ; - com.sun.javafx.text.PrismTextLayout::shape@93 (line 845)
  0x000001ee36283eb0: ac3d 1007 

  0x000001ee36283eb4: ;   {runtime_call C1 Runtime throw_null_pointer_exception_blob}
  0x000001ee36283eb4: e8a7 3d10 

  0x000001ee36283eb8: ; ImmutableOopMap {rax=Oop [120]=Oop [128]=Oop [136]=Oop [144]=Oop [168]=Oop }
                      ;*invokeinterface getMetrics {reexecute=0 rethrow=0 return_oop=0}
                      ; - com.sun.javafx.text.PrismTextLayout::shape@103 (line 846)
                      ;   {runtime_call C1 Runtime throw_incompatible_class_change_error_blob}
  0x000001ee36283eb8: 07e8 a268 

  0x000001ee36283ebc: ; ImmutableOopMap {rax=Oop rsi=Oop [120]=Oop [128]=Oop [136]=Oop [144]=Oop [176]=Oop [184]=Oop }
                      ;*invokeinterface getAscent {reexecute=0 rethrow=0 return_oop=0}
                      ; - com.sun.javafx.text.PrismTextLayout::shape@126 (line 853)
                      ;   {runtime_call C1 Runtime throw_null_pointer_exception_blob}
  0x000001ee36283ebc: 1007 e89d 

  0x000001ee36283ec0: ; ImmutableOopMap {rax=Oop rsi=Oop [120]=Oop [128]=Oop [136]=Oop [144]=Oop [176]=Oop [184]=Oop }
                      ;*invokeinterface getAscent {reexecute=0 rethrow=0 return_oop=0}
                      ; - com.sun.javafx.text.PrismTextLayout::shape@126 (line 853)
                      ;   {runtime_call C1 Runtime throw_incompatible_class_change_error_blob}
  0x000001ee36283ec0: 3d10 07e8 

  0x000001ee36283ec4: ; ImmutableOopMap {rax=Oop rsi=Oop [120]=Oop [128]=Oop [136]=Oop [144]=Oop [176]=Oop [184]=Oop }
                      ;*invokeinterface getFamilyName {reexecute=0 rethrow=0 return_oop=0}
                      ; - com.sun.javafx.text.PrismTextLayout::shape@135 (line 859)
  0x000001ee36283ec4: 9868 1007 

  0x000001ee36283ec8: ;   {runtime_call C1 Runtime throw_null_pointer_exception_blob}
  0x000001ee36283ec8: e893 3d10 

  0x000001ee36283ecc: ; ImmutableOopMap {rax=Oop rsi=Oop [120]=Oop [128]=Oop [136]=Oop [144]=Oop [176]=Oop [184]=Oop }
                      ;*invokeinterface getFamilyName {reexecute=0 rethrow=0 return_oop=0}
                      ; - com.sun.javafx.text.PrismTextLayout::shape@135 (line 859)
                      ;   {metadata({method} {0x000001ee53863a60} 'getFamilyName' '()Ljava/lang/String;' in 'com/sun/javafx/font/PrismFont')}
  0x000001ee36283ecc: 0749 ba58 | 3a86 53ee | 0100 004c | 8954 2408 | 48c7 0424 | ffff ffff 

  0x000001ee36283ee4: ;   {runtime_call C1 Runtime counter_overflow_blob}
  0x000001ee36283ee4: e877 bc10 

  0x000001ee36283ee8: ; ImmutableOopMap {rax=Oop rsi=Oop [120]=Oop [128]=Oop [136]=Oop [144]=Oop [176]=Oop [184]=Oop }
                      ;*synchronization entry
                      ; - com.sun.javafx.font.PrismFont::getFamilyName@-1 (line 51)
                      ; - com.sun.javafx.text.PrismTextLayout::shape@135 (line 859)
  0x000001ee36283ee8: 07e9 08e7 

  0x000001ee36283eec: ;   {runtime_call C1 Runtime throw_null_pointer_exception_blob}
  0x000001ee36283eec: ffff e86d 

  0x000001ee36283ef0: ; ImmutableOopMap {rax=Oop rsi=Oop rdi=Oop [120]=Oop [128]=Oop [136]=Oop [144]=Oop [176]=Oop [184]=Oop }
                      ;*invokeinterface getFamilyName {reexecute=0 rethrow=0 return_oop=0}
                      ; - com.sun.javafx.font.PrismFont::getFamilyName@4 (line 51)
                      ; - com.sun.javafx.text.PrismTextLayout::shape@135 (line 859)
                      ;   {runtime_call C1 Runtime throw_null_pointer_exception_blob}
  0x000001ee36283ef0: 3d10 07e8 

  0x000001ee36283ef4: ; ImmutableOopMap {rax=Oop [120]=Oop [128]=Oop [136]=Oop [144]=Oop [168]=Oop [176]=Oop [184]=Oop }
                      ;*invokevirtual equals {reexecute=0 rethrow=0 return_oop=0}
                      ; - com.sun.javafx.text.PrismTextLayout::shape@143 (line 859)
  0x000001ee36283ef4: 683d 1007 

  0x000001ee36283ef8: ;   {runtime_call C1 Runtime throw_incompatible_class_change_error_blob}
  0x000001ee36283ef8: e863 6810 

  0x000001ee36283efc: ; ImmutableOopMap {rax=Oop [120]=Oop [128]=Oop [136]=Oop [144]=Oop [168]=Oop [176]=Oop [184]=Oop }
                      ;*invokeinterface getDescent {reexecute=0 rethrow=0 return_oop=0}
                      ; - com.sun.javafx.text.PrismTextLayout::shape@172 (line 863)
                      ;   {runtime_call C1 Runtime throw_incompatible_class_change_error_blob}
  0x000001ee36283efc: 07e8 5e68 

  0x000001ee36283f00: ; ImmutableOopMap {rax=Oop [120]=Oop [128]=Oop [136]=Oop [144]=Oop [168]=Oop [176]=Oop [184]=Oop }
                      ;*invokeinterface getLineGap {reexecute=0 rethrow=0 return_oop=0}
                      ; - com.sun.javafx.text.PrismTextLayout::shape@188 (line 864)
                      ;   {runtime_call C1 Runtime throw_incompatible_class_change_error_blob}
  0x000001ee36283f00: 1007 e859 

  0x000001ee36283f04: ; ImmutableOopMap {rax=Oop [120]=Oop [128]=Oop [136]=Oop [144]=Oop [168]=Oop [176]=Oop [184]=Oop }
                      ;*invokeinterface getCapHeight {reexecute=0 rethrow=0 return_oop=0}
                      ; - com.sun.javafx.text.PrismTextLayout::shape@204 (line 865)
                      ;   {metadata({method} {0x000001ee5405ddc8} 'getCapHeight' '()F' in 'com/sun/javafx/font/PrismMetrics')}
  0x000001ee36283f04: 6810 0749 | bac0 dd05 | 54ee 0100 | 004c 8954 | 2408 48c7 | 0424 ffff 

  0x000001ee36283f1c: ;   {runtime_call C1 Runtime counter_overflow_blob}
  0x000001ee36283f1c: ffff e83d 

  0x000001ee36283f20: ; ImmutableOopMap {rax=Oop [120]=Oop [128]=Oop [136]=Oop [144]=Oop [168]=Oop [176]=Oop [184]=Oop }
                      ;*synchronization entry
                      ; - com.sun.javafx.font.PrismMetrics::getCapHeight@-1 (line 102)
                      ; - com.sun.javafx.text.PrismTextLayout::shape@204 (line 865)
  0x000001ee36283f20: bc10 07e9 | 13ea ffff 

  0x000001ee36283f28: ;   {metadata({method} {0x000001ee5405db28} 'checkStyleMetrics' '()V' in 'com/sun/javafx/font/PrismMetrics')}
  0x000001ee36283f28: 49ba 20db | 0554 ee01 | 0000 4c89 | 5424 0848 | c704 24ff 

  0x000001ee36283f3c: ;   {runtime_call C1 Runtime counter_overflow_blob}
  0x000001ee36283f3c: ffff ffe8 

  0x000001ee36283f40: ; ImmutableOopMap {rax=Oop [120]=Oop [128]=Oop [136]=Oop [144]=Oop [168]=Oop [176]=Oop [184]=Oop }
                      ;*synchronization entry
                      ; - com.sun.javafx.font.PrismMetrics::checkStyleMetrics@-1 (line 77)
                      ; - com.sun.javafx.font.PrismMetrics::getCapHeight@1 (line 102)
                      ; - com.sun.javafx.text.PrismTextLayout::shape@204 (line 865)
  0x000001ee36283f40: 1cbc 1007 | e92e eaff 

  0x000001ee36283f48: ;   {runtime_call C1 Runtime throw_null_pointer_exception_blob}
  0x000001ee36283f48: ffe8 123d 

  0x000001ee36283f4c: ; ImmutableOopMap {rax=Oop rdx=Oop [120]=Oop [128]=Oop [136]=Oop [144]=Oop [168]=Oop [176]=Oop [184]=Oop }
                      ;*invokevirtual getStyleMetrics {reexecute=0 rethrow=0 return_oop=0}
                      ; - com.sun.javafx.font.PrismMetrics::checkStyleMetrics@16 (line 78)
                      ; - com.sun.javafx.font.PrismMetrics::getCapHeight@1 (line 102)
                      ; - com.sun.javafx.text.PrismTextLayout::shape@204 (line 865)
  0x000001ee36283f4c: 1007 8b72 | 2048 c1e6 | 0348 83fe | 000f 8432 | ebff ff48 

  0x000001ee36283f60: ;   {runtime_call g1_pre_barrier_slow}
  0x000001ee36283f60: 8934 24e8 | f8c2 1007 | e924 ebff | ff48 83f8 | 000f 8439 | ebff ff48 

  0x000001ee36283f78: ;   {runtime_call g1_post_barrier_slow}
  0x000001ee36283f78: 8914 24e8 | e0c5 1007 | e92b ebff 

  0x000001ee36283f84: ;   {runtime_call C1 Runtime throw_null_pointer_exception_blob}
  0x000001ee36283f84: ffe8 d63c 

  0x000001ee36283f88: ; ImmutableOopMap {rdx=Oop [120]=Oop [128]=Oop [136]=Oop [144]=Oop [168]=Oop [176]=Oop }
                      ;*faload {reexecute=0 rethrow=0 return_oop=0}
                      ; - com.sun.javafx.font.PrismMetrics::getCapHeight@9 (line 103)
                      ; - com.sun.javafx.text.PrismTextLayout::shape@204 (line 865)
                      ;   {runtime_call C1 Runtime throw_null_pointer_exception_blob}
  0x000001ee36283f88: 1007 e8d1 

  0x000001ee36283f8c: ; ImmutableOopMap {rdx=Oop [120]=Oop [128]=Oop [136]=Oop [144]=Oop [168]=Oop [176]=Oop }
                      ;*faload {reexecute=0 rethrow=0 return_oop=0}
                      ; - com.sun.javafx.font.PrismMetrics::getCapHeight@9 (line 103)
                      ; - com.sun.javafx.text.PrismTextLayout::shape@204 (line 865)
  0x000001ee36283f8c: 3c10 0748 | c704 2401 | 0000 0048 | 8954 2408 

  0x000001ee36283f9c: ;   {runtime_call C1 Runtime throw_range_check_failed_blob}
  0x000001ee36283f9c: e8bf 3310 

  0x000001ee36283fa0: ; ImmutableOopMap {rdx=Oop [120]=Oop [128]=Oop [136]=Oop [144]=Oop [168]=Oop [176]=Oop }
                      ;*faload {reexecute=0 rethrow=0 return_oop=0}
                      ; - com.sun.javafx.font.PrismMetrics::getCapHeight@9 (line 103)
                      ; - com.sun.javafx.text.PrismTextLayout::shape@204 (line 865)
                      ;   {metadata({method} {0x000001ee54052818} 'setMetrics' '(FFF)V' in 'com/sun/javafx/text/TextRun')}
  0x000001ee36283fa0: 0749 ba10 | 2805 54ee | 0100 004c | 8954 2408 | 48c7 0424 | ffff ffff 

  0x000001ee36283fb8: ;   {runtime_call C1 Runtime counter_overflow_blob}
  0x000001ee36283fb8: e8a3 bb10 

  0x000001ee36283fbc: ; ImmutableOopMap {r8=Oop [120]=Oop [128]=Oop [136]=Oop [144]=Oop [168]=Oop [176]=Oop }
                      ;*synchronization entry
                      ; - com.sun.javafx.text.TextRun::setMetrics@-1 (line 205)
                      ; - com.sun.javafx.text.PrismTextLayout::shape@258 (line 872)
  0x000001ee36283fbc: 07e9 29ec 

  0x000001ee36283fc0: ;   {runtime_call C1 Runtime throw_incompatible_class_change_error_blob}
  0x000001ee36283fc0: ffff e899 

  0x000001ee36283fc4: ; ImmutableOopMap {r8=Oop rdx=Oop [120]=Oop [128]=Oop [136]=Oop [144]=Oop [168]=Oop [176]=Oop [184]=Oop }
                      ;*invokeinterface getAscent {reexecute=0 rethrow=0 return_oop=0}
                      ; - com.sun.javafx.text.PrismTextLayout::shape@267 (line 874)
                      ;   {runtime_call C1 Runtime throw_null_pointer_exception_blob}
  0x000001ee36283fc4: 6710 07e8 

  0x000001ee36283fc8: ; ImmutableOopMap {r8=Oop rdx=Oop [120]=Oop [128]=Oop [136]=Oop [144]=Oop [168]=Oop [176]=Oop [184]=Oop }
                      ;*invokeinterface getAscent {reexecute=0 rethrow=0 return_oop=0}
                      ; - com.sun.javafx.text.PrismTextLayout::shape@267 (line 874)
  0x000001ee36283fc8: 943c 1007 

  0x000001ee36283fcc: ;   {runtime_call C1 Runtime throw_incompatible_class_change_error_blob}
  0x000001ee36283fcc: e88f 6710 

  0x000001ee36283fd0: ; ImmutableOopMap {r8=Oop rdx=Oop [120]=Oop [128]=Oop [136]=Oop [144]=Oop [168]=Oop [176]=Oop [184]=Oop }
                      ;*invokeinterface getDescent {reexecute=0 rethrow=0 return_oop=0}
                      ; - com.sun.javafx.text.PrismTextLayout::shape@274 (line 874)
                      ;   {runtime_call C1 Runtime throw_incompatible_class_change_error_blob}
  0x000001ee36283fd0: 07e8 8a67 

  0x000001ee36283fd4: ; ImmutableOopMap {r8=Oop rdx=Oop [120]=Oop [128]=Oop [136]=Oop [144]=Oop [168]=Oop [176]=Oop [184]=Oop }
                      ;*invokeinterface getLineGap {reexecute=0 rethrow=0 return_oop=0}
                      ; - com.sun.javafx.text.PrismTextLayout::shape@281 (line 874)
                      ;   {metadata({method} {0x000001ee54052818} 'setMetrics' '(FFF)V' in 'com/sun/javafx/text/TextRun')}
  0x000001ee36283fd4: 1007 49ba | 1028 0554 | ee01 0000 | 4c89 5424 | 0848 c704 | 24ff ffff 

  0x000001ee36283fec: ;   {runtime_call C1 Runtime counter_overflow_blob}
  0x000001ee36283fec: ffe8 6ebb 

  0x000001ee36283ff0: ; ImmutableOopMap {r8=Oop [120]=Oop [128]=Oop [136]=Oop [144]=Oop [168]=Oop [176]=Oop }
                      ;*synchronization entry
                      ; - com.sun.javafx.text.TextRun::setMetrics@-1 (line 205)
                      ; - com.sun.javafx.text.PrismTextLayout::shape@286 (line 874)
  0x000001ee36283ff0: 1007 e946 

  0x000001ee36283ff4: ;   {metadata({method} {0x000001ee54057db8} 'isTab' '()Z' in 'com/sun/javafx/text/TextRun')}
  0x000001ee36283ff4: edff ff49 | bab0 7d05 | 54ee 0100 | 004c 8954 | 2408 48c7 | 0424 ffff 

  0x000001ee3628400c: ;   {runtime_call C1 Runtime counter_overflow_blob}
  0x000001ee3628400c: ffff e84d 

  0x000001ee36284010: ; ImmutableOopMap {r8=Oop [120]=Oop [128]=Oop [136]=Oop [144]=Oop [168]=Oop [176]=Oop }
                      ;*synchronization entry
                      ; - com.sun.javafx.text.TextRun::isTab@-1 (line 134)
                      ; - com.sun.javafx.text.PrismTextLayout::shape@290 (line 878)
  0x000001ee36284010: bb10 07e9 | 73ed ffff 

  0x000001ee36284018: ;   {metadata({method} {0x000001ee54057ad8} 'isLinebreak' '()Z' in 'com/sun/javafx/text/TextRun')}
  0x000001ee36284018: 49ba d07a | 0554 ee01 | 0000 4c89 | 5424 0848 | c704 24ff 

  0x000001ee3628402c: ;   {runtime_call C1 Runtime counter_overflow_blob}
  0x000001ee3628402c: ffff ffe8 

  0x000001ee36284030: ; ImmutableOopMap {r8=Oop [120]=Oop [128]=Oop [136]=Oop [144]=Oop [168]=Oop [176]=Oop }
                      ;*synchronization entry
                      ; - com.sun.javafx.text.TextRun::isLinebreak@-1 (line 118)
                      ; - com.sun.javafx.text.PrismTextLayout::shape@298 (line 879)
  0x000001ee36284030: 2cbb 1007 | e90e eeff 

  0x000001ee36284038: ;   {metadata({method} {0x000001ee54052210} 'isComplex' '()Z' in 'com/sun/javafx/text/TextRun')}
  0x000001ee36284038: ff49 ba08 | 2205 54ee | 0100 004c | 8954 2408 | 48c7 0424 | ffff ffff 

  0x000001ee36284050: ;   {runtime_call C1 Runtime counter_overflow_blob}
  0x000001ee36284050: e80b bb10 

  0x000001ee36284054: ; ImmutableOopMap {r8=Oop [120]=Oop [128]=Oop [136]=Oop [144]=Oop [168]=Oop [176]=Oop }
                      ;*synchronization entry
                      ; - com.sun.javafx.text.TextRun::isComplex@-1 (line 158)
                      ; - com.sun.javafx.text.PrismTextLayout::shape@314 (line 881)
  0x000001ee36284054: 07e9 e8ee 

  0x000001ee36284058: ;   {runtime_call C1 Runtime throw_null_pointer_exception_blob}
  0x000001ee36284058: ffff e801 

  0x000001ee3628405c: ; ImmutableOopMap {rax=Oop [120]=Oop [128]=Oop [136]=Oop }
                      ;*invokeinterface getFontResource {reexecute=0 rethrow=0 return_oop=0}
                      ; - com.sun.javafx.text.PrismTextLayout::shape@335 (line 885)
                      ;   {runtime_call C1 Runtime throw_null_pointer_exception_blob}
  0x000001ee3628405c: 3c10 07e8 

  0x000001ee36284060: ; ImmutableOopMap {rax=Oop [128]=Oop [136]=Oop [192]=Oop }
                      ;*invokeinterface getGlyphMapper {reexecute=0 rethrow=0 return_oop=0}
                      ; - com.sun.javafx.text.PrismTextLayout::shape@372 (line 892)
  0x000001ee36284060: fc3b 1007 

  0x000001ee36284064: ;   {runtime_call C1 Runtime new_type_array_blob}
  0x000001ee36284064: e8f7 4c10 

  0x000001ee36284068: ; ImmutableOopMap {r11=Oop [128]=Oop [136]=Oop [192]=Oop }
                      ;*newarray {reexecute=0 rethrow=0 return_oop=0}
                      ; - com.sun.javafx.text.PrismTextLayout::shape@381 (line 895)
  0x000001ee36284068: 07e9 a3f2 

  0x000001ee3628406c: ;   {runtime_call C1 Runtime throw_null_pointer_exception_blob}
  0x000001ee3628406c: ffff e8ed 

  0x000001ee36284070: ; ImmutableOopMap {r11=Oop rax=Oop [128]=Oop [136]=Oop [192]=Oop [208]=Oop }
                      ;*invokevirtual charsToGlyphs {reexecute=0 rethrow=0 return_oop=0}
                      ; - com.sun.javafx.text.PrismTextLayout::shape@394 (line 896)
                      ;   {runtime_call C1 Runtime new_type_array_blob}
  0x000001ee36284070: 3b10 07e8 

  0x000001ee36284074: ; ImmutableOopMap {[128]=Oop [192]=Oop [208]=Oop }
                      ;*newarray {reexecute=0 rethrow=0 return_oop=0}
                      ; - com.sun.javafx.text.PrismTextLayout::shape@403 (line 897)
  0x000001ee36284074: e84c 1007 | e9f0 f3ff | ff48 8934 | 2448 8944 

  0x000001ee36284084: ;   {runtime_call C1 Runtime throw_range_check_failed_blob}
  0x000001ee36284084: 2408 e8d5 

  0x000001ee36284088: ; ImmutableOopMap {rax=Oop rbx=Oop [128]=Oop [192]=Oop [208]=Oop [224]=Oop }
                      ;*iaload {reexecute=0 rethrow=0 return_oop=0}
                      ; - com.sun.javafx.text.PrismTextLayout::shape@426 (line 900)
  0x000001ee36284088: 3210 0748 | 8934 2448 | 8944 2408 

  0x000001ee36284094: ;   {runtime_call C1 Runtime throw_range_check_failed_blob}
  0x000001ee36284094: e8c7 3210 

  0x000001ee36284098: ; ImmutableOopMap {rax=Oop [128]=Oop [192]=Oop [208]=Oop [224]=Oop }
                      ;*fastore {reexecute=0 rethrow=0 return_oop=0}
                      ; - com.sun.javafx.text.PrismTextLayout::shape@444 (line 901)
                      ;   {metadata({method} {0x000001ee53c74178} 'shape' '(Lcom/sun/javafx/text/TextRun;[CLcom/sun/javafx/text/GlyphLayout;)V' in 'com/sun/javafx/text/PrismTextLayout')}
  0x000001ee36284098: 0749 ba70 | 41c7 53ee | 0100 004c | 8954 2408 | 48c7 0424 | c701 0000 

  0x000001ee362840b0: ;   {runtime_call C1 Runtime counter_overflow_blob}
  0x000001ee362840b0: e8ab ba10 

  0x000001ee362840b4: ; ImmutableOopMap {rax=Oop [128]=Oop [192]=Oop [208]=Oop [224]=Oop }
                      ;*goto {reexecute=1 rethrow=0 return_oop=0}
                      ; - (reexecute) com.sun.javafx.text.PrismTextLayout::shape@455 (line 899)
  0x000001ee362840b4: 07e9 faf4 

  0x000001ee362840b8: ;   {runtime_call C1 Runtime throw_null_pointer_exception_blob}
  0x000001ee362840b8: ffff e8a1 

  0x000001ee362840bc: ; ImmutableOopMap {rdx=Oop [120]=Oop [128]=Oop [136]=Oop [176]=Oop [192]=Oop }
                      ;*getfield valid {reexecute=1 rethrow=0 return_oop=0}
                      ; - (reexecute) com.sun.javafx.text.PrismTextLayout::shape@485 (line 911)
                      ;   {runtime_call C1 Runtime throw_null_pointer_exception_blob}
  0x000001ee362840bc: 3b10 07e8 

  0x000001ee362840c0: ; ImmutableOopMap {rax=Oop [120]=Oop [128]=Oop [136]=Oop [192]=Oop }
                      ;*invokeinterface getGlyphMapper {reexecute=0 rethrow=0 return_oop=0}
                      ; - com.sun.javafx.text.PrismTextLayout::shape@502 (line 913)
  0x000001ee362840c0: 9c3b 1007 

  0x000001ee362840c4: ;   {runtime_call C1 Runtime throw_null_pointer_exception_blob}
  0x000001ee362840c4: e897 3b10 

  0x000001ee362840c8: ; ImmutableOopMap {rax=Oop rdx=Oop [120]=Oop [128]=Oop [136]=Oop [192]=Oop }
                      ;*getfield glyphs {reexecute=1 rethrow=0 return_oop=0}
                      ; - (reexecute) com.sun.javafx.text.PrismTextLayout::shape@520 (line 914)
                      ;   {runtime_call C1 Runtime throw_null_pointer_exception_blob}
  0x000001ee362840c8: 07e8 923b 

  0x000001ee362840cc: ; ImmutableOopMap {rax=Oop rdx=Oop rsi=Oop [120]=Oop [128]=Oop [136]=Oop [192]=Oop }
                      ;*invokevirtual charsToGlyphs {reexecute=0 rethrow=0 return_oop=0}
                      ; - com.sun.javafx.text.PrismTextLayout::shape@525 (line 914)
                      ;   {runtime_call C1 Runtime throw_null_pointer_exception_blob}
  0x000001ee362840cc: 1007 e88d 

  0x000001ee362840d0: ; ImmutableOopMap {rdx=Oop rax=Oop [120]=Oop [128]=Oop [192]=Oop }
                      ;*getfield glyphs {reexecute=1 rethrow=0 return_oop=0}
                      ; - (reexecute) com.sun.javafx.text.PrismTextLayout::shape@555 (line 918)
                      ;   {runtime_call C1 Runtime throw_null_pointer_exception_blob}
  0x000001ee362840d0: 3b10 07e8 

  0x000001ee362840d4: ; ImmutableOopMap {rdx=Oop rax=Oop r8=Oop [120]=Oop [128]=Oop [192]=Oop }
                      ;*iaload {reexecute=0 rethrow=0 return_oop=0}
                      ; - com.sun.javafx.text.PrismTextLayout::shape@560 (line 918)
  0x000001ee362840d4: 883b 1007 

  0x000001ee362840d8: ;   {runtime_call C1 Runtime throw_null_pointer_exception_blob}
  0x000001ee362840d8: e883 3b10 

  0x000001ee362840dc: ; ImmutableOopMap {rdx=Oop rax=Oop r8=Oop [120]=Oop [128]=Oop [192]=Oop }
                      ;*iaload {reexecute=0 rethrow=0 return_oop=0}
                      ; - com.sun.javafx.text.PrismTextLayout::shape@560 (line 918)
  0x000001ee362840dc: 0748 893c | 244c 8944 

  0x000001ee362840e4: ;   {runtime_call C1 Runtime throw_range_check_failed_blob}
  0x000001ee362840e4: 2408 e875 

  0x000001ee362840e8: ; ImmutableOopMap {rdx=Oop rax=Oop r8=Oop [120]=Oop [128]=Oop [192]=Oop }
                      ;*iaload {reexecute=0 rethrow=0 return_oop=0}
                      ; - com.sun.javafx.text.PrismTextLayout::shape@560 (line 918)
                      ;   {runtime_call C1 Runtime throw_null_pointer_exception_blob}
  0x000001ee362840e8: 3210 07e8 

  0x000001ee362840ec: ; ImmutableOopMap {rdx=Oop [120]=Oop [128]=Oop [192]=Oop }
                      ;*getfield advances {reexecute=1 rethrow=0 return_oop=0}
                      ; - (reexecute) com.sun.javafx.text.PrismTextLayout::shape@574 (line 919)
  0x000001ee362840ec: 703b 1007 

  0x000001ee362840f0: ;   {runtime_call C1 Runtime throw_null_pointer_exception_blob}
  0x000001ee362840f0: e86b 3b10 

  0x000001ee362840f4: ; ImmutableOopMap {rdx=Oop r8=Oop [120]=Oop [128]=Oop [192]=Oop }
                      ;*fastore {reexecute=0 rethrow=0 return_oop=0}
                      ; - com.sun.javafx.text.PrismTextLayout::shape@581 (line 919)
                      ;   {runtime_call C1 Runtime throw_null_pointer_exception_blob}
  0x000001ee362840f4: 07e8 663b 

  0x000001ee362840f8: ; ImmutableOopMap {rdx=Oop r8=Oop [120]=Oop [128]=Oop [192]=Oop }
                      ;*fastore {reexecute=0 rethrow=0 return_oop=0}
                      ; - com.sun.javafx.text.PrismTextLayout::shape@581 (line 919)
  0x000001ee362840f8: 1007 4889 | 3c24 4c89 

  0x000001ee36284100: ;   {runtime_call C1 Runtime throw_range_check_failed_blob}
  0x000001ee36284100: 4424 08e8 

  0x000001ee36284104: ; ImmutableOopMap {rdx=Oop r8=Oop [120]=Oop [128]=Oop [192]=Oop }
                      ;*fastore {reexecute=0 rethrow=0 return_oop=0}
                      ; - com.sun.javafx.text.PrismTextLayout::shape@581 (line 919)
  0x000001ee36284104: 5832 1007 

  0x000001ee36284108: ;   {metadata({method} {0x000001ee53c74178} 'shape' '(Lcom/sun/javafx/text/TextRun;[CLcom/sun/javafx/text/GlyphLayout;)V' in 'com/sun/javafx/text/PrismTextLayout')}
  0x000001ee36284108: 49ba 7041 | c753 ee01 | 0000 4c89 | 5424 0848 | c704 2450 

  0x000001ee3628411c: ;   {runtime_call C1 Runtime counter_overflow_blob}
  0x000001ee3628411c: 0200 00e8 

  0x000001ee36284120: ; ImmutableOopMap {rdx=Oop [120]=Oop [128]=Oop [192]=Oop }
                      ;*goto {reexecute=1 rethrow=0 return_oop=0}
                      ; - (reexecute) com.sun.javafx.text.PrismTextLayout::shape@592 (line 917)
  0x000001ee36284120: 3cba 1007 | e922 f9ff 

  0x000001ee36284128: ;   {runtime_call C1 Runtime throw_null_pointer_exception_blob}
  0x000001ee36284128: ffe8 323b 

  0x000001ee3628412c: ; ImmutableOopMap {rdi=Oop r9=Oop [128]=Oop }
                      ;*getfield glyphs {reexecute=1 rethrow=0 return_oop=0}
                      ; - (reexecute) com.sun.javafx.text.PrismTextLayout::shape@608 (line 924)
                      ;   {metadata({method} {0x000001ee540536b0} 'shape' '(I[I[F)V' in 'com/sun/javafx/text/TextRun')}
  0x000001ee3628412c: 1007 49ba | a836 0554 | ee01 0000 | 4c89 5424 | 0848 c704 | 24ff ffff 

  0x000001ee36284144: ;   {runtime_call C1 Runtime counter_overflow_blob}
  0x000001ee36284144: ffe8 16ba 

  0x000001ee36284148: ; ImmutableOopMap {rdi=Oop rsi=Oop r9=Oop [128]=Oop }
                      ;*synchronization entry
                      ; - com.sun.javafx.text.TextRun::shape@-1 (line 361)
                      ; - com.sun.javafx.text.PrismTextLayout::shape@618 (line 924)
  0x000001ee36284148: 1007 e9ea | f9ff ff44 | 8b47 4049 | c1e0 0349 | 83f8 000f | 84ea f9ff | ff4c 8904 

  0x000001ee36284164: ;   {runtime_call g1_pre_barrier_slow}
  0x000001ee36284164: 24e8 f6c0 | 1007 e9dc | f9ff ff48 | 83fe 000f | 84f1 f9ff | ff48 893c 

  0x000001ee3628417c: ;   {runtime_call g1_post_barrier_slow}
  0x000001ee3628417c: 24e8 dec3 | 1007 e9e3 | f9ff ff44 | 8b47 4449 | c1e0 0349 | 83f8 000f | 84df f9ff | ff4c 8904 
  0x000001ee3628419c: ;   {runtime_call g1_pre_barrier_slow}
  0x000001ee3628419c: 24e8 bec0 | 1007 e9d1 | f9ff ff49 | 83f9 000f | 84e6 f9ff | ff48 893c 

  0x000001ee362841b4: ;   {runtime_call g1_post_barrier_slow}
  0x000001ee362841b4: 24e8 a6c3 | 1007 e9d8 | f9ff ff44 | 8b47 4849 | c1e0 0349 | 83f8 000f | 84d4 f9ff | ff4c 8904 
  0x000001ee362841d4: ;   {runtime_call g1_pre_barrier_slow}
  0x000001ee362841d4: 24e8 86c0 | 1007 e9c6 

  0x000001ee362841dc: ;   {internal_word}
  0x000001ee362841dc: f9ff ff49 | bac3 3b28 | 36ee 0100 | 004d 8997 | e004 0000 

  0x000001ee362841f0: ;   {runtime_call SafepointBlob}
  0x000001ee362841f0: e96b e002 | 0748 8934 | 2448 8944 

  0x000001ee362841fc: ;   {runtime_call C1 Runtime throw_range_check_failed_blob}
  0x000001ee362841fc: 2408 e85d 

  0x000001ee36284200: ; ImmutableOopMap {r9=Oop rax=Oop rdi=Oop [128]=Oop [208]=Oop [224]=Oop }
                      ;*fastore {reexecute=0 rethrow=0 return_oop=0}
                      ; - com.sun.javafx.text.PrismTextLayout::shape@466 (line 905)
                      ;   {metadata({method} {0x000001ee540535f0} 'shape' '(I[I[F[I)V' in 'com/sun/javafx/text/TextRun')}
  0x000001ee36284200: 3110 0749 | bae8 3505 | 54ee 0100 | 004c 8954 | 2408 48c7 | 0424 ffff 

  0x000001ee36284218: ;   {runtime_call C1 Runtime counter_overflow_blob}
  0x000001ee36284218: ffff e841 

  0x000001ee3628421c: ; ImmutableOopMap {r9=Oop rax=Oop rdi=Oop [128]=Oop [208]=Oop [224]=Oop }
                      ;*synchronization entry
                      ; - com.sun.javafx.text.TextRun::shape@-1 (line 354)
                      ; - com.sun.javafx.text.PrismTextLayout::shape@475 (line 906)
  0x000001ee3628421c: b910 07e9 | 1cfa ffff | 448b 4740 | 49c1 e003 | 4983 f800 | 0f84 1cfa | ffff 4c89 

  0x000001ee36284238: ;   {runtime_call g1_pre_barrier_slow}
  0x000001ee36284238: 0424 e821 | c010 07e9 | 0efa ffff | 4983 f900 | 0f84 23fa | ffff 4889 

  0x000001ee36284250: ;   {runtime_call g1_post_barrier_slow}
  0x000001ee36284250: 3c24 e809 | c310 07e9 | 15fa ffff | 448b 4744 | 49c1 e003 | 4983 f800 | 0f84 11fa | ffff 4c89 
  0x000001ee36284270: ;   {runtime_call g1_pre_barrier_slow}
  0x000001ee36284270: 0424 e8e9 | bf10 07e9 | 03fa ffff | 4883 f800 | 0f84 18fa | ffff 4889 

  0x000001ee36284288: ;   {runtime_call g1_post_barrier_slow}
  0x000001ee36284288: 3c24 e8d1 | c210 07e9 | 0afa ffff | 448b 4748 | 49c1 e003 | 4983 f800 | 0f84 06fa | ffff 4c89 
  0x000001ee362842a8: ;   {runtime_call g1_pre_barrier_slow}
  0x000001ee362842a8: 0424 e8b1 | bf10 07e9 | f8f9 ffff 

  0x000001ee362842b4: ;   {internal_word}
  0x000001ee362842b4: 49ba cc3c | 2836 ee01 | 0000 4d89 | 97e0 0400 

  0x000001ee362842c4: ;   {runtime_call SafepointBlob}
  0x000001ee362842c4: 00e9 96df 

  0x000001ee362842c8: ;   {runtime_call C1 Runtime throw_null_pointer_exception_blob}
  0x000001ee362842c8: 0207 e891 

  0x000001ee362842cc: ; ImmutableOopMap {rbx=Oop rdx=Oop rax=Oop rsi=Oop rdi=Oop [128]=Oop }
                      ;*invokevirtual layout {reexecute=0 rethrow=0 return_oop=0}
                      ; - com.sun.javafx.text.PrismTextLayout::shape@327 (line 883)
                      ;   {internal_word}
  0x000001ee362842cc: 3910 0749 | ba44 3d28 | 36ee 0100 | 004d 8997 | e004 0000 

  0x000001ee362842e0: ;   {runtime_call SafepointBlob}
  0x000001ee362842e0: e97b df02 

  0x000001ee362842e4: ;   {internal_word}
  0x000001ee362842e4: 0749 ba57 | 3d28 36ee | 0100 004d | 8997 e004 

  0x000001ee362842f4: ;   {runtime_call SafepointBlob}
  0x000001ee362842f4: 0000 e965 

  0x000001ee362842f8: ;   {internal_word}
  0x000001ee362842f8: df02 0749 | ba6a 3d28 | 36ee 0100 | 004d 8997 | e004 0000 

  0x000001ee3628430c: ;   {runtime_call SafepointBlob}
  0x000001ee3628430c: e94f df02 

  0x000001ee36284310: ;   {internal_word}
  0x000001ee36284310: 0749 ba7d | 3d28 36ee | 0100 004d | 8997 e004 

  0x000001ee36284320: ;   {runtime_call SafepointBlob}
  0x000001ee36284320: 0000 e939 

  0x000001ee36284324: ;   {internal_word}
  0x000001ee36284324: df02 0749 | badc 3d28 | 36ee 0100 | 004d 8997 | e004 0000 

  0x000001ee36284338: ;   {runtime_call SafepointBlob}
  0x000001ee36284338: e923 df02 

  0x000001ee3628433c: ;   {internal_word}
  0x000001ee3628433c: 0749 baef | 3d28 36ee | 0100 004d | 8997 e004 

  0x000001ee3628434c: ;   {runtime_call SafepointBlob}
  0x000001ee3628434c: 0000 e90d | df02 0749 | 8b87 8805 | 0000 49c7 | 8788 0500 | 0000 0000 | 0049 c787 | 9005 0000 
  0x000001ee3628436c: 0000 0000 | 4881 c420 | 0100 005d 

  0x000001ee36284378: ;   {runtime_call C1 Runtime unwind_exception_blob}
  0x000001ee36284378: e9e3 2910 | 07f4 f4f4 
[Stub Code]
  0x000001ee36284380: ;   {other}
  0x000001ee36284380: 0f1f 4400 

  0x000001ee36284384: ;   {static_stub}
  0x000001ee36284384: 0048 bb00 | 0000 0000 

  0x000001ee3628438c: ;   {runtime_call nmethod}
  0x000001ee3628438c: 0000 00e9 | fbff ffff 

  0x000001ee36284394: ;   {static_stub}
  0x000001ee36284394: 9048 bb00 | 0000 0000 

  0x000001ee3628439c: ;   {runtime_call nmethod}
  0x000001ee3628439c: 0000 00e9 | fbff ffff 

  0x000001ee362843a4: ;   {static_stub}
  0x000001ee362843a4: 9048 bb00 | 0000 0000 

  0x000001ee362843ac: ;   {runtime_call nmethod}
  0x000001ee362843ac: 0000 00e9 | fbff ffff 

  0x000001ee362843b4: ;   {static_stub}
  0x000001ee362843b4: 9048 bb00 | 0000 0000 

  0x000001ee362843bc: ;   {runtime_call nmethod}
  0x000001ee362843bc: 0000 00e9 | fbff ffff 

  0x000001ee362843c4: ;   {static_stub}
  0x000001ee362843c4: 9048 bb00 | 0000 0000 

  0x000001ee362843cc: ;   {runtime_call nmethod}
  0x000001ee362843cc: 0000 00e9 | fbff ffff 

  0x000001ee362843d4: ;   {static_stub}
  0x000001ee362843d4: 9048 bb00 | 0000 0000 

  0x000001ee362843dc: ;   {runtime_call nmethod}
  0x000001ee362843dc: 0000 00e9 | fbff ffff 

  0x000001ee362843e4: ;   {static_stub}
  0x000001ee362843e4: 9048 bb00 | 0000 0000 

  0x000001ee362843ec: ;   {runtime_call nmethod}
  0x000001ee362843ec: 0000 00e9 | fbff ffff 

  0x000001ee362843f4: ;   {static_stub}
  0x000001ee362843f4: 9048 bb00 | 0000 0000 

  0x000001ee362843fc: ;   {runtime_call nmethod}
  0x000001ee362843fc: 0000 00e9 | fbff ffff 

  0x000001ee36284404: ;   {static_stub}
  0x000001ee36284404: 9048 bb00 | 0000 0000 

  0x000001ee3628440c: ;   {runtime_call nmethod}
  0x000001ee3628440c: 0000 00e9 | fbff ffff 

  0x000001ee36284414: ;   {static_stub}
  0x000001ee36284414: 9048 bb00 | 0000 0000 

  0x000001ee3628441c: ;   {runtime_call nmethod}
  0x000001ee3628441c: 0000 00e9 | fbff ffff 

  0x000001ee36284424: ;   {static_stub}
  0x000001ee36284424: 9048 bb00 | 6385 53ee 

  0x000001ee3628442c: ;   {runtime_call I2C/C2I adapters}
  0x000001ee3628442c: 0100 00e9 | 8ed3 0307 

  0x000001ee36284434: ;   {static_stub}
  0x000001ee36284434: 9048 bb00 | 0000 0000 

  0x000001ee3628443c: ;   {runtime_call nmethod}
  0x000001ee3628443c: 0000 00e9 | fbff ffff 

  0x000001ee36284444: ;   {static_stub}
  0x000001ee36284444: 9048 bb00 | 0000 0000 

  0x000001ee3628444c: ;   {runtime_call nmethod}
  0x000001ee3628444c: 0000 00e9 | fbff ffff 

  0x000001ee36284454: ;   {static_stub}
  0x000001ee36284454: 9048 bb00 | 0000 0000 

  0x000001ee3628445c: ;   {runtime_call nmethod}
  0x000001ee3628445c: 0000 00e9 | fbff ffff 

  0x000001ee36284464: ;   {static_stub}
  0x000001ee36284464: 9048 bb00 | 0000 0000 

  0x000001ee3628446c: ;   {runtime_call nmethod}
  0x000001ee3628446c: 0000 00e9 | fbff ffff 

  0x000001ee36284474: ;   {static_stub}
  0x000001ee36284474: 9048 bb00 | 0000 0000 

  0x000001ee3628447c: ;   {runtime_call nmethod}
  0x000001ee3628447c: 0000 00e9 | fbff ffff 

  0x000001ee36284484: ;   {static_stub}
  0x000001ee36284484: 9048 bb50 | 4d84 53ee 

  0x000001ee3628448c: ;   {runtime_call I2C/C2I adapters}
  0x000001ee3628448c: 0100 00e9 | aef1 ff06 

  0x000001ee36284494: ;   {static_stub}
  0x000001ee36284494: 9048 bb00 | 0000 0000 

  0x000001ee3628449c: ;   {runtime_call nmethod}
  0x000001ee3628449c: 0000 00e9 | fbff ffff 

  0x000001ee362844a4: ;   {static_stub}
  0x000001ee362844a4: 48bb 0000 | 0000 0000 

  0x000001ee362844ac: ;   {runtime_call nmethod}
  0x000001ee362844ac: 0000 e9fb 

  0x000001ee362844b0: ;   {runtime_call C1 Runtime handle_exception_from_callee_blob}
  0x000001ee362844b0: ffff ffe8 | a859 1007 

  0x000001ee362844b8: ;   {external_word}
  0x000001ee362844b8: 48b9 a001 | 1e11 fc7f | 0000 4883 

  0x000001ee362844c4: ;   {runtime_call}
  0x000001ee362844c4: e4f0 48b8 | 105c d810 | fc7f 0000 

  0x000001ee362844d0: ;   {section_word}
  0x000001ee362844d0: ffd0 f449 | bad3 4428 | 36ee 0100 

  0x000001ee362844dc: ;   {runtime_call DeoptimizationBlob}
  0x000001ee362844dc: 0041 52e9 | fcc4 0207 | f4f4 f4f4 
[/MachCode]


Compiled method (c1) 60431 9732   !   3       com.sun.javafx.text.PrismTextLayout::layout (1636 bytes)
 total in heap  [0x000001ee3679bf08,0x000001ee367a1b60] = 23640
 constants      [0x000001ee3679c000,0x000001ee3679c060] = 96
 main code      [0x000001ee3679c060,0x000001ee367a18d8] = 22648
 stub code      [0x000001ee367a18d8,0x000001ee367a1b50] = 632
 oops           [0x000001ee367a1b50,0x000001ee367a1b60] = 16
 mutable data [0x000001ee6a845fc0,0x000001ee6a8468b8] = 2296
 relocation     [0x000001ee6a845fc0,0x000001ee6a8466d8] = 1816
 metadata       [0x000001ee6a8466d8,0x000001ee6a8468b8] = 480
 immutable data [0x000001ee7a411960,0x000001ee7a4142b0] = 10576
 dependencies   [0x000001ee7a411960,0x000001ee7a411a18] = 184
 nul chk table  [0x000001ee7a411a18,0x000001ee7a411c10] = 504
 handler table  [0x000001ee7a411c10,0x000001ee7a411c58] = 72
 scopes pcs     [0x000001ee7a411c58,0x000001ee7a412868] = 3088
 scopes data    [0x000001ee7a412868,0x000001ee7a4142b0] = 6728


[Constant Pool]
             Address          hex4                    hex8      
  0x000001ee3679c000:   0x00000000      0x0000000000000000      
  0x000001ee3679c004:   0x00000000                              
  0x000001ee3679c008:   0x00000000      0x0000000000000000      
  0x000001ee3679c00c:   0x00000000                              
  0x000001ee3679c010:   0x00000000      0x3f80000000000000      
  0x000001ee3679c014:   0x3f800000                              
  0x000001ee3679c018:   0x00000000      0x0000000000000000      
  0x000001ee3679c01c:   0x00000000                              
  0x000001ee3679c020:   0x3f800000      0x3f0000003f800000      
  0x000001ee3679c024:   0x3f000000                              
  0x000001ee3679c028:   0x00000000      0x0000000000000000      
  0x000001ee3679c02c:   0x00000000                              
  0x000001ee3679c030:   0x00000000      0x0000000000000000      
  0x000001ee3679c034:   0x00000000                              
  0x000001ee3679c038:   0x00000000      0x0000000000000000      
  0x000001ee3679c03c:   0x00000000                              
  0x000001ee3679c040:   0x00000000      0x0000000000000000      
  0x000001ee3679c044:   0x00000000                              
  0x000001ee3679c048:   0xf4f4f4f4      0xf4f4f4f4f4f4f4f4      
  0x000001ee3679c04c:   0xf4f4f4f4                              
  0x000001ee3679c050:   0xf4f4f4f4      0xf4f4f4f4f4f4f4f4      
  0x000001ee3679c054:   0xf4f4f4f4                              
  0x000001ee3679c058:   0xf4f4f4f4      0xf4f4f4f4f4f4f4f4      
  0x000001ee3679c05c:   0xf4f4f4f4                              

[MachCode]
[Instructions begin]
  0x000001ee3679c060: ;   {other}
  0x000001ee3679c060: 660f 1f84 | 0000 0000 | 0066 0f1f | 8400 0000 | 0000 448b | 5208 443b 

  0x000001ee3679c078: ;   {runtime_call Shared Runtime ic_miss_blob}
  0x000001ee3679c078: 5008 0f85 | 602c b106 
[Verified Entry Point]
  0x000001ee3679c080: 8984 2400 | 80ff ff55 | 4881 ec00 | 0200 0090 | 4181 7f20 | 1300 0000 

  0x000001ee3679c098: ;   {runtime_call Stub::method_entry_barrier}
  0x000001ee3679c098: 7405 e841 | a5af 0648 | 8994 24b0 

  0x000001ee3679c0a4: ;   {metadata(method data for {method} {0x000001ee53c75340} 'layout' '()V' in 'com/sun/javafx/text/PrismTextLayout')}
  0x000001ee3679c0a4: 0000 0048 | be10 c04d | 54ee 0100 | 008b be90 | 0000 0083 | c702 89be | 9000 0000 | 81e7 fe07 
  0x000001ee3679c0c4: 0000 85ff | 0f84 fc4a | 0000 488b 

  0x000001ee3679c0d0: ;   {metadata(method data for {method} {0x000001ee53c75340} 'layout' '()V' in 'com/sun/javafx/text/PrismTextLayout')}
  0x000001ee3679c0d0: f248 bf10 | c04d 54ee | 0100 0048 | 8387 d800 | 0000 0148 | 8bf2 488b | d666 0f1f 

  0x000001ee3679c0ec: ;   {optimized virtual_call}
  0x000001ee3679c0ec: 4400 00e8 

  0x000001ee3679c0f0: ; ImmutableOopMap {[176]=Oop }
                      ;*invokevirtual initCache {reexecute=0 rethrow=0 return_oop=0}
                      ; - com.sun.javafx.text.PrismTextLayout::layout@1 (line 1060)
  0x000001ee3679c0f0: 3c99 5607 

  0x000001ee3679c0f4: ;   {post_call_nop}
  0x000001ee3679c0f4: 0f1f 8400 | ec01 0000 | 488b 9424 | b000 0000 | 8b72 3c48 | c1e6 0348 

  0x000001ee3679c10c: ;   {metadata(method data for {method} {0x000001ee53c75340} 'layout' '()V' in 'com/sun/javafx/text/PrismTextLayout')}
  0x000001ee3679c10c: 85f6 48be | 10c0 4d54 | ee01 0000 | bf18 0100 | 0075 05bf | 0801 0000 | 488b 1c3e | 488d 5b01 
  0x000001ee3679c12c: 4889 1c3e | 0f85 f649 | 0000 488b 

  0x000001ee3679c138: ;   {metadata(method data for {method} {0x000001ee53c75340} 'layout' '()V' in 'com/sun/javafx/text/PrismTextLayout')}
  0x000001ee3679c138: f248 bf10 | c04d 54ee | 0100 0048 | 8387 2801 | 0000 0148 | 8bf2 488b | d666 0f1f 

  0x000001ee3679c154: ;   {optimized virtual_call}
  0x000001ee3679c154: 4400 00e8 

  0x000001ee3679c158: ; ImmutableOopMap {[176]=Oop }
                      ;*invokevirtual getText {reexecute=0 rethrow=0 return_oop=0}
                      ; - com.sun.javafx.text.PrismTextLayout::layout@13 (line 1064)
  0x000001ee3679c158: 441f 0b00 

  0x000001ee3679c15c: ;   {post_call_nop}
  0x000001ee3679c15c: 0f1f 8400 | 5402 0001 | 4889 8424 | b800 0000 | 488b 9424 | b000 0000 | 8b72 2083 | e602 85f6 
  0x000001ee3679c17c: ;   {metadata(method data for {method} {0x000001ee53c75340} 'layout' '()V' in 'com/sun/javafx/text/PrismTextLayout')}
  0x000001ee3679c17c: 48be 10c0 | 4d54 ee01 | 0000 bf58 | 0100 0074 | 05bf 6801 | 0000 488b | 1c3e 488d | 5b01 4889 
  0x000001ee3679c19c: 1c3e 0f84 | 5200 0000 

  0x000001ee3679c1a4: ;   {metadata(method data for {method} {0x000001ee53c75340} 'layout' '()V' in 'com/sun/javafx/text/PrismTextLayout')}
  0x000001ee3679c1a4: 488b f248 | bf10 c04d | 54ee 0100 | 0048 8387 | 7801 0000 | 0148 8bf2 

  0x000001ee3679c1bc: ;   {optimized virtual_call}
  0x000001ee3679c1bc: 488b d6e8 

  0x000001ee3679c1c0: ; ImmutableOopMap {[176]=Oop [184]=Oop }
                      ;*invokevirtual isSimpleLayout {reexecute=0 rethrow=0 return_oop=0}
                      ; - com.sun.javafx.text.PrismTextLayout::layout@27 (line 1067)
  0x000001ee3679c1c0: 7c09 0b00 

  0x000001ee3679c1c4: ;   {post_call_nop}
  0x000001ee3679c1c4: 0f1f 8400 | bc02 0002 

  0x000001ee3679c1cc: ;   {metadata(method data for {method} {0x000001ee53c75340} 'layout' '()V' in 'com/sun/javafx/text/PrismTextLayout')}
  0x000001ee3679c1cc: 85c0 49b8 | 10c0 4d54 | ee01 0000 | bab8 0100 | 0075 05ba | a801 0000 | 498b 3410 | 488d 7601 
  0x000001ee3679c1ec: 4989 3410 | 0f85 4300 | 0000 488b | 9424 b000 

  0x000001ee3679c1fc: ;   {metadata(method data for {method} {0x000001ee53c75340} 'layout' '()V' in 'com/sun/javafx/text/PrismTextLayout')}
  0x000001ee3679c1fc: 0000 49b8 | 10c0 4d54 | ee01 0000 | 4983 8010 | 0200 0001 | 4c8b 8424 | b800 0000 | 488b 9424 
  0x000001ee3679c21c: b000 0000 | 0f1f 8000 

  0x000001ee3679c224: ;   {optimized virtual_call}
  0x000001ee3679c224: 0000 00e8 

  0x000001ee3679c228: ; ImmutableOopMap {[176]=Oop [184]=Oop }
                      ;*invokevirtual buildRuns {reexecute=0 rethrow=0 return_oop=0}
                      ; - com.sun.javafx.text.PrismTextLayout::layout@42 (line 1070)
  0x000001ee3679c228: 74a4 1800 

  0x000001ee3679c22c: ;   {post_call_nop}
  0x000001ee3679c22c: 0f1f 8400 | 2403 0003 | e943 0000 | 0048 8b94 | 24b0 0000 

  0x000001ee3679c240: ;   {metadata(method data for {method} {0x000001ee53c75340} 'layout' '()V' in 'com/sun/javafx/text/PrismTextLayout')}
  0x000001ee3679c240: 0048 be10 | c04d 54ee | 0100 0048 | 8386 c801 | 0000 0148 | 8b94 24b0 | 0000 000f 

  0x000001ee3679c25c: ;   {optimized virtual_call}
  0x000001ee3679c25c: 1f40 00e8 

  0x000001ee3679c260: ; ImmutableOopMap {[176]=Oop [184]=Oop }
                      ;*invokevirtual reuseRuns {reexecute=0 rethrow=0 return_oop=0}
                      ; - com.sun.javafx.text.PrismTextLayout::layout@34 (line 1068)
  0x000001ee3679c260: bcf2 98ff 

  0x000001ee3679c264: ;   {post_call_nop}
  0x000001ee3679c264: 0f1f 8400 | 5c03 0004 

  0x000001ee3679c26c: ;   {metadata(method data for {method} {0x000001ee53c75340} 'layout' '()V' in 'com/sun/javafx/text/PrismTextLayout')}
  0x000001ee3679c26c: 48be 10c0 | 4d54 ee01 | 0000 ff86 | f801 0000 | 488b 9424 | b000 0000 | 8b72 2083 | e610 85f6 
  0x000001ee3679c28c: ;   {metadata(method data for {method} {0x000001ee53c75340} 'layout' '()V' in 'com/sun/javafx/text/PrismTextLayout')}
  0x000001ee3679c28c: 48be 10c0 | 4d54 ee01 | 0000 bf50 | 0200 0075 | 05bf 4002 | 0000 488b | 1c3e 488d | 5b01 4889 
  0x000001ee3679c2ac: 1c3e 0f85 | 0f00 0000 

  0x000001ee3679c2b4: ;   {oop(nullptr)}
  0x000001ee3679c2b4: 48be 0000 | 0000 0000 | 0000 e92c 

  0x000001ee3679c2c0: ;   {metadata(method data for {method} {0x000001ee53c75340} 'layout' '()V' in 'com/sun/javafx/text/PrismTextLayout')}
  0x000001ee3679c2c0: 0000 0048 | be10 c04d | 54ee 0100 | 0048 8386 | 6002 0000 

  0x000001ee3679c2d4: ;   {static_call}
  0x000001ee3679c2d4: 0166 90e8 

  0x000001ee3679c2d8: ; ImmutableOopMap {[176]=Oop [184]=Oop }
                      ;*invokestatic getInstance {reexecute=0 rethrow=0 return_oop=0}
                      ; - com.sun.javafx.text.PrismTextLayout::layout@57 (line 1075)
  0x000001ee3679c2d8: a499 1800 

  0x000001ee3679c2dc: ;   {post_call_nop}
  0x000001ee3679c2dc: 0f1f 8400 | d403 0005 | 488b f048 | 8b94 24b0 | 0000 008b | 7a20 83e7 

  0x000001ee3679c2f4: ;   {metadata(method data for {method} {0x000001ee53c75340} 'layout' '()V' in 'com/sun/javafx/text/PrismTextLayout')}
  0x000001ee3679c2f4: 0485 ff48 | bf10 c04d | 54ee 0100 | 00bb 8002 | 0000 7505 | bb70 0200 | 0048 8b04 | 1f48 8d40 
  0x000001ee3679c314: 0148 8904 | 1f0f 8515 

  0x000001ee3679c31c: ;   {section_word}
  0x000001ee3679c31c: 0000 00c5 | fa10 05d9 | fcff ff48 | 89b4 24c0 | 0000 00e9 | 3800 0000 | 4889 b424 | c000 0000 
  0x000001ee3679c33c: ;   {metadata(method data for {method} {0x000001ee53c75340} 'layout' '()V' in 'com/sun/javafx/text/PrismTextLayout')}
  0x000001ee3679c33c: 488b fa48 | bb10 c04d | 54ee 0100 | 0048 8383 | 9002 0000 | 0148 8bfa 

  0x000001ee3679c354: ;   {optimized virtual_call}
  0x000001ee3679c354: 488b d7e8 

  0x000001ee3679c358: ; ImmutableOopMap {[176]=Oop [184]=Oop [192]=Oop }
                      ;*invokevirtual getTabAdvance {reexecute=0 rethrow=0 return_oop=0}
                      ; - com.sun.javafx.text.PrismTextLayout::layout@73 (line 1080)
  0x000001ee3679c358: 842e b106 

  0x000001ee3679c35c: ;   {post_call_nop}
  0x000001ee3679c35c: 0f1f 8400 | 5404 0006 | 488b 9424 | b000 0000 | c5fa 104a 

  0x000001ee3679c370: ;   {section_word}
  0x000001ee3679c370: 18c5 fa10 | 158b fcff | ffc5 f82e | ca41 b8ff | ffff ff0f | 8a15 0000 | 000f 820f | 0000 0041 
  0x000001ee3679c390: b800 0000 | 000f 8403 | 0000 0049 | ffc0 4585 

  0x000001ee3679c3a0: ;   {metadata(method data for {method} {0x000001ee53c75340} 'layout' '()V' in 'com/sun/javafx/text/PrismTextLayout')}
  0x000001ee3679c3a0: c049 b810 | c04d 54ee | 0100 00be | d002 0000 | 7f05 bec0 | 0200 0049 | 8b3c 3048 | 8d7f 0149 
  0x000001ee3679c3c0: 893c 300f | 8f20 0000 

  0x000001ee3679c3c8: ;   {oop(nullptr)}
  0x000001ee3679c3c8: 0048 be00 | 0000 0000 | 0000 0048 | 89b4 24d8 | 0000 00c5 | fa11 8424 | bc01 0000 | e903 0200 
  0x000001ee3679c3e8: 0044 8b42 | 2041 83e0 | 5045 85c0 

  0x000001ee3679c3f4: ;   {metadata(method data for {method} {0x000001ee53c75340} 'layout' '()V' in 'com/sun/javafx/text/PrismTextLayout')}
  0x000001ee3679c3f4: 49b8 10c0 | 4d54 ee01 | 0000 bef0 | 0200 0075 | 05be e002 | 0000 498b | 3c30 488d | 7f01 4989 
  0x000001ee3679c414: 3c30 0f85 | 2000 0000 

  0x000001ee3679c41c: ;   {oop(nullptr)}
  0x000001ee3679c41c: 48be 0000 | 0000 0000 | 0000 4889 | b424 d800 | 0000 c5fa | 1184 24bc | 0100 00e9 | b001 0000 
  0x000001ee3679c43c: c5fa 1184 | 24bc 0100 

  0x000001ee3679c444: ;   {metadata(method data for {method} {0x000001ee53c75340} 'layout' '()V' in 'com/sun/javafx/text/PrismTextLayout')}
  0x000001ee3679c444: 0049 b810 | c04d 54ee | 0100 0049 | 8380 0003 

  0x000001ee3679c454: ;   {metadata(method data for {method} {0x000001ee553bbc58} 'getLineInstance' '()Ljava/text/BreakIterator;' in 'java/text/BreakIterator')}
  0x000001ee3679c454: 0000 0149 | b830 aeb4 | 55ee 0100 | 0041 8bb0 | 9000 0000 | 83c6 0241 | 89b0 9000 | 0000 81e6 
  0x000001ee3679c474: feff 1f00 | 85f6 0f84 | 6b47 0000 

  0x000001ee3679c480: ;   {metadata(method data for {method} {0x000001ee553bbc58} 'getLineInstance' '()Ljava/text/BreakIterator;' in 'java/text/BreakIterator')}
  0x000001ee3679c480: 49b8 30ae | b455 ee01 | 0000 4983 | 80d8 0000 

  0x000001ee3679c490: ;   {metadata(method data for {method} {0x000000003a230508} 'getDefault' '()Ljava/util/Locale;' in 'java/util/Locale')}
  0x000001ee3679c490: 0001 49b8 | 7800 3e53 | ee01 0000 | 418b b090 | 0000 0083 | c602 4189 | b090 0000 | 0081 e6fe 
  0x000001ee3679c4b0: ff1f 0085 | f60f 8451 

  0x000001ee3679c4b8: ;   {oop(a 'java/lang/Class'{0x000000060bc7f500} = 'java/util/Locale')}
  0x000001ee3679c4b8: 4700 0049 | b800 f5c7 | 0b06 0000 | 0045 8b80 | d400 0000 | 49c1 e003 

  0x000001ee3679c4d0: ;   {metadata(method data for {method} {0x000001ee553bbc58} 'getLineInstance' '()Ljava/text/BreakIterator;' in 'java/text/BreakIterator')}
  0x000001ee3679c4d0: 48be 30ae | b455 ee01 | 0000 4883 | 86e8 0000 

  0x000001ee3679c4e0: ;   {metadata(method data for {method} {0x000001ee553bbd08} 'getLineInstance' '(Ljava/util/Locale;)Ljava/text/BreakIterator;' in 'java/text/BreakIterator')}
  0x000001ee3679c4e0: 0001 48be | 60af b455 | ee01 0000 | 8bbe 9000 | 0000 83c7 | 0289 be90 | 0000 0081 | e7fe ff1f 
  0x000001ee3679c500: 0085 ff0f | 8424 4700 

  0x000001ee3679c508: ;   {metadata(method data for {method} {0x000001ee553bbd08} 'getLineInstance' '(Ljava/util/Locale;)Ljava/text/BreakIterator;' in 'java/text/BreakIterator')}
  0x000001ee3679c508: 0048 be60 | afb4 55ee | 0100 0048 | 8386 d800 | 0000 0149 | 8bd0 41b8 | 0200 0000 

  0x000001ee3679c524: ;   {static_call}
  0x000001ee3679c524: 6666 90e8 

  0x000001ee3679c528: ; ImmutableOopMap {[176]=Oop [184]=Oop [192]=Oop }
                      ;*invokestatic getBreakInstance {reexecute=0 rethrow=0 return_oop=0}
                      ; - java.text.BreakIterator::getLineInstance@2 (line 493)
                      ; - java.text.BreakIterator::getLineInstance@3 (line 480)
                      ; - com.sun.javafx.text.PrismTextLayout::layout@99 (line 1086)
  0x000001ee3679c528: b436 b106 

  0x000001ee3679c52c: ;   {post_call_nop}
  0x000001ee3679c52c: 0f1f 8400 | 2406 0007 | 4889 8424 | c800 0000 | 0f1f 4000 

  0x000001ee3679c540: ;   {other}
  0x000001ee3679c540: e918 4700 | 0000 0000 | 0000 e918 | 4700 004c 

  0x000001ee3679c550: ;   {metadata(method data for {method} {0x000001ee53c75340} 'layout' '()V' in 'com/sun/javafx/text/PrismTextLayout')}
  0x000001ee3679c550: 8bc0 48ba | 10c0 4d54 | ee01 0000 | 4883 8210 | 0300 0001 | 4c8b 8424 | b800 0000 | 488b d048 
  0x000001ee3679c570: 8984 24d0 

  0x000001ee3679c574: ;   {optimized virtual_call}
  0x000001ee3679c574: 0000 00e8 

  0x000001ee3679c578: ; ImmutableOopMap {[176]=Oop [184]=Oop [192]=Oop [200]=Oop [208]=Oop }
                      ;*invokespecial <init> {reexecute=0 rethrow=0 return_oop=0}
                      ; - com.sun.javafx.text.PrismTextLayout::layout@111 (line 1087)
  0x000001ee3679c578: 642c b106 

  0x000001ee3679c57c: ;   {post_call_nop}
  0x000001ee3679c57c: 0f1f 8400 | 7406 0008 | 488b 8424 | c800 0000 

  0x000001ee3679c58c: ; implicit exception: dispatches to 0x000001ee367a0c74
  0x000001ee3679c58c: 483b 004c 

  0x000001ee3679c590: ;   {metadata(method data for {method} {0x000001ee53c75340} 'layout' '()V' in 'com/sun/javafx/text/PrismTextLayout')}
  0x000001ee3679c590: 8bc0 48ba | 10c0 4d54 | ee01 0000 

  0x000001ee3679c59c: ;   {metadata('sun/util/locale/provider/BreakIteratorProviderImpl$GraphemeBreakIterator')}
  0x000001ee3679c59c: 49ba 180c | 5e3b 0000 | 0000 4c89 | 9228 0300 | 0048 8382 | 3003 0000 | 014c 8b84 | 24d0 0000 
  0x000001ee3679c5bc: 0048 8bd0 | 0f1f 8000 

  0x000001ee3679c5c4: ;   {optimized virtual_call}
  0x000001ee3679c5c4: 0000 00e8 

  0x000001ee3679c5c8: ; ImmutableOopMap {[176]=Oop [184]=Oop [192]=Oop [200]=Oop }
                      ;*invokevirtual setText {reexecute=0 rethrow=0 return_oop=0}
                      ; - com.sun.javafx.text.PrismTextLayout::layout@114 (line 1087)
  0x000001ee3679c5c8: 142c b106 

  0x000001ee3679c5cc: ;   {post_call_nop}
  0x000001ee3679c5cc: 0f1f 8400 | c406 0009 | 488b b424 | c800 0000 | 4889 b424 | d800 0000 | 488b 9424 | b000 0000 
  0x000001ee3679c5ec: 8b7a 2081 | e700 003c | 0089 bc24 | e000 0000 

  0x000001ee3679c5fc: ;   {metadata(method data for {method} {0x000001ee53c75340} 'layout' '()V' in 'com/sun/javafx/text/PrismTextLayout')}
  0x000001ee3679c5fc: 488b da48 | b810 c04d | 54ee 0100 | 0048 8380 | 5003 0000 | 0148 8bda 

  0x000001ee3679c614: ;   {optimized virtual_call}
  0x000001ee3679c614: 488b d3e8 

  0x000001ee3679c618: ; ImmutableOopMap {[176]=Oop [184]=Oop [192]=Oop [216]=Oop }
                      ;*invokevirtual isSimpleLayout {reexecute=0 rethrow=0 return_oop=0}
                      ; - com.sun.javafx.text.PrismTextLayout::layout@127 (line 1097)
  0x000001ee3679c618: 2405 0b00 

  0x000001ee3679c61c: ;   {post_call_nop}
  0x000001ee3679c61c: 0f1f 8400 | 1407 000a 

  0x000001ee3679c624: ;   {metadata(method data for {method} {0x000001ee53c75340} 'layout' '()V' in 'com/sun/javafx/text/PrismTextLayout')}
  0x000001ee3679c624: 85c0 48ba | 10c0 4d54 | ee01 0000 | be80 0300 | 0074 05be | 9003 0000 | 488b 3c32 | 488d 7f01 
  0x000001ee3679c644: 4889 3c32 | 0f84 d302 | 0000 488b | 9424 b000 | 0000 8b72 | 4c48 c1e6 | 0348 85f6 

  0x000001ee3679c660: ;   {metadata(method data for {method} {0x000001ee53c75340} 'layout' '()V' in 'com/sun/javafx/text/PrismTextLayout')}
  0x000001ee3679c660: 48be 10c0 | 4d54 ee01 | 0000 bfb0 | 0300 0074 | 05bf a003 | 0000 488b | 043e 488d | 4001 4889 
  0x000001ee3679c680: 043e 0f84 | 1000 0000 | 4c8b ac24 | b800 0000 | 4c8b dae9 | ae02 0000 | 488b 8424 | b800 0000 
  0x000001ee3679c6a0: ;   {metadata('com/sun/javafx/text/LayoutCache')}
  0x000001ee3679c6a0: 4c8b da48 | ba00 6f30 | 3b00 0000 | 004c 8be8 | 498b 87c8 | 0100 0048 | 8d78 3849 | 3bbf d801 
  0x000001ee3679c6c0: 0000 0f87 | b145 0000 | 4989 bfc8 | 0100 0048 | c700 0100 | 0000 488b | ca41 ba00 | 0000 3a49 
  0x000001ee3679c6e0: 2bca 8948 | 0848 33c9 | 8948 0c48 | 33c9 bf05 | 0000 0048 | 894c f808 | 48ff cf75 | f64c 8bc0 
  0x000001ee3679c700: ;   {metadata(method data for {method} {0x000001ee53c75340} 'layout' '()V' in 'com/sun/javafx/text/PrismTextLayout')}
  0x000001ee3679c700: 498b d848 | ba10 c04d | 54ee 0100 | 0048 8382 | c003 0000 

  0x000001ee3679c714: ;   {metadata(method data for {method} {0x000001ee540589b0} '<init>' '()V' in 'com/sun/javafx/text/LayoutCache')}
  0x000001ee3679c714: 0148 bb48 | e02f 55ee | 0100 008b | 9390 0000 | 0083 c202 | 8993 9000 | 0000 81e2 | feff 1f00 
  0x000001ee3679c734: 85d2 0f84 | 4a45 0000 

  0x000001ee3679c73c: ;   {metadata(method data for {method} {0x000001ee540589b0} '<init>' '()V' in 'com/sun/javafx/text/LayoutCache')}
  0x000001ee3679c73c: 498b d848 | ba48 e02f | 55ee 0100 | 0048 8382 | d800 0000 

  0x000001ee3679c750: ;   {metadata(method data for {method} {0x000000003a4b32d8} '<init>' '()V' in 'java/lang/Object')}
  0x000001ee3679c750: 0148 bb70 | c200 53ee | 0100 008b | 9390 0000 | 0083 c202 | 8993 9000 | 0000 81e2 | feff 1f00 
  0x000001ee3679c770: 85d2 0f84 | 2f45 0000 | 410f be5f | 4885 db0f | 8543 4500 | 004d 8bd0 | 49c1 ea03 | 4589 534c 
  0x000001ee3679c790: 498b d349 | 33d0 48c1 | ea16 4883 | fa00 0f85 | 4445 0000 

  0x000001ee3679c7a4: ; implicit exception: dispatches to 0x000001ee367a0d00
  0x000001ee3679c7a4: 458b 4d0c 

  0x000001ee3679c7a8: ;   {metadata({type array int})}
  0x000001ee3679c7a8: 498b d948 | ba58 4718 | 3a00 0000 | 0048 63db | 488b fb48 | 81fb ffff | ff00 0f87 | 3d45 0000 
  0x000001ee3679c7c8: be17 0000 | 0048 8d34 | 9e48 83e6 | f849 8b87 | c801 0000 | 488d 3430 | 493b b7d8 | 0100 000f 
  0x000001ee3679c7e8: 8718 4500 | 0049 89b7 | c801 0000 | 482b f048 | c700 0100 | 0000 488b | ca41 ba00 | 0000 3a49 
  0x000001ee3679c808: 2bca 8948 | 0889 580c | 4883 ee10 | 4885 f60f | 8411 0000 | 0048 33db | 48c1 ee03 | 4889 5cf0 
  0x000001ee3679c828: 0848 ffce | 75f6 410f | be5f 4885 | db0f 85d4 | 4400 004c | 8bd0 49c1 | ea03 4589 | 5020 498b 
  0x000001ee3679c848: d848 33d8 | 48c1 eb16 | 4883 fb00 | 0f85 d544 | 0000 498b 

  0x000001ee3679c85c: ;   {metadata({type array float})}
  0x000001ee3679c85c: d948 ba58 | 3f18 3a00 | 0000 0048 | 63db 488b | fb48 81fb | ffff ff00 | 0f87 cd44 | 0000 be17 
  0x000001ee3679c87c: 0000 0048 | 8d34 9e48 | 83e6 f849 | 8b87 c801 | 0000 488d | 3430 493b | b7d8 0100 | 000f 87a8 
  0x000001ee3679c89c: 4400 0049 | 89b7 c801 | 0000 482b | f048 c700 | 0100 0000 | 488b ca41 | ba00 0000 | 3a49 2bca 
  0x000001ee3679c8bc: 8948 0889 | 580c 4883 | ee10 4885 | f60f 8411 | 0000 0048 | 33db 48c1 | ee03 4889 | 5cf0 0848 
  0x000001ee3679c8dc: ffce 75f6 | 410f be57 | 4885 d20f | 8564 4400 | 004c 8bd0 | 49c1 ea03 | 4589 5024 | 498b d048 
  0x000001ee3679c8fc: 33d0 48c1 | ea16 4883 | fa00 0f85 | 6544 0000 

  0x000001ee3679c90c: ;   {metadata(method data for {method} {0x000001ee53c75340} 'layout' '()V' in 'com/sun/javafx/text/PrismTextLayout')}
  0x000001ee3679c90c: 48ba 10c0 | 4d54 ee01 | 0000 ff82 | d003 0000 | e925 0000 | 004c 8bac | 24b8 0000 | 004c 8b9c 
  0x000001ee3679c92c: 24b0 0000 | 0041 0fbe | 5748 85d2 | 0f85 4b44 | 0000 41c7 | 434c 0000 

  0x000001ee3679c944: ;   {metadata('java/util/ArrayList')}
  0x000001ee3679c944: 0000 48ba | b0d4 213a | 0000 0000 | 498b 87c8 | 0100 0048 | 8d78 1849 | 3bbf d801 | 0000 0f87 
  0x000001ee3679c964: 4144 0000 | 4989 bfc8 | 0100 0048 | c700 0100 | 0000 488b | ca41 ba00 | 0000 3a49 | 2bca 8948 
  0x000001ee3679c984: 0848 33c9 | 8948 0c48 | 33c9 4889 | 4810 4889 | 8424 f000 | 0000 4c8b 

  0x000001ee3679c99c: ;   {metadata(method data for {method} {0x000001ee53c75340} 'layout' '()V' in 'com/sun/javafx/text/PrismTextLayout')}
  0x000001ee3679c99c: c049 b910 | c04d 54ee | 0100 0049 | 8381 e803 

  0x000001ee3679c9ac: ;   {metadata(method data for {method} {0x000000003a221f60} '<init>' '()V' in 'java/util/ArrayList')}
  0x000001ee3679c9ac: 0000 0149 | b848 451f | 53ee 0100 | 0045 8b88 | 9000 0000 | 4183 c102 | 4589 8890 | 0000 0041 
  0x000001ee3679c9cc: 81e1 feff | 1f00 4585 | c90f 84db | 4300 004c 

  0x000001ee3679c9dc: ;   {metadata(method data for {method} {0x000000003a221f60} '<init>' '()V' in 'java/util/ArrayList')}
  0x000001ee3679c9dc: 8bc0 49b9 | 4845 1f53 | ee01 0000 | 4983 81d8 | 0000 0001 

  0x000001ee3679c9f0: ;   {metadata(method data for {method} {0x000000003a220bf8} '<init>' '()V' in 'java/util/AbstractList')}
  0x000001ee3679c9f0: 49b8 90bf | 1453 ee01 | 0000 458b | 8890 0000 | 0041 83c1 | 0245 8988 | 9000 0000 | 4181 e1fe 
  0x000001ee3679ca10: ff1f 0045 | 85c9 0f84 | bb43 0000 

  0x000001ee3679ca1c: ;   {metadata(method data for {method} {0x000000003a220bf8} '<init>' '()V' in 'java/util/AbstractList')}
  0x000001ee3679ca1c: 4c8b c049 | b990 bf14 | 53ee 0100 | 0049 8381 | d800 0000 

  0x000001ee3679ca30: ;   {metadata(method data for {method} {0x000000003a21ffb8} '<init>' '()V' in 'java/util/AbstractCollection')}
  0x000001ee3679ca30: 0149 b858 | 4101 53ee | 0100 0045 | 8b88 9000 | 0000 4183 | c102 4589 | 8890 0000 | 0041 81e1 
  0x000001ee3679ca50: feff 1f00 | 4585 c90f | 849b 4300 | 004c 8bc0 

  0x000001ee3679ca60: ;   {metadata(method data for {method} {0x000000003a21ffb8} '<init>' '()V' in 'java/util/AbstractCollection')}
  0x000001ee3679ca60: 49b9 5841 | 0153 ee01 | 0000 4983 | 81d8 0000 

  0x000001ee3679ca70: ;   {metadata(method data for {method} {0x000000003a4b32d8} '<init>' '()V' in 'java/lang/Object')}
  0x000001ee3679ca70: 0001 49b8 | 70c2 0053 | ee01 0000 | 458b 8890 | 0000 0041 | 83c1 0245 | 8988 9000 | 0000 4181 
  0x000001ee3679ca90: e1fe ff1f | 0045 85c9 | 0f84 7b43 | 0000 450f | be47 4845 | 85c0 0f85 | 8e43 0000 

  0x000001ee3679caac: ;   {oop(a 'java/lang/Object'[0] {0x000000060b46fc58})}
  0x000001ee3679caac: 49ba 58fc | 460b 0600 | 0000 49c1 | ea03 4489 

  0x000001ee3679cabc: ;   {oop(a 'java/lang/Object'[0] {0x000000060b46fc58})}
  0x000001ee3679cabc: 5014 49b8 | 58fc 460b | 0600 0000 | 4c8b c84d | 33c8 49c1 | e916 4983 | f900 0f85 | 7e43 0000 
  0x000001ee3679cadc: be00 0000 | 00bb 0000 | 0000 b900 

  0x000001ee3679cae8: ;   {section_word}
  0x000001ee3679cae8: 0000 00c5 | fa10 0515 | f5ff ff89 | 9c24 ec00 | 0000 898c | 2400 0100 | 00c5 fa11 | 8424 c001 
  0x000001ee3679cb08: 0000 488b | 9c24 c000 | 0000 660f | 1f44 0000 | 418b 7b0c 

  0x000001ee3679cb1c: ;   {metadata(method data for {method} {0x000001ee53c75340} 'layout' '()V' in 'com/sun/javafx/text/PrismTextLayout')}
  0x000001ee3679cb1c: 3bf7 49b8 | 10c0 4d54 | ee01 0000 | 41b9 f803 | 0000 7d06 | 41b9 0804 | 0000 89bc | 24e4 0000 
  0x000001ee3679cb3c: 004b 8b3c | 0848 8d7f | 014b 893c | 080f 8d84 | 1c00 0045 | 8b43 4049 | c1e0 0341 | 3b70 0c0f 
  0x000001ee3679cb5c: 831b 4300 | 004c 63ce | 438b 7c88 | 1048 c1e7 | 0348 89bc | 24f8 0000 | 004d 8bc3 | 89b4 24e8 
  0x000001ee3679cb7c: ;   {metadata(method data for {method} {0x000001ee53c75340} 'layout' '()V' in 'com/sun/javafx/text/PrismTextLayout')}
  0x000001ee3679cb7c: 0000 0049 | b910 c04d | 54ee 0100 | 0049 8381 | 1804 0000 | 014c 8bc7 | 4d8b cd48 | 8bfb 498b 
  0x000001ee3679cb9c: d348 899c | 24c0 0000 

  0x000001ee3679cba4: ;   {optimized virtual_call}
  0x000001ee3679cba4: 0066 90e8 

  0x000001ee3679cba8: ; ImmutableOopMap {[176]=Oop [184]=Oop [192]=Oop [216]=Oop [240]=Oop [248]=Oop }
                      ;*invokevirtual shape {reexecute=0 rethrow=0 return_oop=0}
                      ; - com.sun.javafx.text.PrismTextLayout::layout@225 (line 1113)
  0x000001ee3679cba8: b450 aeff 

  0x000001ee3679cbac: ;   {post_call_nop}
  0x000001ee3679cbac: 0f1f 8400 | a40c 000b | 488b bc24 | f800 0000 

  0x000001ee3679cbbc: ; implicit exception: dispatches to 0x000001ee367a0e8a
  0x000001ee3679cbbc: 483b 0748 

  0x000001ee3679cbc0: ;   {metadata(method data for {method} {0x000001ee53c75340} 'layout' '()V' in 'com/sun/javafx/text/PrismTextLayout')}
  0x000001ee3679cbc0: 8bd7 48be | 10c0 4d54 | ee01 0000 | 4883 8658 | 0400 0001 

  0x000001ee3679cbd4: ;   {metadata(method data for {method} {0x000001ee54057db8} 'isTab' '()Z' in 'com/sun/javafx/text/TextRun')}
  0x000001ee3679cbd4: 48ba e0ef | 2f55 ee01 | 0000 8bb2 | 9000 0000 | 83c6 0289 | b290 0000 | 0081 e6fe | ff1f 0085 
  0x000001ee3679cbf4: f60f 8494 | 4200 008b | 572c 83e2 

  0x000001ee3679cc00: ;   {metadata(method data for {method} {0x000001ee54057db8} 'isTab' '()Z' in 'com/sun/javafx/text/TextRun')}
  0x000001ee3679cc00: 0185 d248 | bae0 ef2f | 55ee 0100 | 00be d800 | 0000 7405 | bee8 0000 | 0048 8b1c | 3248 8d5b 
  0x000001ee3679cc20: 0148 891c | 320f 841a 

  0x000001ee3679cc28: ;   {metadata(method data for {method} {0x000001ee54057db8} 'isTab' '()Z' in 'com/sun/javafx/text/TextRun')}
  0x000001ee3679cc28: 0000 0048 | bae0 ef2f | 55ee 0100 | 00ff 82f8 | 0000 00ba | 0100 0000 | e905 0000 | 00ba 0000 
  0x000001ee3679cc48: 0000 83e2 

  0x000001ee3679cc4c: ;   {metadata(method data for {method} {0x000001ee53c75340} 'layout' '()V' in 'com/sun/javafx/text/PrismTextLayout')}
  0x000001ee3679cc4c: 0185 d248 | ba10 c04d | 54ee 0100 | 00be 7804 | 0000 7405 | be88 0400 | 0048 8b1c | 3248 8d5b 
  0x000001ee3679cc6c: 0148 891c | 320f 8478 | 0000 00c5 | fa10 8424 | bc01 0000 | c5fa 108c | 24c0 0100 | 00c5 f25e 
  0x000001ee3679cc8c: c8c5 fa2c | d181 fa00 | 0000 8075 | 0f48 83ec | 08c5 fa11 

  0x000001ee3679cca0: ;   {runtime_call Stub::f2i_fixup}
  0x000001ee3679cca0: 0c24 e843 | 47ac 065a | ffc2 c5f2 | 2aca c5f2 | 59c8 488b 

  0x000001ee3679ccb4: ;   {metadata(method data for {method} {0x000001ee53c75340} 'layout' '()V' in 'com/sun/javafx/text/PrismTextLayout')}
  0x000001ee3679ccb4: d748 be10 | c04d 54ee 

  0x000001ee3679ccbc: ;   {metadata('com/sun/javafx/text/TextRun')}
  0x000001ee3679ccbc: 0100 0049 | bac0 6630 | 3b00 0000 | 004c 8996 | a004 0000 | 4883 86a8 | 0400 0001 | c5f2 5c8c 
  0x000001ee3679ccdc: 24c0 0100 | 00c5 fa11 | 4f18 c5fa | 1184 24bc | 0100 0048 

  0x000001ee3679ccf0: ;   {metadata(method data for {method} {0x000001ee53c75340} 'layout' '()V' in 'com/sun/javafx/text/PrismTextLayout')}
  0x000001ee3679ccf0: 8bf7 48bb | 10c0 4d54 | ee01 0000 | 4883 83d8 | 0400 0001 

  0x000001ee3679cd04: ;   {optimized virtual_call}
  0x000001ee3679cd04: 488b d7e8 

  0x000001ee3679cd08: ; ImmutableOopMap {[176]=Oop [184]=Oop [192]=Oop [216]=Oop [240]=Oop [248]=Oop }
                      ;*invokevirtual getWidth {reexecute=0 rethrow=0 return_oop=0}
                      ; - com.sun.javafx.text.PrismTextLayout::layout@260 (line 1119)
  0x000001ee3679cd08: 249e 5d07 

  0x000001ee3679cd0c: ;   {post_call_nop}
  0x000001ee3679cd0c: 0f1f 8400 | 040e 000c | 488b 9424 | b000 0000 | c5fa 104a 

  0x000001ee3679cd20: ;   {section_word}
  0x000001ee3679cd20: 18c5 fa10 | 15e3 f2ff | ffc5 f82e | cabe ffff | ffff 0f8a | 1400 0000 | 0f82 0e00 | 0000 be00 
  0x000001ee3679cd40: 0000 000f | 8403 0000 | 0048 ffc6 

  0x000001ee3679cd4c: ;   {metadata(method data for {method} {0x000001ee53c75340} 'layout' '()V' in 'com/sun/javafx/text/PrismTextLayout')}
  0x000001ee3679cd4c: 85f6 48be | 10c0 4d54 | ee01 0000 | bf08 0500 | 007f 05bf | f804 0000 | 488b 1c3e | 488d 5b01 
  0x000001ee3679cd6c: 4889 1c3e | 0f8f 1400 | 0000 488b | bc24 f800 | 0000 8bb4 | 24e8 0000 | 00e9 4015 | 0000 c5f8 
  0x000001ee3679cd8c: 28d0 c5ea | 5894 24c0 | 0100 00c5 | f82e d1be | ffff ffff | 0f8a 1400 | 0000 0f82 | 0e00 0000 
  0x000001ee3679cdac: be00 0000 | 000f 8403 | 0000 0048 | ffc6 85f6 

  0x000001ee3679cdbc: ;   {metadata(method data for {method} {0x000001ee53c75340} 'layout' '()V' in 'com/sun/javafx/text/PrismTextLayout')}
  0x000001ee3679cdbc: 48be 10c0 | 4d54 ee01 | 0000 bf28 | 0500 007f | 05bf 1805 | 0000 488b | 1c3e 488d | 5b01 4889 
  0x000001ee3679cddc: 1c3e 488b | bc24 f800 | 0000 0f8f | 0c00 0000 | 8bb4 24e8 | 0000 00e9 | d214 0000 

  0x000001ee3679cdf8: ;   {metadata(method data for {method} {0x000001ee53c75340} 'layout' '()V' in 'com/sun/javafx/text/PrismTextLayout')}
  0x000001ee3679cdf8: 488b f748 | bb10 c04d | 54ee 0100 | 0048 8383 | 4805 0000 

  0x000001ee3679ce0c: ;   {metadata(method data for {method} {0x000001ee54057ad8} 'isLinebreak' '()Z' in 'com/sun/javafx/text/TextRun')}
  0x000001ee3679ce0c: 0148 be18 | f12f 55ee | 0100 008b | 9e90 0000 | 0083 c302 | 899e 9000 | 0000 81e3 | feff 1f00 
  0x000001ee3679ce2c: 85db 0f84 | 7c40 0000 | 8b77 2c83 | e602 85f6 

  0x000001ee3679ce3c: ;   {metadata(method data for {method} {0x000001ee54057ad8} 'isLinebreak' '()Z' in 'com/sun/javafx/text/TextRun')}
  0x000001ee3679ce3c: 48be 18f1 | 2f55 ee01 | 0000 bbd8 | 0000 0074 | 05bb e800 | 0000 488b | 041e 488d | 4001 4889 
  0x000001ee3679ce5c: 041e 0f84 | 1a00 0000 

  0x000001ee3679ce64: ;   {metadata(method data for {method} {0x000001ee54057ad8} 'isLinebreak' '()Z' in 'com/sun/javafx/text/TextRun')}
  0x000001ee3679ce64: 48be 18f1 | 2f55 ee01 | 0000 ff86 | f800 0000 | be01 0000 | 00e9 0500 | 0000 be00 | 0000 0083 
  0x000001ee3679ce84: e601 85f6 

  0x000001ee3679ce88: ;   {metadata(method data for {method} {0x000001ee53c75340} 'layout' '()V' in 'com/sun/javafx/text/PrismTextLayout')}
  0x000001ee3679ce88: 48be 10c0 | 4d54 ee01 | 0000 bb78 | 0500 0074 | 05bb 6805 | 0000 488b | 041e 488d | 4001 4889 
  0x000001ee3679cea8: 041e 0f84 | 0c00 0000 | 8bb4 24e8 | 0000 00e9 | 0e14 0000 | c5fa 1184 | 24c4 0100 | 0048 8bf7 
  0x000001ee3679cec8: ;   {metadata(method data for {method} {0x000001ee53c75340} 'layout' '()V' in 'com/sun/javafx/text/PrismTextLayout')}
  0x000001ee3679cec8: 48bb 10c0 | 4d54 ee01 | 0000 4883 | 8398 0500 | 0001 8b77 | 1048 8bdf 

  0x000001ee3679cee0: ;   {metadata(method data for {method} {0x000001ee53c75340} 'layout' '()V' in 'com/sun/javafx/text/PrismTextLayout')}
  0x000001ee3679cee0: 48b8 10c0 | 4d54 ee01 | 0000 4883 | 80c8 0500 | 0001 c5f2 | 5c8c 24c0 | 0100 00c5 | f828 c148 
  0x000001ee3679cf00: 8bd7 89b4 | 2404 0100 | 0066 0f1f 

  0x000001ee3679cf0c: ;   {optimized virtual_call}
  0x000001ee3679cf0c: 4400 00e8 

  0x000001ee3679cf10: ; ImmutableOopMap {[176]=Oop [184]=Oop [192]=Oop [216]=Oop [240]=Oop [248]=Oop }
                      ;*invokevirtual getWrapIndex {reexecute=0 rethrow=0 return_oop=0}
                      ; - com.sun.javafx.text.PrismTextLayout::layout@309 (line 1123)
  0x000001ee3679cf10: cc22 b106 

  0x000001ee3679cf14: ;   {post_call_nop}
  0x000001ee3679cf14: 0f1f 8400 | 0c10 000d | 8bb4 2404 | 0100 0003 | f048 8bbc | 24f8 0000 

  0x000001ee3679cf2c: ;   {metadata(method data for {method} {0x000001ee53c75340} 'layout' '()V' in 'com/sun/javafx/text/PrismTextLayout')}
  0x000001ee3679cf2c: 0049 b810 | c04d 54ee | 0100 0049 | 8380 f805 

  0x000001ee3679cf3c: ;   {metadata(method data for {method} {0x000001ee540575d0} 'getEnd' '()I' in 'com/sun/javafx/text/TextRun')}
  0x000001ee3679cf3c: 0000 0149 | b8e8 f52f | 55ee 0100 | 0041 8b90 | 9000 0000 | 83c2 0241 | 8990 9000 | 0000 81e2 
  0x000001ee3679cf5c: feff 1f00 | 85d2 0f84 | 693f 0000 | 488b bc24 | f800 0000 | 448b 4710 | 8b57 1444 | 03c2 488b 
  0x000001ee3679cf7c: d6ff c241 

  0x000001ee3679cf80: ;   {metadata(method data for {method} {0x000001ee53c75340} 'layout' '()V' in 'com/sun/javafx/text/PrismTextLayout')}
  0x000001ee3679cf80: 3bd0 49b8 | 10c0 4d54 | ee01 0000 | bb28 0600 | 007c 05bb | 1806 0000 | 498b 0418 | 488d 4001 
  0x000001ee3679cfa0: 4989 0418 | 0f8c 1800 | 0000 488b | de48 8b8c | 24d8 0000 | 0048 8b84 | 24b8 0000 | 00e9 6100 
  0x000001ee3679cfc0: 0000 488b | 8424 b800 | 0000 3b70 | 0c0f 8329 | 3f00 004c | 63c6 460f | b744 4010 | 4183 f820 
  0x000001ee3679cfe0: ;   {metadata(method data for {method} {0x000001ee53c75340} 'layout' '()V' in 'com/sun/javafx/text/PrismTextLayout')}
  0x000001ee3679cfe0: 49b8 10c0 | 4d54 ee01 | 0000 bb48 | 0600 0074 | 05bb 3806 | 0000 498b | 0c18 488d | 4901 4989 
  0x000001ee3679d000: 0c18 0f84 | 1000 0000 | 488b de48 | 8b8c 24d8 | 0000 00e9 | 0b00 0000 | 488b da48 | 8b8c 24d8 
  0x000001ee3679d020: 0000 0048 

  0x000001ee3679d024: ;   {metadata(method data for {method} {0x000001ee53c75340} 'layout' '()V' in 'com/sun/javafx/text/PrismTextLayout')}
  0x000001ee3679d024: 85c9 49b8 | 10c0 4d54 | ee01 0000 | ba58 0600 | 0074 05ba | 6806 0000 | 4d8b 0c10 | 4d8d 4901 
  0x000001ee3679d044: 4d89 0c10 | 89b4 240c | 0100 000f | 84be 0300 | 0048 3b01 

  0x000001ee3679d058: ;   {metadata(method data for {method} {0x000001ee53c75340} 'layout' '()V' in 'com/sun/javafx/text/PrismTextLayout')}
  0x000001ee3679d058: 4c8b c148 | ba10 c04d | 54ee 0100 

  0x000001ee3679d064: ;   {metadata('sun/util/locale/provider/BreakIteratorProviderImpl$GraphemeBreakIterator')}
  0x000001ee3679d064: 0049 ba18 | 0c5e 3b00 | 0000 004c | 8992 8006 | 0000 4883 | 8288 0600 | 0001 4c8b | c348 8bd1 
  0x000001ee3679d084: 4889 8c24 | d800 0000 | 899c 2408 | 0100 000f 

  0x000001ee3679d094: ;   {optimized virtual_call}
  0x000001ee3679d094: 1f40 00e8 

  0x000001ee3679d098: ; ImmutableOopMap {[176]=Oop [184]=Oop [192]=Oop [216]=Oop [240]=Oop [248]=Oop }
                      ;*invokevirtual isBoundary {reexecute=0 rethrow=0 return_oop=0}
                      ; - com.sun.javafx.text.PrismTextLayout::layout@360 (line 1142)
  0x000001ee3679d098: 4421 b106 

  0x000001ee3679d09c: ;   {post_call_nop}
  0x000001ee3679d09c: 0f1f 8400 | 9411 000e 

  0x000001ee3679d0a4: ;   {metadata(method data for {method} {0x000001ee53c75340} 'layout' '()V' in 'com/sun/javafx/text/PrismTextLayout')}
  0x000001ee3679d0a4: 85c0 49b8 | 10c0 4d54 | ee01 0000 | baa8 0600 | 0075 05ba | b806 0000 | 498b 3410 | 488d 7601 
  0x000001ee3679d0c4: 4989 3410 | 8b9c 2408 | 0100 0048 | 8b84 24b8 | 0000 000f | 853e 0000 | 003b 580c | 0f83 333e 
  0x000001ee3679d0e4: 0000 4c63 | c346 0fb7 | 4440 1041 

  0x000001ee3679d0f0: ;   {metadata(method data for {method} {0x000001ee53c75340} 'layout' '()V' in 'com/sun/javafx/text/PrismTextLayout')}
  0x000001ee3679d0f0: 83f8 0949 | b810 c04d | 54ee 0100 | 00ba c806 | 0000 7505 | bad8 0600 | 0049 8b34 | 1048 8d76 
  0x000001ee3679d110: 0149 8934 | 100f 8516 

  0x000001ee3679d118: ;   {metadata(method data for {method} {0x000001ee53c75340} 'layout' '()V' in 'com/sun/javafx/text/PrismTextLayout')}
  0x000001ee3679d118: 0000 0049 | b810 c04d | 54ee 0100 | 0041 ff80 | e806 0000 | e9cd 0200 | 0048 8bb4 | 24d8 0000 
  0x000001ee3679d138: ;   {metadata(method data for {method} {0x000001ee53c75340} 'layout' '()V' in 'com/sun/javafx/text/PrismTextLayout')}
  0x000001ee3679d138: 0049 b810 | c04d 54ee | 0100 008b | 7608 41ba | 0000 003a | 4903 f249 | 3bb0 0807 | 0000 750d 
  0x000001ee3679d158: 4983 8010 | 0700 0001 | e960 0000 | 0049 3bb0 | 1807 0000 | 750d 4983 | 8020 0700 | 0001 e94a 
  0x000001ee3679d178: 0000 0049 | 83b8 0807 | 0000 0075 | 1749 89b0 | 0807 0000 | 49c7 8010 | 0700 0001 | 0000 00e9 
  0x000001ee3679d198: 2900 0000 | 4983 b818 | 0700 0000 | 7517 4989 | b018 0700 | 0049 c780 | 2007 0000 | 0100 0000 
  0x000001ee3679d1b8: e908 0000 | 0049 8380 | 0007 0000 

  0x000001ee3679d1c4: ;   {metadata(method data for {method} {0x000001ee553bb6e8} 'preceding' '(I)I' in 'java/text/BreakIterator')}
  0x000001ee3679d1c4: 0149 b840 | b4b4 55ee | 0100 0041 | 8b90 9000 | 0000 83c2 | 0241 8990 | 9000 0000 | 81e2 feff 
  0x000001ee3679d1e4: 1f00 85d2 | 0f84 393d | 0000 488b | b424 d800 

  0x000001ee3679d1f4: ;   {metadata(method data for {method} {0x000001ee553bb6e8} 'preceding' '(I)I' in 'java/text/BreakIterator')}
  0x000001ee3679d1f4: 0000 49b8 | 40b4 b455 | ee01 0000 

  0x000001ee3679d200: ;   {metadata('sun/util/locale/provider/BreakIteratorProviderImpl$GraphemeBreakIterator')}
  0x000001ee3679d200: 49ba 180c | 5e3b 0000 | 0000 4d89 | 90e0 0000 | 0049 8380 | e800 0000 | 014c 8bc3 | 488b 9424 
  0x000001ee3679d220: d800 0000 | 899c 2408 | 0100 000f 

  0x000001ee3679d22c: ;   {optimized virtual_call}
  0x000001ee3679d22c: 1f40 00e8 

  0x000001ee3679d230: ; ImmutableOopMap {[176]=Oop [184]=Oop [192]=Oop [216]=Oop [240]=Oop [248]=Oop }
                      ;*invokevirtual following {reexecute=0 rethrow=0 return_oop=0}
                      ; - java.text.BreakIterator::preceding@2 (line 363)
                      ; - com.sun.javafx.text.PrismTextLayout::layout@384 (line 1142)
  0x000001ee3679d230: ac1f b106 

  0x000001ee3679d234: ;   {post_call_nop}
  0x000001ee3679d234: 0f1f 8400 | 2c13 000f | e979 0100 | 000f 1f80 | 0000 0000 

  0x000001ee3679d248: ;   {metadata(method data for {method} {0x000001ee553bb6e8} 'preceding' '(I)I' in 'java/text/BreakIterator')}
  0x000001ee3679d248: 83f8 ff49 | b840 b4b4 | 55ee 0100 | 00ba 2801 | 0000 7405 | ba38 0100 | 0049 8b3c | 1048 8d7f 
  0x000001ee3679d268: 0149 893c | 100f 8480 | 0100 0089 | 9c24 0801 | 0000 4c8b 

  0x000001ee3679d27c: ;   {metadata(method data for {method} {0x000001ee553bb6e8} 'preceding' '(I)I' in 'java/text/BreakIterator')}
  0x000001ee3679d27c: c648 ba40 | b4b4 55ee 

  0x000001ee3679d284: ;   {metadata('sun/util/locale/provider/BreakIteratorProviderImpl$GraphemeBreakIterator')}
  0x000001ee3679d284: 0100 0049 | ba18 0c5e | 3b00 0000 | 004c 8992 | 5001 0000 | 4883 8258 | 0100 0001 

  0x000001ee3679d2a0: ;   {metadata(method data for {method} {0x000001ee553bea88} 'previous' '()I' in 'sun/util/locale/provider/BreakIteratorProviderImpl$GraphemeBreakIterator')}
  0x000001ee3679d2a0: 49b8 18b6 | b455 ee01 | 0000 418b | 9090 0000 | 0083 c202 | 4189 9090 | 0000 0081 | e2fe ff1f 
  0x000001ee3679d2c0: 0085 d20f | 847f 3c00 | 004c 8bc6 

  0x000001ee3679d2cc: ;   {metadata(method data for {method} {0x000001ee553bea88} 'previous' '()I' in 'sun/util/locale/provider/BreakIteratorProviderImpl$GraphemeBreakIterator')}
  0x000001ee3679d2cc: 48ba 18b6 | b455 ee01 | 0000 458b | 4008 41ba | 0000 003a | 4d03 c24c | 3b82 e000 | 0000 750d 
  0x000001ee3679d2ec: 4883 82e8 | 0000 0001 | e960 0000 | 004c 3b82 | f000 0000 | 750d 4883 | 82f8 0000 | 0001 e94a 
  0x000001ee3679d30c: 0000 0048 | 83ba e000 | 0000 0075 | 174c 8982 | e000 0000 | 48c7 82e8 | 0000 0001 | 0000 00e9 
  0x000001ee3679d32c: 2900 0000 | 4883 baf0 | 0000 0000 | 7517 4c89 | 82f0 0000 | 0048 c782 | f800 0000 | 0100 0000 
  0x000001ee3679d34c: e908 0000 | 0048 8382 | d800 0000 | 0141 b8ff | ffff ff48 | 8bd6 4889 | b424 d800 | 0000 0f1f 
  0x000001ee3679d36c: ;   {optimized virtual_call}
  0x000001ee3679d36c: 4400 00e8 

  0x000001ee3679d370: ; ImmutableOopMap {[176]=Oop [184]=Oop [192]=Oop [216]=Oop [240]=Oop [248]=Oop }
                      ;*invokevirtual next {reexecute=0 rethrow=0 return_oop=0}
                      ; - sun.util.locale.provider.BreakIteratorProviderImpl$GraphemeBreakIterator::previous@2 (line 247)
                      ; - java.text.BreakIterator::preceding@17 (line 365)
                      ; - com.sun.javafx.text.PrismTextLayout::layout@384 (line 1142)
  0x000001ee3679d370: 6c1e b106 

  0x000001ee3679d374: ;   {post_call_nop}
  0x000001ee3679d374: 0f1f 8400 | 6c14 0010 

  0x000001ee3679d37c: ;   {metadata(method data for {method} {0x000001ee553bb6e8} 'preceding' '(I)I' in 'java/text/BreakIterator')}
  0x000001ee3679d37c: 48ba 40b4 | b455 ee01 | 0000 8bb2 | 9400 0000 | 83c6 0289 | b294 0000 | 0081 e6fe | 3f00 0085 
  0x000001ee3679d39c: f60f 84c6 | 3b00 004d 

  0x000001ee3679d3a4: ; ImmutableOopMap {[176]=Oop [184]=Oop [192]=Oop [216]=Oop [240]=Oop [248]=Oop }
                      ;*goto {reexecute=1 rethrow=0 return_oop=0}
                      ; - (reexecute) java.text.BreakIterator::preceding@21 (line 365)
                      ; - com.sun.javafx.text.PrismTextLayout::layout@384 (line 1142)
                      ;   {poll}
  0x000001ee3679d3a4: 8b57 3041 

  0x000001ee3679d3a8: ;   {metadata(method data for {method} {0x000001ee553bb6e8} 'preceding' '(I)I' in 'java/text/BreakIterator')}
  0x000001ee3679d3a8: 8502 48ba | 40b4 b455 | ee01 0000 | ff82 7801 | 0000 8b9c | 2408 0100 | 0048 8bb4 | 24d8 0000 
  0x000001ee3679d3c8: ;   {metadata(method data for {method} {0x000001ee553bb6e8} 'preceding' '(I)I' in 'java/text/BreakIterator')}
  0x000001ee3679d3c8: 003b c349 | b840 b4b4 | 55ee 0100 | 00ba 1801 | 0000 7d05 | ba08 0100 | 0049 8b3c | 1048 8d7f 
  0x000001ee3679d3e8: 0149 893c | 100f 8d55 | feff ff48 | 89b4 24d8 | 0000 0048 

  0x000001ee3679d3fc: ;   {metadata(method data for {method} {0x000001ee53c75340} 'layout' '()V' in 'com/sun/javafx/text/PrismTextLayout')}
  0x000001ee3679d3fc: 8bd8 48ba | 10c0 4d54 | ee01 0000 | ff82 3007 | 0000 e915 | 0400 0048 | 898c 24d8 | 0000 003b 
  0x000001ee3679d41c: 580c 0f83 | 703b 0000 | 4863 d30f | b774 5010 

  0x000001ee3679d42c: ;   {metadata(method data for {method} {0x000001ee53c75340} 'layout' '()V' in 'com/sun/javafx/text/PrismTextLayout')}
  0x000001ee3679d42c: 48ba 10c0 | 4d54 ee01 | 0000 4883 | 8248 0700 

  0x000001ee3679d43c: ;   {metadata(method data for {method} {0x000000003a1a8bc8} 'isWhitespace' '(C)Z' in 'java/lang/Character')}
  0x000001ee3679d43c: 0001 48ba | 3001 3253 | ee01 0000 | 8bba 9000 | 0000 83c7 | 0289 ba90 | 0000 0081 | e7fe ff1f 
  0x000001ee3679d45c: 0085 ff0f | 843d 3b00 

  0x000001ee3679d464: ;   {metadata(method data for {method} {0x000000003a1a8bc8} 'isWhitespace' '(C)Z' in 'java/lang/Character')}
  0x000001ee3679d464: 0048 ba30 | 0132 53ee | 0100 0048 | 8382 d800 

  0x000001ee3679d474: ;   {metadata(method data for {method} {0x000000003a1a8c20} 'isWhitespace' '(I)Z' in 'java/lang/Character')}
  0x000001ee3679d474: 0000 0148 | bad8 ff31 | 53ee 0100 | 008b ba90 | 0000 0083 | c702 89ba | 9000 0000 | 81e7 feff 
  0x000001ee3679d494: 1f00 85ff | 0f84 253b 

  0x000001ee3679d49c: ;   {metadata(method data for {method} {0x000000003a1a8c20} 'isWhitespace' '(I)Z' in 'java/lang/Character')}
  0x000001ee3679d49c: 0000 48ba | d8ff 3153 | ee01 0000 | 4883 82d8 | 0000 0001 | 488b d689 | 9c24 0801 | 0000 89b4 
  0x000001ee3679d4bc: 2410 0100 | 0066 0f1f 

  0x000001ee3679d4c4: ;   {static_call}
  0x000001ee3679d4c4: 4400 00e8 

  0x000001ee3679d4c8: ; ImmutableOopMap {[176]=Oop [184]=Oop [192]=Oop [216]=Oop [240]=Oop [248]=Oop }
                      ;*invokestatic of {reexecute=0 rethrow=0 return_oop=0}
                      ; - java.lang.Character::isWhitespace@1 (line 11711)
                      ; - java.lang.Character::isWhitespace@1 (line 11680)
                      ; - com.sun.javafx.text.PrismTextLayout::layout@396 (line 1145)
  0x000001ee3679d4c8: 1427 b106 

  0x000001ee3679d4cc: ;   {post_call_nop}
  0x000001ee3679d4cc: 0f1f 8400 | c415 0012 

  0x000001ee3679d4d4: ; implicit exception: dispatches to 0x000001ee367a0fe4
  0x000001ee3679d4d4: 483b 004c 

  0x000001ee3679d4d8: ;   {metadata(method data for {method} {0x000000003a1a8c20} 'isWhitespace' '(I)Z' in 'java/lang/Character')}
  0x000001ee3679d4d8: 8bc0 48ba | d8ff 3153 | ee01 0000 | 458b 4008 | 41ba 0000 | 003a 4d03 | c24c 3b82 | f000 0000 
  0x000001ee3679d4f8: 750d 4883 | 82f8 0000 | 0001 e960 | 0000 004c | 3b82 0001 | 0000 750d | 4883 8208 | 0100 0001 
  0x000001ee3679d518: e94a 0000 | 0048 83ba | f000 0000 | 0075 174c | 8982 f000 | 0000 48c7 | 82f8 0000 | 0001 0000 
  0x000001ee3679d538: 00e9 2900 | 0000 4883 | ba00 0100 | 0000 7517 | 4c89 8200 | 0100 0048 | c782 0801 | 0000 0100 
  0x000001ee3679d558: 0000 e908 | 0000 0048 | 8382 e800 | 0000 0144 | 8b84 2410 | 0100 0048 | 8bd0 6666 | 9048 b8c0 
  0x000001ee3679d578: 51f4 6aee 

  0x000001ee3679d57c: ;   {virtual_call}
  0x000001ee3679d57c: 0100 00e8 

  0x000001ee3679d580: ; ImmutableOopMap {[176]=Oop [184]=Oop [192]=Oop [216]=Oop [240]=Oop [248]=Oop }
                      ;*invokevirtual isWhitespace {reexecute=0 rethrow=0 return_oop=0}
                      ; - java.lang.Character::isWhitespace@5 (line 11711)
                      ; - java.lang.Character::isWhitespace@1 (line 11680)
                      ; - com.sun.javafx.text.PrismTextLayout::layout@396 (line 1145)
  0x000001ee3679d580: 5c21 b106 

  0x000001ee3679d584: ;   {post_call_nop}
  0x000001ee3679d584: 0f1f 8400 | 7c16 0013 | 83e0 0183 | e001 8b9c | 2408 0100 | 0089 8424 | 1801 0000 | 488b 8424 
  0x000001ee3679d5a4: b800 0000 | 3b9c 24ec 

  0x000001ee3679d5ac: ;   {metadata(method data for {method} {0x000001ee53c75340} 'layout' '()V' in 'com/sun/javafx/text/PrismTextLayout')}
  0x000001ee3679d5ac: 0000 0048 | ba10 c04d | 54ee 0100 | 00bf 5807 | 0000 7e05 | bf68 0700 | 0048 8b0c | 3a48 8d49 
  0x000001ee3679d5cc: 0148 890c | 3a48 8bd3 | 0f8e 2c02 | 0000 ffca | 3b50 0c0f | 8304 3a00 | 0048 63d2 | 0fb7 7c50 
  0x000001ee3679d5ec: ;   {metadata(method data for {method} {0x000001ee53c75340} 'layout' '()V' in 'com/sun/javafx/text/PrismTextLayout')}
  0x000001ee3679d5ec: 1048 ba10 | c04d 54ee | 0100 0048 | 8382 7807 

  0x000001ee3679d5fc: ;   {metadata(method data for {method} {0x000000003a1a8bc8} 'isWhitespace' '(C)Z' in 'java/lang/Character')}
  0x000001ee3679d5fc: 0000 0148 | ba30 0132 | 53ee 0100 | 008b 8a90 | 0000 0083 | c102 898a | 9000 0000 | 81e1 feff 
  0x000001ee3679d61c: 1f00 85c9 | 0f84 d139 

  0x000001ee3679d624: ;   {metadata(method data for {method} {0x000000003a1a8bc8} 'isWhitespace' '(C)Z' in 'java/lang/Character')}
  0x000001ee3679d624: 0000 48ba | 3001 3253 | ee01 0000 | 4883 82d8 | 0000 0001 

  0x000001ee3679d638: ;   {metadata(method data for {method} {0x000000003a1a8c20} 'isWhitespace' '(I)Z' in 'java/lang/Character')}
  0x000001ee3679d638: 48ba d8ff | 3153 ee01 | 0000 8b8a | 9000 0000 | 83c1 0289 | 8a90 0000 | 0081 e1fe | ff1f 0085 
  0x000001ee3679d658: c90f 84b9 

  0x000001ee3679d65c: ;   {metadata(method data for {method} {0x000000003a1a8c20} 'isWhitespace' '(I)Z' in 'java/lang/Character')}
  0x000001ee3679d65c: 3900 0048 | bad8 ff31 | 53ee 0100 | 0048 8382 | d800 0000 | 0148 8bd7 | 899c 241c | 0100 0089 
  0x000001ee3679d67c: bc24 1401 | 0000 0f1f 

  0x000001ee3679d684: ;   {static_call}
  0x000001ee3679d684: 4400 00e8 

  0x000001ee3679d688: ; ImmutableOopMap {[176]=Oop [184]=Oop [192]=Oop [216]=Oop [240]=Oop [248]=Oop }
                      ;*invokestatic of {reexecute=0 rethrow=0 return_oop=0}
                      ; - java.lang.Character::isWhitespace@1 (line 11711)
                      ; - java.lang.Character::isWhitespace@1 (line 11680)
                      ; - com.sun.javafx.text.PrismTextLayout::layout@414 (line 1147)
  0x000001ee3679d688: 5425 b106 

  0x000001ee3679d68c: ;   {post_call_nop}
  0x000001ee3679d68c: 0f1f 8400 | 8417 0014 

  0x000001ee3679d694: ; implicit exception: dispatches to 0x000001ee367a1039
  0x000001ee3679d694: 483b 004c 

  0x000001ee3679d698: ;   {metadata(method data for {method} {0x000000003a1a8c20} 'isWhitespace' '(I)Z' in 'java/lang/Character')}
  0x000001ee3679d698: 8bc0 48ba | d8ff 3153 | ee01 0000 | 458b 4008 | 41ba 0000 | 003a 4d03 | c24c 3b82 | f000 0000 
  0x000001ee3679d6b8: 750d 4883 | 82f8 0000 | 0001 e960 | 0000 004c | 3b82 0001 | 0000 750d | 4883 8208 | 0100 0001 
  0x000001ee3679d6d8: e94a 0000 | 0048 83ba | f000 0000 | 0075 174c | 8982 f000 | 0000 48c7 | 82f8 0000 | 0001 0000 
  0x000001ee3679d6f8: 00e9 2900 | 0000 4883 | ba00 0100 | 0000 7517 | 4c89 8200 | 0100 0048 | c782 0801 | 0000 0100 
  0x000001ee3679d718: 0000 e908 | 0000 0048 | 8382 e800 | 0000 0144 | 8b84 2414 | 0100 0048 | 8bd0 6666 | 9048 b8e8 
  0x000001ee3679d738: 51f4 6aee 

  0x000001ee3679d73c: ;   {virtual_call}
  0x000001ee3679d73c: 0100 00e8 

  0x000001ee3679d740: ; ImmutableOopMap {[176]=Oop [184]=Oop [192]=Oop [216]=Oop [240]=Oop [248]=Oop }
                      ;*invokevirtual isWhitespace {reexecute=0 rethrow=0 return_oop=0}
                      ; - java.lang.Character::isWhitespace@5 (line 11711)
                      ; - java.lang.Character::isWhitespace@1 (line 11680)
                      ; - com.sun.javafx.text.PrismTextLayout::layout@414 (line 1147)
  0x000001ee3679d740: 9c1f b106 

  0x000001ee3679d744: ;   {post_call_nop}
  0x000001ee3679d744: 0f1f 8400 | 3c18 0015 | 83e0 0183 | e001 8b9c | 2418 0100 

  0x000001ee3679d758: ;   {metadata(method data for {method} {0x000001ee53c75340} 'layout' '()V' in 'com/sun/javafx/text/PrismTextLayout')}
  0x000001ee3679d758: 0085 db48 | bb10 c04d | 54ee 0100 | 00ba 8807 | 0000 7505 | ba98 0700 | 0048 8b34 | 1348 8d76 
  0x000001ee3679d778: 0148 8934 | 130f 852a | 0000 0085 

  0x000001ee3679d784: ;   {metadata(method data for {method} {0x000001ee53c75340} 'layout' '()V' in 'com/sun/javafx/text/PrismTextLayout')}
  0x000001ee3679d784: c048 bb10 | c04d 54ee | 0100 00ba | b807 0000 | 7505 baa8 | 0700 0048 | 8b34 1348 | 8d76 0148 
  0x000001ee3679d7a4: 8934 130f | 8561 0000 | 008b 9424 | 1c01 0000 

  0x000001ee3679d7b4: ;   {metadata(method data for {method} {0x000001ee53c75340} 'layout' '()V' in 'com/sun/javafx/text/PrismTextLayout')}
  0x000001ee3679d7b4: ffca 48bb | 10c0 4d54 | ee01 0000 | 8bb3 9400 | 0000 83c6 | 0289 b394 | 0000 0081 | e6fe 3f00 
  0x000001ee3679d7d4: 0085 f60f | 8461 3800 | 004d 8b57 

  0x000001ee3679d7e0: ; ImmutableOopMap {[176]=Oop [184]=Oop [192]=Oop [216]=Oop [240]=Oop [248]=Oop }
                      ;*goto {reexecute=1 rethrow=0 return_oop=0}
                      ; - (reexecute) com.sun.javafx.text.PrismTextLayout::layout@439 (line 1151)
                      ;   {poll}
  0x000001ee3679d7e0: 3041 8502 

  0x000001ee3679d7e4: ;   {metadata(method data for {method} {0x000001ee53c75340} 'layout' '()V' in 'com/sun/javafx/text/PrismTextLayout')}
  0x000001ee3679d7e4: 48bb 10c0 | 4d54 ee01 | 0000 ff83 | e007 0000 | 488b d889 | 9c24 1801 | 0000 488b | dae9 9afd 
  0x000001ee3679d804: ffff 488b | dae9 1a00 | 0000 8b94 | 241c 0100 

  0x000001ee3679d814: ;   {metadata(method data for {method} {0x000001ee53c75340} 'layout' '()V' in 'com/sun/javafx/text/PrismTextLayout')}
  0x000001ee3679d814: 0048 bb10 | c04d 54ee | 0100 00ff | 83c8 0700 | 0048 8bda | 3b9c 24ec 

  0x000001ee3679d82c: ;   {metadata(method data for {method} {0x000001ee53c75340} 'layout' '()V' in 'com/sun/javafx/text/PrismTextLayout')}
  0x000001ee3679d82c: 0000 0048 | ba10 c04d | 54ee 0100 | 00be f807 | 0000 7d05 | be08 0800 | 0048 8b3c | 3248 8d7f 
  0x000001ee3679d84c: 0148 893c | 320f 8d07 | 0000 008b | 9c24 ec00 | 0000 8b8c | 2400 0100 

  0x000001ee3679d864: ;   {oop(nullptr)}
  0x000001ee3679d864: 0048 ba00 | 0000 0000 | 0000 004c | 8b9c 24b0 | 0000 00e9 | d000 0000 | 0f1f 4000 | 418b 5340 
  0x000001ee3679d884: 48c1 e203 

  0x000001ee3679d888: ; implicit exception: dispatches to 0x000001ee367a105f
  0x000001ee3679d888: 3b4a 0c0f | 83d8 3700 | 0048 63f9 | 8b54 ba10 | 48c1 e203 

  0x000001ee3679d89c: ; implicit exception: dispatches to 0x000001ee367a1077
  0x000001ee3679d89c: 483b 0248 

  0x000001ee3679d8a0: ;   {metadata(method data for {method} {0x000001ee53c75340} 'layout' '()V' in 'com/sun/javafx/text/PrismTextLayout')}
  0x000001ee3679d8a0: 8bfa 48b8 | 10c0 4d54 | ee01 0000 | 4883 8048 | 0800 0001 

  0x000001ee3679d8b4: ;   {metadata(method data for {method} {0x000001ee540575d0} 'getEnd' '()I' in 'com/sun/javafx/text/TextRun')}
  0x000001ee3679d8b4: 48bf e8f5 | 2f55 ee01 | 0000 8b87 | 9000 0000 | 83c0 0289 | 8790 0000 | 0025 feff | 1f00 85c0 
  0x000001ee3679d8d4: 0f84 a237 | 0000 8b7a | 108b 4214 | 03f8 3bfb 

  0x000001ee3679d8e4: ;   {metadata(method data for {method} {0x000001ee53c75340} 'layout' '()V' in 'com/sun/javafx/text/PrismTextLayout')}
  0x000001ee3679d8e4: 48bf 10c0 | 4d54 ee01 | 0000 b878 | 0800 007f | 05b8 6808 | 0000 4c8b | 0407 4d8d | 4001 4c89 
  0x000001ee3679d904: 0407 0f8f | 7300 0000 

  0x000001ee3679d90c: ;   {metadata(method data for {method} {0x000001ee53c75340} 'layout' '()V' in 'com/sun/javafx/text/PrismTextLayout')}
  0x000001ee3679d90c: ffc1 48be | 10c0 4d54 | ee01 0000 | 8bbe 9400 | 0000 83c7 | 0289 be94 | 0000 0081 | e7fe 3f00 
  0x000001ee3679d92c: 0085 ff0f | 8468 3700 | 004d 8b57 

  0x000001ee3679d938: ; ImmutableOopMap {r11=Oop rdx=Oop [176]=Oop [184]=Oop [192]=Oop [216]=Oop [240]=Oop [248]=Oop }
                      ;*goto {reexecute=1 rethrow=0 return_oop=0}
                      ; - (reexecute) com.sun.javafx.text.PrismTextLayout::layout@494 (line 1163)
                      ;   {poll}
  0x000001ee3679d938: 3041 8502 

  0x000001ee3679d93c: ;   {metadata(method data for {method} {0x000001ee53c75340} 'layout' '()V' in 'com/sun/javafx/text/PrismTextLayout')}
  0x000001ee3679d93c: 48be 10c0 | 4d54 ee01 | 0000 ff86 | a008 0000 | 418b 730c 

  0x000001ee3679d950: ;   {metadata(method data for {method} {0x000001ee53c75340} 'layout' '()V' in 'com/sun/javafx/text/PrismTextLayout')}
  0x000001ee3679d950: 3bce 48bf | 10c0 4d54 | ee01 0000 | b818 0800 | 007d 05b8 | 2808 0000 | 4c8b 0407 | 4d8d 4001 
  0x000001ee3679d970: 4c89 0407 | 0f8d 1500 | 0000 e901 

  0x000001ee3679d97c: ;   {metadata(method data for {method} {0x000001ee53c75340} 'layout' '()V' in 'com/sun/javafx/text/PrismTextLayout')}
  0x000001ee3679d97c: ffff ff48 | bf10 c04d | 54ee 0100 | 00ff 8788 | 0800 003b | 9c24 ec00 

  0x000001ee3679d994: ;   {metadata(method data for {method} {0x000001ee53c75340} 'layout' '()V' in 'com/sun/javafx/text/PrismTextLayout')}
  0x000001ee3679d994: 0000 48bf | 10c0 4d54 | ee01 0000 | b8b8 0800 | 0075 05b8 | c808 0000 | 4c8b 0407 | 4d8d 4001 
  0x000001ee3679d9b4: 4c89 0407 | 0f85 1600 | 0000 8b9c | 240c 0100 | 0048 8b94 | 24f8 0000 | 008b 8c24 | e800 0000 
  0x000001ee3679d9d4: ; implicit exception: dispatches to 0x000001ee367a10be
  0x000001ee3679d9d4: 483b 0248 

  0x000001ee3679d9d8: ;   {metadata(method data for {method} {0x000001ee53c75340} 'layout' '()V' in 'com/sun/javafx/text/PrismTextLayout')}
  0x000001ee3679d9d8: 8bfa 48b8 | 10c0 4d54 | ee01 0000 | 4883 80e8 | 0800 0001 | 8b7a 102b 

  0x000001ee3679d9f0: ;   {metadata(method data for {method} {0x000001ee53c75340} 'layout' '()V' in 'com/sun/javafx/text/PrismTextLayout')}
  0x000001ee3679d9f0: df85 db48 | bf10 c04d | 54ee 0100 | 00b8 0809 | 0000 7505 | b818 0900 | 004c 8b04 | 074d 8d40 
  0x000001ee3679da10: 014c 8904 | 070f 852f | 0000 003b | 8c24 0001 

  0x000001ee3679da20: ;   {metadata(method data for {method} {0x000001ee53c75340} 'layout' '()V' in 'com/sun/javafx/text/PrismTextLayout')}
  0x000001ee3679da20: 0000 48bf | 10c0 4d54 | ee01 0000 | b838 0900 | 0075 05b8 | 2809 0000 | 4c8b 0407 | 4d8d 4001 
  0x000001ee3679da40: 4c89 0407 | 0f85 a106 | 0000 85db 

  0x000001ee3679da4c: ;   {metadata(method data for {method} {0x000001ee53c75340} 'layout' '()V' in 'com/sun/javafx/text/PrismTextLayout')}
  0x000001ee3679da4c: 48bf 10c0 | 4d54 ee01 | 0000 b860 | 0900 0075 | 05b8 7009 | 0000 4c8b | 0407 4d8d | 4001 4c89 
  0x000001ee3679da6c: 0407 0f85 | 0200 0000 | ffc3 488b 

  0x000001ee3679da78: ;   {metadata(method data for {method} {0x000001ee53c75340} 'layout' '()V' in 'com/sun/javafx/text/PrismTextLayout')}
  0x000001ee3679da78: fa48 b810 | c04d 54ee | 0100 0048 | 8380 9009 | 0000 018b | 7a14 3bdf 

  0x000001ee3679da90: ;   {metadata(method data for {method} {0x000001ee53c75340} 'layout' '()V' in 'com/sun/javafx/text/PrismTextLayout')}
  0x000001ee3679da90: 48bf 10c0 | 4d54 ee01 | 0000 b8c0 | 0900 007c | 05b8 b009 | 0000 4c8b | 0407 4d8d | 4001 4c89 
  0x000001ee3679dab0: 0407 0f8c | 0800 0000 | 498b d3e9 | 4106 0000 | 458b 4b40 | 49c1 e103 

  0x000001ee3679dac8: ; implicit exception: dispatches to 0x000001ee367a10c3
  0x000001ee3679dac8: 418b 790c 

  0x000001ee3679dacc: ;   {metadata(method data for {method} {0x000001ee53c75340} 'layout' '()V' in 'com/sun/javafx/text/PrismTextLayout')}
  0x000001ee3679dacc: 3bf7 48b8 | 10c0 4d54 | ee01 0000 | 41b8 d009 | 0000 7c06 | 41b8 e009 | 0000 4e8b | 2c00 4d8d 
  0x000001ee3679daec: 6d01 4e89 | 2c00 899c | 2438 0100 | 0048 8994 | 2430 0100 | 000f 8c51 | 0200 0083 | c740 488b 
  0x000001ee3679db0c: ;   {metadata('com/sun/javafx/text/TextRun'[])}
  0x000001ee3679db0c: df48 ba00 | 6d30 3b00 | 0000 004c | 8bc1 4863 | db48 8bfb | 4881 fbff | ffff 000f | 879b 3500 
  0x000001ee3679db2c: 00be 1700 | 0000 488d | 349e 4883 | e6f8 498b | 87c8 0100 | 0048 8d34 | 3049 3bb7 | d801 0000 
  0x000001ee3679db4c: 0f87 7635 | 0000 4989 | b7c8 0100 | 0048 2bf0 | 48c7 0001 | 0000 0048 | 8bca 41ba | 0000 003a 
  0x000001ee3679db6c: 492b ca89 | 4808 8958 | 0c48 83ee | 1048 85f6 | 0f84 1100 | 0000 4833 | db48 c1ee | 0348 895c 
  0x000001ee3679db8c: f008 48ff 

  0x000001ee3679db90: ;   {metadata(method data for {method} {0x000001ee53c75340} 'layout' '()V' in 'com/sun/javafx/text/PrismTextLayout')}
  0x000001ee3679db90: ce75 f648 | ba10 c04d | 54ee 0100 | 0048 8382 | f009 0000 | 0149 8bc8 | ffc1 498b | d144 8984 
  0x000001ee3679dbb0: 2420 0100 | 0041 b800 | 0000 004c | 8bc8 bf00 | 0000 0048 | 8bf1 4889 | 8424 2801 | 0000 898c 
  0x000001ee3679dbd0: 2424 0100 | 0049 8d0c | 303b 4a0c | 0f87 f034 | 0000 488d | 0c37 413b | 490c 0f87 | e234 0000 
  0x000001ee3679dbf0: 85f6 0f8c | da34 0000 | 4d63 c048 | 63ff 4a8d | 4c82 1049 | 8d54 b910 | 4c8b c648 | 83ec 2040 
  0x000001ee3679dc10: f6c4 0f0f | 8412 0000 | 0048 83ec 

  0x000001ee3679dc1c: ;   {runtime_call Stub::oop_disjoint_arraycopy}
  0x000001ee3679dc1c: 08e8 fe4e | af06 4883 | c408 e905 

  0x000001ee3679dc28: ;   {runtime_call Stub::oop_disjoint_arraycopy}
  0x000001ee3679dc28: 0000 00e8 | f04e af06 | 4883 c420 | 488b 9424 | b000 0000 | 448b 4240 | 49c1 e003 

  0x000001ee3679dc44: ; implicit exception: dispatches to 0x000001ee367a10e1
  0x000001ee3679dc44: 458b 480c 

  0x000001ee3679dc48: ;   {metadata(method data for {method} {0x000001ee53c75340} 'layout' '()V' in 'com/sun/javafx/text/PrismTextLayout')}
  0x000001ee3679dc48: 48bf 10c0 | 4d54 ee01 | 0000 4883 | 8700 0a00 | 0001 8b8c | 2420 0100 | 0083 c102 | 442b 8c24 
  0x000001ee3679dc68: 2001 0000 | 498b f1ff | ce49 8bd0 | 448b 8424 | 2401 0000 | 4c8b 8c24 | 2801 0000 | 488b f945 
  0x000001ee3679dc88: 85c0 0f8c | 5634 0000 | 85ff 0f8c | 4e34 0000 | 498d 0c30 | 3b4a 0c0f | 8741 3400 | 0048 8d0c 
  0x000001ee3679dca8: 3741 3b49 | 0c0f 8733 | 3400 0085 | f60f 8c2b | 3400 004d | 63c0 4863 | ff4a 8d4c | 8210 498d 
  0x000001ee3679dcc8: 54b9 104c | 8bc6 4883 | ec20 40f6 | c40f 0f84 | 1200 0000 | 4883 ec08 

  0x000001ee3679dce0: ;   {runtime_call Stub::oop_arraycopy}
  0x000001ee3679dce0: e8db 57af | 0648 83c4 | 08e9 0500 

  0x000001ee3679dcec: ;   {runtime_call Stub::oop_arraycopy}
  0x000001ee3679dcec: 0000 e8cd | 57af 0648 | 83c4 2041 | 0fbe 5748 | 85d2 488b | 9424 b000 | 0000 0f85 | e533 0000 
  0x000001ee3679dd0c: 488b 8424 | 2801 0000 | 4c8b d049 | c1ea 0344 | 8952 404c | 8bc2 4c33 | c049 c1e8 | 1649 83f8 
  0x000001ee3679dd2c: 000f 85de 

  0x000001ee3679dd30: ;   {metadata(method data for {method} {0x000001ee53c75340} 'layout' '()V' in 'com/sun/javafx/text/PrismTextLayout')}
  0x000001ee3679dd30: 3300 0049 | b810 c04d | 54ee 0100 | 0041 ff80 | 100a 0000 | 8b9c 2438 | 0100 0048 | 8bb4 2430 
  0x000001ee3679dd50: 0100 00e9 | c200 0000 | 898c 2420 

  0x000001ee3679dd5c: ;   {metadata(method data for {method} {0x000001ee53c75340} 'layout' '()V' in 'com/sun/javafx/text/PrismTextLayout')}
  0x000001ee3679dd5c: 0100 0049 | b810 c04d | 54ee 0100 | 0049 8380 | 280a 0000 | 018b 8c24 | 2001 0000 | ffc1 8bbc 
  0x000001ee3679dd7c: 2420 0100 | 0083 c702 | 2bb4 2420 | 0100 00ff | ce49 8bd1 | 4c8b c145 | 85c0 0f8c | 8d33 0000 
  0x000001ee3679dd9c: 85ff 0f8c | 8533 0000 | 498d 0c30 | 3b4a 0c0f | 8778 3300 | 0048 8d0c | 3741 3b49 | 0c0f 876a 
  0x000001ee3679ddbc: 3300 0085 | f60f 8c62 | 3300 004d | 63c0 4863 | ff4a 8d4c | 8210 498d | 54b9 104c | 8bc6 4883 
  0x000001ee3679dddc: ec20 40f6 | c40f 0f84 | 1200 0000 | 4883 ec08 

  0x000001ee3679ddec: ;   {runtime_call Stub::oop_arraycopy}
  0x000001ee3679ddec: e8cf 56af | 0648 83c4 | 08e9 0500 

  0x000001ee3679ddf8: ;   {runtime_call Stub::oop_arraycopy}
  0x000001ee3679ddf8: 0000 e8c1 | 56af 0648 | 83c4 208b | 9c24 3801 | 0000 488b | b424 3001 | 0000 488b | 9424 b000 
  0x000001ee3679de18: 0000 8b7a | 4048 c1e7 | 034c 8bc6 

  0x000001ee3679de24: ;   {metadata(method data for {method} {0x000001ee53c75340} 'layout' '()V' in 'com/sun/javafx/text/PrismTextLayout')}
  0x000001ee3679de24: 48b8 10c0 | 4d54 ee01 | 0000 4883 | 8048 0a00 | 0001 8b8c | 2420 0100 | 00ff c14c | 8bc3 488b 
  0x000001ee3679de44: d648 89b4 | 2430 0100 | 0048 89bc | 2440 0100 | 0089 8c24 | 3c01 0000 

  0x000001ee3679de5c: ;   {optimized virtual_call}
  0x000001ee3679de5c: 6666 90e8 

  0x000001ee3679de60: ; ImmutableOopMap {[176]=Oop [184]=Oop [192]=Oop [216]=Oop [240]=Oop [248]=Oop [304]=Oop [320]=Oop }
                      ;*invokevirtual split {reexecute=0 rethrow=0 return_oop=0}
                      ; - com.sun.javafx.text.PrismTextLayout::layout@685 (line 1200)
  0x000001ee3679de60: 7c13 b106 

  0x000001ee3679de64: ;   {post_call_nop}
  0x000001ee3679de64: 0f1f 8400 | 5c1f 0018 | 8b8c 243c | 0100 0048 | 8bbc 2440 | 0100 003b | 4f0c 0f83 | bf32 0000 
  0x000001ee3679de84: ;   {metadata(method data for {method} {0x000001ee53c75340} 'layout' '()V' in 'com/sun/javafx/text/PrismTextLayout')}
  0x000001ee3679de84: 4885 c049 | b910 c04d | 54ee 0100 | 0075 0d41 | 8089 610a | 0000 01e9 | da00 0000 | 448b 4008 
  0x000001ee3679dea4: 41ba 0000 | 003a 4d03 | c24d 3b81 | 700a 0000 | 750d 4983 | 8178 0a00 | 0001 e960 | 0000 004d 
  0x000001ee3679dec4: 3b81 800a | 0000 750d | 4983 8188 | 0a00 0001 | e94a 0000 | 0049 83b9 | 700a 0000 | 0075 174d 
  0x000001ee3679dee4: 8981 700a | 0000 49c7 | 8178 0a00 | 0001 0000 | 00e9 2900 | 0000 4983 | b980 0a00 | 0000 7517 
  0x000001ee3679df04: 4d89 8180 | 0a00 0049 | c781 880a | 0000 0100 | 0000 e908 | 0000 0049 | 8381 680a | 0000 0144 
  0x000001ee3679df24: 8b47 0841 | ba00 0000 | 3a4d 03c2 | 448b 4808 | 41ba 0000 | 003a 4d03 | ca4d 8b80 | e000 0000 
  0x000001ee3679df44: 4d3b c80f | 842d 0000 | 0041 8b50 | 144d 3b04 | 110f 841f | 0000 0083 | fa20 0f85 | f231 0000 
  0x000001ee3679df64: 4151 4150 

  0x000001ee3679df68: ;   {runtime_call C1 Runtime slow_subtype_check_blob}
  0x000001ee3679df68: e8f3 cabe | 0641 5941 | 5845 85c0 | 0f84 dc31 | 0000 4863 | c94c 8d44 | 8f10 450f | be4f 4845 
  0x000001ee3679df88: 85c9 0f85 | cf31 0000 | 4c8b d049 | c1ea 0345 | 8910 4d8b | c84c 33c8 | 49c1 e916 | 4983 f900 
  0x000001ee3679dfa8: 0f85 d031 | 0000 488b | 9424 3001 

  0x000001ee3679dfb4: ;   {metadata(method data for {method} {0x000001ee53c75340} 'layout' '()V' in 'com/sun/javafx/text/PrismTextLayout')}
  0x000001ee3679dfb4: 0000 49b8 | 10c0 4d54 | ee01 0000 | 4983 80a8 | 0a00 0001 

  0x000001ee3679dfc8: ;   {metadata(method data for {method} {0x000001ee54052210} 'isComplex' '()Z' in 'com/sun/javafx/text/TextRun')}
  0x000001ee3679dfc8: 49b8 a8fc | 2f55 ee01 | 0000 458b | 8890 0000 | 0041 83c1 | 0245 8988 | 9000 0000 | 4181 e1fe 
  0x000001ee3679dfe8: ff1f 0045 | 85c9 0f84 | a231 0000 | 488b 9424 | 3001 0000 | 448b 422c | 4183 e020 

  0x000001ee3679e004: ;   {metadata(method data for {method} {0x000001ee54052210} 'isComplex' '()Z' in 'com/sun/javafx/text/TextRun')}
  0x000001ee3679e004: 4585 c049 | b8a8 fc2f | 55ee 0100 | 0041 b9d8 | 0000 0074 | 0641 b9e8 | 0000 004b | 8b3c 0848 
  0x000001ee3679e024: 8d7f 014b | 893c 080f | 841c 0000 

  0x000001ee3679e030: ;   {metadata(method data for {method} {0x000001ee54052210} 'isComplex' '()Z' in 'com/sun/javafx/text/TextRun')}
  0x000001ee3679e030: 0049 b8a8 | fc2f 55ee | 0100 0041 | ff80 f800 | 0000 41b8 | 0100 0000 | e906 0000 | 0041 b800 
  0x000001ee3679e050: 0000 0041 | 83e0 0145 

  0x000001ee3679e058: ;   {metadata(method data for {method} {0x000001ee53c75340} 'layout' '()V' in 'com/sun/javafx/text/PrismTextLayout')}
  0x000001ee3679e058: 85c0 49b8 | 10c0 4d54 | ee01 0000 | 41b9 c80a | 0000 7406 | 41b9 d80a | 0000 4b8b | 3c08 488d 
  0x000001ee3679e078: 7f01 4b89 | 3c08 0f84 | 4800 0000 | 4c8b 8424 | b000 0000 

  0x000001ee3679e08c: ;   {metadata(method data for {method} {0x000001ee53c75340} 'layout' '()V' in 'com/sun/javafx/text/PrismTextLayout')}
  0x000001ee3679e08c: 49b9 10c0 | 4d54 ee01 | 0000 4983 | 81e8 0a00 | 0001 4c8b | c24c 8b8c | 24b8 0000 | 0048 8bbc 
  0x000001ee3679e0ac: 24c0 0000 | 0048 8b94 | 24b0 0000 | 0066 0f1f 

  0x000001ee3679e0bc: ;   {optimized virtual_call}
  0x000001ee3679e0bc: 4400 00e8 

  0x000001ee3679e0c0: ; ImmutableOopMap {[176]=Oop [184]=Oop [192]=Oop [216]=Oop [240]=Oop [248]=Oop }
                      ;*invokevirtual shape {reexecute=0 rethrow=0 return_oop=0}
                      ; - com.sun.javafx.text.PrismTextLayout::layout@702 (line 1202)
  0x000001ee3679e0c0: 1c11 b106 

  0x000001ee3679e0c4: ;   {post_call_nop}
  0x000001ee3679e0c4: 0f1f 8400 | bc21 0019 | 488b 9424 | b000 0000 | 448b 420c | 41ff c044 | 8942 0c8b | 8c24 2001 
  0x000001ee3679e0e4: 0000 e916 | 0000 0049 | 8bd3 ffc9 

  0x000001ee3679e0f0: ;   {metadata(method data for {method} {0x000001ee53c75340} 'layout' '()V' in 'com/sun/javafx/text/PrismTextLayout')}
  0x000001ee3679e0f0: 49b8 10c0 | 4d54 ee01 | 0000 41ff | 8048 0900 | 004c 8bc1 | 41ff c044 | 8b4a 0c45 

  0x000001ee3679e10c: ;   {metadata(method data for {method} {0x000001ee53c75340} 'layout' '()V' in 'com/sun/javafx/text/PrismTextLayout')}
  0x000001ee3679e10c: 3bc1 49b9 | 10c0 4d54 | ee01 0000 | bf28 0b00 | 007c 05bf | 180b 0000 | 498b 3439 | 488d 7601 
  0x000001ee3679e12c: 4989 3439 | 0f8c 1900 | 0000 488b | bc24 f800 | 0000 488b | f1c5 fa10 | 8424 c401 | 0000 e97b 
  0x000001ee3679e14c: 0100 0044 | 8b4a 4049 | c1e1 0345 | 3b41 0c0f | 8360 3000 | 004d 63c0 | 478b 4481 | 1049 c1e0 
  0x000001ee3679e16c: 0349 3b00 

  0x000001ee3679e170: ;   {metadata(method data for {method} {0x000001ee53c75340} 'layout' '()V' in 'com/sun/javafx/text/PrismTextLayout')}
  0x000001ee3679e170: 498b f848 | be10 c04d | 54ee 0100 | 0048 8386 | 480b 0000 

  0x000001ee3679e184: ;   {metadata(method data for {method} {0x000001ee54057ad8} 'isLinebreak' '()Z' in 'com/sun/javafx/text/TextRun')}
  0x000001ee3679e184: 0148 bf18 | f12f 55ee | 0100 008b | b790 0000 | 0083 c602 | 89b7 9000 | 0000 81e6 | feff 1f00 
  0x000001ee3679e1a4: 85f6 0f84 | 2830 0000 | 458b 402c | 4183 e002 

  0x000001ee3679e1b4: ;   {metadata(method data for {method} {0x000001ee54057ad8} 'isLinebreak' '()Z' in 'com/sun/javafx/text/TextRun')}
  0x000001ee3679e1b4: 4585 c049 | b818 f12f | 55ee 0100 | 00bf d800 | 0000 7405 | bfe8 0000 | 0049 8b34 | 3848 8d76 
  0x000001ee3679e1d4: 0149 8934 | 380f 841c 

  0x000001ee3679e1dc: ;   {metadata(method data for {method} {0x000001ee54057ad8} 'isLinebreak' '()Z' in 'com/sun/javafx/text/TextRun')}
  0x000001ee3679e1dc: 0000 0049 | b818 f12f | 55ee 0100 | 0041 ff80 | f800 0000 | 41b8 0100 | 0000 e906 | 0000 0041 
  0x000001ee3679e1fc: b800 0000 | 0041 83e0 | 0145 85c0 

  0x000001ee3679e208: ;   {metadata(method data for {method} {0x000001ee53c75340} 'layout' '()V' in 'com/sun/javafx/text/PrismTextLayout')}
  0x000001ee3679e208: 49b8 10c0 | 4d54 ee01 | 0000 bf78 | 0b00 0074 | 05bf 680b | 0000 498b | 3438 488d | 7601 4989 
  0x000001ee3679e228: 3438 0f84 | 1900 0000 | 488b bc24 | f800 0000 | 488b f1c5 | fa10 8424 | c401 0000 | e981 0000 
  0x000001ee3679e248: 0041 3b49 | 0c0f 83a2 | 2f00 004c | 63c1 478b | 4481 1049 | c1e0 0349 | 3b00 4d8b 

  0x000001ee3679e264: ;   {metadata(method data for {method} {0x000001ee53c75340} 'layout' '()V' in 'com/sun/javafx/text/PrismTextLayout')}
  0x000001ee3679e264: c848 bf10 | c04d 54ee | 0100 0048 | 8387 980b 

  0x000001ee3679e274: ;   {metadata(method data for {method} {0x000001ee54052e08} 'setSoftbreak' '()V' in 'com/sun/javafx/text/TextRun')}
  0x000001ee3679e274: 0000 0149 | b9e0 fd2f | 55ee 0100 | 0041 8bb9 | 9000 0000 | 83c7 0241 | 89b9 9000 | 0000 81e7 
  0x000001ee3679e294: feff 1f00 | 85ff 0f84 | 682f 0000 | 458b 482c | 4183 c904 | 4589 482c | 448b 4a20 | 4181 c980 
  0x000001ee3679e2b4: 0000 0044 | 894a 2049 | 8bf8 488b | f1c5 fa10 | 8424 c401 | 0000 c5fa | 5884 24c0 | 0100 0048 
  0x000001ee3679e2d4: 3b07 4c8b 

  0x000001ee3679e2d8: ;   {metadata(method data for {method} {0x000001ee53c75340} 'layout' '()V' in 'com/sun/javafx/text/PrismTextLayout')}
  0x000001ee3679e2d8: c749 b910 | c04d 54ee | 0100 0049 | 8381 c80b 

  0x000001ee3679e2e8: ;   {metadata(method data for {method} {0x000001ee54057d00} 'isBreak' '()Z' in 'com/sun/javafx/text/TextRun')}
  0x000001ee3679e2e8: 0000 0149 | b898 0140 | 55ee 0100 | 0045 8b88 | 9000 0000 | 4183 c102 | 4589 8890 | 0000 0041 
  0x000001ee3679e308: 81e1 feff | 1f00 4585 | c90f 8417 | 2f00 0044 | 8b47 2c41 | 83e0 0645 

  0x000001ee3679e320: ;   {metadata(method data for {method} {0x000001ee54057d00} 'isBreak' '()Z' in 'com/sun/javafx/text/TextRun')}
  0x000001ee3679e320: 85c0 49b8 | 9801 4055 | ee01 0000 | 41b9 d800 | 0000 7406 | 41b9 e800 | 0000 4b8b | 3c08 488d 
  0x000001ee3679e340: 7f01 4b89 | 3c08 0f84 | 1c00 0000 

  0x000001ee3679e34c: ;   {metadata(method data for {method} {0x000001ee54057d00} 'isBreak' '()Z' in 'com/sun/javafx/text/TextRun')}
  0x000001ee3679e34c: 49b8 9801 | 4055 ee01 | 0000 41ff | 80f8 0000 | 0041 b801 | 0000 00e9 | 0600 0000 | 41b8 0000 
  0x000001ee3679e36c: 0000 4183 | e001 4585 

  0x000001ee3679e374: ;   {metadata(method data for {method} {0x000001ee53c75340} 'layout' '()V' in 'com/sun/javafx/text/PrismTextLayout')}
  0x000001ee3679e374: c049 b810 | c04d 54ee | 0100 0041 | b9f8 0b00 | 0075 0641 | b9e8 0b00 | 004b 8b3c | 0848 8d7f 
  0x000001ee3679e394: 014b 893c | 080f 851e | 0000 008b | 9c24 ec00 | 0000 8b8c | 2400 0100 | 004c 8bc6 | 488b b424 
  0x000001ee3679e3b4: f000 0000 | e99b 0300 | 004c 8bc2 

  0x000001ee3679e3c0: ;   {metadata(method data for {method} {0x000001ee53c75340} 'layout' '()V' in 'com/sun/javafx/text/PrismTextLayout')}
  0x000001ee3679e3c0: 49b9 10c0 | 4d54 ee01 | 0000 4983 | 8108 0c00 | 0001 448b | 8424 0001 | 0000 4c8b | ce8b bc24 
  0x000001ee3679e3e0: ec00 0000 | 488b da48 | 8bd3 89b4 | 2448 0100 | 0066 0f1f 

  0x000001ee3679e3f4: ;   {optimized virtual_call}
  0x000001ee3679e3f4: 4400 00e8 

  0x000001ee3679e3f8: ; ImmutableOopMap {[176]=Oop [184]=Oop [192]=Oop [216]=Oop [240]=Oop }
                      ;*invokevirtual createLine {reexecute=0 rethrow=0 return_oop=0}
                      ; - com.sun.javafx.text.PrismTextLayout::layout@789 (line 1232)
  0x000001ee3679e3f8: e40d b106 

  0x000001ee3679e3fc: ;   {post_call_nop}
  0x000001ee3679e3fc: 0f1f 8400 | f424 001a | 4c8b 8424 | f000 0000 

  0x000001ee3679e40c: ;   {metadata(method data for {method} {0x000001ee53c75340} 'layout' '()V' in 'com/sun/javafx/text/PrismTextLayout')}
  0x000001ee3679e40c: 48ba 10c0 | 4d54 ee01 | 0000 458b | 4008 41ba | 0000 003a | 4d03 c24c | 3b82 400c | 0000 750d 
  0x000001ee3679e42c: 4883 8248 | 0c00 0001 | e960 0000 | 004c 3b82 | 500c 0000 | 750d 4883 | 8258 0c00 | 0001 e94a 
  0x000001ee3679e44c: 0000 0048 | 83ba 400c | 0000 0075 | 174c 8982 | 400c 0000 | 48c7 8248 | 0c00 0001 | 0000 00e9 
  0x000001ee3679e46c: 2900 0000 | 4883 ba50 | 0c00 0000 | 7517 4c89 | 8250 0c00 | 0048 c782 | 580c 0000 | 0100 0000 
  0x000001ee3679e48c: e908 0000 | 0048 8382 | 380c 0000 

  0x000001ee3679e498: ;   {metadata(method data for {method} {0x000000003a221148} 'add' '(Ljava/lang/Object;)Z' in 'java/util/ArrayList')}
  0x000001ee3679e498: 0149 b8a8 | b40c 53ee | 0100 0041 | 8b90 9000 | 0000 83c2 | 0241 8990 | 9000 0000 | 81e2 feff 
  0x000001ee3679e4b8: 1f00 85d2 | 0f84 8d2d | 0000 488b | b424 f000 | 0000 448b | 460c 41ff | c044 8946 | 0c44 8b46 
  0x000001ee3679e4d8: 1449 c1e0 | 038b 7e10 

  0x000001ee3679e4e0: ;   {metadata(method data for {method} {0x000000003a221148} 'add' '(Ljava/lang/Object;)Z' in 'java/util/ArrayList')}
  0x000001ee3679e4e0: 488b d648 | bba8 b40c | 53ee 0100 | 0048 8383 | d800 0000 

  0x000001ee3679e4f4: ;   {metadata(method data for {method} {0x000000003a222068} 'add' '(Ljava/lang/Object;[Ljava/lang/Object;I)V' in 'java/util/ArrayList')}
  0x000001ee3679e4f4: 0148 baf8 | b50c 53ee | 0100 008b | 9a90 0000 | 0083 c302 | 899a 9000 | 0000 81e3 | feff 1f00 
  0x000001ee3679e514: 85db 0f84 | 542d 0000 

  0x000001ee3679e51c: ; implicit exception: dispatches to 0x000001ee367a1291
  0x000001ee3679e51c: 418b 500c 

  0x000001ee3679e520: ;   {metadata(method data for {method} {0x000000003a222068} 'add' '(Ljava/lang/Object;[Ljava/lang/Object;I)V' in 'java/util/ArrayList')}
  0x000001ee3679e520: 3bfa 48ba | f8b5 0c53 | ee01 0000 | bbd8 0000 | 0075 05bb | e800 0000 | 488b 0c1a | 488d 4901 
  0x000001ee3679e540: 4889 0c1a | 0f85 9400 | 0000 4889 | 8424 5001 | 0000 4c8b 

  0x000001ee3679e554: ;   {metadata(method data for {method} {0x000000003a222068} 'add' '(Ljava/lang/Object;[Ljava/lang/Object;I)V' in 'java/util/ArrayList')}
  0x000001ee3679e554: c648 baf8 | b50c 53ee | 0100 0048 | 8382 f800 

  0x000001ee3679e564: ;   {metadata(method data for {method} {0x000000003a2221c8} 'grow' '()[Ljava/lang/Object;' in 'java/util/ArrayList')}
  0x000001ee3679e564: 0000 0149 | b8a8 b70c | 53ee 0100 | 0041 8b90 | 9000 0000 | 83c2 0241 | 8990 9000 | 0000 81e2 
  0x000001ee3679e584: feff 1f00 | 85d2 0f84 | 062d 0000 

  0x000001ee3679e590: ;   {metadata(method data for {method} {0x000000003a2221c8} 'grow' '()[Ljava/lang/Object;' in 'java/util/ArrayList')}
  0x000001ee3679e590: 4c8b c648 | baa8 b70c | 53ee 0100 | 0048 8382 | d800 0000 | 014c 8bc7 | 41ff c048 | 8bd6 89bc 
  0x000001ee3679e5b0: 244c 0100 

  0x000001ee3679e5b4: ;   {optimized virtual_call}
  0x000001ee3679e5b4: 0066 90e8 

  0x000001ee3679e5b8: ; ImmutableOopMap {[176]=Oop [184]=Oop [192]=Oop [216]=Oop [240]=Oop [336]=Oop }
                      ;*invokevirtual grow {reexecute=0 rethrow=0 return_oop=0}
                      ; - java.util.ArrayList::grow@7 (line 245)
                      ; - java.util.ArrayList::add@7 (line 484)
                      ; - java.util.ArrayList::add@20 (line 497)
                      ; - com.sun.javafx.text.PrismTextLayout::layout@798 (line 1233)
  0x000001ee3679e5b8: 240c b106 

  0x000001ee3679e5bc: ;   {post_call_nop}
  0x000001ee3679e5bc: 0f1f 8400 | b426 001b | 4c8b c08b | bc24 4c01 | 0000 488b | 8424 5001 | 0000 488b | b424 f000 
  0x000001ee3679e5dc: 0000 413b | 780c 0f83 | d92c 0000 

  0x000001ee3679e5e8: ;   {metadata(method data for {method} {0x000000003a222068} 'add' '(Ljava/lang/Object;[Ljava/lang/Object;I)V' in 'java/util/ArrayList')}
  0x000001ee3679e5e8: 4885 c048 | baf8 b50c | 53ee 0100 | 0075 0c80 | 8a21 0100 | 0001 e9d7 | 0000 0044 | 8b48 0841 
  0x000001ee3679e608: ba00 0000 | 3a4d 03ca | 4c3b 8a30 | 0100 0075 | 0d48 8382 | 3801 0000 | 01e9 6000 | 0000 4c3b 
  0x000001ee3679e628: 8a40 0100 | 0075 0d48 | 8382 4801 | 0000 01e9 | 4a00 0000 | 4883 ba30 | 0100 0000 | 7517 4c89 
  0x000001ee3679e648: 8a30 0100 | 0048 c782 | 3801 0000 | 0100 0000 | e929 0000 | 0048 83ba | 4001 0000 | 0075 174c 
  0x000001ee3679e668: 898a 4001 | 0000 48c7 | 8248 0100 | 0001 0000 | 00e9 0800 | 0000 4883 | 8228 0100 | 0001 458b 
  0x000001ee3679e688: 4808 41ba | 0000 003a | 4d03 ca8b | 5008 41ba | 0000 003a | 4903 d24d | 8b89 e000 | 0000 493b 
  0x000001ee3679e6a8: d10f 842b | 0000 0041 | 8b59 144c | 3b0c 1a0f | 841d 0000 | 0083 fb20 | 0f85 0e2c | 0000 5241 
  0x000001ee3679e6c8: ;   {runtime_call C1 Runtime slow_subtype_check_blob}
  0x000001ee3679e6c8: 51e8 92c3 | be06 5a41 | 5945 85c9 | 0f84 fa2b | 0000 4c63 | cf4f 8d44 | 8810 450f | be4f 4845 
  0x000001ee3679e6e8: 85c9 0f85 | ed2b 0000 | 4c8b d049 | c1ea 0345 | 8910 4d8b | c84c 33c8 | 49c1 e916 | 4983 f900 
  0x000001ee3679e708: 0f85 ee2b | 0000 ffc7 | 897e 1044 | 8b84 2448 | 0100 0041 | ffc0 483b | 004c 8bc8 

  0x000001ee3679e724: ;   {metadata(method data for {method} {0x000001ee53c75340} 'layout' '()V' in 'com/sun/javafx/text/PrismTextLayout')}
  0x000001ee3679e724: 48bf 10c0 | 4d54 ee01 | 0000 4883 | 8778 0c00 | 0001 448b | 481c 4403 | 8c24 ec00 | 0000 498b 
  0x000001ee3679e744: d949 8bc8 

  0x000001ee3679e748: ;   {section_word}
  0x000001ee3679e748: c5fa 1005 | c0d8 ffff | 448b 8424 | 4801 0000 

  0x000001ee3679e758: ;   {metadata(method data for {method} {0x000001ee53c75340} 'layout' '()V' in 'com/sun/javafx/text/PrismTextLayout')}
  0x000001ee3679e758: 41ff c049 | b910 c04d | 54ee 0100 | 0041 8bb9 | 9400 0000 | 83c7 0241 | 89b9 9400 | 0000 81e7 
  0x000001ee3679e778: fe3f 0000 | 85ff 0f84 | 952b 0000 

  0x000001ee3679e784: ; ImmutableOopMap {rsi=Oop [176]=Oop [184]=Oop [192]=Oop [216]=Oop [240]=Oop }
                      ;*goto {reexecute=1 rethrow=0 return_oop=0}
                      ; - (reexecute) com.sun.javafx.text.PrismTextLayout::layout@824 (line 1111)
  0x000001ee3679e784: 4d8b 5730 

  0x000001ee3679e788: ;   {poll}
  0x000001ee3679e788: 4185 0249 | b910 c04d | 54ee 0100 | 0041 ff81 | 980c 0000 | 899c 24ec | 0000 0089 | 8c24 0001 
  0x000001ee3679e7a8: 0000 c5fa | 1184 24c0 | 0100 0048 | 8b9c 24c0 | 0000 004c | 8bac 24b8 | 0000 004c | 8b9c 24b0 
  0x000001ee3679e7c8: 0000 0049 | 8bf0 e945 | e3ff ff8b | 8c24 0001 | 0000 488b | b424 f000 | 0000 4c8b | c38b 9c24 
  0x000001ee3679e7e8: ec00 0000 

  0x000001ee3679e7ec: ;   {metadata(method data for {method} {0x000001ee53c75340} 'layout' '()V' in 'com/sun/javafx/text/PrismTextLayout')}
  0x000001ee3679e7ec: 4d85 c049 | b910 c04d | 54ee 0100 | 00bf b00c | 0000 7405 | bfc0 0c00 | 0049 8b14 | 3948 8d52 
  0x000001ee3679e80c: 0149 8914 | 390f 840d | 0100 0049 | 3b00 4d8b 

  0x000001ee3679e81c: ;   {metadata(method data for {method} {0x000001ee53c75340} 'layout' '()V' in 'com/sun/javafx/text/PrismTextLayout')}
  0x000001ee3679e81c: c848 bf10 | c04d 54ee | 0100 0045 | 8b49 0841 | ba00 0000 | 3a4d 03ca | 4c3b 8fd8 | 0c00 0075 
  0x000001ee3679e83c: 0d48 8387 | e00c 0000 | 01e9 6000 | 0000 4c3b | 8fe8 0c00 | 0075 0d48 | 8387 f00c | 0000 01e9 
  0x000001ee3679e85c: 4a00 0000 | 4883 bfd8 | 0c00 0000 | 7517 4c89 | 8fd8 0c00 | 0048 c787 | e00c 0000 | 0100 0000 
  0x000001ee3679e87c: e929 0000 | 0048 83bf | e80c 0000 | 0075 174c | 898f e80c | 0000 48c7 | 87f0 0c00 | 0001 0000 
  0x000001ee3679e89c: 00e9 0800 | 0000 4883 | 87d0 0c00 

  0x000001ee3679e8a8: ;   {metadata(method data for {method} {0x000001ee53843a78} 'dispose' '()V' in 'com/sun/javafx/text/GlyphLayout')}
  0x000001ee3679e8a8: 0001 49b9 | b805 4055 | ee01 0000 | 418b b990 | 0000 0083 | c702 4189 | b990 0000 | 0081 e7fe 
  0x000001ee3679e8c8: ff1f 0085 | ff0f 846c 

  0x000001ee3679e8d0: ;   {oop(a 'java/lang/Class'{0x000000060b826998} = 'com/sun/javafx/text/GlyphLayout')}
  0x000001ee3679e8d0: 2a00 0049 | b998 6982 | 0b06 0000 | 0045 8b49 | 7c49 c1e1 | 034d 3bc1 

  0x000001ee3679e8e8: ;   {metadata(method data for {method} {0x000001ee53843a78} 'dispose' '()V' in 'com/sun/javafx/text/GlyphLayout')}
  0x000001ee3679e8e8: 49b8 b805 | 4055 ee01 | 0000 41b9 | d800 0000 | 7506 41b9 | e800 0000 | 4b8b 3c08 | 488d 7f01 
  0x000001ee3679e908: 4b89 3c08 | 0f85 1200 

  0x000001ee3679e910: ;   {oop(a 'java/lang/Class'{0x000000060b826998} = 'com/sun/javafx/text/GlyphLayout')}
  0x000001ee3679e910: 0000 49b8 | 9869 820b | 0600 0000 | 41c6 8098 | 0000 0000 | 8bbc 24e4 | 0000 0048 | 8b94 24b0 
  0x000001ee3679e930: ;   {metadata(method data for {method} {0x000001ee53c75340} 'layout' '()V' in 'com/sun/javafx/text/PrismTextLayout')}
  0x000001ee3679e930: 0000 0049 | b810 c04d | 54ee 0100 | 0049 8380 | 000d 0000 | 01ff cf4c | 8bc1 4c8b | cf48 8bfb 
  0x000001ee3679e950: 488b 9424 | b000 0000 | 0f1f 8000 

  0x000001ee3679e95c: ;   {optimized virtual_call}
  0x000001ee3679e95c: 0000 00e8 

  0x000001ee3679e960: ; ImmutableOopMap {[176]=Oop [184]=Oop [240]=Oop }
                      ;*invokevirtual createLine {reexecute=0 rethrow=0 return_oop=0}
                      ; - com.sun.javafx.text.PrismTextLayout::layout@848 (line 1241)
  0x000001ee3679e960: 5cd6 0900 

  0x000001ee3679e964: ;   {post_call_nop}
  0x000001ee3679e964: 0f1f 8400 | 5c2a 001d | 4c8b 8424 | f000 0000 

  0x000001ee3679e974: ;   {metadata(method data for {method} {0x000001ee53c75340} 'layout' '()V' in 'com/sun/javafx/text/PrismTextLayout')}
  0x000001ee3679e974: 48ba 10c0 | 4d54 ee01 | 0000 458b | 4008 41ba | 0000 003a | 4d03 c24c | 3b82 380d | 0000 750d 
  0x000001ee3679e994: 4883 8240 | 0d00 0001 | e960 0000 | 004c 3b82 | 480d 0000 | 750d 4883 | 8250 0d00 | 0001 e94a 
  0x000001ee3679e9b4: 0000 0048 | 83ba 380d | 0000 0075 | 174c 8982 | 380d 0000 | 48c7 8240 | 0d00 0001 | 0000 00e9 
  0x000001ee3679e9d4: 2900 0000 | 4883 ba48 | 0d00 0000 | 7517 4c89 | 8248 0d00 | 0048 c782 | 500d 0000 | 0100 0000 
  0x000001ee3679e9f4: e908 0000 | 0048 8382 | 300d 0000 

  0x000001ee3679ea00: ;   {metadata(method data for {method} {0x000000003a221148} 'add' '(Ljava/lang/Object;)Z' in 'java/util/ArrayList')}
  0x000001ee3679ea00: 0149 b8a8 | b40c 53ee | 0100 0041 | 8b90 9000 | 0000 83c2 | 0241 8990 | 9000 0000 | 81e2 feff 
  0x000001ee3679ea20: 1f00 85d2 | 0f84 3629 | 0000 488b | b424 f000 | 0000 448b | 460c 41ff | c044 8946 | 0c44 8b46 
  0x000001ee3679ea40: 1449 c1e0 | 038b 7e10 

  0x000001ee3679ea48: ;   {metadata(method data for {method} {0x000000003a221148} 'add' '(Ljava/lang/Object;)Z' in 'java/util/ArrayList')}
  0x000001ee3679ea48: 488b d648 | bba8 b40c | 53ee 0100 | 0048 8383 | d800 0000 

  0x000001ee3679ea5c: ;   {metadata(method data for {method} {0x000000003a222068} 'add' '(Ljava/lang/Object;[Ljava/lang/Object;I)V' in 'java/util/ArrayList')}
  0x000001ee3679ea5c: 0148 baf8 | b50c 53ee | 0100 008b | 9a90 0000 | 0083 c302 | 899a 9000 | 0000 81e3 | feff 1f00 
  0x000001ee3679ea7c: 85db 0f84 | fd28 0000 

  0x000001ee3679ea84: ; implicit exception: dispatches to 0x000001ee367a13a2
  0x000001ee3679ea84: 418b 500c 

  0x000001ee3679ea88: ;   {metadata(method data for {method} {0x000000003a222068} 'add' '(Ljava/lang/Object;[Ljava/lang/Object;I)V' in 'java/util/ArrayList')}
  0x000001ee3679ea88: 3bfa 48ba | f8b5 0c53 | ee01 0000 | bbe8 0000 | 0074 05bb | d800 0000 | 488b 0c1a | 488d 4901 
  0x000001ee3679eaa8: 4889 0c1a | 0f84 0800 | 0000 4c8b | cee9 9400 | 0000 4889 | 8424 6001 | 0000 4c8b 

  0x000001ee3679eac4: ;   {metadata(method data for {method} {0x000000003a222068} 'add' '(Ljava/lang/Object;[Ljava/lang/Object;I)V' in 'java/util/ArrayList')}
  0x000001ee3679eac4: c648 baf8 | b50c 53ee | 0100 0048 | 8382 f800 

  0x000001ee3679ead4: ;   {metadata(method data for {method} {0x000000003a2221c8} 'grow' '()[Ljava/lang/Object;' in 'java/util/ArrayList')}
  0x000001ee3679ead4: 0000 0149 | b8a8 b70c | 53ee 0100 | 0041 8b90 | 9000 0000 | 83c2 0241 | 8990 9000 | 0000 81e2 
  0x000001ee3679eaf4: feff 1f00 | 85d2 0f84 | a728 0000 

  0x000001ee3679eb00: ;   {metadata(method data for {method} {0x000000003a2221c8} 'grow' '()[Ljava/lang/Object;' in 'java/util/ArrayList')}
  0x000001ee3679eb00: 4c8b c648 | baa8 b70c | 53ee 0100 | 0048 8382 | d800 0000 | 014c 8bc7 | 41ff c048 | 8bd6 89bc 
  0x000001ee3679eb20: 2458 0100 

  0x000001ee3679eb24: ;   {optimized virtual_call}
  0x000001ee3679eb24: 0066 90e8 

  0x000001ee3679eb28: ; ImmutableOopMap {[176]=Oop [184]=Oop [240]=Oop [352]=Oop }
                      ;*invokevirtual grow {reexecute=0 rethrow=0 return_oop=0}
                      ; - java.util.ArrayList::grow@7 (line 245)
                      ; - java.util.ArrayList::add@7 (line 484)
                      ; - java.util.ArrayList::add@20 (line 497)
                      ; - com.sun.javafx.text.PrismTextLayout::layout@851 (line 1241)
  0x000001ee3679eb28: e400 4007 

  0x000001ee3679eb2c: ;   {post_call_nop}
  0x000001ee3679eb2c: 0f1f 8400 | 242c 001e | 4c8b c08b | bc24 5801 | 0000 488b | 8424 6001 | 0000 4c8b | 8c24 f000 
  0x000001ee3679eb4c: 0000 413b | 780c 0f83 | 7a28 0000 

  0x000001ee3679eb58: ;   {metadata(method data for {method} {0x000000003a222068} 'add' '(Ljava/lang/Object;[Ljava/lang/Object;I)V' in 'java/util/ArrayList')}
  0x000001ee3679eb58: 4885 c048 | baf8 b50c | 53ee 0100 | 0075 0c80 | 8a21 0100 | 0001 e9d2 | 0000 008b | 5808 41ba 
  0x000001ee3679eb78: 0000 003a | 4903 da48 | 3b9a 3001 | 0000 750d | 4883 8238 | 0100 0001 | e960 0000 | 0048 3b9a 
  0x000001ee3679eb98: 4001 0000 | 750d 4883 | 8248 0100 | 0001 e94a | 0000 0048 | 83ba 3001 | 0000 0075 | 1748 899a 
  0x000001ee3679ebb8: 3001 0000 | 48c7 8238 | 0100 0001 | 0000 00e9 | 2900 0000 | 4883 ba40 | 0100 0000 | 7517 4889 
  0x000001ee3679ebd8: 9a40 0100 | 0048 c782 | 4801 0000 | 0100 0000 | e908 0000 | 0048 8382 | 2801 0000 | 0141 8b58 
  0x000001ee3679ebf8: 0841 ba00 | 0000 3a49 | 03da 8b50 | 0841 ba00 | 0000 3a49 | 03d2 488b | 9be0 0000 | 0048 3bd3 
  0x000001ee3679ec18: 0f84 2700 | 0000 8b73 | 1448 3b1c | 320f 841a | 0000 0083 | fe20 0f85 | b127 0000 

  0x000001ee3679ec34: ;   {runtime_call C1 Runtime slow_subtype_check_blob}
  0x000001ee3679ec34: 5253 e825 | bebe 065a | 5b85 db0f | 84a0 2700 | 0048 63df | 498d 5c98 | 1041 0fbe | 5748 85d2 
  0x000001ee3679ec54: 0f85 9427 | 0000 4c8b | d049 c1ea | 0344 8913 | 488b d348 | 33d0 48c1 | ea16 4883 | fa00 0f85 
  0x000001ee3679ec74: 9427 0000 | ffc7 4189 | 7910 488b | 9424 b000 | 0000 498b 

  0x000001ee3679ec88: ;   {metadata(method data for {method} {0x000001ee53c75340} 'layout' '()V' in 'com/sun/javafx/text/PrismTextLayout')}
  0x000001ee3679ec88: c148 bb10 | c04d 54ee | 0100 008b | 4008 41ba | 0000 003a | 4903 c248 | 3b83 680d | 0000 750d 
  0x000001ee3679eca8: 4883 8370 | 0d00 0001 | e960 0000 | 0048 3b83 | 780d 0000 | 750d 4883 | 8380 0d00 | 0001 e94a 
  0x000001ee3679ecc8: 0000 0048 | 83bb 680d | 0000 0075 | 1748 8983 | 680d 0000 | 48c7 8370 | 0d00 0001 | 0000 00e9 
  0x000001ee3679ece8: 2900 0000 | 4883 bb78 | 0d00 0000 | 7517 4889 | 8378 0d00 | 0048 c783 | 800d 0000 | 0100 0000 
  0x000001ee3679ed08: e908 0000 | 0048 8383 | 600d 0000 | 0141 8b59 | 104c 8bda 

  0x000001ee3679ed1c: ;   {metadata('com/sun/javafx/text/TextLine'[])}
  0x000001ee3679ed1c: 48ba a839 | 303b 0000 | 0000 4863 | db48 8bfb | 4881 fbff | ffff 000f | 87eb 2600 | 00be 1700 
  0x000001ee3679ed3c: 0000 488d | 349e 4883 | e6f8 498b | 87c8 0100 | 0048 8d34 | 3049 3bb7 | d801 0000 | 0f87 c626 
  0x000001ee3679ed5c: 0000 4989 | b7c8 0100 | 0048 2bf0 | 48c7 0001 | 0000 0048 | 8bca 41ba | 0000 003a | 492b ca89 
  0x000001ee3679ed7c: 4808 8958 | 0c48 83ee | 1048 85f6 | 0f84 1100 | 0000 4833 | db48 c1ee | 0348 895c | f008 48ff 
  0x000001ee3679ed9c: ce75 f645 | 0fbe 4748 | 4585 c00f | 8581 2600 | 004c 8bd0 | 49c1 ea03 | 4589 533c | 498b d348 
  0x000001ee3679edbc: 33d0 48c1 | ea16 4883 | fa00 0f85 | 8226 0000 

  0x000001ee3679edcc: ;   {metadata(method data for {method} {0x000001ee53c75340} 'layout' '()V' in 'com/sun/javafx/text/PrismTextLayout')}
  0x000001ee3679edcc: 4d8b c148 | ba10 c04d | 54ee 0100 | 0045 8b40 | 0841 ba00 | 0000 3a4d | 03c2 4c3b | 8298 0d00 
  0x000001ee3679edec: 0075 0d48 | 8382 a00d | 0000 01e9 | 6000 0000 | 4c3b 82a8 | 0d00 0075 | 0d48 8382 | b00d 0000 
  0x000001ee3679ee0c: 01e9 4a00 | 0000 4883 | ba98 0d00 | 0000 7517 | 4c89 8298 | 0d00 0048 | c782 a00d | 0000 0100 
  0x000001ee3679ee2c: 0000 e929 | 0000 0048 | 83ba a80d | 0000 0075 | 174c 8982 | a80d 0000 | 48c7 82b0 | 0d00 0001 
  0x000001ee3679ee4c: 0000 00e9 | 0800 0000 | 4883 8290 | 0d00 0001 | 4c8b c049 | 8bd1 0f1f 

  0x000001ee3679ee64: ;   {optimized virtual_call}
  0x000001ee3679ee64: 4400 00e8 

  0x000001ee3679ee68: ; ImmutableOopMap {[176]=Oop [184]=Oop }
                      ;*invokevirtual toArray {reexecute=0 rethrow=0 return_oop=0}
                      ; - com.sun.javafx.text.PrismTextLayout::layout@873 (line 1243)
  0x000001ee3679ee68: b48c b2ff 

  0x000001ee3679ee6c: ;   {post_call_nop}
  0x000001ee3679ee6c: 0f1f 8400 | 642f 001f | 488b 9424 | b000 0000 | c5fa 1042 | 18c5 fa10 

  0x000001ee3679ee84: ;   {metadata(method data for {method} {0x000001ee53c75340} 'layout' '()V' in 'com/sun/javafx/text/PrismTextLayout')}
  0x000001ee3679ee84: 4a10 48be | 10c0 4d54 | ee01 0000 | 4883 86c0 | 0d00 0001 | 0f1f 8000 

  0x000001ee3679ee9c: ;   {static_call}
  0x000001ee3679ee9c: 0000 00e8 

  0x000001ee3679eea0: ; ImmutableOopMap {[176]=Oop [184]=Oop }
                      ;*invokestatic max {reexecute=0 rethrow=0 return_oop=0}
                      ; - com.sun.javafx.text.PrismTextLayout::layout@885 (line 1245)
  0x000001ee3679eea0: fcbd 4607 

  0x000001ee3679eea4: ;   {post_call_nop}
  0x000001ee3679eea4: 0f1f 8400 | 9c2f 0020 | c5fa 1184 | 24c8 0100 | 0048 8b94 | 24b0 0000 

  0x000001ee3679eebc: ;   {metadata(method data for {method} {0x000001ee53c75340} 'layout' '()V' in 'com/sun/javafx/text/PrismTextLayout')}
  0x000001ee3679eebc: 0048 be10 | c04d 54ee | 0100 0048 | 8386 d00d | 0000 0148 | 8b94 24b0 

  0x000001ee3679eed4: ;   {optimized virtual_call}
  0x000001ee3679eed4: 0000 00e8 

  0x000001ee3679eed8: ; ImmutableOopMap {[176]=Oop [184]=Oop }
                      ;*invokevirtual isMirrored {reexecute=0 rethrow=0 return_oop=0}
                      ; - com.sun.javafx.text.PrismTextLayout::layout@894 (line 1248)
  0x000001ee3679eed8: b42b 5d07 

  0x000001ee3679eedc: ;   {post_call_nop}
  0x000001ee3679eedc: 0f1f 8400 | d42f 0021 

  0x000001ee3679eee4: ;   {metadata(method data for {method} {0x000001ee53c75340} 'layout' '()V' in 'com/sun/javafx/text/PrismTextLayout')}
  0x000001ee3679eee4: 85c0 49b8 | 10c0 4d54 | ee01 0000 | ba00 0e00 | 0074 05ba | 100e 0000 | 498b 3410 | 488d 7601 
  0x000001ee3679ef04: 4989 3410 | 8bbc 24e0 | 0000 000f | 8459 0000 | 0081 ff00 

  0x000001ee3679ef18: ;   {metadata(method data for {method} {0x000001ee53c75340} 'layout' '()V' in 'com/sun/javafx/text/PrismTextLayout')}
  0x000001ee3679ef18: 0010 0049 | b810 c04d | 54ee 0100 | 00ba 300e | 0000 7405 | ba20 0e00 | 0049 8b34 | 1048 8d76 
  0x000001ee3679ef38: 0149 8934 | 100f 840d 

  0x000001ee3679ef40: ;   {section_word}
  0x000001ee3679ef40: 0000 00c5 | fa10 05c9 | d0ff ffe9 | 6100 0000 

  0x000001ee3679ef50: ;   {metadata(method data for {method} {0x000001ee53c75340} 'layout' '()V' in 'com/sun/javafx/text/PrismTextLayout')}
  0x000001ee3679ef50: 49b8 10c0 | 4d54 ee01 | 0000 41ff | 8040 0e00 

  0x000001ee3679ef60: ;   {section_word}
  0x000001ee3679ef60: 00c5 fa10 | 05af d0ff | ffe9 4300 | 0000 81ff | 0000 1000 

  0x000001ee3679ef74: ;   {metadata(method data for {method} {0x000001ee53c75340} 'layout' '()V' in 'com/sun/javafx/text/PrismTextLayout')}
  0x000001ee3679ef74: 49b8 10c0 | 4d54 ee01 | 0000 ba68 | 0e00 0074 | 05ba 580e | 0000 498b | 3410 488d | 7601 4989 
  0x000001ee3679ef94: 3410 0f84 | 0d00 0000 

  0x000001ee3679ef9c: ;   {section_word}
  0x000001ee3679ef9c: c5fa 1005 | 78d0 ffff | e908 0000 

  0x000001ee3679efa8: ;   {section_word}
  0x000001ee3679efa8: 00c5 fa10 | 056f d0ff | ff81 ff00 

  0x000001ee3679efb4: ;   {metadata(method data for {method} {0x000001ee53c75340} 'layout' '()V' in 'com/sun/javafx/text/PrismTextLayout')}
  0x000001ee3679efb4: 0008 0049 | b810 c04d | 54ee 0100 | 00ba 780e | 0000 7505 | ba88 0e00 | 0049 8b34 | 1048 8d76 
  0x000001ee3679efd4: 0149 8934 | 100f 8508 

  0x000001ee3679efdc: ;   {section_word}
  0x000001ee3679efdc: 0000 00c5 | fa10 053d | d0ff ffbe | 0000 0000 

  0x000001ee3679efec: ;   {section_word}
  0x000001ee3679efec: c5fa 100d | 34d0 ffff | c5fa 118c | 24d0 0100 | 00c5 fa10 | 8c24 c801 | 0000 6690 | 488b 8424 
  0x000001ee3679f00c: b800 0000 | 488b 9424 | b000 0000 | 8b5a 3c48 | c1e3 0344 | 8b43 0c41 

  0x000001ee3679f024: ;   {metadata(method data for {method} {0x000001ee53c75340} 'layout' '()V' in 'com/sun/javafx/text/PrismTextLayout')}
  0x000001ee3679f024: 3bf0 49b8 | 10c0 4d54 | ee01 0000 | b998 0e00 | 007d 05b9 | a80e 0000 | 4d8b 0c08 | 4d8d 4901 
  0x000001ee3679f044: 4d89 0c08 | 0f8d 1614 | 0000 4c63 | c642 8b5c | 8310 48c1 | e303 4889 | 9c24 7801 | 0000 483b 
  0x000001ee3679f064: 034c 8bc3 

  0x000001ee3679f068: ;   {metadata(method data for {method} {0x000001ee53c75340} 'layout' '()V' in 'com/sun/javafx/text/PrismTextLayout')}
  0x000001ee3679f068: 48b9 10c0 | 4d54 ee01 | 0000 4883 | 81c8 0e00 | 0001 448b | 4318 488b 

  0x000001ee3679f080: ;   {metadata(method data for {method} {0x000001ee53c75340} 'layout' '()V' in 'com/sun/javafx/text/PrismTextLayout')}
  0x000001ee3679f080: cb49 b910 | c04d 54ee | 0100 0049 | 8381 f80e | 0000 018b | 4b24 48c1 | e103 4889 | 8c24 8001 
  0x000001ee3679f0a0: 0000 483b | 014c 8bc9 

  0x000001ee3679f0a8: ;   {metadata(method data for {method} {0x000001ee53c75340} 'layout' '()V' in 'com/sun/javafx/text/PrismTextLayout')}
  0x000001ee3679f0a8: 49bb 10c0 | 4d54 ee01 | 0000 458b | 4908 41ba | 0000 003a | 4d03 ca4d | 3b8b 200f | 0000 750d 
  0x000001ee3679f0c8: 4983 8328 | 0f00 0001 | e960 0000 | 004d 3b8b | 300f 0000 | 750d 4983 | 8338 0f00 | 0001 e94a 
  0x000001ee3679f0e8: 0000 0049 | 83bb 200f | 0000 0075 | 174d 898b | 200f 0000 | 49c7 8328 | 0f00 0001 | 0000 00e9 
  0x000001ee3679f108: 2900 0000 | 4983 bb30 | 0f00 0000 | 7517 4d89 | 8b30 0f00 | 0049 c783 | 380f 0000 | 0100 0000 
  0x000001ee3679f128: e908 0000 | 0049 8383 | 180f 0000 

  0x000001ee3679f134: ;   {metadata(method data for {method} {0x000001ee536f3300} 'getWidth' '()F' in 'com/sun/javafx/geom/RectBounds')}
  0x000001ee3679f134: 0149 b998 | 094d 54ee | 0100 0045 | 8b99 9000 | 0000 4183 | c302 4589 | 9990 0000 | 0041 81e3 
  0x000001ee3679f154: feff 1f00 | 4585 db0f | 8414 2300 | 00c5 fa10 | 5910 c5fa | 1061 0cc5 | f828 ebc5 | d25c ecc5 
  0x000001ee3679f174: f828 e1c5 | da5c e5c5 | da59 e04c 

  0x000001ee3679f180: ;   {metadata(method data for {method} {0x000001ee53c75340} 'layout' '()V' in 'com/sun/javafx/text/PrismTextLayout')}
  0x000001ee3679f180: 8bcb 49bb | 10c0 4d54 | ee01 0000 | 4983 8358 | 0f00 0001 

  0x000001ee3679f194: ;   {metadata(method data for {method} {0x000001ee5405fcc8} 'setAlignment' '(F)V' in 'com/sun/javafx/text/TextLine')}
  0x000001ee3679f194: 49b9 f006 | 4055 ee01 | 0000 458b | 9990 0000 | 0041 83c3 | 0245 8999 | 9000 0000 | 4181 e3fe 
  0x000001ee3679f1b4: ff1f 0045 | 85db 0f84 | d622 0000 

  0x000001ee3679f1c0: ;   {metadata(method data for {method} {0x000001ee5405fcc8} 'setAlignment' '(F)V' in 'com/sun/javafx/text/TextLine')}
  0x000001ee3679f1c0: 4c8b c949 | bbf0 0640 | 55ee 0100 | 0045 8b49 | 0841 ba00 | 0000 3a4d | 03ca 4d3b | 8be0 0000 
  0x000001ee3679f1e0: 0075 0d49 | 8383 e800 | 0000 01e9 | 6000 0000 | 4d3b 8bf0 | 0000 0075 | 0d49 8383 | f800 0000 
  0x000001ee3679f200: 01e9 4a00 | 0000 4983 | bbe0 0000 | 0000 7517 | 4d89 8be0 | 0000 0049 | c783 e800 | 0000 0100 
  0x000001ee3679f220: 0000 e929 | 0000 0049 | 83bb f000 | 0000 0075 | 174d 898b | f000 0000 | 49c7 83f8 | 0000 0001 
  0x000001ee3679f240: 0000 00e9 | 0800 0000 | 4983 83d8 | 0000 0001 | c5fa 1161 | 0c4c 8bc9 

  0x000001ee3679f258: ;   {metadata(method data for {method} {0x000001ee5405fcc8} 'setAlignment' '(F)V' in 'com/sun/javafx/text/TextLine')}
  0x000001ee3679f258: 49bb f006 | 4055 ee01 | 0000 458b | 4908 41ba | 0000 003a | 4d03 ca4d | 3b8b 1001 | 0000 750d 
  0x000001ee3679f278: 4983 8318 | 0100 0001 | e960 0000 | 004d 3b8b | 2001 0000 | 750d 4983 | 8328 0100 | 0001 e94a 
  0x000001ee3679f298: 0000 0049 | 83bb 1001 | 0000 0075 | 174d 898b | 1001 0000 | 49c7 8318 | 0100 0001 | 0000 00e9 
  0x000001ee3679f2b8: 2900 0000 | 4983 bb20 | 0100 0000 | 7517 4d89 | 8b20 0100 | 0049 c783 | 2801 0000 | 0100 0000 
  0x000001ee3679f2d8: e908 0000 | 0049 8383 | 0801 0000 | 014c 8bc9 

  0x000001ee3679f2e8: ;   {metadata(method data for {method} {0x000001ee5405fcc8} 'setAlignment' '(F)V' in 'com/sun/javafx/text/TextLine')}
  0x000001ee3679f2e8: 49bb f006 | 4055 ee01 | 0000 458b | 4908 41ba | 0000 003a | 4d03 ca4d | 3b8b 4001 | 0000 750d 
  0x000001ee3679f308: 4983 8348 | 0100 0001 | e960 0000 | 004d 3b8b | 5001 0000 | 750d 4983 | 8358 0100 | 0001 e94a 
  0x000001ee3679f328: 0000 0049 | 83bb 4001 | 0000 0075 | 174d 898b | 4001 0000 | 49c7 8348 | 0100 0001 | 0000 00e9 
  0x000001ee3679f348: 2900 0000 | 4983 bb50 | 0100 0000 | 7517 4d89 | 8b50 0100 | 0049 c783 | 5801 0000 | 0100 0000 
  0x000001ee3679f368: e908 0000 | 0049 8383 | 3801 0000 | 01c5 e258 | dcc5 fa11 | 5910 c5fa 

  0x000001ee3679f380: ;   {section_word}
  0x000001ee3679f380: 105a 18c5 | fa10 2da1 | ccff ffc5 | f82e dd41 | b9ff ffff | ff0f 8a15 | 0000 000f | 820f 0000 
  0x000001ee3679f3a0: 0041 b900 | 0000 000f | 8403 0000 | 0049 ffc1 

  0x000001ee3679f3b0: ;   {metadata(method data for {method} {0x000001ee53c75340} 'layout' '()V' in 'com/sun/javafx/text/PrismTextLayout')}
  0x000001ee3679f3b0: 4585 c949 | b910 c04d | 54ee 0100 | 0041 bb78 | 0f00 007e | 0641 bb88 | 0f00 004f | 8b2c 194d 
  0x000001ee3679f3d0: 8d6d 014f | 892c 190f | 8e30 0000 | 0081 ff00 

  0x000001ee3679f3e0: ;   {metadata(method data for {method} {0x000001ee53c75340} 'layout' '()V' in 'com/sun/javafx/text/PrismTextLayout')}
  0x000001ee3679f3e0: 0020 0049 | b910 c04d | 54ee 0100 | 0041 bba8 | 0f00 0074 | 0641 bb98 | 0f00 004f | 8b2c 194d 
  0x000001ee3679f400: 8d6d 014f | 892c 190f | 840b 0000 | 0041 b900 | 0000 00e9 | 1700 0000 

  0x000001ee3679f418: ;   {metadata(method data for {method} {0x000001ee53c75340} 'layout' '()V' in 'com/sun/javafx/text/PrismTextLayout')}
  0x000001ee3679f418: 49b9 10c0 | 4d54 ee01 | 0000 41ff | 81b8 0f00 | 0041 b901 | 0000 0045 

  0x000001ee3679f430: ;   {metadata(method data for {method} {0x000001ee53c75340} 'layout' '()V' in 'com/sun/javafx/text/PrismTextLayout')}
  0x000001ee3679f430: 85c9 49b9 | 10c0 4d54 | ee01 0000 | 41bb e00f | 0000 7506 | 41bb d00f | 0000 4f8b | 2c19 4d8d 
  0x000001ee3679f450: 6d01 4f89 | 2c19 89b4 | 245c 0100 | 000f 850e | 0000 00c5 | fa11 8424 | d401 0000 | e9cf 0a00 
  0x000001ee3679f470: 004c 8bcb 

  0x000001ee3679f474: ;   {metadata(method data for {method} {0x000001ee53c75340} 'layout' '()V' in 'com/sun/javafx/text/PrismTextLayout')}
  0x000001ee3679f474: 49bb 10c0 | 4d54 ee01 

  0x000001ee3679f47c: ;   {metadata('com/sun/javafx/text/TextLine')}
  0x000001ee3679f47c: 0000 49ba | f834 303b | 0000 0000 | 4d89 93f8 | 0f00 0049 | 8383 0010 | 0000 0144 | 8b4b 2049 
  0x000001ee3679f49c: c1e1 034c | 898c 2468 | 0100 0045 | 8b59 0c44 | 899c 2470 | 0100 0045 

  0x000001ee3679f4b4: ;   {metadata(method data for {method} {0x000001ee53c75340} 'layout' '()V' in 'com/sun/javafx/text/PrismTextLayout')}
  0x000001ee3679f4b4: 85db 49bd | 10c0 4d54 | ee01 0000 | 41be 3010 | 0000 7f06 | 41be 2010 | 0000 4b8b | 7435 0048 
  0x000001ee3679f4d4: 8d76 014b | 8974 3500 | 0f8f 0e00 | 0000 c5fa | 1184 24d4 | 0100 00e9 | 500a 0000 | 498b f3ff 
  0x000001ee3679f4f4: ce41 3b71 | 0c0f 83bd | 1f00 0048 | 63f6 418b | 74b1 1048 | c1e6 0348 | 3b06 4c8b 

  0x000001ee3679f510: ;   {metadata(method data for {method} {0x000001ee53c75340} 'layout' '()V' in 'com/sun/javafx/text/PrismTextLayout')}
  0x000001ee3679f510: ee49 be10 | c04d 54ee 

  0x000001ee3679f518: ;   {metadata('com/sun/javafx/text/TextRun')}
  0x000001ee3679f518: 0100 0049 | bac0 6630 | 3b00 0000 | 004d 8996 | 4810 0000 | 4983 8650 | 1000 0001 

  0x000001ee3679f534: ;   {metadata(method data for {method} {0x000001ee54057c48} 'isSoftbreak' '()Z' in 'com/sun/javafx/text/TextRun')}
  0x000001ee3679f534: 49b9 b80f | 4055 ee01 | 0000 458b | a990 0000 | 0041 83c5 | 0245 89a9 | 9000 0000 | 4181 e5fe 
  0x000001ee3679f554: ff1f 0045 | 85ed 0f84 | 6f1f 0000 | 8b76 2c83 | e604 85f6 

  0x000001ee3679f568: ;   {metadata(method data for {method} {0x000001ee54057c48} 'isSoftbreak' '()Z' in 'com/sun/javafx/text/TextRun')}
  0x000001ee3679f568: 48be b80f | 4055 ee01 | 0000 41b9 | d800 0000 | 7406 41b9 | e800 0000 | 4e8b 2c0e | 4d8d 6d01 
  0x000001ee3679f588: 4e89 2c0e | 0f84 1a00 

  0x000001ee3679f590: ;   {metadata(method data for {method} {0x000001ee54057c48} 'isSoftbreak' '()Z' in 'com/sun/javafx/text/TextRun')}
  0x000001ee3679f590: 0000 48be | b80f 4055 | ee01 0000 | ff86 f800 | 0000 be01 | 0000 00e9 | 0500 0000 | be00 0000 
  0x000001ee3679f5b0: 0083 e601 

  0x000001ee3679f5b4: ;   {metadata(method data for {method} {0x000001ee53c75340} 'layout' '()V' in 'com/sun/javafx/text/PrismTextLayout')}
  0x000001ee3679f5b4: 85f6 48be | 10c0 4d54 | ee01 0000 | 41b9 8010 | 0000 7506 | 41b9 7010 | 0000 4e8b | 2c0e 4d8d 
  0x000001ee3679f5d4: 6d01 4e89 | 2c0e 0f85 | 0e00 0000 | c5fa 1184 | 24d4 0100 | 00e9 5209 | 0000 488b 

  0x000001ee3679f5f0: ;   {metadata(method data for {method} {0x000001ee53c75340} 'layout' '()V' in 'com/sun/javafx/text/PrismTextLayout')}
  0x000001ee3679f5f0: f349 b910 | c04d 54ee 

  0x000001ee3679f5f8: ;   {metadata('com/sun/javafx/text/TextLine')}
  0x000001ee3679f5f8: 0100 0049 | baf8 3430 | 3b00 0000 | 004d 8991 | 9810 0000 | 4983 81a0 | 1000 0001 | 8b73 1c41 
  0x000001ee3679f618: 03f0 ffce | 41b9 0000 | 0000 41bd | 0000 0000 

  0x000001ee3679f628: ;   {metadata(method data for {method} {0x000001ee53c75340} 'layout' '()V' in 'com/sun/javafx/text/PrismTextLayout')}
  0x000001ee3679f628: 413b f049 | be10 c04d | 54ee 0100 | 0041 bbc0 | 1000 007c | 0641 bbd0 | 1000 004b | 8b3c 1e48 
  0x000001ee3679f648: 8d7f 014b | 893c 1e0f | 8c29 0100 | 0045 85c9 

  0x000001ee3679f658: ;   {metadata(method data for {method} {0x000001ee53c75340} 'layout' '()V' in 'com/sun/javafx/text/PrismTextLayout')}
  0x000001ee3679f658: 48bf 10c0 | 4d54 ee01 | 0000 41bb | e010 0000 | 7506 41bb | f010 0000 | 4e8b 341f | 4d8d 7601 
  0x000001ee3679f678: 4e89 341f | 0f85 4400 | 0000 3b70 | 0c0f 836f | 1e00 0048 | 63fe 0fb7 | 7c78 1083 

  0x000001ee3679f694: ;   {metadata(method data for {method} {0x000001ee53c75340} 'layout' '()V' in 'com/sun/javafx/text/PrismTextLayout')}
  0x000001ee3679f694: ff20 48bf | 10c0 4d54 | ee01 0000 | 41bb 0011 | 0000 7406 | 41bb 1011 | 0000 4e8b | 341f 4d8d 
  0x000001ee3679f6b4: 7601 4e89 | 341f 0f84 | 0600 0000 | 41b9 0100 | 0000 4585 

  0x000001ee3679f6c8: ;   {metadata(method data for {method} {0x000001ee53c75340} 'layout' '()V' in 'com/sun/javafx/text/PrismTextLayout')}
  0x000001ee3679f6c8: c948 bf10 | c04d 54ee | 0100 0041 | bb20 1100 | 0074 0641 | bb30 1100 | 004e 8b34 | 1f4d 8d76 
  0x000001ee3679f6e8: 014e 8934 | 1f0f 8441 | 0000 003b | 700c 0f83 | 161e 0000 | 4863 fe0f | b77c 7810 

  0x000001ee3679f704: ;   {metadata(method data for {method} {0x000001ee53c75340} 'layout' '()V' in 'com/sun/javafx/text/PrismTextLayout')}
  0x000001ee3679f704: 83ff 2048 | bf10 c04d | 54ee 0100 | 0041 bb40 | 1100 0075 | 0641 bb50 | 1100 004e | 8b34 1f4d 
  0x000001ee3679f724: 8d76 014e | 8934 1f0f | 8503 0000 | 0041 ffc5 

  0x000001ee3679f734: ;   {metadata(method data for {method} {0x000001ee53c75340} 'layout' '()V' in 'com/sun/javafx/text/PrismTextLayout')}
  0x000001ee3679f734: ffce 48bf | 10c0 4d54 | ee01 0000 | 448b 9f94 | 0000 0041 | 83c3 0244 | 899f 9400 | 0000 4181 
  0x000001ee3679f754: e3fe 3f00 | 0045 85db | 0f84 be1d | 0000 4d8b 

  0x000001ee3679f764: ; ImmutableOopMap {rdx=Oop rax=Oop rbx=Oop rcx=Oop [176]=Oop [184]=Oop [360]=Oop [376]=Oop [384]=Oop }
                      ;*goto {reexecute=1 rethrow=0 return_oop=0}
                      ; - (reexecute) com.sun.javafx.text.PrismTextLayout::layout@1121 (line 1275)
                      ;   {poll}
  0x000001ee3679f764: 5730 4185 

  0x000001ee3679f768: ;   {metadata(method data for {method} {0x000001ee53c75340} 'layout' '()V' in 'com/sun/javafx/text/PrismTextLayout')}
  0x000001ee3679f768: 0248 bf10 | c04d 54ee | 0100 00ff | 8760 1100 | 00e9 aafe | ffff 4585 

  0x000001ee3679f780: ;   {metadata(method data for {method} {0x000001ee53c75340} 'layout' '()V' in 'com/sun/javafx/text/PrismTextLayout')}
  0x000001ee3679f780: ed49 b810 | c04d 54ee | 0100 00be | 8811 0000 | 7505 be78 | 1100 0049 | 8b3c 3048 | 8d7f 0149 
  0x000001ee3679f7a0: 893c 300f | 850e 0000 | 00c5 fa11 | 8424 d401 | 0000 e989 | 0700 004c 

  0x000001ee3679f7b8: ;   {metadata(method data for {method} {0x000001ee53c75340} 'layout' '()V' in 'com/sun/javafx/text/PrismTextLayout')}
  0x000001ee3679f7b8: 8bc1 48be | 10c0 4d54 | ee01 0000 | 458b 4008 | 41ba 0000 | 003a 4d03 | c24c 3b86 | a011 0000 
  0x000001ee3679f7d8: 750d 4883 | 86a8 1100 | 0001 e960 | 0000 004c | 3b86 b011 | 0000 750d | 4883 86b8 | 1100 0001 
  0x000001ee3679f7f8: e94a 0000 | 0048 83be | a011 0000 | 0075 174c | 8986 a011 | 0000 48c7 | 86a8 1100 | 0001 0000 
  0x000001ee3679f818: 00e9 2900 | 0000 4883 | beb0 1100 | 0000 7517 | 4c89 86b0 | 1100 0048 | c786 b811 | 0000 0100 
  0x000001ee3679f838: 0000 e908 | 0000 0048 | 8386 9811 

  0x000001ee3679f844: ;   {metadata(method data for {method} {0x000001ee536f3300} 'getWidth' '()F' in 'com/sun/javafx/geom/RectBounds')}
  0x000001ee3679f844: 0000 0149 | b898 094d | 54ee 0100 | 0041 8bb0 | 9000 0000 | 83c6 0241 | 89b0 9000 | 0000 81e6 
  0x000001ee3679f864: feff 1f00 | 85f6 0f84 | d11c 0000 | c5fa 1059 | 10c5 fa10 | 610c c5e2 | 5cdc c5f8 | 28e1 c5da 
  0x000001ee3679f884: 5ce3 c4c1 | 622a ddc5 | da5e e3c5 | fa11 a424 | cc01 0000 | be00 0000 | 0044 8b9c | 2470 0100 
  0x000001ee3679f8a4: 004c 8b8c | 2468 0100 | 00c5 fa11 | 8424 d401 | 0000 6690 

  0x000001ee3679f8b8: ;   {metadata(method data for {method} {0x000001ee53c75340} 'layout' '()V' in 'com/sun/javafx/text/PrismTextLayout')}
  0x000001ee3679f8b8: 413b f349 | b810 c04d | 54ee 0100 | 00b8 c811 | 0000 7d05 | b8d8 1100 | 0049 8b3c | 0048 8d7f 
  0x000001ee3679f8d8: 0149 893c | 000f 8da0 | 0200 004c | 63c6 438b | 7c81 1048 | c1e7 0348 | 89bc 2490 | 0100 0048 
  0x000001ee3679f8f8: 3b07 4c8b | c789 b424 | 7401 0000 

  0x000001ee3679f904: ;   {metadata(method data for {method} {0x000001ee53c75340} 'layout' '()V' in 'com/sun/javafx/text/PrismTextLayout')}
  0x000001ee3679f904: 48b8 10c0 | 4d54 ee01 

  0x000001ee3679f90c: ;   {metadata('com/sun/javafx/text/TextRun')}
  0x000001ee3679f90c: 0000 49ba | c066 303b | 0000 0000 | 4c89 90f0 | 1100 0048 | 8380 f811 | 0000 018b | 7710 89b4 
  0x000001ee3679f92c: 2488 0100 | 004c 8bc7 

  0x000001ee3679f934: ;   {metadata(method data for {method} {0x000001ee53c75340} 'layout' '()V' in 'com/sun/javafx/text/PrismTextLayout')}
  0x000001ee3679f934: 48b8 10c0 | 4d54 ee01 

  0x000001ee3679f93c: ;   {metadata('com/sun/javafx/text/TextRun')}
  0x000001ee3679f93c: 0000 49ba | c066 303b | 0000 0000 | 4c89 9020 | 1200 0048 | 8380 2812 

  0x000001ee3679f954: ;   {metadata(method data for {method} {0x000001ee540575d0} 'getEnd' '()I' in 'com/sun/javafx/text/TextRun')}
  0x000001ee3679f954: 0000 0149 | b8e8 f52f | 55ee 0100 | 0041 8b98 | 9000 0000 | 83c3 0241 | 8998 9000 | 0000 81e3 
  0x000001ee3679f974: feff 1f00 | 85db 0f84 | e71b 0000 | 448b 4714 | 4403 c644 | 8984 249c | 0100 0048 | 8bde 660f 
  0x000001ee3679f994: 1f44 0000 | 488b 8424 | b800 0000 

  0x000001ee3679f9a0: ;   {metadata(method data for {method} {0x000001ee53c75340} 'layout' '()V' in 'com/sun/javafx/text/PrismTextLayout')}
  0x000001ee3679f9a0: 413b d848 | be10 c04d | 54ee 0100 | 00bf 4812 | 0000 7d05 | bf58 1200 | 0048 8b14 | 3e48 8d52 
  0x000001ee3679f9c0: 0148 8914 | 3e0f 8d3f | 0100 003b | 580c 0f83 | be1b 0000 | 4863 d30f | b754 5010 

  0x000001ee3679f9dc: ;   {metadata(method data for {method} {0x000001ee53c75340} 'layout' '()V' in 'com/sun/javafx/text/PrismTextLayout')}
  0x000001ee3679f9dc: 83fa 2048 | ba10 c04d | 54ee 0100 | 00be 7812 | 0000 7405 | be68 1200 | 0048 8b3c | 3248 8d7f 
  0x000001ee3679f9fc: 0148 893c | 320f 840c | 0000 0089 | 9c24 9801 | 0000 e997 | 0000 0044 | 89ac 248c | 0100 008b 
  0x000001ee3679fa1c: b424 8801 | 0000 488b | bc24 9001 | 0000 488b 

  0x000001ee3679fa2c: ;   {metadata(method data for {method} {0x000001ee53c75340} 'layout' '()V' in 'com/sun/javafx/text/PrismTextLayout')}
  0x000001ee3679fa2c: c748 b910 | c04d 54ee 

  0x000001ee3679fa34: ;   {metadata('com/sun/javafx/text/TextRun')}
  0x000001ee3679fa34: 0100 0049 | bac0 6630 | 3b00 0000 | 004c 8991 | 9012 0000 | 4883 8198 | 1200 0001 | 488b c32b 
  0x000001ee3679fa54: c64c 8bc0 | c5f8 28c4 | 488b d789 | 9c24 9801 

  0x000001ee3679fa64: ;   {optimized virtual_call}
  0x000001ee3679fa64: 0000 90e8 

  0x000001ee3679fa68: ; ImmutableOopMap {[176]=Oop [184]=Oop [360]=Oop [376]=Oop [384]=Oop [400]=Oop }
                      ;*invokevirtual justify {reexecute=0 rethrow=0 return_oop=0}
                      ; - com.sun.javafx.text.PrismTextLayout::layout@1203 (line 1289)
  0x000001ee3679fa68: 74f7 b006 

  0x000001ee3679fa6c: ;   {post_call_nop}
  0x000001ee3679fa6c: 0f1f 8400 | 643b 0023 | 448b ac24 | 8c01 0000 | 41ff cd45 

  0x000001ee3679fa80: ;   {metadata(method data for {method} {0x000001ee53c75340} 'layout' '()V' in 'com/sun/javafx/text/PrismTextLayout')}
  0x000001ee3679fa80: 85ed 49b8 | 10c0 4d54 | ee01 0000 | bac8 1200 | 0074 05ba | b812 0000 | 498b 3410 | 488d 7601 
  0x000001ee3679faa0: 4989 3410 | 0f84 c800 | 0000 8b9c | 2498 0100 

  0x000001ee3679fab0: ;   {metadata(method data for {method} {0x000001ee53c75340} 'layout' '()V' in 'com/sun/javafx/text/PrismTextLayout')}
  0x000001ee3679fab0: 00ff c349 | b810 c04d | 54ee 0100 | 0041 8b90 | 9400 0000 | 83c2 0241 | 8990 9400 | 0000 81e2 
  0x000001ee3679fad0: fe3f 0000 | 85d2 0f84 | c41a 0000 

  0x000001ee3679fadc: ; ImmutableOopMap {[176]=Oop [184]=Oop [360]=Oop [376]=Oop [384]=Oop [400]=Oop }
                      ;*goto {reexecute=1 rethrow=0 return_oop=0}
                      ; - (reexecute) com.sun.javafx.text.PrismTextLayout::layout@1220 (line 1286)
  0x000001ee3679fadc: 4d8b 5730 

  0x000001ee3679fae0: ;   {poll}
  0x000001ee3679fae0: 4185 0249 | b810 c04d | 54ee 0100 | 0041 ff80 | f012 0000 | 448b 8424 | 9c01 0000 | c5fa 10a4 
  0x000001ee3679fb00: 24cc 0100 | 00e9 8efe | ffff 8bb4 | 2474 0100 

  0x000001ee3679fb10: ;   {metadata(method data for {method} {0x000001ee53c75340} 'layout' '()V' in 'com/sun/javafx/text/PrismTextLayout')}
  0x000001ee3679fb10: 00ff c649 | b810 c04d | 54ee 0100 | 0041 8b90 | 9400 0000 | 83c2 0241 | 8990 9400 | 0000 81e2 
  0x000001ee3679fb30: fe3f 0000 | 85d2 0f84 | 851a 0000 

  0x000001ee3679fb3c: ; ImmutableOopMap {[176]=Oop [184]=Oop [360]=Oop [376]=Oop [384]=Oop }
                      ;*goto {reexecute=1 rethrow=0 return_oop=0}
                      ; - (reexecute) com.sun.javafx.text.PrismTextLayout::layout@1226 (line 1282)
  0x000001ee3679fb3c: 4d8b 5730 

  0x000001ee3679fb40: ;   {poll}
  0x000001ee3679fb40: 4185 0249 | b810 c04d | 54ee 0100 | 0041 ff80 | 0813 0000 | c5fa 10a4 | 24cc 0100 | 0044 8b9c 
  0x000001ee3679fb60: 2470 0100 | 004c 8b8c | 2468 0100 | 00e9 46fd 

  0x000001ee3679fb70: ;   {metadata(method data for {method} {0x000001ee53c75340} 'layout' '()V' in 'com/sun/javafx/text/PrismTextLayout')}
  0x000001ee3679fb70: ffff 49b8 | 10c0 4d54 | ee01 0000 | 41ff 80d8 | 1200 0048 | 8b9c 2478 | 0100 004c 

  0x000001ee3679fb8c: ;   {metadata(method data for {method} {0x000001ee53c75340} 'layout' '()V' in 'com/sun/javafx/text/PrismTextLayout')}
  0x000001ee3679fb8c: 8bc3 48ba | 10c0 4d54 | ee01 0000 

  0x000001ee3679fb98: ;   {metadata('com/sun/javafx/text/TextLine')}
  0x000001ee3679fb98: 49ba f834 | 303b 0000 | 0000 4c89 | 9228 1300 | 0048 8382 | 3013 0000 

  0x000001ee3679fbb0: ;   {metadata(method data for {method} {0x000001ee5405fcc8} 'setAlignment' '(F)V' in 'com/sun/javafx/text/TextLine')}
  0x000001ee3679fbb0: 0149 b8f0 | 0640 55ee | 0100 0041 | 8b90 9000 | 0000 83c2 | 0241 8990 | 9000 0000 | 81e2 feff 
  0x000001ee3679fbd0: 1f00 85d2 | 0f84 081a | 0000 448b | 4324 49c1 | e003 493b | 0049 8bd0 

  0x000001ee3679fbe8: ;   {metadata(method data for {method} {0x000001ee5405fcc8} 'setAlignment' '(F)V' in 'com/sun/javafx/text/TextLine')}
  0x000001ee3679fbe8: 48be f006 | 4055 ee01 | 0000 8b52 | 0841 ba00 | 0000 3a49 | 03d2 483b | 96e0 0000 | 0075 0d48 
  0x000001ee3679fc08: 8386 e800 | 0000 01e9 | 6000 0000 | 483b 96f0 | 0000 0075 | 0d48 8386 | f800 0000 | 01e9 4a00 
  0x000001ee3679fc28: 0000 4883 | bee0 0000 | 0000 7517 | 4889 96e0 | 0000 0048 | c786 e800 | 0000 0100 | 0000 e929 
  0x000001ee3679fc48: 0000 0048 | 83be f000 | 0000 0075 | 1748 8996 | f000 0000 | 48c7 86f8 | 0000 0001 | 0000 00e9 
  0x000001ee3679fc68: 0800 0000 | 4883 86d8 | 0000 0001 | 41c7 400c | 0000 0000 

  0x000001ee3679fc7c: ;   {metadata(method data for {method} {0x000001ee5405fcc8} 'setAlignment' '(F)V' in 'com/sun/javafx/text/TextLine')}
  0x000001ee3679fc7c: 498b d048 | bef0 0640 | 55ee 0100 | 008b 5208 | 41ba 0000 | 003a 4903 | d248 3b96 | 1001 0000 
  0x000001ee3679fc9c: 750d 4883 | 8618 0100 | 0001 e960 | 0000 0048 | 3b96 2001 | 0000 750d | 4883 8628 | 0100 0001 
  0x000001ee3679fcbc: e94a 0000 | 0048 83be | 1001 0000 | 0075 1748 | 8996 1001 | 0000 48c7 | 8618 0100 | 0001 0000 
  0x000001ee3679fcdc: 00e9 2900 | 0000 4883 | be20 0100 | 0000 7517 | 4889 9620 | 0100 0048 | c786 2801 | 0000 0100 
  0x000001ee3679fcfc: 0000 e908 | 0000 0048 | 8386 0801 | 0000 01c4 | c17a 1040 | 1049 8bd0 

  0x000001ee3679fd14: ;   {metadata(method data for {method} {0x000001ee5405fcc8} 'setAlignment' '(F)V' in 'com/sun/javafx/text/TextLine')}
  0x000001ee3679fd14: 48be f006 | 4055 ee01 | 0000 8b52 | 0841 ba00 | 0000 3a49 | 03d2 483b | 9640 0100 | 0075 0d48 
  0x000001ee3679fd34: 8386 4801 | 0000 01e9 | 6000 0000 | 483b 9650 | 0100 0075 | 0d48 8386 | 5801 0000 | 01e9 4a00 
  0x000001ee3679fd54: 0000 4883 | be40 0100 | 0000 7517 | 4889 9640 | 0100 0048 | c786 4801 | 0000 0100 | 0000 e929 
  0x000001ee3679fd74: 0000 0048 | 83be 5001 | 0000 0075 | 1748 8996 | 5001 0000 | 48c7 8658 | 0100 0001 | 0000 00e9 
  0x000001ee3679fd94: 0800 0000 | 4883 8638 | 0100 0001 

  0x000001ee3679fda0: ;   {section_word}
  0x000001ee3679fda0: c5fa 5805 | 88c2 ffff | c4c1 7a11 | 4010 488b 

  0x000001ee3679fdb0: ;   {metadata(method data for {method} {0x000001ee53c75340} 'layout' '()V' in 'com/sun/javafx/text/PrismTextLayout')}
  0x000001ee3679fdb0: d348 be10 | c04d 54ee 

  0x000001ee3679fdb8: ;   {metadata('com/sun/javafx/text/TextLine')}
  0x000001ee3679fdb8: 0100 0049 | baf8 3430 | 3b00 0000 | 004c 8996 | 5813 0000 | 4883 8660 | 1300 0001 

  0x000001ee3679fdd4: ;   {metadata(method data for {method} {0x000001ee5405fd70} 'setWidth' '(F)V' in 'com/sun/javafx/text/TextLine')}
  0x000001ee3679fdd4: 48ba f012 | 4055 ee01 | 0000 8bb2 | 9000 0000 | 83c6 0289 | b290 0000 | 0081 e6fe | ff1f 0085 
  0x000001ee3679fdf4: f60f 840d | 1800 0049 

  0x000001ee3679fdfc: ;   {metadata(method data for {method} {0x000001ee5405fd70} 'setWidth' '(F)V' in 'com/sun/javafx/text/TextLine')}
  0x000001ee3679fdfc: 8bd0 48be | f012 4055 | ee01 0000 | 8b52 0841 | ba00 0000 | 3a49 03d2 | 483b 96e0 | 0000 0075 
  0x000001ee3679fe1c: 0d48 8386 | e800 0000 | 01e9 6000 | 0000 483b | 96f0 0000 | 0075 0d48 | 8386 f800 | 0000 01e9 
  0x000001ee3679fe3c: 4a00 0000 | 4883 bee0 | 0000 0000 | 7517 4889 | 96e0 0000 | 0048 c786 | e800 0000 | 0100 0000 
  0x000001ee3679fe5c: e929 0000 | 0048 83be | f000 0000 | 0075 1748 | 8996 f000 | 0000 48c7 | 86f8 0000 | 0001 0000 
  0x000001ee3679fe7c: 00e9 0800 | 0000 4883 | 86d8 0000 | 0001 498b 

  0x000001ee3679fe8c: ;   {metadata(method data for {method} {0x000001ee5405fd70} 'setWidth' '(F)V' in 'com/sun/javafx/text/TextLine')}
  0x000001ee3679fe8c: d048 bef0 | 1240 55ee | 0100 008b | 5208 41ba | 0000 003a | 4903 d248 | 3b96 1001 | 0000 750d 
  0x000001ee3679feac: 4883 8618 | 0100 0001 | e960 0000 | 0048 3b96 | 2001 0000 | 750d 4883 | 8628 0100 | 0001 e94a 
  0x000001ee3679fecc: 0000 0048 | 83be 1001 | 0000 0075 | 1748 8996 | 1001 0000 | 48c7 8618 | 0100 0001 | 0000 00e9 
  0x000001ee3679feec: 2900 0000 | 4883 be20 | 0100 0000 | 7517 4889 | 9620 0100 | 0048 c786 | 2801 0000 | 0100 0000 
  0x000001ee3679ff0c: e908 0000 | 0048 8386 | 0801 0000 | 01c5 fa10 | 8424 c801 

  0x000001ee3679ff20: ;   {section_word}
  0x000001ee3679ff20: 0000 c5fa | 5805 0ac1 | ffff c4c1 | 7a11 4010 

  0x000001ee3679ff30: ;   {section_word}
  0x000001ee3679ff30: c5fa 1025 | 00c1 ffff | 488b 9424 | b000 0000 | 448b 4220 | 4183 e008 

  0x000001ee3679ff48: ;   {metadata(method data for {method} {0x000001ee53c75340} 'layout' '()V' in 'com/sun/javafx/text/PrismTextLayout')}
  0x000001ee3679ff48: 4585 c049 | b810 c04d | 54ee 0100 | 00be 8013 | 0000 7405 | be90 1300 | 0049 8b3c | 3048 8d7f 
  0x000001ee3679ff68: 0149 893c | 30c5 fa11 | a424 d801 | 0000 0f84 | 3800 0000 

  0x000001ee3679ff7c: ;   {metadata(method data for {method} {0x000001ee53c75340} 'layout' '()V' in 'com/sun/javafx/text/PrismTextLayout')}
  0x000001ee3679ff7c: 4c8b c248 | be10 c04d | 54ee 0100 | 0048 8386 | a013 0000 | 014c 8bc3 | 488b f248 | 8bd6 0f1f 
  0x000001ee3679ff9c: ;   {optimized virtual_call}
  0x000001ee3679ff9c: 4400 00e8 

  0x000001ee3679ffa0: ; ImmutableOopMap {[176]=Oop [184]=Oop [376]=Oop [384]=Oop }
                      ;*invokevirtual reorderLine {reexecute=0 rethrow=0 return_oop=0}
                      ; - com.sun.javafx.text.PrismTextLayout::layout@1259 (line 1302)
  0x000001ee3679ffa0: 561a 0000 

  0x000001ee3679ffa4: ;   {post_call_nop}
  0x000001ee3679ffa4: 0f1f 8400 | 9c40 0026 | 488b 9c24 | 7801 0000 | 488b 9424 | b000 0000 

  0x000001ee3679ffbc: ;   {metadata(method data for {method} {0x000001ee53c75340} 'layout' '()V' in 'com/sun/javafx/text/PrismTextLayout')}
  0x000001ee3679ffbc: 49b8 10c0 | 4d54 ee01 | 0000 4983 | 80d0 1300 | 0001 4c8b | c348 8b94 | 24b0 0000 | 0066 0f1f 
  0x000001ee3679ffdc: ;   {optimized virtual_call}
  0x000001ee3679ffdc: 4400 00e8 

  0x000001ee3679ffe0: ; ImmutableOopMap {[176]=Oop [184]=Oop [376]=Oop [384]=Oop }
                      ;*invokevirtual computeSideBearings {reexecute=0 rethrow=0 return_oop=0}
                      ; - com.sun.javafx.text.PrismTextLayout::layout@1265 (line 1305)
  0x000001ee3679ffe0: fc7f 0a00 

  0x000001ee3679ffe4: ;   {post_call_nop}
  0x000001ee3679ffe4: 0f1f 8400 | dc40 0027 | 488b 9c24 | 7801 0000 

  0x000001ee3679fff4: ;   {metadata(method data for {method} {0x000001ee53c75340} 'layout' '()V' in 'com/sun/javafx/text/PrismTextLayout')}
  0x000001ee3679fff4: 48ba 10c0 | 4d54 ee01 | 0000 4883 | 8210 1400 | 0001 488b | 9c24 7801 | 0000 8b73 | 2048 c1e6 
  0x000001ee367a0014: 0348 89b4 | 24b0 0100 | 00c5 fa10 | a424 d801 | 0000 bf00 | 0000 00e9 | 3801 0000 | 4863 d78b 
  0x000001ee367a0034: 4496 1048 | c1e0 0348 | 3b00 488b 

  0x000001ee367a0040: ;   {metadata(method data for {method} {0x000001ee53c75340} 'layout' '()V' in 'com/sun/javafx/text/PrismTextLayout')}
  0x000001ee367a0040: d048 b910 | c04d 54ee | 0100 0048 | 8381 6014 | 0000 01c5 | f828 c4c5 | fa10 8c24 | d001 0000 
  0x000001ee367a0060: 488b d089 | bc24 a801 | 0000 4889 | 8424 a001 | 0000 c5fa | 11a4 24dc | 0100 000f 

  0x000001ee367a007c: ;   {optimized virtual_call}
  0x000001ee367a007c: 1f40 00e8 

  0x000001ee367a0080: ; ImmutableOopMap {[176]=Oop [184]=Oop [376]=Oop [384]=Oop [416]=Oop [432]=Oop }
                      ;*invokevirtual setLocation {reexecute=0 rethrow=0 return_oop=0}
                      ; - com.sun.javafx.text.PrismTextLayout::layout@1303 (line 1312)
  0x000001ee367a0080: 9c50 0a00 

  0x000001ee367a0084: ;   {post_call_nop}
  0x000001ee367a0084: 0f1f 8400 | 7c41 0028 | 488b 8424 | a001 0000 

  0x000001ee367a0094: ;   {metadata(method data for {method} {0x000001ee53c75340} 'layout' '()V' in 'com/sun/javafx/text/PrismTextLayout')}
  0x000001ee367a0094: 48ba 10c0 | 4d54 ee01 | 0000 4883 | 8290 1400 | 0001 410f | be57 4885 | d248 8b84 | 24a0 0100 
  0x000001ee367a00b4: 000f 8573 | 1500 0048 | 8b9c 2478 | 0100 004c | 8bd3 49c1 | ea03 4489 | 5050 488b | d048 33d3 
  0x000001ee367a00d4: 48c1 ea16 | 4883 fa00 | 0f85 6b15 | 0000 488b 

  0x000001ee367a00e4: ;   {metadata(method data for {method} {0x000001ee53c75340} 'layout' '()V' in 'com/sun/javafx/text/PrismTextLayout')}
  0x000001ee367a00e4: d048 be10 | c04d 54ee | 0100 0048 | 8386 c014 | 0000 0148 | 8bd0 0f1f 

  0x000001ee367a00fc: ;   {optimized virtual_call}
  0x000001ee367a00fc: 4400 00e8 

  0x000001ee367a0100: ; ImmutableOopMap {[176]=Oop [184]=Oop [376]=Oop [384]=Oop [432]=Oop }
                      ;*invokevirtual getWidth {reexecute=0 rethrow=0 return_oop=0}
                      ; - com.sun.javafx.text.PrismTextLayout::layout@1317 (line 1314)
  0x000001ee367a0100: 2c6a 5d07 

  0x000001ee367a0104: ;   {post_call_nop}
  0x000001ee367a0104: 0f1f 8400 | fc41 0029 | c5fa 5884 | 24dc 0100 | 008b bc24 | a801 0000 

  0x000001ee367a011c: ;   {metadata(method data for {method} {0x000001ee53c75340} 'layout' '()V' in 'com/sun/javafx/text/PrismTextLayout')}
  0x000001ee367a011c: ffc7 48be | 10c0 4d54 | ee01 0000 | 8b9e 9400 | 0000 83c3 | 0289 9e94 | 0000 0081 | e3fe 3f00 
  0x000001ee367a013c: 0085 db0f | 8420 1500 | 004d 8b57 

  0x000001ee367a0148: ; ImmutableOopMap {[176]=Oop [184]=Oop [376]=Oop [384]=Oop [432]=Oop }
                      ;*goto {reexecute=1 rethrow=0 return_oop=0}
                      ; - (reexecute) com.sun.javafx.text.PrismTextLayout::layout@1326 (line 1310)
                      ;   {poll}
  0x000001ee367a0148: 3041 8502 

  0x000001ee367a014c: ;   {metadata(method data for {method} {0x000001ee53c75340} 'layout' '()V' in 'com/sun/javafx/text/PrismTextLayout')}
  0x000001ee367a014c: 48be 10c0 | 4d54 ee01 | 0000 ff86 | e014 0000 | c5f8 28e0 | 488b b424 | b001 0000 

  0x000001ee367a0168: ; implicit exception: dispatches to 0x000001ee367a1686
  0x000001ee367a0168: 8b56 0c3b 

  0x000001ee367a016c: ;   {metadata(method data for {method} {0x000001ee53c75340} 'layout' '()V' in 'com/sun/javafx/text/PrismTextLayout')}
  0x000001ee367a016c: fa48 ba10 | c04d 54ee | 0100 00b8 | 4014 0000 | 7c05 b830 | 1400 0048 | 8b0c 0248 | 8d49 0148 
  0x000001ee367a018c: 890c 020f | 8c9b feff | ff48 8b94 | 24b0 0000 | 008b b424 | 5c01 0000 | ffc6 8b7a | 3c48 c1e7 
  0x000001ee367a01ac: 038b 7f0c 

  0x000001ee367a01b0: ;   {metadata(method data for {method} {0x000001ee53c75340} 'layout' '()V' in 'com/sun/javafx/text/PrismTextLayout')}
  0x000001ee367a01b0: 3bf7 48bf | 10c0 4d54 | ee01 0000 | bbf8 1400 | 007d 05bb | 0815 0000 | 488b 041f | 488d 4001 
  0x000001ee367a01d0: 4889 041f | 89b4 24ac | 0100 0048 | 8b8c 2480 | 0100 000f | 8d18 0100 | 0048 8bf9 

  0x000001ee367a01ec: ;   {metadata(method data for {method} {0x000001ee53c75340} 'layout' '()V' in 'com/sun/javafx/text/PrismTextLayout')}
  0x000001ee367a01ec: 48bb 10c0 | 4d54 ee01 | 0000 8b7f | 0841 ba00 | 0000 3a49 | 03fa 483b | bb20 1500 | 0075 0d48 
  0x000001ee367a020c: 8383 2815 | 0000 01e9 | 6000 0000 | 483b bb30 | 1500 0075 | 0d48 8383 | 3815 0000 | 01e9 4a00 
  0x000001ee367a022c: 0000 4883 | bb20 1500 | 0000 7517 | 4889 bb20 | 1500 0048 | c783 2815 | 0000 0100 | 0000 e929 
  0x000001ee367a024c: 0000 0048 | 83bb 3015 | 0000 0075 | 1748 89bb | 3015 0000 | 48c7 8338 | 1500 0001 | 0000 00e9 
  0x000001ee367a026c: 0800 0000 | 4883 8318 | 1500 0001 

  0x000001ee367a0278: ;   {metadata(method data for {method} {0x000001ee536f33a0} 'getHeight' '()F' in 'com/sun/javafx/geom/RectBounds')}
  0x000001ee367a0278: 48bf 6807 | 4d54 ee01 | 0000 8b9f | 9000 0000 | 83c3 0289 | 9f90 0000 | 0081 e3fe | ff1f 0085 
  0x000001ee367a0298: db0f 84f1 | 1300 00c5 | fa10 4118 | c5fa 1049 | 14c5 fa10 

  0x000001ee367a02ac: ;   {metadata(method data for {method} {0x000001ee53c75340} 'layout' '()V' in 'com/sun/javafx/text/PrismTextLayout')}
  0x000001ee367a02ac: 521c 48bf | 10c0 4d54 | ee01 0000 | 4883 8748 | 1500 0001 | c5fa 5cc1 | c5fa 5884 | 24d0 0100 
  0x000001ee367a02cc: 00c5 f828 | c8c5 f258 | cac5 fa10 | 8424 d001 

  0x000001ee367a02dc: ;   {static_call}
  0x000001ee367a02dc: 0000 90e8 

  0x000001ee367a02e0: ; ImmutableOopMap {[176]=Oop [184]=Oop }
                      ;*invokestatic max {reexecute=0 rethrow=0 return_oop=0}
                      ; - com.sun.javafx.text.PrismTextLayout::layout@1356 (line 1317)
  0x000001ee367a02e0: fcf8 b006 

  0x000001ee367a02e4: ;   {post_call_nop}
  0x000001ee367a02e4: 0f1f 8400 | dc43 002b 

  0x000001ee367a02ec: ;   {metadata(method data for {method} {0x000001ee53c75340} 'layout' '()V' in 'com/sun/javafx/text/PrismTextLayout')}
  0x000001ee367a02ec: 48ba 10c0 | 4d54 ee01 | 0000 ff82 | 5815 0000 | e9f3 0000 | 0048 8b9c | 2478 0100 | 0048 8bd1 
  0x000001ee367a030c: ;   {metadata(method data for {method} {0x000001ee53c75340} 'layout' '()V' in 'com/sun/javafx/text/PrismTextLayout')}
  0x000001ee367a030c: 48be 10c0 | 4d54 ee01 | 0000 8b52 | 0841 ba00 | 0000 3a49 | 03d2 483b | 9678 1500 | 0075 0d48 
  0x000001ee367a032c: 8386 8015 | 0000 01e9 | 6000 0000 | 483b 9688 | 1500 0075 | 0d48 8386 | 9015 0000 | 01e9 4a00 
  0x000001ee367a034c: 0000 4883 | be78 1500 | 0000 7517 | 4889 9678 | 1500 0048 | c786 8015 | 0000 0100 | 0000 e929 
  0x000001ee367a036c: 0000 0048 | 83be 8815 | 0000 0075 | 1748 8996 | 8815 0000 | 48c7 8690 | 1500 0001 | 0000 00e9 
  0x000001ee367a038c: 0800 0000 | 4883 8670 | 1500 0001 

  0x000001ee367a0398: ;   {metadata(method data for {method} {0x000001ee536f33a0} 'getHeight' '()F' in 'com/sun/javafx/geom/RectBounds')}
  0x000001ee367a0398: 48ba 6807 | 4d54 ee01 | 0000 8bb2 | 9000 0000 | 83c6 0289 | b290 0000 | 0081 e6fe | ff1f 0085 
  0x000001ee367a03b8: f60f 84f2 | 1200 00c5 | fa10 4118 | c5fa 1049 | 1448 8bd3 

  0x000001ee367a03cc: ;   {metadata(method data for {method} {0x000001ee53c75340} 'layout' '()V' in 'com/sun/javafx/text/PrismTextLayout')}
  0x000001ee367a03cc: 48be 10c0 | 4d54 ee01 | 0000 4883 | 86b0 1500 | 0001 c5fa | 1053 14c5 | fa5c c1c5 | fa5c c2c5 
  0x000001ee367a03ec: fa58 8424 | d001 0000 | 8bb4 24ac 

  0x000001ee367a03f8: ;   {metadata(method data for {method} {0x000001ee53c75340} 'layout' '()V' in 'com/sun/javafx/text/PrismTextLayout')}
  0x000001ee367a03f8: 0100 0048 | ba10 c04d | 54ee 0100 | 008b ba94 | 0000 0083 | c702 89ba | 9400 0000 | 81e7 fe3f 
  0x000001ee367a0418: 0000 85ff | 0f84 b012 | 0000 4d8b 

  0x000001ee367a0424: ; ImmutableOopMap {[176]=Oop [184]=Oop }
                      ;*goto {reexecute=1 rethrow=0 return_oop=0}
                      ; - (reexecute) com.sun.javafx.text.PrismTextLayout::layout@1383 (line 1256)
                      ;   {poll}
  0x000001ee367a0424: 5730 4185 

  0x000001ee367a0428: ;   {metadata(method data for {method} {0x000001ee53c75340} 'layout' '()V' in 'com/sun/javafx/text/PrismTextLayout')}
  0x000001ee367a0428: 0248 ba10 | c04d 54ee | 0100 00ff | 82d0 1500 | 00c5 f828 | c8c5 fa11 | 8c24 d001 | 0000 c5fa 
  0x000001ee367a0448: 1084 24d4 | 0100 00c5 | fa10 8c24 | c801 0000 | 8bbc 24e0 | 0000 00e9 | a4eb ffff | c5fa 108c 
  0x000001ee367a0468: 24d0 0100 | 0083 7b0c | 000f 867c | 1200 008b | 7310 48c1 | e603 483b | 0648 8bfe 

  0x000001ee367a0484: ;   {metadata(method data for {method} {0x000001ee53c75340} 'layout' '()V' in 'com/sun/javafx/text/PrismTextLayout')}
  0x000001ee367a0484: 48bb 10c0 | 4d54 ee01 | 0000 4883 | 83f8 1500 | 0001 8b76 | 2448 c1e6 | 0348 3b06 

  0x000001ee367a04a0: ;   {metadata(method data for {method} {0x000001ee53c75340} 'layout' '()V' in 'com/sun/javafx/text/PrismTextLayout')}
  0x000001ee367a04a0: 488b fe48 | bb10 c04d | 54ee 0100 | 008b 7f08 | 41ba 0000 | 003a 4903 | fa48 3bbb | 2016 0000 
  0x000001ee367a04c0: 750d 4883 | 8328 1600 | 0001 e960 | 0000 0048 | 3bbb 3016 | 0000 750d | 4883 8338 | 1600 0001 
  0x000001ee367a04e0: e94a 0000 | 0048 83bb | 2016 0000 | 0075 1748 | 89bb 2016 | 0000 48c7 | 8328 1600 | 0001 0000 
  0x000001ee367a0500: 00e9 2900 | 0000 4883 | bb30 1600 | 0000 7517 | 4889 bb30 | 1600 0048 | c783 3816 | 0000 0100 
  0x000001ee367a0520: 0000 e908 | 0000 0048 | 8383 1816 | 0000 01c5 | fa10 5614 | c5fa 114a | 148b 7244 | 48c1 e603 
  0x000001ee367a0540: c5fa 105a | 1048 3b06 

  0x000001ee367a0548: ;   {metadata(method data for {method} {0x000001ee53c75340} 'layout' '()V' in 'com/sun/javafx/text/PrismTextLayout')}
  0x000001ee367a0548: 488b fe48 | bb10 c04d | 54ee 0100 | 008b 7f08 | 41ba 0000 | 003a 4903 | fa48 3bbb | 5016 0000 
  0x000001ee367a0568: 750d 4883 | 8358 1600 | 0001 e960 | 0000 0048 | 3bbb 6016 | 0000 750d | 4883 8368 | 1600 0001 
  0x000001ee367a0588: e94a 0000 | 0048 83bb | 5016 0000 | 0075 1748 | 89bb 5016 | 0000 48c7 | 8358 1600 | 0001 0000 
  0x000001ee367a05a8: 00e9 2900 | 0000 4883 | bb60 1600 | 0000 7517 | 4889 bb60 | 1600 0048 | c783 6816 | 0000 0100 
  0x000001ee367a05c8: 0000 e908 | 0000 0048 | 8383 4816 | 0000 01c5 | f828 e2c5 

  0x000001ee367a05dc: ;   {section_word}
  0x000001ee367a05dc: da58 e1c5 | fa10 0555 | baff ffc5 

  0x000001ee367a05e8: ;   {section_word}
  0x000001ee367a05e8: f828 cac5 | fa10 154d 

  0x000001ee367a05f0: ;   {section_word}
  0x000001ee367a05f0: baff ffc5 | fa10 2d49 | baff ff48 | 8bd6 0f1f | 8000 0000 | 0048 b810 | 52f4 6aee 

  0x000001ee367a060c: ;   {virtual_call}
  0x000001ee367a060c: 0100 00e8 

  0x000001ee367a0610: ; ImmutableOopMap {[176]=Oop [184]=Oop }
                      ;*invokevirtual deriveWithNewBounds {reexecute=0 rethrow=0 return_oop=0}
                      ; - com.sun.javafx.text.PrismTextLayout::layout@1427 (line 1324)
  0x000001ee367a0610: 0e4d 4907 

  0x000001ee367a0614: ;   {post_call_nop}
  0x000001ee367a0614: 0f1f 8400 | 0c47 002d | 410f be57 | 4885 d248 | 8b94 24b0 | 0000 000f | 85e3 1000 | 004c 8bd0 
  0x000001ee367a0634: 49c1 ea03 | 4489 5244 | 488b f248 | 33f0 48c1 | ee16 4883 | fe00 0f85 | e310 0000 | 8b72 4c48 
  0x000001ee367a0654: c1e6 0348 

  0x000001ee367a0658: ;   {metadata(method data for {method} {0x000001ee53c75340} 'layout' '()V' in 'com/sun/javafx/text/PrismTextLayout')}
  0x000001ee367a0658: 85f6 48bf | 10c0 4d54 | ee01 0000 | bb78 1600 | 0074 05bb | 8816 0000 | 488b 041f | 488d 4001 
  0x000001ee367a0678: 4889 041f | 0f84 9704 | 0000 8b7a | 3848 c1e7 | 0348 85ff 

  0x000001ee367a068c: ;   {metadata(method data for {method} {0x000001ee53c75340} 'layout' '()V' in 'com/sun/javafx/text/PrismTextLayout')}
  0x000001ee367a068c: 48bf 10c0 | 4d54 ee01 | 0000 bb98 | 1600 0074 | 05bb a816 | 0000 488b | 041f 488d | 4001 4889 
  0x000001ee367a06ac: 041f 0f84 | 5a04 0000 

  0x000001ee367a06b4: ; implicit exception: dispatches to 0x000001ee367a174b
  0x000001ee367a06b4: 0fbe 761c 

  0x000001ee367a06b8: ;   {metadata(method data for {method} {0x000001ee53c75340} 'layout' '()V' in 'com/sun/javafx/text/PrismTextLayout')}
  0x000001ee367a06b8: 85f6 48be | 10c0 4d54 | ee01 0000 | bfb8 1600 | 0075 05bf | c816 0000 | 488b 1c3e | 488d 5b01 
  0x000001ee367a06d8: 4889 1c3e | 0f85 2c04 | 0000 488b 

  0x000001ee367a06e4: ;   {metadata(method data for {method} {0x000001ee53c75340} 'layout' '()V' in 'com/sun/javafx/text/PrismTextLayout')}
  0x000001ee367a06e4: f248 bf10 | c04d 54ee | 0100 0048 | 8387 d816 | 0000 0148 | 8bf2 488b 

  0x000001ee367a06fc: ;   {optimized virtual_call}
  0x000001ee367a06fc: d666 90e8 

  0x000001ee367a0700: ; ImmutableOopMap {[176]=Oop [184]=Oop }
                      ;*invokevirtual copyCache {reexecute=0 rethrow=0 return_oop=0}
                      ; - com.sun.javafx.text.PrismTextLayout::layout@1458 (line 1329)
  0x000001ee367a0700: 2c49 5607 

  0x000001ee367a0704: ;   {post_call_nop}
  0x000001ee367a0704: 0f1f 8400 | fc47 002e 

  0x000001ee367a070c: ;   {metadata(method data for {method} {0x000001ee53c75340} 'layout' '()V' in 'com/sun/javafx/text/PrismTextLayout')}
  0x000001ee367a070c: 85c0 48b8 | 10c0 4d54 | ee01 0000 | ba08 1700 | 0075 05ba | 1817 0000 | 488b 3410 | 488d 7601 
  0x000001ee367a072c: 4889 3410 | 488b 9424 | b000 0000 | 0f85 d003 | 0000 8b42 | 4c48 c1e0 | 038b 7230 | 48c1 e603 
  0x000001ee367a074c: 410f be7f | 4885 ff0f | 85f7 0f00 | 004c 8bd6 | 49c1 ea03 

  0x000001ee367a0760: ; implicit exception: dispatches to 0x000001ee367a176f
  0x000001ee367a0760: 4489 502c | 488b f848 | 33fe 48c1 | ef16 4883 | ff00 0f85 | fc0f 0000 | 8b72 2848 | c1e6 0341 
  0x000001ee367a0780: 0fbe 7f48 | 85ff 0f85 | 0010 0000 | 4c8b d649 | c1ea 0344 | 8950 2848 | 8bf8 4833 | fe48 c1ef 
  0x000001ee367a07a0: 1648 83ff | 000f 8500 | 1000 008b | 7240 48c1 | e603 410f | be7f 4885 | ff0f 8504 | 1000 004c 
  0x000001ee367a07c0: 8bd6 49c1 | ea03 4489 | 5030 488b | f848 33fe | 48c1 ef16 | 4883 ff00 | 0f85 0410 | 0000 8b72 
  0x000001ee367a07e0: 0c89 7010 | 8b72 3c48 | c1e6 0341 | 0fbe 7f48 | 85ff 0f85 | 0210 0000 | 4c8b d649 | c1ea 0344 
  0x000001ee367a0800: 8950 3448 | 8bf8 4833 | fe48 c1ef 

  0x000001ee367a080c: ;   {other}
  0x000001ee367a080c: 1648 83ff | 000f 8502 | 1000 00c5 | fa10 4210 | c5fa 1140 | 14c5 fa10 | 4214 c5fa | 1140 188b 
  0x000001ee367a082c: 7220 81e6 | ff07 0000 

  0x000001ee367a0834: ;   {oop(a 'java/lang/Object'{0x000000060bde8620})}
  0x000001ee367a0834: 8970 0c48 | be20 86de | 0b06 0000 | 0048 8dbc | 24e0 0100 | 0048 8977 | 0848 8b06 | 418b 9fd8 
  0x000001ee367a0854: 0600 0081 | fb28 0700 | 000f 8dce | 0f00 0049 | 3b74 1ff8 | 0f84 2500 | 0000 a802 | 0f85 bb0f 
  0x000001ee367a0874: 0000 488b | d848 83e3 | fe48 83c8 | 01f0 480f | b11e 0f85 | a50f 0000 | 418b 9fd8 | 0600 0049 
  0x000001ee367a0894: 8934 1f83 | c308 4189 | 9fd8 0600 | 0048 8b84 | 24b8 0000 | 008b 700c | 89b4 24b8 

  0x000001ee367a08b0: ;   {oop(a 'java/lang/Class'{0x000000060bde8580} = 'com/sun/javafx/text/PrismTextLayout')}
  0x000001ee367a08b0: 0100 0048 | bf80 85de | 0b06 0000 | 008b bf94 | 0000 0003 | fe81 ff00 

  0x000001ee367a08c8: ;   {metadata(method data for {method} {0x000001ee53c75340} 'layout' '()V' in 'com/sun/javafx/text/PrismTextLayout')}
  0x000001ee367a08c8: 0001 0048 | bf10 c04d | 54ee 0100 | 00bb 2817 | 0000 7e05 | bb38 1700 | 0048 8b04 | 1f48 8d40 
  0x000001ee367a08e8: 0148 8904 | 1f0f 8ec6 

  0x000001ee367a08f0: ;   {oop(a 'java/util/Hashtable'{0x000000060bde8630})}
  0x000001ee367a08f0: 0000 0048 | bf30 86de | 0b06 0000 | 0048 8bdf 

  0x000001ee367a0900: ;   {metadata(method data for {method} {0x000001ee53c75340} 'layout' '()V' in 'com/sun/javafx/text/PrismTextLayout')}
  0x000001ee367a0900: 48b8 10c0 | 4d54 ee01 | 0000 8b5b | 0841 ba00 | 0000 3a49 | 03da 483b | 9850 1700 | 0075 0d48 
  0x000001ee367a0920: 8380 5817 | 0000 01e9 | 6000 0000 | 483b 9860 | 1700 0075 | 0d48 8380 | 6817 0000 | 01e9 4a00 
  0x000001ee367a0940: 0000 4883 | b850 1700 | 0000 7517 | 4889 9850 | 1700 0048 | c780 5817 | 0000 0100 | 0000 e929 
  0x000001ee367a0960: 0000 0048 | 83b8 6017 | 0000 0075 | 1748 8998 | 6017 0000 | 48c7 8068 | 1700 0001 | 0000 00e9 
  0x000001ee367a0980: 0800 0000 | 4883 8048 | 1700 0001 

  0x000001ee367a098c: ;   {optimized virtual_call}
  0x000001ee367a098c: 488b d7e8 

  0x000001ee367a0990: ; ImmutableOopMap {[176]=Oop [488]=Oop }
                      ;*invokevirtual clear {reexecute=0 rethrow=0 return_oop=0}
                      ; - com.sun.javafx.text.PrismTextLayout::layout@1582 (line 1346)
  0x000001ee367a0990: 4ce8 b006 

  0x000001ee367a0994: ;   {post_call_nop}
  0x000001ee367a0994: 0f1f 8400 | 8c4a 002f 

  0x000001ee367a099c: ;   {oop(a 'java/lang/Class'{0x000000060bde8580} = 'com/sun/javafx/text/PrismTextLayout')}
  0x000001ee367a099c: 49b8 8085 | de0b 0600 | 0000 41c7 | 8094 0000 | 0000 0000 | 0048 8b94 | 24b0 0000 | 0044 8b42 
  0x000001ee367a09bc: 3849 c1e0 | 0344 8b4a | 4c49 c1e1 

  0x000001ee367a09c8: ;   {oop(a 'java/util/Hashtable'{0x000000060bde8630})}
  0x000001ee367a09c8: 0348 bf30 | 86de 0b06 | 0000 0048 

  0x000001ee367a09d4: ;   {metadata(method data for {method} {0x000001ee53c75340} 'layout' '()V' in 'com/sun/javafx/text/PrismTextLayout')}
  0x000001ee367a09d4: 8bdf 48b8 | 10c0 4d54 | ee01 0000 | 8b5b 0841 | ba00 0000 | 3a49 03da | 483b 9880 | 1700 0075 
  0x000001ee367a09f4: 0d48 8380 | 8817 0000 | 01e9 6000 | 0000 483b | 9890 1700 | 0075 0d48 | 8380 9817 | 0000 01e9 
  0x000001ee367a0a14: 4a00 0000 | 4883 b880 | 1700 0000 | 7517 4889 | 9880 1700 | 0048 c780 | 8817 0000 | 0100 0000 
  0x000001ee367a0a34: e929 0000 | 0048 83b8 | 9017 0000 | 0075 1748 | 8998 9017 | 0000 48c7 | 8098 1700 | 0001 0000 
  0x000001ee367a0a54: 00e9 0800 | 0000 4883 | 8078 1700 | 0001 488b 

  0x000001ee367a0a64: ;   {optimized virtual_call}
  0x000001ee367a0a64: d766 90e8 

  0x000001ee367a0a68: ; ImmutableOopMap {[176]=Oop [488]=Oop }
                      ;*invokevirtual put {reexecute=0 rethrow=0 return_oop=0}
                      ; - com.sun.javafx.text.PrismTextLayout::layout@1600 (line 1349)
  0x000001ee367a0a68: 3495 deff 

  0x000001ee367a0a6c: ;   {post_call_nop}
  0x000001ee367a0a6c: 0f1f 8400 | 644b 0030 

  0x000001ee367a0a74: ;   {oop(a 'java/lang/Class'{0x000000060bde8580} = 'com/sun/javafx/text/PrismTextLayout')}
  0x000001ee367a0a74: 48b8 8085 | de0b 0600 | 0000 8bb0 | 9400 0000 | 03b4 24b8 | 0100 0089 | b094 0000 

  0x000001ee367a0a90: ;   {oop(a 'java/lang/Object'{0x000000060bde8620})}
  0x000001ee367a0a90: 0048 b820 | 86de 0b06 | 0000 0048 | 8d84 24e0 | 0100 0048 | 8b78 0841 | 8bb7 d806 | 0000 493b 
  0x000001ee367a0ab0: 7c37 f80f | 8590 0d00 | 0041 83af | d806 0000 | 0849 3b7c | 37f0 0f84 | 2a00 0000 | 488b 07a8 
  0x000001ee367a0ad0: 020f 8512 | 0000 0048 | 8bf0 4883 | ce01 f048 | 0fb1 370f | 840d 0000 | 0041 8387 | d806 0000 
  0x000001ee367a0af0: 08e9 530d 

  0x000001ee367a0af4: ;   {metadata(method data for {method} {0x000001ee53c75340} 'layout' '()V' in 'com/sun/javafx/text/PrismTextLayout')}
  0x000001ee367a0af4: 0000 48b8 | 10c0 4d54 | ee01 0000 | ff80 a817 | 0000 488b | 9424 b000 | 0000 8b42 | 4c48 c1e0 
  0x000001ee367a0b14: 03c6 401c | 0148 81c4 | 0002 0000 

  0x000001ee367a0b20: ;   {poll_return}
  0x000001ee367a0b20: 5d49 3b67 | 280f 8739 | 0d00 00c3 | 4881 c400 | 0200 005d 

  0x000001ee367a0b34: ;   {poll_return}
  0x000001ee367a0b34: 493b 6728 | 0f87 3c0d | 0000 c349 | 8b87 8805 | 0000 4d33 | d24d 8997 | 8805 0000 | 4d33 d24d 
  0x000001ee367a0b54: 8997 9005 | 0000 488b 

  0x000001ee367a0b5c: ;   {oop(a 'java/lang/Object'{0x000000060bde8620})}
  0x000001ee367a0b5c: f048 b820 | 86de 0b06 | 0000 0048 | 8d84 24e0 | 0100 0048 | 8b58 0841 | 8bbf d806 | 0000 493b 
  0x000001ee367a0b7c: 5c3f f80f | 850b 0d00 | 0041 83af | d806 0000 | 0849 3b5c | 3ff0 0f84 | 2a00 0000 | 488b 03a8 
  0x000001ee367a0b9c: 020f 8512 | 0000 0048 | 8bf8 4883 | cf01 f048 | 0fb1 3b0f | 840d 0000 | 0041 8387 | d806 0000 
  0x000001ee367a0bbc: 08e9 ce0c | 0000 488b | c6e9 fe0c 

  0x000001ee367a0bc8: ;   {metadata({method} {0x000001ee53c75340} 'layout' '()V' in 'com/sun/javafx/text/PrismTextLayout')}
  0x000001ee367a0bc8: 0000 49ba | 3853 c753 | ee01 0000 | 4c89 5424 | 0848 c704 | 24ff ffff 

  0x000001ee367a0be0: ;   {runtime_call C1 Runtime counter_overflow_blob}
  0x000001ee367a0be0: ffe8 7aef 

  0x000001ee367a0be4: ; ImmutableOopMap {rdx=Oop [176]=Oop }
                      ;*synchronization entry
                      ; - com.sun.javafx.text.PrismTextLayout::layout@-1 (line 1060)
  0x000001ee367a0be4: be06 e9e3 

  0x000001ee367a0be8: ;   {metadata({method} {0x000001ee553bbc58} 'getLineInstance' '()Ljava/text/BreakIterator;' in 'java/text/BreakIterator')}
  0x000001ee367a0be8: b4ff ff49 | ba50 bc3b | 55ee 0100 | 004c 8954 | 2408 48c7 | 0424 ffff 

  0x000001ee367a0c00: ;   {runtime_call C1 Runtime counter_overflow_blob}
  0x000001ee367a0c00: ffff e859 

  0x000001ee367a0c04: ; ImmutableOopMap {[176]=Oop [184]=Oop [192]=Oop }
                      ;*synchronization entry
                      ; - java.text.BreakIterator::getLineInstance@-1 (line 480)
                      ; - com.sun.javafx.text.PrismTextLayout::layout@99 (line 1086)
  0x000001ee367a0c04: efbe 06e9 | 74b8 ffff 

  0x000001ee367a0c0c: ;   {metadata({method} {0x000000003a230508} 'getDefault' '()Ljava/util/Locale;' in 'java/util/Locale')}
  0x000001ee367a0c0c: 49ba 0005 | 233a 0000 | 0000 4c89 | 5424 0848 | c704 24ff 

  0x000001ee367a0c20: ;   {runtime_call C1 Runtime counter_overflow_blob}
  0x000001ee367a0c20: ffff ffe8 

  0x000001ee367a0c24: ; ImmutableOopMap {[176]=Oop [184]=Oop [192]=Oop }
                      ;*synchronization entry
                      ; - java.util.Locale::getDefault@-1 (line 1096)
                      ; - java.text.BreakIterator::getLineInstance@0 (line 480)
                      ; - com.sun.javafx.text.PrismTextLayout::layout@99 (line 1086)
  0x000001ee367a0c24: 38ef be06 | e98e b8ff 

  0x000001ee367a0c2c: ;   {metadata({method} {0x000001ee553bbd08} 'getLineInstance' '(Ljava/util/Locale;)Ljava/text/BreakIterator;' in 'java/text/BreakIterator')}
  0x000001ee367a0c2c: ff49 ba00 | bd3b 55ee | 0100 004c | 8954 2408 | 48c7 0424 | ffff ffff 

  0x000001ee367a0c44: ;   {runtime_call C1 Runtime counter_overflow_blob}
  0x000001ee367a0c44: e817 efbe 

  0x000001ee367a0c48: ; ImmutableOopMap {r8=Oop [176]=Oop [184]=Oop [192]=Oop }
                      ;*synchronization entry
                      ; - java.text.BreakIterator::getLineInstance@-1 (line 493)
                      ; - java.text.BreakIterator::getLineInstance@3 (line 480)
                      ; - com.sun.javafx.text.PrismTextLayout::layout@99 (line 1086)
  0x000001ee367a0c48: 06e9 bbb8 

  0x000001ee367a0c4c: ;   {metadata(nullptr)}
  0x000001ee367a0c4c: ffff 48ba | 0000 0000 | 0000 0000 | b800 0f05 

  0x000001ee367a0c5c: ;   {runtime_call C1 Runtime load_klass_patching_blob}
  0x000001ee367a0c5c: 0ae8 fec4 

  0x000001ee367a0c60: ; ImmutableOopMap {rax=Oop [176]=Oop [184]=Oop [192]=Oop [200]=Oop }
                      ;*new {reexecute=1 rethrow=0 return_oop=0}
                      ; - (reexecute) com.sun.javafx.text.PrismTextLayout::layout@106 (line 1087)
  0x000001ee367a0c60: be06 e9d9 | b8ff ff48 

  0x000001ee367a0c68: ;   {runtime_call C1 Runtime new_instance_blob}
  0x000001ee367a0c68: 8bd2 e871 

  0x000001ee367a0c6c: ; ImmutableOopMap {[176]=Oop [184]=Oop [192]=Oop [200]=Oop }
                      ;*new {reexecute=0 rethrow=0 return_oop=0}
                      ; - com.sun.javafx.text.PrismTextLayout::layout@106 (line 1087)
  0x000001ee367a0c6c: 76be 06e9 | dbb8 ffff 

  0x000001ee367a0c74: ;   {runtime_call C1 Runtime throw_null_pointer_exception_blob}
  0x000001ee367a0c74: e8e7 6fbe 

  0x000001ee367a0c78: ; ImmutableOopMap {rax=Oop [176]=Oop [184]=Oop [192]=Oop [200]=Oop [208]=Oop }
                      ;*invokevirtual setText {reexecute=0 rethrow=0 return_oop=0}
                      ; - com.sun.javafx.text.PrismTextLayout::layout@114 (line 1087)
  0x000001ee367a0c78: 0648 8bd2 

  0x000001ee367a0c7c: ;   {runtime_call C1 Runtime fast_new_instance_blob}
  0x000001ee367a0c7c: e8df 79be 

  0x000001ee367a0c80: ; ImmutableOopMap {r11=Oop r13=Oop [176]=Oop [184]=Oop [192]=Oop [216]=Oop }
                      ;*new {reexecute=0 rethrow=0 return_oop=0}
                      ; - com.sun.javafx.text.PrismTextLayout::layout@141 (line 1099)
  0x000001ee367a0c80: 06e9 77ba 

  0x000001ee367a0c84: ;   {metadata({method} {0x000001ee540589b0} '<init>' '()V' in 'com/sun/javafx/text/LayoutCache')}
  0x000001ee367a0c84: ffff 49ba | a889 0554 | ee01 0000 | 4c89 5424 | 0848 c704 | 24ff ffff 

  0x000001ee367a0c9c: ;   {runtime_call C1 Runtime counter_overflow_blob}
  0x000001ee367a0c9c: ffe8 beee 

  0x000001ee367a0ca0: ; ImmutableOopMap {r11=Oop r13=Oop r8=Oop [176]=Oop [184]=Oop [192]=Oop [216]=Oop }
                      ;*synchronization entry
                      ; - com.sun.javafx.text.LayoutCache::<init>@-1 (line 30)
                      ; - com.sun.javafx.text.PrismTextLayout::layout@145 (line 1099)
  0x000001ee367a0ca0: be06 e995 

  0x000001ee367a0ca4: ;   {metadata({method} {0x000000003a4b32d8} '<init>' '()V' in 'java/lang/Object')}
  0x000001ee367a0ca4: baff ff49 | bad0 324b | 3a00 0000 | 004c 8954 | 2408 48c7 | 0424 ffff 

  0x000001ee367a0cbc: ;   {runtime_call C1 Runtime counter_overflow_blob}
  0x000001ee367a0cbc: ffff e89d 

  0x000001ee367a0cc0: ; ImmutableOopMap {r11=Oop r13=Oop r8=Oop [176]=Oop [184]=Oop [192]=Oop [216]=Oop }
                      ;*synchronization entry
                      ; - java.lang.Object::<init>@-1 (line 44)
                      ; - com.sun.javafx.text.LayoutCache::<init>@1 (line 30)
                      ; - com.sun.javafx.text.PrismTextLayout::layout@145 (line 1099)
  0x000001ee367a0cc0: eebe 06e9 | b0ba ffff | 418b 5b4c | 48c1 e303 | 4883 fb00 | 0f84 abba | ffff 4889 

  0x000001ee367a0cdc: ;   {runtime_call g1_pre_barrier_slow}
  0x000001ee367a0cdc: 1c24 e87d | f5be 06e9 | 9dba ffff | 4983 f800 | 0f84 b2ba | ffff 4c89 

  0x000001ee367a0cf4: ;   {runtime_call g1_post_barrier_slow}
  0x000001ee367a0cf4: 1c24 e865 | f8be 06e9 | a4ba ffff 

  0x000001ee367a0d00: ;   {runtime_call C1 Runtime throw_null_pointer_exception_blob}
  0x000001ee367a0d00: e85b 6fbe 

  0x000001ee367a0d04: ; ImmutableOopMap {r11=Oop r13=Oop r8=Oop [176]=Oop [184]=Oop [192]=Oop [216]=Oop }
                      ;*arraylength {reexecute=0 rethrow=0 return_oop=0}
                      ; - com.sun.javafx.text.PrismTextLayout::layout@156 (line 1100)
                      ;   {runtime_call C1 Runtime new_type_array_blob}
  0x000001ee367a0d04: 06e8 5680 

  0x000001ee367a0d08: ; ImmutableOopMap {r11=Oop r13=Oop r8=Oop [176]=Oop [184]=Oop [192]=Oop [216]=Oop }
                      ;*newarray {reexecute=0 rethrow=0 return_oop=0}
                      ; - com.sun.javafx.text.PrismTextLayout::layout@157 (line 1100)
  0x000001ee367a0d08: be06 e91f | bbff ff41 | 8b58 2048 | c1e3 0348 | 83fb 000f | 841a bbff | ff48 891c 

  0x000001ee367a0d24: ;   {runtime_call g1_pre_barrier_slow}
  0x000001ee367a0d24: 24e8 36f5 | be06 e90c | bbff ff48 | 83f8 000f | 8421 bbff | ff4c 8904 

  0x000001ee367a0d3c: ;   {runtime_call g1_post_barrier_slow}
  0x000001ee367a0d3c: 24e8 1ef8 | be06 e913 

  0x000001ee367a0d44: ;   {runtime_call C1 Runtime new_type_array_blob}
  0x000001ee367a0d44: bbff ffe8 

  0x000001ee367a0d48: ; ImmutableOopMap {r11=Oop r13=Oop r8=Oop [176]=Oop [184]=Oop [192]=Oop [216]=Oop }
                      ;*newarray {reexecute=0 rethrow=0 return_oop=0}
                      ; - com.sun.javafx.text.PrismTextLayout::layout@168 (line 1101)
  0x000001ee367a0d48: 1480 be06 | e98f bbff | ff41 8b50 | 2448 c1e2 | 0348 83fa | 000f 848a | bbff ff48 

  0x000001ee367a0d64: ;   {runtime_call g1_pre_barrier_slow}
  0x000001ee367a0d64: 8914 24e8 | f4f4 be06 | e97c bbff | ff48 83f8 | 000f 8491 | bbff ff4c 

  0x000001ee367a0d7c: ;   {runtime_call g1_post_barrier_slow}
  0x000001ee367a0d7c: 8904 24e8 | dcf7 be06 | e983 bbff | ff41 8b53 | 4c48 c1e2 | 0348 83fa | 000f 84a3 | bbff ff48 
  0x000001ee367a0d9c: ;   {runtime_call g1_pre_barrier_slow}
  0x000001ee367a0d9c: 8914 24e8 | bcf4 be06 | e995 bbff | ff48 8bd2 

  0x000001ee367a0dac: ;   {runtime_call C1 Runtime fast_new_instance_blob}
  0x000001ee367a0dac: e8af 78be 

  0x000001ee367a0db0: ; ImmutableOopMap {r11=Oop r13=Oop [176]=Oop [184]=Oop [192]=Oop [216]=Oop }
                      ;*new {reexecute=0 rethrow=0 return_oop=0}
                      ; - com.sun.javafx.text.PrismTextLayout::layout@190 (line 1110)
  0x000001ee367a0db0: 06e9 dcbb 

  0x000001ee367a0db4: ;   {metadata({method} {0x000000003a221f60} '<init>' '()V' in 'java/util/ArrayList')}
  0x000001ee367a0db4: ffff 49ba | 581f 223a | 0000 0000 | 4c89 5424 | 0848 c704 | 24ff ffff 

  0x000001ee367a0dcc: ;   {runtime_call C1 Runtime counter_overflow_blob}
  0x000001ee367a0dcc: ffe8 8eed 

  0x000001ee367a0dd0: ; ImmutableOopMap {r11=Oop r13=Oop rax=Oop [176]=Oop [184]=Oop [192]=Oop [216]=Oop [240]=Oop }
                      ;*synchronization entry
                      ; - java.util.ArrayList::<init>@-1 (line 169)
                      ; - com.sun.javafx.text.PrismTextLayout::layout@194 (line 1110)
  0x000001ee367a0dd0: be06 e904 

  0x000001ee367a0dd4: ;   {metadata({method} {0x000000003a220bf8} '<init>' '()V' in 'java/util/AbstractList')}
  0x000001ee367a0dd4: bcff ff49 | baf0 0b22 | 3a00 0000 | 004c 8954 | 2408 48c7 | 0424 ffff 

  0x000001ee367a0dec: ;   {runtime_call C1 Runtime counter_overflow_blob}
  0x000001ee367a0dec: ffff e86d 

  0x000001ee367a0df0: ; ImmutableOopMap {r11=Oop r13=Oop rax=Oop [176]=Oop [184]=Oop [192]=Oop [216]=Oop [240]=Oop }
                      ;*synchronization entry
                      ; - java.util.AbstractList::<init>@-1 (line 80)
                      ; - java.util.ArrayList::<init>@1 (line 169)
                      ; - com.sun.javafx.text.PrismTextLayout::layout@194 (line 1110)
  0x000001ee367a0df0: edbe 06e9 | 24bc ffff 

  0x000001ee367a0df8: ;   {metadata({method} {0x000000003a21ffb8} '<init>' '()V' in 'java/util/AbstractCollection')}
  0x000001ee367a0df8: 49ba b0ff | 213a 0000 | 0000 4c89 | 5424 0848 | c704 24ff 

  0x000001ee367a0e0c: ;   {runtime_call C1 Runtime counter_overflow_blob}
  0x000001ee367a0e0c: ffff ffe8 

  0x000001ee367a0e10: ; ImmutableOopMap {r11=Oop r13=Oop rax=Oop [176]=Oop [184]=Oop [192]=Oop [216]=Oop [240]=Oop }
                      ;*synchronization entry
                      ; - java.util.AbstractCollection::<init>@-1 (line 70)
                      ; - java.util.AbstractList::<init>@1 (line 80)
                      ; - java.util.ArrayList::<init>@1 (line 169)
                      ; - com.sun.javafx.text.PrismTextLayout::layout@194 (line 1110)
  0x000001ee367a0e10: 4ced be06 | e944 bcff 

  0x000001ee367a0e18: ;   {metadata({method} {0x000000003a4b32d8} '<init>' '()V' in 'java/lang/Object')}
  0x000001ee367a0e18: ff49 bad0 | 324b 3a00 | 0000 004c | 8954 2408 | 48c7 0424 | ffff ffff 

  0x000001ee367a0e30: ;   {runtime_call C1 Runtime counter_overflow_blob}
  0x000001ee367a0e30: e82b edbe 

  0x000001ee367a0e34: ; ImmutableOopMap {r11=Oop r13=Oop rax=Oop [176]=Oop [184]=Oop [192]=Oop [216]=Oop [240]=Oop }
                      ;*synchronization entry
                      ; - java.lang.Object::<init>@-1 (line 44)
                      ; - java.util.AbstractCollection::<init>@1 (line 70)
                      ; - java.util.AbstractList::<init>@1 (line 80)
                      ; - java.util.ArrayList::<init>@1 (line 169)
                      ; - com.sun.javafx.text.PrismTextLayout::layout@194 (line 1110)
  0x000001ee367a0e34: 06e9 64bc | ffff 448b | 4014 49c1 | e003 4983 | f800 0f84 | 60bc ffff | 4c89 0424 

  0x000001ee367a0e50: ;   {runtime_call g1_pre_barrier_slow}
  0x000001ee367a0e50: e80b f4be | 06e9 52bc | ffff 4983 | f800 0f84 | 78bc ffff | 4889 0424 

  0x000001ee367a0e68: ;   {runtime_call g1_post_barrier_slow}
  0x000001ee367a0e68: e8f3 f6be | 06e9 6abc 

  0x000001ee367a0e70: ;   {runtime_call C1 Runtime throw_null_pointer_exception_blob}
  0x000001ee367a0e70: ffff e8e9 

  0x000001ee367a0e74: ; ImmutableOopMap {r11=Oop r13=Oop rbx=Oop r8=Oop [176]=Oop [184]=Oop [216]=Oop [240]=Oop }
                      ;*aaload {reexecute=0 rethrow=0 return_oop=0}
                      ; - com.sun.javafx.text.PrismTextLayout::layout@217 (line 1112)
                      ;   {runtime_call C1 Runtime throw_null_pointer_exception_blob}
  0x000001ee367a0e74: 6dbe 06e8 

  0x000001ee367a0e78: ; ImmutableOopMap {r11=Oop r13=Oop rbx=Oop r8=Oop [176]=Oop [184]=Oop [216]=Oop [240]=Oop }
                      ;*aaload {reexecute=0 rethrow=0 return_oop=0}
                      ; - com.sun.javafx.text.PrismTextLayout::layout@217 (line 1112)
  0x000001ee367a0e78: e46d be06 | 4889 3424 | 4c89 4424 

  0x000001ee367a0e84: ;   {runtime_call C1 Runtime throw_range_check_failed_blob}
  0x000001ee367a0e84: 08e8 d664 

  0x000001ee367a0e88: ; ImmutableOopMap {r11=Oop r13=Oop rbx=Oop r8=Oop [176]=Oop [184]=Oop [216]=Oop [240]=Oop }
                      ;*aaload {reexecute=0 rethrow=0 return_oop=0}
                      ; - com.sun.javafx.text.PrismTextLayout::layout@217 (line 1112)
                      ;   {runtime_call C1 Runtime throw_null_pointer_exception_blob}
  0x000001ee367a0e88: be06 e8d1 

  0x000001ee367a0e8c: ; ImmutableOopMap {rdi=Oop [176]=Oop [184]=Oop [192]=Oop [216]=Oop [240]=Oop [248]=Oop }
                      ;*invokevirtual isTab {reexecute=0 rethrow=0 return_oop=0}
                      ; - com.sun.javafx.text.PrismTextLayout::layout@230 (line 1114)
                      ;   {metadata({method} {0x000001ee54057db8} 'isTab' '()Z' in 'com/sun/javafx/text/TextRun')}
  0x000001ee367a0e8c: 6dbe 0649 | bab0 7d05 | 54ee 0100 | 004c 8954 | 2408 48c7 | 0424 ffff 

  0x000001ee367a0ea4: ;   {runtime_call C1 Runtime counter_overflow_blob}
  0x000001ee367a0ea4: ffff e8b5 

  0x000001ee367a0ea8: ; ImmutableOopMap {rdi=Oop [176]=Oop [184]=Oop [192]=Oop [216]=Oop [240]=Oop [248]=Oop }
                      ;*synchronization entry
                      ; - com.sun.javafx.text.TextRun::isTab@-1 (line 134)
                      ; - com.sun.javafx.text.PrismTextLayout::layout@230 (line 1114)
  0x000001ee367a0ea8: ecbe 06e9 | 4bbd ffff 

  0x000001ee367a0eb0: ;   {metadata({method} {0x000001ee54057ad8} 'isLinebreak' '()Z' in 'com/sun/javafx/text/TextRun')}
  0x000001ee367a0eb0: 49ba d07a | 0554 ee01 | 0000 4c89 | 5424 0848 | c704 24ff 

  0x000001ee367a0ec4: ;   {runtime_call C1 Runtime counter_overflow_blob}
  0x000001ee367a0ec4: ffff ffe8 

  0x000001ee367a0ec8: ; ImmutableOopMap {rdx=Oop rdi=Oop [176]=Oop [184]=Oop [192]=Oop [216]=Oop [240]=Oop [248]=Oop }
                      ;*synchronization entry
                      ; - com.sun.javafx.text.TextRun::isLinebreak@-1 (line 118)
                      ; - com.sun.javafx.text.PrismTextLayout::layout@289 (line 1120)
  0x000001ee367a0ec8: 94ec be06 | e963 bfff 

  0x000001ee367a0ed0: ;   {metadata({method} {0x000001ee540575d0} 'getEnd' '()I' in 'com/sun/javafx/text/TextRun')}
  0x000001ee367a0ed0: ff49 bac8 | 7505 54ee | 0100 004c | 8954 2408 | 48c7 0424 | ffff ffff 

  0x000001ee367a0ee8: ;   {runtime_call C1 Runtime counter_overflow_blob}
  0x000001ee367a0ee8: e873 ecbe 

  0x000001ee367a0eec: ; ImmutableOopMap {[176]=Oop [184]=Oop [192]=Oop [216]=Oop [240]=Oop [248]=Oop }
                      ;*synchronization entry
                      ; - com.sun.javafx.text.TextRun::getEnd@-1 (line 86)
                      ; - com.sun.javafx.text.PrismTextLayout::layout@321 (line 1129)
  0x000001ee367a0eec: 06e9 76c0 

  0x000001ee367a0ef0: ;   {runtime_call C1 Runtime throw_null_pointer_exception_blob}
  0x000001ee367a0ef0: ffff e869 

  0x000001ee367a0ef4: ; ImmutableOopMap {rdi=Oop rax=Oop [176]=Oop [184]=Oop [192]=Oop [216]=Oop [240]=Oop [248]=Oop }
                      ;*caload {reexecute=0 rethrow=0 return_oop=0}
                      ; - com.sun.javafx.text.PrismTextLayout::layout@338 (line 1130)
                      ;   {runtime_call C1 Runtime throw_null_pointer_exception_blob}
  0x000001ee367a0ef4: 6dbe 06e8 

  0x000001ee367a0ef8: ; ImmutableOopMap {rdi=Oop rax=Oop [176]=Oop [184]=Oop [192]=Oop [216]=Oop [240]=Oop [248]=Oop }
                      ;*caload {reexecute=0 rethrow=0 return_oop=0}
                      ; - com.sun.javafx.text.PrismTextLayout::layout@338 (line 1130)
  0x000001ee367a0ef8: 646d be06 | 4889 3424 | 4889 4424 

  0x000001ee367a0f04: ;   {runtime_call C1 Runtime throw_range_check_failed_blob}
  0x000001ee367a0f04: 08e8 5664 

  0x000001ee367a0f08: ; ImmutableOopMap {rdi=Oop rax=Oop [176]=Oop [184]=Oop [192]=Oop [216]=Oop [240]=Oop [248]=Oop }
                      ;*caload {reexecute=0 rethrow=0 return_oop=0}
                      ; - com.sun.javafx.text.PrismTextLayout::layout@338 (line 1130)
                      ;   {runtime_call C1 Runtime throw_null_pointer_exception_blob}
  0x000001ee367a0f08: be06 e851 

  0x000001ee367a0f0c: ; ImmutableOopMap {rcx=Oop [176]=Oop [184]=Oop [192]=Oop [240]=Oop [248]=Oop }
                      ;*invokevirtual isBoundary {reexecute=0 rethrow=0 return_oop=0}
                      ; - com.sun.javafx.text.PrismTextLayout::layout@360 (line 1142)
                      ;   {runtime_call C1 Runtime throw_null_pointer_exception_blob}
  0x000001ee367a0f0c: 6dbe 06e8 

  0x000001ee367a0f10: ; ImmutableOopMap {rax=Oop [176]=Oop [184]=Oop [192]=Oop [216]=Oop [240]=Oop [248]=Oop }
                      ;*caload {reexecute=0 rethrow=0 return_oop=0}
                      ; - com.sun.javafx.text.PrismTextLayout::layout@369 (line 1142)
  0x000001ee367a0f10: 4c6d be06 

  0x000001ee367a0f14: ;   {runtime_call C1 Runtime throw_null_pointer_exception_blob}
  0x000001ee367a0f14: e847 6dbe 

  0x000001ee367a0f18: ; ImmutableOopMap {rax=Oop [176]=Oop [184]=Oop [192]=Oop [216]=Oop [240]=Oop [248]=Oop }
                      ;*caload {reexecute=0 rethrow=0 return_oop=0}
                      ; - com.sun.javafx.text.PrismTextLayout::layout@369 (line 1142)
  0x000001ee367a0f18: 0648 891c | 2448 8944 

  0x000001ee367a0f20: ;   {runtime_call C1 Runtime throw_range_check_failed_blob}
  0x000001ee367a0f20: 2408 e839 

  0x000001ee367a0f24: ; ImmutableOopMap {rax=Oop [176]=Oop [184]=Oop [192]=Oop [216]=Oop [240]=Oop [248]=Oop }
                      ;*caload {reexecute=0 rethrow=0 return_oop=0}
                      ; - com.sun.javafx.text.PrismTextLayout::layout@369 (line 1142)
                      ;   {metadata({method} {0x000001ee553bb6e8} 'preceding' '(I)I' in 'java/text/BreakIterator')}
  0x000001ee367a0f24: 64be 0649 | bae0 b63b | 55ee 0100 | 004c 8954 | 2408 48c7 | 0424 ffff 

  0x000001ee367a0f3c: ;   {runtime_call C1 Runtime counter_overflow_blob}
  0x000001ee367a0f3c: ffff e81d 

  0x000001ee367a0f40: ; ImmutableOopMap {[176]=Oop [184]=Oop [192]=Oop [216]=Oop [240]=Oop [248]=Oop }
                      ;*synchronization entry
                      ; - java.text.BreakIterator::preceding@-1 (line 363)
                      ; - com.sun.javafx.text.PrismTextLayout::layout@384 (line 1142)
  0x000001ee367a0f40: ecbe 06e9 | a6c2 ffff 

  0x000001ee367a0f48: ;   {metadata({method} {0x000001ee553bea88} 'previous' '()I' in 'sun/util/locale/provider/BreakIteratorProviderImpl$GraphemeBreakIterator')}
  0x000001ee367a0f48: 49ba 80ea | 3b55 ee01 | 0000 4c89 | 5424 0848 | c704 24ff 

  0x000001ee367a0f5c: ;   {runtime_call C1 Runtime counter_overflow_blob}
  0x000001ee367a0f5c: ffff ffe8 

  0x000001ee367a0f60: ; ImmutableOopMap {rsi=Oop [176]=Oop [184]=Oop [192]=Oop [240]=Oop [248]=Oop }
                      ;*synchronization entry
                      ; - sun.util.locale.provider.BreakIteratorProviderImpl$GraphemeBreakIterator::previous@-1 (line 247)
                      ; - java.text.BreakIterator::preceding@17 (line 365)
                      ; - com.sun.javafx.text.PrismTextLayout::layout@384 (line 1142)
  0x000001ee367a0f60: fceb be06 | e960 c3ff 

  0x000001ee367a0f68: ;   {metadata({method} {0x000001ee553bb6e8} 'preceding' '(I)I' in 'java/text/BreakIterator')}
  0x000001ee367a0f68: ff49 bae0 | b63b 55ee | 0100 004c | 8954 2408 | 48c7 0424 | 1500 0000 

  0x000001ee367a0f80: ;   {runtime_call C1 Runtime counter_overflow_blob}
  0x000001ee367a0f80: e8db ebbe 

  0x000001ee367a0f84: ; ImmutableOopMap {[176]=Oop [184]=Oop [192]=Oop [216]=Oop [240]=Oop [248]=Oop }
                      ;*goto {reexecute=1 rethrow=0 return_oop=0}
                      ; - (reexecute) java.text.BreakIterator::preceding@21 (line 365)
                      ; - com.sun.javafx.text.PrismTextLayout::layout@384 (line 1142)
  0x000001ee367a0f84: 06e9 19c4 

  0x000001ee367a0f88: ;   {runtime_call C1 Runtime throw_null_pointer_exception_blob}
  0x000001ee367a0f88: ffff e8d1 

  0x000001ee367a0f8c: ; ImmutableOopMap {rax=Oop [176]=Oop [184]=Oop [192]=Oop [216]=Oop [240]=Oop [248]=Oop }
                      ;*caload {reexecute=0 rethrow=0 return_oop=0}
                      ; - com.sun.javafx.text.PrismTextLayout::layout@395 (line 1145)
                      ;   {runtime_call C1 Runtime throw_null_pointer_exception_blob}
  0x000001ee367a0f8c: 6cbe 06e8 

  0x000001ee367a0f90: ; ImmutableOopMap {rax=Oop [176]=Oop [184]=Oop [192]=Oop [216]=Oop [240]=Oop [248]=Oop }
                      ;*caload {reexecute=0 rethrow=0 return_oop=0}
                      ; - com.sun.javafx.text.PrismTextLayout::layout@395 (line 1145)
  0x000001ee367a0f90: cc6c be06 | 4889 1c24 | 4889 4424 

  0x000001ee367a0f9c: ;   {runtime_call C1 Runtime throw_range_check_failed_blob}
  0x000001ee367a0f9c: 08e8 be63 

  0x000001ee367a0fa0: ; ImmutableOopMap {rax=Oop [176]=Oop [184]=Oop [192]=Oop [216]=Oop [240]=Oop [248]=Oop }
                      ;*caload {reexecute=0 rethrow=0 return_oop=0}
                      ; - com.sun.javafx.text.PrismTextLayout::layout@395 (line 1145)
                      ;   {metadata({method} {0x000000003a1a8bc8} 'isWhitespace' '(C)Z' in 'java/lang/Character')}
  0x000001ee367a0fa0: be06 49ba | c08b 1a3a | 0000 0000 | 4c89 5424 | 0848 c704 | 24ff ffff 

  0x000001ee367a0fb8: ;   {runtime_call C1 Runtime counter_overflow_blob}
  0x000001ee367a0fb8: ffe8 a2eb 

  0x000001ee367a0fbc: ; ImmutableOopMap {rax=Oop [176]=Oop [184]=Oop [192]=Oop [216]=Oop [240]=Oop [248]=Oop }
                      ;*synchronization entry
                      ; - java.lang.Character::isWhitespace@-1 (line 11680)
                      ; - com.sun.javafx.text.PrismTextLayout::layout@396 (line 1145)
  0x000001ee367a0fbc: be06 e9a2 

  0x000001ee367a0fc0: ;   {metadata({method} {0x000000003a1a8c20} 'isWhitespace' '(I)Z' in 'java/lang/Character')}
  0x000001ee367a0fc0: c4ff ff49 | ba18 8c1a | 3a00 0000 | 004c 8954 | 2408 48c7 | 0424 ffff 

  0x000001ee367a0fd8: ;   {runtime_call C1 Runtime counter_overflow_blob}
  0x000001ee367a0fd8: ffff e881 

  0x000001ee367a0fdc: ; ImmutableOopMap {rax=Oop [176]=Oop [184]=Oop [192]=Oop [216]=Oop [240]=Oop [248]=Oop }
                      ;*synchronization entry
                      ; - java.lang.Character::isWhitespace@-1 (line 11711)
                      ; - java.lang.Character::isWhitespace@1 (line 11680)
                      ; - com.sun.javafx.text.PrismTextLayout::layout@396 (line 1145)
  0x000001ee367a0fdc: ebbe 06e9 | bac4 ffff 

  0x000001ee367a0fe4: ;   {runtime_call C1 Runtime throw_null_pointer_exception_blob}
  0x000001ee367a0fe4: e877 6cbe 

  0x000001ee367a0fe8: ; ImmutableOopMap {rax=Oop [176]=Oop [184]=Oop [192]=Oop [216]=Oop [240]=Oop [248]=Oop }
                      ;*invokevirtual isWhitespace {reexecute=0 rethrow=0 return_oop=0}
                      ; - java.lang.Character::isWhitespace@5 (line 11711)
                      ; - java.lang.Character::isWhitespace@1 (line 11680)
                      ; - com.sun.javafx.text.PrismTextLayout::layout@396 (line 1145)
  0x000001ee367a0fe8: 0648 8914 | 2448 8944 

  0x000001ee367a0ff0: ;   {runtime_call C1 Runtime throw_range_check_failed_blob}
  0x000001ee367a0ff0: 2408 e869 

  0x000001ee367a0ff4: ; ImmutableOopMap {rax=Oop [176]=Oop [184]=Oop [192]=Oop [216]=Oop [240]=Oop [248]=Oop }
                      ;*caload {reexecute=0 rethrow=0 return_oop=0}
                      ; - com.sun.javafx.text.PrismTextLayout::layout@413 (line 1147)
                      ;   {metadata({method} {0x000000003a1a8bc8} 'isWhitespace' '(C)Z' in 'java/lang/Character')}
  0x000001ee367a0ff4: 63be 0649 | bac0 8b1a | 3a00 0000 | 004c 8954 | 2408 48c7 | 0424 ffff 

  0x000001ee367a100c: ;   {runtime_call C1 Runtime counter_overflow_blob}
  0x000001ee367a100c: ffff e84d 

  0x000001ee367a1010: ; ImmutableOopMap {rax=Oop [176]=Oop [184]=Oop [192]=Oop [216]=Oop [240]=Oop [248]=Oop }
                      ;*synchronization entry
                      ; - java.lang.Character::isWhitespace@-1 (line 11680)
                      ; - com.sun.javafx.text.PrismTextLayout::layout@414 (line 1147)
  0x000001ee367a1010: ebbe 06e9 | 0ec6 ffff 

  0x000001ee367a1018: ;   {metadata({method} {0x000000003a1a8c20} 'isWhitespace' '(I)Z' in 'java/lang/Character')}
  0x000001ee367a1018: 49ba 188c | 1a3a 0000 | 0000 4c89 | 5424 0848 | c704 24ff 

  0x000001ee367a102c: ;   {runtime_call C1 Runtime counter_overflow_blob}
  0x000001ee367a102c: ffff ffe8 

  0x000001ee367a1030: ; ImmutableOopMap {rax=Oop [176]=Oop [184]=Oop [192]=Oop [216]=Oop [240]=Oop [248]=Oop }
                      ;*synchronization entry
                      ; - java.lang.Character::isWhitespace@-1 (line 11711)
                      ; - java.lang.Character::isWhitespace@1 (line 11680)
                      ; - com.sun.javafx.text.PrismTextLayout::layout@414 (line 1147)
  0x000001ee367a1030: 2ceb be06 | e926 c6ff 

  0x000001ee367a1038: ;   {runtime_call C1 Runtime throw_null_pointer_exception_blob}
  0x000001ee367a1038: ffe8 226c 

  0x000001ee367a103c: ; ImmutableOopMap {rax=Oop [176]=Oop [184]=Oop [192]=Oop [216]=Oop [240]=Oop [248]=Oop }
                      ;*invokevirtual isWhitespace {reexecute=0 rethrow=0 return_oop=0}
                      ; - java.lang.Character::isWhitespace@5 (line 11711)
                      ; - java.lang.Character::isWhitespace@1 (line 11680)
                      ; - com.sun.javafx.text.PrismTextLayout::layout@414 (line 1147)
                      ;   {metadata({method} {0x000001ee53c75340} 'layout' '()V' in 'com/sun/javafx/text/PrismTextLayout')}
  0x000001ee367a103c: be06 49ba | 3853 c753 | ee01 0000 | 4c89 5424 | 0848 c704 | 24b7 0100 

  0x000001ee367a1054: ;   {runtime_call C1 Runtime counter_overflow_blob}
  0x000001ee367a1054: 00e8 06eb 

  0x000001ee367a1058: ; ImmutableOopMap {[176]=Oop [184]=Oop [192]=Oop [216]=Oop [240]=Oop [248]=Oop }
                      ;*goto {reexecute=1 rethrow=0 return_oop=0}
                      ; - (reexecute) com.sun.javafx.text.PrismTextLayout::layout@439 (line 1151)
  0x000001ee367a1058: be06 e97e 

  0x000001ee367a105c: ;   {runtime_call C1 Runtime throw_null_pointer_exception_blob}
  0x000001ee367a105c: c7ff ffe8 

  0x000001ee367a1060: ; ImmutableOopMap {r11=Oop rdx=Oop [176]=Oop [184]=Oop [192]=Oop [216]=Oop [240]=Oop [248]=Oop }
                      ;*aaload {reexecute=0 rethrow=0 return_oop=0}
                      ; - com.sun.javafx.text.PrismTextLayout::layout@475 (line 1161)
  0x000001ee367a1060: fc6b be06 

  0x000001ee367a1064: ;   {runtime_call C1 Runtime throw_null_pointer_exception_blob}
  0x000001ee367a1064: e8f7 6bbe 

  0x000001ee367a1068: ; ImmutableOopMap {r11=Oop rdx=Oop [176]=Oop [184]=Oop [192]=Oop [216]=Oop [240]=Oop [248]=Oop }
                      ;*aaload {reexecute=0 rethrow=0 return_oop=0}
                      ; - com.sun.javafx.text.PrismTextLayout::layout@475 (line 1161)
  0x000001ee367a1068: 0648 890c | 2448 8954 

  0x000001ee367a1070: ;   {runtime_call C1 Runtime throw_range_check_failed_blob}
  0x000001ee367a1070: 2408 e8e9 

  0x000001ee367a1074: ; ImmutableOopMap {r11=Oop rdx=Oop [176]=Oop [184]=Oop [192]=Oop [216]=Oop [240]=Oop [248]=Oop }
                      ;*aaload {reexecute=0 rethrow=0 return_oop=0}
                      ; - com.sun.javafx.text.PrismTextLayout::layout@475 (line 1161)
                      ;   {runtime_call C1 Runtime throw_null_pointer_exception_blob}
  0x000001ee367a1074: 62be 06e8 

  0x000001ee367a1078: ; ImmutableOopMap {r11=Oop rdx=Oop [176]=Oop [184]=Oop [192]=Oop [216]=Oop [240]=Oop [248]=Oop }
                      ;*invokevirtual getEnd {reexecute=0 rethrow=0 return_oop=0}
                      ; - com.sun.javafx.text.PrismTextLayout::layout@480 (line 1162)
  0x000001ee367a1078: e46b be06 

  0x000001ee367a107c: ;   {metadata({method} {0x000001ee540575d0} 'getEnd' '()I' in 'com/sun/javafx/text/TextRun')}
  0x000001ee367a107c: 49ba c875 | 0554 ee01 | 0000 4c89 | 5424 0848 | c704 24ff 

  0x000001ee367a1090: ;   {runtime_call C1 Runtime counter_overflow_blob}
  0x000001ee367a1090: ffff ffe8 

  0x000001ee367a1094: ; ImmutableOopMap {r11=Oop rdx=Oop [176]=Oop [184]=Oop [192]=Oop [216]=Oop [240]=Oop [248]=Oop }
                      ;*synchronization entry
                      ; - com.sun.javafx.text.TextRun::getEnd@-1 (line 86)
                      ; - com.sun.javafx.text.PrismTextLayout::layout@480 (line 1162)
  0x000001ee367a1094: c8ea be06 | e93d c8ff 

  0x000001ee367a109c: ;   {metadata({method} {0x000001ee53c75340} 'layout' '()V' in 'com/sun/javafx/text/PrismTextLayout')}
  0x000001ee367a109c: ff49 ba38 | 53c7 53ee | 0100 004c | 8954 2408 | 48c7 0424 | ee01 0000 

  0x000001ee367a10b4: ;   {runtime_call C1 Runtime counter_overflow_blob}
  0x000001ee367a10b4: e8a7 eabe 

  0x000001ee367a10b8: ; ImmutableOopMap {r11=Oop rdx=Oop [176]=Oop [184]=Oop [192]=Oop [216]=Oop [240]=Oop [248]=Oop }
                      ;*goto {reexecute=1 rethrow=0 return_oop=0}
                      ; - (reexecute) com.sun.javafx.text.PrismTextLayout::layout@494 (line 1163)
  0x000001ee367a10b8: 06e9 77c8 

  0x000001ee367a10bc: ;   {runtime_call C1 Runtime throw_null_pointer_exception_blob}
  0x000001ee367a10bc: ffff e89d 

  0x000001ee367a10c0: ; ImmutableOopMap {r11=Oop rdx=Oop [176]=Oop [184]=Oop [192]=Oop [216]=Oop [240]=Oop [248]=Oop }
                      ;*invokevirtual getStart {reexecute=0 rethrow=0 return_oop=0}
                      ; - com.sun.javafx.text.PrismTextLayout::layout@520 (line 1175)
                      ;   {runtime_call C1 Runtime throw_null_pointer_exception_blob}
  0x000001ee367a10c0: 6bbe 06e8 

  0x000001ee367a10c4: ; ImmutableOopMap {r11=Oop rdx=Oop r9=Oop [176]=Oop [184]=Oop [192]=Oop [216]=Oop [240]=Oop [248]=Oop }
                      ;*arraylength {reexecute=0 rethrow=0 return_oop=0}
                      ; - com.sun.javafx.text.PrismTextLayout::layout@577 (line 1192)
  0x000001ee367a10c4: 986b be06 

  0x000001ee367a10c8: ;   {runtime_call C1 Runtime new_object_array_blob}
  0x000001ee367a10c8: e813 80be 

  0x000001ee367a10cc: ; ImmutableOopMap {r9=Oop [176]=Oop [184]=Oop [192]=Oop [216]=Oop [240]=Oop [248]=Oop [304]=Oop }
                      ;*anewarray {reexecute=0 rethrow=0 return_oop=0}
                      ; - com.sun.javafx.text.PrismTextLayout::layout@589 (line 1193)
  0x000001ee367a10cc: 06e9 c1ca | ffff 0f1f 

  0x000001ee367a10d4: ;   {static_call}
  0x000001ee367a10d4: 4400 00e8 

  0x000001ee367a10d8: ; ImmutableOopMap {[176]=Oop [184]=Oop [192]=Oop [216]=Oop [240]=Oop [248]=Oop [296]=Oop [304]=Oop }
                      ;*invokestatic arraycopy {reexecute=0 rethrow=0 return_oop=0}
                      ; - com.sun.javafx.text.PrismTextLayout::layout@606 (line 1194)
  0x000001ee367a10d8: 04eb b006 | e953 cbff 

  0x000001ee367a10e0: ;   {runtime_call C1 Runtime throw_null_pointer_exception_blob}
  0x000001ee367a10e0: ffe8 7a6b 

  0x000001ee367a10e4: ; ImmutableOopMap {rdx=Oop r8=Oop [176]=Oop [184]=Oop [192]=Oop [216]=Oop [240]=Oop [248]=Oop [296]=Oop [304]=Oop }
                      ;*arraylength {reexecute=0 rethrow=0 return_oop=0}
                      ; - com.sun.javafx.text.PrismTextLayout::layout@627 (line 1195)
                      ;   {static_call}
  0x000001ee367a10e4: be06 90e8 

  0x000001ee367a10e8: ; ImmutableOopMap {[176]=Oop [184]=Oop [192]=Oop [216]=Oop [240]=Oop [248]=Oop [296]=Oop [304]=Oop }
                      ;*invokestatic arraycopy {reexecute=0 rethrow=0 return_oop=0}
                      ; - com.sun.javafx.text.PrismTextLayout::layout@633 (line 1195)
  0x000001ee367a10e8: f4ea b006 | e906 ccff | ff44 8b42 | 4049 c1e0 | 0349 83f8 | 000f 8409 | ccff ff4c 

  0x000001ee367a1104: ;   {runtime_call g1_pre_barrier_slow}
  0x000001ee367a1104: 8904 24e8 | 54f1 be06 | e9fb cbff | ff48 83f8 | 000f 8418 | ccff ff48 

  0x000001ee367a111c: ;   {runtime_call g1_post_barrier_slow}
  0x000001ee367a111c: 8914 24e8 | 3cf4 be06 | e90a ccff | ff66 0f1f 

  0x000001ee367a112c: ;   {static_call}
  0x000001ee367a112c: 4400 00e8 

  0x000001ee367a1130: ; ImmutableOopMap {[176]=Oop [184]=Oop [192]=Oop [216]=Oop [240]=Oop [248]=Oop [304]=Oop }
                      ;*invokestatic arraycopy {reexecute=0 rethrow=0 return_oop=0}
                      ; - com.sun.javafx.text.PrismTextLayout::layout@670 (line 1198)
  0x000001ee367a1130: acea b006 | e9ca ccff 

  0x000001ee367a1138: ;   {runtime_call C1 Runtime throw_null_pointer_exception_blob}
  0x000001ee367a1138: ffe8 226b 

  0x000001ee367a113c: ; ImmutableOopMap {rax=Oop rdi=Oop [176]=Oop [184]=Oop [192]=Oop [216]=Oop [240]=Oop [248]=Oop [304]=Oop }
                      ;*aastore {reexecute=1 rethrow=0 return_oop=0}
                      ; - (reexecute) com.sun.javafx.text.PrismTextLayout::layout@688 (line 1200)
                      ;   {runtime_call C1 Runtime throw_null_pointer_exception_blob}
  0x000001ee367a113c: be06 e81d 

  0x000001ee367a1140: ; ImmutableOopMap {rax=Oop rdi=Oop [176]=Oop [184]=Oop [192]=Oop [216]=Oop [240]=Oop [248]=Oop [304]=Oop }
                      ;*aastore {reexecute=1 rethrow=0 return_oop=0}
                      ; - (reexecute) com.sun.javafx.text.PrismTextLayout::layout@688 (line 1200)
  0x000001ee367a1140: 6bbe 0648 | 890c 2448 | 897c 2408 

  0x000001ee367a114c: ;   {runtime_call C1 Runtime throw_range_check_failed_blob}
  0x000001ee367a114c: e80f 62be 

  0x000001ee367a1150: ; ImmutableOopMap {rax=Oop rdi=Oop [176]=Oop [184]=Oop [192]=Oop [216]=Oop [240]=Oop [248]=Oop [304]=Oop }
                      ;*aastore {reexecute=1 rethrow=0 return_oop=0}
                      ; - (reexecute) com.sun.javafx.text.PrismTextLayout::layout@688 (line 1200)
                      ;   {runtime_call C1 Runtime throw_null_pointer_exception_blob}
  0x000001ee367a1150: 06e8 0a6b 

  0x000001ee367a1154: ; ImmutableOopMap {rax=Oop rdi=Oop [176]=Oop [184]=Oop [192]=Oop [216]=Oop [240]=Oop [248]=Oop [304]=Oop }
                      ;*aastore {reexecute=1 rethrow=0 return_oop=0}
                      ; - (reexecute) com.sun.javafx.text.PrismTextLayout::layout@688 (line 1200)
  0x000001ee367a1154: be06 4889 

  0x000001ee367a1158: ;   {runtime_call C1 Runtime throw_array_store_exception_blob}
  0x000001ee367a1158: 0424 e801 

  0x000001ee367a115c: ; ImmutableOopMap {rax=Oop rdi=Oop [176]=Oop [184]=Oop [192]=Oop [216]=Oop [240]=Oop [248]=Oop [304]=Oop }
                      ;*aastore {reexecute=1 rethrow=0 return_oop=0}
                      ; - (reexecute) com.sun.javafx.text.PrismTextLayout::layout@688 (line 1200)
  0x000001ee367a115c: 90be 0645 | 8b08 49c1 | e103 4983 | f900 0f84 | 20ce ffff | 4c89 0c24 

  0x000001ee367a1174: ;   {runtime_call g1_pre_barrier_slow}
  0x000001ee367a1174: e8e7 f0be | 06e9 12ce | ffff 4883 | f800 0f84 | 26ce ffff | 4c89 0424 

  0x000001ee367a118c: ;   {runtime_call g1_post_barrier_slow}
  0x000001ee367a118c: e8cf f3be | 06e9 18ce 

  0x000001ee367a1194: ;   {metadata({method} {0x000001ee54052210} 'isComplex' '()Z' in 'com/sun/javafx/text/TextRun')}
  0x000001ee367a1194: ffff 49ba | 0822 0554 | ee01 0000 | 4c89 5424 | 0848 c704 | 24ff ffff 

  0x000001ee367a11ac: ;   {runtime_call C1 Runtime counter_overflow_blob}
  0x000001ee367a11ac: ffe8 aee9 

  0x000001ee367a11b0: ; ImmutableOopMap {[176]=Oop [184]=Oop [192]=Oop [216]=Oop [240]=Oop [248]=Oop [304]=Oop }
                      ;*synchronization entry
                      ; - com.sun.javafx.text.TextRun::isComplex@-1 (line 158)
                      ; - com.sun.javafx.text.PrismTextLayout::layout@691 (line 1201)
  0x000001ee367a11b0: be06 e93d 

  0x000001ee367a11b4: ;   {runtime_call C1 Runtime throw_null_pointer_exception_blob}
  0x000001ee367a11b4: ceff ffe8 

  0x000001ee367a11b8: ; ImmutableOopMap {rdx=Oop r9=Oop [176]=Oop [184]=Oop [192]=Oop [216]=Oop [240]=Oop [248]=Oop }
                      ;*aaload {reexecute=0 rethrow=0 return_oop=0}
                      ; - com.sun.javafx.text.PrismTextLayout::layout@734 (line 1209)
  0x000001ee367a11b8: a46a be06 

  0x000001ee367a11bc: ;   {runtime_call C1 Runtime throw_null_pointer_exception_blob}
  0x000001ee367a11bc: e89f 6abe 

  0x000001ee367a11c0: ; ImmutableOopMap {rdx=Oop r9=Oop [176]=Oop [184]=Oop [192]=Oop [216]=Oop [240]=Oop [248]=Oop }
                      ;*aaload {reexecute=0 rethrow=0 return_oop=0}
                      ; - com.sun.javafx.text.PrismTextLayout::layout@734 (line 1209)
  0x000001ee367a11c0: 064c 8904 | 244c 894c 

  0x000001ee367a11c8: ;   {runtime_call C1 Runtime throw_range_check_failed_blob}
  0x000001ee367a11c8: 2408 e891 

  0x000001ee367a11cc: ; ImmutableOopMap {rdx=Oop r9=Oop [176]=Oop [184]=Oop [192]=Oop [216]=Oop [240]=Oop [248]=Oop }
                      ;*aaload {reexecute=0 rethrow=0 return_oop=0}
                      ; - com.sun.javafx.text.PrismTextLayout::layout@734 (line 1209)
                      ;   {runtime_call C1 Runtime throw_null_pointer_exception_blob}
  0x000001ee367a11cc: 61be 06e8 

  0x000001ee367a11d0: ; ImmutableOopMap {rdx=Oop r9=Oop r8=Oop [176]=Oop [184]=Oop [192]=Oop [216]=Oop [240]=Oop [248]=Oop }
                      ;*invokevirtual isLinebreak {reexecute=0 rethrow=0 return_oop=0}
                      ; - com.sun.javafx.text.PrismTextLayout::layout@735 (line 1209)
  0x000001ee367a11d0: 8c6a be06 

  0x000001ee367a11d4: ;   {metadata({method} {0x000001ee54057ad8} 'isLinebreak' '()Z' in 'com/sun/javafx/text/TextRun')}
  0x000001ee367a11d4: 49ba d07a | 0554 ee01 | 0000 4c89 | 5424 0848 | c704 24ff 

  0x000001ee367a11e8: ;   {runtime_call C1 Runtime counter_overflow_blob}
  0x000001ee367a11e8: ffff ffe8 

  0x000001ee367a11ec: ; ImmutableOopMap {rdx=Oop r9=Oop r8=Oop [176]=Oop [184]=Oop [192]=Oop [216]=Oop [240]=Oop [248]=Oop }
                      ;*synchronization entry
                      ; - com.sun.javafx.text.TextRun::isLinebreak@-1 (line 118)
                      ; - com.sun.javafx.text.PrismTextLayout::layout@735 (line 1209)
  0x000001ee367a11ec: 70e9 be06 | e9b7 cfff | ff48 890c | 244c 894c 

  0x000001ee367a11fc: ;   {runtime_call C1 Runtime throw_range_check_failed_blob}
  0x000001ee367a11fc: 2408 e85d 

  0x000001ee367a1200: ; ImmutableOopMap {rdx=Oop r9=Oop [176]=Oop [184]=Oop [192]=Oop [216]=Oop [240]=Oop }
                      ;*aaload {reexecute=0 rethrow=0 return_oop=0}
                      ; - com.sun.javafx.text.PrismTextLayout::layout@747 (line 1210)
                      ;   {runtime_call C1 Runtime throw_null_pointer_exception_blob}
  0x000001ee367a1200: 61be 06e8 

  0x000001ee367a1204: ; ImmutableOopMap {rdx=Oop r8=Oop [176]=Oop [184]=Oop [192]=Oop [216]=Oop [240]=Oop }
                      ;*invokevirtual setSoftbreak {reexecute=0 rethrow=0 return_oop=0}
                      ; - com.sun.javafx.text.PrismTextLayout::layout@752 (line 1211)
  0x000001ee367a1204: 586a be06 

  0x000001ee367a1208: ;   {metadata({method} {0x000001ee54052e08} 'setSoftbreak' '()V' in 'com/sun/javafx/text/TextRun')}
  0x000001ee367a1208: 49ba 002e | 0554 ee01 | 0000 4c89 | 5424 0848 | c704 24ff 

  0x000001ee367a121c: ;   {runtime_call C1 Runtime counter_overflow_blob}
  0x000001ee367a121c: ffff ffe8 

  0x000001ee367a1220: ; ImmutableOopMap {rdx=Oop r8=Oop [176]=Oop [184]=Oop [192]=Oop [216]=Oop [240]=Oop }
                      ;*synchronization entry
                      ; - com.sun.javafx.text.TextRun::setSoftbreak@-1 (line 247)
                      ; - com.sun.javafx.text.PrismTextLayout::layout@752 (line 1211)
  0x000001ee367a1220: 3ce9 be06 | e977 d0ff 

  0x000001ee367a1228: ;   {runtime_call C1 Runtime throw_null_pointer_exception_blob}
  0x000001ee367a1228: ffe8 326a 

  0x000001ee367a122c: ; ImmutableOopMap {rdx=Oop rdi=Oop [176]=Oop [184]=Oop [192]=Oop [216]=Oop [240]=Oop }
                      ;*invokevirtual isBreak {reexecute=0 rethrow=0 return_oop=0}
                      ; - com.sun.javafx.text.PrismTextLayout::layout@776 (line 1231)
                      ;   {metadata({method} {0x000001ee54057d00} 'isBreak' '()Z' in 'com/sun/javafx/text/TextRun')}
  0x000001ee367a122c: be06 49ba | f87c 0554 | ee01 0000 | 4c89 5424 | 0848 c704 | 24ff ffff 

  0x000001ee367a1244: ;   {runtime_call C1 Runtime counter_overflow_blob}
  0x000001ee367a1244: ffe8 16e9 

  0x000001ee367a1248: ; ImmutableOopMap {rdx=Oop rdi=Oop [176]=Oop [184]=Oop [192]=Oop [216]=Oop [240]=Oop }
                      ;*synchronization entry
                      ; - com.sun.javafx.text.TextRun::isBreak@-1 (line 130)
                      ; - com.sun.javafx.text.PrismTextLayout::layout@776 (line 1231)
  0x000001ee367a1248: be06 e9c8 

  0x000001ee367a124c: ;   {metadata({method} {0x000000003a221148} 'add' '(Ljava/lang/Object;)Z' in 'java/util/ArrayList')}
  0x000001ee367a124c: d0ff ff49 | ba40 1122 | 3a00 0000 | 004c 8954 | 2408 48c7 | 0424 ffff 

  0x000001ee367a1264: ;   {runtime_call C1 Runtime counter_overflow_blob}
  0x000001ee367a1264: ffff e8f5 

  0x000001ee367a1268: ; ImmutableOopMap {rax=Oop [176]=Oop [184]=Oop [192]=Oop [216]=Oop [240]=Oop }
                      ;*synchronization entry
                      ; - java.util.ArrayList::add@-1 (line 496)
                      ; - com.sun.javafx.text.PrismTextLayout::layout@798 (line 1233)
  0x000001ee367a1268: e8be 06e9 | 52d2 ffff 

  0x000001ee367a1270: ;   {metadata({method} {0x000000003a222068} 'add' '(Ljava/lang/Object;[Ljava/lang/Object;I)V' in 'java/util/ArrayList')}
  0x000001ee367a1270: 49ba 6020 | 223a 0000 | 0000 4c89 | 5424 0848 | c704 24ff 

  0x000001ee367a1284: ;   {runtime_call C1 Runtime counter_overflow_blob}
  0x000001ee367a1284: ffff ffe8 

  0x000001ee367a1288: ; ImmutableOopMap {rax=Oop rsi=Oop r8=Oop [176]=Oop [184]=Oop [192]=Oop [216]=Oop [240]=Oop }
                      ;*synchronization entry
                      ; - java.util.ArrayList::add@-1 (line 483)
                      ; - java.util.ArrayList::add@20 (line 497)
                      ; - com.sun.javafx.text.PrismTextLayout::layout@798 (line 1233)
  0x000001ee367a1288: d4e8 be06 | e98b d2ff 

  0x000001ee367a1290: ;   {runtime_call C1 Runtime throw_null_pointer_exception_blob}
  0x000001ee367a1290: ffe8 ca69 

  0x000001ee367a1294: ; ImmutableOopMap {rax=Oop rsi=Oop r8=Oop [176]=Oop [184]=Oop [192]=Oop [216]=Oop [240]=Oop }
                      ;*arraylength {reexecute=0 rethrow=0 return_oop=0}
                      ; - java.util.ArrayList::add@2 (line 483)
                      ; - java.util.ArrayList::add@20 (line 497)
                      ; - com.sun.javafx.text.PrismTextLayout::layout@798 (line 1233)
                      ;   {metadata({method} {0x000000003a2221c8} 'grow' '()[Ljava/lang/Object;' in 'java/util/ArrayList')}
  0x000001ee367a1294: be06 49ba | c021 223a | 0000 0000 | 4c89 5424 | 0848 c704 | 24ff ffff 

  0x000001ee367a12ac: ;   {runtime_call C1 Runtime counter_overflow_blob}
  0x000001ee367a12ac: ffe8 aee8 

  0x000001ee367a12b0: ; ImmutableOopMap {rsi=Oop [176]=Oop [184]=Oop [192]=Oop [216]=Oop [240]=Oop [336]=Oop }
                      ;*synchronization entry
                      ; - java.util.ArrayList::grow@-1 (line 245)
                      ; - java.util.ArrayList::add@7 (line 484)
                      ; - java.util.ArrayList::add@20 (line 497)
                      ; - com.sun.javafx.text.PrismTextLayout::layout@798 (line 1233)
  0x000001ee367a12b0: be06 e9d9 

  0x000001ee367a12b4: ;   {runtime_call C1 Runtime throw_null_pointer_exception_blob}
  0x000001ee367a12b4: d2ff ffe8 

  0x000001ee367a12b8: ; ImmutableOopMap {r8=Oop rax=Oop rsi=Oop [176]=Oop [184]=Oop [192]=Oop [216]=Oop [240]=Oop }
                      ;*aastore {reexecute=1 rethrow=0 return_oop=0}
                      ; - (reexecute) java.util.ArrayList::add@14 (line 485)
                      ; - java.util.ArrayList::add@20 (line 497)
                      ; - com.sun.javafx.text.PrismTextLayout::layout@798 (line 1233)
  0x000001ee367a12b8: a469 be06 

  0x000001ee367a12bc: ;   {runtime_call C1 Runtime throw_null_pointer_exception_blob}
  0x000001ee367a12bc: e89f 69be 

  0x000001ee367a12c0: ; ImmutableOopMap {r8=Oop rax=Oop rsi=Oop [176]=Oop [184]=Oop [192]=Oop [216]=Oop [240]=Oop }
                      ;*aastore {reexecute=1 rethrow=0 return_oop=0}
                      ; - (reexecute) java.util.ArrayList::add@14 (line 485)
                      ; - java.util.ArrayList::add@20 (line 497)
                      ; - com.sun.javafx.text.PrismTextLayout::layout@798 (line 1233)
  0x000001ee367a12c0: 0648 893c | 244c 8944 

  0x000001ee367a12c8: ;   {runtime_call C1 Runtime throw_range_check_failed_blob}
  0x000001ee367a12c8: 2408 e891 

  0x000001ee367a12cc: ; ImmutableOopMap {r8=Oop rax=Oop rsi=Oop [176]=Oop [184]=Oop [192]=Oop [216]=Oop [240]=Oop }
                      ;*aastore {reexecute=1 rethrow=0 return_oop=0}
                      ; - (reexecute) java.util.ArrayList::add@14 (line 485)
                      ; - java.util.ArrayList::add@20 (line 497)
                      ; - com.sun.javafx.text.PrismTextLayout::layout@798 (line 1233)
                      ;   {runtime_call C1 Runtime throw_null_pointer_exception_blob}
  0x000001ee367a12cc: 60be 06e8 

  0x000001ee367a12d0: ; ImmutableOopMap {r8=Oop rax=Oop rsi=Oop [176]=Oop [184]=Oop [192]=Oop [216]=Oop [240]=Oop }
                      ;*aastore {reexecute=1 rethrow=0 return_oop=0}
                      ; - (reexecute) java.util.ArrayList::add@14 (line 485)
                      ; - java.util.ArrayList::add@20 (line 497)
                      ; - com.sun.javafx.text.PrismTextLayout::layout@798 (line 1233)
  0x000001ee367a12d0: 8c69 be06 | 4889 0424 

  0x000001ee367a12d8: ;   {runtime_call C1 Runtime throw_array_store_exception_blob}
  0x000001ee367a12d8: e883 8ebe 

  0x000001ee367a12dc: ; ImmutableOopMap {r8=Oop rax=Oop rsi=Oop [176]=Oop [184]=Oop [192]=Oop [216]=Oop [240]=Oop }
                      ;*aastore {reexecute=1 rethrow=0 return_oop=0}
                      ; - (reexecute) java.util.ArrayList::add@14 (line 485)
                      ; - java.util.ArrayList::add@20 (line 497)
                      ; - com.sun.javafx.text.PrismTextLayout::layout@798 (line 1233)
  0x000001ee367a12dc: 0645 8b08 | 49c1 e103 | 4983 f900 | 0f84 02d4 | ffff 4c89 

  0x000001ee367a12f0: ;   {runtime_call g1_pre_barrier_slow}
  0x000001ee367a12f0: 0c24 e869 | efbe 06e9 | f4d3 ffff | 4883 f800 | 0f84 08d4 | ffff 4c89 

  0x000001ee367a1308: ;   {runtime_call g1_post_barrier_slow}
  0x000001ee367a1308: 0424 e851 | f2be 06e9 | fad3 ffff 

  0x000001ee367a1314: ;   {runtime_call C1 Runtime throw_null_pointer_exception_blob}
  0x000001ee367a1314: e847 69be 

  0x000001ee367a1318: ; ImmutableOopMap {rax=Oop rsi=Oop [176]=Oop [184]=Oop [192]=Oop [216]=Oop [240]=Oop }
                      ;*invokevirtual getLength {reexecute=0 rethrow=0 return_oop=0}
                      ; - com.sun.javafx.text.PrismTextLayout::layout@812 (line 1235)
                      ;   {metadata({method} {0x000001ee53c75340} 'layout' '()V' in 'com/sun/javafx/text/PrismTextLayout')}
  0x000001ee367a1318: 0649 ba38 | 53c7 53ee | 0100 004c | 8954 2408 | 48c7 0424 | 3803 0000 

  0x000001ee367a1330: ;   {runtime_call C1 Runtime counter_overflow_blob}
  0x000001ee367a1330: e82b e8be 

  0x000001ee367a1334: ; ImmutableOopMap {rsi=Oop [176]=Oop [184]=Oop [192]=Oop [216]=Oop [240]=Oop }
                      ;*goto {reexecute=1 rethrow=0 return_oop=0}
                      ; - (reexecute) com.sun.javafx.text.PrismTextLayout::layout@824 (line 1111)
  0x000001ee367a1334: 06e9 4ad4 

  0x000001ee367a1338: ;   {runtime_call C1 Runtime throw_null_pointer_exception_blob}
  0x000001ee367a1338: ffff e821 

  0x000001ee367a133c: ; ImmutableOopMap {rsi=Oop r8=Oop [176]=Oop [184]=Oop [240]=Oop }
                      ;*invokevirtual dispose {reexecute=0 rethrow=0 return_oop=0}
                      ; - com.sun.javafx.text.PrismTextLayout::layout@832 (line 1239)
                      ;   {metadata({method} {0x000001ee53843a78} 'dispose' '()V' in 'com/sun/javafx/text/GlyphLayout')}
  0x000001ee367a133c: 69be 0649 | ba70 3a84 | 53ee 0100 | 004c 8954 | 2408 48c7 | 0424 ffff 

  0x000001ee367a1354: ;   {runtime_call C1 Runtime counter_overflow_blob}
  0x000001ee367a1354: ffff e805 

  0x000001ee367a1358: ; ImmutableOopMap {rsi=Oop r8=Oop [176]=Oop [184]=Oop [240]=Oop }
                      ;*synchronization entry
                      ; - com.sun.javafx.text.GlyphLayout::dispose@-1 (line 433)
                      ; - com.sun.javafx.text.PrismTextLayout::layout@832 (line 1239)
  0x000001ee367a1358: e8be 06e9 | 73d5 ffff 

  0x000001ee367a1360: ;   {metadata({method} {0x000000003a221148} 'add' '(Ljava/lang/Object;)Z' in 'java/util/ArrayList')}
  0x000001ee367a1360: 49ba 4011 | 223a 0000 | 0000 4c89 | 5424 0848 | c704 24ff 

  0x000001ee367a1374: ;   {runtime_call C1 Runtime counter_overflow_blob}
  0x000001ee367a1374: ffff ffe8 

  0x000001ee367a1378: ; ImmutableOopMap {rax=Oop [176]=Oop [184]=Oop [240]=Oop }
                      ;*synchronization entry
                      ; - java.util.ArrayList::add@-1 (line 496)
                      ; - com.sun.javafx.text.PrismTextLayout::layout@851 (line 1241)
  0x000001ee367a1378: e4e7 be06 | e9a9 d6ff 

  0x000001ee367a1380: ;   {metadata({method} {0x000000003a222068} 'add' '(Ljava/lang/Object;[Ljava/lang/Object;I)V' in 'java/util/ArrayList')}
  0x000001ee367a1380: ff49 ba60 | 2022 3a00 | 0000 004c | 8954 2408 | 48c7 0424 | ffff ffff 

  0x000001ee367a1398: ;   {runtime_call C1 Runtime counter_overflow_blob}
  0x000001ee367a1398: e8c3 e7be 

  0x000001ee367a139c: ; ImmutableOopMap {rax=Oop rsi=Oop r8=Oop [176]=Oop [184]=Oop [240]=Oop }
                      ;*synchronization entry
                      ; - java.util.ArrayList::add@-1 (line 483)
                      ; - java.util.ArrayList::add@20 (line 497)
                      ; - com.sun.javafx.text.PrismTextLayout::layout@851 (line 1241)
  0x000001ee367a139c: 06e9 e2d6 

  0x000001ee367a13a0: ;   {runtime_call C1 Runtime throw_null_pointer_exception_blob}
  0x000001ee367a13a0: ffff e8b9 

  0x000001ee367a13a4: ; ImmutableOopMap {rax=Oop rsi=Oop r8=Oop [176]=Oop [184]=Oop [240]=Oop }
                      ;*arraylength {reexecute=0 rethrow=0 return_oop=0}
                      ; - java.util.ArrayList::add@2 (line 483)
                      ; - java.util.ArrayList::add@20 (line 497)
                      ; - com.sun.javafx.text.PrismTextLayout::layout@851 (line 1241)
                      ;   {metadata({method} {0x000000003a2221c8} 'grow' '()[Ljava/lang/Object;' in 'java/util/ArrayList')}
  0x000001ee367a13a4: 68be 0649 | bac0 2122 | 3a00 0000 | 004c 8954 | 2408 48c7 | 0424 ffff 

  0x000001ee367a13bc: ;   {runtime_call C1 Runtime counter_overflow_blob}
  0x000001ee367a13bc: ffff e89d 

  0x000001ee367a13c0: ; ImmutableOopMap {rsi=Oop [176]=Oop [184]=Oop [240]=Oop [352]=Oop }
                      ;*synchronization entry
                      ; - java.util.ArrayList::grow@-1 (line 245)
                      ; - java.util.ArrayList::add@7 (line 484)
                      ; - java.util.ArrayList::add@20 (line 497)
                      ; - com.sun.javafx.text.PrismTextLayout::layout@851 (line 1241)
  0x000001ee367a13c0: e7be 06e9 | 38d7 ffff 

  0x000001ee367a13c8: ;   {runtime_call C1 Runtime throw_null_pointer_exception_blob}
  0x000001ee367a13c8: e893 68be 

  0x000001ee367a13cc: ; ImmutableOopMap {r8=Oop r9=Oop rax=Oop [176]=Oop [184]=Oop [240]=Oop }
                      ;*aastore {reexecute=1 rethrow=0 return_oop=0}
                      ; - (reexecute) java.util.ArrayList::add@14 (line 485)
                      ; - java.util.ArrayList::add@20 (line 497)
                      ; - com.sun.javafx.text.PrismTextLayout::layout@851 (line 1241)
                      ;   {runtime_call C1 Runtime throw_null_pointer_exception_blob}
  0x000001ee367a13cc: 06e8 8e68 

  0x000001ee367a13d0: ; ImmutableOopMap {r8=Oop r9=Oop rax=Oop [176]=Oop [184]=Oop [240]=Oop }
                      ;*aastore {reexecute=1 rethrow=0 return_oop=0}
                      ; - (reexecute) java.util.ArrayList::add@14 (line 485)
                      ; - java.util.ArrayList::add@20 (line 497)
                      ; - com.sun.javafx.text.PrismTextLayout::layout@851 (line 1241)
  0x000001ee367a13d0: be06 4889 | 3c24 4c89 

  0x000001ee367a13d8: ;   {runtime_call C1 Runtime throw_range_check_failed_blob}
  0x000001ee367a13d8: 4424 08e8 

  0x000001ee367a13dc: ; ImmutableOopMap {r8=Oop r9=Oop rax=Oop [176]=Oop [184]=Oop [240]=Oop }
                      ;*aastore {reexecute=1 rethrow=0 return_oop=0}
                      ; - (reexecute) java.util.ArrayList::add@14 (line 485)
                      ; - java.util.ArrayList::add@20 (line 497)
                      ; - com.sun.javafx.text.PrismTextLayout::layout@851 (line 1241)
  0x000001ee367a13dc: 805f be06 

  0x000001ee367a13e0: ;   {runtime_call C1 Runtime throw_null_pointer_exception_blob}
  0x000001ee367a13e0: e87b 68be 

  0x000001ee367a13e4: ; ImmutableOopMap {r8=Oop r9=Oop rax=Oop [176]=Oop [184]=Oop [240]=Oop }
                      ;*aastore {reexecute=1 rethrow=0 return_oop=0}
                      ; - (reexecute) java.util.ArrayList::add@14 (line 485)
                      ; - java.util.ArrayList::add@20 (line 497)
                      ; - com.sun.javafx.text.PrismTextLayout::layout@851 (line 1241)
  0x000001ee367a13e4: 0648 8904 

  0x000001ee367a13e8: ;   {runtime_call C1 Runtime throw_array_store_exception_blob}
  0x000001ee367a13e8: 24e8 728d 

  0x000001ee367a13ec: ; ImmutableOopMap {r8=Oop r9=Oop rax=Oop [176]=Oop [184]=Oop [240]=Oop }
                      ;*aastore {reexecute=1 rethrow=0 return_oop=0}
                      ; - (reexecute) java.util.ArrayList::add@14 (line 485)
                      ; - java.util.ArrayList::add@20 (line 497)
                      ; - com.sun.javafx.text.PrismTextLayout::layout@851 (line 1241)
  0x000001ee367a13ec: be06 8b13 | 48c1 e203 | 4883 fa00 | 0f84 5cd8 | ffff 4889 

  0x000001ee367a1400: ;   {runtime_call g1_pre_barrier_slow}
  0x000001ee367a1400: 1424 e859 | eebe 06e9 | 4ed8 ffff | 4883 f800 | 0f84 62d8 | ffff 4889 

  0x000001ee367a1418: ;   {runtime_call g1_post_barrier_slow}
  0x000001ee367a1418: 1c24 e841 | f1be 06e9 | 54d8 ffff 

  0x000001ee367a1424: ;   {runtime_call C1 Runtime new_object_array_blob}
  0x000001ee367a1424: e8b7 7cbe 

  0x000001ee367a1428: ; ImmutableOopMap {r9=Oop r11=Oop [176]=Oop [184]=Oop [240]=Oop }
                      ;*anewarray {reexecute=0 rethrow=0 return_oop=0}
                      ; - com.sun.javafx.text.PrismTextLayout::layout@861 (line 1242)
  0x000001ee367a1428: 06e9 71d9 | ffff 458b | 433c 49c1 | e003 4983 | f800 0f84 | 6dd9 ffff | 4c89 0424 

  0x000001ee367a1444: ;   {runtime_call g1_pre_barrier_slow}
  0x000001ee367a1444: e817 eebe | 06e9 5fd9 | ffff 4883 | f800 0f84 | 74d9 ffff | 4c89 1c24 

  0x000001ee367a145c: ;   {runtime_call g1_post_barrier_slow}
  0x000001ee367a145c: e8ff f0be | 06e9 66d9 

  0x000001ee367a1464: ;   {runtime_call C1 Runtime throw_null_pointer_exception_blob}
  0x000001ee367a1464: ffff e8f5 

  0x000001ee367a1468: ; ImmutableOopMap {rdx=Oop rax=Oop rbx=Oop [176]=Oop [184]=Oop }
                      ;*arraylength {reexecute=0 rethrow=0 return_oop=0}
                      ; - com.sun.javafx.text.PrismTextLayout::layout@950 (line 1256)
                      ;   {runtime_call C1 Runtime throw_null_pointer_exception_blob}
  0x000001ee367a1468: 67be 06e8 

  0x000001ee367a146c: ; ImmutableOopMap {rdx=Oop rax=Oop rbx=Oop [176]=Oop [184]=Oop [376]=Oop }
                      ;*invokevirtual getStart {reexecute=0 rethrow=0 return_oop=0}
                      ; - com.sun.javafx.text.PrismTextLayout::layout@965 (line 1258)
  0x000001ee367a146c: f067 be06 

  0x000001ee367a1470: ;   {runtime_call C1 Runtime throw_null_pointer_exception_blob}
  0x000001ee367a1470: e8eb 67be 

  0x000001ee367a1474: ; ImmutableOopMap {rdx=Oop rax=Oop rbx=Oop rcx=Oop [176]=Oop [184]=Oop [376]=Oop [384]=Oop }
                      ;*invokevirtual getWidth {reexecute=0 rethrow=0 return_oop=0}
                      ; - com.sun.javafx.text.PrismTextLayout::layout@981 (line 1262)
                      ;   {metadata({method} {0x000001ee536f3300} 'getWidth' '()F' in 'com/sun/javafx/geom/RectBounds')}
  0x000001ee367a1474: 0649 baf8 | 326f 53ee | 0100 004c | 8954 2408 | 48c7 0424 | ffff ffff 

  0x000001ee367a148c: ;   {runtime_call C1 Runtime counter_overflow_blob}
  0x000001ee367a148c: e8cf e6be 

  0x000001ee367a1490: ; ImmutableOopMap {rdx=Oop rax=Oop rbx=Oop rcx=Oop [176]=Oop [184]=Oop [376]=Oop [384]=Oop }
                      ;*synchronization entry
                      ; - com.sun.javafx.geom.RectBounds::getWidth@-1 (line 90)
                      ; - com.sun.javafx.text.PrismTextLayout::layout@981 (line 1262)
  0x000001ee367a1490: 06e9 cbdc 

  0x000001ee367a1494: ;   {metadata({method} {0x000001ee5405fcc8} 'setAlignment' '(F)V' in 'com/sun/javafx/text/TextLine')}
  0x000001ee367a1494: ffff 49ba | c0fc 0554 | ee01 0000 | 4c89 5424 | 0848 c704 | 24ff ffff 

  0x000001ee367a14ac: ;   {runtime_call C1 Runtime counter_overflow_blob}
  0x000001ee367a14ac: ffe8 aee6 

  0x000001ee367a14b0: ; ImmutableOopMap {rdx=Oop rax=Oop rbx=Oop rcx=Oop [176]=Oop [184]=Oop [376]=Oop [384]=Oop }
                      ;*synchronization entry
                      ; - com.sun.javafx.text.TextLine::setAlignment@-1 (line 86)
                      ; - com.sun.javafx.text.PrismTextLayout::layout@994 (line 1263)
  0x000001ee367a14b0: be06 e909 

  0x000001ee367a14b4: ;   {runtime_call C1 Runtime throw_null_pointer_exception_blob}
  0x000001ee367a14b4: ddff ffe8 

  0x000001ee367a14b8: ; ImmutableOopMap {rdx=Oop rax=Oop rbx=Oop rcx=Oop r9=Oop [176]=Oop [184]=Oop [360]=Oop [376]=Oop [384]=Oop }
                      ;*arraylength {reexecute=0 rethrow=0 return_oop=0}
                      ; - com.sun.javafx.text.PrismTextLayout::layout@1034 (line 1269)
  0x000001ee367a14b8: a467 be06 | 4889 3424 | 4c89 4c24 

  0x000001ee367a14c4: ;   {runtime_call C1 Runtime throw_range_check_failed_blob}
  0x000001ee367a14c4: 08e8 965e 

  0x000001ee367a14c8: ; ImmutableOopMap {rdx=Oop rax=Oop rbx=Oop rcx=Oop r9=Oop [176]=Oop [184]=Oop [360]=Oop [376]=Oop [384]=Oop }
                      ;*aaload {reexecute=0 rethrow=0 return_oop=0}
                      ; - com.sun.javafx.text.PrismTextLayout::layout@1048 (line 1270)
                      ;   {runtime_call C1 Runtime throw_null_pointer_exception_blob}
  0x000001ee367a14c8: be06 e891 

  0x000001ee367a14cc: ; ImmutableOopMap {rdx=Oop rax=Oop rbx=Oop rcx=Oop r9=Oop rsi=Oop [176]=Oop [184]=Oop [360]=Oop [376]=Oop [384]=Oop }
                      ;*invokevirtual isSoftbreak {reexecute=0 rethrow=0 return_oop=0}
                      ; - com.sun.javafx.text.PrismTextLayout::layout@1049 (line 1270)
                      ;   {metadata({method} {0x000001ee54057c48} 'isSoftbreak' '()Z' in 'com/sun/javafx/text/TextRun')}
  0x000001ee367a14cc: 67be 0649 | ba40 7c05 | 54ee 0100 | 004c 8954 | 2408 48c7 | 0424 ffff 

  0x000001ee367a14e4: ;   {runtime_call C1 Runtime counter_overflow_blob}
  0x000001ee367a14e4: ffff e875 

  0x000001ee367a14e8: ; ImmutableOopMap {rdx=Oop rax=Oop rbx=Oop rcx=Oop rsi=Oop [176]=Oop [184]=Oop [360]=Oop [376]=Oop [384]=Oop }
                      ;*synchronization entry
                      ; - com.sun.javafx.text.TextRun::isSoftbreak@-1 (line 126)
                      ; - com.sun.javafx.text.PrismTextLayout::layout@1049 (line 1270)
  0x000001ee367a14e8: e6be 06e9 | 70e0 ffff 

  0x000001ee367a14f0: ;   {runtime_call C1 Runtime throw_null_pointer_exception_blob}
  0x000001ee367a14f0: e86b 67be 

  0x000001ee367a14f4: ; ImmutableOopMap {rdx=Oop rax=Oop rbx=Oop rcx=Oop [176]=Oop [184]=Oop [360]=Oop [376]=Oop [384]=Oop }
                      ;*caload {reexecute=0 rethrow=0 return_oop=0}
                      ; - com.sun.javafx.text.PrismTextLayout::layout@1092 (line 1276)
                      ;   {runtime_call C1 Runtime throw_null_pointer_exception_blob}
  0x000001ee367a14f4: 06e8 6667 

  0x000001ee367a14f8: ; ImmutableOopMap {rdx=Oop rax=Oop rbx=Oop rcx=Oop [176]=Oop [184]=Oop [360]=Oop [376]=Oop [384]=Oop }
                      ;*caload {reexecute=0 rethrow=0 return_oop=0}
                      ; - com.sun.javafx.text.PrismTextLayout::layout@1092 (line 1276)
  0x000001ee367a14f8: be06 4889 | 3424 4889 

  0x000001ee367a1500: ;   {runtime_call C1 Runtime throw_range_check_failed_blob}
  0x000001ee367a1500: 4424 08e8 

  0x000001ee367a1504: ; ImmutableOopMap {rdx=Oop rax=Oop rbx=Oop rcx=Oop [176]=Oop [184]=Oop [360]=Oop [376]=Oop [384]=Oop }
                      ;*caload {reexecute=0 rethrow=0 return_oop=0}
                      ; - com.sun.javafx.text.PrismTextLayout::layout@1092 (line 1276)
  0x000001ee367a1504: 585e be06 

  0x000001ee367a1508: ;   {runtime_call C1 Runtime throw_null_pointer_exception_blob}
  0x000001ee367a1508: e853 67be 

  0x000001ee367a150c: ; ImmutableOopMap {rdx=Oop rax=Oop rbx=Oop rcx=Oop [176]=Oop [184]=Oop [360]=Oop [376]=Oop [384]=Oop }
                      ;*caload {reexecute=0 rethrow=0 return_oop=0}
                      ; - com.sun.javafx.text.PrismTextLayout::layout@1109 (line 1277)
                      ;   {runtime_call C1 Runtime throw_null_pointer_exception_blob}
  0x000001ee367a150c: 06e8 4e67 

  0x000001ee367a1510: ; ImmutableOopMap {rdx=Oop rax=Oop rbx=Oop rcx=Oop [176]=Oop [184]=Oop [360]=Oop [376]=Oop [384]=Oop }
                      ;*caload {reexecute=0 rethrow=0 return_oop=0}
                      ; - com.sun.javafx.text.PrismTextLayout::layout@1109 (line 1277)
  0x000001ee367a1510: be06 4889 | 3424 4889 

  0x000001ee367a1518: ;   {runtime_call C1 Runtime throw_range_check_failed_blob}
  0x000001ee367a1518: 4424 08e8 

  0x000001ee367a151c: ; ImmutableOopMap {rdx=Oop rax=Oop rbx=Oop rcx=Oop [176]=Oop [184]=Oop [360]=Oop [376]=Oop [384]=Oop }
                      ;*caload {reexecute=0 rethrow=0 return_oop=0}
                      ; - com.sun.javafx.text.PrismTextLayout::layout@1109 (line 1277)
  0x000001ee367a151c: 405e be06 

  0x000001ee367a1520: ;   {metadata({method} {0x000001ee53c75340} 'layout' '()V' in 'com/sun/javafx/text/PrismTextLayout')}
  0x000001ee367a1520: 49ba 3853 | c753 ee01 | 0000 4c89 | 5424 0848 | c704 2461 

  0x000001ee367a1534: ;   {runtime_call C1 Runtime counter_overflow_blob}
  0x000001ee367a1534: 0400 00e8 

  0x000001ee367a1538: ; ImmutableOopMap {rdx=Oop rax=Oop rbx=Oop rcx=Oop [176]=Oop [184]=Oop [360]=Oop [376]=Oop [384]=Oop }
                      ;*goto {reexecute=1 rethrow=0 return_oop=0}
                      ; - (reexecute) com.sun.javafx.text.PrismTextLayout::layout@1121 (line 1275)
  0x000001ee367a1538: 24e6 be06 | e921 e2ff 

  0x000001ee367a1540: ;   {metadata({method} {0x000001ee536f3300} 'getWidth' '()F' in 'com/sun/javafx/geom/RectBounds')}
  0x000001ee367a1540: ff49 baf8 | 326f 53ee | 0100 004c | 8954 2408 | 48c7 0424 | ffff ffff 

  0x000001ee367a1558: ;   {runtime_call C1 Runtime counter_overflow_blob}
  0x000001ee367a1558: e803 e6be 

  0x000001ee367a155c: ; ImmutableOopMap {rdx=Oop rax=Oop rbx=Oop rcx=Oop [176]=Oop [184]=Oop [360]=Oop [376]=Oop [384]=Oop }
                      ;*synchronization entry
                      ; - com.sun.javafx.geom.RectBounds::getWidth@-1 (line 90)
                      ; - com.sun.javafx.text.PrismTextLayout::layout@1133 (line 1280)
  0x000001ee367a155c: 06e9 0ee3 

  0x000001ee367a1560: ;   {runtime_call C1 Runtime throw_null_pointer_exception_blob}
  0x000001ee367a1560: ffff e8f9 

  0x000001ee367a1564: ; ImmutableOopMap {r9=Oop rdi=Oop [176]=Oop [184]=Oop [360]=Oop [376]=Oop [384]=Oop [400]=Oop }
                      ;*invokevirtual getStart {reexecute=0 rethrow=0 return_oop=0}
                      ; - com.sun.javafx.text.PrismTextLayout::layout@1162 (line 1284)
                      ;   {metadata({method} {0x000001ee540575d0} 'getEnd' '()I' in 'com/sun/javafx/text/TextRun')}
  0x000001ee367a1564: 66be 0649 | bac8 7505 | 54ee 0100 | 004c 8954 | 2408 48c7 | 0424 ffff 

  0x000001ee367a157c: ;   {runtime_call C1 Runtime counter_overflow_blob}
  0x000001ee367a157c: ffff e8dd 

  0x000001ee367a1580: ; ImmutableOopMap {r9=Oop rdi=Oop [176]=Oop [184]=Oop [360]=Oop [376]=Oop [384]=Oop [400]=Oop }
                      ;*synchronization entry
                      ; - com.sun.javafx.text.TextRun::getEnd@-1 (line 86)
                      ; - com.sun.javafx.text.PrismTextLayout::layout@1169 (line 1285)
  0x000001ee367a1580: e5be 06e9 | f8e3 ffff 

  0x000001ee367a1588: ;   {runtime_call C1 Runtime throw_null_pointer_exception_blob}
  0x000001ee367a1588: e8d3 66be 

  0x000001ee367a158c: ; ImmutableOopMap {rax=Oop [176]=Oop [184]=Oop [360]=Oop [376]=Oop [384]=Oop [400]=Oop }
                      ;*caload {reexecute=0 rethrow=0 return_oop=0}
                      ; - com.sun.javafx.text.PrismTextLayout::layout@1188 (line 1288)
                      ;   {runtime_call C1 Runtime throw_null_pointer_exception_blob}
  0x000001ee367a158c: 06e8 ce66 

  0x000001ee367a1590: ; ImmutableOopMap {rax=Oop [176]=Oop [184]=Oop [360]=Oop [376]=Oop [384]=Oop [400]=Oop }
                      ;*caload {reexecute=0 rethrow=0 return_oop=0}
                      ; - com.sun.javafx.text.PrismTextLayout::layout@1188 (line 1288)
  0x000001ee367a1590: be06 4889 | 1c24 4889 

  0x000001ee367a1598: ;   {runtime_call C1 Runtime throw_range_check_failed_blob}
  0x000001ee367a1598: 4424 08e8 

  0x000001ee367a159c: ; ImmutableOopMap {rax=Oop [176]=Oop [184]=Oop [360]=Oop [376]=Oop [384]=Oop [400]=Oop }
                      ;*caload {reexecute=0 rethrow=0 return_oop=0}
                      ; - com.sun.javafx.text.PrismTextLayout::layout@1188 (line 1288)
  0x000001ee367a159c: c05d be06 

  0x000001ee367a15a0: ;   {metadata({method} {0x000001ee53c75340} 'layout' '()V' in 'com/sun/javafx/text/PrismTextLayout')}
  0x000001ee367a15a0: 49ba 3853 | c753 ee01 | 0000 4c89 | 5424 0848 | c704 24c4 

  0x000001ee367a15b4: ;   {runtime_call C1 Runtime counter_overflow_blob}
  0x000001ee367a15b4: 0400 00e8 

  0x000001ee367a15b8: ; ImmutableOopMap {[176]=Oop [184]=Oop [360]=Oop [376]=Oop [384]=Oop [400]=Oop }
                      ;*goto {reexecute=1 rethrow=0 return_oop=0}
                      ; - (reexecute) com.sun.javafx.text.PrismTextLayout::layout@1220 (line 1286)
  0x000001ee367a15b8: a4e5 be06 | e91b e5ff 

  0x000001ee367a15c0: ;   {metadata({method} {0x000001ee53c75340} 'layout' '()V' in 'com/sun/javafx/text/PrismTextLayout')}
  0x000001ee367a15c0: ff49 ba38 | 53c7 53ee | 0100 004c | 8954 2408 | 48c7 0424 | ca04 0000 

  0x000001ee367a15d8: ;   {runtime_call C1 Runtime counter_overflow_blob}
  0x000001ee367a15d8: e883 e5be 

  0x000001ee367a15dc: ; ImmutableOopMap {[176]=Oop [184]=Oop [360]=Oop [376]=Oop [384]=Oop }
                      ;*goto {reexecute=1 rethrow=0 return_oop=0}
                      ; - (reexecute) com.sun.javafx.text.PrismTextLayout::layout@1226 (line 1282)
  0x000001ee367a15dc: 06e9 5ae5 

  0x000001ee367a15e0: ;   {metadata({method} {0x000001ee5405fcc8} 'setAlignment' '(F)V' in 'com/sun/javafx/text/TextLine')}
  0x000001ee367a15e0: ffff 49ba | c0fc 0554 | ee01 0000 | 4c89 5424 | 0848 c704 | 24ff ffff 

  0x000001ee367a15f8: ;   {runtime_call C1 Runtime counter_overflow_blob}
  0x000001ee367a15f8: ffe8 62e5 

  0x000001ee367a15fc: ; ImmutableOopMap {rbx=Oop [176]=Oop [184]=Oop [376]=Oop [384]=Oop }
                      ;*synchronization entry
                      ; - com.sun.javafx.text.TextLine::setAlignment@-1 (line 86)
                      ; - com.sun.javafx.text.PrismTextLayout::layout@1236 (line 1295)
  0x000001ee367a15fc: be06 e9d7 

  0x000001ee367a1600: ;   {runtime_call C1 Runtime throw_null_pointer_exception_blob}
  0x000001ee367a1600: e5ff ffe8 

  0x000001ee367a1604: ; ImmutableOopMap {rbx=Oop r8=Oop [176]=Oop [184]=Oop [376]=Oop [384]=Oop }
                      ;*invokevirtual setMinX {reexecute=0 rethrow=0 return_oop=0}
                      ; - com.sun.javafx.text.TextLine::setAlignment@5 (line 86)
                      ; - com.sun.javafx.text.PrismTextLayout::layout@1236 (line 1295)
  0x000001ee367a1604: 5866 be06 

  0x000001ee367a1608: ;   {metadata({method} {0x000001ee5405fd70} 'setWidth' '(F)V' in 'com/sun/javafx/text/TextLine')}
  0x000001ee367a1608: 49ba 68fd | 0554 ee01 | 0000 4c89 | 5424 0848 | c704 24ff 

  0x000001ee367a161c: ;   {runtime_call C1 Runtime counter_overflow_blob}
  0x000001ee367a161c: ffff ffe8 

  0x000001ee367a1620: ; ImmutableOopMap {rbx=Oop r8=Oop [176]=Oop [184]=Oop [376]=Oop [384]=Oop }
                      ;*synchronization entry
                      ; - com.sun.javafx.text.TextLine::setWidth@-1 (line 91)
                      ; - com.sun.javafx.text.PrismTextLayout::layout@1243 (line 1296)
  0x000001ee367a1620: 3ce5 be06 | e9d2 e7ff 

  0x000001ee367a1628: ;   {runtime_call C1 Runtime throw_null_pointer_exception_blob}
  0x000001ee367a1628: ffe8 3266 

  0x000001ee367a162c: ; ImmutableOopMap {rsi=Oop rax=Oop [176]=Oop [184]=Oop [376]=Oop [384]=Oop [432]=Oop }
                      ;*invokevirtual setLocation {reexecute=0 rethrow=0 return_oop=0}
                      ; - com.sun.javafx.text.PrismTextLayout::layout@1303 (line 1312)
  0x000001ee367a162c: be06 8b50 | 5048 c1e2 | 0348 83fa | 000f 847c | eaff ff48 

  0x000001ee367a1640: ;   {runtime_call g1_pre_barrier_slow}
  0x000001ee367a1640: 8914 24e8 | 18ec be06 | e96e eaff | ff48 83fb | 000f 848b | eaff ff48 

  0x000001ee367a1658: ;   {runtime_call g1_post_barrier_slow}
  0x000001ee367a1658: 8904 24e8 | 00ef be06 | e97d eaff 

  0x000001ee367a1664: ;   {metadata({method} {0x000001ee53c75340} 'layout' '()V' in 'com/sun/javafx/text/PrismTextLayout')}
  0x000001ee367a1664: ff49 ba38 | 53c7 53ee | 0100 004c | 8954 2408 | 48c7 0424 | 2e05 0000 

  0x000001ee367a167c: ;   {runtime_call C1 Runtime counter_overflow_blob}
  0x000001ee367a167c: e8df e4be 

  0x000001ee367a1680: ; ImmutableOopMap {[176]=Oop [184]=Oop [376]=Oop [384]=Oop [432]=Oop }
                      ;*goto {reexecute=1 rethrow=0 return_oop=0}
                      ; - (reexecute) com.sun.javafx.text.PrismTextLayout::layout@1326 (line 1310)
  0x000001ee367a1680: 06e9 bfea 

  0x000001ee367a1684: ;   {runtime_call C1 Runtime throw_null_pointer_exception_blob}
  0x000001ee367a1684: ffff e8d5 

  0x000001ee367a1688: ; ImmutableOopMap {rsi=Oop [176]=Oop [184]=Oop [376]=Oop [384]=Oop [432]=Oop }
                      ;*arraylength {reexecute=0 rethrow=0 return_oop=0}
                      ; - com.sun.javafx.text.PrismTextLayout::layout@1286 (line 1310)
                      ;   {runtime_call C1 Runtime throw_null_pointer_exception_blob}
  0x000001ee367a1688: 65be 06e8 

  0x000001ee367a168c: ; ImmutableOopMap {rdx=Oop [176]=Oop [184]=Oop [376]=Oop [384]=Oop }
                      ;*arraylength {reexecute=0 rethrow=0 return_oop=0}
                      ; - com.sun.javafx.text.PrismTextLayout::layout@1337 (line 1316)
  0x000001ee367a168c: d065 be06 

  0x000001ee367a1690: ;   {metadata({method} {0x000001ee536f33a0} 'getHeight' '()F' in 'com/sun/javafx/geom/RectBounds')}
  0x000001ee367a1690: 49ba 9833 | 6f53 ee01 | 0000 4c89 | 5424 0848 | c704 24ff 

  0x000001ee367a16a4: ;   {runtime_call C1 Runtime counter_overflow_blob}
  0x000001ee367a16a4: ffff ffe8 

  0x000001ee367a16a8: ; ImmutableOopMap {rdx=Oop rcx=Oop [176]=Oop [184]=Oop [384]=Oop }
                      ;*synchronization entry
                      ; - com.sun.javafx.geom.RectBounds::getHeight@-1 (line 98)
                      ; - com.sun.javafx.text.PrismTextLayout::layout@1347 (line 1317)
  0x000001ee367a16a8: b4e4 be06 | e9ee ebff 

  0x000001ee367a16b0: ;   {metadata({method} {0x000001ee536f33a0} 'getHeight' '()F' in 'com/sun/javafx/geom/RectBounds')}
  0x000001ee367a16b0: ff49 ba98 | 336f 53ee | 0100 004c | 8954 2408 | 48c7 0424 | ffff ffff 

  0x000001ee367a16c8: ;   {runtime_call C1 Runtime counter_overflow_blob}
  0x000001ee367a16c8: e893 e4be 

  0x000001ee367a16cc: ; ImmutableOopMap {rbx=Oop rcx=Oop [176]=Oop [184]=Oop [376]=Oop [384]=Oop }
                      ;*synchronization entry
                      ; - com.sun.javafx.geom.RectBounds::getHeight@-1 (line 98)
                      ; - com.sun.javafx.text.PrismTextLayout::layout@1368 (line 1319)
  0x000001ee367a16cc: 06e9 edec 

  0x000001ee367a16d0: ;   {metadata({method} {0x000001ee53c75340} 'layout' '()V' in 'com/sun/javafx/text/PrismTextLayout')}
  0x000001ee367a16d0: ffff 49ba | 3853 c753 | ee01 0000 | 4c89 5424 | 0848 c704 | 2467 0500 

  0x000001ee367a16e8: ;   {runtime_call C1 Runtime counter_overflow_blob}
  0x000001ee367a16e8: 00e8 72e4 

  0x000001ee367a16ec: ; ImmutableOopMap {[176]=Oop [184]=Oop }
                      ;*goto {reexecute=1 rethrow=0 return_oop=0}
                      ; - (reexecute) com.sun.javafx.text.PrismTextLayout::layout@1383 (line 1256)
  0x000001ee367a16ec: be06 e92f | edff ff48 | c704 2400 | 0000 0048 | 895c 2408 

  0x000001ee367a1700: ;   {runtime_call C1 Runtime throw_range_check_failed_blob}
  0x000001ee367a1700: e85b 5cbe 

  0x000001ee367a1704: ; ImmutableOopMap {rdx=Oop rbx=Oop [176]=Oop [184]=Oop }
                      ;*aaload {reexecute=0 rethrow=0 return_oop=0}
                      ; - com.sun.javafx.text.PrismTextLayout::layout@1391 (line 1322)
                      ;   {runtime_call C1 Runtime throw_null_pointer_exception_blob}
  0x000001ee367a1704: 06e8 5665 

  0x000001ee367a1708: ; ImmutableOopMap {rdx=Oop rsi=Oop [176]=Oop [184]=Oop }
                      ;*invokevirtual getBounds {reexecute=0 rethrow=0 return_oop=0}
                      ; - com.sun.javafx.text.PrismTextLayout::layout@1392 (line 1322)
                      ;   {runtime_call C1 Runtime throw_null_pointer_exception_blob}
  0x000001ee367a1708: be06 e851 

  0x000001ee367a170c: ; ImmutableOopMap {rdx=Oop rsi=Oop [176]=Oop [184]=Oop }
                      ;*invokevirtual getMinY {reexecute=0 rethrow=0 return_oop=0}
                      ; - com.sun.javafx.text.PrismTextLayout::layout@1395 (line 1322)
                      ;   {runtime_call C1 Runtime throw_null_pointer_exception_blob}
  0x000001ee367a170c: 65be 06e8 

  0x000001ee367a1710: ; ImmutableOopMap {rdx=Oop rsi=Oop [176]=Oop [184]=Oop }
                      ;*invokevirtual deriveWithNewBounds {reexecute=0 rethrow=0 return_oop=0}
                      ; - com.sun.javafx.text.PrismTextLayout::layout@1427 (line 1324)
  0x000001ee367a1710: 4c65 be06 | 8b72 4448 | c1e6 0348 | 83fe 000f | 840c efff | ff48 8934 

  0x000001ee367a1728: ;   {runtime_call g1_pre_barrier_slow}
  0x000001ee367a1728: 24e8 32eb | be06 e9fe | eeff ff48 | 83f8 000f | 8413 efff | ff48 8914 

  0x000001ee367a1740: ;   {runtime_call g1_post_barrier_slow}
  0x000001ee367a1740: 24e8 1aee | be06 e905 

  0x000001ee367a1748: ;   {runtime_call C1 Runtime throw_null_pointer_exception_blob}
  0x000001ee367a1748: efff ffe8 

  0x000001ee367a174c: ; ImmutableOopMap {rdx=Oop [176]=Oop [184]=Oop }
                      ;*getfield valid {reexecute=1 rethrow=0 return_oop=0}
                      ; - (reexecute) com.sun.javafx.text.PrismTextLayout::layout@1451 (line 1329)
  0x000001ee367a174c: 1065 be06 

  0x000001ee367a1750: ; implicit exception: dispatches to 0x000001ee367a18a6
  0x000001ee367a1750: 8b78 2c48 | c1e7 0348 | 83ff 000f | 84f8 efff | ff48 893c 

  0x000001ee367a1764: ;   {runtime_call g1_pre_barrier_slow}
  0x000001ee367a1764: 24e8 f6ea | be06 e9ea 

  0x000001ee367a176c: ;   {runtime_call C1 Runtime throw_null_pointer_exception_blob}
  0x000001ee367a176c: efff ffe8 

  0x000001ee367a1770: ; ImmutableOopMap {rdx=Oop rax=Oop rsi=Oop [176]=Oop [184]=Oop }
                      ;*putfield font {reexecute=1 rethrow=0 return_oop=0}
                      ; - (reexecute) com.sun.javafx.text.PrismTextLayout::layout@1472 (line 1335)
  0x000001ee367a1770: ec64 be06 | 4883 fe00 | 0f84 faef | ffff 4889 

  0x000001ee367a1780: ;   {runtime_call g1_post_barrier_slow}
  0x000001ee367a1780: 0424 e8d9 | edbe 06e9 | ecef ffff | 8b78 2848 | c1e7 0348 | 83ff 000f | 84ef efff | ff48 893c 
  0x000001ee367a17a0: ;   {runtime_call g1_pre_barrier_slow}
  0x000001ee367a17a0: 24e8 baea | be06 e9e1 | efff ff48 | 83fe 000f | 84f6 efff | ff48 8904 

  0x000001ee367a17b8: ;   {runtime_call g1_post_barrier_slow}
  0x000001ee367a17b8: 24e8 a2ed | be06 e9e8 | efff ff8b | 7830 48c1 | e703 4883 | ff00 0f84 | ebef ffff | 4889 3c24 
  0x000001ee367a17d8: ;   {runtime_call g1_pre_barrier_slow}
  0x000001ee367a17d8: e883 eabe | 06e9 ddef | ffff 4883 | fe00 0f84 | f2ef ffff | 4889 0424 

  0x000001ee367a17f0: ;   {runtime_call g1_post_barrier_slow}
  0x000001ee367a17f0: e86b edbe | 06e9 e4ef | ffff 8b78 | 3448 c1e7 | 0348 83ff | 000f 84ed | efff ff48 

  0x000001ee367a180c: ;   {runtime_call g1_pre_barrier_slow}
  0x000001ee367a180c: 893c 24e8 | 4cea be06 | e9df efff | ff48 83fe | 000f 84f4 | efff ff48 

  0x000001ee367a1824: ;   {runtime_call g1_post_barrier_slow}
  0x000001ee367a1824: 8904 24e8 | 34ed be06 | e9e6 efff | ff48 8974 | 2408 4889 

  0x000001ee367a1838: ;   {runtime_call C1 Runtime monitorenter_blob}
  0x000001ee367a1838: 3c24 e821 

  0x000001ee367a183c: ; ImmutableOopMap {rdx=Oop rsi=Oop [176]=Oop [184]=Oop [488]=Oop }
                      ;*monitorenter {reexecute=0 rethrow=0 return_oop=0}
                      ; - com.sun.javafx.text.PrismTextLayout::layout@1562 (line 1343)
  0x000001ee367a183c: 98be 06e9 | 5df0 ffff 

  0x000001ee367a1844: ;   {runtime_call C1 Runtime throw_null_pointer_exception_blob}
  0x000001ee367a1844: e817 64be 

  0x000001ee367a1848: ; ImmutableOopMap {rdx=Oop [176]=Oop [488]=Oop }
                      ;*arraylength {reexecute=0 rethrow=0 return_oop=0}
                      ; - com.sun.javafx.text.PrismTextLayout::layout@1564 (line 1344)
  0x000001ee367a1848: 0648 8d84 | 24e0 0100 | 0048 8904 

  0x000001ee367a1854: ;   {runtime_call C1 Runtime monitorexit_blob}
  0x000001ee367a1854: 24e8 86a3 | be06 e997 

  0x000001ee367a185c: ;   {runtime_call C1 Runtime throw_null_pointer_exception_blob}
  0x000001ee367a185c: f2ff ffe8 

  0x000001ee367a1860: ; ImmutableOopMap {}
                      ;*putfield valid {reexecute=1 rethrow=0 return_oop=0}
                      ; - (reexecute) com.sun.javafx.text.PrismTextLayout::layout@1632 (line 1353)
  0x000001ee367a1860: fc63 be06 

  0x000001ee367a1864: ;   {internal_word}
  0x000001ee367a1864: 49ba 210b | 7a36 ee01 | 0000 4d89 | 97e0 0400 

  0x000001ee367a1874: ;   {runtime_call SafepointBlob}
  0x000001ee367a1874: 00e9 e609 

  0x000001ee367a1878: ;   {internal_word}
  0x000001ee367a1878: b106 49ba | 340b 7a36 | ee01 0000 | 4d89 97e0 

  0x000001ee367a1888: ;   {runtime_call SafepointBlob}
  0x000001ee367a1888: 0400 00e9 | d009 b106 | 488d 8424 | e001 0000 | 4889 0424 

  0x000001ee367a189c: ;   {runtime_call C1 Runtime monitorexit_blob}
  0x000001ee367a189c: e83f a3be | 06e9 1cf3 

  0x000001ee367a18a4: ;   {runtime_call C1 Runtime throw_null_pointer_exception_blob}
  0x000001ee367a18a4: ffff e8b5 

  0x000001ee367a18a8: ; ImmutableOopMap {rdx=Oop rax=Oop rsi=Oop [176]=Oop [184]=Oop }
                      ;*putfield font {reexecute=1 rethrow=0 return_oop=0}
                      ; - (reexecute) com.sun.javafx.text.PrismTextLayout::layout@1472 (line 1335)
  0x000001ee367a18a8: 63be 0649 | 8b87 8805 | 0000 49c7 | 8788 0500 | 0000 0000 | 0049 c787 | 9005 0000 | 0000 0000 
  0x000001ee367a18c8: 4881 c400 | 0200 005d 

  0x000001ee367a18d0: ;   {runtime_call C1 Runtime unwind_exception_blob}
  0x000001ee367a18d0: e98b 54be | 06f4 f4f4 
[Stub Code]
  0x000001ee367a18d8: ;   {other}
  0x000001ee367a18d8: 0f1f 4400 

  0x000001ee367a18dc: ;   {static_stub}
  0x000001ee367a18dc: 0048 bb00 | 0000 0000 

  0x000001ee367a18e4: ;   {runtime_call nmethod}
  0x000001ee367a18e4: 0000 00e9 | fbff ffff 

  0x000001ee367a18ec: ;   {static_stub}
  0x000001ee367a18ec: 9048 bb00 | 0000 0000 

  0x000001ee367a18f4: ;   {runtime_call nmethod}
  0x000001ee367a18f4: 0000 00e9 | fbff ffff 

  0x000001ee367a18fc: ;   {static_stub}
  0x000001ee367a18fc: 9048 bb00 | 0000 0000 

  0x000001ee367a1904: ;   {runtime_call nmethod}
  0x000001ee367a1904: 0000 00e9 | fbff ffff 

  0x000001ee367a190c: ;   {static_stub}
  0x000001ee367a190c: 9048 bb00 | 0000 0000 

  0x000001ee367a1914: ;   {runtime_call nmethod}
  0x000001ee367a1914: 0000 00e9 | fbff ffff 

  0x000001ee367a191c: ;   {static_stub}
  0x000001ee367a191c: 9048 bb00 | 0000 0000 

  0x000001ee367a1924: ;   {runtime_call nmethod}
  0x000001ee367a1924: 0000 00e9 | fbff ffff 

  0x000001ee367a192c: ;   {static_stub}
  0x000001ee367a192c: 9048 bb00 | 0000 0000 

  0x000001ee367a1934: ;   {runtime_call nmethod}
  0x000001ee367a1934: 0000 00e9 | fbff ffff 

  0x000001ee367a193c: ;   {static_stub}
  0x000001ee367a193c: 9048 bb00 | 0000 0000 

  0x000001ee367a1944: ;   {runtime_call nmethod}
  0x000001ee367a1944: 0000 00e9 | fbff ffff 

  0x000001ee367a194c: ;   {static_stub}
  0x000001ee367a194c: 9048 bb00 | 0000 0000 

  0x000001ee367a1954: ;   {runtime_call nmethod}
  0x000001ee367a1954: 0000 00e9 | fbff ffff 

  0x000001ee367a195c: ;   {static_stub}
  0x000001ee367a195c: 9048 bb00 | 0000 0000 

  0x000001ee367a1964: ;   {runtime_call nmethod}
  0x000001ee367a1964: 0000 00e9 | fbff ffff 

  0x000001ee367a196c: ;   {static_stub}
  0x000001ee367a196c: 9048 bb00 | 0000 0000 

  0x000001ee367a1974: ;   {runtime_call nmethod}
  0x000001ee367a1974: 0000 00e9 | fbff ffff 

  0x000001ee367a197c: ;   {static_stub}
  0x000001ee367a197c: 9048 bb00 | 0000 0000 

  0x000001ee367a1984: ;   {runtime_call nmethod}
  0x000001ee367a1984: 0000 00e9 | fbff ffff 

  0x000001ee367a198c: ;   {static_stub}
  0x000001ee367a198c: 9048 bb00 | 0000 0000 

  0x000001ee367a1994: ;   {runtime_call nmethod}
  0x000001ee367a1994: 0000 00e9 | fbff ffff 

  0x000001ee367a199c: ;   {static_stub}
  0x000001ee367a199c: 9048 bb00 | 0000 0000 

  0x000001ee367a19a4: ;   {runtime_call nmethod}
  0x000001ee367a19a4: 0000 00e9 | fbff ffff 

  0x000001ee367a19ac: ;   {static_stub}
  0x000001ee367a19ac: 9048 bb00 | 0000 0000 

  0x000001ee367a19b4: ;   {runtime_call nmethod}
  0x000001ee367a19b4: 0000 00e9 | fbff ffff 

  0x000001ee367a19bc: ;   {static_stub}
  0x000001ee367a19bc: 9048 bb00 | 0000 0000 

  0x000001ee367a19c4: ;   {runtime_call nmethod}
  0x000001ee367a19c4: 0000 00e9 | fbff ffff 

  0x000001ee367a19cc: ;   {static_stub}
  0x000001ee367a19cc: 9048 bb00 | 0000 0000 

  0x000001ee367a19d4: ;   {runtime_call nmethod}
  0x000001ee367a19d4: 0000 00e9 | fbff ffff 

  0x000001ee367a19dc: ;   {static_stub}
  0x000001ee367a19dc: 48bb 0000 | 0000 0000 

  0x000001ee367a19e4: ;   {runtime_call nmethod}
  0x000001ee367a19e4: 0000 e9fb 

  0x000001ee367a19e8: ;   {static_stub}
  0x000001ee367a19e8: ffff ff48 | bb00 0000 | 0000 0000 

  0x000001ee367a19f4: ;   {runtime_call nmethod}
  0x000001ee367a19f4: 00e9 fbff 

  0x000001ee367a19f8: ;   {static_stub}
  0x000001ee367a19f8: ffff 48bb | e044 c753 | ee01 0000 

  0x000001ee367a1a04: ;   {runtime_call I2C/C2I adapters}
  0x000001ee367a1a04: e9ad 61b1 

  0x000001ee367a1a08: ;   {static_stub}
  0x000001ee367a1a08: 0648 bb00 | 0000 0000 

  0x000001ee367a1a10: ;   {runtime_call nmethod}
  0x000001ee367a1a10: 0000 00e9 | fbff ffff 

  0x000001ee367a1a18: ;   {static_stub}
  0x000001ee367a1a18: 48bb 0000 | 0000 0000 

  0x000001ee367a1a20: ;   {runtime_call nmethod}
  0x000001ee367a1a20: 0000 e9fb 

  0x000001ee367a1a24: ;   {static_stub}
  0x000001ee367a1a24: ffff ff48 | bb00 0000 | 0000 0000 

  0x000001ee367a1a30: ;   {runtime_call nmethod}
  0x000001ee367a1a30: 00e9 fbff 

  0x000001ee367a1a34: ;   {static_stub}
  0x000001ee367a1a34: ffff 48bb | 0000 0000 | 0000 0000 

  0x000001ee367a1a40: ;   {runtime_call nmethod}
  0x000001ee367a1a40: e9fb ffff 

  0x000001ee367a1a44: ;   {static_stub}
  0x000001ee367a1a44: ff48 bb00 | 0000 0000 

  0x000001ee367a1a4c: ;   {runtime_call nmethod}
  0x000001ee367a1a4c: 0000 00e9 | fbff ffff 

  0x000001ee367a1a54: ;   {static_stub}
  0x000001ee367a1a54: 48bb 0000 | 0000 0000 

  0x000001ee367a1a5c: ;   {runtime_call nmethod}
  0x000001ee367a1a5c: 0000 e9fb 

  0x000001ee367a1a60: ;   {static_stub}
  0x000001ee367a1a60: ffff ff48 | bb00 0000 | 0000 0000 

  0x000001ee367a1a6c: ;   {runtime_call nmethod}
  0x000001ee367a1a6c: 00e9 fbff 

  0x000001ee367a1a70: ;   {static_stub}
  0x000001ee367a1a70: ffff 48bb | 0000 0000 | 0000 0000 

  0x000001ee367a1a7c: ;   {runtime_call nmethod}
  0x000001ee367a1a7c: e9fb ffff 

  0x000001ee367a1a80: ;   {static_stub}
  0x000001ee367a1a80: ff48 bb00 | 0000 0000 

  0x000001ee367a1a88: ;   {runtime_call nmethod}
  0x000001ee367a1a88: 0000 00e9 | fbff ffff 

  0x000001ee367a1a90: ;   {static_stub}
  0x000001ee367a1a90: 48bb 0000 | 0000 0000 

  0x000001ee367a1a98: ;   {runtime_call nmethod}
  0x000001ee367a1a98: 0000 e9fb 

  0x000001ee367a1a9c: ;   {static_stub}
  0x000001ee367a1a9c: ffff ff48 | bb00 0000 | 0000 0000 

  0x000001ee367a1aa8: ;   {runtime_call nmethod}
  0x000001ee367a1aa8: 00e9 fbff 

  0x000001ee367a1aac: ;   {static_stub}
  0x000001ee367a1aac: ffff 48bb | 0000 0000 | 0000 0000 

  0x000001ee367a1ab8: ;   {runtime_call nmethod}
  0x000001ee367a1ab8: e9fb ffff 

  0x000001ee367a1abc: ;   {static_stub}
  0x000001ee367a1abc: ff48 bb00 | 0000 0000 

  0x000001ee367a1ac4: ;   {runtime_call nmethod}
  0x000001ee367a1ac4: 0000 00e9 | fbff ffff 

  0x000001ee367a1acc: ;   {static_stub}
  0x000001ee367a1acc: 48bb 0000 | 0000 0000 

  0x000001ee367a1ad4: ;   {runtime_call nmethod}
  0x000001ee367a1ad4: 0000 e9fb 

  0x000001ee367a1ad8: ;   {static_stub}
  0x000001ee367a1ad8: ffff ff48 | bb00 0000 | 0000 0000 

  0x000001ee367a1ae4: ;   {runtime_call nmethod}
  0x000001ee367a1ae4: 00e9 fbff | ffff 6666 

  0x000001ee367a1aec: ;   {static_stub}
  0x000001ee367a1aec: 9048 bb00 | 0000 0000 

  0x000001ee367a1af4: ;   {runtime_call nmethod}
  0x000001ee367a1af4: 0000 00e9 | fbff ffff 

  0x000001ee367a1afc: ;   {static_stub}
  0x000001ee367a1afc: 9048 bb00 | 0000 0000 

  0x000001ee367a1b04: ;   {runtime_call nmethod}
  0x000001ee367a1b04: 0000 00e9 | fbff ffff 

  0x000001ee367a1b0c: ;   {static_stub}
  0x000001ee367a1b0c: 9048 bb00 | 0000 0000 

  0x000001ee367a1b14: ;   {runtime_call nmethod}
  0x000001ee367a1b14: 0000 00e9 | fbff ffff 
[Exception Handler]
  0x000001ee367a1b1c: ;   {runtime_call C1 Runtime handle_exception_from_callee_blob}
  0x000001ee367a1b1c: e83f 83be 

  0x000001ee367a1b20: ;   {external_word}
  0x000001ee367a1b20: 0648 b9a0 | 011e 11fc | 7f00 0048 

  0x000001ee367a1b2c: ;   {runtime_call}
  0x000001ee367a1b2c: 83e4 f048 | b810 5cd8 | 10fc 7f00 | 00ff d0f4 
[Deopt Handler Code]
  0x000001ee367a1b3c: ;   {section_word}
  0x000001ee367a1b3c: 49ba 3c1b | 7a36 ee01 | 0000 4152 

  0x000001ee367a1b48: ;   {runtime_call DeoptimizationBlob}
  0x000001ee367a1b48: e993 eeb0 | 06f4 f4f4 
[/MachCode]


---------------  P R O C E S S  ---------------

Threads class SMR info:
_java_thread_list=0x000001ee57292970, length=27, elements={
0x000001ee2d2f2850, 0x000001ee4f6ce470, 0x000001ee4f6ced80, 0x000001ee4f6cf7e0,
0x000001ee4f6d14e0, 0x000001ee4f6d20a0, 0x000001ee4f6d4da0, 0x000001ee4f6d64b0,
0x000001ee4f6db200, 0x000001ee526f94c0, 0x000001ee528ce380, 0x000001ee5701e0d0,
0x000001ee57074060, 0x000001ee57af0680, 0x000001ee5796df30, 0x000001ee57b574c0,
0x000001ee57b547c0, 0x000001ee57b86480, 0x000001ee57b2c5b0, 0x000001ee57b313d0,
0x000001ee580bf2f0, 0x000001ee580beb20, 0x000001ee699a6650, 0x000001ee699a7dc0,
0x000001ee6b1fd140, 0x000001ee6c2d1df0, 0x000001ee6c2d1620
}

Java Threads: ( => current thread )
  0x000001ee2d2f2850 JavaThread "main"                              [_thread_blocked, id=3232, stack(0x0000000126400000,0x0000000126500000) (1024K)]
  0x000001ee4f6ce470 JavaThread "Reference Handler"          daemon [_thread_blocked, id=18108, stack(0x0000000126c00000,0x0000000126d00000) (1024K)]
  0x000001ee4f6ced80 JavaThread "Finalizer"                  daemon [_thread_blocked, id=6260, stack(0x0000000126d00000,0x0000000126e00000) (1024K)]
  0x000001ee4f6cf7e0 JavaThread "Signal Dispatcher"          daemon [_thread_blocked, id=20040, stack(0x0000000126e00000,0x0000000126f00000) (1024K)]
  0x000001ee4f6d14e0 JavaThread "Attach Listener"            daemon [_thread_blocked, id=1120, stack(0x0000000126f00000,0x0000000127000000) (1024K)]
  0x000001ee4f6d20a0 JavaThread "Service Thread"             daemon [_thread_blocked, id=20132, stack(0x0000000127000000,0x0000000127100000) (1024K)]
  0x000001ee4f6d4da0 JavaThread "Monitor Deflation Thread"   daemon [_thread_blocked, id=656, stack(0x0000000127100000,0x0000000127200000) (1024K)]
  0x000001ee4f6d64b0 JavaThread "C2 CompilerThread0"         daemon [_thread_blocked, id=2616, stack(0x0000000127200000,0x0000000127300000) (1024K)]
  0x000001ee4f6db200 JavaThread "C1 CompilerThread0"         daemon [_thread_blocked, id=9600, stack(0x0000000127300000,0x0000000127400000) (1024K)]
  0x000001ee526f94c0 JavaThread "Common-Cleaner"             daemon [_thread_blocked, id=24980, stack(0x0000000127600000,0x0000000127700000) (1024K)]
  0x000001ee528ce380 JavaThread "Monitor Ctrl-Break"         daemon [_thread_in_native, id=8680, stack(0x0000000127700000,0x0000000127800000) (1024K)]
  0x000001ee5701e0d0 JavaThread "Notification Thread"        daemon [_thread_blocked, id=20232, stack(0x0000000127800000,0x0000000127900000) (1024K)]
  0x000001ee57074060 JavaThread "JavaFX-Launcher"                   [_thread_blocked, id=5144, stack(0x0000000127900000,0x0000000127a00000) (1024K)]
  0x000001ee57af0680 JavaThread "RMI TCP Accept-0"           daemon [_thread_in_native, id=23752, stack(0x0000000127f00000,0x0000000128000000) (1024K)]
  0x000001ee5796df30 JavaThread "RMI TCP Connection(1)-192.168.1.13" daemon [_thread_in_native, id=9060, stack(0x0000000128000000,0x0000000128100000) (1024K)]
  0x000001ee57b574c0 JavaThread "RMI Scheduler(0)"           daemon [_thread_blocked, id=24380, stack(0x0000000128100000,0x0000000128200000) (1024K)]
  0x000001ee57b547c0 JavaThread "JMX server connection timeout 41" daemon [_thread_blocked, id=1128, stack(0x0000000128200000,0x0000000128300000) (1024K)]
  0x000001ee57b86480 JavaThread "QuantumRenderer-0"          daemon [_thread_blocked, id=11344, stack(0x0000000128300000,0x0000000128400000) (1024K)]
  0x000001ee57b2c5b0 JavaThread "InvokeLaterDispatcher"      daemon [_thread_blocked, id=13164, stack(0x0000000128400000,0x0000000128500000) (1024K)]
=>0x000001ee57b313d0 JavaThread "JavaFX Application Thread"         [_thread_in_native, id=8992, stack(0x0000000128500000,0x0000000128600000) (1024K)]
  0x000001ee580bf2f0 JavaThread "Thread-3"                   daemon [_thread_in_native, id=21356, stack(0x0000000129500000,0x0000000129600000) (1024K)]
  0x000001ee580beb20 JavaThread "JNA Cleaner"                daemon [_thread_blocked, id=14544, stack(0x0000000129600000,0x0000000129700000) (1024K)]
  0x000001ee699a6650 JavaThread "Prism Font Disposer"        daemon [_thread_blocked, id=21384, stack(0x000000012a200000,0x000000012a300000) (1024K)]
  0x000001ee699a7dc0 JavaThread "ForkJoinPool.commonPool-worker-1" daemon [_thread_blocked, id=18928, stack(0x000000012a300000,0x000000012a400000) (1024K)]
  0x000001ee6b1fd140 JavaThread "Cleaner-0"                  daemon [_thread_blocked, id=9032, stack(0x000000012a900000,0x000000012aa00000) (1024K)]
  0x000001ee6c2d1df0 JavaThread "Cleaner-1"                  daemon [_thread_blocked, id=18404, stack(0x000000012b200000,0x000000012b300000) (1024K)]
  0x000001ee6c2d1620 JavaThread "DefaultSleeper"             daemon [_thread_blocked, id=14144, stack(0x000000012b300000,0x000000012b400000) (1024K)]
Total: 27

Other Threads:
  0x000001ee4f6b4740 VMThread "VM Thread"                           [id=8188, stack(0x0000000126b00000,0x0000000126c00000) (1024K)]
  0x000001ee4f6a37b0 WatcherThread "VM Periodic Task Thread"        [id=11624, stack(0x0000000126a00000,0x0000000126b00000) (1024K)]
  0x000001ee4f52ea10 WorkerThread "GC Thread#0"                     [id=13632, stack(0x0000000126500000,0x0000000126600000) (1024K)]
  0x000001ee5263e140 WorkerThread "GC Thread#1"                     [id=6840, stack(0x0000000129700000,0x0000000129800000) (1024K)]
  0x000001ee698a85b0 WorkerThread "GC Thread#2"                     [id=5856, stack(0x0000000129800000,0x0000000129900000) (1024K)]
  0x000001ee698ab520 WorkerThread "GC Thread#3"                     [id=13424, stack(0x0000000129900000,0x0000000129a00000) (1024K)]
  0x000001ee698a96f0 WorkerThread "GC Thread#4"                     [id=4976, stack(0x0000000129a00000,0x0000000129b00000) (1024K)]
  0x000001ee698a8a00 WorkerThread "GC Thread#5"                     [id=18988, stack(0x0000000129b00000,0x0000000129c00000) (1024K)]
  0x000001ee698a92a0 WorkerThread "GC Thread#6"                     [id=4620, stack(0x0000000129c00000,0x0000000129d00000) (1024K)]
  0x000001ee698ac210 WorkerThread "GC Thread#7"                     [id=17928, stack(0x0000000129d00000,0x0000000129e00000) (1024K)]
  0x000001ee698aa830 WorkerThread "GC Thread#8"                     [id=23516, stack(0x0000000129e00000,0x0000000129f00000) (1024K)]
  0x000001ee698a9b40 WorkerThread "GC Thread#9"                     [id=25592, stack(0x0000000129f00000,0x000000012a000000) (1024K)]
  0x000001ee698ab970 WorkerThread "GC Thread#10"                    [id=23492, stack(0x000000012a000000,0x000000012a100000) (1024K)]
  0x000001ee698a9f90 WorkerThread "GC Thread#11"                    [id=21788, stack(0x000000012a100000,0x000000012a200000) (1024K)]
  0x000001ee6b2ee040 WorkerThread "GC Thread#12"                    [id=15420, stack(0x0000000127500000,0x0000000127600000) (1024K)]
  0x000001ee2d377d10 ConcurrentGCThread "G1 Main Marker"            [id=9464, stack(0x0000000126600000,0x0000000126700000) (1024K)]
  0x000001ee2d37b7f0 WorkerThread "G1 Conc#0"                       [id=12052, stack(0x0000000126700000,0x0000000126800000) (1024K)]
  0x000001ee698ab0d0 WorkerThread "G1 Conc#1"                       [id=11204, stack(0x000000012a700000,0x000000012a800000) (1024K)]
  0x000001ee698acf00 WorkerThread "G1 Conc#2"                       [id=20460, stack(0x000000012a800000,0x000000012a900000) (1024K)]
  0x000001ee2d3ae660 ConcurrentGCThread "G1 Refine#0"               [id=6356, stack(0x0000000126800000,0x0000000126900000) (1024K)]
  0x000001ee4f575170 ConcurrentGCThread "G1 Service"                [id=7716, stack(0x0000000126900000,0x0000000126a00000) (1024K)]
Total: 21

Threads with active compile tasks:
Total: 0

VM state: not at safepoint (normal execution)

VM Mutex/Monitor currently owned by a thread: None

Heap address: 0x000000060b400000, size: 8012 MB, Compressed Oops mode: Zero based, Oop shift amount: 3

CDS archive(s) mapped at: [0x000000003a000000-0x000000003adb0000-0x000000003adb0000), size 14352384, SharedBaseAddress: 0x000000003a000000, ArchiveRelocationMode: 1.
Compressed class space mapped at: 0x000000003b000000-0x000000007b000000, reserved size: 1073741824
UseCompressedClassPointers 1, UseCompactObjectHeaders 0
Narrow klass pointer bits 32, Max shift 3
Narrow klass base: 0x000000003a000000, Narrow klass shift: 0
Encoding Range: [0x000000003a000000 - 0x000000013a000000), (4294967296 bytes)
Klass Range:    [0x000000003a010000 - 0x000000007b000000), (1090453504 bytes)
Klass ID Range:  [65536 - 1090519033) (1090453497)
Protection zone: [0x000000003a000000 - 0x000000003a010000), (65536 bytes)

GC Precious Log:
 CardTable entry size: 512
 Card Set container configuration: InlinePtr #cards 4 size 8 Array Of Cards #cards 32 size 80 Howl #buckets 8 coarsen threshold 7372 Howl Bitmap #cards 1024 size 144 coarsen threshold 921 Card regions per heap region 1 cards per card region 8192
 CPUs: 16 total, 16 available
 Memory: 32042M
 Large Page Support: Disabled
 NUMA Support: Disabled
 Compressed Oops: Enabled (Zero based)
 Heap Region Size: 4M
 Heap Min Capacity: 8M
 Heap Initial Capacity: 504M
 Heap Max Capacity: 8012M
 Pre-touch: Disabled
 Parallel Workers: 13
 Concurrent Workers: 3
 Concurrent Refinement Workers: 13
 Periodic GC: Disabled

Heap:
 garbage-first heap   total reserved 8204288K, committed 98304K, used 75755K [0x000000060b400000, 0x0000000800000000)
  region size 4096K, 9 young (36864K), 1 survivors (4096K)

Heap Regions: E=young(eden), S=young(survivor), O=old, HS=humongous(starts), HC=humongous(continues), CS=collection set, F=free, TAMS=top-at-mark-start, PB=parsable bottom
|   0|0x000000060b400000, 0x000000060b800000, 0x000000060b800000|100%| O|  |TAMS 0x000000060b400000| PB 0x000000060b400000| Untracked |  0
|   1|0x000000060b800000, 0x000000060bc00000, 0x000000060bc00000|100%| O|  |TAMS 0x000000060b800000| PB 0x000000060b800000| Untracked |  0
|   2|0x000000060bc00000, 0x000000060c000000, 0x000000060c000000|100%| O|  |TAMS 0x000000060bc00000| PB 0x000000060bc00000| Untracked |  0
|   3|0x000000060c000000, 0x000000060c400000, 0x000000060c400000|100%| O|  |TAMS 0x000000060c000000| PB 0x000000060c000000| Untracked |  0
|   4|0x000000060c400000, 0x000000060c800000, 0x000000060c800000|100%| O|  |TAMS 0x000000060c400000| PB 0x000000060c400000| Untracked |  0
|   5|0x000000060c800000, 0x000000060c8944a0, 0x000000060cc00000| 14%| O|  |TAMS 0x000000060c800000| PB 0x000000060c800000| Untracked |  0
|   6|0x000000060cc00000, 0x000000060cc00000, 0x000000060d000000|  0%| F|  |TAMS 0x000000060cc00000| PB 0x000000060cc00000| Untracked |  0
|   7|0x000000060d000000, 0x000000060d400000, 0x000000060d400000|100%| O|  |TAMS 0x000000060d000000| PB 0x000000060d000000| Untracked |  0
|   8|0x000000060d400000, 0x000000060d800000, 0x000000060d800000|100%| O|  |TAMS 0x000000060d400000| PB 0x000000060d400000| Untracked |  0
|   9|0x000000060d800000, 0x000000060d800000, 0x000000060dc00000|  0%| F|  |TAMS 0x000000060d800000| PB 0x000000060d800000| Untracked |  0
|  10|0x000000060dc00000, 0x000000060e000000, 0x000000060e000000|100%| O|  |TAMS 0x000000060dc00000| PB 0x000000060dc00000| Untracked |  0
|  11|0x000000060e000000, 0x000000060e400000, 0x000000060e400000|100%| O|Cm|TAMS 0x000000060e000000| PB 0x000000060e000000| Complete |  0
|  12|0x000000060e400000, 0x000000060e800000, 0x000000060e800000|100%| O|Cm|TAMS 0x000000060e400000| PB 0x000000060e400000| Complete |  0
|  13|0x000000060e800000, 0x000000060ec00000, 0x000000060ec00000|100%| O|  |TAMS 0x000000060e800000| PB 0x000000060e800000| Untracked |  0
|  14|0x000000060ec00000, 0x000000060ec00000, 0x000000060f000000|  0%| F|  |TAMS 0x000000060ec00000| PB 0x000000060ec00000| Untracked |  0
|  15|0x000000060f000000, 0x000000060f087b18, 0x000000060f400000| 13%| E|  |TAMS 0x000000060f000000| PB 0x000000060f000000| Complete |  0
|  16|0x000000060f400000, 0x000000060f566a08, 0x000000060f800000| 35%| S|CS|TAMS 0x000000060f400000| PB 0x000000060f400000| Complete |  0
|  17|0x000000060f800000, 0x000000060fc00000, 0x000000060fc00000|100%| E|CS|TAMS 0x000000060f800000| PB 0x000000060f800000| Complete |  0
|  18|0x000000060fc00000, 0x0000000610000000, 0x0000000610000000|100%| E|CS|TAMS 0x000000060fc00000| PB 0x000000060fc00000| Complete |  0
| 114|0x0000000627c00000, 0x0000000628000000, 0x0000000628000000|100%| E|CS|TAMS 0x0000000627c00000| PB 0x0000000627c00000| Complete |  0
| 115|0x0000000628000000, 0x0000000628400000, 0x0000000628400000|100%| E|CS|TAMS 0x0000000628000000| PB 0x0000000628000000| Complete |  0
| 116|0x0000000628400000, 0x0000000628800000, 0x0000000628800000|100%| E|CS|TAMS 0x0000000628400000| PB 0x0000000628400000| Complete |  0
| 125|0x000000062a800000, 0x000000062ac00000, 0x000000062ac00000|100%| E|CS|TAMS 0x000000062a800000| PB 0x000000062a800000| Complete |  0
|2002|0x00000007ffc00000, 0x0000000800000000, 0x0000000800000000|100%| E|CS|TAMS 0x00000007ffc00000| PB 0x00000007ffc00000| Complete |  0

Card table byte_map: [0x000001ee46750000,0x000001ee47700000] _byte_map_base: 0x000001ee436f6000

Marking Bits: (CMBitMap*) 0x000001ee4f52f1a0
 Bits: [0x000001ee47700000, 0x000001ee4f430000)

Polling page: 0x000001ee2b190000

Metaspace:
Metaspace        used 50805K, committed 51264K, reserved 1114112K
 class space     used 7001K, committed 7232K, reserved 1048576K

Usage:
  Non-class:     42.78 MB used.
      Class:      6.84 MB used.
       Both:     49.61 MB used.

Virtual space:
  Non-class space:       64.00 MB reserved,      43.00 MB ( 67%) committed,  1 nodes.
      Class space:        1.00 GB reserved,       7.06 MB ( <1%) committed,  1 nodes.
             Both:        1.06 GB reserved,      50.06 MB (  5%) committed. 

Chunk freelists:
   Non-Class:  4.33 MB
       Class:  8.91 MB
        Both:  13.24 MB

MaxMetaspaceSize: unlimited
CompressedClassSpaceSize: 1.00 GB
Initial GC threshold: 21.00 MB
Current GC threshold: 83.25 MB
CDS: on
 - commit_granule_bytes: 65536.
 - commit_granule_words: 8192.
 - virtual_space_node_default_size: 8388608.
 - enlarge_chunks_in_place: 1.
UseCompressedClassPointers 1, UseCompactObjectHeaders 0
Narrow klass pointer bits 32, Max shift 3
Narrow klass base: 0x000000003a000000, Narrow klass shift: 0
Encoding Range: [0x000000003a000000 - 0x000000013a000000), (4294967296 bytes)
Klass Range:    [0x000000003a010000 - 0x000000007b000000), (1090453504 bytes)
Klass ID Range:  [65536 - 1090519033) (1090453497)
Protection zone: [0x000000003a000000 - 0x000000003a010000), (65536 bytes)


Internal statistics:

num_allocs_failed_limit: 6.
num_arena_births: 540.
num_arena_deaths: 0.
num_vsnodes_births: 2.
num_vsnodes_deaths: 0.
num_space_committed: 800.
num_space_uncommitted: 0.
num_chunks_returned_to_freelist: 6.
num_chunks_taken_from_freelist: 2086.
num_chunk_merges: 6.
num_chunk_splits: 1462.
num_chunks_enlarged: 1153.
num_inconsistent_stats: 0.

CodeHeap 'non-profiled nmethods': size=119168Kb used=4315Kb max_used=4390Kb free=114852Kb
 bounds [0x000001ee3d9b0000, 0x000001ee3de00000, 0x000001ee44e10000]
CodeHeap 'profiled nmethods': size=119168Kb used=12413Kb max_used=13858Kb free=106754Kb
 bounds [0x000001ee35e00000, 0x000001ee36b90000, 0x000001ee3d260000]
CodeHeap 'non-nmethods': size=7488Kb used=2160Kb max_used=4023Kb free=5327Kb
 bounds [0x000001ee3d260000, 0x000001ee3d680000, 0x000001ee3d9b0000]
CodeCache: size=245824Kb, used=18888Kb, max_used=22271Kb, free=226933Kb
 total_blobs=9160, nmethods=8135, adapters=927, full_count=0
Compilation: enabled, stopped_count=0, restarted_count=0

Compilation events (20 events):
Event: 60.250 Thread 0x000001ee4f6db200 9948       3       javafx.scene.control.skin.TextInputControlSkin::isForwardBias (8 bytes)
Event: 60.250 Thread 0x000001ee4f6db200 nmethod 9948 0x000001ee35ed6388 code [0x000001ee35ed6480, 0x000001ee35ed6798]
Event: 60.250 Thread 0x000001ee4f6db200 9947       3       javafx.scene.shape.Shape$StrokeAttributes::getType (24 bytes)
Event: 60.250 Thread 0x000001ee4f6db200 nmethod 9947 0x000001ee36120088 code [0x000001ee36120180, 0x000001ee361205c0]
Event: 60.254 Thread 0x000001ee4f6db200 9949       3       javafx.scene.layout.HBox$$Lambda/0x000000003b37b360::call (8 bytes)
Event: 60.254 Thread 0x000001ee4f6db200 nmethod 9949 0x000001ee36299708 code [0x000001ee36299800, 0x000001ee36299e50]
Event: 60.254 Thread 0x000001ee4f6db200 9950       3       javafx.scene.layout.HBox::lambda$static$0 (5 bytes)
Event: 60.254 Thread 0x000001ee4f6db200 nmethod 9950 0x000001ee36123988 code [0x000001ee36123a80, 0x000001ee36124538]
Event: 60.257 Thread 0x000001ee4f6d64b0 9951       4       com.sun.javafx.geom.transform.Identity::inverseTransform (20 bytes)
Event: 60.257 Thread 0x000001ee4f6d64b0 nmethod 9951 0x000001ee3dcd1188 code [0x000001ee3dcd1280, 0x000001ee3dcd1350]
Event: 60.264 Thread 0x000001ee4f6d64b0 9952       4       javafx.scene.Node::getProperties (26 bytes)
Event: 60.265 Thread 0x000001ee4f6d64b0 nmethod 9952 0x000001ee3da25f88 code [0x000001ee3da26080, 0x000001ee3da26330]
Event: 60.268 Thread 0x000001ee4f6d64b0 9953       4       java.nio.ByteBuffer::limit (6 bytes)
Event: 60.269 Thread 0x000001ee4f6d64b0 nmethod 9953 0x000001ee3dd01188 code [0x000001ee3dd01280, 0x000001ee3dd01448]
Event: 60.269 Thread 0x000001ee4f6db200 9954       3       javafx.scene.layout.AnchorPane::layoutChildren (329 bytes)
Event: 60.270 Thread 0x000001ee4f6d64b0 9955       4       javafx.scene.Node::processCSS (103 bytes)
Event: 60.273 Thread 0x000001ee4f6db200 nmethod 9954 0x000001ee3677e608 code [0x000001ee3677e780, 0x000001ee367874d8]
Event: 60.273 Thread 0x000001ee4f6db200 9958       3       com.sun.javafx.font.directwrite.JFXTextAnalysisSink::GetStart (8 bytes)
Event: 60.273 Thread 0x000001ee4f6db200 nmethod 9958 0x000001ee35f13788 code [0x000001ee35f13880, 0x000001ee35f139b8]
Event: 60.273 Thread 0x000001ee4f6db200 9961       3       com.sun.javafx.font.directwrite.DWGlyphLayout::layout (542 bytes)

GC Heap Usage History (20 events):
Event: 54.045 {heap Before GC invocations=26 (full 0):
 garbage-first heap   total reserved 8204288K, committed 98304K, used 76481K [0x000000060b400000, 0x0000000800000000)
  region size 4096K, 6 young (24576K), 1 survivors (4096K)
}
Event: 54.047 {heap After GC invocations=27 (full 0):
 garbage-first heap   total reserved 8204288K, committed 98304K, used 58810K [0x000000060b400000, 0x0000000800000000)
  region size 4096K, 1 young (4096K), 1 survivors (4096K)
}
Event: 55.148 {heap Before GC invocations=27 (full 0):
 garbage-first heap   total reserved 8204288K, committed 98304K, used 79290K [0x000000060b400000, 0x0000000800000000)
  region size 4096K, 7 young (28672K), 1 survivors (4096K)
}
Event: 55.151 {heap After GC invocations=28 (full 0):
 garbage-first heap   total reserved 8204288K, committed 98304K, used 52330K [0x000000060b400000, 0x0000000800000000)
  region size 4096K, 1 young (4096K), 1 survivors (4096K)
}
Event: 55.190 {heap Before GC invocations=28 (full 0):
 garbage-first heap   total reserved 8204288K, committed 98304K, used 76906K [0x000000060b400000, 0x0000000800000000)
  region size 4096K, 8 young (32768K), 1 survivors (4096K)
}
Event: 55.193 {heap After GC invocations=29 (full 0):
 garbage-first heap   total reserved 8204288K, committed 98304K, used 57118K [0x000000060b400000, 0x0000000800000000)
  region size 4096K, 1 young (4096K), 1 survivors (4096K)
}
Event: 55.914 {heap Before GC invocations=30 (full 0):
 garbage-first heap   total reserved 8204288K, committed 98304K, used 81694K [0x000000060b400000, 0x0000000800000000)
  region size 4096K, 7 young (28672K), 1 survivors (4096K)
}
Event: 55.916 {heap After GC invocations=31 (full 0):
 garbage-first heap   total reserved 8204288K, committed 98304K, used 56181K [0x000000060b400000, 0x0000000800000000)
  region size 4096K, 1 young (4096K), 1 survivors (4096K)
}
Event: 55.958 {heap Before GC invocations=31 (full 0):
 garbage-first heap   total reserved 8204288K, committed 98304K, used 76661K [0x000000060b400000, 0x0000000800000000)
  region size 4096K, 7 young (28672K), 1 survivors (4096K)
}
Event: 55.960 {heap After GC invocations=32 (full 0):
 garbage-first heap   total reserved 8204288K, committed 98304K, used 49972K [0x000000060b400000, 0x0000000800000000)
  region size 4096K, 1 young (4096K), 1 survivors (4096K)
}
Event: 57.279 {heap Before GC invocations=32 (full 0):
 garbage-first heap   total reserved 8204288K, committed 98304K, used 82740K [0x000000060b400000, 0x0000000800000000)
  region size 4096K, 9 young (36864K), 1 survivors (4096K)
}
Event: 57.280 {heap After GC invocations=33 (full 0):
 garbage-first heap   total reserved 8204288K, committed 98304K, used 49311K [0x000000060b400000, 0x0000000800000000)
  region size 4096K, 1 young (4096K), 1 survivors (4096K)
}
Event: 58.206 {heap Before GC invocations=34 (full 0):
 garbage-first heap   total reserved 8204288K, committed 98304K, used 82079K [0x000000060b400000, 0x0000000800000000)
  region size 4096K, 9 young (36864K), 1 survivors (4096K)
}
Event: 58.207 {heap After GC invocations=35 (full 0):
 garbage-first heap   total reserved 8204288K, committed 98304K, used 48338K [0x000000060b400000, 0x0000000800000000)
  region size 4096K, 1 young (4096K), 1 survivors (4096K)
}
Event: 58.833 {heap Before GC invocations=35 (full 0):
 garbage-first heap   total reserved 8204288K, committed 98304K, used 81106K [0x000000060b400000, 0x0000000800000000)
  region size 4096K, 9 young (36864K), 1 survivors (4096K)
}
Event: 58.833 {heap After GC invocations=36 (full 0):
 garbage-first heap   total reserved 8204288K, committed 98304K, used 44184K [0x000000060b400000, 0x0000000800000000)
  region size 4096K, 1 young (4096K), 1 survivors (4096K)
}
Event: 59.165 {heap Before GC invocations=36 (full 0):
 garbage-first heap   total reserved 8204288K, committed 98304K, used 81048K [0x000000060b400000, 0x0000000800000000)
  region size 4096K, 10 young (40960K), 1 survivors (4096K)
}
Event: 59.169 {heap After GC invocations=37 (full 0):
 garbage-first heap   total reserved 8204288K, committed 98304K, used 53441K [0x000000060b400000, 0x0000000800000000)
  region size 4096K, 2 young (8192K), 2 survivors (8192K)
}
Event: 60.258 {heap Before GC invocations=38 (full 0):
 garbage-first heap   total reserved 8204288K, committed 98304K, used 82113K [0x000000060b400000, 0x0000000800000000)
  region size 4096K, 9 young (36864K), 2 survivors (8192K)
}
Event: 60.259 {heap After GC invocations=39 (full 0):
 garbage-first heap   total reserved 8204288K, committed 98304K, used 47083K [0x000000060b400000, 0x0000000800000000)
  region size 4096K, 1 young (4096K), 1 survivors (4096K)
}

Metaspace Usage History (20 events):
Event: 54.045 {metaspace Before GC invocations=26 (full 0):
 Metaspace       used 50651K, committed 51136K, reserved 1114112K
  class space    used 6992K, committed 7232K, reserved 1048576K
}
Event: 54.047 {metaspace After GC invocations=27 (full 0):
 Metaspace       used 50651K, committed 51136K, reserved 1114112K
  class space    used 6992K, committed 7232K, reserved 1048576K
}
Event: 55.148 {metaspace Before GC invocations=27 (full 0):
 Metaspace       used 50657K, committed 51200K, reserved 1114112K
  class space    used 6992K, committed 7232K, reserved 1048576K
}
Event: 55.151 {metaspace After GC invocations=28 (full 0):
 Metaspace       used 50657K, committed 51200K, reserved 1114112K
  class space    used 6992K, committed 7232K, reserved 1048576K
}
Event: 55.190 {metaspace Before GC invocations=28 (full 0):
 Metaspace       used 50659K, committed 51200K, reserved 1114112K
  class space    used 6992K, committed 7232K, reserved 1048576K
}
Event: 55.193 {metaspace After GC invocations=29 (full 0):
 Metaspace       used 50659K, committed 51200K, reserved 1114112K
  class space    used 6992K, committed 7232K, reserved 1048576K
}
Event: 55.914 {metaspace Before GC invocations=30 (full 0):
 Metaspace       used 50661K, committed 51200K, reserved 1114112K
  class space    used 6992K, committed 7232K, reserved 1048576K
}
Event: 55.916 {metaspace After GC invocations=31 (full 0):
 Metaspace       used 50661K, committed 51200K, reserved 1114112K
  class space    used 6992K, committed 7232K, reserved 1048576K
}
Event: 55.958 {metaspace Before GC invocations=31 (full 0):
 Metaspace       used 50725K, committed 51200K, reserved 1114112K
  class space    used 7001K, committed 7232K, reserved 1048576K
}
Event: 55.960 {metaspace After GC invocations=32 (full 0):
 Metaspace       used 50725K, committed 51200K, reserved 1114112K
  class space    used 7001K, committed 7232K, reserved 1048576K
}
Event: 57.279 {metaspace Before GC invocations=32 (full 0):
 Metaspace       used 50751K, committed 51200K, reserved 1114112K
  class space    used 7001K, committed 7232K, reserved 1048576K
}
Event: 57.280 {metaspace After GC invocations=33 (full 0):
 Metaspace       used 50751K, committed 51200K, reserved 1114112K
  class space    used 7001K, committed 7232K, reserved 1048576K
}
Event: 58.206 {metaspace Before GC invocations=34 (full 0):
 Metaspace       used 50760K, committed 51264K, reserved 1114112K
  class space    used 7001K, committed 7232K, reserved 1048576K
}
Event: 58.207 {metaspace After GC invocations=35 (full 0):
 Metaspace       used 50760K, committed 51264K, reserved 1114112K
  class space    used 7001K, committed 7232K, reserved 1048576K
}
Event: 58.833 {metaspace Before GC invocations=35 (full 0):
 Metaspace       used 50766K, committed 51264K, reserved 1114112K
  class space    used 7001K, committed 7232K, reserved 1048576K
}
Event: 58.833 {metaspace After GC invocations=36 (full 0):
 Metaspace       used 50766K, committed 51264K, reserved 1114112K
  class space    used 7001K, committed 7232K, reserved 1048576K
}
Event: 59.165 {metaspace Before GC invocations=36 (full 0):
 Metaspace       used 50787K, committed 51264K, reserved 1114112K
  class space    used 7001K, committed 7232K, reserved 1048576K
}
Event: 59.169 {metaspace After GC invocations=37 (full 0):
 Metaspace       used 50787K, committed 51264K, reserved 1114112K
  class space    used 7001K, committed 7232K, reserved 1048576K
}
Event: 60.258 {metaspace Before GC invocations=38 (full 0):
 Metaspace       used 50796K, committed 51264K, reserved 1114112K
  class space    used 7001K, committed 7232K, reserved 1048576K
}
Event: 60.259 {metaspace After GC invocations=39 (full 0):
 Metaspace       used 50796K, committed 51264K, reserved 1114112K
  class space    used 7001K, committed 7232K, reserved 1048576K
}

Dll operation events (20 events):
Event: 0.294 Attempting to load shared library C:\Users\matea\.openjfx\cache\21.0.6+3\amd64\vcruntime140.dll
Event: 0.295 Loaded shared library C:\Users\matea\.openjfx\cache\21.0.6+3\amd64\vcruntime140.dll
Event: 0.297 Attempting to load shared library C:\Users\matea\.openjfx\cache\21.0.6+3\amd64\vcruntime140_1.dll
Event: 0.297 Loaded shared library C:\Users\matea\.openjfx\cache\21.0.6+3\amd64\vcruntime140_1.dll
Event: 0.303 Attempting to load shared library C:\Users\matea\.openjfx\cache\21.0.6+3\amd64\msvcp140.dll
Event: 0.304 Loaded shared library C:\Users\matea\.openjfx\cache\21.0.6+3\amd64\msvcp140.dll
Event: 0.306 Attempting to load shared library C:\Users\matea\.openjfx\cache\21.0.6+3\amd64\msvcp140_1.dll
Event: 0.307 Loaded shared library C:\Users\matea\.openjfx\cache\21.0.6+3\amd64\msvcp140_1.dll
Event: 0.310 Attempting to load shared library C:\Users\matea\.openjfx\cache\21.0.6+3\amd64\msvcp140_2.dll
Event: 0.311 Loaded shared library C:\Users\matea\.openjfx\cache\21.0.6+3\amd64\msvcp140_2.dll
Event: 0.332 Attempting to load shared library C:\Users\matea\.openjfx\cache\21.0.6+3\amd64\prism_d3d.dll
Event: 0.334 Loaded shared library C:\Users\matea\.openjfx\cache\21.0.6+3\amd64\prism_d3d.dll
Event: 0.396 Attempting to load shared library C:\Users\matea\.openjfx\cache\21.0.6+3\amd64\glass.dll
Event: 0.398 Loaded shared library C:\Users\matea\.openjfx\cache\21.0.6+3\amd64\glass.dll
Event: 0.484 Attempting to load shared library C:\Users\matea\.openjfx\cache\21.0.6+3\amd64\javafx_font.dll
Event: 0.484 Loaded shared library C:\Users\matea\.openjfx\cache\21.0.6+3\amd64\javafx_font.dll
Event: 0.511 Attempting to load shared library C:\Users\matea\AppData\Local\Temp\jna-103668220\jna80693429086086481.dll
Event: 0.555 Loaded shared library C:\Users\matea\AppData\Local\Temp\jna-103668220\jna80693429086086481.dll
Event: 3.826 Attempting to load shared library C:\Users\matea\.jdks\corretto-25.0.4.1\bin\sunmscapi.dll
Event: 3.827 Loaded shared library C:\Users\matea\.jdks\corretto-25.0.4.1\bin\sunmscapi.dll

Deoptimization events (20 events):
Event: 55.954 Thread 0x000001ee57b86480 Uncommon trap: trap_request=0xffffff45 fr.pc=0x000001ee3dd1741c relative=0x000000000000137c
Event: 55.954 Thread 0x000001ee57b86480 Uncommon trap: reason=unstable_if action=reinterpret pc=0x000001ee3dd1741c method=com.sun.javafx.text.TextRun.getGlyphCode(I)I @ 21 c2
Event: 55.954 Thread 0x000001ee57b86480 DEOPT PACKING pc=0x000001ee3dd1741c sp=0x00000001283fcb50
Event: 55.954 Thread 0x000001ee57b86480 DEOPT UNPACKING pc=0x000001ee3d392102 sp=0x00000001283fca60 mode 2
Event: 55.955 Thread 0x000001ee57b86480 Uncommon trap: trap_request=0xffffff45 fr.pc=0x000001ee3dcd28a0 relative=0x00000000000001a0
Event: 55.955 Thread 0x000001ee57b86480 Uncommon trap: reason=unstable_if action=reinterpret pc=0x000001ee3dcd28a0 method=com.sun.javafx.text.TextRun.getPosX(I)F @ 21 c2
Event: 55.955 Thread 0x000001ee57b86480 DEOPT PACKING pc=0x000001ee3dcd28a0 sp=0x00000001283fcab0
Event: 55.955 Thread 0x000001ee57b86480 DEOPT UNPACKING pc=0x000001ee3d392102 sp=0x00000001283fca40 mode 2
Event: 55.955 Thread 0x000001ee57b86480 Uncommon trap: trap_request=0xffffff45 fr.pc=0x000001ee3da93b64 relative=0x0000000000000064
Event: 55.955 Thread 0x000001ee57b86480 Uncommon trap: reason=unstable_if action=reinterpret pc=0x000001ee3da93b64 method=com.sun.javafx.text.TextRun.getPosY(I)F @ 8 c2
Event: 55.955 Thread 0x000001ee57b86480 DEOPT PACKING pc=0x000001ee3da93b64 sp=0x00000001283fcaa0
Event: 55.955 Thread 0x000001ee57b86480 DEOPT UNPACKING pc=0x000001ee3d392102 sp=0x00000001283fca40 mode 2
Event: 57.254 Thread 0x000001ee6b1fc970 DEOPT PACKING pc=0x000001ee36287bdb sp=0x00000001274feca0
Event: 57.254 Thread 0x000001ee6b1fc970 DEOPT UNPACKING pc=0x000001ee3d2b12a2 sp=0x00000001274fe160 mode 0
Event: 57.284 Thread 0x000001ee57b313d0 DEOPT PACKING pc=0x000001ee369b2f2e sp=0x00000001285fd8b0
Event: 57.284 Thread 0x000001ee57b313d0 DEOPT UNPACKING pc=0x000001ee3d2b12a2 sp=0x00000001285fcd68 mode 0
Event: 60.270 Thread 0x000001ee57b313d0 Uncommon trap: trap_request=0xffffff45 fr.pc=0x000001ee3ddcbdac relative=0x0000000000003bac
Event: 60.270 Thread 0x000001ee57b313d0 Uncommon trap: reason=unstable_if action=reinterpret pc=0x000001ee3ddcbdac method=com.sun.javafx.text.GlyphLayout.breakRuns(Lcom/sun/javafx/text/PrismTextLayout;[CI)I @ 990 c2
Event: 60.270 Thread 0x000001ee57b313d0 DEOPT PACKING pc=0x000001ee3ddcbdac sp=0x00000001285fd9b0
Event: 60.270 Thread 0x000001ee57b313d0 DEOPT UNPACKING pc=0x000001ee3d392102 sp=0x00000001285fd930 mode 2

Classes loaded (20 events):
Event: 51.086 Loading class java/lang/ConditionalSpecialCasing$Entry
Event: 51.086 Loading class java/lang/ConditionalSpecialCasing$Entry done
Event: 51.088 Loading class java/lang/CharacterData0E
Event: 51.088 Loading class java/lang/CharacterData0E done
Event: 51.088 Loading class java/lang/CharacterData03
Event: 51.088 Loading class java/lang/CharacterData03 done
Event: 51.155 Loading class java/lang/CharacterData02
Event: 51.155 Loading class java/lang/CharacterData02 done
Event: 51.156 Loading class java/lang/CharacterDataPrivateUse
Event: 51.156 Loading class java/lang/CharacterDataPrivateUse done
Event: 55.918 Loading class jdk/internal/icu/text/BidiBase$BracketData
Event: 55.918 Loading class jdk/internal/icu/text/BidiBase$BracketData done
Event: 55.918 Loading class jdk/internal/icu/text/BidiBase$Opening
Event: 55.918 Loading class jdk/internal/icu/text/BidiBase$Opening done
Event: 55.918 Loading class jdk/internal/icu/text/BidiBase$IsoRun
Event: 55.918 Loading class jdk/internal/icu/text/BidiBase$IsoRun done
Event: 55.918 Loading class jdk/internal/icu/text/BidiBase$LevState
Event: 55.918 Loading class jdk/internal/icu/text/BidiBase$LevState done
Event: 55.918 Loading class java/util/DualPivotQuicksort$SortOperation
Event: 55.918 Loading class java/util/DualPivotQuicksort$SortOperation done

Classes unloaded (0 events):
No events

Classes redefined (0 events):
No events

Internal exceptions (20 events):
Event: 48.034 Thread 0x000001ee57b313d0 Exception <a 'sun/nio/fs/WindowsException'{0x0000000628013138}> (0x0000000628013138) 
thrown [s\src\hotspot\share\prims\jni.cpp, line 516]
Event: 48.034 Thread 0x000001ee57b313d0 Exception <a 'sun/nio/fs/WindowsException'{0x0000000628013de8}> (0x0000000628013de8) 
thrown [s\src\hotspot\share\prims\jni.cpp, line 516]
Event: 48.034 Thread 0x000001ee57b313d0 Exception <a 'java/io/FileNotFoundException'{0x0000000628015648}> (0x0000000628015648) 
thrown [s\src\hotspot\share\prims\jni.cpp, line 516]
Event: 48.034 Thread 0x000001ee57b313d0 Exception <a 'sun/nio/fs/WindowsException'{0x0000000628016ea8}> (0x0000000628016ea8) 
thrown [s\src\hotspot\share\prims\jni.cpp, line 516]
Event: 48.034 Thread 0x000001ee57b313d0 Exception <a 'sun/nio/fs/WindowsException'{0x00000006280178c0}> (0x00000006280178c0) 
thrown [s\src\hotspot\share\prims\jni.cpp, line 516]
Event: 48.034 Thread 0x000001ee57b313d0 Exception <a 'sun/nio/fs/WindowsException'{0x00000006280181c0}> (0x00000006280181c0) 
thrown [s\src\hotspot\share\prims\jni.cpp, line 516]
Event: 48.034 Thread 0x000001ee57b313d0 Exception <a 'sun/nio/fs/WindowsException'{0x00000006280192b0}> (0x00000006280192b0) 
thrown [s\src\hotspot\share\prims\jni.cpp, line 516]
Event: 48.034 Thread 0x000001ee57b313d0 Exception <a 'sun/nio/fs/WindowsException'{0x0000000628019cc8}> (0x0000000628019cc8) 
thrown [s\src\hotspot\share\prims\jni.cpp, line 516]
Event: 48.034 Thread 0x000001ee57b313d0 Exception <a 'sun/nio/fs/WindowsException'{0x000000062801a5c8}> (0x000000062801a5c8) 
thrown [s\src\hotspot\share\prims\jni.cpp, line 516]
Event: 48.035 Thread 0x000001ee57b313d0 Exception <a 'sun/nio/fs/WindowsException'{0x000000062801bce0}> (0x000000062801bce0) 
thrown [s\src\hotspot\share\prims\jni.cpp, line 516]
Event: 48.035 Thread 0x000001ee57b313d0 Exception <a 'sun/nio/fs/WindowsException'{0x000000062801c5e0}> (0x000000062801c5e0) 
thrown [s\src\hotspot\share\prims\jni.cpp, line 516]
Event: 48.057 Thread 0x000001ee57b313d0 Implicit null exception at 0x000001ee3dd11286 to 0x000001ee3dd11818
Event: 48.057 Thread 0x000001ee57b313d0 Implicit null exception at 0x000001ee3dd3022e to 0x000001ee3dd318e4
Event: 48.057 Thread 0x000001ee57b313d0 Implicit null exception at 0x000001ee3dc5c27f to 0x000001ee3dc5c2e8
Event: 48.057 Thread 0x000001ee57b313d0 Implicit null exception at 0x000001ee3dd3b9d9 to 0x000001ee3dd3c4c0
Event: 48.058 Thread 0x000001ee57b313d0 Implicit null exception at 0x000001ee3dc2efd3 to 0x000001ee3dc30434
Event: 55.918 Thread 0x000001ee57b313d0 Exception <a 'java/lang/NoSuchMethodError'{0x00000007ffcd9998}: 'void java.lang.invoke.DirectMethodHandle$Holder.invokeStatic(java.lang.Object, java.lang.Object, int, int)'> (0x00000007ffcd9998) 
thrown [s\src\hotspot\share\interpreter\linkResolver.cpp, line 804]
Event: 55.921 Thread 0x000001ee57b313d0 Implicit null exception at 0x000001ee3da73801 to 0x000001ee3da7522c
Event: 55.921 Thread 0x000001ee57b313d0 Implicit null exception at 0x000001ee3dd0f886 to 0x000001ee3dd0f9c8
Event: 55.928 Thread 0x000001ee57b313d0 Implicit null exception at 0x000001ee3dd012b7 to 0x000001ee3dd0135c

VM Operations (20 events):
Event: 57.293 Executing safepoint VM operation: G1PauseRemark
Event: 57.296 Executing safepoint VM operation: G1PauseRemark done
Event: 57.301 Executing safepoint VM operation: G1PauseCleanup
Event: 57.301 Executing safepoint VM operation: G1PauseCleanup done
Event: 58.206 Executing safepoint VM operation: G1CollectForAllocation (G1 Evacuation Pause)
Event: 58.208 Executing safepoint VM operation: G1CollectForAllocation (G1 Evacuation Pause) done
Event: 58.833 Executing safepoint VM operation: G1CollectForAllocation (G1 Evacuation Pause)
Event: 58.833 Executing safepoint VM operation: G1CollectForAllocation (G1 Evacuation Pause) done
Event: 59.165 Executing safepoint VM operation: G1CollectForAllocation (G1 Evacuation Pause)
Event: 59.169 Executing safepoint VM operation: G1CollectForAllocation (G1 Evacuation Pause) done
Event: 59.182 Executing safepoint VM operation: G1PauseRemark
Event: 59.185 Executing safepoint VM operation: G1PauseRemark done
Event: 59.189 Executing safepoint VM operation: G1PauseCleanup
Event: 59.189 Executing safepoint VM operation: G1PauseCleanup done
Event: 60.137 Executing non-safepoint VM operation: HandshakeAllThreads (HandshakeForDeflation)
Event: 60.137 Executing non-safepoint VM operation: HandshakeAllThreads (HandshakeForDeflation) done
Event: 60.137 Executing non-safepoint VM operation: RendezvousGCThreads
Event: 60.137 Executing non-safepoint VM operation: RendezvousGCThreads done
Event: 60.258 Executing safepoint VM operation: G1CollectForAllocation (G1 Evacuation Pause)
Event: 60.259 Executing safepoint VM operation: G1CollectForAllocation (G1 Evacuation Pause) done

Memory protections (0 events):
No events

Nmethod flushes (20 events):
Event: 59.184 Thread 0x000001ee4f6b4740 flushing  nmethod 0x000001ee3dcd1188
Event: 59.184 Thread 0x000001ee4f6b4740 flushing  nmethod 0x000001ee3dcd2608
Event: 59.184 Thread 0x000001ee4f6b4740 flushing  nmethod 0x000001ee35f13788
Event: 59.184 Thread 0x000001ee4f6b4740 flushing  nmethod 0x000001ee360ed288
Event: 59.184 Thread 0x000001ee4f6b4740 flushing  nmethod 0x000001ee3627b988
Event: 59.184 Thread 0x000001ee4f6b4740 flushing  nmethod 0x000001ee36769908
Event: 59.184 Thread 0x000001ee4f6b4740 flushing  nmethod 0x000001ee36a1d788
Event: 59.184 Thread 0x000001ee4f6b4740 flushing  nmethod 0x000001ee3da25f88
Event: 59.184 Thread 0x000001ee4f6b4740 flushing  nmethod 0x000001ee3da4aa88
Event: 59.184 Thread 0x000001ee4f6b4740 flushing  nmethod 0x000001ee3da4b088
Event: 59.184 Thread 0x000001ee4f6b4740 flushing  nmethod 0x000001ee3dd15f88
Event: 59.184 Thread 0x000001ee4f6b4740 flushing  nmethod 0x000001ee3dd17f08
Event: 59.184 Thread 0x000001ee4f6b4740 flushing  nmethod 0x000001ee35e65d08
Event: 59.184 Thread 0x000001ee4f6b4740 flushing  nmethod 0x000001ee35ed6388
Event: 59.184 Thread 0x000001ee4f6b4740 flushing  nmethod 0x000001ee35feec08
Event: 59.184 Thread 0x000001ee4f6b4740 flushing  nmethod 0x000001ee36261708
Event: 59.184 Thread 0x000001ee4f6b4740 flushing  nmethod 0x000001ee363e6508
Event: 59.184 Thread 0x000001ee4f6b4740 flushing  nmethod 0x000001ee366e5e88
Event: 59.184 Thread 0x000001ee4f6b4740 flushing  nmethod 0x000001ee3692ab88
Event: 59.184 Thread 0x000001ee4f6b4740 flushing  nmethod 0x000001ee36b54988

Events (20 events):
Event: 55.928 Thread 0x000001ee4f6db200 Thread added: 0x000001ee6b0da210
Event: 55.936 Thread 0x000001ee6b0da210 Thread added: 0x000001ee6b0dca60
Event: 55.940 Thread 0x000001ee4f6db200 Thread added: 0x000001ee576cce00
Event: 55.943 Thread 0x000001ee4f6db200 Thread added: 0x000001ee576c9590
Event: 55.943 Thread 0x000001ee6b0da210 Thread added: 0x000001ee576cde20
Event: 55.966 Thread 0x000001ee6c4eb040 Thread exited: 0x000001ee6c4eb040
Event: 57.227 Thread 0x000001ee576cde20 Thread exited: 0x000001ee576cde20
Event: 57.228 Thread 0x000001ee576c9590 Thread exited: 0x000001ee576c9590
Event: 57.228 Thread 0x000001ee57b313d0 Thread added: 0x000001ee6b1fc970
Event: 57.286 Thread 0x000001ee6b1fc970 Thread exited: 0x000001ee6b1fc970
Event: 58.155 Thread 0x000001ee6b0dca60 Thread exited: 0x000001ee6b0dca60
Event: 58.155 Thread 0x000001ee576cce00 Thread exited: 0x000001ee576cce00
Event: 58.155 Thread 0x000001ee6b0da210 Thread exited: 0x000001ee6b0da210
Event: 58.157 Thread 0x000001ee57b313d0 Thread added: 0x000001ee6c4edf20
Event: 58.208 Thread 0x000001ee6c4edf20 Thread exited: 0x000001ee6c4edf20
Event: 58.788 Thread 0x000001ee57b313d0 Thread added: 0x000001ee6c4edf20
Event: 58.839 Thread 0x000001ee6c4edf20 Thread exited: 0x000001ee6c4edf20
Event: 59.125 Thread 0x000001ee57b313d0 Thread added: 0x000001ee6c4eb040
Event: 59.208 Thread 0x000001ee6c4eb040 Thread exited: 0x000001ee6c4eb040
Event: 60.250 Thread 0x000001ee57b313d0 Thread added: 0x000001ee6c4edf20


Dynamic libraries:
0x00007ff68c230000 - 0x00007ff68c23e000 	C:\Users\matea\.jdks\corretto-25.0.4.1\bin\java.exe
0x00007ffc92980000 - 0x00007ffc92be7000 	C:\WINDOWS\SYSTEM32\ntdll.dll
0x00007ffc91760000 - 0x00007ffc9182a000 	C:\WINDOWS\System32\KERNEL32.DLL
0x00007ffc8ff10000 - 0x00007ffc90310000 	C:\WINDOWS\System32\KERNELBASE.dll
0x00007ffc8fdb0000 - 0x00007ffc8fefc000 	C:\WINDOWS\System32\ucrtbase.dll
0x00007ffc8c4c0000 - 0x00007ffc8c4d7000 	C:\Users\matea\.jdks\corretto-25.0.4.1\bin\jli.dll
0x00007ffc853e0000 - 0x00007ffc853fe000 	C:\Users\matea\.jdks\corretto-25.0.4.1\bin\VCRUNTIME140.dll
0x00007ffc908a0000 - 0x00007ffc90a7d000 	C:\WINDOWS\System32\USER32.dll
0x00007ffc84cd0000 - 0x00007ffc84f60000 	C:\WINDOWS\WinSxS\amd64_microsoft.windows.common-controls_6595b64144ccf1df_6.0.26100.9596_none_3e0f4960e32e3260\COMCTL32.dll
0x00007ffc90490000 - 0x00007ffc904b7000 	C:\WINDOWS\System32\win32u.dll
0x00007ffc91910000 - 0x00007ffc919b9000 	C:\WINDOWS\System32\msvcrt.dll
0x00007ffc91c60000 - 0x00007ffc91c8b000 	C:\WINDOWS\System32\GDI32.dll
0x00007ffc90580000 - 0x00007ffc906a7000 	C:\WINDOWS\System32\gdi32full.dll
0x00007ffc90320000 - 0x00007ffc903c3000 	C:\WINDOWS\System32\msvcp_win.dll
0x00007ffc91c90000 - 0x00007ffc91cc1000 	C:\WINDOWS\System32\IMM32.DLL
0x00007ffc84730000 - 0x00007ffc8473c000 	C:\Users\matea\.jdks\corretto-25.0.4.1\bin\vcruntime140_1.dll
0x00007ffc6b470000 - 0x00007ffc6b4f9000 	C:\Users\matea\.jdks\corretto-25.0.4.1\bin\msvcp140.dll
0x00007ffc10690000 - 0x00007ffc115c7000 	C:\Users\matea\.jdks\corretto-25.0.4.1\bin\server\jvm.dll
0x00007ffc91830000 - 0x00007ffc918eb000 	C:\WINDOWS\System32\ADVAPI32.dll
0x00007ffc90e80000 - 0x00007ffc90f28000 	C:\WINDOWS\System32\sechost.dll
0x00007ffc91d60000 - 0x00007ffc91e78000 	C:\WINDOWS\System32\RPCRT4.dll
0x00007ffc90f30000 - 0x00007ffc90fb0000 	C:\WINDOWS\System32\WS2_32.dll
0x00007ffc8f9e0000 - 0x00007ffc8fa3e000 	C:\WINDOWS\SYSTEM32\POWRPROF.dll
0x00007ffc8bf70000 - 0x00007ffc8bfa6000 	C:\WINDOWS\SYSTEM32\WINMM.dll
0x00007ffc8b7c0000 - 0x00007ffc8b7cb000 	C:\WINDOWS\SYSTEM32\VERSION.dll
0x00007ffc8f9c0000 - 0x00007ffc8f9d5000 	C:\WINDOWS\SYSTEM32\UMPDC.dll
0x00007ffc8e310000 - 0x00007ffc8e32b000 	C:\WINDOWS\SYSTEM32\kernel.appcore.dll
0x00007ffc84720000 - 0x00007ffc8472a000 	C:\Users\matea\.jdks\corretto-25.0.4.1\bin\jimage.dll
0x00007ffc8cab0000 - 0x00007ffc8ccfc000 	C:\WINDOWS\SYSTEM32\DBGHELP.DLL
0x00007ffc925b0000 - 0x00007ffc9293a000 	C:\WINDOWS\System32\combase.dll
0x00007ffc91f70000 - 0x00007ffc92049000 	C:\WINDOWS\System32\OLEAUT32.dll
0x00007ffc8bf30000 - 0x00007ffc8bf6b000 	C:\WINDOWS\SYSTEM32\dbgcore.DLL
0x00007ffc903d0000 - 0x00007ffc9047c000 	C:\WINDOWS\System32\bcryptPrimitives.dll
0x00007ffc84600000 - 0x00007ffc84610000 	C:\Users\matea\.jdks\corretto-25.0.4.1\bin\instrument.dll
0x00007ffc84680000 - 0x00007ffc8469f000 	C:\Users\matea\.jdks\corretto-25.0.4.1\bin\java.dll
0x00007ffc919c0000 - 0x00007ffc91b59000 	C:\WINDOWS\System32\ole32.dll
0x00007ffc90fc0000 - 0x00007ffc91758000 	C:\WINDOWS\System32\SHELL32.dll
0x00007ffc8d090000 - 0x00007ffc8d93e000 	C:\WINDOWS\SYSTEM32\windows.storage.dll
0x00007ffc91b60000 - 0x00007ffc91c5b000 	C:\WINDOWS\System32\SHCORE.dll
0x00007ffc90c20000 - 0x00007ffc90c86000 	C:\WINDOWS\System32\shlwapi.dll
0x00007ffc8faa0000 - 0x00007ffc8fac9000 	C:\WINDOWS\SYSTEM32\profapi.dll
0x00007ffc82190000 - 0x00007ffc821a6000 	C:\Users\matea\.jdks\corretto-25.0.4.1\bin\zip.dll
0x00007ffc845e0000 - 0x00007ffc845f2000 	C:\Users\matea\.jdks\corretto-25.0.4.1\bin\net.dll
0x00007ffc8e8a0000 - 0x00007ffc8e90b000 	C:\WINDOWS\system32\mswsock.dll
0x00007ffc82380000 - 0x00007ffc82396000 	C:\Users\matea\.jdks\corretto-25.0.4.1\bin\nio.dll
0x00007ffc833f0000 - 0x00007ffc833f9000 	C:\Users\matea\.jdks\corretto-25.0.4.1\bin\extnet.dll
0x00007ffc8dbd0000 - 0x00007ffc8dd1c000 	C:\WINDOWS\SYSTEM32\DNSAPI.dll
0x00007ffc8e6a0000 - 0x00007ffc8e6ad000 	C:\WINDOWS\SYSTEM32\DSPARSE.dll
0x00007ffc8de20000 - 0x00007ffc8de53000 	C:\WINDOWS\SYSTEM32\IPHLPAPI.DLL
0x00007ffc924e0000 - 0x00007ffc924ea000 	C:\WINDOWS\System32\NSI.dll
0x00007ffc81230000 - 0x00007ffc8123b000 	C:\Windows\System32\rasadhlp.dll
0x00007ffc81e50000 - 0x00007ffc81ed6000 	C:\WINDOWS\System32\fwpuclnt.dll
0x00007ffc83380000 - 0x00007ffc8338a000 	C:\Users\matea\.jdks\corretto-25.0.4.1\bin\management.dll
0x00007ffc81c70000 - 0x00007ffc81c7c000 	C:\Users\matea\.jdks\corretto-25.0.4.1\bin\management_ext.dll
0x00007ffc925a0000 - 0x00007ffc925a8000 	C:\WINDOWS\System32\PSAPI.DLL
0x000001ee2b1d0000 - 0x000001ee2b1d3000 	C:\Users\matea\.openjfx\cache\21.0.6+3\amd64\api-ms-win-core-console-l1-1-0.dll
0x000001ee2b1e0000 - 0x000001ee2b1e3000 	C:\Users\matea\.openjfx\cache\21.0.6+3\amd64\api-ms-win-core-console-l1-2-0.dll
0x000001ee2d230000 - 0x000001ee2d233000 	C:\Users\matea\.openjfx\cache\21.0.6+3\amd64\api-ms-win-core-datetime-l1-1-0.dll
0x000001ee2d240000 - 0x000001ee2d243000 	C:\Users\matea\.openjfx\cache\21.0.6+3\amd64\api-ms-win-core-debug-l1-1-0.dll
0x000001ee2d250000 - 0x000001ee2d253000 	C:\Users\matea\.openjfx\cache\21.0.6+3\amd64\api-ms-win-core-errorhandling-l1-1-0.dll
0x000001ee2d260000 - 0x000001ee2d264000 	C:\Users\matea\.openjfx\cache\21.0.6+3\amd64\api-ms-win-core-file-l1-1-0.dll
0x000001ee2d270000 - 0x000001ee2d273000 	C:\Users\matea\.openjfx\cache\21.0.6+3\amd64\api-ms-win-core-file-l1-2-0.dll
0x000001ee2d280000 - 0x000001ee2d283000 	C:\Users\matea\.openjfx\cache\21.0.6+3\amd64\api-ms-win-core-file-l2-1-0.dll
0x000001ee2d290000 - 0x000001ee2d293000 	C:\Users\matea\.openjfx\cache\21.0.6+3\amd64\api-ms-win-core-handle-l1-1-0.dll
0x000001ee2d2a0000 - 0x000001ee2d2a3000 	C:\Users\matea\.openjfx\cache\21.0.6+3\amd64\api-ms-win-core-heap-l1-1-0.dll
0x000001ee52d30000 - 0x000001ee52d33000 	C:\Users\matea\.openjfx\cache\21.0.6+3\amd64\api-ms-win-core-interlocked-l1-1-0.dll
0x000001ee52d40000 - 0x000001ee52d43000 	C:\Users\matea\.openjfx\cache\21.0.6+3\amd64\api-ms-win-core-libraryloader-l1-1-0.dll
0x000001ee52d50000 - 0x000001ee52d53000 	C:\Users\matea\.openjfx\cache\21.0.6+3\amd64\api-ms-win-core-localization-l1-2-0.dll
0x000001ee52d60000 - 0x000001ee52d63000 	C:\Users\matea\.openjfx\cache\21.0.6+3\amd64\api-ms-win-core-memory-l1-1-0.dll
0x000001ee52d70000 - 0x000001ee52d73000 	C:\Users\matea\.openjfx\cache\21.0.6+3\amd64\api-ms-win-core-namedpipe-l1-1-0.dll
0x000001ee52d80000 - 0x000001ee52d83000 	C:\Users\matea\.openjfx\cache\21.0.6+3\amd64\api-ms-win-core-processenvironment-l1-1-0.dll
0x000001ee52d90000 - 0x000001ee52d93000 	C:\Users\matea\.openjfx\cache\21.0.6+3\amd64\api-ms-win-core-processthreads-l1-1-0.dll
0x000001ee52da0000 - 0x000001ee52da3000 	C:\Users\matea\.openjfx\cache\21.0.6+3\amd64\api-ms-win-core-processthreads-l1-1-1.dll
0x000001ee52db0000 - 0x000001ee52db3000 	C:\Users\matea\.openjfx\cache\21.0.6+3\amd64\api-ms-win-core-profile-l1-1-0.dll
0x000001ee52dc0000 - 0x000001ee52dc3000 	C:\Users\matea\.openjfx\cache\21.0.6+3\amd64\api-ms-win-core-rtlsupport-l1-1-0.dll
0x000001ee52dd0000 - 0x000001ee52dd3000 	C:\Users\matea\.openjfx\cache\21.0.6+3\amd64\api-ms-win-core-string-l1-1-0.dll
0x000001ee52de0000 - 0x000001ee52de3000 	C:\Users\matea\.openjfx\cache\21.0.6+3\amd64\api-ms-win-core-synch-l1-1-0.dll
0x000001ee52df0000 - 0x000001ee52df3000 	C:\Users\matea\.openjfx\cache\21.0.6+3\amd64\api-ms-win-core-synch-l1-2-0.dll
0x000001ee52e00000 - 0x000001ee52e03000 	C:\Users\matea\.openjfx\cache\21.0.6+3\amd64\api-ms-win-core-sysinfo-l1-1-0.dll
0x000001ee52e10000 - 0x000001ee52e13000 	C:\Users\matea\.openjfx\cache\21.0.6+3\amd64\api-ms-win-core-timezone-l1-1-0.dll
0x000001ee52e20000 - 0x000001ee52e23000 	C:\Users\matea\.openjfx\cache\21.0.6+3\amd64\api-ms-win-core-util-l1-1-0.dll
0x000001ee52e30000 - 0x000001ee52e33000 	C:\Users\matea\.openjfx\cache\21.0.6+3\amd64\api-ms-win-crt-conio-l1-1-0.dll
0x000001ee52e40000 - 0x000001ee52e44000 	C:\Users\matea\.openjfx\cache\21.0.6+3\amd64\api-ms-win-crt-convert-l1-1-0.dll
0x000001ee52e50000 - 0x000001ee52e53000 	C:\Users\matea\.openjfx\cache\21.0.6+3\amd64\api-ms-win-crt-environment-l1-1-0.dll
0x000001ee52e60000 - 0x000001ee52e63000 	C:\Users\matea\.openjfx\cache\21.0.6+3\amd64\api-ms-win-crt-filesystem-l1-1-0.dll
0x000001ee52e70000 - 0x000001ee52e73000 	C:\Users\matea\.openjfx\cache\21.0.6+3\amd64\api-ms-win-crt-heap-l1-1-0.dll
0x000001ee52e80000 - 0x000001ee52e83000 	C:\Users\matea\.openjfx\cache\21.0.6+3\amd64\api-ms-win-crt-locale-l1-1-0.dll
0x000001ee52e90000 - 0x000001ee52e95000 	C:\Users\matea\.openjfx\cache\21.0.6+3\amd64\api-ms-win-crt-math-l1-1-0.dll
0x000001ee52ea0000 - 0x000001ee52ea5000 	C:\Users\matea\.openjfx\cache\21.0.6+3\amd64\api-ms-win-crt-multibyte-l1-1-0.dll
0x000001ee52eb0000 - 0x000001ee52ec0000 	C:\Users\matea\.openjfx\cache\21.0.6+3\amd64\api-ms-win-crt-private-l1-1-0.dll
0x00007ffc8eca0000 - 0x00007ffc8ecbb000 	C:\WINDOWS\SYSTEM32\CRYPTSP.dll
0x00007ffc8e270000 - 0x00007ffc8e2a9000 	C:\WINDOWS\system32\rsaenh.dll
0x000001ee52ec0000 - 0x000001ee52ec3000 	C:\Users\matea\.openjfx\cache\21.0.6+3\amd64\api-ms-win-crt-process-l1-1-0.dll
0x00007ffc8e940000 - 0x00007ffc8e974000 	C:\WINDOWS\SYSTEM32\USERENV.dll
0x00007ffc8fa70000 - 0x00007ffc8fa9a000 	C:\WINDOWS\SYSTEM32\bcrypt.dll
0x000001ee52ed0000 - 0x000001ee52ed4000 	C:\Users\matea\.openjfx\cache\21.0.6+3\amd64\api-ms-win-crt-runtime-l1-1-0.dll
0x00007ffc8ec70000 - 0x00007ffc8ec7c000 	C:\WINDOWS\SYSTEM32\CRYPTBASE.dll
0x000001ee52ee0000 - 0x000001ee52ee4000 	C:\Users\matea\.openjfx\cache\21.0.6+3\amd64\api-ms-win-crt-stdio-l1-1-0.dll
0x000001ee52ef0000 - 0x000001ee52ef4000 	C:\Users\matea\.openjfx\cache\21.0.6+3\amd64\api-ms-win-crt-string-l1-1-0.dll
0x000001ee52f00000 - 0x000001ee52f03000 	C:\Users\matea\.openjfx\cache\21.0.6+3\amd64\api-ms-win-crt-time-l1-1-0.dll
0x000001ee52f10000 - 0x000001ee52f13000 	C:\Users\matea\.openjfx\cache\21.0.6+3\amd64\api-ms-win-crt-utility-l1-1-0.dll
0x00007ffc8f420000 - 0x00007ffc8f438000 	C:\WINDOWS\system32\napinsp.dll
0x00007ffc8f250000 - 0x00007ffc8f263000 	C:\WINDOWS\System32\winrnr.dll
0x00007ffc8b920000 - 0x00007ffc8b947000 	C:\WINDOWS\system32\nlansp_c.dll
0x00007ffc64760000 - 0x00007ffc6485c000 	C:\Users\matea\.openjfx\cache\21.0.6+3\amd64\ucrtbase.dll
0x00007ffc821d0000 - 0x00007ffc821e6000 	C:\WINDOWS\system32\wshbth.dll
0x00007ffc81ab0000 - 0x00007ffc81acb000 	C:\Users\matea\.openjfx\cache\21.0.6+3\amd64\vcruntime140.dll
0x00007ffc80030000 - 0x00007ffc8003c000 	C:\Users\matea\.openjfx\cache\21.0.6+3\amd64\vcruntime140_1.dll
0x00007ffc6b3e0000 - 0x00007ffc6b46e000 	C:\Users\matea\.openjfx\cache\21.0.6+3\amd64\msvcp140.dll
0x00007ffc7fd80000 - 0x00007ffc7fd89000 	C:\Users\matea\.openjfx\cache\21.0.6+3\amd64\msvcp140_1.dll
0x00007ffc6f720000 - 0x00007ffc6f761000 	C:\Users\matea\.openjfx\cache\21.0.6+3\amd64\msvcp140_2.dll
0x00007ffc7d650000 - 0x00007ffc7d680000 	C:\Users\matea\.openjfx\cache\21.0.6+3\amd64\prism_d3d.dll
0x00007ffc62090000 - 0x00007ffc62242000 	C:\WINDOWS\system32\d3d9.dll
0x00007ffc8c820000 - 0x00007ffc8c84e000 	C:\WINDOWS\SYSTEM32\dwmapi.dll
0x00007ffc8c660000 - 0x00007ffc8c6aa000 	C:\WINDOWS\SYSTEM32\dxcore.dll
0x00007ffc8fc20000 - 0x00007ffc8fd9e000 	C:\WINDOWS\System32\CRYPT32.dll
0x00007ffc8c580000 - 0x00007ffc8c62a000 	C:\WINDOWS\system32\uxtheme.dll
0x00007ffc7d140000 - 0x00007ffc7d15f000 	C:\WINDOWS\System32\DriverStore\FileRepository\u0203304.inf_amd64_a6e5a337568ce3f0\B026373\atidx9loader64.dll
0x00007ffbe1fe0000 - 0x00007ffbe46c5000 	C:\WINDOWS\System32\DriverStore\FileRepository\u0203304.inf_amd64_a6e5a337568ce3f0\B026373\AMDXN64.DLL
0x00007ffc92050000 - 0x00007ffc924d7000 	C:\WINDOWS\System32\SETUPAPI.dll
0x00007ffc8c6b0000 - 0x00007ffc8c7ec000 	C:\WINDOWS\SYSTEM32\dxgi.dll
0x00007ffc83c80000 - 0x00007ffc83cd8000 	C:\WINDOWS\SYSTEM32\pdh.dll
0x00007ffc867b0000 - 0x00007ffc867ee000 	C:\WINDOWS\System32\DriverStore\FileRepository\u0203304.inf_amd64_a6e5a337568ce3f0\B026373\amdihk64.dll
0x00007ffc8b7d0000 - 0x00007ffc8b82e000 	C:\WINDOWS\SYSTEM32\directxdatabasehelper.dll
0x00007ffc8f6e0000 - 0x00007ffc8f732000 	C:\WINDOWS\SYSTEM32\cfgmgr32.dll
0x00007ffc6be70000 - 0x00007ffc6beb2000 	C:\Users\matea\.openjfx\cache\21.0.6+3\amd64\glass.dll
0x00007ffc90b20000 - 0x00007ffc90c15000 	C:\WINDOWS\System32\COMDLG32.dll
0x00007ffc906b0000 - 0x00007ffc9080a000 	C:\WINDOWS\System32\MSCTF.dll

JVMTI agents:
C:\Program Files\JetBrains\IntelliJ IDEA 2026.2.3\lib\idea_rt.jar path:C:\Users\matea\.jdks\corretto-25.0.4.1\bin\instrument.dll, loaded, initialized, instrumentlib options:64973

dbghelp: loaded successfully - version: 4.0.5 - missing functions: none
symbol engine: initialized successfully - sym options: 0x614 - pdb path: .;C:\Users\matea\.jdks\corretto-25.0.4.1\bin;C:\WINDOWS\SYSTEM32;C:\WINDOWS\WinSxS\amd64_microsoft.windows.common-controls_6595b64144ccf1df_6.0.26100.9596_none_3e0f4960e32e3260;C:\Users\matea\.jdks\corretto-25.0.4.1\bin\server;C:\Users\matea\.openjfx\cache\21.0.6+3\amd64;C:\WINDOWS\System32\DriverStore\FileRepository\u0203304.inf_amd64_a6e5a337568ce3f0\B026373;C:\Users\matea\AppData\Local\Temp\jna-103668220;C:\Program Files\Common Files\Microsoft Shared\Ink;C:\WINDOWS\WinSxS\amd64_microsoft.windows.gdiplus_6595b64144ccf1df_1.1.26100.9596_none_6efa3c463dc0ac2e

VM Arguments:
jvm_args: -javaagent:C:\Program Files\JetBrains\IntelliJ IDEA 2026.2.3\lib\idea_rt.jar=64973 -Dfile.encoding=UTF-8 -Dsun.stdout.encoding=UTF-8 -Dsun.stderr.encoding=UTF-8 
java_command: com.bwxor.piejfx.Launcher
java_class_path (initial): C:\git\piejfx\piejfx\target\classes;C:\Users\matea\.m2\repository\org\openjfx\javafx-controls\21.0.6\javafx-controls-21.0.6.jar;C:\Users\matea\.m2\repository\org\openjfx\javafx-controls\21.0.6\javafx-controls-21.0.6-win.jar;C:\Users\matea\.m2\repository\org\openjfx\javafx-graphics\21.0.6\javafx-graphics-21.0.6.jar;C:\Users\matea\.m2\repository\org\openjfx\javafx-graphics\21.0.6\javafx-graphics-21.0.6-win.jar;C:\Users\matea\.m2\repository\org\openjfx\javafx-fxml\21.0.6\javafx-fxml-21.0.6.jar;C:\Users\matea\.m2\repository\org\openjfx\javafx-fxml\21.0.6\javafx-fxml-21.0.6-win.jar;C:\Users\matea\.m2\repository\org\openjfx\javafx-swing\21.0.6\javafx-swing-21.0.6.jar;C:\Users\matea\.m2\repository\org\openjfx\javafx-swing\21.0.6\javafx-swing-21.0.6-win.jar;C:\Users\matea\.m2\repository\org\controlsfx\controlsfx\11.2.1\controlsfx-11.2.1.jar;C:\Users\matea\.m2\repository\com\dlsc\formsfx\formsfx-core\11.6.0\formsfx-core-11.6.0.jar;C:\Users\matea\.m2\repository\org\openjfx\javafx-web\21.0.6\javafx-web-21.0.6.jar;C:\Users\matea\.m2\repository\org\openjfx\javafx-web\21.0.6\javafx-web-21.0.6-win.jar;C:\Users\matea\.m2\repository\org\openjfx\javafx-media\21.0.6\javafx-media-21.0.6.jar;C:\Users\matea\.m2\repository\org\openjfx\javafx-media\21.0.6\javafx-media-21.0.6-win.jar;C:\Users\matea\.m2\repository\com\bwxor\piejfx-plugin-core\1.0-SNAPSHOT\piejfx-plugin-core-1.0-SNAPSHOT.jar;C:\Users\matea\.m2\repository\org\fxmisc\richtext\richtextfx\0.11.7\richtextfx-0.11.7.jar;C:\Users\matea\.m2\repository\org\reactfx\reactfx\2.0-M5\reactfx-2.0-M5.jar;C:\Users\matea\.m2\repository\org\fxmisc\undo\undofx\2.1.1\undofx-2.1.1.jar;C:\Users\matea\.m2\repository\org\fxmisc\flowless\flowless\0.7.4\flowless-0.7.4.jar;C:\Users\matea\.m2\repository\org\fxmisc\wellbehaved\wellbehavedfx\0.3.3\wellbehavedfx-0.3.3.jar;C:\Users\matea\.m2\repository\com\techsenger\jeditermfx\jeditermfx-core\1.1.0\jeditermfx-core-1.1.0.jar;C:\Users\matea\.m2\repository\org\jetbrains\annotations\24.0.1\annotations-24.0.1.jar;C:\Users\matea\.m2\repository\org\jetbrains\kotlin\kotlin-stdlib\1.9.22\kotlin-stdlib-1.9.22.jar;C:\Users\matea\.m2\repository\org\slf4j\slf4j-api\2.0.9\slf4j-api-2.0.9.jar;C:\Users\matea\.m2\repository\com\techsenger\jeditermfx\jeditermfx-ui\1.1.0\jeditermfx-ui-1.1.0.jar;C:\Users\matea\.m2\repository\org\jetbrains\pty4j\pty4j\0.12.25\pty4j-0.12.25.jar;C:\Users\matea\.m2\repository\org\jetbrains\pty4j\purejavacomm\0.0.11.1\purejavacomm-0.0.11.1.jar;C:\Users\matea\.m2\repository\net\java\dev\jna\jna\5.13.0\jna-5.13.0.jar;C:\Users\matea\.m2\repository\org\openjfx\javafx-base\21.0.6\javafx-base-21.0.6.jar;C:\Users\matea\.m2\repository\org\openjfx\javafx-base\21.0.6\javafx-base-21.0.6-win.jar;C:\Users\matea\.m2\repository\org\json\json\20250517\json-20250517.jar;C:\Users\matea\.m2\repository\com\helger\ph-css\8.1.1\ph-css-8.1.1.jar;C:\Users\matea\.m2\repository\com\helger\commons\ph-typeconvert\12.1.0\ph-typeconvert-12.1.0.jar;C:\Users\matea\.m2\repository\com\helger\commons\ph-collection\12.1.0\ph-collection-12.1.0.jar;C:\Users\matea\.m2\repository\com\helger\commons\ph-base\12.1.0\ph-base-12.1.0.jar;C:\Users\matea\.m2\repository\com\helger\commons\ph-cache\12.1.0\ph-cache-12.1.0.jar;C:\Users\matea\.m2\repository\com\helger\commons\ph-annotations\12.1.0\ph-annotations-12.1.0.jar;C:\Users\matea\.m2\repository\org\jspecify\jspecify\1.0.0\jspecify-1.0.0.jar;C:\Users\matea\.m2\repository\com\helger\commons\ph-statistics\12.1.0\ph-statistics-12.1.0.jar;C:\Users\matea\.m2\repository\com\helger\commons\ph-io\12.1.0\ph-io-12.1.0.jar;C:\Users\matea\.m2\repository\com\helger\commons\ph-mime\12.1.0\ph-mime-12.1.0.jar;C:\Users\matea\.m2\repository\com\helger\commons\ph-text\12.1.0\ph-text-12.1.0.jar;C:\Users\matea\.m2\repository\net\harawata\appdirs\1.5.0\appdirs-1.5.0.jar;C:\Users\matea\.m2\repository\net\java\dev\jna\jna-platform\5.18.1\jna-platform-5.18.1.jar
Launcher Type: SUN_STANDARD

[Global flags]
     intx CICompilerCount                          = 12                                        {product} {ergonomic}
     uint ConcGCThreads                            = 3                                         {product} {ergonomic}
     uint G1ConcRefinementThreads                  = 13                                        {product} {ergonomic}
   size_t G1HeapRegionSize                         = 4194304                                   {product} {ergonomic}
   size_t InitialHeapSize                          = 528482304                                 {product} {ergonomic}
   size_t MarkStackSize                            = 4194304                                   {product} {ergonomic}
   size_t MarkStackSizeMax                         = 536870912                                 {product} {ergonomic}
   size_t MaxHeapSize                              = 8401190912                                {product} {ergonomic}
   size_t MaxNewSize                               = 5037359104                                {product} {ergonomic}
   size_t MinHeapDeltaBytes                        = 4194304                                   {product} {ergonomic}
   size_t MinHeapSize                              = 8388608                                   {product} {ergonomic}
    uintx NonNMethodCodeHeapSize                   = 7667712                                {pd product} {ergonomic}
    uintx NonProfiledCodeHeapSize                  = 122028032                              {pd product} {ergonomic}
    uintx ProfiledCodeHeapSize                     = 122028032                              {pd product} {ergonomic}
    uintx ReservedCodeCacheSize                    = 251723776                              {pd product} {ergonomic}
     bool SegmentedCodeCache                       = true                                      {product} {ergonomic}
   size_t SoftMaxHeapSize                          = 8401190912                             {manageable} {ergonomic}
     bool UseCompressedOops                        = true                           {product lp64_product} {ergonomic}
     bool UseG1GC                                  = true                                      {product} {ergonomic}
     bool UseLargePagesIndividualAllocation        = false                                  {pd product} {ergonomic}

Logging:
Log output configuration:
 #0: stdout all=warning uptime,level,tags foldmultilines=false
 #1: stderr all=off uptime,level,tags foldmultilines=false

Release file:
IMPLEMENTOR="Amazon.com Inc." 
IMPLEMENTOR_VERSION="Corretto-25.0.4.10.1" 
JAVA_RUNTIME_VERSION="25.0.4.1+10-LTS" 
JAVA_VERSION="25.0.4.1" 
JAVA_VERSION_DATE="2026-08-18" 
LIBC="default" 
MODULES="java.base java.compiler java.datatransfer java.xml java.prefs java.desktop java.instrument java.logging java.management java.security.sasl java.naming java.rmi java.management.rmi java.net.http java.scripting java.security.jgss java.transaction.xa java.sql java.sql.rowset java.xml.crypto java.se java.smartcardio jdk.accessibility jdk.internal.jvmstat jdk.attach jdk.charsets jdk.internal.opt jdk.zipfs jdk.compiler jdk.crypto.cryptoki jdk.crypto.ec jdk.crypto.mscapi jdk.dynalink jdk.internal.ed jdk.editpad jdk.internal.vm.ci jdk.graal.compiler jdk.graal.compiler.management jdk.hotspot.agent jdk.httpserver jdk.incubator.vector jdk.internal.le jdk.internal.md jdk.jartool jdk.javadoc jdk.jcmd jdk.management jdk.management.agent jdk.jconsole jdk.jdeps jdk.jdwp.agent jdk.jdi jdk.jfr jdk.jlink jdk.jpackage jdk.jshell jdk.jsobject jdk.jstatd jdk.localedata jdk.management.jfr jdk.naming.dns jdk.naming.rmi jdk.net jdk.nio.mapmode jdk.sctp jdk.security.auth jdk.security.jgss jdk.unsupported jdk.unsupported.desktop jdk.xml.dom" 
OS_ARCH="x86_64" 
OS_NAME="Windows" 
SOURCE="" 

Environment Variables:
JAVA_HOME=C:\Program Files\Java\jdk-27
PATH=C:\Program Files\Common Files\Oracle\Java\javapath;C:\WINDOWS\system32;C:\WINDOWS;C:\WINDOWS\System32\Wbem;C:\WINDOWS\System32\WindowsPowerShell\v1.0\;C:\WINDOWS\System32\OpenSSH\;C:\Program Files (x86)\NVIDIA Corporation\PhysX\Common;C:\Program Files\NVIDIA Corporation\NVIDIA App\NvDLISR;C:\Program Files\Git\cmd;C:\Program Files\Java\jdk-27\bin;C:\apache-maven-3.10.0\bin;C:\Users\matea\AppData\Local\Microsoft\WindowsApps;C:\Program Files\JetBrains\IntelliJ IDEA 2026.2.3\bin;C:\Users\matea\AppData\Local\Programs\keystore;
USERNAME=matea
OS=Windows_NT
PROCESSOR_IDENTIFIER=AMD64 Family 26 Model 96 Stepping 0, AuthenticAMD
TMP=C:\Users\matea\AppData\Local\Temp
TEMP=C:\Users\matea\AppData\Local\Temp




Compilation memory statistics disabled.

Periodic native trim disabled

---------------  S Y S T E M  ---------------

OS:
 Windows 11 , 64 bit Build 26100 (10.0.26100.9596)
OS uptime: 0 days 18:52 hours
Hyper-V role detected

CPU: total 16 (initial active 16) (16 cores per cpu, 2 threads per core) family 26 model 96 stepping 0 microcode 0xb600037, cx8, cmov, fxsr, ht, mmx, 3dnowpref, sse, sse2, sse3, ssse3, sse4a, sse4.1, sse4.2, popcnt, lzcnt, tsc, tscinvbit, avx, avx2, aes, erms, clmul, bmi1, bmi2, adx, avx512f, avx512dq, avx512cd, avx512bw, avx512vl, sha, fma, vzeroupper, avx512_vpopcntdq, avx512_vpclmulqdq, avx512_vaes, avx512_vnni, clflush, clflushopt, clwb, avx512_vbmi2, avx512_vbmi, hv, rdtscp, rdpid, fsrm, gfni, avx512_bitalg, f16c, cet_ss, avx512_ifma
Processor Information for the first 16 processors :
  Max Mhz: 2000, Current Mhz: 2000, Mhz Limit: 2000

Memory: 4k page, system-wide physical 32042M (14339M free)
TotalPageFile size 37162M (AvailPageFile size 14620M)
current process WorkingSet (physical memory assigned to process): 428M, peak: 476M
current process commit charge ("private bytes"): 476M, peak: 754M

vm_info: OpenJDK 64-Bit Server VM (25.0.4.1+10-LTS) for windows-amd64 JRE (25.0.4.1+10-LTS), built on 2026-09-18T17:33:34Z with MS VC++ 17.14 (VS2022)

END.
