#
# A fatal error has been detected by the Java Runtime Environment:
#
#  EXCEPTION_ACCESS_VIOLATION (0xc0000005) at pc=0x00007ffc75ec7278, pid=19740, tid=6736
#
# JRE version: OpenJDK Runtime Environment Corretto-25.0.4.10.1 (25.0.4.1+10) (build 25.0.4.1+10-LTS)
# Java VM: OpenJDK 64-Bit Server VM Corretto-25.0.4.10.1 (25.0.4.1+10-LTS, mixed mode, sharing, tiered, compressed oops, compressed class ptrs, g1 gc, windows-amd64)
# Problematic frame:
# C  0x00007ffc75ec7278
#
# No core dump will be written. Minidumps are not enabled by default on client versions of Windows
#
# If you would like to submit a bug report, please visit:
#   https://github.com/corretto/corretto-25/issues/
# The crash happened outside the Java Virtual Machine in native code.
# See problematic frame for where to report the bug.
#

---------------  S U M M A R Y ------------

Command Line: -javaagent:C:\Program Files\JetBrains\IntelliJ IDEA 2026.2.3\lib\idea_rt.jar=56064 -Dfile.encoding=UTF-8 -Dsun.stdout.encoding=UTF-8 -Dsun.stderr.encoding=UTF-8 com.bwxor.piejfx.Launcher

Host: AMD Ryzen AI 7 350 w/ Radeon 860M              , 16 cores, 31G,  Windows 11 , 64 bit Build 26100 (10.0.26100.9596)
Time: Thu Oct  8 11:21:36 2026 GTB Daylight Time elapsed time: 12.344158 seconds (0d 0h 0m 12s)

---------------  T H R E A D  ---------------

Current thread (0x000002c0df3e2f60):  JavaThread "JavaFX Application Thread"        [_thread_in_native, id=6736, stack(0x000000df29b00000,0x000000df29c00000) (1024K)]

Stack: [0x000000df29b00000,0x000000df29c00000],  sp=0x000000df29bfcb80,  free space=1010k
Native frames: (J=compiled Java code, j=interpreted, Vv=VM code, C=native code)
C  0x00007ffc75ec7278  (no source info available)
C  0x000002c0c456d2b3  (no source info available)

The last pc belongs to native method entry point (kind = native) (printed below).
Java frames: (J=compiled Java code, j=interpreted, Vv=VM code)
j  com.sun.javafx.font.directwrite.OS.JFXTextRendererGetGlyphOffsets(J[FI)I+0
j  com.sun.javafx.font.directwrite.JFXTextRenderer.GetGlyphOffsets([FI)I+6
j  com.sun.javafx.font.directwrite.DWGlyphLayout.renderShape([CLcom/sun/javafx/text/TextRun;Lcom/sun/javafx/font/PGFont;I)V+301
j  com.sun.javafx.font.directwrite.DWGlyphLayout.layout(Lcom/sun/javafx/text/TextRun;Lcom/sun/javafx/font/PGFont;Lcom/sun/javafx/font/FontStrike;[C)V+429
J 6572 c1 com.sun.javafx.text.PrismTextLayout.shape(Lcom/sun/javafx/text/TextRun;[CLcom/sun/javafx/text/GlyphLayout;)V (622 bytes) @ 0x000002c0bdaa43cc [0x000002c0bdaa22c0+0x000000000000210c]
J 5538 c1 com.sun.javafx.text.PrismTextLayout.layout()V (1636 bytes) @ 0x000002c0bd8cf49c [0x000002c0bd8cea60+0x0000000000000a3c]
J 6374 c1 com.sun.javafx.scene.control.skin.Utils.computeTextHeight(Ljavafx/scene/text/Font;Ljava/lang/String;DDLjavafx/scene/text/TextBoundsType;)D (92 bytes) @ 0x000002c0bda3a24c [0x000002c0bda39d00+0x000000000000054c]
J 6591 c1 javafx.scene.control.skin.LabeledSkinBase.computePrefHeight(DDDDD)D (311 bytes) @ 0x000002c0bdaacb8c [0x000002c0bdaa7bc0+0x0000000000004fcc]
J 6559 c1 javafx.scene.control.Control.computePrefHeight(D)D (51 bytes) @ 0x000002c0bda98664 [0x000002c0bda96260+0x0000000000002404]
J 8267 c2 javafx.scene.layout.Region.prefHeight(D)D (38 bytes) @ 0x000002c0c501409c [0x000002c0c5013fa0+0x00000000000000fc]
J 7913 c1 javafx.scene.control.skin.TableRowSkinBase.computePrefHeight(DDDDD)D (143 bytes) @ 0x000002c0bd1ec91c [0x000002c0bd1ebec0+0x0000000000000a5c]
J 6559 c1 javafx.scene.control.Control.computePrefHeight(D)D (51 bytes) @ 0x000002c0bda98664 [0x000002c0bda96260+0x0000000000002404]
J 8267 c2 javafx.scene.layout.Region.prefHeight(D)D (38 bytes) @ 0x000002c0c501401c [0x000002c0c5013fa0+0x000000000000007c]
J 7741 c1 javafx.scene.control.skin.VirtualFlow.resizeCell(Ljavafx/scene/control/IndexedCell;)V (102 bytes) @ 0x000002c0bdccf584 [0x000002c0bdcced80+0x0000000000000804]
j  javafx.scene.control.skin.VirtualFlow.addTrailingCells(Z)Z+181
j  javafx.scene.control.skin.VirtualFlow.layoutChildren()V+1054
j  javafx.scene.control.skin.VirtualFlow$5.invalidated()V+166
J 6338 c1 javafx.beans.property.IntegerPropertyBase.set(I)V (76 bytes) @ 0x000002c0bda2fa74 [0x000002c0bda2f580+0x00000000000004f4]
j  javafx.scene.control.skin.VirtualFlow.setCellCount(I)V+5
j  javafx.scene.control.skin.TableViewSkinBase.updateItemCount()V+42
j  javafx.scene.control.skin.VirtualContainerBase.checkState()V+8
j  javafx.scene.control.skin.VirtualContainerBase.layoutChildren(DDDD)V+1
j  javafx.scene.control.skin.TableViewSkinBase.layoutChildren(DDDD)V+19
J 7169 c1 javafx.scene.control.Control.layoutChildren()V (91 bytes) @ 0x000002c0bdbc2ebc [0x000002c0bdbbf100+0x0000000000003dbc]
J 4279 c1 javafx.scene.Parent.layout()V (160 bytes) @ 0x000002c0bd75be0c [0x000002c0bd75b980+0x000000000000048c]
J 4279 c1 javafx.scene.Parent.layout()V (160 bytes) @ 0x000002c0bd75c324 [0x000002c0bd75b980+0x00000000000009a4]
J 4279 c1 javafx.scene.Parent.layout()V (160 bytes) @ 0x000002c0bd75c324 [0x000002c0bd75b980+0x00000000000009a4]
J 4279 c1 javafx.scene.Parent.layout()V (160 bytes) @ 0x000002c0bd75c324 [0x000002c0bd75b980+0x00000000000009a4]
J 4279 c1 javafx.scene.Parent.layout()V (160 bytes) @ 0x000002c0bd75c324 [0x000002c0bd75b980+0x00000000000009a4]
J 7014 c1 javafx.scene.Scene.doLayoutPass()V (14 bytes) @ 0x000002c0bdb8a634 [0x000002c0bdb8a180+0x00000000000004b4]
J 7016 c1 javafx.scene.Scene$ScenePulseListener.pulse()V (504 bytes) @ 0x000002c0bdb905e4 [0x000002c0bdb8f880+0x0000000000000d64]
J 6880 c1 com.sun.javafx.tk.Toolkit$$Lambda+0x00000000933c0e88.run()Ljava/lang/Object; (8 bytes) @ 0x000002c0bdb5bcc4 [0x000002c0bdb5bb80+0x0000000000000144]
J 7856 c1 com.sun.javafx.tk.Toolkit.firePulse()V (279 bytes) @ 0x000002c0bd5d1fc4 [0x000002c0bd5d0320+0x0000000000001ca4]
J 7855 c1 com.sun.javafx.tk.quantum.QuantumToolkit.pulse(Z)V (152 bytes) @ 0x000002c0bd561f5c [0x000002c0bd560f80+0x0000000000000fdc]
J 7851 c1 com.sun.javafx.tk.quantum.QuantumToolkit$$Lambda+0x00000000930ea0a0.run()V (8 bytes) @ 0x000002c0bd123e44 [0x000002c0bd123b80+0x00000000000002c4]
J 6989 c1 com.sun.glass.ui.InvokeLaterDispatcher$Future.run()V (91 bytes) @ 0x000002c0bdb82e14 [0x000002c0bdb82d00+0x0000000000000114]
v  ~StubRoutines::call_stub 0x000002c0c45612ed
j  com.sun.glass.ui.win.WinApplication._runLoop(Ljava/lang/Runnable;)V+0
j  com.sun.glass.ui.win.WinApplication.lambda$runLoop$3(ILjava/lang/Runnable;)V+8
j  com.sun.glass.ui.win.WinApplication$$Lambda+0x00000000930dfb48.run()V+12
j  java.lang.Thread.runWith(Ljava/lang/Object;Ljava/lang/Runnable;)V+5 java.base@25.0.4.1
j  java.lang.Thread.run()V+19 java.base@25.0.4.1
v  ~StubRoutines::call_stub 0x000002c0c45612ed

siginfo: EXCEPTION_ACCESS_VIOLATION (0xc0000005), reading address 0x0000000000000000


Registers:
RAX=0x0000000000000000, RBX=0x0000000000000000, RCX=0x0000000000000000, RDX=0x0000000000000001
RSP=0x000000df29bfcb80, RBP=0x000000df29bfcc70, RSI=0x0000000000000002, RDI=0x000002c0e8a9bcb0
R8 =0x0000000000000002, R9 =0x0000000000000000, R10=0x0000000000000000, R11=0x000000df29bfcb40
R12=0x0000000000000000, R13=0x000002c0da830c50, R14=0x000002c0df3e33a8, R15=0x000002c0f4450030
RIP=0x00007ffc75ec7278, EFLAGS=0x0000000000010202

XMM[0]=0x0000000000000000 0x0000000000000000
XMM[1]=0x0000000000000000 0x0000000000000000
XMM[2]=0x0000000000000000 0x0000000000000000
XMM[3]=0x0000000000000000 0x0000000041500000
XMM[4]=0x0000000000000000 0x000000004b000000
XMM[5]=0x000000000000008c 0x0000000000000000
XMM[6]=0x0000000000000000 0x0000000000000800
XMM[7]=0x0000000000000000 0x0000000000000800
XMM[8]=0x0000000000000000 0x02bd4b5c4245fb4e
XMM[9]=0x0000000000000000 0x0000000000000800
XMM[10]=0x0000000000000000 0x0000000013db48a7
XMM[11]=0x0000000000000000 0x049196acf1e52940
XMM[12]=0x0000000000000000 0x00000000ed539294
XMM[13]=0x0000000000000000 0x0000000000000000
XMM[14]=0x0000000000000000 0x0000000000000000
XMM[15]=0x0000000000000000 0x0000000000000000
  MXCSR=0x00001faf


Register to memory mapping:

RAX=0x0 is null
RBX=0x0 is null
RCX=0x0 is null
RDX=0x0000000000000001 is an unknown value
RSP=0x000000df29bfcb80 is pointing into the stack for thread: 0x000002c0df3e2f60
RBP=0x000000df29bfcc70 is pointing into the stack for thread: 0x000002c0df3e2f60
RSI=0x0000000000000002 is an unknown value
RDI=0x000002c0e8a9bcb0 points into unknown readable memory: 0x0000000000000000 | 00 00 00 00 00 00 00 00
R8 =0x0000000000000002 is an unknown value
R9 =0x0 is null
R10=0x0 is null
R11=0x000000df29bfcb40 is pointing into the stack for thread: 0x000002c0df3e2f60
R12=0x0 is null
R13={method} {0x000002c0da830c58} 'JFXTextRendererGetGlyphOffsets' '(J[FI)I' in 'com/sun/javafx/font/directwrite/OS'
R14=0x000002c0df3e33a8 points into unknown readable memory: 0x00007ffc1061edc0 | c0 ed 61 10 fc 7f 00 00
R15=0x000002c0f4450030 points into unknown readable memory: 0x00007ffc75ecccc8 | c8 cc ec 75 fc 7f 00 00

Top of Stack: (sp=0x000000df29bfcb80)
0x000000df29bfcb80:   0000000000000000 0000000000000002   ................
0x000000df29bfcb90:   000002c0da830c50 000000df29bfcc70   P.......p..)....
0x000000df29bfcba0:   000002c0df3e2f60 000000df29bfcc80   `/>........)....
0x000000df29bfcbb0:   000002c0c4568c60 000002c0c456d2b3   `.V.......V.....
0x000000df29bfcbc0:   000002c0da830c50 000000df29bfcc48   P.......H..)....
0x000000df29bfcbd0:   000000060b662536 0000000000000000   6%f.............
0x000000df29bfcbe0:   000000df00000000 000002c0c4568c60   ........`.V.....
0x000000df29bfcbf0:   fffffffffffffff7 0000000000000000   ................
0x000000df29bfcc00:   fffffffffffffff7 0000000000000000   ................
0x000000df29bfcc10:   0000000000000007 00000000930f5fb8   ........._......
0x000000df29bfcc20:   0000000000000000 000000060bba1328   ........(.......
0x000000df29bfcc30:   000002c0da830c50 0000000000000000   P...............
0x000000df29bfcc40:   000000df29bfcc68 000000df29bfccd0   h..).......)....
0x000000df29bfcc50:   000002c0c4568c60 000000060bba1328   `.V.....(.......
0x000000df29bfcc60:   000002c0c456a755 0000000000000000   U.V.............
0x000000df29bfcc70:   00000006287fd878 000002c0f4450030   x..(....0.E.....
0x000000df29bfcc80:   0000000000000000 fffffffffffffff7   ................
0x000000df29bfcc90:   000002c0dca16f3e 0000000000000004   >o..............
0x000000df29bfcca0:   000002c0dca17168 0000000000000000   hq..............
0x000000df29bfccb0:   000000060e400fb8 000002c0dca16f48   ..@.....Ho......
0x000000df29bfccc0:   fffffffffffffff3 000000df29bfcce0   ...........)....
0x000000df29bfccd0:   000000df29bfcd40 000002c0c4568c60   @..)....`.V.....
0x000000df29bfcce0:   0000000000000000 00000006287fd878   ........x..(....
0x000000df29bfccf0:   00000006287fd830 fffffffffffffff7   0..(............
0x000000df29bfcd00:   000002c0da82dbcd 0000000000000020   ........ .......
0x000000df29bfcd10:   000002c0db03d1c8 0000000000000000   ................
0x000000df29bfcd20:   000000060bba15b0 000002c0da82dcc8   ................
0x000000df29bfcd30:   fffffffffffffff4 000000df29bfce20   ........ ..)....
0x000000df29bfcd40:   000000df29bfce90 000002c0c4568b18   ...)......V.....
0x000000df29bfcd50:   0000000000000000 0000000000000000   ................
0x000000df29bfcd60:   00000006287fd8a8 0000000000000000   ...(............
0x000000df29bfcd70:   0000000000000000 00000006287fd890   ...........(....

Instructions: (pc=0x00007ffc75ec7278)
  0x00007ffc75ec7178:   24 68 eb 02 33 c0 48 8b 6c 24 70 0f 28 74 24 20
  0x00007ffc75ec7188:   48 83 c4 30 41 5f 41 5e 41 5d 41 5c 5e c3 cc cc
  0x00007ffc75ec7198:   cc cc cc cc cc cc cc cc 48 89 5c 24 08 48 89 6c
  0x00007ffc75ec71a8:   24 10 48 89 74 24 18 57 41 56 41 57 48 83 ec 20
  0x00007ffc75ec71b8:   49 8b e9 4d 8b f8 4c 8b f1 4d 85 c9 0f 84 ea 00
  0x00007ffc75ec71c8:   00 00 48 8b 01 45 33 c0 49 8b d1 ff 90 e8 05 00
  0x00007ffc75ec71d8:   00 48 8b f8 48 85 c0 0f 84 cf 00 00 00 8b 5c 24
  0x00007ffc75ec71e8:   60 85 db 0f 88 c3 00 00 00 49 8b cf e8 47 ac ff
  0x00007ffc75ec71f8:   ff 4d 8b 06 8b f0 48 8b d5 49 8b ce 03 f6 41 ff
  0x00007ffc75ec7208:   90 58 05 00 00 2b c3 3b c6 0f 4e f0 40 f6 c6 01
  0x00007ffc75ec7218:   0f 85 96 00 00 00 4d 8b 4f 10 48 b8 a3 8b 2e ba
  0x00007ffc75ec7228:   e8 a2 8b 2e 49 8b 4f 18 45 33 c0 45 8b 57 28 49
  0x00007ffc75ec7238:   2b c9 48 f7 e9 48 c1 fa 04 48 8b c2 48 c1 e8 3f
  0x00007ffc75ec7248:   48 03 d0 4c 3b d2 72 05 45 8b c8 eb 0c 49 63 c2
  0x00007ffc75ec7258:   48 6b c8 58 4e 8b 4c 09 20 41 8b d0 85 f6 74 32
  0x00007ffc75ec7268:   0f 1f 84 00 00 00 00 00 8b c2 41 83 c0 02 ff c2
=>0x00007ffc75ec7278:   f3 41 0f 10 04 c1 f3 41 0f 10 4c c1 04 8b c3 ff
  0x00007ffc75ec7288:   c3 f3 0f 11 04 87 f3 0f 11 0c 9f ff c3 44 3b c6
  0x00007ffc75ec7298:   72 d6 4d 8b 16 45 33 c9 4c 8b c7 48 8b d5 49 8b
  0x00007ffc75ec72a8:   ce 41 ff 92 28 06 00 00 8b c6 eb 02 33 c0 48 8b
  0x00007ffc75ec72b8:   5c 24 40 48 8b 6c 24 48 48 8b 74 24 50 48 83 c4
  0x00007ffc75ec72c8:   20 41 5f 41 5e 5f c3 cc 4d 8b 48 10 48 b8 a3 8b
  0x00007ffc75ec72d8:   2e ba e8 a2 8b 2e 49 8b 48 18 45 8b 50 28 49 2b
  0x00007ffc75ec72e8:   c9 48 f7 e9 48 c1 fa 04 48 8b c2 48 c1 e8 3f 48
  0x00007ffc75ec72f8:   03 d0 4c 3b d2 72 03 33 c0 c3 49 63 c2 48 6b c8
  0x00007ffc75ec7308:   58 42 8b 44 09 40 c3 cc 4d 8b 48 10 48 b8 a3 8b
  0x00007ffc75ec7318:   2e ba e8 a2 8b 2e 49 8b 48 18 45 8b 50 28 49 2b
  0x00007ffc75ec7328:   c9 48 f7 e9 48 c1 fa 04 48 8b c2 48 c1 e8 3f 48
  0x00007ffc75ec7338:   03 d0 4c 3b d2 72 03 33 c0 c3 49 63 c2 48 6b c8
  0x00007ffc75ec7348:   58 42 8b 44 09 50 c3 cc 41 8b 40 2c c3 cc cc cc
  0x00007ffc75ec7358:   cc cc cc cc cc cc cc cc 41 ff 40 28 48 b8 a3 8b
  0x00007ffc75ec7368:   2e ba e8 a2 8b 2e 49 8b 48 18 49 2b 48 10 45 8b


Stack slot to memory mapping:

stack at sp + 0 slots: 0x0 is null
stack at sp + 1 slots: 0x0000000000000002 is an unknown value
stack at sp + 2 slots: {method} {0x000002c0da830c58} 'JFXTextRendererGetGlyphOffsets' '(J[FI)I' in 'com/sun/javafx/font/directwrite/OS'
stack at sp + 3 slots: 0x000000df29bfcc70 is pointing into the stack for thread: 0x000002c0df3e2f60
stack at sp + 4 slots: 0x000002c0df3e2f60 is a thread
stack at sp + 5 slots: 0x000000df29bfcc80 is pointing into the stack for thread: 0x000002c0df3e2f60
stack at sp + 6 slots: 0x000002c0c4568c60 is at code_begin+1600 in an Interpreter codelet
return entry points  [0x000002c0c4568620, 0x000002c0c4569298]  3192 bytes
stack at sp + 7 slots: 0x000002c0c456d2b3 is at code_begin+979 in an Interpreter codelet
native method entry point (kind = native)  [0x000002c0c456cee0, 0x000002c0c456dae0]  3072 bytes

Lock stack of current Java thread (top to bottom):

native method entry point (kind = native)  [0x000002c0c456cee0, 0x000002c0c456dae0]  3072 bytes
[MachCode]
  0x000002c0c456cee0: 488b 4b08 | 0fb7 492e | 584c 8d74 | ccf8 6800 | 0000 0068 | 0000 0000 | 5055 488b | ec41 5548 
  0x000002c0c456cf00: 8b43 084c | 8d68 3848 | 8b40 0868 | 0000 0000 | 5348 8b50 | 1848 8b52 | 7048 8b12 | 5248 8b53 
  0x000002c0c456cf20: 1048 85d2 | 7407 4881 | c2d0 0000 | 0052 488b | 5010 5249 | 8bc6 482b | c548 c1e8 | 0350 6800 
  0x000002c0c456cf40: 0000 0068 | f7ff ffff | 41c6 87f1 | 0400 0001 | 488b 4310 | 4885 c074 | 208b 8890 | 0000 0083 
  0x000002c0c456cf60: c102 8988 | 9000 0000 | 2388 a400 | 0000 0f84 | b80a 0000 | e9cf 0000 | 0048 8b43 | 1848 85c0 
  0x000002c0c456cf80: 0f85 b000 | 0000 e805 | 0000 00e9 | 9900 0000 | 488b d348 | 8d44 2408 | 4c89 6dc0 | 498b cfc5 
  0x000002c0c456cfa0: f877 4989 | af38 0400 | 0049 8987 | 2804 0000 | 4883 ec20 | 40f6 c40f | 0f84 1900 | 0000 4883 
  0x000002c0c456cfc0: ec08 48b8 | 60d5 ce0f | fc7f 0000 | ffd0 4883 | c408 e90c | 0000 0048 | b860 d5ce | 0ffc 7f00 
  0x000002c0c456cfe0: 00ff d048 | 83c4 2049 | c787 2804 | 0000 0000 | 0000 49c7 | 8738 0400 | 0000 0000 | 0049 c787 
  0x000002c0c456d000: 3004 0000 | 0000 0000 | c5f8 7749 | 837f 0800 | 0f84 0500 | 0000 e9c5 | 41ff ff4c | 8b6d c04c 
  0x000002c0c456d020: 8b75 c84e | 8d74 f500 | c348 8b43 | 1848 85c0 | 0f84 1200 | 0000 8b48 | 0883 c102 | 8948 0823 
  0x000002c0c456d040: 482c 0f84 | e409 0000 | 493b a770 | 0500 000f | 8748 0000 | 0089 8424 | 00f0 ffff | 8984 2400 
  0x000002c0c456d060: e0ff ff89 | 8424 00d0 | ffff 8984 | 2400 c0ff | ff89 8424 | 00b0 ffff | 8984 2400 | a0ff ff89 
  0x000002c0c456d080: 8424 0090 | ffff 8984 | 2400 80ff | ff49 3ba7 | 6805 0000 | 7607 4989 | a770 0500 | 0041 c687 
  0x000002c0c456d0a0: f104 0000 | 0048 8b5d | e84c 8b5b | 0845 0fb7 | 5b2e 41c1 | e303 492b | e348 83ec | 2048 83e4 
  0x000002c0c456d0c0: f04c 8b5b | 604d 85db | 0f85 ab00 | 0000 e805 | 0000 00e9 | 9900 0000 | 488b d348 | 8d44 2408 
  0x000002c0c456d0e0: 4c89 6dc0 | 498b cfc5 | f877 4989 | af38 0400 | 0049 8987 | 2804 0000 | 4883 ec20 | 40f6 c40f 
  0x000002c0c456d100: 0f84 1900 | 0000 4883 | ec08 48b8 | c0ff ce0f | fc7f 0000 | ffd0 4883 | c408 e90c | 0000 0048 
  0x000002c0c456d120: b8c0 ffce | 0ffc 7f00 | 00ff d048 | 83c4 2049 | c787 2804 | 0000 0000 | 0000 49c7 | 8738 0400 
  0x000002c0c456d140: 0000 0000 | 0049 c787 | 3004 0000 | 0000 0000 | c5f8 7749 | 837f 0800 | 0f84 0500 | 0000 e97d 
  0x000002c0c456d160: 40ff ff4c | 8b6d c04c | 8b75 c84e | 8d74 f500 | c348 8b5d | e84c 8b5b | 6041 ffd3 | 488b 5de8 
  0x000002c0c456d180: 4889 4518 | 440f b75b | 2c41 f6c3 | 080f 841b | 0000 004c | 8b5b 084d | 8b5b 084d | 8b5b 184d 
  0x000002c0c456d1a0: 8b5b 704d | 8b1b 4c89 | 5d10 488d | 5510 488b | 4358 49ba | f005 0a10 | fc7f 0000 | 493b c20f 
  0x000002c0c456d1c0: 85ab 0000 | 00e8 0500 | 0000 e999 | 0000 0048 | 8bd3 488d | 4424 084c | 896d c049 | 8bcf c5f8 
  0x000002c0c456d1e0: 7749 89af | 3804 0000 | 4989 8728 | 0400 0048 | 83ec 2040 | f6c4 0f0f | 8419 0000 | 0048 83ec 
  0x000002c0c456d200: 0848 b8c0 | ffce 0ffc | 7f00 00ff | d048 83c4 | 08e9 0c00 | 0000 48b8 | c0ff ce0f | fc7f 0000 
  0x000002c0c456d220: ffd0 4883 | c420 49c7 | 8728 0400 | 0000 0000 | 0049 c787 | 3804 0000 | 0000 0000 | 49c7 8730 
  0x000002c0c456d240: 0400 0000 | 0000 00c5 | f877 4983 | 7f08 000f | 8405 0000 | 00e9 863f | ffff 4c8b | 6dc0 4c8b 
  0x000002c0c456d260: 75c8 4e8d | 74f5 00c3 | 488b 5de8 | 488b 4358 | 498d 8f48 | 0400 004c | 8d15 d500 | 0000 4d89 
  0x000002c0c456d280: 9730 0400 | 00c5 f877 | 4989 af38 | 0400 0049 | 89a7 2804 | 0000 41c7 | 87d4 0400 | 0004 0000 
  0x000002c0c456d2a0: 0049 3ba7 | c805 0000 | 7607 4989 | a7c8 0500 | 00ff d049 | 3ba7 c805 | 0000 720b | 49c7 87c8 
  0x000002c0c456d2c0: 0500 0000 | 0000 00c5 | f877 4883 | ec10 c5fb | 1104 2448 | 83ec 1048 | 8904 2448 | c744 2408 
  0x000002c0c456d2e0: 0000 0000 | 41c7 87d4 | 0400 0005 | 0000 00f0 | 8344 24c0 | 0049 3b6f | 280f 870e | 0000 0041 
  0x000002c0c456d300: 83bf d004 | 0000 000f | 8420 0000 | 0049 8bcf | 4c8b e448 | 83ec 2048 | 83e4 f048 | b8d0 6ad0 
  0x000002c0c456d320: 0ffc 7f00 | 00ff d049 | 8be4 4d33 | e441 c787 | d404 0000 | 0800 0000 | 4d8b 97f0 | 0500 0049 
  0x000002c0c456d340: 83fa 0074 | 3549 c787 | f005 0000 | 0000 0000 | 41ff e249 | ba60 be56 | c4c0 0200 | 0041 ffd2 
  0x000002c0c456d360: 4883 ec10 | c5fb 1104 | 2448 83ec | 1048 8904 | 2448 c744 | 2408 0000 | 0000 49c7 | 8728 0400 
  0x000002c0c456d380: 0000 0000 | 0049 c787 | 3804 0000 | 0000 0000 | 49c7 8730 | 0400 0000 | 0000 00c5 | f877 4d8b 
  0x000002c0c456d3a0: 9fb8 0400 | 0041 c783 | 0001 0000 | 0000 0000 | 49bb 5aa7 | 56c4 c002 | 0000 4c3b | 5d18 0f85 
  0x000002c0c456d3c0: 5b02 0000 | 488b 0424 | 4883 c410 | 4885 c00f | 8435 0200 | 00a8 030f | 8508 0000 | 0048 8b00 
  0x000002c0c456d3e0: e925 0200 | 00a8 010f | 8509 0000 | 0048 8b40 | fee9 1402 | 0000 488b | 40ff 4180 | 7f48 000f 
  0x000002c0c456d400: 8405 0200 | 0048 83f8 | 000f 84fb | 0100 004d | 8b5f 384d | 85db 0f84 | 1400 0000 | 4983 eb08 
  0x000002c0c456d420: 4d89 5f38 | 4d03 5f40 | 4989 03e9 | da01 0000 | 4881 ecf0 | 0000 0048 | 8904 2448 | 894c 2408 
  0x000002c0c456d440: 4889 5424 | 104c 8944 | 2418 4c89 | 4c24 204c | 8954 2428 | 4c89 5c24 | 30c5 fb11 | 4424 40c5 
  0x000002c0c456d460: fb11 4c24 | 48c5 fb11 | 5424 50c5 | fb11 5c24 | 58c5 fb11 | 6424 60c5 | fb11 6c24 | 6862 e1ff 
  0x000002c0c456d480: 0811 4424 | 0e62 e1ff | 0811 4c24 | 0f62 e1ff | 0811 5424 | 1062 e1ff | 0811 5c24 | 1162 e1ff 
  0x000002c0c456d4a0: 0811 6424 | 1262 e1ff | 0811 6c24 | 1362 e1ff | 0811 7424 | 1462 e1ff | 0811 7c24 | 1562 61ff 
  0x000002c0c456d4c0: 0811 4424 | 1662 61ff | 0811 4c24 | 1762 61ff | 0811 5424 | 1862 61ff | 0811 5c24 | 1962 61ff 
  0x000002c0c456d4e0: 0811 6424 | 1a62 61ff | 0811 6c24 | 1b62 61ff | 0811 7424 | 1c62 61ff | 0811 7c24 | 1d49 8bd7 
  0x000002c0c456d500: 488b c848 | 83ec 2040 | f6c4 0f0f | 8419 0000 | 0048 83ec | 0848 b850 | 19c3 0ffc | 7f00 00ff 
  0x000002c0c456d520: d048 83c4 | 08e9 0c00 | 0000 48b8 | 5019 c30f | fc7f 0000 | ffd0 4883 | c420 6261 | ff08 107c 
  0x000002c0c456d540: 241d 6261 | ff08 1074 | 241c 6261 | ff08 106c | 241b 6261 | ff08 1064 | 241a 6261 | ff08 105c 
  0x000002c0c456d560: 2419 6261 | ff08 1054 | 2418 6261 | ff08 104c | 2417 6261 | ff08 1044 | 2416 62e1 | ff08 107c 
  0x000002c0c456d580: 2415 62e1 | ff08 1074 | 2414 62e1 | ff08 106c | 2413 62e1 | ff08 1064 | 2412 62e1 | ff08 105c 
  0x000002c0c456d5a0: 2411 62e1 | ff08 1054 | 2410 62e1 | ff08 104c | 240f 62e1 | ff08 1044 | 240e c5fb | 106c 2468 
  0x000002c0c456d5c0: c5fb 1064 | 2460 c5fb | 105c 2458 | c5fb 1054 | 2450 c5fb | 104c 2448 | c5fb 1044 | 2440 4c8b 
  0x000002c0c456d5e0: 5c24 304c | 8b54 2428 | 4c8b 4c24 | 204c 8b44 | 2418 488b | 5424 1048 | 8b4c 2408 | 488b 0424 
  0x000002c0c456d600: 4881 c4f0 | 0000 00c5 | f877 4889 | 4510 4883 | ec10 4889 | 0424 48c7 | 4424 0800 | 0000 0041 
  0x000002c0c456d620: 83bf 5005 | 0000 020f | 85bf 0000 | 0048 81ec | 8000 0000 | 4889 4424 | 7848 894c | 2470 4889 
  0x000002c0c456d640: 5424 6848 | 895c 2460 | 4889 6c24 | 5048 8974 | 2448 4889 | 7c24 404c | 8944 2438 | 4c89 4c24 
  0x000002c0c456d660: 304c 8954 | 2428 4c89 | 5c24 204c | 8964 2418 | 4c89 6c24 | 104c 8974 | 2408 4c89 | 3c24 4c8b 
  0x000002c0c456d680: e448 83ec | 2048 83e4 | f048 b800 | ed09 10fc | 7f00 00ff | d049 8be4 | 4c8b 3c24 | 4c8b 7424 
  0x000002c0c456d6a0: 084c 8b6c | 2410 4c8b | 6424 184c | 8b5c 2420 | 4c8b 5424 | 284c 8b4c | 2430 4c8b | 4424 3848 
  0x000002c0c456d6c0: 8b7c 2440 | 488b 7424 | 4848 8b6c | 2450 488b | 5c24 6048 | 8b54 2468 | 488b 4c24 | 7048 8b44 
  0x000002c0c456d6e0: 2478 4881 | c480 0000 | 004d 33e4 | 488b 5de8 | 4c8b 6b08 | 4d8d 6d38 | 4983 7f08 | 000f 84bb 
  0x000002c0c456d700: 0000 00e8 | 0500 0000 | e996 0000 | 0048 8d44 | 2408 4c89 | 6dc0 498b | cfc5 f877 | 4989 af38 
  0x000002c0c456d720: 0400 0049 | 8987 2804 | 0000 4883 | ec20 40f6 | c40f 0f84 | 1900 0000 | 4883 ec08 | 48b8 101f 
  0x000002c0c456d740: cf0f fc7f | 0000 ffd0 | 4883 c408 | e90c 0000 | 0048 b810 | 1fcf 0ffc | 7f00 00ff | d048 83c4 
  0x000002c0c456d760: 2049 c787 | 2804 0000 | 0000 0000 | 49c7 8738 | 0400 0000 | 0000 0049 | c787 3004 | 0000 0000 
  0x000002c0c456d780: 0000 c5f8 | 7749 837f | 0800 0f84 | 0500 0000 | e94b 3aff | ff4c 8b6d | c04c 8b75 | c84e 8d74 
  0x000002c0c456d7a0: f500 c348 | b9a0 013c | 10fc 7f00 | 0048 83e4 | f048 b810 | 5cf6 0ffc | 7f00 00ff | d0f4 440f 
  0x000002c0c456d7c0: b75b 2c41 | f6c3 200f | 8472 0100 | 0048 8d55 | a84c 8b5a | 084d 85db | 0f85 bb00 | 0000 e805 
  0x000002c0c456d7e0: 0000 00e9 | 9600 0000 | 488d 4424 | 084c 896d | c049 8bcf | c5f8 7749 | 89af 3804 | 0000 4989 
  0x000002c0c456d800: 8728 0400 | 0048 83ec | 2040 f6c4 | 0f0f 8419 | 0000 0048 | 83ec 0848 | b840 1ecf | 0ffc 7f00 
  0x000002c0c456d820: 00ff d048 | 83c4 08e9 | 0c00 0000 | 48b8 401e | cf0f fc7f | 0000 ffd0 | 4883 c420 | 49c7 8728 
  0x000002c0c456d840: 0400 0000 | 0000 0049 | c787 3804 | 0000 0000 | 0000 49c7 | 8730 0400 | 0000 0000 | 00c5 f877 
  0x000002c0c456d860: 4983 7f08 | 000f 8405 | 0000 00e9 | 7039 ffff | 4c8b 6dc0 | 4c8b 75c8 | 4e8d 74f5 | 00c3 48b9 
  0x000002c0c456d880: a001 3c10 | fc7f 0000 | 4883 e4f0 | 48b8 105c | f60f fc7f | 0000 ffd0 | f44c 896d | c04c 8b4a 
  0x000002c0c456d8a0: 0848 c742 | 0800 0000 | 0045 8b87 | d806 0000 | 4f3b 4c07 | f80f 8542 | 0000 0041 | 83af d806 
  0x000002c0c456d8c0: 0000 084f | 3b4c 07f0 | 0f84 2a00 | 0000 498b | 01a8 020f | 8512 0000 | 004c 8bc0 | 4983 c801 
  0x000002c0c456d8e0: f04d 0fb1 | 010f 840d | 0000 0041 | 8387 d806 | 0000 08e9 | 0500 0000 | e93e 0000 | 004c 894a 
  0x000002c0c456d900: 0848 8bca | 4883 ec20 | 40f6 c40f | 0f84 1900 | 0000 4883 | ec08 48b8 | c0ee ce0f | fc7f 0000 
  0x000002c0c456d920: ffd0 4883 | c408 e90c | 0000 0048 | b8c0 eece | 0ffc 7f00 | 00ff d048 | 83c4 204c | 8b6d c041 
  0x000002c0c456d940: c687 9603 | 0000 0149 | 3b6f 280f | 8705 0000 | 00e9 ab00 | 0000 4883 | ec10 c5fb | 1104 2448 
  0x000002c0c456d960: 83ec 1048 | 8904 2448 | c744 2408 | 0000 0000 | c5f8 7749 | 89af 3804 | 0000 49ba | 70d9 56c4 
  0x000002c0c456d980: c002 0000 | 4d89 9730 | 0400 0049 | 89a7 2804 | 0000 498b | cf48 83ec | 2040 f6c4 | 0f0f 8419 
  0x000002c0c456d9a0: 0000 0048 | 83ec 0848 | b8f0 d4ce | 0ffc 7f00 | 00ff d048 | 83c4 08e9 | 0c00 0000 | 48b8 f0d4 
  0x000002c0c456d9c0: ce0f fc7f | 0000 ffd0 | 4883 c420 | 49c7 8728 | 0400 0000 | 0000 0049 | c787 3804 | 0000 0000 
  0x000002c0c456d9e0: 0000 49c7 | 8730 0400 | 0000 0000 | 00c5 f877 | 488b 0424 | 4883 c410 | c5fb 1004 | 2448 83c4 
  0x000002c0c456da00: 1048 8b04 | 2448 83c4 | 10c5 fb10 | 0424 4883 | c410 4c8b | 5d18 41ff | d34c 8b5d | f8c9 41c6 
  0x000002c0c456da20: 8796 0300 | 0000 5f49 | 8be3 ffe7 | ba00 0000 | 00e8 0500 | 0000 e996 | 0000 0048 | 8d44 2408 
  0x000002c0c456da40: 4c89 6dc0 | 498b cfc5 | f877 4989 | af38 0400 | 0049 8987 | 2804 0000 | 4883 ec20 | 40f6 c40f 
  0x000002c0c456da60: 0f84 1900 | 0000 4883 | ec08 48b8 | a0e4 ce0f | fc7f 0000 | ffd0 4883 | c408 e90c | 0000 0048 
  0x000002c0c456da80: b8a0 e4ce | 0ffc 7f00 | 00ff d048 | 83c4 2049 | c787 2804 | 0000 0000 | 0000 49c7 | 8738 0400 
  0x000002c0c456daa0: 0000 0000 | 0049 c787 | 3004 0000 | 0000 0000 | c5f8 7749 | 837f 0800 | 0f84 0500 | 0000 e91d 
  0x000002c0c456dac0: 37ff ff4c | 8b6d c04c | 8b75 c84e | 8d74 f500 | c348 8b5d | e8e9 6ef5 | ffff 660f | 1f44 0000 
[/MachCode]

Compiled method (c1) 12445 6572       3       com.sun.javafx.text.PrismTextLayout::shape (622 bytes)
 total in heap  [0x000002c0bdaa2188,0x000002c0bdaa4ba0] = 10776
 constants      [0x000002c0bdaa2280,0x000002c0bdaa22c0] = 64
 main code      [0x000002c0bdaa22c0,0x000002c0bdaa4a28] = 10088
 stub code      [0x000002c0bdaa4a28,0x000002c0bdaa4b90] = 360
 oops           [0x000002c0bdaa4b90,0x000002c0bdaa4ba0] = 16
 mutable data [0x000002c0fbd2f4d0,0x000002c0fbd2f990] = 1216
 relocation     [0x000002c0fbd2f4d0,0x000002c0fbd2f840] = 880
 metadata       [0x000002c0fbd2f840,0x000002c0fbd2f990] = 336
 immutable data [0x000002c0fbdb4dc0,0x000002c0fbdb5b68] = 3496
 dependencies   [0x000002c0fbdb4dc0,0x000002c0fbdb4e30] = 112
 nul chk table  [0x000002c0fbdb4e30,0x000002c0fbdb4f38] = 264
 scopes pcs     [0x000002c0fbdb4f38,0x000002c0fbdb54c8] = 1424
 scopes data    [0x000002c0fbdb54c8,0x000002c0fbdb5b68] = 1696


[Constant Pool]
             Address          hex4                    hex8      
  0x000002c0bdaa2280:   0x00000000      0x0000000000000000      
  0x000002c0bdaa2284:   0x00000000                              
  0x000002c0bdaa2288:   0x9999999a      0x3fe999999999999a      
  0x000002c0bdaa228c:   0x3fe99999                              
  0x000002c0bdaa2290:   0x00000000      0x3fe8000000000000      
  0x000002c0bdaa2294:   0x3fe80000                              
  0x000002c0bdaa2298:   0x00000000      0x3fe8000000000000      
  0x000002c0bdaa229c:   0x3fe80000                              
  0x000002c0bdaa22a0:   0x00000000      0x3fe8000000000000      
  0x000002c0bdaa22a4:   0x3fe80000                              
  0x000002c0bdaa22a8:   0x00000000      0x3fe8000000000000      
  0x000002c0bdaa22ac:   0x3fe80000                              
  0x000002c0bdaa22b0:   0x00000000      0x0000000000000000      
  0x000002c0bdaa22b4:   0x00000000                              
  0x000002c0bdaa22b8:   0xf4f4f4f4      0xf4f4f4f4f4f4f4f4      
  0x000002c0bdaa22bc:   0xf4f4f4f4                              

[MachCode]
[Instructions begin]
  0x000002c0bdaa22c0: ;   {other}
  0x000002c0bdaa22c0: 660f 1f84 | 0000 0000 | 0066 0f1f | 8400 0000 | 0000 448b | 5208 443b 

  0x000002c0bdaa22d8: ;   {runtime_call Shared Runtime ic_miss_blob}
  0x000002c0bdaa22d8: 5008 0f85 | 00ca b006 
[Verified Entry Point]
  0x000002c0bdaa22e0: 8984 2400 | 80ff ff55 | 4881 ec20 | 0100 0090 | 4181 7f20 | 0700 0000 

  0x000002c0bdaa22f8: ;   {runtime_call Stub::method_entry_barrier}
  0x000002c0bdaa22f8: 7405 e8e1 | 42af 0648 | 8954 2478 | 4c89 8424 | 8000 0000 

  0x000002c0bdaa230c: ;   {metadata(method data for {method} {0x000002c0dac54230} 'shape' '(Lcom/sun/javafx/text/TextRun;[CLcom/sun/javafx/text/GlyphLayout;)V' in 'com/sun/javafx/text/PrismTextLayout')}
  0x000002c0bdaa230c: 48be 682a | 40dc c002 | 0000 8b9e | 9000 0000 | 83c3 0289 | 9e90 0000 | 0081 e3fe | 0700 0085 
  0x000002c0bdaa232c: db0f 846f | 2100 008b | 722c 48c1 | e603 4885 

  0x000002c0bdaa233c: ;   {metadata(method data for {method} {0x000002c0dac54230} 'shape' '(Lcom/sun/javafx/text/TextRun;[CLcom/sun/javafx/text/GlyphLayout;)V' in 'com/sun/javafx/text/PrismTextLayout')}
  0x000002c0bdaa233c: f648 bb68 | 2a40 dcc0 | 0200 00b8 | d800 0000 | 7405 b8e8 | 0000 0048 | 8b0c 0348 | 8d49 0148 
  0x000002c0bdaa235c: 890c 030f | 84a1 0600 | 008b 760c 

  0x000002c0bdaa2368: ;   {metadata(method data for {method} {0x000002c0dac54230} 'shape' '(Lcom/sun/javafx/text/TextRun;[CLcom/sun/javafx/text/GlyphLayout;)V' in 'com/sun/javafx/text/PrismTextLayout')}
  0x000002c0bdaa2368: 85f6 48be | 682a 40dc | c002 0000 | bb08 0100 | 0074 05bb | f800 0000 | 488b 041e | 488d 4001 
  0x000002c0bdaa2388: 4889 041e | 0f84 fd20 | 0000 4889 | bc24 9000 | 0000 4c89 | 8c24 8800 | 0000 493b | 0049 8bf0 
  0x000002c0bdaa23a8: ;   {metadata(method data for {method} {0x000002c0dac54230} 'shape' '(Lcom/sun/javafx/text/TextRun;[CLcom/sun/javafx/text/GlyphLayout;)V' in 'com/sun/javafx/text/PrismTextLayout')}
  0x000002c0bdaa23a8: 48bb 682a | 40dc c002 | 0000 4883 | 8328 0100 | 0001 418b | 704c 48c1 | e603 4889 | 7424 7048 
  0x000002c0bdaa23c8: 3b06 488b 

  0x000002c0bdaa23cc: ;   {metadata(method data for {method} {0x000002c0dac54230} 'shape' '(Lcom/sun/javafx/text/TextRun;[CLcom/sun/javafx/text/GlyphLayout;)V' in 'com/sun/javafx/text/PrismTextLayout')}
  0x000002c0bdaa23cc: de48 b868 | 2a40 dcc0 | 0200 008b | 5b08 41ba | 0000 0092 | 4903 da48 | 3b98 5001 | 0000 750d 
  0x000002c0bdaa23ec: 4883 8058 | 0100 0001 | e960 0000 | 0048 3b98 | 6001 0000 | 750d 4883 | 8068 0100 | 0001 e94a 
  0x000002c0bdaa240c: 0000 0048 | 83b8 5001 | 0000 0075 | 1748 8998 | 5001 0000 | 48c7 8058 | 0100 0001 | 0000 00e9 
  0x000002c0bdaa242c: 2900 0000 | 4883 b860 | 0100 0000 | 7517 4889 | 9860 0100 | 0048 c780 | 6801 0000 | 0100 0000 
  0x000002c0bdaa244c: e908 0000 | 0048 8380 | 4801 0000 | 0148 8bd6 | 9048 b830 | 90f5 f3c0 

  0x000002c0bdaa2464: ;   {virtual_call}
  0x000002c0bdaa2464: 0200 00e8 

  0x000002c0bdaa2468: ; ImmutableOopMap {[112]=Oop [120]=Oop [128]=Oop [136]=Oop [144]=Oop }
                      ;*invokeinterface getFont {reexecute=0 rethrow=0 return_oop=0}
                      ; - com.sun.javafx.text.PrismTextLayout::shape@24 (line 832)
  0x000002c0bdaa2468: 74d2 b006 

  0x000002c0bdaa246c: ;   {post_call_nop}
  0x000002c0bdaa246c: 0f1f 8400 | e402 0000 

  0x000002c0bdaa2474: ;   {metadata(method data for {method} {0x000002c0dac54230} 'shape' '(Lcom/sun/javafx/text/TextRun;[CLcom/sun/javafx/text/GlyphLayout;)V' in 'com/sun/javafx/text/PrismTextLayout')}
  0x000002c0bdaa2474: 4885 c048 | bf68 2a40 | dcc0 0200 | 0075 0c80 | 8f71 0100 | 0001 e9c1 | 0000 008b | 5808 41ba 
  0x000002c0bdaa2494: 0000 0092 | 4903 da48 | 3b9f 8001 | 0000 750d | 4883 8788 | 0100 0001 | e960 0000 | 0048 3b9f 
  0x000002c0bdaa24b4: 9001 0000 | 750d 4883 | 8798 0100 | 0001 e94a | 0000 0048 | 83bf 8001 | 0000 0075 | 1748 899f 
  0x000002c0bdaa24d4: 8001 0000 | 48c7 8788 | 0100 0001 | 0000 00e9 | 2900 0000 | 4883 bf90 | 0100 0000 | 7517 4889 
  0x000002c0bdaa24f4: 9f90 0100 | 0048 c787 | 9801 0000 | 0100 0000 | e908 0000 | 0048 8387 | 7801 0000 

  0x000002c0bdaa2510: ;   {metadata('com/sun/javafx/font/PGFont')}
  0x000002c0bdaa2510: 0148 bbc0 | 720f 9300 | 0000 008b | 7808 41ba | 0000 0092 | 4903 fa48 | 3b5f 200f | 841f 0000 
  0x000002c0bdaa2530: 0048 3bfb | 0f84 1600 | 0000 5753 

  0x000002c0bdaa253c: ;   {runtime_call C1 Runtime slow_subtype_check_blob}
  0x000002c0bdaa253c: e81f 85be | 065f 5f85 | ff0f 8487 | 1f00 00e9 | 0000 0000 | 488b f048 

  0x000002c0bdaa2554: ;   {metadata(method data for {method} {0x000002c0dac54230} 'shape' '(Lcom/sun/javafx/text/TextRun;[CLcom/sun/javafx/text/GlyphLayout;)V' in 'com/sun/javafx/text/PrismTextLayout')}
  0x000002c0bdaa2554: 85f6 48ba | 682a 40dc | c002 0000 | bfa8 0100 | 0075 05bf | b801 0000 | 488b 1c3a | 488d 5b01 
  0x000002c0bdaa2574: 4889 1c3a | 0f85 2203 | 0000 488b | 7424 7048 

  0x000002c0bdaa2584: ;   {metadata(method data for {method} {0x000002c0dac54230} 'shape' '(Lcom/sun/javafx/text/TextRun;[CLcom/sun/javafx/text/GlyphLayout;)V' in 'com/sun/javafx/text/PrismTextLayout')}
  0x000002c0bdaa2584: 8bd6 48bf | 682a 40dc | c002 0000 | 8b52 0841 | ba00 0000 | 9249 03d2 | 483b 97d0 | 0100 0075 
  0x000002c0bdaa25a4: 0d48 8387 | d801 0000 | 01e9 6000 | 0000 483b | 97e0 0100 | 0075 0d48 | 8387 e801 | 0000 01e9 
  0x000002c0bdaa25c4: 4a00 0000 | 4883 bfd0 | 0100 0000 | 7517 4889 | 97d0 0100 | 0048 c787 | d801 0000 | 0100 0000 
  0x000002c0bdaa25e4: e929 0000 | 0048 83bf | e001 0000 | 0075 1748 | 8997 e001 | 0000 48c7 | 87e8 0100 | 0001 0000 
  0x000002c0bdaa2604: 00e9 0800 | 0000 4883 | 87c8 0100 | 0001 488b | d648 b858 | 90f5 f3c0 

  0x000002c0bdaa261c: ;   {virtual_call}
  0x000002c0bdaa261c: 0200 00e8 

  0x000002c0bdaa2620: ; ImmutableOopMap {[112]=Oop [128]=Oop }
                      ;*invokeinterface getBounds {reexecute=0 rethrow=0 return_oop=0}
                      ; - com.sun.javafx.text.PrismTextLayout::shape@41 (line 834)
  0x000002c0bdaa2620: bcd0 b006 

  0x000002c0bdaa2624: ;   {post_call_nop}
  0x000002c0bdaa2624: 0f1f 8400 | 9c04 0001 | 488b 7424 

  0x000002c0bdaa2630: ;   {metadata(method data for {method} {0x000002c0dac54230} 'shape' '(Lcom/sun/javafx/text/TextRun;[CLcom/sun/javafx/text/GlyphLayout;)V' in 'com/sun/javafx/text/PrismTextLayout')}
  0x000002c0bdaa2630: 7048 ba68 | 2a40 dcc0 | 0200 008b | 7608 41ba | 0000 0092 | 4903 f248 | 3bb2 0002 | 0000 750d 
  0x000002c0bdaa2650: 4883 8208 | 0200 0001 | e960 0000 | 0048 3bb2 | 1002 0000 | 750d 4883 | 8218 0200 | 0001 e94a 
  0x000002c0bdaa2670: 0000 0048 | 83ba 0002 | 0000 0075 | 1748 89b2 | 0002 0000 | 48c7 8208 | 0200 0001 | 0000 00e9 
  0x000002c0bdaa2690: 2900 0000 | 4883 ba10 | 0200 0000 | 7517 4889 | b210 0200 | 0048 c782 | 1802 0000 | 0100 0000 
  0x000002c0bdaa26b0: e908 0000 | 0048 8382 | f801 0000 | 0148 8b54 | 2470 4889 | 8424 9800 | 0000 6666 | 9048 b880 
  0x000002c0bdaa26d0: 90f5 f3c0 

  0x000002c0bdaa26d4: ;   {virtual_call}
  0x000002c0bdaa26d4: 0200 00e8 

  0x000002c0bdaa26d8: ; ImmutableOopMap {[128]=Oop [152]=Oop }
                      ;*invokeinterface getText {reexecute=0 rethrow=0 return_oop=0}
                      ; - com.sun.javafx.text.PrismTextLayout::shape@53 (line 835)
  0x000002c0bdaa26d8: 04d0 b006 

  0x000002c0bdaa26dc: ;   {post_call_nop}
  0x000002c0bdaa26dc: 0f1f 8400 | 5405 0002 

  0x000002c0bdaa26e4: ; implicit exception: dispatches to 0x000002c0bdaa44db
  0x000002c0bdaa26e4: 483b 004c 

  0x000002c0bdaa26e8: ;   {metadata(method data for {method} {0x000002c0dac54230} 'shape' '(Lcom/sun/javafx/text/TextRun;[CLcom/sun/javafx/text/GlyphLayout;)V' in 'com/sun/javafx/text/PrismTextLayout')}
  0x000002c0bdaa26e8: 8bc0 48ba | 682a 40dc | c002 0000 | 458b 4008 | 41ba 0000 | 0092 4d03 | c24c 3b82 | 3002 0000 
  0x000002c0bdaa2708: 750d 4883 | 8238 0200 | 0001 e960 | 0000 004c | 3b82 4002 | 0000 750d | 4883 8248 | 0200 0001 
  0x000002c0bdaa2728: e94a 0000 | 0048 83ba | 3002 0000 | 0075 174c | 8982 3002 | 0000 48c7 | 8238 0200 | 0001 0000 
  0x000002c0bdaa2748: 00e9 2900 | 0000 4883 | ba40 0200 | 0000 7517 | 4c89 8240 | 0200 0048 | c782 4802 | 0000 0100 
  0x000002c0bdaa2768: 0000 e908 | 0000 0048 | 8382 2802 

  0x000002c0bdaa2774: ;   {metadata(method data for {method} {0x0000000092187d60} 'length' '()I' in 'java/lang/String')}
  0x000002c0bdaa2774: 0000 0149 | b860 ee00 | dac0 0200 | 0041 8b90 | 9000 0000 | 83c2 0241 | 8990 9000 | 0000 81e2 
  0x000002c0bdaa2794: feff 1f00 | 85d2 0f84 | 401d 0000 | 448b 4014 | 49c1 e003 

  0x000002c0bdaa27a8: ; implicit exception: dispatches to 0x000002c0bdaa4501
  0x000002c0bdaa27a8: 418b 700c 

  0x000002c0bdaa27ac: ;   {metadata(method data for {method} {0x0000000092187d60} 'length' '()I' in 'java/lang/String')}
  0x000002c0bdaa27ac: 4c8b c048 | ba60 ee00 | dac0 0200 | 0045 8b40 | 0841 ba00 | 0000 924d | 03c2 4c3b | 82e0 0000 
  0x000002c0bdaa27cc: 0075 0d48 | 8382 e800 | 0000 01e9 | 6000 0000 | 4c3b 82f0 | 0000 0075 | 0d48 8382 | f800 0000 
  0x000002c0bdaa27ec: 01e9 4a00 | 0000 4883 | bae0 0000 | 0000 7517 | 4c89 82e0 | 0000 0048 | c782 e800 | 0000 0100 
  0x000002c0bdaa280c: 0000 e929 | 0000 0048 | 83ba f000 | 0000 0075 | 174c 8982 | f000 0000 | 48c7 82f8 | 0000 0001 
  0x000002c0bdaa282c: 0000 00e9 | 0800 0000 | 4883 82d8 | 0000 0001 

  0x000002c0bdaa283c: ;   {metadata(method data for {method} {0x00000000924adaf8} 'coder' '()B' in 'java/lang/String')}
  0x000002c0bdaa283c: 49b8 20ed | 00da c002 | 0000 418b | 9090 0000 | 0083 c202 | 4189 9090 | 0000 0081 | e2fe ff1f 
  0x000002c0bdaa285c: 0085 d20f | 84a1 1c00 

  0x000002c0bdaa2864: ;   {metadata(method data for {method} {0x00000000924adaf8} 'coder' '()B' in 'java/lang/String')}
  0x000002c0bdaa2864: 0049 b820 | ed00 dac0 | 0200 0041 | ff80 e800 | 0000 440f 

  0x000002c0bdaa2878: ;   {metadata(method data for {method} {0x00000000924adaf8} 'coder' '()B' in 'java/lang/String')}
  0x000002c0bdaa2878: be40 1048 | ba20 ed00 | dac0 0200 | 00ff 82f8 | 0000 0041 | c1e0 1841 | c1f8 1848 | 8bbc 2480 
  0x000002c0bdaa2898: 0000 00e9 | 901b 0000 | 4885 f60f | 8425 0000 

  0x000002c0bdaa28a8: ;   {metadata('com/sun/javafx/font/PrismFont')}
  0x000002c0bdaa28a8: 0048 bba8 | b30f 9300 | 0000 008b | 7e08 41ba | 0000 0092 | 4903 fa48 | 3b5f 380f | 855e 1c00 
  0x000002c0bdaa28c8: 00e9 0000 | 0000 4c8b | c648 3b06 

  0x000002c0bdaa28d4: ;   {metadata(method data for {method} {0x000002c0dac54230} 'shape' '(Lcom/sun/javafx/text/TextRun;[CLcom/sun/javafx/text/GlyphLayout;)V' in 'com/sun/javafx/text/PrismTextLayout')}
  0x000002c0bdaa28d4: 4c8b c648 | ba68 2a40 | dcc0 0200 | 0048 8382 | 9802 0000 

  0x000002c0bdaa28e8: ;   {metadata(method data for {method} {0x000002c0da843b88} 'getStrike' '(Lcom/sun/javafx/geom/transform/BaseTransform;)Lcom/sun/javafx/font/FontStrike;' in 'com/sun/javafx/font/PrismFont')}
  0x000002c0bdaa28e8: 0149 b870 | f356 dbc0 | 0200 0041 | 8b90 9000 | 0000 83c2 | 0241 8990 | 9000 0000 | 81e2 feff 
  0x000002c0bdaa2908: 1f00 85d2 | 0f84 1f1c | 0000 8b56 | 1c48 c1e2 | 03c5 fa10 | 460c 483b | 024c 8bc2 

  0x000002c0bdaa2924: ;   {metadata(method data for {method} {0x000002c0da843b88} 'getStrike' '(Lcom/sun/javafx/geom/transform/BaseTransform;)Lcom/sun/javafx/font/FontStrike;' in 'com/sun/javafx/font/PrismFont')}
  0x000002c0bdaa2924: 48bf 70f3 | 56db c002 | 0000 458b | 4008 41ba | 0000 0092 | 4d03 c24c | 3b87 e000 | 0000 750d 
  0x000002c0bdaa2944: 4883 87e8 | 0000 0001 | e960 0000 | 004c 3b87 | f000 0000 | 750d 4883 | 87f8 0000 | 0001 e94a 
  0x000002c0bdaa2964: 0000 0048 | 83bf e000 | 0000 0075 | 174c 8987 | e000 0000 | 48c7 87e8 | 0000 0001 | 0000 00e9 
  0x000002c0bdaa2984: 2900 0000 | 4883 bff0 | 0000 0000 | 7517 4c89 | 87f0 0000 | 0048 c787 | f800 0000 | 0100 0000 
  0x000002c0bdaa29a4: e908 0000 | 0048 8387 | d800 0000 

  0x000002c0bdaa29b0: ;   {oop(a 'com/sun/javafx/geom/transform/Identity'{0x000000060b5f0918})}
  0x000002c0bdaa29b0: 0149 b818 | 095f 0b06 | 0000 0048 | 89b4 24a0 | 0000 0066 | 9048 b8a8 | 90f5 f3c0 

  0x000002c0bdaa29cc: ;   {virtual_call}
  0x000002c0bdaa29cc: 0200 00e8 

  0x000002c0bdaa29d0: ; ImmutableOopMap {[120]=Oop [128]=Oop [136]=Oop [144]=Oop [160]=Oop }
                      ;*invokeinterface getStrike {reexecute=0 rethrow=0 return_oop=0}
                      ; - com.sun.javafx.font.PrismFont::getStrike@9 (line 79)
                      ; - com.sun.javafx.text.PrismTextLayout::shape@70 (line 838)
  0x000002c0bdaa29d0: 0ccd b006 

  0x000002c0bdaa29d4: ;   {post_call_nop}
  0x000002c0bdaa29d4: 0f1f 8400 | 4c08 0003 

  0x000002c0bdaa29dc: ;   {metadata(method data for {method} {0x000002c0dac54230} 'shape' '(Lcom/sun/javafx/text/TextRun;[CLcom/sun/javafx/text/GlyphLayout;)V' in 'com/sun/javafx/text/PrismTextLayout')}
  0x000002c0bdaa29dc: 48ba 682a | 40dc c002 | 0000 ff82 | b802 0000 | 488b b424 | a000 0000 | 4c8b 8424 | 8000 0000 
  0x000002c0bdaa29fc: 488b 5424 | 78e9 2900 | 0000 4889 | bc24 9000 | 0000 4c89 | 8c24 8800 | 0000 8b72 | 3048 c1e6 
  0x000002c0bdaa2a1c: 038b 7a34 | 48c1 e703 | 488b c74c | 8b84 2480 | 0000 0049 | 3b00 498b 

  0x000002c0bdaa2a34: ;   {metadata(method data for {method} {0x000002c0dac54230} 'shape' '(Lcom/sun/javafx/text/TextRun;[CLcom/sun/javafx/text/GlyphLayout;)V' in 'com/sun/javafx/text/PrismTextLayout')}
  0x000002c0bdaa2a34: f848 bb68 | 2a40 dcc0 | 0200 0048 | 8383 e002 | 0000 01c4 | c17a 1040 

  0x000002c0bdaa2a4c: ;   {section_word}
  0x000002c0bdaa2a4c: 20c5 fa10 | 0d2b f8ff | ffc5 f82e | c1bf ffff | ffff 0f8a | 1400 0000 | 0f82 0e00 | 0000 bf00 
  0x000002c0bdaa2a6c: 0000 000f | 8403 0000 | 0048 ffc7 

  0x000002c0bdaa2a78: ;   {metadata(method data for {method} {0x000002c0dac54230} 'shape' '(Lcom/sun/javafx/text/TextRun;[CLcom/sun/javafx/text/GlyphLayout;)V' in 'com/sun/javafx/text/PrismTextLayout')}
  0x000002c0bdaa2a78: 85ff 48bf | 682a 40dc | c002 0000 | bb10 0300 | 0074 05bb | 0003 0000 | 488b 0c1f | 488d 4901 
  0x000002c0bdaa2a98: 4889 0c1f | 4889 b424 | a800 0000 | 0f84 0d00 | 0000 4889 | 8424 b000 | 0000 e918 | 0900 0048 
  0x000002c0bdaa2ab8: 3b00 488b 

  0x000002c0bdaa2abc: ;   {metadata(method data for {method} {0x000002c0dac54230} 'shape' '(Lcom/sun/javafx/text/TextRun;[CLcom/sun/javafx/text/GlyphLayout;)V' in 'com/sun/javafx/text/PrismTextLayout')}
  0x000002c0bdaa2abc: f848 bb68 | 2a40 dcc0 | 0200 008b | 7f08 41ba | 0000 0092 | 4903 fa48 | 3bbb 2803 | 0000 750d 
  0x000002c0bdaa2adc: 4883 8330 | 0300 0001 | e960 0000 | 0048 3bbb | 3803 0000 | 750d 4883 | 8340 0300 | 0001 e94a 
  0x000002c0bdaa2afc: 0000 0048 | 83bb 2803 | 0000 0075 | 1748 89bb | 2803 0000 | 48c7 8330 | 0300 0001 | 0000 00e9 
  0x000002c0bdaa2b1c: 2900 0000 | 4883 bb38 | 0300 0000 | 7517 4889 | bb38 0300 | 0048 c783 | 4003 0000 | 0100 0000 
  0x000002c0bdaa2b3c: e908 0000 | 0048 8383 | 2003 0000 | 0148 8bd0 | 4889 8424 | b000 0000 | 9048 b8d0 | 90f5 f3c0 
  0x000002c0bdaa2b5c: ;   {virtual_call}
  0x000002c0bdaa2b5c: 0200 00e8 

  0x000002c0bdaa2b60: ; ImmutableOopMap {[120]=Oop [128]=Oop [136]=Oop [144]=Oop [168]=Oop [176]=Oop }
                      ;*invokeinterface getMetrics {reexecute=0 rethrow=0 return_oop=0}
                      ; - com.sun.javafx.text.PrismTextLayout::shape@103 (line 846)
  0x000002c0bdaa2b60: 2e8e 1f00 

  0x000002c0bdaa2b64: ;   {post_call_nop}
  0x000002c0bdaa2b64: 0f1f 8400 | dc09 0004 | 4889 8424 | b800 0000 | 488b 5424 | 788b 7220 | 81e6 0040 | 0000 81fe 
  0x000002c0bdaa2b84: 0040 0000 

  0x000002c0bdaa2b88: ;   {metadata(method data for {method} {0x000002c0dac54230} 'shape' '(Lcom/sun/javafx/text/TextRun;[CLcom/sun/javafx/text/GlyphLayout;)V' in 'com/sun/javafx/text/PrismTextLayout')}
  0x000002c0bdaa2b88: 48be 682a | 40dc c002 | 0000 bf50 | 0300 0075 | 05bf 6003 | 0000 488b | 1c3e 488d | 5b01 4889 
  0x000002c0bdaa2ba8: 1c3e 0f85 | e206 0000 | 488b b424 | a800 0000 | 4885 c00f | 8425 0000 

  0x000002c0bdaa2bc0: ;   {metadata('com/sun/javafx/font/PrismMetrics')}
  0x000002c0bdaa2bc0: 0049 b830 | 3a30 9300 | 0000 008b | 4808 41ba | 0000 0092 | 4903 ca4c | 3b41 380f | 8580 1900 
  0x000002c0bdaa2be0: 00e9 0000 | 0000 488b | f848 3b00 

  0x000002c0bdaa2bec: ;   {metadata(method data for {method} {0x000002c0dac54230} 'shape' '(Lcom/sun/javafx/text/TextRun;[CLcom/sun/javafx/text/GlyphLayout;)V' in 'com/sun/javafx/text/PrismTextLayout')}
  0x000002c0bdaa2bec: 488b f848 | bb68 2a40 | dcc0 0200 | 0048 8383 | 8003 0000 | 01c5 fa10 | 400c 4885 | f60f 8425 
  0x000002c0bdaa2c0c: ;   {metadata('com/sun/javafx/font/PrismFont')}
  0x000002c0bdaa2c0c: 0000 0049 | b8a8 b30f | 9300 0000 | 008b 4e08 | 41ba 0000 | 0092 4903 | ca4c 3b41 | 380f 853c 
  0x000002c0bdaa2c2c: 1900 00e9 | 0000 0000 | 488b fe48 | 3b06 488b 

  0x000002c0bdaa2c3c: ;   {metadata(method data for {method} {0x000002c0dac54230} 'shape' '(Lcom/sun/javafx/text/TextRun;[CLcom/sun/javafx/text/GlyphLayout;)V' in 'com/sun/javafx/text/PrismTextLayout')}
  0x000002c0bdaa2c3c: fe48 bb68 | 2a40 dcc0 | 0200 0048 | 8383 b003 

  0x000002c0bdaa2c4c: ;   {metadata(method data for {method} {0x000002c0da843860} 'getFamilyName' '()Ljava/lang/String;' in 'com/sun/javafx/font/PrismFont')}
  0x000002c0bdaa2c4c: 0000 0148 | bf58 d382 | dcc0 0200 | 008b 9f90 | 0000 0083 | c302 899f | 9000 0000 | 81e3 feff 
  0x000002c0bdaa2c6c: 1f00 85db | 0f84 ff18 | 0000 8b7e | 1c48 c1e7 | 0348 3b07 

  0x000002c0bdaa2c80: ;   {metadata(method data for {method} {0x000002c0da843860} 'getFamilyName' '()Ljava/lang/String;' in 'com/sun/javafx/font/PrismFont')}
  0x000002c0bdaa2c80: 488b df48 | b958 d382 | dcc0 0200 | 008b 5b08 | 41ba 0000 | 0092 4903 | da48 3b99 | e000 0000 
  0x000002c0bdaa2ca0: 750d 4883 | 81e8 0000 | 0001 e960 | 0000 0048 | 3b99 f000 | 0000 750d | 4883 81f8 | 0000 0001 
  0x000002c0bdaa2cc0: e94a 0000 | 0048 83b9 | e000 0000 | 0075 1748 | 8999 e000 | 0000 48c7 | 81e8 0000 | 0001 0000 
  0x000002c0bdaa2ce0: 00e9 2900 | 0000 4883 | b9f0 0000 | 0000 7517 | 4889 99f0 | 0000 0048 | c781 f800 | 0000 0100 
  0x000002c0bdaa2d00: 0000 e908 | 0000 0048 | 8381 d800 | 0000 0148 | 8bd7 4889 | b424 a800 | 0000 c5fa | 1184 24ec 
  0x000002c0bdaa2d20: 0000 0066 | 9048 b8f8 | 90f5 f3c0 

  0x000002c0bdaa2d2c: ;   {virtual_call}
  0x000002c0bdaa2d2c: 0200 00e8 

  0x000002c0bdaa2d30: ; ImmutableOopMap {[120]=Oop [128]=Oop [136]=Oop [144]=Oop [168]=Oop [176]=Oop [184]=Oop }
                      ;*invokeinterface getFamilyName {reexecute=0 rethrow=0 return_oop=0}
                      ; - com.sun.javafx.font.PrismFont::getFamilyName@4 (line 51)
                      ; - com.sun.javafx.text.PrismTextLayout::shape@135 (line 859)
  0x000002c0bdaa2d30: 5e45 1100 

  0x000002c0bdaa2d34: ;   {post_call_nop}
  0x000002c0bdaa2d34: 0f1f 8400 | ac0b 0005 

  0x000002c0bdaa2d3c: ; implicit exception: dispatches to 0x000002c0bdaa459b
  0x000002c0bdaa2d3c: 483b 004c 

  0x000002c0bdaa2d40: ;   {metadata(method data for {method} {0x000002c0dac54230} 'shape' '(Lcom/sun/javafx/text/TextRun;[CLcom/sun/javafx/text/GlyphLayout;)V' in 'com/sun/javafx/text/PrismTextLayout')}
  0x000002c0bdaa2d40: 8bc0 48ba | 682a 40dc | c002 0000 | 458b 4008 | 41ba 0000 | 0092 4d03 | c24c 3b82 | d803 0000 
  0x000002c0bdaa2d60: 750d 4883 | 82e0 0300 | 0001 e960 | 0000 004c | 3b82 e803 | 0000 750d | 4883 82f0 | 0300 0001 
  0x000002c0bdaa2d80: e94a 0000 | 0048 83ba | d803 0000 | 0075 174c | 8982 d803 | 0000 48c7 | 82e0 0300 | 0001 0000 
  0x000002c0bdaa2da0: 00e9 2900 | 0000 4883 | bae8 0300 | 0000 7517 | 4c89 82e8 | 0300 0048 | c782 f003 | 0000 0100 
  0x000002c0bdaa2dc0: 0000 e908 | 0000 0048 | 8382 d003 

  0x000002c0bdaa2dcc: ;   {oop("Segoe UI"{0x000000060ce82ab0})}
  0x000002c0bdaa2dcc: 0000 0149 | b8b0 2ae8 | 0c06 0000 | 0048 8bd0 

  0x000002c0bdaa2ddc: ;   {optimized virtual_call}
  0x000002c0bdaa2ddc: 6666 90e8 

  0x000002c0bdaa2de0: ; ImmutableOopMap {[120]=Oop [128]=Oop [136]=Oop [144]=Oop [168]=Oop [176]=Oop [184]=Oop }
                      ;*invokevirtual equals {reexecute=0 rethrow=0 return_oop=0}
                      ; - com.sun.javafx.text.PrismTextLayout::shape@143 (line 859)
  0x000002c0bdaa2de0: acbb 2f07 

  0x000002c0bdaa2de4: ;   {post_call_nop}
  0x000002c0bdaa2de4: 0f1f 8400 | 5c0c 0006 

  0x000002c0bdaa2dec: ;   {metadata(method data for {method} {0x000002c0dac54230} 'shape' '(Lcom/sun/javafx/text/TextRun;[CLcom/sun/javafx/text/GlyphLayout;)V' in 'com/sun/javafx/text/PrismTextLayout')}
  0x000002c0bdaa2dec: 85c0 48ba | 682a 40dc | c002 0000 | be00 0400 | 0074 05be | 1004 0000 | 488b 3c32 | 488d 7f01 
  0x000002c0bdaa2e0c: 4889 3c32 | c5fa 1084 | 24ec 0000 | 000f 8410 | 0000 00c5 

  0x000002c0bdaa2e20: ;   {section_word}
  0x000002c0bdaa2e20: fa5a c0c5 | fb59 055d | f4ff ffc5 | fb5a c048 | 8b84 24b8 | 0000 00c5 

  0x000002c0bdaa2e38: ;   {section_word}
  0x000002c0bdaa2e38: fa5a c0c5 | fb5c 054d | f4ff ffc5 | fb2c d081 | fa00 0000 | 8075 0f48 | 83ec 08c5 | fb11 0424 
  0x000002c0bdaa2e58: ;   {runtime_call Stub::d2i_fixup}
  0x000002c0bdaa2e58: e81a e6ab | 065a c5f2 | 2aca 4885 | c00f 8425 

  0x000002c0bdaa2e68: ;   {metadata('com/sun/javafx/font/PrismMetrics')}
  0x000002c0bdaa2e68: 0000 0048 | bb30 3a30 | 9300 0000 | 008b 7808 | 41ba 0000 | 0092 4903 | fa48 3b5f | 380f 8515 
  0x000002c0bdaa2e88: 1700 00e9 | 0000 0000 | 488b d048 

  0x000002c0bdaa2e94: ;   {metadata(method data for {method} {0x000002c0dac54230} 'shape' '(Lcom/sun/javafx/text/TextRun;[CLcom/sun/javafx/text/GlyphLayout;)V' in 'com/sun/javafx/text/PrismTextLayout')}
  0x000002c0bdaa2e94: 8bd0 48be | 682a 40dc | c002 0000 | 4883 8630 | 0400 0001 | c5fa 1040 | 10c5 fa5a 

  0x000002c0bdaa2eb0: ;   {section_word}
  0x000002c0bdaa2eb0: c0c5 fb58 | 05df f3ff | ffc5 fb2c | d081 fa00 | 0000 8075 | 0f48 83ec | 08c5 fb11 

  0x000002c0bdaa2ecc: ;   {runtime_call Stub::d2i_fixup}
  0x000002c0bdaa2ecc: 0424 e8a4 | e5ab 065a | c5ea 2ad2 | 4885 c00f | 8425 0000 

  0x000002c0bdaa2ee0: ;   {metadata('com/sun/javafx/font/PrismMetrics')}
  0x000002c0bdaa2ee0: 0048 bb30 | 3a30 9300 | 0000 008b | 7808 41ba | 0000 0092 | 4903 fa48 | 3b5f 380f | 85a4 1600 
  0x000002c0bdaa2f00: 00e9 0000 | 0000 488b | d048 8bd0 

  0x000002c0bdaa2f0c: ;   {metadata(method data for {method} {0x000002c0dac54230} 'shape' '(Lcom/sun/javafx/text/TextRun;[CLcom/sun/javafx/text/GlyphLayout;)V' in 'com/sun/javafx/text/PrismTextLayout')}
  0x000002c0bdaa2f0c: 48be 682a | 40dc c002 | 0000 4883 | 8660 0400 | 0001 c5fa | 1040 14c5 

  0x000002c0bdaa2f24: ;   {section_word}
  0x000002c0bdaa2f24: fa5a c0c5 | fb58 0571 | f3ff ffc5 | fb2c d081 | fa00 0000 | 8075 0f48 | 83ec 08c5 | fb11 0424 
  0x000002c0bdaa2f44: ;   {runtime_call Stub::d2i_fixup}
  0x000002c0bdaa2f44: e82e e5ab | 065a c5e2 | 2ada 4885 | c00f 8425 

  0x000002c0bdaa2f54: ;   {metadata('com/sun/javafx/font/PrismMetrics')}
  0x000002c0bdaa2f54: 0000 0048 | bb30 3a30 | 9300 0000 | 008b 7808 | 41ba 0000 | 0092 4903 | fa48 3b5f | 380f 8533 
  0x000002c0bdaa2f74: 1600 00e9 | 0000 0000 | 488b d048 

  0x000002c0bdaa2f80: ;   {metadata(method data for {method} {0x000002c0dac54230} 'shape' '(Lcom/sun/javafx/text/TextRun;[CLcom/sun/javafx/text/GlyphLayout;)V' in 'com/sun/javafx/text/PrismTextLayout')}
  0x000002c0bdaa2f80: 8bd0 48be | 682a 40dc | c002 0000 | 4883 8690 | 0400 0001 

  0x000002c0bdaa2f94: ;   {metadata(method data for {method} {0x000002c0db043388} 'getCapHeight' '()F' in 'com/sun/javafx/font/PrismMetrics')}
  0x000002c0bdaa2f94: 48ba 18b5 | 85dc c002 | 0000 8bb2 | 9000 0000 | 83c6 0289 | b290 0000 | 0081 e6fe | ff1f 0085 
  0x000002c0bdaa2fb4: f60f 84f4 | 1500 0048 

  0x000002c0bdaa2fbc: ;   {metadata(method data for {method} {0x000002c0db043388} 'getCapHeight' '()F' in 'com/sun/javafx/font/PrismMetrics')}
  0x000002c0bdaa2fbc: 8bd0 48be | 18b5 85dc | c002 0000 | 4883 86d8 | 0000 0001 

  0x000002c0bdaa2fd0: ;   {metadata(method data for {method} {0x000002c0db0430e8} 'checkStyleMetrics' '()V' in 'com/sun/javafx/font/PrismMetrics')}
  0x000002c0bdaa2fd0: 48ba 60b6 | 85dc c002 | 0000 8bb2 | 9000 0000 | 83c6 0289 | b290 0000 | 0081 e6fe | ff1f 0085 
  0x000002c0bdaa2ff0: f60f 84d9 | 1500 008b | 5020 48c1 | e203 4885 

  0x000002c0bdaa3000: ;   {metadata(method data for {method} {0x000002c0db0430e8} 'checkStyleMetrics' '()V' in 'com/sun/javafx/font/PrismMetrics')}
  0x000002c0bdaa3000: d248 ba60 | b685 dcc0 | 0200 00be | e800 0000 | 7405 bed8 | 0000 0048 | 8b3c 3248 | 8d7f 0148 
  0x000002c0bdaa3020: 893c 32c5 | fa11 9c24 | f800 0000 | c5fa 1194 | 24f4 0000 | 00c5 fa11 | 8c24 f000 | 0000 0f84 
  0x000002c0bdaa3040: 0800 0000 | 488b d0e9 | e400 0000 | 8b50 1c48 | c1e2 03c5 | fa10 4018 

  0x000002c0bdaa3058: ; implicit exception: dispatches to 0x000002c0bdaa45f1
  0x000002c0bdaa3058: 483b 0248 

  0x000002c0bdaa305c: ;   {metadata(method data for {method} {0x000002c0db0430e8} 'checkStyleMetrics' '()V' in 'com/sun/javafx/font/PrismMetrics')}
  0x000002c0bdaa305c: 8bf2 48bf | 60b6 85dc | c002 0000 | 8b76 0841 | ba00 0000 | 9249 03f2 | 483b b700 | 0100 0075 
  0x000002c0bdaa307c: 0d48 8387 | 0801 0000 | 01e9 6000 | 0000 483b | b710 0100 | 0075 0d48 | 8387 1801 | 0000 01e9 
  0x000002c0bdaa309c: 4a00 0000 | 4883 bf00 | 0100 0000 | 7517 4889 | b700 0100 | 0048 c787 | 0801 0000 | 0100 0000 
  0x000002c0bdaa30bc: e929 0000 | 0048 83bf | 1001 0000 | 0075 1748 | 89b7 1001 | 0000 48c7 | 8718 0100 | 0001 0000 
  0x000002c0bdaa30dc: 00e9 0800 | 0000 4883 | 87f8 0000 | 0001 0f1f 

  0x000002c0bdaa30ec: ;   {optimized virtual_call}
  0x000002c0bdaa30ec: 4400 00e8 

  0x000002c0bdaa30f0: ; ImmutableOopMap {[120]=Oop [128]=Oop [136]=Oop [144]=Oop [168]=Oop [176]=Oop [184]=Oop }
                      ;*invokevirtual getStyleMetrics {reexecute=0 rethrow=0 return_oop=0}
                      ; - com.sun.javafx.font.PrismMetrics::checkStyleMetrics@16 (line 78)
                      ; - com.sun.javafx.font.PrismMetrics::getCapHeight@1 (line 102)
                      ; - com.sun.javafx.text.PrismTextLayout::shape@204 (line 865)
  0x000002c0bdaa30f0: ecc0 b006 

  0x000002c0bdaa30f4: ;   {post_call_nop}
  0x000002c0bdaa30f4: 0f1f 8400 | 6c0f 0007 | 410f be57 | 4885 d248 | 8b94 24b8 | 0000 000f | 85e5 1400 | 004c 8bd0 
  0x000002c0bdaa3114: 49c1 ea03 | 4489 5220 | 488b f248 | 33f0 48c1 | ee16 4883 | fe00 0f85 | e514 0000 | 8b52 2048 
  0x000002c0bdaa3134: c1e2 0383 | 7a0c 010f | 86f6 1400 | 00c5 fa10 | 4214 c5fa | 1094 24f4 | 0000 00c5 

  0x000002c0bdaa3150: ;   {section_word}
  0x000002c0bdaa3150: fa5a c0c5 | fb58 054d | f1ff ffc5 | fb2c d081 | fa00 0000 | 8075 0f48 | 83ec 08c5 | fb11 0424 
  0x000002c0bdaa3170: ;   {runtime_call Stub::d2i_fixup}
  0x000002c0bdaa3170: e802 e3ab | 065a c5fa | 2ac2 c5fa | 108c 24f0 

  0x000002c0bdaa3180: ;   {external_word}
  0x000002c0bdaa3180: 0000 0049 | bad0 b967 | 10fc 7f00 | 00c4 c170 | 570a c5f2 | 5cc8 c5f8 | 2eca baff | ffff ff0f 
  0x000002c0bdaa31a0: 8a14 0000 | 000f 820e | 0000 00ba | 0000 0000 | 0f84 0300 | 0000 48ff 

  0x000002c0bdaa31b8: ;   {metadata(method data for {method} {0x000002c0dac54230} 'shape' '(Lcom/sun/javafx/text/TextRun;[CLcom/sun/javafx/text/GlyphLayout;)V' in 'com/sun/javafx/text/PrismTextLayout')}
  0x000002c0bdaa31b8: c285 d248 | ba68 2a40 | dcc0 0200 | 00be b004 | 0000 7e05 | bec0 0400 | 0048 8b3c | 3248 8d7f 
  0x000002c0bdaa31d8: 0148 893c | 320f 8e1e 

  0x000002c0bdaa31e0: ;   {metadata(method data for {method} {0x000002c0dac54230} 'shape' '(Lcom/sun/javafx/text/TextRun;[CLcom/sun/javafx/text/GlyphLayout;)V' in 'com/sun/javafx/text/PrismTextLayout')}
  0x000002c0bdaa31e0: 0000 0048 | ba68 2a40 | dcc0 0200 | 00ff 82d0 | 0400 00c5 | fa10 8424 | f000 0000 | e91d 0000 
  0x000002c0bdaa3200: 00c5 fa10 | 8424 f000 | 0000 c5f2 | 5cca c5f8 | 28d9 c5e2 | 58d8 c5f8 | 28ca c5f8 | 28c3 c5fa 
  0x000002c0bdaa3220: 109c 24f8 | 0000 004c | 8b84 2480 | 0000 0049 

  0x000002c0bdaa3230: ;   {metadata(method data for {method} {0x000002c0dac54230} 'shape' '(Lcom/sun/javafx/text/TextRun;[CLcom/sun/javafx/text/GlyphLayout;)V' in 'com/sun/javafx/text/PrismTextLayout')}
  0x000002c0bdaa3230: 8bd0 48be | 682a 40dc | c002 0000 | 4883 86f8 | 0400 0001 

  0x000002c0bdaa3244: ;   {metadata(method data for {method} {0x000002c0db03a5d8} 'setMetrics' '(FFF)V' in 'com/sun/javafx/text/TextRun')}
  0x000002c0bdaa3244: 48ba 20c5 | 85dc c002 | 0000 8bb2 | 9000 0000 | 83c6 0289 | b290 0000 | 0081 e6fe | ff1f 0085 
  0x000002c0bdaa3264: f60f 84de | 1300 00c4 | c17a 1140 | 20c4 c17a | 1148 24c4 | c17a 1158 

  0x000002c0bdaa327c: ;   {metadata(method data for {method} {0x000002c0dac54230} 'shape' '(Lcom/sun/javafx/text/TextRun;[CLcom/sun/javafx/text/GlyphLayout;)V' in 'com/sun/javafx/text/PrismTextLayout')}
  0x000002c0bdaa327c: 2848 ba68 | 2a40 dcc0 | 0200 00ff | 8218 0500 | 00e9 3d01 | 0000 4c8b | 8424 8000 | 0000 488b 
  0x000002c0bdaa329c: d048 85d2 | 0f84 2500 

  0x000002c0bdaa32a4: ;   {metadata('com/sun/javafx/font/PrismMetrics')}
  0x000002c0bdaa32a4: 0000 48b8 | 303a 3093 | 0000 0000 | 8b5a 0841 | ba00 0000 | 9249 03da | 483b 4338 | 0f85 a413 
  0x000002c0bdaa32c4: 0000 e900 | 0000 0048 | 8bf2 483b | 0248 8bc2 

  0x000002c0bdaa32d4: ;   {metadata(method data for {method} {0x000002c0dac54230} 'shape' '(Lcom/sun/javafx/text/TextRun;[CLcom/sun/javafx/text/GlyphLayout;)V' in 'com/sun/javafx/text/PrismTextLayout')}
  0x000002c0bdaa32d4: 48be 682a | 40dc c002 | 0000 4883 | 8640 0500 | 0001 c5fa | 1042 0c48 | 85d2 0f84 | 2500 0000 
  0x000002c0bdaa32f4: ;   {metadata('com/sun/javafx/font/PrismMetrics')}
  0x000002c0bdaa32f4: 48b8 303a | 3093 0000 | 0000 8b5a | 0841 ba00 | 0000 9249 | 03da 483b | 4338 0f85 | 6013 0000 
  0x000002c0bdaa3314: e900 0000 | 0048 8bf2 

  0x000002c0bdaa331c: ;   {metadata(method data for {method} {0x000002c0dac54230} 'shape' '(Lcom/sun/javafx/text/TextRun;[CLcom/sun/javafx/text/GlyphLayout;)V' in 'com/sun/javafx/text/PrismTextLayout')}
  0x000002c0bdaa331c: 488b c248 | be68 2a40 | dcc0 0200 | 0048 8386 | 7005 0000 | 01c5 fa10 | 4a10 4885 | d20f 8425 
  0x000002c0bdaa333c: ;   {metadata('com/sun/javafx/font/PrismMetrics')}
  0x000002c0bdaa333c: 0000 0048 | b830 3a30 | 9300 0000 | 008b 5a08 | 41ba 0000 | 0092 4903 | da48 3b43 | 380f 851a 
  0x000002c0bdaa335c: 1300 00e9 | 0000 0000 | 488b f248 

  0x000002c0bdaa3368: ;   {metadata(method data for {method} {0x000002c0dac54230} 'shape' '(Lcom/sun/javafx/text/TextRun;[CLcom/sun/javafx/text/GlyphLayout;)V' in 'com/sun/javafx/text/PrismTextLayout')}
  0x000002c0bdaa3368: 8bc2 48be | 682a 40dc | c002 0000 | 4883 86a0 | 0500 0001 | c5fa 1052 | 1449 8bd0 

  0x000002c0bdaa3384: ;   {metadata(method data for {method} {0x000002c0dac54230} 'shape' '(Lcom/sun/javafx/text/TextRun;[CLcom/sun/javafx/text/GlyphLayout;)V' in 'com/sun/javafx/text/PrismTextLayout')}
  0x000002c0bdaa3384: 48be 682a | 40dc c002 | 0000 4883 | 86d0 0500 

  0x000002c0bdaa3394: ;   {metadata(method data for {method} {0x000002c0db03a5d8} 'setMetrics' '(FFF)V' in 'com/sun/javafx/text/TextRun')}
  0x000002c0bdaa3394: 0001 48ba | 20c5 85dc | c002 0000 | 8bb2 9000 | 0000 83c6 | 0289 b290 | 0000 0081 | e6fe ff1f 
  0x000002c0bdaa33b4: 0085 f60f | 84c1 1200 | 00c4 c17a | 1140 20c4 | c17a 1148 | 24c4 c17a | 1150 2849 

  0x000002c0bdaa33d0: ;   {metadata(method data for {method} {0x000002c0dac54230} 'shape' '(Lcom/sun/javafx/text/TextRun;[CLcom/sun/javafx/text/GlyphLayout;)V' in 'com/sun/javafx/text/PrismTextLayout')}
  0x000002c0bdaa33d0: 8bd0 48be | 682a 40dc | c002 0000 | 4883 8600 | 0600 0001 

  0x000002c0bdaa33e4: ;   {metadata(method data for {method} {0x000002c0db039b80} 'isTab' '()Z' in 'com/sun/javafx/text/TextRun')}
  0x000002c0bdaa33e4: 48ba e835 | 40dc c002 | 0000 8bb2 | 9000 0000 | 83c6 0289 | b290 0000 | 0081 e6fe | ff1f 0085 
  0x000002c0bdaa3404: f60f 8494 | 1200 0041 | 8b50 2c48 | 8bf2 83e6 

  0x000002c0bdaa3414: ;   {metadata(method data for {method} {0x000002c0db039b80} 'isTab' '()Z' in 'com/sun/javafx/text/TextRun')}
  0x000002c0bdaa3414: 0185 f648 | bee8 3540 | dcc0 0200 | 00bf d800 | 0000 7405 | bfe8 0000 | 0048 8b1c | 3e48 8d5b 
  0x000002c0bdaa3434: 0148 891c | 3e0f 841a 

  0x000002c0bdaa343c: ;   {metadata(method data for {method} {0x000002c0db039b80} 'isTab' '()Z' in 'com/sun/javafx/text/TextRun')}
  0x000002c0bdaa343c: 0000 0048 | bee8 3540 | dcc0 0200 | 00ff 86f8 | 0000 00be | 0100 0000 | e905 0000 | 00be 0000 
  0x000002c0bdaa345c: 0000 83e6 

  0x000002c0bdaa3460: ;   {metadata(method data for {method} {0x000002c0dac54230} 'shape' '(Lcom/sun/javafx/text/TextRun;[CLcom/sun/javafx/text/GlyphLayout;)V' in 'com/sun/javafx/text/PrismTextLayout')}
  0x000002c0bdaa3460: 0185 f648 | be68 2a40 | dcc0 0200 | 00bf 3006 | 0000 7505 | bf20 0600 | 0048 8b1c | 3e48 8d5b 
  0x000002c0bdaa3480: 0148 891c | 3e0f 8592 | 0f00 0049 

  0x000002c0bdaa348c: ;   {metadata(method data for {method} {0x000002c0dac54230} 'shape' '(Lcom/sun/javafx/text/TextRun;[CLcom/sun/javafx/text/GlyphLayout;)V' in 'com/sun/javafx/text/PrismTextLayout')}
  0x000002c0bdaa348c: 8bf0 48bf | 682a 40dc | c002 0000 | 4883 8750 | 0600 0001 

  0x000002c0bdaa34a0: ;   {metadata(method data for {method} {0x000002c0db0398a0} 'isLinebreak' '()Z' in 'com/sun/javafx/text/TextRun')}
  0x000002c0bdaa34a0: 48be 6039 | 40dc c002 | 0000 8bbe | 9000 0000 | 83c7 0289 | be90 0000 | 0081 e7fe | ff1f 0085 
  0x000002c0bdaa34c0: ff0f 84f9 | 1100 0048 | 8bf2 83e6 

  0x000002c0bdaa34cc: ;   {metadata(method data for {method} {0x000002c0db0398a0} 'isLinebreak' '()Z' in 'com/sun/javafx/text/TextRun')}
  0x000002c0bdaa34cc: 0285 f648 | be60 3940 | dcc0 0200 | 00bf d800 | 0000 7405 | bfe8 0000 | 0048 8b1c | 3e48 8d5b 
  0x000002c0bdaa34ec: 0148 891c | 3e0f 841a 

  0x000002c0bdaa34f4: ;   {metadata(method data for {method} {0x000002c0db0398a0} 'isLinebreak' '()Z' in 'com/sun/javafx/text/TextRun')}
  0x000002c0bdaa34f4: 0000 0048 | be60 3940 | dcc0 0200 | 00ff 86f8 | 0000 00be | 0100 0000 | e905 0000 | 00be 0000 
  0x000002c0bdaa3514: 0000 83e6 

  0x000002c0bdaa3518: ;   {metadata(method data for {method} {0x000002c0dac54230} 'shape' '(Lcom/sun/javafx/text/TextRun;[CLcom/sun/javafx/text/GlyphLayout;)V' in 'com/sun/javafx/text/PrismTextLayout')}
  0x000002c0bdaa3518: 0185 f648 | be68 2a40 | dcc0 0200 | 00bf 8006 | 0000 7505 | bf70 0600 | 0048 8b1c | 3e48 8d5b 
  0x000002c0bdaa3538: 0148 891c | 3e0f 85c7 | 0e00 0049 

  0x000002c0bdaa3544: ;   {metadata(method data for {method} {0x000002c0dac54230} 'shape' '(Lcom/sun/javafx/text/TextRun;[CLcom/sun/javafx/text/GlyphLayout;)V' in 'com/sun/javafx/text/PrismTextLayout')}
  0x000002c0bdaa3544: 8bf0 48bf | 682a 40dc | c002 0000 | 4883 87a0 | 0600 0001 | 418b 700c 

  0x000002c0bdaa355c: ;   {metadata(method data for {method} {0x000002c0dac54230} 'shape' '(Lcom/sun/javafx/text/TextRun;[CLcom/sun/javafx/text/GlyphLayout;)V' in 'com/sun/javafx/text/PrismTextLayout')}
  0x000002c0bdaa355c: 85f6 48be | 682a 40dc | c002 0000 | bfd0 0600 | 007f 05bf | c006 0000 | 488b 1c3e | 488d 5b01 
  0x000002c0bdaa357c: 4889 1c3e | 0f8f 710e | 0000 498b 

  0x000002c0bdaa3588: ;   {metadata(method data for {method} {0x000002c0dac54230} 'shape' '(Lcom/sun/javafx/text/TextRun;[CLcom/sun/javafx/text/GlyphLayout;)V' in 'com/sun/javafx/text/PrismTextLayout')}
  0x000002c0bdaa3588: f048 bf68 | 2a40 dcc0 | 0200 0048 | 8387 f006 

  0x000002c0bdaa3598: ;   {metadata(method data for {method} {0x000002c0db039fd0} 'isComplex' '()Z' in 'com/sun/javafx/text/TextRun')}
  0x000002c0bdaa3598: 0000 0148 | be00 4c40 | dcc0 0200 | 008b be90 | 0000 0083 | c702 89be | 9000 0000 | 81e7 feff 
  0x000002c0bdaa35b8: 1f00 85ff | 0f84 1f11 | 0000 83e2 

  0x000002c0bdaa35c4: ;   {metadata(method data for {method} {0x000002c0db039fd0} 'isComplex' '()Z' in 'com/sun/javafx/text/TextRun')}
  0x000002c0bdaa35c4: 2085 d248 | ba00 4c40 | dcc0 0200 | 00be d800 | 0000 7405 | bee8 0000 | 0048 8b3c | 3248 8d7f 
  0x000002c0bdaa35e4: 0148 893c | 320f 841a 

  0x000002c0bdaa35ec: ;   {metadata(method data for {method} {0x000002c0db039fd0} 'isComplex' '()Z' in 'com/sun/javafx/text/TextRun')}
  0x000002c0bdaa35ec: 0000 0048 | ba00 4c40 | dcc0 0200 | 00ff 82f8 | 0000 00ba | 0100 0000 | e905 0000 | 00ba 0000 
  0x000002c0bdaa360c: 0000 83e2 

  0x000002c0bdaa3610: ;   {metadata(method data for {method} {0x000002c0dac54230} 'shape' '(Lcom/sun/javafx/text/TextRun;[CLcom/sun/javafx/text/GlyphLayout;)V' in 'com/sun/javafx/text/PrismTextLayout')}
  0x000002c0bdaa3610: 0185 d248 | ba68 2a40 | dcc0 0200 | 00be 2007 | 0000 7505 | be10 0700 | 0048 8b3c | 3248 8d7f 
  0x000002c0bdaa3630: 0148 893c | 320f 852d | 0d00 0048 | 8b84 24b0 | 0000 0048 | 3b00 488b 

  0x000002c0bdaa3648: ;   {metadata(method data for {method} {0x000002c0dac54230} 'shape' '(Lcom/sun/javafx/text/TextRun;[CLcom/sun/javafx/text/GlyphLayout;)V' in 'com/sun/javafx/text/PrismTextLayout')}
  0x000002c0bdaa3648: f048 bf68 | 2a40 dcc0 | 0200 008b | 7608 41ba | 0000 0092 | 4903 f248 | 3bb7 8007 | 0000 750d 
  0x000002c0bdaa3668: 4883 8788 | 0700 0001 | e960 0000 | 0048 3bb7 | 9007 0000 | 750d 4883 | 8798 0700 | 0001 e94a 
  0x000002c0bdaa3688: 0000 0048 | 83bf 8007 | 0000 0075 | 1748 89b7 | 8007 0000 | 48c7 8788 | 0700 0001 | 0000 00e9 
  0x000002c0bdaa36a8: 2900 0000 | 4883 bf90 | 0700 0000 | 7517 4889 | b790 0700 | 0048 c787 | 9807 0000 | 0100 0000 
  0x000002c0bdaa36c8: e908 0000 | 0048 8387 | 7807 0000 | 0148 8bd0 | 4889 8424 | b000 0000 | 0f1f 4400 | 0048 b820 
  0x000002c0bdaa36e8: 91f5 f3c0 

  0x000002c0bdaa36ec: ;   {virtual_call}
  0x000002c0bdaa36ec: 0200 00e8 

  0x000002c0bdaa36f0: ; ImmutableOopMap {[120]=Oop [128]=Oop [136]=Oop [176]=Oop }
                      ;*invokeinterface getFontResource {reexecute=0 rethrow=0 return_oop=0}
                      ; - com.sun.javafx.text.PrismTextLayout::shape@335 (line 885)
  0x000002c0bdaa36f0: 9e6b 3707 

  0x000002c0bdaa36f4: ;   {post_call_nop}
  0x000002c0bdaa36f4: 0f1f 8400 | 6c15 0008 | 4889 8424 | c000 0000 | 4c8b 8424 | 8000 0000 

  0x000002c0bdaa370c: ;   {metadata(method data for {method} {0x000002c0dac54230} 'shape' '(Lcom/sun/javafx/text/TextRun;[CLcom/sun/javafx/text/GlyphLayout;)V' in 'com/sun/javafx/text/PrismTextLayout')}
  0x000002c0bdaa370c: 48ba 682a | 40dc c002 | 0000 4883 | 82b8 0700 | 0001 4c8b | 8424 8000 | 0000 418b | 7010 89b4 
  0x000002c0bdaa372c: 24cc 0000 | 0049 8bd0 

  0x000002c0bdaa3734: ;   {metadata(method data for {method} {0x000002c0dac54230} 'shape' '(Lcom/sun/javafx/text/TextRun;[CLcom/sun/javafx/text/GlyphLayout;)V' in 'com/sun/javafx/text/PrismTextLayout')}
  0x000002c0bdaa3734: 48bf 682a | 40dc c002 | 0000 4883 | 87e8 0700 | 0001 418b | 7814 89bc | 24c8 0000 | 0048 8b54 
  0x000002c0bdaa3754: 2478 8b5a | 4c48 c1e3 | 0348 85db 

  0x000002c0bdaa3760: ;   {metadata(method data for {method} {0x000002c0dac54230} 'shape' '(Lcom/sun/javafx/text/TextRun;[CLcom/sun/javafx/text/GlyphLayout;)V' in 'com/sun/javafx/text/PrismTextLayout')}
  0x000002c0bdaa3760: 48b9 682a | 40dc c002 | 0000 41b9 | 0808 0000 | 7506 41b9 | 1808 0000 | 4e8b 1c09 | 4d8d 5b01 
  0x000002c0bdaa3780: 4e89 1c09 | 0f85 1d05 | 0000 488b | 9424 b000 

  0x000002c0bdaa3790: ;   {metadata(method data for {method} {0x000002c0dac54230} 'shape' '(Lcom/sun/javafx/text/TextRun;[CLcom/sun/javafx/text/GlyphLayout;)V' in 'com/sun/javafx/text/PrismTextLayout')}
  0x000002c0bdaa3790: 0000 48bb | 682a 40dc | c002 0000 | 8b52 0841 | ba00 0000 | 9249 03d2 | 483b 9330 | 0800 0075 
  0x000002c0bdaa37b0: 0d48 8383 | 3808 0000 | 01e9 6000 | 0000 483b | 9340 0800 | 0075 0d48 | 8383 4808 | 0000 01e9 
  0x000002c0bdaa37d0: 4a00 0000 | 4883 bb30 | 0800 0000 | 7517 4889 | 9330 0800 | 0048 c783 | 3808 0000 | 0100 0000 
  0x000002c0bdaa37f0: e929 0000 | 0048 83bb | 4008 0000 | 0075 1748 | 8993 4008 | 0000 48c7 | 8348 0800 | 0001 0000 
  0x000002c0bdaa3810: 00e9 0800 | 0000 4883 | 8328 0800 | 0001 488b | 9424 b000 | 0000 0f1f | 8000 0000 | 0048 b848 
  0x000002c0bdaa3830: 91f5 f3c0 

  0x000002c0bdaa3834: ;   {virtual_call}
  0x000002c0bdaa3834: 0200 00e8 

  0x000002c0bdaa3838: ; ImmutableOopMap {[128]=Oop [136]=Oop [192]=Oop }
                      ;*invokeinterface getSize {reexecute=0 rethrow=0 return_oop=0}
                      ; - com.sun.javafx.text.PrismTextLayout::shape@363 (line 891)
  0x000002c0bdaa3838: 5673 3707 

  0x000002c0bdaa383c: ;   {post_call_nop}
  0x000002c0bdaa383c: 0f1f 8400 | b416 0009 | c5fa 1184 | 24fc 0000 | 0048 8b84 | 24c0 0000 | 0048 3b00 

  0x000002c0bdaa3858: ;   {metadata(method data for {method} {0x000002c0dac54230} 'shape' '(Lcom/sun/javafx/text/TextRun;[CLcom/sun/javafx/text/GlyphLayout;)V' in 'com/sun/javafx/text/PrismTextLayout')}
  0x000002c0bdaa3858: 488b d048 | be68 2a40 | dcc0 0200 | 008b 5208 | 41ba 0000 | 0092 4903 | d248 3b96 | 6008 0000 
  0x000002c0bdaa3878: 750d 4883 | 8668 0800 | 0001 e960 | 0000 0048 | 3b96 7008 | 0000 750d | 4883 8678 | 0800 0001 
  0x000002c0bdaa3898: e94a 0000 | 0048 83be | 6008 0000 | 0075 1748 | 8996 6008 | 0000 48c7 | 8668 0800 | 0001 0000 
  0x000002c0bdaa38b8: 00e9 2900 | 0000 4883 | be70 0800 | 0000 7517 | 4889 9670 | 0800 0048 | c786 7808 | 0000 0100 
  0x000002c0bdaa38d8: 0000 e908 | 0000 0048 | 8386 5808 | 0000 0148 | 8bd0 6666 | 9048 b870 | 91f5 f3c0 

  0x000002c0bdaa38f4: ;   {virtual_call}
  0x000002c0bdaa38f4: 0200 00e8 

  0x000002c0bdaa38f8: ; ImmutableOopMap {[128]=Oop [136]=Oop [192]=Oop }
                      ;*invokeinterface getGlyphMapper {reexecute=0 rethrow=0 return_oop=0}
                      ; - com.sun.javafx.text.PrismTextLayout::shape@372 (line 892)
  0x000002c0bdaa38f8: 060e 3507 

  0x000002c0bdaa38fc: ;   {post_call_nop}
  0x000002c0bdaa38fc: 0f1f 8400 | 7417 000a | 4c8b d88b | 9c24 c800 

  0x000002c0bdaa390c: ;   {metadata({type array int})}
  0x000002c0bdaa390c: 0000 48ba | 5847 1892 | 0000 0000 | 4863 db48 | 8bfb 4881 | fbff ffff | 000f 87e1 | 0d00 00be 
  0x000002c0bdaa392c: 1700 0000 | 488d 349e | 4883 e6f8 | 498b 87c8 | 0100 0048 | 8d34 3049 | 3bb7 d801 | 0000 0f87 
  0x000002c0bdaa394c: bc0d 0000 | 4989 b7c8 | 0100 0048 | 2bf0 48c7 | 0001 0000 | 0048 8bca | 41ba 0000 | 0092 492b 
  0x000002c0bdaa396c: ca89 4808 | 8958 0c48 | 83ee 1048 | 85f6 0f84 | 1100 0000 | 4833 db48 | c1ee 0348 | 895c f008 
  0x000002c0bdaa398c: 48ff ce75 | f648 8984 | 24d0 0000 | 0049 3b03 

  0x000002c0bdaa399c: ;   {metadata(method data for {method} {0x000002c0dac54230} 'shape' '(Lcom/sun/javafx/text/TextRun;[CLcom/sun/javafx/text/GlyphLayout;)V' in 'com/sun/javafx/text/PrismTextLayout')}
  0x000002c0bdaa399c: 4d8b c349 | b968 2a40 | dcc0 0200 | 0045 8b40 | 0841 ba00 | 0000 924d | 03c2 4d3b | 8190 0800 
  0x000002c0bdaa39bc: 0075 0d49 | 8381 9808 | 0000 01e9 | 6000 0000 | 4d3b 81a0 | 0800 0075 | 0d49 8381 | a808 0000 
  0x000002c0bdaa39dc: 01e9 4a00 | 0000 4983 | b990 0800 | 0000 7517 | 4d89 8190 | 0800 0049 | c781 9808 | 0000 0100 
  0x000002c0bdaa39fc: 0000 e929 | 0000 0049 | 83b9 a008 | 0000 0075 | 174d 8981 | a008 0000 | 49c7 81a8 | 0800 0001 
  0x000002c0bdaa3a1c: 0000 00e9 | 0800 0000 | 4983 8188 | 0800 0001 | 448b 8424 | cc00 0000 | 448b 8c24 | c800 0000 
  0x000002c0bdaa3a3c: 488b bc24 | 8800 0000 | 488b f049 | 8bd3 0f1f 

  0x000002c0bdaa3a4c: ;   {optimized virtual_call}
  0x000002c0bdaa3a4c: 4400 00e8 

  0x000002c0bdaa3a50: ; ImmutableOopMap {[128]=Oop [192]=Oop [208]=Oop }
                      ;*invokevirtual charsToGlyphs {reexecute=0 rethrow=0 return_oop=0}
                      ; - com.sun.javafx.text.PrismTextLayout::shape@394 (line 896)
  0x000002c0bdaa3a50: 7910 0000 

  0x000002c0bdaa3a54: ;   {post_call_nop}
  0x000002c0bdaa3a54: 0f1f 8400 | cc18 000b | 8bbc 24c8 | 0000 00ff | c7d1 e748 

  0x000002c0bdaa3a68: ;   {metadata({type array float})}
  0x000002c0bdaa3a68: 8bdf 48ba | 583f 1892 | 0000 0000 | 4863 db48 | 8bfb 4881 | fbff ffff | 000f 8794 | 0c00 00be 
  0x000002c0bdaa3a88: 1700 0000 | 488d 349e | 4883 e6f8 | 498b 87c8 | 0100 0048 | 8d34 3049 | 3bb7 d801 | 0000 0f87 
  0x000002c0bdaa3aa8: 6f0c 0000 | 4989 b7c8 | 0100 0048 | 2bf0 48c7 | 0001 0000 | 0048 8bca | 41ba 0000 | 0092 492b 
  0x000002c0bdaa3ac8: ca89 4808 | 8958 0c48 | 83ee 1048 | 85f6 0f84 | 1100 0000 | 4833 db48 | c1ee 0348 | 895c f008 
  0x000002c0bdaa3ae8: 48ff ce75 | f648 8984 | 24e0 0000 | 00be 0000 

  0x000002c0bdaa3af8: ;   {section_word}
  0x000002c0bdaa3af8: 0000 c5fa | 100d aee7 | ffff e948 | 0100 0090 | 3b70 0c0f | 8314 0c00 | 004c 63c6 | 468b 4480 
  0x000002c0bdaa3b18: 1048 8bd3 

  0x000002c0bdaa3b1c: ;   {metadata(method data for {method} {0x000002c0dac54230} 'shape' '(Lcom/sun/javafx/text/TextRun;[CLcom/sun/javafx/text/GlyphLayout;)V' in 'com/sun/javafx/text/PrismTextLayout')}
  0x000002c0bdaa3b1c: 49b9 682a | 40dc c002 | 0000 8b52 | 0841 ba00 | 0000 9249 | 03d2 493b | 91e0 0800 | 0075 0d49 
  0x000002c0bdaa3b3c: 8381 e808 | 0000 01e9 | 6000 0000 | 493b 91f0 | 0800 0075 | 0d49 8381 | f808 0000 | 01e9 4a00 
  0x000002c0bdaa3b5c: 0000 4983 | b9e0 0800 | 0000 7517 | 4989 91e0 | 0800 0049 | c781 e808 | 0000 0100 | 0000 e929 
  0x000002c0bdaa3b7c: 0000 0049 | 83b9 f008 | 0000 0075 | 1749 8991 | f008 0000 | 49c7 81f8 | 0800 0001 | 0000 00e9 
  0x000002c0bdaa3b9c: 0800 0000 | 4983 81d8 | 0800 0001 | c5f8 28d0 | c5f8 28c2 | 488b d389 | b424 d800 | 0000 6666 
  0x000002c0bdaa3bbc: 9048 b898 | 91f5 f3c0 

  0x000002c0bdaa3bc4: ;   {virtual_call}
  0x000002c0bdaa3bc4: 0200 00e8 

  0x000002c0bdaa3bc8: ; ImmutableOopMap {[128]=Oop [192]=Oop [208]=Oop [224]=Oop }
                      ;*invokeinterface getAdvance {reexecute=0 rethrow=0 return_oop=0}
                      ; - com.sun.javafx.text.PrismTextLayout::shape@429 (line 900)
  0x000002c0bdaa3bc8: 36d8 2d07 

  0x000002c0bdaa3bcc: ;   {post_call_nop}
  0x000002c0bdaa3bcc: 0f1f 8400 | 441a 000c | 8bb4 24d8 | 0000 00d1 | e648 8b84 | 24e0 0000 | 003b 700c | 0f83 450b 
  0x000002c0bdaa3bec: 0000 4863 | f6c5 fa10 | 8c24 0001 | 0000 c5fa | 114c b010 | c5fa 58c1 | 8bb4 24d8 | 0000 00ff 
  0x000002c0bdaa3c0c: ;   {metadata(method data for {method} {0x000002c0dac54230} 'shape' '(Lcom/sun/javafx/text/TextRun;[CLcom/sun/javafx/text/GlyphLayout;)V' in 'com/sun/javafx/text/PrismTextLayout')}
  0x000002c0bdaa3c0c: c648 ba68 | 2a40 dcc0 | 0200 008b | ba94 0000 | 0083 c702 | 89ba 9400 | 0000 81e7 | fe3f 0000 
  0x000002c0bdaa3c2c: 85ff 0f84 | 0d0b 0000 

  0x000002c0bdaa3c34: ; ImmutableOopMap {rax=Oop [128]=Oop [192]=Oop [208]=Oop [224]=Oop }
                      ;*goto {reexecute=1 rethrow=0 return_oop=0}
                      ; - (reexecute) com.sun.javafx.text.PrismTextLayout::shape@455 (line 899)
  0x000002c0bdaa3c34: 4d8b 5730 

  0x000002c0bdaa3c38: ;   {poll}
  0x000002c0bdaa3c38: 4185 0248 | ba68 2a40 | dcc0 0200 | 00ff 8208 | 0900 00c5 | f828 c8c5 | fa11 8c24 | 0001 0000 
  0x000002c0bdaa3c58: 488b 8424 | d000 0000 | c5fa 1084 | 24fc 0000 | 008b bc24 | c800 0000 | 488b 9c24 | c000 0000 
  0x000002c0bdaa3c78: ;   {metadata(method data for {method} {0x000002c0dac54230} 'shape' '(Lcom/sun/javafx/text/TextRun;[CLcom/sun/javafx/text/GlyphLayout;)V' in 'com/sun/javafx/text/PrismTextLayout')}
  0x000002c0bdaa3c78: 3bf7 49b8 | 682a 40dc | c002 0000 | bab8 0800 | 007d 05ba | c808 0000 | 4d8b 0c10 | 4d8d 4901 
  0x000002c0bdaa3c98: 4d89 0c10 | 0f8d ac05 | 0000 e961 | feff ff0f | be73 1c85 

  0x000002c0bdaa3cac: ;   {metadata(method data for {method} {0x000002c0dac54230} 'shape' '(Lcom/sun/javafx/text/TextRun;[CLcom/sun/javafx/text/GlyphLayout;)V' in 'com/sun/javafx/text/PrismTextLayout')}
  0x000002c0bdaa3cac: f648 be68 | 2a40 dcc0 | 0200 00bf | 7809 0000 | 7405 bf68 | 0900 0048 | 8b1c 3e48 | 8d5b 0148 
  0x000002c0bdaa3ccc: 891c 3e0f | 8415 0000 | 0044 8b84 | 24c8 0000 | 0048 8bbc | 2480 0000 | 00e9 7b04 | 0000 488b 
  0x000002c0bdaa3cec: bc24 b000 

  0x000002c0bdaa3cf0: ;   {metadata(method data for {method} {0x000002c0dac54230} 'shape' '(Lcom/sun/javafx/text/TextRun;[CLcom/sun/javafx/text/GlyphLayout;)V' in 'com/sun/javafx/text/PrismTextLayout')}
  0x000002c0bdaa3cf0: 0000 48bb | 682a 40dc | c002 0000 | 8b7f 0841 | ba00 0000 | 9249 03fa | 483b bb90 | 0900 0075 
  0x000002c0bdaa3d10: 0d48 8383 | 9809 0000 | 01e9 6000 | 0000 483b | bba0 0900 | 0075 0d48 | 8383 a809 | 0000 01e9 
  0x000002c0bdaa3d30: 4a00 0000 | 4883 bb90 | 0900 0000 | 7517 4889 | bb90 0900 | 0048 c783 | 9809 0000 | 0100 0000 
  0x000002c0bdaa3d50: e929 0000 | 0048 83bb | a009 0000 | 0075 1748 | 89bb a009 | 0000 48c7 | 83a8 0900 | 0001 0000 
  0x000002c0bdaa3d70: 00e9 0800 | 0000 4883 | 8388 0900 | 0001 488b | 9424 b000 | 0000 0f1f | 8000 0000 | 0048 b8c0 
  0x000002c0bdaa3d90: 91f5 f3c0 

  0x000002c0bdaa3d94: ;   {virtual_call}
  0x000002c0bdaa3d94: 0200 00e8 

  0x000002c0bdaa3d98: ; ImmutableOopMap {[120]=Oop [128]=Oop [136]=Oop [192]=Oop }
                      ;*invokeinterface getSize {reexecute=0 rethrow=0 return_oop=0}
                      ; - com.sun.javafx.text.PrismTextLayout::shape@493 (line 912)
  0x000002c0bdaa3d98: f66d 3707 

  0x000002c0bdaa3d9c: ;   {post_call_nop}
  0x000002c0bdaa3d9c: 0f1f 8400 | 141c 000e | c5fa 1184 | 2404 0100 | 0048 8b84 | 24c0 0000 | 0048 3b00 

  0x000002c0bdaa3db8: ;   {metadata(method data for {method} {0x000002c0dac54230} 'shape' '(Lcom/sun/javafx/text/TextRun;[CLcom/sun/javafx/text/GlyphLayout;)V' in 'com/sun/javafx/text/PrismTextLayout')}
  0x000002c0bdaa3db8: 488b d048 | be68 2a40 | dcc0 0200 | 008b 5208 | 41ba 0000 | 0092 4903 | d248 3b96 | c009 0000 
  0x000002c0bdaa3dd8: 750d 4883 | 86c8 0900 | 0001 e960 | 0000 0048 | 3b96 d009 | 0000 750d | 4883 86d8 | 0900 0001 
  0x000002c0bdaa3df8: e94a 0000 | 0048 83be | c009 0000 | 0075 1748 | 8996 c009 | 0000 48c7 | 86c8 0900 | 0001 0000 
  0x000002c0bdaa3e18: 00e9 2900 | 0000 4883 | bed0 0900 | 0000 7517 | 4889 96d0 | 0900 0048 | c786 d809 | 0000 0100 
  0x000002c0bdaa3e38: 0000 e908 | 0000 0048 | 8386 b809 | 0000 0148 | 8bd0 6666 | 9048 b8e8 | 91f5 f3c0 

  0x000002c0bdaa3e54: ;   {virtual_call}
  0x000002c0bdaa3e54: 0200 00e8 

  0x000002c0bdaa3e58: ; ImmutableOopMap {[120]=Oop [128]=Oop [136]=Oop [192]=Oop }
                      ;*invokeinterface getGlyphMapper {reexecute=0 rethrow=0 return_oop=0}
                      ; - com.sun.javafx.text.PrismTextLayout::shape@502 (line 913)
  0x000002c0bdaa3e58: a608 3507 

  0x000002c0bdaa3e5c: ;   {post_call_nop}
  0x000002c0bdaa3e5c: 0f1f 8400 | d41c 000f | 488b 5424 | 7844 8b42 | 4c49 c1e0 | 0341 8b70 | 2048 c1e6 | 0348 3b00 
  0x000002c0bdaa3e7c: ;   {metadata(method data for {method} {0x000002c0dac54230} 'shape' '(Lcom/sun/javafx/text/TextRun;[CLcom/sun/javafx/text/GlyphLayout;)V' in 'com/sun/javafx/text/PrismTextLayout')}
  0x000002c0bdaa3e7c: 4c8b c049 | b968 2a40 | dcc0 0200 | 0045 8b40 | 0841 ba00 | 0000 924d | 03c2 4d3b | 81f0 0900 
  0x000002c0bdaa3e9c: 0075 0d49 | 8381 f809 | 0000 01e9 | 6000 0000 | 4d3b 8100 | 0a00 0075 | 0d49 8381 | 080a 0000 
  0x000002c0bdaa3ebc: 01e9 4a00 | 0000 4983 | b9f0 0900 | 0000 7517 | 4d89 81f0 | 0900 0049 | c781 f809 | 0000 0100 
  0x000002c0bdaa3edc: 0000 e929 | 0000 0049 | 83b9 000a | 0000 0075 | 174d 8981 | 000a 0000 | 49c7 8108 | 0a00 0001 
  0x000002c0bdaa3efc: 0000 00e9 | 0800 0000 | 4983 81e8 | 0900 0001 | 448b 8424 | cc00 0000 | 448b 8c24 | c800 0000 
  0x000002c0bdaa3f1c: 488b bc24 | 8800 0000 | 8b8c 24cc | 0000 0048 

  0x000002c0bdaa3f2c: ;   {optimized virtual_call}
  0x000002c0bdaa3f2c: 8bd0 90e8 

  0x000002c0bdaa3f30: ; ImmutableOopMap {[120]=Oop [128]=Oop [192]=Oop }
                      ;*invokevirtual charsToGlyphs {reexecute=0 rethrow=0 return_oop=0}
                      ; - com.sun.javafx.text.PrismTextLayout::shape@525 (line 914)
  0x000002c0bdaa3f30: ec39 1f00 

  0x000002c0bdaa3f34: ;   {post_call_nop}
  0x000002c0bdaa3f34: 0f1f 8400 | ac1d 0010 | 8bb4 24cc | 0000 0003 | b424 c800 | 0000 89b4 | 24e8 0000 | 008b bc24 
  0x000002c0bdaa3f54: cc00 0000 

  0x000002c0bdaa3f58: ;   {section_word}
  0x000002c0bdaa3f58: c5fa 100d | 54e3 ffff | c5fa 118c | 2408 0100 | 00c5 fa10 | 8424 0401 | 0000 488b | 8424 c000 
  0x000002c0bdaa3f78: 0000 488b | 5424 78e9 | 8401 0000 | 0f1f 4000 | 448b 424c | 49c1 e003 

  0x000002c0bdaa3f90: ; implicit exception: dispatches to 0x000002c0bdaa4776
  0x000002c0bdaa3f90: 458b 4020 | 49c1 e003 

  0x000002c0bdaa3f98: ; implicit exception: dispatches to 0x000002c0bdaa477b
  0x000002c0bdaa3f98: 413b 780c | 0f83 e307 | 0000 4863 | df45 8b44 | 9810 488b 

  0x000002c0bdaa3fac: ;   {metadata(method data for {method} {0x000002c0dac54230} 'shape' '(Lcom/sun/javafx/text/TextRun;[CLcom/sun/javafx/text/GlyphLayout;)V' in 'com/sun/javafx/text/PrismTextLayout')}
  0x000002c0bdaa3fac: d848 b968 | 2a40 dcc0 | 0200 008b | 5b08 41ba | 0000 0092 | 4903 da48 | 3b99 400a | 0000 750d 
  0x000002c0bdaa3fcc: 4883 8148 | 0a00 0001 | e960 0000 | 0048 3b99 | 500a 0000 | 750d 4883 | 8158 0a00 | 0001 e94a 
  0x000002c0bdaa3fec: 0000 0048 | 83b9 400a | 0000 0075 | 1748 8999 | 400a 0000 | 48c7 8148 | 0a00 0001 | 0000 00e9 
  0x000002c0bdaa400c: 2900 0000 | 4883 b950 | 0a00 0000 | 7517 4889 | 9950 0a00 | 0048 c781 | 580a 0000 | 0100 0000 
  0x000002c0bdaa402c: e908 0000 | 0048 8381 | 380a 0000 | 01c5 f828 | d0c5 f828 | c248 8bd0 | 89bc 24dc | 0000 0066 
  0x000002c0bdaa404c: 9048 b810 | 92f5 f3c0 

  0x000002c0bdaa4054: ;   {virtual_call}
  0x000002c0bdaa4054: 0200 00e8 

  0x000002c0bdaa4058: ; ImmutableOopMap {[120]=Oop [128]=Oop [192]=Oop }
                      ;*invokeinterface getAdvance {reexecute=0 rethrow=0 return_oop=0}
                      ; - com.sun.javafx.text.PrismTextLayout::shape@563 (line 918)
  0x000002c0bdaa4058: a6d3 2d07 

  0x000002c0bdaa405c: ;   {post_call_nop}
  0x000002c0bdaa405c: 0f1f 8400 | d41e 0011 | 488b 5424 | 7844 8b42 | 4c49 c1e0 | 0345 8b40 | 2449 c1e0 | 038b bc24 
  0x000002c0bdaa407c: dc00 0000 

  0x000002c0bdaa4080: ; implicit exception: dispatches to 0x000002c0bdaa4798
  0x000002c0bdaa4080: 413b 780c | 0f83 1807 | 0000 4c63 | cfc4 817a | 1144 8810 | c5fa 5884 | 2408 0100 

  0x000002c0bdaa409c: ;   {metadata(method data for {method} {0x000002c0dac54230} 'shape' '(Lcom/sun/javafx/text/TextRun;[CLcom/sun/javafx/text/GlyphLayout;)V' in 'com/sun/javafx/text/PrismTextLayout')}
  0x000002c0bdaa409c: 00ff c749 | b868 2a40 | dcc0 0200 | 0045 8b88 | 9400 0000 | 4183 c102 | 4589 8894 | 0000 0041 
  0x000002c0bdaa40bc: 81e1 fe3f | 0000 4585 | c90f 84e5 | 0600 004d 

  0x000002c0bdaa40cc: ; ImmutableOopMap {rdx=Oop [120]=Oop [128]=Oop [192]=Oop }
                      ;*goto {reexecute=1 rethrow=0 return_oop=0}
                      ; - (reexecute) com.sun.javafx.text.PrismTextLayout::shape@592 (line 917)
                      ;   {poll}
  0x000002c0bdaa40cc: 8b57 3041 

  0x000002c0bdaa40d0: ;   {metadata(method data for {method} {0x000002c0dac54230} 'shape' '(Lcom/sun/javafx/text/TextRun;[CLcom/sun/javafx/text/GlyphLayout;)V' in 'com/sun/javafx/text/PrismTextLayout')}
  0x000002c0bdaa40d0: 8502 49b8 | 682a 40dc | c002 0000 | 41ff 8068 | 0a00 00c5 | f828 c8c5 | fa11 8c24 | 0801 0000 
  0x000002c0bdaa40f0: 8bb4 24e8 | 0000 00c5 | fa10 8424 | 0401 0000 | 488b 8424 | c000 0000 

  0x000002c0bdaa4108: ;   {metadata(method data for {method} {0x000002c0dac54230} 'shape' '(Lcom/sun/javafx/text/TextRun;[CLcom/sun/javafx/text/GlyphLayout;)V' in 'com/sun/javafx/text/PrismTextLayout')}
  0x000002c0bdaa4108: 3bfe 49b8 | 682a 40dc | c002 0000 | bb28 0a00 | 007c 05bb | 180a 0000 | 498b 0c18 | 488d 4901 
  0x000002c0bdaa4128: 4989 0c18 | 0f8c 56fe | ffff c5fa | 108c 2408 | 0100 0048 | 8bbc 2480 | 0000 004c 

  0x000002c0bdaa4144: ;   {metadata(method data for {method} {0x000002c0dac54230} 'shape' '(Lcom/sun/javafx/text/TextRun;[CLcom/sun/javafx/text/GlyphLayout;)V' in 'com/sun/javafx/text/PrismTextLayout')}
  0x000002c0bdaa4144: 8bc7 49b9 | 682a 40dc | c002 0000 | 4983 8190 | 0a00 0001 | c5fa 114f | 1844 8b84 | 24c8 0000 
  0x000002c0bdaa4164: 0044 8b4a | 4c49 c1e1 | 0341 8b71 | 2048 c1e6 | 0345 8b49 | 2449 c1e1 | 0348 8bd7 

  0x000002c0bdaa4180: ;   {metadata(method data for {method} {0x000002c0dac54230} 'shape' '(Lcom/sun/javafx/text/TextRun;[CLcom/sun/javafx/text/GlyphLayout;)V' in 'com/sun/javafx/text/PrismTextLayout')}
  0x000002c0bdaa4180: 48bb 682a | 40dc c002 | 0000 4883 | 83c0 0a00 

  0x000002c0bdaa4190: ;   {metadata(method data for {method} {0x000002c0db03b470} 'shape' '(I[I[F)V' in 'com/sun/javafx/text/TextRun')}
  0x000002c0bdaa4190: 0001 48ba | 78d7 85dc | c002 0000 | 8b9a 9000 | 0000 83c3 | 0289 9a90 | 0000 0081 | e3fe ff1f 
  0x000002c0bdaa41b0: 0085 db0f | 841d 0600 | 0044 8947 | 0c45 0fbe | 4748 4585 | c00f 852c | 0600 004c | 8bd6 49c1 
  0x000002c0bdaa41d0: ea03 4489 | 5740 4c8b | c74c 33c6 | 49c1 e816 | 4983 f800 | 0f85 2d06 | 0000 450f | be47 4845 
  0x000002c0bdaa41f0: 85c0 0f85 | 3706 0000 | 4d8b d149 | c1ea 0344 | 8957 444c | 8bc7 4d33 | c149 c1e8 | 1649 83f8 
  0x000002c0bdaa4210: 000f 8538 | 0600 0045 | 0fbe 4748 | 4585 c00f | 8542 0600 | 00c7 4748 | 0000 0000 | 448b 472c 
  0x000002c0bdaa4230: 4181 c800 | 1000 0044 | 8947 2c48 | 81c4 2001 

  0x000002c0bdaa4240: ;   {poll_return}
  0x000002c0bdaa4240: 0000 5d49 | 3b67 280f | 873a 0600 | 00c3 c5fa | 108c 2400 | 0100 004c | 8bc8 4c8b | c748 8bbc 
  0x000002c0bdaa4260: 2480 0000 | 0048 8b84 | 24e0 0000 | 0049 8bf0 | d1e6 3b70 | 0c0f 8322 | 0600 0048 | 63f6 c5fa 
  0x000002c0bdaa4280: 114c b010 

  0x000002c0bdaa4284: ;   {metadata(method data for {method} {0x000002c0dac54230} 'shape' '(Lcom/sun/javafx/text/TextRun;[CLcom/sun/javafx/text/GlyphLayout;)V' in 'com/sun/javafx/text/PrismTextLayout')}
  0x000002c0bdaa4284: 488b f748 | ba68 2a40 | dcc0 0200 

  0x000002c0bdaa4290: ;   {metadata('com/sun/javafx/text/TextRun')}
  0x000002c0bdaa4290: 0049 ba00 | 6930 9300 | 0000 004c | 8992 2809 | 0000 4883 | 8230 0900 

  0x000002c0bdaa42a8: ;   {metadata(method data for {method} {0x000002c0db03b3b0} 'shape' '(I[I[F[I)V' in 'com/sun/javafx/text/TextRun')}
  0x000002c0bdaa42a8: 0001 48be | 00d3 85dc | c002 0000 | 8b96 9000 | 0000 83c2 | 0289 9690 | 0000 0081 | e2fe ff1f 
  0x000002c0bdaa42c8: 0085 d20f | 84da 0500 | 0044 8947 | 0c45 0fbe | 4748 4585 | c00f 85e9 | 0500 004d | 8bd1 49c1 
  0x000002c0bdaa42e8: ea03 4489 | 5740 4c8b | c74d 33c1 | 49c1 e816 | 4983 f800 | 0f85 ea05 | 0000 450f | be47 4845 
  0x000002c0bdaa4308: 85c0 0f85 | f405 0000 | 4c8b d049 | c1ea 0344 | 8957 444c | 8bc7 4c33 | c049 c1e8 | 1649 83f8 
  0x000002c0bdaa4328: 000f 85f5 | 0500 0045 | 0fbe 4748 | 4585 c00f | 85ff 0500 | 00c7 4748 | 0000 0000 

  0x000002c0bdaa4344: ;   {metadata(method data for {method} {0x000002c0dac54230} 'shape' '(Lcom/sun/javafx/text/TextRun;[CLcom/sun/javafx/text/GlyphLayout;)V' in 'com/sun/javafx/text/PrismTextLayout')}
  0x000002c0bdaa4344: 49b8 682a | 40dc c002 | 0000 41ff | 8050 0900 | 0048 81c4 | 2001 0000 

  0x000002c0bdaa435c: ;   {poll_return}
  0x000002c0bdaa435c: 5d49 3b67 | 280f 87f5 | 0500 00c3 | 488b b424 | a800 0000 | 488b 8424 | b000 0000 | 488b 9424 
  0x000002c0bdaa437c: 9000 0000 | 488b 9c24 | 8800 0000 | 498b f848 | 3b02 4c8b 

  0x000002c0bdaa4390: ;   {metadata(method data for {method} {0x000002c0dac54230} 'shape' '(Lcom/sun/javafx/text/TextRun;[CLcom/sun/javafx/text/GlyphLayout;)V' in 'com/sun/javafx/text/PrismTextLayout')}
  0x000002c0bdaa4390: c249 b968 | 2a40 dcc0 

  0x000002c0bdaa4398: ;   {metadata('com/sun/javafx/font/directwrite/DWGlyphLayout')}
  0x000002c0bdaa4398: 0200 0049 | ba10 5b0f | 9300 0000 | 004d 8991 | 3807 0000 | 4983 8140 | 0700 0001 | 4c8b c74c 
  0x000002c0bdaa43b8: 8bce 488b | f848 8bf3 | 0f1f 8000 

  0x000002c0bdaa43c4: ;   {optimized virtual_call}
  0x000002c0bdaa43c4: 0000 00e8 

  0x000002c0bdaa43c8: ; ImmutableOopMap {}
                      ;*invokevirtual layout {reexecute=0 rethrow=0 return_oop=0}
                      ; - com.sun.javafx.text.PrismTextLayout::shape@327 (line 883)
  0x000002c0bdaa43c8: 6107 0000 

  0x000002c0bdaa43cc: ;   {post_call_nop}
  0x000002c0bdaa43cc: 0f1f 8400 | 4422 0013 

  0x000002c0bdaa43d4: ;   {metadata(method data for {method} {0x000002c0dac54230} 'shape' '(Lcom/sun/javafx/text/TextRun;[CLcom/sun/javafx/text/GlyphLayout;)V' in 'com/sun/javafx/text/PrismTextLayout')}
  0x000002c0bdaa43d4: 48b9 682a | 40dc c002 | 0000 ff81 | 6007 0000 | 4881 c420 | 0100 005d 

  0x000002c0bdaa43ec: ;   {poll_return}
  0x000002c0bdaa43ec: 493b 6728 | 0f87 8105 | 0000 c348 | 81c4 2001 

  0x000002c0bdaa43fc: ;   {poll_return}
  0x000002c0bdaa43fc: 0000 5d49 | 3b67 280f | 8784 0500 | 00c3 4881 | c420 0100 

  0x000002c0bdaa4410: ;   {poll_return}
  0x000002c0bdaa4410: 005d 493b | 6728 0f87 | 8705 0000 | c348 81c4 | 2001 0000 

  0x000002c0bdaa4424: ;   {poll_return}
  0x000002c0bdaa4424: 5d49 3b67 | 280f 878a | 0500 00c3 | 498b c8d3 | fe48 8b84 | 2498 0000 | 004c 8bc7 

  0x000002c0bdaa4440: ;   {metadata(method data for {method} {0x000002c0dac54230} 'shape' '(Lcom/sun/javafx/text/TextRun;[CLcom/sun/javafx/text/GlyphLayout;)V' in 'com/sun/javafx/text/PrismTextLayout')}
  0x000002c0bdaa4440: 49b9 682a | 40dc c002 

  0x000002c0bdaa4448: ;   {metadata('com/sun/javafx/text/TextRun')}
  0x000002c0bdaa4448: 0000 49ba | 0069 3093 | 0000 0000 | 4d89 9160 | 0200 0049 | 8381 6802 | 0000 014c | 8bc0 4c8b 
  0x000002c0bdaa4468: ce48 8bd7 

  0x000002c0bdaa446c: ;   {optimized virtual_call}
  0x000002c0bdaa446c: 6666 90e8 

  0x000002c0bdaa4470: ; ImmutableOopMap {}
                      ;*invokevirtual setEmbedded {reexecute=0 rethrow=0 return_oop=0}
                      ; - com.sun.javafx.text.PrismTextLayout::shape@61 (line 835)
  0x000002c0bdaa4470: 6cad b006 

  0x000002c0bdaa4474: ;   {post_call_nop}
  0x000002c0bdaa4474: 0f1f 8400 | ec22 0014 | 4881 c420 | 0100 005d 

  0x000002c0bdaa4484: ;   {poll_return}
  0x000002c0bdaa4484: 493b 6728 | 0f87 4105 | 0000 c348 | 81c4 2001 

  0x000002c0bdaa4494: ;   {poll_return}
  0x000002c0bdaa4494: 0000 5d49 | 3b67 280f | 8744 0500 

  0x000002c0bdaa44a0: ;   {metadata({method} {0x000002c0dac54230} 'shape' '(Lcom/sun/javafx/text/TextRun;[CLcom/sun/javafx/text/GlyphLayout;)V' in 'com/sun/javafx/text/PrismTextLayout')}
  0x000002c0bdaa44a0: 00c3 49ba | 2842 c5da | c002 0000 | 4c89 5424 | 0848 c704 | 24ff ffff 

  0x000002c0bdaa44b8: ;   {runtime_call C1 Runtime counter_overflow_blob}
  0x000002c0bdaa44b8: ffe8 2299 

  0x000002c0bdaa44bc: ; ImmutableOopMap {rdx=Oop r8=Oop r9=Oop rdi=Oop [120]=Oop [128]=Oop }
                      ;*synchronization entry
                      ; - com.sun.javafx.text.PrismTextLayout::shape@-1 (line 829)
  0x000002c0bdaa44bc: be06 e970 

  0x000002c0bdaa44c0: ;   {runtime_call C1 Runtime throw_null_pointer_exception_blob}
  0x000002c0bdaa44c0: deff ffe8 

  0x000002c0bdaa44c4: ; ImmutableOopMap {rdx=Oop r8=Oop r9=Oop rdi=Oop [120]=Oop [128]=Oop }
                      ;*arraylength {reexecute=0 rethrow=0 return_oop=0}
                      ; - com.sun.javafx.text.PrismTextLayout::shape@11 (line 830)
  0x000002c0bdaa44c4: 1833 be06 

  0x000002c0bdaa44c8: ;   {runtime_call C1 Runtime throw_null_pointer_exception_blob}
  0x000002c0bdaa44c8: e813 33be 

  0x000002c0bdaa44cc: ; ImmutableOopMap {r8=Oop [120]=Oop [128]=Oop [136]=Oop [144]=Oop }
                      ;*invokevirtual getTextSpan {reexecute=0 rethrow=0 return_oop=0}
                      ; - com.sun.javafx.text.PrismTextLayout::shape@17 (line 831)
                      ;   {runtime_call C1 Runtime throw_null_pointer_exception_blob}
  0x000002c0bdaa44cc: 06e8 0e33 

  0x000002c0bdaa44d0: ; ImmutableOopMap {r8=Oop rsi=Oop [112]=Oop [120]=Oop [128]=Oop [136]=Oop [144]=Oop }
                      ;*invokeinterface getFont {reexecute=0 rethrow=0 return_oop=0}
                      ; - com.sun.javafx.text.PrismTextLayout::shape@24 (line 832)
  0x000002c0bdaa44d0: be06 4889 

  0x000002c0bdaa44d4: ;   {runtime_call C1 Runtime throw_class_cast_exception_blob}
  0x000002c0bdaa44d4: 0424 e885 

  0x000002c0bdaa44d8: ; ImmutableOopMap {[112]=Oop [120]=Oop [128]=Oop [136]=Oop [144]=Oop }
                      ;*checkcast {reexecute=0 rethrow=0 return_oop=0}
                      ; - com.sun.javafx.text.PrismTextLayout::shape@29 (line 832)
                      ;   {runtime_call C1 Runtime throw_null_pointer_exception_blob}
  0x000002c0bdaa44d8: 5fbe 06e8 

  0x000002c0bdaa44dc: ; ImmutableOopMap {rax=Oop [128]=Oop [152]=Oop }
                      ;*invokevirtual length {reexecute=0 rethrow=0 return_oop=0}
                      ; - com.sun.javafx.text.PrismTextLayout::shape@58 (line 835)
  0x000002c0bdaa44dc: 0033 be06 

  0x000002c0bdaa44e0: ;   {metadata({method} {0x0000000092187d60} 'length' '()I' in 'java/lang/String')}
  0x000002c0bdaa44e0: 49ba 587d | 1892 0000 | 0000 4c89 | 5424 0848 | c704 24ff 

  0x000002c0bdaa44f4: ;   {runtime_call C1 Runtime counter_overflow_blob}
  0x000002c0bdaa44f4: ffff ffe8 

  0x000002c0bdaa44f8: ; ImmutableOopMap {rax=Oop [128]=Oop [152]=Oop }
                      ;*synchronization entry
                      ; - java.lang.String::length@-1 (line 1583)
                      ; - com.sun.javafx.text.PrismTextLayout::shape@58 (line 835)
  0x000002c0bdaa44f8: e498 be06 | e99f e2ff 

  0x000002c0bdaa4500: ;   {runtime_call C1 Runtime throw_null_pointer_exception_blob}
  0x000002c0bdaa4500: ffe8 da32 

  0x000002c0bdaa4504: ; ImmutableOopMap {rax=Oop [128]=Oop [152]=Oop }
                      ;*arraylength {reexecute=0 rethrow=0 return_oop=0}
                      ; - java.lang.String::length@4 (line 1583)
                      ; - com.sun.javafx.text.PrismTextLayout::shape@58 (line 835)
                      ;   {metadata({method} {0x00000000924adaf8} 'coder' '()B' in 'java/lang/String')}
  0x000002c0bdaa4504: be06 49ba | f0da 4a92 | 0000 0000 | 4c89 5424 | 0848 c704 | 24ff ffff 

  0x000002c0bdaa451c: ;   {runtime_call C1 Runtime counter_overflow_blob}
  0x000002c0bdaa451c: ffe8 be98 

  0x000002c0bdaa4520: ; ImmutableOopMap {rax=Oop [128]=Oop [152]=Oop }
                      ;*synchronization entry
                      ; - java.lang.String::coder@-1 (line 4885)
                      ; - java.lang.String::length@6 (line 1583)
                      ; - com.sun.javafx.text.PrismTextLayout::shape@58 (line 835)
  0x000002c0bdaa4520: be06 e93e 

  0x000002c0bdaa4524: ;   {runtime_call C1 Runtime throw_incompatible_class_change_error_blob}
  0x000002c0bdaa4524: e3ff ffe8 

  0x000002c0bdaa4528: ; ImmutableOopMap {rsi=Oop [120]=Oop [128]=Oop [136]=Oop [144]=Oop }
                      ;*invokeinterface getStrike {reexecute=0 rethrow=0 return_oop=0}
                      ; - com.sun.javafx.text.PrismTextLayout::shape@70 (line 838)
  0x000002c0bdaa4528: 3462 be06 

  0x000002c0bdaa452c: ;   {runtime_call C1 Runtime throw_null_pointer_exception_blob}
  0x000002c0bdaa452c: e8af 32be 

  0x000002c0bdaa4530: ; ImmutableOopMap {rsi=Oop [120]=Oop [128]=Oop [136]=Oop [144]=Oop }
                      ;*invokeinterface getStrike {reexecute=0 rethrow=0 return_oop=0}
                      ; - com.sun.javafx.text.PrismTextLayout::shape@70 (line 838)
                      ;   {metadata({method} {0x000002c0da843b88} 'getStrike' '(Lcom/sun/javafx/geom/transform/BaseTransform;)Lcom/sun/javafx/font/FontStrike;' in 'com/sun/javafx/font/PrismFont')}
  0x000002c0bdaa4530: 0649 ba80 | 3b84 dac0 | 0200 004c | 8954 2408 | 48c7 0424 | ffff ffff 

  0x000002c0bdaa4548: ;   {runtime_call C1 Runtime counter_overflow_blob}
  0x000002c0bdaa4548: e893 98be 

  0x000002c0bdaa454c: ; ImmutableOopMap {rsi=Oop [120]=Oop [128]=Oop [136]=Oop [144]=Oop }
                      ;*synchronization entry
                      ; - com.sun.javafx.font.PrismFont::getStrike@-1 (line 79)
                      ; - com.sun.javafx.text.PrismTextLayout::shape@70 (line 838)
  0x000002c0bdaa454c: 06e9 c0e3 

  0x000002c0bdaa4550: ;   {runtime_call C1 Runtime throw_null_pointer_exception_blob}
  0x000002c0bdaa4550: ffff e889 

  0x000002c0bdaa4554: ; ImmutableOopMap {rsi=Oop rdx=Oop [120]=Oop [128]=Oop [136]=Oop [144]=Oop }
                      ;*invokeinterface getStrike {reexecute=0 rethrow=0 return_oop=0}
                      ; - com.sun.javafx.font.PrismFont::getStrike@9 (line 79)
                      ; - com.sun.javafx.text.PrismTextLayout::shape@70 (line 838)
                      ;   {runtime_call C1 Runtime throw_null_pointer_exception_blob}
  0x000002c0bdaa4554: 32be 06e8 

  0x000002c0bdaa4558: ; ImmutableOopMap {rdx=Oop rsi=Oop rax=Oop r8=Oop [120]=Oop [128]=Oop [136]=Oop [144]=Oop }
                      ;*invokevirtual getAscent {reexecute=0 rethrow=0 return_oop=0}
                      ; - com.sun.javafx.text.PrismTextLayout::shape@93 (line 845)
  0x000002c0bdaa4558: 8432 be06 

  0x000002c0bdaa455c: ;   {runtime_call C1 Runtime throw_null_pointer_exception_blob}
  0x000002c0bdaa455c: e87f 32be 

  0x000002c0bdaa4560: ; ImmutableOopMap {rax=Oop [120]=Oop [128]=Oop [136]=Oop [144]=Oop [168]=Oop }
                      ;*invokeinterface getMetrics {reexecute=0 rethrow=0 return_oop=0}
                      ; - com.sun.javafx.text.PrismTextLayout::shape@103 (line 846)
                      ;   {runtime_call C1 Runtime throw_incompatible_class_change_error_blob}
  0x000002c0bdaa4560: 06e8 fa61 

  0x000002c0bdaa4564: ; ImmutableOopMap {rax=Oop rsi=Oop [120]=Oop [128]=Oop [136]=Oop [144]=Oop [176]=Oop [184]=Oop }
                      ;*invokeinterface getAscent {reexecute=0 rethrow=0 return_oop=0}
                      ; - com.sun.javafx.text.PrismTextLayout::shape@126 (line 853)
                      ;   {runtime_call C1 Runtime throw_null_pointer_exception_blob}
  0x000002c0bdaa4564: be06 e875 

  0x000002c0bdaa4568: ; ImmutableOopMap {rax=Oop rsi=Oop [120]=Oop [128]=Oop [136]=Oop [144]=Oop [176]=Oop [184]=Oop }
                      ;*invokeinterface getAscent {reexecute=0 rethrow=0 return_oop=0}
                      ; - com.sun.javafx.text.PrismTextLayout::shape@126 (line 853)
                      ;   {runtime_call C1 Runtime throw_incompatible_class_change_error_blob}
  0x000002c0bdaa4568: 32be 06e8 

  0x000002c0bdaa456c: ; ImmutableOopMap {rax=Oop rsi=Oop [120]=Oop [128]=Oop [136]=Oop [144]=Oop [176]=Oop [184]=Oop }
                      ;*invokeinterface getFamilyName {reexecute=0 rethrow=0 return_oop=0}
                      ; - com.sun.javafx.text.PrismTextLayout::shape@135 (line 859)
  0x000002c0bdaa456c: f061 be06 

  0x000002c0bdaa4570: ;   {runtime_call C1 Runtime throw_null_pointer_exception_blob}
  0x000002c0bdaa4570: e86b 32be 

  0x000002c0bdaa4574: ; ImmutableOopMap {rax=Oop rsi=Oop [120]=Oop [128]=Oop [136]=Oop [144]=Oop [176]=Oop [184]=Oop }
                      ;*invokeinterface getFamilyName {reexecute=0 rethrow=0 return_oop=0}
                      ; - com.sun.javafx.text.PrismTextLayout::shape@135 (line 859)
                      ;   {metadata({method} {0x000002c0da843860} 'getFamilyName' '()Ljava/lang/String;' in 'com/sun/javafx/font/PrismFont')}
  0x000002c0bdaa4574: 0649 ba58 | 3884 dac0 | 0200 004c | 8954 2408 | 48c7 0424 | ffff ffff 

  0x000002c0bdaa458c: ;   {runtime_call C1 Runtime counter_overflow_blob}
  0x000002c0bdaa458c: e84f 98be 

  0x000002c0bdaa4590: ; ImmutableOopMap {rax=Oop rsi=Oop [120]=Oop [128]=Oop [136]=Oop [144]=Oop [176]=Oop [184]=Oop }
                      ;*synchronization entry
                      ; - com.sun.javafx.font.PrismFont::getFamilyName@-1 (line 51)
                      ; - com.sun.javafx.text.PrismTextLayout::shape@135 (line 859)
  0x000002c0bdaa4590: 06e9 e0e6 

  0x000002c0bdaa4594: ;   {runtime_call C1 Runtime throw_null_pointer_exception_blob}
  0x000002c0bdaa4594: ffff e845 

  0x000002c0bdaa4598: ; ImmutableOopMap {rax=Oop rsi=Oop rdi=Oop [120]=Oop [128]=Oop [136]=Oop [144]=Oop [176]=Oop [184]=Oop }
                      ;*invokeinterface getFamilyName {reexecute=0 rethrow=0 return_oop=0}
                      ; - com.sun.javafx.font.PrismFont::getFamilyName@4 (line 51)
                      ; - com.sun.javafx.text.PrismTextLayout::shape@135 (line 859)
                      ;   {runtime_call C1 Runtime throw_null_pointer_exception_blob}
  0x000002c0bdaa4598: 32be 06e8 

  0x000002c0bdaa459c: ; ImmutableOopMap {rax=Oop [120]=Oop [128]=Oop [136]=Oop [144]=Oop [168]=Oop [176]=Oop [184]=Oop }
                      ;*invokevirtual equals {reexecute=0 rethrow=0 return_oop=0}
                      ; - com.sun.javafx.text.PrismTextLayout::shape@143 (line 859)
  0x000002c0bdaa459c: 4032 be06 

  0x000002c0bdaa45a0: ;   {runtime_call C1 Runtime throw_incompatible_class_change_error_blob}
  0x000002c0bdaa45a0: e8bb 61be 

  0x000002c0bdaa45a4: ; ImmutableOopMap {rax=Oop [120]=Oop [128]=Oop [136]=Oop [144]=Oop [168]=Oop [176]=Oop [184]=Oop }
                      ;*invokeinterface getDescent {reexecute=0 rethrow=0 return_oop=0}
                      ; - com.sun.javafx.text.PrismTextLayout::shape@172 (line 863)
                      ;   {runtime_call C1 Runtime throw_incompatible_class_change_error_blob}
  0x000002c0bdaa45a4: 06e8 b661 

  0x000002c0bdaa45a8: ; ImmutableOopMap {rax=Oop [120]=Oop [128]=Oop [136]=Oop [144]=Oop [168]=Oop [176]=Oop [184]=Oop }
                      ;*invokeinterface getLineGap {reexecute=0 rethrow=0 return_oop=0}
                      ; - com.sun.javafx.text.PrismTextLayout::shape@188 (line 864)
                      ;   {runtime_call C1 Runtime throw_incompatible_class_change_error_blob}
  0x000002c0bdaa45a8: be06 e8b1 

  0x000002c0bdaa45ac: ; ImmutableOopMap {rax=Oop [120]=Oop [128]=Oop [136]=Oop [144]=Oop [168]=Oop [176]=Oop [184]=Oop }
                      ;*invokeinterface getCapHeight {reexecute=0 rethrow=0 return_oop=0}
                      ; - com.sun.javafx.text.PrismTextLayout::shape@204 (line 865)
                      ;   {metadata({method} {0x000002c0db043388} 'getCapHeight' '()F' in 'com/sun/javafx/font/PrismMetrics')}
  0x000002c0bdaa45ac: 61be 0649 | ba80 3304 | dbc0 0200 | 004c 8954 | 2408 48c7 | 0424 ffff 

  0x000002c0bdaa45c4: ;   {runtime_call C1 Runtime counter_overflow_blob}
  0x000002c0bdaa45c4: ffff e815 

  0x000002c0bdaa45c8: ; ImmutableOopMap {rax=Oop [120]=Oop [128]=Oop [136]=Oop [144]=Oop [168]=Oop [176]=Oop [184]=Oop }
                      ;*synchronization entry
                      ; - com.sun.javafx.font.PrismMetrics::getCapHeight@-1 (line 102)
                      ; - com.sun.javafx.text.PrismTextLayout::shape@204 (line 865)
  0x000002c0bdaa45c8: 98be 06e9 | ebe9 ffff 

  0x000002c0bdaa45d0: ;   {metadata({method} {0x000002c0db0430e8} 'checkStyleMetrics' '()V' in 'com/sun/javafx/font/PrismMetrics')}
  0x000002c0bdaa45d0: 49ba e030 | 04db c002 | 0000 4c89 | 5424 0848 | c704 24ff 

  0x000002c0bdaa45e4: ;   {runtime_call C1 Runtime counter_overflow_blob}
  0x000002c0bdaa45e4: ffff ffe8 

  0x000002c0bdaa45e8: ; ImmutableOopMap {rax=Oop [120]=Oop [128]=Oop [136]=Oop [144]=Oop [168]=Oop [176]=Oop [184]=Oop }
                      ;*synchronization entry
                      ; - com.sun.javafx.font.PrismMetrics::checkStyleMetrics@-1 (line 77)
                      ; - com.sun.javafx.font.PrismMetrics::getCapHeight@1 (line 102)
                      ; - com.sun.javafx.text.PrismTextLayout::shape@204 (line 865)
  0x000002c0bdaa45e8: f497 be06 | e906 eaff 

  0x000002c0bdaa45f0: ;   {runtime_call C1 Runtime throw_null_pointer_exception_blob}
  0x000002c0bdaa45f0: ffe8 ea31 

  0x000002c0bdaa45f4: ; ImmutableOopMap {rax=Oop rdx=Oop [120]=Oop [128]=Oop [136]=Oop [144]=Oop [168]=Oop [176]=Oop [184]=Oop }
                      ;*invokevirtual getStyleMetrics {reexecute=0 rethrow=0 return_oop=0}
                      ; - com.sun.javafx.font.PrismMetrics::checkStyleMetrics@16 (line 78)
                      ; - com.sun.javafx.font.PrismMetrics::getCapHeight@1 (line 102)
                      ; - com.sun.javafx.text.PrismTextLayout::shape@204 (line 865)
  0x000002c0bdaa45f4: be06 8b72 | 2048 c1e6 | 0348 83fe | 000f 840a | ebff ff48 

  0x000002c0bdaa4608: ;   {runtime_call g1_pre_barrier_slow}
  0x000002c0bdaa4608: 8934 24e8 | d09e be06 | e9fc eaff | ff48 83f8 | 000f 8411 | ebff ff48 

  0x000002c0bdaa4620: ;   {runtime_call g1_post_barrier_slow}
  0x000002c0bdaa4620: 8914 24e8 | b8a1 be06 | e903 ebff 

  0x000002c0bdaa462c: ;   {runtime_call C1 Runtime throw_null_pointer_exception_blob}
  0x000002c0bdaa462c: ffe8 ae31 

  0x000002c0bdaa4630: ; ImmutableOopMap {rdx=Oop [120]=Oop [128]=Oop [136]=Oop [144]=Oop [168]=Oop [176]=Oop }
                      ;*faload {reexecute=0 rethrow=0 return_oop=0}
                      ; - com.sun.javafx.font.PrismMetrics::getCapHeight@9 (line 103)
                      ; - com.sun.javafx.text.PrismTextLayout::shape@204 (line 865)
                      ;   {runtime_call C1 Runtime throw_null_pointer_exception_blob}
  0x000002c0bdaa4630: be06 e8a9 

  0x000002c0bdaa4634: ; ImmutableOopMap {rdx=Oop [120]=Oop [128]=Oop [136]=Oop [144]=Oop [168]=Oop [176]=Oop }
                      ;*faload {reexecute=0 rethrow=0 return_oop=0}
                      ; - com.sun.javafx.font.PrismMetrics::getCapHeight@9 (line 103)
                      ; - com.sun.javafx.text.PrismTextLayout::shape@204 (line 865)
  0x000002c0bdaa4634: 31be 0648 | c704 2401 | 0000 0048 | 8954 2408 

  0x000002c0bdaa4644: ;   {runtime_call C1 Runtime throw_range_check_failed_blob}
  0x000002c0bdaa4644: e897 28be 

  0x000002c0bdaa4648: ; ImmutableOopMap {rdx=Oop [120]=Oop [128]=Oop [136]=Oop [144]=Oop [168]=Oop [176]=Oop }
                      ;*faload {reexecute=0 rethrow=0 return_oop=0}
                      ; - com.sun.javafx.font.PrismMetrics::getCapHeight@9 (line 103)
                      ; - com.sun.javafx.text.PrismTextLayout::shape@204 (line 865)
                      ;   {metadata({method} {0x000002c0db03a5d8} 'setMetrics' '(FFF)V' in 'com/sun/javafx/text/TextRun')}
  0x000002c0bdaa4648: 0649 bad0 | a503 dbc0 | 0200 004c | 8954 2408 | 48c7 0424 | ffff ffff 

  0x000002c0bdaa4660: ;   {runtime_call C1 Runtime counter_overflow_blob}
  0x000002c0bdaa4660: e87b 97be 

  0x000002c0bdaa4664: ; ImmutableOopMap {r8=Oop [120]=Oop [128]=Oop [136]=Oop [144]=Oop [168]=Oop [176]=Oop }
                      ;*synchronization entry
                      ; - com.sun.javafx.text.TextRun::setMetrics@-1 (line 205)
                      ; - com.sun.javafx.text.PrismTextLayout::shape@258 (line 872)
  0x000002c0bdaa4664: 06e9 01ec 

  0x000002c0bdaa4668: ;   {runtime_call C1 Runtime throw_incompatible_class_change_error_blob}
  0x000002c0bdaa4668: ffff e8f1 

  0x000002c0bdaa466c: ; ImmutableOopMap {r8=Oop rdx=Oop [120]=Oop [128]=Oop [136]=Oop [144]=Oop [168]=Oop [176]=Oop [184]=Oop }
                      ;*invokeinterface getAscent {reexecute=0 rethrow=0 return_oop=0}
                      ; - com.sun.javafx.text.PrismTextLayout::shape@267 (line 874)
                      ;   {runtime_call C1 Runtime throw_null_pointer_exception_blob}
  0x000002c0bdaa466c: 60be 06e8 

  0x000002c0bdaa4670: ; ImmutableOopMap {r8=Oop rdx=Oop [120]=Oop [128]=Oop [136]=Oop [144]=Oop [168]=Oop [176]=Oop [184]=Oop }
                      ;*invokeinterface getAscent {reexecute=0 rethrow=0 return_oop=0}
                      ; - com.sun.javafx.text.PrismTextLayout::shape@267 (line 874)
  0x000002c0bdaa4670: 6c31 be06 

  0x000002c0bdaa4674: ;   {runtime_call C1 Runtime throw_incompatible_class_change_error_blob}
  0x000002c0bdaa4674: e8e7 60be 

  0x000002c0bdaa4678: ; ImmutableOopMap {r8=Oop rdx=Oop [120]=Oop [128]=Oop [136]=Oop [144]=Oop [168]=Oop [176]=Oop [184]=Oop }
                      ;*invokeinterface getDescent {reexecute=0 rethrow=0 return_oop=0}
                      ; - com.sun.javafx.text.PrismTextLayout::shape@274 (line 874)
                      ;   {runtime_call C1 Runtime throw_incompatible_class_change_error_blob}
  0x000002c0bdaa4678: 06e8 e260 

  0x000002c0bdaa467c: ; ImmutableOopMap {r8=Oop rdx=Oop [120]=Oop [128]=Oop [136]=Oop [144]=Oop [168]=Oop [176]=Oop [184]=Oop }
                      ;*invokeinterface getLineGap {reexecute=0 rethrow=0 return_oop=0}
                      ; - com.sun.javafx.text.PrismTextLayout::shape@281 (line 874)
                      ;   {metadata({method} {0x000002c0db03a5d8} 'setMetrics' '(FFF)V' in 'com/sun/javafx/text/TextRun')}
  0x000002c0bdaa467c: be06 49ba | d0a5 03db | c002 0000 | 4c89 5424 | 0848 c704 | 24ff ffff 

  0x000002c0bdaa4694: ;   {runtime_call C1 Runtime counter_overflow_blob}
  0x000002c0bdaa4694: ffe8 4697 

  0x000002c0bdaa4698: ; ImmutableOopMap {r8=Oop [120]=Oop [128]=Oop [136]=Oop [144]=Oop [168]=Oop [176]=Oop }
                      ;*synchronization entry
                      ; - com.sun.javafx.text.TextRun::setMetrics@-1 (line 205)
                      ; - com.sun.javafx.text.PrismTextLayout::shape@286 (line 874)
  0x000002c0bdaa4698: be06 e91e 

  0x000002c0bdaa469c: ;   {metadata({method} {0x000002c0db039b80} 'isTab' '()Z' in 'com/sun/javafx/text/TextRun')}
  0x000002c0bdaa469c: edff ff49 | ba78 9b03 | dbc0 0200 | 004c 8954 | 2408 48c7 | 0424 ffff 

  0x000002c0bdaa46b4: ;   {runtime_call C1 Runtime counter_overflow_blob}
  0x000002c0bdaa46b4: ffff e825 

  0x000002c0bdaa46b8: ; ImmutableOopMap {r8=Oop [120]=Oop [128]=Oop [136]=Oop [144]=Oop [168]=Oop [176]=Oop }
                      ;*synchronization entry
                      ; - com.sun.javafx.text.TextRun::isTab@-1 (line 134)
                      ; - com.sun.javafx.text.PrismTextLayout::shape@290 (line 878)
  0x000002c0bdaa46b8: 97be 06e9 | 4bed ffff 

  0x000002c0bdaa46c0: ;   {metadata({method} {0x000002c0db0398a0} 'isLinebreak' '()Z' in 'com/sun/javafx/text/TextRun')}
  0x000002c0bdaa46c0: 49ba 9898 | 03db c002 | 0000 4c89 | 5424 0848 | c704 24ff 

  0x000002c0bdaa46d4: ;   {runtime_call C1 Runtime counter_overflow_blob}
  0x000002c0bdaa46d4: ffff ffe8 

  0x000002c0bdaa46d8: ; ImmutableOopMap {r8=Oop [120]=Oop [128]=Oop [136]=Oop [144]=Oop [168]=Oop [176]=Oop }
                      ;*synchronization entry
                      ; - com.sun.javafx.text.TextRun::isLinebreak@-1 (line 118)
                      ; - com.sun.javafx.text.PrismTextLayout::shape@298 (line 879)
  0x000002c0bdaa46d8: 0497 be06 | e9e6 edff 

  0x000002c0bdaa46e0: ;   {metadata({method} {0x000002c0db039fd0} 'isComplex' '()Z' in 'com/sun/javafx/text/TextRun')}
  0x000002c0bdaa46e0: ff49 bac8 | 9f03 dbc0 | 0200 004c | 8954 2408 | 48c7 0424 | ffff ffff 

  0x000002c0bdaa46f8: ;   {runtime_call C1 Runtime counter_overflow_blob}
  0x000002c0bdaa46f8: e8e3 96be 

  0x000002c0bdaa46fc: ; ImmutableOopMap {r8=Oop [120]=Oop [128]=Oop [136]=Oop [144]=Oop [168]=Oop [176]=Oop }
                      ;*synchronization entry
                      ; - com.sun.javafx.text.TextRun::isComplex@-1 (line 158)
                      ; - com.sun.javafx.text.PrismTextLayout::shape@314 (line 881)
  0x000002c0bdaa46fc: 06e9 c0ee 

  0x000002c0bdaa4700: ;   {runtime_call C1 Runtime throw_null_pointer_exception_blob}
  0x000002c0bdaa4700: ffff e8d9 

  0x000002c0bdaa4704: ; ImmutableOopMap {rax=Oop [120]=Oop [128]=Oop [136]=Oop }
                      ;*invokeinterface getFontResource {reexecute=0 rethrow=0 return_oop=0}
                      ; - com.sun.javafx.text.PrismTextLayout::shape@335 (line 885)
                      ;   {runtime_call C1 Runtime throw_null_pointer_exception_blob}
  0x000002c0bdaa4704: 30be 06e8 

  0x000002c0bdaa4708: ; ImmutableOopMap {rax=Oop [128]=Oop [136]=Oop [192]=Oop }
                      ;*invokeinterface getGlyphMapper {reexecute=0 rethrow=0 return_oop=0}
                      ; - com.sun.javafx.text.PrismTextLayout::shape@372 (line 892)
  0x000002c0bdaa4708: d430 be06 

  0x000002c0bdaa470c: ;   {runtime_call C1 Runtime new_type_array_blob}
  0x000002c0bdaa470c: e8cf 41be 

  0x000002c0bdaa4710: ; ImmutableOopMap {r11=Oop [128]=Oop [136]=Oop [192]=Oop }
                      ;*newarray {reexecute=0 rethrow=0 return_oop=0}
                      ; - com.sun.javafx.text.PrismTextLayout::shape@381 (line 895)
  0x000002c0bdaa4710: 06e9 7bf2 

  0x000002c0bdaa4714: ;   {runtime_call C1 Runtime throw_null_pointer_exception_blob}
  0x000002c0bdaa4714: ffff e8c5 

  0x000002c0bdaa4718: ; ImmutableOopMap {r11=Oop rax=Oop [128]=Oop [136]=Oop [192]=Oop [208]=Oop }
                      ;*invokevirtual charsToGlyphs {reexecute=0 rethrow=0 return_oop=0}
                      ; - com.sun.javafx.text.PrismTextLayout::shape@394 (line 896)
                      ;   {runtime_call C1 Runtime new_type_array_blob}
  0x000002c0bdaa4718: 30be 06e8 

  0x000002c0bdaa471c: ; ImmutableOopMap {[128]=Oop [192]=Oop [208]=Oop }
                      ;*newarray {reexecute=0 rethrow=0 return_oop=0}
                      ; - com.sun.javafx.text.PrismTextLayout::shape@403 (line 897)
  0x000002c0bdaa471c: c041 be06 | e9c8 f3ff | ff48 8934 | 2448 8944 

  0x000002c0bdaa472c: ;   {runtime_call C1 Runtime throw_range_check_failed_blob}
  0x000002c0bdaa472c: 2408 e8ad 

  0x000002c0bdaa4730: ; ImmutableOopMap {rax=Oop rbx=Oop [128]=Oop [192]=Oop [208]=Oop [224]=Oop }
                      ;*iaload {reexecute=0 rethrow=0 return_oop=0}
                      ; - com.sun.javafx.text.PrismTextLayout::shape@426 (line 900)
  0x000002c0bdaa4730: 27be 0648 | 8934 2448 | 8944 2408 

  0x000002c0bdaa473c: ;   {runtime_call C1 Runtime throw_range_check_failed_blob}
  0x000002c0bdaa473c: e89f 27be 

  0x000002c0bdaa4740: ; ImmutableOopMap {rax=Oop [128]=Oop [192]=Oop [208]=Oop [224]=Oop }
                      ;*fastore {reexecute=0 rethrow=0 return_oop=0}
                      ; - com.sun.javafx.text.PrismTextLayout::shape@444 (line 901)
                      ;   {metadata({method} {0x000002c0dac54230} 'shape' '(Lcom/sun/javafx/text/TextRun;[CLcom/sun/javafx/text/GlyphLayout;)V' in 'com/sun/javafx/text/PrismTextLayout')}
  0x000002c0bdaa4740: 0649 ba28 | 42c5 dac0 | 0200 004c | 8954 2408 | 48c7 0424 | c701 0000 

  0x000002c0bdaa4758: ;   {runtime_call C1 Runtime counter_overflow_blob}
  0x000002c0bdaa4758: e883 96be 

  0x000002c0bdaa475c: ; ImmutableOopMap {rax=Oop [128]=Oop [192]=Oop [208]=Oop [224]=Oop }
                      ;*goto {reexecute=1 rethrow=0 return_oop=0}
                      ; - (reexecute) com.sun.javafx.text.PrismTextLayout::shape@455 (line 899)
  0x000002c0bdaa475c: 06e9 d2f4 

  0x000002c0bdaa4760: ;   {runtime_call C1 Runtime throw_null_pointer_exception_blob}
  0x000002c0bdaa4760: ffff e879 

  0x000002c0bdaa4764: ; ImmutableOopMap {rdx=Oop [120]=Oop [128]=Oop [136]=Oop [176]=Oop [192]=Oop }
                      ;*getfield valid {reexecute=1 rethrow=0 return_oop=0}
                      ; - (reexecute) com.sun.javafx.text.PrismTextLayout::shape@485 (line 911)
                      ;   {runtime_call C1 Runtime throw_null_pointer_exception_blob}
  0x000002c0bdaa4764: 30be 06e8 

  0x000002c0bdaa4768: ; ImmutableOopMap {rax=Oop [120]=Oop [128]=Oop [136]=Oop [192]=Oop }
                      ;*invokeinterface getGlyphMapper {reexecute=0 rethrow=0 return_oop=0}
                      ; - com.sun.javafx.text.PrismTextLayout::shape@502 (line 913)
  0x000002c0bdaa4768: 7430 be06 

  0x000002c0bdaa476c: ;   {runtime_call C1 Runtime throw_null_pointer_exception_blob}
  0x000002c0bdaa476c: e86f 30be 

  0x000002c0bdaa4770: ; ImmutableOopMap {rax=Oop rdx=Oop [120]=Oop [128]=Oop [136]=Oop [192]=Oop }
                      ;*getfield glyphs {reexecute=1 rethrow=0 return_oop=0}
                      ; - (reexecute) com.sun.javafx.text.PrismTextLayout::shape@520 (line 914)
                      ;   {runtime_call C1 Runtime throw_null_pointer_exception_blob}
  0x000002c0bdaa4770: 06e8 6a30 

  0x000002c0bdaa4774: ; ImmutableOopMap {rax=Oop rdx=Oop rsi=Oop [120]=Oop [128]=Oop [136]=Oop [192]=Oop }
                      ;*invokevirtual charsToGlyphs {reexecute=0 rethrow=0 return_oop=0}
                      ; - com.sun.javafx.text.PrismTextLayout::shape@525 (line 914)
                      ;   {runtime_call C1 Runtime throw_null_pointer_exception_blob}
  0x000002c0bdaa4774: be06 e865 

  0x000002c0bdaa4778: ; ImmutableOopMap {rdx=Oop rax=Oop [120]=Oop [128]=Oop [192]=Oop }
                      ;*getfield glyphs {reexecute=1 rethrow=0 return_oop=0}
                      ; - (reexecute) com.sun.javafx.text.PrismTextLayout::shape@555 (line 918)
                      ;   {runtime_call C1 Runtime throw_null_pointer_exception_blob}
  0x000002c0bdaa4778: 30be 06e8 

  0x000002c0bdaa477c: ; ImmutableOopMap {rdx=Oop rax=Oop r8=Oop [120]=Oop [128]=Oop [192]=Oop }
                      ;*iaload {reexecute=0 rethrow=0 return_oop=0}
                      ; - com.sun.javafx.text.PrismTextLayout::shape@560 (line 918)
  0x000002c0bdaa477c: 6030 be06 

  0x000002c0bdaa4780: ;   {runtime_call C1 Runtime throw_null_pointer_exception_blob}
  0x000002c0bdaa4780: e85b 30be 

  0x000002c0bdaa4784: ; ImmutableOopMap {rdx=Oop rax=Oop r8=Oop [120]=Oop [128]=Oop [192]=Oop }
                      ;*iaload {reexecute=0 rethrow=0 return_oop=0}
                      ; - com.sun.javafx.text.PrismTextLayout::shape@560 (line 918)
  0x000002c0bdaa4784: 0648 893c | 244c 8944 

  0x000002c0bdaa478c: ;   {runtime_call C1 Runtime throw_range_check_failed_blob}
  0x000002c0bdaa478c: 2408 e84d 

  0x000002c0bdaa4790: ; ImmutableOopMap {rdx=Oop rax=Oop r8=Oop [120]=Oop [128]=Oop [192]=Oop }
                      ;*iaload {reexecute=0 rethrow=0 return_oop=0}
                      ; - com.sun.javafx.text.PrismTextLayout::shape@560 (line 918)
                      ;   {runtime_call C1 Runtime throw_null_pointer_exception_blob}
  0x000002c0bdaa4790: 27be 06e8 

  0x000002c0bdaa4794: ; ImmutableOopMap {rdx=Oop [120]=Oop [128]=Oop [192]=Oop }
                      ;*getfield advances {reexecute=1 rethrow=0 return_oop=0}
                      ; - (reexecute) com.sun.javafx.text.PrismTextLayout::shape@574 (line 919)
  0x000002c0bdaa4794: 4830 be06 

  0x000002c0bdaa4798: ;   {runtime_call C1 Runtime throw_null_pointer_exception_blob}
  0x000002c0bdaa4798: e843 30be 

  0x000002c0bdaa479c: ; ImmutableOopMap {rdx=Oop r8=Oop [120]=Oop [128]=Oop [192]=Oop }
                      ;*fastore {reexecute=0 rethrow=0 return_oop=0}
                      ; - com.sun.javafx.text.PrismTextLayout::shape@581 (line 919)
                      ;   {runtime_call C1 Runtime throw_null_pointer_exception_blob}
  0x000002c0bdaa479c: 06e8 3e30 

  0x000002c0bdaa47a0: ; ImmutableOopMap {rdx=Oop r8=Oop [120]=Oop [128]=Oop [192]=Oop }
                      ;*fastore {reexecute=0 rethrow=0 return_oop=0}
                      ; - com.sun.javafx.text.PrismTextLayout::shape@581 (line 919)
  0x000002c0bdaa47a0: be06 4889 | 3c24 4c89 

  0x000002c0bdaa47a8: ;   {runtime_call C1 Runtime throw_range_check_failed_blob}
  0x000002c0bdaa47a8: 4424 08e8 

  0x000002c0bdaa47ac: ; ImmutableOopMap {rdx=Oop r8=Oop [120]=Oop [128]=Oop [192]=Oop }
                      ;*fastore {reexecute=0 rethrow=0 return_oop=0}
                      ; - com.sun.javafx.text.PrismTextLayout::shape@581 (line 919)
  0x000002c0bdaa47ac: 3027 be06 

  0x000002c0bdaa47b0: ;   {metadata({method} {0x000002c0dac54230} 'shape' '(Lcom/sun/javafx/text/TextRun;[CLcom/sun/javafx/text/GlyphLayout;)V' in 'com/sun/javafx/text/PrismTextLayout')}
  0x000002c0bdaa47b0: 49ba 2842 | c5da c002 | 0000 4c89 | 5424 0848 | c704 2450 

  0x000002c0bdaa47c4: ;   {runtime_call C1 Runtime counter_overflow_blob}
  0x000002c0bdaa47c4: 0200 00e8 

  0x000002c0bdaa47c8: ; ImmutableOopMap {rdx=Oop [120]=Oop [128]=Oop [192]=Oop }
                      ;*goto {reexecute=1 rethrow=0 return_oop=0}
                      ; - (reexecute) com.sun.javafx.text.PrismTextLayout::shape@592 (line 917)
  0x000002c0bdaa47c8: 1496 be06 | e9fa f8ff 

  0x000002c0bdaa47d0: ;   {runtime_call C1 Runtime throw_null_pointer_exception_blob}
  0x000002c0bdaa47d0: ffe8 0a30 

  0x000002c0bdaa47d4: ; ImmutableOopMap {rdi=Oop r9=Oop [128]=Oop }
                      ;*getfield glyphs {reexecute=1 rethrow=0 return_oop=0}
                      ; - (reexecute) com.sun.javafx.text.PrismTextLayout::shape@608 (line 924)
                      ;   {metadata({method} {0x000002c0db03b470} 'shape' '(I[I[F)V' in 'com/sun/javafx/text/TextRun')}
  0x000002c0bdaa47d4: be06 49ba | 68b4 03db | c002 0000 | 4c89 5424 | 0848 c704 | 24ff ffff 

  0x000002c0bdaa47ec: ;   {runtime_call C1 Runtime counter_overflow_blob}
  0x000002c0bdaa47ec: ffe8 ee95 

  0x000002c0bdaa47f0: ; ImmutableOopMap {rdi=Oop rsi=Oop r9=Oop [128]=Oop }
                      ;*synchronization entry
                      ; - com.sun.javafx.text.TextRun::shape@-1 (line 361)
                      ; - com.sun.javafx.text.PrismTextLayout::shape@618 (line 924)
  0x000002c0bdaa47f0: be06 e9c2 | f9ff ff44 | 8b47 4049 | c1e0 0349 | 83f8 000f | 84c2 f9ff | ff4c 8904 

  0x000002c0bdaa480c: ;   {runtime_call g1_pre_barrier_slow}
  0x000002c0bdaa480c: 24e8 ce9c | be06 e9b4 | f9ff ff48 | 83fe 000f | 84c9 f9ff | ff48 893c 

  0x000002c0bdaa4824: ;   {runtime_call g1_post_barrier_slow}
  0x000002c0bdaa4824: 24e8 b69f | be06 e9bb | f9ff ff44 | 8b47 4449 | c1e0 0349 | 83f8 000f | 84b7 f9ff | ff4c 8904 
  0x000002c0bdaa4844: ;   {runtime_call g1_pre_barrier_slow}
  0x000002c0bdaa4844: 24e8 969c | be06 e9a9 | f9ff ff49 | 83f9 000f | 84be f9ff | ff48 893c 

  0x000002c0bdaa485c: ;   {runtime_call g1_post_barrier_slow}
  0x000002c0bdaa485c: 24e8 7e9f | be06 e9b0 | f9ff ff44 | 8b47 4849 | c1e0 0349 | 83f8 000f | 84ac f9ff | ff4c 8904 
  0x000002c0bdaa487c: ;   {runtime_call g1_pre_barrier_slow}
  0x000002c0bdaa487c: 24e8 5e9c | be06 e99e 

  0x000002c0bdaa4884: ;   {internal_word}
  0x000002c0bdaa4884: f9ff ff49 | ba43 42aa | bdc0 0200 | 004d 8997 | e004 0000 

  0x000002c0bdaa4898: ;   {runtime_call SafepointBlob}
  0x000002c0bdaa4898: e9c3 d9b0 | 0648 8934 | 2448 8944 

  0x000002c0bdaa48a4: ;   {runtime_call C1 Runtime throw_range_check_failed_blob}
  0x000002c0bdaa48a4: 2408 e835 

  0x000002c0bdaa48a8: ; ImmutableOopMap {r9=Oop rax=Oop rdi=Oop [128]=Oop [208]=Oop [224]=Oop }
                      ;*fastore {reexecute=0 rethrow=0 return_oop=0}
                      ; - com.sun.javafx.text.PrismTextLayout::shape@466 (line 905)
                      ;   {metadata({method} {0x000002c0db03b3b0} 'shape' '(I[I[F[I)V' in 'com/sun/javafx/text/TextRun')}
  0x000002c0bdaa48a8: 26be 0649 | baa8 b303 | dbc0 0200 | 004c 8954 | 2408 48c7 | 0424 ffff 

  0x000002c0bdaa48c0: ;   {runtime_call C1 Runtime counter_overflow_blob}
  0x000002c0bdaa48c0: ffff e819 

  0x000002c0bdaa48c4: ; ImmutableOopMap {r9=Oop rax=Oop rdi=Oop [128]=Oop [208]=Oop [224]=Oop }
                      ;*synchronization entry
                      ; - com.sun.javafx.text.TextRun::shape@-1 (line 354)
                      ; - com.sun.javafx.text.PrismTextLayout::shape@475 (line 906)
  0x000002c0bdaa48c4: 95be 06e9 | 05fa ffff | 448b 4740 | 49c1 e003 | 4983 f800 | 0f84 05fa | ffff 4c89 

  0x000002c0bdaa48e0: ;   {runtime_call g1_pre_barrier_slow}
  0x000002c0bdaa48e0: 0424 e8f9 | 9bbe 06e9 | f7f9 ffff | 4983 f900 | 0f84 0cfa | ffff 4889 

  0x000002c0bdaa48f8: ;   {runtime_call g1_post_barrier_slow}
  0x000002c0bdaa48f8: 3c24 e8e1 | 9ebe 06e9 | fef9 ffff | 448b 4744 | 49c1 e003 | 4983 f800 | 0f84 faf9 | ffff 4c89 
  0x000002c0bdaa4918: ;   {runtime_call g1_pre_barrier_slow}
  0x000002c0bdaa4918: 0424 e8c1 | 9bbe 06e9 | ecf9 ffff | 4883 f800 | 0f84 01fa | ffff 4889 

  0x000002c0bdaa4930: ;   {runtime_call g1_post_barrier_slow}
  0x000002c0bdaa4930: 3c24 e8a9 | 9ebe 06e9 | f3f9 ffff | 448b 4748 | 49c1 e003 | 4983 f800 | 0f84 eff9 | ffff 4c89 
  0x000002c0bdaa4950: ;   {runtime_call g1_pre_barrier_slow}
  0x000002c0bdaa4950: 0424 e889 | 9bbe 06e9 | e1f9 ffff 

  0x000002c0bdaa495c: ;   {internal_word}
  0x000002c0bdaa495c: 49ba 5d43 | aabd c002 | 0000 4d89 | 97e0 0400 

  0x000002c0bdaa496c: ;   {runtime_call SafepointBlob}
  0x000002c0bdaa496c: 00e9 eed8 

  0x000002c0bdaa4970: ;   {runtime_call C1 Runtime throw_null_pointer_exception_blob}
  0x000002c0bdaa4970: b006 e869 

  0x000002c0bdaa4974: ; ImmutableOopMap {rbx=Oop rdx=Oop rax=Oop rsi=Oop rdi=Oop [128]=Oop }
                      ;*invokevirtual layout {reexecute=0 rethrow=0 return_oop=0}
                      ; - com.sun.javafx.text.PrismTextLayout::shape@327 (line 883)
                      ;   {internal_word}
  0x000002c0bdaa4974: 2ebe 0649 | baec 43aa | bdc0 0200 | 004d 8997 | e004 0000 

  0x000002c0bdaa4988: ;   {runtime_call SafepointBlob}
  0x000002c0bdaa4988: e9d3 d8b0 

  0x000002c0bdaa498c: ;   {internal_word}
  0x000002c0bdaa498c: 0649 baff | 43aa bdc0 | 0200 004d | 8997 e004 

  0x000002c0bdaa499c: ;   {runtime_call SafepointBlob}
  0x000002c0bdaa499c: 0000 e9bd 

  0x000002c0bdaa49a0: ;   {internal_word}
  0x000002c0bdaa49a0: d8b0 0649 | ba12 44aa | bdc0 0200 | 004d 8997 | e004 0000 

  0x000002c0bdaa49b4: ;   {runtime_call SafepointBlob}
  0x000002c0bdaa49b4: e9a7 d8b0 

  0x000002c0bdaa49b8: ;   {internal_word}
  0x000002c0bdaa49b8: 0649 ba25 | 44aa bdc0 | 0200 004d | 8997 e004 

  0x000002c0bdaa49c8: ;   {runtime_call SafepointBlob}
  0x000002c0bdaa49c8: 0000 e991 

  0x000002c0bdaa49cc: ;   {internal_word}
  0x000002c0bdaa49cc: d8b0 0649 | ba84 44aa | bdc0 0200 | 004d 8997 | e004 0000 

  0x000002c0bdaa49e0: ;   {runtime_call SafepointBlob}
  0x000002c0bdaa49e0: e97b d8b0 

  0x000002c0bdaa49e4: ;   {internal_word}
  0x000002c0bdaa49e4: 0649 ba97 | 44aa bdc0 | 0200 004d | 8997 e004 

  0x000002c0bdaa49f4: ;   {runtime_call SafepointBlob}
  0x000002c0bdaa49f4: 0000 e965 | d8b0 0649 | 8b87 8805 | 0000 49c7 | 8788 0500 | 0000 0000 | 0049 c787 | 9005 0000 
  0x000002c0bdaa4a14: 0000 0000 | 4881 c420 | 0100 005d 

  0x000002c0bdaa4a20: ;   {runtime_call C1 Runtime unwind_exception_blob}
  0x000002c0bdaa4a20: e9bb 1ebe | 06f4 f4f4 
[Stub Code]
  0x000002c0bdaa4a28: ;   {other}
  0x000002c0bdaa4a28: 0f1f 4400 

  0x000002c0bdaa4a2c: ;   {static_stub}
  0x000002c0bdaa4a2c: 0048 bb00 | 0000 0000 

  0x000002c0bdaa4a34: ;   {runtime_call nmethod}
  0x000002c0bdaa4a34: 0000 00e9 | fbff ffff 

  0x000002c0bdaa4a3c: ;   {static_stub}
  0x000002c0bdaa4a3c: 9048 bb00 | 0000 0000 

  0x000002c0bdaa4a44: ;   {runtime_call nmethod}
  0x000002c0bdaa4a44: 0000 00e9 | fbff ffff 

  0x000002c0bdaa4a4c: ;   {static_stub}
  0x000002c0bdaa4a4c: 9048 bb00 | 0000 0000 

  0x000002c0bdaa4a54: ;   {runtime_call nmethod}
  0x000002c0bdaa4a54: 0000 00e9 | fbff ffff 

  0x000002c0bdaa4a5c: ;   {static_stub}
  0x000002c0bdaa4a5c: 9048 bb00 | 0000 0000 

  0x000002c0bdaa4a64: ;   {runtime_call nmethod}
  0x000002c0bdaa4a64: 0000 00e9 | fbff ffff 

  0x000002c0bdaa4a6c: ;   {static_stub}
  0x000002c0bdaa4a6c: 9048 bb00 | 0000 0000 

  0x000002c0bdaa4a74: ;   {runtime_call nmethod}
  0x000002c0bdaa4a74: 0000 00e9 | fbff ffff 

  0x000002c0bdaa4a7c: ;   {static_stub}
  0x000002c0bdaa4a7c: 9048 bb00 | 0000 0000 

  0x000002c0bdaa4a84: ;   {runtime_call nmethod}
  0x000002c0bdaa4a84: 0000 00e9 | fbff ffff 

  0x000002c0bdaa4a8c: ;   {static_stub}
  0x000002c0bdaa4a8c: 9048 bb00 | 0000 0000 

  0x000002c0bdaa4a94: ;   {runtime_call nmethod}
  0x000002c0bdaa4a94: 0000 00e9 | fbff ffff 

  0x000002c0bdaa4a9c: ;   {static_stub}
  0x000002c0bdaa4a9c: 9048 bb00 | 0000 0000 

  0x000002c0bdaa4aa4: ;   {runtime_call nmethod}
  0x000002c0bdaa4aa4: 0000 00e9 | fbff ffff 

  0x000002c0bdaa4aac: ;   {static_stub}
  0x000002c0bdaa4aac: 9048 bb00 | 0000 0000 

  0x000002c0bdaa4ab4: ;   {runtime_call nmethod}
  0x000002c0bdaa4ab4: 0000 00e9 | fbff ffff 

  0x000002c0bdaa4abc: ;   {static_stub}
  0x000002c0bdaa4abc: 9048 bb00 | 0000 0000 

  0x000002c0bdaa4ac4: ;   {runtime_call nmethod}
  0x000002c0bdaa4ac4: 0000 00e9 | fbff ffff 

  0x000002c0bdaa4acc: ;   {static_stub}
  0x000002c0bdaa4acc: 9048 bbc0 | 6683 dac0 

  0x000002c0bdaa4ad4: ;   {runtime_call I2C/C2I adapters}
  0x000002c0bdaa4ad4: 0200 00e9 | e6cc b106 

  0x000002c0bdaa4adc: ;   {static_stub}
  0x000002c0bdaa4adc: 9048 bb00 | 0000 0000 

  0x000002c0bdaa4ae4: ;   {runtime_call nmethod}
  0x000002c0bdaa4ae4: 0000 00e9 | fbff ffff 

  0x000002c0bdaa4aec: ;   {static_stub}
  0x000002c0bdaa4aec: 9048 bb00 | 0000 0000 

  0x000002c0bdaa4af4: ;   {runtime_call nmethod}
  0x000002c0bdaa4af4: 0000 00e9 | fbff ffff 

  0x000002c0bdaa4afc: ;   {static_stub}
  0x000002c0bdaa4afc: 9048 bb00 | 0000 0000 

  0x000002c0bdaa4b04: ;   {runtime_call nmethod}
  0x000002c0bdaa4b04: 0000 00e9 | fbff ffff 

  0x000002c0bdaa4b0c: ;   {static_stub}
  0x000002c0bdaa4b0c: 9048 bb08 | 6683 dac0 

  0x000002c0bdaa4b14: ;   {runtime_call I2C/C2I adapters}
  0x000002c0bdaa4b14: 0200 00e9 | a9de d606 

  0x000002c0bdaa4b1c: ;   {static_stub}
  0x000002c0bdaa4b1c: 9048 bb00 | 0000 0000 

  0x000002c0bdaa4b24: ;   {runtime_call nmethod}
  0x000002c0bdaa4b24: 0000 00e9 | fbff ffff 

  0x000002c0bdaa4b2c: ;   {static_stub}
  0x000002c0bdaa4b2c: 9048 bb60 | d082 dac0 

  0x000002c0bdaa4b34: ;   {runtime_call I2C/C2I adapters}
  0x000002c0bdaa4b34: 0200 00e9 | 06eb ad06 

  0x000002c0bdaa4b3c: ;   {static_stub}
  0x000002c0bdaa4b3c: 9048 bb00 | 0000 0000 

  0x000002c0bdaa4b44: ;   {runtime_call nmethod}
  0x000002c0bdaa4b44: 0000 00e9 | fbff ffff 

  0x000002c0bdaa4b4c: ;   {static_stub}
  0x000002c0bdaa4b4c: 48bb 0000 | 0000 0000 

  0x000002c0bdaa4b54: ;   {runtime_call nmethod}
  0x000002c0bdaa4b54: 0000 e9fb 

  0x000002c0bdaa4b58: ;   {runtime_call C1 Runtime handle_exception_from_callee_blob}
  0x000002c0bdaa4b58: ffff ffe8 | 0053 be06 

  0x000002c0bdaa4b60: ;   {external_word}
  0x000002c0bdaa4b60: 48b9 a001 | 3c10 fc7f | 0000 4883 

  0x000002c0bdaa4b6c: ;   {runtime_call}
  0x000002c0bdaa4b6c: e4f0 48b8 | 105c f60f | fc7f 0000 

  0x000002c0bdaa4b78: ;   {section_word}
  0x000002c0bdaa4b78: ffd0 f449 | ba7b 4baa | bdc0 0200 

  0x000002c0bdaa4b84: ;   {runtime_call DeoptimizationBlob}
  0x000002c0bdaa4b84: 0041 52e9 | 54be b006 | f4f4 f4f4 
[/MachCode]


Compiled method (c1) 12487 5538   !   3       com.sun.javafx.text.PrismTextLayout::layout (1636 bytes)
 total in heap  [0x000002c0bd8ce908,0x000002c0bd8d4170] = 22632
 constants      [0x000002c0bd8cea00,0x000002c0bd8cea60] = 96
 main code      [0x000002c0bd8cea60,0x000002c0bd8d3ef8] = 21656
 stub code      [0x000002c0bd8d3ef8,0x000002c0bd8d4160] = 616
 oops           [0x000002c0bd8d4160,0x000002c0bd8d4170] = 16
 mutable data [0x000002c0fbcecca0,0x000002c0fbced4f0] = 2128
 relocation     [0x000002c0fbcecca0,0x000002c0fbced378] = 1752
 metadata       [0x000002c0fbced378,0x000002c0fbced4f0] = 376
 immutable data [0x000002c0fc109740,0x000002c0fc10bed8] = 10136
 dependencies   [0x000002c0fc109740,0x000002c0fc1097d8] = 152
 nul chk table  [0x000002c0fc1097d8,0x000002c0fc1099c0] = 488
 handler table  [0x000002c0fc1099c0,0x000002c0fc109a08] = 72
 scopes pcs     [0x000002c0fc109a08,0x000002c0fc10a578] = 2928
 scopes data    [0x000002c0fc10a578,0x000002c0fc10bed8] = 6496


[Constant Pool]
             Address          hex4                    hex8      
  0x000002c0bd8cea00:   0x00000000      0x0000000000000000      
  0x000002c0bd8cea04:   0x00000000                              
  0x000002c0bd8cea08:   0x00000000      0x0000000000000000      
  0x000002c0bd8cea0c:   0x00000000                              
  0x000002c0bd8cea10:   0x00000000      0x3f80000000000000      
  0x000002c0bd8cea14:   0x3f800000                              
  0x000002c0bd8cea18:   0x00000000      0x0000000000000000      
  0x000002c0bd8cea1c:   0x00000000                              
  0x000002c0bd8cea20:   0x3f800000      0x3f0000003f800000      
  0x000002c0bd8cea24:   0x3f000000                              
  0x000002c0bd8cea28:   0x00000000      0x0000000000000000      
  0x000002c0bd8cea2c:   0x00000000                              
  0x000002c0bd8cea30:   0x00000000      0x0000000000000000      
  0x000002c0bd8cea34:   0x00000000                              
  0x000002c0bd8cea38:   0x00000000      0x0000000000000000      
  0x000002c0bd8cea3c:   0x00000000                              
  0x000002c0bd8cea40:   0x00000000      0x0000000000000000      
  0x000002c0bd8cea44:   0x00000000                              
  0x000002c0bd8cea48:   0xf4f4f4f4      0xf4f4f4f4f4f4f4f4      
  0x000002c0bd8cea4c:   0xf4f4f4f4                              
  0x000002c0bd8cea50:   0xf4f4f4f4      0xf4f4f4f4f4f4f4f4      
  0x000002c0bd8cea54:   0xf4f4f4f4                              
  0x000002c0bd8cea58:   0xf4f4f4f4      0xf4f4f4f4f4f4f4f4      
  0x000002c0bd8cea5c:   0xf4f4f4f4                              

[MachCode]
[Instructions begin]
  0x000002c0bd8cea60: ;   {other}
  0x000002c0bd8cea60: 660f 1f84 | 0000 0000 | 0066 0f1f | 8400 0000 | 0000 448b | 5208 443b 

  0x000002c0bd8cea78: ;   {runtime_call Shared Runtime ic_miss_blob}
  0x000002c0bd8cea78: 5008 0f85 | 6002 ce06 
[Verified Entry Point]
  0x000002c0bd8cea80: 8984 2400 | 80ff ff55 | 4881 ec00 | 0200 0090 | 4181 7f20 | 0700 0000 

  0x000002c0bd8cea98: ;   {runtime_call Stub::method_entry_barrier}
  0x000002c0bd8cea98: 7405 e841 | 7bcc 0648 | 8994 24b0 

  0x000002c0bd8ceaa4: ;   {metadata(method data for {method} {0x000002c0dac553f8} 'layout' '()V' in 'com/sun/javafx/text/PrismTextLayout')}
  0x000002c0bd8ceaa4: 0000 0048 | be18 8854 | dbc0 0200 | 008b be90 | 0000 0083 | c702 89be | 9000 0000 | 81e7 fe07 
  0x000002c0bd8ceac4: 0000 85ff | 0f84 ec47 | 0000 488b 

  0x000002c0bd8cead0: ;   {metadata(method data for {method} {0x000002c0dac553f8} 'layout' '()V' in 'com/sun/javafx/text/PrismTextLayout')}
  0x000002c0bd8cead0: f248 bf18 | 8854 dbc0 | 0200 0048 | 8387 d800 | 0000 0148 | 8bf2 488b | d666 0f1f 

  0x000002c0bd8ceaec: ;   {optimized virtual_call}
  0x000002c0bd8ceaec: 4400 00e8 

  0x000002c0bd8ceaf0: ; ImmutableOopMap {[176]=Oop }
                      ;*invokevirtual initCache {reexecute=0 rethrow=0 return_oop=0}
                      ; - com.sun.javafx.text.PrismTextLayout::layout@1 (line 1060)
  0x000002c0bd8ceaf0: 4cd1 e1ff 

  0x000002c0bd8ceaf4: ;   {post_call_nop}
  0x000002c0bd8ceaf4: 0f1f 8400 | ec01 0000 | 488b 9424 | b000 0000 | 8b72 3c48 | c1e6 0348 

  0x000002c0bd8ceb0c: ;   {metadata(method data for {method} {0x000002c0dac553f8} 'layout' '()V' in 'com/sun/javafx/text/PrismTextLayout')}
  0x000002c0bd8ceb0c: 85f6 48be | 1888 54db | c002 0000 | bf18 0100 | 0075 05bf | 0801 0000 | 488b 1c3e | 488d 5b01 
  0x000002c0bd8ceb2c: 4889 1c3e | 0f85 e646 | 0000 488b 

  0x000002c0bd8ceb38: ;   {metadata(method data for {method} {0x000002c0dac553f8} 'layout' '()V' in 'com/sun/javafx/text/PrismTextLayout')}
  0x000002c0bd8ceb38: f248 bf18 | 8854 dbc0 | 0200 0048 | 8387 2801 | 0000 0148 | 8bf2 488b | d666 0f1f 

  0x000002c0bd8ceb54: ;   {optimized virtual_call}
  0x000002c0bd8ceb54: 4400 00e8 

  0x000002c0bd8ceb58: ; ImmutableOopMap {[176]=Oop }
                      ;*invokevirtual getText {reexecute=0 rethrow=0 return_oop=0}
                      ; - com.sun.javafx.text.PrismTextLayout::layout@13 (line 1064)
  0x000002c0bd8ceb58: c4ed 2d00 

  0x000002c0bd8ceb5c: ;   {post_call_nop}
  0x000002c0bd8ceb5c: 0f1f 8400 | 5402 0001 | 4889 8424 | b800 0000 | 488b 9424 | b000 0000 | 8b72 2083 | e602 85f6 
  0x000002c0bd8ceb7c: ;   {metadata(method data for {method} {0x000002c0dac553f8} 'layout' '()V' in 'com/sun/javafx/text/PrismTextLayout')}
  0x000002c0bd8ceb7c: 48be 1888 | 54db c002 | 0000 bf58 | 0100 0074 | 05bf 6801 | 0000 488b | 1c3e 488d | 5b01 4889 
  0x000002c0bd8ceb9c: 1c3e 0f84 | 5200 0000 

  0x000002c0bd8ceba4: ;   {metadata(method data for {method} {0x000002c0dac553f8} 'layout' '()V' in 'com/sun/javafx/text/PrismTextLayout')}
  0x000002c0bd8ceba4: 488b f248 | bf18 8854 | dbc0 0200 | 0048 8387 | 7801 0000 | 0148 8bf2 

  0x000002c0bd8cebbc: ;   {optimized virtual_call}
  0x000002c0bd8cebbc: 488b d6e8 

  0x000002c0bd8cebc0: ; ImmutableOopMap {[176]=Oop [184]=Oop }
                      ;*invokevirtual isSimpleLayout {reexecute=0 rethrow=0 return_oop=0}
                      ; - com.sun.javafx.text.PrismTextLayout::layout@27 (line 1067)
  0x000002c0bd8cebc0: 7c83 1d00 

  0x000002c0bd8cebc4: ;   {post_call_nop}
  0x000002c0bd8cebc4: 0f1f 8400 | bc02 0002 

  0x000002c0bd8cebcc: ;   {metadata(method data for {method} {0x000002c0dac553f8} 'layout' '()V' in 'com/sun/javafx/text/PrismTextLayout')}
  0x000002c0bd8cebcc: 85c0 49b8 | 1888 54db | c002 0000 | bab8 0100 | 0075 05ba | a801 0000 | 498b 3410 | 488d 7601 
  0x000002c0bd8cebec: 4989 3410 | 0f85 4300 | 0000 488b | 9424 b000 

  0x000002c0bd8cebfc: ;   {metadata(method data for {method} {0x000002c0dac553f8} 'layout' '()V' in 'com/sun/javafx/text/PrismTextLayout')}
  0x000002c0bd8cebfc: 0000 49b8 | 1888 54db | c002 0000 | 4983 8010 | 0200 0001 | 4c8b 8424 | b800 0000 | 488b 9424 
  0x000002c0bd8cec1c: b000 0000 | 0f1f 8000 

  0x000002c0bd8cec24: ;   {optimized virtual_call}
  0x000002c0bd8cec24: 0000 00e8 

  0x000002c0bd8cec28: ; ImmutableOopMap {[176]=Oop [184]=Oop }
                      ;*invokevirtual buildRuns {reexecute=0 rethrow=0 return_oop=0}
                      ; - com.sun.javafx.text.PrismTextLayout::layout@42 (line 1070)
  0x000002c0bd8cec28: 74f1 2f00 

  0x000002c0bd8cec2c: ;   {post_call_nop}
  0x000002c0bd8cec2c: 0f1f 8400 | 2403 0003 | e943 0000 | 0048 8b94 | 24b0 0000 

  0x000002c0bd8cec40: ;   {metadata(method data for {method} {0x000002c0dac553f8} 'layout' '()V' in 'com/sun/javafx/text/PrismTextLayout')}
  0x000002c0bd8cec40: 0048 be18 | 8854 dbc0 | 0200 0048 | 8386 c801 | 0000 0148 | 8b94 24b0 | 0000 000f 

  0x000002c0bd8cec5c: ;   {optimized virtual_call}
  0x000002c0bd8cec5c: 1f40 00e8 

  0x000002c0bd8cec60: ; ImmutableOopMap {[176]=Oop [184]=Oop }
                      ;*invokevirtual reuseRuns {reexecute=0 rethrow=0 return_oop=0}
                      ; - com.sun.javafx.text.PrismTextLayout::layout@34 (line 1068)
  0x000002c0bd8cec60: 0254 0000 

  0x000002c0bd8cec64: ;   {post_call_nop}
  0x000002c0bd8cec64: 0f1f 8400 | 5c03 0004 

  0x000002c0bd8cec6c: ;   {metadata(method data for {method} {0x000002c0dac553f8} 'layout' '()V' in 'com/sun/javafx/text/PrismTextLayout')}
  0x000002c0bd8cec6c: 48be 1888 | 54db c002 | 0000 ff86 | f801 0000 | 488b 9424 | b000 0000 | 8b72 2083 | e610 85f6 
  0x000002c0bd8cec8c: ;   {metadata(method data for {method} {0x000002c0dac553f8} 'layout' '()V' in 'com/sun/javafx/text/PrismTextLayout')}
  0x000002c0bd8cec8c: 48be 1888 | 54db c002 | 0000 bf50 | 0200 0075 | 05bf 4002 | 0000 488b | 1c3e 488d | 5b01 4889 
  0x000002c0bd8cecac: 1c3e 0f85 | 0f00 0000 

  0x000002c0bd8cecb4: ;   {oop(nullptr)}
  0x000002c0bd8cecb4: 48be 0000 | 0000 0000 | 0000 e92c 

  0x000002c0bd8cecc0: ;   {metadata(method data for {method} {0x000002c0dac553f8} 'layout' '()V' in 'com/sun/javafx/text/PrismTextLayout')}
  0x000002c0bd8cecc0: 0000 0048 | be18 8854 | dbc0 0200 | 0048 8386 | 6002 0000 

  0x000002c0bd8cecd4: ;   {static_call}
  0x000002c0bd8cecd4: 0166 90e8 

  0x000002c0bd8cecd8: ; ImmutableOopMap {[176]=Oop [184]=Oop }
                      ;*invokestatic getInstance {reexecute=0 rethrow=0 return_oop=0}
                      ; - com.sun.javafx.text.PrismTextLayout::layout@57 (line 1075)
  0x000002c0bd8cecd8: a4e6 2f00 

  0x000002c0bd8cecdc: ;   {post_call_nop}
  0x000002c0bd8cecdc: 0f1f 8400 | d403 0005 | 488b f048 | 8b94 24b0 | 0000 008b | 7a20 83e7 

  0x000002c0bd8cecf4: ;   {metadata(method data for {method} {0x000002c0dac553f8} 'layout' '()V' in 'com/sun/javafx/text/PrismTextLayout')}
  0x000002c0bd8cecf4: 0485 ff48 | bf18 8854 | dbc0 0200 | 00bb 8002 | 0000 7505 | bb70 0200 | 0048 8b04 | 1f48 8d40 
  0x000002c0bd8ced14: 0148 8904 | 1f0f 8515 

  0x000002c0bd8ced1c: ;   {section_word}
  0x000002c0bd8ced1c: 0000 00c5 | fa10 05d9 | fcff ff48 | 89b4 24c0 | 0000 00e9 | 3800 0000 | 4889 b424 | c000 0000 
  0x000002c0bd8ced3c: ;   {metadata(method data for {method} {0x000002c0dac553f8} 'layout' '()V' in 'com/sun/javafx/text/PrismTextLayout')}
  0x000002c0bd8ced3c: 488b fa48 | bb18 8854 | dbc0 0200 | 0048 8383 | 9002 0000 | 0148 8bfa 

  0x000002c0bd8ced54: ;   {optimized virtual_call}
  0x000002c0bd8ced54: 488b d7e8 

  0x000002c0bd8ced58: ; ImmutableOopMap {[176]=Oop [184]=Oop [192]=Oop }
                      ;*invokevirtual getTabAdvance {reexecute=0 rethrow=0 return_oop=0}
                      ; - com.sun.javafx.text.PrismTextLayout::layout@73 (line 1080)
  0x000002c0bd8ced58: 8404 ce06 

  0x000002c0bd8ced5c: ;   {post_call_nop}
  0x000002c0bd8ced5c: 0f1f 8400 | 5404 0006 | 488b 9424 | b000 0000 | c5fa 104a 

  0x000002c0bd8ced70: ;   {section_word}
  0x000002c0bd8ced70: 18c5 fa10 | 158b fcff | ffc5 f82e | cabe ffff | ffff 0f8a | 1400 0000 | 0f82 0e00 | 0000 be00 
  0x000002c0bd8ced90: 0000 000f | 8403 0000 | 0048 ffc6 

  0x000002c0bd8ced9c: ;   {metadata(method data for {method} {0x000002c0dac553f8} 'layout' '()V' in 'com/sun/javafx/text/PrismTextLayout')}
  0x000002c0bd8ced9c: 85f6 48be | 1888 54db | c002 0000 | bfd0 0200 | 007f 05bf | c002 0000 | 488b 1c3e | 488d 5b01 
  0x000002c0bd8cedbc: 4889 1c3e | 0f8f 2000 

  0x000002c0bd8cedc4: ;   {oop(nullptr)}
  0x000002c0bd8cedc4: 0000 48be | 0000 0000 | 0000 0000 | 4889 b424 | d800 0000 | c5fa 1184 | 24bc 0100 | 00e9 f600 
  0x000002c0bd8cede4: 0000 8b72 | 2083 e650 

  0x000002c0bd8cedec: ;   {metadata(method data for {method} {0x000002c0dac553f8} 'layout' '()V' in 'com/sun/javafx/text/PrismTextLayout')}
  0x000002c0bd8cedec: 85f6 48be | 1888 54db | c002 0000 | bff0 0200 | 0075 05bf | e002 0000 | 488b 1c3e | 488d 5b01 
  0x000002c0bd8cee0c: 4889 1c3e | 0f85 2000 

  0x000002c0bd8cee14: ;   {oop(nullptr)}
  0x000002c0bd8cee14: 0000 48be | 0000 0000 | 0000 0000 | 4889 b424 | d800 0000 | c5fa 1184 | 24bc 0100 | 00e9 a600 
  0x000002c0bd8cee34: 0000 c5fa | 1184 24bc 

  0x000002c0bd8cee3c: ;   {static_call}
  0x000002c0bd8cee3c: 0100 00e8 

  0x000002c0bd8cee40: ; ImmutableOopMap {[176]=Oop [184]=Oop [192]=Oop }
                      ;*invokestatic getLineInstance {reexecute=0 rethrow=0 return_oop=0}
                      ; - com.sun.javafx.text.PrismTextLayout::layout@99 (line 1086)
  0x000002c0bd8cee40: 9c0d ce06 

  0x000002c0bd8cee44: ;   {post_call_nop}
  0x000002c0bd8cee44: 0f1f 8400 | 3c05 0007 | 0f1f 4000 

  0x000002c0bd8cee50: ;   {other}
  0x000002c0bd8cee50: e995 4400 | 0000 0000 | 0000 4889 | 8424 d000 | 0000 e98d | 4400 004c 

  0x000002c0bd8cee68: ;   {metadata(method data for {method} {0x000002c0dac553f8} 'layout' '()V' in 'com/sun/javafx/text/PrismTextLayout')}
  0x000002c0bd8cee68: 8bc0 48ba | 1888 54db | c002 0000 | 4883 8210 | 0300 0001 | 4c8b 8424 | b800 0000 | 488b d048 
  0x000002c0bd8cee88: 8984 24c8 

  0x000002c0bd8cee8c: ;   {optimized virtual_call}
  0x000002c0bd8cee8c: 0000 00e8 

  0x000002c0bd8cee90: ; ImmutableOopMap {[176]=Oop [184]=Oop [192]=Oop [200]=Oop [208]=Oop }
                      ;*invokespecial <init> {reexecute=0 rethrow=0 return_oop=0}
                      ; - com.sun.javafx.text.PrismTextLayout::layout@111 (line 1087)
  0x000002c0bd8cee90: 4c03 ce06 

  0x000002c0bd8cee94: ;   {post_call_nop}
  0x000002c0bd8cee94: 0f1f 8400 | 8c05 0008 | 4c8b 8424 | c800 0000 | 488b 9424 | d000 0000 | 9048 b880 | 8910 fcc0 
  0x000002c0bd8ceeb4: ;   {virtual_call}
  0x000002c0bd8ceeb4: 0200 00e8 

  0x000002c0bd8ceeb8: ; ImmutableOopMap {[176]=Oop [184]=Oop [192]=Oop [208]=Oop }
                      ;*invokevirtual setText {reexecute=0 rethrow=0 return_oop=0}
                      ; - com.sun.javafx.text.PrismTextLayout::layout@114 (line 1087)
  0x000002c0bd8ceeb8: 2408 ce06 

  0x000002c0bd8ceebc: ;   {post_call_nop}
  0x000002c0bd8ceebc: 0f1f 8400 | b405 0009 | 488b b424 | d000 0000 | 4889 b424 | d800 0000 | 488b 9424 | b000 0000 
  0x000002c0bd8ceedc: 8b7a 2081 | e700 003c | 0089 bc24 | e000 0000 

  0x000002c0bd8ceeec: ;   {metadata(method data for {method} {0x000002c0dac553f8} 'layout' '()V' in 'com/sun/javafx/text/PrismTextLayout')}
  0x000002c0bd8ceeec: 488b da48 | b818 8854 | dbc0 0200 | 0048 8380 | 5003 0000 | 0148 8bda 

  0x000002c0bd8cef04: ;   {optimized virtual_call}
  0x000002c0bd8cef04: 488b d3e8 

  0x000002c0bd8cef08: ; ImmutableOopMap {[176]=Oop [184]=Oop [192]=Oop [216]=Oop }
                      ;*invokevirtual isSimpleLayout {reexecute=0 rethrow=0 return_oop=0}
                      ; - com.sun.javafx.text.PrismTextLayout::layout@127 (line 1097)
  0x000002c0bd8cef08: 3480 1d00 

  0x000002c0bd8cef0c: ;   {post_call_nop}
  0x000002c0bd8cef0c: 0f1f 8400 | 0406 000a 

  0x000002c0bd8cef14: ;   {metadata(method data for {method} {0x000002c0dac553f8} 'layout' '()V' in 'com/sun/javafx/text/PrismTextLayout')}
  0x000002c0bd8cef14: 85c0 48ba | 1888 54db | c002 0000 | be80 0300 | 0074 05be | 9003 0000 | 488b 3c32 | 488d 7f01 
  0x000002c0bd8cef34: 4889 3c32 | 0f84 d302 | 0000 488b | 9424 b000 | 0000 8b72 | 4c48 c1e6 | 0348 85f6 

  0x000002c0bd8cef50: ;   {metadata(method data for {method} {0x000002c0dac553f8} 'layout' '()V' in 'com/sun/javafx/text/PrismTextLayout')}
  0x000002c0bd8cef50: 48be 1888 | 54db c002 | 0000 bfb0 | 0300 0074 | 05bf a003 | 0000 488b | 043e 488d | 4001 4889 
  0x000002c0bd8cef70: 043e 0f84 | 1000 0000 | 4c8b ac24 | b800 0000 | 4c8b dae9 | ae02 0000 | 488b 8424 | b800 0000 
  0x000002c0bd8cef90: ;   {metadata('com/sun/javafx/text/LayoutCache')}
  0x000002c0bd8cef90: 4c8b da48 | ba40 7130 | 9300 0000 | 004c 8be8 | 498b 87c8 | 0100 0048 | 8d78 3849 | 3bbf d801 
  0x000002c0bd8cefb0: 0000 0f87 | 4943 0000 | 4989 bfc8 | 0100 0048 | c700 0100 | 0000 488b | ca41 ba00 | 0000 9249 
  0x000002c0bd8cefd0: 2bca 8948 | 0848 33c9 | 8948 0c48 | 33c9 bf05 | 0000 0048 | 894c f808 | 48ff cf75 | f64c 8bc0 
  0x000002c0bd8ceff0: ;   {metadata(method data for {method} {0x000002c0dac553f8} 'layout' '()V' in 'com/sun/javafx/text/PrismTextLayout')}
  0x000002c0bd8ceff0: 498b d848 | ba18 8854 | dbc0 0200 | 0048 8382 | c003 0000 

  0x000002c0bd8cf004: ;   {metadata(method data for {method} {0x000002c0db03df60} '<init>' '()V' in 'com/sun/javafx/text/LayoutCache')}
  0x000002c0bd8cf004: 0148 bb60 | 2940 dcc0 | 0200 008b | 9390 0000 | 0083 c202 | 8993 9000 | 0000 81e2 | feff 1f00 
  0x000002c0bd8cf024: 85d2 0f84 | e242 0000 

  0x000002c0bd8cf02c: ;   {metadata(method data for {method} {0x000002c0db03df60} '<init>' '()V' in 'com/sun/javafx/text/LayoutCache')}
  0x000002c0bd8cf02c: 498b d848 | ba60 2940 | dcc0 0200 | 0048 8382 | d800 0000 

  0x000002c0bd8cf040: ;   {metadata(method data for {method} {0x00000000924b32d8} '<init>' '()V' in 'java/lang/Object')}
  0x000002c0bd8cf040: 0148 bb70 | b500 dac0 | 0200 008b | 9390 0000 | 0083 c202 | 8993 9000 | 0000 81e2 | feff 1f00 
  0x000002c0bd8cf060: 85d2 0f84 | c742 0000 | 410f be5f | 4885 db0f | 85db 4200 | 004d 8bd0 | 49c1 ea03 | 4589 534c 
  0x000002c0bd8cf080: 498b d349 | 33d0 48c1 | ea16 4883 | fa00 0f85 | dc42 0000 

  0x000002c0bd8cf094: ; implicit exception: dispatches to 0x000002c0bd8d3388
  0x000002c0bd8cf094: 458b 4d0c 

  0x000002c0bd8cf098: ;   {metadata({type array int})}
  0x000002c0bd8cf098: 498b d948 | ba58 4718 | 9200 0000 | 0048 63db | 488b fb48 | 81fb ffff | ff00 0f87 | d542 0000 
  0x000002c0bd8cf0b8: be17 0000 | 0048 8d34 | 9e48 83e6 | f849 8b87 | c801 0000 | 488d 3430 | 493b b7d8 | 0100 000f 
  0x000002c0bd8cf0d8: 87b0 4200 | 0049 89b7 | c801 0000 | 482b f048 | c700 0100 | 0000 488b | ca41 ba00 | 0000 9249 
  0x000002c0bd8cf0f8: 2bca 8948 | 0889 580c | 4883 ee10 | 4885 f60f | 8411 0000 | 0048 33db | 48c1 ee03 | 4889 5cf0 
  0x000002c0bd8cf118: 0848 ffce | 75f6 410f | be5f 4885 | db0f 856c | 4200 004c | 8bd0 49c1 | ea03 4589 | 5020 498b 
  0x000002c0bd8cf138: d848 33d8 | 48c1 eb16 | 4883 fb00 | 0f85 6d42 | 0000 498b 

  0x000002c0bd8cf14c: ;   {metadata({type array float})}
  0x000002c0bd8cf14c: d948 ba58 | 3f18 9200 | 0000 0048 | 63db 488b | fb48 81fb | ffff ff00 | 0f87 6542 | 0000 be17 
  0x000002c0bd8cf16c: 0000 0048 | 8d34 9e48 | 83e6 f849 | 8b87 c801 | 0000 488d | 3430 493b | b7d8 0100 | 000f 8740 
  0x000002c0bd8cf18c: 4200 0049 | 89b7 c801 | 0000 482b | f048 c700 | 0100 0000 | 488b ca41 | ba00 0000 | 9249 2bca 
  0x000002c0bd8cf1ac: 8948 0889 | 580c 4883 | ee10 4885 | f60f 8411 | 0000 0048 | 33db 48c1 | ee03 4889 | 5cf0 0848 
  0x000002c0bd8cf1cc: ffce 75f6 | 410f be57 | 4885 d20f | 85fc 4100 | 004c 8bd0 | 49c1 ea03 | 4589 5024 | 498b d048 
  0x000002c0bd8cf1ec: 33d0 48c1 | ea16 4883 | fa00 0f85 | fd41 0000 

  0x000002c0bd8cf1fc: ;   {metadata(method data for {method} {0x000002c0dac553f8} 'layout' '()V' in 'com/sun/javafx/text/PrismTextLayout')}
  0x000002c0bd8cf1fc: 48ba 1888 | 54db c002 | 0000 ff82 | d003 0000 | e925 0000 | 004c 8bac | 24b8 0000 | 004c 8b9c 
  0x000002c0bd8cf21c: 24b0 0000 | 0041 0fbe | 5748 85d2 | 0f85 e341 | 0000 41c7 | 434c 0000 

  0x000002c0bd8cf234: ;   {metadata('java/util/ArrayList')}
  0x000002c0bd8cf234: 0000 48ba | b0d4 2192 | 0000 0000 | 498b 87c8 | 0100 0048 | 8d78 1849 | 3bbf d801 | 0000 0f87 
  0x000002c0bd8cf254: d941 0000 | 4989 bfc8 | 0100 0048 | c700 0100 | 0000 488b | ca41 ba00 | 0000 9249 | 2bca 8948 
  0x000002c0bd8cf274: 0848 33c9 | 8948 0c48 | 33c9 4889 | 4810 4889 | 8424 f000 | 0000 4c8b 

  0x000002c0bd8cf28c: ;   {metadata(method data for {method} {0x000002c0dac553f8} 'layout' '()V' in 'com/sun/javafx/text/PrismTextLayout')}
  0x000002c0bd8cf28c: c049 b918 | 8854 dbc0 | 0200 0049 | 8381 e803 

  0x000002c0bd8cf29c: ;   {metadata(method data for {method} {0x0000000092221f60} '<init>' '()V' in 'java/util/ArrayList')}
  0x000002c0bd8cf29c: 0000 0149 | b838 1f1d | dac0 0200 | 0045 8b88 | 9000 0000 | 4183 c102 | 4589 8890 | 0000 0041 
  0x000002c0bd8cf2bc: 81e1 feff | 1f00 4585 | c90f 8473 | 4100 004c 

  0x000002c0bd8cf2cc: ;   {metadata(method data for {method} {0x0000000092221f60} '<init>' '()V' in 'java/util/ArrayList')}
  0x000002c0bd8cf2cc: 8bc0 49b9 | 381f 1dda | c002 0000 | 4983 81d8 | 0000 0001 

  0x000002c0bd8cf2e0: ;   {metadata(method data for {method} {0x0000000092220bf8} '<init>' '()V' in 'java/util/AbstractList')}
  0x000002c0bd8cf2e0: 49b8 80c9 | 14da c002 | 0000 458b | 8890 0000 | 0041 83c1 | 0245 8988 | 9000 0000 | 4181 e1fe 
  0x000002c0bd8cf300: ff1f 0045 | 85c9 0f84 | 5341 0000 

  0x000002c0bd8cf30c: ;   {metadata(method data for {method} {0x0000000092220bf8} '<init>' '()V' in 'java/util/AbstractList')}
  0x000002c0bd8cf30c: 4c8b c049 | b980 c914 | dac0 0200 | 0049 8381 | d800 0000 

  0x000002c0bd8cf320: ;   {metadata(method data for {method} {0x000000009221ffb8} '<init>' '()V' in 'java/util/AbstractCollection')}
  0x000002c0bd8cf320: 0149 b898 | 2c01 dac0 | 0200 0045 | 8b88 9000 | 0000 4183 | c102 4589 | 8890 0000 | 0041 81e1 
  0x000002c0bd8cf340: feff 1f00 | 4585 c90f | 8433 4100 | 004c 8bc0 

  0x000002c0bd8cf350: ;   {metadata(method data for {method} {0x000000009221ffb8} '<init>' '()V' in 'java/util/AbstractCollection')}
  0x000002c0bd8cf350: 49b9 982c | 01da c002 | 0000 4983 | 81d8 0000 

  0x000002c0bd8cf360: ;   {metadata(method data for {method} {0x00000000924b32d8} '<init>' '()V' in 'java/lang/Object')}
  0x000002c0bd8cf360: 0001 49b8 | 70b5 00da | c002 0000 | 458b 8890 | 0000 0041 | 83c1 0245 | 8988 9000 | 0000 4181 
  0x000002c0bd8cf380: e1fe ff1f | 0045 85c9 | 0f84 1341 | 0000 450f | be47 4845 | 85c0 0f85 | 2641 0000 

  0x000002c0bd8cf39c: ;   {oop(a 'java/lang/Object'[0] {0x000000060b544f10})}
  0x000002c0bd8cf39c: 49ba 104f | 540b 0600 | 0000 49c1 | ea03 4489 

  0x000002c0bd8cf3ac: ;   {oop(a 'java/lang/Object'[0] {0x000000060b544f10})}
  0x000002c0bd8cf3ac: 5014 49b8 | 104f 540b | 0600 0000 | 4c8b c84d | 33c8 49c1 | e916 4983 | f900 0f85 | 1641 0000 
  0x000002c0bd8cf3cc: be00 0000 | 00bb 0000 | 0000 b900 

  0x000002c0bd8cf3d8: ;   {section_word}
  0x000002c0bd8cf3d8: 0000 00c5 | fa10 0525 | f6ff ff89 | 9c24 ec00 | 0000 898c | 2400 0100 | 00c5 fa11 | 8424 c001 
  0x000002c0bd8cf3f8: 0000 488b | 9c24 c000 | 0000 660f | 1f44 0000 | 418b 7b0c 

  0x000002c0bd8cf40c: ;   {metadata(method data for {method} {0x000002c0dac553f8} 'layout' '()V' in 'com/sun/javafx/text/PrismTextLayout')}
  0x000002c0bd8cf40c: 3bf7 49b8 | 1888 54db | c002 0000 | 41b9 f803 | 0000 7d06 | 41b9 0804 | 0000 89bc | 24e4 0000 
  0x000002c0bd8cf42c: 004b 8b3c | 0848 8d7f | 014b 893c | 080f 8d85 | 1a00 0045 | 8b43 4049 | c1e0 0341 | 3b70 0c0f 
  0x000002c0bd8cf44c: 83b3 4000 | 004c 63ce | 438b 7c88 | 1048 c1e7 | 0348 89bc | 24f8 0000 | 004d 8bc3 | 89b4 24e8 
  0x000002c0bd8cf46c: ;   {metadata(method data for {method} {0x000002c0dac553f8} 'layout' '()V' in 'com/sun/javafx/text/PrismTextLayout')}
  0x000002c0bd8cf46c: 0000 0049 | b918 8854 | dbc0 0200 | 0049 8381 | 1804 0000 | 014c 8bc7 | 4d8b cd48 | 8bfb 498b 
  0x000002c0bd8cf48c: d348 899c | 24c0 0000 

  0x000002c0bd8cf494: ;   {optimized virtual_call}
  0x000002c0bd8cf494: 0066 90e8 

  0x000002c0bd8cf498: ; ImmutableOopMap {[176]=Oop [184]=Oop [192]=Oop [216]=Oop [240]=Oop [248]=Oop }
                      ;*invokevirtual shape {reexecute=0 rethrow=0 return_oop=0}
                      ; - com.sun.javafx.text.PrismTextLayout::layout@225 (line 1113)
  0x000002c0bd8cf498: 442e 1d00 

  0x000002c0bd8cf49c: ;   {post_call_nop}
  0x000002c0bd8cf49c: 0f1f 8400 | 940b 000b | 488b bc24 | f800 0000 

  0x000002c0bd8cf4ac: ; implicit exception: dispatches to 0x000002c0bd8d3512
  0x000002c0bd8cf4ac: 483b 0748 

  0x000002c0bd8cf4b0: ;   {metadata(method data for {method} {0x000002c0dac553f8} 'layout' '()V' in 'com/sun/javafx/text/PrismTextLayout')}
  0x000002c0bd8cf4b0: 8bd7 48be | 1888 54db | c002 0000 | 4883 8658 | 0400 0001 

  0x000002c0bd8cf4c4: ;   {metadata(method data for {method} {0x000002c0db039b80} 'isTab' '()Z' in 'com/sun/javafx/text/TextRun')}
  0x000002c0bd8cf4c4: 48ba e835 | 40dc c002 | 0000 8bb2 | 9000 0000 | 83c6 0289 | b290 0000 | 0081 e6fe | ff1f 0085 
  0x000002c0bd8cf4e4: f60f 842c | 4000 008b | 572c 83e2 

  0x000002c0bd8cf4f0: ;   {metadata(method data for {method} {0x000002c0db039b80} 'isTab' '()Z' in 'com/sun/javafx/text/TextRun')}
  0x000002c0bd8cf4f0: 0185 d248 | bae8 3540 | dcc0 0200 | 00be d800 | 0000 7405 | bee8 0000 | 0048 8b1c | 3248 8d5b 
  0x000002c0bd8cf510: 0148 891c | 320f 841a 

  0x000002c0bd8cf518: ;   {metadata(method data for {method} {0x000002c0db039b80} 'isTab' '()Z' in 'com/sun/javafx/text/TextRun')}
  0x000002c0bd8cf518: 0000 0048 | bae8 3540 | dcc0 0200 | 00ff 82f8 | 0000 00ba | 0100 0000 | e905 0000 | 00ba 0000 
  0x000002c0bd8cf538: 0000 83e2 

  0x000002c0bd8cf53c: ;   {metadata(method data for {method} {0x000002c0dac553f8} 'layout' '()V' in 'com/sun/javafx/text/PrismTextLayout')}
  0x000002c0bd8cf53c: 0185 d248 | ba18 8854 | dbc0 0200 | 00be 7804 | 0000 7405 | be88 0400 | 0048 8b1c | 3248 8d5b 
  0x000002c0bd8cf55c: 0148 891c | 320f 8478 | 0000 00c5 | fa10 8424 | bc01 0000 | c5fa 108c | 24c0 0100 | 00c5 f25e 
  0x000002c0bd8cf57c: c8c5 fa2c | d181 fa00 | 0000 8075 | 0f48 83ec | 08c5 fa11 

  0x000002c0bd8cf590: ;   {runtime_call Stub::f2i_fixup}
  0x000002c0bd8cf590: 0c24 e853 | 1ec9 065a | ffc2 c5f2 | 2aca c5f2 | 59c8 488b 

  0x000002c0bd8cf5a4: ;   {metadata(method data for {method} {0x000002c0dac553f8} 'layout' '()V' in 'com/sun/javafx/text/PrismTextLayout')}
  0x000002c0bd8cf5a4: d748 be18 | 8854 dbc0 

  0x000002c0bd8cf5ac: ;   {metadata('com/sun/javafx/text/TextRun')}
  0x000002c0bd8cf5ac: 0200 0049 | ba00 6930 | 9300 0000 | 004c 8996 | a004 0000 | 4883 86a8 | 0400 0001 | c5f2 5c8c 
  0x000002c0bd8cf5cc: 24c0 0100 | 00c5 fa11 | 4f18 c5fa | 1184 24bc | 0100 0048 

  0x000002c0bd8cf5e0: ;   {metadata(method data for {method} {0x000002c0dac553f8} 'layout' '()V' in 'com/sun/javafx/text/PrismTextLayout')}
  0x000002c0bd8cf5e0: 8bf7 48bb | 1888 54db | c002 0000 | 4883 83d8 | 0400 0001 

  0x000002c0bd8cf5f4: ;   {optimized virtual_call}
  0x000002c0bd8cf5f4: 488b d7e8 

  0x000002c0bd8cf5f8: ; ImmutableOopMap {[176]=Oop [184]=Oop [192]=Oop [216]=Oop [240]=Oop [248]=Oop }
                      ;*invokevirtual getWidth {reexecute=0 rethrow=0 return_oop=0}
                      ; - com.sun.javafx.text.PrismTextLayout::layout@260 (line 1119)
  0x000002c0bd8cf5f8: 4414 deff 

  0x000002c0bd8cf5fc: ;   {post_call_nop}
  0x000002c0bd8cf5fc: 0f1f 8400 | f40c 000c | 488b 9424 | b000 0000 | c5fa 104a 

  0x000002c0bd8cf610: ;   {section_word}
  0x000002c0bd8cf610: 18c5 fa10 | 15f3 f3ff | ffc5 f82e | cabe ffff | ffff 0f8a | 1400 0000 | 0f82 0e00 | 0000 be00 
  0x000002c0bd8cf630: 0000 000f | 8403 0000 | 0048 ffc6 

  0x000002c0bd8cf63c: ;   {metadata(method data for {method} {0x000002c0dac553f8} 'layout' '()V' in 'com/sun/javafx/text/PrismTextLayout')}
  0x000002c0bd8cf63c: 85f6 48be | 1888 54db | c002 0000 | bf08 0500 | 007f 05bf | f804 0000 | 488b 1c3e | 488d 5b01 
  0x000002c0bd8cf65c: 4889 1c3e | 0f8f 1400 | 0000 488b | bc24 f800 | 0000 8bb4 | 24e8 0000 | 00e9 3213 | 0000 c5f8 
  0x000002c0bd8cf67c: 28d0 c5ea | 5894 24c0 | 0100 00c5 | f82e d1be | ffff ffff | 0f8a 1400 | 0000 0f82 | 0e00 0000 
  0x000002c0bd8cf69c: be00 0000 | 000f 8403 | 0000 0048 | ffc6 85f6 

  0x000002c0bd8cf6ac: ;   {metadata(method data for {method} {0x000002c0dac553f8} 'layout' '()V' in 'com/sun/javafx/text/PrismTextLayout')}
  0x000002c0bd8cf6ac: 48be 1888 | 54db c002 | 0000 bf28 | 0500 007f | 05bf 1805 | 0000 488b | 1c3e 488d | 5b01 4889 
  0x000002c0bd8cf6cc: 1c3e 488b | bc24 f800 | 0000 0f8f | 0c00 0000 | 8bb4 24e8 | 0000 00e9 | c412 0000 

  0x000002c0bd8cf6e8: ;   {metadata(method data for {method} {0x000002c0dac553f8} 'layout' '()V' in 'com/sun/javafx/text/PrismTextLayout')}
  0x000002c0bd8cf6e8: 488b f748 | bb18 8854 | dbc0 0200 

  0x000002c0bd8cf6f4: ;   {metadata('com/sun/javafx/text/TextRun')}
  0x000002c0bd8cf6f4: 0049 ba00 | 6930 9300 | 0000 004c | 8993 4005 | 0000 4883 | 8348 0500 

  0x000002c0bd8cf70c: ;   {metadata(method data for {method} {0x000002c0db0398a0} 'isLinebreak' '()Z' in 'com/sun/javafx/text/TextRun')}
  0x000002c0bd8cf70c: 0001 48be | 6039 40dc | c002 0000 | 8b9e 9000 | 0000 83c3 | 0289 9e90 | 0000 0081 | e3fe ff1f 
  0x000002c0bd8cf72c: 0085 db0f | 8403 3e00 | 008b 772c | 83e6 0285 

  0x000002c0bd8cf73c: ;   {metadata(method data for {method} {0x000002c0db0398a0} 'isLinebreak' '()Z' in 'com/sun/javafx/text/TextRun')}
  0x000002c0bd8cf73c: f648 be60 | 3940 dcc0 | 0200 00bb | d800 0000 | 7405 bbe8 | 0000 0048 | 8b04 1e48 | 8d40 0148 
  0x000002c0bd8cf75c: 8904 1e0f | 841a 0000 

  0x000002c0bd8cf764: ;   {metadata(method data for {method} {0x000002c0db0398a0} 'isLinebreak' '()Z' in 'com/sun/javafx/text/TextRun')}
  0x000002c0bd8cf764: 0048 be60 | 3940 dcc0 | 0200 00ff | 86f8 0000 | 00be 0100 | 0000 e905 | 0000 00be | 0000 0000 
  0x000002c0bd8cf784: 83e6 0185 

  0x000002c0bd8cf788: ;   {metadata(method data for {method} {0x000002c0dac553f8} 'layout' '()V' in 'com/sun/javafx/text/PrismTextLayout')}
  0x000002c0bd8cf788: f648 be18 | 8854 dbc0 | 0200 00bb | 7805 0000 | 7405 bb68 | 0500 0048 | 8b04 1e48 | 8d40 0148 
  0x000002c0bd8cf7a8: 8904 1e0f | 840c 0000 | 008b b424 | e800 0000 | e9ef 1100 | 00c5 fa11 | 8424 c401 | 0000 488b 
  0x000002c0bd8cf7c8: ;   {metadata(method data for {method} {0x000002c0dac553f8} 'layout' '()V' in 'com/sun/javafx/text/PrismTextLayout')}
  0x000002c0bd8cf7c8: f748 bb18 | 8854 dbc0 

  0x000002c0bd8cf7d0: ;   {metadata('com/sun/javafx/text/TextRun')}
  0x000002c0bd8cf7d0: 0200 0049 | ba00 6930 | 9300 0000 | 004c 8993 | 9005 0000 | 4883 8398 | 0500 0001 | 8b77 1048 
  0x000002c0bd8cf7f0: ;   {metadata(method data for {method} {0x000002c0dac553f8} 'layout' '()V' in 'com/sun/javafx/text/PrismTextLayout')}
  0x000002c0bd8cf7f0: 8bdf 48b8 | 1888 54db | c002 0000 

  0x000002c0bd8cf7fc: ;   {metadata('com/sun/javafx/text/TextRun')}
  0x000002c0bd8cf7fc: 49ba 0069 | 3093 0000 | 0000 4c89 | 90c0 0500 | 0048 8380 | c805 0000 | 01c5 f25c | 8c24 c001 
  0x000002c0bd8cf81c: 0000 c5f8 | 28c1 488b | d789 b424 | 0401 0000 

  0x000002c0bd8cf82c: ;   {optimized virtual_call}
  0x000002c0bd8cf82c: 6666 90e8 

  0x000002c0bd8cf830: ; ImmutableOopMap {[176]=Oop [184]=Oop [192]=Oop [216]=Oop [240]=Oop [248]=Oop }
                      ;*invokevirtual getWrapIndex {reexecute=0 rethrow=0 return_oop=0}
                      ; - com.sun.javafx.text.PrismTextLayout::layout@309 (line 1123)
  0x000002c0bd8cf830: 0947 0000 

  0x000002c0bd8cf834: ;   {post_call_nop}
  0x000002c0bd8cf834: 0f1f 8400 | 2c0f 000d | 8bb4 2404 | 0100 0003 | f048 8bbc | 24f8 0000 

  0x000002c0bd8cf84c: ;   {metadata(method data for {method} {0x000002c0dac553f8} 'layout' '()V' in 'com/sun/javafx/text/PrismTextLayout')}
  0x000002c0bd8cf84c: 0049 b818 | 8854 dbc0 

  0x000002c0bd8cf854: ;   {metadata('com/sun/javafx/text/TextRun')}
  0x000002c0bd8cf854: 0200 0049 | ba00 6930 | 9300 0000 | 004d 8990 | f005 0000 | 4983 80f8 | 0500 0001 

  0x000002c0bd8cf870: ;   {metadata(method data for {method} {0x000002c0db039398} 'getEnd' '()I' in 'com/sun/javafx/text/TextRun')}
  0x000002c0bd8cf870: 49b8 b03f | 40dc c002 | 0000 418b | 9090 0000 | 0083 c202 | 4189 9090 | 0000 0081 | e2fe ff1f 
  0x000002c0bd8cf890: 0085 d20f | 84c0 3c00 | 0048 8bbc | 24f8 0000 | 0044 8b47 | 108b 5714 | 4403 c248 | 8bd6 ffc2 
  0x000002c0bd8cf8b0: ;   {metadata(method data for {method} {0x000002c0dac553f8} 'layout' '()V' in 'com/sun/javafx/text/PrismTextLayout')}
  0x000002c0bd8cf8b0: 413b d049 | b818 8854 | dbc0 0200 | 00bb 2806 | 0000 7c05 | bb18 0600 | 0049 8b04 | 1848 8d40 
  0x000002c0bd8cf8d0: 0149 8904 | 180f 8c18 | 0000 0048 | 8bde 488b | 8c24 d800 | 0000 488b | 8424 b800 | 0000 e961 
  0x000002c0bd8cf8f0: 0000 0048 | 8b84 24b8 | 0000 003b | 700c 0f83 | 803c 0000 | 4c63 c646 | 0fb7 4440 | 1041 83f8 
  0x000002c0bd8cf910: ;   {metadata(method data for {method} {0x000002c0dac553f8} 'layout' '()V' in 'com/sun/javafx/text/PrismTextLayout')}
  0x000002c0bd8cf910: 2049 b818 | 8854 dbc0 | 0200 00bb | 4806 0000 | 7405 bb38 | 0600 0049 | 8b0c 1848 | 8d49 0149 
  0x000002c0bd8cf930: 890c 180f | 8410 0000 | 0048 8bde | 488b 8c24 | d800 0000 | e90b 0000 | 0048 8bda | 488b 8c24 
  0x000002c0bd8cf950: d800 0000 

  0x000002c0bd8cf954: ;   {metadata(method data for {method} {0x000002c0dac553f8} 'layout' '()V' in 'com/sun/javafx/text/PrismTextLayout')}
  0x000002c0bd8cf954: 4885 c949 | b818 8854 | dbc0 0200 | 00ba 5806 | 0000 7405 | ba68 0600 | 004d 8b0c | 104d 8d49 
  0x000002c0bd8cf974: 014d 890c | 1089 b424 | 0c01 0000 | 0f84 f600 | 0000 4c8b | c348 8bd1 | 4889 8c24 | d800 0000 
  0x000002c0bd8cf994: 899c 2408 | 0100 0066 | 9048 b8a8 | 8910 fcc0 

  0x000002c0bd8cf9a4: ;   {virtual_call}
  0x000002c0bd8cf9a4: 0200 00e8 

  0x000002c0bd8cf9a8: ; ImmutableOopMap {[176]=Oop [184]=Oop [192]=Oop [216]=Oop [240]=Oop [248]=Oop }
                      ;*invokevirtual isBoundary {reexecute=0 rethrow=0 return_oop=0}
                      ; - com.sun.javafx.text.PrismTextLayout::layout@360 (line 1142)
  0x000002c0bd8cf9a8: 34fd cd06 

  0x000002c0bd8cf9ac: ;   {post_call_nop}
  0x000002c0bd8cf9ac: 0f1f 8400 | a410 000e 

  0x000002c0bd8cf9b4: ;   {metadata(method data for {method} {0x000002c0dac553f8} 'layout' '()V' in 'com/sun/javafx/text/PrismTextLayout')}
  0x000002c0bd8cf9b4: 85c0 49b8 | 1888 54db | c002 0000 | baa8 0600 | 0075 05ba | b806 0000 | 498b 3410 | 488d 7601 
  0x000002c0bd8cf9d4: 4989 3410 | 8b9c 2408 | 0100 0048 | 8b84 24b8 | 0000 000f | 853e 0000 | 003b 580c | 0f83 a63b 
  0x000002c0bd8cf9f4: 0000 4c63 | c346 0fb7 | 4440 1041 

  0x000002c0bd8cfa00: ;   {metadata(method data for {method} {0x000002c0dac553f8} 'layout' '()V' in 'com/sun/javafx/text/PrismTextLayout')}
  0x000002c0bd8cfa00: 83f8 0949 | b818 8854 | dbc0 0200 | 00ba c806 | 0000 7505 | bad8 0600 | 0049 8b34 | 1048 8d76 
  0x000002c0bd8cfa20: 0149 8934 | 100f 8516 

  0x000002c0bd8cfa28: ;   {metadata(method data for {method} {0x000002c0dac553f8} 'layout' '()V' in 'com/sun/javafx/text/PrismTextLayout')}
  0x000002c0bd8cfa28: 0000 0049 | b818 8854 | dbc0 0200 | 0041 ff80 | e806 0000 | e926 0000 | 004c 8bc3 | 488b 9424 
  0x000002c0bd8cfa48: d800 0000 | 9048 b8d0 | 8910 fcc0 

  0x000002c0bd8cfa54: ;   {virtual_call}
  0x000002c0bd8cfa54: 0200 00e8 

  0x000002c0bd8cfa58: ; ImmutableOopMap {[176]=Oop [184]=Oop [192]=Oop [216]=Oop [240]=Oop [248]=Oop }
                      ;*invokevirtual preceding {reexecute=0 rethrow=0 return_oop=0}
                      ; - com.sun.javafx.text.PrismTextLayout::layout@384 (line 1142)
  0x000002c0bd8cfa58: 84fc cd06 

  0x000002c0bd8cfa5c: ;   {post_call_nop}
  0x000002c0bd8cfa5c: 0f1f 8400 | 5411 000f 

  0x000002c0bd8cfa64: ;   {metadata(method data for {method} {0x000002c0dac553f8} 'layout' '()V' in 'com/sun/javafx/text/PrismTextLayout')}
  0x000002c0bd8cfa64: 488b d848 | ba18 8854 | dbc0 0200 | 00ff 8230 | 0700 00e9 | 1404 0000 | 4889 8c24 | d800 0000 
  0x000002c0bd8cfa84: ; implicit exception: dispatches to 0x000002c0bd8d35aa
  0x000002c0bd8cfa84: 3b58 0c0f | 8327 3b00 | 0048 63d3 | 0fb7 7450 

  0x000002c0bd8cfa94: ;   {metadata(method data for {method} {0x000002c0dac553f8} 'layout' '()V' in 'com/sun/javafx/text/PrismTextLayout')}
  0x000002c0bd8cfa94: 1048 ba18 | 8854 dbc0 | 0200 0048 | 8382 4807 

  0x000002c0bd8cfaa4: ;   {metadata(method data for {method} {0x00000000921a8bc8} 'isWhitespace' '(C)Z' in 'java/lang/Character')}
  0x000002c0bd8cfaa4: 0000 0148 | ba70 4832 | dac0 0200 | 008b ba90 | 0000 0083 | c702 89ba | 9000 0000 | 81e7 feff 
  0x000002c0bd8cfac4: 1f00 85ff | 0f84 f43a 

  0x000002c0bd8cfacc: ;   {metadata(method data for {method} {0x00000000921a8bc8} 'isWhitespace' '(C)Z' in 'java/lang/Character')}
  0x000002c0bd8cfacc: 0000 48ba | 7048 32da | c002 0000 | 4883 82d8 | 0000 0001 

  0x000002c0bd8cfae0: ;   {metadata(method data for {method} {0x00000000921a8c20} 'isWhitespace' '(I)Z' in 'java/lang/Character')}
  0x000002c0bd8cfae0: 48ba 9849 | 32da c002 | 0000 8bba | 9000 0000 | 83c7 0289 | ba90 0000 | 0081 e7fe | ff1f 0085 
  0x000002c0bd8cfb00: ff0f 84dc 

  0x000002c0bd8cfb04: ;   {metadata(method data for {method} {0x00000000921a8c20} 'isWhitespace' '(I)Z' in 'java/lang/Character')}
  0x000002c0bd8cfb04: 3a00 0048 | ba98 4932 | dac0 0200 | 0048 8382 | d800 0000 | 0148 8bd6 | 899c 2408 | 0100 0089 
  0x000002c0bd8cfb24: b424 1001 | 0000 0f1f 

  0x000002c0bd8cfb2c: ;   {static_call}
  0x000002c0bd8cfb2c: 4400 00e8 

  0x000002c0bd8cfb30: ; ImmutableOopMap {[176]=Oop [184]=Oop [192]=Oop [216]=Oop [240]=Oop [248]=Oop }
                      ;*invokestatic of {reexecute=0 rethrow=0 return_oop=0}
                      ; - java.lang.Character::isWhitespace@1 (line 11711)
                      ; - java.lang.Character::isWhitespace@1 (line 11680)
                      ; - com.sun.javafx.text.PrismTextLayout::layout@396 (line 1145)
  0x000002c0bd8cfb30: ac00 ce06 

  0x000002c0bd8cfb34: ;   {post_call_nop}
  0x000002c0bd8cfb34: 0f1f 8400 | 2c12 0010 

  0x000002c0bd8cfb3c: ; implicit exception: dispatches to 0x000002c0bd8d3604
  0x000002c0bd8cfb3c: 483b 004c 

  0x000002c0bd8cfb40: ;   {metadata(method data for {method} {0x00000000921a8c20} 'isWhitespace' '(I)Z' in 'java/lang/Character')}
  0x000002c0bd8cfb40: 8bc0 48ba | 9849 32da | c002 0000 | 458b 4008 | 41ba 0000 | 0092 4d03 | c24c 3b82 | f000 0000 
  0x000002c0bd8cfb60: 750d 4883 | 82f8 0000 | 0001 e960 | 0000 004c | 3b82 0001 | 0000 750d | 4883 8208 | 0100 0001 
  0x000002c0bd8cfb80: e94a 0000 | 0048 83ba | f000 0000 | 0075 174c | 8982 f000 | 0000 48c7 | 82f8 0000 | 0001 0000 
  0x000002c0bd8cfba0: 00e9 2900 | 0000 4883 | ba00 0100 | 0000 7517 | 4c89 8200 | 0100 0048 | c782 0801 | 0000 0100 
  0x000002c0bd8cfbc0: 0000 e908 | 0000 0048 | 8382 e800 | 0000 0144 | 8b84 2410 | 0100 0048 | 8bd0 6666 | 9048 b8f8 
  0x000002c0bd8cfbe0: 8910 fcc0 

  0x000002c0bd8cfbe4: ;   {virtual_call}
  0x000002c0bd8cfbe4: 0200 00e8 

  0x000002c0bd8cfbe8: ; ImmutableOopMap {[176]=Oop [184]=Oop [192]=Oop [216]=Oop [240]=Oop [248]=Oop }
                      ;*invokevirtual isWhitespace {reexecute=0 rethrow=0 return_oop=0}
                      ; - java.lang.Character::isWhitespace@5 (line 11711)
                      ; - java.lang.Character::isWhitespace@1 (line 11680)
                      ; - com.sun.javafx.text.PrismTextLayout::layout@396 (line 1145)
  0x000002c0bd8cfbe8: 16bc 4207 

  0x000002c0bd8cfbec: ;   {post_call_nop}
  0x000002c0bd8cfbec: 0f1f 8400 | e412 0011 | 83e0 0183 | e001 8b9c | 2408 0100 | 0089 8424 | 1801 0000 | 488b 8424 
  0x000002c0bd8cfc0c: b800 0000 | 3b9c 24ec 

  0x000002c0bd8cfc14: ;   {metadata(method data for {method} {0x000002c0dac553f8} 'layout' '()V' in 'com/sun/javafx/text/PrismTextLayout')}
  0x000002c0bd8cfc14: 0000 0048 | ba18 8854 | dbc0 0200 | 00bf 5807 | 0000 7e05 | bf68 0700 | 0048 8b0c | 3a48 8d49 
  0x000002c0bd8cfc34: 0148 890c | 3a48 8bd3 | 0f8e 2c02 | 0000 ffca | 3b50 0c0f | 83bc 3900 | 0048 63d2 | 0fb7 7c50 
  0x000002c0bd8cfc54: ;   {metadata(method data for {method} {0x000002c0dac553f8} 'layout' '()V' in 'com/sun/javafx/text/PrismTextLayout')}
  0x000002c0bd8cfc54: 1048 ba18 | 8854 dbc0 | 0200 0048 | 8382 7807 

  0x000002c0bd8cfc64: ;   {metadata(method data for {method} {0x00000000921a8bc8} 'isWhitespace' '(C)Z' in 'java/lang/Character')}
  0x000002c0bd8cfc64: 0000 0148 | ba70 4832 | dac0 0200 | 008b 8a90 | 0000 0083 | c102 898a | 9000 0000 | 81e1 feff 
  0x000002c0bd8cfc84: 1f00 85c9 | 0f84 8939 

  0x000002c0bd8cfc8c: ;   {metadata(method data for {method} {0x00000000921a8bc8} 'isWhitespace' '(C)Z' in 'java/lang/Character')}
  0x000002c0bd8cfc8c: 0000 48ba | 7048 32da | c002 0000 | 4883 82d8 | 0000 0001 

  0x000002c0bd8cfca0: ;   {metadata(method data for {method} {0x00000000921a8c20} 'isWhitespace' '(I)Z' in 'java/lang/Character')}
  0x000002c0bd8cfca0: 48ba 9849 | 32da c002 | 0000 8b8a | 9000 0000 | 83c1 0289 | 8a90 0000 | 0081 e1fe | ff1f 0085 
  0x000002c0bd8cfcc0: c90f 8471 

  0x000002c0bd8cfcc4: ;   {metadata(method data for {method} {0x00000000921a8c20} 'isWhitespace' '(I)Z' in 'java/lang/Character')}
  0x000002c0bd8cfcc4: 3900 0048 | ba98 4932 | dac0 0200 | 0048 8382 | d800 0000 | 0148 8bd7 | 899c 241c | 0100 0089 
  0x000002c0bd8cfce4: bc24 1401 | 0000 0f1f 

  0x000002c0bd8cfcec: ;   {static_call}
  0x000002c0bd8cfcec: 4400 00e8 

  0x000002c0bd8cfcf0: ; ImmutableOopMap {[176]=Oop [184]=Oop [192]=Oop [216]=Oop [240]=Oop [248]=Oop }
                      ;*invokestatic of {reexecute=0 rethrow=0 return_oop=0}
                      ; - java.lang.Character::isWhitespace@1 (line 11711)
                      ; - java.lang.Character::isWhitespace@1 (line 11680)
                      ; - com.sun.javafx.text.PrismTextLayout::layout@414 (line 1147)
  0x000002c0bd8cfcf0: ecfe cd06 

  0x000002c0bd8cfcf4: ;   {post_call_nop}
  0x000002c0bd8cfcf4: 0f1f 8400 | ec13 0012 

  0x000002c0bd8cfcfc: ; implicit exception: dispatches to 0x000002c0bd8d3659
  0x000002c0bd8cfcfc: 483b 004c 

  0x000002c0bd8cfd00: ;   {metadata(method data for {method} {0x00000000921a8c20} 'isWhitespace' '(I)Z' in 'java/lang/Character')}
  0x000002c0bd8cfd00: 8bc0 48ba | 9849 32da | c002 0000 | 458b 4008 | 41ba 0000 | 0092 4d03 | c24c 3b82 | f000 0000 
  0x000002c0bd8cfd20: 750d 4883 | 82f8 0000 | 0001 e960 | 0000 004c | 3b82 0001 | 0000 750d | 4883 8208 | 0100 0001 
  0x000002c0bd8cfd40: e94a 0000 | 0048 83ba | f000 0000 | 0075 174c | 8982 f000 | 0000 48c7 | 82f8 0000 | 0001 0000 
  0x000002c0bd8cfd60: 00e9 2900 | 0000 4883 | ba00 0100 | 0000 7517 | 4c89 8200 | 0100 0048 | c782 0801 | 0000 0100 
  0x000002c0bd8cfd80: 0000 e908 | 0000 0048 | 8382 e800 | 0000 0144 | 8b84 2414 | 0100 0048 | 8bd0 6666 | 9048 b820 
  0x000002c0bd8cfda0: 8a10 fcc0 

  0x000002c0bd8cfda4: ;   {virtual_call}
  0x000002c0bd8cfda4: 0200 00e8 

  0x000002c0bd8cfda8: ; ImmutableOopMap {[176]=Oop [184]=Oop [192]=Oop [216]=Oop [240]=Oop [248]=Oop }
                      ;*invokevirtual isWhitespace {reexecute=0 rethrow=0 return_oop=0}
                      ; - java.lang.Character::isWhitespace@5 (line 11711)
                      ; - java.lang.Character::isWhitespace@1 (line 11680)
                      ; - com.sun.javafx.text.PrismTextLayout::layout@414 (line 1147)
  0x000002c0bd8cfda8: 56ba 4207 

  0x000002c0bd8cfdac: ;   {post_call_nop}
  0x000002c0bd8cfdac: 0f1f 8400 | a414 0013 | 83e0 0183 | e001 8b9c | 2418 0100 

  0x000002c0bd8cfdc0: ;   {metadata(method data for {method} {0x000002c0dac553f8} 'layout' '()V' in 'com/sun/javafx/text/PrismTextLayout')}
  0x000002c0bd8cfdc0: 0085 db48 | bb18 8854 | dbc0 0200 | 00ba 8807 | 0000 7505 | ba98 0700 | 0048 8b34 | 1348 8d76 
  0x000002c0bd8cfde0: 0148 8934 | 130f 852a | 0000 0085 

  0x000002c0bd8cfdec: ;   {metadata(method data for {method} {0x000002c0dac553f8} 'layout' '()V' in 'com/sun/javafx/text/PrismTextLayout')}
  0x000002c0bd8cfdec: c048 bb18 | 8854 dbc0 | 0200 00ba | b807 0000 | 7505 baa8 | 0700 0048 | 8b34 1348 | 8d76 0148 
  0x000002c0bd8cfe0c: 8934 130f | 8561 0000 | 008b 9424 | 1c01 0000 

  0x000002c0bd8cfe1c: ;   {metadata(method data for {method} {0x000002c0dac553f8} 'layout' '()V' in 'com/sun/javafx/text/PrismTextLayout')}
  0x000002c0bd8cfe1c: ffca 48bb | 1888 54db | c002 0000 | 8bb3 9400 | 0000 83c6 | 0289 b394 | 0000 0081 | e6fe 3f00 
  0x000002c0bd8cfe3c: 0085 f60f | 8419 3800 | 004d 8b57 

  0x000002c0bd8cfe48: ; ImmutableOopMap {[176]=Oop [184]=Oop [192]=Oop [216]=Oop [240]=Oop [248]=Oop }
                      ;*goto {reexecute=1 rethrow=0 return_oop=0}
                      ; - (reexecute) com.sun.javafx.text.PrismTextLayout::layout@439 (line 1151)
                      ;   {poll}
  0x000002c0bd8cfe48: 3041 8502 

  0x000002c0bd8cfe4c: ;   {metadata(method data for {method} {0x000002c0dac553f8} 'layout' '()V' in 'com/sun/javafx/text/PrismTextLayout')}
  0x000002c0bd8cfe4c: 48bb 1888 | 54db c002 | 0000 ff83 | e007 0000 | 488b d889 | 9c24 1801 | 0000 488b | dae9 9afd 
  0x000002c0bd8cfe6c: ffff 488b | dae9 1a00 | 0000 8b94 | 241c 0100 

  0x000002c0bd8cfe7c: ;   {metadata(method data for {method} {0x000002c0dac553f8} 'layout' '()V' in 'com/sun/javafx/text/PrismTextLayout')}
  0x000002c0bd8cfe7c: 0048 bb18 | 8854 dbc0 | 0200 00ff | 83c8 0700 | 0048 8bda | 3b9c 24ec 

  0x000002c0bd8cfe94: ;   {metadata(method data for {method} {0x000002c0dac553f8} 'layout' '()V' in 'com/sun/javafx/text/PrismTextLayout')}
  0x000002c0bd8cfe94: 0000 0048 | ba18 8854 | dbc0 0200 | 00be f807 | 0000 7d05 | be08 0800 | 0048 8b3c | 3248 8d7f 
  0x000002c0bd8cfeb4: 0148 893c | 320f 8d07 | 0000 008b | 9c24 ec00 | 0000 8b8c | 2400 0100 

  0x000002c0bd8cfecc: ;   {oop(nullptr)}
  0x000002c0bd8cfecc: 0048 ba00 | 0000 0000 | 0000 004c | 8b9c 24b0 | 0000 00e9 | e100 0000 | 0f1f 4000 | 418b 5340 
  0x000002c0bd8cfeec: 48c1 e203 

  0x000002c0bd8cfef0: ; implicit exception: dispatches to 0x000002c0bd8d367f
  0x000002c0bd8cfef0: 3b4a 0c0f | 8390 3700 | 0048 63f9 | 8b54 ba10 | 48c1 e203 

  0x000002c0bd8cff04: ; implicit exception: dispatches to 0x000002c0bd8d3697
  0x000002c0bd8cff04: 483b 0248 

  0x000002c0bd8cff08: ;   {metadata(method data for {method} {0x000002c0dac553f8} 'layout' '()V' in 'com/sun/javafx/text/PrismTextLayout')}
  0x000002c0bd8cff08: 8bfa 48b8 | 1888 54db | c002 0000 

  0x000002c0bd8cff14: ;   {metadata('com/sun/javafx/text/TextRun')}
  0x000002c0bd8cff14: 49ba 0069 | 3093 0000 | 0000 4c89 | 9040 0800 | 0048 8380 | 4808 0000 

  0x000002c0bd8cff2c: ;   {metadata(method data for {method} {0x000002c0db039398} 'getEnd' '()I' in 'com/sun/javafx/text/TextRun')}
  0x000002c0bd8cff2c: 0148 bfb0 | 3f40 dcc0 | 0200 008b | 8790 0000 | 0083 c002 | 8987 9000 | 0000 25fe | ff1f 0085 
  0x000002c0bd8cff4c: c00f 8449 | 3700 008b | 7a10 8b42 | 1403 f83b 

  0x000002c0bd8cff5c: ;   {metadata(method data for {method} {0x000002c0dac553f8} 'layout' '()V' in 'com/sun/javafx/text/PrismTextLayout')}
  0x000002c0bd8cff5c: fb48 bf18 | 8854 dbc0 | 0200 00b8 | 7808 0000 | 7f05 b868 | 0800 004c | 8b04 074d | 8d40 014c 
  0x000002c0bd8cff7c: 8904 070f | 8f73 0000 

  0x000002c0bd8cff84: ;   {metadata(method data for {method} {0x000002c0dac553f8} 'layout' '()V' in 'com/sun/javafx/text/PrismTextLayout')}
  0x000002c0bd8cff84: 00ff c148 | be18 8854 | dbc0 0200 | 008b be94 | 0000 0083 | c702 89be | 9400 0000 | 81e7 fe3f 
  0x000002c0bd8cffa4: 0000 85ff | 0f84 0f37 | 0000 4d8b 

  0x000002c0bd8cffb0: ; ImmutableOopMap {r11=Oop rdx=Oop [176]=Oop [184]=Oop [192]=Oop [216]=Oop [240]=Oop [248]=Oop }
                      ;*goto {reexecute=1 rethrow=0 return_oop=0}
                      ; - (reexecute) com.sun.javafx.text.PrismTextLayout::layout@494 (line 1163)
                      ;   {poll}
  0x000002c0bd8cffb0: 5730 4185 

  0x000002c0bd8cffb4: ;   {metadata(method data for {method} {0x000002c0dac553f8} 'layout' '()V' in 'com/sun/javafx/text/PrismTextLayout')}
  0x000002c0bd8cffb4: 0248 be18 | 8854 dbc0 | 0200 00ff | 86a0 0800 | 0041 8b73 

  0x000002c0bd8cffc8: ;   {metadata(method data for {method} {0x000002c0dac553f8} 'layout' '()V' in 'com/sun/javafx/text/PrismTextLayout')}
  0x000002c0bd8cffc8: 0c3b ce48 | bf18 8854 | dbc0 0200 | 00b8 1808 | 0000 7d05 | b828 0800 | 004c 8b04 | 074d 8d40 
  0x000002c0bd8cffe8: 014c 8904 | 070f 8d15 | 0000 00e9 | f0fe ffff 

  0x000002c0bd8cfff8: ;   {metadata(method data for {method} {0x000002c0dac553f8} 'layout' '()V' in 'com/sun/javafx/text/PrismTextLayout')}
  0x000002c0bd8cfff8: 48bf 1888 | 54db c002 | 0000 ff87 | 8808 0000 | 3b9c 24ec 

  0x000002c0bd8d000c: ;   {metadata(method data for {method} {0x000002c0dac553f8} 'layout' '()V' in 'com/sun/javafx/text/PrismTextLayout')}
  0x000002c0bd8d000c: 0000 0048 | bf18 8854 | dbc0 0200 | 00b8 b808 | 0000 7505 | b8c8 0800 | 004c 8b04 | 074d 8d40 
  0x000002c0bd8d002c: 014c 8904 | 070f 8516 | 0000 008b | 9c24 0c01 | 0000 488b | 9424 f800 | 0000 8b8c | 24e8 0000 
  0x000002c0bd8d004c: 0048 3b02 

  0x000002c0bd8d0050: ;   {metadata(method data for {method} {0x000002c0dac553f8} 'layout' '()V' in 'com/sun/javafx/text/PrismTextLayout')}
  0x000002c0bd8d0050: 488b fa48 | b818 8854 | dbc0 0200 

  0x000002c0bd8d005c: ;   {metadata('com/sun/javafx/text/TextRun')}
  0x000002c0bd8d005c: 0049 ba00 | 6930 9300 | 0000 004c | 8990 e008 | 0000 4883 | 80e8 0800 | 0001 8b7a | 102b df85 
  0x000002c0bd8d007c: ;   {metadata(method data for {method} {0x000002c0dac553f8} 'layout' '()V' in 'com/sun/javafx/text/PrismTextLayout')}
  0x000002c0bd8d007c: db48 bf18 | 8854 dbc0 | 0200 00b8 | 0809 0000 | 7505 b818 | 0900 004c | 8b04 074d | 8d40 014c 
  0x000002c0bd8d009c: 8904 070f | 852f 0000 | 003b 8c24 | 0001 0000 

  0x000002c0bd8d00ac: ;   {metadata(method data for {method} {0x000002c0dac553f8} 'layout' '()V' in 'com/sun/javafx/text/PrismTextLayout')}
  0x000002c0bd8d00ac: 48bf 1888 | 54db c002 | 0000 b838 | 0900 0075 | 05b8 2809 | 0000 4c8b | 0407 4d8d | 4001 4c89 
  0x000002c0bd8d00cc: 0407 0f85 | d706 0000 

  0x000002c0bd8d00d4: ;   {metadata(method data for {method} {0x000002c0dac553f8} 'layout' '()V' in 'com/sun/javafx/text/PrismTextLayout')}
  0x000002c0bd8d00d4: 85db 48bf | 1888 54db | c002 0000 | b860 0900 | 0075 05b8 | 7009 0000 | 4c8b 0407 | 4d8d 4001 
  0x000002c0bd8d00f4: 4c89 0407 | 0f85 0200 | 0000 ffc3 

  0x000002c0bd8d0100: ;   {metadata(method data for {method} {0x000002c0dac553f8} 'layout' '()V' in 'com/sun/javafx/text/PrismTextLayout')}
  0x000002c0bd8d0100: 488b fa48 | b818 8854 | dbc0 0200 

  0x000002c0bd8d010c: ;   {metadata('com/sun/javafx/text/TextRun')}
  0x000002c0bd8d010c: 0049 ba00 | 6930 9300 | 0000 004c | 8990 8809 | 0000 4883 | 8090 0900 | 0001 8b7a 

  0x000002c0bd8d0128: ;   {metadata(method data for {method} {0x000002c0dac553f8} 'layout' '()V' in 'com/sun/javafx/text/PrismTextLayout')}
  0x000002c0bd8d0128: 143b df48 | bf18 8854 | dbc0 0200 | 00b8 c009 | 0000 7c05 | b8b0 0900 | 004c 8b04 | 074d 8d40 
  0x000002c0bd8d0148: 014c 8904 | 070f 8c08 | 0000 0049 | 8bd3 e966 | 0600 0045 | 8b4b 4049 | c1e1 0341 | 8b79 0c3b 
  0x000002c0bd8d0168: ;   {metadata(method data for {method} {0x000002c0dac553f8} 'layout' '()V' in 'com/sun/javafx/text/PrismTextLayout')}
  0x000002c0bd8d0168: f748 b818 | 8854 dbc0 | 0200 0041 | b8d0 0900 | 007c 0641 | b8e0 0900 | 004e 8b2c | 004d 8d6d 
  0x000002c0bd8d0188: 014e 892c | 0089 9c24 | 3801 0000 | 4889 9424 | 3001 0000 | 0f8c 5102 | 0000 83c7 | 4048 8bdf 
  0x000002c0bd8d01a8: ;   {metadata('com/sun/javafx/text/TextRun'[])}
  0x000002c0bd8d01a8: 48ba 406f | 3093 0000 | 0000 4c8b | c148 63db | 488b fb48 | 81fb ffff | ff00 0f87 | 2035 0000 
  0x000002c0bd8d01c8: be17 0000 | 0048 8d34 | 9e48 83e6 | f849 8b87 | c801 0000 | 488d 3430 | 493b b7d8 | 0100 000f 
  0x000002c0bd8d01e8: 87fb 3400 | 0049 89b7 | c801 0000 | 482b f048 | c700 0100 | 0000 488b | ca41 ba00 | 0000 9249 
  0x000002c0bd8d0208: 2bca 8948 | 0889 580c | 4883 ee10 | 4885 f60f | 8411 0000 | 0048 33db | 48c1 ee03 | 4889 5cf0 
  0x000002c0bd8d0228: 0848 ffce 

  0x000002c0bd8d022c: ;   {metadata(method data for {method} {0x000002c0dac553f8} 'layout' '()V' in 'com/sun/javafx/text/PrismTextLayout')}
  0x000002c0bd8d022c: 75f6 48ba | 1888 54db | c002 0000 | 4883 82f0 | 0900 0001 | 498b c8ff | c149 8bd1 | 4489 8424 
  0x000002c0bd8d024c: 2001 0000 | 41b8 0000 | 0000 4c8b | c8bf 0000 | 0000 488b | f148 8984 | 2428 0100 | 0089 8c24 
  0x000002c0bd8d026c: 2401 0000 | 498d 0c30 | 3b4a 0c0f | 8775 3400 | 0048 8d0c | 3741 3b49 | 0c0f 8767 | 3400 0085 
  0x000002c0bd8d028c: f60f 8c5f | 3400 004d | 63c0 4863 | ff4a 8d4c | 8210 498d | 54b9 104c | 8bc6 4883 | ec20 40f6 
  0x000002c0bd8d02ac: c40f 0f84 | 1200 0000 | 4883 ec08 

  0x000002c0bd8d02b8: ;   {runtime_call Stub::oop_disjoint_arraycopy}
  0x000002c0bd8d02b8: e863 28cc | 0648 83c4 | 08e9 0500 

  0x000002c0bd8d02c4: ;   {runtime_call Stub::oop_disjoint_arraycopy}
  0x000002c0bd8d02c4: 0000 e855 | 28cc 0648 | 83c4 2048 | 8b94 24b0 | 0000 0044 | 8b42 4049 | c1e0 0345 

  0x000002c0bd8d02e0: ;   {metadata(method data for {method} {0x000002c0dac553f8} 'layout' '()V' in 'com/sun/javafx/text/PrismTextLayout')}
  0x000002c0bd8d02e0: 8b48 0c48 | bf18 8854 | dbc0 0200 | 0048 8387 | 000a 0000 | 018b 8c24 | 2001 0000 | 83c1 0244 
  0x000002c0bd8d0300: 2b8c 2420 | 0100 0049 | 8bf1 ffce | 498b d044 | 8b84 2424 | 0100 004c | 8b8c 2428 | 0100 0048 
  0x000002c0bd8d0320: 8bf9 4585 | c00f 8cdb | 3300 0085 | ff0f 8cd3 | 3300 0049 | 8d0c 303b | 4a0c 0f87 | c633 0000 
  0x000002c0bd8d0340: 488d 0c37 | 413b 490c | 0f87 b833 | 0000 85f6 | 0f8c b033 | 0000 4d63 | c048 63ff | 4a8d 4c82 
  0x000002c0bd8d0360: 1049 8d54 | b910 4c8b | c648 83ec | 2040 f6c4 | 0f0f 8412 | 0000 0048 

  0x000002c0bd8d0378: ;   {runtime_call Stub::oop_arraycopy}
  0x000002c0bd8d0378: 83ec 08e8 | 4031 cc06 | 4883 c408 | e905 0000 

  0x000002c0bd8d0388: ;   {runtime_call Stub::oop_arraycopy}
  0x000002c0bd8d0388: 00e8 3231 | cc06 4883 | c420 410f | be57 4885 | d248 8b94 | 24b0 0000 | 000f 856a | 3300 0048 
  0x000002c0bd8d03a8: 8b84 2428 | 0100 004c | 8bd0 49c1 | ea03 4489 | 5240 4c8b | c24c 33c0 | 49c1 e816 | 4983 f800 
  0x000002c0bd8d03c8: 0f85 6333 

  0x000002c0bd8d03cc: ;   {metadata(method data for {method} {0x000002c0dac553f8} 'layout' '()V' in 'com/sun/javafx/text/PrismTextLayout')}
  0x000002c0bd8d03cc: 0000 49b8 | 1888 54db | c002 0000 | 41ff 8010 | 0a00 008b | 9c24 3801 | 0000 488b | b424 3001 
  0x000002c0bd8d03ec: 0000 e9c2 | 0000 0089 | 8c24 2001 

  0x000002c0bd8d03f8: ;   {metadata(method data for {method} {0x000002c0dac553f8} 'layout' '()V' in 'com/sun/javafx/text/PrismTextLayout')}
  0x000002c0bd8d03f8: 0000 49b8 | 1888 54db | c002 0000 | 4983 8028 | 0a00 0001 | 8b8c 2420 | 0100 00ff | c18b bc24 
  0x000002c0bd8d0418: 2001 0000 | 83c7 022b | b424 2001 | 0000 ffce | 498b d14c | 8bc1 4585 | c00f 8c12 | 3300 0085 
  0x000002c0bd8d0438: ff0f 8c0a | 3300 0049 | 8d0c 303b | 4a0c 0f87 | fd32 0000 | 488d 0c37 | 413b 490c | 0f87 ef32 
  0x000002c0bd8d0458: 0000 85f6 | 0f8c e732 | 0000 4d63 | c048 63ff | 4a8d 4c82 | 1049 8d54 | b910 4c8b | c648 83ec 
  0x000002c0bd8d0478: 2040 f6c4 | 0f0f 8412 | 0000 0048 

  0x000002c0bd8d0484: ;   {runtime_call Stub::oop_arraycopy}
  0x000002c0bd8d0484: 83ec 08e8 | 3430 cc06 | 4883 c408 | e905 0000 

  0x000002c0bd8d0494: ;   {runtime_call Stub::oop_arraycopy}
  0x000002c0bd8d0494: 00e8 2630 | cc06 4883 | c420 8b9c | 2438 0100 | 0048 8bb4 | 2430 0100 | 0048 8b94 | 24b0 0000 
  0x000002c0bd8d04b4: 008b 7a40 | 48c1 e703 

  0x000002c0bd8d04bc: ;   {metadata(method data for {method} {0x000002c0dac553f8} 'layout' '()V' in 'com/sun/javafx/text/PrismTextLayout')}
  0x000002c0bd8d04bc: 4c8b c648 | b818 8854 | dbc0 0200 

  0x000002c0bd8d04c8: ;   {metadata('com/sun/javafx/text/TextRun')}
  0x000002c0bd8d04c8: 0049 ba00 | 6930 9300 | 0000 004c | 8990 400a | 0000 4883 | 8048 0a00 | 0001 8b8c | 2420 0100 
  0x000002c0bd8d04e8: 00ff c14c | 8bc3 488b | d648 89b4 | 2430 0100 | 0048 89bc | 2440 0100 | 0089 8c24 | 3c01 0000 
  0x000002c0bd8d0508: 0f1f 8000 

  0x000002c0bd8d050c: ;   {optimized virtual_call}
  0x000002c0bd8d050c: 0000 00e8 

  0x000002c0bd8d0510: ; ImmutableOopMap {[176]=Oop [184]=Oop [192]=Oop [216]=Oop [240]=Oop [248]=Oop [304]=Oop [320]=Oop }
                      ;*invokevirtual split {reexecute=0 rethrow=0 return_oop=0}
                      ; - com.sun.javafx.text.PrismTextLayout::layout@685 (line 1200)
  0x000002c0bd8d0510: 793a 0000 

  0x000002c0bd8d0514: ;   {post_call_nop}
  0x000002c0bd8d0514: 0f1f 8400 | 0c1c 0016 | 8b8c 243c | 0100 0048 | 8bbc 2440 | 0100 003b | 4f0c 0f83 | 2f32 0000 
  0x000002c0bd8d0534: ;   {metadata(method data for {method} {0x000002c0dac553f8} 'layout' '()V' in 'com/sun/javafx/text/PrismTextLayout')}
  0x000002c0bd8d0534: 4885 c049 | b918 8854 | dbc0 0200 | 0075 0d41 | 8089 610a | 0000 01e9 | da00 0000 | 448b 4008 
  0x000002c0bd8d0554: 41ba 0000 | 0092 4d03 | c24d 3b81 | 700a 0000 | 750d 4983 | 8178 0a00 | 0001 e960 | 0000 004d 
  0x000002c0bd8d0574: 3b81 800a | 0000 750d | 4983 8188 | 0a00 0001 | e94a 0000 | 0049 83b9 | 700a 0000 | 0075 174d 
  0x000002c0bd8d0594: 8981 700a | 0000 49c7 | 8178 0a00 | 0001 0000 | 00e9 2900 | 0000 4983 | b980 0a00 | 0000 7517 
  0x000002c0bd8d05b4: 4d89 8180 | 0a00 0049 | c781 880a | 0000 0100 | 0000 e908 | 0000 0049 | 8381 680a | 0000 0144 
  0x000002c0bd8d05d4: 8b47 0841 | ba00 0000 | 924d 03c2 | 448b 4808 | 41ba 0000 | 0092 4d03 | ca4d 8b80 | e000 0000 
  0x000002c0bd8d05f4: 4d3b c80f | 842d 0000 | 0041 8b50 | 144d 3b04 | 110f 841f | 0000 0083 | fa20 0f85 | 6231 0000 
  0x000002c0bd8d0614: 4151 4150 

  0x000002c0bd8d0618: ;   {runtime_call C1 Runtime slow_subtype_check_blob}
  0x000002c0bd8d0618: e843 a4db | 0641 5941 | 5845 85c0 | 0f84 4c31 | 0000 4863 | c94c 8d44 | 8f10 450f | be4f 4845 
  0x000002c0bd8d0638: 85c9 0f85 | 3f31 0000 | 4c8b d049 | c1ea 0345 | 8910 4d8b | c84c 33c8 | 49c1 e916 | 4983 f900 
  0x000002c0bd8d0658: 0f85 4031 | 0000 488b | 9424 3001 

  0x000002c0bd8d0664: ;   {metadata(method data for {method} {0x000002c0dac553f8} 'layout' '()V' in 'com/sun/javafx/text/PrismTextLayout')}
  0x000002c0bd8d0664: 0000 49b8 | 1888 54db | c002 0000 

  0x000002c0bd8d0670: ;   {metadata('com/sun/javafx/text/TextRun')}
  0x000002c0bd8d0670: 49ba 0069 | 3093 0000 | 0000 4d89 | 90a0 0a00 | 0049 8380 | a80a 0000 

  0x000002c0bd8d0688: ;   {metadata(method data for {method} {0x000002c0db039fd0} 'isComplex' '()Z' in 'com/sun/javafx/text/TextRun')}
  0x000002c0bd8d0688: 0149 b800 | 4c40 dcc0 | 0200 0045 | 8b88 9000 | 0000 4183 | c102 4589 | 8890 0000 | 0041 81e1 
  0x000002c0bd8d06a8: feff 1f00 | 4585 c90f | 8401 3100 | 0048 8b94 | 2430 0100 | 0044 8b42 | 2c41 83e0 | 2045 85c0 
  0x000002c0bd8d06c8: ;   {metadata(method data for {method} {0x000002c0db039fd0} 'isComplex' '()Z' in 'com/sun/javafx/text/TextRun')}
  0x000002c0bd8d06c8: 49b8 004c | 40dc c002 | 0000 41b9 | d800 0000 | 7406 41b9 | e800 0000 | 4b8b 3c08 | 488d 7f01 
  0x000002c0bd8d06e8: 4b89 3c08 | 0f84 1c00 

  0x000002c0bd8d06f0: ;   {metadata(method data for {method} {0x000002c0db039fd0} 'isComplex' '()Z' in 'com/sun/javafx/text/TextRun')}
  0x000002c0bd8d06f0: 0000 49b8 | 004c 40dc | c002 0000 | 41ff 80f8 | 0000 0041 | b801 0000 | 00e9 0600 | 0000 41b8 
  0x000002c0bd8d0710: 0000 0000 | 4183 e001 

  0x000002c0bd8d0718: ;   {metadata(method data for {method} {0x000002c0dac553f8} 'layout' '()V' in 'com/sun/javafx/text/PrismTextLayout')}
  0x000002c0bd8d0718: 4585 c049 | b818 8854 | dbc0 0200 | 0041 b9c8 | 0a00 0074 | 0641 b9d8 | 0a00 004b | 8b3c 0848 
  0x000002c0bd8d0738: 8d7f 014b | 893c 080f | 8447 0000 | 004c 8b84 | 24b0 0000 

  0x000002c0bd8d074c: ;   {metadata(method data for {method} {0x000002c0dac553f8} 'layout' '()V' in 'com/sun/javafx/text/PrismTextLayout')}
  0x000002c0bd8d074c: 0049 b918 | 8854 dbc0 | 0200 0049 | 8381 e80a | 0000 014c | 8bc2 4c8b | 8c24 b800 | 0000 488b 
  0x000002c0bd8d076c: bc24 c000 | 0000 488b | 9424 b000 | 0000 0f1f 

  0x000002c0bd8d077c: ;   {optimized virtual_call}
  0x000002c0bd8d077c: 4400 00e8 

  0x000002c0bd8d0780: ; ImmutableOopMap {[176]=Oop [184]=Oop [192]=Oop [216]=Oop [240]=Oop [248]=Oop }
                      ;*invokevirtual shape {reexecute=0 rethrow=0 return_oop=0}
                      ; - com.sun.javafx.text.PrismTextLayout::layout@702 (line 1202)
  0x000002c0bd8d0780: 5cea cd06 

  0x000002c0bd8d0784: ;   {post_call_nop}
  0x000002c0bd8d0784: 0f1f 8400 | 7c1e 0017 | 488b 9424 | b000 0000 | 448b 420c | 41ff c044 | 8942 0c8b | 8c24 2001 
  0x000002c0bd8d07a4: 0000 e916 | 0000 0049 | 8bd3 ffc9 

  0x000002c0bd8d07b0: ;   {metadata(method data for {method} {0x000002c0dac553f8} 'layout' '()V' in 'com/sun/javafx/text/PrismTextLayout')}
  0x000002c0bd8d07b0: 49b8 1888 | 54db c002 | 0000 41ff | 8048 0900 | 004c 8bc1 | 41ff c044 | 8b4a 0c45 

  0x000002c0bd8d07cc: ;   {metadata(method data for {method} {0x000002c0dac553f8} 'layout' '()V' in 'com/sun/javafx/text/PrismTextLayout')}
  0x000002c0bd8d07cc: 3bc1 49b9 | 1888 54db | c002 0000 | bf28 0b00 | 007c 05bf | 180b 0000 | 498b 3439 | 488d 7601 
  0x000002c0bd8d07ec: 4989 3439 | 0f8c 1900 | 0000 488b | bc24 f800 | 0000 488b | f1c5 fa10 | 8424 c401 | 0000 e99d 
  0x000002c0bd8d080c: 0100 0044 | 8b4a 4049 | c1e1 0345 | 3b41 0c0f | 83c0 2f00 | 004d 63c0 | 478b 4481 | 1049 c1e0 
  0x000002c0bd8d082c: 0349 3b00 

  0x000002c0bd8d0830: ;   {metadata(method data for {method} {0x000002c0dac553f8} 'layout' '()V' in 'com/sun/javafx/text/PrismTextLayout')}
  0x000002c0bd8d0830: 498b f848 | be18 8854 | dbc0 0200 

  0x000002c0bd8d083c: ;   {metadata('com/sun/javafx/text/TextRun')}
  0x000002c0bd8d083c: 0049 ba00 | 6930 9300 | 0000 004c | 8996 400b | 0000 4883 | 8648 0b00 

  0x000002c0bd8d0854: ;   {metadata(method data for {method} {0x000002c0db0398a0} 'isLinebreak' '()Z' in 'com/sun/javafx/text/TextRun')}
  0x000002c0bd8d0854: 0001 48bf | 6039 40dc | c002 0000 | 8bb7 9000 | 0000 83c6 | 0289 b790 | 0000 0081 | e6fe ff1f 
  0x000002c0bd8d0874: 0085 f60f | 8477 2f00 | 0045 8b40 | 2c41 83e0 | 0245 85c0 

  0x000002c0bd8d0888: ;   {metadata(method data for {method} {0x000002c0db0398a0} 'isLinebreak' '()Z' in 'com/sun/javafx/text/TextRun')}
  0x000002c0bd8d0888: 49b8 6039 | 40dc c002 | 0000 bfd8 | 0000 0074 | 05bf e800 | 0000 498b | 3438 488d | 7601 4989 
  0x000002c0bd8d08a8: 3438 0f84 | 1c00 0000 

  0x000002c0bd8d08b0: ;   {metadata(method data for {method} {0x000002c0db0398a0} 'isLinebreak' '()Z' in 'com/sun/javafx/text/TextRun')}
  0x000002c0bd8d08b0: 49b8 6039 | 40dc c002 | 0000 41ff | 80f8 0000 | 0041 b801 | 0000 00e9 | 0600 0000 | 41b8 0000 
  0x000002c0bd8d08d0: 0000 4183 | e001 4585 

  0x000002c0bd8d08d8: ;   {metadata(method data for {method} {0x000002c0dac553f8} 'layout' '()V' in 'com/sun/javafx/text/PrismTextLayout')}
  0x000002c0bd8d08d8: c049 b818 | 8854 dbc0 | 0200 00bf | 780b 0000 | 7405 bf68 | 0b00 0049 | 8b34 3848 | 8d76 0149 
  0x000002c0bd8d08f8: 8934 380f | 8419 0000 | 0048 8bbc | 24f8 0000 | 0048 8bf1 | c5fa 1084 | 24c4 0100 | 00e9 9200 
  0x000002c0bd8d0918: 0000 413b | 490c 0f83 | f12e 0000 | 4c63 c147 | 8b44 8110 | 49c1 e003 

  0x000002c0bd8d0930: ; implicit exception: dispatches to 0x000002c0bd8d3823
  0x000002c0bd8d0930: 493b 004d 

  0x000002c0bd8d0934: ;   {metadata(method data for {method} {0x000002c0dac553f8} 'layout' '()V' in 'com/sun/javafx/text/PrismTextLayout')}
  0x000002c0bd8d0934: 8bc8 48bf | 1888 54db | c002 0000 

  0x000002c0bd8d0940: ;   {metadata('com/sun/javafx/text/TextRun')}
  0x000002c0bd8d0940: 49ba 0069 | 3093 0000 | 0000 4c89 | 9790 0b00 | 0048 8387 | 980b 0000 

  0x000002c0bd8d0958: ;   {metadata(method data for {method} {0x000002c0db03abc8} 'setSoftbreak' '()V' in 'com/sun/javafx/text/TextRun')}
  0x000002c0bd8d0958: 0149 b9d0 | 4e40 dcc0 | 0200 0041 | 8bb9 9000 | 0000 83c7 | 0241 89b9 | 9000 0000 | 81e7 feff 
  0x000002c0bd8d0978: 1f00 85ff | 0f84 a62e | 0000 458b | 482c 4183 | c904 4589 | 482c 448b | 4a20 4181 | c980 0000 
  0x000002c0bd8d0998: 0044 894a | 2049 8bf8 | 488b f1c5 | fa10 8424 | c401 0000 | c5fa 5884 | 24c0 0100 | 0048 3b07 
  0x000002c0bd8d09b8: ;   {metadata(method data for {method} {0x000002c0dac553f8} 'layout' '()V' in 'com/sun/javafx/text/PrismTextLayout')}
  0x000002c0bd8d09b8: 4c8b c749 | b918 8854 | dbc0 0200 | 0049 8381 | c80b 0000 

  0x000002c0bd8d09cc: ;   {metadata(method data for {method} {0x000002c0db039ac8} 'isBreak' '()Z' in 'com/sun/javafx/text/TextRun')}
  0x000002c0bd8d09cc: 0149 b8d8 | 4f40 dcc0 | 0200 0045 | 8b88 9000 | 0000 4183 | c102 4589 | 8890 0000 | 0041 81e1 
  0x000002c0bd8d09ec: feff 1f00 | 4585 c90f | 8455 2e00 | 0044 8b47 | 2c41 83e0 | 0645 85c0 

  0x000002c0bd8d0a04: ;   {metadata(method data for {method} {0x000002c0db039ac8} 'isBreak' '()Z' in 'com/sun/javafx/text/TextRun')}
  0x000002c0bd8d0a04: 49b8 d84f | 40dc c002 | 0000 41b9 | d800 0000 | 7406 41b9 | e800 0000 | 4b8b 3c08 | 488d 7f01 
  0x000002c0bd8d0a24: 4b89 3c08 | 0f84 1c00 

  0x000002c0bd8d0a2c: ;   {metadata(method data for {method} {0x000002c0db039ac8} 'isBreak' '()Z' in 'com/sun/javafx/text/TextRun')}
  0x000002c0bd8d0a2c: 0000 49b8 | d84f 40dc | c002 0000 | 41ff 80f8 | 0000 0041 | b801 0000 | 00e9 0600 | 0000 41b8 
  0x000002c0bd8d0a4c: 0000 0000 | 4183 e001 

  0x000002c0bd8d0a54: ;   {metadata(method data for {method} {0x000002c0dac553f8} 'layout' '()V' in 'com/sun/javafx/text/PrismTextLayout')}
  0x000002c0bd8d0a54: 4585 c049 | b818 8854 | dbc0 0200 | 0041 b9f8 | 0b00 0075 | 0641 b9e8 | 0b00 004b | 8b3c 0848 
  0x000002c0bd8d0a74: 8d7f 014b | 893c 080f | 851e 0000 | 008b 9c24 | ec00 0000 | 8b8c 2400 | 0100 004c | 8bc6 488b 
  0x000002c0bd8d0a94: b424 f000 | 0000 e9aa | 0300 004c 

  0x000002c0bd8d0aa0: ;   {metadata(method data for {method} {0x000002c0dac553f8} 'layout' '()V' in 'com/sun/javafx/text/PrismTextLayout')}
  0x000002c0bd8d0aa0: 8bc2 49b9 | 1888 54db | c002 0000 | 4983 8108 | 0c00 0001 | 448b 8424 | 0001 0000 | 4c8b ce8b 
  0x000002c0bd8d0ac0: bc24 ec00 | 0000 488b | da48 8bd3 | 89b4 2448 | 0100 000f 

  0x000002c0bd8d0ad4: ;   {optimized virtual_call}
  0x000002c0bd8d0ad4: 1f40 00e8 

  0x000002c0bd8d0ad8: ; ImmutableOopMap {[176]=Oop [184]=Oop [192]=Oop [216]=Oop [240]=Oop }
                      ;*invokevirtual createLine {reexecute=0 rethrow=0 return_oop=0}
                      ; - com.sun.javafx.text.PrismTextLayout::layout@789 (line 1232)
  0x000002c0bd8d0ad8: e435 0000 

  0x000002c0bd8d0adc: ;   {post_call_nop}
  0x000002c0bd8d0adc: 0f1f 8400 | d421 0018 | 4c8b 8424 | f000 0000 

  0x000002c0bd8d0aec: ;   {metadata(method data for {method} {0x000002c0dac553f8} 'layout' '()V' in 'com/sun/javafx/text/PrismTextLayout')}
  0x000002c0bd8d0aec: 48ba 1888 | 54db c002 | 0000 458b | 4008 41ba | 0000 0092 | 4d03 c24c | 3b82 400c | 0000 750d 
  0x000002c0bd8d0b0c: 4883 8248 | 0c00 0001 | e960 0000 | 004c 3b82 | 500c 0000 | 750d 4883 | 8258 0c00 | 0001 e94a 
  0x000002c0bd8d0b2c: 0000 0048 | 83ba 400c | 0000 0075 | 174c 8982 | 400c 0000 | 48c7 8248 | 0c00 0001 | 0000 00e9 
  0x000002c0bd8d0b4c: 2900 0000 | 4883 ba50 | 0c00 0000 | 7517 4c89 | 8250 0c00 | 0048 c782 | 580c 0000 | 0100 0000 
  0x000002c0bd8d0b6c: e908 0000 | 0048 8382 | 380c 0000 

  0x000002c0bd8d0b78: ;   {metadata(method data for {method} {0x0000000092221148} 'add' '(Ljava/lang/Object;)Z' in 'java/util/ArrayList')}
  0x000002c0bd8d0b78: 0149 b830 | 0f0d dac0 | 0200 0041 | 8b90 9000 | 0000 83c2 | 0241 8990 | 9000 0000 | 81e2 feff 
  0x000002c0bd8d0b98: 1f00 85d2 | 0f84 cd2c | 0000 488b | b424 f000 | 0000 448b | 460c 41ff | c044 8946 | 0c44 8b46 
  0x000002c0bd8d0bb8: 1449 c1e0 | 038b 7e10 

  0x000002c0bd8d0bc0: ;   {metadata(method data for {method} {0x0000000092221148} 'add' '(Ljava/lang/Object;)Z' in 'java/util/ArrayList')}
  0x000002c0bd8d0bc0: 488b d648 | bb30 0f0d | dac0 0200 | 0048 8383 | d800 0000 

  0x000002c0bd8d0bd4: ;   {metadata(method data for {method} {0x0000000092222068} 'add' '(Ljava/lang/Object;[Ljava/lang/Object;I)V' in 'java/util/ArrayList')}
  0x000002c0bd8d0bd4: 0148 ba88 | 120d dac0 | 0200 008b | 9a90 0000 | 0083 c302 | 899a 9000 | 0000 81e3 | feff 1f00 
  0x000002c0bd8d0bf4: 85db 0f84 | 942c 0000 

  0x000002c0bd8d0bfc: ; implicit exception: dispatches to 0x000002c0bd8d38b1
  0x000002c0bd8d0bfc: 418b 500c 

  0x000002c0bd8d0c00: ;   {metadata(method data for {method} {0x0000000092222068} 'add' '(Ljava/lang/Object;[Ljava/lang/Object;I)V' in 'java/util/ArrayList')}
  0x000002c0bd8d0c00: 3bfa 48ba | 8812 0dda | c002 0000 | bbd8 0000 | 0075 05bb | e800 0000 | 488b 0c1a | 488d 4901 
  0x000002c0bd8d0c20: 4889 0c1a | 0f85 9400 | 0000 4889 | 8424 5001 | 0000 4c8b 

  0x000002c0bd8d0c34: ;   {metadata(method data for {method} {0x0000000092222068} 'add' '(Ljava/lang/Object;[Ljava/lang/Object;I)V' in 'java/util/ArrayList')}
  0x000002c0bd8d0c34: c648 ba88 | 120d dac0 | 0200 0048 | 8382 f800 

  0x000002c0bd8d0c44: ;   {metadata(method data for {method} {0x00000000922221c8} 'grow' '()[Ljava/lang/Object;' in 'java/util/ArrayList')}
  0x000002c0bd8d0c44: 0000 0149 | b878 140d | dac0 0200 | 0041 8b90 | 9000 0000 | 83c2 0241 | 8990 9000 | 0000 81e2 
  0x000002c0bd8d0c64: feff 1f00 | 85d2 0f84 | 462c 0000 

  0x000002c0bd8d0c70: ;   {metadata(method data for {method} {0x00000000922221c8} 'grow' '()[Ljava/lang/Object;' in 'java/util/ArrayList')}
  0x000002c0bd8d0c70: 4c8b c648 | ba78 140d | dac0 0200 | 0048 8382 | d800 0000 | 014c 8bc7 | 41ff c048 | 8bd6 89bc 
  0x000002c0bd8d0c90: 244c 0100 

  0x000002c0bd8d0c94: ;   {optimized virtual_call}
  0x000002c0bd8d0c94: 0066 90e8 

  0x000002c0bd8d0c98: ; ImmutableOopMap {[176]=Oop [184]=Oop [192]=Oop [216]=Oop [240]=Oop [336]=Oop }
                      ;*invokevirtual grow {reexecute=0 rethrow=0 return_oop=0}
                      ; - java.util.ArrayList::grow@7 (line 245)
                      ; - java.util.ArrayList::add@7 (line 484)
                      ; - java.util.ArrayList::add@20 (line 497)
                      ; - com.sun.javafx.text.PrismTextLayout::layout@798 (line 1233)
  0x000002c0bd8d0c98: f4b1 5c07 

  0x000002c0bd8d0c9c: ;   {post_call_nop}
  0x000002c0bd8d0c9c: 0f1f 8400 | 9423 0019 | 4c8b c08b | bc24 4c01 | 0000 488b | 8424 5001 | 0000 488b | b424 f000 
  0x000002c0bd8d0cbc: 0000 413b | 780c 0f83 | 192c 0000 

  0x000002c0bd8d0cc8: ;   {metadata(method data for {method} {0x0000000092222068} 'add' '(Ljava/lang/Object;[Ljava/lang/Object;I)V' in 'java/util/ArrayList')}
  0x000002c0bd8d0cc8: 4885 c048 | ba88 120d | dac0 0200 | 0075 0c80 | 8a21 0100 | 0001 e9d7 | 0000 0044 | 8b48 0841 
  0x000002c0bd8d0ce8: ba00 0000 | 924d 03ca | 4c3b 8a30 | 0100 0075 | 0d48 8382 | 3801 0000 | 01e9 6000 | 0000 4c3b 
  0x000002c0bd8d0d08: 8a40 0100 | 0075 0d48 | 8382 4801 | 0000 01e9 | 4a00 0000 | 4883 ba30 | 0100 0000 | 7517 4c89 
  0x000002c0bd8d0d28: 8a30 0100 | 0048 c782 | 3801 0000 | 0100 0000 | e929 0000 | 0048 83ba | 4001 0000 | 0075 174c 
  0x000002c0bd8d0d48: 898a 4001 | 0000 48c7 | 8248 0100 | 0001 0000 | 00e9 0800 | 0000 4883 | 8228 0100 | 0001 458b 
  0x000002c0bd8d0d68: 4808 41ba | 0000 0092 | 4d03 ca8b | 5008 41ba | 0000 0092 | 4903 d24d | 8b89 e000 | 0000 493b 
  0x000002c0bd8d0d88: d10f 842b | 0000 0041 | 8b59 144c | 3b0c 1a0f | 841d 0000 | 0083 fb20 | 0f85 4e2b | 0000 5241 
  0x000002c0bd8d0da8: ;   {runtime_call C1 Runtime slow_subtype_check_blob}
  0x000002c0bd8d0da8: 51e8 b29c | db06 5a41 | 5945 85c9 | 0f84 3a2b | 0000 4c63 | cf4f 8d44 | 8810 450f | be4f 4845 
  0x000002c0bd8d0dc8: 85c9 0f85 | 2d2b 0000 | 4c8b d049 | c1ea 0345 | 8910 4d8b | c84c 33c8 | 49c1 e916 | 4983 f900 
  0x000002c0bd8d0de8: 0f85 2e2b | 0000 ffc7 | 897e 1044 | 8b84 2448 | 0100 0041 | ffc0 483b | 004c 8bc8 

  0x000002c0bd8d0e04: ;   {metadata(method data for {method} {0x000002c0dac553f8} 'layout' '()V' in 'com/sun/javafx/text/PrismTextLayout')}
  0x000002c0bd8d0e04: 48bf 1888 | 54db c002 

  0x000002c0bd8d0e0c: ;   {metadata('com/sun/javafx/text/TextLine')}
  0x000002c0bd8d0e0c: 0000 49ba | 0034 3093 | 0000 0000 | 4c89 9770 | 0c00 0048 | 8387 780c | 0000 0144 | 8b48 1c44 
  0x000002c0bd8d0e2c: 038c 24ec | 0000 0049 | 8bd9 498b 

  0x000002c0bd8d0e38: ;   {section_word}
  0x000002c0bd8d0e38: c8c5 fa10 | 05cf dbff | ff44 8b84 | 2448 0100 | 0041 ffc0 

  0x000002c0bd8d0e4c: ;   {metadata(method data for {method} {0x000002c0dac553f8} 'layout' '()V' in 'com/sun/javafx/text/PrismTextLayout')}
  0x000002c0bd8d0e4c: 49b9 1888 | 54db c002 | 0000 418b | b994 0000 | 0083 c702 | 4189 b994 | 0000 0081 | e7fe 3f00 
  0x000002c0bd8d0e6c: 0085 ff0f | 84c4 2a00 | 004d 8b57 

  0x000002c0bd8d0e78: ; ImmutableOopMap {rsi=Oop [176]=Oop [184]=Oop [192]=Oop [216]=Oop [240]=Oop }
                      ;*goto {reexecute=1 rethrow=0 return_oop=0}
                      ; - (reexecute) com.sun.javafx.text.PrismTextLayout::layout@824 (line 1111)
                      ;   {poll}
  0x000002c0bd8d0e78: 3041 8502 

  0x000002c0bd8d0e7c: ;   {metadata(method data for {method} {0x000002c0dac553f8} 'layout' '()V' in 'com/sun/javafx/text/PrismTextLayout')}
  0x000002c0bd8d0e7c: 49b9 1888 | 54db c002 | 0000 41ff | 8198 0c00 | 0089 9c24 | ec00 0000 | 898c 2400 | 0100 00c5 
  0x000002c0bd8d0e9c: fa11 8424 | c001 0000 | 488b 9c24 | c000 0000 | 4c8b ac24 | b800 0000 | 4c8b 9c24 | b000 0000 
  0x000002c0bd8d0ebc: 498b f0e9 | 44e5 ffff | 8b8c 2400 | 0100 0048 | 8bb4 24f0 | 0000 004c | 8bc3 8b9c | 24ec 0000 
  0x000002c0bd8d0edc: 004d 85c0 

  0x000002c0bd8d0ee0: ;   {metadata(method data for {method} {0x000002c0dac553f8} 'layout' '()V' in 'com/sun/javafx/text/PrismTextLayout')}
  0x000002c0bd8d0ee0: 49b9 1888 | 54db c002 | 0000 bfb0 | 0c00 0074 | 05bf c00c | 0000 498b | 1439 488d | 5201 4989 
  0x000002c0bd8d0f00: 1439 0f84 | 0d01 0000 

  0x000002c0bd8d0f08: ; implicit exception: dispatches to 0x000002c0bd8d395a
  0x000002c0bd8d0f08: 493b 004d 

  0x000002c0bd8d0f0c: ;   {metadata(method data for {method} {0x000002c0dac553f8} 'layout' '()V' in 'com/sun/javafx/text/PrismTextLayout')}
  0x000002c0bd8d0f0c: 8bc8 48bf | 1888 54db | c002 0000 | 458b 4908 | 41ba 0000 | 0092 4d03 | ca4c 3b8f | d80c 0000 
  0x000002c0bd8d0f2c: 750d 4883 | 87e0 0c00 | 0001 e960 | 0000 004c | 3b8f e80c | 0000 750d | 4883 87f0 | 0c00 0001 
  0x000002c0bd8d0f4c: e94a 0000 | 0048 83bf | d80c 0000 | 0075 174c | 898f d80c | 0000 48c7 | 87e0 0c00 | 0001 0000 
  0x000002c0bd8d0f6c: 00e9 2900 | 0000 4883 | bfe8 0c00 | 0000 7517 | 4c89 8fe8 | 0c00 0048 | c787 f00c | 0000 0100 
  0x000002c0bd8d0f8c: 0000 e908 | 0000 0048 | 8387 d00c 

  0x000002c0bd8d0f98: ;   {metadata(method data for {method} {0x000002c0da82b920} 'dispose' '()V' in 'com/sun/javafx/text/GlyphLayout')}
  0x000002c0bd8d0f98: 0000 0149 | b910 5b40 | dcc0 0200 | 0041 8bb9 | 9000 0000 | 83c7 0241 | 89b9 9000 | 0000 81e7 
  0x000002c0bd8d0fb8: feff 1f00 | 85ff 0f84 | 9b29 0000 

  0x000002c0bd8d0fc4: ;   {oop(a 'java/lang/Class'{0x000000060bb30f08} = 'com/sun/javafx/text/GlyphLayout')}
  0x000002c0bd8d0fc4: 49b9 080f | b30b 0600 | 0000 458b | 497c 49c1 | e103 4d3b 

  0x000002c0bd8d0fd8: ;   {metadata(method data for {method} {0x000002c0da82b920} 'dispose' '()V' in 'com/sun/javafx/text/GlyphLayout')}
  0x000002c0bd8d0fd8: c149 b810 | 5b40 dcc0 | 0200 0041 | b9d8 0000 | 0075 0641 | b9e8 0000 | 004b 8b3c | 0848 8d7f 
  0x000002c0bd8d0ff8: 014b 893c | 080f 8512 

  0x000002c0bd8d1000: ;   {oop(a 'java/lang/Class'{0x000000060bb30f08} = 'com/sun/javafx/text/GlyphLayout')}
  0x000002c0bd8d1000: 0000 0049 | b808 0fb3 | 0b06 0000 | 0041 c680 | 9800 0000 | 008b bc24 | e400 0000 | 488b 9424 
  0x000002c0bd8d1020: b000 0000 

  0x000002c0bd8d1024: ;   {metadata(method data for {method} {0x000002c0dac553f8} 'layout' '()V' in 'com/sun/javafx/text/PrismTextLayout')}
  0x000002c0bd8d1024: 49b8 1888 | 54db c002 | 0000 4983 | 8000 0d00 | 0001 ffcf | 4c8b c14c | 8bcf 488b | fb48 8b94 
  0x000002c0bd8d1044: 24b0 0000 | 0066 0f1f 

  0x000002c0bd8d104c: ;   {optimized virtual_call}
  0x000002c0bd8d104c: 4400 00e8 

  0x000002c0bd8d1050: ; ImmutableOopMap {[176]=Oop [184]=Oop [240]=Oop }
                      ;*invokevirtual createLine {reexecute=0 rethrow=0 return_oop=0}
                      ; - com.sun.javafx.text.PrismTextLayout::layout@848 (line 1241)
  0x000002c0bd8d1050: 6cab 1c00 

  0x000002c0bd8d1054: ;   {post_call_nop}
  0x000002c0bd8d1054: 0f1f 8400 | 4c27 001b | 4c8b 8424 | f000 0000 

  0x000002c0bd8d1064: ;   {metadata(method data for {method} {0x000002c0dac553f8} 'layout' '()V' in 'com/sun/javafx/text/PrismTextLayout')}
  0x000002c0bd8d1064: 48ba 1888 | 54db c002 | 0000 458b | 4008 41ba | 0000 0092 | 4d03 c24c | 3b82 380d | 0000 750d 
  0x000002c0bd8d1084: 4883 8240 | 0d00 0001 | e960 0000 | 004c 3b82 | 480d 0000 | 750d 4883 | 8250 0d00 | 0001 e94a 
  0x000002c0bd8d10a4: 0000 0048 | 83ba 380d | 0000 0075 | 174c 8982 | 380d 0000 | 48c7 8240 | 0d00 0001 | 0000 00e9 
  0x000002c0bd8d10c4: 2900 0000 | 4883 ba48 | 0d00 0000 | 7517 4c89 | 8248 0d00 | 0048 c782 | 500d 0000 | 0100 0000 
  0x000002c0bd8d10e4: e908 0000 | 0048 8382 | 300d 0000 

  0x000002c0bd8d10f0: ;   {metadata(method data for {method} {0x0000000092221148} 'add' '(Ljava/lang/Object;)Z' in 'java/util/ArrayList')}
  0x000002c0bd8d10f0: 0149 b830 | 0f0d dac0 | 0200 0041 | 8b90 9000 | 0000 83c2 | 0241 8990 | 9000 0000 | 81e2 feff 
  0x000002c0bd8d1110: 1f00 85d2 | 0f84 6628 | 0000 488b | b424 f000 | 0000 448b | 460c 41ff | c044 8946 | 0c44 8b46 
  0x000002c0bd8d1130: 1449 c1e0 | 038b 7e10 

  0x000002c0bd8d1138: ;   {metadata(method data for {method} {0x0000000092221148} 'add' '(Ljava/lang/Object;)Z' in 'java/util/ArrayList')}
  0x000002c0bd8d1138: 488b d648 | bb30 0f0d | dac0 0200 | 0048 8383 | d800 0000 

  0x000002c0bd8d114c: ;   {metadata(method data for {method} {0x0000000092222068} 'add' '(Ljava/lang/Object;[Ljava/lang/Object;I)V' in 'java/util/ArrayList')}
  0x000002c0bd8d114c: 0148 ba88 | 120d dac0 | 0200 008b | 9a90 0000 | 0083 c302 | 899a 9000 | 0000 81e3 | feff 1f00 
  0x000002c0bd8d116c: 85db 0f84 | 2d28 0000 

  0x000002c0bd8d1174: ; implicit exception: dispatches to 0x000002c0bd8d39c2
  0x000002c0bd8d1174: 418b 500c 

  0x000002c0bd8d1178: ;   {metadata(method data for {method} {0x0000000092222068} 'add' '(Ljava/lang/Object;[Ljava/lang/Object;I)V' in 'java/util/ArrayList')}
  0x000002c0bd8d1178: 3bfa 48ba | 8812 0dda | c002 0000 | bbe8 0000 | 0074 05bb | d800 0000 | 488b 0c1a | 488d 4901 
  0x000002c0bd8d1198: 4889 0c1a | 0f84 0800 | 0000 4c8b | cee9 9400 | 0000 4889 | 8424 6001 | 0000 4c8b 

  0x000002c0bd8d11b4: ;   {metadata(method data for {method} {0x0000000092222068} 'add' '(Ljava/lang/Object;[Ljava/lang/Object;I)V' in 'java/util/ArrayList')}
  0x000002c0bd8d11b4: c648 ba88 | 120d dac0 | 0200 0048 | 8382 f800 

  0x000002c0bd8d11c4: ;   {metadata(method data for {method} {0x00000000922221c8} 'grow' '()[Ljava/lang/Object;' in 'java/util/ArrayList')}
  0x000002c0bd8d11c4: 0000 0149 | b878 140d | dac0 0200 | 0041 8b90 | 9000 0000 | 83c2 0241 | 8990 9000 | 0000 81e2 
  0x000002c0bd8d11e4: feff 1f00 | 85d2 0f84 | d727 0000 

  0x000002c0bd8d11f0: ;   {metadata(method data for {method} {0x00000000922221c8} 'grow' '()[Ljava/lang/Object;' in 'java/util/ArrayList')}
  0x000002c0bd8d11f0: 4c8b c648 | ba78 140d | dac0 0200 | 0048 8382 | d800 0000 | 014c 8bc7 | 41ff c048 | 8bd6 89bc 
  0x000002c0bd8d1210: 2458 0100 

  0x000002c0bd8d1214: ;   {optimized virtual_call}
  0x000002c0bd8d1214: 0066 90e8 

  0x000002c0bd8d1218: ; ImmutableOopMap {[176]=Oop [184]=Oop [240]=Oop [352]=Oop }
                      ;*invokevirtual grow {reexecute=0 rethrow=0 return_oop=0}
                      ; - java.util.ArrayList::grow@7 (line 245)
                      ; - java.util.ArrayList::add@7 (line 484)
                      ; - java.util.ArrayList::add@20 (line 497)
                      ; - com.sun.javafx.text.PrismTextLayout::layout@851 (line 1241)
  0x000002c0bd8d1218: 74ac 5c07 

  0x000002c0bd8d121c: ;   {post_call_nop}
  0x000002c0bd8d121c: 0f1f 8400 | 1429 001c | 4c8b c08b | bc24 5801 | 0000 488b | 8424 6001 | 0000 4c8b | 8c24 f000 
  0x000002c0bd8d123c: 0000 413b | 780c 0f83 | aa27 0000 

  0x000002c0bd8d1248: ;   {metadata(method data for {method} {0x0000000092222068} 'add' '(Ljava/lang/Object;[Ljava/lang/Object;I)V' in 'java/util/ArrayList')}
  0x000002c0bd8d1248: 4885 c048 | ba88 120d | dac0 0200 | 0075 0c80 | 8a21 0100 | 0001 e9d2 | 0000 008b | 5808 41ba 
  0x000002c0bd8d1268: 0000 0092 | 4903 da48 | 3b9a 3001 | 0000 750d | 4883 8238 | 0100 0001 | e960 0000 | 0048 3b9a 
  0x000002c0bd8d1288: 4001 0000 | 750d 4883 | 8248 0100 | 0001 e94a | 0000 0048 | 83ba 3001 | 0000 0075 | 1748 899a 
  0x000002c0bd8d12a8: 3001 0000 | 48c7 8238 | 0100 0001 | 0000 00e9 | 2900 0000 | 4883 ba40 | 0100 0000 | 7517 4889 
  0x000002c0bd8d12c8: 9a40 0100 | 0048 c782 | 4801 0000 | 0100 0000 | e908 0000 | 0048 8382 | 2801 0000 | 0141 8b58 
  0x000002c0bd8d12e8: 0841 ba00 | 0000 9249 | 03da 8b50 | 0841 ba00 | 0000 9249 | 03d2 488b | 9be0 0000 | 0048 3bd3 
  0x000002c0bd8d1308: 0f84 2700 | 0000 8b73 | 1448 3b1c | 320f 841a | 0000 0083 | fe20 0f85 | e126 0000 

  0x000002c0bd8d1324: ;   {runtime_call C1 Runtime slow_subtype_check_blob}
  0x000002c0bd8d1324: 5253 e835 | 97db 065a | 5b85 db0f | 84d0 2600 | 0048 63df | 498d 5c98 | 1041 0fbe | 5748 85d2 
  0x000002c0bd8d1344: 0f85 c426 | 0000 4c8b | d049 c1ea | 0344 8913 | 488b d348 | 33d0 48c1 | ea16 4883 | fa00 0f85 
  0x000002c0bd8d1364: c426 0000 | ffc7 4189 | 7910 488b | 9424 b000 | 0000 498b 

  0x000002c0bd8d1378: ;   {metadata(method data for {method} {0x000002c0dac553f8} 'layout' '()V' in 'com/sun/javafx/text/PrismTextLayout')}
  0x000002c0bd8d1378: c148 bb18 | 8854 dbc0 | 0200 008b | 4008 41ba | 0000 0092 | 4903 c248 | 3b83 680d | 0000 750d 
  0x000002c0bd8d1398: 4883 8370 | 0d00 0001 | e960 0000 | 0048 3b83 | 780d 0000 | 750d 4883 | 8380 0d00 | 0001 e94a 
  0x000002c0bd8d13b8: 0000 0048 | 83bb 680d | 0000 0075 | 1748 8983 | 680d 0000 | 48c7 8370 | 0d00 0001 | 0000 00e9 
  0x000002c0bd8d13d8: 2900 0000 | 4883 bb78 | 0d00 0000 | 7517 4889 | 8378 0d00 | 0048 c783 | 800d 0000 | 0100 0000 
  0x000002c0bd8d13f8: e908 0000 | 0048 8383 | 600d 0000 | 0141 8b59 | 104c 8bda 

  0x000002c0bd8d140c: ;   {metadata('com/sun/javafx/text/TextLine'[])}
  0x000002c0bd8d140c: 48ba 0082 | 3093 0000 | 0000 4863 | db48 8bfb | 4881 fbff | ffff 000f | 871b 2600 | 00be 1700 
  0x000002c0bd8d142c: 0000 488d | 349e 4883 | e6f8 498b | 87c8 0100 | 0048 8d34 | 3049 3bb7 | d801 0000 | 0f87 f625 
  0x000002c0bd8d144c: 0000 4989 | b7c8 0100 | 0048 2bf0 | 48c7 0001 | 0000 0048 | 8bca 41ba | 0000 0092 | 492b ca89 
  0x000002c0bd8d146c: 4808 8958 | 0c48 83ee | 1048 85f6 | 0f84 1100 | 0000 4833 | db48 c1ee | 0348 895c | f008 48ff 
  0x000002c0bd8d148c: ce75 f645 | 0fbe 4748 | 4585 c00f | 85b1 2500 | 004c 8bd0 | 49c1 ea03 | 4589 533c | 498b d348 
  0x000002c0bd8d14ac: 33d0 48c1 | ea16 4883 | fa00 0f85 | b225 0000 

  0x000002c0bd8d14bc: ;   {metadata(method data for {method} {0x000002c0dac553f8} 'layout' '()V' in 'com/sun/javafx/text/PrismTextLayout')}
  0x000002c0bd8d14bc: 4d8b c148 | ba18 8854 | dbc0 0200 | 0045 8b40 | 0841 ba00 | 0000 924d | 03c2 4c3b | 8298 0d00 
  0x000002c0bd8d14dc: 0075 0d48 | 8382 a00d | 0000 01e9 | 6000 0000 | 4c3b 82a8 | 0d00 0075 | 0d48 8382 | b00d 0000 
  0x000002c0bd8d14fc: 01e9 4a00 | 0000 4883 | ba98 0d00 | 0000 7517 | 4c89 8298 | 0d00 0048 | c782 a00d | 0000 0100 
  0x000002c0bd8d151c: 0000 e929 | 0000 0048 | 83ba a80d | 0000 0075 | 174c 8982 | a80d 0000 | 48c7 82b0 | 0d00 0001 
  0x000002c0bd8d153c: 0000 00e9 | 0800 0000 | 4883 8290 | 0d00 0001 | 4c8b c049 | 8bd1 0f1f 

  0x000002c0bd8d1554: ;   {optimized virtual_call}
  0x000002c0bd8d1554: 4400 00e8 

  0x000002c0bd8d1558: ; ImmutableOopMap {[176]=Oop [184]=Oop }
                      ;*invokevirtual toArray {reexecute=0 rethrow=0 return_oop=0}
                      ; - com.sun.javafx.text.PrismTextLayout::layout@873 (line 1243)
  0x000002c0bd8d1558: 4499 ceff 

  0x000002c0bd8d155c: ;   {post_call_nop}
  0x000002c0bd8d155c: 0f1f 8400 | 542c 001d | 488b 9424 | b000 0000 | c5fa 1042 | 18c5 fa10 

  0x000002c0bd8d1574: ;   {metadata(method data for {method} {0x000002c0dac553f8} 'layout' '()V' in 'com/sun/javafx/text/PrismTextLayout')}
  0x000002c0bd8d1574: 4a10 48be | 1888 54db | c002 0000 | 4883 86c0 | 0d00 0001 | 0f1f 8000 

  0x000002c0bd8d158c: ;   {static_call}
  0x000002c0bd8d158c: 0000 00e8 

  0x000002c0bd8d1590: ; ImmutableOopMap {[176]=Oop [184]=Oop }
                      ;*invokestatic max {reexecute=0 rethrow=0 return_oop=0}
                      ; - com.sun.javafx.text.PrismTextLayout::layout@885 (line 1245)
  0x000002c0bd8d1590: 0c7d 6407 

  0x000002c0bd8d1594: ;   {post_call_nop}
  0x000002c0bd8d1594: 0f1f 8400 | 8c2c 001e | c5fa 1184 | 24c8 0100 | 0048 8b94 | 24b0 0000 

  0x000002c0bd8d15ac: ;   {metadata(method data for {method} {0x000002c0dac553f8} 'layout' '()V' in 'com/sun/javafx/text/PrismTextLayout')}
  0x000002c0bd8d15ac: 0048 be18 | 8854 dbc0 | 0200 0048 | 8386 d00d | 0000 0148 | 8b94 24b0 

  0x000002c0bd8d15c4: ;   {optimized virtual_call}
  0x000002c0bd8d15c4: 0000 00e8 

  0x000002c0bd8d15c8: ; ImmutableOopMap {[176]=Oop [184]=Oop }
                      ;*invokevirtual isMirrored {reexecute=0 rethrow=0 return_oop=0}
                      ; - com.sun.javafx.text.PrismTextLayout::layout@894 (line 1248)
  0x000002c0bd8d15c8: d4f8 ddff 

  0x000002c0bd8d15cc: ;   {post_call_nop}
  0x000002c0bd8d15cc: 0f1f 8400 | c42c 001f 

  0x000002c0bd8d15d4: ;   {metadata(method data for {method} {0x000002c0dac553f8} 'layout' '()V' in 'com/sun/javafx/text/PrismTextLayout')}
  0x000002c0bd8d15d4: 85c0 49b8 | 1888 54db | c002 0000 | ba00 0e00 | 0074 05ba | 100e 0000 | 498b 3410 | 488d 7601 
  0x000002c0bd8d15f4: 4989 3410 | 8bbc 24e0 | 0000 000f | 8459 0000 | 0081 ff00 

  0x000002c0bd8d1608: ;   {metadata(method data for {method} {0x000002c0dac553f8} 'layout' '()V' in 'com/sun/javafx/text/PrismTextLayout')}
  0x000002c0bd8d1608: 0010 0049 | b818 8854 | dbc0 0200 | 00ba 300e | 0000 7405 | ba20 0e00 | 0049 8b34 | 1048 8d76 
  0x000002c0bd8d1628: 0149 8934 | 100f 840d 

  0x000002c0bd8d1630: ;   {section_word}
  0x000002c0bd8d1630: 0000 00c5 | fa10 05d9 | d3ff ffe9 | 6100 0000 

  0x000002c0bd8d1640: ;   {metadata(method data for {method} {0x000002c0dac553f8} 'layout' '()V' in 'com/sun/javafx/text/PrismTextLayout')}
  0x000002c0bd8d1640: 49b8 1888 | 54db c002 | 0000 41ff | 8040 0e00 

  0x000002c0bd8d1650: ;   {section_word}
  0x000002c0bd8d1650: 00c5 fa10 | 05bf d3ff | ffe9 4300 | 0000 81ff | 0000 1000 

  0x000002c0bd8d1664: ;   {metadata(method data for {method} {0x000002c0dac553f8} 'layout' '()V' in 'com/sun/javafx/text/PrismTextLayout')}
  0x000002c0bd8d1664: 49b8 1888 | 54db c002 | 0000 ba68 | 0e00 0074 | 05ba 580e | 0000 498b | 3410 488d | 7601 4989 
  0x000002c0bd8d1684: 3410 0f84 | 0d00 0000 

  0x000002c0bd8d168c: ;   {section_word}
  0x000002c0bd8d168c: c5fa 1005 | 88d3 ffff | e908 0000 

  0x000002c0bd8d1698: ;   {section_word}
  0x000002c0bd8d1698: 00c5 fa10 | 057f d3ff | ff81 ff00 

  0x000002c0bd8d16a4: ;   {metadata(method data for {method} {0x000002c0dac553f8} 'layout' '()V' in 'com/sun/javafx/text/PrismTextLayout')}
  0x000002c0bd8d16a4: 0008 0049 | b818 8854 | dbc0 0200 | 00ba 780e | 0000 7505 | ba88 0e00 | 0049 8b34 | 1048 8d76 
  0x000002c0bd8d16c4: 0149 8934 | 100f 8508 

  0x000002c0bd8d16cc: ;   {section_word}
  0x000002c0bd8d16cc: 0000 00c5 | fa10 054d | d3ff ffbe | 0000 0000 

  0x000002c0bd8d16dc: ;   {section_word}
  0x000002c0bd8d16dc: c5fa 100d | 44d3 ffff | c5fa 118c | 24d0 0100 | 00c5 fa10 | 8c24 c801 | 0000 6690 | 488b 8424 
  0x000002c0bd8d16fc: b800 0000 | 488b 9424 | b000 0000 | 8b5a 3c48 | c1e3 0344 | 8b43 0c41 

  0x000002c0bd8d1714: ;   {metadata(method data for {method} {0x000002c0dac553f8} 'layout' '()V' in 'com/sun/javafx/text/PrismTextLayout')}
  0x000002c0bd8d1714: 3bf0 49b8 | 1888 54db | c002 0000 | b998 0e00 | 007d 05b9 | a80e 0000 | 4d8b 0c08 | 4d8d 4901 
  0x000002c0bd8d1734: 4d89 0c08 | 0f8d 1614 | 0000 4c63 | c642 8b5c | 8310 48c1 | e303 4889 | 9c24 7801 | 0000 483b 
  0x000002c0bd8d1754: 034c 8bc3 

  0x000002c0bd8d1758: ;   {metadata(method data for {method} {0x000002c0dac553f8} 'layout' '()V' in 'com/sun/javafx/text/PrismTextLayout')}
  0x000002c0bd8d1758: 48b9 1888 | 54db c002 | 0000 4883 | 81c8 0e00 | 0001 448b | 4318 488b 

  0x000002c0bd8d1770: ;   {metadata(method data for {method} {0x000002c0dac553f8} 'layout' '()V' in 'com/sun/javafx/text/PrismTextLayout')}
  0x000002c0bd8d1770: cb49 b918 | 8854 dbc0 | 0200 0049 | 8381 f80e | 0000 018b | 4b24 48c1 | e103 4889 | 8c24 8001 
  0x000002c0bd8d1790: 0000 483b | 014c 8bc9 

  0x000002c0bd8d1798: ;   {metadata(method data for {method} {0x000002c0dac553f8} 'layout' '()V' in 'com/sun/javafx/text/PrismTextLayout')}
  0x000002c0bd8d1798: 49bb 1888 | 54db c002 | 0000 458b | 4908 41ba | 0000 0092 | 4d03 ca4d | 3b8b 200f | 0000 750d 
  0x000002c0bd8d17b8: 4983 8328 | 0f00 0001 | e960 0000 | 004d 3b8b | 300f 0000 | 750d 4983 | 8338 0f00 | 0001 e94a 
  0x000002c0bd8d17d8: 0000 0049 | 83bb 200f | 0000 0075 | 174d 898b | 200f 0000 | 49c7 8328 | 0f00 0001 | 0000 00e9 
  0x000002c0bd8d17f8: 2900 0000 | 4983 bb30 | 0f00 0000 | 7517 4d89 | 8b30 0f00 | 0049 c783 | 380f 0000 | 0100 0000 
  0x000002c0bd8d1818: e908 0000 | 0049 8383 | 180f 0000 

  0x000002c0bd8d1824: ;   {metadata(method data for {method} {0x000002c0da6d2aa0} 'getWidth' '()F' in 'com/sun/javafx/geom/RectBounds')}
  0x000002c0bd8d1824: 0149 b930 | 3c51 dbc0 | 0200 0045 | 8b99 9000 | 0000 4183 | c302 4589 | 9990 0000 | 0041 81e3 
  0x000002c0bd8d1844: feff 1f00 | 4585 db0f | 8444 2200 | 00c5 fa10 | 5910 c5fa | 1061 0cc5 | f828 ebc5 | d25c ecc5 
  0x000002c0bd8d1864: f828 e1c5 | da5c e5c5 | da59 e04c 

  0x000002c0bd8d1870: ;   {metadata(method data for {method} {0x000002c0dac553f8} 'layout' '()V' in 'com/sun/javafx/text/PrismTextLayout')}
  0x000002c0bd8d1870: 8bcb 49bb | 1888 54db | c002 0000 | 4983 8358 | 0f00 0001 

  0x000002c0bd8d1884: ;   {metadata(method data for {method} {0x000002c0db045288} 'setAlignment' '(F)V' in 'com/sun/javafx/text/TextLine')}
  0x000002c0bd8d1884: 49b9 485c | 40dc c002 | 0000 458b | 9990 0000 | 0041 83c3 | 0245 8999 | 9000 0000 | 4181 e3fe 
  0x000002c0bd8d18a4: ff1f 0045 | 85db 0f84 | 0622 0000 

  0x000002c0bd8d18b0: ;   {metadata(method data for {method} {0x000002c0db045288} 'setAlignment' '(F)V' in 'com/sun/javafx/text/TextLine')}
  0x000002c0bd8d18b0: 4c8b c949 | bb48 5c40 | dcc0 0200 | 0045 8b49 | 0841 ba00 | 0000 924d | 03ca 4d3b | 8be0 0000 
  0x000002c0bd8d18d0: 0075 0d49 | 8383 e800 | 0000 01e9 | 6000 0000 | 4d3b 8bf0 | 0000 0075 | 0d49 8383 | f800 0000 
  0x000002c0bd8d18f0: 01e9 4a00 | 0000 4983 | bbe0 0000 | 0000 7517 | 4d89 8be0 | 0000 0049 | c783 e800 | 0000 0100 
  0x000002c0bd8d1910: 0000 e929 | 0000 0049 | 83bb f000 | 0000 0075 | 174d 898b | f000 0000 | 49c7 83f8 | 0000 0001 
  0x000002c0bd8d1930: 0000 00e9 | 0800 0000 | 4983 83d8 | 0000 0001 | c5fa 1161 | 0c4c 8bc9 

  0x000002c0bd8d1948: ;   {metadata(method data for {method} {0x000002c0db045288} 'setAlignment' '(F)V' in 'com/sun/javafx/text/TextLine')}
  0x000002c0bd8d1948: 49bb 485c | 40dc c002 | 0000 458b | 4908 41ba | 0000 0092 | 4d03 ca4d | 3b8b 1001 | 0000 750d 
  0x000002c0bd8d1968: 4983 8318 | 0100 0001 | e960 0000 | 004d 3b8b | 2001 0000 | 750d 4983 | 8328 0100 | 0001 e94a 
  0x000002c0bd8d1988: 0000 0049 | 83bb 1001 | 0000 0075 | 174d 898b | 1001 0000 | 49c7 8318 | 0100 0001 | 0000 00e9 
  0x000002c0bd8d19a8: 2900 0000 | 4983 bb20 | 0100 0000 | 7517 4d89 | 8b20 0100 | 0049 c783 | 2801 0000 | 0100 0000 
  0x000002c0bd8d19c8: e908 0000 | 0049 8383 | 0801 0000 | 014c 8bc9 

  0x000002c0bd8d19d8: ;   {metadata(method data for {method} {0x000002c0db045288} 'setAlignment' '(F)V' in 'com/sun/javafx/text/TextLine')}
  0x000002c0bd8d19d8: 49bb 485c | 40dc c002 | 0000 458b | 4908 41ba | 0000 0092 | 4d03 ca4d | 3b8b 4001 | 0000 750d 
  0x000002c0bd8d19f8: 4983 8348 | 0100 0001 | e960 0000 | 004d 3b8b | 5001 0000 | 750d 4983 | 8358 0100 | 0001 e94a 
  0x000002c0bd8d1a18: 0000 0049 | 83bb 4001 | 0000 0075 | 174d 898b | 4001 0000 | 49c7 8348 | 0100 0001 | 0000 00e9 
  0x000002c0bd8d1a38: 2900 0000 | 4983 bb50 | 0100 0000 | 7517 4d89 | 8b50 0100 | 0049 c783 | 5801 0000 | 0100 0000 
  0x000002c0bd8d1a58: e908 0000 | 0049 8383 | 3801 0000 | 01c5 e258 | dcc5 fa11 | 5910 c5fa 

  0x000002c0bd8d1a70: ;   {section_word}
  0x000002c0bd8d1a70: 105a 18c5 | fa10 2db1 | cfff ffc5 | f82e dd41 | b9ff ffff | ff0f 8a15 | 0000 000f | 820f 0000 
  0x000002c0bd8d1a90: 0041 b900 | 0000 000f | 8403 0000 | 0049 ffc1 

  0x000002c0bd8d1aa0: ;   {metadata(method data for {method} {0x000002c0dac553f8} 'layout' '()V' in 'com/sun/javafx/text/PrismTextLayout')}
  0x000002c0bd8d1aa0: 4585 c949 | b918 8854 | dbc0 0200 | 0041 bb78 | 0f00 007e | 0641 bb88 | 0f00 004f | 8b2c 194d 
  0x000002c0bd8d1ac0: 8d6d 014f | 892c 190f | 8e30 0000 | 0081 ff00 

  0x000002c0bd8d1ad0: ;   {metadata(method data for {method} {0x000002c0dac553f8} 'layout' '()V' in 'com/sun/javafx/text/PrismTextLayout')}
  0x000002c0bd8d1ad0: 0020 0049 | b918 8854 | dbc0 0200 | 0041 bba8 | 0f00 0074 | 0641 bb98 | 0f00 004f | 8b2c 194d 
  0x000002c0bd8d1af0: 8d6d 014f | 892c 190f | 840b 0000 | 0041 b900 | 0000 00e9 | 1700 0000 

  0x000002c0bd8d1b08: ;   {metadata(method data for {method} {0x000002c0dac553f8} 'layout' '()V' in 'com/sun/javafx/text/PrismTextLayout')}
  0x000002c0bd8d1b08: 49b9 1888 | 54db c002 | 0000 41ff | 81b8 0f00 | 0041 b901 | 0000 0045 

  0x000002c0bd8d1b20: ;   {metadata(method data for {method} {0x000002c0dac553f8} 'layout' '()V' in 'com/sun/javafx/text/PrismTextLayout')}
  0x000002c0bd8d1b20: 85c9 49b9 | 1888 54db | c002 0000 | 41bb e00f | 0000 7506 | 41bb d00f | 0000 4f8b | 2c19 4d8d 
  0x000002c0bd8d1b40: 6d01 4f89 | 2c19 89b4 | 245c 0100 | 000f 850e | 0000 00c5 | fa11 8424 | d401 0000 | e9cf 0a00 
  0x000002c0bd8d1b60: 004c 8bcb 

  0x000002c0bd8d1b64: ;   {metadata(method data for {method} {0x000002c0dac553f8} 'layout' '()V' in 'com/sun/javafx/text/PrismTextLayout')}
  0x000002c0bd8d1b64: 49bb 1888 | 54db c002 

  0x000002c0bd8d1b6c: ;   {metadata('com/sun/javafx/text/TextLine')}
  0x000002c0bd8d1b6c: 0000 49ba | 0034 3093 | 0000 0000 | 4d89 93f8 | 0f00 0049 | 8383 0010 | 0000 0144 | 8b4b 2049 
  0x000002c0bd8d1b8c: c1e1 034c | 898c 2468 | 0100 0045 | 8b59 0c44 | 899c 2470 | 0100 0045 

  0x000002c0bd8d1ba4: ;   {metadata(method data for {method} {0x000002c0dac553f8} 'layout' '()V' in 'com/sun/javafx/text/PrismTextLayout')}
  0x000002c0bd8d1ba4: 85db 49bd | 1888 54db | c002 0000 | 41be 3010 | 0000 7f06 | 41be 2010 | 0000 4b8b | 7435 0048 
  0x000002c0bd8d1bc4: 8d76 014b | 8974 3500 | 0f8f 0e00 | 0000 c5fa | 1184 24d4 | 0100 00e9 | 500a 0000 | 498b f3ff 
  0x000002c0bd8d1be4: ce41 3b71 | 0c0f 83ed | 1e00 0048 | 63f6 418b | 74b1 1048 | c1e6 0348 | 3b06 4c8b 

  0x000002c0bd8d1c00: ;   {metadata(method data for {method} {0x000002c0dac553f8} 'layout' '()V' in 'com/sun/javafx/text/PrismTextLayout')}
  0x000002c0bd8d1c00: ee49 be18 | 8854 dbc0 

  0x000002c0bd8d1c08: ;   {metadata('com/sun/javafx/text/TextRun')}
  0x000002c0bd8d1c08: 0200 0049 | ba00 6930 | 9300 0000 | 004d 8996 | 4810 0000 | 4983 8650 | 1000 0001 

  0x000002c0bd8d1c24: ;   {metadata(method data for {method} {0x000002c0db039a10} 'isSoftbreak' '()Z' in 'com/sun/javafx/text/TextRun')}
  0x000002c0bd8d1c24: 49b9 f85d | 40dc c002 | 0000 458b | a990 0000 | 0041 83c5 | 0245 89a9 | 9000 0000 | 4181 e5fe 
  0x000002c0bd8d1c44: ff1f 0045 | 85ed 0f84 | 9f1e 0000 | 8b76 2c83 | e604 85f6 

  0x000002c0bd8d1c58: ;   {metadata(method data for {method} {0x000002c0db039a10} 'isSoftbreak' '()Z' in 'com/sun/javafx/text/TextRun')}
  0x000002c0bd8d1c58: 48be f85d | 40dc c002 | 0000 41b9 | d800 0000 | 7406 41b9 | e800 0000 | 4e8b 2c0e | 4d8d 6d01 
  0x000002c0bd8d1c78: 4e89 2c0e | 0f84 1a00 

  0x000002c0bd8d1c80: ;   {metadata(method data for {method} {0x000002c0db039a10} 'isSoftbreak' '()Z' in 'com/sun/javafx/text/TextRun')}
  0x000002c0bd8d1c80: 0000 48be | f85d 40dc | c002 0000 | ff86 f800 | 0000 be01 | 0000 00e9 | 0500 0000 | be00 0000 
  0x000002c0bd8d1ca0: 0083 e601 

  0x000002c0bd8d1ca4: ;   {metadata(method data for {method} {0x000002c0dac553f8} 'layout' '()V' in 'com/sun/javafx/text/PrismTextLayout')}
  0x000002c0bd8d1ca4: 85f6 48be | 1888 54db | c002 0000 | 41b9 8010 | 0000 7506 | 41b9 7010 | 0000 4e8b | 2c0e 4d8d 
  0x000002c0bd8d1cc4: 6d01 4e89 | 2c0e 0f85 | 0e00 0000 | c5fa 1184 | 24d4 0100 | 00e9 5209 | 0000 488b 

  0x000002c0bd8d1ce0: ;   {metadata(method data for {method} {0x000002c0dac553f8} 'layout' '()V' in 'com/sun/javafx/text/PrismTextLayout')}
  0x000002c0bd8d1ce0: f349 b918 | 8854 dbc0 

  0x000002c0bd8d1ce8: ;   {metadata('com/sun/javafx/text/TextLine')}
  0x000002c0bd8d1ce8: 0200 0049 | ba00 3430 | 9300 0000 | 004d 8991 | 9810 0000 | 4983 81a0 | 1000 0001 | 8b73 1c41 
  0x000002c0bd8d1d08: 03f0 ffce | 41b9 0000 | 0000 41bd | 0000 0000 

  0x000002c0bd8d1d18: ;   {metadata(method data for {method} {0x000002c0dac553f8} 'layout' '()V' in 'com/sun/javafx/text/PrismTextLayout')}
  0x000002c0bd8d1d18: 413b f049 | be18 8854 | dbc0 0200 | 0041 bbc0 | 1000 007c | 0641 bbd0 | 1000 004b | 8b3c 1e48 
  0x000002c0bd8d1d38: 8d7f 014b | 893c 1e0f | 8c29 0100 | 0045 85c9 

  0x000002c0bd8d1d48: ;   {metadata(method data for {method} {0x000002c0dac553f8} 'layout' '()V' in 'com/sun/javafx/text/PrismTextLayout')}
  0x000002c0bd8d1d48: 48bf 1888 | 54db c002 | 0000 41bb | e010 0000 | 7506 41bb | f010 0000 | 4e8b 341f | 4d8d 7601 
  0x000002c0bd8d1d68: 4e89 341f | 0f85 4400 | 0000 3b70 | 0c0f 839f | 1d00 0048 | 63fe 0fb7 | 7c78 1083 

  0x000002c0bd8d1d84: ;   {metadata(method data for {method} {0x000002c0dac553f8} 'layout' '()V' in 'com/sun/javafx/text/PrismTextLayout')}
  0x000002c0bd8d1d84: ff20 48bf | 1888 54db | c002 0000 | 41bb 0011 | 0000 7406 | 41bb 1011 | 0000 4e8b | 341f 4d8d 
  0x000002c0bd8d1da4: 7601 4e89 | 341f 0f84 | 0600 0000 | 41b9 0100 | 0000 4585 

  0x000002c0bd8d1db8: ;   {metadata(method data for {method} {0x000002c0dac553f8} 'layout' '()V' in 'com/sun/javafx/text/PrismTextLayout')}
  0x000002c0bd8d1db8: c948 bf18 | 8854 dbc0 | 0200 0041 | bb20 1100 | 0074 0641 | bb30 1100 | 004e 8b34 | 1f4d 8d76 
  0x000002c0bd8d1dd8: 014e 8934 | 1f0f 8441 | 0000 003b | 700c 0f83 | 461d 0000 | 4863 fe0f | b77c 7810 

  0x000002c0bd8d1df4: ;   {metadata(method data for {method} {0x000002c0dac553f8} 'layout' '()V' in 'com/sun/javafx/text/PrismTextLayout')}
  0x000002c0bd8d1df4: 83ff 2048 | bf18 8854 | dbc0 0200 | 0041 bb40 | 1100 0075 | 0641 bb50 | 1100 004e | 8b34 1f4d 
  0x000002c0bd8d1e14: 8d76 014e | 8934 1f0f | 8503 0000 | 0041 ffc5 

  0x000002c0bd8d1e24: ;   {metadata(method data for {method} {0x000002c0dac553f8} 'layout' '()V' in 'com/sun/javafx/text/PrismTextLayout')}
  0x000002c0bd8d1e24: ffce 48bf | 1888 54db | c002 0000 | 448b 9f94 | 0000 0041 | 83c3 0244 | 899f 9400 | 0000 4181 
  0x000002c0bd8d1e44: e3fe 3f00 | 0045 85db | 0f84 ee1c | 0000 4d8b 

  0x000002c0bd8d1e54: ; ImmutableOopMap {rdx=Oop rax=Oop rbx=Oop rcx=Oop [176]=Oop [184]=Oop [360]=Oop [376]=Oop [384]=Oop }
                      ;*goto {reexecute=1 rethrow=0 return_oop=0}
                      ; - (reexecute) com.sun.javafx.text.PrismTextLayout::layout@1121 (line 1275)
                      ;   {poll}
  0x000002c0bd8d1e54: 5730 4185 

  0x000002c0bd8d1e58: ;   {metadata(method data for {method} {0x000002c0dac553f8} 'layout' '()V' in 'com/sun/javafx/text/PrismTextLayout')}
  0x000002c0bd8d1e58: 0248 bf18 | 8854 dbc0 | 0200 00ff | 8760 1100 | 00e9 aafe | ffff 4585 

  0x000002c0bd8d1e70: ;   {metadata(method data for {method} {0x000002c0dac553f8} 'layout' '()V' in 'com/sun/javafx/text/PrismTextLayout')}
  0x000002c0bd8d1e70: ed49 b818 | 8854 dbc0 | 0200 00be | 8811 0000 | 7505 be78 | 1100 0049 | 8b3c 3048 | 8d7f 0149 
  0x000002c0bd8d1e90: 893c 300f | 850e 0000 | 00c5 fa11 | 8424 d401 | 0000 e989 | 0700 004c 

  0x000002c0bd8d1ea8: ;   {metadata(method data for {method} {0x000002c0dac553f8} 'layout' '()V' in 'com/sun/javafx/text/PrismTextLayout')}
  0x000002c0bd8d1ea8: 8bc1 48be | 1888 54db | c002 0000 | 458b 4008 | 41ba 0000 | 0092 4d03 | c24c 3b86 | a011 0000 
  0x000002c0bd8d1ec8: 750d 4883 | 86a8 1100 | 0001 e960 | 0000 004c | 3b86 b011 | 0000 750d | 4883 86b8 | 1100 0001 
  0x000002c0bd8d1ee8: e94a 0000 | 0048 83be | a011 0000 | 0075 174c | 8986 a011 | 0000 48c7 | 86a8 1100 | 0001 0000 
  0x000002c0bd8d1f08: 00e9 2900 | 0000 4883 | beb0 1100 | 0000 7517 | 4c89 86b0 | 1100 0048 | c786 b811 | 0000 0100 
  0x000002c0bd8d1f28: 0000 e908 | 0000 0048 | 8386 9811 

  0x000002c0bd8d1f34: ;   {metadata(method data for {method} {0x000002c0da6d2aa0} 'getWidth' '()F' in 'com/sun/javafx/geom/RectBounds')}
  0x000002c0bd8d1f34: 0000 0149 | b830 3c51 | dbc0 0200 | 0041 8bb0 | 9000 0000 | 83c6 0241 | 89b0 9000 | 0000 81e6 
  0x000002c0bd8d1f54: feff 1f00 | 85f6 0f84 | 011c 0000 | c5fa 1059 | 10c5 fa10 | 610c c5e2 | 5cdc c5f8 | 28e1 c5da 
  0x000002c0bd8d1f74: 5ce3 c4c1 | 622a ddc5 | da5e e3c5 | fa11 a424 | cc01 0000 | be00 0000 | 0044 8b9c | 2470 0100 
  0x000002c0bd8d1f94: 004c 8b8c | 2468 0100 | 00c5 fa11 | 8424 d401 | 0000 6690 

  0x000002c0bd8d1fa8: ;   {metadata(method data for {method} {0x000002c0dac553f8} 'layout' '()V' in 'com/sun/javafx/text/PrismTextLayout')}
  0x000002c0bd8d1fa8: 413b f349 | b818 8854 | dbc0 0200 | 00b8 c811 | 0000 7d05 | b8d8 1100 | 0049 8b3c | 0048 8d7f 
  0x000002c0bd8d1fc8: 0149 893c | 000f 8da0 | 0200 004c | 63c6 438b | 7c81 1048 | c1e7 0348 | 89bc 2490 | 0100 0048 
  0x000002c0bd8d1fe8: 3b07 4c8b | c789 b424 | 7401 0000 

  0x000002c0bd8d1ff4: ;   {metadata(method data for {method} {0x000002c0dac553f8} 'layout' '()V' in 'com/sun/javafx/text/PrismTextLayout')}
  0x000002c0bd8d1ff4: 48b8 1888 | 54db c002 

  0x000002c0bd8d1ffc: ;   {metadata('com/sun/javafx/text/TextRun')}
  0x000002c0bd8d1ffc: 0000 49ba | 0069 3093 | 0000 0000 | 4c89 90f0 | 1100 0048 | 8380 f811 | 0000 018b | 7710 89b4 
  0x000002c0bd8d201c: 2488 0100 | 004c 8bc7 

  0x000002c0bd8d2024: ;   {metadata(method data for {method} {0x000002c0dac553f8} 'layout' '()V' in 'com/sun/javafx/text/PrismTextLayout')}
  0x000002c0bd8d2024: 48b8 1888 | 54db c002 

  0x000002c0bd8d202c: ;   {metadata('com/sun/javafx/text/TextRun')}
  0x000002c0bd8d202c: 0000 49ba | 0069 3093 | 0000 0000 | 4c89 9020 | 1200 0048 | 8380 2812 

  0x000002c0bd8d2044: ;   {metadata(method data for {method} {0x000002c0db039398} 'getEnd' '()I' in 'com/sun/javafx/text/TextRun')}
  0x000002c0bd8d2044: 0000 0149 | b8b0 3f40 | dcc0 0200 | 0041 8b98 | 9000 0000 | 83c3 0241 | 8998 9000 | 0000 81e3 
  0x000002c0bd8d2064: feff 1f00 | 85db 0f84 | 171b 0000 | 448b 4714 | 4403 c644 | 8984 249c | 0100 0048 | 8bde 660f 
  0x000002c0bd8d2084: 1f44 0000 | 488b 8424 | b800 0000 

  0x000002c0bd8d2090: ;   {metadata(method data for {method} {0x000002c0dac553f8} 'layout' '()V' in 'com/sun/javafx/text/PrismTextLayout')}
  0x000002c0bd8d2090: 413b d848 | be18 8854 | dbc0 0200 | 00bf 4812 | 0000 7d05 | bf58 1200 | 0048 8b14 | 3e48 8d52 
  0x000002c0bd8d20b0: 0148 8914 | 3e0f 8d3f | 0100 003b | 580c 0f83 | ee1a 0000 | 4863 d30f | b754 5010 

  0x000002c0bd8d20cc: ;   {metadata(method data for {method} {0x000002c0dac553f8} 'layout' '()V' in 'com/sun/javafx/text/PrismTextLayout')}
  0x000002c0bd8d20cc: 83fa 2048 | ba18 8854 | dbc0 0200 | 00be 7812 | 0000 7405 | be68 1200 | 0048 8b3c | 3248 8d7f 
  0x000002c0bd8d20ec: 0148 893c | 320f 840c | 0000 0089 | 9c24 9801 | 0000 e997 | 0000 0044 | 89ac 248c | 0100 008b 
  0x000002c0bd8d210c: b424 8801 | 0000 488b | bc24 9001 | 0000 488b 

  0x000002c0bd8d211c: ;   {metadata(method data for {method} {0x000002c0dac553f8} 'layout' '()V' in 'com/sun/javafx/text/PrismTextLayout')}
  0x000002c0bd8d211c: c748 b918 | 8854 dbc0 

  0x000002c0bd8d2124: ;   {metadata('com/sun/javafx/text/TextRun')}
  0x000002c0bd8d2124: 0200 0049 | ba00 6930 | 9300 0000 | 004c 8991 | 9012 0000 | 4883 8198 | 1200 0001 | 488b c32b 
  0x000002c0bd8d2144: c64c 8bc0 | c5f8 28c4 | 488b d789 | 9c24 9801 

  0x000002c0bd8d2154: ;   {optimized virtual_call}
  0x000002c0bd8d2154: 0000 90e8 

  0x000002c0bd8d2158: ; ImmutableOopMap {[176]=Oop [184]=Oop [360]=Oop [376]=Oop [384]=Oop [400]=Oop }
                      ;*invokevirtual justify {reexecute=0 rethrow=0 return_oop=0}
                      ; - com.sun.javafx.text.PrismTextLayout::layout@1203 (line 1289)
  0x000002c0bd8d2158: 84d0 cd06 

  0x000002c0bd8d215c: ;   {post_call_nop}
  0x000002c0bd8d215c: 0f1f 8400 | 5438 0021 | 448b ac24 | 8c01 0000 | 41ff cd45 

  0x000002c0bd8d2170: ;   {metadata(method data for {method} {0x000002c0dac553f8} 'layout' '()V' in 'com/sun/javafx/text/PrismTextLayout')}
  0x000002c0bd8d2170: 85ed 49b8 | 1888 54db | c002 0000 | bac8 1200 | 0074 05ba | b812 0000 | 498b 3410 | 488d 7601 
  0x000002c0bd8d2190: 4989 3410 | 0f84 c800 | 0000 8b9c | 2498 0100 

  0x000002c0bd8d21a0: ;   {metadata(method data for {method} {0x000002c0dac553f8} 'layout' '()V' in 'com/sun/javafx/text/PrismTextLayout')}
  0x000002c0bd8d21a0: 00ff c349 | b818 8854 | dbc0 0200 | 0041 8b90 | 9400 0000 | 83c2 0241 | 8990 9400 | 0000 81e2 
  0x000002c0bd8d21c0: fe3f 0000 | 85d2 0f84 | f419 0000 

  0x000002c0bd8d21cc: ; ImmutableOopMap {[176]=Oop [184]=Oop [360]=Oop [376]=Oop [384]=Oop [400]=Oop }
                      ;*goto {reexecute=1 rethrow=0 return_oop=0}
                      ; - (reexecute) com.sun.javafx.text.PrismTextLayout::layout@1220 (line 1286)
  0x000002c0bd8d21cc: 4d8b 5730 

  0x000002c0bd8d21d0: ;   {poll}
  0x000002c0bd8d21d0: 4185 0249 | b818 8854 | dbc0 0200 | 0041 ff80 | f012 0000 | 448b 8424 | 9c01 0000 | c5fa 10a4 
  0x000002c0bd8d21f0: 24cc 0100 | 00e9 8efe | ffff 8bb4 | 2474 0100 

  0x000002c0bd8d2200: ;   {metadata(method data for {method} {0x000002c0dac553f8} 'layout' '()V' in 'com/sun/javafx/text/PrismTextLayout')}
  0x000002c0bd8d2200: 00ff c649 | b818 8854 | dbc0 0200 | 0041 8b90 | 9400 0000 | 83c2 0241 | 8990 9400 | 0000 81e2 
  0x000002c0bd8d2220: fe3f 0000 | 85d2 0f84 | b519 0000 

  0x000002c0bd8d222c: ; ImmutableOopMap {[176]=Oop [184]=Oop [360]=Oop [376]=Oop [384]=Oop }
                      ;*goto {reexecute=1 rethrow=0 return_oop=0}
                      ; - (reexecute) com.sun.javafx.text.PrismTextLayout::layout@1226 (line 1282)
  0x000002c0bd8d222c: 4d8b 5730 

  0x000002c0bd8d2230: ;   {poll}
  0x000002c0bd8d2230: 4185 0249 | b818 8854 | dbc0 0200 | 0041 ff80 | 0813 0000 | c5fa 10a4 | 24cc 0100 | 0044 8b9c 
  0x000002c0bd8d2250: 2470 0100 | 004c 8b8c | 2468 0100 | 00e9 46fd 

  0x000002c0bd8d2260: ;   {metadata(method data for {method} {0x000002c0dac553f8} 'layout' '()V' in 'com/sun/javafx/text/PrismTextLayout')}
  0x000002c0bd8d2260: ffff 49b8 | 1888 54db | c002 0000 | 41ff 80d8 | 1200 0048 | 8b9c 2478 | 0100 004c 

  0x000002c0bd8d227c: ;   {metadata(method data for {method} {0x000002c0dac553f8} 'layout' '()V' in 'com/sun/javafx/text/PrismTextLayout')}
  0x000002c0bd8d227c: 8bc3 48ba | 1888 54db | c002 0000 

  0x000002c0bd8d2288: ;   {metadata('com/sun/javafx/text/TextLine')}
  0x000002c0bd8d2288: 49ba 0034 | 3093 0000 | 0000 4c89 | 9228 1300 | 0048 8382 | 3013 0000 

  0x000002c0bd8d22a0: ;   {metadata(method data for {method} {0x000002c0db045288} 'setAlignment' '(F)V' in 'com/sun/javafx/text/TextLine')}
  0x000002c0bd8d22a0: 0149 b848 | 5c40 dcc0 | 0200 0041 | 8b90 9000 | 0000 83c2 | 0241 8990 | 9000 0000 | 81e2 feff 
  0x000002c0bd8d22c0: 1f00 85d2 | 0f84 3819 | 0000 448b | 4324 49c1 | e003 493b | 0049 8bd0 

  0x000002c0bd8d22d8: ;   {metadata(method data for {method} {0x000002c0db045288} 'setAlignment' '(F)V' in 'com/sun/javafx/text/TextLine')}
  0x000002c0bd8d22d8: 48be 485c | 40dc c002 | 0000 8b52 | 0841 ba00 | 0000 9249 | 03d2 483b | 96e0 0000 | 0075 0d48 
  0x000002c0bd8d22f8: 8386 e800 | 0000 01e9 | 6000 0000 | 483b 96f0 | 0000 0075 | 0d48 8386 | f800 0000 | 01e9 4a00 
  0x000002c0bd8d2318: 0000 4883 | bee0 0000 | 0000 7517 | 4889 96e0 | 0000 0048 | c786 e800 | 0000 0100 | 0000 e929 
  0x000002c0bd8d2338: 0000 0048 | 83be f000 | 0000 0075 | 1748 8996 | f000 0000 | 48c7 86f8 | 0000 0001 | 0000 00e9 
  0x000002c0bd8d2358: 0800 0000 | 4883 86d8 | 0000 0001 | 41c7 400c | 0000 0000 

  0x000002c0bd8d236c: ;   {metadata(method data for {method} {0x000002c0db045288} 'setAlignment' '(F)V' in 'com/sun/javafx/text/TextLine')}
  0x000002c0bd8d236c: 498b d048 | be48 5c40 | dcc0 0200 | 008b 5208 | 41ba 0000 | 0092 4903 | d248 3b96 | 1001 0000 
  0x000002c0bd8d238c: 750d 4883 | 8618 0100 | 0001 e960 | 0000 0048 | 3b96 2001 | 0000 750d | 4883 8628 | 0100 0001 
  0x000002c0bd8d23ac: e94a 0000 | 0048 83be | 1001 0000 | 0075 1748 | 8996 1001 | 0000 48c7 | 8618 0100 | 0001 0000 
  0x000002c0bd8d23cc: 00e9 2900 | 0000 4883 | be20 0100 | 0000 7517 | 4889 9620 | 0100 0048 | c786 2801 | 0000 0100 
  0x000002c0bd8d23ec: 0000 e908 | 0000 0048 | 8386 0801 | 0000 01c4 | c17a 1040 | 1049 8bd0 

  0x000002c0bd8d2404: ;   {metadata(method data for {method} {0x000002c0db045288} 'setAlignment' '(F)V' in 'com/sun/javafx/text/TextLine')}
  0x000002c0bd8d2404: 48be 485c | 40dc c002 | 0000 8b52 | 0841 ba00 | 0000 9249 | 03d2 483b | 9640 0100 | 0075 0d48 
  0x000002c0bd8d2424: 8386 4801 | 0000 01e9 | 6000 0000 | 483b 9650 | 0100 0075 | 0d48 8386 | 5801 0000 | 01e9 4a00 
  0x000002c0bd8d2444: 0000 4883 | be40 0100 | 0000 7517 | 4889 9640 | 0100 0048 | c786 4801 | 0000 0100 | 0000 e929 
  0x000002c0bd8d2464: 0000 0048 | 83be 5001 | 0000 0075 | 1748 8996 | 5001 0000 | 48c7 8658 | 0100 0001 | 0000 00e9 
  0x000002c0bd8d2484: 0800 0000 | 4883 8638 | 0100 0001 

  0x000002c0bd8d2490: ;   {section_word}
  0x000002c0bd8d2490: c5fa 5805 | 98c5 ffff | c4c1 7a11 | 4010 488b 

  0x000002c0bd8d24a0: ;   {metadata(method data for {method} {0x000002c0dac553f8} 'layout' '()V' in 'com/sun/javafx/text/PrismTextLayout')}
  0x000002c0bd8d24a0: d348 be18 | 8854 dbc0 

  0x000002c0bd8d24a8: ;   {metadata('com/sun/javafx/text/TextLine')}
  0x000002c0bd8d24a8: 0200 0049 | ba00 3430 | 9300 0000 | 004c 8996 | 5813 0000 | 4883 8660 | 1300 0001 

  0x000002c0bd8d24c4: ;   {metadata(method data for {method} {0x000002c0db045330} 'setWidth' '(F)V' in 'com/sun/javafx/text/TextLine')}
  0x000002c0bd8d24c4: 48ba 3061 | 40dc c002 | 0000 8bb2 | 9000 0000 | 83c6 0289 | b290 0000 | 0081 e6fe | ff1f 0085 
  0x000002c0bd8d24e4: f60f 843d | 1700 0049 

  0x000002c0bd8d24ec: ;   {metadata(method data for {method} {0x000002c0db045330} 'setWidth' '(F)V' in 'com/sun/javafx/text/TextLine')}
  0x000002c0bd8d24ec: 8bd0 48be | 3061 40dc | c002 0000 | 8b52 0841 | ba00 0000 | 9249 03d2 | 483b 96e0 | 0000 0075 
  0x000002c0bd8d250c: 0d48 8386 | e800 0000 | 01e9 6000 | 0000 483b | 96f0 0000 | 0075 0d48 | 8386 f800 | 0000 01e9 
  0x000002c0bd8d252c: 4a00 0000 | 4883 bee0 | 0000 0000 | 7517 4889 | 96e0 0000 | 0048 c786 | e800 0000 | 0100 0000 
  0x000002c0bd8d254c: e929 0000 | 0048 83be | f000 0000 | 0075 1748 | 8996 f000 | 0000 48c7 | 86f8 0000 | 0001 0000 
  0x000002c0bd8d256c: 00e9 0800 | 0000 4883 | 86d8 0000 | 0001 498b 

  0x000002c0bd8d257c: ;   {metadata(method data for {method} {0x000002c0db045330} 'setWidth' '(F)V' in 'com/sun/javafx/text/TextLine')}
  0x000002c0bd8d257c: d048 be30 | 6140 dcc0 | 0200 008b | 5208 41ba | 0000 0092 | 4903 d248 | 3b96 1001 | 0000 750d 
  0x000002c0bd8d259c: 4883 8618 | 0100 0001 | e960 0000 | 0048 3b96 | 2001 0000 | 750d 4883 | 8628 0100 | 0001 e94a 
  0x000002c0bd8d25bc: 0000 0048 | 83be 1001 | 0000 0075 | 1748 8996 | 1001 0000 | 48c7 8618 | 0100 0001 | 0000 00e9 
  0x000002c0bd8d25dc: 2900 0000 | 4883 be20 | 0100 0000 | 7517 4889 | 9620 0100 | 0048 c786 | 2801 0000 | 0100 0000 
  0x000002c0bd8d25fc: e908 0000 | 0048 8386 | 0801 0000 | 01c5 fa10 | 8424 c801 

  0x000002c0bd8d2610: ;   {section_word}
  0x000002c0bd8d2610: 0000 c5fa | 5805 1ac4 | ffff c4c1 | 7a11 4010 

  0x000002c0bd8d2620: ;   {section_word}
  0x000002c0bd8d2620: c5fa 1025 | 10c4 ffff | 488b 9424 | b000 0000 | 448b 4220 | 4183 e008 

  0x000002c0bd8d2638: ;   {metadata(method data for {method} {0x000002c0dac553f8} 'layout' '()V' in 'com/sun/javafx/text/PrismTextLayout')}
  0x000002c0bd8d2638: 4585 c049 | b818 8854 | dbc0 0200 | 00be 8013 | 0000 7405 | be90 1300 | 0049 8b3c | 3048 8d7f 
  0x000002c0bd8d2658: 0149 893c | 30c5 fa11 | a424 d801 | 0000 0f84 | 3800 0000 

  0x000002c0bd8d266c: ;   {metadata(method data for {method} {0x000002c0dac553f8} 'layout' '()V' in 'com/sun/javafx/text/PrismTextLayout')}
  0x000002c0bd8d266c: 4c8b c248 | be18 8854 | dbc0 0200 | 0048 8386 | a013 0000 | 014c 8bc3 | 488b f248 | 8bd6 0f1f 
  0x000002c0bd8d268c: ;   {optimized virtual_call}
  0x000002c0bd8d268c: 4400 00e8 

  0x000002c0bd8d2690: ; ImmutableOopMap {[176]=Oop [184]=Oop [376]=Oop [384]=Oop }
                      ;*invokevirtual reorderLine {reexecute=0 rethrow=0 return_oop=0}
                      ; - com.sun.javafx.text.PrismTextLayout::layout@1259 (line 1302)
  0x000002c0bd8d2690: 7819 0000 

  0x000002c0bd8d2694: ;   {post_call_nop}
  0x000002c0bd8d2694: 0f1f 8400 | 8c3d 0024 | 488b 9c24 | 7801 0000 | 488b 9424 | b000 0000 

  0x000002c0bd8d26ac: ;   {metadata(method data for {method} {0x000002c0dac553f8} 'layout' '()V' in 'com/sun/javafx/text/PrismTextLayout')}
  0x000002c0bd8d26ac: 49b8 1888 | 54db c002 | 0000 4983 | 80d0 1300 | 0001 4c8b | c348 8b94 | 24b0 0000 | 0066 0f1f 
  0x000002c0bd8d26cc: ;   {optimized virtual_call}
  0x000002c0bd8d26cc: 4400 00e8 

  0x000002c0bd8d26d0: ; ImmutableOopMap {[176]=Oop [184]=Oop [376]=Oop [384]=Oop }
                      ;*invokevirtual computeSideBearings {reexecute=0 rethrow=0 return_oop=0}
                      ; - com.sun.javafx.text.PrismTextLayout::layout@1265 (line 1305)
  0x000002c0bd8d26d0: 0cdd 1c00 

  0x000002c0bd8d26d4: ;   {post_call_nop}
  0x000002c0bd8d26d4: 0f1f 8400 | cc3d 0025 | 488b 9c24 | 7801 0000 

  0x000002c0bd8d26e4: ;   {metadata(method data for {method} {0x000002c0dac553f8} 'layout' '()V' in 'com/sun/javafx/text/PrismTextLayout')}
  0x000002c0bd8d26e4: 48ba 1888 | 54db c002 | 0000 4883 | 8210 1400 | 0001 488b | 9c24 7801 | 0000 8b73 | 2048 c1e6 
  0x000002c0bd8d2704: 0348 89b4 | 24b0 0100 | 00c5 fa10 | a424 d801 | 0000 bf00 | 0000 00e9 | 3801 0000 | 4863 d78b 
  0x000002c0bd8d2724: 4496 1048 | c1e0 0348 | 3b00 488b 

  0x000002c0bd8d2730: ;   {metadata(method data for {method} {0x000002c0dac553f8} 'layout' '()V' in 'com/sun/javafx/text/PrismTextLayout')}
  0x000002c0bd8d2730: d048 b918 | 8854 dbc0 | 0200 0048 | 8381 6014 | 0000 01c5 | f828 c4c5 | fa10 8c24 | d001 0000 
  0x000002c0bd8d2750: 488b d089 | bc24 a801 | 0000 4889 | 8424 a001 | 0000 c5fa | 11a4 24dc | 0100 000f 

  0x000002c0bd8d276c: ;   {optimized virtual_call}
  0x000002c0bd8d276c: 1f40 00e8 

  0x000002c0bd8d2770: ; ImmutableOopMap {[176]=Oop [184]=Oop [376]=Oop [384]=Oop [416]=Oop [432]=Oop }
                      ;*invokevirtual setLocation {reexecute=0 rethrow=0 return_oop=0}
                      ; - com.sun.javafx.text.PrismTextLayout::layout@1303 (line 1312)
  0x000002c0bd8d2770: 2c9c 1c00 

  0x000002c0bd8d2774: ;   {post_call_nop}
  0x000002c0bd8d2774: 0f1f 8400 | 6c3e 0026 | 488b 8424 | a001 0000 

  0x000002c0bd8d2784: ;   {metadata(method data for {method} {0x000002c0dac553f8} 'layout' '()V' in 'com/sun/javafx/text/PrismTextLayout')}
  0x000002c0bd8d2784: 48ba 1888 | 54db c002 | 0000 4883 | 8290 1400 | 0001 410f | be57 4885 | d248 8b84 | 24a0 0100 
  0x000002c0bd8d27a4: 000f 85a3 | 1400 0048 | 8b9c 2478 | 0100 004c | 8bd3 49c1 | ea03 4489 | 5050 488b | d048 33d3 
  0x000002c0bd8d27c4: 48c1 ea16 | 4883 fa00 | 0f85 9b14 | 0000 488b 

  0x000002c0bd8d27d4: ;   {metadata(method data for {method} {0x000002c0dac553f8} 'layout' '()V' in 'com/sun/javafx/text/PrismTextLayout')}
  0x000002c0bd8d27d4: d048 be18 | 8854 dbc0 | 0200 0048 | 8386 c014 | 0000 0148 | 8bd0 0f1f 

  0x000002c0bd8d27ec: ;   {optimized virtual_call}
  0x000002c0bd8d27ec: 4400 00e8 

  0x000002c0bd8d27f0: ; ImmutableOopMap {[176]=Oop [184]=Oop [376]=Oop [384]=Oop [432]=Oop }
                      ;*invokevirtual getWidth {reexecute=0 rethrow=0 return_oop=0}
                      ; - com.sun.javafx.text.PrismTextLayout::layout@1317 (line 1314)
  0x000002c0bd8d27f0: 4ce2 ddff 

  0x000002c0bd8d27f4: ;   {post_call_nop}
  0x000002c0bd8d27f4: 0f1f 8400 | ec3e 0027 | c5fa 5884 | 24dc 0100 | 008b bc24 | a801 0000 

  0x000002c0bd8d280c: ;   {metadata(method data for {method} {0x000002c0dac553f8} 'layout' '()V' in 'com/sun/javafx/text/PrismTextLayout')}
  0x000002c0bd8d280c: ffc7 48be | 1888 54db | c002 0000 | 8b9e 9400 | 0000 83c3 | 0289 9e94 | 0000 0081 | e3fe 3f00 
  0x000002c0bd8d282c: 0085 db0f | 8450 1400 | 004d 8b57 

  0x000002c0bd8d2838: ; ImmutableOopMap {[176]=Oop [184]=Oop [376]=Oop [384]=Oop [432]=Oop }
                      ;*goto {reexecute=1 rethrow=0 return_oop=0}
                      ; - (reexecute) com.sun.javafx.text.PrismTextLayout::layout@1326 (line 1310)
                      ;   {poll}
  0x000002c0bd8d2838: 3041 8502 

  0x000002c0bd8d283c: ;   {metadata(method data for {method} {0x000002c0dac553f8} 'layout' '()V' in 'com/sun/javafx/text/PrismTextLayout')}
  0x000002c0bd8d283c: 48be 1888 | 54db c002 | 0000 ff86 | e014 0000 | c5f8 28e0 | 488b b424 | b001 0000 

  0x000002c0bd8d2858: ; implicit exception: dispatches to 0x000002c0bd8d3ca6
  0x000002c0bd8d2858: 8b56 0c3b 

  0x000002c0bd8d285c: ;   {metadata(method data for {method} {0x000002c0dac553f8} 'layout' '()V' in 'com/sun/javafx/text/PrismTextLayout')}
  0x000002c0bd8d285c: fa48 ba18 | 8854 dbc0 | 0200 00b8 | 4014 0000 | 7c05 b830 | 1400 0048 | 8b0c 0248 | 8d49 0148 
  0x000002c0bd8d287c: 890c 020f | 8c9b feff | ff48 8b94 | 24b0 0000 | 008b b424 | 5c01 0000 | ffc6 8b7a | 3c48 c1e7 
  0x000002c0bd8d289c: 038b 7f0c 

  0x000002c0bd8d28a0: ;   {metadata(method data for {method} {0x000002c0dac553f8} 'layout' '()V' in 'com/sun/javafx/text/PrismTextLayout')}
  0x000002c0bd8d28a0: 3bf7 48bf | 1888 54db | c002 0000 | bbf8 1400 | 007d 05bb | 0815 0000 | 488b 041f | 488d 4001 
  0x000002c0bd8d28c0: 4889 041f | 89b4 24ac | 0100 0048 | 8b8c 2480 | 0100 000f | 8d18 0100 | 0048 8bf9 

  0x000002c0bd8d28dc: ;   {metadata(method data for {method} {0x000002c0dac553f8} 'layout' '()V' in 'com/sun/javafx/text/PrismTextLayout')}
  0x000002c0bd8d28dc: 48bb 1888 | 54db c002 | 0000 8b7f | 0841 ba00 | 0000 9249 | 03fa 483b | bb20 1500 | 0075 0d48 
  0x000002c0bd8d28fc: 8383 2815 | 0000 01e9 | 6000 0000 | 483b bb30 | 1500 0075 | 0d48 8383 | 3815 0000 | 01e9 4a00 
  0x000002c0bd8d291c: 0000 4883 | bb20 1500 | 0000 7517 | 4889 bb20 | 1500 0048 | c783 2815 | 0000 0100 | 0000 e929 
  0x000002c0bd8d293c: 0000 0048 | 83bb 3015 | 0000 0075 | 1748 89bb | 3015 0000 | 48c7 8338 | 1500 0001 | 0000 00e9 
  0x000002c0bd8d295c: 0800 0000 | 4883 8318 | 1500 0001 

  0x000002c0bd8d2968: ;   {metadata(method data for {method} {0x000002c0da6d2b40} 'getHeight' '()F' in 'com/sun/javafx/geom/RectBounds')}
  0x000002c0bd8d2968: 48bf c85c | 50db c002 | 0000 8b9f | 9000 0000 | 83c3 0289 | 9f90 0000 | 0081 e3fe | ff1f 0085 
  0x000002c0bd8d2988: db0f 8421 | 1300 00c5 | fa10 4118 | c5fa 1049 | 14c5 fa10 

  0x000002c0bd8d299c: ;   {metadata(method data for {method} {0x000002c0dac553f8} 'layout' '()V' in 'com/sun/javafx/text/PrismTextLayout')}
  0x000002c0bd8d299c: 521c 48bf | 1888 54db | c002 0000 | 4883 8748 | 1500 0001 | c5fa 5cc1 | c5fa 5884 | 24d0 0100 
  0x000002c0bd8d29bc: 00c5 f828 | c8c5 f258 | cac5 fa10 | 8424 d001 

  0x000002c0bd8d29cc: ;   {static_call}
  0x000002c0bd8d29cc: 0000 90e8 

  0x000002c0bd8d29d0: ; ImmutableOopMap {[176]=Oop [184]=Oop }
                      ;*invokestatic max {reexecute=0 rethrow=0 return_oop=0}
                      ; - com.sun.javafx.text.PrismTextLayout::layout@1356 (line 1317)
  0x000002c0bd8d29d0: cc68 6407 

  0x000002c0bd8d29d4: ;   {post_call_nop}
  0x000002c0bd8d29d4: 0f1f 8400 | cc40 0029 

  0x000002c0bd8d29dc: ;   {metadata(method data for {method} {0x000002c0dac553f8} 'layout' '()V' in 'com/sun/javafx/text/PrismTextLayout')}
  0x000002c0bd8d29dc: 48ba 1888 | 54db c002 | 0000 ff82 | 5815 0000 | e9f3 0000 | 0048 8b9c | 2478 0100 | 0048 8bd1 
  0x000002c0bd8d29fc: ;   {metadata(method data for {method} {0x000002c0dac553f8} 'layout' '()V' in 'com/sun/javafx/text/PrismTextLayout')}
  0x000002c0bd8d29fc: 48be 1888 | 54db c002 | 0000 8b52 | 0841 ba00 | 0000 9249 | 03d2 483b | 9678 1500 | 0075 0d48 
  0x000002c0bd8d2a1c: 8386 8015 | 0000 01e9 | 6000 0000 | 483b 9688 | 1500 0075 | 0d48 8386 | 9015 0000 | 01e9 4a00 
  0x000002c0bd8d2a3c: 0000 4883 | be78 1500 | 0000 7517 | 4889 9678 | 1500 0048 | c786 8015 | 0000 0100 | 0000 e929 
  0x000002c0bd8d2a5c: 0000 0048 | 83be 8815 | 0000 0075 | 1748 8996 | 8815 0000 | 48c7 8690 | 1500 0001 | 0000 00e9 
  0x000002c0bd8d2a7c: 0800 0000 | 4883 8670 | 1500 0001 

  0x000002c0bd8d2a88: ;   {metadata(method data for {method} {0x000002c0da6d2b40} 'getHeight' '()F' in 'com/sun/javafx/geom/RectBounds')}
  0x000002c0bd8d2a88: 48ba c85c | 50db c002 | 0000 8bb2 | 9000 0000 | 83c6 0289 | b290 0000 | 0081 e6fe | ff1f 0085 
  0x000002c0bd8d2aa8: f60f 8422 | 1200 00c5 | fa10 4118 | c5fa 1049 | 1448 8bd3 

  0x000002c0bd8d2abc: ;   {metadata(method data for {method} {0x000002c0dac553f8} 'layout' '()V' in 'com/sun/javafx/text/PrismTextLayout')}
  0x000002c0bd8d2abc: 48be 1888 | 54db c002 | 0000 4883 | 86b0 1500 | 0001 c5fa | 1053 14c5 | fa5c c1c5 | fa5c c2c5 
  0x000002c0bd8d2adc: fa58 8424 | d001 0000 | 8bb4 24ac 

  0x000002c0bd8d2ae8: ;   {metadata(method data for {method} {0x000002c0dac553f8} 'layout' '()V' in 'com/sun/javafx/text/PrismTextLayout')}
  0x000002c0bd8d2ae8: 0100 0048 | ba18 8854 | dbc0 0200 | 008b ba94 | 0000 0083 | c702 89ba | 9400 0000 | 81e7 fe3f 
  0x000002c0bd8d2b08: 0000 85ff | 0f84 e011 | 0000 4d8b 

  0x000002c0bd8d2b14: ; ImmutableOopMap {[176]=Oop [184]=Oop }
                      ;*goto {reexecute=1 rethrow=0 return_oop=0}
                      ; - (reexecute) com.sun.javafx.text.PrismTextLayout::layout@1383 (line 1256)
                      ;   {poll}
  0x000002c0bd8d2b14: 5730 4185 

  0x000002c0bd8d2b18: ;   {metadata(method data for {method} {0x000002c0dac553f8} 'layout' '()V' in 'com/sun/javafx/text/PrismTextLayout')}
  0x000002c0bd8d2b18: 0248 ba18 | 8854 dbc0 | 0200 00ff | 82d0 1500 | 00c5 f828 | c8c5 fa11 | 8c24 d001 | 0000 c5fa 
  0x000002c0bd8d2b38: 1084 24d4 | 0100 00c5 | fa10 8c24 | c801 0000 | 8bbc 24e0 | 0000 00e9 | a4eb ffff | c5fa 108c 
  0x000002c0bd8d2b58: 24d0 0100 | 0083 7b0c | 000f 86ac | 1100 008b | 7310 48c1 | e603 483b | 0648 8bfe 

  0x000002c0bd8d2b74: ;   {metadata(method data for {method} {0x000002c0dac553f8} 'layout' '()V' in 'com/sun/javafx/text/PrismTextLayout')}
  0x000002c0bd8d2b74: 48bb 1888 | 54db c002 | 0000 4883 | 83f8 1500 | 0001 8b76 | 2448 c1e6 | 0348 3b06 

  0x000002c0bd8d2b90: ;   {metadata(method data for {method} {0x000002c0dac553f8} 'layout' '()V' in 'com/sun/javafx/text/PrismTextLayout')}
  0x000002c0bd8d2b90: 488b fe48 | bb18 8854 | dbc0 0200 | 008b 7f08 | 41ba 0000 | 0092 4903 | fa48 3bbb | 2016 0000 
  0x000002c0bd8d2bb0: 750d 4883 | 8328 1600 | 0001 e960 | 0000 0048 | 3bbb 3016 | 0000 750d | 4883 8338 | 1600 0001 
  0x000002c0bd8d2bd0: e94a 0000 | 0048 83bb | 2016 0000 | 0075 1748 | 89bb 2016 | 0000 48c7 | 8328 1600 | 0001 0000 
  0x000002c0bd8d2bf0: 00e9 2900 | 0000 4883 | bb30 1600 | 0000 7517 | 4889 bb30 | 1600 0048 | c783 3816 | 0000 0100 
  0x000002c0bd8d2c10: 0000 e908 | 0000 0048 | 8383 1816 | 0000 01c5 | fa10 5614 | c5fa 114a | 148b 7244 | 48c1 e603 
  0x000002c0bd8d2c30: c5fa 105a | 1048 3b06 

  0x000002c0bd8d2c38: ;   {metadata(method data for {method} {0x000002c0dac553f8} 'layout' '()V' in 'com/sun/javafx/text/PrismTextLayout')}
  0x000002c0bd8d2c38: 488b fe48 | bb18 8854 | dbc0 0200 | 008b 7f08 | 41ba 0000 | 0092 4903 | fa48 3bbb | 5016 0000 
  0x000002c0bd8d2c58: 750d 4883 | 8358 1600 | 0001 e960 | 0000 0048 | 3bbb 6016 | 0000 750d | 4883 8368 | 1600 0001 
  0x000002c0bd8d2c78: e94a 0000 | 0048 83bb | 5016 0000 | 0075 1748 | 89bb 5016 | 0000 48c7 | 8358 1600 | 0001 0000 
  0x000002c0bd8d2c98: 00e9 2900 | 0000 4883 | bb60 1600 | 0000 7517 | 4889 bb60 | 1600 0048 | c783 6816 | 0000 0100 
  0x000002c0bd8d2cb8: 0000 e908 | 0000 0048 | 8383 4816 | 0000 01c5 | f828 e2c5 

  0x000002c0bd8d2ccc: ;   {section_word}
  0x000002c0bd8d2ccc: da58 e1c5 | fa10 0565 | bdff ffc5 

  0x000002c0bd8d2cd8: ;   {section_word}
  0x000002c0bd8d2cd8: f828 cac5 | fa10 155d 

  0x000002c0bd8d2ce0: ;   {section_word}
  0x000002c0bd8d2ce0: bdff ffc5 | fa10 2d59 | bdff ff48 | 8bd6 0f1f | 8000 0000 | 0048 b848 | 8a10 fcc0 

  0x000002c0bd8d2cfc: ;   {virtual_call}
  0x000002c0bd8d2cfc: 0200 00e8 

  0x000002c0bd8d2d00: ; ImmutableOopMap {[176]=Oop [184]=Oop }
                      ;*invokevirtual deriveWithNewBounds {reexecute=0 rethrow=0 return_oop=0}
                      ; - com.sun.javafx.text.PrismTextLayout::layout@1427 (line 1324)
  0x000002c0bd8d2d00: 1e41 6707 

  0x000002c0bd8d2d04: ;   {post_call_nop}
  0x000002c0bd8d2d04: 0f1f 8400 | fc43 002b | 410f be57 | 4885 d248 | 8b94 24b0 | 0000 000f | 8513 1000 | 004c 8bd0 
  0x000002c0bd8d2d24: 49c1 ea03 | 4489 5244 | 488b f248 | 33f0 48c1 | ee16 4883 | fe00 0f85 | 1310 0000 | 8b72 4c48 
  0x000002c0bd8d2d44: c1e6 0348 

  0x000002c0bd8d2d48: ;   {metadata(method data for {method} {0x000002c0dac553f8} 'layout' '()V' in 'com/sun/javafx/text/PrismTextLayout')}
  0x000002c0bd8d2d48: 85f6 48bf | 1888 54db | c002 0000 | bb78 1600 | 0074 05bb | 8816 0000 | 488b 041f | 488d 4001 
  0x000002c0bd8d2d68: 4889 041f | 0f84 9704 | 0000 8b7a | 3848 c1e7 | 0348 85ff 

  0x000002c0bd8d2d7c: ;   {metadata(method data for {method} {0x000002c0dac553f8} 'layout' '()V' in 'com/sun/javafx/text/PrismTextLayout')}
  0x000002c0bd8d2d7c: 48bf 1888 | 54db c002 | 0000 bb98 | 1600 0074 | 05bb a816 | 0000 488b | 041f 488d | 4001 4889 
  0x000002c0bd8d2d9c: 041f 0f84 | 5a04 0000 

  0x000002c0bd8d2da4: ; implicit exception: dispatches to 0x000002c0bd8d3d6b
  0x000002c0bd8d2da4: 0fbe 761c 

  0x000002c0bd8d2da8: ;   {metadata(method data for {method} {0x000002c0dac553f8} 'layout' '()V' in 'com/sun/javafx/text/PrismTextLayout')}
  0x000002c0bd8d2da8: 85f6 48be | 1888 54db | c002 0000 | bfb8 1600 | 0075 05bf | c816 0000 | 488b 1c3e | 488d 5b01 
  0x000002c0bd8d2dc8: 4889 1c3e | 0f85 2c04 | 0000 488b 

  0x000002c0bd8d2dd4: ;   {metadata(method data for {method} {0x000002c0dac553f8} 'layout' '()V' in 'com/sun/javafx/text/PrismTextLayout')}
  0x000002c0bd8d2dd4: f248 bf18 | 8854 dbc0 | 0200 0048 | 8387 d816 | 0000 0148 | 8bf2 488b 

  0x000002c0bd8d2dec: ;   {optimized virtual_call}
  0x000002c0bd8d2dec: d666 90e8 

  0x000002c0bd8d2df0: ; ImmutableOopMap {[176]=Oop [184]=Oop }
                      ;*invokevirtual copyCache {reexecute=0 rethrow=0 return_oop=0}
                      ; - com.sun.javafx.text.PrismTextLayout::layout@1458 (line 1329)
  0x000002c0bd8d2df0: 4c50 1400 

  0x000002c0bd8d2df4: ;   {post_call_nop}
  0x000002c0bd8d2df4: 0f1f 8400 | ec44 002c 

  0x000002c0bd8d2dfc: ;   {metadata(method data for {method} {0x000002c0dac553f8} 'layout' '()V' in 'com/sun/javafx/text/PrismTextLayout')}
  0x000002c0bd8d2dfc: 85c0 48b8 | 1888 54db | c002 0000 | ba08 1700 | 0075 05ba | 1817 0000 | 488b 3410 | 488d 7601 
  0x000002c0bd8d2e1c: 4889 3410 | 488b 9424 | b000 0000 | 0f85 d003 | 0000 8b42 | 4c48 c1e0 | 038b 7230 | 48c1 e603 
  0x000002c0bd8d2e3c: 410f be7f | 4885 ff0f | 8527 0f00 | 004c 8bd6 | 49c1 ea03 

  0x000002c0bd8d2e50: ; implicit exception: dispatches to 0x000002c0bd8d3d8f
  0x000002c0bd8d2e50: 4489 502c | 488b f848 | 33fe 48c1 | ef16 4883 | ff00 0f85 | 2c0f 0000 | 8b72 2848 | c1e6 0341 
  0x000002c0bd8d2e70: 0fbe 7f48 | 85ff 0f85 | 300f 0000 | 4c8b d649 | c1ea 0344 | 8950 2848 | 8bf8 4833 | fe48 c1ef 
  0x000002c0bd8d2e90: 1648 83ff | 000f 8530 | 0f00 008b | 7240 48c1 | e603 410f | be7f 4885 | ff0f 8534 | 0f00 004c 
  0x000002c0bd8d2eb0: 8bd6 49c1 | ea03 4489 | 5030 488b | f848 33fe | 48c1 ef16 | 4883 ff00 | 0f85 340f | 0000 8b72 
  0x000002c0bd8d2ed0: 0c89 7010 | 8b72 3c48 | c1e6 0341 | 0fbe 7f48 | 85ff 0f85 | 320f 0000 | 4c8b d649 | c1ea 0344 
  0x000002c0bd8d2ef0: 8950 3448 | 8bf8 4833 | fe48 c1ef 

  0x000002c0bd8d2efc: ;   {other}
  0x000002c0bd8d2efc: 1648 83ff | 000f 8532 | 0f00 00c5 | fa10 4210 | c5fa 1140 | 14c5 fa10 | 4214 c5fa | 1140 188b 
  0x000002c0bd8d2f1c: 7220 81e6 | ff07 0000 

  0x000002c0bd8d2f24: ;   {oop(a 'java/lang/Object'{0x000000060bfc4590})}
  0x000002c0bd8d2f24: 8970 0c48 | be90 45fc | 0b06 0000 | 0048 8dbc | 24e0 0100 | 0048 8977 | 0848 8b06 | 418b 9fd8 
  0x000002c0bd8d2f44: 0600 0081 | fb28 0700 | 000f 8dfe | 0e00 0049 | 3b74 1ff8 | 0f84 2500 | 0000 a802 | 0f85 eb0e 
  0x000002c0bd8d2f64: 0000 488b | d848 83e3 | fe48 83c8 | 01f0 480f | b11e 0f85 | d50e 0000 | 418b 9fd8 | 0600 0049 
  0x000002c0bd8d2f84: 8934 1f83 | c308 4189 | 9fd8 0600 | 0048 8b84 | 24b8 0000 | 008b 700c | 89b4 24b8 

  0x000002c0bd8d2fa0: ;   {oop(a 'java/lang/Class'{0x000000060bfc44f0} = 'com/sun/javafx/text/PrismTextLayout')}
  0x000002c0bd8d2fa0: 0100 0048 | bff0 44fc | 0b06 0000 | 008b bf94 | 0000 0003 | fe81 ff00 

  0x000002c0bd8d2fb8: ;   {metadata(method data for {method} {0x000002c0dac553f8} 'layout' '()V' in 'com/sun/javafx/text/PrismTextLayout')}
  0x000002c0bd8d2fb8: 0001 0048 | bf18 8854 | dbc0 0200 | 00bb 2817 | 0000 7e05 | bb38 1700 | 0048 8b04 | 1f48 8d40 
  0x000002c0bd8d2fd8: 0148 8904 | 1f0f 8ec6 

  0x000002c0bd8d2fe0: ;   {oop(a 'java/util/Hashtable'{0x000000060bbb4a78})}
  0x000002c0bd8d2fe0: 0000 0048 | bf78 4abb | 0b06 0000 | 0048 8bdf 

  0x000002c0bd8d2ff0: ;   {metadata(method data for {method} {0x000002c0dac553f8} 'layout' '()V' in 'com/sun/javafx/text/PrismTextLayout')}
  0x000002c0bd8d2ff0: 48b8 1888 | 54db c002 | 0000 8b5b | 0841 ba00 | 0000 9249 | 03da 483b | 9850 1700 | 0075 0d48 
  0x000002c0bd8d3010: 8380 5817 | 0000 01e9 | 6000 0000 | 483b 9860 | 1700 0075 | 0d48 8380 | 6817 0000 | 01e9 4a00 
  0x000002c0bd8d3030: 0000 4883 | b850 1700 | 0000 7517 | 4889 9850 | 1700 0048 | c780 5817 | 0000 0100 | 0000 e929 
  0x000002c0bd8d3050: 0000 0048 | 83b8 6017 | 0000 0075 | 1748 8998 | 6017 0000 | 48c7 8068 | 1700 0001 | 0000 00e9 
  0x000002c0bd8d3070: 0800 0000 | 4883 8048 | 1700 0001 

  0x000002c0bd8d307c: ;   {optimized virtual_call}
  0x000002c0bd8d307c: 488b d7e8 

  0x000002c0bd8d3080: ; ImmutableOopMap {[176]=Oop [488]=Oop }
                      ;*invokevirtual clear {reexecute=0 rethrow=0 return_oop=0}
                      ; - com.sun.javafx.text.PrismTextLayout::layout@1582 (line 1346)
  0x000002c0bd8d3080: 5cc1 cd06 

  0x000002c0bd8d3084: ;   {post_call_nop}
  0x000002c0bd8d3084: 0f1f 8400 | 7c47 002d 

  0x000002c0bd8d308c: ;   {oop(a 'java/lang/Class'{0x000000060bfc44f0} = 'com/sun/javafx/text/PrismTextLayout')}
  0x000002c0bd8d308c: 49b8 f044 | fc0b 0600 | 0000 41c7 | 8094 0000 | 0000 0000 | 0048 8b94 | 24b0 0000 | 0044 8b42 
  0x000002c0bd8d30ac: 3849 c1e0 | 0344 8b4a | 4c49 c1e1 

  0x000002c0bd8d30b8: ;   {oop(a 'java/util/Hashtable'{0x000000060bbb4a78})}
  0x000002c0bd8d30b8: 0348 bf78 | 4abb 0b06 | 0000 0048 

  0x000002c0bd8d30c4: ;   {metadata(method data for {method} {0x000002c0dac553f8} 'layout' '()V' in 'com/sun/javafx/text/PrismTextLayout')}
  0x000002c0bd8d30c4: 8bdf 48b8 | 1888 54db | c002 0000 | 8b5b 0841 | ba00 0000 | 9249 03da | 483b 9880 | 1700 0075 
  0x000002c0bd8d30e4: 0d48 8380 | 8817 0000 | 01e9 6000 | 0000 483b | 9890 1700 | 0075 0d48 | 8380 9817 | 0000 01e9 
  0x000002c0bd8d3104: 4a00 0000 | 4883 b880 | 1700 0000 | 7517 4889 | 9880 1700 | 0048 c780 | 8817 0000 | 0100 0000 
  0x000002c0bd8d3124: e929 0000 | 0048 83b8 | 9017 0000 | 0075 1748 | 8998 9017 | 0000 48c7 | 8098 1700 | 0001 0000 
  0x000002c0bd8d3144: 00e9 0800 | 0000 4883 | 8078 1700 | 0001 488b 

  0x000002c0bd8d3154: ;   {optimized virtual_call}
  0x000002c0bd8d3154: d766 90e8 

  0x000002c0bd8d3158: ; ImmutableOopMap {[176]=Oop [488]=Oop }
                      ;*invokevirtual put {reexecute=0 rethrow=0 return_oop=0}
                      ; - com.sun.javafx.text.PrismTextLayout::layout@1600 (line 1349)
  0x000002c0bd8d3158: c416 fdff 

  0x000002c0bd8d315c: ;   {post_call_nop}
  0x000002c0bd8d315c: 0f1f 8400 | 5448 002e 

  0x000002c0bd8d3164: ;   {oop(a 'java/lang/Class'{0x000000060bfc44f0} = 'com/sun/javafx/text/PrismTextLayout')}
  0x000002c0bd8d3164: 48b8 f044 | fc0b 0600 | 0000 8bb0 | 9400 0000 | 03b4 24b8 | 0100 0089 | b094 0000 

  0x000002c0bd8d3180: ;   {oop(a 'java/lang/Object'{0x000000060bfc4590})}
  0x000002c0bd8d3180: 0048 b890 | 45fc 0b06 | 0000 0048 | 8d84 24e0 | 0100 0048 | 8b78 0841 | 8bb7 d806 | 0000 493b 
  0x000002c0bd8d31a0: 7c37 f80f | 85c0 0c00 | 0041 83af | d806 0000 | 0849 3b7c | 37f0 0f84 | 2a00 0000 | 488b 07a8 
  0x000002c0bd8d31c0: 020f 8512 | 0000 0048 | 8bf0 4883 | ce01 f048 | 0fb1 370f | 840d 0000 | 0041 8387 | d806 0000 
  0x000002c0bd8d31e0: 08e9 830c 

  0x000002c0bd8d31e4: ;   {metadata(method data for {method} {0x000002c0dac553f8} 'layout' '()V' in 'com/sun/javafx/text/PrismTextLayout')}
  0x000002c0bd8d31e4: 0000 48b8 | 1888 54db | c002 0000 | ff80 a817 | 0000 488b | 9424 b000 | 0000 8b42 | 4c48 c1e0 
  0x000002c0bd8d3204: 03c6 401c | 0148 81c4 | 0002 0000 

  0x000002c0bd8d3210: ;   {poll_return}
  0x000002c0bd8d3210: 5d49 3b67 | 280f 8769 | 0c00 00c3 | 4881 c400 | 0200 005d 

  0x000002c0bd8d3224: ;   {poll_return}
  0x000002c0bd8d3224: 493b 6728 | 0f87 6c0c | 0000 c349 | 8b87 8805 | 0000 4d33 | d24d 8997 | 8805 0000 | 4d33 d24d 
  0x000002c0bd8d3244: 8997 9005 | 0000 488b 

  0x000002c0bd8d324c: ;   {oop(a 'java/lang/Object'{0x000000060bfc4590})}
  0x000002c0bd8d324c: f048 b890 | 45fc 0b06 | 0000 0048 | 8d84 24e0 | 0100 0048 | 8b58 0841 | 8bbf d806 | 0000 493b 
  0x000002c0bd8d326c: 5c3f f80f | 853b 0c00 | 0041 83af | d806 0000 | 0849 3b5c | 3ff0 0f84 | 2a00 0000 | 488b 03a8 
  0x000002c0bd8d328c: 020f 8512 | 0000 0048 | 8bf8 4883 | cf01 f048 | 0fb1 3b0f | 840d 0000 | 0041 8387 | d806 0000 
  0x000002c0bd8d32ac: 08e9 fe0b | 0000 488b | c6e9 2e0c 

  0x000002c0bd8d32b8: ;   {metadata({method} {0x000002c0dac553f8} 'layout' '()V' in 'com/sun/javafx/text/PrismTextLayout')}
  0x000002c0bd8d32b8: 0000 49ba | f053 c5da | c002 0000 | 4c89 5424 | 0848 c704 | 24ff ffff 

  0x000002c0bd8d32d0: ;   {runtime_call C1 Runtime counter_overflow_blob}
  0x000002c0bd8d32d0: ffe8 0aab 

  0x000002c0bd8d32d4: ; ImmutableOopMap {rdx=Oop [176]=Oop }
                      ;*synchronization entry
                      ; - com.sun.javafx.text.PrismTextLayout::layout@-1 (line 1060)
  0x000002c0bd8d32d4: db06 e9f3 

  0x000002c0bd8d32d8: ;   {metadata(nullptr)}
  0x000002c0bd8d32d8: b7ff ff48 | ba00 0000 | 0000 0000 | 00b8 000f 

  0x000002c0bd8d32e8: ;   {runtime_call C1 Runtime load_klass_patching_blob}
  0x000002c0bd8d32e8: 050a e871 

  0x000002c0bd8d32ec: ; ImmutableOopMap {rax=Oop [176]=Oop [184]=Oop [192]=Oop }
                      ;*new {reexecute=1 rethrow=0 return_oop=0}
                      ; - (reexecute) com.sun.javafx.text.PrismTextLayout::layout@106 (line 1087)
  0x000002c0bd8d32ec: 94db 06e9 | 5cbb ffff 

  0x000002c0bd8d32f4: ;   {runtime_call C1 Runtime new_instance_blob}
  0x000002c0bd8d32f4: 488b d2e8 

  0x000002c0bd8d32f8: ; ImmutableOopMap {[176]=Oop [184]=Oop [192]=Oop [208]=Oop }
                      ;*new {reexecute=0 rethrow=0 return_oop=0}
                      ; - com.sun.javafx.text.PrismTextLayout::layout@106 (line 1087)
  0x000002c0bd8d32f8: 644b db06 | e966 bbff | ff48 8bd2 

  0x000002c0bd8d3304: ;   {runtime_call C1 Runtime fast_new_instance_blob}
  0x000002c0bd8d3304: e8d7 4edb 

  0x000002c0bd8d3308: ; ImmutableOopMap {r11=Oop r13=Oop [176]=Oop [184]=Oop [192]=Oop [216]=Oop }
                      ;*new {reexecute=0 rethrow=0 return_oop=0}
                      ; - com.sun.javafx.text.PrismTextLayout::layout@141 (line 1099)
  0x000002c0bd8d3308: 06e9 dfbc 

  0x000002c0bd8d330c: ;   {metadata({method} {0x000002c0db03df60} '<init>' '()V' in 'com/sun/javafx/text/LayoutCache')}
  0x000002c0bd8d330c: ffff 49ba | 58df 03db | c002 0000 | 4c89 5424 | 0848 c704 | 24ff ffff 

  0x000002c0bd8d3324: ;   {runtime_call C1 Runtime counter_overflow_blob}
  0x000002c0bd8d3324: ffe8 b6aa 

  0x000002c0bd8d3328: ; ImmutableOopMap {r11=Oop r13=Oop r8=Oop [176]=Oop [184]=Oop [192]=Oop [216]=Oop }
                      ;*synchronization entry
                      ; - com.sun.javafx.text.LayoutCache::<init>@-1 (line 30)
                      ; - com.sun.javafx.text.PrismTextLayout::layout@145 (line 1099)
  0x000002c0bd8d3328: db06 e9fd 

  0x000002c0bd8d332c: ;   {metadata({method} {0x00000000924b32d8} '<init>' '()V' in 'java/lang/Object')}
  0x000002c0bd8d332c: bcff ff49 | bad0 324b | 9200 0000 | 004c 8954 | 2408 48c7 | 0424 ffff 

  0x000002c0bd8d3344: ;   {runtime_call C1 Runtime counter_overflow_blob}
  0x000002c0bd8d3344: ffff e895 

  0x000002c0bd8d3348: ; ImmutableOopMap {r11=Oop r13=Oop r8=Oop [176]=Oop [184]=Oop [192]=Oop [216]=Oop }
                      ;*synchronization entry
                      ; - java.lang.Object::<init>@-1 (line 44)
                      ; - com.sun.javafx.text.LayoutCache::<init>@1 (line 30)
                      ; - com.sun.javafx.text.PrismTextLayout::layout@145 (line 1099)
  0x000002c0bd8d3348: aadb 06e9 | 18bd ffff | 418b 5b4c | 48c1 e303 | 4883 fb00 | 0f84 13bd | ffff 4889 

  0x000002c0bd8d3364: ;   {runtime_call g1_pre_barrier_slow}
  0x000002c0bd8d3364: 1c24 e875 | b1db 06e9 | 05bd ffff | 4983 f800 | 0f84 1abd | ffff 4c89 

  0x000002c0bd8d337c: ;   {runtime_call g1_post_barrier_slow}
  0x000002c0bd8d337c: 1c24 e85d | b4db 06e9 | 0cbd ffff 

  0x000002c0bd8d3388: ;   {runtime_call C1 Runtime throw_null_pointer_exception_blob}
  0x000002c0bd8d3388: e853 44db 

  0x000002c0bd8d338c: ; ImmutableOopMap {r11=Oop r13=Oop r8=Oop [176]=Oop [184]=Oop [192]=Oop [216]=Oop }
                      ;*arraylength {reexecute=0 rethrow=0 return_oop=0}
                      ; - com.sun.javafx.text.PrismTextLayout::layout@156 (line 1100)
                      ;   {runtime_call C1 Runtime new_type_array_blob}
  0x000002c0bd8d338c: 06e8 4e55 

  0x000002c0bd8d3390: ; ImmutableOopMap {r11=Oop r13=Oop r8=Oop [176]=Oop [184]=Oop [192]=Oop [216]=Oop }
                      ;*newarray {reexecute=0 rethrow=0 return_oop=0}
                      ; - com.sun.javafx.text.PrismTextLayout::layout@157 (line 1100)
  0x000002c0bd8d3390: db06 e987 | bdff ff41 | 8b58 2048 | c1e3 0348 | 83fb 000f | 8482 bdff | ff48 891c 

  0x000002c0bd8d33ac: ;   {runtime_call g1_pre_barrier_slow}
  0x000002c0bd8d33ac: 24e8 2eb1 | db06 e974 | bdff ff48 | 83f8 000f | 8489 bdff | ff4c 8904 

  0x000002c0bd8d33c4: ;   {runtime_call g1_post_barrier_slow}
  0x000002c0bd8d33c4: 24e8 16b4 | db06 e97b 

  0x000002c0bd8d33cc: ;   {runtime_call C1 Runtime new_type_array_blob}
  0x000002c0bd8d33cc: bdff ffe8 

  0x000002c0bd8d33d0: ; ImmutableOopMap {r11=Oop r13=Oop r8=Oop [176]=Oop [184]=Oop [192]=Oop [216]=Oop }
                      ;*newarray {reexecute=0 rethrow=0 return_oop=0}
                      ; - com.sun.javafx.text.PrismTextLayout::layout@168 (line 1101)
  0x000002c0bd8d33d0: 0c55 db06 | e9f7 bdff | ff41 8b50 | 2448 c1e2 | 0348 83fa | 000f 84f2 | bdff ff48 

  0x000002c0bd8d33ec: ;   {runtime_call g1_pre_barrier_slow}
  0x000002c0bd8d33ec: 8914 24e8 | ecb0 db06 | e9e4 bdff | ff48 83f8 | 000f 84f9 | bdff ff4c 

  0x000002c0bd8d3404: ;   {runtime_call g1_post_barrier_slow}
  0x000002c0bd8d3404: 8904 24e8 | d4b3 db06 | e9eb bdff | ff41 8b53 | 4c48 c1e2 | 0348 83fa | 000f 840b | beff ff48 
  0x000002c0bd8d3424: ;   {runtime_call g1_pre_barrier_slow}
  0x000002c0bd8d3424: 8914 24e8 | b4b0 db06 | e9fd bdff | ff48 8bd2 

  0x000002c0bd8d3434: ;   {runtime_call C1 Runtime fast_new_instance_blob}
  0x000002c0bd8d3434: e8a7 4ddb 

  0x000002c0bd8d3438: ; ImmutableOopMap {r11=Oop r13=Oop [176]=Oop [184]=Oop [192]=Oop [216]=Oop }
                      ;*new {reexecute=0 rethrow=0 return_oop=0}
                      ; - com.sun.javafx.text.PrismTextLayout::layout@190 (line 1110)
  0x000002c0bd8d3438: 06e9 44be 

  0x000002c0bd8d343c: ;   {metadata({method} {0x0000000092221f60} '<init>' '()V' in 'java/util/ArrayList')}
  0x000002c0bd8d343c: ffff 49ba | 581f 2292 | 0000 0000 | 4c89 5424 | 0848 c704 | 24ff ffff 

  0x000002c0bd8d3454: ;   {runtime_call C1 Runtime counter_overflow_blob}
  0x000002c0bd8d3454: ffe8 86a9 

  0x000002c0bd8d3458: ; ImmutableOopMap {r11=Oop r13=Oop rax=Oop [176]=Oop [184]=Oop [192]=Oop [216]=Oop [240]=Oop }
                      ;*synchronization entry
                      ; - java.util.ArrayList::<init>@-1 (line 169)
                      ; - com.sun.javafx.text.PrismTextLayout::layout@194 (line 1110)
  0x000002c0bd8d3458: db06 e96c 

  0x000002c0bd8d345c: ;   {metadata({method} {0x0000000092220bf8} '<init>' '()V' in 'java/util/AbstractList')}
  0x000002c0bd8d345c: beff ff49 | baf0 0b22 | 9200 0000 | 004c 8954 | 2408 48c7 | 0424 ffff 

  0x000002c0bd8d3474: ;   {runtime_call C1 Runtime counter_overflow_blob}
  0x000002c0bd8d3474: ffff e865 

  0x000002c0bd8d3478: ; ImmutableOopMap {r11=Oop r13=Oop rax=Oop [176]=Oop [184]=Oop [192]=Oop [216]=Oop [240]=Oop }
                      ;*synchronization entry
                      ; - java.util.AbstractList::<init>@-1 (line 80)
                      ; - java.util.ArrayList::<init>@1 (line 169)
                      ; - com.sun.javafx.text.PrismTextLayout::layout@194 (line 1110)
  0x000002c0bd8d3478: a9db 06e9 | 8cbe ffff 

  0x000002c0bd8d3480: ;   {metadata({method} {0x000000009221ffb8} '<init>' '()V' in 'java/util/AbstractCollection')}
  0x000002c0bd8d3480: 49ba b0ff | 2192 0000 | 0000 4c89 | 5424 0848 | c704 24ff 

  0x000002c0bd8d3494: ;   {runtime_call C1 Runtime counter_overflow_blob}
  0x000002c0bd8d3494: ffff ffe8 

  0x000002c0bd8d3498: ; ImmutableOopMap {r11=Oop r13=Oop rax=Oop [176]=Oop [184]=Oop [192]=Oop [216]=Oop [240]=Oop }
                      ;*synchronization entry
                      ; - java.util.AbstractCollection::<init>@-1 (line 70)
                      ; - java.util.AbstractList::<init>@1 (line 80)
                      ; - java.util.ArrayList::<init>@1 (line 169)
                      ; - com.sun.javafx.text.PrismTextLayout::layout@194 (line 1110)
  0x000002c0bd8d3498: 44a9 db06 | e9ac beff 

  0x000002c0bd8d34a0: ;   {metadata({method} {0x00000000924b32d8} '<init>' '()V' in 'java/lang/Object')}
  0x000002c0bd8d34a0: ff49 bad0 | 324b 9200 | 0000 004c | 8954 2408 | 48c7 0424 | ffff ffff 

  0x000002c0bd8d34b8: ;   {runtime_call C1 Runtime counter_overflow_blob}
  0x000002c0bd8d34b8: e823 a9db 

  0x000002c0bd8d34bc: ; ImmutableOopMap {r11=Oop r13=Oop rax=Oop [176]=Oop [184]=Oop [192]=Oop [216]=Oop [240]=Oop }
                      ;*synchronization entry
                      ; - java.lang.Object::<init>@-1 (line 44)
                      ; - java.util.AbstractCollection::<init>@1 (line 70)
                      ; - java.util.AbstractList::<init>@1 (line 80)
                      ; - java.util.ArrayList::<init>@1 (line 169)
                      ; - com.sun.javafx.text.PrismTextLayout::layout@194 (line 1110)
  0x000002c0bd8d34bc: 06e9 ccbe | ffff 448b | 4014 49c1 | e003 4983 | f800 0f84 | c8be ffff | 4c89 0424 

  0x000002c0bd8d34d8: ;   {runtime_call g1_pre_barrier_slow}
  0x000002c0bd8d34d8: e803 b0db | 06e9 babe | ffff 4983 | f800 0f84 | e0be ffff | 4889 0424 

  0x000002c0bd8d34f0: ;   {runtime_call g1_post_barrier_slow}
  0x000002c0bd8d34f0: e8eb b2db | 06e9 d2be 

  0x000002c0bd8d34f8: ;   {runtime_call C1 Runtime throw_null_pointer_exception_blob}
  0x000002c0bd8d34f8: ffff e8e1 

  0x000002c0bd8d34fc: ; ImmutableOopMap {r11=Oop r13=Oop rbx=Oop r8=Oop [176]=Oop [184]=Oop [216]=Oop [240]=Oop }
                      ;*aaload {reexecute=0 rethrow=0 return_oop=0}
                      ; - com.sun.javafx.text.PrismTextLayout::layout@217 (line 1112)
                      ;   {runtime_call C1 Runtime throw_null_pointer_exception_blob}
  0x000002c0bd8d34fc: 42db 06e8 

  0x000002c0bd8d3500: ; ImmutableOopMap {r11=Oop r13=Oop rbx=Oop r8=Oop [176]=Oop [184]=Oop [216]=Oop [240]=Oop }
                      ;*aaload {reexecute=0 rethrow=0 return_oop=0}
                      ; - com.sun.javafx.text.PrismTextLayout::layout@217 (line 1112)
  0x000002c0bd8d3500: dc42 db06 | 4889 3424 | 4c89 4424 

  0x000002c0bd8d350c: ;   {runtime_call C1 Runtime throw_range_check_failed_blob}
  0x000002c0bd8d350c: 08e8 ce39 

  0x000002c0bd8d3510: ; ImmutableOopMap {r11=Oop r13=Oop rbx=Oop r8=Oop [176]=Oop [184]=Oop [216]=Oop [240]=Oop }
                      ;*aaload {reexecute=0 rethrow=0 return_oop=0}
                      ; - com.sun.javafx.text.PrismTextLayout::layout@217 (line 1112)
                      ;   {runtime_call C1 Runtime throw_null_pointer_exception_blob}
  0x000002c0bd8d3510: db06 e8c9 

  0x000002c0bd8d3514: ; ImmutableOopMap {rdi=Oop [176]=Oop [184]=Oop [192]=Oop [216]=Oop [240]=Oop [248]=Oop }
                      ;*invokevirtual isTab {reexecute=0 rethrow=0 return_oop=0}
                      ; - com.sun.javafx.text.PrismTextLayout::layout@230 (line 1114)
                      ;   {metadata({method} {0x000002c0db039b80} 'isTab' '()Z' in 'com/sun/javafx/text/TextRun')}
  0x000002c0bd8d3514: 42db 0649 | ba78 9b03 | dbc0 0200 | 004c 8954 | 2408 48c7 | 0424 ffff 

  0x000002c0bd8d352c: ;   {runtime_call C1 Runtime counter_overflow_blob}
  0x000002c0bd8d352c: ffff e8ad 

  0x000002c0bd8d3530: ; ImmutableOopMap {rdi=Oop [176]=Oop [184]=Oop [192]=Oop [216]=Oop [240]=Oop [248]=Oop }
                      ;*synchronization entry
                      ; - com.sun.javafx.text.TextRun::isTab@-1 (line 134)
                      ; - com.sun.javafx.text.PrismTextLayout::layout@230 (line 1114)
  0x000002c0bd8d3530: a8db 06e9 | b3bf ffff 

  0x000002c0bd8d3538: ;   {metadata({method} {0x000002c0db0398a0} 'isLinebreak' '()Z' in 'com/sun/javafx/text/TextRun')}
  0x000002c0bd8d3538: 49ba 9898 | 03db c002 | 0000 4c89 | 5424 0848 | c704 24ff 

  0x000002c0bd8d354c: ;   {runtime_call C1 Runtime counter_overflow_blob}
  0x000002c0bd8d354c: ffff ffe8 

  0x000002c0bd8d3550: ; ImmutableOopMap {rdx=Oop rdi=Oop [176]=Oop [184]=Oop [192]=Oop [216]=Oop [240]=Oop [248]=Oop }
                      ;*synchronization entry
                      ; - com.sun.javafx.text.TextRun::isLinebreak@-1 (line 118)
                      ; - com.sun.javafx.text.PrismTextLayout::layout@289 (line 1120)
  0x000002c0bd8d3550: 8ca8 db06 | e9dc c1ff 

  0x000002c0bd8d3558: ;   {metadata({method} {0x000002c0db039398} 'getEnd' '()I' in 'com/sun/javafx/text/TextRun')}
  0x000002c0bd8d3558: ff49 ba90 | 9303 dbc0 | 0200 004c | 8954 2408 | 48c7 0424 | ffff ffff 

  0x000002c0bd8d3570: ;   {runtime_call C1 Runtime counter_overflow_blob}
  0x000002c0bd8d3570: e86b a8db 

  0x000002c0bd8d3574: ; ImmutableOopMap {[176]=Oop [184]=Oop [192]=Oop [216]=Oop [240]=Oop [248]=Oop }
                      ;*synchronization entry
                      ; - com.sun.javafx.text.TextRun::getEnd@-1 (line 86)
                      ; - com.sun.javafx.text.PrismTextLayout::layout@321 (line 1129)
  0x000002c0bd8d3574: 06e9 1fc3 

  0x000002c0bd8d3578: ;   {runtime_call C1 Runtime throw_null_pointer_exception_blob}
  0x000002c0bd8d3578: ffff e861 

  0x000002c0bd8d357c: ; ImmutableOopMap {rdi=Oop rax=Oop [176]=Oop [184]=Oop [192]=Oop [216]=Oop [240]=Oop [248]=Oop }
                      ;*caload {reexecute=0 rethrow=0 return_oop=0}
                      ; - com.sun.javafx.text.PrismTextLayout::layout@338 (line 1130)
                      ;   {runtime_call C1 Runtime throw_null_pointer_exception_blob}
  0x000002c0bd8d357c: 42db 06e8 

  0x000002c0bd8d3580: ; ImmutableOopMap {rdi=Oop rax=Oop [176]=Oop [184]=Oop [192]=Oop [216]=Oop [240]=Oop [248]=Oop }
                      ;*caload {reexecute=0 rethrow=0 return_oop=0}
                      ; - com.sun.javafx.text.PrismTextLayout::layout@338 (line 1130)
  0x000002c0bd8d3580: 5c42 db06 | 4889 3424 | 4889 4424 

  0x000002c0bd8d358c: ;   {runtime_call C1 Runtime throw_range_check_failed_blob}
  0x000002c0bd8d358c: 08e8 4e39 

  0x000002c0bd8d3590: ; ImmutableOopMap {rdi=Oop rax=Oop [176]=Oop [184]=Oop [192]=Oop [216]=Oop [240]=Oop [248]=Oop }
                      ;*caload {reexecute=0 rethrow=0 return_oop=0}
                      ; - com.sun.javafx.text.PrismTextLayout::layout@338 (line 1130)
                      ;   {runtime_call C1 Runtime throw_null_pointer_exception_blob}
  0x000002c0bd8d3590: db06 e849 

  0x000002c0bd8d3594: ; ImmutableOopMap {rax=Oop [176]=Oop [184]=Oop [192]=Oop [216]=Oop [240]=Oop [248]=Oop }
                      ;*caload {reexecute=0 rethrow=0 return_oop=0}
                      ; - com.sun.javafx.text.PrismTextLayout::layout@369 (line 1142)
                      ;   {runtime_call C1 Runtime throw_null_pointer_exception_blob}
  0x000002c0bd8d3594: 42db 06e8 

  0x000002c0bd8d3598: ; ImmutableOopMap {rax=Oop [176]=Oop [184]=Oop [192]=Oop [216]=Oop [240]=Oop [248]=Oop }
                      ;*caload {reexecute=0 rethrow=0 return_oop=0}
                      ; - com.sun.javafx.text.PrismTextLayout::layout@369 (line 1142)
  0x000002c0bd8d3598: 4442 db06 | 4889 1c24 | 4889 4424 

  0x000002c0bd8d35a4: ;   {runtime_call C1 Runtime throw_range_check_failed_blob}
  0x000002c0bd8d35a4: 08e8 3639 

  0x000002c0bd8d35a8: ; ImmutableOopMap {rax=Oop [176]=Oop [184]=Oop [192]=Oop [216]=Oop [240]=Oop [248]=Oop }
                      ;*caload {reexecute=0 rethrow=0 return_oop=0}
                      ; - com.sun.javafx.text.PrismTextLayout::layout@369 (line 1142)
                      ;   {runtime_call C1 Runtime throw_null_pointer_exception_blob}
  0x000002c0bd8d35a8: db06 e831 

  0x000002c0bd8d35ac: ; ImmutableOopMap {rax=Oop [176]=Oop [184]=Oop [192]=Oop [216]=Oop [240]=Oop [248]=Oop }
                      ;*caload {reexecute=0 rethrow=0 return_oop=0}
                      ; - com.sun.javafx.text.PrismTextLayout::layout@395 (line 1145)
                      ;   {runtime_call C1 Runtime throw_null_pointer_exception_blob}
  0x000002c0bd8d35ac: 42db 06e8 

  0x000002c0bd8d35b0: ; ImmutableOopMap {rax=Oop [176]=Oop [184]=Oop [192]=Oop [216]=Oop [240]=Oop [248]=Oop }
                      ;*caload {reexecute=0 rethrow=0 return_oop=0}
                      ; - com.sun.javafx.text.PrismTextLayout::layout@395 (line 1145)
  0x000002c0bd8d35b0: 2c42 db06 | 4889 1c24 | 4889 4424 

  0x000002c0bd8d35bc: ;   {runtime_call C1 Runtime throw_range_check_failed_blob}
  0x000002c0bd8d35bc: 08e8 1e39 

  0x000002c0bd8d35c0: ; ImmutableOopMap {rax=Oop [176]=Oop [184]=Oop [192]=Oop [216]=Oop [240]=Oop [248]=Oop }
                      ;*caload {reexecute=0 rethrow=0 return_oop=0}
                      ; - com.sun.javafx.text.PrismTextLayout::layout@395 (line 1145)
                      ;   {metadata({method} {0x00000000921a8bc8} 'isWhitespace' '(C)Z' in 'java/lang/Character')}
  0x000002c0bd8d35c0: db06 49ba | c08b 1a92 | 0000 0000 | 4c89 5424 | 0848 c704 | 24ff ffff 

  0x000002c0bd8d35d8: ;   {runtime_call C1 Runtime counter_overflow_blob}
  0x000002c0bd8d35d8: ffe8 02a8 

  0x000002c0bd8d35dc: ; ImmutableOopMap {rax=Oop [176]=Oop [184]=Oop [192]=Oop [216]=Oop [240]=Oop [248]=Oop }
                      ;*synchronization entry
                      ; - java.lang.Character::isWhitespace@-1 (line 11680)
                      ; - com.sun.javafx.text.PrismTextLayout::layout@396 (line 1145)
  0x000002c0bd8d35dc: db06 e9eb 

  0x000002c0bd8d35e0: ;   {metadata({method} {0x00000000921a8c20} 'isWhitespace' '(I)Z' in 'java/lang/Character')}
  0x000002c0bd8d35e0: c4ff ff49 | ba18 8c1a | 9200 0000 | 004c 8954 | 2408 48c7 | 0424 ffff 

  0x000002c0bd8d35f8: ;   {runtime_call C1 Runtime counter_overflow_blob}
  0x000002c0bd8d35f8: ffff e8e1 

  0x000002c0bd8d35fc: ; ImmutableOopMap {rax=Oop [176]=Oop [184]=Oop [192]=Oop [216]=Oop [240]=Oop [248]=Oop }
                      ;*synchronization entry
                      ; - java.lang.Character::isWhitespace@-1 (line 11711)
                      ; - java.lang.Character::isWhitespace@1 (line 11680)
                      ; - com.sun.javafx.text.PrismTextLayout::layout@396 (line 1145)
  0x000002c0bd8d35fc: a7db 06e9 | 03c5 ffff 

  0x000002c0bd8d3604: ;   {runtime_call C1 Runtime throw_null_pointer_exception_blob}
  0x000002c0bd8d3604: e8d7 41db 

  0x000002c0bd8d3608: ; ImmutableOopMap {rax=Oop [176]=Oop [184]=Oop [192]=Oop [216]=Oop [240]=Oop [248]=Oop }
                      ;*invokevirtual isWhitespace {reexecute=0 rethrow=0 return_oop=0}
                      ; - java.lang.Character::isWhitespace@5 (line 11711)
                      ; - java.lang.Character::isWhitespace@1 (line 11680)
                      ; - com.sun.javafx.text.PrismTextLayout::layout@396 (line 1145)
  0x000002c0bd8d3608: 0648 8914 | 2448 8944 

  0x000002c0bd8d3610: ;   {runtime_call C1 Runtime throw_range_check_failed_blob}
  0x000002c0bd8d3610: 2408 e8c9 

  0x000002c0bd8d3614: ; ImmutableOopMap {rax=Oop [176]=Oop [184]=Oop [192]=Oop [216]=Oop [240]=Oop [248]=Oop }
                      ;*caload {reexecute=0 rethrow=0 return_oop=0}
                      ; - com.sun.javafx.text.PrismTextLayout::layout@413 (line 1147)
                      ;   {metadata({method} {0x00000000921a8bc8} 'isWhitespace' '(C)Z' in 'java/lang/Character')}
  0x000002c0bd8d3614: 38db 0649 | bac0 8b1a | 9200 0000 | 004c 8954 | 2408 48c7 | 0424 ffff 

  0x000002c0bd8d362c: ;   {runtime_call C1 Runtime counter_overflow_blob}
  0x000002c0bd8d362c: ffff e8ad 

  0x000002c0bd8d3630: ; ImmutableOopMap {rax=Oop [176]=Oop [184]=Oop [192]=Oop [216]=Oop [240]=Oop [248]=Oop }
                      ;*synchronization entry
                      ; - java.lang.Character::isWhitespace@-1 (line 11680)
                      ; - com.sun.javafx.text.PrismTextLayout::layout@414 (line 1147)
  0x000002c0bd8d3630: a7db 06e9 | 56c6 ffff 

  0x000002c0bd8d3638: ;   {metadata({method} {0x00000000921a8c20} 'isWhitespace' '(I)Z' in 'java/lang/Character')}
  0x000002c0bd8d3638: 49ba 188c | 1a92 0000 | 0000 4c89 | 5424 0848 | c704 24ff 

  0x000002c0bd8d364c: ;   {runtime_call C1 Runtime counter_overflow_blob}
  0x000002c0bd8d364c: ffff ffe8 

  0x000002c0bd8d3650: ; ImmutableOopMap {rax=Oop [176]=Oop [184]=Oop [192]=Oop [216]=Oop [240]=Oop [248]=Oop }
                      ;*synchronization entry
                      ; - java.lang.Character::isWhitespace@-1 (line 11711)
                      ; - java.lang.Character::isWhitespace@1 (line 11680)
                      ; - com.sun.javafx.text.PrismTextLayout::layout@414 (line 1147)
  0x000002c0bd8d3650: 8ca7 db06 | e96e c6ff 

  0x000002c0bd8d3658: ;   {runtime_call C1 Runtime throw_null_pointer_exception_blob}
  0x000002c0bd8d3658: ffe8 8241 

  0x000002c0bd8d365c: ; ImmutableOopMap {rax=Oop [176]=Oop [184]=Oop [192]=Oop [216]=Oop [240]=Oop [248]=Oop }
                      ;*invokevirtual isWhitespace {reexecute=0 rethrow=0 return_oop=0}
                      ; - java.lang.Character::isWhitespace@5 (line 11711)
                      ; - java.lang.Character::isWhitespace@1 (line 11680)
                      ; - com.sun.javafx.text.PrismTextLayout::layout@414 (line 1147)
                      ;   {metadata({method} {0x000002c0dac553f8} 'layout' '()V' in 'com/sun/javafx/text/PrismTextLayout')}
  0x000002c0bd8d365c: db06 49ba | f053 c5da | c002 0000 | 4c89 5424 | 0848 c704 | 24b7 0100 

  0x000002c0bd8d3674: ;   {runtime_call C1 Runtime counter_overflow_blob}
  0x000002c0bd8d3674: 00e8 66a7 

  0x000002c0bd8d3678: ; ImmutableOopMap {[176]=Oop [184]=Oop [192]=Oop [216]=Oop [240]=Oop [248]=Oop }
                      ;*goto {reexecute=1 rethrow=0 return_oop=0}
                      ; - (reexecute) com.sun.javafx.text.PrismTextLayout::layout@439 (line 1151)
  0x000002c0bd8d3678: db06 e9c6 

  0x000002c0bd8d367c: ;   {runtime_call C1 Runtime throw_null_pointer_exception_blob}
  0x000002c0bd8d367c: c7ff ffe8 

  0x000002c0bd8d3680: ; ImmutableOopMap {r11=Oop rdx=Oop [176]=Oop [184]=Oop [192]=Oop [216]=Oop [240]=Oop [248]=Oop }
                      ;*aaload {reexecute=0 rethrow=0 return_oop=0}
                      ; - com.sun.javafx.text.PrismTextLayout::layout@475 (line 1161)
  0x000002c0bd8d3680: 5c41 db06 

  0x000002c0bd8d3684: ;   {runtime_call C1 Runtime throw_null_pointer_exception_blob}
  0x000002c0bd8d3684: e857 41db 

  0x000002c0bd8d3688: ; ImmutableOopMap {r11=Oop rdx=Oop [176]=Oop [184]=Oop [192]=Oop [216]=Oop [240]=Oop [248]=Oop }
                      ;*aaload {reexecute=0 rethrow=0 return_oop=0}
                      ; - com.sun.javafx.text.PrismTextLayout::layout@475 (line 1161)
  0x000002c0bd8d3688: 0648 890c | 2448 8954 

  0x000002c0bd8d3690: ;   {runtime_call C1 Runtime throw_range_check_failed_blob}
  0x000002c0bd8d3690: 2408 e849 

  0x000002c0bd8d3694: ; ImmutableOopMap {r11=Oop rdx=Oop [176]=Oop [184]=Oop [192]=Oop [216]=Oop [240]=Oop [248]=Oop }
                      ;*aaload {reexecute=0 rethrow=0 return_oop=0}
                      ; - com.sun.javafx.text.PrismTextLayout::layout@475 (line 1161)
                      ;   {runtime_call C1 Runtime throw_null_pointer_exception_blob}
  0x000002c0bd8d3694: 38db 06e8 

  0x000002c0bd8d3698: ; ImmutableOopMap {r11=Oop rdx=Oop [176]=Oop [184]=Oop [192]=Oop [216]=Oop [240]=Oop [248]=Oop }
                      ;*invokevirtual getEnd {reexecute=0 rethrow=0 return_oop=0}
                      ; - com.sun.javafx.text.PrismTextLayout::layout@480 (line 1162)
  0x000002c0bd8d3698: 4441 db06 

  0x000002c0bd8d369c: ;   {metadata({method} {0x000002c0db039398} 'getEnd' '()I' in 'com/sun/javafx/text/TextRun')}
  0x000002c0bd8d369c: 49ba 9093 | 03db c002 | 0000 4c89 | 5424 0848 | c704 24ff 

  0x000002c0bd8d36b0: ;   {runtime_call C1 Runtime counter_overflow_blob}
  0x000002c0bd8d36b0: ffff ffe8 

  0x000002c0bd8d36b4: ; ImmutableOopMap {r11=Oop rdx=Oop [176]=Oop [184]=Oop [192]=Oop [216]=Oop [240]=Oop [248]=Oop }
                      ;*synchronization entry
                      ; - com.sun.javafx.text.TextRun::getEnd@-1 (line 86)
                      ; - com.sun.javafx.text.PrismTextLayout::layout@480 (line 1162)
  0x000002c0bd8d36b4: 28a7 db06 | e996 c8ff 

  0x000002c0bd8d36bc: ;   {metadata({method} {0x000002c0dac553f8} 'layout' '()V' in 'com/sun/javafx/text/PrismTextLayout')}
  0x000002c0bd8d36bc: ff49 baf0 | 53c5 dac0 | 0200 004c | 8954 2408 | 48c7 0424 | ee01 0000 

  0x000002c0bd8d36d4: ;   {runtime_call C1 Runtime counter_overflow_blob}
  0x000002c0bd8d36d4: e807 a7db 

  0x000002c0bd8d36d8: ; ImmutableOopMap {r11=Oop rdx=Oop [176]=Oop [184]=Oop [192]=Oop [216]=Oop [240]=Oop [248]=Oop }
                      ;*goto {reexecute=1 rethrow=0 return_oop=0}
                      ; - (reexecute) com.sun.javafx.text.PrismTextLayout::layout@494 (line 1163)
  0x000002c0bd8d36d8: 06e9 d0c8 

  0x000002c0bd8d36dc: ;   {runtime_call C1 Runtime throw_null_pointer_exception_blob}
  0x000002c0bd8d36dc: ffff e8fd 

  0x000002c0bd8d36e0: ; ImmutableOopMap {r11=Oop rdx=Oop [176]=Oop [184]=Oop [192]=Oop [216]=Oop [240]=Oop [248]=Oop }
                      ;*invokevirtual getStart {reexecute=0 rethrow=0 return_oop=0}
                      ; - com.sun.javafx.text.PrismTextLayout::layout@520 (line 1175)
                      ;   {runtime_call C1 Runtime throw_null_pointer_exception_blob}
  0x000002c0bd8d36e0: 40db 06e8 

  0x000002c0bd8d36e4: ; ImmutableOopMap {r11=Oop rdx=Oop r9=Oop [176]=Oop [184]=Oop [192]=Oop [216]=Oop [240]=Oop [248]=Oop }
                      ;*arraylength {reexecute=0 rethrow=0 return_oop=0}
                      ; - com.sun.javafx.text.PrismTextLayout::layout@577 (line 1192)
  0x000002c0bd8d36e4: f840 db06 

  0x000002c0bd8d36e8: ;   {runtime_call C1 Runtime new_object_array_blob}
  0x000002c0bd8d36e8: e873 55db 

  0x000002c0bd8d36ec: ; ImmutableOopMap {r9=Oop [176]=Oop [184]=Oop [192]=Oop [216]=Oop [240]=Oop [248]=Oop [304]=Oop }
                      ;*anewarray {reexecute=0 rethrow=0 return_oop=0}
                      ; - com.sun.javafx.text.PrismTextLayout::layout@589 (line 1193)
  0x000002c0bd8d36ec: 06e9 3ccb | ffff 0f1f 

  0x000002c0bd8d36f4: ;   {static_call}
  0x000002c0bd8d36f4: 4400 00e8 

  0x000002c0bd8d36f8: ; ImmutableOopMap {[176]=Oop [184]=Oop [192]=Oop [216]=Oop [240]=Oop [248]=Oop [296]=Oop [304]=Oop }
                      ;*invokestatic arraycopy {reexecute=0 rethrow=0 return_oop=0}
                      ; - com.sun.javafx.text.PrismTextLayout::layout@606 (line 1194)
  0x000002c0bd8d36f8: e4c4 cd06 | e9ce cbff 

  0x000002c0bd8d3700: ;   {runtime_call C1 Runtime throw_null_pointer_exception_blob}
  0x000002c0bd8d3700: ffe8 da40 

  0x000002c0bd8d3704: ; ImmutableOopMap {rdx=Oop r8=Oop [176]=Oop [184]=Oop [192]=Oop [216]=Oop [240]=Oop [248]=Oop [296]=Oop [304]=Oop }
                      ;*arraylength {reexecute=0 rethrow=0 return_oop=0}
                      ; - com.sun.javafx.text.PrismTextLayout::layout@627 (line 1195)
                      ;   {static_call}
  0x000002c0bd8d3704: db06 90e8 

  0x000002c0bd8d3708: ; ImmutableOopMap {[176]=Oop [184]=Oop [192]=Oop [216]=Oop [240]=Oop [248]=Oop [296]=Oop [304]=Oop }
                      ;*invokestatic arraycopy {reexecute=0 rethrow=0 return_oop=0}
                      ; - com.sun.javafx.text.PrismTextLayout::layout@633 (line 1195)
  0x000002c0bd8d3708: d4c4 cd06 | e981 ccff | ff44 8b42 | 4049 c1e0 | 0349 83f8 | 000f 8484 | ccff ff4c 

  0x000002c0bd8d3724: ;   {runtime_call g1_pre_barrier_slow}
  0x000002c0bd8d3724: 8904 24e8 | b4ad db06 | e976 ccff | ff48 83f8 | 000f 8493 | ccff ff48 

  0x000002c0bd8d373c: ;   {runtime_call g1_post_barrier_slow}
  0x000002c0bd8d373c: 8914 24e8 | 9cb0 db06 | e985 ccff | ff66 0f1f 

  0x000002c0bd8d374c: ;   {static_call}
  0x000002c0bd8d374c: 4400 00e8 

  0x000002c0bd8d3750: ; ImmutableOopMap {[176]=Oop [184]=Oop [192]=Oop [216]=Oop [240]=Oop [248]=Oop [304]=Oop }
                      ;*invokestatic arraycopy {reexecute=0 rethrow=0 return_oop=0}
                      ; - com.sun.javafx.text.PrismTextLayout::layout@670 (line 1198)
  0x000002c0bd8d3750: 8cc4 cd06 | e945 cdff 

  0x000002c0bd8d3758: ;   {runtime_call C1 Runtime throw_null_pointer_exception_blob}
  0x000002c0bd8d3758: ffe8 8240 

  0x000002c0bd8d375c: ; ImmutableOopMap {rax=Oop rdi=Oop [176]=Oop [184]=Oop [192]=Oop [216]=Oop [240]=Oop [248]=Oop [304]=Oop }
                      ;*aastore {reexecute=1 rethrow=0 return_oop=0}
                      ; - (reexecute) com.sun.javafx.text.PrismTextLayout::layout@688 (line 1200)
                      ;   {runtime_call C1 Runtime throw_null_pointer_exception_blob}
  0x000002c0bd8d375c: db06 e87d 

  0x000002c0bd8d3760: ; ImmutableOopMap {rax=Oop rdi=Oop [176]=Oop [184]=Oop [192]=Oop [216]=Oop [240]=Oop [248]=Oop [304]=Oop }
                      ;*aastore {reexecute=1 rethrow=0 return_oop=0}
                      ; - (reexecute) com.sun.javafx.text.PrismTextLayout::layout@688 (line 1200)
  0x000002c0bd8d3760: 40db 0648 | 890c 2448 | 897c 2408 

  0x000002c0bd8d376c: ;   {runtime_call C1 Runtime throw_range_check_failed_blob}
  0x000002c0bd8d376c: e86f 37db 

  0x000002c0bd8d3770: ; ImmutableOopMap {rax=Oop rdi=Oop [176]=Oop [184]=Oop [192]=Oop [216]=Oop [240]=Oop [248]=Oop [304]=Oop }
                      ;*aastore {reexecute=1 rethrow=0 return_oop=0}
                      ; - (reexecute) com.sun.javafx.text.PrismTextLayout::layout@688 (line 1200)
                      ;   {runtime_call C1 Runtime throw_null_pointer_exception_blob}
  0x000002c0bd8d3770: 06e8 6a40 

  0x000002c0bd8d3774: ; ImmutableOopMap {rax=Oop rdi=Oop [176]=Oop [184]=Oop [192]=Oop [216]=Oop [240]=Oop [248]=Oop [304]=Oop }
                      ;*aastore {reexecute=1 rethrow=0 return_oop=0}
                      ; - (reexecute) com.sun.javafx.text.PrismTextLayout::layout@688 (line 1200)
  0x000002c0bd8d3774: db06 4889 

  0x000002c0bd8d3778: ;   {runtime_call C1 Runtime throw_array_store_exception_blob}
  0x000002c0bd8d3778: 0424 e8e1 

  0x000002c0bd8d377c: ; ImmutableOopMap {rax=Oop rdi=Oop [176]=Oop [184]=Oop [192]=Oop [216]=Oop [240]=Oop [248]=Oop [304]=Oop }
                      ;*aastore {reexecute=1 rethrow=0 return_oop=0}
                      ; - (reexecute) com.sun.javafx.text.PrismTextLayout::layout@688 (line 1200)
  0x000002c0bd8d377c: 69db 0645 | 8b08 49c1 | e103 4983 | f900 0f84 | b0ce ffff | 4c89 0c24 

  0x000002c0bd8d3794: ;   {runtime_call g1_pre_barrier_slow}
  0x000002c0bd8d3794: e847 addb | 06e9 a2ce | ffff 4883 | f800 0f84 | b6ce ffff | 4c89 0424 

  0x000002c0bd8d37ac: ;   {runtime_call g1_post_barrier_slow}
  0x000002c0bd8d37ac: e82f b0db | 06e9 a8ce 

  0x000002c0bd8d37b4: ;   {metadata({method} {0x000002c0db039fd0} 'isComplex' '()Z' in 'com/sun/javafx/text/TextRun')}
  0x000002c0bd8d37b4: ffff 49ba | c89f 03db | c002 0000 | 4c89 5424 | 0848 c704 | 24ff ffff 

  0x000002c0bd8d37cc: ;   {runtime_call C1 Runtime counter_overflow_blob}
  0x000002c0bd8d37cc: ffe8 0ea6 

  0x000002c0bd8d37d0: ; ImmutableOopMap {[176]=Oop [184]=Oop [192]=Oop [216]=Oop [240]=Oop [248]=Oop [304]=Oop }
                      ;*synchronization entry
                      ; - com.sun.javafx.text.TextRun::isComplex@-1 (line 158)
                      ; - com.sun.javafx.text.PrismTextLayout::layout@691 (line 1201)
  0x000002c0bd8d37d0: db06 e9de 

  0x000002c0bd8d37d4: ;   {runtime_call C1 Runtime throw_null_pointer_exception_blob}
  0x000002c0bd8d37d4: ceff ffe8 

  0x000002c0bd8d37d8: ; ImmutableOopMap {rdx=Oop r9=Oop [176]=Oop [184]=Oop [192]=Oop [216]=Oop [240]=Oop [248]=Oop }
                      ;*aaload {reexecute=0 rethrow=0 return_oop=0}
                      ; - com.sun.javafx.text.PrismTextLayout::layout@734 (line 1209)
  0x000002c0bd8d37d8: 0440 db06 

  0x000002c0bd8d37dc: ;   {runtime_call C1 Runtime throw_null_pointer_exception_blob}
  0x000002c0bd8d37dc: e8ff 3fdb 

  0x000002c0bd8d37e0: ; ImmutableOopMap {rdx=Oop r9=Oop [176]=Oop [184]=Oop [192]=Oop [216]=Oop [240]=Oop [248]=Oop }
                      ;*aaload {reexecute=0 rethrow=0 return_oop=0}
                      ; - com.sun.javafx.text.PrismTextLayout::layout@734 (line 1209)
  0x000002c0bd8d37e0: 064c 8904 | 244c 894c 

  0x000002c0bd8d37e8: ;   {runtime_call C1 Runtime throw_range_check_failed_blob}
  0x000002c0bd8d37e8: 2408 e8f1 

  0x000002c0bd8d37ec: ; ImmutableOopMap {rdx=Oop r9=Oop [176]=Oop [184]=Oop [192]=Oop [216]=Oop [240]=Oop [248]=Oop }
                      ;*aaload {reexecute=0 rethrow=0 return_oop=0}
                      ; - com.sun.javafx.text.PrismTextLayout::layout@734 (line 1209)
                      ;   {runtime_call C1 Runtime throw_null_pointer_exception_blob}
  0x000002c0bd8d37ec: 36db 06e8 

  0x000002c0bd8d37f0: ; ImmutableOopMap {rdx=Oop r9=Oop r8=Oop [176]=Oop [184]=Oop [192]=Oop [216]=Oop [240]=Oop [248]=Oop }
                      ;*invokevirtual isLinebreak {reexecute=0 rethrow=0 return_oop=0}
                      ; - com.sun.javafx.text.PrismTextLayout::layout@735 (line 1209)
  0x000002c0bd8d37f0: ec3f db06 

  0x000002c0bd8d37f4: ;   {metadata({method} {0x000002c0db0398a0} 'isLinebreak' '()Z' in 'com/sun/javafx/text/TextRun')}
  0x000002c0bd8d37f4: 49ba 9898 | 03db c002 | 0000 4c89 | 5424 0848 | c704 24ff 

  0x000002c0bd8d3808: ;   {runtime_call C1 Runtime counter_overflow_blob}
  0x000002c0bd8d3808: ffff ffe8 

  0x000002c0bd8d380c: ; ImmutableOopMap {rdx=Oop r9=Oop r8=Oop [176]=Oop [184]=Oop [192]=Oop [216]=Oop [240]=Oop [248]=Oop }
                      ;*synchronization entry
                      ; - com.sun.javafx.text.TextRun::isLinebreak@-1 (line 118)
                      ; - com.sun.javafx.text.PrismTextLayout::layout@735 (line 1209)
  0x000002c0bd8d380c: d0a5 db06 | e968 d0ff | ff48 890c | 244c 894c 

  0x000002c0bd8d381c: ;   {runtime_call C1 Runtime throw_range_check_failed_blob}
  0x000002c0bd8d381c: 2408 e8bd 

  0x000002c0bd8d3820: ; ImmutableOopMap {rdx=Oop r9=Oop [176]=Oop [184]=Oop [192]=Oop [216]=Oop [240]=Oop }
                      ;*aaload {reexecute=0 rethrow=0 return_oop=0}
                      ; - com.sun.javafx.text.PrismTextLayout::layout@747 (line 1210)
                      ;   {runtime_call C1 Runtime throw_null_pointer_exception_blob}
  0x000002c0bd8d3820: 36db 06e8 

  0x000002c0bd8d3824: ; ImmutableOopMap {rdx=Oop r8=Oop [176]=Oop [184]=Oop [192]=Oop [216]=Oop [240]=Oop }
                      ;*invokevirtual setSoftbreak {reexecute=0 rethrow=0 return_oop=0}
                      ; - com.sun.javafx.text.PrismTextLayout::layout@752 (line 1211)
  0x000002c0bd8d3824: b83f db06 

  0x000002c0bd8d3828: ;   {metadata({method} {0x000002c0db03abc8} 'setSoftbreak' '()V' in 'com/sun/javafx/text/TextRun')}
  0x000002c0bd8d3828: 49ba c0ab | 03db c002 | 0000 4c89 | 5424 0848 | c704 24ff 

  0x000002c0bd8d383c: ;   {runtime_call C1 Runtime counter_overflow_blob}
  0x000002c0bd8d383c: ffff ffe8 

  0x000002c0bd8d3840: ; ImmutableOopMap {rdx=Oop r8=Oop [176]=Oop [184]=Oop [192]=Oop [216]=Oop [240]=Oop }
                      ;*synchronization entry
                      ; - com.sun.javafx.text.TextRun::setSoftbreak@-1 (line 247)
                      ; - com.sun.javafx.text.PrismTextLayout::layout@752 (line 1211)
  0x000002c0bd8d3840: 9ca5 db06 | e939 d1ff 

  0x000002c0bd8d3848: ;   {runtime_call C1 Runtime throw_null_pointer_exception_blob}
  0x000002c0bd8d3848: ffe8 923f 

  0x000002c0bd8d384c: ; ImmutableOopMap {rdx=Oop rdi=Oop [176]=Oop [184]=Oop [192]=Oop [216]=Oop [240]=Oop }
                      ;*invokevirtual isBreak {reexecute=0 rethrow=0 return_oop=0}
                      ; - com.sun.javafx.text.PrismTextLayout::layout@776 (line 1231)
                      ;   {metadata({method} {0x000002c0db039ac8} 'isBreak' '()Z' in 'com/sun/javafx/text/TextRun')}
  0x000002c0bd8d384c: db06 49ba | c09a 03db | c002 0000 | 4c89 5424 | 0848 c704 | 24ff ffff 

  0x000002c0bd8d3864: ;   {runtime_call C1 Runtime counter_overflow_blob}
  0x000002c0bd8d3864: ffe8 76a5 

  0x000002c0bd8d3868: ; ImmutableOopMap {rdx=Oop rdi=Oop [176]=Oop [184]=Oop [192]=Oop [216]=Oop [240]=Oop }
                      ;*synchronization entry
                      ; - com.sun.javafx.text.TextRun::isBreak@-1 (line 130)
                      ; - com.sun.javafx.text.PrismTextLayout::layout@776 (line 1231)
  0x000002c0bd8d3868: db06 e98a 

  0x000002c0bd8d386c: ;   {metadata({method} {0x0000000092221148} 'add' '(Ljava/lang/Object;)Z' in 'java/util/ArrayList')}
  0x000002c0bd8d386c: d1ff ff49 | ba40 1122 | 9200 0000 | 004c 8954 | 2408 48c7 | 0424 ffff 

  0x000002c0bd8d3884: ;   {runtime_call C1 Runtime counter_overflow_blob}
  0x000002c0bd8d3884: ffff e855 

  0x000002c0bd8d3888: ; ImmutableOopMap {rax=Oop [176]=Oop [184]=Oop [192]=Oop [216]=Oop [240]=Oop }
                      ;*synchronization entry
                      ; - java.util.ArrayList::add@-1 (line 496)
                      ; - com.sun.javafx.text.PrismTextLayout::layout@798 (line 1233)
  0x000002c0bd8d3888: a5db 06e9 | 12d3 ffff 

  0x000002c0bd8d3890: ;   {metadata({method} {0x0000000092222068} 'add' '(Ljava/lang/Object;[Ljava/lang/Object;I)V' in 'java/util/ArrayList')}
  0x000002c0bd8d3890: 49ba 6020 | 2292 0000 | 0000 4c89 | 5424 0848 | c704 24ff 

  0x000002c0bd8d38a4: ;   {runtime_call C1 Runtime counter_overflow_blob}
  0x000002c0bd8d38a4: ffff ffe8 

  0x000002c0bd8d38a8: ; ImmutableOopMap {rax=Oop rsi=Oop r8=Oop [176]=Oop [184]=Oop [192]=Oop [216]=Oop [240]=Oop }
                      ;*synchronization entry
                      ; - java.util.ArrayList::add@-1 (line 483)
                      ; - java.util.ArrayList::add@20 (line 497)
                      ; - com.sun.javafx.text.PrismTextLayout::layout@798 (line 1233)
  0x000002c0bd8d38a8: 34a5 db06 | e94b d3ff 

  0x000002c0bd8d38b0: ;   {runtime_call C1 Runtime throw_null_pointer_exception_blob}
  0x000002c0bd8d38b0: ffe8 2a3f 

  0x000002c0bd8d38b4: ; ImmutableOopMap {rax=Oop rsi=Oop r8=Oop [176]=Oop [184]=Oop [192]=Oop [216]=Oop [240]=Oop }
                      ;*arraylength {reexecute=0 rethrow=0 return_oop=0}
                      ; - java.util.ArrayList::add@2 (line 483)
                      ; - java.util.ArrayList::add@20 (line 497)
                      ; - com.sun.javafx.text.PrismTextLayout::layout@798 (line 1233)
                      ;   {metadata({method} {0x00000000922221c8} 'grow' '()[Ljava/lang/Object;' in 'java/util/ArrayList')}
  0x000002c0bd8d38b4: db06 49ba | c021 2292 | 0000 0000 | 4c89 5424 | 0848 c704 | 24ff ffff 

  0x000002c0bd8d38cc: ;   {runtime_call C1 Runtime counter_overflow_blob}
  0x000002c0bd8d38cc: ffe8 0ea5 

  0x000002c0bd8d38d0: ; ImmutableOopMap {rsi=Oop [176]=Oop [184]=Oop [192]=Oop [216]=Oop [240]=Oop [336]=Oop }
                      ;*synchronization entry
                      ; - java.util.ArrayList::grow@-1 (line 245)
                      ; - java.util.ArrayList::add@7 (line 484)
                      ; - java.util.ArrayList::add@20 (line 497)
                      ; - com.sun.javafx.text.PrismTextLayout::layout@798 (line 1233)
  0x000002c0bd8d38d0: db06 e999 

  0x000002c0bd8d38d4: ;   {runtime_call C1 Runtime throw_null_pointer_exception_blob}
  0x000002c0bd8d38d4: d3ff ffe8 

  0x000002c0bd8d38d8: ; ImmutableOopMap {r8=Oop rsi=Oop rax=Oop [176]=Oop [184]=Oop [192]=Oop [216]=Oop [240]=Oop }
                      ;*aastore {reexecute=1 rethrow=0 return_oop=0}
                      ; - (reexecute) java.util.ArrayList::add@14 (line 485)
                      ; - java.util.ArrayList::add@20 (line 497)
                      ; - com.sun.javafx.text.PrismTextLayout::layout@798 (line 1233)
  0x000002c0bd8d38d8: 043f db06 

  0x000002c0bd8d38dc: ;   {runtime_call C1 Runtime throw_null_pointer_exception_blob}
  0x000002c0bd8d38dc: e8ff 3edb 

  0x000002c0bd8d38e0: ; ImmutableOopMap {r8=Oop rsi=Oop rax=Oop [176]=Oop [184]=Oop [192]=Oop [216]=Oop [240]=Oop }
                      ;*aastore {reexecute=1 rethrow=0 return_oop=0}
                      ; - (reexecute) java.util.ArrayList::add@14 (line 485)
                      ; - java.util.ArrayList::add@20 (line 497)
                      ; - com.sun.javafx.text.PrismTextLayout::layout@798 (line 1233)
  0x000002c0bd8d38e0: 0648 893c | 244c 8944 

  0x000002c0bd8d38e8: ;   {runtime_call C1 Runtime throw_range_check_failed_blob}
  0x000002c0bd8d38e8: 2408 e8f1 

  0x000002c0bd8d38ec: ; ImmutableOopMap {r8=Oop rsi=Oop rax=Oop [176]=Oop [184]=Oop [192]=Oop [216]=Oop [240]=Oop }
                      ;*aastore {reexecute=1 rethrow=0 return_oop=0}
                      ; - (reexecute) java.util.ArrayList::add@14 (line 485)
                      ; - java.util.ArrayList::add@20 (line 497)
                      ; - com.sun.javafx.text.PrismTextLayout::layout@798 (line 1233)
                      ;   {runtime_call C1 Runtime throw_null_pointer_exception_blob}
  0x000002c0bd8d38ec: 35db 06e8 

  0x000002c0bd8d38f0: ; ImmutableOopMap {r8=Oop rsi=Oop rax=Oop [176]=Oop [184]=Oop [192]=Oop [216]=Oop [240]=Oop }
                      ;*aastore {reexecute=1 rethrow=0 return_oop=0}
                      ; - (reexecute) java.util.ArrayList::add@14 (line 485)
                      ; - java.util.ArrayList::add@20 (line 497)
                      ; - com.sun.javafx.text.PrismTextLayout::layout@798 (line 1233)
  0x000002c0bd8d38f0: ec3e db06 | 4889 0424 

  0x000002c0bd8d38f8: ;   {runtime_call C1 Runtime throw_array_store_exception_blob}
  0x000002c0bd8d38f8: e863 68db 

  0x000002c0bd8d38fc: ; ImmutableOopMap {r8=Oop rsi=Oop rax=Oop [176]=Oop [184]=Oop [192]=Oop [216]=Oop [240]=Oop }
                      ;*aastore {reexecute=1 rethrow=0 return_oop=0}
                      ; - (reexecute) java.util.ArrayList::add@14 (line 485)
                      ; - java.util.ArrayList::add@20 (line 497)
                      ; - com.sun.javafx.text.PrismTextLayout::layout@798 (line 1233)
  0x000002c0bd8d38fc: 0645 8b08 | 49c1 e103 | 4983 f900 | 0f84 c2d4 | ffff 4c89 

  0x000002c0bd8d3910: ;   {runtime_call g1_pre_barrier_slow}
  0x000002c0bd8d3910: 0c24 e8c9 | abdb 06e9 | b4d4 ffff | 4883 f800 | 0f84 c8d4 | ffff 4c89 

  0x000002c0bd8d3928: ;   {runtime_call g1_post_barrier_slow}
  0x000002c0bd8d3928: 0424 e8b1 | aedb 06e9 | bad4 ffff 

  0x000002c0bd8d3934: ;   {runtime_call C1 Runtime throw_null_pointer_exception_blob}
  0x000002c0bd8d3934: e8a7 3edb 

  0x000002c0bd8d3938: ; ImmutableOopMap {rsi=Oop rax=Oop [176]=Oop [184]=Oop [192]=Oop [216]=Oop [240]=Oop }
                      ;*invokevirtual getLength {reexecute=0 rethrow=0 return_oop=0}
                      ; - com.sun.javafx.text.PrismTextLayout::layout@812 (line 1235)
                      ;   {metadata({method} {0x000002c0dac553f8} 'layout' '()V' in 'com/sun/javafx/text/PrismTextLayout')}
  0x000002c0bd8d3938: 0649 baf0 | 53c5 dac0 | 0200 004c | 8954 2408 | 48c7 0424 | 3803 0000 

  0x000002c0bd8d3950: ;   {runtime_call C1 Runtime counter_overflow_blob}
  0x000002c0bd8d3950: e88b a4db 

  0x000002c0bd8d3954: ; ImmutableOopMap {rsi=Oop [176]=Oop [184]=Oop [192]=Oop [216]=Oop [240]=Oop }
                      ;*goto {reexecute=1 rethrow=0 return_oop=0}
                      ; - (reexecute) com.sun.javafx.text.PrismTextLayout::layout@824 (line 1111)
  0x000002c0bd8d3954: 06e9 1bd5 

  0x000002c0bd8d3958: ;   {runtime_call C1 Runtime throw_null_pointer_exception_blob}
  0x000002c0bd8d3958: ffff e881 

  0x000002c0bd8d395c: ; ImmutableOopMap {rsi=Oop r8=Oop [176]=Oop [184]=Oop [240]=Oop }
                      ;*invokevirtual dispose {reexecute=0 rethrow=0 return_oop=0}
                      ; - com.sun.javafx.text.PrismTextLayout::layout@832 (line 1239)
                      ;   {metadata({method} {0x000002c0da82b920} 'dispose' '()V' in 'com/sun/javafx/text/GlyphLayout')}
  0x000002c0bd8d395c: 3edb 0649 | ba18 b982 | dac0 0200 | 004c 8954 | 2408 48c7 | 0424 ffff 

  0x000002c0bd8d3974: ;   {runtime_call C1 Runtime counter_overflow_blob}
  0x000002c0bd8d3974: ffff e865 

  0x000002c0bd8d3978: ; ImmutableOopMap {rsi=Oop r8=Oop [176]=Oop [184]=Oop [240]=Oop }
                      ;*synchronization entry
                      ; - com.sun.javafx.text.GlyphLayout::dispose@-1 (line 433)
                      ; - com.sun.javafx.text.PrismTextLayout::layout@832 (line 1239)
  0x000002c0bd8d3978: a4db 06e9 | 44d6 ffff 

  0x000002c0bd8d3980: ;   {metadata({method} {0x0000000092221148} 'add' '(Ljava/lang/Object;)Z' in 'java/util/ArrayList')}
  0x000002c0bd8d3980: 49ba 4011 | 2292 0000 | 0000 4c89 | 5424 0848 | c704 24ff 

  0x000002c0bd8d3994: ;   {runtime_call C1 Runtime counter_overflow_blob}
  0x000002c0bd8d3994: ffff ffe8 

  0x000002c0bd8d3998: ; ImmutableOopMap {rax=Oop [176]=Oop [184]=Oop [240]=Oop }
                      ;*synchronization entry
                      ; - java.util.ArrayList::add@-1 (line 496)
                      ; - com.sun.javafx.text.PrismTextLayout::layout@851 (line 1241)
  0x000002c0bd8d3998: 44a4 db06 | e979 d7ff 

  0x000002c0bd8d39a0: ;   {metadata({method} {0x0000000092222068} 'add' '(Ljava/lang/Object;[Ljava/lang/Object;I)V' in 'java/util/ArrayList')}
  0x000002c0bd8d39a0: ff49 ba60 | 2022 9200 | 0000 004c | 8954 2408 | 48c7 0424 | ffff ffff 

  0x000002c0bd8d39b8: ;   {runtime_call C1 Runtime counter_overflow_blob}
  0x000002c0bd8d39b8: e823 a4db 

  0x000002c0bd8d39bc: ; ImmutableOopMap {rax=Oop rsi=Oop r8=Oop [176]=Oop [184]=Oop [240]=Oop }
                      ;*synchronization entry
                      ; - java.util.ArrayList::add@-1 (line 483)
                      ; - java.util.ArrayList::add@20 (line 497)
                      ; - com.sun.javafx.text.PrismTextLayout::layout@851 (line 1241)
  0x000002c0bd8d39bc: 06e9 b2d7 

  0x000002c0bd8d39c0: ;   {runtime_call C1 Runtime throw_null_pointer_exception_blob}
  0x000002c0bd8d39c0: ffff e819 

  0x000002c0bd8d39c4: ; ImmutableOopMap {rax=Oop rsi=Oop r8=Oop [176]=Oop [184]=Oop [240]=Oop }
                      ;*arraylength {reexecute=0 rethrow=0 return_oop=0}
                      ; - java.util.ArrayList::add@2 (line 483)
                      ; - java.util.ArrayList::add@20 (line 497)
                      ; - com.sun.javafx.text.PrismTextLayout::layout@851 (line 1241)
                      ;   {metadata({method} {0x00000000922221c8} 'grow' '()[Ljava/lang/Object;' in 'java/util/ArrayList')}
  0x000002c0bd8d39c4: 3edb 0649 | bac0 2122 | 9200 0000 | 004c 8954 | 2408 48c7 | 0424 ffff 

  0x000002c0bd8d39dc: ;   {runtime_call C1 Runtime counter_overflow_blob}
  0x000002c0bd8d39dc: ffff e8fd 

  0x000002c0bd8d39e0: ; ImmutableOopMap {rsi=Oop [176]=Oop [184]=Oop [240]=Oop [352]=Oop }
                      ;*synchronization entry
                      ; - java.util.ArrayList::grow@-1 (line 245)
                      ; - java.util.ArrayList::add@7 (line 484)
                      ; - java.util.ArrayList::add@20 (line 497)
                      ; - com.sun.javafx.text.PrismTextLayout::layout@851 (line 1241)
  0x000002c0bd8d39e0: a3db 06e9 | 08d8 ffff 

  0x000002c0bd8d39e8: ;   {runtime_call C1 Runtime throw_null_pointer_exception_blob}
  0x000002c0bd8d39e8: e8f3 3ddb 

  0x000002c0bd8d39ec: ; ImmutableOopMap {r8=Oop r9=Oop rax=Oop [176]=Oop [184]=Oop [240]=Oop }
                      ;*aastore {reexecute=1 rethrow=0 return_oop=0}
                      ; - (reexecute) java.util.ArrayList::add@14 (line 485)
                      ; - java.util.ArrayList::add@20 (line 497)
                      ; - com.sun.javafx.text.PrismTextLayout::layout@851 (line 1241)
                      ;   {runtime_call C1 Runtime throw_null_pointer_exception_blob}
  0x000002c0bd8d39ec: 06e8 ee3d 

  0x000002c0bd8d39f0: ; ImmutableOopMap {r8=Oop r9=Oop rax=Oop [176]=Oop [184]=Oop [240]=Oop }
                      ;*aastore {reexecute=1 rethrow=0 return_oop=0}
                      ; - (reexecute) java.util.ArrayList::add@14 (line 485)
                      ; - java.util.ArrayList::add@20 (line 497)
                      ; - com.sun.javafx.text.PrismTextLayout::layout@851 (line 1241)
  0x000002c0bd8d39f0: db06 4889 | 3c24 4c89 

  0x000002c0bd8d39f8: ;   {runtime_call C1 Runtime throw_range_check_failed_blob}
  0x000002c0bd8d39f8: 4424 08e8 

  0x000002c0bd8d39fc: ; ImmutableOopMap {r8=Oop r9=Oop rax=Oop [176]=Oop [184]=Oop [240]=Oop }
                      ;*aastore {reexecute=1 rethrow=0 return_oop=0}
                      ; - (reexecute) java.util.ArrayList::add@14 (line 485)
                      ; - java.util.ArrayList::add@20 (line 497)
                      ; - com.sun.javafx.text.PrismTextLayout::layout@851 (line 1241)
  0x000002c0bd8d39fc: e034 db06 

  0x000002c0bd8d3a00: ;   {runtime_call C1 Runtime throw_null_pointer_exception_blob}
  0x000002c0bd8d3a00: e8db 3ddb 

  0x000002c0bd8d3a04: ; ImmutableOopMap {r8=Oop r9=Oop rax=Oop [176]=Oop [184]=Oop [240]=Oop }
                      ;*aastore {reexecute=1 rethrow=0 return_oop=0}
                      ; - (reexecute) java.util.ArrayList::add@14 (line 485)
                      ; - java.util.ArrayList::add@20 (line 497)
                      ; - com.sun.javafx.text.PrismTextLayout::layout@851 (line 1241)
  0x000002c0bd8d3a04: 0648 8904 

  0x000002c0bd8d3a08: ;   {runtime_call C1 Runtime throw_array_store_exception_blob}
  0x000002c0bd8d3a08: 24e8 5267 

  0x000002c0bd8d3a0c: ; ImmutableOopMap {r8=Oop r9=Oop rax=Oop [176]=Oop [184]=Oop [240]=Oop }
                      ;*aastore {reexecute=1 rethrow=0 return_oop=0}
                      ; - (reexecute) java.util.ArrayList::add@14 (line 485)
                      ; - java.util.ArrayList::add@20 (line 497)
                      ; - com.sun.javafx.text.PrismTextLayout::layout@851 (line 1241)
  0x000002c0bd8d3a0c: db06 8b13 | 48c1 e203 | 4883 fa00 | 0f84 2cd9 | ffff 4889 

  0x000002c0bd8d3a20: ;   {runtime_call g1_pre_barrier_slow}
  0x000002c0bd8d3a20: 1424 e8b9 | aadb 06e9 | 1ed9 ffff | 4883 f800 | 0f84 32d9 | ffff 4889 

  0x000002c0bd8d3a38: ;   {runtime_call g1_post_barrier_slow}
  0x000002c0bd8d3a38: 1c24 e8a1 | addb 06e9 | 24d9 ffff 

  0x000002c0bd8d3a44: ;   {runtime_call C1 Runtime new_object_array_blob}
  0x000002c0bd8d3a44: e817 52db 

  0x000002c0bd8d3a48: ; ImmutableOopMap {r9=Oop r11=Oop [176]=Oop [184]=Oop [240]=Oop }
                      ;*anewarray {reexecute=0 rethrow=0 return_oop=0}
                      ; - com.sun.javafx.text.PrismTextLayout::layout@861 (line 1242)
  0x000002c0bd8d3a48: 06e9 41da | ffff 458b | 433c 49c1 | e003 4983 | f800 0f84 | 3dda ffff | 4c89 0424 

  0x000002c0bd8d3a64: ;   {runtime_call g1_pre_barrier_slow}
  0x000002c0bd8d3a64: e877 aadb | 06e9 2fda | ffff 4883 | f800 0f84 | 44da ffff | 4c89 1c24 

  0x000002c0bd8d3a7c: ;   {runtime_call g1_post_barrier_slow}
  0x000002c0bd8d3a7c: e85f addb | 06e9 36da 

  0x000002c0bd8d3a84: ;   {runtime_call C1 Runtime throw_null_pointer_exception_blob}
  0x000002c0bd8d3a84: ffff e855 

  0x000002c0bd8d3a88: ; ImmutableOopMap {rdx=Oop rax=Oop rbx=Oop [176]=Oop [184]=Oop }
                      ;*arraylength {reexecute=0 rethrow=0 return_oop=0}
                      ; - com.sun.javafx.text.PrismTextLayout::layout@950 (line 1256)
                      ;   {runtime_call C1 Runtime throw_null_pointer_exception_blob}
  0x000002c0bd8d3a88: 3ddb 06e8 

  0x000002c0bd8d3a8c: ; ImmutableOopMap {rdx=Oop rax=Oop rbx=Oop [176]=Oop [184]=Oop [376]=Oop }
                      ;*invokevirtual getStart {reexecute=0 rethrow=0 return_oop=0}
                      ; - com.sun.javafx.text.PrismTextLayout::layout@965 (line 1258)
  0x000002c0bd8d3a8c: 503d db06 

  0x000002c0bd8d3a90: ;   {runtime_call C1 Runtime throw_null_pointer_exception_blob}
  0x000002c0bd8d3a90: e84b 3ddb 

  0x000002c0bd8d3a94: ; ImmutableOopMap {rdx=Oop rax=Oop rbx=Oop rcx=Oop [176]=Oop [184]=Oop [376]=Oop [384]=Oop }
                      ;*invokevirtual getWidth {reexecute=0 rethrow=0 return_oop=0}
                      ; - com.sun.javafx.text.PrismTextLayout::layout@981 (line 1262)
                      ;   {metadata({method} {0x000002c0da6d2aa0} 'getWidth' '()F' in 'com/sun/javafx/geom/RectBounds')}
  0x000002c0bd8d3a94: 0649 ba98 | 2a6d dac0 | 0200 004c | 8954 2408 | 48c7 0424 | ffff ffff 

  0x000002c0bd8d3aac: ;   {runtime_call C1 Runtime counter_overflow_blob}
  0x000002c0bd8d3aac: e82f a3db 

  0x000002c0bd8d3ab0: ; ImmutableOopMap {rdx=Oop rax=Oop rbx=Oop rcx=Oop [176]=Oop [184]=Oop [376]=Oop [384]=Oop }
                      ;*synchronization entry
                      ; - com.sun.javafx.geom.RectBounds::getWidth@-1 (line 90)
                      ; - com.sun.javafx.text.PrismTextLayout::layout@981 (line 1262)
  0x000002c0bd8d3ab0: 06e9 9bdd 

  0x000002c0bd8d3ab4: ;   {metadata({method} {0x000002c0db045288} 'setAlignment' '(F)V' in 'com/sun/javafx/text/TextLine')}
  0x000002c0bd8d3ab4: ffff 49ba | 8052 04db | c002 0000 | 4c89 5424 | 0848 c704 | 24ff ffff 

  0x000002c0bd8d3acc: ;   {runtime_call C1 Runtime counter_overflow_blob}
  0x000002c0bd8d3acc: ffe8 0ea3 

  0x000002c0bd8d3ad0: ; ImmutableOopMap {rdx=Oop rax=Oop rbx=Oop rcx=Oop [176]=Oop [184]=Oop [376]=Oop [384]=Oop }
                      ;*synchronization entry
                      ; - com.sun.javafx.text.TextLine::setAlignment@-1 (line 86)
                      ; - com.sun.javafx.text.PrismTextLayout::layout@994 (line 1263)
  0x000002c0bd8d3ad0: db06 e9d9 

  0x000002c0bd8d3ad4: ;   {runtime_call C1 Runtime throw_null_pointer_exception_blob}
  0x000002c0bd8d3ad4: ddff ffe8 

  0x000002c0bd8d3ad8: ; ImmutableOopMap {rdx=Oop rax=Oop rbx=Oop rcx=Oop r9=Oop [176]=Oop [184]=Oop [360]=Oop [376]=Oop [384]=Oop }
                      ;*arraylength {reexecute=0 rethrow=0 return_oop=0}
                      ; - com.sun.javafx.text.PrismTextLayout::layout@1034 (line 1269)
  0x000002c0bd8d3ad8: 043d db06 | 4889 3424 | 4c89 4c24 

  0x000002c0bd8d3ae4: ;   {runtime_call C1 Runtime throw_range_check_failed_blob}
  0x000002c0bd8d3ae4: 08e8 f633 

  0x000002c0bd8d3ae8: ; ImmutableOopMap {rdx=Oop rax=Oop rbx=Oop rcx=Oop r9=Oop [176]=Oop [184]=Oop [360]=Oop [376]=Oop [384]=Oop }
                      ;*aaload {reexecute=0 rethrow=0 return_oop=0}
                      ; - com.sun.javafx.text.PrismTextLayout::layout@1048 (line 1270)
                      ;   {runtime_call C1 Runtime throw_null_pointer_exception_blob}
  0x000002c0bd8d3ae8: db06 e8f1 

  0x000002c0bd8d3aec: ; ImmutableOopMap {rdx=Oop rax=Oop rbx=Oop rcx=Oop r9=Oop rsi=Oop [176]=Oop [184]=Oop [360]=Oop [376]=Oop [384]=Oop }
                      ;*invokevirtual isSoftbreak {reexecute=0 rethrow=0 return_oop=0}
                      ; - com.sun.javafx.text.PrismTextLayout::layout@1049 (line 1270)
                      ;   {metadata({method} {0x000002c0db039a10} 'isSoftbreak' '()Z' in 'com/sun/javafx/text/TextRun')}
  0x000002c0bd8d3aec: 3cdb 0649 | ba08 9a03 | dbc0 0200 | 004c 8954 | 2408 48c7 | 0424 ffff 

  0x000002c0bd8d3b04: ;   {runtime_call C1 Runtime counter_overflow_blob}
  0x000002c0bd8d3b04: ffff e8d5 

  0x000002c0bd8d3b08: ; ImmutableOopMap {rdx=Oop rax=Oop rbx=Oop rcx=Oop rsi=Oop [176]=Oop [184]=Oop [360]=Oop [376]=Oop [384]=Oop }
                      ;*synchronization entry
                      ; - com.sun.javafx.text.TextRun::isSoftbreak@-1 (line 126)
                      ; - com.sun.javafx.text.PrismTextLayout::layout@1049 (line 1270)
  0x000002c0bd8d3b08: a2db 06e9 | 40e1 ffff 

  0x000002c0bd8d3b10: ;   {runtime_call C1 Runtime throw_null_pointer_exception_blob}
  0x000002c0bd8d3b10: e8cb 3cdb 

  0x000002c0bd8d3b14: ; ImmutableOopMap {rdx=Oop rax=Oop rbx=Oop rcx=Oop [176]=Oop [184]=Oop [360]=Oop [376]=Oop [384]=Oop }
                      ;*caload {reexecute=0 rethrow=0 return_oop=0}
                      ; - com.sun.javafx.text.PrismTextLayout::layout@1092 (line 1276)
                      ;   {runtime_call C1 Runtime throw_null_pointer_exception_blob}
  0x000002c0bd8d3b14: 06e8 c63c 

  0x000002c0bd8d3b18: ; ImmutableOopMap {rdx=Oop rax=Oop rbx=Oop rcx=Oop [176]=Oop [184]=Oop [360]=Oop [376]=Oop [384]=Oop }
                      ;*caload {reexecute=0 rethrow=0 return_oop=0}
                      ; - com.sun.javafx.text.PrismTextLayout::layout@1092 (line 1276)
  0x000002c0bd8d3b18: db06 4889 | 3424 4889 

  0x000002c0bd8d3b20: ;   {runtime_call C1 Runtime throw_range_check_failed_blob}
  0x000002c0bd8d3b20: 4424 08e8 

  0x000002c0bd8d3b24: ; ImmutableOopMap {rdx=Oop rax=Oop rbx=Oop rcx=Oop [176]=Oop [184]=Oop [360]=Oop [376]=Oop [384]=Oop }
                      ;*caload {reexecute=0 rethrow=0 return_oop=0}
                      ; - com.sun.javafx.text.PrismTextLayout::layout@1092 (line 1276)
  0x000002c0bd8d3b24: b833 db06 

  0x000002c0bd8d3b28: ;   {runtime_call C1 Runtime throw_null_pointer_exception_blob}
  0x000002c0bd8d3b28: e8b3 3cdb 

  0x000002c0bd8d3b2c: ; ImmutableOopMap {rdx=Oop rax=Oop rbx=Oop rcx=Oop [176]=Oop [184]=Oop [360]=Oop [376]=Oop [384]=Oop }
                      ;*caload {reexecute=0 rethrow=0 return_oop=0}
                      ; - com.sun.javafx.text.PrismTextLayout::layout@1109 (line 1277)
                      ;   {runtime_call C1 Runtime throw_null_pointer_exception_blob}
  0x000002c0bd8d3b2c: 06e8 ae3c 

  0x000002c0bd8d3b30: ; ImmutableOopMap {rdx=Oop rax=Oop rbx=Oop rcx=Oop [176]=Oop [184]=Oop [360]=Oop [376]=Oop [384]=Oop }
                      ;*caload {reexecute=0 rethrow=0 return_oop=0}
                      ; - com.sun.javafx.text.PrismTextLayout::layout@1109 (line 1277)
  0x000002c0bd8d3b30: db06 4889 | 3424 4889 

  0x000002c0bd8d3b38: ;   {runtime_call C1 Runtime throw_range_check_failed_blob}
  0x000002c0bd8d3b38: 4424 08e8 

  0x000002c0bd8d3b3c: ; ImmutableOopMap {rdx=Oop rax=Oop rbx=Oop rcx=Oop [176]=Oop [184]=Oop [360]=Oop [376]=Oop [384]=Oop }
                      ;*caload {reexecute=0 rethrow=0 return_oop=0}
                      ; - com.sun.javafx.text.PrismTextLayout::layout@1109 (line 1277)
  0x000002c0bd8d3b3c: a033 db06 

  0x000002c0bd8d3b40: ;   {metadata({method} {0x000002c0dac553f8} 'layout' '()V' in 'com/sun/javafx/text/PrismTextLayout')}
  0x000002c0bd8d3b40: 49ba f053 | c5da c002 | 0000 4c89 | 5424 0848 | c704 2461 

  0x000002c0bd8d3b54: ;   {runtime_call C1 Runtime counter_overflow_blob}
  0x000002c0bd8d3b54: 0400 00e8 

  0x000002c0bd8d3b58: ; ImmutableOopMap {rdx=Oop rax=Oop rbx=Oop rcx=Oop [176]=Oop [184]=Oop [360]=Oop [376]=Oop [384]=Oop }
                      ;*goto {reexecute=1 rethrow=0 return_oop=0}
                      ; - (reexecute) com.sun.javafx.text.PrismTextLayout::layout@1121 (line 1275)
  0x000002c0bd8d3b58: 84a2 db06 | e9f1 e2ff 

  0x000002c0bd8d3b60: ;   {metadata({method} {0x000002c0da6d2aa0} 'getWidth' '()F' in 'com/sun/javafx/geom/RectBounds')}
  0x000002c0bd8d3b60: ff49 ba98 | 2a6d dac0 | 0200 004c | 8954 2408 | 48c7 0424 | ffff ffff 

  0x000002c0bd8d3b78: ;   {runtime_call C1 Runtime counter_overflow_blob}
  0x000002c0bd8d3b78: e863 a2db 

  0x000002c0bd8d3b7c: ; ImmutableOopMap {rdx=Oop rax=Oop rbx=Oop rcx=Oop [176]=Oop [184]=Oop [360]=Oop [376]=Oop [384]=Oop }
                      ;*synchronization entry
                      ; - com.sun.javafx.geom.RectBounds::getWidth@-1 (line 90)
                      ; - com.sun.javafx.text.PrismTextLayout::layout@1133 (line 1280)
  0x000002c0bd8d3b7c: 06e9 dee3 

  0x000002c0bd8d3b80: ;   {runtime_call C1 Runtime throw_null_pointer_exception_blob}
  0x000002c0bd8d3b80: ffff e859 

  0x000002c0bd8d3b84: ; ImmutableOopMap {r9=Oop rdi=Oop [176]=Oop [184]=Oop [360]=Oop [376]=Oop [384]=Oop [400]=Oop }
                      ;*invokevirtual getStart {reexecute=0 rethrow=0 return_oop=0}
                      ; - com.sun.javafx.text.PrismTextLayout::layout@1162 (line 1284)
                      ;   {metadata({method} {0x000002c0db039398} 'getEnd' '()I' in 'com/sun/javafx/text/TextRun')}
  0x000002c0bd8d3b84: 3cdb 0649 | ba90 9303 | dbc0 0200 | 004c 8954 | 2408 48c7 | 0424 ffff 

  0x000002c0bd8d3b9c: ;   {runtime_call C1 Runtime counter_overflow_blob}
  0x000002c0bd8d3b9c: ffff e83d 

  0x000002c0bd8d3ba0: ; ImmutableOopMap {r9=Oop rdi=Oop [176]=Oop [184]=Oop [360]=Oop [376]=Oop [384]=Oop [400]=Oop }
                      ;*synchronization entry
                      ; - com.sun.javafx.text.TextRun::getEnd@-1 (line 86)
                      ; - com.sun.javafx.text.PrismTextLayout::layout@1169 (line 1285)
  0x000002c0bd8d3ba0: a2db 06e9 | c8e4 ffff 

  0x000002c0bd8d3ba8: ;   {runtime_call C1 Runtime throw_null_pointer_exception_blob}
  0x000002c0bd8d3ba8: e833 3cdb 

  0x000002c0bd8d3bac: ; ImmutableOopMap {rax=Oop [176]=Oop [184]=Oop [360]=Oop [376]=Oop [384]=Oop [400]=Oop }
                      ;*caload {reexecute=0 rethrow=0 return_oop=0}
                      ; - com.sun.javafx.text.PrismTextLayout::layout@1188 (line 1288)
                      ;   {runtime_call C1 Runtime throw_null_pointer_exception_blob}
  0x000002c0bd8d3bac: 06e8 2e3c 

  0x000002c0bd8d3bb0: ; ImmutableOopMap {rax=Oop [176]=Oop [184]=Oop [360]=Oop [376]=Oop [384]=Oop [400]=Oop }
                      ;*caload {reexecute=0 rethrow=0 return_oop=0}
                      ; - com.sun.javafx.text.PrismTextLayout::layout@1188 (line 1288)
  0x000002c0bd8d3bb0: db06 4889 | 1c24 4889 

  0x000002c0bd8d3bb8: ;   {runtime_call C1 Runtime throw_range_check_failed_blob}
  0x000002c0bd8d3bb8: 4424 08e8 

  0x000002c0bd8d3bbc: ; ImmutableOopMap {rax=Oop [176]=Oop [184]=Oop [360]=Oop [376]=Oop [384]=Oop [400]=Oop }
                      ;*caload {reexecute=0 rethrow=0 return_oop=0}
                      ; - com.sun.javafx.text.PrismTextLayout::layout@1188 (line 1288)
  0x000002c0bd8d3bbc: 2033 db06 

  0x000002c0bd8d3bc0: ;   {metadata({method} {0x000002c0dac553f8} 'layout' '()V' in 'com/sun/javafx/text/PrismTextLayout')}
  0x000002c0bd8d3bc0: 49ba f053 | c5da c002 | 0000 4c89 | 5424 0848 | c704 24c4 

  0x000002c0bd8d3bd4: ;   {runtime_call C1 Runtime counter_overflow_blob}
  0x000002c0bd8d3bd4: 0400 00e8 

  0x000002c0bd8d3bd8: ; ImmutableOopMap {[176]=Oop [184]=Oop [360]=Oop [376]=Oop [384]=Oop [400]=Oop }
                      ;*goto {reexecute=1 rethrow=0 return_oop=0}
                      ; - (reexecute) com.sun.javafx.text.PrismTextLayout::layout@1220 (line 1286)
  0x000002c0bd8d3bd8: 04a2 db06 | e9eb e5ff 

  0x000002c0bd8d3be0: ;   {metadata({method} {0x000002c0dac553f8} 'layout' '()V' in 'com/sun/javafx/text/PrismTextLayout')}
  0x000002c0bd8d3be0: ff49 baf0 | 53c5 dac0 | 0200 004c | 8954 2408 | 48c7 0424 | ca04 0000 

  0x000002c0bd8d3bf8: ;   {runtime_call C1 Runtime counter_overflow_blob}
  0x000002c0bd8d3bf8: e8e3 a1db 

  0x000002c0bd8d3bfc: ; ImmutableOopMap {[176]=Oop [184]=Oop [360]=Oop [376]=Oop [384]=Oop }
                      ;*goto {reexecute=1 rethrow=0 return_oop=0}
                      ; - (reexecute) com.sun.javafx.text.PrismTextLayout::layout@1226 (line 1282)
  0x000002c0bd8d3bfc: 06e9 2ae6 

  0x000002c0bd8d3c00: ;   {metadata({method} {0x000002c0db045288} 'setAlignment' '(F)V' in 'com/sun/javafx/text/TextLine')}
  0x000002c0bd8d3c00: ffff 49ba | 8052 04db | c002 0000 | 4c89 5424 | 0848 c704 | 24ff ffff 

  0x000002c0bd8d3c18: ;   {runtime_call C1 Runtime counter_overflow_blob}
  0x000002c0bd8d3c18: ffe8 c2a1 

  0x000002c0bd8d3c1c: ; ImmutableOopMap {rbx=Oop [176]=Oop [184]=Oop [376]=Oop [384]=Oop }
                      ;*synchronization entry
                      ; - com.sun.javafx.text.TextLine::setAlignment@-1 (line 86)
                      ; - com.sun.javafx.text.PrismTextLayout::layout@1236 (line 1295)
  0x000002c0bd8d3c1c: db06 e9a7 

  0x000002c0bd8d3c20: ;   {runtime_call C1 Runtime throw_null_pointer_exception_blob}
  0x000002c0bd8d3c20: e6ff ffe8 

  0x000002c0bd8d3c24: ; ImmutableOopMap {rbx=Oop r8=Oop [176]=Oop [184]=Oop [376]=Oop [384]=Oop }
                      ;*invokevirtual setMinX {reexecute=0 rethrow=0 return_oop=0}
                      ; - com.sun.javafx.text.TextLine::setAlignment@5 (line 86)
                      ; - com.sun.javafx.text.PrismTextLayout::layout@1236 (line 1295)
  0x000002c0bd8d3c24: b83b db06 

  0x000002c0bd8d3c28: ;   {metadata({method} {0x000002c0db045330} 'setWidth' '(F)V' in 'com/sun/javafx/text/TextLine')}
  0x000002c0bd8d3c28: 49ba 2853 | 04db c002 | 0000 4c89 | 5424 0848 | c704 24ff 

  0x000002c0bd8d3c3c: ;   {runtime_call C1 Runtime counter_overflow_blob}
  0x000002c0bd8d3c3c: ffff ffe8 

  0x000002c0bd8d3c40: ; ImmutableOopMap {rbx=Oop r8=Oop [176]=Oop [184]=Oop [376]=Oop [384]=Oop }
                      ;*synchronization entry
                      ; - com.sun.javafx.text.TextLine::setWidth@-1 (line 91)
                      ; - com.sun.javafx.text.PrismTextLayout::layout@1243 (line 1296)
  0x000002c0bd8d3c40: 9ca1 db06 | e9a2 e8ff 

  0x000002c0bd8d3c48: ;   {runtime_call C1 Runtime throw_null_pointer_exception_blob}
  0x000002c0bd8d3c48: ffe8 923b 

  0x000002c0bd8d3c4c: ; ImmutableOopMap {rsi=Oop rax=Oop [176]=Oop [184]=Oop [376]=Oop [384]=Oop [432]=Oop }
                      ;*invokevirtual setLocation {reexecute=0 rethrow=0 return_oop=0}
                      ; - com.sun.javafx.text.PrismTextLayout::layout@1303 (line 1312)
  0x000002c0bd8d3c4c: db06 8b50 | 5048 c1e2 | 0348 83fa | 000f 844c | ebff ff48 

  0x000002c0bd8d3c60: ;   {runtime_call g1_pre_barrier_slow}
  0x000002c0bd8d3c60: 8914 24e8 | 78a8 db06 | e93e ebff | ff48 83fb | 000f 845b | ebff ff48 

  0x000002c0bd8d3c78: ;   {runtime_call g1_post_barrier_slow}
  0x000002c0bd8d3c78: 8904 24e8 | 60ab db06 | e94d ebff 

  0x000002c0bd8d3c84: ;   {metadata({method} {0x000002c0dac553f8} 'layout' '()V' in 'com/sun/javafx/text/PrismTextLayout')}
  0x000002c0bd8d3c84: ff49 baf0 | 53c5 dac0 | 0200 004c | 8954 2408 | 48c7 0424 | 2e05 0000 

  0x000002c0bd8d3c9c: ;   {runtime_call C1 Runtime counter_overflow_blob}
  0x000002c0bd8d3c9c: e83f a1db 

  0x000002c0bd8d3ca0: ; ImmutableOopMap {[176]=Oop [184]=Oop [376]=Oop [384]=Oop [432]=Oop }
                      ;*goto {reexecute=1 rethrow=0 return_oop=0}
                      ; - (reexecute) com.sun.javafx.text.PrismTextLayout::layout@1326 (line 1310)
  0x000002c0bd8d3ca0: 06e9 8feb 

  0x000002c0bd8d3ca4: ;   {runtime_call C1 Runtime throw_null_pointer_exception_blob}
  0x000002c0bd8d3ca4: ffff e835 

  0x000002c0bd8d3ca8: ; ImmutableOopMap {rsi=Oop [176]=Oop [184]=Oop [376]=Oop [384]=Oop [432]=Oop }
                      ;*arraylength {reexecute=0 rethrow=0 return_oop=0}
                      ; - com.sun.javafx.text.PrismTextLayout::layout@1286 (line 1310)
                      ;   {runtime_call C1 Runtime throw_null_pointer_exception_blob}
  0x000002c0bd8d3ca8: 3bdb 06e8 

  0x000002c0bd8d3cac: ; ImmutableOopMap {rdx=Oop [176]=Oop [184]=Oop [376]=Oop [384]=Oop }
                      ;*arraylength {reexecute=0 rethrow=0 return_oop=0}
                      ; - com.sun.javafx.text.PrismTextLayout::layout@1337 (line 1316)
  0x000002c0bd8d3cac: 303b db06 

  0x000002c0bd8d3cb0: ;   {metadata({method} {0x000002c0da6d2b40} 'getHeight' '()F' in 'com/sun/javafx/geom/RectBounds')}
  0x000002c0bd8d3cb0: 49ba 382b | 6dda c002 | 0000 4c89 | 5424 0848 | c704 24ff 

  0x000002c0bd8d3cc4: ;   {runtime_call C1 Runtime counter_overflow_blob}
  0x000002c0bd8d3cc4: ffff ffe8 

  0x000002c0bd8d3cc8: ; ImmutableOopMap {rdx=Oop rcx=Oop [176]=Oop [184]=Oop [384]=Oop }
                      ;*synchronization entry
                      ; - com.sun.javafx.geom.RectBounds::getHeight@-1 (line 98)
                      ; - com.sun.javafx.text.PrismTextLayout::layout@1347 (line 1317)
  0x000002c0bd8d3cc8: 14a1 db06 | e9be ecff 

  0x000002c0bd8d3cd0: ;   {metadata({method} {0x000002c0da6d2b40} 'getHeight' '()F' in 'com/sun/javafx/geom/RectBounds')}
  0x000002c0bd8d3cd0: ff49 ba38 | 2b6d dac0 | 0200 004c | 8954 2408 | 48c7 0424 | ffff ffff 

  0x000002c0bd8d3ce8: ;   {runtime_call C1 Runtime counter_overflow_blob}
  0x000002c0bd8d3ce8: e8f3 a0db 

  0x000002c0bd8d3cec: ; ImmutableOopMap {rbx=Oop rcx=Oop [176]=Oop [184]=Oop [376]=Oop [384]=Oop }
                      ;*synchronization entry
                      ; - com.sun.javafx.geom.RectBounds::getHeight@-1 (line 98)
                      ; - com.sun.javafx.text.PrismTextLayout::layout@1368 (line 1319)
  0x000002c0bd8d3cec: 06e9 bded 

  0x000002c0bd8d3cf0: ;   {metadata({method} {0x000002c0dac553f8} 'layout' '()V' in 'com/sun/javafx/text/PrismTextLayout')}
  0x000002c0bd8d3cf0: ffff 49ba | f053 c5da | c002 0000 | 4c89 5424 | 0848 c704 | 2467 0500 

  0x000002c0bd8d3d08: ;   {runtime_call C1 Runtime counter_overflow_blob}
  0x000002c0bd8d3d08: 00e8 d2a0 

  0x000002c0bd8d3d0c: ; ImmutableOopMap {[176]=Oop [184]=Oop }
                      ;*goto {reexecute=1 rethrow=0 return_oop=0}
                      ; - (reexecute) com.sun.javafx.text.PrismTextLayout::layout@1383 (line 1256)
  0x000002c0bd8d3d0c: db06 e9ff | edff ff48 | c704 2400 | 0000 0048 | 895c 2408 

  0x000002c0bd8d3d20: ;   {runtime_call C1 Runtime throw_range_check_failed_blob}
  0x000002c0bd8d3d20: e8bb 31db 

  0x000002c0bd8d3d24: ; ImmutableOopMap {rdx=Oop rbx=Oop [176]=Oop [184]=Oop }
                      ;*aaload {reexecute=0 rethrow=0 return_oop=0}
                      ; - com.sun.javafx.text.PrismTextLayout::layout@1391 (line 1322)
                      ;   {runtime_call C1 Runtime throw_null_pointer_exception_blob}
  0x000002c0bd8d3d24: 06e8 b63a 

  0x000002c0bd8d3d28: ; ImmutableOopMap {rdx=Oop rsi=Oop [176]=Oop [184]=Oop }
                      ;*invokevirtual getBounds {reexecute=0 rethrow=0 return_oop=0}
                      ; - com.sun.javafx.text.PrismTextLayout::layout@1392 (line 1322)
                      ;   {runtime_call C1 Runtime throw_null_pointer_exception_blob}
  0x000002c0bd8d3d28: db06 e8b1 

  0x000002c0bd8d3d2c: ; ImmutableOopMap {rdx=Oop rsi=Oop [176]=Oop [184]=Oop }
                      ;*invokevirtual getMinY {reexecute=0 rethrow=0 return_oop=0}
                      ; - com.sun.javafx.text.PrismTextLayout::layout@1395 (line 1322)
                      ;   {runtime_call C1 Runtime throw_null_pointer_exception_blob}
  0x000002c0bd8d3d2c: 3adb 06e8 

  0x000002c0bd8d3d30: ; ImmutableOopMap {rdx=Oop rsi=Oop [176]=Oop [184]=Oop }
                      ;*invokevirtual deriveWithNewBounds {reexecute=0 rethrow=0 return_oop=0}
                      ; - com.sun.javafx.text.PrismTextLayout::layout@1427 (line 1324)
  0x000002c0bd8d3d30: ac3a db06 | 8b72 4448 | c1e6 0348 | 83fe 000f | 84dc efff | ff48 8934 

  0x000002c0bd8d3d48: ;   {runtime_call g1_pre_barrier_slow}
  0x000002c0bd8d3d48: 24e8 92a7 | db06 e9ce | efff ff48 | 83f8 000f | 84e3 efff | ff48 8914 

  0x000002c0bd8d3d60: ;   {runtime_call g1_post_barrier_slow}
  0x000002c0bd8d3d60: 24e8 7aaa | db06 e9d5 

  0x000002c0bd8d3d68: ;   {runtime_call C1 Runtime throw_null_pointer_exception_blob}
  0x000002c0bd8d3d68: efff ffe8 

  0x000002c0bd8d3d6c: ; ImmutableOopMap {rdx=Oop [176]=Oop [184]=Oop }
                      ;*getfield valid {reexecute=1 rethrow=0 return_oop=0}
                      ; - (reexecute) com.sun.javafx.text.PrismTextLayout::layout@1451 (line 1329)
  0x000002c0bd8d3d6c: 703a db06 

  0x000002c0bd8d3d70: ; implicit exception: dispatches to 0x000002c0bd8d3ec6
  0x000002c0bd8d3d70: 8b78 2c48 | c1e7 0348 | 83ff 000f | 84c8 f0ff | ff48 893c 

  0x000002c0bd8d3d84: ;   {runtime_call g1_pre_barrier_slow}
  0x000002c0bd8d3d84: 24e8 56a7 | db06 e9ba 

  0x000002c0bd8d3d8c: ;   {runtime_call C1 Runtime throw_null_pointer_exception_blob}
  0x000002c0bd8d3d8c: f0ff ffe8 

  0x000002c0bd8d3d90: ; ImmutableOopMap {rdx=Oop rax=Oop rsi=Oop [176]=Oop [184]=Oop }
                      ;*putfield font {reexecute=1 rethrow=0 return_oop=0}
                      ; - (reexecute) com.sun.javafx.text.PrismTextLayout::layout@1472 (line 1335)
  0x000002c0bd8d3d90: 4c3a db06 | 4883 fe00 | 0f84 caf0 | ffff 4889 

  0x000002c0bd8d3da0: ;   {runtime_call g1_post_barrier_slow}
  0x000002c0bd8d3da0: 0424 e839 | aadb 06e9 | bcf0 ffff | 8b78 2848 | c1e7 0348 | 83ff 000f | 84bf f0ff | ff48 893c 
  0x000002c0bd8d3dc0: ;   {runtime_call g1_pre_barrier_slow}
  0x000002c0bd8d3dc0: 24e8 1aa7 | db06 e9b1 | f0ff ff48 | 83fe 000f | 84c6 f0ff | ff48 8904 

  0x000002c0bd8d3dd8: ;   {runtime_call g1_post_barrier_slow}
  0x000002c0bd8d3dd8: 24e8 02aa | db06 e9b8 | f0ff ff8b | 7830 48c1 | e703 4883 | ff00 0f84 | bbf0 ffff | 4889 3c24 
  0x000002c0bd8d3df8: ;   {runtime_call g1_pre_barrier_slow}
  0x000002c0bd8d3df8: e8e3 a6db | 06e9 adf0 | ffff 4883 | fe00 0f84 | c2f0 ffff | 4889 0424 

  0x000002c0bd8d3e10: ;   {runtime_call g1_post_barrier_slow}
  0x000002c0bd8d3e10: e8cb a9db | 06e9 b4f0 | ffff 8b78 | 3448 c1e7 | 0348 83ff | 000f 84bd | f0ff ff48 

  0x000002c0bd8d3e2c: ;   {runtime_call g1_pre_barrier_slow}
  0x000002c0bd8d3e2c: 893c 24e8 | aca6 db06 | e9af f0ff | ff48 83fe | 000f 84c4 | f0ff ff48 

  0x000002c0bd8d3e44: ;   {runtime_call g1_post_barrier_slow}
  0x000002c0bd8d3e44: 8904 24e8 | 94a9 db06 | e9b6 f0ff | ff48 8974 | 2408 4889 

  0x000002c0bd8d3e58: ;   {runtime_call C1 Runtime monitorenter_blob}
  0x000002c0bd8d3e58: 3c24 e801 

  0x000002c0bd8d3e5c: ; ImmutableOopMap {rdx=Oop rsi=Oop [176]=Oop [184]=Oop [488]=Oop }
                      ;*monitorenter {reexecute=0 rethrow=0 return_oop=0}
                      ; - com.sun.javafx.text.PrismTextLayout::layout@1562 (line 1343)
  0x000002c0bd8d3e5c: 72db 06e9 | 2df1 ffff 

  0x000002c0bd8d3e64: ;   {runtime_call C1 Runtime throw_null_pointer_exception_blob}
  0x000002c0bd8d3e64: e877 39db 

  0x000002c0bd8d3e68: ; ImmutableOopMap {rdx=Oop [176]=Oop [488]=Oop }
                      ;*arraylength {reexecute=0 rethrow=0 return_oop=0}
                      ; - com.sun.javafx.text.PrismTextLayout::layout@1564 (line 1344)
  0x000002c0bd8d3e68: 0648 8d84 | 24e0 0100 | 0048 8904 

  0x000002c0bd8d3e74: ;   {runtime_call C1 Runtime monitorexit_blob}
  0x000002c0bd8d3e74: 24e8 6678 | db06 e967 

  0x000002c0bd8d3e7c: ;   {runtime_call C1 Runtime throw_null_pointer_exception_blob}
  0x000002c0bd8d3e7c: f3ff ffe8 

  0x000002c0bd8d3e80: ; ImmutableOopMap {}
                      ;*putfield valid {reexecute=1 rethrow=0 return_oop=0}
                      ; - (reexecute) com.sun.javafx.text.PrismTextLayout::layout@1632 (line 1353)
  0x000002c0bd8d3e80: 5c39 db06 

  0x000002c0bd8d3e84: ;   {internal_word}
  0x000002c0bd8d3e84: 49ba 1132 | 8dbd c002 | 0000 4d89 | 97e0 0400 

  0x000002c0bd8d3e94: ;   {runtime_call SafepointBlob}
  0x000002c0bd8d3e94: 00e9 c6e3 

  0x000002c0bd8d3e98: ;   {internal_word}
  0x000002c0bd8d3e98: cd06 49ba | 2432 8dbd | c002 0000 | 4d89 97e0 

  0x000002c0bd8d3ea8: ;   {runtime_call SafepointBlob}
  0x000002c0bd8d3ea8: 0400 00e9 | b0e3 cd06 | 488d 8424 | e001 0000 | 4889 0424 

  0x000002c0bd8d3ebc: ;   {runtime_call C1 Runtime monitorexit_blob}
  0x000002c0bd8d3ebc: e81f 78db | 06e9 ecf3 

  0x000002c0bd8d3ec4: ;   {runtime_call C1 Runtime throw_null_pointer_exception_blob}
  0x000002c0bd8d3ec4: ffff e815 

  0x000002c0bd8d3ec8: ; ImmutableOopMap {rdx=Oop rax=Oop rsi=Oop [176]=Oop [184]=Oop }
                      ;*putfield font {reexecute=1 rethrow=0 return_oop=0}
                      ; - (reexecute) com.sun.javafx.text.PrismTextLayout::layout@1472 (line 1335)
  0x000002c0bd8d3ec8: 39db 0649 | 8b87 8805 | 0000 49c7 | 8788 0500 | 0000 0000 | 0049 c787 | 9005 0000 | 0000 0000 
  0x000002c0bd8d3ee8: 4881 c400 | 0200 005d 

  0x000002c0bd8d3ef0: ;   {runtime_call C1 Runtime unwind_exception_blob}
  0x000002c0bd8d3ef0: e9eb 29db | 06f4 f4f4 
[Stub Code]
  0x000002c0bd8d3ef8: ;   {other}
  0x000002c0bd8d3ef8: 0f1f 4400 

  0x000002c0bd8d3efc: ;   {static_stub}
  0x000002c0bd8d3efc: 0048 bb00 | 0000 0000 

  0x000002c0bd8d3f04: ;   {runtime_call nmethod}
  0x000002c0bd8d3f04: 0000 00e9 | fbff ffff 

  0x000002c0bd8d3f0c: ;   {static_stub}
  0x000002c0bd8d3f0c: 9048 bb00 | 0000 0000 

  0x000002c0bd8d3f14: ;   {runtime_call nmethod}
  0x000002c0bd8d3f14: 0000 00e9 | fbff ffff 

  0x000002c0bd8d3f1c: ;   {static_stub}
  0x000002c0bd8d3f1c: 9048 bb00 | 0000 0000 

  0x000002c0bd8d3f24: ;   {runtime_call nmethod}
  0x000002c0bd8d3f24: 0000 00e9 | fbff ffff 

  0x000002c0bd8d3f2c: ;   {static_stub}
  0x000002c0bd8d3f2c: 9048 bb00 | 0000 0000 

  0x000002c0bd8d3f34: ;   {runtime_call nmethod}
  0x000002c0bd8d3f34: 0000 00e9 | fbff ffff 

  0x000002c0bd8d3f3c: ;   {static_stub}
  0x000002c0bd8d3f3c: 9048 bb68 | ae03 dbc0 

  0x000002c0bd8d3f44: ;   {runtime_call I2C/C2I adapters}
  0x000002c0bd8d3f44: 0200 00e9 | 6b16 cb06 

  0x000002c0bd8d3f4c: ;   {static_stub}
  0x000002c0bd8d3f4c: 9048 bb00 | 0000 0000 

  0x000002c0bd8d3f54: ;   {runtime_call nmethod}
  0x000002c0bd8d3f54: 0000 00e9 | fbff ffff 

  0x000002c0bd8d3f5c: ;   {static_stub}
  0x000002c0bd8d3f5c: 9048 bb00 | 0000 0000 

  0x000002c0bd8d3f64: ;   {runtime_call nmethod}
  0x000002c0bd8d3f64: 0000 00e9 | fbff ffff 

  0x000002c0bd8d3f6c: ;   {static_stub}
  0x000002c0bd8d3f6c: 9048 bb00 | 0000 0000 

  0x000002c0bd8d3f74: ;   {runtime_call nmethod}
  0x000002c0bd8d3f74: 0000 00e9 | fbff ffff 

  0x000002c0bd8d3f7c: ;   {static_stub}
  0x000002c0bd8d3f7c: 9048 bb00 | 0000 0000 

  0x000002c0bd8d3f84: ;   {runtime_call nmethod}
  0x000002c0bd8d3f84: 0000 00e9 | fbff ffff 

  0x000002c0bd8d3f8c: ;   {static_stub}
  0x000002c0bd8d3f8c: 9048 bb60 | bb03 dbc0 

  0x000002c0bd8d3f94: ;   {runtime_call I2C/C2I adapters}
  0x000002c0bd8d3f94: 0200 00e9 | 9a37 ce06 

  0x000002c0bd8d3f9c: ;   {static_stub}
  0x000002c0bd8d3f9c: 9048 bb00 | 0000 0000 

  0x000002c0bd8d3fa4: ;   {runtime_call nmethod}
  0x000002c0bd8d3fa4: 0000 00e9 | fbff ffff 

  0x000002c0bd8d3fac: ;   {static_stub}
  0x000002c0bd8d3fac: 9048 bb00 | 0000 0000 

  0x000002c0bd8d3fb4: ;   {runtime_call nmethod}
  0x000002c0bd8d3fb4: 0000 00e9 | fbff ffff 

  0x000002c0bd8d3fbc: ;   {static_stub}
  0x000002c0bd8d3fbc: 9048 bb58 | a803 dbc0 

  0x000002c0bd8d3fc4: ;   {runtime_call I2C/C2I adapters}
  0x000002c0bd8d3fc4: 0200 00e9 | 706b dc06 

  0x000002c0bd8d3fcc: ;   {static_stub}
  0x000002c0bd8d3fcc: 9048 bb00 | 0000 0000 

  0x000002c0bd8d3fd4: ;   {runtime_call nmethod}
  0x000002c0bd8d3fd4: 0000 00e9 | fbff ffff 

  0x000002c0bd8d3fdc: ;   {static_stub}
  0x000002c0bd8d3fdc: 9048 bb00 | 0000 0000 

  0x000002c0bd8d3fe4: ;   {runtime_call nmethod}
  0x000002c0bd8d3fe4: 0000 00e9 | fbff ffff 

  0x000002c0bd8d3fec: ;   {static_stub}
  0x000002c0bd8d3fec: 9048 bb00 | 0000 0000 

  0x000002c0bd8d3ff4: ;   {runtime_call nmethod}
  0x000002c0bd8d3ff4: 0000 00e9 | fbff ffff 

  0x000002c0bd8d3ffc: ;   {static_stub}
  0x000002c0bd8d3ffc: 9048 bb00 | 0000 0000 

  0x000002c0bd8d4004: ;   {runtime_call nmethod}
  0x000002c0bd8d4004: 0000 00e9 | fbff ffff 

  0x000002c0bd8d400c: ;   {static_stub}
  0x000002c0bd8d400c: 48bb 9845 | c5da c002 

  0x000002c0bd8d4014: ;   {runtime_call I2C/C2I adapters}
  0x000002c0bd8d4014: 0000 e99b 

  0x000002c0bd8d4018: ;   {static_stub}
  0x000002c0bd8d4018: 3bce 0648 | bbd8 5dc5 | dac0 0200 

  0x000002c0bd8d4024: ;   {runtime_call I2C/C2I adapters}
  0x000002c0bd8d4024: 00e9 8c3b 

  0x000002c0bd8d4028: ;   {static_stub}
  0x000002c0bd8d4028: ce06 48bb | 4037 c5da | c002 0000 

  0x000002c0bd8d4034: ;   {runtime_call I2C/C2I adapters}
  0x000002c0bd8d4034: e979 edcd 

  0x000002c0bd8d4038: ;   {static_stub}
  0x000002c0bd8d4038: 0648 bb00 | 0000 0000 

  0x000002c0bd8d4040: ;   {runtime_call nmethod}
  0x000002c0bd8d4040: 0000 00e9 | fbff ffff 

  0x000002c0bd8d4048: ;   {static_stub}
  0x000002c0bd8d4048: 48bb d046 | c5da c002 

  0x000002c0bd8d4050: ;   {runtime_call I2C/C2I adapters}
  0x000002c0bd8d4050: 0000 e95b 

  0x000002c0bd8d4054: ;   {static_stub}
  0x000002c0bd8d4054: edcd 0648 | bbc0 47c5 | dac0 0200 

  0x000002c0bd8d4060: ;   {runtime_call I2C/C2I adapters}
  0x000002c0bd8d4060: 00e9 4ced 

  0x000002c0bd8d4064: ;   {static_stub}
  0x000002c0bd8d4064: cd06 48bb | d04a c5da | c002 0000 

  0x000002c0bd8d4070: ;   {runtime_call I2C/C2I adapters}
  0x000002c0bd8d4070: e93d edcd 

  0x000002c0bd8d4074: ;   {static_stub}
  0x000002c0bd8d4074: 0648 bbc8 | 3ec5 dac0 

  0x000002c0bd8d407c: ;   {runtime_call I2C/C2I adapters}
  0x000002c0bd8d407c: 0200 00e9 | 323b ce06 

  0x000002c0bd8d4084: ;   {static_stub}
  0x000002c0bd8d4084: 48bb 0000 | 0000 0000 

  0x000002c0bd8d408c: ;   {runtime_call nmethod}
  0x000002c0bd8d408c: 0000 e9fb 

  0x000002c0bd8d4090: ;   {static_stub}
  0x000002c0bd8d4090: ffff ff48 | bb00 0000 | 0000 0000 

  0x000002c0bd8d409c: ;   {runtime_call nmethod}
  0x000002c0bd8d409c: 00e9 fbff 

  0x000002c0bd8d40a0: ;   {static_stub}
  0x000002c0bd8d40a0: ffff 48bb | 2842 c5da | c002 0000 

  0x000002c0bd8d40ac: ;   {runtime_call I2C/C2I adapters}
  0x000002c0bd8d40ac: e98d ffcc 

  0x000002c0bd8d40b0: ;   {static_stub}
  0x000002c0bd8d40b0: 0648 bb00 | 0000 0000 

  0x000002c0bd8d40b8: ;   {runtime_call nmethod}
  0x000002c0bd8d40b8: 0000 00e9 | fbff ffff 

  0x000002c0bd8d40c0: ;   {static_stub}
  0x000002c0bd8d40c0: 48bb 7844 | c5da c002 

  0x000002c0bd8d40c8: ;   {runtime_call I2C/C2I adapters}
  0x000002c0bd8d40c8: 0000 e9ee 

  0x000002c0bd8d40cc: ;   {static_stub}
  0x000002c0bd8d40cc: 8acb 0648 | bb00 0000 | 0000 0000 

  0x000002c0bd8d40d8: ;   {runtime_call nmethod}
  0x000002c0bd8d40d8: 00e9 fbff 

  0x000002c0bd8d40dc: ;   {static_stub}
  0x000002c0bd8d40dc: ffff 48bb | 0000 0000 | 0000 0000 

  0x000002c0bd8d40e8: ;   {runtime_call nmethod}
  0x000002c0bd8d40e8: e9fb ffff 

  0x000002c0bd8d40ec: ;   {static_stub}
  0x000002c0bd8d40ec: ff48 bb00 | 0000 0000 

  0x000002c0bd8d40f4: ;   {runtime_call nmethod}
  0x000002c0bd8d40f4: 0000 00e9 | fbff ffff 

  0x000002c0bd8d40fc: ;   {static_stub}
  0x000002c0bd8d40fc: 9048 bb00 | 0000 0000 

  0x000002c0bd8d4104: ;   {runtime_call nmethod}
  0x000002c0bd8d4104: 0000 00e9 | fbff ffff 

  0x000002c0bd8d410c: ;   {static_stub}
  0x000002c0bd8d410c: 9048 bb00 | 0000 0000 

  0x000002c0bd8d4114: ;   {runtime_call nmethod}
  0x000002c0bd8d4114: 0000 00e9 | fbff ffff 

  0x000002c0bd8d411c: ;   {static_stub}
  0x000002c0bd8d411c: 9048 bb00 | 0000 0000 

  0x000002c0bd8d4124: ;   {runtime_call nmethod}
  0x000002c0bd8d4124: 0000 00e9 | fbff ffff 
[Exception Handler]
  0x000002c0bd8d412c: ;   {runtime_call C1 Runtime handle_exception_from_callee_blob}
  0x000002c0bd8d412c: e82f 5ddb 

  0x000002c0bd8d4130: ;   {external_word}
  0x000002c0bd8d4130: 0648 b9a0 | 013c 10fc | 7f00 0048 

  0x000002c0bd8d413c: ;   {runtime_call}
  0x000002c0bd8d413c: 83e4 f048 | b810 5cf6 | 0ffc 7f00 | 00ff d0f4 
[Deopt Handler Code]
  0x000002c0bd8d414c: ;   {section_word}
  0x000002c0bd8d414c: 49ba 4c41 | 8dbd c002 | 0000 4152 

  0x000002c0bd8d4158: ;   {runtime_call DeoptimizationBlob}
  0x000002c0bd8d4158: e983 c8cd | 06f4 f4f4 
[/MachCode]


---------------  P R O C E S S  ---------------

Threads class SMR info:
_java_thread_list=0x000002c0fdb64430, length=32, elements={
0x000002c0b2b832b0, 0x000002c0d6ff0810, 0x000002c0d6ff1120, 0x000002c0d6ff1cb0,
0x000002c0d6ff47e0, 0x000002c0d6ff7040, 0x000002c0d6ffa2a0, 0x000002c0d6ffb5a0,
0x000002c0de020090, 0x000002c0de07edc0, 0x000002c0de23dc30, 0x000002c0de4ad220,
0x000002c0de4ad9e0, 0x000002c0de39d910, 0x000002c0dee1b1c0, 0x000002c0df141df0,
0x000002c0df281fb0, 0x000002c0df392bf0, 0x000002c0df47e810, 0x000002c0df3e46d0,
0x000002c0df3e2f60, 0x000002c0dfb36790, 0x000002c0dfb35020, 0x000002c0e8d60c30,
0x000002c0e8d63340, 0x000002c0f38e1860, 0x000002c0f44f9c10, 0x000002c0f44fa3e0,
0x000002c0f44fcaf0, 0x000002c0ded6e0b0, 0x000002c0ded71920, 0x000002c0e8f84690
}

Java Threads: ( => current thread )
  0x000002c0b2b832b0 JavaThread "main"                              [_thread_blocked, id=6320, stack(0x000000df27a00000,0x000000df27b00000) (1024K)]
  0x000002c0d6ff0810 JavaThread "Reference Handler"          daemon [_thread_blocked, id=20836, stack(0x000000df28200000,0x000000df28300000) (1024K)]
  0x000002c0d6ff1120 JavaThread "Finalizer"                  daemon [_thread_blocked, id=25440, stack(0x000000df28300000,0x000000df28400000) (1024K)]
  0x000002c0d6ff1cb0 JavaThread "Signal Dispatcher"          daemon [_thread_blocked, id=14784, stack(0x000000df28400000,0x000000df28500000) (1024K)]
  0x000002c0d6ff47e0 JavaThread "Attach Listener"            daemon [_thread_blocked, id=5036, stack(0x000000df28500000,0x000000df28600000) (1024K)]
  0x000002c0d6ff7040 JavaThread "Service Thread"             daemon [_thread_blocked, id=8716, stack(0x000000df28600000,0x000000df28700000) (1024K)]
  0x000002c0d6ffa2a0 JavaThread "Monitor Deflation Thread"   daemon [_thread_blocked, id=12060, stack(0x000000df28700000,0x000000df28800000) (1024K)]
  0x000002c0d6ffb5a0 JavaThread "C2 CompilerThread0"         daemon [_thread_blocked, id=11032, stack(0x000000df28800000,0x000000df28900000) (1024K)]
  0x000002c0de020090 JavaThread "C1 CompilerThread0"         daemon [_thread_blocked, id=22948, stack(0x000000df28900000,0x000000df28a00000) (1024K)]
  0x000002c0de07edc0 JavaThread "C1 CompilerThread1"         daemon [_thread_blocked, id=2700, stack(0x000000df28a00000,0x000000df28b00000) (1024K)]
  0x000002c0de23dc30 JavaThread "Common-Cleaner"             daemon [_thread_blocked, id=16724, stack(0x000000df28d00000,0x000000df28e00000) (1024K)]
  0x000002c0de4ad220 JavaThread "Monitor Ctrl-Break"         daemon [_thread_in_native, id=15320, stack(0x000000df28e00000,0x000000df28f00000) (1024K)]
  0x000002c0de4ad9e0 JavaThread "Notification Thread"        daemon [_thread_blocked, id=18812, stack(0x000000df28f00000,0x000000df29000000) (1024K)]
  0x000002c0de39d910 JavaThread "JavaFX-Launcher"                   [_thread_blocked, id=10220, stack(0x000000df29000000,0x000000df29100000) (1024K)]
  0x000002c0dee1b1c0 JavaThread "RMI TCP Accept-0"           daemon [_thread_in_native, id=23264, stack(0x000000df29500000,0x000000df29600000) (1024K)]
  0x000002c0df141df0 JavaThread "QuantumRenderer-0"          daemon [_thread_blocked, id=2296, stack(0x000000df29600000,0x000000df29700000) (1024K)]
  0x000002c0df281fb0 JavaThread "RMI TCP Connection(1)-192.168.1.13" daemon [_thread_in_native, id=12376, stack(0x000000df29700000,0x000000df29800000) (1024K)]
  0x000002c0df392bf0 JavaThread "RMI Scheduler(0)"           daemon [_thread_blocked, id=21220, stack(0x000000df29800000,0x000000df29900000) (1024K)]
  0x000002c0df47e810 JavaThread "JMX server connection timeout 42" daemon [_thread_blocked, id=20152, stack(0x000000df29900000,0x000000df29a00000) (1024K)]
  0x000002c0df3e46d0 JavaThread "InvokeLaterDispatcher"      daemon [_thread_blocked, id=16432, stack(0x000000df29a00000,0x000000df29b00000) (1024K)]
=>0x000002c0df3e2f60 JavaThread "JavaFX Application Thread"         [_thread_in_native, id=6736, stack(0x000000df29b00000,0x000000df29c00000) (1024K)]
  0x000002c0dfb36790 JavaThread "Thread-3"                   daemon [_thread_in_native, id=19920, stack(0x000000df2ab00000,0x000000df2ac00000) (1024K)]
  0x000002c0dfb35020 JavaThread "JNA Cleaner"                daemon [_thread_blocked, id=7708, stack(0x000000df2ac00000,0x000000df2ad00000) (1024K)]
  0x000002c0e8d60c30 JavaThread "Prism Font Disposer"        daemon [_thread_blocked, id=15396, stack(0x000000df2b800000,0x000000df2b900000) (1024K)]
  0x000002c0e8d63340 JavaThread "ForkJoinPool.commonPool-worker-1" daemon [_thread_blocked, id=20704, stack(0x000000df2b900000,0x000000df2ba00000) (1024K)]
  0x000002c0f38e1860 JavaThread "Cleaner-0"                  daemon [_thread_blocked, id=11968, stack(0x000000df2bf00000,0x000000df2c000000) (1024K)]
  0x000002c0f44f9c10 JavaThread "Cleaner-1"                  daemon [_thread_blocked, id=9900, stack(0x000000df2c900000,0x000000df2ca00000) (1024K)]
  0x000002c0f44fa3e0 JavaThread "DefaultSleeper"             daemon [_thread_blocked, id=22720, stack(0x000000df2ca00000,0x000000df2cb00000) (1024K)]
  0x000002c0f44fcaf0 JavaThread "RMI TCP Connection(2)-192.168.1.13" daemon [_thread_in_native, id=14776, stack(0x000000df2cb00000,0x000000df2cc00000) (1024K)]
  0x000002c0ded6e0b0 JavaThread "C1 CompilerThread2"         daemon [_thread_blocked, id=7212, stack(0x000000df2c800000,0x000000df2c900000) (1024K)]
  0x000002c0ded71920 JavaThread "C1 CompilerThread3"         daemon [_thread_blocked, id=20224, stack(0x000000df2ce00000,0x000000df2cf00000) (1024K)]
  0x000002c0e8f84690 JavaThread "C2 CompilerThread1"         daemon [_thread_blocked, id=12732, stack(0x000000df28b00000,0x000000df28c00000) (1024K)]
Total: 32

Other Threads:
  0x000002c0d6fd8010 VMThread "VM Thread"                           [id=23072, stack(0x000000df28100000,0x000000df28200000) (1024K)]
  0x000002c0d6fca4c0 WatcherThread "VM Periodic Task Thread"        [id=15036, stack(0x000000df28000000,0x000000df28100000) (1024K)]
  0x000002c0d6e4ea10 WorkerThread "GC Thread#0"                     [id=22244, stack(0x000000df27b00000,0x000000df27c00000) (1024K)]
  0x000002c0df528bc0 WorkerThread "GC Thread#1"                     [id=15428, stack(0x000000df2ad00000,0x000000df2ae00000) (1024K)]
  0x000002c0df528770 WorkerThread "GC Thread#2"                     [id=21212, stack(0x000000df2ae00000,0x000000df2af00000) (1024K)]
  0x000002c0df526940 WorkerThread "GC Thread#3"                     [id=16772, stack(0x000000df2af00000,0x000000df2b000000) (1024K)]
  0x000002c0df5271e0 WorkerThread "GC Thread#4"                     [id=24896, stack(0x000000df2b000000,0x000000df2b100000) (1024K)]
  0x000002c0df528320 WorkerThread "GC Thread#5"                     [id=19116, stack(0x000000df2b100000,0x000000df2b200000) (1024K)]
  0x000002c0df527a80 WorkerThread "GC Thread#6"                     [id=24472, stack(0x000000df2b200000,0x000000df2b300000) (1024K)]
  0x000002c0df527ed0 WorkerThread "GC Thread#7"                     [id=12264, stack(0x000000df2b300000,0x000000df2b400000) (1024K)]
  0x000002c0df529010 WorkerThread "GC Thread#8"                     [id=10712, stack(0x000000df2b400000,0x000000df2b500000) (1024K)]
  0x000002c0df529460 WorkerThread "GC Thread#9"                     [id=15080, stack(0x000000df2b500000,0x000000df2b600000) (1024K)]
  0x000002c0df525c50 WorkerThread "GC Thread#10"                    [id=18824, stack(0x000000df2b600000,0x000000df2b700000) (1024K)]
  0x000002c0e8c62a20 WorkerThread "GC Thread#11"                    [id=21328, stack(0x000000df2b700000,0x000000df2b800000) (1024K)]
  0x000002c0e8c61d30 WorkerThread "GC Thread#12"                    [id=23620, stack(0x000000df28c00000,0x000000df28d00000) (1024K)]
  0x000002c0d6e4faa0 ConcurrentGCThread "G1 Main Marker"            [id=17156, stack(0x000000df27c00000,0x000000df27d00000) (1024K)]
  0x000002c0b2c0a590 WorkerThread "G1 Conc#0"                       [id=9652, stack(0x000000df27d00000,0x000000df27e00000) (1024K)]
  0x000002c0e8c65540 WorkerThread "G1 Conc#1"                       [id=23848, stack(0x000000df2bd00000,0x000000df2be00000) (1024K)]
  0x000002c0e8c618e0 WorkerThread "G1 Conc#2"                       [id=3364, stack(0x000000df2be00000,0x000000df2bf00000) (1024K)]
  0x000002c0d6e89b30 ConcurrentGCThread "G1 Refine#0"               [id=14068, stack(0x000000df27e00000,0x000000df27f00000) (1024K)]
  0x000002c0d6e8a740 ConcurrentGCThread "G1 Service"                [id=4316, stack(0x000000df27f00000,0x000000df28000000) (1024K)]
Total: 21

Threads with active compile tasks:
Total: 0

VM state: not at safepoint (normal execution)

VM Mutex/Monitor currently owned by a thread: None

Heap address: 0x000000060b400000, size: 8012 MB, Compressed Oops mode: Zero based, Oop shift amount: 3

CDS archive(s) mapped at: [0x0000000092000000-0x0000000092db0000-0x0000000092db0000), size 14352384, SharedBaseAddress: 0x0000000092000000, ArchiveRelocationMode: 1.
Compressed class space mapped at: 0x0000000093000000-0x00000000d3000000, reserved size: 1073741824
UseCompressedClassPointers 1, UseCompactObjectHeaders 0
Narrow klass pointer bits 32, Max shift 3
Narrow klass base: 0x0000000092000000, Narrow klass shift: 0
Encoding Range: [0x0000000092000000 - 0x0000000192000000), (4294967296 bytes)
Klass Range:    [0x0000000092010000 - 0x00000000d3000000), (1090453504 bytes)
Klass ID Range:  [65536 - 1090519033) (1090453497)
Protection zone: [0x0000000092000000 - 0x0000000092010000), (65536 bytes)

GC Precious Log:
 CardTable entry size: 512
 Card Set container configuration: InlinePtr #cards 4 size 8 Array Of Cards #cards 32 size 80 Howl #buckets 8 coarsen threshold 7372 Howl Bitmap #cards 1024 size 144 coarsen threshold 921 Card regions per heap region 1 cards per card region 8192
 CPUs: 16 total, 16 available
 Memory: 32042M
 Large Page Support: Disabled
 NUMA Support: Disabled
 Compressed Oops: Enabled (Zero based)
 Heap Region Size: 4M
 Heap Min Capacity: 8M
 Heap Initial Capacity: 504M
 Heap Max Capacity: 8012M
 Pre-touch: Disabled
 Parallel Workers: 13
 Concurrent Workers: 3
 Concurrent Refinement Workers: 13
 Periodic GC: Disabled

Heap:
 garbage-first heap   total reserved 8204288K, committed 77824K, used 50679K [0x000000060b400000, 0x0000000800000000)
  region size 4096K, 5 young (20480K), 1 survivors (4096K)

Heap Regions: E=young(eden), S=young(survivor), O=old, HS=humongous(starts), HC=humongous(continues), CS=collection set, F=free, TAMS=top-at-mark-start, PB=parsable bottom
|   0|0x000000060b400000, 0x000000060b800000, 0x000000060b800000|100%| O|  |TAMS 0x000000060b400000| PB 0x000000060b400000| Untracked |  0
|   1|0x000000060b800000, 0x000000060bc00000, 0x000000060bc00000|100%| O|  |TAMS 0x000000060b800000| PB 0x000000060b800000| Untracked |  0
|   2|0x000000060bc00000, 0x000000060c000000, 0x000000060c000000|100%| O|  |TAMS 0x000000060bc00000| PB 0x000000060bc00000| Untracked |  0
|   3|0x000000060c000000, 0x000000060c400000, 0x000000060c400000|100%| O|  |TAMS 0x000000060c000000| PB 0x000000060c000000| Untracked |  0
|   4|0x000000060c400000, 0x000000060c800000, 0x000000060c800000|100%| O|  |TAMS 0x000000060c400000| PB 0x000000060c400000| Untracked |  0
|   5|0x000000060c800000, 0x000000060c800000, 0x000000060cc00000|  0%| F|  |TAMS 0x000000060c800000| PB 0x000000060c800000| Untracked |  0
|   6|0x000000060cc00000, 0x000000060d000000, 0x000000060d000000|100%| O|  |TAMS 0x000000060cc00000| PB 0x000000060cc00000| Untracked |  0
|   7|0x000000060d000000, 0x000000060d400000, 0x000000060d400000|100%| O|  |TAMS 0x000000060d000000| PB 0x000000060d000000| Untracked |  0
|   8|0x000000060d400000, 0x000000060d800000, 0x000000060d800000|100%| O|  |TAMS 0x000000060d400000| PB 0x000000060d400000| Untracked |  0
|   9|0x000000060d800000, 0x000000060dc00000, 0x000000060dc00000|100%| O|  |TAMS 0x000000060d800000| PB 0x000000060d800000| Untracked |  0
|  10|0x000000060dc00000, 0x000000060e000000, 0x000000060e000000|100%| O|  |TAMS 0x000000060dc00000| PB 0x000000060dc00000| Untracked |  0
|  11|0x000000060e000000, 0x000000060e0e1fb8, 0x000000060e400000| 22%| O|  |TAMS 0x000000060e000000| PB 0x000000060e000000| Untracked |  0
|  12|0x000000060e400000, 0x000000060e49bea0, 0x000000060e800000| 15%| S|CS|TAMS 0x000000060e400000| PB 0x000000060e400000| Complete |  0
|  13|0x000000060e800000, 0x000000060e800000, 0x000000060ec00000|  0%| F|  |TAMS 0x000000060e800000| PB 0x000000060e800000| Untracked |  0
| 114|0x0000000627c00000, 0x0000000627c00000, 0x0000000628000000|  0%| F|  |TAMS 0x0000000627c00000| PB 0x0000000627c00000| Untracked |  0
| 115|0x0000000628000000, 0x000000062800e790, 0x0000000628400000|  1%| E|  |TAMS 0x0000000628000000| PB 0x0000000628000000| Complete |  0
| 116|0x0000000628400000, 0x0000000628800000, 0x0000000628800000|100%| E|  |TAMS 0x0000000628400000| PB 0x0000000628400000| Complete |  0
| 125|0x000000062a800000, 0x000000062ac00000, 0x000000062ac00000|100%| E|CS|TAMS 0x000000062a800000| PB 0x000000062a800000| Complete |  0
|2002|0x00000007ffc00000, 0x0000000800000000, 0x0000000800000000|100%| E|CS|TAMS 0x00000007ffc00000| PB 0x00000007ffc00000| Complete |  0

Card table byte_map: [0x000002c0ce070000,0x000002c0cf020000] _byte_map_base: 0x000002c0cb016000

Marking Bits: (CMBitMap*) 0x000002c0d6e4f1a0
 Bits: [0x000002c0cf020000, 0x000002c0d6d50000)

Polling page: 0x000002c0b2f60000

Metaspace:
Metaspace        used 49993K, committed 50496K, reserved 1114112K
 class space     used 6984K, committed 7232K, reserved 1048576K

Usage:
  Non-class:     42.00 MB used.
      Class:      6.82 MB used.
       Both:     48.82 MB used.

Virtual space:
  Non-class space:       64.00 MB reserved,      42.25 MB ( 66%) committed,  1 nodes.
      Class space:        1.00 GB reserved,       7.06 MB ( <1%) committed,  1 nodes.
             Both:        1.06 GB reserved,      49.31 MB (  5%) committed. 

Chunk freelists:
   Non-Class:  4.83 MB
       Class:  8.89 MB
        Both:  13.72 MB

MaxMetaspaceSize: unlimited
CompressedClassSpaceSize: 1.00 GB
Initial GC threshold: 21.00 MB
Current GC threshold: 81.81 MB
CDS: on
 - commit_granule_bytes: 65536.
 - commit_granule_words: 8192.
 - virtual_space_node_default_size: 8388608.
 - enlarge_chunks_in_place: 1.
UseCompressedClassPointers 1, UseCompactObjectHeaders 0
Narrow klass pointer bits 32, Max shift 3
Narrow klass base: 0x0000000092000000, Narrow klass shift: 0
Encoding Range: [0x0000000092000000 - 0x0000000192000000), (4294967296 bytes)
Klass Range:    [0x0000000092010000 - 0x00000000d3000000), (1090453504 bytes)
Klass ID Range:  [65536 - 1090519033) (1090453497)
Protection zone: [0x0000000092000000 - 0x0000000092010000), (65536 bytes)


Internal statistics:

num_allocs_failed_limit: 6.
num_arena_births: 528.
num_arena_deaths: 2.
num_vsnodes_births: 2.
num_vsnodes_deaths: 0.
num_space_committed: 788.
num_space_uncommitted: 0.
num_chunks_returned_to_freelist: 8.
num_chunks_taken_from_freelist: 2009.
num_chunk_merges: 6.
num_chunk_splits: 1430.
num_chunks_enlarged: 1163.
num_inconsistent_stats: 0.

CodeHeap 'non-profiled nmethods': size=119168Kb used=3503Kb max_used=3503Kb free=115664Kb
 bounds [0x000002c0c4cb0000, 0x000002c0c5020000, 0x000002c0cc110000]
CodeHeap 'profiled nmethods': size=119168Kb used=12896Kb max_used=12896Kb free=106271Kb
 bounds [0x000002c0bd100000, 0x000002c0bdda0000, 0x000002c0c4560000]
CodeHeap 'non-nmethods': size=7488Kb used=3846Kb max_used=4016Kb free=3641Kb
 bounds [0x000002c0c4560000, 0x000002c0c4960000, 0x000002c0c4cb0000]
CodeCache: size=245824Kb, used=20245Kb, max_used=20415Kb, free=225576Kb
 total_blobs=8659, nmethods=7634, adapters=925, full_count=0
Compilation: enabled, stopped_count=0, restarted_count=0

Compilation events (20 events):
Event: 12.265 Thread 0x000002c0ded6e0b0 nmethod 8274 0x000002c0bdd93e88 code [0x000002c0bdd93f80, 0x000002c0bdd94338]
Event: 12.265 Thread 0x000002c0ded71920 nmethod 8275 0x000002c0bdd94388 code [0x000002c0bdd94480, 0x000002c0bdd95858]
Event: 12.266 Thread 0x000002c0e8f84690 nmethod 8276 0x000002c0c501a288 code [0x000002c0c501a380, 0x000002c0c501a5f8]
Event: 12.313 Thread 0x000002c0de020090 8278       3       javafx.scene.control.TextInputControl::isEditable (11 bytes)
Event: 12.314 Thread 0x000002c0de020090 nmethod 8278 0x000002c0bdd95888 code [0x000002c0bdd95980, 0x000002c0bdd95eb8]
Event: 12.314 Thread 0x000002c0de020090 8279       3       com.sun.javafx.text.TextRun::isLeftToRight (15 bytes)
Event: 12.314 Thread 0x000002c0de020090 nmethod 8279 0x000002c0bdd95f08 code [0x000002c0bdd96000, 0x000002c0bdd96160]
Event: 12.315 Thread 0x000002c0de020090 8280       3       com.sun.javafx.util.WeakReferenceQueue::iterator (9 bytes)
Event: 12.315 Thread 0x000002c0ded71920 8281       3       com.sun.javafx.util.WeakReferenceQueue$1::<init> (26 bytes)
Event: 12.315 Thread 0x000002c0de07edc0 8282       3       com.sun.javafx.util.WeakReferenceQueue$1::hasNext (82 bytes)
Event: 12.315 Thread 0x000002c0ded6e0b0 8283       1       javafx.beans.binding.ObjectBinding::allowValidation (2 bytes)
Event: 12.315 Thread 0x000002c0de020090 nmethod 8280 0x000002c0bdd96208 code [0x000002c0bdd96300, 0x000002c0bdd965f0]
Event: 12.315 Thread 0x000002c0ded71920 nmethod 8281 0x000002c0bdd96608 code [0x000002c0bdd96700, 0x000002c0bdd96970]
Event: 12.316 Thread 0x000002c0de07edc0 nmethod 8282 0x000002c0bdd96988 code [0x000002c0bdd96a80, 0x000002c0bdd97080]
Event: 12.316 Thread 0x000002c0ded6e0b0 nmethod 8283 0x000002c0c501a608 code [0x000002c0c501a700, 0x000002c0c501a7c8]
Event: 12.319 Thread 0x000002c0de07edc0 8284       3       java.lang.CharacterDataUndefined::toLowerCase (2 bytes)
Event: 12.319 Thread 0x000002c0de07edc0 nmethod 8284 0x000002c0bdd97108 code [0x000002c0bdd97200, 0x000002c0bdd97308]
Event: 12.328 Thread 0x000002c0e8f84690 8285       4       jdk.internal.icu.text.BidiBase::bracketProcessChar (667 bytes)
Event: 12.329 Thread 0x000002c0d6ffb5a0 8286       4       com.sun.javafx.font.FontStrikeDesc::equals (98 bytes)
Event: 12.329 Thread 0x000002c0de020090 8287       3       com.sun.javafx.font.CompositeGlyphMapper::convertToGlyph (89 bytes)

GC Heap Usage History (20 events):
Event: 2.974 {heap Before GC invocations=4 (full 0):
 garbage-first heap   total reserved 8204288K, committed 73728K, used 41244K [0x000000060b400000, 0x0000000800000000)
  region size 4096K, 10 young (40960K), 4 survivors (16384K)
}
Event: 2.979 {heap After GC invocations=5 (full 0):
 garbage-first heap   total reserved 8204288K, committed 73728K, used 20100K [0x000000060b400000, 0x0000000800000000)
  region size 4096K, 1 young (4096K), 1 survivors (4096K)
}
Event: 4.404 {heap Before GC invocations=5 (full 0):
 garbage-first heap   total reserved 8204288K, committed 73728K, used 48772K [0x000000060b400000, 0x0000000800000000)
  region size 4096K, 9 young (36864K), 1 survivors (4096K)
}
Event: 4.406 {heap After GC invocations=6 (full 0):
 garbage-first heap   total reserved 8204288K, committed 73728K, used 24815K [0x000000060b400000, 0x0000000800000000)
  region size 4096K, 2 young (8192K), 2 survivors (8192K)
}
Event: 4.446 {heap Before GC invocations=6 (full 0):
 garbage-first heap   total reserved 8204288K, committed 73728K, used 28911K [0x000000060b400000, 0x0000000800000000)
  region size 4096K, 4 young (16384K), 2 survivors (8192K)
}
Event: 4.448 {heap After GC invocations=7 (full 0):
 garbage-first heap   total reserved 8204288K, committed 73728K, used 24722K [0x000000060b400000, 0x0000000800000000)
  region size 4096K, 1 young (4096K), 1 survivors (4096K)
}
Event: 4.875 {heap Before GC invocations=8 (full 0):
 garbage-first heap   total reserved 8204288K, committed 73728K, used 49298K [0x000000060b400000, 0x0000000800000000)
  region size 4096K, 8 young (32768K), 1 survivors (4096K)
}
Event: 4.878 {heap After GC invocations=9 (full 0):
 garbage-first heap   total reserved 8204288K, committed 73728K, used 29702K [0x000000060b400000, 0x0000000800000000)
  region size 4096K, 1 young (4096K), 1 survivors (4096K)
}
Event: 7.025 {heap Before GC invocations=9 (full 0):
 garbage-first heap   total reserved 8204288K, committed 73728K, used 50182K [0x000000060b400000, 0x0000000800000000)
  region size 4096K, 7 young (28672K), 1 survivors (4096K)
}
Event: 7.029 {heap After GC invocations=10 (full 0):
 garbage-first heap   total reserved 8204288K, committed 73728K, used 31772K [0x000000060b400000, 0x0000000800000000)
  region size 4096K, 1 young (4096K), 1 survivors (4096K)
}
Event: 7.327 {heap Before GC invocations=10 (full 0):
 garbage-first heap   total reserved 8204288K, committed 73728K, used 56348K [0x000000060b400000, 0x0000000800000000)
  region size 4096K, 7 young (28672K), 1 survivors (4096K)
}
Event: 7.329 {heap After GC invocations=11 (full 0):
 garbage-first heap   total reserved 8204288K, committed 73728K, used 34473K [0x000000060b400000, 0x0000000800000000)
  region size 4096K, 1 young (4096K), 1 survivors (4096K)
}
Event: 10.273 {heap Before GC invocations=11 (full 0):
 garbage-first heap   total reserved 8204288K, committed 73728K, used 59049K [0x000000060b400000, 0x0000000800000000)
  region size 4096K, 7 young (28672K), 1 survivors (4096K)
}
Event: 10.276 {heap After GC invocations=12 (full 0):
 garbage-first heap   total reserved 8204288K, committed 73728K, used 38619K [0x000000060b400000, 0x0000000800000000)
  region size 4096K, 1 young (4096K), 1 survivors (4096K)
}
Event: 10.909 {heap Before GC invocations=12 (full 0):
 garbage-first heap   total reserved 8204288K, committed 73728K, used 59099K [0x000000060b400000, 0x0000000800000000)
  region size 4096K, 6 young (24576K), 1 survivors (4096K)
}
Event: 10.912 {heap After GC invocations=13 (full 0):
 garbage-first heap   total reserved 8204288K, committed 73728K, used 42224K [0x000000060b400000, 0x0000000800000000)
  region size 4096K, 1 young (4096K), 1 survivors (4096K)
}
Event: 11.577 {heap Before GC invocations=14 (full 0):
 garbage-first heap   total reserved 8204288K, committed 77824K, used 54512K [0x000000060b400000, 0x0000000800000000)
  region size 4096K, 5 young (20480K), 1 survivors (4096K)
}
Event: 11.578 {heap After GC invocations=15 (full 0):
 garbage-first heap   total reserved 8204288K, committed 77824K, used 43591K [0x000000060b400000, 0x0000000800000000)
  region size 4096K, 1 young (4096K), 1 survivors (4096K)
}
Event: 11.996 {heap Before GC invocations=15 (full 0):
 garbage-first heap   total reserved 8204288K, committed 77824K, used 64071K [0x000000060b400000, 0x0000000800000000)
  region size 4096K, 6 young (24576K), 1 survivors (4096K)
}
Event: 11.998 {heap After GC invocations=16 (full 0):
 garbage-first heap   total reserved 8204288K, committed 77824K, used 42487K [0x000000060b400000, 0x0000000800000000)
  region size 4096K, 1 young (4096K), 1 survivors (4096K)
}

Metaspace Usage History (20 events):
Event: 2.974 {metaspace Before GC invocations=4 (full 0):
 Metaspace       used 25695K, committed 26112K, reserved 1114112K
  class space    used 3941K, committed 4096K, reserved 1048576K
}
Event: 2.979 {metaspace After GC invocations=5 (full 0):
 Metaspace       used 25695K, committed 26112K, reserved 1114112K
  class space    used 3941K, committed 4096K, reserved 1048576K
}
Event: 4.404 {metaspace Before GC invocations=5 (full 0):
 Metaspace       used 33865K, committed 34240K, reserved 1114112K
  class space    used 4769K, committed 4928K, reserved 1048576K
}
Event: 4.406 {metaspace After GC invocations=6 (full 0):
 Metaspace       used 33865K, committed 34240K, reserved 1114112K
  class space    used 4769K, committed 4928K, reserved 1048576K
}
Event: 4.446 {metaspace Before GC invocations=6 (full 0):
 Metaspace       used 35500K, committed 35968K, reserved 1114112K
  class space    used 4959K, committed 5184K, reserved 1048576K
}
Event: 4.448 {metaspace After GC invocations=7 (full 0):
 Metaspace       used 35500K, committed 35968K, reserved 1114112K
  class space    used 4959K, committed 5184K, reserved 1048576K
}
Event: 4.875 {metaspace Before GC invocations=8 (full 0):
 Metaspace       used 40832K, committed 41344K, reserved 1114112K
  class space    used 5636K, committed 5888K, reserved 1048576K
}
Event: 4.878 {metaspace After GC invocations=9 (full 0):
 Metaspace       used 40832K, committed 41344K, reserved 1114112K
  class space    used 5636K, committed 5888K, reserved 1048576K
}
Event: 7.025 {metaspace Before GC invocations=9 (full 0):
 Metaspace       used 42827K, committed 43328K, reserved 1114112K
  class space    used 5894K, committed 6144K, reserved 1048576K
}
Event: 7.029 {metaspace After GC invocations=10 (full 0):
 Metaspace       used 42827K, committed 43328K, reserved 1114112K
  class space    used 5894K, committed 6144K, reserved 1048576K
}
Event: 7.327 {metaspace Before GC invocations=10 (full 0):
 Metaspace       used 46838K, committed 47296K, reserved 1114112K
  class space    used 6551K, committed 6720K, reserved 1048576K
}
Event: 7.329 {metaspace After GC invocations=11 (full 0):
 Metaspace       used 46838K, committed 47296K, reserved 1114112K
  class space    used 6551K, committed 6720K, reserved 1048576K
}
Event: 10.273 {metaspace Before GC invocations=11 (full 0):
 Metaspace       used 49126K, committed 49664K, reserved 1114112K
  class space    used 6893K, committed 7168K, reserved 1048576K
}
Event: 10.276 {metaspace After GC invocations=12 (full 0):
 Metaspace       used 49126K, committed 49664K, reserved 1114112K
  class space    used 6893K, committed 7168K, reserved 1048576K
}
Event: 10.909 {metaspace Before GC invocations=12 (full 0):
 Metaspace       used 49740K, committed 50240K, reserved 1114112K
  class space    used 6977K, committed 7232K, reserved 1048576K
}
Event: 10.912 {metaspace After GC invocations=13 (full 0):
 Metaspace       used 49740K, committed 50240K, reserved 1114112K
  class space    used 6977K, committed 7232K, reserved 1048576K
}
Event: 11.577 {metaspace Before GC invocations=14 (full 0):
 Metaspace       used 49835K, committed 50368K, reserved 1114112K
  class space    used 6976K, committed 7232K, reserved 1048576K
}
Event: 11.578 {metaspace After GC invocations=15 (full 0):
 Metaspace       used 49835K, committed 50368K, reserved 1114112K
  class space    used 6976K, committed 7232K, reserved 1048576K
}
Event: 11.996 {metaspace Before GC invocations=15 (full 0):
 Metaspace       used 49951K, committed 50496K, reserved 1114112K
  class space    used 6983K, committed 7232K, reserved 1048576K
}
Event: 11.998 {metaspace After GC invocations=16 (full 0):
 Metaspace       used 49951K, committed 50496K, reserved 1114112K
  class space    used 6983K, committed 7232K, reserved 1048576K
}

Dll operation events (20 events):
Event: 0.306 Attempting to load shared library C:\Users\matea\.openjfx\cache\21.0.6+3\amd64\vcruntime140.dll
Event: 0.306 Loaded shared library C:\Users\matea\.openjfx\cache\21.0.6+3\amd64\vcruntime140.dll
Event: 0.308 Attempting to load shared library C:\Users\matea\.openjfx\cache\21.0.6+3\amd64\vcruntime140_1.dll
Event: 0.308 Loaded shared library C:\Users\matea\.openjfx\cache\21.0.6+3\amd64\vcruntime140_1.dll
Event: 0.314 Attempting to load shared library C:\Users\matea\.openjfx\cache\21.0.6+3\amd64\msvcp140.dll
Event: 0.315 Loaded shared library C:\Users\matea\.openjfx\cache\21.0.6+3\amd64\msvcp140.dll
Event: 0.318 Attempting to load shared library C:\Users\matea\.openjfx\cache\21.0.6+3\amd64\msvcp140_1.dll
Event: 0.318 Loaded shared library C:\Users\matea\.openjfx\cache\21.0.6+3\amd64\msvcp140_1.dll
Event: 0.323 Attempting to load shared library C:\Users\matea\.openjfx\cache\21.0.6+3\amd64\msvcp140_2.dll
Event: 0.323 Loaded shared library C:\Users\matea\.openjfx\cache\21.0.6+3\amd64\msvcp140_2.dll
Event: 0.345 Attempting to load shared library C:\Users\matea\.openjfx\cache\21.0.6+3\amd64\prism_d3d.dll
Event: 0.348 Loaded shared library C:\Users\matea\.openjfx\cache\21.0.6+3\amd64\prism_d3d.dll
Event: 0.417 Attempting to load shared library C:\Users\matea\.openjfx\cache\21.0.6+3\amd64\glass.dll
Event: 0.418 Loaded shared library C:\Users\matea\.openjfx\cache\21.0.6+3\amd64\glass.dll
Event: 0.511 Attempting to load shared library C:\Users\matea\.openjfx\cache\21.0.6+3\amd64\javafx_font.dll
Event: 0.512 Loaded shared library C:\Users\matea\.openjfx\cache\21.0.6+3\amd64\javafx_font.dll
Event: 0.542 Attempting to load shared library C:\Users\matea\AppData\Local\Temp\jna-103668220\jna5939809090069454895.dll
Event: 0.594 Loaded shared library C:\Users\matea\AppData\Local\Temp\jna-103668220\jna5939809090069454895.dll
Event: 4.373 Attempting to load shared library C:\Users\matea\.jdks\corretto-25.0.4.1\bin\sunmscapi.dll
Event: 4.375 Loaded shared library C:\Users\matea\.jdks\corretto-25.0.4.1\bin\sunmscapi.dll

Deoptimization events (20 events):
Event: 11.596 Thread 0x000002c0df3e2f60 Uncommon trap: trap_request=0xffffffde fr.pc=0x000002c0c4e66bb4 relative=0x00000000000000b4
Event: 11.596 Thread 0x000002c0df3e2f60 Uncommon trap: reason=class_check action=maybe_recompile pc=0x000002c0c4e66bb4 method=java.lang.Character.isWhitespace(I)Z @ 5 c2
Event: 11.596 Thread 0x000002c0df3e2f60 DEOPT PACKING pc=0x000002c0c4e66bb4 sp=0x000000df29bfd470
Event: 11.596 Thread 0x000002c0df3e2f60 DEOPT UNPACKING pc=0x000002c0c4691702 sp=0x000000df29bfd3a8 mode 2
Event: 11.599 Thread 0x000002c0df3e2f60 Uncommon trap: trap_request=0xffffff45 fr.pc=0x000002c0c4f51ef0 relative=0x00000000000002d0
Event: 11.599 Thread 0x000002c0df3e2f60 Uncommon trap: reason=unstable_if action=reinterpret pc=0x000002c0c4f51ef0 method=com.sun.javafx.geom.transform.Translate2D.isIdentity()Z @ 15 c2
Event: 11.599 Thread 0x000002c0df3e2f60 DEOPT PACKING pc=0x000002c0c4f51ef0 sp=0x000000df29bfdef0
Event: 11.599 Thread 0x000002c0df3e2f60 DEOPT UNPACKING pc=0x000002c0c4691702 sp=0x000000df29bfde40 mode 2
Event: 11.601 Thread 0x000002c0df141df0 Uncommon trap: trap_request=0xffffffd6 fr.pc=0x000002c0c4ddbc54 relative=0x00000000000008d4
Event: 11.601 Thread 0x000002c0df141df0 Uncommon trap: reason=array_check action=maybe_recompile pc=0x000002c0c4ddbc54 method=com.sun.javafx.font.CompositeStrike.getStrikeSlot(I)Lcom/sun/javafx/font/FontStrike; @ 155 c2
Event: 11.601 Thread 0x000002c0df141df0 DEOPT PACKING pc=0x000002c0c4ddbc54 sp=0x000000df296fb750
Event: 11.601 Thread 0x000002c0df141df0 DEOPT UNPACKING pc=0x000002c0c4691702 sp=0x000000df296fb718 mode 2
Event: 11.602 Thread 0x000002c0df141df0 Uncommon trap: trap_request=0xffffffd6 fr.pc=0x000002c0c4ddbc54 relative=0x00000000000008d4
Event: 11.602 Thread 0x000002c0df141df0 Uncommon trap: reason=array_check action=maybe_recompile pc=0x000002c0c4ddbc54 method=com.sun.javafx.font.CompositeStrike.getStrikeSlot(I)Lcom/sun/javafx/font/FontStrike; @ 155 c2
Event: 11.602 Thread 0x000002c0df141df0 DEOPT PACKING pc=0x000002c0c4ddbc54 sp=0x000000df296fb750
Event: 11.602 Thread 0x000002c0df141df0 DEOPT UNPACKING pc=0x000002c0c4691702 sp=0x000000df296fb718 mode 2
Event: 11.864 Thread 0x000002c0f45020e0 DEOPT PACKING pc=0x000002c0bdd2dbed sp=0x000000df291fef20
Event: 11.864 Thread 0x000002c0f45020e0 DEOPT UNPACKING pc=0x000002c0c45b12a2 sp=0x000000df291fe430 mode 0
Event: 12.093 Thread 0x000002c0f45020e0 DEOPT PACKING pc=0x000002c0bd1df0db sp=0x000000df291fed60
Event: 12.093 Thread 0x000002c0f45020e0 DEOPT UNPACKING pc=0x000002c0c45b12a2 sp=0x000000df291fe220 mode 0

Classes loaded (20 events):
Event: 10.667 Loading class java/lang/CharacterDataUndefined
Event: 10.667 Loading class java/lang/CharacterDataUndefined done
Event: 10.669 Loading class java/lang/ConditionalSpecialCasing
Event: 10.669 Loading class java/lang/ConditionalSpecialCasing done
Event: 10.669 Loading class java/lang/ConditionalSpecialCasing$Entry
Event: 10.669 Loading class java/lang/ConditionalSpecialCasing$Entry done
Event: 10.670 Loading class java/lang/CharacterData0E
Event: 10.670 Loading class java/lang/CharacterData0E done
Event: 10.670 Loading class java/lang/CharacterData03
Event: 10.670 Loading class java/lang/CharacterData03 done
Event: 11.579 Loading class jdk/internal/icu/text/BidiBase$BracketData
Event: 11.579 Loading class jdk/internal/icu/text/BidiBase$BracketData done
Event: 11.579 Loading class jdk/internal/icu/text/BidiBase$Opening
Event: 11.579 Loading class jdk/internal/icu/text/BidiBase$Opening done
Event: 11.579 Loading class jdk/internal/icu/text/BidiBase$IsoRun
Event: 11.579 Loading class jdk/internal/icu/text/BidiBase$IsoRun done
Event: 11.579 Loading class jdk/internal/icu/text/BidiBase$LevState
Event: 11.579 Loading class jdk/internal/icu/text/BidiBase$LevState done
Event: 11.579 Loading class java/util/DualPivotQuicksort$SortOperation
Event: 11.579 Loading class java/util/DualPivotQuicksort$SortOperation done

Classes unloaded (1 events):
Event: 10.923 Thread 0x000002c0d6fd8010 Unloading class 0x0000000093528800 'java/lang/invoke/LambdaForm$DMH+0x0000000093528800'

Classes redefined (0 events):
No events

Internal exceptions (20 events):
Event: 7.198 Thread 0x000002c0df3e2f60 Exception <a 'sun/nio/fs/WindowsException'{0x000000062a98a340}> (0x000000062a98a340) 
thrown [s\src\hotspot\share\prims\jni.cpp, line 516]
Event: 7.204 Thread 0x000002c0df3e2f60 Exception <a 'sun/nio/fs/WindowsException'{0x000000062a9f4f88}> (0x000000062a9f4f88) 
thrown [s\src\hotspot\share\prims\jni.cpp, line 516]
Event: 7.204 Thread 0x000002c0df3e2f60 Exception <a 'sun/nio/fs/WindowsException'{0x000000062a9f5c50}> (0x000000062a9f5c50) 
thrown [s\src\hotspot\share\prims\jni.cpp, line 516]
Event: 7.207 Thread 0x000002c0df3e2f60 Exception <a 'sun/nio/fs/WindowsException'{0x000000062aa45088}> (0x000000062aa45088) 
thrown [s\src\hotspot\share\prims\jni.cpp, line 516]
Event: 7.207 Thread 0x000002c0df3e2f60 Exception <a 'sun/nio/fs/WindowsException'{0x000000062aa45d50}> (0x000000062aa45d50) 
thrown [s\src\hotspot\share\prims\jni.cpp, line 516]
Event: 7.218 Thread 0x000002c0df3e2f60 Exception <a 'sun/nio/fs/WindowsException'{0x000000062aaf6270}> (0x000000062aaf6270) 
thrown [s\src\hotspot\share\prims\jni.cpp, line 516]
Event: 7.218 Thread 0x000002c0df3e2f60 Exception <a 'sun/nio/fs/WindowsException'{0x000000062aaf6c88}> (0x000000062aaf6c88) 
thrown [s\src\hotspot\share\prims\jni.cpp, line 516]
Event: 7.218 Thread 0x000002c0df3e2f60 Exception <a 'sun/nio/fs/WindowsException'{0x000000062aaf79c0}> (0x000000062aaf79c0) 
thrown [s\src\hotspot\share\prims\jni.cpp, line 516]
Event: 7.218 Thread 0x000002c0df3e2f60 Exception <a 'sun/nio/fs/WindowsException'{0x000000062aaf83d8}> (0x000000062aaf83d8) 
thrown [s\src\hotspot\share\prims\jni.cpp, line 516]
Event: 7.230 Thread 0x000002c0df3e2f60 Exception <a 'java/lang/NoSuchMethodError'{0x000000062842fd18}: 'void java.lang.invoke.DirectMethodHandle$Holder.invokeStatic(java.lang.Object, int)'> (0x000000062842fd18) 
thrown [s\src\hotspot\share\interpreter\linkResolver.cpp, line 804]
Event: 7.230 Thread 0x000002c0df3e2f60 Exception <a 'java/lang/NoSuchMethodError'{0x0000000628437f78}: 'void java.lang.invoke.DirectMethodHandle$Holder.invokeStaticInit(java.lang.Object, int)'> (0x0000000628437f78) 
thrown [s\src\hotspot\share\interpreter\linkResolver.cpp, line 804]
Event: 7.236 Thread 0x000002c0df3e2f60 Implicit null exception at 0x000002c0c4eccfe7 to 0x000002c0c4ecd344
Event: 7.395 Thread 0x000002c0df3e2f60 Exception <a 'java/lang/NoSuchMethodError'{0x000000062ab32b98}: 'void java.lang.invoke.DirectMethodHandle$Holder.invokeSpecial(java.lang.Object, java.lang.Object, int, int)'> (0x000000062ab32b98) 
thrown [s\src\hotspot\share\interpreter\linkResolver.cpp, line 804]
Event: 7.396 Thread 0x000002c0df3e2f60 Exception <a 'java/lang/NoSuchMethodError'{0x000000062ab42140}: 'java.lang.Object java.lang.invoke.DirectMethodHandle$Holder.newInvokeSpecial(java.lang.Object, java.lang.Object, int, int)'> (0x000000062ab42140) 
thrown [s\src\hotspot\share\interpreter\linkResolver.cpp, line 804]
Event: 7.396 Thread 0x000002c0df3e2f60 Exception <a 'java/lang/NoSuchMethodError'{0x000000062ab4ac48}: 'java.lang.Object java.lang.invoke.Invokers$Holder.linkToTargetMethod(java.lang.Object, int, int, java.lang.Object)'> (0x000000062ab4ac48) 
thrown [s\src\hotspot\share\interpreter\linkResolver.cpp, line 804]
Event: 7.420 Thread 0x000002c0df3e2f60 Exception <a 'java/lang/IncompatibleClassChangeError'{0x0000000628555300}: Found class java.lang.Object, but interface was expected> (0x0000000628555300) 
thrown [s\src\hotspot\share\interpreter\linkResolver.cpp, line 871]
Event: 10.658 Thread 0x000002c0df3e2f60 Exception <a 'java/lang/NoSuchMethodError'{0x00000007fffd4878}: 'java.lang.Object java.lang.invoke.DirectMethodHandle$Holder.newInvokeSpecial(java.lang.Object, java.lang.Object, java.lang.Object, long)'> (0x00000007fffd4878) 
thrown [s\src\hotspot\share\interpreter\linkResolver.cpp, line 804]
Event: 10.674 Thread 0x000002c0f4501140 Exception <a 'java/lang/NoSuchMethodError'{0x000000062ab538d0}: 'java.lang.Object java.lang.invoke.DirectMethodHandle$Holder.newInvokeSpecial(java.lang.Object, java.lang.Object, long, java.lang.Object)'> (0x000000062ab538d0) 
thrown [s\src\hotspot\share\interpreter\linkResolver.cpp, line 804]
Event: 10.674 Thread 0x000002c0f4501140 Exception <a 'java/lang/NoSuchMethodError'{0x000000062ab63d88}: 'java.lang.Object java.lang.invoke.Invokers$Holder.linkToTargetMethod(java.lang.Object, long, java.lang.Object, java.lang.Object)'> (0x000000062ab63d88) 
thrown [s\src\hotspot\share\interpreter\linkResolver.cpp, line 804]
Event: 11.579 Thread 0x000002c0df3e2f60 Exception <a 'java/lang/NoSuchMethodError'{0x00000007ffc24558}: 'void java.lang.invoke.DirectMethodHandle$Holder.invokeStatic(java.lang.Object, java.lang.Object, int, int)'> (0x00000007ffc24558) 
thrown [s\src\hotspot\share\interpreter\linkResolver.cpp, line 804]

VM Operations (20 events):
Event: 7.232 Executing non-safepoint VM operation: HandshakeAllThreads (Deoptimize)
Event: 7.232 Executing non-safepoint VM operation: HandshakeAllThreads (Deoptimize) done
Event: 7.232 Executing non-safepoint VM operation: HandshakeAllThreads (Deoptimize)
Event: 7.233 Executing non-safepoint VM operation: HandshakeAllThreads (Deoptimize) done
Event: 7.327 Executing safepoint VM operation: G1CollectForAllocation (G1 Evacuation Pause)
Event: 7.329 Executing safepoint VM operation: G1CollectForAllocation (G1 Evacuation Pause) done
Event: 10.273 Executing safepoint VM operation: G1CollectForAllocation (G1 Evacuation Pause)
Event: 10.276 Executing safepoint VM operation: G1CollectForAllocation (G1 Evacuation Pause) done
Event: 10.309 Executing non-safepoint VM operation: HandshakeAllThreads (Deoptimize)
Event: 10.309 Executing non-safepoint VM operation: HandshakeAllThreads (Deoptimize) done
Event: 10.909 Executing safepoint VM operation: G1CollectForAllocation (G1 Evacuation Pause)
Event: 10.912 Executing safepoint VM operation: G1CollectForAllocation (G1 Evacuation Pause) done
Event: 10.922 Executing safepoint VM operation: G1PauseRemark
Event: 10.927 Executing safepoint VM operation: G1PauseRemark done
Event: 10.931 Executing safepoint VM operation: G1PauseCleanup
Event: 10.931 Executing safepoint VM operation: G1PauseCleanup done
Event: 11.577 Executing safepoint VM operation: G1CollectForAllocation (G1 Evacuation Pause)
Event: 11.578 Executing safepoint VM operation: G1CollectForAllocation (G1 Evacuation Pause) done
Event: 11.996 Executing safepoint VM operation: G1CollectForAllocation (G1 Evacuation Pause)
Event: 11.998 Executing safepoint VM operation: G1CollectForAllocation (G1 Evacuation Pause) done

Memory protections (0 events):
No events

Nmethod flushes (20 events):
Event: 10.927 Thread 0x000002c0d6fd8010 flushing  nmethod 0x000002c0bd20fb08
Event: 10.927 Thread 0x000002c0d6fd8010 flushing  nmethod 0x000002c0bd230f08
Event: 10.927 Thread 0x000002c0d6fd8010 flushing  nmethod 0x000002c0bd231688
Event: 10.927 Thread 0x000002c0d6fd8010 flushing  nmethod 0x000002c0bd28fc08
Event: 10.927 Thread 0x000002c0d6fd8010 flushing  nmethod 0x000002c0bd28ff88
Event: 10.927 Thread 0x000002c0d6fd8010 flushing  nmethod 0x000002c0bd2b6188
Event: 10.927 Thread 0x000002c0d6fd8010 flushing  nmethod 0x000002c0bd322288
Event: 10.927 Thread 0x000002c0d6fd8010 flushing  nmethod 0x000002c0bd3aeb08
Event: 10.927 Thread 0x000002c0d6fd8010 flushing  nmethod 0x000002c0bd51f108
Event: 10.927 Thread 0x000002c0d6fd8010 flushing  nmethod 0x000002c0bd55e708
Event: 10.927 Thread 0x000002c0d6fd8010 flushing  nmethod 0x000002c0bd55ed88
Event: 10.927 Thread 0x000002c0d6fd8010 flushing  nmethod 0x000002c0bd560e88
Event: 10.927 Thread 0x000002c0d6fd8010 flushing  nmethod 0x000002c0bd592508
Event: 10.927 Thread 0x000002c0d6fd8010 flushing  nmethod 0x000002c0bd593708
Event: 10.927 Thread 0x000002c0d6fd8010 flushing  nmethod 0x000002c0bd593b88
Event: 10.927 Thread 0x000002c0d6fd8010 flushing  nmethod 0x000002c0bd5a8208
Event: 10.927 Thread 0x000002c0d6fd8010 flushing osr nmethod 0x000002c0bd5c6d88
Event: 10.927 Thread 0x000002c0d6fd8010 flushing  nmethod 0x000002c0bd646508
Event: 10.927 Thread 0x000002c0d6fd8010 flushing  nmethod 0x000002c0bd64c988
Event: 10.927 Thread 0x000002c0d6fd8010 flushing  nmethod 0x000002c0bd64ce88

Events (20 events):
Event: 11.805 Thread 0x000002c0f44ff200 Thread exited: 0x000002c0f44ff200
Event: 11.815 Thread 0x000002c0f4505f60 Thread exited: 0x000002c0f4505f60
Event: 11.857 Thread 0x000002c0df3e2f60 Thread added: 0x000002c0f45020e0
Event: 11.869 Thread 0x000002c0f45020e0 Thread exited: 0x000002c0f45020e0
Event: 11.921 Thread 0x000002c0df3e2f60 Thread added: 0x000002c0f44ff200
Event: 11.932 Thread 0x000002c0f44ff200 Thread exited: 0x000002c0f44ff200
Event: 11.990 Thread 0x000002c0df3e2f60 Thread added: 0x000002c0f45020e0
Event: 12.002 Thread 0x000002c0f45020e0 Thread exited: 0x000002c0f45020e0
Event: 12.089 Thread 0x000002c0df3e2f60 Thread added: 0x000002c0f45020e0
Event: 12.093 Thread 0x000002c0e8f86ee0 Thread exited: 0x000002c0e8f86ee0
Event: 12.099 Thread 0x000002c0f45020e0 Thread exited: 0x000002c0f45020e0
Event: 12.163 Thread 0x000002c0df3e2f60 Thread added: 0x000002c0f45020e0
Event: 12.174 Thread 0x000002c0f45020e0 Thread exited: 0x000002c0f45020e0
Event: 12.212 Thread 0x000002c0df3e2f60 Thread added: 0x000002c0f4501140
Event: 12.224 Thread 0x000002c0f4501140 Thread exited: 0x000002c0f4501140
Event: 12.240 Thread 0x000002c0ded71920 Thread added: 0x000002c0e8f84690
Event: 12.314 Thread 0x000002c0df3e2f60 Thread added: 0x000002c0f4501140
Event: 12.316 Thread 0x000002c0f4501140 Thread exited: 0x000002c0f4501140
Event: 12.316 Thread 0x000002c0df3e2f60 Thread added: 0x000002c0f4501140
Event: 12.324 Thread 0x000002c0f4501140 Thread exited: 0x000002c0f4501140


Dynamic libraries:
0x00007ff68c230000 - 0x00007ff68c23e000 	C:\Users\matea\.jdks\corretto-25.0.4.1\bin\java.exe
0x00007ffc92980000 - 0x00007ffc92be7000 	C:\WINDOWS\SYSTEM32\ntdll.dll
0x00007ffc91760000 - 0x00007ffc9182a000 	C:\WINDOWS\System32\KERNEL32.DLL
0x00007ffc8ff10000 - 0x00007ffc90310000 	C:\WINDOWS\System32\KERNELBASE.dll
0x00007ffc8fdb0000 - 0x00007ffc8fefc000 	C:\WINDOWS\System32\ucrtbase.dll
0x00007ffc77390000 - 0x00007ffc773a7000 	C:\Users\matea\.jdks\corretto-25.0.4.1\bin\jli.dll
0x00007ffc74570000 - 0x00007ffc7458e000 	C:\Users\matea\.jdks\corretto-25.0.4.1\bin\VCRUNTIME140.dll
0x00007ffc908a0000 - 0x00007ffc90a7d000 	C:\WINDOWS\System32\USER32.dll
0x00007ffc84cd0000 - 0x00007ffc84f60000 	C:\WINDOWS\WinSxS\amd64_microsoft.windows.common-controls_6595b64144ccf1df_6.0.26100.9596_none_3e0f4960e32e3260\COMCTL32.dll
0x00007ffc90490000 - 0x00007ffc904b7000 	C:\WINDOWS\System32\win32u.dll
0x00007ffc91c60000 - 0x00007ffc91c8b000 	C:\WINDOWS\System32\GDI32.dll
0x00007ffc91910000 - 0x00007ffc919b9000 	C:\WINDOWS\System32\msvcrt.dll
0x00007ffc90580000 - 0x00007ffc906a7000 	C:\WINDOWS\System32\gdi32full.dll
0x00007ffc90320000 - 0x00007ffc903c3000 	C:\WINDOWS\System32\msvcp_win.dll
0x00007ffc91c90000 - 0x00007ffc91cc1000 	C:\WINDOWS\System32\IMM32.DLL
0x00007ffc7fd80000 - 0x00007ffc7fd8c000 	C:\Users\matea\.jdks\corretto-25.0.4.1\bin\vcruntime140_1.dll
0x00007ffc61960000 - 0x00007ffc619e9000 	C:\Users\matea\.jdks\corretto-25.0.4.1\bin\msvcp140.dll
0x00007ffc0f870000 - 0x00007ffc107a7000 	C:\Users\matea\.jdks\corretto-25.0.4.1\bin\server\jvm.dll
0x00007ffc91830000 - 0x00007ffc918eb000 	C:\WINDOWS\System32\ADVAPI32.dll
0x00007ffc90e80000 - 0x00007ffc90f28000 	C:\WINDOWS\System32\sechost.dll
0x00007ffc91d60000 - 0x00007ffc91e78000 	C:\WINDOWS\System32\RPCRT4.dll
0x00007ffc90f30000 - 0x00007ffc90fb0000 	C:\WINDOWS\System32\WS2_32.dll
0x00007ffc8f9e0000 - 0x00007ffc8fa3e000 	C:\WINDOWS\SYSTEM32\POWRPROF.dll
0x00007ffc8b7c0000 - 0x00007ffc8b7cb000 	C:\WINDOWS\SYSTEM32\VERSION.dll
0x00007ffc8bf70000 - 0x00007ffc8bfa6000 	C:\WINDOWS\SYSTEM32\WINMM.dll
0x00007ffc8f9c0000 - 0x00007ffc8f9d5000 	C:\WINDOWS\SYSTEM32\UMPDC.dll
0x00007ffc8e310000 - 0x00007ffc8e32b000 	C:\WINDOWS\SYSTEM32\kernel.appcore.dll
0x00007ffc7fba0000 - 0x00007ffc7fbaa000 	C:\Users\matea\.jdks\corretto-25.0.4.1\bin\jimage.dll
0x00007ffc8cab0000 - 0x00007ffc8ccfc000 	C:\WINDOWS\SYSTEM32\DBGHELP.DLL
0x00007ffc925b0000 - 0x00007ffc9293a000 	C:\WINDOWS\System32\combase.dll
0x00007ffc91f70000 - 0x00007ffc92049000 	C:\WINDOWS\System32\OLEAUT32.dll
0x00007ffc8bf30000 - 0x00007ffc8bf6b000 	C:\WINDOWS\SYSTEM32\dbgcore.DLL
0x00007ffc903d0000 - 0x00007ffc9047c000 	C:\WINDOWS\System32\bcryptPrimitives.dll
0x00007ffc77380000 - 0x00007ffc77390000 	C:\Users\matea\.jdks\corretto-25.0.4.1\bin\instrument.dll
0x00007ffc743d0000 - 0x00007ffc743ef000 	C:\Users\matea\.jdks\corretto-25.0.4.1\bin\java.dll
0x00007ffc919c0000 - 0x00007ffc91b59000 	C:\WINDOWS\System32\ole32.dll
0x00007ffc90fc0000 - 0x00007ffc91758000 	C:\WINDOWS\System32\SHELL32.dll
0x00007ffc8d090000 - 0x00007ffc8d93e000 	C:\WINDOWS\SYSTEM32\windows.storage.dll
0x00007ffc91b60000 - 0x00007ffc91c5b000 	C:\WINDOWS\System32\SHCORE.dll
0x00007ffc90c20000 - 0x00007ffc90c86000 	C:\WINDOWS\System32\shlwapi.dll
0x00007ffc8faa0000 - 0x00007ffc8fac9000 	C:\WINDOWS\SYSTEM32\profapi.dll
0x00007ffc6f640000 - 0x00007ffc6f656000 	C:\Users\matea\.jdks\corretto-25.0.4.1\bin\zip.dll
0x00007ffc72280000 - 0x00007ffc72292000 	C:\Users\matea\.jdks\corretto-25.0.4.1\bin\net.dll
0x00007ffc8e8a0000 - 0x00007ffc8e90b000 	C:\WINDOWS\system32\mswsock.dll
0x00007ffc6fd80000 - 0x00007ffc6fd96000 	C:\Users\matea\.jdks\corretto-25.0.4.1\bin\nio.dll
0x00007ffc74730000 - 0x00007ffc74739000 	C:\Users\matea\.jdks\corretto-25.0.4.1\bin\extnet.dll
0x000002c0d9f10000 - 0x000002c0d9f13000 	C:\Users\matea\.openjfx\cache\21.0.6+3\amd64\api-ms-win-core-console-l1-1-0.dll
0x000002c0d9f20000 - 0x000002c0d9f23000 	C:\Users\matea\.openjfx\cache\21.0.6+3\amd64\api-ms-win-core-console-l1-2-0.dll
0x00007ffc8dbd0000 - 0x00007ffc8dd1c000 	C:\WINDOWS\SYSTEM32\DNSAPI.dll
0x00007ffc8e6a0000 - 0x00007ffc8e6ad000 	C:\WINDOWS\SYSTEM32\DSPARSE.dll
0x00007ffc8de20000 - 0x00007ffc8de53000 	C:\WINDOWS\SYSTEM32\IPHLPAPI.DLL
0x00007ffc924e0000 - 0x00007ffc924ea000 	C:\WINDOWS\System32\NSI.dll
0x00007ffc81230000 - 0x00007ffc8123b000 	C:\Windows\System32\rasadhlp.dll
0x00007ffc81e50000 - 0x00007ffc81ed6000 	C:\WINDOWS\System32\fwpuclnt.dll
0x000002c0d9f30000 - 0x000002c0d9f33000 	C:\Users\matea\.openjfx\cache\21.0.6+3\amd64\api-ms-win-core-datetime-l1-1-0.dll
0x000002c0d9f40000 - 0x000002c0d9f43000 	C:\Users\matea\.openjfx\cache\21.0.6+3\amd64\api-ms-win-core-debug-l1-1-0.dll
0x00007ffc74560000 - 0x00007ffc7456a000 	C:\Users\matea\.jdks\corretto-25.0.4.1\bin\management.dll
0x000002c0d9f50000 - 0x000002c0d9f53000 	C:\Users\matea\.openjfx\cache\21.0.6+3\amd64\api-ms-win-core-errorhandling-l1-1-0.dll
0x000002c0d9f60000 - 0x000002c0d9f64000 	C:\Users\matea\.openjfx\cache\21.0.6+3\amd64\api-ms-win-core-file-l1-1-0.dll
0x00007ffc74520000 - 0x00007ffc7452c000 	C:\Users\matea\.jdks\corretto-25.0.4.1\bin\management_ext.dll
0x00007ffc925a0000 - 0x00007ffc925a8000 	C:\WINDOWS\System32\PSAPI.DLL
0x000002c0d9f70000 - 0x000002c0d9f73000 	C:\Users\matea\.openjfx\cache\21.0.6+3\amd64\api-ms-win-core-file-l1-2-0.dll
0x000002c0d9f80000 - 0x000002c0d9f83000 	C:\Users\matea\.openjfx\cache\21.0.6+3\amd64\api-ms-win-core-file-l2-1-0.dll
0x000002c0d9f90000 - 0x000002c0d9f93000 	C:\Users\matea\.openjfx\cache\21.0.6+3\amd64\api-ms-win-core-handle-l1-1-0.dll
0x000002c0d9fa0000 - 0x000002c0d9fa3000 	C:\Users\matea\.openjfx\cache\21.0.6+3\amd64\api-ms-win-core-heap-l1-1-0.dll
0x000002c0d9fb0000 - 0x000002c0d9fb3000 	C:\Users\matea\.openjfx\cache\21.0.6+3\amd64\api-ms-win-core-interlocked-l1-1-0.dll
0x000002c0d9fc0000 - 0x000002c0d9fc3000 	C:\Users\matea\.openjfx\cache\21.0.6+3\amd64\api-ms-win-core-libraryloader-l1-1-0.dll
0x000002c0d9fd0000 - 0x000002c0d9fd3000 	C:\Users\matea\.openjfx\cache\21.0.6+3\amd64\api-ms-win-core-localization-l1-2-0.dll
0x000002c0d9fe0000 - 0x000002c0d9fe3000 	C:\Users\matea\.openjfx\cache\21.0.6+3\amd64\api-ms-win-core-memory-l1-1-0.dll
0x000002c0d9ff0000 - 0x000002c0d9ff3000 	C:\Users\matea\.openjfx\cache\21.0.6+3\amd64\api-ms-win-core-namedpipe-l1-1-0.dll
0x000002c0dff10000 - 0x000002c0dff13000 	C:\Users\matea\.openjfx\cache\21.0.6+3\amd64\api-ms-win-core-processenvironment-l1-1-0.dll
0x000002c0dff20000 - 0x000002c0dff23000 	C:\Users\matea\.openjfx\cache\21.0.6+3\amd64\api-ms-win-core-processthreads-l1-1-0.dll
0x000002c0dff30000 - 0x000002c0dff33000 	C:\Users\matea\.openjfx\cache\21.0.6+3\amd64\api-ms-win-core-processthreads-l1-1-1.dll
0x000002c0dff40000 - 0x000002c0dff43000 	C:\Users\matea\.openjfx\cache\21.0.6+3\amd64\api-ms-win-core-profile-l1-1-0.dll
0x000002c0dff50000 - 0x000002c0dff53000 	C:\Users\matea\.openjfx\cache\21.0.6+3\amd64\api-ms-win-core-rtlsupport-l1-1-0.dll
0x000002c0dff60000 - 0x000002c0dff63000 	C:\Users\matea\.openjfx\cache\21.0.6+3\amd64\api-ms-win-core-string-l1-1-0.dll
0x000002c0dff70000 - 0x000002c0dff73000 	C:\Users\matea\.openjfx\cache\21.0.6+3\amd64\api-ms-win-core-synch-l1-1-0.dll
0x000002c0dff80000 - 0x000002c0dff83000 	C:\Users\matea\.openjfx\cache\21.0.6+3\amd64\api-ms-win-core-synch-l1-2-0.dll
0x000002c0dff90000 - 0x000002c0dff93000 	C:\Users\matea\.openjfx\cache\21.0.6+3\amd64\api-ms-win-core-sysinfo-l1-1-0.dll
0x000002c0dffa0000 - 0x000002c0dffa3000 	C:\Users\matea\.openjfx\cache\21.0.6+3\amd64\api-ms-win-core-timezone-l1-1-0.dll
0x000002c0dffb0000 - 0x000002c0dffb3000 	C:\Users\matea\.openjfx\cache\21.0.6+3\amd64\api-ms-win-core-util-l1-1-0.dll
0x000002c0dffc0000 - 0x000002c0dffc3000 	C:\Users\matea\.openjfx\cache\21.0.6+3\amd64\api-ms-win-crt-conio-l1-1-0.dll
0x000002c0dffd0000 - 0x000002c0dffd4000 	C:\Users\matea\.openjfx\cache\21.0.6+3\amd64\api-ms-win-crt-convert-l1-1-0.dll
0x000002c0dffe0000 - 0x000002c0dffe3000 	C:\Users\matea\.openjfx\cache\21.0.6+3\amd64\api-ms-win-crt-environment-l1-1-0.dll
0x000002c0dfff0000 - 0x000002c0dfff3000 	C:\Users\matea\.openjfx\cache\21.0.6+3\amd64\api-ms-win-crt-filesystem-l1-1-0.dll
0x000002c0e0000000 - 0x000002c0e0003000 	C:\Users\matea\.openjfx\cache\21.0.6+3\amd64\api-ms-win-crt-heap-l1-1-0.dll
0x000002c0e0010000 - 0x000002c0e0013000 	C:\Users\matea\.openjfx\cache\21.0.6+3\amd64\api-ms-win-crt-locale-l1-1-0.dll
0x000002c0e0020000 - 0x000002c0e0025000 	C:\Users\matea\.openjfx\cache\21.0.6+3\amd64\api-ms-win-crt-math-l1-1-0.dll
0x000002c0e0030000 - 0x000002c0e0035000 	C:\Users\matea\.openjfx\cache\21.0.6+3\amd64\api-ms-win-crt-multibyte-l1-1-0.dll
0x000002c0e0040000 - 0x000002c0e0050000 	C:\Users\matea\.openjfx\cache\21.0.6+3\amd64\api-ms-win-crt-private-l1-1-0.dll
0x000002c0e0050000 - 0x000002c0e0053000 	C:\Users\matea\.openjfx\cache\21.0.6+3\amd64\api-ms-win-crt-process-l1-1-0.dll
0x000002c0e0060000 - 0x000002c0e0064000 	C:\Users\matea\.openjfx\cache\21.0.6+3\amd64\api-ms-win-crt-runtime-l1-1-0.dll
0x000002c0e0070000 - 0x000002c0e0074000 	C:\Users\matea\.openjfx\cache\21.0.6+3\amd64\api-ms-win-crt-stdio-l1-1-0.dll
0x000002c0e0080000 - 0x000002c0e0084000 	C:\Users\matea\.openjfx\cache\21.0.6+3\amd64\api-ms-win-crt-string-l1-1-0.dll
0x000002c0e0090000 - 0x000002c0e0093000 	C:\Users\matea\.openjfx\cache\21.0.6+3\amd64\api-ms-win-crt-time-l1-1-0.dll
0x000002c0e00a0000 - 0x000002c0e00a3000 	C:\Users\matea\.openjfx\cache\21.0.6+3\amd64\api-ms-win-crt-utility-l1-1-0.dll
0x00007ffc8eca0000 - 0x00007ffc8ecbb000 	C:\WINDOWS\SYSTEM32\CRYPTSP.dll
0x00007ffc64760000 - 0x00007ffc6485c000 	C:\Users\matea\.openjfx\cache\21.0.6+3\amd64\ucrtbase.dll
0x00007ffc8e270000 - 0x00007ffc8e2a9000 	C:\WINDOWS\system32\rsaenh.dll
0x00007ffc8e940000 - 0x00007ffc8e974000 	C:\WINDOWS\SYSTEM32\USERENV.dll
0x00007ffc8fa70000 - 0x00007ffc8fa9a000 	C:\WINDOWS\SYSTEM32\bcrypt.dll
0x00007ffc8ec70000 - 0x00007ffc8ec7c000 	C:\WINDOWS\SYSTEM32\CRYPTBASE.dll
0x00007ffc7d140000 - 0x00007ffc7d15b000 	C:\Users\matea\.openjfx\cache\21.0.6+3\amd64\vcruntime140.dll
0x00007ffc833f0000 - 0x00007ffc833fc000 	C:\Users\matea\.openjfx\cache\21.0.6+3\amd64\vcruntime140_1.dll
0x00007ffc6b3e0000 - 0x00007ffc6b46e000 	C:\Users\matea\.openjfx\cache\21.0.6+3\amd64\msvcp140.dll
0x00007ffc83380000 - 0x00007ffc83389000 	C:\Users\matea\.openjfx\cache\21.0.6+3\amd64\msvcp140_1.dll
0x00007ffc6f720000 - 0x00007ffc6f761000 	C:\Users\matea\.openjfx\cache\21.0.6+3\amd64\msvcp140_2.dll
0x00007ffc8f420000 - 0x00007ffc8f438000 	C:\WINDOWS\system32\napinsp.dll
0x00007ffc8f250000 - 0x00007ffc8f263000 	C:\WINDOWS\System32\winrnr.dll
0x00007ffc8b920000 - 0x00007ffc8b947000 	C:\WINDOWS\system32\nlansp_c.dll
0x00007ffc821d0000 - 0x00007ffc821e6000 	C:\WINDOWS\system32\wshbth.dll
0x00007ffc74a80000 - 0x00007ffc74ab0000 	C:\Users\matea\.openjfx\cache\21.0.6+3\amd64\prism_d3d.dll
0x00007ffc62090000 - 0x00007ffc62242000 	C:\WINDOWS\system32\d3d9.dll
0x00007ffc8c820000 - 0x00007ffc8c84e000 	C:\WINDOWS\SYSTEM32\dwmapi.dll
0x00007ffc8c660000 - 0x00007ffc8c6aa000 	C:\WINDOWS\SYSTEM32\dxcore.dll
0x00007ffc8fc20000 - 0x00007ffc8fd9e000 	C:\WINDOWS\System32\CRYPT32.dll
0x00007ffc8c580000 - 0x00007ffc8c62a000 	C:\WINDOWS\system32\uxtheme.dll
0x00007ffc76d10000 - 0x00007ffc76d2f000 	C:\WINDOWS\System32\DriverStore\FileRepository\u0203304.inf_amd64_a6e5a337568ce3f0\B026373\atidx9loader64.dll
0x00007ffbe1fe0000 - 0x00007ffbe46c5000 	C:\WINDOWS\System32\DriverStore\FileRepository\u0203304.inf_amd64_a6e5a337568ce3f0\B026373\AMDXN64.DLL
0x00007ffc92050000 - 0x00007ffc924d7000 	C:\WINDOWS\System32\SETUPAPI.dll
0x00007ffc8c6b0000 - 0x00007ffc8c7ec000 	C:\WINDOWS\SYSTEM32\dxgi.dll
0x00007ffc867b0000 - 0x00007ffc867ee000 	C:\WINDOWS\System32\DriverStore\FileRepository\u0203304.inf_amd64_a6e5a337568ce3f0\B026373\amdihk64.dll
0x00007ffc8b7d0000 - 0x00007ffc8b82e000 	C:\WINDOWS\SYSTEM32\directxdatabasehelper.dll
0x00007ffc83c80000 - 0x00007ffc83cd8000 	C:\WINDOWS\SYSTEM32\pdh.dll
0x00007ffc8f6e0000 - 0x00007ffc8f732000 	C:\WINDOWS\SYSTEM32\cfgmgr32.dll
0x00007ffc6be70000 - 0x00007ffc6beb2000 	C:\Users\matea\.openjfx\cache\21.0.6+3\amd64\glass.dll
0x00007ffc90b20000 - 0x00007ffc90c15000 	C:\WINDOWS\System32\COMDLG32.dll
0x00007ffc906b0000 - 0x00007ffc9080a000 	C:\WINDOWS\System32\MSCTF.dll

JVMTI agents:
C:\Program Files\JetBrains\IntelliJ IDEA 2026.2.3\lib\idea_rt.jar path:C:\Users\matea\.jdks\corretto-25.0.4.1\bin\instrument.dll, loaded, initialized, instrumentlib options:56064

dbghelp: loaded successfully - version: 4.0.5 - missing functions: none
symbol engine: initialized successfully - sym options: 0x614 - pdb path: .;C:\Users\matea\.jdks\corretto-25.0.4.1\bin;C:\WINDOWS\SYSTEM32;C:\WINDOWS\WinSxS\amd64_microsoft.windows.common-controls_6595b64144ccf1df_6.0.26100.9596_none_3e0f4960e32e3260;C:\Users\matea\.jdks\corretto-25.0.4.1\bin\server;C:\Users\matea\.openjfx\cache\21.0.6+3\amd64;C:\WINDOWS\System32\DriverStore\FileRepository\u0203304.inf_amd64_a6e5a337568ce3f0\B026373;C:\Users\matea\AppData\Local\Temp\jna-103668220;C:\Program Files\Common Files\Microsoft Shared\Ink;C:\WINDOWS\WinSxS\amd64_microsoft.windows.gdiplus_6595b64144ccf1df_1.1.26100.9596_none_6efa3c463dc0ac2e

VM Arguments:
jvm_args: -javaagent:C:\Program Files\JetBrains\IntelliJ IDEA 2026.2.3\lib\idea_rt.jar=56064 -Dfile.encoding=UTF-8 -Dsun.stdout.encoding=UTF-8 -Dsun.stderr.encoding=UTF-8 
java_command: com.bwxor.piejfx.Launcher
java_class_path (initial): C:\git\piejfx\piejfx\target\classes;C:\Users\matea\.m2\repository\org\openjfx\javafx-controls\21.0.6\javafx-controls-21.0.6.jar;C:\Users\matea\.m2\repository\org\openjfx\javafx-controls\21.0.6\javafx-controls-21.0.6-win.jar;C:\Users\matea\.m2\repository\org\openjfx\javafx-graphics\21.0.6\javafx-graphics-21.0.6.jar;C:\Users\matea\.m2\repository\org\openjfx\javafx-graphics\21.0.6\javafx-graphics-21.0.6-win.jar;C:\Users\matea\.m2\repository\org\openjfx\javafx-fxml\21.0.6\javafx-fxml-21.0.6.jar;C:\Users\matea\.m2\repository\org\openjfx\javafx-fxml\21.0.6\javafx-fxml-21.0.6-win.jar;C:\Users\matea\.m2\repository\org\openjfx\javafx-swing\21.0.6\javafx-swing-21.0.6.jar;C:\Users\matea\.m2\repository\org\openjfx\javafx-swing\21.0.6\javafx-swing-21.0.6-win.jar;C:\Users\matea\.m2\repository\org\controlsfx\controlsfx\11.2.1\controlsfx-11.2.1.jar;C:\Users\matea\.m2\repository\com\dlsc\formsfx\formsfx-core\11.6.0\formsfx-core-11.6.0.jar;C:\Users\matea\.m2\repository\org\openjfx\javafx-web\21.0.6\javafx-web-21.0.6.jar;C:\Users\matea\.m2\repository\org\openjfx\javafx-web\21.0.6\javafx-web-21.0.6-win.jar;C:\Users\matea\.m2\repository\org\openjfx\javafx-media\21.0.6\javafx-media-21.0.6.jar;C:\Users\matea\.m2\repository\org\openjfx\javafx-media\21.0.6\javafx-media-21.0.6-win.jar;C:\Users\matea\.m2\repository\com\bwxor\piejfx-plugin-core\1.0-SNAPSHOT\piejfx-plugin-core-1.0-SNAPSHOT.jar;C:\Users\matea\.m2\repository\org\fxmisc\richtext\richtextfx\0.11.7\richtextfx-0.11.7.jar;C:\Users\matea\.m2\repository\org\reactfx\reactfx\2.0-M5\reactfx-2.0-M5.jar;C:\Users\matea\.m2\repository\org\fxmisc\undo\undofx\2.1.1\undofx-2.1.1.jar;C:\Users\matea\.m2\repository\org\fxmisc\flowless\flowless\0.7.4\flowless-0.7.4.jar;C:\Users\matea\.m2\repository\org\fxmisc\wellbehaved\wellbehavedfx\0.3.3\wellbehavedfx-0.3.3.jar;C:\Users\matea\.m2\repository\com\techsenger\jeditermfx\jeditermfx-core\1.1.0\jeditermfx-core-1.1.0.jar;C:\Users\matea\.m2\repository\org\jetbrains\annotations\24.0.1\annotations-24.0.1.jar;C:\Users\matea\.m2\repository\org\jetbrains\kotlin\kotlin-stdlib\1.9.22\kotlin-stdlib-1.9.22.jar;C:\Users\matea\.m2\repository\org\slf4j\slf4j-api\2.0.9\slf4j-api-2.0.9.jar;C:\Users\matea\.m2\repository\com\techsenger\jeditermfx\jeditermfx-ui\1.1.0\jeditermfx-ui-1.1.0.jar;C:\Users\matea\.m2\repository\org\jetbrains\pty4j\pty4j\0.12.25\pty4j-0.12.25.jar;C:\Users\matea\.m2\repository\org\jetbrains\pty4j\purejavacomm\0.0.11.1\purejavacomm-0.0.11.1.jar;C:\Users\matea\.m2\repository\net\java\dev\jna\jna\5.13.0\jna-5.13.0.jar;C:\Users\matea\.m2\repository\org\openjfx\javafx-base\21.0.6\javafx-base-21.0.6.jar;C:\Users\matea\.m2\repository\org\openjfx\javafx-base\21.0.6\javafx-base-21.0.6-win.jar;C:\Users\matea\.m2\repository\org\json\json\20250517\json-20250517.jar;C:\Users\matea\.m2\repository\com\helger\ph-css\8.1.1\ph-css-8.1.1.jar;C:\Users\matea\.m2\repository\com\helger\commons\ph-typeconvert\12.1.0\ph-typeconvert-12.1.0.jar;C:\Users\matea\.m2\repository\com\helger\commons\ph-collection\12.1.0\ph-collection-12.1.0.jar;C:\Users\matea\.m2\repository\com\helger\commons\ph-base\12.1.0\ph-base-12.1.0.jar;C:\Users\matea\.m2\repository\com\helger\commons\ph-cache\12.1.0\ph-cache-12.1.0.jar;C:\Users\matea\.m2\repository\com\helger\commons\ph-annotations\12.1.0\ph-annotations-12.1.0.jar;C:\Users\matea\.m2\repository\org\jspecify\jspecify\1.0.0\jspecify-1.0.0.jar;C:\Users\matea\.m2\repository\com\helger\commons\ph-statistics\12.1.0\ph-statistics-12.1.0.jar;C:\Users\matea\.m2\repository\com\helger\commons\ph-io\12.1.0\ph-io-12.1.0.jar;C:\Users\matea\.m2\repository\com\helger\commons\ph-mime\12.1.0\ph-mime-12.1.0.jar;C:\Users\matea\.m2\repository\com\helger\commons\ph-text\12.1.0\ph-text-12.1.0.jar;C:\Users\matea\.m2\repository\net\harawata\appdirs\1.5.0\appdirs-1.5.0.jar;C:\Users\matea\.m2\repository\net\java\dev\jna\jna-platform\5.18.1\jna-platform-5.18.1.jar
Launcher Type: SUN_STANDARD

[Global flags]
     intx CICompilerCount                          = 12                                        {product} {ergonomic}
     uint ConcGCThreads                            = 3                                         {product} {ergonomic}
     uint G1ConcRefinementThreads                  = 13                                        {product} {ergonomic}
   size_t G1HeapRegionSize                         = 4194304                                   {product} {ergonomic}
   size_t InitialHeapSize                          = 528482304                                 {product} {ergonomic}
   size_t MarkStackSize                            = 4194304                                   {product} {ergonomic}
   size_t MarkStackSizeMax                         = 536870912                                 {product} {ergonomic}
   size_t MaxHeapSize                              = 8401190912                                {product} {ergonomic}
   size_t MaxNewSize                               = 5037359104                                {product} {ergonomic}
   size_t MinHeapDeltaBytes                        = 4194304                                   {product} {ergonomic}
   size_t MinHeapSize                              = 8388608                                   {product} {ergonomic}
    uintx NonNMethodCodeHeapSize                   = 7667712                                {pd product} {ergonomic}
    uintx NonProfiledCodeHeapSize                  = 122028032                              {pd product} {ergonomic}
    uintx ProfiledCodeHeapSize                     = 122028032                              {pd product} {ergonomic}
    uintx ReservedCodeCacheSize                    = 251723776                              {pd product} {ergonomic}
     bool SegmentedCodeCache                       = true                                      {product} {ergonomic}
   size_t SoftMaxHeapSize                          = 8401190912                             {manageable} {ergonomic}
     bool UseCompressedOops                        = true                           {product lp64_product} {ergonomic}
     bool UseG1GC                                  = true                                      {product} {ergonomic}
     bool UseLargePagesIndividualAllocation        = false                                  {pd product} {ergonomic}

Logging:
Log output configuration:
 #0: stdout all=warning uptime,level,tags foldmultilines=false
 #1: stderr all=off uptime,level,tags foldmultilines=false

Release file:
IMPLEMENTOR="Amazon.com Inc." 
IMPLEMENTOR_VERSION="Corretto-25.0.4.10.1" 
JAVA_RUNTIME_VERSION="25.0.4.1+10-LTS" 
JAVA_VERSION="25.0.4.1" 
JAVA_VERSION_DATE="2026-08-18" 
LIBC="default" 
MODULES="java.base java.compiler java.datatransfer java.xml java.prefs java.desktop java.instrument java.logging java.management java.security.sasl java.naming java.rmi java.management.rmi java.net.http java.scripting java.security.jgss java.transaction.xa java.sql java.sql.rowset java.xml.crypto java.se java.smartcardio jdk.accessibility jdk.internal.jvmstat jdk.attach jdk.charsets jdk.internal.opt jdk.zipfs jdk.compiler jdk.crypto.cryptoki jdk.crypto.ec jdk.crypto.mscapi jdk.dynalink jdk.internal.ed jdk.editpad jdk.internal.vm.ci jdk.graal.compiler jdk.graal.compiler.management jdk.hotspot.agent jdk.httpserver jdk.incubator.vector jdk.internal.le jdk.internal.md jdk.jartool jdk.javadoc jdk.jcmd jdk.management jdk.management.agent jdk.jconsole jdk.jdeps jdk.jdwp.agent jdk.jdi jdk.jfr jdk.jlink jdk.jpackage jdk.jshell jdk.jsobject jdk.jstatd jdk.localedata jdk.management.jfr jdk.naming.dns jdk.naming.rmi jdk.net jdk.nio.mapmode jdk.sctp jdk.security.auth jdk.security.jgss jdk.unsupported jdk.unsupported.desktop jdk.xml.dom" 
OS_ARCH="x86_64" 
OS_NAME="Windows" 
SOURCE="" 

Environment Variables:
JAVA_HOME=C:\Program Files\Java\jdk-27
PATH=C:\Program Files\Common Files\Oracle\Java\javapath;C:\WINDOWS\system32;C:\WINDOWS;C:\WINDOWS\System32\Wbem;C:\WINDOWS\System32\WindowsPowerShell\v1.0\;C:\WINDOWS\System32\OpenSSH\;C:\Program Files (x86)\NVIDIA Corporation\PhysX\Common;C:\Program Files\NVIDIA Corporation\NVIDIA App\NvDLISR;C:\Program Files\Git\cmd;C:\Program Files\Java\jdk-27\bin;C:\apache-maven-3.10.0\bin;C:\Users\matea\AppData\Local\Microsoft\WindowsApps;C:\Program Files\JetBrains\IntelliJ IDEA 2026.2.3\bin;C:\Users\matea\AppData\Local\Programs\keystore;
USERNAME=matea
OS=Windows_NT
PROCESSOR_IDENTIFIER=AMD64 Family 26 Model 96 Stepping 0, AuthenticAMD
TMP=C:\Users\matea\AppData\Local\Temp
TEMP=C:\Users\matea\AppData\Local\Temp




Compilation memory statistics disabled.

Periodic native trim disabled

---------------  S Y S T E M  ---------------

OS:
 Windows 11 , 64 bit Build 26100 (10.0.26100.9596)
OS uptime: 0 days 18:48 hours
Hyper-V role detected

CPU: total 16 (initial active 16) (16 cores per cpu, 2 threads per core) family 26 model 96 stepping 0 microcode 0xb600037, cx8, cmov, fxsr, ht, mmx, 3dnowpref, sse, sse2, sse3, ssse3, sse4a, sse4.1, sse4.2, popcnt, lzcnt, tsc, tscinvbit, avx, avx2, aes, erms, clmul, bmi1, bmi2, adx, avx512f, avx512dq, avx512cd, avx512bw, avx512vl, sha, fma, vzeroupper, avx512_vpopcntdq, avx512_vpclmulqdq, avx512_vaes, avx512_vnni, clflush, clflushopt, clwb, avx512_vbmi2, avx512_vbmi, hv, rdtscp, rdpid, fsrm, gfni, avx512_bitalg, f16c, cet_ss, avx512_ifma
Processor Information for the first 16 processors :
  Max Mhz: 2000, Current Mhz: 2000, Mhz Limit: 2000

Memory: 4k page, system-wide physical 32042M (13366M free)
TotalPageFile size 37162M (AvailPageFile size 14054M)
current process WorkingSet (physical memory assigned to process): 428M, peak: 440M
current process commit charge ("private bytes"): 451M, peak: 752M

vm_info: OpenJDK 64-Bit Server VM (25.0.4.1+10-LTS) for windows-amd64 JRE (25.0.4.1+10-LTS), built on 2026-09-18T17:33:34Z with MS VC++ 17.14 (VS2022)

END.
