#
# A fatal error has been detected by the Java Runtime Environment:
#
#  EXCEPTION_ACCESS_VIOLATION (0xc0000005) at pc=0x00007ffc77397278, pid=20308, tid=9324
#
# JRE version: OpenJDK Runtime Environment Corretto-25.0.4.10.1 (25.0.4.1+10) (build 25.0.4.1+10-LTS)
# Java VM: OpenJDK 64-Bit Server VM Corretto-25.0.4.10.1 (25.0.4.1+10-LTS, mixed mode, sharing, tiered, compressed oops, compressed class ptrs, g1 gc, windows-amd64)
# Problematic frame:
# C  0x00007ffc77397278
#
# No core dump will be written. Minidumps are not enabled by default on client versions of Windows
#
# If you would like to submit a bug report, please visit:
#   https://github.com/corretto/corretto-25/issues/
# The crash happened outside the Java Virtual Machine in native code.
# See problematic frame for where to report the bug.
#

---------------  S U M M A R Y ------------

Command Line: -javaagent:C:\Program Files\JetBrains\IntelliJ IDEA 2026.2.3\lib\idea_rt.jar=64946 -Dfile.encoding=UTF-8 -Dsun.stdout.encoding=UTF-8 -Dsun.stderr.encoding=UTF-8 com.bwxor.piejfx.Launcher

Host: AMD Ryzen AI 7 350 w/ Radeon 860M              , 16 cores, 31G,  Windows 11 , 64 bit Build 26100 (10.0.26100.9596)
Time: Thu Oct  8 11:24:46 2026 GTB Daylight Time elapsed time: 10.277525 seconds (0d 0h 0m 10s)

---------------  T H R E A D  ---------------

Current thread (0x00000218dd8d9db0):  JavaThread "JavaFX Application Thread"        [_thread_in_native, id=9324, stack(0x0000003a4e400000,0x0000003a4e500000) (1024K)]

Stack: [0x0000003a4e400000,0x0000003a4e500000],  sp=0x0000003a4e4fca30,  free space=1010k
Native frames: (J=compiled Java code, j=interpreted, Vv=VM code, C=native code)
C  0x00007ffc77397278  (no source info available)
C  0x00000218c327d2b3  (no source info available)

The last pc belongs to native method entry point (kind = native) (printed below).
Java frames: (J=compiled Java code, j=interpreted, Vv=VM code)
j  com.sun.javafx.font.directwrite.OS.JFXTextRendererGetGlyphOffsets(J[FI)I+0
j  com.sun.javafx.font.directwrite.JFXTextRenderer.GetGlyphOffsets([FI)I+6
j  com.sun.javafx.font.directwrite.DWGlyphLayout.renderShape([CLcom/sun/javafx/text/TextRun;Lcom/sun/javafx/font/PGFont;I)V+301
j  com.sun.javafx.font.directwrite.DWGlyphLayout.layout(Lcom/sun/javafx/text/TextRun;Lcom/sun/javafx/font/PGFont;Lcom/sun/javafx/font/FontStrike;[C)V+429
J 6885 c1 com.sun.javafx.text.PrismTextLayout.shape(Lcom/sun/javafx/text/TextRun;[CLcom/sun/javafx/text/GlyphLayout;)V (622 bytes) @ 0x00000218bc81414c [0x00000218bc812040+0x000000000000210c]
J 5516 c1 com.sun.javafx.text.PrismTextLayout.layout()V (1636 bytes) @ 0x00000218bc5e099c [0x00000218bc5dff60+0x0000000000000a3c]
J 6169 c1 com.sun.javafx.scene.control.skin.Utils.computeTextHeight(Ljavafx/scene/text/Font;Ljava/lang/String;DDLjavafx/scene/text/TextBoundsType;)D (92 bytes) @ 0x00000218bc6da24c [0x00000218bc6d9d00+0x000000000000054c]
J 6875 c1 javafx.scene.control.skin.LabeledSkinBase.computePrefHeight(DDDDD)D (311 bytes) @ 0x00000218bc80ce0c [0x00000218bc807e40+0x0000000000004fcc]
J 6292 c1 javafx.scene.control.Control.computePrefHeight(D)D (51 bytes) @ 0x00000218bc715e64 [0x00000218bc713a60+0x0000000000002404]
J 5546 c1 javafx.scene.Parent.prefHeight(D)D (89 bytes) @ 0x00000218bc5e628c [0x00000218bc5e60c0+0x00000000000001cc]
J 3997 c1 javafx.scene.layout.Region.prefHeight(D)D (38 bytes) @ 0x00000218bc405334 [0x00000218bc404e20+0x0000000000000514]
j  javafx.scene.control.skin.TableRowSkinBase.computePrefHeight(DDDDD)D+88
J 6292 c1 javafx.scene.control.Control.computePrefHeight(D)D (51 bytes) @ 0x00000218bc715e64 [0x00000218bc713a60+0x0000000000002404]
J 5546 c1 javafx.scene.Parent.prefHeight(D)D (89 bytes) @ 0x00000218bc5e6484 [0x00000218bc5e60c0+0x00000000000003c4]
J 3997 c1 javafx.scene.layout.Region.prefHeight(D)D (38 bytes) @ 0x00000218bc405334 [0x00000218bc404e20+0x0000000000000514]
J 7630 c1 javafx.scene.control.skin.VirtualFlow.resizeCell(Ljavafx/scene/control/IndexedCell;)V (102 bytes) @ 0x00000218bc238f84 [0x00000218bc238780+0x0000000000000804]
j  javafx.scene.control.skin.VirtualFlow.addTrailingCells(Z)Z+181
j  javafx.scene.control.skin.VirtualFlow.layoutChildren()V+1054
j  javafx.scene.control.skin.VirtualFlow$5.invalidated()V+166
J 6864 c1 javafx.beans.property.IntegerPropertyBase.set(I)V (76 bytes) @ 0x00000218bc800df4 [0x00000218bc800900+0x00000000000004f4]
j  javafx.scene.control.skin.VirtualFlow.setCellCount(I)V+5
j  javafx.scene.control.skin.TableViewSkinBase.updateItemCount()V+42
j  javafx.scene.control.skin.VirtualContainerBase.checkState()V+8
j  javafx.scene.control.skin.VirtualContainerBase.layoutChildren(DDDD)V+1
j  javafx.scene.control.skin.TableViewSkinBase.layoutChildren(DDDD)V+19
J 7430 c1 javafx.scene.control.Control.layoutChildren()V (91 bytes) @ 0x00000218bc9207bc [0x00000218bc91ca00+0x0000000000003dbc]
J 4280 c1 javafx.scene.Parent.layout()V (160 bytes) @ 0x00000218bc46e30c [0x00000218bc46de80+0x000000000000048c]
J 4280 c1 javafx.scene.Parent.layout()V (160 bytes) @ 0x00000218bc46e824 [0x00000218bc46de80+0x00000000000009a4]
J 4280 c1 javafx.scene.Parent.layout()V (160 bytes) @ 0x00000218bc46e824 [0x00000218bc46de80+0x00000000000009a4]
J 4280 c1 javafx.scene.Parent.layout()V (160 bytes) @ 0x00000218bc46e824 [0x00000218bc46de80+0x00000000000009a4]
J 4280 c1 javafx.scene.Parent.layout()V (160 bytes) @ 0x00000218bc46e824 [0x00000218bc46de80+0x00000000000009a4]
J 6724 c1 javafx.scene.Scene.doLayoutPass()V (14 bytes) @ 0x00000218bc7d23b4 [0x00000218bc7d1f00+0x00000000000004b4]
J 6727 c1 javafx.scene.Scene$ScenePulseListener.pulse()V (504 bytes) @ 0x00000218bc7d9064 [0x00000218bc7d8300+0x0000000000000d64]
J 6600 c1 com.sun.javafx.tk.Toolkit$$Lambda+0x000000001f3c0e88.run()Ljava/lang/Object; (8 bytes) @ 0x00000218bc7b1944 [0x00000218bc7b1800+0x0000000000000144]
J 6598 c1 com.sun.javafx.tk.Toolkit.runPulse(Lcom/sun/javafx/tk/TKPulseListener;Ljava/security/AccessControlContext;)V (26 bytes) @ 0x00000218bc7b2094 [0x00000218bc7b1b80+0x0000000000000514]
j  com.sun.javafx.tk.Toolkit.firePulse()V+191
j  com.sun.javafx.tk.quantum.QuantumToolkit.pulse(Z)V+93
j  com.sun.javafx.tk.quantum.QuantumToolkit.pulse()V+2
j  com.sun.javafx.tk.quantum.QuantumToolkit.pulseFromQueue()V+1
j  com.sun.javafx.tk.quantum.QuantumToolkit.lambda$runToolkit$11()V+1
j  com.sun.javafx.tk.quantum.QuantumToolkit$$Lambda+0x000000001f0ecd68.run()V+4
J 6713 c1 com.sun.glass.ui.InvokeLaterDispatcher$Future.run()V (91 bytes) @ 0x00000218bc7cfa94 [0x00000218bc7cf980+0x0000000000000114]
v  ~StubRoutines::call_stub 0x00000218c32712ed
j  com.sun.glass.ui.win.WinApplication._runLoop(Ljava/lang/Runnable;)V+0
j  com.sun.glass.ui.win.WinApplication.lambda$runLoop$3(ILjava/lang/Runnable;)V+8
j  com.sun.glass.ui.win.WinApplication$$Lambda+0x000000001f0e1068.run()V+12
j  java.lang.Thread.runWith(Ljava/lang/Object;Ljava/lang/Runnable;)V+5 java.base@25.0.4.1
j  java.lang.Thread.run()V+19 java.base@25.0.4.1
v  ~StubRoutines::call_stub 0x00000218c32712ed

siginfo: EXCEPTION_ACCESS_VIOLATION (0xc0000005), reading address 0x0000000000000000


Registers:
RAX=0x0000000000000000, RBX=0x0000000000000000, RCX=0x0000000000000000, RDX=0x0000000000000001
RSP=0x0000003a4e4fca30, RBP=0x0000003a4e4fcb20, RSI=0x0000000000000002, RDI=0x00000218d886a020
R8 =0x0000000000000002, R9 =0x0000000000000000, R10=0x0000000000000000, R11=0x0000003a4e4fc9f0
R12=0x0000000000000000, R13=0x00000218d9868c38, R14=0x00000218dd8da1f8, R15=0x00000218f07b03f0
RIP=0x00007ffc77397278, EFLAGS=0x0000000000010202

XMM[0]=0x0000000000000000 0x0000000000000000
XMM[1]=0x0000000000000000 0x0000000000000000
XMM[2]=0x0000000000000000 0x0000000000000000
XMM[3]=0x0000000000000000 0x0000000041500000
XMM[4]=0x0000000000000000 0x000000004b000000
XMM[5]=0x000000000000008c 0x0000000000000000
XMM[6]=0x0000000000000000 0x459176a55ca39977
XMM[7]=0x0000000000000000 0x34d9feeafe8c88fb
XMM[8]=0x0000000000000000 0x02bd4b5ca2c147d2
XMM[9]=0x0000000000000000 0xdeefcb3248506c88
XMM[10]=0x0000000000000000 0x000000006960a156
XMM[11]=0x0000000000000000 0x770386edbf53f375
XMM[12]=0x0000000000000000 0x0000000048506c88
XMM[13]=0x0000000000000000 0x0000000000000000
XMM[14]=0x0000000000000000 0x0000000000000000
XMM[15]=0x0000000000000000 0x0000000000000000
  MXCSR=0x00001faf


Register to memory mapping:

RAX=0x0 is null
RBX=0x0 is null
RCX=0x0 is null
RDX=0x0000000000000001 is an unknown value
RSP=0x0000003a4e4fca30 is pointing into the stack for thread: 0x00000218dd8d9db0
RBP=0x0000003a4e4fcb20 is pointing into the stack for thread: 0x00000218dd8d9db0
RSI=0x0000000000000002 is an unknown value
RDI=0x00000218d886a020 points into unknown readable memory: 0x0000000000000000 | 00 00 00 00 00 00 00 00
R8 =0x0000000000000002 is an unknown value
R9 =0x0 is null
R10=0x0 is null
R11=0x0000003a4e4fc9f0 is pointing into the stack for thread: 0x00000218dd8d9db0
R12=0x0 is null
R13={method} {0x00000218d9868c40} 'JFXTextRendererGetGlyphOffsets' '(J[FI)I' in 'com/sun/javafx/font/directwrite/OS'
R14=0x00000218dd8da1f8 points into unknown readable memory: 0x00007ffc1143edc0 | c0 ed 43 11 fc 7f 00 00
R15=0x00000218f07b03f0 points into unknown readable memory: 0x00007ffc7739ccc8 | c8 cc 39 77 fc 7f 00 00

Top of Stack: (sp=0x0000003a4e4fca30)
0x0000003a4e4fca30:   0000000000000000 0000000000000002   ................
0x0000003a4e4fca40:   00000218d9868c38 0000003a4e4fcb20   8....... .ON:...
0x0000003a4e4fca50:   00000218dd8d9db0 0000003a4e4fcb30   ........0.ON:...
0x0000003a4e4fca60:   00000218c3278c60 00000218c327d2b3   `.'.......'.....
0x0000003a4e4fca70:   00000218d9868c38 0000003a4e4fcaf8   8.........ON:...
0x0000003a4e4fca80:   000000060b577606 0000000000000000   .vW.............
0x0000003a4e4fca90:   0000003a00000000 00000218c3278c60   ....:...`.'.....
0x0000003a4e4fcaa0:   fffffffffffffff7 0000000000000000   ................
0x0000003a4e4fcab0:   fffffffffffffff7 0000000000000000   ................
0x0000003a4e4fcac0:   0000000000000007 00000218d986b418   ................
0x0000003a4e4fcad0:   0000000000000000 000000060bc31ff0   ................
0x0000003a4e4fcae0:   00000218d9868c38 0000000000000000   8...............
0x0000003a4e4fcaf0:   0000003a4e4fcb18 0000003a4e4fcb80   ..ON:.....ON:...
0x0000003a4e4fcb00:   00000218c3278c60 000000060bc31ff0   `.'.............
0x0000003a4e4fcb10:   00000218c327a755 0000000000000000   U.'.............
0x0000003a4e4fcb20:   00000007ffe68fa0 00000218f07b03f0   ..........{.....
0x0000003a4e4fcb30:   0000000000000000 fffffffffffffff7   ................
0x0000003a4e4fcb40:   00000218db8fda76 0000000000000004   v...............
0x0000003a4e4fcb50:   00000218db8fdcd0 0000000000000000   ................
0x0000003a4e4fcb60:   00000007ffe220e0 00000218db8fda80   . ..............
0x0000003a4e4fcb70:   fffffffffffffff3 0000003a4e4fcb90   ..........ON:...
0x0000003a4e4fcb80:   0000003a4e4fcbf0 00000218c3278c60   ..ON:...`.'.....
0x0000003a4e4fcb90:   0000000000000000 00000007ffe68fa0   ................
0x0000003a4e4fcba0:   00000007ffe68f58 fffffffffffffff7   X...............
0x0000003a4e4fcbb0:   00000218d9865bb5 0000000000000020   .[...... .......
0x0000003a4e4fcbc0:   00000218da0707a0 0000000000000000   ................
0x0000003a4e4fcbd0:   000000060bc32278 00000218d9865cb0   x".......\......
0x0000003a4e4fcbe0:   fffffffffffffff4 0000003a4e4fccd0   ..........ON:...
0x0000003a4e4fcbf0:   0000003a4e4fcd40 00000218c3278b18   @.ON:.....'.....
0x0000003a4e4fcc00:   0000000000000000 0000000000000000   ................
0x0000003a4e4fcc10:   00000007ffe68fd0 0000000000000000   ................
0x0000003a4e4fcc20:   0000000000000000 00000007ffe68fb8   ................

Instructions: (pc=0x00007ffc77397278)
  0x00007ffc77397178:   24 68 eb 02 33 c0 48 8b 6c 24 70 0f 28 74 24 20
  0x00007ffc77397188:   48 83 c4 30 41 5f 41 5e 41 5d 41 5c 5e c3 cc cc
  0x00007ffc77397198:   cc cc cc cc cc cc cc cc 48 89 5c 24 08 48 89 6c
  0x00007ffc773971a8:   24 10 48 89 74 24 18 57 41 56 41 57 48 83 ec 20
  0x00007ffc773971b8:   49 8b e9 4d 8b f8 4c 8b f1 4d 85 c9 0f 84 ea 00
  0x00007ffc773971c8:   00 00 48 8b 01 45 33 c0 49 8b d1 ff 90 e8 05 00
  0x00007ffc773971d8:   00 48 8b f8 48 85 c0 0f 84 cf 00 00 00 8b 5c 24
  0x00007ffc773971e8:   60 85 db 0f 88 c3 00 00 00 49 8b cf e8 47 ac ff
  0x00007ffc773971f8:   ff 4d 8b 06 8b f0 48 8b d5 49 8b ce 03 f6 41 ff
  0x00007ffc77397208:   90 58 05 00 00 2b c3 3b c6 0f 4e f0 40 f6 c6 01
  0x00007ffc77397218:   0f 85 96 00 00 00 4d 8b 4f 10 48 b8 a3 8b 2e ba
  0x00007ffc77397228:   e8 a2 8b 2e 49 8b 4f 18 45 33 c0 45 8b 57 28 49
  0x00007ffc77397238:   2b c9 48 f7 e9 48 c1 fa 04 48 8b c2 48 c1 e8 3f
  0x00007ffc77397248:   48 03 d0 4c 3b d2 72 05 45 8b c8 eb 0c 49 63 c2
  0x00007ffc77397258:   48 6b c8 58 4e 8b 4c 09 20 41 8b d0 85 f6 74 32
  0x00007ffc77397268:   0f 1f 84 00 00 00 00 00 8b c2 41 83 c0 02 ff c2
=>0x00007ffc77397278:   f3 41 0f 10 04 c1 f3 41 0f 10 4c c1 04 8b c3 ff
  0x00007ffc77397288:   c3 f3 0f 11 04 87 f3 0f 11 0c 9f ff c3 44 3b c6
  0x00007ffc77397298:   72 d6 4d 8b 16 45 33 c9 4c 8b c7 48 8b d5 49 8b
  0x00007ffc773972a8:   ce 41 ff 92 28 06 00 00 8b c6 eb 02 33 c0 48 8b
  0x00007ffc773972b8:   5c 24 40 48 8b 6c 24 48 48 8b 74 24 50 48 83 c4
  0x00007ffc773972c8:   20 41 5f 41 5e 5f c3 cc 4d 8b 48 10 48 b8 a3 8b
  0x00007ffc773972d8:   2e ba e8 a2 8b 2e 49 8b 48 18 45 8b 50 28 49 2b
  0x00007ffc773972e8:   c9 48 f7 e9 48 c1 fa 04 48 8b c2 48 c1 e8 3f 48
  0x00007ffc773972f8:   03 d0 4c 3b d2 72 03 33 c0 c3 49 63 c2 48 6b c8
  0x00007ffc77397308:   58 42 8b 44 09 40 c3 cc 4d 8b 48 10 48 b8 a3 8b
  0x00007ffc77397318:   2e ba e8 a2 8b 2e 49 8b 48 18 45 8b 50 28 49 2b
  0x00007ffc77397328:   c9 48 f7 e9 48 c1 fa 04 48 8b c2 48 c1 e8 3f 48
  0x00007ffc77397338:   03 d0 4c 3b d2 72 03 33 c0 c3 49 63 c2 48 6b c8
  0x00007ffc77397348:   58 42 8b 44 09 50 c3 cc 41 8b 40 2c c3 cc cc cc
  0x00007ffc77397358:   cc cc cc cc cc cc cc cc 41 ff 40 28 48 b8 a3 8b
  0x00007ffc77397368:   2e ba e8 a2 8b 2e 49 8b 48 18 49 2b 48 10 45 8b


Stack slot to memory mapping:

stack at sp + 0 slots: 0x0 is null
stack at sp + 1 slots: 0x0000000000000002 is an unknown value
stack at sp + 2 slots: {method} {0x00000218d9868c40} 'JFXTextRendererGetGlyphOffsets' '(J[FI)I' in 'com/sun/javafx/font/directwrite/OS'
stack at sp + 3 slots: 0x0000003a4e4fcb20 is pointing into the stack for thread: 0x00000218dd8d9db0
stack at sp + 4 slots: 0x00000218dd8d9db0 is a thread
stack at sp + 5 slots: 0x0000003a4e4fcb30 is pointing into the stack for thread: 0x00000218dd8d9db0
stack at sp + 6 slots: 0x00000218c3278c60 is at code_begin+1600 in an Interpreter codelet
return entry points  [0x00000218c3278620, 0x00000218c3279298]  3192 bytes
stack at sp + 7 slots: 0x00000218c327d2b3 is at code_begin+979 in an Interpreter codelet
native method entry point (kind = native)  [0x00000218c327cee0, 0x00000218c327dae0]  3072 bytes

Lock stack of current Java thread (top to bottom):

native method entry point (kind = native)  [0x00000218c327cee0, 0x00000218c327dae0]  3072 bytes
[MachCode]
  0x00000218c327cee0: 488b 4b08 | 0fb7 492e | 584c 8d74 | ccf8 6800 | 0000 0068 | 0000 0000 | 5055 488b | ec41 5548 
  0x00000218c327cf00: 8b43 084c | 8d68 3848 | 8b40 0868 | 0000 0000 | 5348 8b50 | 1848 8b52 | 7048 8b12 | 5248 8b53 
  0x00000218c327cf20: 1048 85d2 | 7407 4881 | c2d0 0000 | 0052 488b | 5010 5249 | 8bc6 482b | c548 c1e8 | 0350 6800 
  0x00000218c327cf40: 0000 0068 | f7ff ffff | 41c6 87f1 | 0400 0001 | 488b 4310 | 4885 c074 | 208b 8890 | 0000 0083 
  0x00000218c327cf60: c102 8988 | 9000 0000 | 2388 a400 | 0000 0f84 | b80a 0000 | e9cf 0000 | 0048 8b43 | 1848 85c0 
  0x00000218c327cf80: 0f85 b000 | 0000 e805 | 0000 00e9 | 9900 0000 | 488b d348 | 8d44 2408 | 4c89 6dc0 | 498b cfc5 
  0x00000218c327cfa0: f877 4989 | af38 0400 | 0049 8987 | 2804 0000 | 4883 ec20 | 40f6 c40f | 0f84 1900 | 0000 4883 
  0x00000218c327cfc0: ec08 48b8 | 60d5 b010 | fc7f 0000 | ffd0 4883 | c408 e90c | 0000 0048 | b860 d5b0 | 10fc 7f00 
  0x00000218c327cfe0: 00ff d048 | 83c4 2049 | c787 2804 | 0000 0000 | 0000 49c7 | 8738 0400 | 0000 0000 | 0049 c787 
  0x00000218c327d000: 3004 0000 | 0000 0000 | c5f8 7749 | 837f 0800 | 0f84 0500 | 0000 e9c5 | 41ff ff4c | 8b6d c04c 
  0x00000218c327d020: 8b75 c84e | 8d74 f500 | c348 8b43 | 1848 85c0 | 0f84 1200 | 0000 8b48 | 0883 c102 | 8948 0823 
  0x00000218c327d040: 482c 0f84 | e409 0000 | 493b a770 | 0500 000f | 8748 0000 | 0089 8424 | 00f0 ffff | 8984 2400 
  0x00000218c327d060: e0ff ff89 | 8424 00d0 | ffff 8984 | 2400 c0ff | ff89 8424 | 00b0 ffff | 8984 2400 | a0ff ff89 
  0x00000218c327d080: 8424 0090 | ffff 8984 | 2400 80ff | ff49 3ba7 | 6805 0000 | 7607 4989 | a770 0500 | 0041 c687 
  0x00000218c327d0a0: f104 0000 | 0048 8b5d | e84c 8b5b | 0845 0fb7 | 5b2e 41c1 | e303 492b | e348 83ec | 2048 83e4 
  0x00000218c327d0c0: f04c 8b5b | 604d 85db | 0f85 ab00 | 0000 e805 | 0000 00e9 | 9900 0000 | 488b d348 | 8d44 2408 
  0x00000218c327d0e0: 4c89 6dc0 | 498b cfc5 | f877 4989 | af38 0400 | 0049 8987 | 2804 0000 | 4883 ec20 | 40f6 c40f 
  0x00000218c327d100: 0f84 1900 | 0000 4883 | ec08 48b8 | c0ff b010 | fc7f 0000 | ffd0 4883 | c408 e90c | 0000 0048 
  0x00000218c327d120: b8c0 ffb0 | 10fc 7f00 | 00ff d048 | 83c4 2049 | c787 2804 | 0000 0000 | 0000 49c7 | 8738 0400 
  0x00000218c327d140: 0000 0000 | 0049 c787 | 3004 0000 | 0000 0000 | c5f8 7749 | 837f 0800 | 0f84 0500 | 0000 e97d 
  0x00000218c327d160: 40ff ff4c | 8b6d c04c | 8b75 c84e | 8d74 f500 | c348 8b5d | e84c 8b5b | 6041 ffd3 | 488b 5de8 
  0x00000218c327d180: 4889 4518 | 440f b75b | 2c41 f6c3 | 080f 841b | 0000 004c | 8b5b 084d | 8b5b 084d | 8b5b 184d 
  0x00000218c327d1a0: 8b5b 704d | 8b1b 4c89 | 5d10 488d | 5510 488b | 4358 49ba | f005 ec10 | fc7f 0000 | 493b c20f 
  0x00000218c327d1c0: 85ab 0000 | 00e8 0500 | 0000 e999 | 0000 0048 | 8bd3 488d | 4424 084c | 896d c049 | 8bcf c5f8 
  0x00000218c327d1e0: 7749 89af | 3804 0000 | 4989 8728 | 0400 0048 | 83ec 2040 | f6c4 0f0f | 8419 0000 | 0048 83ec 
  0x00000218c327d200: 0848 b8c0 | ffb0 10fc | 7f00 00ff | d048 83c4 | 08e9 0c00 | 0000 48b8 | c0ff b010 | fc7f 0000 
  0x00000218c327d220: ffd0 4883 | c420 49c7 | 8728 0400 | 0000 0000 | 0049 c787 | 3804 0000 | 0000 0000 | 49c7 8730 
  0x00000218c327d240: 0400 0000 | 0000 00c5 | f877 4983 | 7f08 000f | 8405 0000 | 00e9 863f | ffff 4c8b | 6dc0 4c8b 
  0x00000218c327d260: 75c8 4e8d | 74f5 00c3 | 488b 5de8 | 488b 4358 | 498d 8f48 | 0400 004c | 8d15 d500 | 0000 4d89 
  0x00000218c327d280: 9730 0400 | 00c5 f877 | 4989 af38 | 0400 0049 | 89a7 2804 | 0000 41c7 | 87d4 0400 | 0004 0000 
  0x00000218c327d2a0: 0049 3ba7 | c805 0000 | 7607 4989 | a7c8 0500 | 00ff d049 | 3ba7 c805 | 0000 720b | 49c7 87c8 
  0x00000218c327d2c0: 0500 0000 | 0000 00c5 | f877 4883 | ec10 c5fb | 1104 2448 | 83ec 1048 | 8904 2448 | c744 2408 
  0x00000218c327d2e0: 0000 0000 | 41c7 87d4 | 0400 0005 | 0000 00f0 | 8344 24c0 | 0049 3b6f | 280f 870e | 0000 0041 
  0x00000218c327d300: 83bf d004 | 0000 000f | 8420 0000 | 0049 8bcf | 4c8b e448 | 83ec 2048 | 83e4 f048 | b8d0 6ab2 
  0x00000218c327d320: 10fc 7f00 | 00ff d049 | 8be4 4d33 | e441 c787 | d404 0000 | 0800 0000 | 4d8b 97f0 | 0500 0049 
  0x00000218c327d340: 83fa 0074 | 3549 c787 | f005 0000 | 0000 0000 | 41ff e249 | ba60 be27 | c318 0200 | 0041 ffd2 
  0x00000218c327d360: 4883 ec10 | c5fb 1104 | 2448 83ec | 1048 8904 | 2448 c744 | 2408 0000 | 0000 49c7 | 8728 0400 
  0x00000218c327d380: 0000 0000 | 0049 c787 | 3804 0000 | 0000 0000 | 49c7 8730 | 0400 0000 | 0000 00c5 | f877 4d8b 
  0x00000218c327d3a0: 9fb8 0400 | 0041 c783 | 0001 0000 | 0000 0000 | 49bb 5aa7 | 27c3 1802 | 0000 4c3b | 5d18 0f85 
  0x00000218c327d3c0: 5b02 0000 | 488b 0424 | 4883 c410 | 4885 c00f | 8435 0200 | 00a8 030f | 8508 0000 | 0048 8b00 
  0x00000218c327d3e0: e925 0200 | 00a8 010f | 8509 0000 | 0048 8b40 | fee9 1402 | 0000 488b | 40ff 4180 | 7f48 000f 
  0x00000218c327d400: 8405 0200 | 0048 83f8 | 000f 84fb | 0100 004d | 8b5f 384d | 85db 0f84 | 1400 0000 | 4983 eb08 
  0x00000218c327d420: 4d89 5f38 | 4d03 5f40 | 4989 03e9 | da01 0000 | 4881 ecf0 | 0000 0048 | 8904 2448 | 894c 2408 
  0x00000218c327d440: 4889 5424 | 104c 8944 | 2418 4c89 | 4c24 204c | 8954 2428 | 4c89 5c24 | 30c5 fb11 | 4424 40c5 
  0x00000218c327d460: fb11 4c24 | 48c5 fb11 | 5424 50c5 | fb11 5c24 | 58c5 fb11 | 6424 60c5 | fb11 6c24 | 6862 e1ff 
  0x00000218c327d480: 0811 4424 | 0e62 e1ff | 0811 4c24 | 0f62 e1ff | 0811 5424 | 1062 e1ff | 0811 5c24 | 1162 e1ff 
  0x00000218c327d4a0: 0811 6424 | 1262 e1ff | 0811 6c24 | 1362 e1ff | 0811 7424 | 1462 e1ff | 0811 7c24 | 1562 61ff 
  0x00000218c327d4c0: 0811 4424 | 1662 61ff | 0811 4c24 | 1762 61ff | 0811 5424 | 1862 61ff | 0811 5c24 | 1962 61ff 
  0x00000218c327d4e0: 0811 6424 | 1a62 61ff | 0811 6c24 | 1b62 61ff | 0811 7424 | 1c62 61ff | 0811 7c24 | 1d49 8bd7 
  0x00000218c327d500: 488b c848 | 83ec 2040 | f6c4 0f0f | 8419 0000 | 0048 83ec | 0848 b850 | 19a5 10fc | 7f00 00ff 
  0x00000218c327d520: d048 83c4 | 08e9 0c00 | 0000 48b8 | 5019 a510 | fc7f 0000 | ffd0 4883 | c420 6261 | ff08 107c 
  0x00000218c327d540: 241d 6261 | ff08 1074 | 241c 6261 | ff08 106c | 241b 6261 | ff08 1064 | 241a 6261 | ff08 105c 
  0x00000218c327d560: 2419 6261 | ff08 1054 | 2418 6261 | ff08 104c | 2417 6261 | ff08 1044 | 2416 62e1 | ff08 107c 
  0x00000218c327d580: 2415 62e1 | ff08 1074 | 2414 62e1 | ff08 106c | 2413 62e1 | ff08 1064 | 2412 62e1 | ff08 105c 
  0x00000218c327d5a0: 2411 62e1 | ff08 1054 | 2410 62e1 | ff08 104c | 240f 62e1 | ff08 1044 | 240e c5fb | 106c 2468 
  0x00000218c327d5c0: c5fb 1064 | 2460 c5fb | 105c 2458 | c5fb 1054 | 2450 c5fb | 104c 2448 | c5fb 1044 | 2440 4c8b 
  0x00000218c327d5e0: 5c24 304c | 8b54 2428 | 4c8b 4c24 | 204c 8b44 | 2418 488b | 5424 1048 | 8b4c 2408 | 488b 0424 
  0x00000218c327d600: 4881 c4f0 | 0000 00c5 | f877 4889 | 4510 4883 | ec10 4889 | 0424 48c7 | 4424 0800 | 0000 0041 
  0x00000218c327d620: 83bf 5005 | 0000 020f | 85bf 0000 | 0048 81ec | 8000 0000 | 4889 4424 | 7848 894c | 2470 4889 
  0x00000218c327d640: 5424 6848 | 895c 2460 | 4889 6c24 | 5048 8974 | 2448 4889 | 7c24 404c | 8944 2438 | 4c89 4c24 
  0x00000218c327d660: 304c 8954 | 2428 4c89 | 5c24 204c | 8964 2418 | 4c89 6c24 | 104c 8974 | 2408 4c89 | 3c24 4c8b 
  0x00000218c327d680: e448 83ec | 2048 83e4 | f048 b800 | edeb 10fc | 7f00 00ff | d049 8be4 | 4c8b 3c24 | 4c8b 7424 
  0x00000218c327d6a0: 084c 8b6c | 2410 4c8b | 6424 184c | 8b5c 2420 | 4c8b 5424 | 284c 8b4c | 2430 4c8b | 4424 3848 
  0x00000218c327d6c0: 8b7c 2440 | 488b 7424 | 4848 8b6c | 2450 488b | 5c24 6048 | 8b54 2468 | 488b 4c24 | 7048 8b44 
  0x00000218c327d6e0: 2478 4881 | c480 0000 | 004d 33e4 | 488b 5de8 | 4c8b 6b08 | 4d8d 6d38 | 4983 7f08 | 000f 84bb 
  0x00000218c327d700: 0000 00e8 | 0500 0000 | e996 0000 | 0048 8d44 | 2408 4c89 | 6dc0 498b | cfc5 f877 | 4989 af38 
  0x00000218c327d720: 0400 0049 | 8987 2804 | 0000 4883 | ec20 40f6 | c40f 0f84 | 1900 0000 | 4883 ec08 | 48b8 101f 
  0x00000218c327d740: b110 fc7f | 0000 ffd0 | 4883 c408 | e90c 0000 | 0048 b810 | 1fb1 10fc | 7f00 00ff | d048 83c4 
  0x00000218c327d760: 2049 c787 | 2804 0000 | 0000 0000 | 49c7 8738 | 0400 0000 | 0000 0049 | c787 3004 | 0000 0000 
  0x00000218c327d780: 0000 c5f8 | 7749 837f | 0800 0f84 | 0500 0000 | e94b 3aff | ff4c 8b6d | c04c 8b75 | c84e 8d74 
  0x00000218c327d7a0: f500 c348 | b9a0 011e | 11fc 7f00 | 0048 83e4 | f048 b810 | 5cd8 10fc | 7f00 00ff | d0f4 440f 
  0x00000218c327d7c0: b75b 2c41 | f6c3 200f | 8472 0100 | 0048 8d55 | a84c 8b5a | 084d 85db | 0f85 bb00 | 0000 e805 
  0x00000218c327d7e0: 0000 00e9 | 9600 0000 | 488d 4424 | 084c 896d | c049 8bcf | c5f8 7749 | 89af 3804 | 0000 4989 
  0x00000218c327d800: 8728 0400 | 0048 83ec | 2040 f6c4 | 0f0f 8419 | 0000 0048 | 83ec 0848 | b840 1eb1 | 10fc 7f00 
  0x00000218c327d820: 00ff d048 | 83c4 08e9 | 0c00 0000 | 48b8 401e | b110 fc7f | 0000 ffd0 | 4883 c420 | 49c7 8728 
  0x00000218c327d840: 0400 0000 | 0000 0049 | c787 3804 | 0000 0000 | 0000 49c7 | 8730 0400 | 0000 0000 | 00c5 f877 
  0x00000218c327d860: 4983 7f08 | 000f 8405 | 0000 00e9 | 7039 ffff | 4c8b 6dc0 | 4c8b 75c8 | 4e8d 74f5 | 00c3 48b9 
  0x00000218c327d880: a001 1e11 | fc7f 0000 | 4883 e4f0 | 48b8 105c | d810 fc7f | 0000 ffd0 | f44c 896d | c04c 8b4a 
  0x00000218c327d8a0: 0848 c742 | 0800 0000 | 0045 8b87 | d806 0000 | 4f3b 4c07 | f80f 8542 | 0000 0041 | 83af d806 
  0x00000218c327d8c0: 0000 084f | 3b4c 07f0 | 0f84 2a00 | 0000 498b | 01a8 020f | 8512 0000 | 004c 8bc0 | 4983 c801 
  0x00000218c327d8e0: f04d 0fb1 | 010f 840d | 0000 0041 | 8387 d806 | 0000 08e9 | 0500 0000 | e93e 0000 | 004c 894a 
  0x00000218c327d900: 0848 8bca | 4883 ec20 | 40f6 c40f | 0f84 1900 | 0000 4883 | ec08 48b8 | c0ee b010 | fc7f 0000 
  0x00000218c327d920: ffd0 4883 | c408 e90c | 0000 0048 | b8c0 eeb0 | 10fc 7f00 | 00ff d048 | 83c4 204c | 8b6d c041 
  0x00000218c327d940: c687 9603 | 0000 0149 | 3b6f 280f | 8705 0000 | 00e9 ab00 | 0000 4883 | ec10 c5fb | 1104 2448 
  0x00000218c327d960: 83ec 1048 | 8904 2448 | c744 2408 | 0000 0000 | c5f8 7749 | 89af 3804 | 0000 49ba | 70d9 27c3 
  0x00000218c327d980: 1802 0000 | 4d89 9730 | 0400 0049 | 89a7 2804 | 0000 498b | cf48 83ec | 2040 f6c4 | 0f0f 8419 
  0x00000218c327d9a0: 0000 0048 | 83ec 0848 | b8f0 d4b0 | 10fc 7f00 | 00ff d048 | 83c4 08e9 | 0c00 0000 | 48b8 f0d4 
  0x00000218c327d9c0: b010 fc7f | 0000 ffd0 | 4883 c420 | 49c7 8728 | 0400 0000 | 0000 0049 | c787 3804 | 0000 0000 
  0x00000218c327d9e0: 0000 49c7 | 8730 0400 | 0000 0000 | 00c5 f877 | 488b 0424 | 4883 c410 | c5fb 1004 | 2448 83c4 
  0x00000218c327da00: 1048 8b04 | 2448 83c4 | 10c5 fb10 | 0424 4883 | c410 4c8b | 5d18 41ff | d34c 8b5d | f8c9 41c6 
  0x00000218c327da20: 8796 0300 | 0000 5f49 | 8be3 ffe7 | ba00 0000 | 00e8 0500 | 0000 e996 | 0000 0048 | 8d44 2408 
  0x00000218c327da40: 4c89 6dc0 | 498b cfc5 | f877 4989 | af38 0400 | 0049 8987 | 2804 0000 | 4883 ec20 | 40f6 c40f 
  0x00000218c327da60: 0f84 1900 | 0000 4883 | ec08 48b8 | a0e4 b010 | fc7f 0000 | ffd0 4883 | c408 e90c | 0000 0048 
  0x00000218c327da80: b8a0 e4b0 | 10fc 7f00 | 00ff d048 | 83c4 2049 | c787 2804 | 0000 0000 | 0000 49c7 | 8738 0400 
  0x00000218c327daa0: 0000 0000 | 0049 c787 | 3004 0000 | 0000 0000 | c5f8 7749 | 837f 0800 | 0f84 0500 | 0000 e91d 
  0x00000218c327dac0: 37ff ff4c | 8b6d c04c | 8b75 c84e | 8d74 f500 | c348 8b5d | e8e9 6ef5 | ffff 660f | 1f44 0000 
[/MachCode]

Compiled method (c1) 10372 6885       3       com.sun.javafx.text.PrismTextLayout::shape (622 bytes)
 total in heap  [0x00000218bc811f08,0x00000218bc814920] = 10776
 constants      [0x00000218bc812000,0x00000218bc812040] = 64
 main code      [0x00000218bc812040,0x00000218bc8147a8] = 10088
 stub code      [0x00000218bc8147a8,0x00000218bc814910] = 360
 oops           [0x00000218bc814910,0x00000218bc814920] = 16
 mutable data [0x00000218f078c470,0x00000218f078c930] = 1216
 relocation     [0x00000218f078c470,0x00000218f078c7e0] = 880
 metadata       [0x00000218f078c7e0,0x00000218f078c930] = 336
 immutable data [0x00000218f1366530,0x00000218f13672d8] = 3496
 dependencies   [0x00000218f1366530,0x00000218f13665a0] = 112
 nul chk table  [0x00000218f13665a0,0x00000218f13666a8] = 264
 scopes pcs     [0x00000218f13666a8,0x00000218f1366c38] = 1424
 scopes data    [0x00000218f1366c38,0x00000218f13672d8] = 1696


[Constant Pool]
             Address          hex4                    hex8      
  0x00000218bc812000:   0x00000000      0x0000000000000000      
  0x00000218bc812004:   0x00000000                              
  0x00000218bc812008:   0x9999999a      0x3fe999999999999a      
  0x00000218bc81200c:   0x3fe99999                              
  0x00000218bc812010:   0x00000000      0x3fe8000000000000      
  0x00000218bc812014:   0x3fe80000                              
  0x00000218bc812018:   0x00000000      0x3fe8000000000000      
  0x00000218bc81201c:   0x3fe80000                              
  0x00000218bc812020:   0x00000000      0x3fe8000000000000      
  0x00000218bc812024:   0x3fe80000                              
  0x00000218bc812028:   0x00000000      0x3fe8000000000000      
  0x00000218bc81202c:   0x3fe80000                              
  0x00000218bc812030:   0x00000000      0x0000000000000000      
  0x00000218bc812034:   0x00000000                              
  0x00000218bc812038:   0xf4f4f4f4      0xf4f4f4f4f4f4f4f4      
  0x00000218bc81203c:   0xf4f4f4f4                              

[MachCode]
[Instructions begin]
  0x00000218bc812040: ;   {other}
  0x00000218bc812040: 660f 1f84 | 0000 0000 | 0066 0f1f | 8400 0000 | 0000 448b | 5208 443b 

  0x00000218bc812058: ;   {runtime_call Shared Runtime ic_miss_blob}
  0x00000218bc812058: 5008 0f85 | 80cc aa06 
[Verified Entry Point]
  0x00000218bc812060: 8984 2400 | 80ff ff55 | 4881 ec20 | 0100 0090 | 4181 7f20 | 0700 0000 

  0x00000218bc812078: ;   {runtime_call Stub::method_entry_barrier}
  0x00000218bc812078: 7405 e861 | 45a9 0648 | 8954 2478 | 4c89 8424 | 8000 0000 

  0x00000218bc81208c: ;   {metadata(method data for {method} {0x00000218d9c8b3f8} 'shape' '(Lcom/sun/javafx/text/TextRun;[CLcom/sun/javafx/text/GlyphLayout;)V' in 'com/sun/javafx/text/PrismTextLayout')}
  0x00000218bc81208c: 48be 508e | 2fdb 1802 | 0000 8b9e | 9000 0000 | 83c3 0289 | 9e90 0000 | 0081 e3fe | 0700 0085 
  0x00000218bc8120ac: db0f 846f | 2100 008b | 722c 48c1 | e603 4885 

  0x00000218bc8120bc: ;   {metadata(method data for {method} {0x00000218d9c8b3f8} 'shape' '(Lcom/sun/javafx/text/TextRun;[CLcom/sun/javafx/text/GlyphLayout;)V' in 'com/sun/javafx/text/PrismTextLayout')}
  0x00000218bc8120bc: f648 bb50 | 8e2f db18 | 0200 00b8 | d800 0000 | 7405 b8e8 | 0000 0048 | 8b0c 0348 | 8d49 0148 
  0x00000218bc8120dc: 890c 030f | 84a1 0600 | 008b 760c 

  0x00000218bc8120e8: ;   {metadata(method data for {method} {0x00000218d9c8b3f8} 'shape' '(Lcom/sun/javafx/text/TextRun;[CLcom/sun/javafx/text/GlyphLayout;)V' in 'com/sun/javafx/text/PrismTextLayout')}
  0x00000218bc8120e8: 85f6 48be | 508e 2fdb | 1802 0000 | bb08 0100 | 0074 05bb | f800 0000 | 488b 041e | 488d 4001 
  0x00000218bc812108: 4889 041e | 0f84 fd20 | 0000 4889 | bc24 9000 | 0000 4c89 | 8c24 8800 | 0000 493b | 0049 8bf0 
  0x00000218bc812128: ;   {metadata(method data for {method} {0x00000218d9c8b3f8} 'shape' '(Lcom/sun/javafx/text/TextRun;[CLcom/sun/javafx/text/GlyphLayout;)V' in 'com/sun/javafx/text/PrismTextLayout')}
  0x00000218bc812128: 48bb 508e | 2fdb 1802 | 0000 4883 | 8328 0100 | 0001 418b | 704c 48c1 | e603 4889 | 7424 7048 
  0x00000218bc812148: 3b06 488b 

  0x00000218bc81214c: ;   {metadata(method data for {method} {0x00000218d9c8b3f8} 'shape' '(Lcom/sun/javafx/text/TextRun;[CLcom/sun/javafx/text/GlyphLayout;)V' in 'com/sun/javafx/text/PrismTextLayout')}
  0x00000218bc81214c: de48 b850 | 8e2f db18 | 0200 008b | 5b08 41ba | 0000 001e | 4903 da48 | 3b98 5001 | 0000 750d 
  0x00000218bc81216c: 4883 8058 | 0100 0001 | e960 0000 | 0048 3b98 | 6001 0000 | 750d 4883 | 8068 0100 | 0001 e94a 
  0x00000218bc81218c: 0000 0048 | 83b8 5001 | 0000 0075 | 1748 8998 | 5001 0000 | 48c7 8058 | 0100 0001 | 0000 00e9 
  0x00000218bc8121ac: 2900 0000 | 4883 b860 | 0100 0000 | 7517 4889 | 9860 0100 | 0048 c780 | 6801 0000 | 0100 0000 
  0x00000218bc8121cc: e908 0000 | 0048 8380 | 4801 0000 | 0148 8bd6 | 9048 b800 | 53ea f018 

  0x00000218bc8121e4: ;   {virtual_call}
  0x00000218bc8121e4: 0200 00e8 

  0x00000218bc8121e8: ; ImmutableOopMap {[112]=Oop [120]=Oop [128]=Oop [136]=Oop [144]=Oop }
                      ;*invokeinterface getFont {reexecute=0 rethrow=0 return_oop=0}
                      ; - com.sun.javafx.text.PrismTextLayout::shape@24 (line 832)
  0x00000218bc8121e8: f4d4 aa06 

  0x00000218bc8121ec: ;   {post_call_nop}
  0x00000218bc8121ec: 0f1f 8400 | e402 0000 

  0x00000218bc8121f4: ;   {metadata(method data for {method} {0x00000218d9c8b3f8} 'shape' '(Lcom/sun/javafx/text/TextRun;[CLcom/sun/javafx/text/GlyphLayout;)V' in 'com/sun/javafx/text/PrismTextLayout')}
  0x00000218bc8121f4: 4885 c048 | bf50 8e2f | db18 0200 | 0075 0c80 | 8f71 0100 | 0001 e9c1 | 0000 008b | 5808 41ba 
  0x00000218bc812214: 0000 001e | 4903 da48 | 3b9f 8001 | 0000 750d | 4883 8788 | 0100 0001 | e960 0000 | 0048 3b9f 
  0x00000218bc812234: 9001 0000 | 750d 4883 | 8798 0100 | 0001 e94a | 0000 0048 | 83bf 8001 | 0000 0075 | 1748 899f 
  0x00000218bc812254: 8001 0000 | 48c7 8788 | 0100 0001 | 0000 00e9 | 2900 0000 | 4883 bf90 | 0100 0000 | 7517 4889 
  0x00000218bc812274: 9f90 0100 | 0048 c787 | 9801 0000 | 0100 0000 | e908 0000 | 0048 8387 | 7801 0000 

  0x00000218bc812290: ;   {metadata('com/sun/javafx/font/PGFont')}
  0x00000218bc812290: 0148 bb88 | 730f 1f00 | 0000 008b | 7808 41ba | 0000 001e | 4903 fa48 | 3b5f 200f | 841f 0000 
  0x00000218bc8122b0: 0048 3bfb | 0f84 1600 | 0000 5753 

  0x00000218bc8122bc: ;   {runtime_call C1 Runtime slow_subtype_check_blob}
  0x00000218bc8122bc: e81f 73b8 | 065f 5f85 | ff0f 8487 | 1f00 00e9 | 0000 0000 | 488b f048 

  0x00000218bc8122d4: ;   {metadata(method data for {method} {0x00000218d9c8b3f8} 'shape' '(Lcom/sun/javafx/text/TextRun;[CLcom/sun/javafx/text/GlyphLayout;)V' in 'com/sun/javafx/text/PrismTextLayout')}
  0x00000218bc8122d4: 85f6 48ba | 508e 2fdb | 1802 0000 | bfa8 0100 | 0075 05bf | b801 0000 | 488b 1c3a | 488d 5b01 
  0x00000218bc8122f4: 4889 1c3a | 0f85 2203 | 0000 488b | 7424 7048 

  0x00000218bc812304: ;   {metadata(method data for {method} {0x00000218d9c8b3f8} 'shape' '(Lcom/sun/javafx/text/TextRun;[CLcom/sun/javafx/text/GlyphLayout;)V' in 'com/sun/javafx/text/PrismTextLayout')}
  0x00000218bc812304: 8bd6 48bf | 508e 2fdb | 1802 0000 | 8b52 0841 | ba00 0000 | 1e49 03d2 | 483b 97d0 | 0100 0075 
  0x00000218bc812324: 0d48 8387 | d801 0000 | 01e9 6000 | 0000 483b | 97e0 0100 | 0075 0d48 | 8387 e801 | 0000 01e9 
  0x00000218bc812344: 4a00 0000 | 4883 bfd0 | 0100 0000 | 7517 4889 | 97d0 0100 | 0048 c787 | d801 0000 | 0100 0000 
  0x00000218bc812364: e929 0000 | 0048 83bf | e001 0000 | 0075 1748 | 8997 e001 | 0000 48c7 | 87e8 0100 | 0001 0000 
  0x00000218bc812384: 00e9 0800 | 0000 4883 | 87c8 0100 | 0001 488b | d648 b828 | 53ea f018 

  0x00000218bc81239c: ;   {virtual_call}
  0x00000218bc81239c: 0200 00e8 

  0x00000218bc8123a0: ; ImmutableOopMap {[112]=Oop [128]=Oop }
                      ;*invokeinterface getBounds {reexecute=0 rethrow=0 return_oop=0}
                      ; - com.sun.javafx.text.PrismTextLayout::shape@41 (line 834)
  0x00000218bc8123a0: 3cd3 aa06 

  0x00000218bc8123a4: ;   {post_call_nop}
  0x00000218bc8123a4: 0f1f 8400 | 9c04 0001 | 488b 7424 

  0x00000218bc8123b0: ;   {metadata(method data for {method} {0x00000218d9c8b3f8} 'shape' '(Lcom/sun/javafx/text/TextRun;[CLcom/sun/javafx/text/GlyphLayout;)V' in 'com/sun/javafx/text/PrismTextLayout')}
  0x00000218bc8123b0: 7048 ba50 | 8e2f db18 | 0200 008b | 7608 41ba | 0000 001e | 4903 f248 | 3bb2 0002 | 0000 750d 
  0x00000218bc8123d0: 4883 8208 | 0200 0001 | e960 0000 | 0048 3bb2 | 1002 0000 | 750d 4883 | 8218 0200 | 0001 e94a 
  0x00000218bc8123f0: 0000 0048 | 83ba 0002 | 0000 0075 | 1748 89b2 | 0002 0000 | 48c7 8208 | 0200 0001 | 0000 00e9 
  0x00000218bc812410: 2900 0000 | 4883 ba10 | 0200 0000 | 7517 4889 | b210 0200 | 0048 c782 | 1802 0000 | 0100 0000 
  0x00000218bc812430: e908 0000 | 0048 8382 | f801 0000 | 0148 8b54 | 2470 4889 | 8424 9800 | 0000 6666 | 9048 b850 
  0x00000218bc812450: 53ea f018 

  0x00000218bc812454: ;   {virtual_call}
  0x00000218bc812454: 0200 00e8 

  0x00000218bc812458: ; ImmutableOopMap {[128]=Oop [152]=Oop }
                      ;*invokeinterface getText {reexecute=0 rethrow=0 return_oop=0}
                      ; - com.sun.javafx.text.PrismTextLayout::shape@53 (line 835)
  0x00000218bc812458: 84d2 aa06 

  0x00000218bc81245c: ;   {post_call_nop}
  0x00000218bc81245c: 0f1f 8400 | 5405 0002 

  0x00000218bc812464: ; implicit exception: dispatches to 0x00000218bc81425b
  0x00000218bc812464: 483b 004c 

  0x00000218bc812468: ;   {metadata(method data for {method} {0x00000218d9c8b3f8} 'shape' '(Lcom/sun/javafx/text/TextRun;[CLcom/sun/javafx/text/GlyphLayout;)V' in 'com/sun/javafx/text/PrismTextLayout')}
  0x00000218bc812468: 8bc0 48ba | 508e 2fdb | 1802 0000 | 458b 4008 | 41ba 0000 | 001e 4d03 | c24c 3b82 | 3002 0000 
  0x00000218bc812488: 750d 4883 | 8238 0200 | 0001 e960 | 0000 004c | 3b82 4002 | 0000 750d | 4883 8248 | 0200 0001 
  0x00000218bc8124a8: e94a 0000 | 0048 83ba | 3002 0000 | 0075 174c | 8982 3002 | 0000 48c7 | 8238 0200 | 0001 0000 
  0x00000218bc8124c8: 00e9 2900 | 0000 4883 | ba40 0200 | 0000 7517 | 4c89 8240 | 0200 0048 | c782 4802 | 0000 0100 
  0x00000218bc8124e8: 0000 e908 | 0000 0048 | 8382 2802 

  0x00000218bc8124f4: ;   {metadata(method data for {method} {0x000000001e187d60} 'length' '()I' in 'java/lang/String')}
  0x00000218bc8124f4: 0000 0149 | b860 ee00 | d918 0200 | 0041 8b90 | 9000 0000 | 83c2 0241 | 8990 9000 | 0000 81e2 
  0x00000218bc812514: feff 1f00 | 85d2 0f84 | 401d 0000 | 448b 4014 | 49c1 e003 

  0x00000218bc812528: ; implicit exception: dispatches to 0x00000218bc814281
  0x00000218bc812528: 418b 700c 

  0x00000218bc81252c: ;   {metadata(method data for {method} {0x000000001e187d60} 'length' '()I' in 'java/lang/String')}
  0x00000218bc81252c: 4c8b c048 | ba60 ee00 | d918 0200 | 0045 8b40 | 0841 ba00 | 0000 1e4d | 03c2 4c3b | 82e0 0000 
  0x00000218bc81254c: 0075 0d48 | 8382 e800 | 0000 01e9 | 6000 0000 | 4c3b 82f0 | 0000 0075 | 0d48 8382 | f800 0000 
  0x00000218bc81256c: 01e9 4a00 | 0000 4883 | bae0 0000 | 0000 7517 | 4c89 82e0 | 0000 0048 | c782 e800 | 0000 0100 
  0x00000218bc81258c: 0000 e929 | 0000 0048 | 83ba f000 | 0000 0075 | 174c 8982 | f000 0000 | 48c7 82f8 | 0000 0001 
  0x00000218bc8125ac: 0000 00e9 | 0800 0000 | 4883 82d8 | 0000 0001 

  0x00000218bc8125bc: ;   {metadata(method data for {method} {0x000000001e4adaf8} 'coder' '()B' in 'java/lang/String')}
  0x00000218bc8125bc: 49b8 20ed | 00d9 1802 | 0000 418b | 9090 0000 | 0083 c202 | 4189 9090 | 0000 0081 | e2fe ff1f 
  0x00000218bc8125dc: 0085 d20f | 84a1 1c00 

  0x00000218bc8125e4: ;   {metadata(method data for {method} {0x000000001e4adaf8} 'coder' '()B' in 'java/lang/String')}
  0x00000218bc8125e4: 0049 b820 | ed00 d918 | 0200 0041 | ff80 e800 | 0000 440f 

  0x00000218bc8125f8: ;   {metadata(method data for {method} {0x000000001e4adaf8} 'coder' '()B' in 'java/lang/String')}
  0x00000218bc8125f8: be40 1048 | ba20 ed00 | d918 0200 | 00ff 82f8 | 0000 0041 | c1e0 1841 | c1f8 1848 | 8bbc 2480 
  0x00000218bc812618: 0000 00e9 | 901b 0000 | 4885 f60f | 8425 0000 

  0x00000218bc812628: ;   {metadata('com/sun/javafx/font/PrismFont')}
  0x00000218bc812628: 0048 bb88 | ac0f 1f00 | 0000 008b | 7e08 41ba | 0000 001e | 4903 fa48 | 3b5f 380f | 855e 1c00 
  0x00000218bc812648: 00e9 0000 | 0000 4c8b | c648 3b06 

  0x00000218bc812654: ;   {metadata(method data for {method} {0x00000218d9c8b3f8} 'shape' '(Lcom/sun/javafx/text/TextRun;[CLcom/sun/javafx/text/GlyphLayout;)V' in 'com/sun/javafx/text/PrismTextLayout')}
  0x00000218bc812654: 4c8b c648 | ba50 8e2f | db18 0200 | 0048 8382 | 9802 0000 

  0x00000218bc812668: ;   {metadata(method data for {method} {0x00000218d987b920} 'getStrike' '(Lcom/sun/javafx/geom/transform/BaseTransform;)Lcom/sun/javafx/font/FontStrike;' in 'com/sun/javafx/font/PrismFont')}
  0x00000218bc812668: 0149 b880 | c359 da18 | 0200 0041 | 8b90 9000 | 0000 83c2 | 0241 8990 | 9000 0000 | 81e2 feff 
  0x00000218bc812688: 1f00 85d2 | 0f84 1f1c | 0000 8b56 | 1c48 c1e2 | 03c5 fa10 | 460c 483b | 024c 8bc2 

  0x00000218bc8126a4: ;   {metadata(method data for {method} {0x00000218d987b920} 'getStrike' '(Lcom/sun/javafx/geom/transform/BaseTransform;)Lcom/sun/javafx/font/FontStrike;' in 'com/sun/javafx/font/PrismFont')}
  0x00000218bc8126a4: 48bf 80c3 | 59da 1802 | 0000 458b | 4008 41ba | 0000 001e | 4d03 c24c | 3b87 e000 | 0000 750d 
  0x00000218bc8126c4: 4883 87e8 | 0000 0001 | e960 0000 | 004c 3b87 | f000 0000 | 750d 4883 | 87f8 0000 | 0001 e94a 
  0x00000218bc8126e4: 0000 0048 | 83bf e000 | 0000 0075 | 174c 8987 | e000 0000 | 48c7 87e8 | 0000 0001 | 0000 00e9 
  0x00000218bc812704: 2900 0000 | 4883 bff0 | 0000 0000 | 7517 4c89 | 87f0 0000 | 0048 c787 | f800 0000 | 0100 0000 
  0x00000218bc812724: e908 0000 | 0048 8387 | d800 0000 

  0x00000218bc812730: ;   {oop(a 'com/sun/javafx/geom/transform/Identity'{0x000000060b60ac80})}
  0x00000218bc812730: 0149 b880 | ac60 0b06 | 0000 0048 | 89b4 24a0 | 0000 0066 | 9048 b878 | 53ea f018 

  0x00000218bc81274c: ;   {virtual_call}
  0x00000218bc81274c: 0200 00e8 

  0x00000218bc812750: ; ImmutableOopMap {[120]=Oop [128]=Oop [136]=Oop [144]=Oop [160]=Oop }
                      ;*invokeinterface getStrike {reexecute=0 rethrow=0 return_oop=0}
                      ; - com.sun.javafx.font.PrismFont::getStrike@9 (line 79)
                      ; - com.sun.javafx.text.PrismTextLayout::shape@70 (line 838)
  0x00000218bc812750: 8ccf aa06 

  0x00000218bc812754: ;   {post_call_nop}
  0x00000218bc812754: 0f1f 8400 | 4c08 0003 

  0x00000218bc81275c: ;   {metadata(method data for {method} {0x00000218d9c8b3f8} 'shape' '(Lcom/sun/javafx/text/TextRun;[CLcom/sun/javafx/text/GlyphLayout;)V' in 'com/sun/javafx/text/PrismTextLayout')}
  0x00000218bc81275c: 48ba 508e | 2fdb 1802 | 0000 ff82 | b802 0000 | 488b b424 | a000 0000 | 4c8b 8424 | 8000 0000 
  0x00000218bc81277c: 488b 5424 | 78e9 2900 | 0000 4889 | bc24 9000 | 0000 4c89 | 8c24 8800 | 0000 8b72 | 3048 c1e6 
  0x00000218bc81279c: 038b 7a34 | 48c1 e703 | 488b c74c | 8b84 2480 | 0000 0049 | 3b00 498b 

  0x00000218bc8127b4: ;   {metadata(method data for {method} {0x00000218d9c8b3f8} 'shape' '(Lcom/sun/javafx/text/TextRun;[CLcom/sun/javafx/text/GlyphLayout;)V' in 'com/sun/javafx/text/PrismTextLayout')}
  0x00000218bc8127b4: f848 bb50 | 8e2f db18 | 0200 0048 | 8383 e002 | 0000 01c4 | c17a 1040 

  0x00000218bc8127cc: ;   {section_word}
  0x00000218bc8127cc: 20c5 fa10 | 0d2b f8ff | ffc5 f82e | c1bf ffff | ffff 0f8a | 1400 0000 | 0f82 0e00 | 0000 bf00 
  0x00000218bc8127ec: 0000 000f | 8403 0000 | 0048 ffc7 

  0x00000218bc8127f8: ;   {metadata(method data for {method} {0x00000218d9c8b3f8} 'shape' '(Lcom/sun/javafx/text/TextRun;[CLcom/sun/javafx/text/GlyphLayout;)V' in 'com/sun/javafx/text/PrismTextLayout')}
  0x00000218bc8127f8: 85ff 48bf | 508e 2fdb | 1802 0000 | bb10 0300 | 0074 05bb | 0003 0000 | 488b 0c1f | 488d 4901 
  0x00000218bc812818: 4889 0c1f | 4889 b424 | a800 0000 | 0f84 0d00 | 0000 4889 | 8424 b000 | 0000 e918 | 0900 0048 
  0x00000218bc812838: 3b00 488b 

  0x00000218bc81283c: ;   {metadata(method data for {method} {0x00000218d9c8b3f8} 'shape' '(Lcom/sun/javafx/text/TextRun;[CLcom/sun/javafx/text/GlyphLayout;)V' in 'com/sun/javafx/text/PrismTextLayout')}
  0x00000218bc81283c: f848 bb50 | 8e2f db18 | 0200 008b | 7f08 41ba | 0000 001e | 4903 fa48 | 3bbb 2803 | 0000 750d 
  0x00000218bc81285c: 4883 8330 | 0300 0001 | e960 0000 | 0048 3bbb | 3803 0000 | 750d 4883 | 8340 0300 | 0001 e94a 
  0x00000218bc81287c: 0000 0048 | 83bb 2803 | 0000 0075 | 1748 89bb | 2803 0000 | 48c7 8330 | 0300 0001 | 0000 00e9 
  0x00000218bc81289c: 2900 0000 | 4883 bb38 | 0300 0000 | 7517 4889 | bb38 0300 | 0048 c783 | 4003 0000 | 0100 0000 
  0x00000218bc8128bc: e908 0000 | 0048 8383 | 2003 0000 | 0148 8bd0 | 4889 8424 | b000 0000 | 9048 b8a0 | 53ea f018 
  0x00000218bc8128dc: ;   {virtual_call}
  0x00000218bc8128dc: 0200 00e8 

  0x00000218bc8128e0: ; ImmutableOopMap {[120]=Oop [128]=Oop [136]=Oop [144]=Oop [168]=Oop [176]=Oop }
                      ;*invokeinterface getMetrics {reexecute=0 rethrow=0 return_oop=0}
                      ; - com.sun.javafx.text.PrismTextLayout::shape@103 (line 846)
  0x00000218bc8128e0: ae53 75ff 

  0x00000218bc8128e4: ;   {post_call_nop}
  0x00000218bc8128e4: 0f1f 8400 | dc09 0004 | 4889 8424 | b800 0000 | 488b 5424 | 788b 7220 | 81e6 0040 | 0000 81fe 
  0x00000218bc812904: 0040 0000 

  0x00000218bc812908: ;   {metadata(method data for {method} {0x00000218d9c8b3f8} 'shape' '(Lcom/sun/javafx/text/TextRun;[CLcom/sun/javafx/text/GlyphLayout;)V' in 'com/sun/javafx/text/PrismTextLayout')}
  0x00000218bc812908: 48be 508e | 2fdb 1802 | 0000 bf50 | 0300 0075 | 05bf 6003 | 0000 488b | 1c3e 488d | 5b01 4889 
  0x00000218bc812928: 1c3e 0f85 | e206 0000 | 488b b424 | a800 0000 | 4885 c00f | 8425 0000 

  0x00000218bc812940: ;   {metadata('com/sun/javafx/font/PrismMetrics')}
  0x00000218bc812940: 0049 b8f0 | 6e30 1f00 | 0000 008b | 4808 41ba | 0000 001e | 4903 ca4c | 3b41 380f | 8580 1900 
  0x00000218bc812960: 00e9 0000 | 0000 488b | f848 3b00 

  0x00000218bc81296c: ;   {metadata(method data for {method} {0x00000218d9c8b3f8} 'shape' '(Lcom/sun/javafx/text/TextRun;[CLcom/sun/javafx/text/GlyphLayout;)V' in 'com/sun/javafx/text/PrismTextLayout')}
  0x00000218bc81296c: 488b f848 | bb50 8e2f | db18 0200 | 0048 8383 | 8003 0000 | 01c5 fa10 | 400c 4885 | f60f 8425 
  0x00000218bc81298c: ;   {metadata('com/sun/javafx/font/PrismFont')}
  0x00000218bc81298c: 0000 0049 | b888 ac0f | 1f00 0000 | 008b 4e08 | 41ba 0000 | 001e 4903 | ca4c 3b41 | 380f 853c 
  0x00000218bc8129ac: 1900 00e9 | 0000 0000 | 488b fe48 | 3b06 488b 

  0x00000218bc8129bc: ;   {metadata(method data for {method} {0x00000218d9c8b3f8} 'shape' '(Lcom/sun/javafx/text/TextRun;[CLcom/sun/javafx/text/GlyphLayout;)V' in 'com/sun/javafx/text/PrismTextLayout')}
  0x00000218bc8129bc: fe48 bb50 | 8e2f db18 | 0200 0048 | 8383 b003 

  0x00000218bc8129cc: ;   {metadata(method data for {method} {0x00000218d987b5f8} 'getFamilyName' '()Ljava/lang/String;' in 'com/sun/javafx/font/PrismFont')}
  0x00000218bc8129cc: 0000 0148 | bfe0 eb72 | db18 0200 | 008b 9f90 | 0000 0083 | c302 899f | 9000 0000 | 81e3 feff 
  0x00000218bc8129ec: 1f00 85db | 0f84 ff18 | 0000 8b7e | 1c48 c1e7 | 0348 3b07 

  0x00000218bc812a00: ;   {metadata(method data for {method} {0x00000218d987b5f8} 'getFamilyName' '()Ljava/lang/String;' in 'com/sun/javafx/font/PrismFont')}
  0x00000218bc812a00: 488b df48 | b9e0 eb72 | db18 0200 | 008b 5b08 | 41ba 0000 | 001e 4903 | da48 3b99 | e000 0000 
  0x00000218bc812a20: 750d 4883 | 81e8 0000 | 0001 e960 | 0000 0048 | 3b99 f000 | 0000 750d | 4883 81f8 | 0000 0001 
  0x00000218bc812a40: e94a 0000 | 0048 83b9 | e000 0000 | 0075 1748 | 8999 e000 | 0000 48c7 | 81e8 0000 | 0001 0000 
  0x00000218bc812a60: 00e9 2900 | 0000 4883 | b9f0 0000 | 0000 7517 | 4889 99f0 | 0000 0048 | c781 f800 | 0000 0100 
  0x00000218bc812a80: 0000 e908 | 0000 0048 | 8381 d800 | 0000 0148 | 8bd7 4889 | b424 a800 | 0000 c5fa | 1184 24ec 
  0x00000218bc812aa0: 0000 0066 | 9048 b8c8 | 53ea f018 

  0x00000218bc812aac: ;   {virtual_call}
  0x00000218bc812aac: 0200 00e8 

  0x00000218bc812ab0: ; ImmutableOopMap {[120]=Oop [128]=Oop [136]=Oop [144]=Oop [168]=Oop [176]=Oop [184]=Oop }
                      ;*invokeinterface getFamilyName {reexecute=0 rethrow=0 return_oop=0}
                      ; - com.sun.javafx.font.PrismFont::getFamilyName@4 (line 51)
                      ; - com.sun.javafx.text.PrismTextLayout::shape@135 (line 859)
  0x00000218bc812ab0: 5e2f 0d00 

  0x00000218bc812ab4: ;   {post_call_nop}
  0x00000218bc812ab4: 0f1f 8400 | ac0b 0005 

  0x00000218bc812abc: ; implicit exception: dispatches to 0x00000218bc81431b
  0x00000218bc812abc: 483b 004c 

  0x00000218bc812ac0: ;   {metadata(method data for {method} {0x00000218d9c8b3f8} 'shape' '(Lcom/sun/javafx/text/TextRun;[CLcom/sun/javafx/text/GlyphLayout;)V' in 'com/sun/javafx/text/PrismTextLayout')}
  0x00000218bc812ac0: 8bc0 48ba | 508e 2fdb | 1802 0000 | 458b 4008 | 41ba 0000 | 001e 4d03 | c24c 3b82 | d803 0000 
  0x00000218bc812ae0: 750d 4883 | 82e0 0300 | 0001 e960 | 0000 004c | 3b82 e803 | 0000 750d | 4883 82f0 | 0300 0001 
  0x00000218bc812b00: e94a 0000 | 0048 83ba | d803 0000 | 0075 174c | 8982 d803 | 0000 48c7 | 82e0 0300 | 0001 0000 
  0x00000218bc812b20: 00e9 2900 | 0000 4883 | bae8 0300 | 0000 7517 | 4c89 82e8 | 0300 0048 | c782 f003 | 0000 0100 
  0x00000218bc812b40: 0000 e908 | 0000 0048 | 8382 d003 

  0x00000218bc812b4c: ;   {oop("Segoe UI"{0x000000060bf24c40})}
  0x00000218bc812b4c: 0000 0149 | b840 4cf2 | 0b06 0000 | 0048 8bd0 

  0x00000218bc812b5c: ;   {optimized virtual_call}
  0x00000218bc812b5c: 6666 90e8 

  0x00000218bc812b60: ; ImmutableOopMap {[120]=Oop [128]=Oop [136]=Oop [144]=Oop [168]=Oop [176]=Oop [184]=Oop }
                      ;*invokevirtual equals {reexecute=0 rethrow=0 return_oop=0}
                      ; - com.sun.javafx.text.PrismTextLayout::shape@143 (line 859)
  0x00000218bc812b60: 2c33 2a07 

  0x00000218bc812b64: ;   {post_call_nop}
  0x00000218bc812b64: 0f1f 8400 | 5c0c 0006 

  0x00000218bc812b6c: ;   {metadata(method data for {method} {0x00000218d9c8b3f8} 'shape' '(Lcom/sun/javafx/text/TextRun;[CLcom/sun/javafx/text/GlyphLayout;)V' in 'com/sun/javafx/text/PrismTextLayout')}
  0x00000218bc812b6c: 85c0 48ba | 508e 2fdb | 1802 0000 | be00 0400 | 0074 05be | 1004 0000 | 488b 3c32 | 488d 7f01 
  0x00000218bc812b8c: 4889 3c32 | c5fa 1084 | 24ec 0000 | 000f 8410 | 0000 00c5 

  0x00000218bc812ba0: ;   {section_word}
  0x00000218bc812ba0: fa5a c0c5 | fb59 055d | f4ff ffc5 | fb5a c048 | 8b84 24b8 | 0000 00c5 

  0x00000218bc812bb8: ;   {section_word}
  0x00000218bc812bb8: fa5a c0c5 | fb5c 054d | f4ff ffc5 | fb2c d081 | fa00 0000 | 8075 0f48 | 83ec 08c5 | fb11 0424 
  0x00000218bc812bd8: ;   {runtime_call Stub::d2i_fixup}
  0x00000218bc812bd8: e89a e8a5 | 065a c5f2 | 2aca 4885 | c00f 8425 

  0x00000218bc812be8: ;   {metadata('com/sun/javafx/font/PrismMetrics')}
  0x00000218bc812be8: 0000 0048 | bbf0 6e30 | 1f00 0000 | 008b 7808 | 41ba 0000 | 001e 4903 | fa48 3b5f | 380f 8515 
  0x00000218bc812c08: 1700 00e9 | 0000 0000 | 488b d048 

  0x00000218bc812c14: ;   {metadata(method data for {method} {0x00000218d9c8b3f8} 'shape' '(Lcom/sun/javafx/text/TextRun;[CLcom/sun/javafx/text/GlyphLayout;)V' in 'com/sun/javafx/text/PrismTextLayout')}
  0x00000218bc812c14: 8bd0 48be | 508e 2fdb | 1802 0000 | 4883 8630 | 0400 0001 | c5fa 1040 | 10c5 fa5a 

  0x00000218bc812c30: ;   {section_word}
  0x00000218bc812c30: c0c5 fb58 | 05df f3ff | ffc5 fb2c | d081 fa00 | 0000 8075 | 0f48 83ec | 08c5 fb11 

  0x00000218bc812c4c: ;   {runtime_call Stub::d2i_fixup}
  0x00000218bc812c4c: 0424 e824 | e8a5 065a | c5ea 2ad2 | 4885 c00f | 8425 0000 

  0x00000218bc812c60: ;   {metadata('com/sun/javafx/font/PrismMetrics')}
  0x00000218bc812c60: 0048 bbf0 | 6e30 1f00 | 0000 008b | 7808 41ba | 0000 001e | 4903 fa48 | 3b5f 380f | 85a4 1600 
  0x00000218bc812c80: 00e9 0000 | 0000 488b | d048 8bd0 

  0x00000218bc812c8c: ;   {metadata(method data for {method} {0x00000218d9c8b3f8} 'shape' '(Lcom/sun/javafx/text/TextRun;[CLcom/sun/javafx/text/GlyphLayout;)V' in 'com/sun/javafx/text/PrismTextLayout')}
  0x00000218bc812c8c: 48be 508e | 2fdb 1802 | 0000 4883 | 8660 0400 | 0001 c5fa | 1040 14c5 

  0x00000218bc812ca4: ;   {section_word}
  0x00000218bc812ca4: fa5a c0c5 | fb58 0571 | f3ff ffc5 | fb2c d081 | fa00 0000 | 8075 0f48 | 83ec 08c5 | fb11 0424 
  0x00000218bc812cc4: ;   {runtime_call Stub::d2i_fixup}
  0x00000218bc812cc4: e8ae e7a5 | 065a c5e2 | 2ada 4885 | c00f 8425 

  0x00000218bc812cd4: ;   {metadata('com/sun/javafx/font/PrismMetrics')}
  0x00000218bc812cd4: 0000 0048 | bbf0 6e30 | 1f00 0000 | 008b 7808 | 41ba 0000 | 001e 4903 | fa48 3b5f | 380f 8533 
  0x00000218bc812cf4: 1600 00e9 | 0000 0000 | 488b d048 

  0x00000218bc812d00: ;   {metadata(method data for {method} {0x00000218d9c8b3f8} 'shape' '(Lcom/sun/javafx/text/TextRun;[CLcom/sun/javafx/text/GlyphLayout;)V' in 'com/sun/javafx/text/PrismTextLayout')}
  0x00000218bc812d00: 8bd0 48be | 508e 2fdb | 1802 0000 | 4883 8690 | 0400 0001 

  0x00000218bc812d14: ;   {metadata(method data for {method} {0x00000218da076408} 'getCapHeight' '()F' in 'com/sun/javafx/font/PrismMetrics')}
  0x00000218bc812d14: 48ba a870 | 7adb 1802 | 0000 8bb2 | 9000 0000 | 83c6 0289 | b290 0000 | 0081 e6fe | ff1f 0085 
  0x00000218bc812d34: f60f 84f4 | 1500 0048 

  0x00000218bc812d3c: ;   {metadata(method data for {method} {0x00000218da076408} 'getCapHeight' '()F' in 'com/sun/javafx/font/PrismMetrics')}
  0x00000218bc812d3c: 8bd0 48be | a870 7adb | 1802 0000 | 4883 86d8 | 0000 0001 

  0x00000218bc812d50: ;   {metadata(method data for {method} {0x00000218da076168} 'checkStyleMetrics' '()V' in 'com/sun/javafx/font/PrismMetrics')}
  0x00000218bc812d50: 48ba 30fa | 76db 1802 | 0000 8bb2 | 9000 0000 | 83c6 0289 | b290 0000 | 0081 e6fe | ff1f 0085 
  0x00000218bc812d70: f60f 84d9 | 1500 008b | 5020 48c1 | e203 4885 

  0x00000218bc812d80: ;   {metadata(method data for {method} {0x00000218da076168} 'checkStyleMetrics' '()V' in 'com/sun/javafx/font/PrismMetrics')}
  0x00000218bc812d80: d248 ba30 | fa76 db18 | 0200 00be | e800 0000 | 7405 bed8 | 0000 0048 | 8b3c 3248 | 8d7f 0148 
  0x00000218bc812da0: 893c 32c5 | fa11 9c24 | f800 0000 | c5fa 1194 | 24f4 0000 | 00c5 fa11 | 8c24 f000 | 0000 0f84 
  0x00000218bc812dc0: 0800 0000 | 488b d0e9 | e400 0000 | 8b50 1c48 | c1e2 03c5 | fa10 4018 

  0x00000218bc812dd8: ; implicit exception: dispatches to 0x00000218bc814371
  0x00000218bc812dd8: 483b 0248 

  0x00000218bc812ddc: ;   {metadata(method data for {method} {0x00000218da076168} 'checkStyleMetrics' '()V' in 'com/sun/javafx/font/PrismMetrics')}
  0x00000218bc812ddc: 8bf2 48bf | 30fa 76db | 1802 0000 | 8b76 0841 | ba00 0000 | 1e49 03f2 | 483b b700 | 0100 0075 
  0x00000218bc812dfc: 0d48 8387 | 0801 0000 | 01e9 6000 | 0000 483b | b710 0100 | 0075 0d48 | 8387 1801 | 0000 01e9 
  0x00000218bc812e1c: 4a00 0000 | 4883 bf00 | 0100 0000 | 7517 4889 | b700 0100 | 0048 c787 | 0801 0000 | 0100 0000 
  0x00000218bc812e3c: e929 0000 | 0048 83bf | 1001 0000 | 0075 1748 | 89b7 1001 | 0000 48c7 | 8718 0100 | 0001 0000 
  0x00000218bc812e5c: 00e9 0800 | 0000 4883 | 87f8 0000 | 0001 0f1f 

  0x00000218bc812e6c: ;   {optimized virtual_call}
  0x00000218bc812e6c: 4400 00e8 

  0x00000218bc812e70: ; ImmutableOopMap {[120]=Oop [128]=Oop [136]=Oop [144]=Oop [168]=Oop [176]=Oop [184]=Oop }
                      ;*invokevirtual getStyleMetrics {reexecute=0 rethrow=0 return_oop=0}
                      ; - com.sun.javafx.font.PrismMetrics::checkStyleMetrics@16 (line 78)
                      ; - com.sun.javafx.font.PrismMetrics::getCapHeight@1 (line 102)
                      ; - com.sun.javafx.text.PrismTextLayout::shape@204 (line 865)
  0x00000218bc812e70: 6cc3 aa06 

  0x00000218bc812e74: ;   {post_call_nop}
  0x00000218bc812e74: 0f1f 8400 | 6c0f 0007 | 410f be57 | 4885 d248 | 8b94 24b8 | 0000 000f | 85e5 1400 | 004c 8bd0 
  0x00000218bc812e94: 49c1 ea03 | 4489 5220 | 488b f248 | 33f0 48c1 | ee16 4883 | fe00 0f85 | e514 0000 | 8b52 2048 
  0x00000218bc812eb4: c1e2 0383 | 7a0c 010f | 86f6 1400 | 00c5 fa10 | 4214 c5fa | 1094 24f4 | 0000 00c5 

  0x00000218bc812ed0: ;   {section_word}
  0x00000218bc812ed0: fa5a c0c5 | fb58 054d | f1ff ffc5 | fb2c d081 | fa00 0000 | 8075 0f48 | 83ec 08c5 | fb11 0424 
  0x00000218bc812ef0: ;   {runtime_call Stub::d2i_fixup}
  0x00000218bc812ef0: e882 e5a5 | 065a c5fa | 2ac2 c5fa | 108c 24f0 

  0x00000218bc812f00: ;   {external_word}
  0x00000218bc812f00: 0000 0049 | bad0 b949 | 11fc 7f00 | 00c4 c170 | 570a c5f2 | 5cc8 c5f8 | 2eca baff | ffff ff0f 
  0x00000218bc812f20: 8a14 0000 | 000f 820e | 0000 00ba | 0000 0000 | 0f84 0300 | 0000 48ff 

  0x00000218bc812f38: ;   {metadata(method data for {method} {0x00000218d9c8b3f8} 'shape' '(Lcom/sun/javafx/text/TextRun;[CLcom/sun/javafx/text/GlyphLayout;)V' in 'com/sun/javafx/text/PrismTextLayout')}
  0x00000218bc812f38: c285 d248 | ba50 8e2f | db18 0200 | 00be b004 | 0000 7e05 | bec0 0400 | 0048 8b3c | 3248 8d7f 
  0x00000218bc812f58: 0148 893c | 320f 8e1e 

  0x00000218bc812f60: ;   {metadata(method data for {method} {0x00000218d9c8b3f8} 'shape' '(Lcom/sun/javafx/text/TextRun;[CLcom/sun/javafx/text/GlyphLayout;)V' in 'com/sun/javafx/text/PrismTextLayout')}
  0x00000218bc812f60: 0000 0048 | ba50 8e2f | db18 0200 | 00ff 82d0 | 0400 00c5 | fa10 8424 | f000 0000 | e91d 0000 
  0x00000218bc812f80: 00c5 fa10 | 8424 f000 | 0000 c5f2 | 5cca c5f8 | 28d9 c5e2 | 58d8 c5f8 | 28ca c5f8 | 28c3 c5fa 
  0x00000218bc812fa0: 109c 24f8 | 0000 004c | 8b84 2480 | 0000 0049 

  0x00000218bc812fb0: ;   {metadata(method data for {method} {0x00000218d9c8b3f8} 'shape' '(Lcom/sun/javafx/text/TextRun;[CLcom/sun/javafx/text/GlyphLayout;)V' in 'com/sun/javafx/text/PrismTextLayout')}
  0x00000218bc812fb0: 8bd0 48be | 508e 2fdb | 1802 0000 | 4883 86f8 | 0400 0001 

  0x00000218bc812fc4: ;   {metadata(method data for {method} {0x00000218da06a650} 'setMetrics' '(FFF)V' in 'com/sun/javafx/text/TextRun')}
  0x00000218bc812fc4: 48ba 7874 | 7adb 1802 | 0000 8bb2 | 9000 0000 | 83c6 0289 | b290 0000 | 0081 e6fe | ff1f 0085 
  0x00000218bc812fe4: f60f 84de | 1300 00c4 | c17a 1140 | 20c4 c17a | 1148 24c4 | c17a 1158 

  0x00000218bc812ffc: ;   {metadata(method data for {method} {0x00000218d9c8b3f8} 'shape' '(Lcom/sun/javafx/text/TextRun;[CLcom/sun/javafx/text/GlyphLayout;)V' in 'com/sun/javafx/text/PrismTextLayout')}
  0x00000218bc812ffc: 2848 ba50 | 8e2f db18 | 0200 00ff | 8218 0500 | 00e9 3d01 | 0000 4c8b | 8424 8000 | 0000 488b 
  0x00000218bc81301c: d048 85d2 | 0f84 2500 

  0x00000218bc813024: ;   {metadata('com/sun/javafx/font/PrismMetrics')}
  0x00000218bc813024: 0000 48b8 | f06e 301f | 0000 0000 | 8b5a 0841 | ba00 0000 | 1e49 03da | 483b 4338 | 0f85 a413 
  0x00000218bc813044: 0000 e900 | 0000 0048 | 8bf2 483b | 0248 8bc2 

  0x00000218bc813054: ;   {metadata(method data for {method} {0x00000218d9c8b3f8} 'shape' '(Lcom/sun/javafx/text/TextRun;[CLcom/sun/javafx/text/GlyphLayout;)V' in 'com/sun/javafx/text/PrismTextLayout')}
  0x00000218bc813054: 48be 508e | 2fdb 1802 | 0000 4883 | 8640 0500 | 0001 c5fa | 1042 0c48 | 85d2 0f84 | 2500 0000 
  0x00000218bc813074: ;   {metadata('com/sun/javafx/font/PrismMetrics')}
  0x00000218bc813074: 48b8 f06e | 301f 0000 | 0000 8b5a | 0841 ba00 | 0000 1e49 | 03da 483b | 4338 0f85 | 6013 0000 
  0x00000218bc813094: e900 0000 | 0048 8bf2 

  0x00000218bc81309c: ;   {metadata(method data for {method} {0x00000218d9c8b3f8} 'shape' '(Lcom/sun/javafx/text/TextRun;[CLcom/sun/javafx/text/GlyphLayout;)V' in 'com/sun/javafx/text/PrismTextLayout')}
  0x00000218bc81309c: 488b c248 | be50 8e2f | db18 0200 | 0048 8386 | 7005 0000 | 01c5 fa10 | 4a10 4885 | d20f 8425 
  0x00000218bc8130bc: ;   {metadata('com/sun/javafx/font/PrismMetrics')}
  0x00000218bc8130bc: 0000 0048 | b8f0 6e30 | 1f00 0000 | 008b 5a08 | 41ba 0000 | 001e 4903 | da48 3b43 | 380f 851a 
  0x00000218bc8130dc: 1300 00e9 | 0000 0000 | 488b f248 

  0x00000218bc8130e8: ;   {metadata(method data for {method} {0x00000218d9c8b3f8} 'shape' '(Lcom/sun/javafx/text/TextRun;[CLcom/sun/javafx/text/GlyphLayout;)V' in 'com/sun/javafx/text/PrismTextLayout')}
  0x00000218bc8130e8: 8bc2 48be | 508e 2fdb | 1802 0000 | 4883 86a0 | 0500 0001 | c5fa 1052 | 1449 8bd0 

  0x00000218bc813104: ;   {metadata(method data for {method} {0x00000218d9c8b3f8} 'shape' '(Lcom/sun/javafx/text/TextRun;[CLcom/sun/javafx/text/GlyphLayout;)V' in 'com/sun/javafx/text/PrismTextLayout')}
  0x00000218bc813104: 48be 508e | 2fdb 1802 | 0000 4883 | 86d0 0500 

  0x00000218bc813114: ;   {metadata(method data for {method} {0x00000218da06a650} 'setMetrics' '(FFF)V' in 'com/sun/javafx/text/TextRun')}
  0x00000218bc813114: 0001 48ba | 7874 7adb | 1802 0000 | 8bb2 9000 | 0000 83c6 | 0289 b290 | 0000 0081 | e6fe ff1f 
  0x00000218bc813134: 0085 f60f | 84c1 1200 | 00c4 c17a | 1140 20c4 | c17a 1148 | 24c4 c17a | 1150 2849 

  0x00000218bc813150: ;   {metadata(method data for {method} {0x00000218d9c8b3f8} 'shape' '(Lcom/sun/javafx/text/TextRun;[CLcom/sun/javafx/text/GlyphLayout;)V' in 'com/sun/javafx/text/PrismTextLayout')}
  0x00000218bc813150: 8bd0 48be | 508e 2fdb | 1802 0000 | 4883 8600 | 0600 0001 

  0x00000218bc813164: ;   {metadata(method data for {method} {0x00000218da06fbf8} 'isTab' '()Z' in 'com/sun/javafx/text/TextRun')}
  0x00000218bc813164: 48ba d099 | 2fdb 1802 | 0000 8bb2 | 9000 0000 | 83c6 0289 | b290 0000 | 0081 e6fe | ff1f 0085 
  0x00000218bc813184: f60f 8494 | 1200 0041 | 8b50 2c48 | 8bf2 83e6 

  0x00000218bc813194: ;   {metadata(method data for {method} {0x00000218da06fbf8} 'isTab' '()Z' in 'com/sun/javafx/text/TextRun')}
  0x00000218bc813194: 0185 f648 | bed0 992f | db18 0200 | 00bf d800 | 0000 7405 | bfe8 0000 | 0048 8b1c | 3e48 8d5b 
  0x00000218bc8131b4: 0148 891c | 3e0f 841a 

  0x00000218bc8131bc: ;   {metadata(method data for {method} {0x00000218da06fbf8} 'isTab' '()Z' in 'com/sun/javafx/text/TextRun')}
  0x00000218bc8131bc: 0000 0048 | bed0 992f | db18 0200 | 00ff 86f8 | 0000 00be | 0100 0000 | e905 0000 | 00be 0000 
  0x00000218bc8131dc: 0000 83e6 

  0x00000218bc8131e0: ;   {metadata(method data for {method} {0x00000218d9c8b3f8} 'shape' '(Lcom/sun/javafx/text/TextRun;[CLcom/sun/javafx/text/GlyphLayout;)V' in 'com/sun/javafx/text/PrismTextLayout')}
  0x00000218bc8131e0: 0185 f648 | be50 8e2f | db18 0200 | 00bf 3006 | 0000 7505 | bf20 0600 | 0048 8b1c | 3e48 8d5b 
  0x00000218bc813200: 0148 891c | 3e0f 8592 | 0f00 0049 

  0x00000218bc81320c: ;   {metadata(method data for {method} {0x00000218d9c8b3f8} 'shape' '(Lcom/sun/javafx/text/TextRun;[CLcom/sun/javafx/text/GlyphLayout;)V' in 'com/sun/javafx/text/PrismTextLayout')}
  0x00000218bc81320c: 8bf0 48bf | 508e 2fdb | 1802 0000 | 4883 8750 | 0600 0001 

  0x00000218bc813220: ;   {metadata(method data for {method} {0x00000218da06f918} 'isLinebreak' '()Z' in 'com/sun/javafx/text/TextRun')}
  0x00000218bc813220: 48be 089b | 2fdb 1802 | 0000 8bbe | 9000 0000 | 83c7 0289 | be90 0000 | 0081 e7fe | ff1f 0085 
  0x00000218bc813240: ff0f 84f9 | 1100 0048 | 8bf2 83e6 

  0x00000218bc81324c: ;   {metadata(method data for {method} {0x00000218da06f918} 'isLinebreak' '()Z' in 'com/sun/javafx/text/TextRun')}
  0x00000218bc81324c: 0285 f648 | be08 9b2f | db18 0200 | 00bf d800 | 0000 7405 | bfe8 0000 | 0048 8b1c | 3e48 8d5b 
  0x00000218bc81326c: 0148 891c | 3e0f 841a 

  0x00000218bc813274: ;   {metadata(method data for {method} {0x00000218da06f918} 'isLinebreak' '()Z' in 'com/sun/javafx/text/TextRun')}
  0x00000218bc813274: 0000 0048 | be08 9b2f | db18 0200 | 00ff 86f8 | 0000 00be | 0100 0000 | e905 0000 | 00be 0000 
  0x00000218bc813294: 0000 83e6 

  0x00000218bc813298: ;   {metadata(method data for {method} {0x00000218d9c8b3f8} 'shape' '(Lcom/sun/javafx/text/TextRun;[CLcom/sun/javafx/text/GlyphLayout;)V' in 'com/sun/javafx/text/PrismTextLayout')}
  0x00000218bc813298: 0185 f648 | be50 8e2f | db18 0200 | 00bf 8006 | 0000 7505 | bf70 0600 | 0048 8b1c | 3e48 8d5b 
  0x00000218bc8132b8: 0148 891c | 3e0f 85c7 | 0e00 0049 

  0x00000218bc8132c4: ;   {metadata(method data for {method} {0x00000218d9c8b3f8} 'shape' '(Lcom/sun/javafx/text/TextRun;[CLcom/sun/javafx/text/GlyphLayout;)V' in 'com/sun/javafx/text/PrismTextLayout')}
  0x00000218bc8132c4: 8bf0 48bf | 508e 2fdb | 1802 0000 | 4883 87a0 | 0600 0001 | 418b 700c 

  0x00000218bc8132dc: ;   {metadata(method data for {method} {0x00000218d9c8b3f8} 'shape' '(Lcom/sun/javafx/text/TextRun;[CLcom/sun/javafx/text/GlyphLayout;)V' in 'com/sun/javafx/text/PrismTextLayout')}
  0x00000218bc8132dc: 85f6 48be | 508e 2fdb | 1802 0000 | bfd0 0600 | 007f 05bf | c006 0000 | 488b 1c3e | 488d 5b01 
  0x00000218bc8132fc: 4889 1c3e | 0f8f 710e | 0000 498b 

  0x00000218bc813308: ;   {metadata(method data for {method} {0x00000218d9c8b3f8} 'shape' '(Lcom/sun/javafx/text/TextRun;[CLcom/sun/javafx/text/GlyphLayout;)V' in 'com/sun/javafx/text/PrismTextLayout')}
  0x00000218bc813308: f048 bf50 | 8e2f db18 | 0200 0048 | 8387 f006 

  0x00000218bc813318: ;   {metadata(method data for {method} {0x00000218da06a058} 'isComplex' '()Z' in 'com/sun/javafx/text/TextRun')}
  0x00000218bc813318: 0000 0148 | bed8 ac2f | db18 0200 | 008b be90 | 0000 0083 | c702 89be | 9000 0000 | 81e7 feff 
  0x00000218bc813338: 1f00 85ff | 0f84 1f11 | 0000 83e2 

  0x00000218bc813344: ;   {metadata(method data for {method} {0x00000218da06a058} 'isComplex' '()Z' in 'com/sun/javafx/text/TextRun')}
  0x00000218bc813344: 2085 d248 | bad8 ac2f | db18 0200 | 00be d800 | 0000 7405 | bee8 0000 | 0048 8b3c | 3248 8d7f 
  0x00000218bc813364: 0148 893c | 320f 841a 

  0x00000218bc81336c: ;   {metadata(method data for {method} {0x00000218da06a058} 'isComplex' '()Z' in 'com/sun/javafx/text/TextRun')}
  0x00000218bc81336c: 0000 0048 | bad8 ac2f | db18 0200 | 00ff 82f8 | 0000 00ba | 0100 0000 | e905 0000 | 00ba 0000 
  0x00000218bc81338c: 0000 83e2 

  0x00000218bc813390: ;   {metadata(method data for {method} {0x00000218d9c8b3f8} 'shape' '(Lcom/sun/javafx/text/TextRun;[CLcom/sun/javafx/text/GlyphLayout;)V' in 'com/sun/javafx/text/PrismTextLayout')}
  0x00000218bc813390: 0185 d248 | ba50 8e2f | db18 0200 | 00be 2007 | 0000 7505 | be10 0700 | 0048 8b3c | 3248 8d7f 
  0x00000218bc8133b0: 0148 893c | 320f 852d | 0d00 0048 | 8b84 24b0 | 0000 0048 | 3b00 488b 

  0x00000218bc8133c8: ;   {metadata(method data for {method} {0x00000218d9c8b3f8} 'shape' '(Lcom/sun/javafx/text/TextRun;[CLcom/sun/javafx/text/GlyphLayout;)V' in 'com/sun/javafx/text/PrismTextLayout')}
  0x00000218bc8133c8: f048 bf50 | 8e2f db18 | 0200 008b | 7608 41ba | 0000 001e | 4903 f248 | 3bb7 8007 | 0000 750d 
  0x00000218bc8133e8: 4883 8788 | 0700 0001 | e960 0000 | 0048 3bb7 | 9007 0000 | 750d 4883 | 8798 0700 | 0001 e94a 
  0x00000218bc813408: 0000 0048 | 83bf 8007 | 0000 0075 | 1748 89b7 | 8007 0000 | 48c7 8788 | 0700 0001 | 0000 00e9 
  0x00000218bc813428: 2900 0000 | 4883 bf90 | 0700 0000 | 7517 4889 | b790 0700 | 0048 c787 | 9807 0000 | 0100 0000 
  0x00000218bc813448: e908 0000 | 0048 8387 | 7807 0000 | 0148 8bd0 | 4889 8424 | b000 0000 | 0f1f 4400 | 0048 b8f0 
  0x00000218bc813468: 53ea f018 

  0x00000218bc81346c: ;   {virtual_call}
  0x00000218bc81346c: 0200 00e8 

  0x00000218bc813470: ; ImmutableOopMap {[120]=Oop [128]=Oop [136]=Oop [176]=Oop }
                      ;*invokeinterface getFontResource {reexecute=0 rethrow=0 return_oop=0}
                      ; - com.sun.javafx.text.PrismTextLayout::shape@335 (line 885)
  0x00000218bc813470: 9edd 3007 

  0x00000218bc813474: ;   {post_call_nop}
  0x00000218bc813474: 0f1f 8400 | 6c15 0008 | 4889 8424 | c000 0000 | 4c8b 8424 | 8000 0000 

  0x00000218bc81348c: ;   {metadata(method data for {method} {0x00000218d9c8b3f8} 'shape' '(Lcom/sun/javafx/text/TextRun;[CLcom/sun/javafx/text/GlyphLayout;)V' in 'com/sun/javafx/text/PrismTextLayout')}
  0x00000218bc81348c: 48ba 508e | 2fdb 1802 | 0000 4883 | 82b8 0700 | 0001 4c8b | 8424 8000 | 0000 418b | 7010 89b4 
  0x00000218bc8134ac: 24cc 0000 | 0049 8bd0 

  0x00000218bc8134b4: ;   {metadata(method data for {method} {0x00000218d9c8b3f8} 'shape' '(Lcom/sun/javafx/text/TextRun;[CLcom/sun/javafx/text/GlyphLayout;)V' in 'com/sun/javafx/text/PrismTextLayout')}
  0x00000218bc8134b4: 48bf 508e | 2fdb 1802 | 0000 4883 | 87e8 0700 | 0001 418b | 7814 89bc | 24c8 0000 | 0048 8b54 
  0x00000218bc8134d4: 2478 8b5a | 4c48 c1e3 | 0348 85db 

  0x00000218bc8134e0: ;   {metadata(method data for {method} {0x00000218d9c8b3f8} 'shape' '(Lcom/sun/javafx/text/TextRun;[CLcom/sun/javafx/text/GlyphLayout;)V' in 'com/sun/javafx/text/PrismTextLayout')}
  0x00000218bc8134e0: 48b9 508e | 2fdb 1802 | 0000 41b9 | 0808 0000 | 7506 41b9 | 1808 0000 | 4e8b 1c09 | 4d8d 5b01 
  0x00000218bc813500: 4e89 1c09 | 0f85 1d05 | 0000 488b | 9424 b000 

  0x00000218bc813510: ;   {metadata(method data for {method} {0x00000218d9c8b3f8} 'shape' '(Lcom/sun/javafx/text/TextRun;[CLcom/sun/javafx/text/GlyphLayout;)V' in 'com/sun/javafx/text/PrismTextLayout')}
  0x00000218bc813510: 0000 48bb | 508e 2fdb | 1802 0000 | 8b52 0841 | ba00 0000 | 1e49 03d2 | 483b 9330 | 0800 0075 
  0x00000218bc813530: 0d48 8383 | 3808 0000 | 01e9 6000 | 0000 483b | 9340 0800 | 0075 0d48 | 8383 4808 | 0000 01e9 
  0x00000218bc813550: 4a00 0000 | 4883 bb30 | 0800 0000 | 7517 4889 | 9330 0800 | 0048 c783 | 3808 0000 | 0100 0000 
  0x00000218bc813570: e929 0000 | 0048 83bb | 4008 0000 | 0075 1748 | 8993 4008 | 0000 48c7 | 8348 0800 | 0001 0000 
  0x00000218bc813590: 00e9 0800 | 0000 4883 | 8328 0800 | 0001 488b | 9424 b000 | 0000 0f1f | 8000 0000 | 0048 b818 
  0x00000218bc8135b0: 54ea f018 

  0x00000218bc8135b4: ;   {virtual_call}
  0x00000218bc8135b4: 0200 00e8 

  0x00000218bc8135b8: ; ImmutableOopMap {[128]=Oop [136]=Oop [192]=Oop }
                      ;*invokeinterface getSize {reexecute=0 rethrow=0 return_oop=0}
                      ; - com.sun.javafx.text.PrismTextLayout::shape@363 (line 891)
  0x00000218bc8135b8: 56e5 3007 

  0x00000218bc8135bc: ;   {post_call_nop}
  0x00000218bc8135bc: 0f1f 8400 | b416 0009 | c5fa 1184 | 24fc 0000 | 0048 8b84 | 24c0 0000 | 0048 3b00 

  0x00000218bc8135d8: ;   {metadata(method data for {method} {0x00000218d9c8b3f8} 'shape' '(Lcom/sun/javafx/text/TextRun;[CLcom/sun/javafx/text/GlyphLayout;)V' in 'com/sun/javafx/text/PrismTextLayout')}
  0x00000218bc8135d8: 488b d048 | be50 8e2f | db18 0200 | 008b 5208 | 41ba 0000 | 001e 4903 | d248 3b96 | 6008 0000 
  0x00000218bc8135f8: 750d 4883 | 8668 0800 | 0001 e960 | 0000 0048 | 3b96 7008 | 0000 750d | 4883 8678 | 0800 0001 
  0x00000218bc813618: e94a 0000 | 0048 83be | 6008 0000 | 0075 1748 | 8996 6008 | 0000 48c7 | 8668 0800 | 0001 0000 
  0x00000218bc813638: 00e9 2900 | 0000 4883 | be70 0800 | 0000 7517 | 4889 9670 | 0800 0048 | c786 7808 | 0000 0100 
  0x00000218bc813658: 0000 e908 | 0000 0048 | 8386 5808 | 0000 0148 | 8bd0 6666 | 9048 b840 | 54ea f018 

  0x00000218bc813674: ;   {virtual_call}
  0x00000218bc813674: 0200 00e8 

  0x00000218bc813678: ; ImmutableOopMap {[128]=Oop [136]=Oop [192]=Oop }
                      ;*invokeinterface getGlyphMapper {reexecute=0 rethrow=0 return_oop=0}
                      ; - com.sun.javafx.text.PrismTextLayout::shape@372 (line 892)
  0x00000218bc813678: 9652 ebff 

  0x00000218bc81367c: ;   {post_call_nop}
  0x00000218bc81367c: 0f1f 8400 | 7417 000a | 4c8b d88b | 9c24 c800 

  0x00000218bc81368c: ;   {metadata({type array int})}
  0x00000218bc81368c: 0000 48ba | 5847 181e | 0000 0000 | 4863 db48 | 8bfb 4881 | fbff ffff | 000f 87e1 | 0d00 00be 
  0x00000218bc8136ac: 1700 0000 | 488d 349e | 4883 e6f8 | 498b 87c8 | 0100 0048 | 8d34 3049 | 3bb7 d801 | 0000 0f87 
  0x00000218bc8136cc: bc0d 0000 | 4989 b7c8 | 0100 0048 | 2bf0 48c7 | 0001 0000 | 0048 8bca | 41ba 0000 | 001e 492b 
  0x00000218bc8136ec: ca89 4808 | 8958 0c48 | 83ee 1048 | 85f6 0f84 | 1100 0000 | 4833 db48 | c1ee 0348 | 895c f008 
  0x00000218bc81370c: 48ff ce75 | f648 8984 | 24d0 0000 | 0049 3b03 

  0x00000218bc81371c: ;   {metadata(method data for {method} {0x00000218d9c8b3f8} 'shape' '(Lcom/sun/javafx/text/TextRun;[CLcom/sun/javafx/text/GlyphLayout;)V' in 'com/sun/javafx/text/PrismTextLayout')}
  0x00000218bc81371c: 4d8b c349 | b950 8e2f | db18 0200 | 0045 8b40 | 0841 ba00 | 0000 1e4d | 03c2 4d3b | 8190 0800 
  0x00000218bc81373c: 0075 0d49 | 8381 9808 | 0000 01e9 | 6000 0000 | 4d3b 81a0 | 0800 0075 | 0d49 8381 | a808 0000 
  0x00000218bc81375c: 01e9 4a00 | 0000 4983 | b990 0800 | 0000 7517 | 4d89 8190 | 0800 0049 | c781 9808 | 0000 0100 
  0x00000218bc81377c: 0000 e929 | 0000 0049 | 83b9 a008 | 0000 0075 | 174d 8981 | a008 0000 | 49c7 81a8 | 0800 0001 
  0x00000218bc81379c: 0000 00e9 | 0800 0000 | 4983 8188 | 0800 0001 | 448b 8424 | cc00 0000 | 448b 8c24 | c800 0000 
  0x00000218bc8137bc: 488b bc24 | 8800 0000 | 488b f049 | 8bd3 0f1f 

  0x00000218bc8137cc: ;   {optimized virtual_call}
  0x00000218bc8137cc: 4400 00e8 

  0x00000218bc8137d0: ; ImmutableOopMap {[128]=Oop [192]=Oop [208]=Oop }
                      ;*invokevirtual charsToGlyphs {reexecute=0 rethrow=0 return_oop=0}
                      ; - com.sun.javafx.text.PrismTextLayout::shape@394 (line 896)
  0x00000218bc8137d0: 7910 0000 

  0x00000218bc8137d4: ;   {post_call_nop}
  0x00000218bc8137d4: 0f1f 8400 | cc18 000b | 8bbc 24c8 | 0000 00ff | c7d1 e748 

  0x00000218bc8137e8: ;   {metadata({type array float})}
  0x00000218bc8137e8: 8bdf 48ba | 583f 181e | 0000 0000 | 4863 db48 | 8bfb 4881 | fbff ffff | 000f 8794 | 0c00 00be 
  0x00000218bc813808: 1700 0000 | 488d 349e | 4883 e6f8 | 498b 87c8 | 0100 0048 | 8d34 3049 | 3bb7 d801 | 0000 0f87 
  0x00000218bc813828: 6f0c 0000 | 4989 b7c8 | 0100 0048 | 2bf0 48c7 | 0001 0000 | 0048 8bca | 41ba 0000 | 001e 492b 
  0x00000218bc813848: ca89 4808 | 8958 0c48 | 83ee 1048 | 85f6 0f84 | 1100 0000 | 4833 db48 | c1ee 0348 | 895c f008 
  0x00000218bc813868: 48ff ce75 | f648 8984 | 24e0 0000 | 00be 0000 

  0x00000218bc813878: ;   {section_word}
  0x00000218bc813878: 0000 c5fa | 100d aee7 | ffff e948 | 0100 0090 | 3b70 0c0f | 8314 0c00 | 004c 63c6 | 468b 4480 
  0x00000218bc813898: 1048 8bd3 

  0x00000218bc81389c: ;   {metadata(method data for {method} {0x00000218d9c8b3f8} 'shape' '(Lcom/sun/javafx/text/TextRun;[CLcom/sun/javafx/text/GlyphLayout;)V' in 'com/sun/javafx/text/PrismTextLayout')}
  0x00000218bc81389c: 49b9 508e | 2fdb 1802 | 0000 8b52 | 0841 ba00 | 0000 1e49 | 03d2 493b | 91e0 0800 | 0075 0d49 
  0x00000218bc8138bc: 8381 e808 | 0000 01e9 | 6000 0000 | 493b 91f0 | 0800 0075 | 0d49 8381 | f808 0000 | 01e9 4a00 
  0x00000218bc8138dc: 0000 4983 | b9e0 0800 | 0000 7517 | 4989 91e0 | 0800 0049 | c781 e808 | 0000 0100 | 0000 e929 
  0x00000218bc8138fc: 0000 0049 | 83b9 f008 | 0000 0075 | 1749 8991 | f008 0000 | 49c7 81f8 | 0800 0001 | 0000 00e9 
  0x00000218bc81391c: 0800 0000 | 4983 81d8 | 0800 0001 | c5f8 28d0 | c5f8 28c2 | 488b d389 | b424 d800 | 0000 6666 
  0x00000218bc81393c: 9048 b868 | 54ea f018 

  0x00000218bc813944: ;   {virtual_call}
  0x00000218bc813944: 0200 00e8 

  0x00000218bc813948: ; ImmutableOopMap {[128]=Oop [192]=Oop [208]=Oop [224]=Oop }
                      ;*invokeinterface getAdvance {reexecute=0 rethrow=0 return_oop=0}
                      ; - com.sun.javafx.text.PrismTextLayout::shape@429 (line 900)
  0x00000218bc813948: 46aa ebff 

  0x00000218bc81394c: ;   {post_call_nop}
  0x00000218bc81394c: 0f1f 8400 | 441a 000c | 8bb4 24d8 | 0000 00d1 | e648 8b84 | 24e0 0000 | 003b 700c | 0f83 450b 
  0x00000218bc81396c: 0000 4863 | f6c5 fa10 | 8c24 0001 | 0000 c5fa | 114c b010 | c5fa 58c1 | 8bb4 24d8 | 0000 00ff 
  0x00000218bc81398c: ;   {metadata(method data for {method} {0x00000218d9c8b3f8} 'shape' '(Lcom/sun/javafx/text/TextRun;[CLcom/sun/javafx/text/GlyphLayout;)V' in 'com/sun/javafx/text/PrismTextLayout')}
  0x00000218bc81398c: c648 ba50 | 8e2f db18 | 0200 008b | ba94 0000 | 0083 c702 | 89ba 9400 | 0000 81e7 | fe3f 0000 
  0x00000218bc8139ac: 85ff 0f84 | 0d0b 0000 

  0x00000218bc8139b4: ; ImmutableOopMap {rax=Oop [128]=Oop [192]=Oop [208]=Oop [224]=Oop }
                      ;*goto {reexecute=1 rethrow=0 return_oop=0}
                      ; - (reexecute) com.sun.javafx.text.PrismTextLayout::shape@455 (line 899)
  0x00000218bc8139b4: 4d8b 5730 

  0x00000218bc8139b8: ;   {poll}
  0x00000218bc8139b8: 4185 0248 | ba50 8e2f | db18 0200 | 00ff 8208 | 0900 00c5 | f828 c8c5 | fa11 8c24 | 0001 0000 
  0x00000218bc8139d8: 488b 8424 | d000 0000 | c5fa 1084 | 24fc 0000 | 008b bc24 | c800 0000 | 488b 9c24 | c000 0000 
  0x00000218bc8139f8: ;   {metadata(method data for {method} {0x00000218d9c8b3f8} 'shape' '(Lcom/sun/javafx/text/TextRun;[CLcom/sun/javafx/text/GlyphLayout;)V' in 'com/sun/javafx/text/PrismTextLayout')}
  0x00000218bc8139f8: 3bf7 49b8 | 508e 2fdb | 1802 0000 | bab8 0800 | 007d 05ba | c808 0000 | 4d8b 0c10 | 4d8d 4901 
  0x00000218bc813a18: 4d89 0c10 | 0f8d ac05 | 0000 e961 | feff ff0f | be73 1c85 

  0x00000218bc813a2c: ;   {metadata(method data for {method} {0x00000218d9c8b3f8} 'shape' '(Lcom/sun/javafx/text/TextRun;[CLcom/sun/javafx/text/GlyphLayout;)V' in 'com/sun/javafx/text/PrismTextLayout')}
  0x00000218bc813a2c: f648 be50 | 8e2f db18 | 0200 00bf | 7809 0000 | 7405 bf68 | 0900 0048 | 8b1c 3e48 | 8d5b 0148 
  0x00000218bc813a4c: 891c 3e0f | 8415 0000 | 0044 8b84 | 24c8 0000 | 0048 8bbc | 2480 0000 | 00e9 7b04 | 0000 488b 
  0x00000218bc813a6c: bc24 b000 

  0x00000218bc813a70: ;   {metadata(method data for {method} {0x00000218d9c8b3f8} 'shape' '(Lcom/sun/javafx/text/TextRun;[CLcom/sun/javafx/text/GlyphLayout;)V' in 'com/sun/javafx/text/PrismTextLayout')}
  0x00000218bc813a70: 0000 48bb | 508e 2fdb | 1802 0000 | 8b7f 0841 | ba00 0000 | 1e49 03fa | 483b bb90 | 0900 0075 
  0x00000218bc813a90: 0d48 8383 | 9809 0000 | 01e9 6000 | 0000 483b | bba0 0900 | 0075 0d48 | 8383 a809 | 0000 01e9 
  0x00000218bc813ab0: 4a00 0000 | 4883 bb90 | 0900 0000 | 7517 4889 | bb90 0900 | 0048 c783 | 9809 0000 | 0100 0000 
  0x00000218bc813ad0: e929 0000 | 0048 83bb | a009 0000 | 0075 1748 | 89bb a009 | 0000 48c7 | 83a8 0900 | 0001 0000 
  0x00000218bc813af0: 00e9 0800 | 0000 4883 | 8388 0900 | 0001 488b | 9424 b000 | 0000 0f1f | 8000 0000 | 0048 b890 
  0x00000218bc813b10: 54ea f018 

  0x00000218bc813b14: ;   {virtual_call}
  0x00000218bc813b14: 0200 00e8 

  0x00000218bc813b18: ; ImmutableOopMap {[120]=Oop [128]=Oop [136]=Oop [192]=Oop }
                      ;*invokeinterface getSize {reexecute=0 rethrow=0 return_oop=0}
                      ; - com.sun.javafx.text.PrismTextLayout::shape@493 (line 912)
  0x00000218bc813b18: f6df 3007 

  0x00000218bc813b1c: ;   {post_call_nop}
  0x00000218bc813b1c: 0f1f 8400 | 141c 000e | c5fa 1184 | 2404 0100 | 0048 8b84 | 24c0 0000 | 0048 3b00 

  0x00000218bc813b38: ;   {metadata(method data for {method} {0x00000218d9c8b3f8} 'shape' '(Lcom/sun/javafx/text/TextRun;[CLcom/sun/javafx/text/GlyphLayout;)V' in 'com/sun/javafx/text/PrismTextLayout')}
  0x00000218bc813b38: 488b d048 | be50 8e2f | db18 0200 | 008b 5208 | 41ba 0000 | 001e 4903 | d248 3b96 | c009 0000 
  0x00000218bc813b58: 750d 4883 | 86c8 0900 | 0001 e960 | 0000 0048 | 3b96 d009 | 0000 750d | 4883 86d8 | 0900 0001 
  0x00000218bc813b78: e94a 0000 | 0048 83be | c009 0000 | 0075 1748 | 8996 c009 | 0000 48c7 | 86c8 0900 | 0001 0000 
  0x00000218bc813b98: 00e9 2900 | 0000 4883 | bed0 0900 | 0000 7517 | 4889 96d0 | 0900 0048 | c786 d809 | 0000 0100 
  0x00000218bc813bb8: 0000 e908 | 0000 0048 | 8386 b809 | 0000 0148 | 8bd0 6666 | 9048 b8b8 | 54ea f018 

  0x00000218bc813bd4: ;   {virtual_call}
  0x00000218bc813bd4: 0200 00e8 

  0x00000218bc813bd8: ; ImmutableOopMap {[120]=Oop [128]=Oop [136]=Oop [192]=Oop }
                      ;*invokeinterface getGlyphMapper {reexecute=0 rethrow=0 return_oop=0}
                      ; - com.sun.javafx.text.PrismTextLayout::shape@502 (line 913)
  0x00000218bc813bd8: 364d ebff 

  0x00000218bc813bdc: ;   {post_call_nop}
  0x00000218bc813bdc: 0f1f 8400 | d41c 000f | 488b 5424 | 7844 8b42 | 4c49 c1e0 | 0341 8b70 | 2048 c1e6 | 0348 3b00 
  0x00000218bc813bfc: ;   {metadata(method data for {method} {0x00000218d9c8b3f8} 'shape' '(Lcom/sun/javafx/text/TextRun;[CLcom/sun/javafx/text/GlyphLayout;)V' in 'com/sun/javafx/text/PrismTextLayout')}
  0x00000218bc813bfc: 4c8b c049 | b950 8e2f | db18 0200 | 0045 8b40 | 0841 ba00 | 0000 1e4d | 03c2 4d3b | 81f0 0900 
  0x00000218bc813c1c: 0075 0d49 | 8381 f809 | 0000 01e9 | 6000 0000 | 4d3b 8100 | 0a00 0075 | 0d49 8381 | 080a 0000 
  0x00000218bc813c3c: 01e9 4a00 | 0000 4983 | b9f0 0900 | 0000 7517 | 4d89 81f0 | 0900 0049 | c781 f809 | 0000 0100 
  0x00000218bc813c5c: 0000 e929 | 0000 0049 | 83b9 000a | 0000 0075 | 174d 8981 | 000a 0000 | 49c7 8108 | 0a00 0001 
  0x00000218bc813c7c: 0000 00e9 | 0800 0000 | 4983 81e8 | 0900 0001 | 448b 8424 | cc00 0000 | 448b 8c24 | c800 0000 
  0x00000218bc813c9c: 488b bc24 | 8800 0000 | 8b8c 24cc | 0000 0048 

  0x00000218bc813cac: ;   {optimized virtual_call}
  0x00000218bc813cac: 8bd0 90e8 

  0x00000218bc813cb0: ; ImmutableOopMap {[120]=Oop [128]=Oop [192]=Oop }
                      ;*invokevirtual charsToGlyphs {reexecute=0 rethrow=0 return_oop=0}
                      ; - com.sun.javafx.text.PrismTextLayout::shape@525 (line 914)
  0x00000218bc813cb0: d90b 0000 

  0x00000218bc813cb4: ;   {post_call_nop}
  0x00000218bc813cb4: 0f1f 8400 | ac1d 0010 | 8bb4 24cc | 0000 0003 | b424 c800 | 0000 89b4 | 24e8 0000 | 008b bc24 
  0x00000218bc813cd4: cc00 0000 

  0x00000218bc813cd8: ;   {section_word}
  0x00000218bc813cd8: c5fa 100d | 54e3 ffff | c5fa 118c | 2408 0100 | 00c5 fa10 | 8424 0401 | 0000 488b | 8424 c000 
  0x00000218bc813cf8: 0000 488b | 5424 78e9 | 8401 0000 | 0f1f 4000 | 448b 424c | 49c1 e003 

  0x00000218bc813d10: ; implicit exception: dispatches to 0x00000218bc8144f6
  0x00000218bc813d10: 458b 4020 | 49c1 e003 

  0x00000218bc813d18: ; implicit exception: dispatches to 0x00000218bc8144fb
  0x00000218bc813d18: 413b 780c | 0f83 e307 | 0000 4863 | df45 8b44 | 9810 488b 

  0x00000218bc813d2c: ;   {metadata(method data for {method} {0x00000218d9c8b3f8} 'shape' '(Lcom/sun/javafx/text/TextRun;[CLcom/sun/javafx/text/GlyphLayout;)V' in 'com/sun/javafx/text/PrismTextLayout')}
  0x00000218bc813d2c: d848 b950 | 8e2f db18 | 0200 008b | 5b08 41ba | 0000 001e | 4903 da48 | 3b99 400a | 0000 750d 
  0x00000218bc813d4c: 4883 8148 | 0a00 0001 | e960 0000 | 0048 3b99 | 500a 0000 | 750d 4883 | 8158 0a00 | 0001 e94a 
  0x00000218bc813d6c: 0000 0048 | 83b9 400a | 0000 0075 | 1748 8999 | 400a 0000 | 48c7 8148 | 0a00 0001 | 0000 00e9 
  0x00000218bc813d8c: 2900 0000 | 4883 b950 | 0a00 0000 | 7517 4889 | 9950 0a00 | 0048 c781 | 580a 0000 | 0100 0000 
  0x00000218bc813dac: e908 0000 | 0048 8381 | 380a 0000 | 01c5 f828 | d0c5 f828 | c248 8bd0 | 89bc 24dc | 0000 0066 
  0x00000218bc813dcc: 9048 b8e0 | 54ea f018 

  0x00000218bc813dd4: ;   {virtual_call}
  0x00000218bc813dd4: 0200 00e8 

  0x00000218bc813dd8: ; ImmutableOopMap {[120]=Oop [128]=Oop [192]=Oop }
                      ;*invokeinterface getAdvance {reexecute=0 rethrow=0 return_oop=0}
                      ; - com.sun.javafx.text.PrismTextLayout::shape@563 (line 918)
  0x00000218bc813dd8: b6a5 ebff 

  0x00000218bc813ddc: ;   {post_call_nop}
  0x00000218bc813ddc: 0f1f 8400 | d41e 0011 | 488b 5424 | 7844 8b42 | 4c49 c1e0 | 0345 8b40 | 2449 c1e0 | 038b bc24 
  0x00000218bc813dfc: dc00 0000 

  0x00000218bc813e00: ; implicit exception: dispatches to 0x00000218bc814518
  0x00000218bc813e00: 413b 780c | 0f83 1807 | 0000 4c63 | cfc4 817a | 1144 8810 | c5fa 5884 | 2408 0100 

  0x00000218bc813e1c: ;   {metadata(method data for {method} {0x00000218d9c8b3f8} 'shape' '(Lcom/sun/javafx/text/TextRun;[CLcom/sun/javafx/text/GlyphLayout;)V' in 'com/sun/javafx/text/PrismTextLayout')}
  0x00000218bc813e1c: 00ff c749 | b850 8e2f | db18 0200 | 0045 8b88 | 9400 0000 | 4183 c102 | 4589 8894 | 0000 0041 
  0x00000218bc813e3c: 81e1 fe3f | 0000 4585 | c90f 84e5 | 0600 004d 

  0x00000218bc813e4c: ; ImmutableOopMap {rdx=Oop [120]=Oop [128]=Oop [192]=Oop }
                      ;*goto {reexecute=1 rethrow=0 return_oop=0}
                      ; - (reexecute) com.sun.javafx.text.PrismTextLayout::shape@592 (line 917)
                      ;   {poll}
  0x00000218bc813e4c: 8b57 3041 

  0x00000218bc813e50: ;   {metadata(method data for {method} {0x00000218d9c8b3f8} 'shape' '(Lcom/sun/javafx/text/TextRun;[CLcom/sun/javafx/text/GlyphLayout;)V' in 'com/sun/javafx/text/PrismTextLayout')}
  0x00000218bc813e50: 8502 49b8 | 508e 2fdb | 1802 0000 | 41ff 8068 | 0a00 00c5 | f828 c8c5 | fa11 8c24 | 0801 0000 
  0x00000218bc813e70: 8bb4 24e8 | 0000 00c5 | fa10 8424 | 0401 0000 | 488b 8424 | c000 0000 

  0x00000218bc813e88: ;   {metadata(method data for {method} {0x00000218d9c8b3f8} 'shape' '(Lcom/sun/javafx/text/TextRun;[CLcom/sun/javafx/text/GlyphLayout;)V' in 'com/sun/javafx/text/PrismTextLayout')}
  0x00000218bc813e88: 3bfe 49b8 | 508e 2fdb | 1802 0000 | bb28 0a00 | 007c 05bb | 180a 0000 | 498b 0c18 | 488d 4901 
  0x00000218bc813ea8: 4989 0c18 | 0f8c 56fe | ffff c5fa | 108c 2408 | 0100 0048 | 8bbc 2480 | 0000 004c 

  0x00000218bc813ec4: ;   {metadata(method data for {method} {0x00000218d9c8b3f8} 'shape' '(Lcom/sun/javafx/text/TextRun;[CLcom/sun/javafx/text/GlyphLayout;)V' in 'com/sun/javafx/text/PrismTextLayout')}
  0x00000218bc813ec4: 8bc7 49b9 | 508e 2fdb | 1802 0000 | 4983 8190 | 0a00 0001 | c5fa 114f | 1844 8b84 | 24c8 0000 
  0x00000218bc813ee4: 0044 8b4a | 4c49 c1e1 | 0341 8b71 | 2048 c1e6 | 0345 8b49 | 2449 c1e1 | 0348 8bd7 

  0x00000218bc813f00: ;   {metadata(method data for {method} {0x00000218d9c8b3f8} 'shape' '(Lcom/sun/javafx/text/TextRun;[CLcom/sun/javafx/text/GlyphLayout;)V' in 'com/sun/javafx/text/PrismTextLayout')}
  0x00000218bc813f00: 48bb 508e | 2fdb 1802 | 0000 4883 | 83c0 0a00 

  0x00000218bc813f10: ;   {metadata(method data for {method} {0x00000218da06b4e8} 'shape' '(I[I[F)V' in 'com/sun/javafx/text/TextRun')}
  0x00000218bc813f10: 0001 48ba | 807d 7adb | 1802 0000 | 8b9a 9000 | 0000 83c3 | 0289 9a90 | 0000 0081 | e3fe ff1f 
  0x00000218bc813f30: 0085 db0f | 841d 0600 | 0044 8947 | 0c45 0fbe | 4748 4585 | c00f 852c | 0600 004c | 8bd6 49c1 
  0x00000218bc813f50: ea03 4489 | 5740 4c8b | c74c 33c6 | 49c1 e816 | 4983 f800 | 0f85 2d06 | 0000 450f | be47 4845 
  0x00000218bc813f70: 85c0 0f85 | 3706 0000 | 4d8b d149 | c1ea 0344 | 8957 444c | 8bc7 4d33 | c149 c1e8 | 1649 83f8 
  0x00000218bc813f90: 000f 8538 | 0600 0045 | 0fbe 4748 | 4585 c00f | 8542 0600 | 00c7 4748 | 0000 0000 | 448b 472c 
  0x00000218bc813fb0: 4181 c800 | 1000 0044 | 8947 2c48 | 81c4 2001 

  0x00000218bc813fc0: ;   {poll_return}
  0x00000218bc813fc0: 0000 5d49 | 3b67 280f | 873a 0600 | 00c3 c5fa | 108c 2400 | 0100 004c | 8bc8 4c8b | c748 8bbc 
  0x00000218bc813fe0: 2480 0000 | 0048 8b84 | 24e0 0000 | 0049 8bf0 | d1e6 3b70 | 0c0f 8322 | 0600 0048 | 63f6 c5fa 
  0x00000218bc814000: 114c b010 

  0x00000218bc814004: ;   {metadata(method data for {method} {0x00000218d9c8b3f8} 'shape' '(Lcom/sun/javafx/text/TextRun;[CLcom/sun/javafx/text/GlyphLayout;)V' in 'com/sun/javafx/text/PrismTextLayout')}
  0x00000218bc814004: 488b f748 | ba50 8e2f | db18 0200 

  0x00000218bc814010: ;   {metadata('com/sun/javafx/text/TextRun')}
  0x00000218bc814010: 0049 bae0 | 5630 1f00 | 0000 004c | 8992 2809 | 0000 4883 | 8230 0900 

  0x00000218bc814028: ;   {metadata(method data for {method} {0x00000218da06b428} 'shape' '(I[I[F[I)V' in 'com/sun/javafx/text/TextRun')}
  0x00000218bc814028: 0001 48be | 587c 7adb | 1802 0000 | 8b96 9000 | 0000 83c2 | 0289 9690 | 0000 0081 | e2fe ff1f 
  0x00000218bc814048: 0085 d20f | 84da 0500 | 0044 8947 | 0c45 0fbe | 4748 4585 | c00f 85e9 | 0500 004d | 8bd1 49c1 
  0x00000218bc814068: ea03 4489 | 5740 4c8b | c74d 33c1 | 49c1 e816 | 4983 f800 | 0f85 ea05 | 0000 450f | be47 4845 
  0x00000218bc814088: 85c0 0f85 | f405 0000 | 4c8b d049 | c1ea 0344 | 8957 444c | 8bc7 4c33 | c049 c1e8 | 1649 83f8 
  0x00000218bc8140a8: 000f 85f5 | 0500 0045 | 0fbe 4748 | 4585 c00f | 85ff 0500 | 00c7 4748 | 0000 0000 

  0x00000218bc8140c4: ;   {metadata(method data for {method} {0x00000218d9c8b3f8} 'shape' '(Lcom/sun/javafx/text/TextRun;[CLcom/sun/javafx/text/GlyphLayout;)V' in 'com/sun/javafx/text/PrismTextLayout')}
  0x00000218bc8140c4: 49b8 508e | 2fdb 1802 | 0000 41ff | 8050 0900 | 0048 81c4 | 2001 0000 

  0x00000218bc8140dc: ;   {poll_return}
  0x00000218bc8140dc: 5d49 3b67 | 280f 87f5 | 0500 00c3 | 488b b424 | a800 0000 | 488b 8424 | b000 0000 | 488b 9424 
  0x00000218bc8140fc: 9000 0000 | 488b 9c24 | 8800 0000 | 498b f848 | 3b02 4c8b 

  0x00000218bc814110: ;   {metadata(method data for {method} {0x00000218d9c8b3f8} 'shape' '(Lcom/sun/javafx/text/TextRun;[CLcom/sun/javafx/text/GlyphLayout;)V' in 'com/sun/javafx/text/PrismTextLayout')}
  0x00000218bc814110: c249 b950 | 8e2f db18 

  0x00000218bc814118: ;   {metadata('com/sun/javafx/font/directwrite/DWGlyphLayout')}
  0x00000218bc814118: 0200 0049 | ba10 cb0f | 1f00 0000 | 004d 8991 | 3807 0000 | 4983 8140 | 0700 0001 | 4c8b c74c 
  0x00000218bc814138: 8bce 488b | f848 8bf3 | 0f1f 8000 

  0x00000218bc814144: ;   {optimized virtual_call}
  0x00000218bc814144: 0000 00e8 

  0x00000218bc814148: ; ImmutableOopMap {}
                      ;*invokevirtual layout {reexecute=0 rethrow=0 return_oop=0}
                      ; - com.sun.javafx.text.PrismTextLayout::shape@327 (line 883)
  0x00000218bc814148: 6107 0000 

  0x00000218bc81414c: ;   {post_call_nop}
  0x00000218bc81414c: 0f1f 8400 | 4422 0013 

  0x00000218bc814154: ;   {metadata(method data for {method} {0x00000218d9c8b3f8} 'shape' '(Lcom/sun/javafx/text/TextRun;[CLcom/sun/javafx/text/GlyphLayout;)V' in 'com/sun/javafx/text/PrismTextLayout')}
  0x00000218bc814154: 48b9 508e | 2fdb 1802 | 0000 ff81 | 6007 0000 | 4881 c420 | 0100 005d 

  0x00000218bc81416c: ;   {poll_return}
  0x00000218bc81416c: 493b 6728 | 0f87 8105 | 0000 c348 | 81c4 2001 

  0x00000218bc81417c: ;   {poll_return}
  0x00000218bc81417c: 0000 5d49 | 3b67 280f | 8784 0500 | 00c3 4881 | c420 0100 

  0x00000218bc814190: ;   {poll_return}
  0x00000218bc814190: 005d 493b | 6728 0f87 | 8705 0000 | c348 81c4 | 2001 0000 

  0x00000218bc8141a4: ;   {poll_return}
  0x00000218bc8141a4: 5d49 3b67 | 280f 878a | 0500 00c3 | 498b c8d3 | fe48 8b84 | 2498 0000 | 004c 8bc7 

  0x00000218bc8141c0: ;   {metadata(method data for {method} {0x00000218d9c8b3f8} 'shape' '(Lcom/sun/javafx/text/TextRun;[CLcom/sun/javafx/text/GlyphLayout;)V' in 'com/sun/javafx/text/PrismTextLayout')}
  0x00000218bc8141c0: 49b9 508e | 2fdb 1802 

  0x00000218bc8141c8: ;   {metadata('com/sun/javafx/text/TextRun')}
  0x00000218bc8141c8: 0000 49ba | e056 301f | 0000 0000 | 4d89 9160 | 0200 0049 | 8381 6802 | 0000 014c | 8bc0 4c8b 
  0x00000218bc8141e8: ce48 8bd7 

  0x00000218bc8141ec: ;   {optimized virtual_call}
  0x00000218bc8141ec: 6666 90e8 

  0x00000218bc8141f0: ; ImmutableOopMap {}
                      ;*invokevirtual setEmbedded {reexecute=0 rethrow=0 return_oop=0}
                      ; - com.sun.javafx.text.PrismTextLayout::shape@61 (line 835)
  0x00000218bc8141f0: ecaf aa06 

  0x00000218bc8141f4: ;   {post_call_nop}
  0x00000218bc8141f4: 0f1f 8400 | ec22 0014 | 4881 c420 | 0100 005d 

  0x00000218bc814204: ;   {poll_return}
  0x00000218bc814204: 493b 6728 | 0f87 4105 | 0000 c348 | 81c4 2001 

  0x00000218bc814214: ;   {poll_return}
  0x00000218bc814214: 0000 5d49 | 3b67 280f | 8744 0500 

  0x00000218bc814220: ;   {metadata({method} {0x00000218d9c8b3f8} 'shape' '(Lcom/sun/javafx/text/TextRun;[CLcom/sun/javafx/text/GlyphLayout;)V' in 'com/sun/javafx/text/PrismTextLayout')}
  0x00000218bc814220: 00c3 49ba | f0b3 c8d9 | 1802 0000 | 4c89 5424 | 0848 c704 | 24ff ffff 

  0x00000218bc814238: ;   {runtime_call C1 Runtime counter_overflow_blob}
  0x00000218bc814238: ffe8 a291 

  0x00000218bc81423c: ; ImmutableOopMap {rdx=Oop r8=Oop r9=Oop rdi=Oop [120]=Oop [128]=Oop }
                      ;*synchronization entry
                      ; - com.sun.javafx.text.PrismTextLayout::shape@-1 (line 829)
  0x00000218bc81423c: b806 e970 

  0x00000218bc814240: ;   {runtime_call C1 Runtime throw_null_pointer_exception_blob}
  0x00000218bc814240: deff ffe8 

  0x00000218bc814244: ; ImmutableOopMap {rdx=Oop r8=Oop r9=Oop rdi=Oop [120]=Oop [128]=Oop }
                      ;*arraylength {reexecute=0 rethrow=0 return_oop=0}
                      ; - com.sun.javafx.text.PrismTextLayout::shape@11 (line 830)
  0x00000218bc814244: 9825 b806 

  0x00000218bc814248: ;   {runtime_call C1 Runtime throw_null_pointer_exception_blob}
  0x00000218bc814248: e893 25b8 

  0x00000218bc81424c: ; ImmutableOopMap {r8=Oop [120]=Oop [128]=Oop [136]=Oop [144]=Oop }
                      ;*invokevirtual getTextSpan {reexecute=0 rethrow=0 return_oop=0}
                      ; - com.sun.javafx.text.PrismTextLayout::shape@17 (line 831)
                      ;   {runtime_call C1 Runtime throw_null_pointer_exception_blob}
  0x00000218bc81424c: 06e8 8e25 

  0x00000218bc814250: ; ImmutableOopMap {r8=Oop rsi=Oop [112]=Oop [120]=Oop [128]=Oop [136]=Oop [144]=Oop }
                      ;*invokeinterface getFont {reexecute=0 rethrow=0 return_oop=0}
                      ; - com.sun.javafx.text.PrismTextLayout::shape@24 (line 832)
  0x00000218bc814250: b806 4889 

  0x00000218bc814254: ;   {runtime_call C1 Runtime throw_class_cast_exception_blob}
  0x00000218bc814254: 0424 e885 

  0x00000218bc814258: ; ImmutableOopMap {[112]=Oop [120]=Oop [128]=Oop [136]=Oop [144]=Oop }
                      ;*checkcast {reexecute=0 rethrow=0 return_oop=0}
                      ; - com.sun.javafx.text.PrismTextLayout::shape@29 (line 832)
                      ;   {runtime_call C1 Runtime throw_null_pointer_exception_blob}
  0x00000218bc814258: 4db8 06e8 

  0x00000218bc81425c: ; ImmutableOopMap {rax=Oop [128]=Oop [152]=Oop }
                      ;*invokevirtual length {reexecute=0 rethrow=0 return_oop=0}
                      ; - com.sun.javafx.text.PrismTextLayout::shape@58 (line 835)
  0x00000218bc81425c: 8025 b806 

  0x00000218bc814260: ;   {metadata({method} {0x000000001e187d60} 'length' '()I' in 'java/lang/String')}
  0x00000218bc814260: 49ba 587d | 181e 0000 | 0000 4c89 | 5424 0848 | c704 24ff 

  0x00000218bc814274: ;   {runtime_call C1 Runtime counter_overflow_blob}
  0x00000218bc814274: ffff ffe8 

  0x00000218bc814278: ; ImmutableOopMap {rax=Oop [128]=Oop [152]=Oop }
                      ;*synchronization entry
                      ; - java.lang.String::length@-1 (line 1583)
                      ; - com.sun.javafx.text.PrismTextLayout::shape@58 (line 835)
  0x00000218bc814278: 6491 b806 | e99f e2ff 

  0x00000218bc814280: ;   {runtime_call C1 Runtime throw_null_pointer_exception_blob}
  0x00000218bc814280: ffe8 5a25 

  0x00000218bc814284: ; ImmutableOopMap {rax=Oop [128]=Oop [152]=Oop }
                      ;*arraylength {reexecute=0 rethrow=0 return_oop=0}
                      ; - java.lang.String::length@4 (line 1583)
                      ; - com.sun.javafx.text.PrismTextLayout::shape@58 (line 835)
                      ;   {metadata({method} {0x000000001e4adaf8} 'coder' '()B' in 'java/lang/String')}
  0x00000218bc814284: b806 49ba | f0da 4a1e | 0000 0000 | 4c89 5424 | 0848 c704 | 24ff ffff 

  0x00000218bc81429c: ;   {runtime_call C1 Runtime counter_overflow_blob}
  0x00000218bc81429c: ffe8 3e91 

  0x00000218bc8142a0: ; ImmutableOopMap {rax=Oop [128]=Oop [152]=Oop }
                      ;*synchronization entry
                      ; - java.lang.String::coder@-1 (line 4885)
                      ; - java.lang.String::length@6 (line 1583)
                      ; - com.sun.javafx.text.PrismTextLayout::shape@58 (line 835)
  0x00000218bc8142a0: b806 e93e 

  0x00000218bc8142a4: ;   {runtime_call C1 Runtime throw_incompatible_class_change_error_blob}
  0x00000218bc8142a4: e3ff ffe8 

  0x00000218bc8142a8: ; ImmutableOopMap {rsi=Oop [120]=Oop [128]=Oop [136]=Oop [144]=Oop }
                      ;*invokeinterface getStrike {reexecute=0 rethrow=0 return_oop=0}
                      ; - com.sun.javafx.text.PrismTextLayout::shape@70 (line 838)
  0x00000218bc8142a8: 3450 b806 

  0x00000218bc8142ac: ;   {runtime_call C1 Runtime throw_null_pointer_exception_blob}
  0x00000218bc8142ac: e82f 25b8 

  0x00000218bc8142b0: ; ImmutableOopMap {rsi=Oop [120]=Oop [128]=Oop [136]=Oop [144]=Oop }
                      ;*invokeinterface getStrike {reexecute=0 rethrow=0 return_oop=0}
                      ; - com.sun.javafx.text.PrismTextLayout::shape@70 (line 838)
                      ;   {metadata({method} {0x00000218d987b920} 'getStrike' '(Lcom/sun/javafx/geom/transform/BaseTransform;)Lcom/sun/javafx/font/FontStrike;' in 'com/sun/javafx/font/PrismFont')}
  0x00000218bc8142b0: 0649 ba18 | b987 d918 | 0200 004c | 8954 2408 | 48c7 0424 | ffff ffff 

  0x00000218bc8142c8: ;   {runtime_call C1 Runtime counter_overflow_blob}
  0x00000218bc8142c8: e813 91b8 

  0x00000218bc8142cc: ; ImmutableOopMap {rsi=Oop [120]=Oop [128]=Oop [136]=Oop [144]=Oop }
                      ;*synchronization entry
                      ; - com.sun.javafx.font.PrismFont::getStrike@-1 (line 79)
                      ; - com.sun.javafx.text.PrismTextLayout::shape@70 (line 838)
  0x00000218bc8142cc: 06e9 c0e3 

  0x00000218bc8142d0: ;   {runtime_call C1 Runtime throw_null_pointer_exception_blob}
  0x00000218bc8142d0: ffff e809 

  0x00000218bc8142d4: ; ImmutableOopMap {rsi=Oop rdx=Oop [120]=Oop [128]=Oop [136]=Oop [144]=Oop }
                      ;*invokeinterface getStrike {reexecute=0 rethrow=0 return_oop=0}
                      ; - com.sun.javafx.font.PrismFont::getStrike@9 (line 79)
                      ; - com.sun.javafx.text.PrismTextLayout::shape@70 (line 838)
                      ;   {runtime_call C1 Runtime throw_null_pointer_exception_blob}
  0x00000218bc8142d4: 25b8 06e8 

  0x00000218bc8142d8: ; ImmutableOopMap {rdx=Oop rsi=Oop rax=Oop r8=Oop [120]=Oop [128]=Oop [136]=Oop [144]=Oop }
                      ;*invokevirtual getAscent {reexecute=0 rethrow=0 return_oop=0}
                      ; - com.sun.javafx.text.PrismTextLayout::shape@93 (line 845)
  0x00000218bc8142d8: 0425 b806 

  0x00000218bc8142dc: ;   {runtime_call C1 Runtime throw_null_pointer_exception_blob}
  0x00000218bc8142dc: e8ff 24b8 

  0x00000218bc8142e0: ; ImmutableOopMap {rax=Oop [120]=Oop [128]=Oop [136]=Oop [144]=Oop [168]=Oop }
                      ;*invokeinterface getMetrics {reexecute=0 rethrow=0 return_oop=0}
                      ; - com.sun.javafx.text.PrismTextLayout::shape@103 (line 846)
                      ;   {runtime_call C1 Runtime throw_incompatible_class_change_error_blob}
  0x00000218bc8142e0: 06e8 fa4f 

  0x00000218bc8142e4: ; ImmutableOopMap {rax=Oop rsi=Oop [120]=Oop [128]=Oop [136]=Oop [144]=Oop [176]=Oop [184]=Oop }
                      ;*invokeinterface getAscent {reexecute=0 rethrow=0 return_oop=0}
                      ; - com.sun.javafx.text.PrismTextLayout::shape@126 (line 853)
                      ;   {runtime_call C1 Runtime throw_null_pointer_exception_blob}
  0x00000218bc8142e4: b806 e8f5 

  0x00000218bc8142e8: ; ImmutableOopMap {rax=Oop rsi=Oop [120]=Oop [128]=Oop [136]=Oop [144]=Oop [176]=Oop [184]=Oop }
                      ;*invokeinterface getAscent {reexecute=0 rethrow=0 return_oop=0}
                      ; - com.sun.javafx.text.PrismTextLayout::shape@126 (line 853)
                      ;   {runtime_call C1 Runtime throw_incompatible_class_change_error_blob}
  0x00000218bc8142e8: 24b8 06e8 

  0x00000218bc8142ec: ; ImmutableOopMap {rax=Oop rsi=Oop [120]=Oop [128]=Oop [136]=Oop [144]=Oop [176]=Oop [184]=Oop }
                      ;*invokeinterface getFamilyName {reexecute=0 rethrow=0 return_oop=0}
                      ; - com.sun.javafx.text.PrismTextLayout::shape@135 (line 859)
  0x00000218bc8142ec: f04f b806 

  0x00000218bc8142f0: ;   {runtime_call C1 Runtime throw_null_pointer_exception_blob}
  0x00000218bc8142f0: e8eb 24b8 

  0x00000218bc8142f4: ; ImmutableOopMap {rax=Oop rsi=Oop [120]=Oop [128]=Oop [136]=Oop [144]=Oop [176]=Oop [184]=Oop }
                      ;*invokeinterface getFamilyName {reexecute=0 rethrow=0 return_oop=0}
                      ; - com.sun.javafx.text.PrismTextLayout::shape@135 (line 859)
                      ;   {metadata({method} {0x00000218d987b5f8} 'getFamilyName' '()Ljava/lang/String;' in 'com/sun/javafx/font/PrismFont')}
  0x00000218bc8142f4: 0649 baf0 | b587 d918 | 0200 004c | 8954 2408 | 48c7 0424 | ffff ffff 

  0x00000218bc81430c: ;   {runtime_call C1 Runtime counter_overflow_blob}
  0x00000218bc81430c: e8cf 90b8 

  0x00000218bc814310: ; ImmutableOopMap {rax=Oop rsi=Oop [120]=Oop [128]=Oop [136]=Oop [144]=Oop [176]=Oop [184]=Oop }
                      ;*synchronization entry
                      ; - com.sun.javafx.font.PrismFont::getFamilyName@-1 (line 51)
                      ; - com.sun.javafx.text.PrismTextLayout::shape@135 (line 859)
  0x00000218bc814310: 06e9 e0e6 

  0x00000218bc814314: ;   {runtime_call C1 Runtime throw_null_pointer_exception_blob}
  0x00000218bc814314: ffff e8c5 

  0x00000218bc814318: ; ImmutableOopMap {rax=Oop rsi=Oop rdi=Oop [120]=Oop [128]=Oop [136]=Oop [144]=Oop [176]=Oop [184]=Oop }
                      ;*invokeinterface getFamilyName {reexecute=0 rethrow=0 return_oop=0}
                      ; - com.sun.javafx.font.PrismFont::getFamilyName@4 (line 51)
                      ; - com.sun.javafx.text.PrismTextLayout::shape@135 (line 859)
                      ;   {runtime_call C1 Runtime throw_null_pointer_exception_blob}
  0x00000218bc814318: 24b8 06e8 

  0x00000218bc81431c: ; ImmutableOopMap {rax=Oop [120]=Oop [128]=Oop [136]=Oop [144]=Oop [168]=Oop [176]=Oop [184]=Oop }
                      ;*invokevirtual equals {reexecute=0 rethrow=0 return_oop=0}
                      ; - com.sun.javafx.text.PrismTextLayout::shape@143 (line 859)
  0x00000218bc81431c: c024 b806 

  0x00000218bc814320: ;   {runtime_call C1 Runtime throw_incompatible_class_change_error_blob}
  0x00000218bc814320: e8bb 4fb8 

  0x00000218bc814324: ; ImmutableOopMap {rax=Oop [120]=Oop [128]=Oop [136]=Oop [144]=Oop [168]=Oop [176]=Oop [184]=Oop }
                      ;*invokeinterface getDescent {reexecute=0 rethrow=0 return_oop=0}
                      ; - com.sun.javafx.text.PrismTextLayout::shape@172 (line 863)
                      ;   {runtime_call C1 Runtime throw_incompatible_class_change_error_blob}
  0x00000218bc814324: 06e8 b64f 

  0x00000218bc814328: ; ImmutableOopMap {rax=Oop [120]=Oop [128]=Oop [136]=Oop [144]=Oop [168]=Oop [176]=Oop [184]=Oop }
                      ;*invokeinterface getLineGap {reexecute=0 rethrow=0 return_oop=0}
                      ; - com.sun.javafx.text.PrismTextLayout::shape@188 (line 864)
                      ;   {runtime_call C1 Runtime throw_incompatible_class_change_error_blob}
  0x00000218bc814328: b806 e8b1 

  0x00000218bc81432c: ; ImmutableOopMap {rax=Oop [120]=Oop [128]=Oop [136]=Oop [144]=Oop [168]=Oop [176]=Oop [184]=Oop }
                      ;*invokeinterface getCapHeight {reexecute=0 rethrow=0 return_oop=0}
                      ; - com.sun.javafx.text.PrismTextLayout::shape@204 (line 865)
                      ;   {metadata({method} {0x00000218da076408} 'getCapHeight' '()F' in 'com/sun/javafx/font/PrismMetrics')}
  0x00000218bc81432c: 4fb8 0649 | ba00 6407 | da18 0200 | 004c 8954 | 2408 48c7 | 0424 ffff 

  0x00000218bc814344: ;   {runtime_call C1 Runtime counter_overflow_blob}
  0x00000218bc814344: ffff e895 

  0x00000218bc814348: ; ImmutableOopMap {rax=Oop [120]=Oop [128]=Oop [136]=Oop [144]=Oop [168]=Oop [176]=Oop [184]=Oop }
                      ;*synchronization entry
                      ; - com.sun.javafx.font.PrismMetrics::getCapHeight@-1 (line 102)
                      ; - com.sun.javafx.text.PrismTextLayout::shape@204 (line 865)
  0x00000218bc814348: 90b8 06e9 | ebe9 ffff 

  0x00000218bc814350: ;   {metadata({method} {0x00000218da076168} 'checkStyleMetrics' '()V' in 'com/sun/javafx/font/PrismMetrics')}
  0x00000218bc814350: 49ba 6061 | 07da 1802 | 0000 4c89 | 5424 0848 | c704 24ff 

  0x00000218bc814364: ;   {runtime_call C1 Runtime counter_overflow_blob}
  0x00000218bc814364: ffff ffe8 

  0x00000218bc814368: ; ImmutableOopMap {rax=Oop [120]=Oop [128]=Oop [136]=Oop [144]=Oop [168]=Oop [176]=Oop [184]=Oop }
                      ;*synchronization entry
                      ; - com.sun.javafx.font.PrismMetrics::checkStyleMetrics@-1 (line 77)
                      ; - com.sun.javafx.font.PrismMetrics::getCapHeight@1 (line 102)
                      ; - com.sun.javafx.text.PrismTextLayout::shape@204 (line 865)
  0x00000218bc814368: 7490 b806 | e906 eaff 

  0x00000218bc814370: ;   {runtime_call C1 Runtime throw_null_pointer_exception_blob}
  0x00000218bc814370: ffe8 6a24 

  0x00000218bc814374: ; ImmutableOopMap {rax=Oop rdx=Oop [120]=Oop [128]=Oop [136]=Oop [144]=Oop [168]=Oop [176]=Oop [184]=Oop }
                      ;*invokevirtual getStyleMetrics {reexecute=0 rethrow=0 return_oop=0}
                      ; - com.sun.javafx.font.PrismMetrics::checkStyleMetrics@16 (line 78)
                      ; - com.sun.javafx.font.PrismMetrics::getCapHeight@1 (line 102)
                      ; - com.sun.javafx.text.PrismTextLayout::shape@204 (line 865)
  0x00000218bc814374: b806 8b72 | 2048 c1e6 | 0348 83fe | 000f 840a | ebff ff48 

  0x00000218bc814388: ;   {runtime_call g1_pre_barrier_slow}
  0x00000218bc814388: 8934 24e8 | 5097 b806 | e9fc eaff | ff48 83f8 | 000f 8411 | ebff ff48 

  0x00000218bc8143a0: ;   {runtime_call g1_post_barrier_slow}
  0x00000218bc8143a0: 8914 24e8 | b89f b806 | e903 ebff 

  0x00000218bc8143ac: ;   {runtime_call C1 Runtime throw_null_pointer_exception_blob}
  0x00000218bc8143ac: ffe8 2e24 

  0x00000218bc8143b0: ; ImmutableOopMap {rdx=Oop [120]=Oop [128]=Oop [136]=Oop [144]=Oop [168]=Oop [176]=Oop }
                      ;*faload {reexecute=0 rethrow=0 return_oop=0}
                      ; - com.sun.javafx.font.PrismMetrics::getCapHeight@9 (line 103)
                      ; - com.sun.javafx.text.PrismTextLayout::shape@204 (line 865)
                      ;   {runtime_call C1 Runtime throw_null_pointer_exception_blob}
  0x00000218bc8143b0: b806 e829 

  0x00000218bc8143b4: ; ImmutableOopMap {rdx=Oop [120]=Oop [128]=Oop [136]=Oop [144]=Oop [168]=Oop [176]=Oop }
                      ;*faload {reexecute=0 rethrow=0 return_oop=0}
                      ; - com.sun.javafx.font.PrismMetrics::getCapHeight@9 (line 103)
                      ; - com.sun.javafx.text.PrismTextLayout::shape@204 (line 865)
  0x00000218bc8143b4: 24b8 0648 | c704 2401 | 0000 0048 | 8954 2408 

  0x00000218bc8143c4: ;   {runtime_call C1 Runtime throw_range_check_failed_blob}
  0x00000218bc8143c4: e817 16b8 

  0x00000218bc8143c8: ; ImmutableOopMap {rdx=Oop [120]=Oop [128]=Oop [136]=Oop [144]=Oop [168]=Oop [176]=Oop }
                      ;*faload {reexecute=0 rethrow=0 return_oop=0}
                      ; - com.sun.javafx.font.PrismMetrics::getCapHeight@9 (line 103)
                      ; - com.sun.javafx.text.PrismTextLayout::shape@204 (line 865)
                      ;   {metadata({method} {0x00000218da06a650} 'setMetrics' '(FFF)V' in 'com/sun/javafx/text/TextRun')}
  0x00000218bc8143c8: 0649 ba48 | a606 da18 | 0200 004c | 8954 2408 | 48c7 0424 | ffff ffff 

  0x00000218bc8143e0: ;   {runtime_call C1 Runtime counter_overflow_blob}
  0x00000218bc8143e0: e8fb 8fb8 

  0x00000218bc8143e4: ; ImmutableOopMap {r8=Oop [120]=Oop [128]=Oop [136]=Oop [144]=Oop [168]=Oop [176]=Oop }
                      ;*synchronization entry
                      ; - com.sun.javafx.text.TextRun::setMetrics@-1 (line 205)
                      ; - com.sun.javafx.text.PrismTextLayout::shape@258 (line 872)
  0x00000218bc8143e4: 06e9 01ec 

  0x00000218bc8143e8: ;   {runtime_call C1 Runtime throw_incompatible_class_change_error_blob}
  0x00000218bc8143e8: ffff e8f1 

  0x00000218bc8143ec: ; ImmutableOopMap {r8=Oop rdx=Oop [120]=Oop [128]=Oop [136]=Oop [144]=Oop [168]=Oop [176]=Oop [184]=Oop }
                      ;*invokeinterface getAscent {reexecute=0 rethrow=0 return_oop=0}
                      ; - com.sun.javafx.text.PrismTextLayout::shape@267 (line 874)
                      ;   {runtime_call C1 Runtime throw_null_pointer_exception_blob}
  0x00000218bc8143ec: 4eb8 06e8 

  0x00000218bc8143f0: ; ImmutableOopMap {r8=Oop rdx=Oop [120]=Oop [128]=Oop [136]=Oop [144]=Oop [168]=Oop [176]=Oop [184]=Oop }
                      ;*invokeinterface getAscent {reexecute=0 rethrow=0 return_oop=0}
                      ; - com.sun.javafx.text.PrismTextLayout::shape@267 (line 874)
  0x00000218bc8143f0: ec23 b806 

  0x00000218bc8143f4: ;   {runtime_call C1 Runtime throw_incompatible_class_change_error_blob}
  0x00000218bc8143f4: e8e7 4eb8 

  0x00000218bc8143f8: ; ImmutableOopMap {r8=Oop rdx=Oop [120]=Oop [128]=Oop [136]=Oop [144]=Oop [168]=Oop [176]=Oop [184]=Oop }
                      ;*invokeinterface getDescent {reexecute=0 rethrow=0 return_oop=0}
                      ; - com.sun.javafx.text.PrismTextLayout::shape@274 (line 874)
                      ;   {runtime_call C1 Runtime throw_incompatible_class_change_error_blob}
  0x00000218bc8143f8: 06e8 e24e 

  0x00000218bc8143fc: ; ImmutableOopMap {r8=Oop rdx=Oop [120]=Oop [128]=Oop [136]=Oop [144]=Oop [168]=Oop [176]=Oop [184]=Oop }
                      ;*invokeinterface getLineGap {reexecute=0 rethrow=0 return_oop=0}
                      ; - com.sun.javafx.text.PrismTextLayout::shape@281 (line 874)
                      ;   {metadata({method} {0x00000218da06a650} 'setMetrics' '(FFF)V' in 'com/sun/javafx/text/TextRun')}
  0x00000218bc8143fc: b806 49ba | 48a6 06da | 1802 0000 | 4c89 5424 | 0848 c704 | 24ff ffff 

  0x00000218bc814414: ;   {runtime_call C1 Runtime counter_overflow_blob}
  0x00000218bc814414: ffe8 c68f 

  0x00000218bc814418: ; ImmutableOopMap {r8=Oop [120]=Oop [128]=Oop [136]=Oop [144]=Oop [168]=Oop [176]=Oop }
                      ;*synchronization entry
                      ; - com.sun.javafx.text.TextRun::setMetrics@-1 (line 205)
                      ; - com.sun.javafx.text.PrismTextLayout::shape@286 (line 874)
  0x00000218bc814418: b806 e91e 

  0x00000218bc81441c: ;   {metadata({method} {0x00000218da06fbf8} 'isTab' '()Z' in 'com/sun/javafx/text/TextRun')}
  0x00000218bc81441c: edff ff49 | baf0 fb06 | da18 0200 | 004c 8954 | 2408 48c7 | 0424 ffff 

  0x00000218bc814434: ;   {runtime_call C1 Runtime counter_overflow_blob}
  0x00000218bc814434: ffff e8a5 

  0x00000218bc814438: ; ImmutableOopMap {r8=Oop [120]=Oop [128]=Oop [136]=Oop [144]=Oop [168]=Oop [176]=Oop }
                      ;*synchronization entry
                      ; - com.sun.javafx.text.TextRun::isTab@-1 (line 134)
                      ; - com.sun.javafx.text.PrismTextLayout::shape@290 (line 878)
  0x00000218bc814438: 8fb8 06e9 | 4bed ffff 

  0x00000218bc814440: ;   {metadata({method} {0x00000218da06f918} 'isLinebreak' '()Z' in 'com/sun/javafx/text/TextRun')}
  0x00000218bc814440: 49ba 10f9 | 06da 1802 | 0000 4c89 | 5424 0848 | c704 24ff 

  0x00000218bc814454: ;   {runtime_call C1 Runtime counter_overflow_blob}
  0x00000218bc814454: ffff ffe8 

  0x00000218bc814458: ; ImmutableOopMap {r8=Oop [120]=Oop [128]=Oop [136]=Oop [144]=Oop [168]=Oop [176]=Oop }
                      ;*synchronization entry
                      ; - com.sun.javafx.text.TextRun::isLinebreak@-1 (line 118)
                      ; - com.sun.javafx.text.PrismTextLayout::shape@298 (line 879)
  0x00000218bc814458: 848f b806 | e9e6 edff 

  0x00000218bc814460: ;   {metadata({method} {0x00000218da06a058} 'isComplex' '()Z' in 'com/sun/javafx/text/TextRun')}
  0x00000218bc814460: ff49 ba50 | a006 da18 | 0200 004c | 8954 2408 | 48c7 0424 | ffff ffff 

  0x00000218bc814478: ;   {runtime_call C1 Runtime counter_overflow_blob}
  0x00000218bc814478: e863 8fb8 

  0x00000218bc81447c: ; ImmutableOopMap {r8=Oop [120]=Oop [128]=Oop [136]=Oop [144]=Oop [168]=Oop [176]=Oop }
                      ;*synchronization entry
                      ; - com.sun.javafx.text.TextRun::isComplex@-1 (line 158)
                      ; - com.sun.javafx.text.PrismTextLayout::shape@314 (line 881)
  0x00000218bc81447c: 06e9 c0ee 

  0x00000218bc814480: ;   {runtime_call C1 Runtime throw_null_pointer_exception_blob}
  0x00000218bc814480: ffff e859 

  0x00000218bc814484: ; ImmutableOopMap {rax=Oop [120]=Oop [128]=Oop [136]=Oop }
                      ;*invokeinterface getFontResource {reexecute=0 rethrow=0 return_oop=0}
                      ; - com.sun.javafx.text.PrismTextLayout::shape@335 (line 885)
                      ;   {runtime_call C1 Runtime throw_null_pointer_exception_blob}
  0x00000218bc814484: 23b8 06e8 

  0x00000218bc814488: ; ImmutableOopMap {rax=Oop [128]=Oop [136]=Oop [192]=Oop }
                      ;*invokeinterface getGlyphMapper {reexecute=0 rethrow=0 return_oop=0}
                      ; - com.sun.javafx.text.PrismTextLayout::shape@372 (line 892)
  0x00000218bc814488: 5423 b806 

  0x00000218bc81448c: ;   {runtime_call C1 Runtime new_type_array_blob}
  0x00000218bc81448c: e84f 34b8 

  0x00000218bc814490: ; ImmutableOopMap {r11=Oop [128]=Oop [136]=Oop [192]=Oop }
                      ;*newarray {reexecute=0 rethrow=0 return_oop=0}
                      ; - com.sun.javafx.text.PrismTextLayout::shape@381 (line 895)
  0x00000218bc814490: 06e9 7bf2 

  0x00000218bc814494: ;   {runtime_call C1 Runtime throw_null_pointer_exception_blob}
  0x00000218bc814494: ffff e845 

  0x00000218bc814498: ; ImmutableOopMap {r11=Oop rax=Oop [128]=Oop [136]=Oop [192]=Oop [208]=Oop }
                      ;*invokevirtual charsToGlyphs {reexecute=0 rethrow=0 return_oop=0}
                      ; - com.sun.javafx.text.PrismTextLayout::shape@394 (line 896)
                      ;   {runtime_call C1 Runtime new_type_array_blob}
  0x00000218bc814498: 23b8 06e8 

  0x00000218bc81449c: ; ImmutableOopMap {[128]=Oop [192]=Oop [208]=Oop }
                      ;*newarray {reexecute=0 rethrow=0 return_oop=0}
                      ; - com.sun.javafx.text.PrismTextLayout::shape@403 (line 897)
  0x00000218bc81449c: 4034 b806 | e9c8 f3ff | ff48 8934 | 2448 8944 

  0x00000218bc8144ac: ;   {runtime_call C1 Runtime throw_range_check_failed_blob}
  0x00000218bc8144ac: 2408 e82d 

  0x00000218bc8144b0: ; ImmutableOopMap {rax=Oop rbx=Oop [128]=Oop [192]=Oop [208]=Oop [224]=Oop }
                      ;*iaload {reexecute=0 rethrow=0 return_oop=0}
                      ; - com.sun.javafx.text.PrismTextLayout::shape@426 (line 900)
  0x00000218bc8144b0: 15b8 0648 | 8934 2448 | 8944 2408 

  0x00000218bc8144bc: ;   {runtime_call C1 Runtime throw_range_check_failed_blob}
  0x00000218bc8144bc: e81f 15b8 

  0x00000218bc8144c0: ; ImmutableOopMap {rax=Oop [128]=Oop [192]=Oop [208]=Oop [224]=Oop }
                      ;*fastore {reexecute=0 rethrow=0 return_oop=0}
                      ; - com.sun.javafx.text.PrismTextLayout::shape@444 (line 901)
                      ;   {metadata({method} {0x00000218d9c8b3f8} 'shape' '(Lcom/sun/javafx/text/TextRun;[CLcom/sun/javafx/text/GlyphLayout;)V' in 'com/sun/javafx/text/PrismTextLayout')}
  0x00000218bc8144c0: 0649 baf0 | b3c8 d918 | 0200 004c | 8954 2408 | 48c7 0424 | c701 0000 

  0x00000218bc8144d8: ;   {runtime_call C1 Runtime counter_overflow_blob}
  0x00000218bc8144d8: e803 8fb8 

  0x00000218bc8144dc: ; ImmutableOopMap {rax=Oop [128]=Oop [192]=Oop [208]=Oop [224]=Oop }
                      ;*goto {reexecute=1 rethrow=0 return_oop=0}
                      ; - (reexecute) com.sun.javafx.text.PrismTextLayout::shape@455 (line 899)
  0x00000218bc8144dc: 06e9 d2f4 

  0x00000218bc8144e0: ;   {runtime_call C1 Runtime throw_null_pointer_exception_blob}
  0x00000218bc8144e0: ffff e8f9 

  0x00000218bc8144e4: ; ImmutableOopMap {rdx=Oop [120]=Oop [128]=Oop [136]=Oop [176]=Oop [192]=Oop }
                      ;*getfield valid {reexecute=1 rethrow=0 return_oop=0}
                      ; - (reexecute) com.sun.javafx.text.PrismTextLayout::shape@485 (line 911)
                      ;   {runtime_call C1 Runtime throw_null_pointer_exception_blob}
  0x00000218bc8144e4: 22b8 06e8 

  0x00000218bc8144e8: ; ImmutableOopMap {rax=Oop [120]=Oop [128]=Oop [136]=Oop [192]=Oop }
                      ;*invokeinterface getGlyphMapper {reexecute=0 rethrow=0 return_oop=0}
                      ; - com.sun.javafx.text.PrismTextLayout::shape@502 (line 913)
  0x00000218bc8144e8: f422 b806 

  0x00000218bc8144ec: ;   {runtime_call C1 Runtime throw_null_pointer_exception_blob}
  0x00000218bc8144ec: e8ef 22b8 

  0x00000218bc8144f0: ; ImmutableOopMap {rax=Oop rdx=Oop [120]=Oop [128]=Oop [136]=Oop [192]=Oop }
                      ;*getfield glyphs {reexecute=1 rethrow=0 return_oop=0}
                      ; - (reexecute) com.sun.javafx.text.PrismTextLayout::shape@520 (line 914)
                      ;   {runtime_call C1 Runtime throw_null_pointer_exception_blob}
  0x00000218bc8144f0: 06e8 ea22 

  0x00000218bc8144f4: ; ImmutableOopMap {rax=Oop rdx=Oop rsi=Oop [120]=Oop [128]=Oop [136]=Oop [192]=Oop }
                      ;*invokevirtual charsToGlyphs {reexecute=0 rethrow=0 return_oop=0}
                      ; - com.sun.javafx.text.PrismTextLayout::shape@525 (line 914)
                      ;   {runtime_call C1 Runtime throw_null_pointer_exception_blob}
  0x00000218bc8144f4: b806 e8e5 

  0x00000218bc8144f8: ; ImmutableOopMap {rdx=Oop rax=Oop [120]=Oop [128]=Oop [192]=Oop }
                      ;*getfield glyphs {reexecute=1 rethrow=0 return_oop=0}
                      ; - (reexecute) com.sun.javafx.text.PrismTextLayout::shape@555 (line 918)
                      ;   {runtime_call C1 Runtime throw_null_pointer_exception_blob}
  0x00000218bc8144f8: 22b8 06e8 

  0x00000218bc8144fc: ; ImmutableOopMap {rdx=Oop rax=Oop r8=Oop [120]=Oop [128]=Oop [192]=Oop }
                      ;*iaload {reexecute=0 rethrow=0 return_oop=0}
                      ; - com.sun.javafx.text.PrismTextLayout::shape@560 (line 918)
  0x00000218bc8144fc: e022 b806 

  0x00000218bc814500: ;   {runtime_call C1 Runtime throw_null_pointer_exception_blob}
  0x00000218bc814500: e8db 22b8 

  0x00000218bc814504: ; ImmutableOopMap {rdx=Oop rax=Oop r8=Oop [120]=Oop [128]=Oop [192]=Oop }
                      ;*iaload {reexecute=0 rethrow=0 return_oop=0}
                      ; - com.sun.javafx.text.PrismTextLayout::shape@560 (line 918)
  0x00000218bc814504: 0648 893c | 244c 8944 

  0x00000218bc81450c: ;   {runtime_call C1 Runtime throw_range_check_failed_blob}
  0x00000218bc81450c: 2408 e8cd 

  0x00000218bc814510: ; ImmutableOopMap {rdx=Oop rax=Oop r8=Oop [120]=Oop [128]=Oop [192]=Oop }
                      ;*iaload {reexecute=0 rethrow=0 return_oop=0}
                      ; - com.sun.javafx.text.PrismTextLayout::shape@560 (line 918)
                      ;   {runtime_call C1 Runtime throw_null_pointer_exception_blob}
  0x00000218bc814510: 14b8 06e8 

  0x00000218bc814514: ; ImmutableOopMap {rdx=Oop [120]=Oop [128]=Oop [192]=Oop }
                      ;*getfield advances {reexecute=1 rethrow=0 return_oop=0}
                      ; - (reexecute) com.sun.javafx.text.PrismTextLayout::shape@574 (line 919)
  0x00000218bc814514: c822 b806 

  0x00000218bc814518: ;   {runtime_call C1 Runtime throw_null_pointer_exception_blob}
  0x00000218bc814518: e8c3 22b8 

  0x00000218bc81451c: ; ImmutableOopMap {rdx=Oop r8=Oop [120]=Oop [128]=Oop [192]=Oop }
                      ;*fastore {reexecute=0 rethrow=0 return_oop=0}
                      ; - com.sun.javafx.text.PrismTextLayout::shape@581 (line 919)
                      ;   {runtime_call C1 Runtime throw_null_pointer_exception_blob}
  0x00000218bc81451c: 06e8 be22 

  0x00000218bc814520: ; ImmutableOopMap {rdx=Oop r8=Oop [120]=Oop [128]=Oop [192]=Oop }
                      ;*fastore {reexecute=0 rethrow=0 return_oop=0}
                      ; - com.sun.javafx.text.PrismTextLayout::shape@581 (line 919)
  0x00000218bc814520: b806 4889 | 3c24 4c89 

  0x00000218bc814528: ;   {runtime_call C1 Runtime throw_range_check_failed_blob}
  0x00000218bc814528: 4424 08e8 

  0x00000218bc81452c: ; ImmutableOopMap {rdx=Oop r8=Oop [120]=Oop [128]=Oop [192]=Oop }
                      ;*fastore {reexecute=0 rethrow=0 return_oop=0}
                      ; - com.sun.javafx.text.PrismTextLayout::shape@581 (line 919)
  0x00000218bc81452c: b014 b806 

  0x00000218bc814530: ;   {metadata({method} {0x00000218d9c8b3f8} 'shape' '(Lcom/sun/javafx/text/TextRun;[CLcom/sun/javafx/text/GlyphLayout;)V' in 'com/sun/javafx/text/PrismTextLayout')}
  0x00000218bc814530: 49ba f0b3 | c8d9 1802 | 0000 4c89 | 5424 0848 | c704 2450 

  0x00000218bc814544: ;   {runtime_call C1 Runtime counter_overflow_blob}
  0x00000218bc814544: 0200 00e8 

  0x00000218bc814548: ; ImmutableOopMap {rdx=Oop [120]=Oop [128]=Oop [192]=Oop }
                      ;*goto {reexecute=1 rethrow=0 return_oop=0}
                      ; - (reexecute) com.sun.javafx.text.PrismTextLayout::shape@592 (line 917)
  0x00000218bc814548: 948e b806 | e9fa f8ff 

  0x00000218bc814550: ;   {runtime_call C1 Runtime throw_null_pointer_exception_blob}
  0x00000218bc814550: ffe8 8a22 

  0x00000218bc814554: ; ImmutableOopMap {rdi=Oop r9=Oop [128]=Oop }
                      ;*getfield glyphs {reexecute=1 rethrow=0 return_oop=0}
                      ; - (reexecute) com.sun.javafx.text.PrismTextLayout::shape@608 (line 924)
                      ;   {metadata({method} {0x00000218da06b4e8} 'shape' '(I[I[F)V' in 'com/sun/javafx/text/TextRun')}
  0x00000218bc814554: b806 49ba | e0b4 06da | 1802 0000 | 4c89 5424 | 0848 c704 | 24ff ffff 

  0x00000218bc81456c: ;   {runtime_call C1 Runtime counter_overflow_blob}
  0x00000218bc81456c: ffe8 6e8e 

  0x00000218bc814570: ; ImmutableOopMap {rdi=Oop rsi=Oop r9=Oop [128]=Oop }
                      ;*synchronization entry
                      ; - com.sun.javafx.text.TextRun::shape@-1 (line 361)
                      ; - com.sun.javafx.text.PrismTextLayout::shape@618 (line 924)
  0x00000218bc814570: b806 e9c2 | f9ff ff44 | 8b47 4049 | c1e0 0349 | 83f8 000f | 84c2 f9ff | ff4c 8904 

  0x00000218bc81458c: ;   {runtime_call g1_pre_barrier_slow}
  0x00000218bc81458c: 24e8 4e95 | b806 e9b4 | f9ff ff48 | 83fe 000f | 84c9 f9ff | ff48 893c 

  0x00000218bc8145a4: ;   {runtime_call g1_post_barrier_slow}
  0x00000218bc8145a4: 24e8 b69d | b806 e9bb | f9ff ff44 | 8b47 4449 | c1e0 0349 | 83f8 000f | 84b7 f9ff | ff4c 8904 
  0x00000218bc8145c4: ;   {runtime_call g1_pre_barrier_slow}
  0x00000218bc8145c4: 24e8 1695 | b806 e9a9 | f9ff ff49 | 83f9 000f | 84be f9ff | ff48 893c 

  0x00000218bc8145dc: ;   {runtime_call g1_post_barrier_slow}
  0x00000218bc8145dc: 24e8 7e9d | b806 e9b0 | f9ff ff44 | 8b47 4849 | c1e0 0349 | 83f8 000f | 84ac f9ff | ff4c 8904 
  0x00000218bc8145fc: ;   {runtime_call g1_pre_barrier_slow}
  0x00000218bc8145fc: 24e8 de94 | b806 e99e 

  0x00000218bc814604: ;   {internal_word}
  0x00000218bc814604: f9ff ff49 | bac3 3f81 | bc18 0200 | 004d 8997 | e004 0000 

  0x00000218bc814618: ;   {runtime_call SafepointBlob}
  0x00000218bc814618: e943 dcaa | 0648 8934 | 2448 8944 

  0x00000218bc814624: ;   {runtime_call C1 Runtime throw_range_check_failed_blob}
  0x00000218bc814624: 2408 e8b5 

  0x00000218bc814628: ; ImmutableOopMap {r9=Oop rax=Oop rdi=Oop [128]=Oop [208]=Oop [224]=Oop }
                      ;*fastore {reexecute=0 rethrow=0 return_oop=0}
                      ; - com.sun.javafx.text.PrismTextLayout::shape@466 (line 905)
                      ;   {metadata({method} {0x00000218da06b428} 'shape' '(I[I[F[I)V' in 'com/sun/javafx/text/TextRun')}
  0x00000218bc814628: 13b8 0649 | ba20 b406 | da18 0200 | 004c 8954 | 2408 48c7 | 0424 ffff 

  0x00000218bc814640: ;   {runtime_call C1 Runtime counter_overflow_blob}
  0x00000218bc814640: ffff e899 

  0x00000218bc814644: ; ImmutableOopMap {r9=Oop rax=Oop rdi=Oop [128]=Oop [208]=Oop [224]=Oop }
                      ;*synchronization entry
                      ; - com.sun.javafx.text.TextRun::shape@-1 (line 354)
                      ; - com.sun.javafx.text.PrismTextLayout::shape@475 (line 906)
  0x00000218bc814644: 8db8 06e9 | 05fa ffff | 448b 4740 | 49c1 e003 | 4983 f800 | 0f84 05fa | ffff 4c89 

  0x00000218bc814660: ;   {runtime_call g1_pre_barrier_slow}
  0x00000218bc814660: 0424 e879 | 94b8 06e9 | f7f9 ffff | 4983 f900 | 0f84 0cfa | ffff 4889 

  0x00000218bc814678: ;   {runtime_call g1_post_barrier_slow}
  0x00000218bc814678: 3c24 e8e1 | 9cb8 06e9 | fef9 ffff | 448b 4744 | 49c1 e003 | 4983 f800 | 0f84 faf9 | ffff 4c89 
  0x00000218bc814698: ;   {runtime_call g1_pre_barrier_slow}
  0x00000218bc814698: 0424 e841 | 94b8 06e9 | ecf9 ffff | 4883 f800 | 0f84 01fa | ffff 4889 

  0x00000218bc8146b0: ;   {runtime_call g1_post_barrier_slow}
  0x00000218bc8146b0: 3c24 e8a9 | 9cb8 06e9 | f3f9 ffff | 448b 4748 | 49c1 e003 | 4983 f800 | 0f84 eff9 | ffff 4c89 
  0x00000218bc8146d0: ;   {runtime_call g1_pre_barrier_slow}
  0x00000218bc8146d0: 0424 e809 | 94b8 06e9 | e1f9 ffff 

  0x00000218bc8146dc: ;   {internal_word}
  0x00000218bc8146dc: 49ba dd40 | 81bc 1802 | 0000 4d89 | 97e0 0400 

  0x00000218bc8146ec: ;   {runtime_call SafepointBlob}
  0x00000218bc8146ec: 00e9 6edb 

  0x00000218bc8146f0: ;   {runtime_call C1 Runtime throw_null_pointer_exception_blob}
  0x00000218bc8146f0: aa06 e8e9 

  0x00000218bc8146f4: ; ImmutableOopMap {rbx=Oop rdx=Oop rax=Oop rsi=Oop rdi=Oop [128]=Oop }
                      ;*invokevirtual layout {reexecute=0 rethrow=0 return_oop=0}
                      ; - com.sun.javafx.text.PrismTextLayout::shape@327 (line 883)
                      ;   {internal_word}
  0x00000218bc8146f4: 20b8 0649 | ba6c 4181 | bc18 0200 | 004d 8997 | e004 0000 

  0x00000218bc814708: ;   {runtime_call SafepointBlob}
  0x00000218bc814708: e953 dbaa 

  0x00000218bc81470c: ;   {internal_word}
  0x00000218bc81470c: 0649 ba7f | 4181 bc18 | 0200 004d | 8997 e004 

  0x00000218bc81471c: ;   {runtime_call SafepointBlob}
  0x00000218bc81471c: 0000 e93d 

  0x00000218bc814720: ;   {internal_word}
  0x00000218bc814720: dbaa 0649 | ba92 4181 | bc18 0200 | 004d 8997 | e004 0000 

  0x00000218bc814734: ;   {runtime_call SafepointBlob}
  0x00000218bc814734: e927 dbaa 

  0x00000218bc814738: ;   {internal_word}
  0x00000218bc814738: 0649 baa5 | 4181 bc18 | 0200 004d | 8997 e004 

  0x00000218bc814748: ;   {runtime_call SafepointBlob}
  0x00000218bc814748: 0000 e911 

  0x00000218bc81474c: ;   {internal_word}
  0x00000218bc81474c: dbaa 0649 | ba04 4281 | bc18 0200 | 004d 8997 | e004 0000 

  0x00000218bc814760: ;   {runtime_call SafepointBlob}
  0x00000218bc814760: e9fb daaa 

  0x00000218bc814764: ;   {internal_word}
  0x00000218bc814764: 0649 ba17 | 4281 bc18 | 0200 004d | 8997 e004 

  0x00000218bc814774: ;   {runtime_call SafepointBlob}
  0x00000218bc814774: 0000 e9e5 | daaa 0649 | 8b87 8805 | 0000 49c7 | 8788 0500 | 0000 0000 | 0049 c787 | 9005 0000 
  0x00000218bc814794: 0000 0000 | 4881 c420 | 0100 005d 

  0x00000218bc8147a0: ;   {runtime_call C1 Runtime unwind_exception_blob}
  0x00000218bc8147a0: e9bb 07b8 | 06f4 f4f4 
[Stub Code]
  0x00000218bc8147a8: ;   {other}
  0x00000218bc8147a8: 0f1f 4400 

  0x00000218bc8147ac: ;   {static_stub}
  0x00000218bc8147ac: 0048 bb00 | 0000 0000 

  0x00000218bc8147b4: ;   {runtime_call nmethod}
  0x00000218bc8147b4: 0000 00e9 | fbff ffff 

  0x00000218bc8147bc: ;   {static_stub}
  0x00000218bc8147bc: 9048 bb00 | 0000 0000 

  0x00000218bc8147c4: ;   {runtime_call nmethod}
  0x00000218bc8147c4: 0000 00e9 | fbff ffff 

  0x00000218bc8147cc: ;   {static_stub}
  0x00000218bc8147cc: 9048 bb00 | 0000 0000 

  0x00000218bc8147d4: ;   {runtime_call nmethod}
  0x00000218bc8147d4: 0000 00e9 | fbff ffff 

  0x00000218bc8147dc: ;   {static_stub}
  0x00000218bc8147dc: 9048 bb00 | 0000 0000 

  0x00000218bc8147e4: ;   {runtime_call nmethod}
  0x00000218bc8147e4: 0000 00e9 | fbff ffff 

  0x00000218bc8147ec: ;   {static_stub}
  0x00000218bc8147ec: 9048 bb00 | 0000 0000 

  0x00000218bc8147f4: ;   {runtime_call nmethod}
  0x00000218bc8147f4: 0000 00e9 | fbff ffff 

  0x00000218bc8147fc: ;   {static_stub}
  0x00000218bc8147fc: 9048 bb00 | 0000 0000 

  0x00000218bc814804: ;   {runtime_call nmethod}
  0x00000218bc814804: 0000 00e9 | fbff ffff 

  0x00000218bc81480c: ;   {static_stub}
  0x00000218bc81480c: 9048 bb00 | 0000 0000 

  0x00000218bc814814: ;   {runtime_call nmethod}
  0x00000218bc814814: 0000 00e9 | fbff ffff 

  0x00000218bc81481c: ;   {static_stub}
  0x00000218bc81481c: 9048 bb00 | 0000 0000 

  0x00000218bc814824: ;   {runtime_call nmethod}
  0x00000218bc814824: 0000 00e9 | fbff ffff 

  0x00000218bc81482c: ;   {static_stub}
  0x00000218bc81482c: 9048 bb00 | 0000 0000 

  0x00000218bc814834: ;   {runtime_call nmethod}
  0x00000218bc814834: 0000 00e9 | fbff ffff 

  0x00000218bc81483c: ;   {static_stub}
  0x00000218bc81483c: 9048 bb00 | 0000 0000 

  0x00000218bc814844: ;   {runtime_call nmethod}
  0x00000218bc814844: 0000 00e9 | fbff ffff 

  0x00000218bc81484c: ;   {static_stub}
  0x00000218bc81484c: 9048 bbc0 | e886 d918 

  0x00000218bc814854: ;   {runtime_call I2C/C2I adapters}
  0x00000218bc814854: 0200 00e9 | 66cf ab06 

  0x00000218bc81485c: ;   {static_stub}
  0x00000218bc81485c: 9048 bb00 | 0000 0000 

  0x00000218bc814864: ;   {runtime_call nmethod}
  0x00000218bc814864: 0000 00e9 | fbff ffff 

  0x00000218bc81486c: ;   {static_stub}
  0x00000218bc81486c: 9048 bb00 | 0000 0000 

  0x00000218bc814874: ;   {runtime_call nmethod}
  0x00000218bc814874: 0000 00e9 | fbff ffff 

  0x00000218bc81487c: ;   {static_stub}
  0x00000218bc81487c: 9048 bb00 | 0000 0000 

  0x00000218bc814884: ;   {runtime_call nmethod}
  0x00000218bc814884: 0000 00e9 | fbff ffff 

  0x00000218bc81488c: ;   {static_stub}
  0x00000218bc81488c: 9048 bb08 | e886 d918 

  0x00000218bc814894: ;   {runtime_call I2C/C2I adapters}
  0x00000218bc814894: 0200 00e9 | a997 d906 

  0x00000218bc81489c: ;   {static_stub}
  0x00000218bc81489c: 9048 bb00 | 0000 0000 

  0x00000218bc8148a4: ;   {runtime_call nmethod}
  0x00000218bc8148a4: 0000 00e9 | fbff ffff 

  0x00000218bc8148ac: ;   {static_stub}
  0x00000218bc8148ac: 9048 bb48 | 5086 d918 

  0x00000218bc8148b4: ;   {runtime_call I2C/C2I adapters}
  0x00000218bc8148b4: 0200 00e9 | 86ed a706 

  0x00000218bc8148bc: ;   {static_stub}
  0x00000218bc8148bc: 9048 bb00 | 0000 0000 

  0x00000218bc8148c4: ;   {runtime_call nmethod}
  0x00000218bc8148c4: 0000 00e9 | fbff ffff 

  0x00000218bc8148cc: ;   {static_stub}
  0x00000218bc8148cc: 48bb 0000 | 0000 0000 

  0x00000218bc8148d4: ;   {runtime_call nmethod}
  0x00000218bc8148d4: 0000 e9fb 

  0x00000218bc8148d8: ;   {runtime_call C1 Runtime handle_exception_from_callee_blob}
  0x00000218bc8148d8: ffff ffe8 | 0041 b806 

  0x00000218bc8148e0: ;   {external_word}
  0x00000218bc8148e0: 48b9 a001 | 1e11 fc7f | 0000 4883 

  0x00000218bc8148ec: ;   {runtime_call}
  0x00000218bc8148ec: e4f0 48b8 | 105c d810 | fc7f 0000 

  0x00000218bc8148f8: ;   {section_word}
  0x00000218bc8148f8: ffd0 f449 | bafb 4881 | bc18 0200 

  0x00000218bc814904: ;   {runtime_call DeoptimizationBlob}
  0x00000218bc814904: 0041 52e9 | d4c0 aa06 | f4f4 f4f4 
[/MachCode]


Compiled method (c1) 10413 5516   !   3       com.sun.javafx.text.PrismTextLayout::layout (1636 bytes)
 total in heap  [0x00000218bc5dfe08,0x00000218bc5e5670] = 22632
 constants      [0x00000218bc5dff00,0x00000218bc5dff60] = 96
 main code      [0x00000218bc5dff60,0x00000218bc5e53f8] = 21656
 stub code      [0x00000218bc5e53f8,0x00000218bc5e5660] = 616
 oops           [0x00000218bc5e5660,0x00000218bc5e5670] = 16
 mutable data [0x00000218f0c3de10,0x00000218f0c3e660] = 2128
 relocation     [0x00000218f0c3de10,0x00000218f0c3e4e8] = 1752
 metadata       [0x00000218f0c3e4e8,0x00000218f0c3e660] = 376
 immutable data [0x00000218fa4aa4b0,0x00000218fa4acc48] = 10136
 dependencies   [0x00000218fa4aa4b0,0x00000218fa4aa548] = 152
 nul chk table  [0x00000218fa4aa548,0x00000218fa4aa730] = 488
 handler table  [0x00000218fa4aa730,0x00000218fa4aa778] = 72
 scopes pcs     [0x00000218fa4aa778,0x00000218fa4ab2e8] = 2928
 scopes data    [0x00000218fa4ab2e8,0x00000218fa4acc48] = 6496


[Constant Pool]
             Address          hex4                    hex8      
  0x00000218bc5dff00:   0x00000000      0x0000000000000000      
  0x00000218bc5dff04:   0x00000000                              
  0x00000218bc5dff08:   0x00000000      0x0000000000000000      
  0x00000218bc5dff0c:   0x00000000                              
  0x00000218bc5dff10:   0x00000000      0x3f80000000000000      
  0x00000218bc5dff14:   0x3f800000                              
  0x00000218bc5dff18:   0x00000000      0x0000000000000000      
  0x00000218bc5dff1c:   0x00000000                              
  0x00000218bc5dff20:   0x3f800000      0x3f0000003f800000      
  0x00000218bc5dff24:   0x3f000000                              
  0x00000218bc5dff28:   0x00000000      0x0000000000000000      
  0x00000218bc5dff2c:   0x00000000                              
  0x00000218bc5dff30:   0x00000000      0x0000000000000000      
  0x00000218bc5dff34:   0x00000000                              
  0x00000218bc5dff38:   0x00000000      0x0000000000000000      
  0x00000218bc5dff3c:   0x00000000                              
  0x00000218bc5dff40:   0x00000000      0x0000000000000000      
  0x00000218bc5dff44:   0x00000000                              
  0x00000218bc5dff48:   0xf4f4f4f4      0xf4f4f4f4f4f4f4f4      
  0x00000218bc5dff4c:   0xf4f4f4f4                              
  0x00000218bc5dff50:   0xf4f4f4f4      0xf4f4f4f4f4f4f4f4      
  0x00000218bc5dff54:   0xf4f4f4f4                              
  0x00000218bc5dff58:   0xf4f4f4f4      0xf4f4f4f4f4f4f4f4      
  0x00000218bc5dff5c:   0xf4f4f4f4                              

[MachCode]
[Instructions begin]
  0x00000218bc5dff60: ;   {other}
  0x00000218bc5dff60: 660f 1f84 | 0000 0000 | 0066 0f1f | 8400 0000 | 0000 448b | 5208 443b 

  0x00000218bc5dff78: ;   {runtime_call Shared Runtime ic_miss_blob}
  0x00000218bc5dff78: 5008 0f85 | 60ed cd06 
[Verified Entry Point]
  0x00000218bc5dff80: 8984 2400 | 80ff ff55 | 4881 ec00 | 0200 0090 | 4181 7f20 | 0700 0000 

  0x00000218bc5dff98: ;   {runtime_call Stub::method_entry_barrier}
  0x00000218bc5dff98: 7405 e841 | 66cc 0648 | 8994 24b0 

  0x00000218bc5dffa4: ;   {metadata(method data for {method} {0x00000218d9c8c5c0} 'layout' '()V' in 'com/sun/javafx/text/PrismTextLayout')}
  0x00000218bc5dffa4: 0000 0048 | beb0 9057 | da18 0200 | 008b be90 | 0000 0083 | c702 89be | 9000 0000 | 81e7 fe07 
  0x00000218bc5dffc4: 0000 85ff | 0f84 ec47 | 0000 488b 

  0x00000218bc5dffd0: ;   {metadata(method data for {method} {0x00000218d9c8c5c0} 'layout' '()V' in 'com/sun/javafx/text/PrismTextLayout')}
  0x00000218bc5dffd0: f248 bfb0 | 9057 da18 | 0200 0048 | 8387 d800 | 0000 0148 | 8bf2 488b | d666 0f1f 

  0x00000218bc5dffec: ;   {optimized virtual_call}
  0x00000218bc5dffec: 4400 00e8 

  0x00000218bc5dfff0: ; ImmutableOopMap {[176]=Oop }
                      ;*invokevirtual initCache {reexecute=0 rethrow=0 return_oop=0}
                      ; - com.sun.javafx.text.PrismTextLayout::layout@1 (line 1060)
  0x00000218bc5dfff0: 4c56 e2ff 

  0x00000218bc5dfff4: ;   {post_call_nop}
  0x00000218bc5dfff4: 0f1f 8400 | ec01 0000 | 488b 9424 | b000 0000 | 8b72 3c48 | c1e6 0348 

  0x00000218bc5e000c: ;   {metadata(method data for {method} {0x00000218d9c8c5c0} 'layout' '()V' in 'com/sun/javafx/text/PrismTextLayout')}
  0x00000218bc5e000c: 85f6 48be | b090 57da | 1802 0000 | bf18 0100 | 0075 05bf | 0801 0000 | 488b 1c3e | 488d 5b01 
  0x00000218bc5e002c: 4889 1c3e | 0f85 e646 | 0000 488b 

  0x00000218bc5e0038: ;   {metadata(method data for {method} {0x00000218d9c8c5c0} 'layout' '()V' in 'com/sun/javafx/text/PrismTextLayout')}
  0x00000218bc5e0038: f248 bfb0 | 9057 da18 | 0200 0048 | 8387 2801 | 0000 0148 | 8bf2 488b | d666 0f1f 

  0x00000218bc5e0054: ;   {optimized virtual_call}
  0x00000218bc5e0054: 4400 00e8 

  0x00000218bc5e0058: ; ImmutableOopMap {[176]=Oop }
                      ;*invokevirtual getText {reexecute=0 rethrow=0 return_oop=0}
                      ; - com.sun.javafx.text.PrismTextLayout::layout@13 (line 1064)
  0x00000218bc5e0058: 4408 2c00 

  0x00000218bc5e005c: ;   {post_call_nop}
  0x00000218bc5e005c: 0f1f 8400 | 5402 0001 | 4889 8424 | b800 0000 | 488b 9424 | b000 0000 | 8b72 2083 | e602 85f6 
  0x00000218bc5e007c: ;   {metadata(method data for {method} {0x00000218d9c8c5c0} 'layout' '()V' in 'com/sun/javafx/text/PrismTextLayout')}
  0x00000218bc5e007c: 48be b090 | 57da 1802 | 0000 bf58 | 0100 0074 | 05bf 6801 | 0000 488b | 1c3e 488d | 5b01 4889 
  0x00000218bc5e009c: 1c3e 0f84 | 5200 0000 

  0x00000218bc5e00a4: ;   {metadata(method data for {method} {0x00000218d9c8c5c0} 'layout' '()V' in 'com/sun/javafx/text/PrismTextLayout')}
  0x00000218bc5e00a4: 488b f248 | bfb0 9057 | da18 0200 | 0048 8387 | 7801 0000 | 0148 8bf2 

  0x00000218bc5e00bc: ;   {optimized virtual_call}
  0x00000218bc5e00bc: 488b d6e8 

  0x00000218bc5e00c0: ; ImmutableOopMap {[176]=Oop [184]=Oop }
                      ;*invokevirtual isSimpleLayout {reexecute=0 rethrow=0 return_oop=0}
                      ; - com.sun.javafx.text.PrismTextLayout::layout@27 (line 1067)
  0x00000218bc5e00c0: fc63 2500 

  0x00000218bc5e00c4: ;   {post_call_nop}
  0x00000218bc5e00c4: 0f1f 8400 | bc02 0002 

  0x00000218bc5e00cc: ;   {metadata(method data for {method} {0x00000218d9c8c5c0} 'layout' '()V' in 'com/sun/javafx/text/PrismTextLayout')}
  0x00000218bc5e00cc: 85c0 49b8 | b090 57da | 1802 0000 | bab8 0100 | 0075 05ba | a801 0000 | 498b 3410 | 488d 7601 
  0x00000218bc5e00ec: 4989 3410 | 0f85 4300 | 0000 488b | 9424 b000 

  0x00000218bc5e00fc: ;   {metadata(method data for {method} {0x00000218d9c8c5c0} 'layout' '()V' in 'com/sun/javafx/text/PrismTextLayout')}
  0x00000218bc5e00fc: 0000 49b8 | b090 57da | 1802 0000 | 4983 8010 | 0200 0001 | 4c8b 8424 | b800 0000 | 488b 9424 
  0x00000218bc5e011c: b000 0000 | 0f1f 8000 

  0x00000218bc5e0124: ;   {optimized virtual_call}
  0x00000218bc5e0124: 0000 00e8 

  0x00000218bc5e0128: ; ImmutableOopMap {[176]=Oop [184]=Oop }
                      ;*invokevirtual buildRuns {reexecute=0 rethrow=0 return_oop=0}
                      ; - com.sun.javafx.text.PrismTextLayout::layout@42 (line 1070)
  0x00000218bc5e0128: f42c 3300 

  0x00000218bc5e012c: ;   {post_call_nop}
  0x00000218bc5e012c: 0f1f 8400 | 2403 0003 | e943 0000 | 0048 8b94 | 24b0 0000 

  0x00000218bc5e0140: ;   {metadata(method data for {method} {0x00000218d9c8c5c0} 'layout' '()V' in 'com/sun/javafx/text/PrismTextLayout')}
  0x00000218bc5e0140: 0048 beb0 | 9057 da18 | 0200 0048 | 8386 c801 | 0000 0148 | 8b94 24b0 | 0000 000f 

  0x00000218bc5e015c: ;   {optimized virtual_call}
  0x00000218bc5e015c: 1f40 00e8 

  0x00000218bc5e0160: ; ImmutableOopMap {[176]=Oop [184]=Oop }
                      ;*invokevirtual reuseRuns {reexecute=0 rethrow=0 return_oop=0}
                      ; - com.sun.javafx.text.PrismTextLayout::layout@34 (line 1068)
  0x00000218bc5e0160: 2054 0000 

  0x00000218bc5e0164: ;   {post_call_nop}
  0x00000218bc5e0164: 0f1f 8400 | 5c03 0004 

  0x00000218bc5e016c: ;   {metadata(method data for {method} {0x00000218d9c8c5c0} 'layout' '()V' in 'com/sun/javafx/text/PrismTextLayout')}
  0x00000218bc5e016c: 48be b090 | 57da 1802 | 0000 ff86 | f801 0000 | 488b 9424 | b000 0000 | 8b72 2083 | e610 85f6 
  0x00000218bc5e018c: ;   {metadata(method data for {method} {0x00000218d9c8c5c0} 'layout' '()V' in 'com/sun/javafx/text/PrismTextLayout')}
  0x00000218bc5e018c: 48be b090 | 57da 1802 | 0000 bf50 | 0200 0075 | 05bf 4002 | 0000 488b | 1c3e 488d | 5b01 4889 
  0x00000218bc5e01ac: 1c3e 0f85 | 0f00 0000 

  0x00000218bc5e01b4: ;   {oop(nullptr)}
  0x00000218bc5e01b4: 48be 0000 | 0000 0000 | 0000 e92c 

  0x00000218bc5e01c0: ;   {metadata(method data for {method} {0x00000218d9c8c5c0} 'layout' '()V' in 'com/sun/javafx/text/PrismTextLayout')}
  0x00000218bc5e01c0: 0000 0048 | beb0 9057 | da18 0200 | 0048 8386 | 6002 0000 

  0x00000218bc5e01d4: ;   {static_call}
  0x00000218bc5e01d4: 0166 90e8 

  0x00000218bc5e01d8: ; ImmutableOopMap {[176]=Oop [184]=Oop }
                      ;*invokestatic getInstance {reexecute=0 rethrow=0 return_oop=0}
                      ; - com.sun.javafx.text.PrismTextLayout::layout@57 (line 1075)
  0x00000218bc5e01d8: 2422 3300 

  0x00000218bc5e01dc: ;   {post_call_nop}
  0x00000218bc5e01dc: 0f1f 8400 | d403 0005 | 488b f048 | 8b94 24b0 | 0000 008b | 7a20 83e7 

  0x00000218bc5e01f4: ;   {metadata(method data for {method} {0x00000218d9c8c5c0} 'layout' '()V' in 'com/sun/javafx/text/PrismTextLayout')}
  0x00000218bc5e01f4: 0485 ff48 | bfb0 9057 | da18 0200 | 00bb 8002 | 0000 7505 | bb70 0200 | 0048 8b04 | 1f48 8d40 
  0x00000218bc5e0214: 0148 8904 | 1f0f 8515 

  0x00000218bc5e021c: ;   {section_word}
  0x00000218bc5e021c: 0000 00c5 | fa10 05d9 | fcff ff48 | 89b4 24c0 | 0000 00e9 | 3800 0000 | 4889 b424 | c000 0000 
  0x00000218bc5e023c: ;   {metadata(method data for {method} {0x00000218d9c8c5c0} 'layout' '()V' in 'com/sun/javafx/text/PrismTextLayout')}
  0x00000218bc5e023c: 488b fa48 | bbb0 9057 | da18 0200 | 0048 8383 | 9002 0000 | 0148 8bfa 

  0x00000218bc5e0254: ;   {optimized virtual_call}
  0x00000218bc5e0254: 488b d7e8 

  0x00000218bc5e0258: ; ImmutableOopMap {[176]=Oop [184]=Oop [192]=Oop }
                      ;*invokevirtual getTabAdvance {reexecute=0 rethrow=0 return_oop=0}
                      ; - com.sun.javafx.text.PrismTextLayout::layout@73 (line 1080)
  0x00000218bc5e0258: 84ef cd06 

  0x00000218bc5e025c: ;   {post_call_nop}
  0x00000218bc5e025c: 0f1f 8400 | 5404 0006 | 488b 9424 | b000 0000 | c5fa 104a 

  0x00000218bc5e0270: ;   {section_word}
  0x00000218bc5e0270: 18c5 fa10 | 158b fcff | ffc5 f82e | cabe ffff | ffff 0f8a | 1400 0000 | 0f82 0e00 | 0000 be00 
  0x00000218bc5e0290: 0000 000f | 8403 0000 | 0048 ffc6 

  0x00000218bc5e029c: ;   {metadata(method data for {method} {0x00000218d9c8c5c0} 'layout' '()V' in 'com/sun/javafx/text/PrismTextLayout')}
  0x00000218bc5e029c: 85f6 48be | b090 57da | 1802 0000 | bfd0 0200 | 007f 05bf | c002 0000 | 488b 1c3e | 488d 5b01 
  0x00000218bc5e02bc: 4889 1c3e | 0f8f 2000 

  0x00000218bc5e02c4: ;   {oop(nullptr)}
  0x00000218bc5e02c4: 0000 48be | 0000 0000 | 0000 0000 | 4889 b424 | d800 0000 | c5fa 1184 | 24bc 0100 | 00e9 f600 
  0x00000218bc5e02e4: 0000 8b72 | 2083 e650 

  0x00000218bc5e02ec: ;   {metadata(method data for {method} {0x00000218d9c8c5c0} 'layout' '()V' in 'com/sun/javafx/text/PrismTextLayout')}
  0x00000218bc5e02ec: 85f6 48be | b090 57da | 1802 0000 | bff0 0200 | 0075 05bf | e002 0000 | 488b 1c3e | 488d 5b01 
  0x00000218bc5e030c: 4889 1c3e | 0f85 2000 

  0x00000218bc5e0314: ;   {oop(nullptr)}
  0x00000218bc5e0314: 0000 48be | 0000 0000 | 0000 0000 | 4889 b424 | d800 0000 | c5fa 1184 | 24bc 0100 | 00e9 a600 
  0x00000218bc5e0334: 0000 c5fa | 1184 24bc 

  0x00000218bc5e033c: ;   {static_call}
  0x00000218bc5e033c: 0100 00e8 

  0x00000218bc5e0340: ; ImmutableOopMap {[176]=Oop [184]=Oop [192]=Oop }
                      ;*invokestatic getLineInstance {reexecute=0 rethrow=0 return_oop=0}
                      ; - com.sun.javafx.text.PrismTextLayout::layout@99 (line 1086)
  0x00000218bc5e0340: 9cf8 cd06 

  0x00000218bc5e0344: ;   {post_call_nop}
  0x00000218bc5e0344: 0f1f 8400 | 3c05 0007 | 0f1f 4000 

  0x00000218bc5e0350: ;   {other}
  0x00000218bc5e0350: e995 4400 | 0000 0000 | 0000 4889 | 8424 d000 | 0000 e98d | 4400 004c 

  0x00000218bc5e0368: ;   {metadata(method data for {method} {0x00000218d9c8c5c0} 'layout' '()V' in 'com/sun/javafx/text/PrismTextLayout')}
  0x00000218bc5e0368: 8bc0 48ba | b090 57da | 1802 0000 | 4883 8210 | 0300 0001 | 4c8b 8424 | b800 0000 | 488b d048 
  0x00000218bc5e0388: 8984 24c8 

  0x00000218bc5e038c: ;   {optimized virtual_call}
  0x00000218bc5e038c: 0000 00e8 

  0x00000218bc5e0390: ; ImmutableOopMap {[176]=Oop [184]=Oop [192]=Oop [200]=Oop [208]=Oop }
                      ;*invokespecial <init> {reexecute=0 rethrow=0 return_oop=0}
                      ; - com.sun.javafx.text.PrismTextLayout::layout@111 (line 1087)
  0x00000218bc5e0390: 4cee cd06 

  0x00000218bc5e0394: ;   {post_call_nop}
  0x00000218bc5e0394: 0f1f 8400 | 8c05 0008 | 4c8b 8424 | c800 0000 | 488b 9424 | d000 0000 | 9048 b850 | 0aa2 f118 
  0x00000218bc5e03b4: ;   {virtual_call}
  0x00000218bc5e03b4: 0200 00e8 

  0x00000218bc5e03b8: ; ImmutableOopMap {[176]=Oop [184]=Oop [192]=Oop [208]=Oop }
                      ;*invokevirtual setText {reexecute=0 rethrow=0 return_oop=0}
                      ; - com.sun.javafx.text.PrismTextLayout::layout@114 (line 1087)
  0x00000218bc5e03b8: 24f3 cd06 

  0x00000218bc5e03bc: ;   {post_call_nop}
  0x00000218bc5e03bc: 0f1f 8400 | b405 0009 | 488b b424 | d000 0000 | 4889 b424 | d800 0000 | 488b 9424 | b000 0000 
  0x00000218bc5e03dc: 8b7a 2081 | e700 003c | 0089 bc24 | e000 0000 

  0x00000218bc5e03ec: ;   {metadata(method data for {method} {0x00000218d9c8c5c0} 'layout' '()V' in 'com/sun/javafx/text/PrismTextLayout')}
  0x00000218bc5e03ec: 488b da48 | b8b0 9057 | da18 0200 | 0048 8380 | 5003 0000 | 0148 8bda 

  0x00000218bc5e0404: ;   {optimized virtual_call}
  0x00000218bc5e0404: 488b d3e8 

  0x00000218bc5e0408: ; ImmutableOopMap {[176]=Oop [184]=Oop [192]=Oop [216]=Oop }
                      ;*invokevirtual isSimpleLayout {reexecute=0 rethrow=0 return_oop=0}
                      ; - com.sun.javafx.text.PrismTextLayout::layout@127 (line 1097)
  0x00000218bc5e0408: b460 2500 

  0x00000218bc5e040c: ;   {post_call_nop}
  0x00000218bc5e040c: 0f1f 8400 | 0406 000a 

  0x00000218bc5e0414: ;   {metadata(method data for {method} {0x00000218d9c8c5c0} 'layout' '()V' in 'com/sun/javafx/text/PrismTextLayout')}
  0x00000218bc5e0414: 85c0 48ba | b090 57da | 1802 0000 | be80 0300 | 0074 05be | 9003 0000 | 488b 3c32 | 488d 7f01 
  0x00000218bc5e0434: 4889 3c32 | 0f84 d302 | 0000 488b | 9424 b000 | 0000 8b72 | 4c48 c1e6 | 0348 85f6 

  0x00000218bc5e0450: ;   {metadata(method data for {method} {0x00000218d9c8c5c0} 'layout' '()V' in 'com/sun/javafx/text/PrismTextLayout')}
  0x00000218bc5e0450: 48be b090 | 57da 1802 | 0000 bfb0 | 0300 0074 | 05bf a003 | 0000 488b | 043e 488d | 4001 4889 
  0x00000218bc5e0470: 043e 0f84 | 1000 0000 | 4c8b ac24 | b800 0000 | 4c8b dae9 | ae02 0000 | 488b 8424 | b800 0000 
  0x00000218bc5e0490: ;   {metadata('com/sun/javafx/text/LayoutCache')}
  0x00000218bc5e0490: 4c8b da48 | ba20 5f30 | 1f00 0000 | 004c 8be8 | 498b 87c8 | 0100 0048 | 8d78 3849 | 3bbf d801 
  0x00000218bc5e04b0: 0000 0f87 | 4943 0000 | 4989 bfc8 | 0100 0048 | c700 0100 | 0000 488b | ca41 ba00 | 0000 1e49 
  0x00000218bc5e04d0: 2bca 8948 | 0848 33c9 | 8948 0c48 | 33c9 bf05 | 0000 0048 | 894c f808 | 48ff cf75 | f64c 8bc0 
  0x00000218bc5e04f0: ;   {metadata(method data for {method} {0x00000218d9c8c5c0} 'layout' '()V' in 'com/sun/javafx/text/PrismTextLayout')}
  0x00000218bc5e04f0: 498b d848 | bab0 9057 | da18 0200 | 0048 8382 | c003 0000 

  0x00000218bc5e0504: ;   {metadata(method data for {method} {0x00000218da070fe8} '<init>' '()V' in 'com/sun/javafx/text/LayoutCache')}
  0x00000218bc5e0504: 0148 bba0 | 7e2f db18 | 0200 008b | 9390 0000 | 0083 c202 | 8993 9000 | 0000 81e2 | feff 1f00 
  0x00000218bc5e0524: 85d2 0f84 | e242 0000 

  0x00000218bc5e052c: ;   {metadata(method data for {method} {0x00000218da070fe8} '<init>' '()V' in 'com/sun/javafx/text/LayoutCache')}
  0x00000218bc5e052c: 498b d848 | baa0 7e2f | db18 0200 | 0048 8382 | d800 0000 

  0x00000218bc5e0540: ;   {metadata(method data for {method} {0x000000001e4b32d8} '<init>' '()V' in 'java/lang/Object')}
  0x00000218bc5e0540: 0148 bb70 | db00 d918 | 0200 008b | 9390 0000 | 0083 c202 | 8993 9000 | 0000 81e2 | feff 1f00 
  0x00000218bc5e0560: 85d2 0f84 | c742 0000 | 410f be5f | 4885 db0f | 85db 4200 | 004d 8bd0 | 49c1 ea03 | 4589 534c 
  0x00000218bc5e0580: 498b d349 | 33d0 48c1 | ea16 4883 | fa00 0f85 | dc42 0000 

  0x00000218bc5e0594: ; implicit exception: dispatches to 0x00000218bc5e4888
  0x00000218bc5e0594: 458b 4d0c 

  0x00000218bc5e0598: ;   {metadata({type array int})}
  0x00000218bc5e0598: 498b d948 | ba58 4718 | 1e00 0000 | 0048 63db | 488b fb48 | 81fb ffff | ff00 0f87 | d542 0000 
  0x00000218bc5e05b8: be17 0000 | 0048 8d34 | 9e48 83e6 | f849 8b87 | c801 0000 | 488d 3430 | 493b b7d8 | 0100 000f 
  0x00000218bc5e05d8: 87b0 4200 | 0049 89b7 | c801 0000 | 482b f048 | c700 0100 | 0000 488b | ca41 ba00 | 0000 1e49 
  0x00000218bc5e05f8: 2bca 8948 | 0889 580c | 4883 ee10 | 4885 f60f | 8411 0000 | 0048 33db | 48c1 ee03 | 4889 5cf0 
  0x00000218bc5e0618: 0848 ffce | 75f6 410f | be5f 4885 | db0f 856c | 4200 004c | 8bd0 49c1 | ea03 4589 | 5020 498b 
  0x00000218bc5e0638: d848 33d8 | 48c1 eb16 | 4883 fb00 | 0f85 6d42 | 0000 498b 

  0x00000218bc5e064c: ;   {metadata({type array float})}
  0x00000218bc5e064c: d948 ba58 | 3f18 1e00 | 0000 0048 | 63db 488b | fb48 81fb | ffff ff00 | 0f87 6542 | 0000 be17 
  0x00000218bc5e066c: 0000 0048 | 8d34 9e48 | 83e6 f849 | 8b87 c801 | 0000 488d | 3430 493b | b7d8 0100 | 000f 8740 
  0x00000218bc5e068c: 4200 0049 | 89b7 c801 | 0000 482b | f048 c700 | 0100 0000 | 488b ca41 | ba00 0000 | 1e49 2bca 
  0x00000218bc5e06ac: 8948 0889 | 580c 4883 | ee10 4885 | f60f 8411 | 0000 0048 | 33db 48c1 | ee03 4889 | 5cf0 0848 
  0x00000218bc5e06cc: ffce 75f6 | 410f be57 | 4885 d20f | 85fc 4100 | 004c 8bd0 | 49c1 ea03 | 4589 5024 | 498b d048 
  0x00000218bc5e06ec: 33d0 48c1 | ea16 4883 | fa00 0f85 | fd41 0000 

  0x00000218bc5e06fc: ;   {metadata(method data for {method} {0x00000218d9c8c5c0} 'layout' '()V' in 'com/sun/javafx/text/PrismTextLayout')}
  0x00000218bc5e06fc: 48ba b090 | 57da 1802 | 0000 ff82 | d003 0000 | e925 0000 | 004c 8bac | 24b8 0000 | 004c 8b9c 
  0x00000218bc5e071c: 24b0 0000 | 0041 0fbe | 5748 85d2 | 0f85 e341 | 0000 41c7 | 434c 0000 

  0x00000218bc5e0734: ;   {metadata('java/util/ArrayList')}
  0x00000218bc5e0734: 0000 48ba | b0d4 211e | 0000 0000 | 498b 87c8 | 0100 0048 | 8d78 1849 | 3bbf d801 | 0000 0f87 
  0x00000218bc5e0754: d941 0000 | 4989 bfc8 | 0100 0048 | c700 0100 | 0000 488b | ca41 ba00 | 0000 1e49 | 2bca 8948 
  0x00000218bc5e0774: 0848 33c9 | 8948 0c48 | 33c9 4889 | 4810 4889 | 8424 f000 | 0000 4c8b 

  0x00000218bc5e078c: ;   {metadata(method data for {method} {0x00000218d9c8c5c0} 'layout' '()V' in 'com/sun/javafx/text/PrismTextLayout')}
  0x00000218bc5e078c: c049 b9b0 | 9057 da18 | 0200 0049 | 8381 e803 

  0x00000218bc5e079c: ;   {metadata(method data for {method} {0x000000001e221f60} '<init>' '()V' in 'java/util/ArrayList')}
  0x00000218bc5e079c: 0000 0149 | b8d8 182b | d918 0200 | 0045 8b88 | 9000 0000 | 4183 c102 | 4589 8890 | 0000 0041 
  0x00000218bc5e07bc: 81e1 feff | 1f00 4585 | c90f 8473 | 4100 004c 

  0x00000218bc5e07cc: ;   {metadata(method data for {method} {0x000000001e221f60} '<init>' '()V' in 'java/util/ArrayList')}
  0x00000218bc5e07cc: 8bc0 49b9 | d818 2bd9 | 1802 0000 | 4983 81d8 | 0000 0001 

  0x00000218bc5e07e0: ;   {metadata(method data for {method} {0x000000001e220bf8} '<init>' '()V' in 'java/util/AbstractList')}
  0x00000218bc5e07e0: 49b8 b8ff | 15d9 1802 | 0000 458b | 8890 0000 | 0041 83c1 | 0245 8988 | 9000 0000 | 4181 e1fe 
  0x00000218bc5e0800: ff1f 0045 | 85c9 0f84 | 5341 0000 

  0x00000218bc5e080c: ;   {metadata(method data for {method} {0x000000001e220bf8} '<init>' '()V' in 'java/util/AbstractList')}
  0x00000218bc5e080c: 4c8b c049 | b9b8 ff15 | d918 0200 | 0049 8381 | d800 0000 

  0x00000218bc5e0820: ;   {metadata(method data for {method} {0x000000001e21ffb8} '<init>' '()V' in 'java/util/AbstractCollection')}
  0x00000218bc5e0820: 0149 b820 | 3001 d918 | 0200 0045 | 8b88 9000 | 0000 4183 | c102 4589 | 8890 0000 | 0041 81e1 
  0x00000218bc5e0840: feff 1f00 | 4585 c90f | 8433 4100 | 004c 8bc0 

  0x00000218bc5e0850: ;   {metadata(method data for {method} {0x000000001e21ffb8} '<init>' '()V' in 'java/util/AbstractCollection')}
  0x00000218bc5e0850: 49b9 2030 | 01d9 1802 | 0000 4983 | 81d8 0000 

  0x00000218bc5e0860: ;   {metadata(method data for {method} {0x000000001e4b32d8} '<init>' '()V' in 'java/lang/Object')}
  0x00000218bc5e0860: 0001 49b8 | 70db 00d9 | 1802 0000 | 458b 8890 | 0000 0041 | 83c1 0245 | 8988 9000 | 0000 4181 
  0x00000218bc5e0880: e1fe ff1f | 0045 85c9 | 0f84 1341 | 0000 450f | be47 4845 | 85c0 0f85 | 2641 0000 

  0x00000218bc5e089c: ;   {oop(a 'java/lang/Object'[0] {0x000000060b525710})}
  0x00000218bc5e089c: 49ba 1057 | 520b 0600 | 0000 49c1 | ea03 4489 

  0x00000218bc5e08ac: ;   {oop(a 'java/lang/Object'[0] {0x000000060b525710})}
  0x00000218bc5e08ac: 5014 49b8 | 1057 520b | 0600 0000 | 4c8b c84d | 33c8 49c1 | e916 4983 | f900 0f85 | 1641 0000 
  0x00000218bc5e08cc: be00 0000 | 00bb 0000 | 0000 b900 

  0x00000218bc5e08d8: ;   {section_word}
  0x00000218bc5e08d8: 0000 00c5 | fa10 0525 | f6ff ff89 | 9c24 ec00 | 0000 898c | 2400 0100 | 00c5 fa11 | 8424 c001 
  0x00000218bc5e08f8: 0000 488b | 9c24 c000 | 0000 660f | 1f44 0000 | 418b 7b0c 

  0x00000218bc5e090c: ;   {metadata(method data for {method} {0x00000218d9c8c5c0} 'layout' '()V' in 'com/sun/javafx/text/PrismTextLayout')}
  0x00000218bc5e090c: 3bf7 49b8 | b090 57da | 1802 0000 | 41b9 f803 | 0000 7d06 | 41b9 0804 | 0000 89bc | 24e4 0000 
  0x00000218bc5e092c: 004b 8b3c | 0848 8d7f | 014b 893c | 080f 8d85 | 1a00 0045 | 8b43 4049 | c1e0 0341 | 3b70 0c0f 
  0x00000218bc5e094c: 83b3 4000 | 004c 63ce | 438b 7c88 | 1048 c1e7 | 0348 89bc | 24f8 0000 | 004d 8bc3 | 89b4 24e8 
  0x00000218bc5e096c: ;   {metadata(method data for {method} {0x00000218d9c8c5c0} 'layout' '()V' in 'com/sun/javafx/text/PrismTextLayout')}
  0x00000218bc5e096c: 0000 0049 | b9b0 9057 | da18 0200 | 0049 8381 | 1804 0000 | 014c 8bc7 | 4d8b cd48 | 8bfb 498b 
  0x00000218bc5e098c: d348 899c | 24c0 0000 

  0x00000218bc5e0994: ;   {optimized virtual_call}
  0x00000218bc5e0994: 0066 90e8 

  0x00000218bc5e0998: ; ImmutableOopMap {[176]=Oop [184]=Oop [192]=Oop [216]=Oop [240]=Oop [248]=Oop }
                      ;*invokevirtual shape {reexecute=0 rethrow=0 return_oop=0}
                      ; - com.sun.javafx.text.PrismTextLayout::layout@225 (line 1113)
  0x00000218bc5e0998: c416 2300 

  0x00000218bc5e099c: ;   {post_call_nop}
  0x00000218bc5e099c: 0f1f 8400 | 940b 000b | 488b bc24 | f800 0000 

  0x00000218bc5e09ac: ; implicit exception: dispatches to 0x00000218bc5e4a12
  0x00000218bc5e09ac: 483b 0748 

  0x00000218bc5e09b0: ;   {metadata(method data for {method} {0x00000218d9c8c5c0} 'layout' '()V' in 'com/sun/javafx/text/PrismTextLayout')}
  0x00000218bc5e09b0: 8bd7 48be | b090 57da | 1802 0000 | 4883 8658 | 0400 0001 

  0x00000218bc5e09c4: ;   {metadata(method data for {method} {0x00000218da06fbf8} 'isTab' '()Z' in 'com/sun/javafx/text/TextRun')}
  0x00000218bc5e09c4: 48ba d099 | 2fdb 1802 | 0000 8bb2 | 9000 0000 | 83c6 0289 | b290 0000 | 0081 e6fe | ff1f 0085 
  0x00000218bc5e09e4: f60f 842c | 4000 008b | 572c 83e2 

  0x00000218bc5e09f0: ;   {metadata(method data for {method} {0x00000218da06fbf8} 'isTab' '()Z' in 'com/sun/javafx/text/TextRun')}
  0x00000218bc5e09f0: 0185 d248 | bad0 992f | db18 0200 | 00be d800 | 0000 7405 | bee8 0000 | 0048 8b1c | 3248 8d5b 
  0x00000218bc5e0a10: 0148 891c | 320f 841a 

  0x00000218bc5e0a18: ;   {metadata(method data for {method} {0x00000218da06fbf8} 'isTab' '()Z' in 'com/sun/javafx/text/TextRun')}
  0x00000218bc5e0a18: 0000 0048 | bad0 992f | db18 0200 | 00ff 82f8 | 0000 00ba | 0100 0000 | e905 0000 | 00ba 0000 
  0x00000218bc5e0a38: 0000 83e2 

  0x00000218bc5e0a3c: ;   {metadata(method data for {method} {0x00000218d9c8c5c0} 'layout' '()V' in 'com/sun/javafx/text/PrismTextLayout')}
  0x00000218bc5e0a3c: 0185 d248 | bab0 9057 | da18 0200 | 00be 7804 | 0000 7405 | be88 0400 | 0048 8b1c | 3248 8d5b 
  0x00000218bc5e0a5c: 0148 891c | 320f 8478 | 0000 00c5 | fa10 8424 | bc01 0000 | c5fa 108c | 24c0 0100 | 00c5 f25e 
  0x00000218bc5e0a7c: c8c5 fa2c | d181 fa00 | 0000 8075 | 0f48 83ec | 08c5 fa11 

  0x00000218bc5e0a90: ;   {runtime_call Stub::f2i_fixup}
  0x00000218bc5e0a90: 0c24 e853 | 09c9 065a | ffc2 c5f2 | 2aca c5f2 | 59c8 488b 

  0x00000218bc5e0aa4: ;   {metadata(method data for {method} {0x00000218d9c8c5c0} 'layout' '()V' in 'com/sun/javafx/text/PrismTextLayout')}
  0x00000218bc5e0aa4: d748 beb0 | 9057 da18 

  0x00000218bc5e0aac: ;   {metadata('com/sun/javafx/text/TextRun')}
  0x00000218bc5e0aac: 0200 0049 | bae0 5630 | 1f00 0000 | 004c 8996 | a004 0000 | 4883 86a8 | 0400 0001 | c5f2 5c8c 
  0x00000218bc5e0acc: 24c0 0100 | 00c5 fa11 | 4f18 c5fa | 1184 24bc | 0100 0048 

  0x00000218bc5e0ae0: ;   {metadata(method data for {method} {0x00000218d9c8c5c0} 'layout' '()V' in 'com/sun/javafx/text/PrismTextLayout')}
  0x00000218bc5e0ae0: 8bf7 48bb | b090 57da | 1802 0000 | 4883 83d8 | 0400 0001 

  0x00000218bc5e0af4: ;   {optimized virtual_call}
  0x00000218bc5e0af4: 488b d7e8 

  0x00000218bc5e0af8: ; ImmutableOopMap {[176]=Oop [184]=Oop [192]=Oop [216]=Oop [240]=Oop [248]=Oop }
                      ;*invokevirtual getWidth {reexecute=0 rethrow=0 return_oop=0}
                      ; - com.sun.javafx.text.PrismTextLayout::layout@260 (line 1119)
  0x00000218bc5e0af8: c4b5 deff 

  0x00000218bc5e0afc: ;   {post_call_nop}
  0x00000218bc5e0afc: 0f1f 8400 | f40c 000c | 488b 9424 | b000 0000 | c5fa 104a 

  0x00000218bc5e0b10: ;   {section_word}
  0x00000218bc5e0b10: 18c5 fa10 | 15f3 f3ff | ffc5 f82e | cabe ffff | ffff 0f8a | 1400 0000 | 0f82 0e00 | 0000 be00 
  0x00000218bc5e0b30: 0000 000f | 8403 0000 | 0048 ffc6 

  0x00000218bc5e0b3c: ;   {metadata(method data for {method} {0x00000218d9c8c5c0} 'layout' '()V' in 'com/sun/javafx/text/PrismTextLayout')}
  0x00000218bc5e0b3c: 85f6 48be | b090 57da | 1802 0000 | bf08 0500 | 007f 05bf | f804 0000 | 488b 1c3e | 488d 5b01 
  0x00000218bc5e0b5c: 4889 1c3e | 0f8f 1400 | 0000 488b | bc24 f800 | 0000 8bb4 | 24e8 0000 | 00e9 3213 | 0000 c5f8 
  0x00000218bc5e0b7c: 28d0 c5ea | 5894 24c0 | 0100 00c5 | f82e d1be | ffff ffff | 0f8a 1400 | 0000 0f82 | 0e00 0000 
  0x00000218bc5e0b9c: be00 0000 | 000f 8403 | 0000 0048 | ffc6 85f6 

  0x00000218bc5e0bac: ;   {metadata(method data for {method} {0x00000218d9c8c5c0} 'layout' '()V' in 'com/sun/javafx/text/PrismTextLayout')}
  0x00000218bc5e0bac: 48be b090 | 57da 1802 | 0000 bf28 | 0500 007f | 05bf 1805 | 0000 488b | 1c3e 488d | 5b01 4889 
  0x00000218bc5e0bcc: 1c3e 488b | bc24 f800 | 0000 0f8f | 0c00 0000 | 8bb4 24e8 | 0000 00e9 | c412 0000 

  0x00000218bc5e0be8: ;   {metadata(method data for {method} {0x00000218d9c8c5c0} 'layout' '()V' in 'com/sun/javafx/text/PrismTextLayout')}
  0x00000218bc5e0be8: 488b f748 | bbb0 9057 | da18 0200 

  0x00000218bc5e0bf4: ;   {metadata('com/sun/javafx/text/TextRun')}
  0x00000218bc5e0bf4: 0049 bae0 | 5630 1f00 | 0000 004c | 8993 4005 | 0000 4883 | 8348 0500 

  0x00000218bc5e0c0c: ;   {metadata(method data for {method} {0x00000218da06f918} 'isLinebreak' '()Z' in 'com/sun/javafx/text/TextRun')}
  0x00000218bc5e0c0c: 0001 48be | 089b 2fdb | 1802 0000 | 8b9e 9000 | 0000 83c3 | 0289 9e90 | 0000 0081 | e3fe ff1f 
  0x00000218bc5e0c2c: 0085 db0f | 8403 3e00 | 008b 772c | 83e6 0285 

  0x00000218bc5e0c3c: ;   {metadata(method data for {method} {0x00000218da06f918} 'isLinebreak' '()Z' in 'com/sun/javafx/text/TextRun')}
  0x00000218bc5e0c3c: f648 be08 | 9b2f db18 | 0200 00bb | d800 0000 | 7405 bbe8 | 0000 0048 | 8b04 1e48 | 8d40 0148 
  0x00000218bc5e0c5c: 8904 1e0f | 841a 0000 

  0x00000218bc5e0c64: ;   {metadata(method data for {method} {0x00000218da06f918} 'isLinebreak' '()Z' in 'com/sun/javafx/text/TextRun')}
  0x00000218bc5e0c64: 0048 be08 | 9b2f db18 | 0200 00ff | 86f8 0000 | 00be 0100 | 0000 e905 | 0000 00be | 0000 0000 
  0x00000218bc5e0c84: 83e6 0185 

  0x00000218bc5e0c88: ;   {metadata(method data for {method} {0x00000218d9c8c5c0} 'layout' '()V' in 'com/sun/javafx/text/PrismTextLayout')}
  0x00000218bc5e0c88: f648 beb0 | 9057 da18 | 0200 00bb | 7805 0000 | 7405 bb68 | 0500 0048 | 8b04 1e48 | 8d40 0148 
  0x00000218bc5e0ca8: 8904 1e0f | 840c 0000 | 008b b424 | e800 0000 | e9ef 1100 | 00c5 fa11 | 8424 c401 | 0000 488b 
  0x00000218bc5e0cc8: ;   {metadata(method data for {method} {0x00000218d9c8c5c0} 'layout' '()V' in 'com/sun/javafx/text/PrismTextLayout')}
  0x00000218bc5e0cc8: f748 bbb0 | 9057 da18 

  0x00000218bc5e0cd0: ;   {metadata('com/sun/javafx/text/TextRun')}
  0x00000218bc5e0cd0: 0200 0049 | bae0 5630 | 1f00 0000 | 004c 8993 | 9005 0000 | 4883 8398 | 0500 0001 | 8b77 1048 
  0x00000218bc5e0cf0: ;   {metadata(method data for {method} {0x00000218d9c8c5c0} 'layout' '()V' in 'com/sun/javafx/text/PrismTextLayout')}
  0x00000218bc5e0cf0: 8bdf 48b8 | b090 57da | 1802 0000 

  0x00000218bc5e0cfc: ;   {metadata('com/sun/javafx/text/TextRun')}
  0x00000218bc5e0cfc: 49ba e056 | 301f 0000 | 0000 4c89 | 90c0 0500 | 0048 8380 | c805 0000 | 01c5 f25c | 8c24 c001 
  0x00000218bc5e0d1c: 0000 c5f8 | 28c1 488b | d789 b424 | 0401 0000 

  0x00000218bc5e0d2c: ;   {optimized virtual_call}
  0x00000218bc5e0d2c: 6666 90e8 

  0x00000218bc5e0d30: ; ImmutableOopMap {[176]=Oop [184]=Oop [192]=Oop [216]=Oop [240]=Oop [248]=Oop }
                      ;*invokevirtual getWrapIndex {reexecute=0 rethrow=0 return_oop=0}
                      ; - com.sun.javafx.text.PrismTextLayout::layout@309 (line 1123)
  0x00000218bc5e0d30: 0947 0000 

  0x00000218bc5e0d34: ;   {post_call_nop}
  0x00000218bc5e0d34: 0f1f 8400 | 2c0f 000d | 8bb4 2404 | 0100 0003 | f048 8bbc | 24f8 0000 

  0x00000218bc5e0d4c: ;   {metadata(method data for {method} {0x00000218d9c8c5c0} 'layout' '()V' in 'com/sun/javafx/text/PrismTextLayout')}
  0x00000218bc5e0d4c: 0049 b8b0 | 9057 da18 

  0x00000218bc5e0d54: ;   {metadata('com/sun/javafx/text/TextRun')}
  0x00000218bc5e0d54: 0200 0049 | bae0 5630 | 1f00 0000 | 004d 8990 | f005 0000 | 4983 80f8 | 0500 0001 

  0x00000218bc5e0d70: ;   {metadata(method data for {method} {0x00000218da06f410} 'getEnd' '()I' in 'com/sun/javafx/text/TextRun')}
  0x00000218bc5e0d70: 49b8 98a3 | 2fdb 1802 | 0000 418b | 9090 0000 | 0083 c202 | 4189 9090 | 0000 0081 | e2fe ff1f 
  0x00000218bc5e0d90: 0085 d20f | 84c0 3c00 | 0048 8bbc | 24f8 0000 | 0044 8b47 | 108b 5714 | 4403 c248 | 8bd6 ffc2 
  0x00000218bc5e0db0: ;   {metadata(method data for {method} {0x00000218d9c8c5c0} 'layout' '()V' in 'com/sun/javafx/text/PrismTextLayout')}
  0x00000218bc5e0db0: 413b d049 | b8b0 9057 | da18 0200 | 00bb 2806 | 0000 7c05 | bb18 0600 | 0049 8b04 | 1848 8d40 
  0x00000218bc5e0dd0: 0149 8904 | 180f 8c18 | 0000 0048 | 8bde 488b | 8c24 d800 | 0000 488b | 8424 b800 | 0000 e961 
  0x00000218bc5e0df0: 0000 0048 | 8b84 24b8 | 0000 003b | 700c 0f83 | 803c 0000 | 4c63 c646 | 0fb7 4440 | 1041 83f8 
  0x00000218bc5e0e10: ;   {metadata(method data for {method} {0x00000218d9c8c5c0} 'layout' '()V' in 'com/sun/javafx/text/PrismTextLayout')}
  0x00000218bc5e0e10: 2049 b8b0 | 9057 da18 | 0200 00bb | 4806 0000 | 7405 bb38 | 0600 0049 | 8b0c 1848 | 8d49 0149 
  0x00000218bc5e0e30: 890c 180f | 8410 0000 | 0048 8bde | 488b 8c24 | d800 0000 | e90b 0000 | 0048 8bda | 488b 8c24 
  0x00000218bc5e0e50: d800 0000 

  0x00000218bc5e0e54: ;   {metadata(method data for {method} {0x00000218d9c8c5c0} 'layout' '()V' in 'com/sun/javafx/text/PrismTextLayout')}
  0x00000218bc5e0e54: 4885 c949 | b8b0 9057 | da18 0200 | 00ba 5806 | 0000 7405 | ba68 0600 | 004d 8b0c | 104d 8d49 
  0x00000218bc5e0e74: 014d 890c | 1089 b424 | 0c01 0000 | 0f84 f600 | 0000 4c8b | c348 8bd1 | 4889 8c24 | d800 0000 
  0x00000218bc5e0e94: 899c 2408 | 0100 0066 | 9048 b878 | 0aa2 f118 

  0x00000218bc5e0ea4: ;   {virtual_call}
  0x00000218bc5e0ea4: 0200 00e8 

  0x00000218bc5e0ea8: ; ImmutableOopMap {[176]=Oop [184]=Oop [192]=Oop [216]=Oop [240]=Oop [248]=Oop }
                      ;*invokevirtual isBoundary {reexecute=0 rethrow=0 return_oop=0}
                      ; - com.sun.javafx.text.PrismTextLayout::layout@360 (line 1142)
  0x00000218bc5e0ea8: 34e8 cd06 

  0x00000218bc5e0eac: ;   {post_call_nop}
  0x00000218bc5e0eac: 0f1f 8400 | a410 000e 

  0x00000218bc5e0eb4: ;   {metadata(method data for {method} {0x00000218d9c8c5c0} 'layout' '()V' in 'com/sun/javafx/text/PrismTextLayout')}
  0x00000218bc5e0eb4: 85c0 49b8 | b090 57da | 1802 0000 | baa8 0600 | 0075 05ba | b806 0000 | 498b 3410 | 488d 7601 
  0x00000218bc5e0ed4: 4989 3410 | 8b9c 2408 | 0100 0048 | 8b84 24b8 | 0000 000f | 853e 0000 | 003b 580c | 0f83 a63b 
  0x00000218bc5e0ef4: 0000 4c63 | c346 0fb7 | 4440 1041 

  0x00000218bc5e0f00: ;   {metadata(method data for {method} {0x00000218d9c8c5c0} 'layout' '()V' in 'com/sun/javafx/text/PrismTextLayout')}
  0x00000218bc5e0f00: 83f8 0949 | b8b0 9057 | da18 0200 | 00ba c806 | 0000 7505 | bad8 0600 | 0049 8b34 | 1048 8d76 
  0x00000218bc5e0f20: 0149 8934 | 100f 8516 

  0x00000218bc5e0f28: ;   {metadata(method data for {method} {0x00000218d9c8c5c0} 'layout' '()V' in 'com/sun/javafx/text/PrismTextLayout')}
  0x00000218bc5e0f28: 0000 0049 | b8b0 9057 | da18 0200 | 0041 ff80 | e806 0000 | e926 0000 | 004c 8bc3 | 488b 9424 
  0x00000218bc5e0f48: d800 0000 | 9048 b8a0 | 0aa2 f118 

  0x00000218bc5e0f54: ;   {virtual_call}
  0x00000218bc5e0f54: 0200 00e8 

  0x00000218bc5e0f58: ; ImmutableOopMap {[176]=Oop [184]=Oop [192]=Oop [216]=Oop [240]=Oop [248]=Oop }
                      ;*invokevirtual preceding {reexecute=0 rethrow=0 return_oop=0}
                      ; - com.sun.javafx.text.PrismTextLayout::layout@384 (line 1142)
  0x00000218bc5e0f58: 84e7 cd06 

  0x00000218bc5e0f5c: ;   {post_call_nop}
  0x00000218bc5e0f5c: 0f1f 8400 | 5411 000f 

  0x00000218bc5e0f64: ;   {metadata(method data for {method} {0x00000218d9c8c5c0} 'layout' '()V' in 'com/sun/javafx/text/PrismTextLayout')}
  0x00000218bc5e0f64: 488b d848 | bab0 9057 | da18 0200 | 00ff 8230 | 0700 00e9 | 1404 0000 | 4889 8c24 | d800 0000 
  0x00000218bc5e0f84: ; implicit exception: dispatches to 0x00000218bc5e4aaa
  0x00000218bc5e0f84: 3b58 0c0f | 8327 3b00 | 0048 63d3 | 0fb7 7450 

  0x00000218bc5e0f94: ;   {metadata(method data for {method} {0x00000218d9c8c5c0} 'layout' '()V' in 'com/sun/javafx/text/PrismTextLayout')}
  0x00000218bc5e0f94: 1048 bab0 | 9057 da18 | 0200 0048 | 8382 4807 

  0x00000218bc5e0fa4: ;   {metadata(method data for {method} {0x000000001e1a8bc8} 'isWhitespace' '(C)Z' in 'java/lang/Character')}
  0x00000218bc5e0fa4: 0000 0148 | ba38 b02e | d918 0200 | 008b ba90 | 0000 0083 | c702 89ba | 9000 0000 | 81e7 feff 
  0x00000218bc5e0fc4: 1f00 85ff | 0f84 f43a 

  0x00000218bc5e0fcc: ;   {metadata(method data for {method} {0x000000001e1a8bc8} 'isWhitespace' '(C)Z' in 'java/lang/Character')}
  0x00000218bc5e0fcc: 0000 48ba | 38b0 2ed9 | 1802 0000 | 4883 82d8 | 0000 0001 

  0x00000218bc5e0fe0: ;   {metadata(method data for {method} {0x000000001e1a8c20} 'isWhitespace' '(I)Z' in 'java/lang/Character')}
  0x00000218bc5e0fe0: 48ba e0ae | 2ed9 1802 | 0000 8bba | 9000 0000 | 83c7 0289 | ba90 0000 | 0081 e7fe | ff1f 0085 
  0x00000218bc5e1000: ff0f 84dc 

  0x00000218bc5e1004: ;   {metadata(method data for {method} {0x000000001e1a8c20} 'isWhitespace' '(I)Z' in 'java/lang/Character')}
  0x00000218bc5e1004: 3a00 0048 | bae0 ae2e | d918 0200 | 0048 8382 | d800 0000 | 0148 8bd6 | 899c 2408 | 0100 0089 
  0x00000218bc5e1024: b424 1001 | 0000 0f1f 

  0x00000218bc5e102c: ;   {static_call}
  0x00000218bc5e102c: 4400 00e8 

  0x00000218bc5e1030: ; ImmutableOopMap {[176]=Oop [184]=Oop [192]=Oop [216]=Oop [240]=Oop [248]=Oop }
                      ;*invokestatic of {reexecute=0 rethrow=0 return_oop=0}
                      ; - java.lang.Character::isWhitespace@1 (line 11711)
                      ; - java.lang.Character::isWhitespace@1 (line 11680)
                      ; - com.sun.javafx.text.PrismTextLayout::layout@396 (line 1145)
  0x00000218bc5e1030: aceb cd06 

  0x00000218bc5e1034: ;   {post_call_nop}
  0x00000218bc5e1034: 0f1f 8400 | 2c12 0010 

  0x00000218bc5e103c: ; implicit exception: dispatches to 0x00000218bc5e4b04
  0x00000218bc5e103c: 483b 004c 

  0x00000218bc5e1040: ;   {metadata(method data for {method} {0x000000001e1a8c20} 'isWhitespace' '(I)Z' in 'java/lang/Character')}
  0x00000218bc5e1040: 8bc0 48ba | e0ae 2ed9 | 1802 0000 | 458b 4008 | 41ba 0000 | 001e 4d03 | c24c 3b82 | f000 0000 
  0x00000218bc5e1060: 750d 4883 | 82f8 0000 | 0001 e960 | 0000 004c | 3b82 0001 | 0000 750d | 4883 8208 | 0100 0001 
  0x00000218bc5e1080: e94a 0000 | 0048 83ba | f000 0000 | 0075 174c | 8982 f000 | 0000 48c7 | 82f8 0000 | 0001 0000 
  0x00000218bc5e10a0: 00e9 2900 | 0000 4883 | ba00 0100 | 0000 7517 | 4c89 8200 | 0100 0048 | c782 0801 | 0000 0100 
  0x00000218bc5e10c0: 0000 e908 | 0000 0048 | 8382 e800 | 0000 0144 | 8b84 2410 | 0100 0048 | 8bd0 6666 | 9048 b8c8 
  0x00000218bc5e10e0: 0aa2 f118 

  0x00000218bc5e10e4: ;   {virtual_call}
  0x00000218bc5e10e4: 0200 00e8 

  0x00000218bc5e10e8: ; ImmutableOopMap {[176]=Oop [184]=Oop [192]=Oop [216]=Oop [240]=Oop [248]=Oop }
                      ;*invokevirtual isWhitespace {reexecute=0 rethrow=0 return_oop=0}
                      ; - java.lang.Character::isWhitespace@5 (line 11711)
                      ; - java.lang.Character::isWhitespace@1 (line 11680)
                      ; - com.sun.javafx.text.PrismTextLayout::layout@396 (line 1145)
  0x00000218bc5e10e8: 165a 4207 

  0x00000218bc5e10ec: ;   {post_call_nop}
  0x00000218bc5e10ec: 0f1f 8400 | e412 0011 | 83e0 0183 | e001 8b9c | 2408 0100 | 0089 8424 | 1801 0000 | 488b 8424 
  0x00000218bc5e110c: b800 0000 | 3b9c 24ec 

  0x00000218bc5e1114: ;   {metadata(method data for {method} {0x00000218d9c8c5c0} 'layout' '()V' in 'com/sun/javafx/text/PrismTextLayout')}
  0x00000218bc5e1114: 0000 0048 | bab0 9057 | da18 0200 | 00bf 5807 | 0000 7e05 | bf68 0700 | 0048 8b0c | 3a48 8d49 
  0x00000218bc5e1134: 0148 890c | 3a48 8bd3 | 0f8e 2c02 | 0000 ffca | 3b50 0c0f | 83bc 3900 | 0048 63d2 | 0fb7 7c50 
  0x00000218bc5e1154: ;   {metadata(method data for {method} {0x00000218d9c8c5c0} 'layout' '()V' in 'com/sun/javafx/text/PrismTextLayout')}
  0x00000218bc5e1154: 1048 bab0 | 9057 da18 | 0200 0048 | 8382 7807 

  0x00000218bc5e1164: ;   {metadata(method data for {method} {0x000000001e1a8bc8} 'isWhitespace' '(C)Z' in 'java/lang/Character')}
  0x00000218bc5e1164: 0000 0148 | ba38 b02e | d918 0200 | 008b 8a90 | 0000 0083 | c102 898a | 9000 0000 | 81e1 feff 
  0x00000218bc5e1184: 1f00 85c9 | 0f84 8939 

  0x00000218bc5e118c: ;   {metadata(method data for {method} {0x000000001e1a8bc8} 'isWhitespace' '(C)Z' in 'java/lang/Character')}
  0x00000218bc5e118c: 0000 48ba | 38b0 2ed9 | 1802 0000 | 4883 82d8 | 0000 0001 

  0x00000218bc5e11a0: ;   {metadata(method data for {method} {0x000000001e1a8c20} 'isWhitespace' '(I)Z' in 'java/lang/Character')}
  0x00000218bc5e11a0: 48ba e0ae | 2ed9 1802 | 0000 8b8a | 9000 0000 | 83c1 0289 | 8a90 0000 | 0081 e1fe | ff1f 0085 
  0x00000218bc5e11c0: c90f 8471 

  0x00000218bc5e11c4: ;   {metadata(method data for {method} {0x000000001e1a8c20} 'isWhitespace' '(I)Z' in 'java/lang/Character')}
  0x00000218bc5e11c4: 3900 0048 | bae0 ae2e | d918 0200 | 0048 8382 | d800 0000 | 0148 8bd7 | 899c 241c | 0100 0089 
  0x00000218bc5e11e4: bc24 1401 | 0000 0f1f 

  0x00000218bc5e11ec: ;   {static_call}
  0x00000218bc5e11ec: 4400 00e8 

  0x00000218bc5e11f0: ; ImmutableOopMap {[176]=Oop [184]=Oop [192]=Oop [216]=Oop [240]=Oop [248]=Oop }
                      ;*invokestatic of {reexecute=0 rethrow=0 return_oop=0}
                      ; - java.lang.Character::isWhitespace@1 (line 11711)
                      ; - java.lang.Character::isWhitespace@1 (line 11680)
                      ; - com.sun.javafx.text.PrismTextLayout::layout@414 (line 1147)
  0x00000218bc5e11f0: ece9 cd06 

  0x00000218bc5e11f4: ;   {post_call_nop}
  0x00000218bc5e11f4: 0f1f 8400 | ec13 0012 

  0x00000218bc5e11fc: ; implicit exception: dispatches to 0x00000218bc5e4b59
  0x00000218bc5e11fc: 483b 004c 

  0x00000218bc5e1200: ;   {metadata(method data for {method} {0x000000001e1a8c20} 'isWhitespace' '(I)Z' in 'java/lang/Character')}
  0x00000218bc5e1200: 8bc0 48ba | e0ae 2ed9 | 1802 0000 | 458b 4008 | 41ba 0000 | 001e 4d03 | c24c 3b82 | f000 0000 
  0x00000218bc5e1220: 750d 4883 | 82f8 0000 | 0001 e960 | 0000 004c | 3b82 0001 | 0000 750d | 4883 8208 | 0100 0001 
  0x00000218bc5e1240: e94a 0000 | 0048 83ba | f000 0000 | 0075 174c | 8982 f000 | 0000 48c7 | 82f8 0000 | 0001 0000 
  0x00000218bc5e1260: 00e9 2900 | 0000 4883 | ba00 0100 | 0000 7517 | 4c89 8200 | 0100 0048 | c782 0801 | 0000 0100 
  0x00000218bc5e1280: 0000 e908 | 0000 0048 | 8382 e800 | 0000 0144 | 8b84 2414 | 0100 0048 | 8bd0 6666 | 9048 b8f0 
  0x00000218bc5e12a0: 0aa2 f118 

  0x00000218bc5e12a4: ;   {virtual_call}
  0x00000218bc5e12a4: 0200 00e8 

  0x00000218bc5e12a8: ; ImmutableOopMap {[176]=Oop [184]=Oop [192]=Oop [216]=Oop [240]=Oop [248]=Oop }
                      ;*invokevirtual isWhitespace {reexecute=0 rethrow=0 return_oop=0}
                      ; - java.lang.Character::isWhitespace@5 (line 11711)
                      ; - java.lang.Character::isWhitespace@1 (line 11680)
                      ; - com.sun.javafx.text.PrismTextLayout::layout@414 (line 1147)
  0x00000218bc5e12a8: 5658 4207 

  0x00000218bc5e12ac: ;   {post_call_nop}
  0x00000218bc5e12ac: 0f1f 8400 | a414 0013 | 83e0 0183 | e001 8b9c | 2418 0100 

  0x00000218bc5e12c0: ;   {metadata(method data for {method} {0x00000218d9c8c5c0} 'layout' '()V' in 'com/sun/javafx/text/PrismTextLayout')}
  0x00000218bc5e12c0: 0085 db48 | bbb0 9057 | da18 0200 | 00ba 8807 | 0000 7505 | ba98 0700 | 0048 8b34 | 1348 8d76 
  0x00000218bc5e12e0: 0148 8934 | 130f 852a | 0000 0085 

  0x00000218bc5e12ec: ;   {metadata(method data for {method} {0x00000218d9c8c5c0} 'layout' '()V' in 'com/sun/javafx/text/PrismTextLayout')}
  0x00000218bc5e12ec: c048 bbb0 | 9057 da18 | 0200 00ba | b807 0000 | 7505 baa8 | 0700 0048 | 8b34 1348 | 8d76 0148 
  0x00000218bc5e130c: 8934 130f | 8561 0000 | 008b 9424 | 1c01 0000 

  0x00000218bc5e131c: ;   {metadata(method data for {method} {0x00000218d9c8c5c0} 'layout' '()V' in 'com/sun/javafx/text/PrismTextLayout')}
  0x00000218bc5e131c: ffca 48bb | b090 57da | 1802 0000 | 8bb3 9400 | 0000 83c6 | 0289 b394 | 0000 0081 | e6fe 3f00 
  0x00000218bc5e133c: 0085 f60f | 8419 3800 | 004d 8b57 

  0x00000218bc5e1348: ; ImmutableOopMap {[176]=Oop [184]=Oop [192]=Oop [216]=Oop [240]=Oop [248]=Oop }
                      ;*goto {reexecute=1 rethrow=0 return_oop=0}
                      ; - (reexecute) com.sun.javafx.text.PrismTextLayout::layout@439 (line 1151)
                      ;   {poll}
  0x00000218bc5e1348: 3041 8502 

  0x00000218bc5e134c: ;   {metadata(method data for {method} {0x00000218d9c8c5c0} 'layout' '()V' in 'com/sun/javafx/text/PrismTextLayout')}
  0x00000218bc5e134c: 48bb b090 | 57da 1802 | 0000 ff83 | e007 0000 | 488b d889 | 9c24 1801 | 0000 488b | dae9 9afd 
  0x00000218bc5e136c: ffff 488b | dae9 1a00 | 0000 8b94 | 241c 0100 

  0x00000218bc5e137c: ;   {metadata(method data for {method} {0x00000218d9c8c5c0} 'layout' '()V' in 'com/sun/javafx/text/PrismTextLayout')}
  0x00000218bc5e137c: 0048 bbb0 | 9057 da18 | 0200 00ff | 83c8 0700 | 0048 8bda | 3b9c 24ec 

  0x00000218bc5e1394: ;   {metadata(method data for {method} {0x00000218d9c8c5c0} 'layout' '()V' in 'com/sun/javafx/text/PrismTextLayout')}
  0x00000218bc5e1394: 0000 0048 | bab0 9057 | da18 0200 | 00be f807 | 0000 7d05 | be08 0800 | 0048 8b3c | 3248 8d7f 
  0x00000218bc5e13b4: 0148 893c | 320f 8d07 | 0000 008b | 9c24 ec00 | 0000 8b8c | 2400 0100 

  0x00000218bc5e13cc: ;   {oop(nullptr)}
  0x00000218bc5e13cc: 0048 ba00 | 0000 0000 | 0000 004c | 8b9c 24b0 | 0000 00e9 | e100 0000 | 0f1f 4000 | 418b 5340 
  0x00000218bc5e13ec: 48c1 e203 

  0x00000218bc5e13f0: ; implicit exception: dispatches to 0x00000218bc5e4b7f
  0x00000218bc5e13f0: 3b4a 0c0f | 8390 3700 | 0048 63f9 | 8b54 ba10 | 48c1 e203 

  0x00000218bc5e1404: ; implicit exception: dispatches to 0x00000218bc5e4b97
  0x00000218bc5e1404: 483b 0248 

  0x00000218bc5e1408: ;   {metadata(method data for {method} {0x00000218d9c8c5c0} 'layout' '()V' in 'com/sun/javafx/text/PrismTextLayout')}
  0x00000218bc5e1408: 8bfa 48b8 | b090 57da | 1802 0000 

  0x00000218bc5e1414: ;   {metadata('com/sun/javafx/text/TextRun')}
  0x00000218bc5e1414: 49ba e056 | 301f 0000 | 0000 4c89 | 9040 0800 | 0048 8380 | 4808 0000 

  0x00000218bc5e142c: ;   {metadata(method data for {method} {0x00000218da06f410} 'getEnd' '()I' in 'com/sun/javafx/text/TextRun')}
  0x00000218bc5e142c: 0148 bf98 | a32f db18 | 0200 008b | 8790 0000 | 0083 c002 | 8987 9000 | 0000 25fe | ff1f 0085 
  0x00000218bc5e144c: c00f 8449 | 3700 008b | 7a10 8b42 | 1403 f83b 

  0x00000218bc5e145c: ;   {metadata(method data for {method} {0x00000218d9c8c5c0} 'layout' '()V' in 'com/sun/javafx/text/PrismTextLayout')}
  0x00000218bc5e145c: fb48 bfb0 | 9057 da18 | 0200 00b8 | 7808 0000 | 7f05 b868 | 0800 004c | 8b04 074d | 8d40 014c 
  0x00000218bc5e147c: 8904 070f | 8f73 0000 

  0x00000218bc5e1484: ;   {metadata(method data for {method} {0x00000218d9c8c5c0} 'layout' '()V' in 'com/sun/javafx/text/PrismTextLayout')}
  0x00000218bc5e1484: 00ff c148 | beb0 9057 | da18 0200 | 008b be94 | 0000 0083 | c702 89be | 9400 0000 | 81e7 fe3f 
  0x00000218bc5e14a4: 0000 85ff | 0f84 0f37 | 0000 4d8b 

  0x00000218bc5e14b0: ; ImmutableOopMap {r11=Oop rdx=Oop [176]=Oop [184]=Oop [192]=Oop [216]=Oop [240]=Oop [248]=Oop }
                      ;*goto {reexecute=1 rethrow=0 return_oop=0}
                      ; - (reexecute) com.sun.javafx.text.PrismTextLayout::layout@494 (line 1163)
                      ;   {poll}
  0x00000218bc5e14b0: 5730 4185 

  0x00000218bc5e14b4: ;   {metadata(method data for {method} {0x00000218d9c8c5c0} 'layout' '()V' in 'com/sun/javafx/text/PrismTextLayout')}
  0x00000218bc5e14b4: 0248 beb0 | 9057 da18 | 0200 00ff | 86a0 0800 | 0041 8b73 

  0x00000218bc5e14c8: ;   {metadata(method data for {method} {0x00000218d9c8c5c0} 'layout' '()V' in 'com/sun/javafx/text/PrismTextLayout')}
  0x00000218bc5e14c8: 0c3b ce48 | bfb0 9057 | da18 0200 | 00b8 1808 | 0000 7d05 | b828 0800 | 004c 8b04 | 074d 8d40 
  0x00000218bc5e14e8: 014c 8904 | 070f 8d15 | 0000 00e9 | f0fe ffff 

  0x00000218bc5e14f8: ;   {metadata(method data for {method} {0x00000218d9c8c5c0} 'layout' '()V' in 'com/sun/javafx/text/PrismTextLayout')}
  0x00000218bc5e14f8: 48bf b090 | 57da 1802 | 0000 ff87 | 8808 0000 | 3b9c 24ec 

  0x00000218bc5e150c: ;   {metadata(method data for {method} {0x00000218d9c8c5c0} 'layout' '()V' in 'com/sun/javafx/text/PrismTextLayout')}
  0x00000218bc5e150c: 0000 0048 | bfb0 9057 | da18 0200 | 00b8 b808 | 0000 7505 | b8c8 0800 | 004c 8b04 | 074d 8d40 
  0x00000218bc5e152c: 014c 8904 | 070f 8516 | 0000 008b | 9c24 0c01 | 0000 488b | 9424 f800 | 0000 8b8c | 24e8 0000 
  0x00000218bc5e154c: 0048 3b02 

  0x00000218bc5e1550: ;   {metadata(method data for {method} {0x00000218d9c8c5c0} 'layout' '()V' in 'com/sun/javafx/text/PrismTextLayout')}
  0x00000218bc5e1550: 488b fa48 | b8b0 9057 | da18 0200 

  0x00000218bc5e155c: ;   {metadata('com/sun/javafx/text/TextRun')}
  0x00000218bc5e155c: 0049 bae0 | 5630 1f00 | 0000 004c | 8990 e008 | 0000 4883 | 80e8 0800 | 0001 8b7a | 102b df85 
  0x00000218bc5e157c: ;   {metadata(method data for {method} {0x00000218d9c8c5c0} 'layout' '()V' in 'com/sun/javafx/text/PrismTextLayout')}
  0x00000218bc5e157c: db48 bfb0 | 9057 da18 | 0200 00b8 | 0809 0000 | 7505 b818 | 0900 004c | 8b04 074d | 8d40 014c 
  0x00000218bc5e159c: 8904 070f | 852f 0000 | 003b 8c24 | 0001 0000 

  0x00000218bc5e15ac: ;   {metadata(method data for {method} {0x00000218d9c8c5c0} 'layout' '()V' in 'com/sun/javafx/text/PrismTextLayout')}
  0x00000218bc5e15ac: 48bf b090 | 57da 1802 | 0000 b838 | 0900 0075 | 05b8 2809 | 0000 4c8b | 0407 4d8d | 4001 4c89 
  0x00000218bc5e15cc: 0407 0f85 | d706 0000 

  0x00000218bc5e15d4: ;   {metadata(method data for {method} {0x00000218d9c8c5c0} 'layout' '()V' in 'com/sun/javafx/text/PrismTextLayout')}
  0x00000218bc5e15d4: 85db 48bf | b090 57da | 1802 0000 | b860 0900 | 0075 05b8 | 7009 0000 | 4c8b 0407 | 4d8d 4001 
  0x00000218bc5e15f4: 4c89 0407 | 0f85 0200 | 0000 ffc3 

  0x00000218bc5e1600: ;   {metadata(method data for {method} {0x00000218d9c8c5c0} 'layout' '()V' in 'com/sun/javafx/text/PrismTextLayout')}
  0x00000218bc5e1600: 488b fa48 | b8b0 9057 | da18 0200 

  0x00000218bc5e160c: ;   {metadata('com/sun/javafx/text/TextRun')}
  0x00000218bc5e160c: 0049 bae0 | 5630 1f00 | 0000 004c | 8990 8809 | 0000 4883 | 8090 0900 | 0001 8b7a 

  0x00000218bc5e1628: ;   {metadata(method data for {method} {0x00000218d9c8c5c0} 'layout' '()V' in 'com/sun/javafx/text/PrismTextLayout')}
  0x00000218bc5e1628: 143b df48 | bfb0 9057 | da18 0200 | 00b8 c009 | 0000 7c05 | b8b0 0900 | 004c 8b04 | 074d 8d40 
  0x00000218bc5e1648: 014c 8904 | 070f 8c08 | 0000 0049 | 8bd3 e966 | 0600 0045 | 8b4b 4049 | c1e1 0341 | 8b79 0c3b 
  0x00000218bc5e1668: ;   {metadata(method data for {method} {0x00000218d9c8c5c0} 'layout' '()V' in 'com/sun/javafx/text/PrismTextLayout')}
  0x00000218bc5e1668: f748 b8b0 | 9057 da18 | 0200 0041 | b8d0 0900 | 007c 0641 | b8e0 0900 | 004e 8b2c | 004d 8d6d 
  0x00000218bc5e1688: 014e 892c | 0089 9c24 | 3801 0000 | 4889 9424 | 3001 0000 | 0f8c 5102 | 0000 83c7 | 4048 8bdf 
  0x00000218bc5e16a8: ;   {metadata('com/sun/javafx/text/TextRun'[])}
  0x00000218bc5e16a8: 48ba 205d | 301f 0000 | 0000 4c8b | c148 63db | 488b fb48 | 81fb ffff | ff00 0f87 | 2035 0000 
  0x00000218bc5e16c8: be17 0000 | 0048 8d34 | 9e48 83e6 | f849 8b87 | c801 0000 | 488d 3430 | 493b b7d8 | 0100 000f 
  0x00000218bc5e16e8: 87fb 3400 | 0049 89b7 | c801 0000 | 482b f048 | c700 0100 | 0000 488b | ca41 ba00 | 0000 1e49 
  0x00000218bc5e1708: 2bca 8948 | 0889 580c | 4883 ee10 | 4885 f60f | 8411 0000 | 0048 33db | 48c1 ee03 | 4889 5cf0 
  0x00000218bc5e1728: 0848 ffce 

  0x00000218bc5e172c: ;   {metadata(method data for {method} {0x00000218d9c8c5c0} 'layout' '()V' in 'com/sun/javafx/text/PrismTextLayout')}
  0x00000218bc5e172c: 75f6 48ba | b090 57da | 1802 0000 | 4883 82f0 | 0900 0001 | 498b c8ff | c149 8bd1 | 4489 8424 
  0x00000218bc5e174c: 2001 0000 | 41b8 0000 | 0000 4c8b | c8bf 0000 | 0000 488b | f148 8984 | 2428 0100 | 0089 8c24 
  0x00000218bc5e176c: 2401 0000 | 498d 0c30 | 3b4a 0c0f | 8775 3400 | 0048 8d0c | 3741 3b49 | 0c0f 8767 | 3400 0085 
  0x00000218bc5e178c: f60f 8c5f | 3400 004d | 63c0 4863 | ff4a 8d4c | 8210 498d | 54b9 104c | 8bc6 4883 | ec20 40f6 
  0x00000218bc5e17ac: c40f 0f84 | 1200 0000 | 4883 ec08 

  0x00000218bc5e17b8: ;   {runtime_call Stub::oop_disjoint_arraycopy}
  0x00000218bc5e17b8: e863 13cc | 0648 83c4 | 08e9 0500 

  0x00000218bc5e17c4: ;   {runtime_call Stub::oop_disjoint_arraycopy}
  0x00000218bc5e17c4: 0000 e855 | 13cc 0648 | 83c4 2048 | 8b94 24b0 | 0000 0044 | 8b42 4049 | c1e0 0345 

  0x00000218bc5e17e0: ;   {metadata(method data for {method} {0x00000218d9c8c5c0} 'layout' '()V' in 'com/sun/javafx/text/PrismTextLayout')}
  0x00000218bc5e17e0: 8b48 0c48 | bfb0 9057 | da18 0200 | 0048 8387 | 000a 0000 | 018b 8c24 | 2001 0000 | 83c1 0244 
  0x00000218bc5e1800: 2b8c 2420 | 0100 0049 | 8bf1 ffce | 498b d044 | 8b84 2424 | 0100 004c | 8b8c 2428 | 0100 0048 
  0x00000218bc5e1820: 8bf9 4585 | c00f 8cdb | 3300 0085 | ff0f 8cd3 | 3300 0049 | 8d0c 303b | 4a0c 0f87 | c633 0000 
  0x00000218bc5e1840: 488d 0c37 | 413b 490c | 0f87 b833 | 0000 85f6 | 0f8c b033 | 0000 4d63 | c048 63ff | 4a8d 4c82 
  0x00000218bc5e1860: 1049 8d54 | b910 4c8b | c648 83ec | 2040 f6c4 | 0f0f 8412 | 0000 0048 

  0x00000218bc5e1878: ;   {runtime_call Stub::oop_arraycopy}
  0x00000218bc5e1878: 83ec 08e8 | 401c cc06 | 4883 c408 | e905 0000 

  0x00000218bc5e1888: ;   {runtime_call Stub::oop_arraycopy}
  0x00000218bc5e1888: 00e8 321c | cc06 4883 | c420 410f | be57 4885 | d248 8b94 | 24b0 0000 | 000f 856a | 3300 0048 
  0x00000218bc5e18a8: 8b84 2428 | 0100 004c | 8bd0 49c1 | ea03 4489 | 5240 4c8b | c24c 33c0 | 49c1 e816 | 4983 f800 
  0x00000218bc5e18c8: 0f85 6333 

  0x00000218bc5e18cc: ;   {metadata(method data for {method} {0x00000218d9c8c5c0} 'layout' '()V' in 'com/sun/javafx/text/PrismTextLayout')}
  0x00000218bc5e18cc: 0000 49b8 | b090 57da | 1802 0000 | 41ff 8010 | 0a00 008b | 9c24 3801 | 0000 488b | b424 3001 
  0x00000218bc5e18ec: 0000 e9c2 | 0000 0089 | 8c24 2001 

  0x00000218bc5e18f8: ;   {metadata(method data for {method} {0x00000218d9c8c5c0} 'layout' '()V' in 'com/sun/javafx/text/PrismTextLayout')}
  0x00000218bc5e18f8: 0000 49b8 | b090 57da | 1802 0000 | 4983 8028 | 0a00 0001 | 8b8c 2420 | 0100 00ff | c18b bc24 
  0x00000218bc5e1918: 2001 0000 | 83c7 022b | b424 2001 | 0000 ffce | 498b d14c | 8bc1 4585 | c00f 8c12 | 3300 0085 
  0x00000218bc5e1938: ff0f 8c0a | 3300 0049 | 8d0c 303b | 4a0c 0f87 | fd32 0000 | 488d 0c37 | 413b 490c | 0f87 ef32 
  0x00000218bc5e1958: 0000 85f6 | 0f8c e732 | 0000 4d63 | c048 63ff | 4a8d 4c82 | 1049 8d54 | b910 4c8b | c648 83ec 
  0x00000218bc5e1978: 2040 f6c4 | 0f0f 8412 | 0000 0048 

  0x00000218bc5e1984: ;   {runtime_call Stub::oop_arraycopy}
  0x00000218bc5e1984: 83ec 08e8 | 341b cc06 | 4883 c408 | e905 0000 

  0x00000218bc5e1994: ;   {runtime_call Stub::oop_arraycopy}
  0x00000218bc5e1994: 00e8 261b | cc06 4883 | c420 8b9c | 2438 0100 | 0048 8bb4 | 2430 0100 | 0048 8b94 | 24b0 0000 
  0x00000218bc5e19b4: 008b 7a40 | 48c1 e703 

  0x00000218bc5e19bc: ;   {metadata(method data for {method} {0x00000218d9c8c5c0} 'layout' '()V' in 'com/sun/javafx/text/PrismTextLayout')}
  0x00000218bc5e19bc: 4c8b c648 | b8b0 9057 | da18 0200 

  0x00000218bc5e19c8: ;   {metadata('com/sun/javafx/text/TextRun')}
  0x00000218bc5e19c8: 0049 bae0 | 5630 1f00 | 0000 004c | 8990 400a | 0000 4883 | 8048 0a00 | 0001 8b8c | 2420 0100 
  0x00000218bc5e19e8: 00ff c14c | 8bc3 488b | d648 89b4 | 2430 0100 | 0048 89bc | 2440 0100 | 0089 8c24 | 3c01 0000 
  0x00000218bc5e1a08: 0f1f 8000 

  0x00000218bc5e1a0c: ;   {optimized virtual_call}
  0x00000218bc5e1a0c: 0000 00e8 

  0x00000218bc5e1a10: ; ImmutableOopMap {[176]=Oop [184]=Oop [192]=Oop [216]=Oop [240]=Oop [248]=Oop [304]=Oop [320]=Oop }
                      ;*invokevirtual split {reexecute=0 rethrow=0 return_oop=0}
                      ; - com.sun.javafx.text.PrismTextLayout::layout@685 (line 1200)
  0x00000218bc5e1a10: 793a 0000 

  0x00000218bc5e1a14: ;   {post_call_nop}
  0x00000218bc5e1a14: 0f1f 8400 | 0c1c 0016 | 8b8c 243c | 0100 0048 | 8bbc 2440 | 0100 003b | 4f0c 0f83 | 2f32 0000 
  0x00000218bc5e1a34: ;   {metadata(method data for {method} {0x00000218d9c8c5c0} 'layout' '()V' in 'com/sun/javafx/text/PrismTextLayout')}
  0x00000218bc5e1a34: 4885 c049 | b9b0 9057 | da18 0200 | 0075 0d41 | 8089 610a | 0000 01e9 | da00 0000 | 448b 4008 
  0x00000218bc5e1a54: 41ba 0000 | 001e 4d03 | c24d 3b81 | 700a 0000 | 750d 4983 | 8178 0a00 | 0001 e960 | 0000 004d 
  0x00000218bc5e1a74: 3b81 800a | 0000 750d | 4983 8188 | 0a00 0001 | e94a 0000 | 0049 83b9 | 700a 0000 | 0075 174d 
  0x00000218bc5e1a94: 8981 700a | 0000 49c7 | 8178 0a00 | 0001 0000 | 00e9 2900 | 0000 4983 | b980 0a00 | 0000 7517 
  0x00000218bc5e1ab4: 4d89 8180 | 0a00 0049 | c781 880a | 0000 0100 | 0000 e908 | 0000 0049 | 8381 680a | 0000 0144 
  0x00000218bc5e1ad4: 8b47 0841 | ba00 0000 | 1e4d 03c2 | 448b 4808 | 41ba 0000 | 001e 4d03 | ca4d 8b80 | e000 0000 
  0x00000218bc5e1af4: 4d3b c80f | 842d 0000 | 0041 8b50 | 144d 3b04 | 110f 841f | 0000 0083 | fa20 0f85 | 6231 0000 
  0x00000218bc5e1b14: 4151 4150 

  0x00000218bc5e1b18: ;   {runtime_call C1 Runtime slow_subtype_check_blob}
  0x00000218bc5e1b18: e8c3 7adb | 0641 5941 | 5845 85c0 | 0f84 4c31 | 0000 4863 | c94c 8d44 | 8f10 450f | be4f 4845 
  0x00000218bc5e1b38: 85c9 0f85 | 3f31 0000 | 4c8b d049 | c1ea 0345 | 8910 4d8b | c84c 33c8 | 49c1 e916 | 4983 f900 
  0x00000218bc5e1b58: 0f85 4031 | 0000 488b | 9424 3001 

  0x00000218bc5e1b64: ;   {metadata(method data for {method} {0x00000218d9c8c5c0} 'layout' '()V' in 'com/sun/javafx/text/PrismTextLayout')}
  0x00000218bc5e1b64: 0000 49b8 | b090 57da | 1802 0000 

  0x00000218bc5e1b70: ;   {metadata('com/sun/javafx/text/TextRun')}
  0x00000218bc5e1b70: 49ba e056 | 301f 0000 | 0000 4d89 | 90a0 0a00 | 0049 8380 | a80a 0000 

  0x00000218bc5e1b88: ;   {metadata(method data for {method} {0x00000218da06a058} 'isComplex' '()Z' in 'com/sun/javafx/text/TextRun')}
  0x00000218bc5e1b88: 0149 b8d8 | ac2f db18 | 0200 0045 | 8b88 9000 | 0000 4183 | c102 4589 | 8890 0000 | 0041 81e1 
  0x00000218bc5e1ba8: feff 1f00 | 4585 c90f | 8401 3100 | 0048 8b94 | 2430 0100 | 0044 8b42 | 2c41 83e0 | 2045 85c0 
  0x00000218bc5e1bc8: ;   {metadata(method data for {method} {0x00000218da06a058} 'isComplex' '()Z' in 'com/sun/javafx/text/TextRun')}
  0x00000218bc5e1bc8: 49b8 d8ac | 2fdb 1802 | 0000 41b9 | d800 0000 | 7406 41b9 | e800 0000 | 4b8b 3c08 | 488d 7f01 
  0x00000218bc5e1be8: 4b89 3c08 | 0f84 1c00 

  0x00000218bc5e1bf0: ;   {metadata(method data for {method} {0x00000218da06a058} 'isComplex' '()Z' in 'com/sun/javafx/text/TextRun')}
  0x00000218bc5e1bf0: 0000 49b8 | d8ac 2fdb | 1802 0000 | 41ff 80f8 | 0000 0041 | b801 0000 | 00e9 0600 | 0000 41b8 
  0x00000218bc5e1c10: 0000 0000 | 4183 e001 

  0x00000218bc5e1c18: ;   {metadata(method data for {method} {0x00000218d9c8c5c0} 'layout' '()V' in 'com/sun/javafx/text/PrismTextLayout')}
  0x00000218bc5e1c18: 4585 c049 | b8b0 9057 | da18 0200 | 0041 b9c8 | 0a00 0074 | 0641 b9d8 | 0a00 004b | 8b3c 0848 
  0x00000218bc5e1c38: 8d7f 014b | 893c 080f | 8447 0000 | 004c 8b84 | 24b0 0000 

  0x00000218bc5e1c4c: ;   {metadata(method data for {method} {0x00000218d9c8c5c0} 'layout' '()V' in 'com/sun/javafx/text/PrismTextLayout')}
  0x00000218bc5e1c4c: 0049 b9b0 | 9057 da18 | 0200 0049 | 8381 e80a | 0000 014c | 8bc2 4c8b | 8c24 b800 | 0000 488b 
  0x00000218bc5e1c6c: bc24 c000 | 0000 488b | 9424 b000 | 0000 0f1f 

  0x00000218bc5e1c7c: ;   {optimized virtual_call}
  0x00000218bc5e1c7c: 4400 00e8 

  0x00000218bc5e1c80: ; ImmutableOopMap {[176]=Oop [184]=Oop [192]=Oop [216]=Oop [240]=Oop [248]=Oop }
                      ;*invokevirtual shape {reexecute=0 rethrow=0 return_oop=0}
                      ; - com.sun.javafx.text.PrismTextLayout::layout@702 (line 1202)
  0x00000218bc5e1c80: 5cd5 cd06 

  0x00000218bc5e1c84: ;   {post_call_nop}
  0x00000218bc5e1c84: 0f1f 8400 | 7c1e 0017 | 488b 9424 | b000 0000 | 448b 420c | 41ff c044 | 8942 0c8b | 8c24 2001 
  0x00000218bc5e1ca4: 0000 e916 | 0000 0049 | 8bd3 ffc9 

  0x00000218bc5e1cb0: ;   {metadata(method data for {method} {0x00000218d9c8c5c0} 'layout' '()V' in 'com/sun/javafx/text/PrismTextLayout')}
  0x00000218bc5e1cb0: 49b8 b090 | 57da 1802 | 0000 41ff | 8048 0900 | 004c 8bc1 | 41ff c044 | 8b4a 0c45 

  0x00000218bc5e1ccc: ;   {metadata(method data for {method} {0x00000218d9c8c5c0} 'layout' '()V' in 'com/sun/javafx/text/PrismTextLayout')}
  0x00000218bc5e1ccc: 3bc1 49b9 | b090 57da | 1802 0000 | bf28 0b00 | 007c 05bf | 180b 0000 | 498b 3439 | 488d 7601 
  0x00000218bc5e1cec: 4989 3439 | 0f8c 1900 | 0000 488b | bc24 f800 | 0000 488b | f1c5 fa10 | 8424 c401 | 0000 e99d 
  0x00000218bc5e1d0c: 0100 0044 | 8b4a 4049 | c1e1 0345 | 3b41 0c0f | 83c0 2f00 | 004d 63c0 | 478b 4481 | 1049 c1e0 
  0x00000218bc5e1d2c: 0349 3b00 

  0x00000218bc5e1d30: ;   {metadata(method data for {method} {0x00000218d9c8c5c0} 'layout' '()V' in 'com/sun/javafx/text/PrismTextLayout')}
  0x00000218bc5e1d30: 498b f848 | beb0 9057 | da18 0200 

  0x00000218bc5e1d3c: ;   {metadata('com/sun/javafx/text/TextRun')}
  0x00000218bc5e1d3c: 0049 bae0 | 5630 1f00 | 0000 004c | 8996 400b | 0000 4883 | 8648 0b00 

  0x00000218bc5e1d54: ;   {metadata(method data for {method} {0x00000218da06f918} 'isLinebreak' '()Z' in 'com/sun/javafx/text/TextRun')}
  0x00000218bc5e1d54: 0001 48bf | 089b 2fdb | 1802 0000 | 8bb7 9000 | 0000 83c6 | 0289 b790 | 0000 0081 | e6fe ff1f 
  0x00000218bc5e1d74: 0085 f60f | 8477 2f00 | 0045 8b40 | 2c41 83e0 | 0245 85c0 

  0x00000218bc5e1d88: ;   {metadata(method data for {method} {0x00000218da06f918} 'isLinebreak' '()Z' in 'com/sun/javafx/text/TextRun')}
  0x00000218bc5e1d88: 49b8 089b | 2fdb 1802 | 0000 bfd8 | 0000 0074 | 05bf e800 | 0000 498b | 3438 488d | 7601 4989 
  0x00000218bc5e1da8: 3438 0f84 | 1c00 0000 

  0x00000218bc5e1db0: ;   {metadata(method data for {method} {0x00000218da06f918} 'isLinebreak' '()Z' in 'com/sun/javafx/text/TextRun')}
  0x00000218bc5e1db0: 49b8 089b | 2fdb 1802 | 0000 41ff | 80f8 0000 | 0041 b801 | 0000 00e9 | 0600 0000 | 41b8 0000 
  0x00000218bc5e1dd0: 0000 4183 | e001 4585 

  0x00000218bc5e1dd8: ;   {metadata(method data for {method} {0x00000218d9c8c5c0} 'layout' '()V' in 'com/sun/javafx/text/PrismTextLayout')}
  0x00000218bc5e1dd8: c049 b8b0 | 9057 da18 | 0200 00bf | 780b 0000 | 7405 bf68 | 0b00 0049 | 8b34 3848 | 8d76 0149 
  0x00000218bc5e1df8: 8934 380f | 8419 0000 | 0048 8bbc | 24f8 0000 | 0048 8bf1 | c5fa 1084 | 24c4 0100 | 00e9 9200 
  0x00000218bc5e1e18: 0000 413b | 490c 0f83 | f12e 0000 | 4c63 c147 | 8b44 8110 | 49c1 e003 

  0x00000218bc5e1e30: ; implicit exception: dispatches to 0x00000218bc5e4d23
  0x00000218bc5e1e30: 493b 004d 

  0x00000218bc5e1e34: ;   {metadata(method data for {method} {0x00000218d9c8c5c0} 'layout' '()V' in 'com/sun/javafx/text/PrismTextLayout')}
  0x00000218bc5e1e34: 8bc8 48bf | b090 57da | 1802 0000 

  0x00000218bc5e1e40: ;   {metadata('com/sun/javafx/text/TextRun')}
  0x00000218bc5e1e40: 49ba e056 | 301f 0000 | 0000 4c89 | 9790 0b00 | 0048 8387 | 980b 0000 

  0x00000218bc5e1e58: ;   {metadata(method data for {method} {0x00000218da06ac40} 'setSoftbreak' '()V' in 'com/sun/javafx/text/TextRun')}
  0x00000218bc5e1e58: 0149 b9a0 | b12f db18 | 0200 0041 | 8bb9 9000 | 0000 83c7 | 0241 89b9 | 9000 0000 | 81e7 feff 
  0x00000218bc5e1e78: 1f00 85ff | 0f84 a62e | 0000 458b | 482c 4183 | c904 4589 | 482c 448b | 4a20 4181 | c980 0000 
  0x00000218bc5e1e98: 0044 894a | 2049 8bf8 | 488b f1c5 | fa10 8424 | c401 0000 | c5fa 5884 | 24c0 0100 | 0048 3b07 
  0x00000218bc5e1eb8: ;   {metadata(method data for {method} {0x00000218d9c8c5c0} 'layout' '()V' in 'com/sun/javafx/text/PrismTextLayout')}
  0x00000218bc5e1eb8: 4c8b c749 | b9b0 9057 | da18 0200 | 0049 8381 | c80b 0000 

  0x00000218bc5e1ecc: ;   {metadata(method data for {method} {0x00000218da06fb40} 'isBreak' '()Z' in 'com/sun/javafx/text/TextRun')}
  0x00000218bc5e1ecc: 0149 b8a8 | b22f db18 | 0200 0045 | 8b88 9000 | 0000 4183 | c102 4589 | 8890 0000 | 0041 81e1 
  0x00000218bc5e1eec: feff 1f00 | 4585 c90f | 8455 2e00 | 0044 8b47 | 2c41 83e0 | 0645 85c0 

  0x00000218bc5e1f04: ;   {metadata(method data for {method} {0x00000218da06fb40} 'isBreak' '()Z' in 'com/sun/javafx/text/TextRun')}
  0x00000218bc5e1f04: 49b8 a8b2 | 2fdb 1802 | 0000 41b9 | d800 0000 | 7406 41b9 | e800 0000 | 4b8b 3c08 | 488d 7f01 
  0x00000218bc5e1f24: 4b89 3c08 | 0f84 1c00 

  0x00000218bc5e1f2c: ;   {metadata(method data for {method} {0x00000218da06fb40} 'isBreak' '()Z' in 'com/sun/javafx/text/TextRun')}
  0x00000218bc5e1f2c: 0000 49b8 | a8b2 2fdb | 1802 0000 | 41ff 80f8 | 0000 0041 | b801 0000 | 00e9 0600 | 0000 41b8 
  0x00000218bc5e1f4c: 0000 0000 | 4183 e001 

  0x00000218bc5e1f54: ;   {metadata(method data for {method} {0x00000218d9c8c5c0} 'layout' '()V' in 'com/sun/javafx/text/PrismTextLayout')}
  0x00000218bc5e1f54: 4585 c049 | b8b0 9057 | da18 0200 | 0041 b9f8 | 0b00 0075 | 0641 b9e8 | 0b00 004b | 8b3c 0848 
  0x00000218bc5e1f74: 8d7f 014b | 893c 080f | 851e 0000 | 008b 9c24 | ec00 0000 | 8b8c 2400 | 0100 004c | 8bc6 488b 
  0x00000218bc5e1f94: b424 f000 | 0000 e9aa | 0300 004c 

  0x00000218bc5e1fa0: ;   {metadata(method data for {method} {0x00000218d9c8c5c0} 'layout' '()V' in 'com/sun/javafx/text/PrismTextLayout')}
  0x00000218bc5e1fa0: 8bc2 49b9 | b090 57da | 1802 0000 | 4983 8108 | 0c00 0001 | 448b 8424 | 0001 0000 | 4c8b ce8b 
  0x00000218bc5e1fc0: bc24 ec00 | 0000 488b | da48 8bd3 | 89b4 2448 | 0100 000f 

  0x00000218bc5e1fd4: ;   {optimized virtual_call}
  0x00000218bc5e1fd4: 1f40 00e8 

  0x00000218bc5e1fd8: ; ImmutableOopMap {[176]=Oop [184]=Oop [192]=Oop [216]=Oop [240]=Oop }
                      ;*invokevirtual createLine {reexecute=0 rethrow=0 return_oop=0}
                      ; - com.sun.javafx.text.PrismTextLayout::layout@789 (line 1232)
  0x00000218bc5e1fd8: 3f35 0000 

  0x00000218bc5e1fdc: ;   {post_call_nop}
  0x00000218bc5e1fdc: 0f1f 8400 | d421 0018 | 4c8b 8424 | f000 0000 

  0x00000218bc5e1fec: ;   {metadata(method data for {method} {0x00000218d9c8c5c0} 'layout' '()V' in 'com/sun/javafx/text/PrismTextLayout')}
  0x00000218bc5e1fec: 48ba b090 | 57da 1802 | 0000 458b | 4008 41ba | 0000 001e | 4d03 c24c | 3b82 400c | 0000 750d 
  0x00000218bc5e200c: 4883 8248 | 0c00 0001 | e960 0000 | 004c 3b82 | 500c 0000 | 750d 4883 | 8258 0c00 | 0001 e94a 
  0x00000218bc5e202c: 0000 0048 | 83ba 400c | 0000 0075 | 174c 8982 | 400c 0000 | 48c7 8248 | 0c00 0001 | 0000 00e9 
  0x00000218bc5e204c: 2900 0000 | 4883 ba50 | 0c00 0000 | 7517 4c89 | 8250 0c00 | 0048 c782 | 580c 0000 | 0100 0000 
  0x00000218bc5e206c: e908 0000 | 0048 8382 | 380c 0000 

  0x00000218bc5e2078: ;   {metadata(method data for {method} {0x000000001e221148} 'add' '(Ljava/lang/Object;)Z' in 'java/util/ArrayList')}
  0x00000218bc5e2078: 0149 b890 | d50c d918 | 0200 0041 | 8b90 9000 | 0000 83c2 | 0241 8990 | 9000 0000 | 81e2 feff 
  0x00000218bc5e2098: 1f00 85d2 | 0f84 cd2c | 0000 488b | b424 f000 | 0000 448b | 460c 41ff | c044 8946 | 0c44 8b46 
  0x00000218bc5e20b8: 1449 c1e0 | 038b 7e10 

  0x00000218bc5e20c0: ;   {metadata(method data for {method} {0x000000001e221148} 'add' '(Ljava/lang/Object;)Z' in 'java/util/ArrayList')}
  0x00000218bc5e20c0: 488b d648 | bb90 d50c | d918 0200 | 0048 8383 | d800 0000 

  0x00000218bc5e20d4: ;   {metadata(method data for {method} {0x000000001e222068} 'add' '(Ljava/lang/Object;[Ljava/lang/Object;I)V' in 'java/util/ArrayList')}
  0x00000218bc5e20d4: 0148 bae0 | d60c d918 | 0200 008b | 9a90 0000 | 0083 c302 | 899a 9000 | 0000 81e3 | feff 1f00 
  0x00000218bc5e20f4: 85db 0f84 | 942c 0000 

  0x00000218bc5e20fc: ; implicit exception: dispatches to 0x00000218bc5e4db1
  0x00000218bc5e20fc: 418b 500c 

  0x00000218bc5e2100: ;   {metadata(method data for {method} {0x000000001e222068} 'add' '(Ljava/lang/Object;[Ljava/lang/Object;I)V' in 'java/util/ArrayList')}
  0x00000218bc5e2100: 3bfa 48ba | e0d6 0cd9 | 1802 0000 | bbd8 0000 | 0075 05bb | e800 0000 | 488b 0c1a | 488d 4901 
  0x00000218bc5e2120: 4889 0c1a | 0f85 9400 | 0000 4889 | 8424 5001 | 0000 4c8b 

  0x00000218bc5e2134: ;   {metadata(method data for {method} {0x000000001e222068} 'add' '(Ljava/lang/Object;[Ljava/lang/Object;I)V' in 'java/util/ArrayList')}
  0x00000218bc5e2134: c648 bae0 | d60c d918 | 0200 0048 | 8382 f800 

  0x00000218bc5e2144: ;   {metadata(method data for {method} {0x000000001e2221c8} 'grow' '()[Ljava/lang/Object;' in 'java/util/ArrayList')}
  0x00000218bc5e2144: 0000 0149 | b890 d80c | d918 0200 | 0041 8b90 | 9000 0000 | 83c2 0241 | 8990 9000 | 0000 81e2 
  0x00000218bc5e2164: feff 1f00 | 85d2 0f84 | 462c 0000 

  0x00000218bc5e2170: ;   {metadata(method data for {method} {0x000000001e2221c8} 'grow' '()[Ljava/lang/Object;' in 'java/util/ArrayList')}
  0x00000218bc5e2170: 4c8b c648 | ba90 d80c | d918 0200 | 0048 8382 | d800 0000 | 014c 8bc7 | 41ff c048 | 8bd6 89bc 
  0x00000218bc5e2190: 244c 0100 

  0x00000218bc5e2194: ;   {optimized virtual_call}
  0x00000218bc5e2194: 0066 90e8 

  0x00000218bc5e2198: ; ImmutableOopMap {[176]=Oop [184]=Oop [192]=Oop [216]=Oop [240]=Oop [336]=Oop }
                      ;*invokevirtual grow {reexecute=0 rethrow=0 return_oop=0}
                      ; - java.util.ArrayList::grow@7 (line 245)
                      ; - java.util.ArrayList::add@7 (line 484)
                      ; - java.util.ArrayList::add@20 (line 497)
                      ; - com.sun.javafx.text.PrismTextLayout::layout@798 (line 1233)
  0x00000218bc5e2198: 7433 5d07 

  0x00000218bc5e219c: ;   {post_call_nop}
  0x00000218bc5e219c: 0f1f 8400 | 9423 0019 | 4c8b c08b | bc24 4c01 | 0000 488b | 8424 5001 | 0000 488b | b424 f000 
  0x00000218bc5e21bc: 0000 413b | 780c 0f83 | 192c 0000 

  0x00000218bc5e21c8: ;   {metadata(method data for {method} {0x000000001e222068} 'add' '(Ljava/lang/Object;[Ljava/lang/Object;I)V' in 'java/util/ArrayList')}
  0x00000218bc5e21c8: 4885 c048 | bae0 d60c | d918 0200 | 0075 0c80 | 8a21 0100 | 0001 e9d7 | 0000 0044 | 8b48 0841 
  0x00000218bc5e21e8: ba00 0000 | 1e4d 03ca | 4c3b 8a30 | 0100 0075 | 0d48 8382 | 3801 0000 | 01e9 6000 | 0000 4c3b 
  0x00000218bc5e2208: 8a40 0100 | 0075 0d48 | 8382 4801 | 0000 01e9 | 4a00 0000 | 4883 ba30 | 0100 0000 | 7517 4c89 
  0x00000218bc5e2228: 8a30 0100 | 0048 c782 | 3801 0000 | 0100 0000 | e929 0000 | 0048 83ba | 4001 0000 | 0075 174c 
  0x00000218bc5e2248: 898a 4001 | 0000 48c7 | 8248 0100 | 0001 0000 | 00e9 0800 | 0000 4883 | 8228 0100 | 0001 458b 
  0x00000218bc5e2268: 4808 41ba | 0000 001e | 4d03 ca8b | 5008 41ba | 0000 001e | 4903 d24d | 8b89 e000 | 0000 493b 
  0x00000218bc5e2288: d10f 842b | 0000 0041 | 8b59 144c | 3b0c 1a0f | 841d 0000 | 0083 fb20 | 0f85 4e2b | 0000 5241 
  0x00000218bc5e22a8: ;   {runtime_call C1 Runtime slow_subtype_check_blob}
  0x00000218bc5e22a8: 51e8 3273 | db06 5a41 | 5945 85c9 | 0f84 3a2b | 0000 4c63 | cf4f 8d44 | 8810 450f | be4f 4845 
  0x00000218bc5e22c8: 85c9 0f85 | 2d2b 0000 | 4c8b d049 | c1ea 0345 | 8910 4d8b | c84c 33c8 | 49c1 e916 | 4983 f900 
  0x00000218bc5e22e8: 0f85 2e2b | 0000 ffc7 | 897e 1044 | 8b84 2448 | 0100 0041 | ffc0 483b | 004c 8bc8 

  0x00000218bc5e2304: ;   {metadata(method data for {method} {0x00000218d9c8c5c0} 'layout' '()V' in 'com/sun/javafx/text/PrismTextLayout')}
  0x00000218bc5e2304: 48bf b090 | 57da 1802 

  0x00000218bc5e230c: ;   {metadata('com/sun/javafx/text/TextLine')}
  0x00000218bc5e230c: 0000 49ba | e873 301f | 0000 0000 | 4c89 9770 | 0c00 0048 | 8387 780c | 0000 0144 | 8b48 1c44 
  0x00000218bc5e232c: 038c 24ec | 0000 0049 | 8bd9 498b 

  0x00000218bc5e2338: ;   {section_word}
  0x00000218bc5e2338: c8c5 fa10 | 05cf dbff | ff44 8b84 | 2448 0100 | 0041 ffc0 

  0x00000218bc5e234c: ;   {metadata(method data for {method} {0x00000218d9c8c5c0} 'layout' '()V' in 'com/sun/javafx/text/PrismTextLayout')}
  0x00000218bc5e234c: 49b9 b090 | 57da 1802 | 0000 418b | b994 0000 | 0083 c702 | 4189 b994 | 0000 0081 | e7fe 3f00 
  0x00000218bc5e236c: 0085 ff0f | 84c4 2a00 | 004d 8b57 

  0x00000218bc5e2378: ; ImmutableOopMap {rsi=Oop [176]=Oop [184]=Oop [192]=Oop [216]=Oop [240]=Oop }
                      ;*goto {reexecute=1 rethrow=0 return_oop=0}
                      ; - (reexecute) com.sun.javafx.text.PrismTextLayout::layout@824 (line 1111)
                      ;   {poll}
  0x00000218bc5e2378: 3041 8502 

  0x00000218bc5e237c: ;   {metadata(method data for {method} {0x00000218d9c8c5c0} 'layout' '()V' in 'com/sun/javafx/text/PrismTextLayout')}
  0x00000218bc5e237c: 49b9 b090 | 57da 1802 | 0000 41ff | 8198 0c00 | 0089 9c24 | ec00 0000 | 898c 2400 | 0100 00c5 
  0x00000218bc5e239c: fa11 8424 | c001 0000 | 488b 9c24 | c000 0000 | 4c8b ac24 | b800 0000 | 4c8b 9c24 | b000 0000 
  0x00000218bc5e23bc: 498b f0e9 | 44e5 ffff | 8b8c 2400 | 0100 0048 | 8bb4 24f0 | 0000 004c | 8bc3 8b9c | 24ec 0000 
  0x00000218bc5e23dc: 004d 85c0 

  0x00000218bc5e23e0: ;   {metadata(method data for {method} {0x00000218d9c8c5c0} 'layout' '()V' in 'com/sun/javafx/text/PrismTextLayout')}
  0x00000218bc5e23e0: 49b9 b090 | 57da 1802 | 0000 bfb0 | 0c00 0074 | 05bf c00c | 0000 498b | 1439 488d | 5201 4989 
  0x00000218bc5e2400: 1439 0f84 | 0d01 0000 

  0x00000218bc5e2408: ; implicit exception: dispatches to 0x00000218bc5e4e5a
  0x00000218bc5e2408: 493b 004d 

  0x00000218bc5e240c: ;   {metadata(method data for {method} {0x00000218d9c8c5c0} 'layout' '()V' in 'com/sun/javafx/text/PrismTextLayout')}
  0x00000218bc5e240c: 8bc8 48bf | b090 57da | 1802 0000 | 458b 4908 | 41ba 0000 | 001e 4d03 | ca4c 3b8f | d80c 0000 
  0x00000218bc5e242c: 750d 4883 | 87e0 0c00 | 0001 e960 | 0000 004c | 3b8f e80c | 0000 750d | 4883 87f0 | 0c00 0001 
  0x00000218bc5e244c: e94a 0000 | 0048 83bf | d80c 0000 | 0075 174c | 898f d80c | 0000 48c7 | 87e0 0c00 | 0001 0000 
  0x00000218bc5e246c: 00e9 2900 | 0000 4883 | bfe8 0c00 | 0000 7517 | 4c89 8fe8 | 0c00 0048 | c787 f00c | 0000 0100 
  0x00000218bc5e248c: 0000 e908 | 0000 0048 | 8387 d00c 

  0x00000218bc5e2498: ;   {metadata(method data for {method} {0x00000218d9863908} 'dispose' '()V' in 'com/sun/javafx/text/GlyphLayout')}
  0x00000218bc5e2498: 0000 0149 | b920 b82f | db18 0200 | 0041 8bb9 | 9000 0000 | 83c7 0241 | 89b9 9000 | 0000 81e7 
  0x00000218bc5e24b8: feff 1f00 | 85ff 0f84 | 9b29 0000 

  0x00000218bc5e24c4: ;   {oop(a 'java/lang/Class'{0x000000060b9cce38} = 'com/sun/javafx/text/GlyphLayout')}
  0x00000218bc5e24c4: 49b9 38ce | 9c0b 0600 | 0000 458b | 497c 49c1 | e103 4d3b 

  0x00000218bc5e24d8: ;   {metadata(method data for {method} {0x00000218d9863908} 'dispose' '()V' in 'com/sun/javafx/text/GlyphLayout')}
  0x00000218bc5e24d8: c149 b820 | b82f db18 | 0200 0041 | b9d8 0000 | 0075 0641 | b9e8 0000 | 004b 8b3c | 0848 8d7f 
  0x00000218bc5e24f8: 014b 893c | 080f 8512 

  0x00000218bc5e2500: ;   {oop(a 'java/lang/Class'{0x000000060b9cce38} = 'com/sun/javafx/text/GlyphLayout')}
  0x00000218bc5e2500: 0000 0049 | b838 ce9c | 0b06 0000 | 0041 c680 | 9800 0000 | 008b bc24 | e400 0000 | 488b 9424 
  0x00000218bc5e2520: b000 0000 

  0x00000218bc5e2524: ;   {metadata(method data for {method} {0x00000218d9c8c5c0} 'layout' '()V' in 'com/sun/javafx/text/PrismTextLayout')}
  0x00000218bc5e2524: 49b8 b090 | 57da 1802 | 0000 4983 | 8000 0d00 | 0001 ffcf | 4c8b c14c | 8bcf 488b | fb48 8b94 
  0x00000218bc5e2544: 24b0 0000 | 0066 0f1f 

  0x00000218bc5e254c: ;   {optimized virtual_call}
  0x00000218bc5e254c: 4400 00e8 

  0x00000218bc5e2550: ; ImmutableOopMap {[176]=Oop [184]=Oop [240]=Oop }
                      ;*invokevirtual createLine {reexecute=0 rethrow=0 return_oop=0}
                      ; - com.sun.javafx.text.PrismTextLayout::layout@848 (line 1241)
  0x00000218bc5e2550: ecbe 2200 

  0x00000218bc5e2554: ;   {post_call_nop}
  0x00000218bc5e2554: 0f1f 8400 | 4c27 001b | 4c8b 8424 | f000 0000 

  0x00000218bc5e2564: ;   {metadata(method data for {method} {0x00000218d9c8c5c0} 'layout' '()V' in 'com/sun/javafx/text/PrismTextLayout')}
  0x00000218bc5e2564: 48ba b090 | 57da 1802 | 0000 458b | 4008 41ba | 0000 001e | 4d03 c24c | 3b82 380d | 0000 750d 
  0x00000218bc5e2584: 4883 8240 | 0d00 0001 | e960 0000 | 004c 3b82 | 480d 0000 | 750d 4883 | 8250 0d00 | 0001 e94a 
  0x00000218bc5e25a4: 0000 0048 | 83ba 380d | 0000 0075 | 174c 8982 | 380d 0000 | 48c7 8240 | 0d00 0001 | 0000 00e9 
  0x00000218bc5e25c4: 2900 0000 | 4883 ba48 | 0d00 0000 | 7517 4c89 | 8248 0d00 | 0048 c782 | 500d 0000 | 0100 0000 
  0x00000218bc5e25e4: e908 0000 | 0048 8382 | 300d 0000 

  0x00000218bc5e25f0: ;   {metadata(method data for {method} {0x000000001e221148} 'add' '(Ljava/lang/Object;)Z' in 'java/util/ArrayList')}
  0x00000218bc5e25f0: 0149 b890 | d50c d918 | 0200 0041 | 8b90 9000 | 0000 83c2 | 0241 8990 | 9000 0000 | 81e2 feff 
  0x00000218bc5e2610: 1f00 85d2 | 0f84 6628 | 0000 488b | b424 f000 | 0000 448b | 460c 41ff | c044 8946 | 0c44 8b46 
  0x00000218bc5e2630: 1449 c1e0 | 038b 7e10 

  0x00000218bc5e2638: ;   {metadata(method data for {method} {0x000000001e221148} 'add' '(Ljava/lang/Object;)Z' in 'java/util/ArrayList')}
  0x00000218bc5e2638: 488b d648 | bb90 d50c | d918 0200 | 0048 8383 | d800 0000 

  0x00000218bc5e264c: ;   {metadata(method data for {method} {0x000000001e222068} 'add' '(Ljava/lang/Object;[Ljava/lang/Object;I)V' in 'java/util/ArrayList')}
  0x00000218bc5e264c: 0148 bae0 | d60c d918 | 0200 008b | 9a90 0000 | 0083 c302 | 899a 9000 | 0000 81e3 | feff 1f00 
  0x00000218bc5e266c: 85db 0f84 | 2d28 0000 

  0x00000218bc5e2674: ; implicit exception: dispatches to 0x00000218bc5e4ec2
  0x00000218bc5e2674: 418b 500c 

  0x00000218bc5e2678: ;   {metadata(method data for {method} {0x000000001e222068} 'add' '(Ljava/lang/Object;[Ljava/lang/Object;I)V' in 'java/util/ArrayList')}
  0x00000218bc5e2678: 3bfa 48ba | e0d6 0cd9 | 1802 0000 | bbe8 0000 | 0074 05bb | d800 0000 | 488b 0c1a | 488d 4901 
  0x00000218bc5e2698: 4889 0c1a | 0f84 0800 | 0000 4c8b | cee9 9400 | 0000 4889 | 8424 6001 | 0000 4c8b 

  0x00000218bc5e26b4: ;   {metadata(method data for {method} {0x000000001e222068} 'add' '(Ljava/lang/Object;[Ljava/lang/Object;I)V' in 'java/util/ArrayList')}
  0x00000218bc5e26b4: c648 bae0 | d60c d918 | 0200 0048 | 8382 f800 

  0x00000218bc5e26c4: ;   {metadata(method data for {method} {0x000000001e2221c8} 'grow' '()[Ljava/lang/Object;' in 'java/util/ArrayList')}
  0x00000218bc5e26c4: 0000 0149 | b890 d80c | d918 0200 | 0041 8b90 | 9000 0000 | 83c2 0241 | 8990 9000 | 0000 81e2 
  0x00000218bc5e26e4: feff 1f00 | 85d2 0f84 | d727 0000 

  0x00000218bc5e26f0: ;   {metadata(method data for {method} {0x000000001e2221c8} 'grow' '()[Ljava/lang/Object;' in 'java/util/ArrayList')}
  0x00000218bc5e26f0: 4c8b c648 | ba90 d80c | d918 0200 | 0048 8382 | d800 0000 | 014c 8bc7 | 41ff c048 | 8bd6 89bc 
  0x00000218bc5e2710: 2458 0100 

  0x00000218bc5e2714: ;   {optimized virtual_call}
  0x00000218bc5e2714: 0066 90e8 

  0x00000218bc5e2718: ; ImmutableOopMap {[176]=Oop [184]=Oop [240]=Oop [352]=Oop }
                      ;*invokevirtual grow {reexecute=0 rethrow=0 return_oop=0}
                      ; - java.util.ArrayList::grow@7 (line 245)
                      ; - java.util.ArrayList::add@7 (line 484)
                      ; - java.util.ArrayList::add@20 (line 497)
                      ; - com.sun.javafx.text.PrismTextLayout::layout@851 (line 1241)
  0x00000218bc5e2718: f42d 5d07 

  0x00000218bc5e271c: ;   {post_call_nop}
  0x00000218bc5e271c: 0f1f 8400 | 1429 001c | 4c8b c08b | bc24 5801 | 0000 488b | 8424 6001 | 0000 4c8b | 8c24 f000 
  0x00000218bc5e273c: 0000 413b | 780c 0f83 | aa27 0000 

  0x00000218bc5e2748: ;   {metadata(method data for {method} {0x000000001e222068} 'add' '(Ljava/lang/Object;[Ljava/lang/Object;I)V' in 'java/util/ArrayList')}
  0x00000218bc5e2748: 4885 c048 | bae0 d60c | d918 0200 | 0075 0c80 | 8a21 0100 | 0001 e9d2 | 0000 008b | 5808 41ba 
  0x00000218bc5e2768: 0000 001e | 4903 da48 | 3b9a 3001 | 0000 750d | 4883 8238 | 0100 0001 | e960 0000 | 0048 3b9a 
  0x00000218bc5e2788: 4001 0000 | 750d 4883 | 8248 0100 | 0001 e94a | 0000 0048 | 83ba 3001 | 0000 0075 | 1748 899a 
  0x00000218bc5e27a8: 3001 0000 | 48c7 8238 | 0100 0001 | 0000 00e9 | 2900 0000 | 4883 ba40 | 0100 0000 | 7517 4889 
  0x00000218bc5e27c8: 9a40 0100 | 0048 c782 | 4801 0000 | 0100 0000 | e908 0000 | 0048 8382 | 2801 0000 | 0141 8b58 
  0x00000218bc5e27e8: 0841 ba00 | 0000 1e49 | 03da 8b50 | 0841 ba00 | 0000 1e49 | 03d2 488b | 9be0 0000 | 0048 3bd3 
  0x00000218bc5e2808: 0f84 2700 | 0000 8b73 | 1448 3b1c | 320f 841a | 0000 0083 | fe20 0f85 | e126 0000 

  0x00000218bc5e2824: ;   {runtime_call C1 Runtime slow_subtype_check_blob}
  0x00000218bc5e2824: 5253 e8b5 | 6ddb 065a | 5b85 db0f | 84d0 2600 | 0048 63df | 498d 5c98 | 1041 0fbe | 5748 85d2 
  0x00000218bc5e2844: 0f85 c426 | 0000 4c8b | d049 c1ea | 0344 8913 | 488b d348 | 33d0 48c1 | ea16 4883 | fa00 0f85 
  0x00000218bc5e2864: c426 0000 | ffc7 4189 | 7910 488b | 9424 b000 | 0000 498b 

  0x00000218bc5e2878: ;   {metadata(method data for {method} {0x00000218d9c8c5c0} 'layout' '()V' in 'com/sun/javafx/text/PrismTextLayout')}
  0x00000218bc5e2878: c148 bbb0 | 9057 da18 | 0200 008b | 4008 41ba | 0000 001e | 4903 c248 | 3b83 680d | 0000 750d 
  0x00000218bc5e2898: 4883 8370 | 0d00 0001 | e960 0000 | 0048 3b83 | 780d 0000 | 750d 4883 | 8380 0d00 | 0001 e94a 
  0x00000218bc5e28b8: 0000 0048 | 83bb 680d | 0000 0075 | 1748 8983 | 680d 0000 | 48c7 8370 | 0d00 0001 | 0000 00e9 
  0x00000218bc5e28d8: 2900 0000 | 4883 bb78 | 0d00 0000 | 7517 4889 | 8378 0d00 | 0048 c783 | 800d 0000 | 0100 0000 
  0x00000218bc5e28f8: e908 0000 | 0048 8383 | 600d 0000 | 0141 8b59 | 104c 8bda 

  0x00000218bc5e290c: ;   {metadata('com/sun/javafx/text/TextLine'[])}
  0x00000218bc5e290c: 48ba 9878 | 301f 0000 | 0000 4863 | db48 8bfb | 4881 fbff | ffff 000f | 871b 2600 | 00be 1700 
  0x00000218bc5e292c: 0000 488d | 349e 4883 | e6f8 498b | 87c8 0100 | 0048 8d34 | 3049 3bb7 | d801 0000 | 0f87 f625 
  0x00000218bc5e294c: 0000 4989 | b7c8 0100 | 0048 2bf0 | 48c7 0001 | 0000 0048 | 8bca 41ba | 0000 001e | 492b ca89 
  0x00000218bc5e296c: 4808 8958 | 0c48 83ee | 1048 85f6 | 0f84 1100 | 0000 4833 | db48 c1ee | 0348 895c | f008 48ff 
  0x00000218bc5e298c: ce75 f645 | 0fbe 4748 | 4585 c00f | 85b1 2500 | 004c 8bd0 | 49c1 ea03 | 4589 533c | 498b d348 
  0x00000218bc5e29ac: 33d0 48c1 | ea16 4883 | fa00 0f85 | b225 0000 

  0x00000218bc5e29bc: ;   {metadata(method data for {method} {0x00000218d9c8c5c0} 'layout' '()V' in 'com/sun/javafx/text/PrismTextLayout')}
  0x00000218bc5e29bc: 4d8b c148 | bab0 9057 | da18 0200 | 0045 8b40 | 0841 ba00 | 0000 1e4d | 03c2 4c3b | 8298 0d00 
  0x00000218bc5e29dc: 0075 0d48 | 8382 a00d | 0000 01e9 | 6000 0000 | 4c3b 82a8 | 0d00 0075 | 0d48 8382 | b00d 0000 
  0x00000218bc5e29fc: 01e9 4a00 | 0000 4883 | ba98 0d00 | 0000 7517 | 4c89 8298 | 0d00 0048 | c782 a00d | 0000 0100 
  0x00000218bc5e2a1c: 0000 e929 | 0000 0048 | 83ba a80d | 0000 0075 | 174c 8982 | a80d 0000 | 48c7 82b0 | 0d00 0001 
  0x00000218bc5e2a3c: 0000 00e9 | 0800 0000 | 4883 8290 | 0d00 0001 | 4c8b c049 | 8bd1 0f1f 

  0x00000218bc5e2a54: ;   {optimized virtual_call}
  0x00000218bc5e2a54: 4400 00e8 

  0x00000218bc5e2a58: ; ImmutableOopMap {[176]=Oop [184]=Oop }
                      ;*invokevirtual toArray {reexecute=0 rethrow=0 return_oop=0}
                      ; - com.sun.javafx.text.PrismTextLayout::layout@873 (line 1243)
  0x00000218bc5e2a58: c4f2 d3ff 

  0x00000218bc5e2a5c: ;   {post_call_nop}
  0x00000218bc5e2a5c: 0f1f 8400 | 542c 001d | 488b 9424 | b000 0000 | c5fa 1042 | 18c5 fa10 

  0x00000218bc5e2a74: ;   {metadata(method data for {method} {0x00000218d9c8c5c0} 'layout' '()V' in 'com/sun/javafx/text/PrismTextLayout')}
  0x00000218bc5e2a74: 4a10 48be | b090 57da | 1802 0000 | 4883 86c0 | 0d00 0001 | 0f1f 8000 

  0x00000218bc5e2a8c: ;   {static_call}
  0x00000218bc5e2a8c: 0000 00e8 

  0x00000218bc5e2a90: ; ImmutableOopMap {[176]=Oop [184]=Oop }
                      ;*invokestatic max {reexecute=0 rethrow=0 return_oop=0}
                      ; - com.sun.javafx.text.PrismTextLayout::layout@885 (line 1245)
  0x00000218bc5e2a90: 0c34 6307 

  0x00000218bc5e2a94: ;   {post_call_nop}
  0x00000218bc5e2a94: 0f1f 8400 | 8c2c 001e | c5fa 1184 | 24c8 0100 | 0048 8b94 | 24b0 0000 

  0x00000218bc5e2aac: ;   {metadata(method data for {method} {0x00000218d9c8c5c0} 'layout' '()V' in 'com/sun/javafx/text/PrismTextLayout')}
  0x00000218bc5e2aac: 0048 beb0 | 9057 da18 | 0200 0048 | 8386 d00d | 0000 0148 | 8b94 24b0 

  0x00000218bc5e2ac4: ;   {optimized virtual_call}
  0x00000218bc5e2ac4: 0000 00e8 

  0x00000218bc5e2ac8: ; ImmutableOopMap {[176]=Oop [184]=Oop }
                      ;*invokevirtual isMirrored {reexecute=0 rethrow=0 return_oop=0}
                      ; - com.sun.javafx.text.PrismTextLayout::layout@894 (line 1248)
  0x00000218bc5e2ac8: d4a2 deff 

  0x00000218bc5e2acc: ;   {post_call_nop}
  0x00000218bc5e2acc: 0f1f 8400 | c42c 001f 

  0x00000218bc5e2ad4: ;   {metadata(method data for {method} {0x00000218d9c8c5c0} 'layout' '()V' in 'com/sun/javafx/text/PrismTextLayout')}
  0x00000218bc5e2ad4: 85c0 49b8 | b090 57da | 1802 0000 | ba00 0e00 | 0074 05ba | 100e 0000 | 498b 3410 | 488d 7601 
  0x00000218bc5e2af4: 4989 3410 | 8bbc 24e0 | 0000 000f | 8459 0000 | 0081 ff00 

  0x00000218bc5e2b08: ;   {metadata(method data for {method} {0x00000218d9c8c5c0} 'layout' '()V' in 'com/sun/javafx/text/PrismTextLayout')}
  0x00000218bc5e2b08: 0010 0049 | b8b0 9057 | da18 0200 | 00ba 300e | 0000 7405 | ba20 0e00 | 0049 8b34 | 1048 8d76 
  0x00000218bc5e2b28: 0149 8934 | 100f 840d 

  0x00000218bc5e2b30: ;   {section_word}
  0x00000218bc5e2b30: 0000 00c5 | fa10 05d9 | d3ff ffe9 | 6100 0000 

  0x00000218bc5e2b40: ;   {metadata(method data for {method} {0x00000218d9c8c5c0} 'layout' '()V' in 'com/sun/javafx/text/PrismTextLayout')}
  0x00000218bc5e2b40: 49b8 b090 | 57da 1802 | 0000 41ff | 8040 0e00 

  0x00000218bc5e2b50: ;   {section_word}
  0x00000218bc5e2b50: 00c5 fa10 | 05bf d3ff | ffe9 4300 | 0000 81ff | 0000 1000 

  0x00000218bc5e2b64: ;   {metadata(method data for {method} {0x00000218d9c8c5c0} 'layout' '()V' in 'com/sun/javafx/text/PrismTextLayout')}
  0x00000218bc5e2b64: 49b8 b090 | 57da 1802 | 0000 ba68 | 0e00 0074 | 05ba 580e | 0000 498b | 3410 488d | 7601 4989 
  0x00000218bc5e2b84: 3410 0f84 | 0d00 0000 

  0x00000218bc5e2b8c: ;   {section_word}
  0x00000218bc5e2b8c: c5fa 1005 | 88d3 ffff | e908 0000 

  0x00000218bc5e2b98: ;   {section_word}
  0x00000218bc5e2b98: 00c5 fa10 | 057f d3ff | ff81 ff00 

  0x00000218bc5e2ba4: ;   {metadata(method data for {method} {0x00000218d9c8c5c0} 'layout' '()V' in 'com/sun/javafx/text/PrismTextLayout')}
  0x00000218bc5e2ba4: 0008 0049 | b8b0 9057 | da18 0200 | 00ba 780e | 0000 7505 | ba88 0e00 | 0049 8b34 | 1048 8d76 
  0x00000218bc5e2bc4: 0149 8934 | 100f 8508 

  0x00000218bc5e2bcc: ;   {section_word}
  0x00000218bc5e2bcc: 0000 00c5 | fa10 054d | d3ff ffbe | 0000 0000 

  0x00000218bc5e2bdc: ;   {section_word}
  0x00000218bc5e2bdc: c5fa 100d | 44d3 ffff | c5fa 118c | 24d0 0100 | 00c5 fa10 | 8c24 c801 | 0000 6690 | 488b 8424 
  0x00000218bc5e2bfc: b800 0000 | 488b 9424 | b000 0000 | 8b5a 3c48 | c1e3 0344 | 8b43 0c41 

  0x00000218bc5e2c14: ;   {metadata(method data for {method} {0x00000218d9c8c5c0} 'layout' '()V' in 'com/sun/javafx/text/PrismTextLayout')}
  0x00000218bc5e2c14: 3bf0 49b8 | b090 57da | 1802 0000 | b998 0e00 | 007d 05b9 | a80e 0000 | 4d8b 0c08 | 4d8d 4901 
  0x00000218bc5e2c34: 4d89 0c08 | 0f8d 1614 | 0000 4c63 | c642 8b5c | 8310 48c1 | e303 4889 | 9c24 7801 | 0000 483b 
  0x00000218bc5e2c54: 034c 8bc3 

  0x00000218bc5e2c58: ;   {metadata(method data for {method} {0x00000218d9c8c5c0} 'layout' '()V' in 'com/sun/javafx/text/PrismTextLayout')}
  0x00000218bc5e2c58: 48b9 b090 | 57da 1802 | 0000 4883 | 81c8 0e00 | 0001 448b | 4318 488b 

  0x00000218bc5e2c70: ;   {metadata(method data for {method} {0x00000218d9c8c5c0} 'layout' '()V' in 'com/sun/javafx/text/PrismTextLayout')}
  0x00000218bc5e2c70: cb49 b9b0 | 9057 da18 | 0200 0049 | 8381 f80e | 0000 018b | 4b24 48c1 | e103 4889 | 8c24 8001 
  0x00000218bc5e2c90: 0000 483b | 014c 8bc9 

  0x00000218bc5e2c98: ;   {metadata(method data for {method} {0x00000218d9c8c5c0} 'layout' '()V' in 'com/sun/javafx/text/PrismTextLayout')}
  0x00000218bc5e2c98: 49bb b090 | 57da 1802 | 0000 458b | 4908 41ba | 0000 001e | 4d03 ca4d | 3b8b 200f | 0000 750d 
  0x00000218bc5e2cb8: 4983 8328 | 0f00 0001 | e960 0000 | 004d 3b8b | 300f 0000 | 750d 4983 | 8338 0f00 | 0001 e94a 
  0x00000218bc5e2cd8: 0000 0049 | 83bb 200f | 0000 0075 | 174d 898b | 200f 0000 | 49c7 8328 | 0f00 0001 | 0000 00e9 
  0x00000218bc5e2cf8: 2900 0000 | 4983 bb30 | 0f00 0000 | 7517 4d89 | 8b30 0f00 | 0049 c783 | 380f 0000 | 0100 0000 
  0x00000218bc5e2d18: e908 0000 | 0049 8383 | 180f 0000 

  0x00000218bc5e2d24: ;   {metadata(method data for {method} {0x00000218d980adc0} 'getWidth' '()F' in 'com/sun/javafx/geom/RectBounds')}
  0x00000218bc5e2d24: 0149 b938 | e956 da18 | 0200 0045 | 8b99 9000 | 0000 4183 | c302 4589 | 9990 0000 | 0041 81e3 
  0x00000218bc5e2d44: feff 1f00 | 4585 db0f | 8444 2200 | 00c5 fa10 | 5910 c5fa | 1061 0cc5 | f828 ebc5 | d25c ecc5 
  0x00000218bc5e2d64: f828 e1c5 | da5c e5c5 | da59 e04c 

  0x00000218bc5e2d70: ;   {metadata(method data for {method} {0x00000218d9c8c5c0} 'layout' '()V' in 'com/sun/javafx/text/PrismTextLayout')}
  0x00000218bc5e2d70: 8bcb 49bb | b090 57da | 1802 0000 | 4983 8358 | 0f00 0001 

  0x00000218bc5e2d84: ;   {metadata(method data for {method} {0x00000218da078340} 'setAlignment' '(F)V' in 'com/sun/javafx/text/TextLine')}
  0x00000218bc5e2d84: 49b9 58b9 | 2fdb 1802 | 0000 458b | 9990 0000 | 0041 83c3 | 0245 8999 | 9000 0000 | 4181 e3fe 
  0x00000218bc5e2da4: ff1f 0045 | 85db 0f84 | 0622 0000 

  0x00000218bc5e2db0: ;   {metadata(method data for {method} {0x00000218da078340} 'setAlignment' '(F)V' in 'com/sun/javafx/text/TextLine')}
  0x00000218bc5e2db0: 4c8b c949 | bb58 b92f | db18 0200 | 0045 8b49 | 0841 ba00 | 0000 1e4d | 03ca 4d3b | 8be0 0000 
  0x00000218bc5e2dd0: 0075 0d49 | 8383 e800 | 0000 01e9 | 6000 0000 | 4d3b 8bf0 | 0000 0075 | 0d49 8383 | f800 0000 
  0x00000218bc5e2df0: 01e9 4a00 | 0000 4983 | bbe0 0000 | 0000 7517 | 4d89 8be0 | 0000 0049 | c783 e800 | 0000 0100 
  0x00000218bc5e2e10: 0000 e929 | 0000 0049 | 83bb f000 | 0000 0075 | 174d 898b | f000 0000 | 49c7 83f8 | 0000 0001 
  0x00000218bc5e2e30: 0000 00e9 | 0800 0000 | 4983 83d8 | 0000 0001 | c5fa 1161 | 0c4c 8bc9 

  0x00000218bc5e2e48: ;   {metadata(method data for {method} {0x00000218da078340} 'setAlignment' '(F)V' in 'com/sun/javafx/text/TextLine')}
  0x00000218bc5e2e48: 49bb 58b9 | 2fdb 1802 | 0000 458b | 4908 41ba | 0000 001e | 4d03 ca4d | 3b8b 1001 | 0000 750d 
  0x00000218bc5e2e68: 4983 8318 | 0100 0001 | e960 0000 | 004d 3b8b | 2001 0000 | 750d 4983 | 8328 0100 | 0001 e94a 
  0x00000218bc5e2e88: 0000 0049 | 83bb 1001 | 0000 0075 | 174d 898b | 1001 0000 | 49c7 8318 | 0100 0001 | 0000 00e9 
  0x00000218bc5e2ea8: 2900 0000 | 4983 bb20 | 0100 0000 | 7517 4d89 | 8b20 0100 | 0049 c783 | 2801 0000 | 0100 0000 
  0x00000218bc5e2ec8: e908 0000 | 0049 8383 | 0801 0000 | 014c 8bc9 

  0x00000218bc5e2ed8: ;   {metadata(method data for {method} {0x00000218da078340} 'setAlignment' '(F)V' in 'com/sun/javafx/text/TextLine')}
  0x00000218bc5e2ed8: 49bb 58b9 | 2fdb 1802 | 0000 458b | 4908 41ba | 0000 001e | 4d03 ca4d | 3b8b 4001 | 0000 750d 
  0x00000218bc5e2ef8: 4983 8348 | 0100 0001 | e960 0000 | 004d 3b8b | 5001 0000 | 750d 4983 | 8358 0100 | 0001 e94a 
  0x00000218bc5e2f18: 0000 0049 | 83bb 4001 | 0000 0075 | 174d 898b | 4001 0000 | 49c7 8348 | 0100 0001 | 0000 00e9 
  0x00000218bc5e2f38: 2900 0000 | 4983 bb50 | 0100 0000 | 7517 4d89 | 8b50 0100 | 0049 c783 | 5801 0000 | 0100 0000 
  0x00000218bc5e2f58: e908 0000 | 0049 8383 | 3801 0000 | 01c5 e258 | dcc5 fa11 | 5910 c5fa 

  0x00000218bc5e2f70: ;   {section_word}
  0x00000218bc5e2f70: 105a 18c5 | fa10 2db1 | cfff ffc5 | f82e dd41 | b9ff ffff | ff0f 8a15 | 0000 000f | 820f 0000 
  0x00000218bc5e2f90: 0041 b900 | 0000 000f | 8403 0000 | 0049 ffc1 

  0x00000218bc5e2fa0: ;   {metadata(method data for {method} {0x00000218d9c8c5c0} 'layout' '()V' in 'com/sun/javafx/text/PrismTextLayout')}
  0x00000218bc5e2fa0: 4585 c949 | b9b0 9057 | da18 0200 | 0041 bb78 | 0f00 007e | 0641 bb88 | 0f00 004f | 8b2c 194d 
  0x00000218bc5e2fc0: 8d6d 014f | 892c 190f | 8e30 0000 | 0081 ff00 

  0x00000218bc5e2fd0: ;   {metadata(method data for {method} {0x00000218d9c8c5c0} 'layout' '()V' in 'com/sun/javafx/text/PrismTextLayout')}
  0x00000218bc5e2fd0: 0020 0049 | b9b0 9057 | da18 0200 | 0041 bba8 | 0f00 0074 | 0641 bb98 | 0f00 004f | 8b2c 194d 
  0x00000218bc5e2ff0: 8d6d 014f | 892c 190f | 840b 0000 | 0041 b900 | 0000 00e9 | 1700 0000 

  0x00000218bc5e3008: ;   {metadata(method data for {method} {0x00000218d9c8c5c0} 'layout' '()V' in 'com/sun/javafx/text/PrismTextLayout')}
  0x00000218bc5e3008: 49b9 b090 | 57da 1802 | 0000 41ff | 81b8 0f00 | 0041 b901 | 0000 0045 

  0x00000218bc5e3020: ;   {metadata(method data for {method} {0x00000218d9c8c5c0} 'layout' '()V' in 'com/sun/javafx/text/PrismTextLayout')}
  0x00000218bc5e3020: 85c9 49b9 | b090 57da | 1802 0000 | 41bb e00f | 0000 7506 | 41bb d00f | 0000 4f8b | 2c19 4d8d 
  0x00000218bc5e3040: 6d01 4f89 | 2c19 89b4 | 245c 0100 | 000f 850e | 0000 00c5 | fa11 8424 | d401 0000 | e9cf 0a00 
  0x00000218bc5e3060: 004c 8bcb 

  0x00000218bc5e3064: ;   {metadata(method data for {method} {0x00000218d9c8c5c0} 'layout' '()V' in 'com/sun/javafx/text/PrismTextLayout')}
  0x00000218bc5e3064: 49bb b090 | 57da 1802 

  0x00000218bc5e306c: ;   {metadata('com/sun/javafx/text/TextLine')}
  0x00000218bc5e306c: 0000 49ba | e873 301f | 0000 0000 | 4d89 93f8 | 0f00 0049 | 8383 0010 | 0000 0144 | 8b4b 2049 
  0x00000218bc5e308c: c1e1 034c | 898c 2468 | 0100 0045 | 8b59 0c44 | 899c 2470 | 0100 0045 

  0x00000218bc5e30a4: ;   {metadata(method data for {method} {0x00000218d9c8c5c0} 'layout' '()V' in 'com/sun/javafx/text/PrismTextLayout')}
  0x00000218bc5e30a4: 85db 49bd | b090 57da | 1802 0000 | 41be 3010 | 0000 7f06 | 41be 2010 | 0000 4b8b | 7435 0048 
  0x00000218bc5e30c4: 8d76 014b | 8974 3500 | 0f8f 0e00 | 0000 c5fa | 1184 24d4 | 0100 00e9 | 500a 0000 | 498b f3ff 
  0x00000218bc5e30e4: ce41 3b71 | 0c0f 83ed | 1e00 0048 | 63f6 418b | 74b1 1048 | c1e6 0348 | 3b06 4c8b 

  0x00000218bc5e3100: ;   {metadata(method data for {method} {0x00000218d9c8c5c0} 'layout' '()V' in 'com/sun/javafx/text/PrismTextLayout')}
  0x00000218bc5e3100: ee49 beb0 | 9057 da18 

  0x00000218bc5e3108: ;   {metadata('com/sun/javafx/text/TextRun')}
  0x00000218bc5e3108: 0200 0049 | bae0 5630 | 1f00 0000 | 004d 8996 | 4810 0000 | 4983 8650 | 1000 0001 

  0x00000218bc5e3124: ;   {metadata(method data for {method} {0x00000218da06fa88} 'isSoftbreak' '()Z' in 'com/sun/javafx/text/TextRun')}
  0x00000218bc5e3124: 49b9 08bb | 2fdb 1802 | 0000 458b | a990 0000 | 0041 83c5 | 0245 89a9 | 9000 0000 | 4181 e5fe 
  0x00000218bc5e3144: ff1f 0045 | 85ed 0f84 | 9f1e 0000 | 8b76 2c83 | e604 85f6 

  0x00000218bc5e3158: ;   {metadata(method data for {method} {0x00000218da06fa88} 'isSoftbreak' '()Z' in 'com/sun/javafx/text/TextRun')}
  0x00000218bc5e3158: 48be 08bb | 2fdb 1802 | 0000 41b9 | d800 0000 | 7406 41b9 | e800 0000 | 4e8b 2c0e | 4d8d 6d01 
  0x00000218bc5e3178: 4e89 2c0e | 0f84 1a00 

  0x00000218bc5e3180: ;   {metadata(method data for {method} {0x00000218da06fa88} 'isSoftbreak' '()Z' in 'com/sun/javafx/text/TextRun')}
  0x00000218bc5e3180: 0000 48be | 08bb 2fdb | 1802 0000 | ff86 f800 | 0000 be01 | 0000 00e9 | 0500 0000 | be00 0000 
  0x00000218bc5e31a0: 0083 e601 

  0x00000218bc5e31a4: ;   {metadata(method data for {method} {0x00000218d9c8c5c0} 'layout' '()V' in 'com/sun/javafx/text/PrismTextLayout')}
  0x00000218bc5e31a4: 85f6 48be | b090 57da | 1802 0000 | 41b9 8010 | 0000 7506 | 41b9 7010 | 0000 4e8b | 2c0e 4d8d 
  0x00000218bc5e31c4: 6d01 4e89 | 2c0e 0f85 | 0e00 0000 | c5fa 1184 | 24d4 0100 | 00e9 5209 | 0000 488b 

  0x00000218bc5e31e0: ;   {metadata(method data for {method} {0x00000218d9c8c5c0} 'layout' '()V' in 'com/sun/javafx/text/PrismTextLayout')}
  0x00000218bc5e31e0: f349 b9b0 | 9057 da18 

  0x00000218bc5e31e8: ;   {metadata('com/sun/javafx/text/TextLine')}
  0x00000218bc5e31e8: 0200 0049 | bae8 7330 | 1f00 0000 | 004d 8991 | 9810 0000 | 4983 81a0 | 1000 0001 | 8b73 1c41 
  0x00000218bc5e3208: 03f0 ffce | 41b9 0000 | 0000 41bd | 0000 0000 

  0x00000218bc5e3218: ;   {metadata(method data for {method} {0x00000218d9c8c5c0} 'layout' '()V' in 'com/sun/javafx/text/PrismTextLayout')}
  0x00000218bc5e3218: 413b f049 | beb0 9057 | da18 0200 | 0041 bbc0 | 1000 007c | 0641 bbd0 | 1000 004b | 8b3c 1e48 
  0x00000218bc5e3238: 8d7f 014b | 893c 1e0f | 8c29 0100 | 0045 85c9 

  0x00000218bc5e3248: ;   {metadata(method data for {method} {0x00000218d9c8c5c0} 'layout' '()V' in 'com/sun/javafx/text/PrismTextLayout')}
  0x00000218bc5e3248: 48bf b090 | 57da 1802 | 0000 41bb | e010 0000 | 7506 41bb | f010 0000 | 4e8b 341f | 4d8d 7601 
  0x00000218bc5e3268: 4e89 341f | 0f85 4400 | 0000 3b70 | 0c0f 839f | 1d00 0048 | 63fe 0fb7 | 7c78 1083 

  0x00000218bc5e3284: ;   {metadata(method data for {method} {0x00000218d9c8c5c0} 'layout' '()V' in 'com/sun/javafx/text/PrismTextLayout')}
  0x00000218bc5e3284: ff20 48bf | b090 57da | 1802 0000 | 41bb 0011 | 0000 7406 | 41bb 1011 | 0000 4e8b | 341f 4d8d 
  0x00000218bc5e32a4: 7601 4e89 | 341f 0f84 | 0600 0000 | 41b9 0100 | 0000 4585 

  0x00000218bc5e32b8: ;   {metadata(method data for {method} {0x00000218d9c8c5c0} 'layout' '()V' in 'com/sun/javafx/text/PrismTextLayout')}
  0x00000218bc5e32b8: c948 bfb0 | 9057 da18 | 0200 0041 | bb20 1100 | 0074 0641 | bb30 1100 | 004e 8b34 | 1f4d 8d76 
  0x00000218bc5e32d8: 014e 8934 | 1f0f 8441 | 0000 003b | 700c 0f83 | 461d 0000 | 4863 fe0f | b77c 7810 

  0x00000218bc5e32f4: ;   {metadata(method data for {method} {0x00000218d9c8c5c0} 'layout' '()V' in 'com/sun/javafx/text/PrismTextLayout')}
  0x00000218bc5e32f4: 83ff 2048 | bfb0 9057 | da18 0200 | 0041 bb40 | 1100 0075 | 0641 bb50 | 1100 004e | 8b34 1f4d 
  0x00000218bc5e3314: 8d76 014e | 8934 1f0f | 8503 0000 | 0041 ffc5 

  0x00000218bc5e3324: ;   {metadata(method data for {method} {0x00000218d9c8c5c0} 'layout' '()V' in 'com/sun/javafx/text/PrismTextLayout')}
  0x00000218bc5e3324: ffce 48bf | b090 57da | 1802 0000 | 448b 9f94 | 0000 0041 | 83c3 0244 | 899f 9400 | 0000 4181 
  0x00000218bc5e3344: e3fe 3f00 | 0045 85db | 0f84 ee1c | 0000 4d8b 

  0x00000218bc5e3354: ; ImmutableOopMap {rdx=Oop rax=Oop rbx=Oop rcx=Oop [176]=Oop [184]=Oop [360]=Oop [376]=Oop [384]=Oop }
                      ;*goto {reexecute=1 rethrow=0 return_oop=0}
                      ; - (reexecute) com.sun.javafx.text.PrismTextLayout::layout@1121 (line 1275)
                      ;   {poll}
  0x00000218bc5e3354: 5730 4185 

  0x00000218bc5e3358: ;   {metadata(method data for {method} {0x00000218d9c8c5c0} 'layout' '()V' in 'com/sun/javafx/text/PrismTextLayout')}
  0x00000218bc5e3358: 0248 bfb0 | 9057 da18 | 0200 00ff | 8760 1100 | 00e9 aafe | ffff 4585 

  0x00000218bc5e3370: ;   {metadata(method data for {method} {0x00000218d9c8c5c0} 'layout' '()V' in 'com/sun/javafx/text/PrismTextLayout')}
  0x00000218bc5e3370: ed49 b8b0 | 9057 da18 | 0200 00be | 8811 0000 | 7505 be78 | 1100 0049 | 8b3c 3048 | 8d7f 0149 
  0x00000218bc5e3390: 893c 300f | 850e 0000 | 00c5 fa11 | 8424 d401 | 0000 e989 | 0700 004c 

  0x00000218bc5e33a8: ;   {metadata(method data for {method} {0x00000218d9c8c5c0} 'layout' '()V' in 'com/sun/javafx/text/PrismTextLayout')}
  0x00000218bc5e33a8: 8bc1 48be | b090 57da | 1802 0000 | 458b 4008 | 41ba 0000 | 001e 4d03 | c24c 3b86 | a011 0000 
  0x00000218bc5e33c8: 750d 4883 | 86a8 1100 | 0001 e960 | 0000 004c | 3b86 b011 | 0000 750d | 4883 86b8 | 1100 0001 
  0x00000218bc5e33e8: e94a 0000 | 0048 83be | a011 0000 | 0075 174c | 8986 a011 | 0000 48c7 | 86a8 1100 | 0001 0000 
  0x00000218bc5e3408: 00e9 2900 | 0000 4883 | beb0 1100 | 0000 7517 | 4c89 86b0 | 1100 0048 | c786 b811 | 0000 0100 
  0x00000218bc5e3428: 0000 e908 | 0000 0048 | 8386 9811 

  0x00000218bc5e3434: ;   {metadata(method data for {method} {0x00000218d980adc0} 'getWidth' '()F' in 'com/sun/javafx/geom/RectBounds')}
  0x00000218bc5e3434: 0000 0149 | b838 e956 | da18 0200 | 0041 8bb0 | 9000 0000 | 83c6 0241 | 89b0 9000 | 0000 81e6 
  0x00000218bc5e3454: feff 1f00 | 85f6 0f84 | 011c 0000 | c5fa 1059 | 10c5 fa10 | 610c c5e2 | 5cdc c5f8 | 28e1 c5da 
  0x00000218bc5e3474: 5ce3 c4c1 | 622a ddc5 | da5e e3c5 | fa11 a424 | cc01 0000 | be00 0000 | 0044 8b9c | 2470 0100 
  0x00000218bc5e3494: 004c 8b8c | 2468 0100 | 00c5 fa11 | 8424 d401 | 0000 6690 

  0x00000218bc5e34a8: ;   {metadata(method data for {method} {0x00000218d9c8c5c0} 'layout' '()V' in 'com/sun/javafx/text/PrismTextLayout')}
  0x00000218bc5e34a8: 413b f349 | b8b0 9057 | da18 0200 | 00b8 c811 | 0000 7d05 | b8d8 1100 | 0049 8b3c | 0048 8d7f 
  0x00000218bc5e34c8: 0149 893c | 000f 8da0 | 0200 004c | 63c6 438b | 7c81 1048 | c1e7 0348 | 89bc 2490 | 0100 0048 
  0x00000218bc5e34e8: 3b07 4c8b | c789 b424 | 7401 0000 

  0x00000218bc5e34f4: ;   {metadata(method data for {method} {0x00000218d9c8c5c0} 'layout' '()V' in 'com/sun/javafx/text/PrismTextLayout')}
  0x00000218bc5e34f4: 48b8 b090 | 57da 1802 

  0x00000218bc5e34fc: ;   {metadata('com/sun/javafx/text/TextRun')}
  0x00000218bc5e34fc: 0000 49ba | e056 301f | 0000 0000 | 4c89 90f0 | 1100 0048 | 8380 f811 | 0000 018b | 7710 89b4 
  0x00000218bc5e351c: 2488 0100 | 004c 8bc7 

  0x00000218bc5e3524: ;   {metadata(method data for {method} {0x00000218d9c8c5c0} 'layout' '()V' in 'com/sun/javafx/text/PrismTextLayout')}
  0x00000218bc5e3524: 48b8 b090 | 57da 1802 

  0x00000218bc5e352c: ;   {metadata('com/sun/javafx/text/TextRun')}
  0x00000218bc5e352c: 0000 49ba | e056 301f | 0000 0000 | 4c89 9020 | 1200 0048 | 8380 2812 

  0x00000218bc5e3544: ;   {metadata(method data for {method} {0x00000218da06f410} 'getEnd' '()I' in 'com/sun/javafx/text/TextRun')}
  0x00000218bc5e3544: 0000 0149 | b898 a32f | db18 0200 | 0041 8b98 | 9000 0000 | 83c3 0241 | 8998 9000 | 0000 81e3 
  0x00000218bc5e3564: feff 1f00 | 85db 0f84 | 171b 0000 | 448b 4714 | 4403 c644 | 8984 249c | 0100 0048 | 8bde 660f 
  0x00000218bc5e3584: 1f44 0000 | 488b 8424 | b800 0000 

  0x00000218bc5e3590: ;   {metadata(method data for {method} {0x00000218d9c8c5c0} 'layout' '()V' in 'com/sun/javafx/text/PrismTextLayout')}
  0x00000218bc5e3590: 413b d848 | beb0 9057 | da18 0200 | 00bf 4812 | 0000 7d05 | bf58 1200 | 0048 8b14 | 3e48 8d52 
  0x00000218bc5e35b0: 0148 8914 | 3e0f 8d3f | 0100 003b | 580c 0f83 | ee1a 0000 | 4863 d30f | b754 5010 

  0x00000218bc5e35cc: ;   {metadata(method data for {method} {0x00000218d9c8c5c0} 'layout' '()V' in 'com/sun/javafx/text/PrismTextLayout')}
  0x00000218bc5e35cc: 83fa 2048 | bab0 9057 | da18 0200 | 00be 7812 | 0000 7405 | be68 1200 | 0048 8b3c | 3248 8d7f 
  0x00000218bc5e35ec: 0148 893c | 320f 840c | 0000 0089 | 9c24 9801 | 0000 e997 | 0000 0044 | 89ac 248c | 0100 008b 
  0x00000218bc5e360c: b424 8801 | 0000 488b | bc24 9001 | 0000 488b 

  0x00000218bc5e361c: ;   {metadata(method data for {method} {0x00000218d9c8c5c0} 'layout' '()V' in 'com/sun/javafx/text/PrismTextLayout')}
  0x00000218bc5e361c: c748 b9b0 | 9057 da18 

  0x00000218bc5e3624: ;   {metadata('com/sun/javafx/text/TextRun')}
  0x00000218bc5e3624: 0200 0049 | bae0 5630 | 1f00 0000 | 004c 8991 | 9012 0000 | 4883 8198 | 1200 0001 | 488b c32b 
  0x00000218bc5e3644: c64c 8bc0 | c5f8 28c4 | 488b d789 | 9c24 9801 

  0x00000218bc5e3654: ;   {optimized virtual_call}
  0x00000218bc5e3654: 0000 90e8 

  0x00000218bc5e3658: ; ImmutableOopMap {[176]=Oop [184]=Oop [360]=Oop [376]=Oop [384]=Oop [400]=Oop }
                      ;*invokevirtual justify {reexecute=0 rethrow=0 return_oop=0}
                      ; - com.sun.javafx.text.PrismTextLayout::layout@1203 (line 1289)
  0x00000218bc5e3658: 84bb cd06 

  0x00000218bc5e365c: ;   {post_call_nop}
  0x00000218bc5e365c: 0f1f 8400 | 5438 0021 | 448b ac24 | 8c01 0000 | 41ff cd45 

  0x00000218bc5e3670: ;   {metadata(method data for {method} {0x00000218d9c8c5c0} 'layout' '()V' in 'com/sun/javafx/text/PrismTextLayout')}
  0x00000218bc5e3670: 85ed 49b8 | b090 57da | 1802 0000 | bac8 1200 | 0074 05ba | b812 0000 | 498b 3410 | 488d 7601 
  0x00000218bc5e3690: 4989 3410 | 0f84 c800 | 0000 8b9c | 2498 0100 

  0x00000218bc5e36a0: ;   {metadata(method data for {method} {0x00000218d9c8c5c0} 'layout' '()V' in 'com/sun/javafx/text/PrismTextLayout')}
  0x00000218bc5e36a0: 00ff c349 | b8b0 9057 | da18 0200 | 0041 8b90 | 9400 0000 | 83c2 0241 | 8990 9400 | 0000 81e2 
  0x00000218bc5e36c0: fe3f 0000 | 85d2 0f84 | f419 0000 

  0x00000218bc5e36cc: ; ImmutableOopMap {[176]=Oop [184]=Oop [360]=Oop [376]=Oop [384]=Oop [400]=Oop }
                      ;*goto {reexecute=1 rethrow=0 return_oop=0}
                      ; - (reexecute) com.sun.javafx.text.PrismTextLayout::layout@1220 (line 1286)
  0x00000218bc5e36cc: 4d8b 5730 

  0x00000218bc5e36d0: ;   {poll}
  0x00000218bc5e36d0: 4185 0249 | b8b0 9057 | da18 0200 | 0041 ff80 | f012 0000 | 448b 8424 | 9c01 0000 | c5fa 10a4 
  0x00000218bc5e36f0: 24cc 0100 | 00e9 8efe | ffff 8bb4 | 2474 0100 

  0x00000218bc5e3700: ;   {metadata(method data for {method} {0x00000218d9c8c5c0} 'layout' '()V' in 'com/sun/javafx/text/PrismTextLayout')}
  0x00000218bc5e3700: 00ff c649 | b8b0 9057 | da18 0200 | 0041 8b90 | 9400 0000 | 83c2 0241 | 8990 9400 | 0000 81e2 
  0x00000218bc5e3720: fe3f 0000 | 85d2 0f84 | b519 0000 

  0x00000218bc5e372c: ; ImmutableOopMap {[176]=Oop [184]=Oop [360]=Oop [376]=Oop [384]=Oop }
                      ;*goto {reexecute=1 rethrow=0 return_oop=0}
                      ; - (reexecute) com.sun.javafx.text.PrismTextLayout::layout@1226 (line 1282)
  0x00000218bc5e372c: 4d8b 5730 

  0x00000218bc5e3730: ;   {poll}
  0x00000218bc5e3730: 4185 0249 | b8b0 9057 | da18 0200 | 0041 ff80 | 0813 0000 | c5fa 10a4 | 24cc 0100 | 0044 8b9c 
  0x00000218bc5e3750: 2470 0100 | 004c 8b8c | 2468 0100 | 00e9 46fd 

  0x00000218bc5e3760: ;   {metadata(method data for {method} {0x00000218d9c8c5c0} 'layout' '()V' in 'com/sun/javafx/text/PrismTextLayout')}
  0x00000218bc5e3760: ffff 49b8 | b090 57da | 1802 0000 | 41ff 80d8 | 1200 0048 | 8b9c 2478 | 0100 004c 

  0x00000218bc5e377c: ;   {metadata(method data for {method} {0x00000218d9c8c5c0} 'layout' '()V' in 'com/sun/javafx/text/PrismTextLayout')}
  0x00000218bc5e377c: 8bc3 48ba | b090 57da | 1802 0000 

  0x00000218bc5e3788: ;   {metadata('com/sun/javafx/text/TextLine')}
  0x00000218bc5e3788: 49ba e873 | 301f 0000 | 0000 4c89 | 9228 1300 | 0048 8382 | 3013 0000 

  0x00000218bc5e37a0: ;   {metadata(method data for {method} {0x00000218da078340} 'setAlignment' '(F)V' in 'com/sun/javafx/text/TextLine')}
  0x00000218bc5e37a0: 0149 b858 | b92f db18 | 0200 0041 | 8b90 9000 | 0000 83c2 | 0241 8990 | 9000 0000 | 81e2 feff 
  0x00000218bc5e37c0: 1f00 85d2 | 0f84 3819 | 0000 448b | 4324 49c1 | e003 493b | 0049 8bd0 

  0x00000218bc5e37d8: ;   {metadata(method data for {method} {0x00000218da078340} 'setAlignment' '(F)V' in 'com/sun/javafx/text/TextLine')}
  0x00000218bc5e37d8: 48be 58b9 | 2fdb 1802 | 0000 8b52 | 0841 ba00 | 0000 1e49 | 03d2 483b | 96e0 0000 | 0075 0d48 
  0x00000218bc5e37f8: 8386 e800 | 0000 01e9 | 6000 0000 | 483b 96f0 | 0000 0075 | 0d48 8386 | f800 0000 | 01e9 4a00 
  0x00000218bc5e3818: 0000 4883 | bee0 0000 | 0000 7517 | 4889 96e0 | 0000 0048 | c786 e800 | 0000 0100 | 0000 e929 
  0x00000218bc5e3838: 0000 0048 | 83be f000 | 0000 0075 | 1748 8996 | f000 0000 | 48c7 86f8 | 0000 0001 | 0000 00e9 
  0x00000218bc5e3858: 0800 0000 | 4883 86d8 | 0000 0001 | 41c7 400c | 0000 0000 

  0x00000218bc5e386c: ;   {metadata(method data for {method} {0x00000218da078340} 'setAlignment' '(F)V' in 'com/sun/javafx/text/TextLine')}
  0x00000218bc5e386c: 498b d048 | be58 b92f | db18 0200 | 008b 5208 | 41ba 0000 | 001e 4903 | d248 3b96 | 1001 0000 
  0x00000218bc5e388c: 750d 4883 | 8618 0100 | 0001 e960 | 0000 0048 | 3b96 2001 | 0000 750d | 4883 8628 | 0100 0001 
  0x00000218bc5e38ac: e94a 0000 | 0048 83be | 1001 0000 | 0075 1748 | 8996 1001 | 0000 48c7 | 8618 0100 | 0001 0000 
  0x00000218bc5e38cc: 00e9 2900 | 0000 4883 | be20 0100 | 0000 7517 | 4889 9620 | 0100 0048 | c786 2801 | 0000 0100 
  0x00000218bc5e38ec: 0000 e908 | 0000 0048 | 8386 0801 | 0000 01c4 | c17a 1040 | 1049 8bd0 

  0x00000218bc5e3904: ;   {metadata(method data for {method} {0x00000218da078340} 'setAlignment' '(F)V' in 'com/sun/javafx/text/TextLine')}
  0x00000218bc5e3904: 48be 58b9 | 2fdb 1802 | 0000 8b52 | 0841 ba00 | 0000 1e49 | 03d2 483b | 9640 0100 | 0075 0d48 
  0x00000218bc5e3924: 8386 4801 | 0000 01e9 | 6000 0000 | 483b 9650 | 0100 0075 | 0d48 8386 | 5801 0000 | 01e9 4a00 
  0x00000218bc5e3944: 0000 4883 | be40 0100 | 0000 7517 | 4889 9640 | 0100 0048 | c786 4801 | 0000 0100 | 0000 e929 
  0x00000218bc5e3964: 0000 0048 | 83be 5001 | 0000 0075 | 1748 8996 | 5001 0000 | 48c7 8658 | 0100 0001 | 0000 00e9 
  0x00000218bc5e3984: 0800 0000 | 4883 8638 | 0100 0001 

  0x00000218bc5e3990: ;   {section_word}
  0x00000218bc5e3990: c5fa 5805 | 98c5 ffff | c4c1 7a11 | 4010 488b 

  0x00000218bc5e39a0: ;   {metadata(method data for {method} {0x00000218d9c8c5c0} 'layout' '()V' in 'com/sun/javafx/text/PrismTextLayout')}
  0x00000218bc5e39a0: d348 beb0 | 9057 da18 

  0x00000218bc5e39a8: ;   {metadata('com/sun/javafx/text/TextLine')}
  0x00000218bc5e39a8: 0200 0049 | bae8 7330 | 1f00 0000 | 004c 8996 | 5813 0000 | 4883 8660 | 1300 0001 

  0x00000218bc5e39c4: ;   {metadata(method data for {method} {0x00000218da0783e8} 'setWidth' '(F)V' in 'com/sun/javafx/text/TextLine')}
  0x00000218bc5e39c4: 48ba 40be | 2fdb 1802 | 0000 8bb2 | 9000 0000 | 83c6 0289 | b290 0000 | 0081 e6fe | ff1f 0085 
  0x00000218bc5e39e4: f60f 843d | 1700 0049 

  0x00000218bc5e39ec: ;   {metadata(method data for {method} {0x00000218da0783e8} 'setWidth' '(F)V' in 'com/sun/javafx/text/TextLine')}
  0x00000218bc5e39ec: 8bd0 48be | 40be 2fdb | 1802 0000 | 8b52 0841 | ba00 0000 | 1e49 03d2 | 483b 96e0 | 0000 0075 
  0x00000218bc5e3a0c: 0d48 8386 | e800 0000 | 01e9 6000 | 0000 483b | 96f0 0000 | 0075 0d48 | 8386 f800 | 0000 01e9 
  0x00000218bc5e3a2c: 4a00 0000 | 4883 bee0 | 0000 0000 | 7517 4889 | 96e0 0000 | 0048 c786 | e800 0000 | 0100 0000 
  0x00000218bc5e3a4c: e929 0000 | 0048 83be | f000 0000 | 0075 1748 | 8996 f000 | 0000 48c7 | 86f8 0000 | 0001 0000 
  0x00000218bc5e3a6c: 00e9 0800 | 0000 4883 | 86d8 0000 | 0001 498b 

  0x00000218bc5e3a7c: ;   {metadata(method data for {method} {0x00000218da0783e8} 'setWidth' '(F)V' in 'com/sun/javafx/text/TextLine')}
  0x00000218bc5e3a7c: d048 be40 | be2f db18 | 0200 008b | 5208 41ba | 0000 001e | 4903 d248 | 3b96 1001 | 0000 750d 
  0x00000218bc5e3a9c: 4883 8618 | 0100 0001 | e960 0000 | 0048 3b96 | 2001 0000 | 750d 4883 | 8628 0100 | 0001 e94a 
  0x00000218bc5e3abc: 0000 0048 | 83be 1001 | 0000 0075 | 1748 8996 | 1001 0000 | 48c7 8618 | 0100 0001 | 0000 00e9 
  0x00000218bc5e3adc: 2900 0000 | 4883 be20 | 0100 0000 | 7517 4889 | 9620 0100 | 0048 c786 | 2801 0000 | 0100 0000 
  0x00000218bc5e3afc: e908 0000 | 0048 8386 | 0801 0000 | 01c5 fa10 | 8424 c801 

  0x00000218bc5e3b10: ;   {section_word}
  0x00000218bc5e3b10: 0000 c5fa | 5805 1ac4 | ffff c4c1 | 7a11 4010 

  0x00000218bc5e3b20: ;   {section_word}
  0x00000218bc5e3b20: c5fa 1025 | 10c4 ffff | 488b 9424 | b000 0000 | 448b 4220 | 4183 e008 

  0x00000218bc5e3b38: ;   {metadata(method data for {method} {0x00000218d9c8c5c0} 'layout' '()V' in 'com/sun/javafx/text/PrismTextLayout')}
  0x00000218bc5e3b38: 4585 c049 | b8b0 9057 | da18 0200 | 00be 8013 | 0000 7405 | be90 1300 | 0049 8b3c | 3048 8d7f 
  0x00000218bc5e3b58: 0149 893c | 30c5 fa11 | a424 d801 | 0000 0f84 | 3800 0000 

  0x00000218bc5e3b6c: ;   {metadata(method data for {method} {0x00000218d9c8c5c0} 'layout' '()V' in 'com/sun/javafx/text/PrismTextLayout')}
  0x00000218bc5e3b6c: 4c8b c248 | beb0 9057 | da18 0200 | 0048 8386 | a013 0000 | 014c 8bc3 | 488b f248 | 8bd6 0f1f 
  0x00000218bc5e3b8c: ;   {optimized virtual_call}
  0x00000218bc5e3b8c: 4400 00e8 

  0x00000218bc5e3b90: ; ImmutableOopMap {[176]=Oop [184]=Oop [376]=Oop [384]=Oop }
                      ;*invokevirtual reorderLine {reexecute=0 rethrow=0 return_oop=0}
                      ; - com.sun.javafx.text.PrismTextLayout::layout@1259 (line 1302)
  0x00000218bc5e3b90: 3b1a 0000 

  0x00000218bc5e3b94: ;   {post_call_nop}
  0x00000218bc5e3b94: 0f1f 8400 | 8c3d 0024 | 488b 9c24 | 7801 0000 | 488b 9424 | b000 0000 

  0x00000218bc5e3bac: ;   {metadata(method data for {method} {0x00000218d9c8c5c0} 'layout' '()V' in 'com/sun/javafx/text/PrismTextLayout')}
  0x00000218bc5e3bac: 49b8 b090 | 57da 1802 | 0000 4983 | 80d0 1300 | 0001 4c8b | c348 8b94 | 24b0 0000 | 0066 0f1f 
  0x00000218bc5e3bcc: ;   {optimized virtual_call}
  0x00000218bc5e3bcc: 4400 00e8 

  0x00000218bc5e3bd0: ; ImmutableOopMap {[176]=Oop [184]=Oop [376]=Oop [384]=Oop }
                      ;*invokevirtual computeSideBearings {reexecute=0 rethrow=0 return_oop=0}
                      ; - com.sun.javafx.text.PrismTextLayout::layout@1265 (line 1305)
  0x00000218bc5e3bd0: 0cc1 2200 

  0x00000218bc5e3bd4: ;   {post_call_nop}
  0x00000218bc5e3bd4: 0f1f 8400 | cc3d 0025 | 488b 9c24 | 7801 0000 

  0x00000218bc5e3be4: ;   {metadata(method data for {method} {0x00000218d9c8c5c0} 'layout' '()V' in 'com/sun/javafx/text/PrismTextLayout')}
  0x00000218bc5e3be4: 48ba b090 | 57da 1802 | 0000 4883 | 8210 1400 | 0001 488b | 9c24 7801 | 0000 8b73 | 2048 c1e6 
  0x00000218bc5e3c04: 0348 89b4 | 24b0 0100 | 00c5 fa10 | a424 d801 | 0000 bf00 | 0000 00e9 | 3801 0000 | 4863 d78b 
  0x00000218bc5e3c24: 4496 1048 | c1e0 0348 | 3b00 488b 

  0x00000218bc5e3c30: ;   {metadata(method data for {method} {0x00000218d9c8c5c0} 'layout' '()V' in 'com/sun/javafx/text/PrismTextLayout')}
  0x00000218bc5e3c30: d048 b9b0 | 9057 da18 | 0200 0048 | 8381 6014 | 0000 01c5 | f828 c4c5 | fa10 8c24 | d001 0000 
  0x00000218bc5e3c50: 488b d089 | bc24 a801 | 0000 4889 | 8424 a001 | 0000 c5fa | 11a4 24dc | 0100 000f 

  0x00000218bc5e3c6c: ;   {optimized virtual_call}
  0x00000218bc5e3c6c: 1f40 00e8 

  0x00000218bc5e3c70: ; ImmutableOopMap {[176]=Oop [184]=Oop [376]=Oop [384]=Oop [416]=Oop [432]=Oop }
                      ;*invokevirtual setLocation {reexecute=0 rethrow=0 return_oop=0}
                      ; - com.sun.javafx.text.PrismTextLayout::layout@1303 (line 1312)
  0x00000218bc5e3c70: 6cb5 cd06 

  0x00000218bc5e3c74: ;   {post_call_nop}
  0x00000218bc5e3c74: 0f1f 8400 | 6c3e 0026 | 488b 8424 | a001 0000 

  0x00000218bc5e3c84: ;   {metadata(method data for {method} {0x00000218d9c8c5c0} 'layout' '()V' in 'com/sun/javafx/text/PrismTextLayout')}
  0x00000218bc5e3c84: 48ba b090 | 57da 1802 | 0000 4883 | 8290 1400 | 0001 410f | be57 4885 | d248 8b84 | 24a0 0100 
  0x00000218bc5e3ca4: 000f 85a3 | 1400 0048 | 8b9c 2478 | 0100 004c | 8bd3 49c1 | ea03 4489 | 5050 488b | d048 33d3 
  0x00000218bc5e3cc4: 48c1 ea16 | 4883 fa00 | 0f85 9b14 | 0000 488b 

  0x00000218bc5e3cd4: ;   {metadata(method data for {method} {0x00000218d9c8c5c0} 'layout' '()V' in 'com/sun/javafx/text/PrismTextLayout')}
  0x00000218bc5e3cd4: d048 beb0 | 9057 da18 | 0200 0048 | 8386 c014 | 0000 0148 | 8bd0 0f1f 

  0x00000218bc5e3cec: ;   {optimized virtual_call}
  0x00000218bc5e3cec: 4400 00e8 

  0x00000218bc5e3cf0: ; ImmutableOopMap {[176]=Oop [184]=Oop [376]=Oop [384]=Oop [432]=Oop }
                      ;*invokevirtual getWidth {reexecute=0 rethrow=0 return_oop=0}
                      ; - com.sun.javafx.text.PrismTextLayout::layout@1317 (line 1314)
  0x00000218bc5e3cf0: cc83 deff 

  0x00000218bc5e3cf4: ;   {post_call_nop}
  0x00000218bc5e3cf4: 0f1f 8400 | ec3e 0027 | c5fa 5884 | 24dc 0100 | 008b bc24 | a801 0000 

  0x00000218bc5e3d0c: ;   {metadata(method data for {method} {0x00000218d9c8c5c0} 'layout' '()V' in 'com/sun/javafx/text/PrismTextLayout')}
  0x00000218bc5e3d0c: ffc7 48be | b090 57da | 1802 0000 | 8b9e 9400 | 0000 83c3 | 0289 9e94 | 0000 0081 | e3fe 3f00 
  0x00000218bc5e3d2c: 0085 db0f | 8450 1400 | 004d 8b57 

  0x00000218bc5e3d38: ; ImmutableOopMap {[176]=Oop [184]=Oop [376]=Oop [384]=Oop [432]=Oop }
                      ;*goto {reexecute=1 rethrow=0 return_oop=0}
                      ; - (reexecute) com.sun.javafx.text.PrismTextLayout::layout@1326 (line 1310)
                      ;   {poll}
  0x00000218bc5e3d38: 3041 8502 

  0x00000218bc5e3d3c: ;   {metadata(method data for {method} {0x00000218d9c8c5c0} 'layout' '()V' in 'com/sun/javafx/text/PrismTextLayout')}
  0x00000218bc5e3d3c: 48be b090 | 57da 1802 | 0000 ff86 | e014 0000 | c5f8 28e0 | 488b b424 | b001 0000 

  0x00000218bc5e3d58: ; implicit exception: dispatches to 0x00000218bc5e51a6
  0x00000218bc5e3d58: 8b56 0c3b 

  0x00000218bc5e3d5c: ;   {metadata(method data for {method} {0x00000218d9c8c5c0} 'layout' '()V' in 'com/sun/javafx/text/PrismTextLayout')}
  0x00000218bc5e3d5c: fa48 bab0 | 9057 da18 | 0200 00b8 | 4014 0000 | 7c05 b830 | 1400 0048 | 8b0c 0248 | 8d49 0148 
  0x00000218bc5e3d7c: 890c 020f | 8c9b feff | ff48 8b94 | 24b0 0000 | 008b b424 | 5c01 0000 | ffc6 8b7a | 3c48 c1e7 
  0x00000218bc5e3d9c: 038b 7f0c 

  0x00000218bc5e3da0: ;   {metadata(method data for {method} {0x00000218d9c8c5c0} 'layout' '()V' in 'com/sun/javafx/text/PrismTextLayout')}
  0x00000218bc5e3da0: 3bf7 48bf | b090 57da | 1802 0000 | bbf8 1400 | 007d 05bb | 0815 0000 | 488b 041f | 488d 4001 
  0x00000218bc5e3dc0: 4889 041f | 89b4 24ac | 0100 0048 | 8b8c 2480 | 0100 000f | 8d18 0100 | 0048 8bf9 

  0x00000218bc5e3ddc: ;   {metadata(method data for {method} {0x00000218d9c8c5c0} 'layout' '()V' in 'com/sun/javafx/text/PrismTextLayout')}
  0x00000218bc5e3ddc: 48bb b090 | 57da 1802 | 0000 8b7f | 0841 ba00 | 0000 1e49 | 03fa 483b | bb20 1500 | 0075 0d48 
  0x00000218bc5e3dfc: 8383 2815 | 0000 01e9 | 6000 0000 | 483b bb30 | 1500 0075 | 0d48 8383 | 3815 0000 | 01e9 4a00 
  0x00000218bc5e3e1c: 0000 4883 | bb20 1500 | 0000 7517 | 4889 bb20 | 1500 0048 | c783 2815 | 0000 0100 | 0000 e929 
  0x00000218bc5e3e3c: 0000 0048 | 83bb 3015 | 0000 0075 | 1748 89bb | 3015 0000 | 48c7 8338 | 1500 0001 | 0000 00e9 
  0x00000218bc5e3e5c: 0800 0000 | 4883 8318 | 1500 0001 

  0x00000218bc5e3e68: ;   {metadata(method data for {method} {0x00000218d980ae60} 'getHeight' '()F' in 'com/sun/javafx/geom/RectBounds')}
  0x00000218bc5e3e68: 48bf 08e7 | 56da 1802 | 0000 8b9f | 9000 0000 | 83c3 0289 | 9f90 0000 | 0081 e3fe | ff1f 0085 
  0x00000218bc5e3e88: db0f 8421 | 1300 00c5 | fa10 4118 | c5fa 1049 | 14c5 fa10 

  0x00000218bc5e3e9c: ;   {metadata(method data for {method} {0x00000218d9c8c5c0} 'layout' '()V' in 'com/sun/javafx/text/PrismTextLayout')}
  0x00000218bc5e3e9c: 521c 48bf | b090 57da | 1802 0000 | 4883 8748 | 1500 0001 | c5fa 5cc1 | c5fa 5884 | 24d0 0100 
  0x00000218bc5e3ebc: 00c5 f828 | c8c5 f258 | cac5 fa10 | 8424 d001 

  0x00000218bc5e3ecc: ;   {static_call}
  0x00000218bc5e3ecc: 0000 90e8 

  0x00000218bc5e3ed0: ; ImmutableOopMap {[176]=Oop [184]=Oop }
                      ;*invokestatic max {reexecute=0 rethrow=0 return_oop=0}
                      ; - com.sun.javafx.text.PrismTextLayout::layout@1356 (line 1317)
  0x00000218bc5e3ed0: 0cbd cd06 

  0x00000218bc5e3ed4: ;   {post_call_nop}
  0x00000218bc5e3ed4: 0f1f 8400 | cc40 0029 

  0x00000218bc5e3edc: ;   {metadata(method data for {method} {0x00000218d9c8c5c0} 'layout' '()V' in 'com/sun/javafx/text/PrismTextLayout')}
  0x00000218bc5e3edc: 48ba b090 | 57da 1802 | 0000 ff82 | 5815 0000 | e9f3 0000 | 0048 8b9c | 2478 0100 | 0048 8bd1 
  0x00000218bc5e3efc: ;   {metadata(method data for {method} {0x00000218d9c8c5c0} 'layout' '()V' in 'com/sun/javafx/text/PrismTextLayout')}
  0x00000218bc5e3efc: 48be b090 | 57da 1802 | 0000 8b52 | 0841 ba00 | 0000 1e49 | 03d2 483b | 9678 1500 | 0075 0d48 
  0x00000218bc5e3f1c: 8386 8015 | 0000 01e9 | 6000 0000 | 483b 9688 | 1500 0075 | 0d48 8386 | 9015 0000 | 01e9 4a00 
  0x00000218bc5e3f3c: 0000 4883 | be78 1500 | 0000 7517 | 4889 9678 | 1500 0048 | c786 8015 | 0000 0100 | 0000 e929 
  0x00000218bc5e3f5c: 0000 0048 | 83be 8815 | 0000 0075 | 1748 8996 | 8815 0000 | 48c7 8690 | 1500 0001 | 0000 00e9 
  0x00000218bc5e3f7c: 0800 0000 | 4883 8670 | 1500 0001 

  0x00000218bc5e3f88: ;   {metadata(method data for {method} {0x00000218d980ae60} 'getHeight' '()F' in 'com/sun/javafx/geom/RectBounds')}
  0x00000218bc5e3f88: 48ba 08e7 | 56da 1802 | 0000 8bb2 | 9000 0000 | 83c6 0289 | b290 0000 | 0081 e6fe | ff1f 0085 
  0x00000218bc5e3fa8: f60f 8422 | 1200 00c5 | fa10 4118 | c5fa 1049 | 1448 8bd3 

  0x00000218bc5e3fbc: ;   {metadata(method data for {method} {0x00000218d9c8c5c0} 'layout' '()V' in 'com/sun/javafx/text/PrismTextLayout')}
  0x00000218bc5e3fbc: 48be b090 | 57da 1802 | 0000 4883 | 86b0 1500 | 0001 c5fa | 1053 14c5 | fa5c c1c5 | fa5c c2c5 
  0x00000218bc5e3fdc: fa58 8424 | d001 0000 | 8bb4 24ac 

  0x00000218bc5e3fe8: ;   {metadata(method data for {method} {0x00000218d9c8c5c0} 'layout' '()V' in 'com/sun/javafx/text/PrismTextLayout')}
  0x00000218bc5e3fe8: 0100 0048 | bab0 9057 | da18 0200 | 008b ba94 | 0000 0083 | c702 89ba | 9400 0000 | 81e7 fe3f 
  0x00000218bc5e4008: 0000 85ff | 0f84 e011 | 0000 4d8b 

  0x00000218bc5e4014: ; ImmutableOopMap {[176]=Oop [184]=Oop }
                      ;*goto {reexecute=1 rethrow=0 return_oop=0}
                      ; - (reexecute) com.sun.javafx.text.PrismTextLayout::layout@1383 (line 1256)
                      ;   {poll}
  0x00000218bc5e4014: 5730 4185 

  0x00000218bc5e4018: ;   {metadata(method data for {method} {0x00000218d9c8c5c0} 'layout' '()V' in 'com/sun/javafx/text/PrismTextLayout')}
  0x00000218bc5e4018: 0248 bab0 | 9057 da18 | 0200 00ff | 82d0 1500 | 00c5 f828 | c8c5 fa11 | 8c24 d001 | 0000 c5fa 
  0x00000218bc5e4038: 1084 24d4 | 0100 00c5 | fa10 8c24 | c801 0000 | 8bbc 24e0 | 0000 00e9 | a4eb ffff | c5fa 108c 
  0x00000218bc5e4058: 24d0 0100 | 0083 7b0c | 000f 86ac | 1100 008b | 7310 48c1 | e603 483b | 0648 8bfe 

  0x00000218bc5e4074: ;   {metadata(method data for {method} {0x00000218d9c8c5c0} 'layout' '()V' in 'com/sun/javafx/text/PrismTextLayout')}
  0x00000218bc5e4074: 48bb b090 | 57da 1802 | 0000 4883 | 83f8 1500 | 0001 8b76 | 2448 c1e6 | 0348 3b06 

  0x00000218bc5e4090: ;   {metadata(method data for {method} {0x00000218d9c8c5c0} 'layout' '()V' in 'com/sun/javafx/text/PrismTextLayout')}
  0x00000218bc5e4090: 488b fe48 | bbb0 9057 | da18 0200 | 008b 7f08 | 41ba 0000 | 001e 4903 | fa48 3bbb | 2016 0000 
  0x00000218bc5e40b0: 750d 4883 | 8328 1600 | 0001 e960 | 0000 0048 | 3bbb 3016 | 0000 750d | 4883 8338 | 1600 0001 
  0x00000218bc5e40d0: e94a 0000 | 0048 83bb | 2016 0000 | 0075 1748 | 89bb 2016 | 0000 48c7 | 8328 1600 | 0001 0000 
  0x00000218bc5e40f0: 00e9 2900 | 0000 4883 | bb30 1600 | 0000 7517 | 4889 bb30 | 1600 0048 | c783 3816 | 0000 0100 
  0x00000218bc5e4110: 0000 e908 | 0000 0048 | 8383 1816 | 0000 01c5 | fa10 5614 | c5fa 114a | 148b 7244 | 48c1 e603 
  0x00000218bc5e4130: c5fa 105a | 1048 3b06 

  0x00000218bc5e4138: ;   {metadata(method data for {method} {0x00000218d9c8c5c0} 'layout' '()V' in 'com/sun/javafx/text/PrismTextLayout')}
  0x00000218bc5e4138: 488b fe48 | bbb0 9057 | da18 0200 | 008b 7f08 | 41ba 0000 | 001e 4903 | fa48 3bbb | 5016 0000 
  0x00000218bc5e4158: 750d 4883 | 8358 1600 | 0001 e960 | 0000 0048 | 3bbb 6016 | 0000 750d | 4883 8368 | 1600 0001 
  0x00000218bc5e4178: e94a 0000 | 0048 83bb | 5016 0000 | 0075 1748 | 89bb 5016 | 0000 48c7 | 8358 1600 | 0001 0000 
  0x00000218bc5e4198: 00e9 2900 | 0000 4883 | bb60 1600 | 0000 7517 | 4889 bb60 | 1600 0048 | c783 6816 | 0000 0100 
  0x00000218bc5e41b8: 0000 e908 | 0000 0048 | 8383 4816 | 0000 01c5 | f828 e2c5 

  0x00000218bc5e41cc: ;   {section_word}
  0x00000218bc5e41cc: da58 e1c5 | fa10 0565 | bdff ffc5 

  0x00000218bc5e41d8: ;   {section_word}
  0x00000218bc5e41d8: f828 cac5 | fa10 155d 

  0x00000218bc5e41e0: ;   {section_word}
  0x00000218bc5e41e0: bdff ffc5 | fa10 2d59 | bdff ff48 | 8bd6 0f1f | 8000 0000 | 0048 b818 | 0ba2 f118 

  0x00000218bc5e41fc: ;   {virtual_call}
  0x00000218bc5e41fc: 0200 00e8 

  0x00000218bc5e4200: ; ImmutableOopMap {[176]=Oop [184]=Oop }
                      ;*invokevirtual deriveWithNewBounds {reexecute=0 rethrow=0 return_oop=0}
                      ; - com.sun.javafx.text.PrismTextLayout::layout@1427 (line 1324)
  0x00000218bc5e4200: 1ebf 6507 

  0x00000218bc5e4204: ;   {post_call_nop}
  0x00000218bc5e4204: 0f1f 8400 | fc43 002b | 410f be57 | 4885 d248 | 8b94 24b0 | 0000 000f | 8513 1000 | 004c 8bd0 
  0x00000218bc5e4224: 49c1 ea03 | 4489 5244 | 488b f248 | 33f0 48c1 | ee16 4883 | fe00 0f85 | 1310 0000 | 8b72 4c48 
  0x00000218bc5e4244: c1e6 0348 

  0x00000218bc5e4248: ;   {metadata(method data for {method} {0x00000218d9c8c5c0} 'layout' '()V' in 'com/sun/javafx/text/PrismTextLayout')}
  0x00000218bc5e4248: 85f6 48bf | b090 57da | 1802 0000 | bb78 1600 | 0074 05bb | 8816 0000 | 488b 041f | 488d 4001 
  0x00000218bc5e4268: 4889 041f | 0f84 9704 | 0000 8b7a | 3848 c1e7 | 0348 85ff 

  0x00000218bc5e427c: ;   {metadata(method data for {method} {0x00000218d9c8c5c0} 'layout' '()V' in 'com/sun/javafx/text/PrismTextLayout')}
  0x00000218bc5e427c: 48bf b090 | 57da 1802 | 0000 bb98 | 1600 0074 | 05bb a816 | 0000 488b | 041f 488d | 4001 4889 
  0x00000218bc5e429c: 041f 0f84 | 5a04 0000 

  0x00000218bc5e42a4: ; implicit exception: dispatches to 0x00000218bc5e526b
  0x00000218bc5e42a4: 0fbe 761c 

  0x00000218bc5e42a8: ;   {metadata(method data for {method} {0x00000218d9c8c5c0} 'layout' '()V' in 'com/sun/javafx/text/PrismTextLayout')}
  0x00000218bc5e42a8: 85f6 48be | b090 57da | 1802 0000 | bfb8 1600 | 0075 05bf | c816 0000 | 488b 1c3e | 488d 5b01 
  0x00000218bc5e42c8: 4889 1c3e | 0f85 2c04 | 0000 488b 

  0x00000218bc5e42d4: ;   {metadata(method data for {method} {0x00000218d9c8c5c0} 'layout' '()V' in 'com/sun/javafx/text/PrismTextLayout')}
  0x00000218bc5e42d4: f248 bfb0 | 9057 da18 | 0200 0048 | 8387 d816 | 0000 0148 | 8bf2 488b 

  0x00000218bc5e42ec: ;   {optimized virtual_call}
  0x00000218bc5e42ec: d666 90e8 

  0x00000218bc5e42f0: ; ImmutableOopMap {[176]=Oop [184]=Oop }
                      ;*invokevirtual copyCache {reexecute=0 rethrow=0 return_oop=0}
                      ; - com.sun.javafx.text.PrismTextLayout::layout@1458 (line 1329)
  0x00000218bc5e42f0: ccaa 0d00 

  0x00000218bc5e42f4: ;   {post_call_nop}
  0x00000218bc5e42f4: 0f1f 8400 | ec44 002c 

  0x00000218bc5e42fc: ;   {metadata(method data for {method} {0x00000218d9c8c5c0} 'layout' '()V' in 'com/sun/javafx/text/PrismTextLayout')}
  0x00000218bc5e42fc: 85c0 48b8 | b090 57da | 1802 0000 | ba08 1700 | 0075 05ba | 1817 0000 | 488b 3410 | 488d 7601 
  0x00000218bc5e431c: 4889 3410 | 488b 9424 | b000 0000 | 0f85 d003 | 0000 8b42 | 4c48 c1e0 | 038b 7230 | 48c1 e603 
  0x00000218bc5e433c: 410f be7f | 4885 ff0f | 8527 0f00 | 004c 8bd6 | 49c1 ea03 

  0x00000218bc5e4350: ; implicit exception: dispatches to 0x00000218bc5e528f
  0x00000218bc5e4350: 4489 502c | 488b f848 | 33fe 48c1 | ef16 4883 | ff00 0f85 | 2c0f 0000 | 8b72 2848 | c1e6 0341 
  0x00000218bc5e4370: 0fbe 7f48 | 85ff 0f85 | 300f 0000 | 4c8b d649 | c1ea 0344 | 8950 2848 | 8bf8 4833 | fe48 c1ef 
  0x00000218bc5e4390: 1648 83ff | 000f 8530 | 0f00 008b | 7240 48c1 | e603 410f | be7f 4885 | ff0f 8534 | 0f00 004c 
  0x00000218bc5e43b0: 8bd6 49c1 | ea03 4489 | 5030 488b | f848 33fe | 48c1 ef16 | 4883 ff00 | 0f85 340f | 0000 8b72 
  0x00000218bc5e43d0: 0c89 7010 | 8b72 3c48 | c1e6 0341 | 0fbe 7f48 | 85ff 0f85 | 320f 0000 | 4c8b d649 | c1ea 0344 
  0x00000218bc5e43f0: 8950 3448 | 8bf8 4833 | fe48 c1ef 

  0x00000218bc5e43fc: ;   {other}
  0x00000218bc5e43fc: 1648 83ff | 000f 8532 | 0f00 00c5 | fa10 4210 | c5fa 1140 | 14c5 fa10 | 4214 c5fa | 1140 188b 
  0x00000218bc5e441c: 7220 81e6 | ff07 0000 

  0x00000218bc5e4424: ;   {oop(a 'java/lang/Object'{0x000000060be47818})}
  0x00000218bc5e4424: 8970 0c48 | be18 78e4 | 0b06 0000 | 0048 8dbc | 24e0 0100 | 0048 8977 | 0848 8b06 | 418b 9fd8 
  0x00000218bc5e4444: 0600 0081 | fb28 0700 | 000f 8dfe | 0e00 0049 | 3b74 1ff8 | 0f84 2500 | 0000 a802 | 0f85 eb0e 
  0x00000218bc5e4464: 0000 488b | d848 83e3 | fe48 83c8 | 01f0 480f | b11e 0f85 | d50e 0000 | 418b 9fd8 | 0600 0049 
  0x00000218bc5e4484: 8934 1f83 | c308 4189 | 9fd8 0600 | 0048 8b84 | 24b8 0000 | 008b 700c | 89b4 24b8 

  0x00000218bc5e44a0: ;   {oop(a 'java/lang/Class'{0x000000060be47778} = 'com/sun/javafx/text/PrismTextLayout')}
  0x00000218bc5e44a0: 0100 0048 | bf78 77e4 | 0b06 0000 | 008b bf94 | 0000 0003 | fe81 ff00 

  0x00000218bc5e44b8: ;   {metadata(method data for {method} {0x00000218d9c8c5c0} 'layout' '()V' in 'com/sun/javafx/text/PrismTextLayout')}
  0x00000218bc5e44b8: 0001 0048 | bfb0 9057 | da18 0200 | 00bb 2817 | 0000 7e05 | bb38 1700 | 0048 8b04 | 1f48 8d40 
  0x00000218bc5e44d8: 0148 8904 | 1f0f 8ec6 

  0x00000218bc5e44e0: ;   {oop(a 'java/util/Hashtable'{0x000000060be47828})}
  0x00000218bc5e44e0: 0000 0048 | bf28 78e4 | 0b06 0000 | 0048 8bdf 

  0x00000218bc5e44f0: ;   {metadata(method data for {method} {0x00000218d9c8c5c0} 'layout' '()V' in 'com/sun/javafx/text/PrismTextLayout')}
  0x00000218bc5e44f0: 48b8 b090 | 57da 1802 | 0000 8b5b | 0841 ba00 | 0000 1e49 | 03da 483b | 9850 1700 | 0075 0d48 
  0x00000218bc5e4510: 8380 5817 | 0000 01e9 | 6000 0000 | 483b 9860 | 1700 0075 | 0d48 8380 | 6817 0000 | 01e9 4a00 
  0x00000218bc5e4530: 0000 4883 | b850 1700 | 0000 7517 | 4889 9850 | 1700 0048 | c780 5817 | 0000 0100 | 0000 e929 
  0x00000218bc5e4550: 0000 0048 | 83b8 6017 | 0000 0075 | 1748 8998 | 6017 0000 | 48c7 8068 | 1700 0001 | 0000 00e9 
  0x00000218bc5e4570: 0800 0000 | 4883 8048 | 1700 0001 

  0x00000218bc5e457c: ;   {optimized virtual_call}
  0x00000218bc5e457c: 488b d7e8 

  0x00000218bc5e4580: ; ImmutableOopMap {[176]=Oop [488]=Oop }
                      ;*invokevirtual clear {reexecute=0 rethrow=0 return_oop=0}
                      ; - com.sun.javafx.text.PrismTextLayout::layout@1582 (line 1346)
  0x00000218bc5e4580: 5cac cd06 

  0x00000218bc5e4584: ;   {post_call_nop}
  0x00000218bc5e4584: 0f1f 8400 | 7c47 002d 

  0x00000218bc5e458c: ;   {oop(a 'java/lang/Class'{0x000000060be47778} = 'com/sun/javafx/text/PrismTextLayout')}
  0x00000218bc5e458c: 49b8 7877 | e40b 0600 | 0000 41c7 | 8094 0000 | 0000 0000 | 0048 8b94 | 24b0 0000 | 0044 8b42 
  0x00000218bc5e45ac: 3849 c1e0 | 0344 8b4a | 4c49 c1e1 

  0x00000218bc5e45b8: ;   {oop(a 'java/util/Hashtable'{0x000000060be47828})}
  0x00000218bc5e45b8: 0348 bf28 | 78e4 0b06 | 0000 0048 

  0x00000218bc5e45c4: ;   {metadata(method data for {method} {0x00000218d9c8c5c0} 'layout' '()V' in 'com/sun/javafx/text/PrismTextLayout')}
  0x00000218bc5e45c4: 8bdf 48b8 | b090 57da | 1802 0000 | 8b5b 0841 | ba00 0000 | 1e49 03da | 483b 9880 | 1700 0075 
  0x00000218bc5e45e4: 0d48 8380 | 8817 0000 | 01e9 6000 | 0000 483b | 9890 1700 | 0075 0d48 | 8380 9817 | 0000 01e9 
  0x00000218bc5e4604: 4a00 0000 | 4883 b880 | 1700 0000 | 7517 4889 | 9880 1700 | 0048 c780 | 8817 0000 | 0100 0000 
  0x00000218bc5e4624: e929 0000 | 0048 83b8 | 9017 0000 | 0075 1748 | 8998 9017 | 0000 48c7 | 8098 1700 | 0001 0000 
  0x00000218bc5e4644: 00e9 0800 | 0000 4883 | 8078 1700 | 0001 488b 

  0x00000218bc5e4654: ;   {optimized virtual_call}
  0x00000218bc5e4654: d766 90e8 

  0x00000218bc5e4658: ; ImmutableOopMap {[176]=Oop [488]=Oop }
                      ;*invokevirtual put {reexecute=0 rethrow=0 return_oop=0}
                      ; - com.sun.javafx.text.PrismTextLayout::layout@1600 (line 1349)
  0x00000218bc5e4658: c4bb fcff 

  0x00000218bc5e465c: ;   {post_call_nop}
  0x00000218bc5e465c: 0f1f 8400 | 5448 002e 

  0x00000218bc5e4664: ;   {oop(a 'java/lang/Class'{0x000000060be47778} = 'com/sun/javafx/text/PrismTextLayout')}
  0x00000218bc5e4664: 48b8 7877 | e40b 0600 | 0000 8bb0 | 9400 0000 | 03b4 24b8 | 0100 0089 | b094 0000 

  0x00000218bc5e4680: ;   {oop(a 'java/lang/Object'{0x000000060be47818})}
  0x00000218bc5e4680: 0048 b818 | 78e4 0b06 | 0000 0048 | 8d84 24e0 | 0100 0048 | 8b78 0841 | 8bb7 d806 | 0000 493b 
  0x00000218bc5e46a0: 7c37 f80f | 85c0 0c00 | 0041 83af | d806 0000 | 0849 3b7c | 37f0 0f84 | 2a00 0000 | 488b 07a8 
  0x00000218bc5e46c0: 020f 8512 | 0000 0048 | 8bf0 4883 | ce01 f048 | 0fb1 370f | 840d 0000 | 0041 8387 | d806 0000 
  0x00000218bc5e46e0: 08e9 830c 

  0x00000218bc5e46e4: ;   {metadata(method data for {method} {0x00000218d9c8c5c0} 'layout' '()V' in 'com/sun/javafx/text/PrismTextLayout')}
  0x00000218bc5e46e4: 0000 48b8 | b090 57da | 1802 0000 | ff80 a817 | 0000 488b | 9424 b000 | 0000 8b42 | 4c48 c1e0 
  0x00000218bc5e4704: 03c6 401c | 0148 81c4 | 0002 0000 

  0x00000218bc5e4710: ;   {poll_return}
  0x00000218bc5e4710: 5d49 3b67 | 280f 8769 | 0c00 00c3 | 4881 c400 | 0200 005d 

  0x00000218bc5e4724: ;   {poll_return}
  0x00000218bc5e4724: 493b 6728 | 0f87 6c0c | 0000 c349 | 8b87 8805 | 0000 4d33 | d24d 8997 | 8805 0000 | 4d33 d24d 
  0x00000218bc5e4744: 8997 9005 | 0000 488b 

  0x00000218bc5e474c: ;   {oop(a 'java/lang/Object'{0x000000060be47818})}
  0x00000218bc5e474c: f048 b818 | 78e4 0b06 | 0000 0048 | 8d84 24e0 | 0100 0048 | 8b58 0841 | 8bbf d806 | 0000 493b 
  0x00000218bc5e476c: 5c3f f80f | 853b 0c00 | 0041 83af | d806 0000 | 0849 3b5c | 3ff0 0f84 | 2a00 0000 | 488b 03a8 
  0x00000218bc5e478c: 020f 8512 | 0000 0048 | 8bf8 4883 | cf01 f048 | 0fb1 3b0f | 840d 0000 | 0041 8387 | d806 0000 
  0x00000218bc5e47ac: 08e9 fe0b | 0000 488b | c6e9 2e0c 

  0x00000218bc5e47b8: ;   {metadata({method} {0x00000218d9c8c5c0} 'layout' '()V' in 'com/sun/javafx/text/PrismTextLayout')}
  0x00000218bc5e47b8: 0000 49ba | b8c5 c8d9 | 1802 0000 | 4c89 5424 | 0848 c704 | 24ff ffff 

  0x00000218bc5e47d0: ;   {runtime_call C1 Runtime counter_overflow_blob}
  0x00000218bc5e47d0: ffe8 0a8c 

  0x00000218bc5e47d4: ; ImmutableOopMap {rdx=Oop [176]=Oop }
                      ;*synchronization entry
                      ; - com.sun.javafx.text.PrismTextLayout::layout@-1 (line 1060)
  0x00000218bc5e47d4: db06 e9f3 

  0x00000218bc5e47d8: ;   {metadata(nullptr)}
  0x00000218bc5e47d8: b7ff ff48 | ba00 0000 | 0000 0000 | 00b8 000f 

  0x00000218bc5e47e8: ;   {runtime_call C1 Runtime load_klass_patching_blob}
  0x00000218bc5e47e8: 050a e8f1 

  0x00000218bc5e47ec: ; ImmutableOopMap {rax=Oop [176]=Oop [184]=Oop [192]=Oop }
                      ;*new {reexecute=1 rethrow=0 return_oop=0}
                      ; - (reexecute) com.sun.javafx.text.PrismTextLayout::layout@106 (line 1087)
  0x00000218bc5e47ec: 6fdb 06e9 | 5cbb ffff 

  0x00000218bc5e47f4: ;   {runtime_call C1 Runtime new_instance_blob}
  0x00000218bc5e47f4: 488b d2e8 

  0x00000218bc5e47f8: ; ImmutableOopMap {[176]=Oop [184]=Oop [192]=Oop [208]=Oop }
                      ;*new {reexecute=0 rethrow=0 return_oop=0}
                      ; - com.sun.javafx.text.PrismTextLayout::layout@106 (line 1087)
  0x00000218bc5e47f8: 6426 db06 | e966 bbff | ff48 8bd2 

  0x00000218bc5e4804: ;   {runtime_call C1 Runtime fast_new_instance_blob}
  0x00000218bc5e4804: e8d7 29db 

  0x00000218bc5e4808: ; ImmutableOopMap {r11=Oop r13=Oop [176]=Oop [184]=Oop [192]=Oop [216]=Oop }
                      ;*new {reexecute=0 rethrow=0 return_oop=0}
                      ; - com.sun.javafx.text.PrismTextLayout::layout@141 (line 1099)
  0x00000218bc5e4808: 06e9 dfbc 

  0x00000218bc5e480c: ;   {metadata({method} {0x00000218da070fe8} '<init>' '()V' in 'com/sun/javafx/text/LayoutCache')}
  0x00000218bc5e480c: ffff 49ba | e00f 07da | 1802 0000 | 4c89 5424 | 0848 c704 | 24ff ffff 

  0x00000218bc5e4824: ;   {runtime_call C1 Runtime counter_overflow_blob}
  0x00000218bc5e4824: ffe8 b68b 

  0x00000218bc5e4828: ; ImmutableOopMap {r11=Oop r13=Oop r8=Oop [176]=Oop [184]=Oop [192]=Oop [216]=Oop }
                      ;*synchronization entry
                      ; - com.sun.javafx.text.LayoutCache::<init>@-1 (line 30)
                      ; - com.sun.javafx.text.PrismTextLayout::layout@145 (line 1099)
  0x00000218bc5e4828: db06 e9fd 

  0x00000218bc5e482c: ;   {metadata({method} {0x000000001e4b32d8} '<init>' '()V' in 'java/lang/Object')}
  0x00000218bc5e482c: bcff ff49 | bad0 324b | 1e00 0000 | 004c 8954 | 2408 48c7 | 0424 ffff 

  0x00000218bc5e4844: ;   {runtime_call C1 Runtime counter_overflow_blob}
  0x00000218bc5e4844: ffff e895 

  0x00000218bc5e4848: ; ImmutableOopMap {r11=Oop r13=Oop r8=Oop [176]=Oop [184]=Oop [192]=Oop [216]=Oop }
                      ;*synchronization entry
                      ; - java.lang.Object::<init>@-1 (line 44)
                      ; - com.sun.javafx.text.LayoutCache::<init>@1 (line 30)
                      ; - com.sun.javafx.text.PrismTextLayout::layout@145 (line 1099)
  0x00000218bc5e4848: 8bdb 06e9 | 18bd ffff | 418b 5b4c | 48c1 e303 | 4883 fb00 | 0f84 13bd | ffff 4889 

  0x00000218bc5e4864: ;   {runtime_call g1_pre_barrier_slow}
  0x00000218bc5e4864: 1c24 e875 | 92db 06e9 | 05bd ffff | 4983 f800 | 0f84 1abd | ffff 4c89 

  0x00000218bc5e487c: ;   {runtime_call g1_post_barrier_slow}
  0x00000218bc5e487c: 1c24 e8dd | 9adb 06e9 | 0cbd ffff 

  0x00000218bc5e4888: ;   {runtime_call C1 Runtime throw_null_pointer_exception_blob}
  0x00000218bc5e4888: e853 1fdb 

  0x00000218bc5e488c: ; ImmutableOopMap {r11=Oop r13=Oop r8=Oop [176]=Oop [184]=Oop [192]=Oop [216]=Oop }
                      ;*arraylength {reexecute=0 rethrow=0 return_oop=0}
                      ; - com.sun.javafx.text.PrismTextLayout::layout@156 (line 1100)
                      ;   {runtime_call C1 Runtime new_type_array_blob}
  0x00000218bc5e488c: 06e8 4e30 

  0x00000218bc5e4890: ; ImmutableOopMap {r11=Oop r13=Oop r8=Oop [176]=Oop [184]=Oop [192]=Oop [216]=Oop }
                      ;*newarray {reexecute=0 rethrow=0 return_oop=0}
                      ; - com.sun.javafx.text.PrismTextLayout::layout@157 (line 1100)
  0x00000218bc5e4890: db06 e987 | bdff ff41 | 8b58 2048 | c1e3 0348 | 83fb 000f | 8482 bdff | ff48 891c 

  0x00000218bc5e48ac: ;   {runtime_call g1_pre_barrier_slow}
  0x00000218bc5e48ac: 24e8 2e92 | db06 e974 | bdff ff48 | 83f8 000f | 8489 bdff | ff4c 8904 

  0x00000218bc5e48c4: ;   {runtime_call g1_post_barrier_slow}
  0x00000218bc5e48c4: 24e8 969a | db06 e97b 

  0x00000218bc5e48cc: ;   {runtime_call C1 Runtime new_type_array_blob}
  0x00000218bc5e48cc: bdff ffe8 

  0x00000218bc5e48d0: ; ImmutableOopMap {r11=Oop r13=Oop r8=Oop [176]=Oop [184]=Oop [192]=Oop [216]=Oop }
                      ;*newarray {reexecute=0 rethrow=0 return_oop=0}
                      ; - com.sun.javafx.text.PrismTextLayout::layout@168 (line 1101)
  0x00000218bc5e48d0: 0c30 db06 | e9f7 bdff | ff41 8b50 | 2448 c1e2 | 0348 83fa | 000f 84f2 | bdff ff48 

  0x00000218bc5e48ec: ;   {runtime_call g1_pre_barrier_slow}
  0x00000218bc5e48ec: 8914 24e8 | ec91 db06 | e9e4 bdff | ff48 83f8 | 000f 84f9 | bdff ff4c 

  0x00000218bc5e4904: ;   {runtime_call g1_post_barrier_slow}
  0x00000218bc5e4904: 8904 24e8 | 549a db06 | e9eb bdff | ff41 8b53 | 4c48 c1e2 | 0348 83fa | 000f 840b | beff ff48 
  0x00000218bc5e4924: ;   {runtime_call g1_pre_barrier_slow}
  0x00000218bc5e4924: 8914 24e8 | b491 db06 | e9fd bdff | ff48 8bd2 

  0x00000218bc5e4934: ;   {runtime_call C1 Runtime fast_new_instance_blob}
  0x00000218bc5e4934: e8a7 28db 

  0x00000218bc5e4938: ; ImmutableOopMap {r11=Oop r13=Oop [176]=Oop [184]=Oop [192]=Oop [216]=Oop }
                      ;*new {reexecute=0 rethrow=0 return_oop=0}
                      ; - com.sun.javafx.text.PrismTextLayout::layout@190 (line 1110)
  0x00000218bc5e4938: 06e9 44be 

  0x00000218bc5e493c: ;   {metadata({method} {0x000000001e221f60} '<init>' '()V' in 'java/util/ArrayList')}
  0x00000218bc5e493c: ffff 49ba | 581f 221e | 0000 0000 | 4c89 5424 | 0848 c704 | 24ff ffff 

  0x00000218bc5e4954: ;   {runtime_call C1 Runtime counter_overflow_blob}
  0x00000218bc5e4954: ffe8 868a 

  0x00000218bc5e4958: ; ImmutableOopMap {r11=Oop r13=Oop rax=Oop [176]=Oop [184]=Oop [192]=Oop [216]=Oop [240]=Oop }
                      ;*synchronization entry
                      ; - java.util.ArrayList::<init>@-1 (line 169)
                      ; - com.sun.javafx.text.PrismTextLayout::layout@194 (line 1110)
  0x00000218bc5e4958: db06 e96c 

  0x00000218bc5e495c: ;   {metadata({method} {0x000000001e220bf8} '<init>' '()V' in 'java/util/AbstractList')}
  0x00000218bc5e495c: beff ff49 | baf0 0b22 | 1e00 0000 | 004c 8954 | 2408 48c7 | 0424 ffff 

  0x00000218bc5e4974: ;   {runtime_call C1 Runtime counter_overflow_blob}
  0x00000218bc5e4974: ffff e865 

  0x00000218bc5e4978: ; ImmutableOopMap {r11=Oop r13=Oop rax=Oop [176]=Oop [184]=Oop [192]=Oop [216]=Oop [240]=Oop }
                      ;*synchronization entry
                      ; - java.util.AbstractList::<init>@-1 (line 80)
                      ; - java.util.ArrayList::<init>@1 (line 169)
                      ; - com.sun.javafx.text.PrismTextLayout::layout@194 (line 1110)
  0x00000218bc5e4978: 8adb 06e9 | 8cbe ffff 

  0x00000218bc5e4980: ;   {metadata({method} {0x000000001e21ffb8} '<init>' '()V' in 'java/util/AbstractCollection')}
  0x00000218bc5e4980: 49ba b0ff | 211e 0000 | 0000 4c89 | 5424 0848 | c704 24ff 

  0x00000218bc5e4994: ;   {runtime_call C1 Runtime counter_overflow_blob}
  0x00000218bc5e4994: ffff ffe8 

  0x00000218bc5e4998: ; ImmutableOopMap {r11=Oop r13=Oop rax=Oop [176]=Oop [184]=Oop [192]=Oop [216]=Oop [240]=Oop }
                      ;*synchronization entry
                      ; - java.util.AbstractCollection::<init>@-1 (line 70)
                      ; - java.util.AbstractList::<init>@1 (line 80)
                      ; - java.util.ArrayList::<init>@1 (line 169)
                      ; - com.sun.javafx.text.PrismTextLayout::layout@194 (line 1110)
  0x00000218bc5e4998: 448a db06 | e9ac beff 

  0x00000218bc5e49a0: ;   {metadata({method} {0x000000001e4b32d8} '<init>' '()V' in 'java/lang/Object')}
  0x00000218bc5e49a0: ff49 bad0 | 324b 1e00 | 0000 004c | 8954 2408 | 48c7 0424 | ffff ffff 

  0x00000218bc5e49b8: ;   {runtime_call C1 Runtime counter_overflow_blob}
  0x00000218bc5e49b8: e823 8adb 

  0x00000218bc5e49bc: ; ImmutableOopMap {r11=Oop r13=Oop rax=Oop [176]=Oop [184]=Oop [192]=Oop [216]=Oop [240]=Oop }
                      ;*synchronization entry
                      ; - java.lang.Object::<init>@-1 (line 44)
                      ; - java.util.AbstractCollection::<init>@1 (line 70)
                      ; - java.util.AbstractList::<init>@1 (line 80)
                      ; - java.util.ArrayList::<init>@1 (line 169)
                      ; - com.sun.javafx.text.PrismTextLayout::layout@194 (line 1110)
  0x00000218bc5e49bc: 06e9 ccbe | ffff 448b | 4014 49c1 | e003 4983 | f800 0f84 | c8be ffff | 4c89 0424 

  0x00000218bc5e49d8: ;   {runtime_call g1_pre_barrier_slow}
  0x00000218bc5e49d8: e803 91db | 06e9 babe | ffff 4983 | f800 0f84 | e0be ffff | 4889 0424 

  0x00000218bc5e49f0: ;   {runtime_call g1_post_barrier_slow}
  0x00000218bc5e49f0: e86b 99db | 06e9 d2be 

  0x00000218bc5e49f8: ;   {runtime_call C1 Runtime throw_null_pointer_exception_blob}
  0x00000218bc5e49f8: ffff e8e1 

  0x00000218bc5e49fc: ; ImmutableOopMap {r11=Oop r13=Oop rbx=Oop r8=Oop [176]=Oop [184]=Oop [216]=Oop [240]=Oop }
                      ;*aaload {reexecute=0 rethrow=0 return_oop=0}
                      ; - com.sun.javafx.text.PrismTextLayout::layout@217 (line 1112)
                      ;   {runtime_call C1 Runtime throw_null_pointer_exception_blob}
  0x00000218bc5e49fc: 1ddb 06e8 

  0x00000218bc5e4a00: ; ImmutableOopMap {r11=Oop r13=Oop rbx=Oop r8=Oop [176]=Oop [184]=Oop [216]=Oop [240]=Oop }
                      ;*aaload {reexecute=0 rethrow=0 return_oop=0}
                      ; - com.sun.javafx.text.PrismTextLayout::layout@217 (line 1112)
  0x00000218bc5e4a00: dc1d db06 | 4889 3424 | 4c89 4424 

  0x00000218bc5e4a0c: ;   {runtime_call C1 Runtime throw_range_check_failed_blob}
  0x00000218bc5e4a0c: 08e8 ce0f 

  0x00000218bc5e4a10: ; ImmutableOopMap {r11=Oop r13=Oop rbx=Oop r8=Oop [176]=Oop [184]=Oop [216]=Oop [240]=Oop }
                      ;*aaload {reexecute=0 rethrow=0 return_oop=0}
                      ; - com.sun.javafx.text.PrismTextLayout::layout@217 (line 1112)
                      ;   {runtime_call C1 Runtime throw_null_pointer_exception_blob}
  0x00000218bc5e4a10: db06 e8c9 

  0x00000218bc5e4a14: ; ImmutableOopMap {rdi=Oop [176]=Oop [184]=Oop [192]=Oop [216]=Oop [240]=Oop [248]=Oop }
                      ;*invokevirtual isTab {reexecute=0 rethrow=0 return_oop=0}
                      ; - com.sun.javafx.text.PrismTextLayout::layout@230 (line 1114)
                      ;   {metadata({method} {0x00000218da06fbf8} 'isTab' '()Z' in 'com/sun/javafx/text/TextRun')}
  0x00000218bc5e4a14: 1ddb 0649 | baf0 fb06 | da18 0200 | 004c 8954 | 2408 48c7 | 0424 ffff 

  0x00000218bc5e4a2c: ;   {runtime_call C1 Runtime counter_overflow_blob}
  0x00000218bc5e4a2c: ffff e8ad 

  0x00000218bc5e4a30: ; ImmutableOopMap {rdi=Oop [176]=Oop [184]=Oop [192]=Oop [216]=Oop [240]=Oop [248]=Oop }
                      ;*synchronization entry
                      ; - com.sun.javafx.text.TextRun::isTab@-1 (line 134)
                      ; - com.sun.javafx.text.PrismTextLayout::layout@230 (line 1114)
  0x00000218bc5e4a30: 89db 06e9 | b3bf ffff 

  0x00000218bc5e4a38: ;   {metadata({method} {0x00000218da06f918} 'isLinebreak' '()Z' in 'com/sun/javafx/text/TextRun')}
  0x00000218bc5e4a38: 49ba 10f9 | 06da 1802 | 0000 4c89 | 5424 0848 | c704 24ff 

  0x00000218bc5e4a4c: ;   {runtime_call C1 Runtime counter_overflow_blob}
  0x00000218bc5e4a4c: ffff ffe8 

  0x00000218bc5e4a50: ; ImmutableOopMap {rdx=Oop rdi=Oop [176]=Oop [184]=Oop [192]=Oop [216]=Oop [240]=Oop [248]=Oop }
                      ;*synchronization entry
                      ; - com.sun.javafx.text.TextRun::isLinebreak@-1 (line 118)
                      ; - com.sun.javafx.text.PrismTextLayout::layout@289 (line 1120)
  0x00000218bc5e4a50: 8c89 db06 | e9dc c1ff 

  0x00000218bc5e4a58: ;   {metadata({method} {0x00000218da06f410} 'getEnd' '()I' in 'com/sun/javafx/text/TextRun')}
  0x00000218bc5e4a58: ff49 ba08 | f406 da18 | 0200 004c | 8954 2408 | 48c7 0424 | ffff ffff 

  0x00000218bc5e4a70: ;   {runtime_call C1 Runtime counter_overflow_blob}
  0x00000218bc5e4a70: e86b 89db 

  0x00000218bc5e4a74: ; ImmutableOopMap {[176]=Oop [184]=Oop [192]=Oop [216]=Oop [240]=Oop [248]=Oop }
                      ;*synchronization entry
                      ; - com.sun.javafx.text.TextRun::getEnd@-1 (line 86)
                      ; - com.sun.javafx.text.PrismTextLayout::layout@321 (line 1129)
  0x00000218bc5e4a74: 06e9 1fc3 

  0x00000218bc5e4a78: ;   {runtime_call C1 Runtime throw_null_pointer_exception_blob}
  0x00000218bc5e4a78: ffff e861 

  0x00000218bc5e4a7c: ; ImmutableOopMap {rdi=Oop rax=Oop [176]=Oop [184]=Oop [192]=Oop [216]=Oop [240]=Oop [248]=Oop }
                      ;*caload {reexecute=0 rethrow=0 return_oop=0}
                      ; - com.sun.javafx.text.PrismTextLayout::layout@338 (line 1130)
                      ;   {runtime_call C1 Runtime throw_null_pointer_exception_blob}
  0x00000218bc5e4a7c: 1ddb 06e8 

  0x00000218bc5e4a80: ; ImmutableOopMap {rdi=Oop rax=Oop [176]=Oop [184]=Oop [192]=Oop [216]=Oop [240]=Oop [248]=Oop }
                      ;*caload {reexecute=0 rethrow=0 return_oop=0}
                      ; - com.sun.javafx.text.PrismTextLayout::layout@338 (line 1130)
  0x00000218bc5e4a80: 5c1d db06 | 4889 3424 | 4889 4424 

  0x00000218bc5e4a8c: ;   {runtime_call C1 Runtime throw_range_check_failed_blob}
  0x00000218bc5e4a8c: 08e8 4e0f 

  0x00000218bc5e4a90: ; ImmutableOopMap {rdi=Oop rax=Oop [176]=Oop [184]=Oop [192]=Oop [216]=Oop [240]=Oop [248]=Oop }
                      ;*caload {reexecute=0 rethrow=0 return_oop=0}
                      ; - com.sun.javafx.text.PrismTextLayout::layout@338 (line 1130)
                      ;   {runtime_call C1 Runtime throw_null_pointer_exception_blob}
  0x00000218bc5e4a90: db06 e849 

  0x00000218bc5e4a94: ; ImmutableOopMap {rax=Oop [176]=Oop [184]=Oop [192]=Oop [216]=Oop [240]=Oop [248]=Oop }
                      ;*caload {reexecute=0 rethrow=0 return_oop=0}
                      ; - com.sun.javafx.text.PrismTextLayout::layout@369 (line 1142)
                      ;   {runtime_call C1 Runtime throw_null_pointer_exception_blob}
  0x00000218bc5e4a94: 1ddb 06e8 

  0x00000218bc5e4a98: ; ImmutableOopMap {rax=Oop [176]=Oop [184]=Oop [192]=Oop [216]=Oop [240]=Oop [248]=Oop }
                      ;*caload {reexecute=0 rethrow=0 return_oop=0}
                      ; - com.sun.javafx.text.PrismTextLayout::layout@369 (line 1142)
  0x00000218bc5e4a98: 441d db06 | 4889 1c24 | 4889 4424 

  0x00000218bc5e4aa4: ;   {runtime_call C1 Runtime throw_range_check_failed_blob}
  0x00000218bc5e4aa4: 08e8 360f 

  0x00000218bc5e4aa8: ; ImmutableOopMap {rax=Oop [176]=Oop [184]=Oop [192]=Oop [216]=Oop [240]=Oop [248]=Oop }
                      ;*caload {reexecute=0 rethrow=0 return_oop=0}
                      ; - com.sun.javafx.text.PrismTextLayout::layout@369 (line 1142)
                      ;   {runtime_call C1 Runtime throw_null_pointer_exception_blob}
  0x00000218bc5e4aa8: db06 e831 

  0x00000218bc5e4aac: ; ImmutableOopMap {rax=Oop [176]=Oop [184]=Oop [192]=Oop [216]=Oop [240]=Oop [248]=Oop }
                      ;*caload {reexecute=0 rethrow=0 return_oop=0}
                      ; - com.sun.javafx.text.PrismTextLayout::layout@395 (line 1145)
                      ;   {runtime_call C1 Runtime throw_null_pointer_exception_blob}
  0x00000218bc5e4aac: 1ddb 06e8 

  0x00000218bc5e4ab0: ; ImmutableOopMap {rax=Oop [176]=Oop [184]=Oop [192]=Oop [216]=Oop [240]=Oop [248]=Oop }
                      ;*caload {reexecute=0 rethrow=0 return_oop=0}
                      ; - com.sun.javafx.text.PrismTextLayout::layout@395 (line 1145)
  0x00000218bc5e4ab0: 2c1d db06 | 4889 1c24 | 4889 4424 

  0x00000218bc5e4abc: ;   {runtime_call C1 Runtime throw_range_check_failed_blob}
  0x00000218bc5e4abc: 08e8 1e0f 

  0x00000218bc5e4ac0: ; ImmutableOopMap {rax=Oop [176]=Oop [184]=Oop [192]=Oop [216]=Oop [240]=Oop [248]=Oop }
                      ;*caload {reexecute=0 rethrow=0 return_oop=0}
                      ; - com.sun.javafx.text.PrismTextLayout::layout@395 (line 1145)
                      ;   {metadata({method} {0x000000001e1a8bc8} 'isWhitespace' '(C)Z' in 'java/lang/Character')}
  0x00000218bc5e4ac0: db06 49ba | c08b 1a1e | 0000 0000 | 4c89 5424 | 0848 c704 | 24ff ffff 

  0x00000218bc5e4ad8: ;   {runtime_call C1 Runtime counter_overflow_blob}
  0x00000218bc5e4ad8: ffe8 0289 

  0x00000218bc5e4adc: ; ImmutableOopMap {rax=Oop [176]=Oop [184]=Oop [192]=Oop [216]=Oop [240]=Oop [248]=Oop }
                      ;*synchronization entry
                      ; - java.lang.Character::isWhitespace@-1 (line 11680)
                      ; - com.sun.javafx.text.PrismTextLayout::layout@396 (line 1145)
  0x00000218bc5e4adc: db06 e9eb 

  0x00000218bc5e4ae0: ;   {metadata({method} {0x000000001e1a8c20} 'isWhitespace' '(I)Z' in 'java/lang/Character')}
  0x00000218bc5e4ae0: c4ff ff49 | ba18 8c1a | 1e00 0000 | 004c 8954 | 2408 48c7 | 0424 ffff 

  0x00000218bc5e4af8: ;   {runtime_call C1 Runtime counter_overflow_blob}
  0x00000218bc5e4af8: ffff e8e1 

  0x00000218bc5e4afc: ; ImmutableOopMap {rax=Oop [176]=Oop [184]=Oop [192]=Oop [216]=Oop [240]=Oop [248]=Oop }
                      ;*synchronization entry
                      ; - java.lang.Character::isWhitespace@-1 (line 11711)
                      ; - java.lang.Character::isWhitespace@1 (line 11680)
                      ; - com.sun.javafx.text.PrismTextLayout::layout@396 (line 1145)
  0x00000218bc5e4afc: 88db 06e9 | 03c5 ffff 

  0x00000218bc5e4b04: ;   {runtime_call C1 Runtime throw_null_pointer_exception_blob}
  0x00000218bc5e4b04: e8d7 1cdb 

  0x00000218bc5e4b08: ; ImmutableOopMap {rax=Oop [176]=Oop [184]=Oop [192]=Oop [216]=Oop [240]=Oop [248]=Oop }
                      ;*invokevirtual isWhitespace {reexecute=0 rethrow=0 return_oop=0}
                      ; - java.lang.Character::isWhitespace@5 (line 11711)
                      ; - java.lang.Character::isWhitespace@1 (line 11680)
                      ; - com.sun.javafx.text.PrismTextLayout::layout@396 (line 1145)
  0x00000218bc5e4b08: 0648 8914 | 2448 8944 

  0x00000218bc5e4b10: ;   {runtime_call C1 Runtime throw_range_check_failed_blob}
  0x00000218bc5e4b10: 2408 e8c9 

  0x00000218bc5e4b14: ; ImmutableOopMap {rax=Oop [176]=Oop [184]=Oop [192]=Oop [216]=Oop [240]=Oop [248]=Oop }
                      ;*caload {reexecute=0 rethrow=0 return_oop=0}
                      ; - com.sun.javafx.text.PrismTextLayout::layout@413 (line 1147)
                      ;   {metadata({method} {0x000000001e1a8bc8} 'isWhitespace' '(C)Z' in 'java/lang/Character')}
  0x00000218bc5e4b14: 0edb 0649 | bac0 8b1a | 1e00 0000 | 004c 8954 | 2408 48c7 | 0424 ffff 

  0x00000218bc5e4b2c: ;   {runtime_call C1 Runtime counter_overflow_blob}
  0x00000218bc5e4b2c: ffff e8ad 

  0x00000218bc5e4b30: ; ImmutableOopMap {rax=Oop [176]=Oop [184]=Oop [192]=Oop [216]=Oop [240]=Oop [248]=Oop }
                      ;*synchronization entry
                      ; - java.lang.Character::isWhitespace@-1 (line 11680)
                      ; - com.sun.javafx.text.PrismTextLayout::layout@414 (line 1147)
  0x00000218bc5e4b30: 88db 06e9 | 56c6 ffff 

  0x00000218bc5e4b38: ;   {metadata({method} {0x000000001e1a8c20} 'isWhitespace' '(I)Z' in 'java/lang/Character')}
  0x00000218bc5e4b38: 49ba 188c | 1a1e 0000 | 0000 4c89 | 5424 0848 | c704 24ff 

  0x00000218bc5e4b4c: ;   {runtime_call C1 Runtime counter_overflow_blob}
  0x00000218bc5e4b4c: ffff ffe8 

  0x00000218bc5e4b50: ; ImmutableOopMap {rax=Oop [176]=Oop [184]=Oop [192]=Oop [216]=Oop [240]=Oop [248]=Oop }
                      ;*synchronization entry
                      ; - java.lang.Character::isWhitespace@-1 (line 11711)
                      ; - java.lang.Character::isWhitespace@1 (line 11680)
                      ; - com.sun.javafx.text.PrismTextLayout::layout@414 (line 1147)
  0x00000218bc5e4b50: 8c88 db06 | e96e c6ff 

  0x00000218bc5e4b58: ;   {runtime_call C1 Runtime throw_null_pointer_exception_blob}
  0x00000218bc5e4b58: ffe8 821c 

  0x00000218bc5e4b5c: ; ImmutableOopMap {rax=Oop [176]=Oop [184]=Oop [192]=Oop [216]=Oop [240]=Oop [248]=Oop }
                      ;*invokevirtual isWhitespace {reexecute=0 rethrow=0 return_oop=0}
                      ; - java.lang.Character::isWhitespace@5 (line 11711)
                      ; - java.lang.Character::isWhitespace@1 (line 11680)
                      ; - com.sun.javafx.text.PrismTextLayout::layout@414 (line 1147)
                      ;   {metadata({method} {0x00000218d9c8c5c0} 'layout' '()V' in 'com/sun/javafx/text/PrismTextLayout')}
  0x00000218bc5e4b5c: db06 49ba | b8c5 c8d9 | 1802 0000 | 4c89 5424 | 0848 c704 | 24b7 0100 

  0x00000218bc5e4b74: ;   {runtime_call C1 Runtime counter_overflow_blob}
  0x00000218bc5e4b74: 00e8 6688 

  0x00000218bc5e4b78: ; ImmutableOopMap {[176]=Oop [184]=Oop [192]=Oop [216]=Oop [240]=Oop [248]=Oop }
                      ;*goto {reexecute=1 rethrow=0 return_oop=0}
                      ; - (reexecute) com.sun.javafx.text.PrismTextLayout::layout@439 (line 1151)
  0x00000218bc5e4b78: db06 e9c6 

  0x00000218bc5e4b7c: ;   {runtime_call C1 Runtime throw_null_pointer_exception_blob}
  0x00000218bc5e4b7c: c7ff ffe8 

  0x00000218bc5e4b80: ; ImmutableOopMap {r11=Oop rdx=Oop [176]=Oop [184]=Oop [192]=Oop [216]=Oop [240]=Oop [248]=Oop }
                      ;*aaload {reexecute=0 rethrow=0 return_oop=0}
                      ; - com.sun.javafx.text.PrismTextLayout::layout@475 (line 1161)
  0x00000218bc5e4b80: 5c1c db06 

  0x00000218bc5e4b84: ;   {runtime_call C1 Runtime throw_null_pointer_exception_blob}
  0x00000218bc5e4b84: e857 1cdb 

  0x00000218bc5e4b88: ; ImmutableOopMap {r11=Oop rdx=Oop [176]=Oop [184]=Oop [192]=Oop [216]=Oop [240]=Oop [248]=Oop }
                      ;*aaload {reexecute=0 rethrow=0 return_oop=0}
                      ; - com.sun.javafx.text.PrismTextLayout::layout@475 (line 1161)
  0x00000218bc5e4b88: 0648 890c | 2448 8954 

  0x00000218bc5e4b90: ;   {runtime_call C1 Runtime throw_range_check_failed_blob}
  0x00000218bc5e4b90: 2408 e849 

  0x00000218bc5e4b94: ; ImmutableOopMap {r11=Oop rdx=Oop [176]=Oop [184]=Oop [192]=Oop [216]=Oop [240]=Oop [248]=Oop }
                      ;*aaload {reexecute=0 rethrow=0 return_oop=0}
                      ; - com.sun.javafx.text.PrismTextLayout::layout@475 (line 1161)
                      ;   {runtime_call C1 Runtime throw_null_pointer_exception_blob}
  0x00000218bc5e4b94: 0edb 06e8 

  0x00000218bc5e4b98: ; ImmutableOopMap {r11=Oop rdx=Oop [176]=Oop [184]=Oop [192]=Oop [216]=Oop [240]=Oop [248]=Oop }
                      ;*invokevirtual getEnd {reexecute=0 rethrow=0 return_oop=0}
                      ; - com.sun.javafx.text.PrismTextLayout::layout@480 (line 1162)
  0x00000218bc5e4b98: 441c db06 

  0x00000218bc5e4b9c: ;   {metadata({method} {0x00000218da06f410} 'getEnd' '()I' in 'com/sun/javafx/text/TextRun')}
  0x00000218bc5e4b9c: 49ba 08f4 | 06da 1802 | 0000 4c89 | 5424 0848 | c704 24ff 

  0x00000218bc5e4bb0: ;   {runtime_call C1 Runtime counter_overflow_blob}
  0x00000218bc5e4bb0: ffff ffe8 

  0x00000218bc5e4bb4: ; ImmutableOopMap {r11=Oop rdx=Oop [176]=Oop [184]=Oop [192]=Oop [216]=Oop [240]=Oop [248]=Oop }
                      ;*synchronization entry
                      ; - com.sun.javafx.text.TextRun::getEnd@-1 (line 86)
                      ; - com.sun.javafx.text.PrismTextLayout::layout@480 (line 1162)
  0x00000218bc5e4bb4: 2888 db06 | e996 c8ff 

  0x00000218bc5e4bbc: ;   {metadata({method} {0x00000218d9c8c5c0} 'layout' '()V' in 'com/sun/javafx/text/PrismTextLayout')}
  0x00000218bc5e4bbc: ff49 bab8 | c5c8 d918 | 0200 004c | 8954 2408 | 48c7 0424 | ee01 0000 

  0x00000218bc5e4bd4: ;   {runtime_call C1 Runtime counter_overflow_blob}
  0x00000218bc5e4bd4: e807 88db 

  0x00000218bc5e4bd8: ; ImmutableOopMap {r11=Oop rdx=Oop [176]=Oop [184]=Oop [192]=Oop [216]=Oop [240]=Oop [248]=Oop }
                      ;*goto {reexecute=1 rethrow=0 return_oop=0}
                      ; - (reexecute) com.sun.javafx.text.PrismTextLayout::layout@494 (line 1163)
  0x00000218bc5e4bd8: 06e9 d0c8 

  0x00000218bc5e4bdc: ;   {runtime_call C1 Runtime throw_null_pointer_exception_blob}
  0x00000218bc5e4bdc: ffff e8fd 

  0x00000218bc5e4be0: ; ImmutableOopMap {r11=Oop rdx=Oop [176]=Oop [184]=Oop [192]=Oop [216]=Oop [240]=Oop [248]=Oop }
                      ;*invokevirtual getStart {reexecute=0 rethrow=0 return_oop=0}
                      ; - com.sun.javafx.text.PrismTextLayout::layout@520 (line 1175)
                      ;   {runtime_call C1 Runtime throw_null_pointer_exception_blob}
  0x00000218bc5e4be0: 1bdb 06e8 

  0x00000218bc5e4be4: ; ImmutableOopMap {r11=Oop rdx=Oop r9=Oop [176]=Oop [184]=Oop [192]=Oop [216]=Oop [240]=Oop [248]=Oop }
                      ;*arraylength {reexecute=0 rethrow=0 return_oop=0}
                      ; - com.sun.javafx.text.PrismTextLayout::layout@577 (line 1192)
  0x00000218bc5e4be4: f81b db06 

  0x00000218bc5e4be8: ;   {runtime_call C1 Runtime new_object_array_blob}
  0x00000218bc5e4be8: e873 30db 

  0x00000218bc5e4bec: ; ImmutableOopMap {r9=Oop [176]=Oop [184]=Oop [192]=Oop [216]=Oop [240]=Oop [248]=Oop [304]=Oop }
                      ;*anewarray {reexecute=0 rethrow=0 return_oop=0}
                      ; - com.sun.javafx.text.PrismTextLayout::layout@589 (line 1193)
  0x00000218bc5e4bec: 06e9 3ccb | ffff 0f1f 

  0x00000218bc5e4bf4: ;   {static_call}
  0x00000218bc5e4bf4: 4400 00e8 

  0x00000218bc5e4bf8: ; ImmutableOopMap {[176]=Oop [184]=Oop [192]=Oop [216]=Oop [240]=Oop [248]=Oop [296]=Oop [304]=Oop }
                      ;*invokestatic arraycopy {reexecute=0 rethrow=0 return_oop=0}
                      ; - com.sun.javafx.text.PrismTextLayout::layout@606 (line 1194)
  0x00000218bc5e4bf8: e4af cd06 | e9ce cbff 

  0x00000218bc5e4c00: ;   {runtime_call C1 Runtime throw_null_pointer_exception_blob}
  0x00000218bc5e4c00: ffe8 da1b 

  0x00000218bc5e4c04: ; ImmutableOopMap {rdx=Oop r8=Oop [176]=Oop [184]=Oop [192]=Oop [216]=Oop [240]=Oop [248]=Oop [296]=Oop [304]=Oop }
                      ;*arraylength {reexecute=0 rethrow=0 return_oop=0}
                      ; - com.sun.javafx.text.PrismTextLayout::layout@627 (line 1195)
                      ;   {static_call}
  0x00000218bc5e4c04: db06 90e8 

  0x00000218bc5e4c08: ; ImmutableOopMap {[176]=Oop [184]=Oop [192]=Oop [216]=Oop [240]=Oop [248]=Oop [296]=Oop [304]=Oop }
                      ;*invokestatic arraycopy {reexecute=0 rethrow=0 return_oop=0}
                      ; - com.sun.javafx.text.PrismTextLayout::layout@633 (line 1195)
  0x00000218bc5e4c08: d4af cd06 | e981 ccff | ff44 8b42 | 4049 c1e0 | 0349 83f8 | 000f 8484 | ccff ff4c 

  0x00000218bc5e4c24: ;   {runtime_call g1_pre_barrier_slow}
  0x00000218bc5e4c24: 8904 24e8 | b48e db06 | e976 ccff | ff48 83f8 | 000f 8493 | ccff ff48 

  0x00000218bc5e4c3c: ;   {runtime_call g1_post_barrier_slow}
  0x00000218bc5e4c3c: 8914 24e8 | 1c97 db06 | e985 ccff | ff66 0f1f 

  0x00000218bc5e4c4c: ;   {static_call}
  0x00000218bc5e4c4c: 4400 00e8 

  0x00000218bc5e4c50: ; ImmutableOopMap {[176]=Oop [184]=Oop [192]=Oop [216]=Oop [240]=Oop [248]=Oop [304]=Oop }
                      ;*invokestatic arraycopy {reexecute=0 rethrow=0 return_oop=0}
                      ; - com.sun.javafx.text.PrismTextLayout::layout@670 (line 1198)
  0x00000218bc5e4c50: 8caf cd06 | e945 cdff 

  0x00000218bc5e4c58: ;   {runtime_call C1 Runtime throw_null_pointer_exception_blob}
  0x00000218bc5e4c58: ffe8 821b 

  0x00000218bc5e4c5c: ; ImmutableOopMap {rax=Oop rdi=Oop [176]=Oop [184]=Oop [192]=Oop [216]=Oop [240]=Oop [248]=Oop [304]=Oop }
                      ;*aastore {reexecute=1 rethrow=0 return_oop=0}
                      ; - (reexecute) com.sun.javafx.text.PrismTextLayout::layout@688 (line 1200)
                      ;   {runtime_call C1 Runtime throw_null_pointer_exception_blob}
  0x00000218bc5e4c5c: db06 e87d 

  0x00000218bc5e4c60: ; ImmutableOopMap {rax=Oop rdi=Oop [176]=Oop [184]=Oop [192]=Oop [216]=Oop [240]=Oop [248]=Oop [304]=Oop }
                      ;*aastore {reexecute=1 rethrow=0 return_oop=0}
                      ; - (reexecute) com.sun.javafx.text.PrismTextLayout::layout@688 (line 1200)
  0x00000218bc5e4c60: 1bdb 0648 | 890c 2448 | 897c 2408 

  0x00000218bc5e4c6c: ;   {runtime_call C1 Runtime throw_range_check_failed_blob}
  0x00000218bc5e4c6c: e86f 0ddb 

  0x00000218bc5e4c70: ; ImmutableOopMap {rax=Oop rdi=Oop [176]=Oop [184]=Oop [192]=Oop [216]=Oop [240]=Oop [248]=Oop [304]=Oop }
                      ;*aastore {reexecute=1 rethrow=0 return_oop=0}
                      ; - (reexecute) com.sun.javafx.text.PrismTextLayout::layout@688 (line 1200)
                      ;   {runtime_call C1 Runtime throw_null_pointer_exception_blob}
  0x00000218bc5e4c70: 06e8 6a1b 

  0x00000218bc5e4c74: ; ImmutableOopMap {rax=Oop rdi=Oop [176]=Oop [184]=Oop [192]=Oop [216]=Oop [240]=Oop [248]=Oop [304]=Oop }
                      ;*aastore {reexecute=1 rethrow=0 return_oop=0}
                      ; - (reexecute) com.sun.javafx.text.PrismTextLayout::layout@688 (line 1200)
  0x00000218bc5e4c74: db06 4889 

  0x00000218bc5e4c78: ;   {runtime_call C1 Runtime throw_array_store_exception_blob}
  0x00000218bc5e4c78: 0424 e861 

  0x00000218bc5e4c7c: ; ImmutableOopMap {rax=Oop rdi=Oop [176]=Oop [184]=Oop [192]=Oop [216]=Oop [240]=Oop [248]=Oop [304]=Oop }
                      ;*aastore {reexecute=1 rethrow=0 return_oop=0}
                      ; - (reexecute) com.sun.javafx.text.PrismTextLayout::layout@688 (line 1200)
  0x00000218bc5e4c7c: 40db 0645 | 8b08 49c1 | e103 4983 | f900 0f84 | b0ce ffff | 4c89 0c24 

  0x00000218bc5e4c94: ;   {runtime_call g1_pre_barrier_slow}
  0x00000218bc5e4c94: e847 8edb | 06e9 a2ce | ffff 4883 | f800 0f84 | b6ce ffff | 4c89 0424 

  0x00000218bc5e4cac: ;   {runtime_call g1_post_barrier_slow}
  0x00000218bc5e4cac: e8af 96db | 06e9 a8ce 

  0x00000218bc5e4cb4: ;   {metadata({method} {0x00000218da06a058} 'isComplex' '()Z' in 'com/sun/javafx/text/TextRun')}
  0x00000218bc5e4cb4: ffff 49ba | 50a0 06da | 1802 0000 | 4c89 5424 | 0848 c704 | 24ff ffff 

  0x00000218bc5e4ccc: ;   {runtime_call C1 Runtime counter_overflow_blob}
  0x00000218bc5e4ccc: ffe8 0e87 

  0x00000218bc5e4cd0: ; ImmutableOopMap {[176]=Oop [184]=Oop [192]=Oop [216]=Oop [240]=Oop [248]=Oop [304]=Oop }
                      ;*synchronization entry
                      ; - com.sun.javafx.text.TextRun::isComplex@-1 (line 158)
                      ; - com.sun.javafx.text.PrismTextLayout::layout@691 (line 1201)
  0x00000218bc5e4cd0: db06 e9de 

  0x00000218bc5e4cd4: ;   {runtime_call C1 Runtime throw_null_pointer_exception_blob}
  0x00000218bc5e4cd4: ceff ffe8 

  0x00000218bc5e4cd8: ; ImmutableOopMap {rdx=Oop r9=Oop [176]=Oop [184]=Oop [192]=Oop [216]=Oop [240]=Oop [248]=Oop }
                      ;*aaload {reexecute=0 rethrow=0 return_oop=0}
                      ; - com.sun.javafx.text.PrismTextLayout::layout@734 (line 1209)
  0x00000218bc5e4cd8: 041b db06 

  0x00000218bc5e4cdc: ;   {runtime_call C1 Runtime throw_null_pointer_exception_blob}
  0x00000218bc5e4cdc: e8ff 1adb 

  0x00000218bc5e4ce0: ; ImmutableOopMap {rdx=Oop r9=Oop [176]=Oop [184]=Oop [192]=Oop [216]=Oop [240]=Oop [248]=Oop }
                      ;*aaload {reexecute=0 rethrow=0 return_oop=0}
                      ; - com.sun.javafx.text.PrismTextLayout::layout@734 (line 1209)
  0x00000218bc5e4ce0: 064c 8904 | 244c 894c 

  0x00000218bc5e4ce8: ;   {runtime_call C1 Runtime throw_range_check_failed_blob}
  0x00000218bc5e4ce8: 2408 e8f1 

  0x00000218bc5e4cec: ; ImmutableOopMap {rdx=Oop r9=Oop [176]=Oop [184]=Oop [192]=Oop [216]=Oop [240]=Oop [248]=Oop }
                      ;*aaload {reexecute=0 rethrow=0 return_oop=0}
                      ; - com.sun.javafx.text.PrismTextLayout::layout@734 (line 1209)
                      ;   {runtime_call C1 Runtime throw_null_pointer_exception_blob}
  0x00000218bc5e4cec: 0cdb 06e8 

  0x00000218bc5e4cf0: ; ImmutableOopMap {rdx=Oop r9=Oop r8=Oop [176]=Oop [184]=Oop [192]=Oop [216]=Oop [240]=Oop [248]=Oop }
                      ;*invokevirtual isLinebreak {reexecute=0 rethrow=0 return_oop=0}
                      ; - com.sun.javafx.text.PrismTextLayout::layout@735 (line 1209)
  0x00000218bc5e4cf0: ec1a db06 

  0x00000218bc5e4cf4: ;   {metadata({method} {0x00000218da06f918} 'isLinebreak' '()Z' in 'com/sun/javafx/text/TextRun')}
  0x00000218bc5e4cf4: 49ba 10f9 | 06da 1802 | 0000 4c89 | 5424 0848 | c704 24ff 

  0x00000218bc5e4d08: ;   {runtime_call C1 Runtime counter_overflow_blob}
  0x00000218bc5e4d08: ffff ffe8 

  0x00000218bc5e4d0c: ; ImmutableOopMap {rdx=Oop r9=Oop r8=Oop [176]=Oop [184]=Oop [192]=Oop [216]=Oop [240]=Oop [248]=Oop }
                      ;*synchronization entry
                      ; - com.sun.javafx.text.TextRun::isLinebreak@-1 (line 118)
                      ; - com.sun.javafx.text.PrismTextLayout::layout@735 (line 1209)
  0x00000218bc5e4d0c: d086 db06 | e968 d0ff | ff48 890c | 244c 894c 

  0x00000218bc5e4d1c: ;   {runtime_call C1 Runtime throw_range_check_failed_blob}
  0x00000218bc5e4d1c: 2408 e8bd 

  0x00000218bc5e4d20: ; ImmutableOopMap {rdx=Oop r9=Oop [176]=Oop [184]=Oop [192]=Oop [216]=Oop [240]=Oop }
                      ;*aaload {reexecute=0 rethrow=0 return_oop=0}
                      ; - com.sun.javafx.text.PrismTextLayout::layout@747 (line 1210)
                      ;   {runtime_call C1 Runtime throw_null_pointer_exception_blob}
  0x00000218bc5e4d20: 0cdb 06e8 

  0x00000218bc5e4d24: ; ImmutableOopMap {rdx=Oop r8=Oop [176]=Oop [184]=Oop [192]=Oop [216]=Oop [240]=Oop }
                      ;*invokevirtual setSoftbreak {reexecute=0 rethrow=0 return_oop=0}
                      ; - com.sun.javafx.text.PrismTextLayout::layout@752 (line 1211)
  0x00000218bc5e4d24: b81a db06 

  0x00000218bc5e4d28: ;   {metadata({method} {0x00000218da06ac40} 'setSoftbreak' '()V' in 'com/sun/javafx/text/TextRun')}
  0x00000218bc5e4d28: 49ba 38ac | 06da 1802 | 0000 4c89 | 5424 0848 | c704 24ff 

  0x00000218bc5e4d3c: ;   {runtime_call C1 Runtime counter_overflow_blob}
  0x00000218bc5e4d3c: ffff ffe8 

  0x00000218bc5e4d40: ; ImmutableOopMap {rdx=Oop r8=Oop [176]=Oop [184]=Oop [192]=Oop [216]=Oop [240]=Oop }
                      ;*synchronization entry
                      ; - com.sun.javafx.text.TextRun::setSoftbreak@-1 (line 247)
                      ; - com.sun.javafx.text.PrismTextLayout::layout@752 (line 1211)
  0x00000218bc5e4d40: 9c86 db06 | e939 d1ff 

  0x00000218bc5e4d48: ;   {runtime_call C1 Runtime throw_null_pointer_exception_blob}
  0x00000218bc5e4d48: ffe8 921a 

  0x00000218bc5e4d4c: ; ImmutableOopMap {rdx=Oop rdi=Oop [176]=Oop [184]=Oop [192]=Oop [216]=Oop [240]=Oop }
                      ;*invokevirtual isBreak {reexecute=0 rethrow=0 return_oop=0}
                      ; - com.sun.javafx.text.PrismTextLayout::layout@776 (line 1231)
                      ;   {metadata({method} {0x00000218da06fb40} 'isBreak' '()Z' in 'com/sun/javafx/text/TextRun')}
  0x00000218bc5e4d4c: db06 49ba | 38fb 06da | 1802 0000 | 4c89 5424 | 0848 c704 | 24ff ffff 

  0x00000218bc5e4d64: ;   {runtime_call C1 Runtime counter_overflow_blob}
  0x00000218bc5e4d64: ffe8 7686 

  0x00000218bc5e4d68: ; ImmutableOopMap {rdx=Oop rdi=Oop [176]=Oop [184]=Oop [192]=Oop [216]=Oop [240]=Oop }
                      ;*synchronization entry
                      ; - com.sun.javafx.text.TextRun::isBreak@-1 (line 130)
                      ; - com.sun.javafx.text.PrismTextLayout::layout@776 (line 1231)
  0x00000218bc5e4d68: db06 e98a 

  0x00000218bc5e4d6c: ;   {metadata({method} {0x000000001e221148} 'add' '(Ljava/lang/Object;)Z' in 'java/util/ArrayList')}
  0x00000218bc5e4d6c: d1ff ff49 | ba40 1122 | 1e00 0000 | 004c 8954 | 2408 48c7 | 0424 ffff 

  0x00000218bc5e4d84: ;   {runtime_call C1 Runtime counter_overflow_blob}
  0x00000218bc5e4d84: ffff e855 

  0x00000218bc5e4d88: ; ImmutableOopMap {rax=Oop [176]=Oop [184]=Oop [192]=Oop [216]=Oop [240]=Oop }
                      ;*synchronization entry
                      ; - java.util.ArrayList::add@-1 (line 496)
                      ; - com.sun.javafx.text.PrismTextLayout::layout@798 (line 1233)
  0x00000218bc5e4d88: 86db 06e9 | 12d3 ffff 

  0x00000218bc5e4d90: ;   {metadata({method} {0x000000001e222068} 'add' '(Ljava/lang/Object;[Ljava/lang/Object;I)V' in 'java/util/ArrayList')}
  0x00000218bc5e4d90: 49ba 6020 | 221e 0000 | 0000 4c89 | 5424 0848 | c704 24ff 

  0x00000218bc5e4da4: ;   {runtime_call C1 Runtime counter_overflow_blob}
  0x00000218bc5e4da4: ffff ffe8 

  0x00000218bc5e4da8: ; ImmutableOopMap {rax=Oop rsi=Oop r8=Oop [176]=Oop [184]=Oop [192]=Oop [216]=Oop [240]=Oop }
                      ;*synchronization entry
                      ; - java.util.ArrayList::add@-1 (line 483)
                      ; - java.util.ArrayList::add@20 (line 497)
                      ; - com.sun.javafx.text.PrismTextLayout::layout@798 (line 1233)
  0x00000218bc5e4da8: 3486 db06 | e94b d3ff 

  0x00000218bc5e4db0: ;   {runtime_call C1 Runtime throw_null_pointer_exception_blob}
  0x00000218bc5e4db0: ffe8 2a1a 

  0x00000218bc5e4db4: ; ImmutableOopMap {rax=Oop rsi=Oop r8=Oop [176]=Oop [184]=Oop [192]=Oop [216]=Oop [240]=Oop }
                      ;*arraylength {reexecute=0 rethrow=0 return_oop=0}
                      ; - java.util.ArrayList::add@2 (line 483)
                      ; - java.util.ArrayList::add@20 (line 497)
                      ; - com.sun.javafx.text.PrismTextLayout::layout@798 (line 1233)
                      ;   {metadata({method} {0x000000001e2221c8} 'grow' '()[Ljava/lang/Object;' in 'java/util/ArrayList')}
  0x00000218bc5e4db4: db06 49ba | c021 221e | 0000 0000 | 4c89 5424 | 0848 c704 | 24ff ffff 

  0x00000218bc5e4dcc: ;   {runtime_call C1 Runtime counter_overflow_blob}
  0x00000218bc5e4dcc: ffe8 0e86 

  0x00000218bc5e4dd0: ; ImmutableOopMap {rsi=Oop [176]=Oop [184]=Oop [192]=Oop [216]=Oop [240]=Oop [336]=Oop }
                      ;*synchronization entry
                      ; - java.util.ArrayList::grow@-1 (line 245)
                      ; - java.util.ArrayList::add@7 (line 484)
                      ; - java.util.ArrayList::add@20 (line 497)
                      ; - com.sun.javafx.text.PrismTextLayout::layout@798 (line 1233)
  0x00000218bc5e4dd0: db06 e999 

  0x00000218bc5e4dd4: ;   {runtime_call C1 Runtime throw_null_pointer_exception_blob}
  0x00000218bc5e4dd4: d3ff ffe8 

  0x00000218bc5e4dd8: ; ImmutableOopMap {r8=Oop rsi=Oop rax=Oop [176]=Oop [184]=Oop [192]=Oop [216]=Oop [240]=Oop }
                      ;*aastore {reexecute=1 rethrow=0 return_oop=0}
                      ; - (reexecute) java.util.ArrayList::add@14 (line 485)
                      ; - java.util.ArrayList::add@20 (line 497)
                      ; - com.sun.javafx.text.PrismTextLayout::layout@798 (line 1233)
  0x00000218bc5e4dd8: 041a db06 

  0x00000218bc5e4ddc: ;   {runtime_call C1 Runtime throw_null_pointer_exception_blob}
  0x00000218bc5e4ddc: e8ff 19db 

  0x00000218bc5e4de0: ; ImmutableOopMap {r8=Oop rsi=Oop rax=Oop [176]=Oop [184]=Oop [192]=Oop [216]=Oop [240]=Oop }
                      ;*aastore {reexecute=1 rethrow=0 return_oop=0}
                      ; - (reexecute) java.util.ArrayList::add@14 (line 485)
                      ; - java.util.ArrayList::add@20 (line 497)
                      ; - com.sun.javafx.text.PrismTextLayout::layout@798 (line 1233)
  0x00000218bc5e4de0: 0648 893c | 244c 8944 

  0x00000218bc5e4de8: ;   {runtime_call C1 Runtime throw_range_check_failed_blob}
  0x00000218bc5e4de8: 2408 e8f1 

  0x00000218bc5e4dec: ; ImmutableOopMap {r8=Oop rsi=Oop rax=Oop [176]=Oop [184]=Oop [192]=Oop [216]=Oop [240]=Oop }
                      ;*aastore {reexecute=1 rethrow=0 return_oop=0}
                      ; - (reexecute) java.util.ArrayList::add@14 (line 485)
                      ; - java.util.ArrayList::add@20 (line 497)
                      ; - com.sun.javafx.text.PrismTextLayout::layout@798 (line 1233)
                      ;   {runtime_call C1 Runtime throw_null_pointer_exception_blob}
  0x00000218bc5e4dec: 0bdb 06e8 

  0x00000218bc5e4df0: ; ImmutableOopMap {r8=Oop rsi=Oop rax=Oop [176]=Oop [184]=Oop [192]=Oop [216]=Oop [240]=Oop }
                      ;*aastore {reexecute=1 rethrow=0 return_oop=0}
                      ; - (reexecute) java.util.ArrayList::add@14 (line 485)
                      ; - java.util.ArrayList::add@20 (line 497)
                      ; - com.sun.javafx.text.PrismTextLayout::layout@798 (line 1233)
  0x00000218bc5e4df0: ec19 db06 | 4889 0424 

  0x00000218bc5e4df8: ;   {runtime_call C1 Runtime throw_array_store_exception_blob}
  0x00000218bc5e4df8: e8e3 3edb 

  0x00000218bc5e4dfc: ; ImmutableOopMap {r8=Oop rsi=Oop rax=Oop [176]=Oop [184]=Oop [192]=Oop [216]=Oop [240]=Oop }
                      ;*aastore {reexecute=1 rethrow=0 return_oop=0}
                      ; - (reexecute) java.util.ArrayList::add@14 (line 485)
                      ; - java.util.ArrayList::add@20 (line 497)
                      ; - com.sun.javafx.text.PrismTextLayout::layout@798 (line 1233)
  0x00000218bc5e4dfc: 0645 8b08 | 49c1 e103 | 4983 f900 | 0f84 c2d4 | ffff 4c89 

  0x00000218bc5e4e10: ;   {runtime_call g1_pre_barrier_slow}
  0x00000218bc5e4e10: 0c24 e8c9 | 8cdb 06e9 | b4d4 ffff | 4883 f800 | 0f84 c8d4 | ffff 4c89 

  0x00000218bc5e4e28: ;   {runtime_call g1_post_barrier_slow}
  0x00000218bc5e4e28: 0424 e831 | 95db 06e9 | bad4 ffff 

  0x00000218bc5e4e34: ;   {runtime_call C1 Runtime throw_null_pointer_exception_blob}
  0x00000218bc5e4e34: e8a7 19db 

  0x00000218bc5e4e38: ; ImmutableOopMap {rsi=Oop rax=Oop [176]=Oop [184]=Oop [192]=Oop [216]=Oop [240]=Oop }
                      ;*invokevirtual getLength {reexecute=0 rethrow=0 return_oop=0}
                      ; - com.sun.javafx.text.PrismTextLayout::layout@812 (line 1235)
                      ;   {metadata({method} {0x00000218d9c8c5c0} 'layout' '()V' in 'com/sun/javafx/text/PrismTextLayout')}
  0x00000218bc5e4e38: 0649 bab8 | c5c8 d918 | 0200 004c | 8954 2408 | 48c7 0424 | 3803 0000 

  0x00000218bc5e4e50: ;   {runtime_call C1 Runtime counter_overflow_blob}
  0x00000218bc5e4e50: e88b 85db 

  0x00000218bc5e4e54: ; ImmutableOopMap {rsi=Oop [176]=Oop [184]=Oop [192]=Oop [216]=Oop [240]=Oop }
                      ;*goto {reexecute=1 rethrow=0 return_oop=0}
                      ; - (reexecute) com.sun.javafx.text.PrismTextLayout::layout@824 (line 1111)
  0x00000218bc5e4e54: 06e9 1bd5 

  0x00000218bc5e4e58: ;   {runtime_call C1 Runtime throw_null_pointer_exception_blob}
  0x00000218bc5e4e58: ffff e881 

  0x00000218bc5e4e5c: ; ImmutableOopMap {rsi=Oop r8=Oop [176]=Oop [184]=Oop [240]=Oop }
                      ;*invokevirtual dispose {reexecute=0 rethrow=0 return_oop=0}
                      ; - com.sun.javafx.text.PrismTextLayout::layout@832 (line 1239)
                      ;   {metadata({method} {0x00000218d9863908} 'dispose' '()V' in 'com/sun/javafx/text/GlyphLayout')}
  0x00000218bc5e4e5c: 19db 0649 | ba00 3986 | d918 0200 | 004c 8954 | 2408 48c7 | 0424 ffff 

  0x00000218bc5e4e74: ;   {runtime_call C1 Runtime counter_overflow_blob}
  0x00000218bc5e4e74: ffff e865 

  0x00000218bc5e4e78: ; ImmutableOopMap {rsi=Oop r8=Oop [176]=Oop [184]=Oop [240]=Oop }
                      ;*synchronization entry
                      ; - com.sun.javafx.text.GlyphLayout::dispose@-1 (line 433)
                      ; - com.sun.javafx.text.PrismTextLayout::layout@832 (line 1239)
  0x00000218bc5e4e78: 85db 06e9 | 44d6 ffff 

  0x00000218bc5e4e80: ;   {metadata({method} {0x000000001e221148} 'add' '(Ljava/lang/Object;)Z' in 'java/util/ArrayList')}
  0x00000218bc5e4e80: 49ba 4011 | 221e 0000 | 0000 4c89 | 5424 0848 | c704 24ff 

  0x00000218bc5e4e94: ;   {runtime_call C1 Runtime counter_overflow_blob}
  0x00000218bc5e4e94: ffff ffe8 

  0x00000218bc5e4e98: ; ImmutableOopMap {rax=Oop [176]=Oop [184]=Oop [240]=Oop }
                      ;*synchronization entry
                      ; - java.util.ArrayList::add@-1 (line 496)
                      ; - com.sun.javafx.text.PrismTextLayout::layout@851 (line 1241)
  0x00000218bc5e4e98: 4485 db06 | e979 d7ff 

  0x00000218bc5e4ea0: ;   {metadata({method} {0x000000001e222068} 'add' '(Ljava/lang/Object;[Ljava/lang/Object;I)V' in 'java/util/ArrayList')}
  0x00000218bc5e4ea0: ff49 ba60 | 2022 1e00 | 0000 004c | 8954 2408 | 48c7 0424 | ffff ffff 

  0x00000218bc5e4eb8: ;   {runtime_call C1 Runtime counter_overflow_blob}
  0x00000218bc5e4eb8: e823 85db 

  0x00000218bc5e4ebc: ; ImmutableOopMap {rax=Oop rsi=Oop r8=Oop [176]=Oop [184]=Oop [240]=Oop }
                      ;*synchronization entry
                      ; - java.util.ArrayList::add@-1 (line 483)
                      ; - java.util.ArrayList::add@20 (line 497)
                      ; - com.sun.javafx.text.PrismTextLayout::layout@851 (line 1241)
  0x00000218bc5e4ebc: 06e9 b2d7 

  0x00000218bc5e4ec0: ;   {runtime_call C1 Runtime throw_null_pointer_exception_blob}
  0x00000218bc5e4ec0: ffff e819 

  0x00000218bc5e4ec4: ; ImmutableOopMap {rax=Oop rsi=Oop r8=Oop [176]=Oop [184]=Oop [240]=Oop }
                      ;*arraylength {reexecute=0 rethrow=0 return_oop=0}
                      ; - java.util.ArrayList::add@2 (line 483)
                      ; - java.util.ArrayList::add@20 (line 497)
                      ; - com.sun.javafx.text.PrismTextLayout::layout@851 (line 1241)
                      ;   {metadata({method} {0x000000001e2221c8} 'grow' '()[Ljava/lang/Object;' in 'java/util/ArrayList')}
  0x00000218bc5e4ec4: 19db 0649 | bac0 2122 | 1e00 0000 | 004c 8954 | 2408 48c7 | 0424 ffff 

  0x00000218bc5e4edc: ;   {runtime_call C1 Runtime counter_overflow_blob}
  0x00000218bc5e4edc: ffff e8fd 

  0x00000218bc5e4ee0: ; ImmutableOopMap {rsi=Oop [176]=Oop [184]=Oop [240]=Oop [352]=Oop }
                      ;*synchronization entry
                      ; - java.util.ArrayList::grow@-1 (line 245)
                      ; - java.util.ArrayList::add@7 (line 484)
                      ; - java.util.ArrayList::add@20 (line 497)
                      ; - com.sun.javafx.text.PrismTextLayout::layout@851 (line 1241)
  0x00000218bc5e4ee0: 84db 06e9 | 08d8 ffff 

  0x00000218bc5e4ee8: ;   {runtime_call C1 Runtime throw_null_pointer_exception_blob}
  0x00000218bc5e4ee8: e8f3 18db 

  0x00000218bc5e4eec: ; ImmutableOopMap {r8=Oop r9=Oop rax=Oop [176]=Oop [184]=Oop [240]=Oop }
                      ;*aastore {reexecute=1 rethrow=0 return_oop=0}
                      ; - (reexecute) java.util.ArrayList::add@14 (line 485)
                      ; - java.util.ArrayList::add@20 (line 497)
                      ; - com.sun.javafx.text.PrismTextLayout::layout@851 (line 1241)
                      ;   {runtime_call C1 Runtime throw_null_pointer_exception_blob}
  0x00000218bc5e4eec: 06e8 ee18 

  0x00000218bc5e4ef0: ; ImmutableOopMap {r8=Oop r9=Oop rax=Oop [176]=Oop [184]=Oop [240]=Oop }
                      ;*aastore {reexecute=1 rethrow=0 return_oop=0}
                      ; - (reexecute) java.util.ArrayList::add@14 (line 485)
                      ; - java.util.ArrayList::add@20 (line 497)
                      ; - com.sun.javafx.text.PrismTextLayout::layout@851 (line 1241)
  0x00000218bc5e4ef0: db06 4889 | 3c24 4c89 

  0x00000218bc5e4ef8: ;   {runtime_call C1 Runtime throw_range_check_failed_blob}
  0x00000218bc5e4ef8: 4424 08e8 

  0x00000218bc5e4efc: ; ImmutableOopMap {r8=Oop r9=Oop rax=Oop [176]=Oop [184]=Oop [240]=Oop }
                      ;*aastore {reexecute=1 rethrow=0 return_oop=0}
                      ; - (reexecute) java.util.ArrayList::add@14 (line 485)
                      ; - java.util.ArrayList::add@20 (line 497)
                      ; - com.sun.javafx.text.PrismTextLayout::layout@851 (line 1241)
  0x00000218bc5e4efc: e00a db06 

  0x00000218bc5e4f00: ;   {runtime_call C1 Runtime throw_null_pointer_exception_blob}
  0x00000218bc5e4f00: e8db 18db 

  0x00000218bc5e4f04: ; ImmutableOopMap {r8=Oop r9=Oop rax=Oop [176]=Oop [184]=Oop [240]=Oop }
                      ;*aastore {reexecute=1 rethrow=0 return_oop=0}
                      ; - (reexecute) java.util.ArrayList::add@14 (line 485)
                      ; - java.util.ArrayList::add@20 (line 497)
                      ; - com.sun.javafx.text.PrismTextLayout::layout@851 (line 1241)
  0x00000218bc5e4f04: 0648 8904 

  0x00000218bc5e4f08: ;   {runtime_call C1 Runtime throw_array_store_exception_blob}
  0x00000218bc5e4f08: 24e8 d23d 

  0x00000218bc5e4f0c: ; ImmutableOopMap {r8=Oop r9=Oop rax=Oop [176]=Oop [184]=Oop [240]=Oop }
                      ;*aastore {reexecute=1 rethrow=0 return_oop=0}
                      ; - (reexecute) java.util.ArrayList::add@14 (line 485)
                      ; - java.util.ArrayList::add@20 (line 497)
                      ; - com.sun.javafx.text.PrismTextLayout::layout@851 (line 1241)
  0x00000218bc5e4f0c: db06 8b13 | 48c1 e203 | 4883 fa00 | 0f84 2cd9 | ffff 4889 

  0x00000218bc5e4f20: ;   {runtime_call g1_pre_barrier_slow}
  0x00000218bc5e4f20: 1424 e8b9 | 8bdb 06e9 | 1ed9 ffff | 4883 f800 | 0f84 32d9 | ffff 4889 

  0x00000218bc5e4f38: ;   {runtime_call g1_post_barrier_slow}
  0x00000218bc5e4f38: 1c24 e821 | 94db 06e9 | 24d9 ffff 

  0x00000218bc5e4f44: ;   {runtime_call C1 Runtime new_object_array_blob}
  0x00000218bc5e4f44: e817 2ddb 

  0x00000218bc5e4f48: ; ImmutableOopMap {r9=Oop r11=Oop [176]=Oop [184]=Oop [240]=Oop }
                      ;*anewarray {reexecute=0 rethrow=0 return_oop=0}
                      ; - com.sun.javafx.text.PrismTextLayout::layout@861 (line 1242)
  0x00000218bc5e4f48: 06e9 41da | ffff 458b | 433c 49c1 | e003 4983 | f800 0f84 | 3dda ffff | 4c89 0424 

  0x00000218bc5e4f64: ;   {runtime_call g1_pre_barrier_slow}
  0x00000218bc5e4f64: e877 8bdb | 06e9 2fda | ffff 4883 | f800 0f84 | 44da ffff | 4c89 1c24 

  0x00000218bc5e4f7c: ;   {runtime_call g1_post_barrier_slow}
  0x00000218bc5e4f7c: e8df 93db | 06e9 36da 

  0x00000218bc5e4f84: ;   {runtime_call C1 Runtime throw_null_pointer_exception_blob}
  0x00000218bc5e4f84: ffff e855 

  0x00000218bc5e4f88: ; ImmutableOopMap {rdx=Oop rax=Oop rbx=Oop [176]=Oop [184]=Oop }
                      ;*arraylength {reexecute=0 rethrow=0 return_oop=0}
                      ; - com.sun.javafx.text.PrismTextLayout::layout@950 (line 1256)
                      ;   {runtime_call C1 Runtime throw_null_pointer_exception_blob}
  0x00000218bc5e4f88: 18db 06e8 

  0x00000218bc5e4f8c: ; ImmutableOopMap {rdx=Oop rax=Oop rbx=Oop [176]=Oop [184]=Oop [376]=Oop }
                      ;*invokevirtual getStart {reexecute=0 rethrow=0 return_oop=0}
                      ; - com.sun.javafx.text.PrismTextLayout::layout@965 (line 1258)
  0x00000218bc5e4f8c: 5018 db06 

  0x00000218bc5e4f90: ;   {runtime_call C1 Runtime throw_null_pointer_exception_blob}
  0x00000218bc5e4f90: e84b 18db 

  0x00000218bc5e4f94: ; ImmutableOopMap {rdx=Oop rax=Oop rbx=Oop rcx=Oop [176]=Oop [184]=Oop [376]=Oop [384]=Oop }
                      ;*invokevirtual getWidth {reexecute=0 rethrow=0 return_oop=0}
                      ; - com.sun.javafx.text.PrismTextLayout::layout@981 (line 1262)
                      ;   {metadata({method} {0x00000218d980adc0} 'getWidth' '()F' in 'com/sun/javafx/geom/RectBounds')}
  0x00000218bc5e4f94: 0649 bab8 | ad80 d918 | 0200 004c | 8954 2408 | 48c7 0424 | ffff ffff 

  0x00000218bc5e4fac: ;   {runtime_call C1 Runtime counter_overflow_blob}
  0x00000218bc5e4fac: e82f 84db 

  0x00000218bc5e4fb0: ; ImmutableOopMap {rdx=Oop rax=Oop rbx=Oop rcx=Oop [176]=Oop [184]=Oop [376]=Oop [384]=Oop }
                      ;*synchronization entry
                      ; - com.sun.javafx.geom.RectBounds::getWidth@-1 (line 90)
                      ; - com.sun.javafx.text.PrismTextLayout::layout@981 (line 1262)
  0x00000218bc5e4fb0: 06e9 9bdd 

  0x00000218bc5e4fb4: ;   {metadata({method} {0x00000218da078340} 'setAlignment' '(F)V' in 'com/sun/javafx/text/TextLine')}
  0x00000218bc5e4fb4: ffff 49ba | 3883 07da | 1802 0000 | 4c89 5424 | 0848 c704 | 24ff ffff 

  0x00000218bc5e4fcc: ;   {runtime_call C1 Runtime counter_overflow_blob}
  0x00000218bc5e4fcc: ffe8 0e84 

  0x00000218bc5e4fd0: ; ImmutableOopMap {rdx=Oop rax=Oop rbx=Oop rcx=Oop [176]=Oop [184]=Oop [376]=Oop [384]=Oop }
                      ;*synchronization entry
                      ; - com.sun.javafx.text.TextLine::setAlignment@-1 (line 86)
                      ; - com.sun.javafx.text.PrismTextLayout::layout@994 (line 1263)
  0x00000218bc5e4fd0: db06 e9d9 

  0x00000218bc5e4fd4: ;   {runtime_call C1 Runtime throw_null_pointer_exception_blob}
  0x00000218bc5e4fd4: ddff ffe8 

  0x00000218bc5e4fd8: ; ImmutableOopMap {rdx=Oop rax=Oop rbx=Oop rcx=Oop r9=Oop [176]=Oop [184]=Oop [360]=Oop [376]=Oop [384]=Oop }
                      ;*arraylength {reexecute=0 rethrow=0 return_oop=0}
                      ; - com.sun.javafx.text.PrismTextLayout::layout@1034 (line 1269)
  0x00000218bc5e4fd8: 0418 db06 | 4889 3424 | 4c89 4c24 

  0x00000218bc5e4fe4: ;   {runtime_call C1 Runtime throw_range_check_failed_blob}
  0x00000218bc5e4fe4: 08e8 f609 

  0x00000218bc5e4fe8: ; ImmutableOopMap {rdx=Oop rax=Oop rbx=Oop rcx=Oop r9=Oop [176]=Oop [184]=Oop [360]=Oop [376]=Oop [384]=Oop }
                      ;*aaload {reexecute=0 rethrow=0 return_oop=0}
                      ; - com.sun.javafx.text.PrismTextLayout::layout@1048 (line 1270)
                      ;   {runtime_call C1 Runtime throw_null_pointer_exception_blob}
  0x00000218bc5e4fe8: db06 e8f1 

  0x00000218bc5e4fec: ; ImmutableOopMap {rdx=Oop rax=Oop rbx=Oop rcx=Oop r9=Oop rsi=Oop [176]=Oop [184]=Oop [360]=Oop [376]=Oop [384]=Oop }
                      ;*invokevirtual isSoftbreak {reexecute=0 rethrow=0 return_oop=0}
                      ; - com.sun.javafx.text.PrismTextLayout::layout@1049 (line 1270)
                      ;   {metadata({method} {0x00000218da06fa88} 'isSoftbreak' '()Z' in 'com/sun/javafx/text/TextRun')}
  0x00000218bc5e4fec: 17db 0649 | ba80 fa06 | da18 0200 | 004c 8954 | 2408 48c7 | 0424 ffff 

  0x00000218bc5e5004: ;   {runtime_call C1 Runtime counter_overflow_blob}
  0x00000218bc5e5004: ffff e8d5 

  0x00000218bc5e5008: ; ImmutableOopMap {rdx=Oop rax=Oop rbx=Oop rcx=Oop rsi=Oop [176]=Oop [184]=Oop [360]=Oop [376]=Oop [384]=Oop }
                      ;*synchronization entry
                      ; - com.sun.javafx.text.TextRun::isSoftbreak@-1 (line 126)
                      ; - com.sun.javafx.text.PrismTextLayout::layout@1049 (line 1270)
  0x00000218bc5e5008: 83db 06e9 | 40e1 ffff 

  0x00000218bc5e5010: ;   {runtime_call C1 Runtime throw_null_pointer_exception_blob}
  0x00000218bc5e5010: e8cb 17db 

  0x00000218bc5e5014: ; ImmutableOopMap {rdx=Oop rax=Oop rbx=Oop rcx=Oop [176]=Oop [184]=Oop [360]=Oop [376]=Oop [384]=Oop }
                      ;*caload {reexecute=0 rethrow=0 return_oop=0}
                      ; - com.sun.javafx.text.PrismTextLayout::layout@1092 (line 1276)
                      ;   {runtime_call C1 Runtime throw_null_pointer_exception_blob}
  0x00000218bc5e5014: 06e8 c617 

  0x00000218bc5e5018: ; ImmutableOopMap {rdx=Oop rax=Oop rbx=Oop rcx=Oop [176]=Oop [184]=Oop [360]=Oop [376]=Oop [384]=Oop }
                      ;*caload {reexecute=0 rethrow=0 return_oop=0}
                      ; - com.sun.javafx.text.PrismTextLayout::layout@1092 (line 1276)
  0x00000218bc5e5018: db06 4889 | 3424 4889 

  0x00000218bc5e5020: ;   {runtime_call C1 Runtime throw_range_check_failed_blob}
  0x00000218bc5e5020: 4424 08e8 

  0x00000218bc5e5024: ; ImmutableOopMap {rdx=Oop rax=Oop rbx=Oop rcx=Oop [176]=Oop [184]=Oop [360]=Oop [376]=Oop [384]=Oop }
                      ;*caload {reexecute=0 rethrow=0 return_oop=0}
                      ; - com.sun.javafx.text.PrismTextLayout::layout@1092 (line 1276)
  0x00000218bc5e5024: b809 db06 

  0x00000218bc5e5028: ;   {runtime_call C1 Runtime throw_null_pointer_exception_blob}
  0x00000218bc5e5028: e8b3 17db 

  0x00000218bc5e502c: ; ImmutableOopMap {rdx=Oop rax=Oop rbx=Oop rcx=Oop [176]=Oop [184]=Oop [360]=Oop [376]=Oop [384]=Oop }
                      ;*caload {reexecute=0 rethrow=0 return_oop=0}
                      ; - com.sun.javafx.text.PrismTextLayout::layout@1109 (line 1277)
                      ;   {runtime_call C1 Runtime throw_null_pointer_exception_blob}
  0x00000218bc5e502c: 06e8 ae17 

  0x00000218bc5e5030: ; ImmutableOopMap {rdx=Oop rax=Oop rbx=Oop rcx=Oop [176]=Oop [184]=Oop [360]=Oop [376]=Oop [384]=Oop }
                      ;*caload {reexecute=0 rethrow=0 return_oop=0}
                      ; - com.sun.javafx.text.PrismTextLayout::layout@1109 (line 1277)
  0x00000218bc5e5030: db06 4889 | 3424 4889 

  0x00000218bc5e5038: ;   {runtime_call C1 Runtime throw_range_check_failed_blob}
  0x00000218bc5e5038: 4424 08e8 

  0x00000218bc5e503c: ; ImmutableOopMap {rdx=Oop rax=Oop rbx=Oop rcx=Oop [176]=Oop [184]=Oop [360]=Oop [376]=Oop [384]=Oop }
                      ;*caload {reexecute=0 rethrow=0 return_oop=0}
                      ; - com.sun.javafx.text.PrismTextLayout::layout@1109 (line 1277)
  0x00000218bc5e503c: a009 db06 

  0x00000218bc5e5040: ;   {metadata({method} {0x00000218d9c8c5c0} 'layout' '()V' in 'com/sun/javafx/text/PrismTextLayout')}
  0x00000218bc5e5040: 49ba b8c5 | c8d9 1802 | 0000 4c89 | 5424 0848 | c704 2461 

  0x00000218bc5e5054: ;   {runtime_call C1 Runtime counter_overflow_blob}
  0x00000218bc5e5054: 0400 00e8 

  0x00000218bc5e5058: ; ImmutableOopMap {rdx=Oop rax=Oop rbx=Oop rcx=Oop [176]=Oop [184]=Oop [360]=Oop [376]=Oop [384]=Oop }
                      ;*goto {reexecute=1 rethrow=0 return_oop=0}
                      ; - (reexecute) com.sun.javafx.text.PrismTextLayout::layout@1121 (line 1275)
  0x00000218bc5e5058: 8483 db06 | e9f1 e2ff 

  0x00000218bc5e5060: ;   {metadata({method} {0x00000218d980adc0} 'getWidth' '()F' in 'com/sun/javafx/geom/RectBounds')}
  0x00000218bc5e5060: ff49 bab8 | ad80 d918 | 0200 004c | 8954 2408 | 48c7 0424 | ffff ffff 

  0x00000218bc5e5078: ;   {runtime_call C1 Runtime counter_overflow_blob}
  0x00000218bc5e5078: e863 83db 

  0x00000218bc5e507c: ; ImmutableOopMap {rdx=Oop rax=Oop rbx=Oop rcx=Oop [176]=Oop [184]=Oop [360]=Oop [376]=Oop [384]=Oop }
                      ;*synchronization entry
                      ; - com.sun.javafx.geom.RectBounds::getWidth@-1 (line 90)
                      ; - com.sun.javafx.text.PrismTextLayout::layout@1133 (line 1280)
  0x00000218bc5e507c: 06e9 dee3 

  0x00000218bc5e5080: ;   {runtime_call C1 Runtime throw_null_pointer_exception_blob}
  0x00000218bc5e5080: ffff e859 

  0x00000218bc5e5084: ; ImmutableOopMap {r9=Oop rdi=Oop [176]=Oop [184]=Oop [360]=Oop [376]=Oop [384]=Oop [400]=Oop }
                      ;*invokevirtual getStart {reexecute=0 rethrow=0 return_oop=0}
                      ; - com.sun.javafx.text.PrismTextLayout::layout@1162 (line 1284)
                      ;   {metadata({method} {0x00000218da06f410} 'getEnd' '()I' in 'com/sun/javafx/text/TextRun')}
  0x00000218bc5e5084: 17db 0649 | ba08 f406 | da18 0200 | 004c 8954 | 2408 48c7 | 0424 ffff 

  0x00000218bc5e509c: ;   {runtime_call C1 Runtime counter_overflow_blob}
  0x00000218bc5e509c: ffff e83d 

  0x00000218bc5e50a0: ; ImmutableOopMap {r9=Oop rdi=Oop [176]=Oop [184]=Oop [360]=Oop [376]=Oop [384]=Oop [400]=Oop }
                      ;*synchronization entry
                      ; - com.sun.javafx.text.TextRun::getEnd@-1 (line 86)
                      ; - com.sun.javafx.text.PrismTextLayout::layout@1169 (line 1285)
  0x00000218bc5e50a0: 83db 06e9 | c8e4 ffff 

  0x00000218bc5e50a8: ;   {runtime_call C1 Runtime throw_null_pointer_exception_blob}
  0x00000218bc5e50a8: e833 17db 

  0x00000218bc5e50ac: ; ImmutableOopMap {rax=Oop [176]=Oop [184]=Oop [360]=Oop [376]=Oop [384]=Oop [400]=Oop }
                      ;*caload {reexecute=0 rethrow=0 return_oop=0}
                      ; - com.sun.javafx.text.PrismTextLayout::layout@1188 (line 1288)
                      ;   {runtime_call C1 Runtime throw_null_pointer_exception_blob}
  0x00000218bc5e50ac: 06e8 2e17 

  0x00000218bc5e50b0: ; ImmutableOopMap {rax=Oop [176]=Oop [184]=Oop [360]=Oop [376]=Oop [384]=Oop [400]=Oop }
                      ;*caload {reexecute=0 rethrow=0 return_oop=0}
                      ; - com.sun.javafx.text.PrismTextLayout::layout@1188 (line 1288)
  0x00000218bc5e50b0: db06 4889 | 1c24 4889 

  0x00000218bc5e50b8: ;   {runtime_call C1 Runtime throw_range_check_failed_blob}
  0x00000218bc5e50b8: 4424 08e8 

  0x00000218bc5e50bc: ; ImmutableOopMap {rax=Oop [176]=Oop [184]=Oop [360]=Oop [376]=Oop [384]=Oop [400]=Oop }
                      ;*caload {reexecute=0 rethrow=0 return_oop=0}
                      ; - com.sun.javafx.text.PrismTextLayout::layout@1188 (line 1288)
  0x00000218bc5e50bc: 2009 db06 

  0x00000218bc5e50c0: ;   {metadata({method} {0x00000218d9c8c5c0} 'layout' '()V' in 'com/sun/javafx/text/PrismTextLayout')}
  0x00000218bc5e50c0: 49ba b8c5 | c8d9 1802 | 0000 4c89 | 5424 0848 | c704 24c4 

  0x00000218bc5e50d4: ;   {runtime_call C1 Runtime counter_overflow_blob}
  0x00000218bc5e50d4: 0400 00e8 

  0x00000218bc5e50d8: ; ImmutableOopMap {[176]=Oop [184]=Oop [360]=Oop [376]=Oop [384]=Oop [400]=Oop }
                      ;*goto {reexecute=1 rethrow=0 return_oop=0}
                      ; - (reexecute) com.sun.javafx.text.PrismTextLayout::layout@1220 (line 1286)
  0x00000218bc5e50d8: 0483 db06 | e9eb e5ff 

  0x00000218bc5e50e0: ;   {metadata({method} {0x00000218d9c8c5c0} 'layout' '()V' in 'com/sun/javafx/text/PrismTextLayout')}
  0x00000218bc5e50e0: ff49 bab8 | c5c8 d918 | 0200 004c | 8954 2408 | 48c7 0424 | ca04 0000 

  0x00000218bc5e50f8: ;   {runtime_call C1 Runtime counter_overflow_blob}
  0x00000218bc5e50f8: e8e3 82db 

  0x00000218bc5e50fc: ; ImmutableOopMap {[176]=Oop [184]=Oop [360]=Oop [376]=Oop [384]=Oop }
                      ;*goto {reexecute=1 rethrow=0 return_oop=0}
                      ; - (reexecute) com.sun.javafx.text.PrismTextLayout::layout@1226 (line 1282)
  0x00000218bc5e50fc: 06e9 2ae6 

  0x00000218bc5e5100: ;   {metadata({method} {0x00000218da078340} 'setAlignment' '(F)V' in 'com/sun/javafx/text/TextLine')}
  0x00000218bc5e5100: ffff 49ba | 3883 07da | 1802 0000 | 4c89 5424 | 0848 c704 | 24ff ffff 

  0x00000218bc5e5118: ;   {runtime_call C1 Runtime counter_overflow_blob}
  0x00000218bc5e5118: ffe8 c282 

  0x00000218bc5e511c: ; ImmutableOopMap {rbx=Oop [176]=Oop [184]=Oop [376]=Oop [384]=Oop }
                      ;*synchronization entry
                      ; - com.sun.javafx.text.TextLine::setAlignment@-1 (line 86)
                      ; - com.sun.javafx.text.PrismTextLayout::layout@1236 (line 1295)
  0x00000218bc5e511c: db06 e9a7 

  0x00000218bc5e5120: ;   {runtime_call C1 Runtime throw_null_pointer_exception_blob}
  0x00000218bc5e5120: e6ff ffe8 

  0x00000218bc5e5124: ; ImmutableOopMap {rbx=Oop r8=Oop [176]=Oop [184]=Oop [376]=Oop [384]=Oop }
                      ;*invokevirtual setMinX {reexecute=0 rethrow=0 return_oop=0}
                      ; - com.sun.javafx.text.TextLine::setAlignment@5 (line 86)
                      ; - com.sun.javafx.text.PrismTextLayout::layout@1236 (line 1295)
  0x00000218bc5e5124: b816 db06 

  0x00000218bc5e5128: ;   {metadata({method} {0x00000218da0783e8} 'setWidth' '(F)V' in 'com/sun/javafx/text/TextLine')}
  0x00000218bc5e5128: 49ba e083 | 07da 1802 | 0000 4c89 | 5424 0848 | c704 24ff 

  0x00000218bc5e513c: ;   {runtime_call C1 Runtime counter_overflow_blob}
  0x00000218bc5e513c: ffff ffe8 

  0x00000218bc5e5140: ; ImmutableOopMap {rbx=Oop r8=Oop [176]=Oop [184]=Oop [376]=Oop [384]=Oop }
                      ;*synchronization entry
                      ; - com.sun.javafx.text.TextLine::setWidth@-1 (line 91)
                      ; - com.sun.javafx.text.PrismTextLayout::layout@1243 (line 1296)
  0x00000218bc5e5140: 9c82 db06 | e9a2 e8ff 

  0x00000218bc5e5148: ;   {runtime_call C1 Runtime throw_null_pointer_exception_blob}
  0x00000218bc5e5148: ffe8 9216 

  0x00000218bc5e514c: ; ImmutableOopMap {rsi=Oop rax=Oop [176]=Oop [184]=Oop [376]=Oop [384]=Oop [432]=Oop }
                      ;*invokevirtual setLocation {reexecute=0 rethrow=0 return_oop=0}
                      ; - com.sun.javafx.text.PrismTextLayout::layout@1303 (line 1312)
  0x00000218bc5e514c: db06 8b50 | 5048 c1e2 | 0348 83fa | 000f 844c | ebff ff48 

  0x00000218bc5e5160: ;   {runtime_call g1_pre_barrier_slow}
  0x00000218bc5e5160: 8914 24e8 | 7889 db06 | e93e ebff | ff48 83fb | 000f 845b | ebff ff48 

  0x00000218bc5e5178: ;   {runtime_call g1_post_barrier_slow}
  0x00000218bc5e5178: 8904 24e8 | e091 db06 | e94d ebff 

  0x00000218bc5e5184: ;   {metadata({method} {0x00000218d9c8c5c0} 'layout' '()V' in 'com/sun/javafx/text/PrismTextLayout')}
  0x00000218bc5e5184: ff49 bab8 | c5c8 d918 | 0200 004c | 8954 2408 | 48c7 0424 | 2e05 0000 

  0x00000218bc5e519c: ;   {runtime_call C1 Runtime counter_overflow_blob}
  0x00000218bc5e519c: e83f 82db 

  0x00000218bc5e51a0: ; ImmutableOopMap {[176]=Oop [184]=Oop [376]=Oop [384]=Oop [432]=Oop }
                      ;*goto {reexecute=1 rethrow=0 return_oop=0}
                      ; - (reexecute) com.sun.javafx.text.PrismTextLayout::layout@1326 (line 1310)
  0x00000218bc5e51a0: 06e9 8feb 

  0x00000218bc5e51a4: ;   {runtime_call C1 Runtime throw_null_pointer_exception_blob}
  0x00000218bc5e51a4: ffff e835 

  0x00000218bc5e51a8: ; ImmutableOopMap {rsi=Oop [176]=Oop [184]=Oop [376]=Oop [384]=Oop [432]=Oop }
                      ;*arraylength {reexecute=0 rethrow=0 return_oop=0}
                      ; - com.sun.javafx.text.PrismTextLayout::layout@1286 (line 1310)
                      ;   {runtime_call C1 Runtime throw_null_pointer_exception_blob}
  0x00000218bc5e51a8: 16db 06e8 

  0x00000218bc5e51ac: ; ImmutableOopMap {rdx=Oop [176]=Oop [184]=Oop [376]=Oop [384]=Oop }
                      ;*arraylength {reexecute=0 rethrow=0 return_oop=0}
                      ; - com.sun.javafx.text.PrismTextLayout::layout@1337 (line 1316)
  0x00000218bc5e51ac: 3016 db06 

  0x00000218bc5e51b0: ;   {metadata({method} {0x00000218d980ae60} 'getHeight' '()F' in 'com/sun/javafx/geom/RectBounds')}
  0x00000218bc5e51b0: 49ba 58ae | 80d9 1802 | 0000 4c89 | 5424 0848 | c704 24ff 

  0x00000218bc5e51c4: ;   {runtime_call C1 Runtime counter_overflow_blob}
  0x00000218bc5e51c4: ffff ffe8 

  0x00000218bc5e51c8: ; ImmutableOopMap {rdx=Oop rcx=Oop [176]=Oop [184]=Oop [384]=Oop }
                      ;*synchronization entry
                      ; - com.sun.javafx.geom.RectBounds::getHeight@-1 (line 98)
                      ; - com.sun.javafx.text.PrismTextLayout::layout@1347 (line 1317)
  0x00000218bc5e51c8: 1482 db06 | e9be ecff 

  0x00000218bc5e51d0: ;   {metadata({method} {0x00000218d980ae60} 'getHeight' '()F' in 'com/sun/javafx/geom/RectBounds')}
  0x00000218bc5e51d0: ff49 ba58 | ae80 d918 | 0200 004c | 8954 2408 | 48c7 0424 | ffff ffff 

  0x00000218bc5e51e8: ;   {runtime_call C1 Runtime counter_overflow_blob}
  0x00000218bc5e51e8: e8f3 81db 

  0x00000218bc5e51ec: ; ImmutableOopMap {rbx=Oop rcx=Oop [176]=Oop [184]=Oop [376]=Oop [384]=Oop }
                      ;*synchronization entry
                      ; - com.sun.javafx.geom.RectBounds::getHeight@-1 (line 98)
                      ; - com.sun.javafx.text.PrismTextLayout::layout@1368 (line 1319)
  0x00000218bc5e51ec: 06e9 bded 

  0x00000218bc5e51f0: ;   {metadata({method} {0x00000218d9c8c5c0} 'layout' '()V' in 'com/sun/javafx/text/PrismTextLayout')}
  0x00000218bc5e51f0: ffff 49ba | b8c5 c8d9 | 1802 0000 | 4c89 5424 | 0848 c704 | 2467 0500 

  0x00000218bc5e5208: ;   {runtime_call C1 Runtime counter_overflow_blob}
  0x00000218bc5e5208: 00e8 d281 

  0x00000218bc5e520c: ; ImmutableOopMap {[176]=Oop [184]=Oop }
                      ;*goto {reexecute=1 rethrow=0 return_oop=0}
                      ; - (reexecute) com.sun.javafx.text.PrismTextLayout::layout@1383 (line 1256)
  0x00000218bc5e520c: db06 e9ff | edff ff48 | c704 2400 | 0000 0048 | 895c 2408 

  0x00000218bc5e5220: ;   {runtime_call C1 Runtime throw_range_check_failed_blob}
  0x00000218bc5e5220: e8bb 07db 

  0x00000218bc5e5224: ; ImmutableOopMap {rdx=Oop rbx=Oop [176]=Oop [184]=Oop }
                      ;*aaload {reexecute=0 rethrow=0 return_oop=0}
                      ; - com.sun.javafx.text.PrismTextLayout::layout@1391 (line 1322)
                      ;   {runtime_call C1 Runtime throw_null_pointer_exception_blob}
  0x00000218bc5e5224: 06e8 b615 

  0x00000218bc5e5228: ; ImmutableOopMap {rdx=Oop rsi=Oop [176]=Oop [184]=Oop }
                      ;*invokevirtual getBounds {reexecute=0 rethrow=0 return_oop=0}
                      ; - com.sun.javafx.text.PrismTextLayout::layout@1392 (line 1322)
                      ;   {runtime_call C1 Runtime throw_null_pointer_exception_blob}
  0x00000218bc5e5228: db06 e8b1 

  0x00000218bc5e522c: ; ImmutableOopMap {rdx=Oop rsi=Oop [176]=Oop [184]=Oop }
                      ;*invokevirtual getMinY {reexecute=0 rethrow=0 return_oop=0}
                      ; - com.sun.javafx.text.PrismTextLayout::layout@1395 (line 1322)
                      ;   {runtime_call C1 Runtime throw_null_pointer_exception_blob}
  0x00000218bc5e522c: 15db 06e8 

  0x00000218bc5e5230: ; ImmutableOopMap {rdx=Oop rsi=Oop [176]=Oop [184]=Oop }
                      ;*invokevirtual deriveWithNewBounds {reexecute=0 rethrow=0 return_oop=0}
                      ; - com.sun.javafx.text.PrismTextLayout::layout@1427 (line 1324)
  0x00000218bc5e5230: ac15 db06 | 8b72 4448 | c1e6 0348 | 83fe 000f | 84dc efff | ff48 8934 

  0x00000218bc5e5248: ;   {runtime_call g1_pre_barrier_slow}
  0x00000218bc5e5248: 24e8 9288 | db06 e9ce | efff ff48 | 83f8 000f | 84e3 efff | ff48 8914 

  0x00000218bc5e5260: ;   {runtime_call g1_post_barrier_slow}
  0x00000218bc5e5260: 24e8 fa90 | db06 e9d5 

  0x00000218bc5e5268: ;   {runtime_call C1 Runtime throw_null_pointer_exception_blob}
  0x00000218bc5e5268: efff ffe8 

  0x00000218bc5e526c: ; ImmutableOopMap {rdx=Oop [176]=Oop [184]=Oop }
                      ;*getfield valid {reexecute=1 rethrow=0 return_oop=0}
                      ; - (reexecute) com.sun.javafx.text.PrismTextLayout::layout@1451 (line 1329)
  0x00000218bc5e526c: 7015 db06 

  0x00000218bc5e5270: ; implicit exception: dispatches to 0x00000218bc5e53c6
  0x00000218bc5e5270: 8b78 2c48 | c1e7 0348 | 83ff 000f | 84c8 f0ff | ff48 893c 

  0x00000218bc5e5284: ;   {runtime_call g1_pre_barrier_slow}
  0x00000218bc5e5284: 24e8 5688 | db06 e9ba 

  0x00000218bc5e528c: ;   {runtime_call C1 Runtime throw_null_pointer_exception_blob}
  0x00000218bc5e528c: f0ff ffe8 

  0x00000218bc5e5290: ; ImmutableOopMap {rdx=Oop rax=Oop rsi=Oop [176]=Oop [184]=Oop }
                      ;*putfield font {reexecute=1 rethrow=0 return_oop=0}
                      ; - (reexecute) com.sun.javafx.text.PrismTextLayout::layout@1472 (line 1335)
  0x00000218bc5e5290: 4c15 db06 | 4883 fe00 | 0f84 caf0 | ffff 4889 

  0x00000218bc5e52a0: ;   {runtime_call g1_post_barrier_slow}
  0x00000218bc5e52a0: 0424 e8b9 | 90db 06e9 | bcf0 ffff | 8b78 2848 | c1e7 0348 | 83ff 000f | 84bf f0ff | ff48 893c 
  0x00000218bc5e52c0: ;   {runtime_call g1_pre_barrier_slow}
  0x00000218bc5e52c0: 24e8 1a88 | db06 e9b1 | f0ff ff48 | 83fe 000f | 84c6 f0ff | ff48 8904 

  0x00000218bc5e52d8: ;   {runtime_call g1_post_barrier_slow}
  0x00000218bc5e52d8: 24e8 8290 | db06 e9b8 | f0ff ff8b | 7830 48c1 | e703 4883 | ff00 0f84 | bbf0 ffff | 4889 3c24 
  0x00000218bc5e52f8: ;   {runtime_call g1_pre_barrier_slow}
  0x00000218bc5e52f8: e8e3 87db | 06e9 adf0 | ffff 4883 | fe00 0f84 | c2f0 ffff | 4889 0424 

  0x00000218bc5e5310: ;   {runtime_call g1_post_barrier_slow}
  0x00000218bc5e5310: e84b 90db | 06e9 b4f0 | ffff 8b78 | 3448 c1e7 | 0348 83ff | 000f 84bd | f0ff ff48 

  0x00000218bc5e532c: ;   {runtime_call g1_pre_barrier_slow}
  0x00000218bc5e532c: 893c 24e8 | ac87 db06 | e9af f0ff | ff48 83fe | 000f 84c4 | f0ff ff48 

  0x00000218bc5e5344: ;   {runtime_call g1_post_barrier_slow}
  0x00000218bc5e5344: 8904 24e8 | 1490 db06 | e9b6 f0ff | ff48 8974 | 2408 4889 

  0x00000218bc5e5358: ;   {runtime_call C1 Runtime monitorenter_blob}
  0x00000218bc5e5358: 3c24 e881 

  0x00000218bc5e535c: ; ImmutableOopMap {rdx=Oop rsi=Oop [176]=Oop [184]=Oop [488]=Oop }
                      ;*monitorenter {reexecute=0 rethrow=0 return_oop=0}
                      ; - com.sun.javafx.text.PrismTextLayout::layout@1562 (line 1343)
  0x00000218bc5e535c: 4ddb 06e9 | 2df1 ffff 

  0x00000218bc5e5364: ;   {runtime_call C1 Runtime throw_null_pointer_exception_blob}
  0x00000218bc5e5364: e877 14db 

  0x00000218bc5e5368: ; ImmutableOopMap {rdx=Oop [176]=Oop [488]=Oop }
                      ;*arraylength {reexecute=0 rethrow=0 return_oop=0}
                      ; - com.sun.javafx.text.PrismTextLayout::layout@1564 (line 1344)
  0x00000218bc5e5368: 0648 8d84 | 24e0 0100 | 0048 8904 

  0x00000218bc5e5374: ;   {runtime_call C1 Runtime monitorexit_blob}
  0x00000218bc5e5374: 24e8 e653 | db06 e967 

  0x00000218bc5e537c: ;   {runtime_call C1 Runtime throw_null_pointer_exception_blob}
  0x00000218bc5e537c: f3ff ffe8 

  0x00000218bc5e5380: ; ImmutableOopMap {}
                      ;*putfield valid {reexecute=1 rethrow=0 return_oop=0}
                      ; - (reexecute) com.sun.javafx.text.PrismTextLayout::layout@1632 (line 1353)
  0x00000218bc5e5380: 5c14 db06 

  0x00000218bc5e5384: ;   {internal_word}
  0x00000218bc5e5384: 49ba 1147 | 5ebc 1802 | 0000 4d89 | 97e0 0400 

  0x00000218bc5e5394: ;   {runtime_call SafepointBlob}
  0x00000218bc5e5394: 00e9 c6ce 

  0x00000218bc5e5398: ;   {internal_word}
  0x00000218bc5e5398: cd06 49ba | 2447 5ebc | 1802 0000 | 4d89 97e0 

  0x00000218bc5e53a8: ;   {runtime_call SafepointBlob}
  0x00000218bc5e53a8: 0400 00e9 | b0ce cd06 | 488d 8424 | e001 0000 | 4889 0424 

  0x00000218bc5e53bc: ;   {runtime_call C1 Runtime monitorexit_blob}
  0x00000218bc5e53bc: e89f 53db | 06e9 ecf3 

  0x00000218bc5e53c4: ;   {runtime_call C1 Runtime throw_null_pointer_exception_blob}
  0x00000218bc5e53c4: ffff e815 

  0x00000218bc5e53c8: ; ImmutableOopMap {rdx=Oop rax=Oop rsi=Oop [176]=Oop [184]=Oop }
                      ;*putfield font {reexecute=1 rethrow=0 return_oop=0}
                      ; - (reexecute) com.sun.javafx.text.PrismTextLayout::layout@1472 (line 1335)
  0x00000218bc5e53c8: 14db 0649 | 8b87 8805 | 0000 49c7 | 8788 0500 | 0000 0000 | 0049 c787 | 9005 0000 | 0000 0000 
  0x00000218bc5e53e8: 4881 c400 | 0200 005d 

  0x00000218bc5e53f0: ;   {runtime_call C1 Runtime unwind_exception_blob}
  0x00000218bc5e53f0: e96b fbda | 06f4 f4f4 
[Stub Code]
  0x00000218bc5e53f8: ;   {other}
  0x00000218bc5e53f8: 0f1f 4400 

  0x00000218bc5e53fc: ;   {static_stub}
  0x00000218bc5e53fc: 0048 bb00 | 0000 0000 

  0x00000218bc5e5404: ;   {runtime_call nmethod}
  0x00000218bc5e5404: 0000 00e9 | fbff ffff 

  0x00000218bc5e540c: ;   {static_stub}
  0x00000218bc5e540c: 9048 bb00 | 0000 0000 

  0x00000218bc5e5414: ;   {runtime_call nmethod}
  0x00000218bc5e5414: 0000 00e9 | fbff ffff 

  0x00000218bc5e541c: ;   {static_stub}
  0x00000218bc5e541c: 9048 bb00 | 0000 0000 

  0x00000218bc5e5424: ;   {runtime_call nmethod}
  0x00000218bc5e5424: 0000 00e9 | fbff ffff 

  0x00000218bc5e542c: ;   {static_stub}
  0x00000218bc5e542c: 9048 bb00 | 0000 0000 

  0x00000218bc5e5434: ;   {runtime_call nmethod}
  0x00000218bc5e5434: 0000 00e9 | fbff ffff 

  0x00000218bc5e543c: ;   {static_stub}
  0x00000218bc5e543c: 9048 bbe0 | ae06 da18 

  0x00000218bc5e5444: ;   {runtime_call I2C/C2I adapters}
  0x00000218bc5e5444: 0200 00e9 | 6b01 cb06 

  0x00000218bc5e544c: ;   {static_stub}
  0x00000218bc5e544c: 9048 bb00 | 0000 0000 

  0x00000218bc5e5454: ;   {runtime_call nmethod}
  0x00000218bc5e5454: 0000 00e9 | fbff ffff 

  0x00000218bc5e545c: ;   {static_stub}
  0x00000218bc5e545c: 9048 bb00 | 0000 0000 

  0x00000218bc5e5464: ;   {runtime_call nmethod}
  0x00000218bc5e5464: 0000 00e9 | fbff ffff 

  0x00000218bc5e546c: ;   {static_stub}
  0x00000218bc5e546c: 9048 bb00 | 0000 0000 

  0x00000218bc5e5474: ;   {runtime_call nmethod}
  0x00000218bc5e5474: 0000 00e9 | fbff ffff 

  0x00000218bc5e547c: ;   {static_stub}
  0x00000218bc5e547c: 9048 bb00 | 0000 0000 

  0x00000218bc5e5484: ;   {runtime_call nmethod}
  0x00000218bc5e5484: 0000 00e9 | fbff ffff 

  0x00000218bc5e548c: ;   {static_stub}
  0x00000218bc5e548c: 9048 bbd8 | bb06 da18 

  0x00000218bc5e5494: ;   {runtime_call I2C/C2I adapters}
  0x00000218bc5e5494: 0200 00e9 | 9a22 ce06 

  0x00000218bc5e549c: ;   {static_stub}
  0x00000218bc5e549c: 9048 bb00 | 0000 0000 

  0x00000218bc5e54a4: ;   {runtime_call nmethod}
  0x00000218bc5e54a4: 0000 00e9 | fbff ffff 

  0x00000218bc5e54ac: ;   {static_stub}
  0x00000218bc5e54ac: 9048 bb00 | 0000 0000 

  0x00000218bc5e54b4: ;   {runtime_call nmethod}
  0x00000218bc5e54b4: 0000 00e9 | fbff ffff 

  0x00000218bc5e54bc: ;   {static_stub}
  0x00000218bc5e54bc: 9048 bbd0 | a806 da18 

  0x00000218bc5e54c4: ;   {runtime_call I2C/C2I adapters}
  0x00000218bc5e54c4: 0200 00e9 | 7062 dc06 

  0x00000218bc5e54cc: ;   {static_stub}
  0x00000218bc5e54cc: 9048 bb00 | 0000 0000 

  0x00000218bc5e54d4: ;   {runtime_call nmethod}
  0x00000218bc5e54d4: 0000 00e9 | fbff ffff 

  0x00000218bc5e54dc: ;   {static_stub}
  0x00000218bc5e54dc: 9048 bb00 | 0000 0000 

  0x00000218bc5e54e4: ;   {runtime_call nmethod}
  0x00000218bc5e54e4: 0000 00e9 | fbff ffff 

  0x00000218bc5e54ec: ;   {static_stub}
  0x00000218bc5e54ec: 9048 bb00 | 0000 0000 

  0x00000218bc5e54f4: ;   {runtime_call nmethod}
  0x00000218bc5e54f4: 0000 00e9 | fbff ffff 

  0x00000218bc5e54fc: ;   {static_stub}
  0x00000218bc5e54fc: 9048 bb00 | 0000 0000 

  0x00000218bc5e5504: ;   {runtime_call nmethod}
  0x00000218bc5e5504: 0000 00e9 | fbff ffff 

  0x00000218bc5e550c: ;   {static_stub}
  0x00000218bc5e550c: 48bb 0000 | 0000 0000 

  0x00000218bc5e5514: ;   {runtime_call nmethod}
  0x00000218bc5e5514: 0000 e9fb 

  0x00000218bc5e5518: ;   {static_stub}
  0x00000218bc5e5518: ffff ff48 | bb40 b6c8 | d918 0200 

  0x00000218bc5e5524: ;   {runtime_call I2C/C2I adapters}
  0x00000218bc5e5524: 00e9 9376 

  0x00000218bc5e5528: ;   {static_stub}
  0x00000218bc5e5528: cb06 48bb | 0000 0000 | 0000 0000 

  0x00000218bc5e5534: ;   {runtime_call nmethod}
  0x00000218bc5e5534: e9fb ffff 

  0x00000218bc5e5538: ;   {static_stub}
  0x00000218bc5e5538: ff48 bb00 | 0000 0000 

  0x00000218bc5e5540: ;   {runtime_call nmethod}
  0x00000218bc5e5540: 0000 00e9 | fbff ffff 

  0x00000218bc5e5548: ;   {static_stub}
  0x00000218bc5e5548: 48bb 0000 | 0000 0000 

  0x00000218bc5e5550: ;   {runtime_call nmethod}
  0x00000218bc5e5550: 0000 e9fb 

  0x00000218bc5e5554: ;   {static_stub}
  0x00000218bc5e5554: ffff ff48 | bb00 0000 | 0000 0000 

  0x00000218bc5e5560: ;   {runtime_call nmethod}
  0x00000218bc5e5560: 00e9 fbff 

  0x00000218bc5e5564: ;   {static_stub}
  0x00000218bc5e5564: ffff 48bb | 98b8 c8d9 | 1802 0000 

  0x00000218bc5e5570: ;   {runtime_call I2C/C2I adapters}
  0x00000218bc5e5570: e93d d8cd 

  0x00000218bc5e5574: ;   {static_stub}
  0x00000218bc5e5574: 0648 bb88 | b9c8 d918 

  0x00000218bc5e557c: ;   {runtime_call I2C/C2I adapters}
  0x00000218bc5e557c: 0200 00e9 | 2ed8 cd06 

  0x00000218bc5e5584: ;   {static_stub}
  0x00000218bc5e5584: 48bb 98bc | c8d9 1802 

  0x00000218bc5e558c: ;   {runtime_call I2C/C2I adapters}
  0x00000218bc5e558c: 0000 e91f 

  0x00000218bc5e5590: ;   {static_stub}
  0x00000218bc5e5590: d8cd 0648 | bb90 b0c8 | d918 0200 

  0x00000218bc5e559c: ;   {runtime_call I2C/C2I adapters}
  0x00000218bc5e559c: 00e9 1426 

  0x00000218bc5e55a0: ;   {static_stub}
  0x00000218bc5e55a0: ce06 48bb | 0000 0000 | 0000 0000 

  0x00000218bc5e55ac: ;   {runtime_call nmethod}
  0x00000218bc5e55ac: e9fb ffff 

  0x00000218bc5e55b0: ;   {static_stub}
  0x00000218bc5e55b0: ff48 bb00 | 0000 0000 

  0x00000218bc5e55b8: ;   {runtime_call nmethod}
  0x00000218bc5e55b8: 0000 00e9 | fbff ffff 

  0x00000218bc5e55c0: ;   {static_stub}
  0x00000218bc5e55c0: 48bb f0b3 | c8d9 1802 

  0x00000218bc5e55c8: ;   {runtime_call I2C/C2I adapters}
  0x00000218bc5e55c8: 0000 e96f 

  0x00000218bc5e55cc: ;   {static_stub}
  0x00000218bc5e55cc: eacc 0648 | bb60 b7c8 | d918 0200 

  0x00000218bc5e55d8: ;   {runtime_call I2C/C2I adapters}
  0x00000218bc5e55d8: 00e9 d825 

  0x00000218bc5e55dc: ;   {static_stub}
  0x00000218bc5e55dc: ce06 48bb | a0cf c8d9 | 1802 0000 

  0x00000218bc5e55e8: ;   {runtime_call I2C/C2I adapters}
  0x00000218bc5e55e8: e9c9 25ce 

  0x00000218bc5e55ec: ;   {static_stub}
  0x00000218bc5e55ec: 0648 bb08 | abc8 d918 

  0x00000218bc5e55f4: ;   {runtime_call I2C/C2I adapters}
  0x00000218bc5e55f4: 0200 00e9 | b6d7 cd06 

  0x00000218bc5e55fc: ;   {static_stub}
  0x00000218bc5e55fc: 9048 bb00 | 0000 0000 

  0x00000218bc5e5604: ;   {runtime_call nmethod}
  0x00000218bc5e5604: 0000 00e9 | fbff ffff 

  0x00000218bc5e560c: ;   {static_stub}
  0x00000218bc5e560c: 9048 bb00 | 0000 0000 

  0x00000218bc5e5614: ;   {runtime_call nmethod}
  0x00000218bc5e5614: 0000 00e9 | fbff ffff 

  0x00000218bc5e561c: ;   {static_stub}
  0x00000218bc5e561c: 9048 bb00 | 0000 0000 

  0x00000218bc5e5624: ;   {runtime_call nmethod}
  0x00000218bc5e5624: 0000 00e9 | fbff ffff 
[Exception Handler]
  0x00000218bc5e562c: ;   {runtime_call C1 Runtime handle_exception_from_callee_blob}
  0x00000218bc5e562c: e8af 33db 

  0x00000218bc5e5630: ;   {external_word}
  0x00000218bc5e5630: 0648 b9a0 | 011e 11fc | 7f00 0048 

  0x00000218bc5e563c: ;   {runtime_call}
  0x00000218bc5e563c: 83e4 f048 | b810 5cd8 | 10fc 7f00 | 00ff d0f4 
[Deopt Handler Code]
  0x00000218bc5e564c: ;   {section_word}
  0x00000218bc5e564c: 49ba 4c56 | 5ebc 1802 | 0000 4152 

  0x00000218bc5e5658: ;   {runtime_call DeoptimizationBlob}
  0x00000218bc5e5658: e983 b3cd | 06f4 f4f4 
[/MachCode]


---------------  P R O C E S S  ---------------

Threads class SMR info:
_java_thread_list=0x00000218f2285c20, length=35, elements={
0x00000218b3302bb0, 0x00000218d56dbfd0, 0x00000218d56dc8e0, 0x00000218d56dd6c0,
0x00000218d56df3c0, 0x00000218d56e25b0, 0x00000218d56e11e0, 0x00000218d56f0500,
0x00000218d56f57a0, 0x00000218d86a9ba0, 0x00000218d8835c00, 0x00000218d88363c0,
0x00000218dd121440, 0x00000218dd793140, 0x00000218ddabefc0, 0x00000218ddab1c80,
0x00000218dda9c390, 0x00000218dd8d3ff0, 0x00000218dd8d8e10, 0x00000218dd8d9db0,
0x00000218de2e0640, 0x00000218de2e0e10, 0x00000218ef9de690, 0x00000218efc90ba0,
0x00000218efc97130, 0x00000218f25daf50, 0x00000218f25dbef0, 0x00000218d870ff30,
0x00000218dd788620, 0x00000218dd789e50, 0x00000218fb178410, 0x00000218fb178c20,
0x00000218fb1773f0, 0x00000218fb17fd00, 0x00000218fb17dcc0
}

Java Threads: ( => current thread )
  0x00000218b3302bb0 JavaThread "main"                              [_thread_blocked, id=11548, stack(0x0000003a4c300000,0x0000003a4c400000) (1024K)]
  0x00000218d56dbfd0 JavaThread "Reference Handler"          daemon [_thread_blocked, id=1700, stack(0x0000003a4cb00000,0x0000003a4cc00000) (1024K)]
  0x00000218d56dc8e0 JavaThread "Finalizer"                  daemon [_thread_blocked, id=18192, stack(0x0000003a4cc00000,0x0000003a4cd00000) (1024K)]
  0x00000218d56dd6c0 JavaThread "Signal Dispatcher"          daemon [_thread_blocked, id=14268, stack(0x0000003a4cd00000,0x0000003a4ce00000) (1024K)]
  0x00000218d56df3c0 JavaThread "Attach Listener"            daemon [_thread_blocked, id=17368, stack(0x0000003a4ce00000,0x0000003a4cf00000) (1024K)]
  0x00000218d56e25b0 JavaThread "Service Thread"             daemon [_thread_blocked, id=18700, stack(0x0000003a4cf00000,0x0000003a4d000000) (1024K)]
  0x00000218d56e11e0 JavaThread "Monitor Deflation Thread"   daemon [_thread_blocked, id=18884, stack(0x0000003a4d000000,0x0000003a4d100000) (1024K)]
  0x00000218d56f0500 JavaThread "C2 CompilerThread0"         daemon [_thread_blocked, id=24776, stack(0x0000003a4d100000,0x0000003a4d200000) (1024K)]
  0x00000218d56f57a0 JavaThread "C1 CompilerThread0"         daemon [_thread_blocked, id=20192, stack(0x0000003a4d200000,0x0000003a4d300000) (1024K)]
  0x00000218d86a9ba0 JavaThread "Common-Cleaner"             daemon [_thread_blocked, id=21584, stack(0x0000003a4d700000,0x0000003a4d800000) (1024K)]
  0x00000218d8835c00 JavaThread "Monitor Ctrl-Break"         daemon [_thread_in_native, id=18404, stack(0x0000003a4d800000,0x0000003a4d900000) (1024K)]
  0x00000218d88363c0 JavaThread "Notification Thread"        daemon [_thread_blocked, id=14144, stack(0x0000003a4d900000,0x0000003a4da00000) (1024K)]
  0x00000218dd121440 JavaThread "JavaFX-Launcher"                   [_thread_blocked, id=8416, stack(0x0000003a4da00000,0x0000003a4db00000) (1024K)]
  0x00000218dd793140 JavaThread "RMI TCP Accept-0"           daemon [_thread_in_native, id=5776, stack(0x0000003a4de00000,0x0000003a4df00000) (1024K)]
  0x00000218ddabefc0 JavaThread "RMI TCP Connection(1)-192.168.1.13" daemon [_thread_in_native, id=22064, stack(0x0000003a4df00000,0x0000003a4e000000) (1024K)]
  0x00000218ddab1c80 JavaThread "RMI Scheduler(0)"           daemon [_thread_blocked, id=4116, stack(0x0000003a4e000000,0x0000003a4e100000) (1024K)]
  0x00000218dda9c390 JavaThread "JMX server connection timeout 41" daemon [_thread_blocked, id=22532, stack(0x0000003a4e100000,0x0000003a4e200000) (1024K)]
  0x00000218dd8d3ff0 JavaThread "QuantumRenderer-0"          daemon [_thread_blocked, id=16736, stack(0x0000003a4e200000,0x0000003a4e300000) (1024K)]
  0x00000218dd8d8e10 JavaThread "InvokeLaterDispatcher"      daemon [_thread_blocked, id=17228, stack(0x0000003a4e300000,0x0000003a4e400000) (1024K)]
=>0x00000218dd8d9db0 JavaThread "JavaFX Application Thread"         [_thread_in_native, id=9324, stack(0x0000003a4e400000,0x0000003a4e500000) (1024K)]
  0x00000218de2e0640 JavaThread "Thread-3"                   daemon [_thread_in_native, id=24884, stack(0x0000003a4f400000,0x0000003a4f500000) (1024K)]
  0x00000218de2e0e10 JavaThread "JNA Cleaner"                daemon [_thread_blocked, id=21852, stack(0x0000003a4f500000,0x0000003a4f600000) (1024K)]
  0x00000218ef9de690 JavaThread "Prism Font Disposer"        daemon [_thread_blocked, id=16932, stack(0x0000003a50100000,0x0000003a50200000) (1024K)]
  0x00000218efc90ba0 JavaThread "ForkJoinPool.commonPool-worker-1" daemon [_thread_blocked, id=6244, stack(0x0000003a50200000,0x0000003a50300000) (1024K)]
  0x00000218efc97130 JavaThread "Cleaner-0"                  daemon [_thread_blocked, id=2588, stack(0x0000003a50800000,0x0000003a50900000) (1024K)]
  0x00000218f25daf50 JavaThread "Cleaner-1"                  daemon [_thread_blocked, id=14576, stack(0x0000003a51200000,0x0000003a51300000) (1024K)]
  0x00000218f25dbef0 JavaThread "DefaultSleeper"             daemon [_thread_blocked, id=17120, stack(0x0000003a51300000,0x0000003a51400000) (1024K)]
  0x00000218d870ff30 JavaThread "C1 CompilerThread1"         daemon [_thread_blocked, id=10268, stack(0x0000003a4dc00000,0x0000003a4dd00000) (1024K)]
  0x00000218dd788620 JavaThread "C1 CompilerThread2"         daemon [_thread_blocked, id=10532, stack(0x0000003a51700000,0x0000003a51800000) (1024K)]
  0x00000218dd789e50 JavaThread "C1 CompilerThread3"         daemon [_thread_blocked, id=6160, stack(0x0000003a51800000,0x0000003a51900000) (1024K)]
  0x00000218fb178410 JavaThread "C2 CompilerThread1"         daemon [_thread_blocked, id=9936, stack(0x0000003a4d400000,0x0000003a4d500000) (1024K)]
  0x00000218fb178c20 JavaThread "C2 CompilerThread2"         daemon [_thread_blocked, id=15856, stack(0x0000003a51100000,0x0000003a51200000) (1024K)]
  0x00000218fb1773f0 JavaThread "C2 CompilerThread3"         daemon [_thread_blocked, id=1276, stack(0x0000003a51400000,0x0000003a51500000) (1024K)]
  0x00000218fb17fd00 JavaThread "C2 CompilerThread4"         daemon [_thread_blocked, id=20868, stack(0x0000003a51600000,0x0000003a51700000) (1024K)]
  0x00000218fb17dcc0 JavaThread "C2 CompilerThread5"         daemon [_thread_blocked, id=6352, stack(0x0000003a51900000,0x0000003a51a00000) (1024K)]
Total: 35

Other Threads:
  0x00000218d56c60e0 VMThread "VM Thread"                           [id=21072, stack(0x0000003a4ca00000,0x0000003a4cb00000) (1024K)]
  0x00000218d56ba410 WatcherThread "VM Periodic Task Thread"        [id=24996, stack(0x0000003a4c900000,0x0000003a4ca00000) (1024K)]
  0x00000218d553ea10 WorkerThread "GC Thread#0"                     [id=24760, stack(0x0000003a4c400000,0x0000003a4c500000) (1024K)]
  0x00000218dd981dc0 WorkerThread "GC Thread#1"                     [id=5268, stack(0x0000003a4f600000,0x0000003a4f700000) (1024K)]
  0x00000218dd982660 WorkerThread "GC Thread#2"                     [id=19744, stack(0x0000003a4f700000,0x0000003a4f800000) (1024K)]
  0x00000218dd97ee50 WorkerThread "GC Thread#3"                     [id=19008, stack(0x0000003a4f800000,0x0000003a4f900000) (1024K)]
  0x00000218ef9a3b10 WorkerThread "GC Thread#4"                     [id=8812, stack(0x0000003a4f900000,0x0000003a4fa00000) (1024K)]
  0x00000218ef9a1890 WorkerThread "GC Thread#5"                     [id=20148, stack(0x0000003a4fa00000,0x0000003a4fb00000) (1024K)]
  0x00000218ef9a2e20 WorkerThread "GC Thread#6"                     [id=3500, stack(0x0000003a4fb00000,0x0000003a4fc00000) (1024K)]
  0x00000218ef9a2580 WorkerThread "GC Thread#7"                     [id=3328, stack(0x0000003a4fc00000,0x0000003a4fd00000) (1024K)]
  0x00000218ef9a1440 WorkerThread "GC Thread#8"                     [id=25136, stack(0x0000003a4fd00000,0x0000003a4fe00000) (1024K)]
  0x00000218ef9a0ff0 WorkerThread "GC Thread#9"                     [id=16020, stack(0x0000003a4fe00000,0x0000003a4ff00000) (1024K)]
  0x00000218ef9a1ce0 WorkerThread "GC Thread#10"                    [id=15468, stack(0x0000003a4ff00000,0x0000003a50000000) (1024K)]
  0x00000218ef9a43b0 WorkerThread "GC Thread#11"                    [id=13972, stack(0x0000003a50000000,0x0000003a50100000) (1024K)]
  0x00000218f1102a30 WorkerThread "GC Thread#12"                    [id=20220, stack(0x0000003a4d600000,0x0000003a4d700000) (1024K)]
  0x00000218d553faa0 ConcurrentGCThread "G1 Main Marker"            [id=13208, stack(0x0000003a4c500000,0x0000003a4c600000) (1024K)]
  0x00000218b3389b80 WorkerThread "G1 Conc#0"                       [id=16200, stack(0x0000003a4c600000,0x0000003a4c700000) (1024K)]
  0x00000218ef9a50a0 WorkerThread "G1 Conc#1"                       [id=2056, stack(0x0000003a50600000,0x0000003a50700000) (1024K)]
  0x00000218ef9a4c50 WorkerThread "G1 Conc#2"                       [id=17372, stack(0x0000003a50700000,0x0000003a50800000) (1024K)]
  0x00000218d5580910 ConcurrentGCThread "G1 Refine#0"               [id=11952, stack(0x0000003a4c700000,0x0000003a4c800000) (1024K)]
  0x00000218d5581520 ConcurrentGCThread "G1 Service"                [id=20064, stack(0x0000003a4c800000,0x0000003a4c900000) (1024K)]
Total: 21

Threads with active compile tasks:
Total: 0

VM state: not at safepoint (normal execution)

VM Mutex/Monitor currently owned by a thread: None

Heap address: 0x000000060b400000, size: 8012 MB, Compressed Oops mode: Zero based, Oop shift amount: 3

CDS archive(s) mapped at: [0x000000001e000000-0x000000001edb0000-0x000000001edb0000), size 14352384, SharedBaseAddress: 0x000000001e000000, ArchiveRelocationMode: 1.
Compressed class space mapped at: 0x000000001f000000-0x000000005f000000, reserved size: 1073741824
UseCompressedClassPointers 1, UseCompactObjectHeaders 0
Narrow klass pointer bits 32, Max shift 3
Narrow klass base: 0x000000001e000000, Narrow klass shift: 0
Encoding Range: [0x000000001e000000 - 0x000000011e000000), (4294967296 bytes)
Klass Range:    [0x000000001e010000 - 0x000000005f000000), (1090453504 bytes)
Klass ID Range:  [65536 - 1090519033) (1090453497)
Protection zone: [0x000000001e000000 - 0x000000001e010000), (65536 bytes)

GC Precious Log:
 CardTable entry size: 512
 Card Set container configuration: InlinePtr #cards 4 size 8 Array Of Cards #cards 32 size 80 Howl #buckets 8 coarsen threshold 7372 Howl Bitmap #cards 1024 size 144 coarsen threshold 921 Card regions per heap region 1 cards per card region 8192
 CPUs: 16 total, 16 available
 Memory: 32042M
 Large Page Support: Disabled
 NUMA Support: Disabled
 Compressed Oops: Enabled (Zero based)
 Heap Region Size: 4M
 Heap Min Capacity: 8M
 Heap Initial Capacity: 504M
 Heap Max Capacity: 8012M
 Pre-touch: Disabled
 Parallel Workers: 13
 Concurrent Workers: 3
 Concurrent Refinement Workers: 13
 Periodic GC: Disabled

Heap:
 garbage-first heap   total reserved 8204288K, committed 77824K, used 39860K [0x000000060b400000, 0x0000000800000000)
  region size 4096K, 2 young (8192K), 1 survivors (4096K)

Heap Regions: E=young(eden), S=young(survivor), O=old, HS=humongous(starts), HC=humongous(continues), CS=collection set, F=free, TAMS=top-at-mark-start, PB=parsable bottom
|   0|0x000000060b400000, 0x000000060b800000, 0x000000060b800000|100%| O|  |TAMS 0x000000060b400000| PB 0x000000060b400000| Untracked |  0
|   1|0x000000060b800000, 0x000000060bc00000, 0x000000060bc00000|100%| O|Cm|TAMS 0x000000060b800000| PB 0x000000060b800000| Complete |  0
|   2|0x000000060bc00000, 0x000000060c000000, 0x000000060c000000|100%| O|  |TAMS 0x000000060bc00000| PB 0x000000060bc00000| Untracked |  0
|   3|0x000000060c000000, 0x000000060c400000, 0x000000060c400000|100%| O|  |TAMS 0x000000060c000000| PB 0x000000060c000000| Untracked |  0
|   4|0x000000060c400000, 0x000000060c800000, 0x000000060c800000|100%| O|  |TAMS 0x000000060c400000| PB 0x000000060c400000| Untracked |  0
|   5|0x000000060c800000, 0x000000060cc00000, 0x000000060cc00000|100%| O|  |TAMS 0x000000060c800000| PB 0x000000060c800000| Untracked |  0
|   6|0x000000060cc00000, 0x000000060d000000, 0x000000060d000000|100%| O|  |TAMS 0x000000060cc00000| PB 0x000000060cc00000| Untracked |  0
|   7|0x000000060d000000, 0x000000060d400000, 0x000000060d400000|100%| O|  |TAMS 0x000000060d000000| PB 0x000000060d000000| Untracked |  0
|   8|0x000000060d400000, 0x000000060d800000, 0x000000060d800000|100%| O|  |TAMS 0x000000060d400000| PB 0x000000060d400000| Untracked |  0
|   9|0x000000060d800000, 0x000000060da13a80, 0x000000060dc00000| 51%| O|  |TAMS 0x000000060d800000| PB 0x000000060d800000| Untracked |  0
|  10|0x000000060dc00000, 0x000000060dc00000, 0x000000060e000000|  0%| F|  |TAMS 0x000000060dc00000| PB 0x000000060dc00000| Untracked |  0
|  11|0x000000060e000000, 0x000000060e000000, 0x000000060e400000|  0%| F|  |TAMS 0x000000060e000000| PB 0x000000060e000000| Untracked |  0
|  12|0x000000060e400000, 0x000000060e4d9788, 0x000000060e800000| 21%| S|CS|TAMS 0x000000060e400000| PB 0x000000060e400000| Complete |  0
|  13|0x000000060e800000, 0x000000060e800000, 0x000000060ec00000|  0%| F|  |TAMS 0x000000060e800000| PB 0x000000060e800000| Untracked |  0
| 114|0x0000000627c00000, 0x0000000627c00000, 0x0000000628000000|  0%| F|  |TAMS 0x0000000627c00000| PB 0x0000000627c00000| Untracked |  0
| 115|0x0000000628000000, 0x0000000628000000, 0x0000000628400000|  0%| F|  |TAMS 0x0000000628000000| PB 0x0000000628000000| Untracked |  0
| 116|0x0000000628400000, 0x0000000628400000, 0x0000000628800000|  0%| F|  |TAMS 0x0000000628400000| PB 0x0000000628400000| Untracked |  0
| 125|0x000000062a800000, 0x000000062a800000, 0x000000062ac00000|  0%| F|  |TAMS 0x000000062a800000| PB 0x000000062a800000| Untracked |  0
|2002|0x00000007ffc00000, 0x00000007ffe8c3d8, 0x0000000800000000| 63%| E|  |TAMS 0x00000007ffc00000| PB 0x00000007ffc00000| Complete |  0

Card table byte_map: [0x00000218cc760000,0x00000218cd710000] _byte_map_base: 0x00000218c9706000

Marking Bits: (CMBitMap*) 0x00000218d553f1a0
 Bits: [0x00000218cd710000, 0x00000218d5440000)

Polling page: 0x00000218b1170000

Metaspace:
Metaspace        used 48553K, committed 49024K, reserved 1114112K
 class space     used 6819K, committed 7040K, reserved 1048576K

Usage:
  Non-class:     40.76 MB used.
      Class:      6.66 MB used.
       Both:     47.42 MB used.

Virtual space:
  Non-class space:       64.00 MB reserved,      41.00 MB ( 64%) committed,  1 nodes.
      Class space:        1.00 GB reserved,       6.88 MB ( <1%) committed,  1 nodes.
             Both:        1.06 GB reserved,      47.88 MB (  4%) committed. 

Chunk freelists:
   Non-Class:  7.01 MB
       Class:  9.08 MB
        Both:  16.09 MB

MaxMetaspaceSize: unlimited
CompressedClassSpaceSize: 1.00 GB
Initial GC threshold: 21.00 MB
Current GC threshold: 79.81 MB
CDS: on
 - commit_granule_bytes: 65536.
 - commit_granule_words: 8192.
 - virtual_space_node_default_size: 8388608.
 - enlarge_chunks_in_place: 1.
UseCompressedClassPointers 1, UseCompactObjectHeaders 0
Narrow klass pointer bits 32, Max shift 3
Narrow klass base: 0x000000001e000000, Narrow klass shift: 0
Encoding Range: [0x000000001e000000 - 0x000000011e000000), (4294967296 bytes)
Klass Range:    [0x000000001e010000 - 0x000000005f000000), (1090453504 bytes)
Klass ID Range:  [65536 - 1090519033) (1090453497)
Protection zone: [0x000000001e000000 - 0x000000001e010000), (65536 bytes)


Internal statistics:

num_allocs_failed_limit: 6.
num_arena_births: 512.
num_arena_deaths: 0.
num_vsnodes_births: 2.
num_vsnodes_deaths: 0.
num_space_committed: 765.
num_space_uncommitted: 0.
num_chunks_returned_to_freelist: 6.
num_chunks_taken_from_freelist: 1962.
num_chunk_merges: 6.
num_chunk_splits: 1379.
num_chunks_enlarged: 1093.
num_inconsistent_stats: 0.

CodeHeap 'non-profiled nmethods': size=119168Kb used=3016Kb max_used=3128Kb free=116151Kb
 bounds [0x00000218c39c0000, 0x00000218c3cd0000, 0x00000218cae20000]
CodeHeap 'profiled nmethods': size=119168Kb used=11277Kb max_used=11701Kb free=107890Kb
 bounds [0x00000218bbe10000, 0x00000218bc980000, 0x00000218c3270000]
CodeHeap 'non-nmethods': size=7488Kb used=3841Kb max_used=3978Kb free=3646Kb
 bounds [0x00000218c3270000, 0x00000218c3660000, 0x00000218c39c0000]
CodeCache: size=245824Kb, used=18134Kb, max_used=18807Kb, free=227687Kb
 total_blobs=8044, nmethods=7024, adapters=919, full_count=0
Compilation: enabled, stopped_count=0, restarted_count=0

Compilation events (20 events):
Event: 10.263 Thread 0x00000218dd789e50 7660       3       java.lang.CharacterData00::isIdeographic (19 bytes)
Event: 10.263 Thread 0x00000218d870ff30 7661       3       java.lang.CharacterData00::getPropertiesEx (32 bytes)
Event: 10.263 Thread 0x00000218d56f57a0 7662       3       com.sun.javafx.font.CompositeGlyphMapper::getSlotMapper (78 bytes)
Event: 10.263 Thread 0x00000218d870ff30 nmethod 7661 0x00000218bbee6708 code [0x00000218bbee6800, 0x00000218bbee69b0]
Event: 10.263 Thread 0x00000218dd789e50 nmethod 7660 0x00000218bbf14a08 code [0x00000218bbf14b00, 0x00000218bbf14d08]
Event: 10.263 Thread 0x00000218d56f57a0 nmethod 7662 0x00000218bbf19a08 code [0x00000218bbf19b00, 0x00000218bbf1a250]
Event: 10.264 Thread 0x00000218d56f57a0 7663       3       javafx.scene.control.Cell::updateItem (27 bytes)
Event: 10.264 Thread 0x00000218dd789e50 7664       3       javafx.scene.control.Cell::setItem (9 bytes)
Event: 10.264 Thread 0x00000218dd789e50 nmethod 7664 0x00000218bbeec508 code [0x00000218bbeec600, 0x00000218bbeec7d8]
Event: 10.264 Thread 0x00000218d56f57a0 nmethod 7663 0x00000218bbe46a88 code [0x00000218bbe46b80, 0x00000218bbe47370]
Event: 10.264 Thread 0x00000218dd789e50 7665       3       java.lang.System$1::uncheckedGetUTF16Char (6 bytes)
Event: 10.264 Thread 0x00000218dd789e50 nmethod 7665 0x00000218bbeedb88 code [0x00000218bbeedc80, 0x00000218bbeedd98]
Event: 10.264 Thread 0x00000218dd789e50 7666       3       com.sun.javafx.text.TextRun::setLocation (14 bytes)
Event: 10.264 Thread 0x00000218fb178c20 7667       4       java.lang.Double::valueOf (9 bytes)
Event: 10.264 Thread 0x00000218dd788620 nmethod 7657 0x00000218bc0ace08 code [0x00000218bc0acf00, 0x00000218bc0ae738]
Event: 10.264 Thread 0x00000218dd789e50 nmethod 7666 0x00000218bbe77f88 code [0x00000218bbe78080, 0x00000218bbe78310]
Event: 10.264 Thread 0x00000218fb178410 7668       4       com.sun.javafx.font.CompositeGlyphMapper::getGlyphCode (42 bytes)
Event: 10.264 Thread 0x00000218d56f57a0 7669       3       com.sun.javafx.text.GlyphLayout::breakRuns (1064 bytes)
Event: 10.265 Thread 0x00000218fb178c20 nmethod 7667 0x00000218c39fa388 code [0x00000218c39fa480, 0x00000218c39fa550]
Event: 10.265 Thread 0x00000218dd789e50 7670       3       com.sun.javafx.font.directwrite.IUnknown::Release (26 bytes)

GC Heap Usage History (20 events):
Event: 1.045 {heap Before GC invocations=1 (full 0):
 garbage-first heap   total reserved 8204288K, committed 520192K, used 36893K [0x000000060b400000, 0x0000000800000000)
  region size 4096K, 11 young (45056K), 2 survivors (8192K)
}
Event: 1.049 {heap After GC invocations=2 (full 0):
 garbage-first heap   total reserved 8204288K, committed 520192K, used 11224K [0x000000060b400000, 0x0000000800000000)
  region size 4096K, 3 young (12288K), 3 survivors (12288K)
}
Event: 1.725 {heap Before GC invocations=3 (full 0):
 garbage-first heap   total reserved 8204288K, committed 57344K, used 52184K [0x000000060b400000, 0x0000000800000000)
  region size 4096K, 13 young (53248K), 3 survivors (12288K)
}
Event: 1.729 {heap After GC invocations=4 (full 0):
 garbage-first heap   total reserved 8204288K, committed 77824K, used 17850K [0x000000060b400000, 0x0000000800000000)
  region size 4096K, 5 young (20480K), 5 survivors (20480K)
}
Event: 2.736 {heap Before GC invocations=4 (full 0):
 garbage-first heap   total reserved 8204288K, committed 77824K, used 42426K [0x000000060b400000, 0x0000000800000000)
  region size 4096K, 11 young (45056K), 5 survivors (20480K)
}
Event: 2.741 {heap After GC invocations=5 (full 0):
 garbage-first heap   total reserved 8204288K, committed 77824K, used 20222K [0x000000060b400000, 0x0000000800000000)
  region size 4096K, 1 young (4096K), 1 survivors (4096K)
}
Event: 3.894 {heap Before GC invocations=5 (full 0):
 garbage-first heap   total reserved 8204288K, committed 77824K, used 48894K [0x000000060b400000, 0x0000000800000000)
  region size 4096K, 9 young (36864K), 1 survivors (4096K)
}
Event: 3.895 {heap After GC invocations=6 (full 0):
 garbage-first heap   total reserved 8204288K, committed 77824K, used 24576K [0x000000060b400000, 0x0000000800000000)
  region size 4096K, 2 young (8192K), 2 survivors (8192K)
}
Event: 3.931 {heap Before GC invocations=6 (full 0):
 garbage-first heap   total reserved 8204288K, committed 77824K, used 28672K [0x000000060b400000, 0x0000000800000000)
  region size 4096K, 4 young (16384K), 2 survivors (8192K)
}
Event: 3.934 {heap After GC invocations=7 (full 0):
 garbage-first heap   total reserved 8204288K, committed 77824K, used 24210K [0x000000060b400000, 0x0000000800000000)
  region size 4096K, 1 young (4096K), 1 survivors (4096K)
}
Event: 4.319 {heap Before GC invocations=8 (full 0):
 garbage-first heap   total reserved 8204288K, committed 77824K, used 52882K [0x000000060b400000, 0x0000000800000000)
  region size 4096K, 9 young (36864K), 1 survivors (4096K)
}
Event: 4.320 {heap After GC invocations=9 (full 0):
 garbage-first heap   total reserved 8204288K, committed 77824K, used 25009K [0x000000060b400000, 0x0000000800000000)
  region size 4096K, 1 young (4096K), 1 survivors (4096K)
}
Event: 6.907 {heap Before GC invocations=9 (full 0):
 garbage-first heap   total reserved 8204288K, committed 77824K, used 53681K [0x000000060b400000, 0x0000000800000000)
  region size 4096K, 9 young (36864K), 1 survivors (4096K)
}
Event: 6.909 {heap After GC invocations=10 (full 0):
 garbage-first heap   total reserved 8204288K, committed 77824K, used 30653K [0x000000060b400000, 0x0000000800000000)
  region size 4096K, 2 young (8192K), 2 survivors (8192K)
}
Event: 9.593 {heap Before GC invocations=10 (full 0):
 garbage-first heap   total reserved 8204288K, committed 77824K, used 59325K [0x000000060b400000, 0x0000000800000000)
  region size 4096K, 9 young (36864K), 2 survivors (8192K)
}
Event: 9.596 {heap After GC invocations=11 (full 0):
 garbage-first heap   total reserved 8204288K, committed 77824K, used 35124K [0x000000060b400000, 0x0000000800000000)
  region size 4096K, 1 young (4096K), 1 survivors (4096K)
}
Event: 10.187 {heap Before GC invocations=11 (full 0):
 garbage-first heap   total reserved 8204288K, committed 77824K, used 63796K [0x000000060b400000, 0x0000000800000000)
  region size 4096K, 8 young (32768K), 1 survivors (4096K)
}
Event: 10.189 {heap After GC invocations=12 (full 0):
 garbage-first heap   total reserved 8204288K, committed 77824K, used 38123K [0x000000060b400000, 0x0000000800000000)
  region size 4096K, 1 young (4096K), 1 survivors (4096K)
}
Event: 10.239 {heap Before GC invocations=12 (full 0):
 garbage-first heap   total reserved 8204288K, committed 77824K, used 58603K [0x000000060b400000, 0x0000000800000000)
  region size 4096K, 7 young (28672K), 1 survivors (4096K)
}
Event: 10.240 {heap After GC invocations=13 (full 0):
 garbage-first heap   total reserved 8204288K, committed 77824K, used 39860K [0x000000060b400000, 0x0000000800000000)
  region size 4096K, 1 young (4096K), 1 survivors (4096K)
}

Metaspace Usage History (20 events):
Event: 1.045 {metaspace Before GC invocations=1 (full 0):
 Metaspace       used 21195K, committed 21504K, reserved 1114112K
  class space    used 3255K, committed 3392K, reserved 1048576K
}
Event: 1.049 {metaspace After GC invocations=2 (full 0):
 Metaspace       used 21195K, committed 21504K, reserved 1114112K
  class space    used 3255K, committed 3392K, reserved 1048576K
}
Event: 1.725 {metaspace Before GC invocations=3 (full 0):
 Metaspace       used 24774K, committed 25152K, reserved 1114112K
  class space    used 3840K, committed 3968K, reserved 1048576K
}
Event: 1.729 {metaspace After GC invocations=4 (full 0):
 Metaspace       used 24774K, committed 25152K, reserved 1114112K
  class space    used 3840K, committed 3968K, reserved 1048576K
}
Event: 2.736 {metaspace Before GC invocations=4 (full 0):
 Metaspace       used 25677K, committed 26048K, reserved 1114112K
  class space    used 3948K, committed 4096K, reserved 1048576K
}
Event: 2.741 {metaspace After GC invocations=5 (full 0):
 Metaspace       used 25677K, committed 26048K, reserved 1114112K
  class space    used 3948K, committed 4096K, reserved 1048576K
}
Event: 3.894 {metaspace Before GC invocations=5 (full 0):
 Metaspace       used 33863K, committed 34304K, reserved 1114112K
  class space    used 4778K, committed 4928K, reserved 1048576K
}
Event: 3.895 {metaspace After GC invocations=6 (full 0):
 Metaspace       used 33863K, committed 34304K, reserved 1114112K
  class space    used 4778K, committed 4928K, reserved 1048576K
}
Event: 3.931 {metaspace Before GC invocations=6 (full 0):
 Metaspace       used 35527K, committed 35968K, reserved 1114112K
  class space    used 4971K, committed 5184K, reserved 1048576K
}
Event: 3.934 {metaspace After GC invocations=7 (full 0):
 Metaspace       used 35527K, committed 35968K, reserved 1114112K
  class space    used 4971K, committed 5184K, reserved 1048576K
}
Event: 4.319 {metaspace Before GC invocations=8 (full 0):
 Metaspace       used 40930K, committed 41408K, reserved 1114112K
  class space    used 5675K, committed 5888K, reserved 1048576K
}
Event: 4.320 {metaspace After GC invocations=9 (full 0):
 Metaspace       used 40930K, committed 41408K, reserved 1114112K
  class space    used 5675K, committed 5888K, reserved 1048576K
}
Event: 6.907 {metaspace Before GC invocations=9 (full 0):
 Metaspace       used 44969K, committed 45376K, reserved 1114112K
  class space    used 6212K, committed 6400K, reserved 1048576K
}
Event: 6.909 {metaspace After GC invocations=10 (full 0):
 Metaspace       used 44969K, committed 45376K, reserved 1114112K
  class space    used 6212K, committed 6400K, reserved 1048576K
}
Event: 9.593 {metaspace Before GC invocations=10 (full 0):
 Metaspace       used 47865K, committed 48320K, reserved 1114112K
  class space    used 6719K, committed 6912K, reserved 1048576K
}
Event: 9.596 {metaspace After GC invocations=11 (full 0):
 Metaspace       used 47865K, committed 48320K, reserved 1114112K
  class space    used 6719K, committed 6912K, reserved 1048576K
}
Event: 10.187 {metaspace Before GC invocations=11 (full 0):
 Metaspace       used 48439K, committed 48896K, reserved 1114112K
  class space    used 6812K, committed 7040K, reserved 1048576K
}
Event: 10.189 {metaspace After GC invocations=12 (full 0):
 Metaspace       used 48439K, committed 48896K, reserved 1114112K
  class space    used 6812K, committed 7040K, reserved 1048576K
}
Event: 10.239 {metaspace Before GC invocations=12 (full 0):
 Metaspace       used 48492K, committed 49024K, reserved 1114112K
  class space    used 6812K, committed 7040K, reserved 1048576K
}
Event: 10.240 {metaspace After GC invocations=13 (full 0):
 Metaspace       used 48492K, committed 49024K, reserved 1114112K
  class space    used 6812K, committed 7040K, reserved 1048576K
}

Dll operation events (20 events):
Event: 0.321 Attempting to load shared library C:\Users\matea\.openjfx\cache\21.0.6+3\amd64\vcruntime140.dll
Event: 0.321 Loaded shared library C:\Users\matea\.openjfx\cache\21.0.6+3\amd64\vcruntime140.dll
Event: 0.323 Attempting to load shared library C:\Users\matea\.openjfx\cache\21.0.6+3\amd64\vcruntime140_1.dll
Event: 0.323 Loaded shared library C:\Users\matea\.openjfx\cache\21.0.6+3\amd64\vcruntime140_1.dll
Event: 0.329 Attempting to load shared library C:\Users\matea\.openjfx\cache\21.0.6+3\amd64\msvcp140.dll
Event: 0.330 Loaded shared library C:\Users\matea\.openjfx\cache\21.0.6+3\amd64\msvcp140.dll
Event: 0.333 Attempting to load shared library C:\Users\matea\.openjfx\cache\21.0.6+3\amd64\msvcp140_1.dll
Event: 0.333 Loaded shared library C:\Users\matea\.openjfx\cache\21.0.6+3\amd64\msvcp140_1.dll
Event: 0.337 Attempting to load shared library C:\Users\matea\.openjfx\cache\21.0.6+3\amd64\msvcp140_2.dll
Event: 0.338 Loaded shared library C:\Users\matea\.openjfx\cache\21.0.6+3\amd64\msvcp140_2.dll
Event: 0.361 Attempting to load shared library C:\Users\matea\.openjfx\cache\21.0.6+3\amd64\prism_d3d.dll
Event: 0.364 Loaded shared library C:\Users\matea\.openjfx\cache\21.0.6+3\amd64\prism_d3d.dll
Event: 0.423 Attempting to load shared library C:\Users\matea\.openjfx\cache\21.0.6+3\amd64\glass.dll
Event: 0.425 Loaded shared library C:\Users\matea\.openjfx\cache\21.0.6+3\amd64\glass.dll
Event: 0.512 Attempting to load shared library C:\Users\matea\.openjfx\cache\21.0.6+3\amd64\javafx_font.dll
Event: 0.513 Loaded shared library C:\Users\matea\.openjfx\cache\21.0.6+3\amd64\javafx_font.dll
Event: 0.542 Attempting to load shared library C:\Users\matea\AppData\Local\Temp\jna-103668220\jna15778346358881366314.dll
Event: 0.585 Loaded shared library C:\Users\matea\AppData\Local\Temp\jna-103668220\jna15778346358881366314.dll
Event: 3.867 Attempting to load shared library C:\Users\matea\.jdks\corretto-25.0.4.1\bin\sunmscapi.dll
Event: 3.868 Loaded shared library C:\Users\matea\.jdks\corretto-25.0.4.1\bin\sunmscapi.dll

Deoptimization events (20 events):
Event: 10.204 Thread 0x00000218dd8d3ff0 Uncommon trap: trap_request=0xffffffde fr.pc=0x00000218c3c4be30 relative=0x0000000000000f10
Event: 10.204 Thread 0x00000218dd8d3ff0 Uncommon trap: reason=class_check action=maybe_recompile pc=0x00000218c3c4be30 method=com.sun.prism.d3d.D3DContext.updateShaderTransform(Lcom/sun/prism/ps/Shader;Lcom/sun/javafx/geom/transform/BaseTransform;)V @ 14 c2
Event: 10.204 Thread 0x00000218dd8d3ff0 DEOPT PACKING pc=0x00000218c3c4be30 sp=0x0000003a4e2fc6f0
Event: 10.204 Thread 0x00000218dd8d3ff0 DEOPT UNPACKING pc=0x00000218c33a0d02 sp=0x0000003a4e2fc660 mode 2
Event: 10.209 Thread 0x00000218f1f5f970 Uncommon trap: trap_request=0xffffff45 fr.pc=0x00000218c3c91038 relative=0x0000000000000138
Event: 10.209 Thread 0x00000218f1f5f970 Uncommon trap: reason=unstable_if action=reinterpret pc=0x00000218c3c91038 method=java.lang.CharacterData00.toLowerCase(I)I @ 25 c2
Event: 10.209 Thread 0x00000218f1f5f970 DEOPT PACKING pc=0x00000218c3c91038 sp=0x0000003a51aff2e0
Event: 10.209 Thread 0x00000218f1f5f970 DEOPT UNPACKING pc=0x00000218c33a0d02 sp=0x0000003a51aff258 mode 2
Event: 10.211 Thread 0x00000218f1f5f970 DEOPT PACKING pc=0x00000218bc932c0d sp=0x0000003a51aff390
Event: 10.211 Thread 0x00000218f1f5f970 DEOPT UNPACKING pc=0x00000218c32c12a2 sp=0x0000003a51afe8d0 mode 0
Event: 10.223 Thread 0x00000218f1f5f970 DEOPT PACKING pc=0x00000218bc95ad46 sp=0x0000003a51aff2d0
Event: 10.223 Thread 0x00000218f1f5f970 DEOPT UNPACKING pc=0x00000218c32c12a2 sp=0x0000003a51afe750 mode 0
Event: 10.224 Thread 0x00000218f1f5f970 DEOPT PACKING pc=0x00000218bc95ad46 sp=0x0000003a51aff2d0
Event: 10.224 Thread 0x00000218f1f5f970 DEOPT UNPACKING pc=0x00000218c32c12a2 sp=0x0000003a51afe750 mode 0
Event: 10.226 Thread 0x00000218f1f5f970 DEOPT PACKING pc=0x00000218bc95ad46 sp=0x0000003a51aff2d0
Event: 10.226 Thread 0x00000218f1f5f970 DEOPT UNPACKING pc=0x00000218c32c12a2 sp=0x0000003a51afe750 mode 0
Event: 10.263 Thread 0x00000218dd8d9db0 Uncommon trap: trap_request=0xffffff45 fr.pc=0x00000218c3cadccc relative=0x00000000000000cc
Event: 10.263 Thread 0x00000218dd8d9db0 Uncommon trap: reason=unstable_if action=reinterpret pc=0x00000218c3cadccc method=com.sun.javafx.text.TextRun.getGlyphCode(I)I @ 21 c2
Event: 10.263 Thread 0x00000218dd8d9db0 DEOPT PACKING pc=0x00000218c3cadccc sp=0x0000003a4e4fcf40
Event: 10.263 Thread 0x00000218dd8d9db0 DEOPT UNPACKING pc=0x00000218c33a0d02 sp=0x0000003a4e4fced0 mode 2

Classes loaded (20 events):
Event: 10.128 Loading class java/lang/ConditionalSpecialCasing$Entry
Event: 10.129 Loading class java/lang/ConditionalSpecialCasing$Entry done
Event: 10.130 Loading class java/lang/CharacterData0E
Event: 10.130 Loading class java/lang/CharacterData0E done
Event: 10.130 Loading class java/lang/CharacterData03
Event: 10.130 Loading class java/lang/CharacterData03 done
Event: 10.168 Loading class java/lang/CharacterData02
Event: 10.168 Loading class java/lang/CharacterData02 done
Event: 10.168 Loading class java/lang/CharacterDataPrivateUse
Event: 10.168 Loading class java/lang/CharacterDataPrivateUse done
Event: 10.254 Loading class jdk/internal/icu/text/BidiBase$BracketData
Event: 10.254 Loading class jdk/internal/icu/text/BidiBase$BracketData done
Event: 10.254 Loading class jdk/internal/icu/text/BidiBase$Opening
Event: 10.254 Loading class jdk/internal/icu/text/BidiBase$Opening done
Event: 10.254 Loading class jdk/internal/icu/text/BidiBase$IsoRun
Event: 10.254 Loading class jdk/internal/icu/text/BidiBase$IsoRun done
Event: 10.254 Loading class jdk/internal/icu/text/BidiBase$LevState
Event: 10.254 Loading class jdk/internal/icu/text/BidiBase$LevState done
Event: 10.254 Loading class java/util/DualPivotQuicksort$SortOperation
Event: 10.255 Loading class java/util/DualPivotQuicksort$SortOperation done

Classes unloaded (0 events):
No events

Classes redefined (0 events):
No events

Internal exceptions (20 events):
Event: 6.819 Thread 0x00000218dd8d9db0 Exception <a 'sun/nio/fs/WindowsException'{0x000000060e9c4e18}> (0x000000060e9c4e18) 
thrown [s\src\hotspot\share\prims\jni.cpp, line 516]
Event: 6.819 Thread 0x00000218dd8d9db0 Exception <a 'java/io/FileNotFoundException'{0x000000060e9c6678}> (0x000000060e9c6678) 
thrown [s\src\hotspot\share\prims\jni.cpp, line 516]
Event: 6.820 Thread 0x00000218dd8d9db0 Exception <a 'sun/nio/fs/WindowsException'{0x000000060e9fc478}> (0x000000060e9fc478) 
thrown [s\src\hotspot\share\prims\jni.cpp, line 516]
Event: 6.820 Thread 0x00000218dd8d9db0 Exception <a 'sun/nio/fs/WindowsException'{0x000000060e9fce90}> (0x000000060e9fce90) 
thrown [s\src\hotspot\share\prims\jni.cpp, line 516]
Event: 6.820 Thread 0x00000218dd8d9db0 Exception <a 'sun/nio/fs/WindowsException'{0x000000060e9fd790}> (0x000000060e9fd790) 
thrown [s\src\hotspot\share\prims\jni.cpp, line 516]
Event: 6.823 Thread 0x00000218dd8d9db0 Exception <a 'sun/nio/fs/WindowsException'{0x000000060ea46338}> (0x000000060ea46338) 
thrown [s\src\hotspot\share\prims\jni.cpp, line 516]
Event: 6.823 Thread 0x00000218dd8d9db0 Exception <a 'sun/nio/fs/WindowsException'{0x000000060ea46d50}> (0x000000060ea46d50) 
thrown [s\src\hotspot\share\prims\jni.cpp, line 516]
Event: 6.823 Thread 0x00000218dd8d9db0 Exception <a 'sun/nio/fs/WindowsException'{0x000000060ea47650}> (0x000000060ea47650) 
thrown [s\src\hotspot\share\prims\jni.cpp, line 516]
Event: 6.828 Thread 0x00000218dd8d9db0 Exception <a 'sun/nio/fs/WindowsException'{0x000000060eacef00}> (0x000000060eacef00) 
thrown [s\src\hotspot\share\prims\jni.cpp, line 516]
Event: 6.828 Thread 0x00000218dd8d9db0 Exception <a 'sun/nio/fs/WindowsException'{0x000000060eacf800}> (0x000000060eacf800) 
thrown [s\src\hotspot\share\prims\jni.cpp, line 516]
Event: 6.839 Thread 0x00000218dd8d9db0 Exception <a 'java/lang/NoSuchMethodError'{0x000000060ebfd9c8}: 'void java.lang.invoke.DirectMethodHandle$Holder.invokeStatic(java.lang.Object, int)'> (0x000000060ebfd9c8) 
thrown [s\src\hotspot\share\interpreter\linkResolver.cpp, line 804]
Event: 6.839 Thread 0x00000218dd8d9db0 Exception <a 'java/lang/NoSuchMethodError'{0x000000060e406820}: 'void java.lang.invoke.DirectMethodHandle$Holder.invokeStaticInit(java.lang.Object, int)'> (0x000000060e406820) 
thrown [s\src\hotspot\share\interpreter\linkResolver.cpp, line 804]
Event: 6.845 Thread 0x00000218dd8d9db0 Implicit null exception at 0x00000218c3bd27e7 to 0x00000218c3bd2b44
Event: 6.973 Thread 0x00000218dd8d9db0 Exception <a 'java/lang/NoSuchMethodError'{0x00000006286b0bc8}: 'void java.lang.invoke.DirectMethodHandle$Holder.invokeSpecial(java.lang.Object, java.lang.Object, int, int)'> (0x00000006286b0bc8) 
thrown [s\src\hotspot\share\interpreter\linkResolver.cpp, line 804]
Event: 6.973 Thread 0x00000218dd8d9db0 Exception <a 'java/lang/NoSuchMethodError'{0x00000006286c0170}: 'java.lang.Object java.lang.invoke.DirectMethodHandle$Holder.newInvokeSpecial(java.lang.Object, java.lang.Object, int, int)'> (0x00000006286c0170) 
thrown [s\src\hotspot\share\interpreter\linkResolver.cpp, line 804]
Event: 6.973 Thread 0x00000218dd8d9db0 Exception <a 'java/lang/NoSuchMethodError'{0x00000006286c8c78}: 'java.lang.Object java.lang.invoke.Invokers$Holder.linkToTargetMethod(java.lang.Object, int, int, java.lang.Object)'> (0x00000006286c8c78) 
thrown [s\src\hotspot\share\interpreter\linkResolver.cpp, line 804]
Event: 10.120 Thread 0x00000218dd8d9db0 Exception <a 'java/lang/NoSuchMethodError'{0x000000062aa89018}: 'java.lang.Object java.lang.invoke.DirectMethodHandle$Holder.newInvokeSpecial(java.lang.Object, java.lang.Object, java.lang.Object, long)'> (0x000000062aa89018) 
thrown [s\src\hotspot\share\interpreter\linkResolver.cpp, line 804]
Event: 10.134 Thread 0x00000218f25d8070 Exception <a 'java/lang/NoSuchMethodError'{0x000000062abd01e0}: 'java.lang.Object java.lang.invoke.DirectMethodHandle$Holder.newInvokeSpecial(java.lang.Object, java.lang.Object, long, java.lang.Object)'> (0x000000062abd01e0) 
thrown [s\src\hotspot\share\interpreter\linkResolver.cpp, line 804]
Event: 10.134 Thread 0x00000218f25d8070 Exception <a 'java/lang/NoSuchMethodError'{0x000000062abe46a8}: 'java.lang.Object java.lang.invoke.Invokers$Holder.linkToTargetMethod(java.lang.Object, long, java.lang.Object, java.lang.Object)'> (0x000000062abe46a8) 
thrown [s\src\hotspot\share\interpreter\linkResolver.cpp, line 804]
Event: 10.255 Thread 0x00000218dd8d9db0 Exception <a 'java/lang/NoSuchMethodError'{0x00000007ffcff1f0}: 'void java.lang.invoke.DirectMethodHandle$Holder.invokeStatic(java.lang.Object, java.lang.Object, int, int)'> (0x00000007ffcff1f0) 
thrown [s\src\hotspot\share\interpreter\linkResolver.cpp, line 804]

VM Operations (20 events):
Event: 6.834 Executing non-safepoint VM operation: HandshakeAllThreads (Deoptimize)
Event: 6.834 Executing non-safepoint VM operation: HandshakeAllThreads (Deoptimize) done
Event: 6.841 Executing non-safepoint VM operation: HandshakeAllThreads (Deoptimize)
Event: 6.841 Executing non-safepoint VM operation: HandshakeAllThreads (Deoptimize) done
Event: 6.841 Executing non-safepoint VM operation: HandshakeAllThreads (Deoptimize)
Event: 6.841 Executing non-safepoint VM operation: HandshakeAllThreads (Deoptimize) done
Event: 6.907 Executing safepoint VM operation: G1CollectForAllocation (G1 Evacuation Pause)
Event: 6.909 Executing safepoint VM operation: G1CollectForAllocation (G1 Evacuation Pause) done
Event: 9.593 Executing safepoint VM operation: G1CollectForAllocation (G1 Evacuation Pause)
Event: 9.596 Executing safepoint VM operation: G1CollectForAllocation (G1 Evacuation Pause) done
Event: 9.630 Executing non-safepoint VM operation: HandshakeAllThreads (Deoptimize)
Event: 9.630 Executing non-safepoint VM operation: HandshakeAllThreads (Deoptimize) done
Event: 10.187 Executing safepoint VM operation: G1CollectForAllocation (G1 Evacuation Pause)
Event: 10.189 Executing safepoint VM operation: G1CollectForAllocation (G1 Evacuation Pause) done
Event: 10.239 Executing safepoint VM operation: G1CollectForAllocation (G1 Evacuation Pause)
Event: 10.240 Executing safepoint VM operation: G1CollectForAllocation (G1 Evacuation Pause) done
Event: 10.250 Executing safepoint VM operation: G1PauseRemark
Event: 10.252 Executing safepoint VM operation: G1PauseRemark done
Event: 10.256 Executing safepoint VM operation: G1PauseCleanup
Event: 10.256 Executing safepoint VM operation: G1PauseCleanup done

Memory protections (0 events):
No events

Nmethod flushes (20 events):
Event: 10.252 Thread 0x00000218d56c60e0 flushing  nmethod 0x00000218bbf4e788
Event: 10.252 Thread 0x00000218d56c60e0 flushing  nmethod 0x00000218bbf50108
Event: 10.252 Thread 0x00000218d56c60e0 flushing  nmethod 0x00000218bbfdfa88
Event: 10.252 Thread 0x00000218d56c60e0 flushing  nmethod 0x00000218bc07fd08
Event: 10.252 Thread 0x00000218d56c60e0 flushing  nmethod 0x00000218bc081588
Event: 10.252 Thread 0x00000218d56c60e0 flushing  nmethod 0x00000218bc0ab788
Event: 10.252 Thread 0x00000218d56c60e0 flushing  nmethod 0x00000218bc0ace08
Event: 10.252 Thread 0x00000218d56c60e0 flushing  nmethod 0x00000218bc0adf88
Event: 10.252 Thread 0x00000218d56c60e0 flushing  nmethod 0x00000218bc0b1288
Event: 10.252 Thread 0x00000218d56c60e0 flushing  nmethod 0x00000218bc130c08
Event: 10.252 Thread 0x00000218d56c60e0 flushing  nmethod 0x00000218bc131208
Event: 10.252 Thread 0x00000218d56c60e0 flushing  nmethod 0x00000218bc131588
Event: 10.252 Thread 0x00000218d56c60e0 flushing  nmethod 0x00000218bc132088
Event: 10.252 Thread 0x00000218d56c60e0 flushing  nmethod 0x00000218bc282208
Event: 10.252 Thread 0x00000218d56c60e0 flushing  nmethod 0x00000218bc282808
Event: 10.252 Thread 0x00000218d56c60e0 flushing  nmethod 0x00000218bc2d8288
Event: 10.252 Thread 0x00000218d56c60e0 flushing  nmethod 0x00000218bc2d9008
Event: 10.252 Thread 0x00000218d56c60e0 flushing  nmethod 0x00000218bc431688
Event: 10.252 Thread 0x00000218d56c60e0 flushing  nmethod 0x00000218bc432388
Event: 10.252 Thread 0x00000218d56c60e0 flushing  nmethod 0x00000218bc4a7b88

Events (20 events):
Event: 6.921 Thread 0x00000218d56f57a0 Thread added: 0x00000218dd78f700
Event: 7.689 Thread 0x00000218dd78f700 Thread exited: 0x00000218dd78f700
Event: 7.706 Thread 0x00000218d870beb0 Thread exited: 0x00000218d870beb0
Event: 7.706 Thread 0x00000218d870f720 Thread exited: 0x00000218d870f720
Event: 8.959 Thread 0x00000218f25e0540 Thread exited: 0x00000218f25e0540
Event: 8.959 Thread 0x00000218f25de600 Thread exited: 0x00000218f25de600
Event: 8.961 Thread 0x00000218f25da780 Thread exited: 0x00000218f25da780
Event: 9.571 Thread 0x00000218dd789e50 Thread added: 0x00000218fb17a450
Event: 9.603 Thread 0x00000218d870ff30 Thread added: 0x00000218fb179c40
Event: 9.805 Thread 0x00000218fb17a450 Thread exited: 0x00000218fb17a450
Event: 9.805 Thread 0x00000218fb179c40 Thread exited: 0x00000218fb179c40
Event: 10.120 Thread 0x00000218dd8d9db0 Thread added: 0x00000218f25d8070
Event: 10.124 Thread 0x00000218d56f0500 Thread added: 0x00000218fb178410
Event: 10.126 Thread 0x00000218dd789e50 Thread added: 0x00000218fb178c20
Event: 10.129 Thread 0x00000218d56f0500 Thread added: 0x00000218fb1773f0
Event: 10.159 Thread 0x00000218dd788620 Thread added: 0x00000218fb17fd00
Event: 10.169 Thread 0x00000218dd788620 Thread added: 0x00000218fb17dcc0
Event: 10.176 Thread 0x00000218dd8d9db0 Thread added: 0x00000218f1f5f970
Event: 10.176 Thread 0x00000218f25d8070 Thread exited: 0x00000218f25d8070
Event: 10.248 Thread 0x00000218f1f5f970 Thread exited: 0x00000218f1f5f970


Dynamic libraries:
0x00007ff68c230000 - 0x00007ff68c23e000 	C:\Users\matea\.jdks\corretto-25.0.4.1\bin\java.exe
0x00007ffc92980000 - 0x00007ffc92be7000 	C:\WINDOWS\SYSTEM32\ntdll.dll
0x00007ffc91760000 - 0x00007ffc9182a000 	C:\WINDOWS\System32\KERNEL32.DLL
0x00007ffc8ff10000 - 0x00007ffc90310000 	C:\WINDOWS\System32\KERNELBASE.dll
0x00007ffc8fdb0000 - 0x00007ffc8fefc000 	C:\WINDOWS\System32\ucrtbase.dll
0x00007ffc8c4c0000 - 0x00007ffc8c4d7000 	C:\Users\matea\.jdks\corretto-25.0.4.1\bin\jli.dll
0x00007ffc853e0000 - 0x00007ffc853fe000 	C:\Users\matea\.jdks\corretto-25.0.4.1\bin\VCRUNTIME140.dll
0x00007ffc908a0000 - 0x00007ffc90a7d000 	C:\WINDOWS\System32\USER32.dll
0x00007ffc84cd0000 - 0x00007ffc84f60000 	C:\WINDOWS\WinSxS\amd64_microsoft.windows.common-controls_6595b64144ccf1df_6.0.26100.9596_none_3e0f4960e32e3260\COMCTL32.dll
0x00007ffc90490000 - 0x00007ffc904b7000 	C:\WINDOWS\System32\win32u.dll
0x00007ffc91910000 - 0x00007ffc919b9000 	C:\WINDOWS\System32\msvcrt.dll
0x00007ffc91c60000 - 0x00007ffc91c8b000 	C:\WINDOWS\System32\GDI32.dll
0x00007ffc90580000 - 0x00007ffc906a7000 	C:\WINDOWS\System32\gdi32full.dll
0x00007ffc90320000 - 0x00007ffc903c3000 	C:\WINDOWS\System32\msvcp_win.dll
0x00007ffc91c90000 - 0x00007ffc91cc1000 	C:\WINDOWS\System32\IMM32.DLL
0x00007ffc84730000 - 0x00007ffc8473c000 	C:\Users\matea\.jdks\corretto-25.0.4.1\bin\vcruntime140_1.dll
0x00007ffc6b470000 - 0x00007ffc6b4f9000 	C:\Users\matea\.jdks\corretto-25.0.4.1\bin\msvcp140.dll
0x00007ffc10690000 - 0x00007ffc115c7000 	C:\Users\matea\.jdks\corretto-25.0.4.1\bin\server\jvm.dll
0x00007ffc91830000 - 0x00007ffc918eb000 	C:\WINDOWS\System32\ADVAPI32.dll
0x00007ffc90e80000 - 0x00007ffc90f28000 	C:\WINDOWS\System32\sechost.dll
0x00007ffc91d60000 - 0x00007ffc91e78000 	C:\WINDOWS\System32\RPCRT4.dll
0x00007ffc90f30000 - 0x00007ffc90fb0000 	C:\WINDOWS\System32\WS2_32.dll
0x00007ffc8f9e0000 - 0x00007ffc8fa3e000 	C:\WINDOWS\SYSTEM32\POWRPROF.dll
0x00007ffc8bf70000 - 0x00007ffc8bfa6000 	C:\WINDOWS\SYSTEM32\WINMM.dll
0x00007ffc8b7c0000 - 0x00007ffc8b7cb000 	C:\WINDOWS\SYSTEM32\VERSION.dll
0x00007ffc8f9c0000 - 0x00007ffc8f9d5000 	C:\WINDOWS\SYSTEM32\UMPDC.dll
0x00007ffc8e310000 - 0x00007ffc8e32b000 	C:\WINDOWS\SYSTEM32\kernel.appcore.dll
0x00007ffc84720000 - 0x00007ffc8472a000 	C:\Users\matea\.jdks\corretto-25.0.4.1\bin\jimage.dll
0x00007ffc8cab0000 - 0x00007ffc8ccfc000 	C:\WINDOWS\SYSTEM32\DBGHELP.DLL
0x00007ffc925b0000 - 0x00007ffc9293a000 	C:\WINDOWS\System32\combase.dll
0x00007ffc91f70000 - 0x00007ffc92049000 	C:\WINDOWS\System32\OLEAUT32.dll
0x00007ffc8bf30000 - 0x00007ffc8bf6b000 	C:\WINDOWS\SYSTEM32\dbgcore.DLL
0x00007ffc903d0000 - 0x00007ffc9047c000 	C:\WINDOWS\System32\bcryptPrimitives.dll
0x00007ffc84690000 - 0x00007ffc846a0000 	C:\Users\matea\.jdks\corretto-25.0.4.1\bin\instrument.dll
0x00007ffc845f0000 - 0x00007ffc8460f000 	C:\Users\matea\.jdks\corretto-25.0.4.1\bin\java.dll
0x00007ffc919c0000 - 0x00007ffc91b59000 	C:\WINDOWS\System32\ole32.dll
0x00007ffc90fc0000 - 0x00007ffc91758000 	C:\WINDOWS\System32\SHELL32.dll
0x00007ffc8d090000 - 0x00007ffc8d93e000 	C:\WINDOWS\SYSTEM32\windows.storage.dll
0x00007ffc91b60000 - 0x00007ffc91c5b000 	C:\WINDOWS\System32\SHCORE.dll
0x00007ffc90c20000 - 0x00007ffc90c86000 	C:\WINDOWS\System32\shlwapi.dll
0x00007ffc8faa0000 - 0x00007ffc8fac9000 	C:\WINDOWS\SYSTEM32\profapi.dll
0x00007ffc81c60000 - 0x00007ffc81c76000 	C:\Users\matea\.jdks\corretto-25.0.4.1\bin\zip.dll
0x00007ffc82380000 - 0x00007ffc82392000 	C:\Users\matea\.jdks\corretto-25.0.4.1\bin\net.dll
0x00007ffc8e8a0000 - 0x00007ffc8e90b000 	C:\WINDOWS\system32\mswsock.dll
0x00007ffc82190000 - 0x00007ffc821a6000 	C:\Users\matea\.jdks\corretto-25.0.4.1\bin\nio.dll
0x00007ffc84680000 - 0x00007ffc84689000 	C:\Users\matea\.jdks\corretto-25.0.4.1\bin\extnet.dll
0x00007ffc8dbd0000 - 0x00007ffc8dd1c000 	C:\WINDOWS\SYSTEM32\DNSAPI.dll
0x00007ffc8e6a0000 - 0x00007ffc8e6ad000 	C:\WINDOWS\SYSTEM32\DSPARSE.dll
0x00007ffc8de20000 - 0x00007ffc8de53000 	C:\WINDOWS\SYSTEM32\IPHLPAPI.DLL
0x00007ffc924e0000 - 0x00007ffc924ea000 	C:\WINDOWS\System32\NSI.dll
0x00007ffc81230000 - 0x00007ffc8123b000 	C:\Windows\System32\rasadhlp.dll
0x00007ffc81e50000 - 0x00007ffc81ed6000 	C:\WINDOWS\System32\fwpuclnt.dll
0x00007ffc845e0000 - 0x00007ffc845ea000 	C:\Users\matea\.jdks\corretto-25.0.4.1\bin\management.dll
0x00007ffc833f0000 - 0x00007ffc833fc000 	C:\Users\matea\.jdks\corretto-25.0.4.1\bin\management_ext.dll
0x00007ffc925a0000 - 0x00007ffc925a8000 	C:\WINDOWS\System32\PSAPI.DLL
0x00000218b3260000 - 0x00000218b3263000 	C:\Users\matea\.openjfx\cache\21.0.6+3\amd64\api-ms-win-core-console-l1-1-0.dll
0x00000218b3270000 - 0x00000218b3273000 	C:\Users\matea\.openjfx\cache\21.0.6+3\amd64\api-ms-win-core-console-l1-2-0.dll
0x00000218b3280000 - 0x00000218b3283000 	C:\Users\matea\.openjfx\cache\21.0.6+3\amd64\api-ms-win-core-datetime-l1-1-0.dll
0x00000218b3290000 - 0x00000218b3293000 	C:\Users\matea\.openjfx\cache\21.0.6+3\amd64\api-ms-win-core-debug-l1-1-0.dll
0x00000218b32a0000 - 0x00000218b32a3000 	C:\Users\matea\.openjfx\cache\21.0.6+3\amd64\api-ms-win-core-errorhandling-l1-1-0.dll
0x00000218b32b0000 - 0x00000218b32b4000 	C:\Users\matea\.openjfx\cache\21.0.6+3\amd64\api-ms-win-core-file-l1-1-0.dll
0x00000218d8d30000 - 0x00000218d8d33000 	C:\Users\matea\.openjfx\cache\21.0.6+3\amd64\api-ms-win-core-file-l1-2-0.dll
0x00000218d8d40000 - 0x00000218d8d43000 	C:\Users\matea\.openjfx\cache\21.0.6+3\amd64\api-ms-win-core-file-l2-1-0.dll
0x00000218d8d50000 - 0x00000218d8d53000 	C:\Users\matea\.openjfx\cache\21.0.6+3\amd64\api-ms-win-core-handle-l1-1-0.dll
0x00000218d8d60000 - 0x00000218d8d63000 	C:\Users\matea\.openjfx\cache\21.0.6+3\amd64\api-ms-win-core-heap-l1-1-0.dll
0x00000218d8d70000 - 0x00000218d8d73000 	C:\Users\matea\.openjfx\cache\21.0.6+3\amd64\api-ms-win-core-interlocked-l1-1-0.dll
0x00000218d8d80000 - 0x00000218d8d83000 	C:\Users\matea\.openjfx\cache\21.0.6+3\amd64\api-ms-win-core-libraryloader-l1-1-0.dll
0x00000218d8d90000 - 0x00000218d8d93000 	C:\Users\matea\.openjfx\cache\21.0.6+3\amd64\api-ms-win-core-localization-l1-2-0.dll
0x00000218d8da0000 - 0x00000218d8da3000 	C:\Users\matea\.openjfx\cache\21.0.6+3\amd64\api-ms-win-core-memory-l1-1-0.dll
0x00000218d8db0000 - 0x00000218d8db3000 	C:\Users\matea\.openjfx\cache\21.0.6+3\amd64\api-ms-win-core-namedpipe-l1-1-0.dll
0x00000218d8dc0000 - 0x00000218d8dc3000 	C:\Users\matea\.openjfx\cache\21.0.6+3\amd64\api-ms-win-core-processenvironment-l1-1-0.dll
0x00000218d8dd0000 - 0x00000218d8dd3000 	C:\Users\matea\.openjfx\cache\21.0.6+3\amd64\api-ms-win-core-processthreads-l1-1-0.dll
0x00000218d8de0000 - 0x00000218d8de3000 	C:\Users\matea\.openjfx\cache\21.0.6+3\amd64\api-ms-win-core-processthreads-l1-1-1.dll
0x00000218d8df0000 - 0x00000218d8df3000 	C:\Users\matea\.openjfx\cache\21.0.6+3\amd64\api-ms-win-core-profile-l1-1-0.dll
0x00000218d8e00000 - 0x00000218d8e03000 	C:\Users\matea\.openjfx\cache\21.0.6+3\amd64\api-ms-win-core-rtlsupport-l1-1-0.dll
0x00000218d8e10000 - 0x00000218d8e13000 	C:\Users\matea\.openjfx\cache\21.0.6+3\amd64\api-ms-win-core-string-l1-1-0.dll
0x00000218d8e20000 - 0x00000218d8e23000 	C:\Users\matea\.openjfx\cache\21.0.6+3\amd64\api-ms-win-core-synch-l1-1-0.dll
0x00000218d8e30000 - 0x00000218d8e33000 	C:\Users\matea\.openjfx\cache\21.0.6+3\amd64\api-ms-win-core-synch-l1-2-0.dll
0x00007ffc8eca0000 - 0x00007ffc8ecbb000 	C:\WINDOWS\SYSTEM32\CRYPTSP.dll
0x00000218d8e40000 - 0x00000218d8e43000 	C:\Users\matea\.openjfx\cache\21.0.6+3\amd64\api-ms-win-core-sysinfo-l1-1-0.dll
0x00007ffc8e270000 - 0x00007ffc8e2a9000 	C:\WINDOWS\system32\rsaenh.dll
0x00007ffc8e940000 - 0x00007ffc8e974000 	C:\WINDOWS\SYSTEM32\USERENV.dll
0x00007ffc8fa70000 - 0x00007ffc8fa9a000 	C:\WINDOWS\SYSTEM32\bcrypt.dll
0x00000218d8e50000 - 0x00000218d8e53000 	C:\Users\matea\.openjfx\cache\21.0.6+3\amd64\api-ms-win-core-timezone-l1-1-0.dll
0x00007ffc8ec70000 - 0x00007ffc8ec7c000 	C:\WINDOWS\SYSTEM32\CRYPTBASE.dll
0x00000218d8e60000 - 0x00000218d8e63000 	C:\Users\matea\.openjfx\cache\21.0.6+3\amd64\api-ms-win-core-util-l1-1-0.dll
0x00000218d8e70000 - 0x00000218d8e73000 	C:\Users\matea\.openjfx\cache\21.0.6+3\amd64\api-ms-win-crt-conio-l1-1-0.dll
0x00000218d8e80000 - 0x00000218d8e84000 	C:\Users\matea\.openjfx\cache\21.0.6+3\amd64\api-ms-win-crt-convert-l1-1-0.dll
0x00000218d8e90000 - 0x00000218d8e93000 	C:\Users\matea\.openjfx\cache\21.0.6+3\amd64\api-ms-win-crt-environment-l1-1-0.dll
0x00000218d8ea0000 - 0x00000218d8ea3000 	C:\Users\matea\.openjfx\cache\21.0.6+3\amd64\api-ms-win-crt-filesystem-l1-1-0.dll
0x00000218d8eb0000 - 0x00000218d8eb3000 	C:\Users\matea\.openjfx\cache\21.0.6+3\amd64\api-ms-win-crt-heap-l1-1-0.dll
0x00007ffc8f420000 - 0x00007ffc8f438000 	C:\WINDOWS\system32\napinsp.dll
0x00007ffc8f250000 - 0x00007ffc8f263000 	C:\WINDOWS\System32\winrnr.dll
0x00007ffc8b920000 - 0x00007ffc8b947000 	C:\WINDOWS\system32\nlansp_c.dll
0x00007ffc821d0000 - 0x00007ffc821e6000 	C:\WINDOWS\system32\wshbth.dll
0x00000218d8ec0000 - 0x00000218d8ec3000 	C:\Users\matea\.openjfx\cache\21.0.6+3\amd64\api-ms-win-crt-locale-l1-1-0.dll
0x00000218d8ed0000 - 0x00000218d8ed5000 	C:\Users\matea\.openjfx\cache\21.0.6+3\amd64\api-ms-win-crt-math-l1-1-0.dll
0x00000218d8ee0000 - 0x00000218d8ee5000 	C:\Users\matea\.openjfx\cache\21.0.6+3\amd64\api-ms-win-crt-multibyte-l1-1-0.dll
0x00000218d8ef0000 - 0x00000218d8f00000 	C:\Users\matea\.openjfx\cache\21.0.6+3\amd64\api-ms-win-crt-private-l1-1-0.dll
0x00000218d8f00000 - 0x00000218d8f03000 	C:\Users\matea\.openjfx\cache\21.0.6+3\amd64\api-ms-win-crt-process-l1-1-0.dll
0x00000218d8f10000 - 0x00000218d8f14000 	C:\Users\matea\.openjfx\cache\21.0.6+3\amd64\api-ms-win-crt-runtime-l1-1-0.dll
0x00000218d8900000 - 0x00000218d8904000 	C:\Users\matea\.openjfx\cache\21.0.6+3\amd64\api-ms-win-crt-stdio-l1-1-0.dll
0x00000218d88e0000 - 0x00000218d88e4000 	C:\Users\matea\.openjfx\cache\21.0.6+3\amd64\api-ms-win-crt-string-l1-1-0.dll
0x00000218d88f0000 - 0x00000218d88f3000 	C:\Users\matea\.openjfx\cache\21.0.6+3\amd64\api-ms-win-crt-time-l1-1-0.dll
0x00000218d8910000 - 0x00000218d8913000 	C:\Users\matea\.openjfx\cache\21.0.6+3\amd64\api-ms-win-crt-utility-l1-1-0.dll
0x00007ffc64760000 - 0x00007ffc6485c000 	C:\Users\matea\.openjfx\cache\21.0.6+3\amd64\ucrtbase.dll
0x00007ffc81ab0000 - 0x00007ffc81acb000 	C:\Users\matea\.openjfx\cache\21.0.6+3\amd64\vcruntime140.dll
0x00007ffc80030000 - 0x00007ffc8003c000 	C:\Users\matea\.openjfx\cache\21.0.6+3\amd64\vcruntime140_1.dll
0x00007ffc6b3e0000 - 0x00007ffc6b46e000 	C:\Users\matea\.openjfx\cache\21.0.6+3\amd64\msvcp140.dll
0x00007ffc7fd80000 - 0x00007ffc7fd89000 	C:\Users\matea\.openjfx\cache\21.0.6+3\amd64\msvcp140_1.dll
0x00007ffc6f720000 - 0x00007ffc6f761000 	C:\Users\matea\.openjfx\cache\21.0.6+3\amd64\msvcp140_2.dll
0x00007ffc83c80000 - 0x00007ffc83cd8000 	C:\WINDOWS\SYSTEM32\pdh.dll
0x00007ffc7d650000 - 0x00007ffc7d680000 	C:\Users\matea\.openjfx\cache\21.0.6+3\amd64\prism_d3d.dll
0x00007ffc62090000 - 0x00007ffc62242000 	C:\WINDOWS\system32\d3d9.dll
0x00007ffc8c820000 - 0x00007ffc8c84e000 	C:\WINDOWS\SYSTEM32\dwmapi.dll
0x00007ffc8c660000 - 0x00007ffc8c6aa000 	C:\WINDOWS\SYSTEM32\dxcore.dll
0x00007ffc8fc20000 - 0x00007ffc8fd9e000 	C:\WINDOWS\System32\CRYPT32.dll
0x00007ffc8c580000 - 0x00007ffc8c62a000 	C:\WINDOWS\system32\uxtheme.dll
0x00007ffc7d140000 - 0x00007ffc7d15f000 	C:\WINDOWS\System32\DriverStore\FileRepository\u0203304.inf_amd64_a6e5a337568ce3f0\B026373\atidx9loader64.dll
0x00007ffbe1fe0000 - 0x00007ffbe46c5000 	C:\WINDOWS\System32\DriverStore\FileRepository\u0203304.inf_amd64_a6e5a337568ce3f0\B026373\AMDXN64.DLL
0x00007ffc92050000 - 0x00007ffc924d7000 	C:\WINDOWS\System32\SETUPAPI.dll
0x00007ffc8c6b0000 - 0x00007ffc8c7ec000 	C:\WINDOWS\SYSTEM32\dxgi.dll
0x00007ffc867b0000 - 0x00007ffc867ee000 	C:\WINDOWS\System32\DriverStore\FileRepository\u0203304.inf_amd64_a6e5a337568ce3f0\B026373\amdihk64.dll
0x00007ffc8b7d0000 - 0x00007ffc8b82e000 	C:\WINDOWS\SYSTEM32\directxdatabasehelper.dll
0x00007ffc8f6e0000 - 0x00007ffc8f732000 	C:\WINDOWS\SYSTEM32\cfgmgr32.dll
0x00007ffc6be70000 - 0x00007ffc6beb2000 	C:\Users\matea\.openjfx\cache\21.0.6+3\amd64\glass.dll
0x00007ffc90b20000 - 0x00007ffc90c15000 	C:\WINDOWS\System32\COMDLG32.dll
0x00007ffc906b0000 - 0x00007ffc9080a000 	C:\WINDOWS\System32\MSCTF.dll

JVMTI agents:
C:\Program Files\JetBrains\IntelliJ IDEA 2026.2.3\lib\idea_rt.jar path:C:\Users\matea\.jdks\corretto-25.0.4.1\bin\instrument.dll, loaded, initialized, instrumentlib options:64946

dbghelp: loaded successfully - version: 4.0.5 - missing functions: none
symbol engine: initialized successfully - sym options: 0x614 - pdb path: .;C:\Users\matea\.jdks\corretto-25.0.4.1\bin;C:\WINDOWS\SYSTEM32;C:\WINDOWS\WinSxS\amd64_microsoft.windows.common-controls_6595b64144ccf1df_6.0.26100.9596_none_3e0f4960e32e3260;C:\Users\matea\.jdks\corretto-25.0.4.1\bin\server;C:\Users\matea\.openjfx\cache\21.0.6+3\amd64;C:\WINDOWS\System32\DriverStore\FileRepository\u0203304.inf_amd64_a6e5a337568ce3f0\B026373;C:\Users\matea\AppData\Local\Temp\jna-103668220;C:\Program Files\Common Files\Microsoft Shared\Ink;C:\WINDOWS\WinSxS\amd64_microsoft.windows.gdiplus_6595b64144ccf1df_1.1.26100.9596_none_6efa3c463dc0ac2e

VM Arguments:
jvm_args: -javaagent:C:\Program Files\JetBrains\IntelliJ IDEA 2026.2.3\lib\idea_rt.jar=64946 -Dfile.encoding=UTF-8 -Dsun.stdout.encoding=UTF-8 -Dsun.stderr.encoding=UTF-8 
java_command: com.bwxor.piejfx.Launcher
java_class_path (initial): C:\git\piejfx\piejfx\target\classes;C:\Users\matea\.m2\repository\org\openjfx\javafx-controls\21.0.6\javafx-controls-21.0.6.jar;C:\Users\matea\.m2\repository\org\openjfx\javafx-controls\21.0.6\javafx-controls-21.0.6-win.jar;C:\Users\matea\.m2\repository\org\openjfx\javafx-graphics\21.0.6\javafx-graphics-21.0.6.jar;C:\Users\matea\.m2\repository\org\openjfx\javafx-graphics\21.0.6\javafx-graphics-21.0.6-win.jar;C:\Users\matea\.m2\repository\org\openjfx\javafx-fxml\21.0.6\javafx-fxml-21.0.6.jar;C:\Users\matea\.m2\repository\org\openjfx\javafx-fxml\21.0.6\javafx-fxml-21.0.6-win.jar;C:\Users\matea\.m2\repository\org\openjfx\javafx-swing\21.0.6\javafx-swing-21.0.6.jar;C:\Users\matea\.m2\repository\org\openjfx\javafx-swing\21.0.6\javafx-swing-21.0.6-win.jar;C:\Users\matea\.m2\repository\org\controlsfx\controlsfx\11.2.1\controlsfx-11.2.1.jar;C:\Users\matea\.m2\repository\com\dlsc\formsfx\formsfx-core\11.6.0\formsfx-core-11.6.0.jar;C:\Users\matea\.m2\repository\org\openjfx\javafx-web\21.0.6\javafx-web-21.0.6.jar;C:\Users\matea\.m2\repository\org\openjfx\javafx-web\21.0.6\javafx-web-21.0.6-win.jar;C:\Users\matea\.m2\repository\org\openjfx\javafx-media\21.0.6\javafx-media-21.0.6.jar;C:\Users\matea\.m2\repository\org\openjfx\javafx-media\21.0.6\javafx-media-21.0.6-win.jar;C:\Users\matea\.m2\repository\com\bwxor\piejfx-plugin-core\1.0-SNAPSHOT\piejfx-plugin-core-1.0-SNAPSHOT.jar;C:\Users\matea\.m2\repository\org\fxmisc\richtext\richtextfx\0.11.7\richtextfx-0.11.7.jar;C:\Users\matea\.m2\repository\org\reactfx\reactfx\2.0-M5\reactfx-2.0-M5.jar;C:\Users\matea\.m2\repository\org\fxmisc\undo\undofx\2.1.1\undofx-2.1.1.jar;C:\Users\matea\.m2\repository\org\fxmisc\flowless\flowless\0.7.4\flowless-0.7.4.jar;C:\Users\matea\.m2\repository\org\fxmisc\wellbehaved\wellbehavedfx\0.3.3\wellbehavedfx-0.3.3.jar;C:\Users\matea\.m2\repository\com\techsenger\jeditermfx\jeditermfx-core\1.1.0\jeditermfx-core-1.1.0.jar;C:\Users\matea\.m2\repository\org\jetbrains\annotations\24.0.1\annotations-24.0.1.jar;C:\Users\matea\.m2\repository\org\jetbrains\kotlin\kotlin-stdlib\1.9.22\kotlin-stdlib-1.9.22.jar;C:\Users\matea\.m2\repository\org\slf4j\slf4j-api\2.0.9\slf4j-api-2.0.9.jar;C:\Users\matea\.m2\repository\com\techsenger\jeditermfx\jeditermfx-ui\1.1.0\jeditermfx-ui-1.1.0.jar;C:\Users\matea\.m2\repository\org\jetbrains\pty4j\pty4j\0.12.25\pty4j-0.12.25.jar;C:\Users\matea\.m2\repository\org\jetbrains\pty4j\purejavacomm\0.0.11.1\purejavacomm-0.0.11.1.jar;C:\Users\matea\.m2\repository\net\java\dev\jna\jna\5.13.0\jna-5.13.0.jar;C:\Users\matea\.m2\repository\org\openjfx\javafx-base\21.0.6\javafx-base-21.0.6.jar;C:\Users\matea\.m2\repository\org\openjfx\javafx-base\21.0.6\javafx-base-21.0.6-win.jar;C:\Users\matea\.m2\repository\org\json\json\20250517\json-20250517.jar;C:\Users\matea\.m2\repository\com\helger\ph-css\8.1.1\ph-css-8.1.1.jar;C:\Users\matea\.m2\repository\com\helger\commons\ph-typeconvert\12.1.0\ph-typeconvert-12.1.0.jar;C:\Users\matea\.m2\repository\com\helger\commons\ph-collection\12.1.0\ph-collection-12.1.0.jar;C:\Users\matea\.m2\repository\com\helger\commons\ph-base\12.1.0\ph-base-12.1.0.jar;C:\Users\matea\.m2\repository\com\helger\commons\ph-cache\12.1.0\ph-cache-12.1.0.jar;C:\Users\matea\.m2\repository\com\helger\commons\ph-annotations\12.1.0\ph-annotations-12.1.0.jar;C:\Users\matea\.m2\repository\org\jspecify\jspecify\1.0.0\jspecify-1.0.0.jar;C:\Users\matea\.m2\repository\com\helger\commons\ph-statistics\12.1.0\ph-statistics-12.1.0.jar;C:\Users\matea\.m2\repository\com\helger\commons\ph-io\12.1.0\ph-io-12.1.0.jar;C:\Users\matea\.m2\repository\com\helger\commons\ph-mime\12.1.0\ph-mime-12.1.0.jar;C:\Users\matea\.m2\repository\com\helger\commons\ph-text\12.1.0\ph-text-12.1.0.jar;C:\Users\matea\.m2\repository\net\harawata\appdirs\1.5.0\appdirs-1.5.0.jar;C:\Users\matea\.m2\repository\net\java\dev\jna\jna-platform\5.18.1\jna-platform-5.18.1.jar
Launcher Type: SUN_STANDARD

[Global flags]
     intx CICompilerCount                          = 12                                        {product} {ergonomic}
     uint ConcGCThreads                            = 3                                         {product} {ergonomic}
     uint G1ConcRefinementThreads                  = 13                                        {product} {ergonomic}
   size_t G1HeapRegionSize                         = 4194304                                   {product} {ergonomic}
   size_t InitialHeapSize                          = 528482304                                 {product} {ergonomic}
   size_t MarkStackSize                            = 4194304                                   {product} {ergonomic}
   size_t MarkStackSizeMax                         = 536870912                                 {product} {ergonomic}
   size_t MaxHeapSize                              = 8401190912                                {product} {ergonomic}
   size_t MaxNewSize                               = 5037359104                                {product} {ergonomic}
   size_t MinHeapDeltaBytes                        = 4194304                                   {product} {ergonomic}
   size_t MinHeapSize                              = 8388608                                   {product} {ergonomic}
    uintx NonNMethodCodeHeapSize                   = 7667712                                {pd product} {ergonomic}
    uintx NonProfiledCodeHeapSize                  = 122028032                              {pd product} {ergonomic}
    uintx ProfiledCodeHeapSize                     = 122028032                              {pd product} {ergonomic}
    uintx ReservedCodeCacheSize                    = 251723776                              {pd product} {ergonomic}
     bool SegmentedCodeCache                       = true                                      {product} {ergonomic}
   size_t SoftMaxHeapSize                          = 8401190912                             {manageable} {ergonomic}
     bool UseCompressedOops                        = true                           {product lp64_product} {ergonomic}
     bool UseG1GC                                  = true                                      {product} {ergonomic}
     bool UseLargePagesIndividualAllocation        = false                                  {pd product} {ergonomic}

Logging:
Log output configuration:
 #0: stdout all=warning uptime,level,tags foldmultilines=false
 #1: stderr all=off uptime,level,tags foldmultilines=false

Release file:
IMPLEMENTOR="Amazon.com Inc." 
IMPLEMENTOR_VERSION="Corretto-25.0.4.10.1" 
JAVA_RUNTIME_VERSION="25.0.4.1+10-LTS" 
JAVA_VERSION="25.0.4.1" 
JAVA_VERSION_DATE="2026-08-18" 
LIBC="default" 
MODULES="java.base java.compiler java.datatransfer java.xml java.prefs java.desktop java.instrument java.logging java.management java.security.sasl java.naming java.rmi java.management.rmi java.net.http java.scripting java.security.jgss java.transaction.xa java.sql java.sql.rowset java.xml.crypto java.se java.smartcardio jdk.accessibility jdk.internal.jvmstat jdk.attach jdk.charsets jdk.internal.opt jdk.zipfs jdk.compiler jdk.crypto.cryptoki jdk.crypto.ec jdk.crypto.mscapi jdk.dynalink jdk.internal.ed jdk.editpad jdk.internal.vm.ci jdk.graal.compiler jdk.graal.compiler.management jdk.hotspot.agent jdk.httpserver jdk.incubator.vector jdk.internal.le jdk.internal.md jdk.jartool jdk.javadoc jdk.jcmd jdk.management jdk.management.agent jdk.jconsole jdk.jdeps jdk.jdwp.agent jdk.jdi jdk.jfr jdk.jlink jdk.jpackage jdk.jshell jdk.jsobject jdk.jstatd jdk.localedata jdk.management.jfr jdk.naming.dns jdk.naming.rmi jdk.net jdk.nio.mapmode jdk.sctp jdk.security.auth jdk.security.jgss jdk.unsupported jdk.unsupported.desktop jdk.xml.dom" 
OS_ARCH="x86_64" 
OS_NAME="Windows" 
SOURCE="" 

Environment Variables:
JAVA_HOME=C:\Program Files\Java\jdk-27
PATH=C:\Program Files\Common Files\Oracle\Java\javapath;C:\WINDOWS\system32;C:\WINDOWS;C:\WINDOWS\System32\Wbem;C:\WINDOWS\System32\WindowsPowerShell\v1.0\;C:\WINDOWS\System32\OpenSSH\;C:\Program Files (x86)\NVIDIA Corporation\PhysX\Common;C:\Program Files\NVIDIA Corporation\NVIDIA App\NvDLISR;C:\Program Files\Git\cmd;C:\Program Files\Java\jdk-27\bin;C:\apache-maven-3.10.0\bin;C:\Users\matea\AppData\Local\Microsoft\WindowsApps;C:\Program Files\JetBrains\IntelliJ IDEA 2026.2.3\bin;C:\Users\matea\AppData\Local\Programs\keystore;
USERNAME=matea
OS=Windows_NT
PROCESSOR_IDENTIFIER=AMD64 Family 26 Model 96 Stepping 0, AuthenticAMD
TMP=C:\Users\matea\AppData\Local\Temp
TEMP=C:\Users\matea\AppData\Local\Temp




Compilation memory statistics disabled.

Periodic native trim disabled

---------------  S Y S T E M  ---------------

OS:
 Windows 11 , 64 bit Build 26100 (10.0.26100.9596)
OS uptime: 0 days 18:51 hours
Hyper-V role detected

CPU: total 16 (initial active 16) (16 cores per cpu, 2 threads per core) family 26 model 96 stepping 0 microcode 0xb600037, cx8, cmov, fxsr, ht, mmx, 3dnowpref, sse, sse2, sse3, ssse3, sse4a, sse4.1, sse4.2, popcnt, lzcnt, tsc, tscinvbit, avx, avx2, aes, erms, clmul, bmi1, bmi2, adx, avx512f, avx512dq, avx512cd, avx512bw, avx512vl, sha, fma, vzeroupper, avx512_vpopcntdq, avx512_vpclmulqdq, avx512_vaes, avx512_vnni, clflush, clflushopt, clwb, avx512_vbmi2, avx512_vbmi, hv, rdtscp, rdpid, fsrm, gfni, avx512_bitalg, f16c, cet_ss, avx512_ifma
Processor Information for the first 16 processors :
  Max Mhz: 2000, Current Mhz: 2000, Mhz Limit: 2000

Memory: 4k page, system-wide physical 32042M (13858M free)
TotalPageFile size 37162M (AvailPageFile size 14735M)
current process WorkingSet (physical memory assigned to process): 379M, peak: 402M
current process commit charge ("private bytes"): 417M, peak: 747M

vm_info: OpenJDK 64-Bit Server VM (25.0.4.1+10-LTS) for windows-amd64 JRE (25.0.4.1+10-LTS), built on 2026-09-18T17:33:34Z with MS VC++ 17.14 (VS2022)

END.
